version 1
nodes
0 "ValveBiped.Bip01_Spine4" -1
1 "ValveBiped.Bip01_L_Clavicle" 0
2 "ValveBiped.Bip01_L_UpperArm" 1
3 "ValveBiped.Bip01_L_Forearm" 2
4 "ValveBiped.Bip01_L_Hand" 3
5 "ValveBiped.Bip01_L_Finger4" 4
6 "ValveBiped.Bip01_L_Finger41" 5
7 "ValveBiped.Bip01_L_Finger42" 6
8 "ValveBiped.Bip01_L_Finger3" 4
9 "ValveBiped.Bip01_L_Finger31" 8
10 "ValveBiped.Bip01_L_Finger32" 9
11 "ValveBiped.Bip01_L_Finger2" 4
12 "ValveBiped.Bip01_L_Finger21" 11
13 "ValveBiped.Bip01_L_Finger22" 12
14 "ValveBiped.Bip01_L_Finger1" 4
15 "ValveBiped.Bip01_L_Finger11" 14
16 "ValveBiped.Bip01_L_Finger12" 15
17 "ValveBiped.Bip01_L_Finger0" 4
18 "ValveBiped.Bip01_L_Finger01" 17
19 "ValveBiped.Bip01_L_Finger02" 18
20 "ValveBiped.Bip01_L_Ulna" 3
21 "ValveBiped.Bip01_L_Wrist" 3
22 "rig_l_upperarm" 1
23 "rig_l_forearm" 22
24 "rig_d_l_forearm" 23
25 "rig_d_l_upperarm" 22
26 "ValveBiped.Bip01_R_Clavicle" 0
27 "ValveBiped.Bip01_R_UpperArm" 26
28 "ValveBiped.Bip01_R_Forearm" 27
29 "ValveBiped.Bip01_R_Hand" 28
30 "ValveBiped.Bip01_R_Finger4" 29
31 "ValveBiped.Bip01_R_Finger41" 30
32 "ValveBiped.Bip01_R_Finger42" 31
33 "ValveBiped.Bip01_R_Finger3" 29
34 "ValveBiped.Bip01_R_Finger31" 33
35 "ValveBiped.Bip01_R_Finger32" 34
36 "ValveBiped.Bip01_R_Finger2" 29
37 "ValveBiped.Bip01_R_Finger21" 36
38 "ValveBiped.Bip01_R_Finger22" 37
39 "ValveBiped.Bip01_R_Finger1" 29
40 "ValveBiped.Bip01_R_Finger11" 39
41 "ValveBiped.Bip01_R_Finger12" 40
42 "ValveBiped.Bip01_R_Finger0" 29
43 "ValveBiped.Bip01_R_Finger01" 42
44 "ValveBiped.Bip01_R_Finger02" 43
45 "ValveBiped.Bip01_R_Ulna" 28
46 "ValveBiped.Bip01_R_Wrist" 28
47 "rig_r_upperarm" 26
48 "rig_r_forearm" 47
49 "rig_d_r_forearm" 48
50 "rig_d_r_upperarm" 47
51 "rig_r_hand" -1
52 "rig_d_r_hand" 51
53 "rig_d_r_wrist" 52
54 "rig_l_hand" -1
55 "rig_d_l_hand" 54
56 "rig_d_l_wrist" 54
57 "rig_l_pole" -1
58 "rig_r_pole" -1
59 "rig_l_clavicle" -1
60 "rig_d_l_clavicle" 59
61 "rig_r_clavicle" -1
62 "rig_d_r_clavicle" 61
63 "Camera" -1
64 "body" -1
65 "trigger" 64
66 "bolt" 64
67 "chandle" 64
68 "barrel" 64
69 "topcover" 64
70 "toprel" 69
71 "carryhandle" 64
72 "bulletport" 64
73 "feedtray" 64
74 "mag" -1
75 "bulletsorigin" 74
76 "magd" 74
77 "bullet12" 74
78 "bullet11" 77
79 "bullet10" 78
80 "bullet9" 79
81 "bullet8" 80
82 "bullet7" 81
83 "bullet6" 82
84 "bullet5" 83
85 "bullet4" 84
86 "bullet3" 85
87 "bullet2" 86
88 "bullet1" 87
end
skeleton
time 0
0  0.000006 0.000000 0.000000  -1.570800 -1.391899 -1.570792
1  -6.850994 1.603351 -1.402817  -1.544956 -1.855077 -0.198630
2  6.027521 -0.000327 0.000190  -1.287726 -1.029655 -0.793036
3  11.692108 0.000644 -0.000738  -1.152291 -0.000034 -1.645917
4  11.479357 0.000289 -0.001159  0.744218 -0.697841 0.401022
5  3.859505 -0.142823 -1.192079  -0.603309 -0.153254 -1.645038
6  1.312589 0.000011 0.000008  -0.134332 0.005764 -0.149076
7  0.729355 0.000054 0.000051  -0.006921 -0.010127 -0.171925
8  3.942141 0.046331 -0.431543  -0.437576 0.236645 -1.080252
9  1.539110 0.000084 0.000003  -0.023906 -0.071181 -0.773682
10  1.196334 0.000145 0.000029  0.006223 0.004451 -0.725134
11  3.883512 -0.047213 0.431351  -0.279795 0.553082 -0.488973
12  1.719573 -0.000029 0.000017  0.002711 -0.070785 -0.961842
13  1.209180 0.000089 0.000013  -0.010762 -0.006973 -0.762710
14  4.085236 -0.082653 1.151009  0.025499 0.604578 -0.086052
15  1.719447 -0.000018 0.000029  -0.003946 -0.026040 -0.561722
16  1.099675 0.000049 0.000006  -0.052339 0.061959 -1.042030
17  1.059882 -1.545940 0.873876  -0.894241 -0.623407 -0.353559
18  1.789819 -0.000003 -0.000018  -0.000002 -0.009376 0.757285
19  1.207017 -0.000013 -0.000043  0.001023 -0.000035 -0.104167
20  5.740636 0.000388 -0.000700  -0.227611 0.000003 0.000064
21  11.480877 0.000237 -0.000884  -0.122187 -0.141604 0.007658
22  6.027525 -0.000329 0.000200  1.891638 -0.443691 1.689693
23  0.000002 11.692101 -0.000007  -1.115363 -0.558680 -0.862029
24  0.000002 0.000009 0.000000  -0.283187 -0.000031 1.570738
25  0.000000 -0.000012 0.000000  0.868960 0.000002 1.570712
26  -6.212011 -10.642979 0.826812  1.473120 1.855075 -0.198639
27  6.027511 -0.000260 -0.000220  1.490837 0.853568 -0.543696
28  11.691992 0.000160 0.000858  0.346038 0.000052 -1.560379
29  11.479813 -0.000333 0.000993  -1.157328 0.612831 0.702740
30  3.859438 -0.132758 1.193065  0.469647 -0.013262 -1.872395
31  1.312559 0.000026 -0.000000  0.024060 -0.138696 -0.550187
32  0.729346 0.000065 -0.000026  -0.166197 -0.081570 -0.714272
33  3.942046 0.050139 0.431000  0.225309 -0.086237 -1.592712
34  1.539096 0.000007 -0.000001  0.035254 -0.050373 -0.994350
35  1.196301 0.000078 -0.000003  -0.021521 0.002175 -0.839738
36  3.883413 -0.050472 -0.431084  0.184824 -0.271737 -1.204030
37  1.719563 -0.000084 -0.000005  0.022858 -0.107186 -1.509108
38  1.209198 0.000035 0.000011  0.000661 0.071072 -0.480462
39  3.859588 -0.149082 -1.331321  -0.153251 -0.255100 -0.437783
40  1.719412 -0.000098 -0.000035  -0.000926 -0.068268 -1.449666
41  1.099673 0.000024 0.000006  0.001945 -0.008048 -0.784821
42  0.805983 -0.359848 -1.318338  0.991670 0.166767 -0.799527
43  1.789780 -0.000008 -0.000042  0.000058 -0.002451 0.133098
44  1.206996 -0.000006 0.000005  0.000372 -0.000071 1.058780
45  5.740571 0.000079 0.000720  0.110137 -0.000014 0.000028
46  11.480906 0.000007 0.000943  0.041801 0.120236 0.099521
47  6.027515 -0.000273 -0.000229  -1.016590 -0.481554 -1.472156
48  -0.000002 11.691977 -0.000007  -1.065049 0.509690 0.832424
49  0.000003 0.000000 0.000001  2.618569 -0.000036 1.570860
50  -0.000008 -0.000014 0.000004  2.272645 -0.000036 1.570861
51  -3.252213 -4.792506 -7.110336  -0.104800 -2.982050 1.381830
52  0.000000 0.000000 0.000001  0.008153 -0.000259 0.000009
53  -0.000001 -0.000000 0.000000  1.565115 0.043565 -0.106862
54  -0.361886 -15.311156 -6.925115  -1.087645 -0.139374 -1.918281
55  -0.000001 0.000000 -0.000001  0.000000 -0.000001 -0.000002
56  0.000030 0.000029 0.000001  -1.571901 -0.044449 -0.106509
57  9.158812 -16.435024 -17.573372  1.570796 -0.000000 0.000000
58  -16.319784 5.039393 -18.063972  1.570796 -0.000000 0.000000
59  -1.398505 -0.359038 -7.028192  1.570796 -0.000000 0.000000
60  -0.004311 0.001230 -0.000371  0.006898 -0.005534 -0.284229
61  0.826810 11.578514 -4.219014  1.570796 -0.000000 0.000000
62  0.000000 0.000000 0.000000  -0.078727 -3.136056 0.284226
63  0.000000 0.000000 0.000000  1.570796 -0.000000 0.000000
64  -2.287624 -9.022286 -1.941597  1.571103 0.041360 0.006551
65  0.042352 -2.889250 0.627700  0.000000 -0.000000 -0.000000
66  0.042352 -0.907088 4.830010  0.000000 -0.000000 -0.000000
67  -1.331044 -1.025122 4.361372  0.000000 -0.000000 -0.000000
68  0.042353 -0.884531 23.199606  0.000000 -0.000000 -0.000000
69  0.042255 0.181228 5.671383  0.000000 -0.000000 -0.000000
70  0.000096 0.089184 -9.714657  0.000000 -0.000000 -0.000000
71  0.042352 -0.569288 7.155123  0.000000 -0.000000 -0.000000
72  -0.682762 -1.501893 3.214539  0.000000 -0.000000 -0.000000
73  0.074278 -0.628099 4.762587  0.000000 -0.000000 -0.000000
74  -2.423788 -13.728408 -6.036813  1.571103 0.041360 0.006551
75  0.048471 3.702884 -1.382188  0.000000 3.115334 1.548341
76  2.923888 1.668561 -1.111005  0.000000 -0.000000 -0.000000
77  2.470069 0.711694 -1.382188  -0.001655 -0.002946 -0.000060
78  -0.000000 0.000001 -0.000001  -0.004593 0.783941 0.781554
79  0.000000 0.440765 -0.000001  0.625606 -0.525055 -0.976917
80  0.000000 0.430559 -0.000001  0.001828 0.009355 0.009438
81  0.000000 0.438246 0.000002  0.003716 -0.001551 0.001029
82  0.000000 0.433550 0.000001  0.005512 0.105074 0.111318
83  0.000000 0.454267 -0.000001  -0.017847 0.222189 0.223928
84  0.000000 0.438145 -0.000000  -0.064171 0.214184 0.195085
85  0.000001 0.444414 -0.000001  -0.482214 0.759377 0.296701
86  0.000000 0.422926 0.000000  -0.308045 0.303002 0.005925
87  -0.000000 0.426508 0.000000  -0.012093 -2.862958 0.007385
88  -0.000000 0.432947 0.000000  0.066915 -1.828286 -0.076058
time 1
0  0.000006 0.000000 0.000000  -1.570800 -1.391899 -1.570792
1  -7.123108 1.701410 -1.402816  -1.544956 -1.855077 -0.198630
2  6.027521 -0.000328 0.000190  -1.298489 -1.047284 -0.795798
3  11.692105 0.000644 -0.000737  -1.152291 -0.000033 -1.636551
4  11.479424 0.000303 -0.001124  0.730489 -0.699393 0.424692
5  3.859503 -0.142824 -1.192080  -0.603309 -0.153254 -1.645038
6  1.312589 0.000009 0.000007  -0.134332 0.005764 -0.149076
7  0.729355 0.000054 0.000050  -0.006921 -0.010127 -0.171925
8  3.942141 0.046330 -0.431543  -0.437576 0.236645 -1.080252
9  1.539111 0.000084 0.000005  -0.023906 -0.071181 -0.773682
10  1.196334 0.000147 0.000029  0.006223 0.004451 -0.725134
11  3.883512 -0.047213 0.431351  -0.279795 0.553082 -0.488974
12  1.719574 -0.000025 0.000017  0.002711 -0.070785 -0.961842
13  1.209180 0.000089 0.000014  -0.010762 -0.006973 -0.762710
14  4.085234 -0.082654 1.151008  0.025499 0.604578 -0.086052
15  1.719449 -0.000019 0.000029  -0.003946 -0.026040 -0.561722
16  1.099674 0.000047 0.000006  -0.052339 0.061959 -1.042030
17  1.061738 -1.547924 0.869932  -0.867274 -0.644148 -0.380154
18  1.789818 -0.000003 -0.000018  0.000641 -0.016977 0.735848
19  1.207013 -0.000013 -0.000043  0.001860 -0.000038 -0.110473
20  5.740635 0.000389 -0.000698  -0.232404 0.000003 0.000063
21  11.480890 0.000241 -0.000877  -0.123144 -0.143495 0.010884
22  6.027525 -0.000331 0.000200  1.884440 -0.426428 1.680690
23  0.000001 11.692099 -0.000006  -1.109872 -0.553258 -0.858881
24  0.000003 0.000010 -0.000000  -0.283187 -0.000030 1.570739
25  -0.000001 -0.000011 -0.000000  0.868960 0.000002 1.570712
26  -6.212011 -10.642979 0.826812  1.473120 1.855075 -0.198639
27  6.027511 -0.000260 -0.000220  1.536590 0.765310 -0.519106
28  11.691992 0.000159 0.000858  0.346039 0.000057 -1.631928
29  11.479311 -0.000599 0.001089  -1.330108 0.419208 0.555673
30  3.859437 -0.132758 1.193065  0.377583 -0.286571 -1.279321
31  1.312559 0.000026 -0.000001  -0.032843 -0.136893 -0.141591
32  0.729345 0.000064 -0.000027  -0.184703 -0.009981 -0.315472
33  3.942048 0.050139 0.431000  0.126327 -0.205773 -0.937508
34  1.539097 0.000006 -0.000001  0.012558 -0.060181 -0.589166
35  1.196300 0.000077 -0.000004  -0.018927 0.010472 -0.435140
36  3.883413 -0.050472 -0.431085  -0.035021 -0.264548 -0.550071
37  1.719564 -0.000085 -0.000004  -0.021355 -0.107495 -1.102060
38  1.209197 0.000036 0.000010  0.028630 0.065063 -0.074881
39  3.859589 -0.149082 -1.331322  -0.203043 -0.152268 -0.116801
40  1.719413 -0.000098 -0.000036  -0.026909 -0.043276 -1.021960
41  1.099674 0.000023 0.000008  0.124589 0.046170 -0.398340
42  0.805984 -0.359848 -1.318339  0.992696 0.209427 -0.794343
43  1.789780 -0.000008 -0.000042  0.000433 0.000625 0.008316
44  1.206996 -0.000007 0.000005  0.000217 -0.000110 0.448476
45  5.740574 0.000079 0.000720  0.077731 -0.000014 0.000028
46  11.480807 -0.000047 0.000963  0.028562 0.072238 0.088432
47  6.027515 -0.000273 -0.000229  -0.913683 -0.505465 -1.529508
48  -0.000001 11.691977 -0.000006  -1.107084 0.550558 0.857367
49  0.000003 0.000000 0.000001  2.618569 -0.000036 1.570860
50  -0.000006 -0.000013 0.000005  2.272645 -0.000036 1.570861
51  -4.237224 -4.249290 -7.349592  2.906271 -0.188243 -1.560244
52  -0.000000 0.000000 0.000000  0.008153 -0.000259 0.000009
53  0.000000 0.000000 -0.000000  1.565115 0.043565 -0.106862
54  -0.369751 -15.404047 -6.926956  -1.092144 -0.135606 -1.917783
55  0.000001 0.000001 -0.000000  0.000000 -0.000001 -0.000002
56  0.000032 0.000030 0.000000  -1.571901 -0.044449 -0.106509
57  9.011995 -16.441803 -17.596216  1.570796 -0.000000 0.000000
58  -16.319784 5.039393 -18.063972  1.570796 -0.000000 0.000000
59  -1.398505 -0.407112 -7.313413  1.570796 -0.000000 0.000000
60  -0.004311 0.001230 -0.000371  0.006898 -0.005534 -0.284229
61  0.826810 11.578514 -4.219014  1.570796 -0.000000 0.000000
62  0.000000 0.000000 0.000000  -0.078727 -3.136056 0.284226
63  0.000000 0.000000 0.000000  1.570518 -0.000145 -0.000055
64  -2.280199 -9.140261 -1.906103  1.576187 0.044235 0.006650
65  0.042352 -2.889250 0.627701  0.000000 -0.000000 -0.000000
66  0.042352 -0.907088 4.830009  0.000000 -0.000000 -0.000000
67  -1.331044 -1.025122 4.361372  0.000000 -0.000000 -0.000000
68  0.042353 -0.884531 23.199606  0.000000 -0.000000 -0.000000
69  0.042255 0.181228 5.671384  0.000000 -0.000000 -0.000000
70  0.000096 0.089184 -9.714658  0.000000 -0.000000 -0.000000
71  0.042352 -0.569288 7.155122  0.000000 -0.000000 -0.000000
72  -0.682762 -1.501893 3.214539  0.000000 -0.000000 -0.000000
73  0.074278 -0.628099 4.762587  0.000000 -0.000000 -0.000000
74  -2.428863 -13.825584 -6.024664  1.576187 0.044235 0.006650
75  0.048471 3.702883 -1.382186  0.000000 3.115334 1.548341
76  2.923889 1.668560 -1.111005  0.000000 -0.000000 -0.000000
77  2.470070 0.711692 -1.382186  -0.001655 -0.002946 -0.000060
78  0.000000 -0.000001 0.000001  -0.004593 0.783941 0.781554
79  0.000001 0.440764 0.000001  0.625606 -0.525055 -0.976918
80  0.000000 0.430558 -0.000001  0.001828 0.009355 0.009438
81  0.000000 0.438247 -0.000000  0.003716 -0.001551 0.001029
82  0.000000 0.433551 -0.000000  0.005512 0.105074 0.111318
83  -0.000000 0.454267 -0.000001  -0.017847 0.222189 0.223929
84  0.000000 0.438145 0.000000  -0.064171 0.214184 0.195086
85  0.000000 0.444414 -0.000001  -0.482215 0.759377 0.296701
86  -0.000001 0.422926 -0.000000  -0.308045 0.303003 0.005925
87  0.000001 0.426508 0.000001  -0.012094 -2.862957 0.007385
88  0.000001 0.432947 -0.000000  0.066919 -1.828287 -0.076062
time 2
0  0.000006 0.000000 0.000000  -1.570800 -1.391899 -1.570792
1  -7.935349 1.994110 -1.402816  -1.544956 -1.855077 -0.198630
2  6.027521 -0.000327 0.000190  -1.329001 -1.098215 -0.802207
3  11.692106 0.000644 -0.000736  -1.152290 -0.000032 -1.613345
4  11.479590 0.000340 -0.001041  0.692198 -0.706210 0.489605
5  3.859502 -0.142824 -1.192079  -0.603309 -0.153254 -1.645038
6  1.312588 0.000011 0.000007  -0.134332 0.005764 -0.149076
7  0.729357 0.000055 0.000049  -0.006921 -0.010127 -0.171925
8  3.942142 0.046331 -0.431542  -0.437576 0.236645 -1.080252
9  1.539110 0.000084 0.000003  -0.023906 -0.071181 -0.773682
10  1.196332 0.000145 0.000029  0.006223 0.004451 -0.725134
11  3.883510 -0.047213 0.431351  -0.279795 0.553082 -0.488973
12  1.719575 -0.000028 0.000017  0.002711 -0.070785 -0.961842
13  1.209177 0.000089 0.000011  -0.010762 -0.006973 -0.762710
14  4.085236 -0.082653 1.151009  0.025499 0.604578 -0.086051
15  1.719450 -0.000017 0.000029  -0.003946 -0.026040 -0.561722
16  1.099675 0.000047 0.000007  -0.052339 0.061959 -1.042030
17  1.066587 -1.553114 0.859614  -0.788035 -0.693751 -0.459864
18  1.789817 -0.000004 -0.000017  0.003097 -0.036795 0.679675
19  1.207016 -0.000013 -0.000043  0.004049 -0.000018 -0.126969
20  5.740637 0.000388 -0.000699  -0.247515 0.000003 0.000064
21  11.480925 0.000247 -0.000862  -0.125536 -0.149313 0.019357
22  6.027525 -0.000331 0.000200  1.862273 -0.377542 1.656144
23  0.000001 11.692098 -0.000006  -1.096258 -0.539886 -0.850975
24  0.000003 0.000010 0.000000  -0.283187 -0.000031 1.570739
25  0.000000 -0.000011 -0.000000  0.868960 0.000002 1.570712
26  -6.212011 -10.642979 0.826812  1.473120 1.855075 -0.198639
27  6.027510 -0.000260 -0.000221  1.616936 0.653249 -0.493778
28  11.691992 0.000159 0.000858  0.346040 0.000061 -1.680220
29  11.478993 -0.000746 0.001141  -1.447716 0.136378 0.378671
30  3.859437 -0.132758 1.193065  0.125670 -0.453915 -0.608242
31  1.312560 0.000026 -0.000001  -0.084267 -0.112876 0.265595
32  0.729345 0.000065 -0.000028  -0.173964 0.063172 0.082766
33  3.942047 0.050139 0.431000  -0.028298 -0.239352 -0.262542
34  1.539097 0.000006 -0.000001  -0.012180 -0.060258 -0.183748
35  1.196301 0.000078 -0.000004  -0.013276 0.017078 -0.030481
36  3.883413 -0.050472 -0.431085  -0.203758 -0.131671 0.078782
37  1.719563 -0.000084 -0.000005  -0.062050 -0.090386 -0.695728
38  1.209198 0.000035 0.000010  0.051941 0.048538 0.330122
39  3.859588 -0.149082 -1.331321  -0.217448 -0.039378 0.195474
40  1.719413 -0.000098 -0.000037  -0.040172 -0.009783 -0.595352
41  1.099675 0.000024 0.000007  0.258754 0.049832 -0.007753
42  0.805984 -0.359847 -1.318338  0.993960 0.252081 -0.789062
43  1.789780 -0.000009 -0.000042  0.000422 0.003724 -0.116465
44  1.206996 -0.000007 0.000005  0.000112 -0.000232 -0.161829
45  5.740572 0.000080 0.000720  0.041668 -0.000014 0.000028
46  11.480742 -0.000075 0.000973  0.021932 0.009997 0.062687
47  6.027515 -0.000273 -0.000229  -0.767906 -0.505480 -1.627292
48  -0.000001 11.691977 -0.000008  -1.135385 0.578636 0.873404
49  0.000004 -0.000002 -0.000001  2.618569 -0.000036 1.570860
50  -0.000007 -0.000013 0.000004  2.272645 -0.000036 1.570861
51  -5.876041 -3.795571 -7.628396  2.791291 -0.213890 -1.318873
52  -0.000000 0.000000 0.000000  0.008153 -0.000259 0.000009
53  -0.000000 0.000000 -0.000001  1.565115 0.043565 -0.106862
54  -0.399458 -15.607888 -6.948617  -1.105138 -0.128435 -1.916391
55  0.000001 0.000001 0.000000  0.000000 -0.000001 -0.000002
56  0.000031 0.000030 0.000001  -1.571901 -0.044449 -0.106509
57  8.573759 -16.463062 -17.668385  1.570796 -0.000000 0.000000
58  -16.319784 5.039393 -18.063972  1.570796 -0.000000 0.000000
59  -1.398505 -0.550607 -8.164775  1.570796 -0.000000 0.000000
60  -0.004311 0.001229 -0.000371  0.006898 -0.005534 -0.284229
61  0.826810 11.578514 -4.219014  1.570796 -0.000000 0.000000
62  0.000000 0.000000 0.000000  -0.078727 -3.136056 0.284226
63  0.000000 0.000000 0.000000  1.569770 -0.000540 -0.000192
64  -2.258877 -9.399805 -1.840185  1.587383 0.053842 0.006880
65  0.042352 -2.889251 0.627699  -0.000000 0.000000 0.000000
66  0.042352 -0.907088 4.830008  -0.000000 0.000000 0.000000
67  -1.331044 -1.025122 4.361370  -0.000000 0.000000 0.000000
68  0.042353 -0.884531 23.199600  -0.000000 0.000000 0.000000
69  0.042255 0.181228 5.671382  -0.000000 0.000000 0.000000
70  0.000096 0.089184 -9.714658  -0.000000 0.000000 0.000000
71  0.042352 -0.569288 7.155123  -0.000000 0.000000 0.000000
72  -0.682762 -1.501893 3.214537  -0.000000 0.000000 0.000000
73  0.074278 -0.628099 4.762586  -0.000000 0.000000 0.000000
74  -2.449150 -14.039007 -6.008938  1.587383 0.053842 0.006880
75  0.048471 3.702884 -1.382187  0.000000 3.115334 1.548341
76  2.923888 1.668561 -1.111005  -0.000000 0.000000 0.000000
77  2.470070 0.711694 -1.382187  -0.001655 -0.002946 -0.000060
78  -0.000000 0.000000 -0.000001  -0.004593 0.783941 0.781554
79  0.000001 0.440764 0.000000  0.625606 -0.525055 -0.976917
80  0.000000 0.430558 0.000000  0.001828 0.009355 0.009438
81  -0.000000 0.438247 -0.000001  0.003716 -0.001551 0.001029
82  -0.000000 0.433551 0.000001  0.005512 0.105074 0.111318
83  0.000000 0.454267 0.000000  -0.017847 0.222189 0.223928
84  -0.000000 0.438145 -0.000001  -0.064171 0.214184 0.195085
85  0.000002 0.444415 -0.000001  -0.482215 0.759377 0.296701
86  0.000000 0.422926 0.000000  -0.308045 0.303002 0.005925
87  -0.000002 0.426508 0.000000  -0.012093 -2.862957 0.007385
88  0.000000 0.432947 -0.000001  0.066917 -1.828287 -0.076059
time 3
0  0.000006 0.000000 0.000000  -1.570800 -1.391899 -1.570792
1  -9.214061 2.454909 -1.402815  -1.544956 -1.855077 -0.198630
2  6.027523 -0.000328 0.000190  -1.373382 -1.177389 -0.809702
3  11.692107 0.000645 -0.000737  -1.152289 -0.000030 -1.580070
4  11.479833 0.000398 -0.000913  0.637188 -0.718744 0.579646
5  3.859504 -0.142823 -1.192079  -0.603309 -0.153254 -1.645038
6  1.312590 0.000011 0.000008  -0.134332 0.005764 -0.149076
7  0.729355 0.000054 0.000050  -0.006921 -0.010127 -0.171925
8  3.942141 0.046331 -0.431542  -0.437576 0.236645 -1.080252
9  1.539110 0.000083 0.000003  -0.023906 -0.071181 -0.773682
10  1.196333 0.000146 0.000030  0.006223 0.004451 -0.725134
11  3.883510 -0.047212 0.431351  -0.279795 0.553082 -0.488973
12  1.719573 -0.000028 0.000019  0.002711 -0.070786 -0.961842
13  1.209180 0.000091 0.000013  -0.010762 -0.006973 -0.762710
14  4.085234 -0.082653 1.151009  0.025499 0.604578 -0.086052
15  1.719449 -0.000018 0.000031  -0.003946 -0.026040 -0.561722
16  1.099675 0.000049 0.000005  -0.052339 0.061959 -1.042030
17  1.071438 -1.558304 0.849297  -0.691790 -0.732429 -0.560396
18  1.789820 -0.000002 -0.000018  0.006665 -0.056443 0.623401
19  1.207015 -0.000013 -0.000044  0.006237 0.000037 -0.143464
20  5.740635 0.000389 -0.000701  -0.273456 0.000003 0.000063
21  11.480971 0.000259 -0.000837  -0.128494 -0.158336 0.030367
22  6.027525 -0.000331 0.000200  1.823522 -0.304879 1.621308
23  0.000001 11.692101 -0.000006  -1.076710 -0.520875 -0.839380
24  0.000003 0.000009 0.000000  -0.283187 -0.000030 1.570739
25  0.000001 -0.000011 0.000000  0.868960 0.000002 1.570712
26  -6.212011 -10.642979 0.826812  1.473120 1.855075 -0.198639
27  6.027510 -0.000260 -0.000221  1.679479 0.621510 -0.480758
28  11.691992 0.000159 0.000857  0.346039 0.000058 -1.638720
29  11.479265 -0.000622 0.001096  -1.337976 0.166572 0.221563
30  3.859438 -0.132759 1.193065  0.125670 -0.453915 -0.608242
31  1.312558 0.000026 -0.000002  -0.084267 -0.112876 0.265595
32  0.729344 0.000064 -0.000027  -0.173964 0.063172 0.082766
33  3.942047 0.050138 0.431001  -0.028297 -0.239352 -0.262542
34  1.539096 0.000006 -0.000000  -0.012180 -0.060258 -0.183748
35  1.196301 0.000078 -0.000004  -0.013276 0.017078 -0.030481
36  3.883414 -0.050473 -0.431084  -0.203758 -0.131671 0.078782
37  1.719563 -0.000085 -0.000004  -0.062050 -0.090386 -0.695728
38  1.209198 0.000035 0.000011  0.051941 0.048538 0.330122
39  3.859589 -0.149083 -1.331321  -0.217448 -0.039378 0.195474
40  1.719412 -0.000098 -0.000037  -0.040172 -0.009783 -0.595352
41  1.099674 0.000023 0.000007  0.258754 0.049832 -0.007753
42  0.805984 -0.359848 -1.318339  0.993960 0.252082 -0.789062
43  1.789780 -0.000009 -0.000042  0.000421 0.003724 -0.116465
44  1.206996 -0.000006 0.000005  0.000112 -0.000231 -0.161829
45  5.740572 0.000078 0.000720  0.057584 -0.000014 0.000028
46  11.480797 -0.000051 0.000964  0.043293 0.017139 0.028107
47  6.027515 -0.000273 -0.000229  -0.712428 -0.471806 -1.677554
48  -0.000003 11.691976 -0.000008  -1.111066 0.554483 0.859662
49  0.000004 -0.000000 -0.000001  2.618569 -0.000036 1.570860
50  -0.000008 -0.000014 0.000005  2.272645 -0.000036 1.570861
51  -7.008764 -4.035371 -7.721264  2.937289 -0.354938 -1.371919
52  -0.000000 -0.000000 -0.000001  0.008153 -0.000259 0.000009
53  0.000000 -0.000001 -0.000000  1.565115 0.043565 -0.106862
54  -0.460551 -15.811022 -7.014024  -1.125885 -0.124047 -1.914197
55  0.000000 0.000000 0.000001  0.000000 -0.000001 -0.000002
56  0.000030 0.000029 0.000002  -1.571901 -0.044449 -0.106509
57  7.883841 -16.499073 -17.791790  1.570796 -0.000000 0.000000
58  -16.319784 5.039393 -18.063972  1.570796 -0.000000 0.000000
59  -1.398505 -0.776512 -9.505075  1.570796 -0.000000 0.000000
60  -0.004311 0.001229 -0.000371  0.006898 -0.005534 -0.284229
61  0.826810 11.578514 -4.219014  1.570796 -0.000000 0.000000
62  0.000000 0.000000 0.000000  -0.078727 -3.136056 0.284226
63  0.000000 0.000000 0.000000  1.568689 -0.001128 -0.000370
64  -2.225090 -9.659349 -1.804691  1.598611 0.071654 0.007166
65  0.042352 -2.889250 0.627699  -0.000000 -0.000000 0.000000
66  0.042352 -0.907088 4.830007  -0.000000 -0.000000 0.000000
67  -1.331044 -1.025122 4.361372  -0.000000 -0.000000 0.000000
68  0.042354 -0.884531 23.199602  -0.000000 -0.000000 0.000000
69  0.042255 0.181228 5.671382  -0.000000 -0.000000 0.000000
70  0.000096 0.089184 -9.714658  -0.000000 -0.000000 0.000000
71  0.042353 -0.569288 7.155121  -0.000000 -0.000000 0.000000
72  -0.682762 -1.501893 3.214538  -0.000000 -0.000000 0.000000
73  0.074279 -0.628098 4.762587  -0.000000 -0.000000 0.000000
74  -2.492296 -14.252003 -6.020504  1.598611 0.071654 0.007166
75  0.048471 3.702884 -1.382188  -0.000000 3.115334 1.548341
76  2.923889 1.668561 -1.111006  -0.000000 -0.000000 0.000000
77  2.470069 0.711694 -1.382187  -0.001655 -0.002946 -0.000060
78  -0.000000 -0.000000 0.000000  -0.004593 0.783941 0.781554
79  0.000001 0.440763 0.000001  0.625606 -0.525055 -0.976917
80  0.000000 0.430558 0.000001  0.001828 0.009355 0.009438
81  0.000000 0.438247 0.000001  0.003716 -0.001551 0.001029
82  -0.000000 0.433549 -0.000002  0.005512 0.105074 0.111318
83  0.000000 0.454267 0.000001  -0.017847 0.222189 0.223928
84  -0.000000 0.438146 -0.000000  -0.064171 0.214184 0.195085
85  -0.000000 0.444415 0.000000  -0.482215 0.759377 0.296701
86  0.000001 0.422927 0.000000  -0.308045 0.303002 0.005925
87  -0.000000 0.426508 0.000000  -0.012093 -2.862958 0.007385
88  -0.000002 0.432947 0.000000  0.066916 -1.828287 -0.076059
time 4
0  0.000006 0.000000 0.000000  -1.570800 -1.391899 -1.570792
1  -10.771734 3.016235 -1.402815  -1.544956 -1.855077 -0.198630
2  6.027523 -0.000328 0.000189  -1.421491 -1.274215 -0.818339
3  11.692108 0.000642 -0.000736  -1.152288 -0.000027 -1.540940
4  11.480130 0.000472 -0.000749  0.577586 -0.736732 0.672457
5  3.859505 -0.142823 -1.192079  -0.603309 -0.153254 -1.645038
6  1.312591 0.000011 0.000007  -0.134332 0.005764 -0.149076
7  0.729356 0.000053 0.000048  -0.006921 -0.010127 -0.171925
8  3.942141 0.046331 -0.431543  -0.437576 0.236645 -1.080252
9  1.539110 0.000082 0.000004  -0.023906 -0.071181 -0.773682
10  1.196332 0.000144 0.000029  0.006223 0.004451 -0.725134
11  3.883513 -0.047211 0.431351  -0.279795 0.553082 -0.488973
12  1.719573 -0.000028 0.000018  0.002711 -0.070785 -0.961842
13  1.209179 0.000091 0.000011  -0.010762 -0.006973 -0.762710
14  4.085236 -0.082652 1.151009  0.025499 0.604578 -0.086051
15  1.719450 -0.000019 0.000031  -0.003946 -0.026040 -0.561722
16  1.099676 0.000051 0.000006  -0.052339 0.061959 -1.042030
17  1.073295 -1.560287 0.845352  -0.636041 -0.733317 -0.625432
18  1.789817 -0.000004 -0.000019  0.008320 -0.063889 0.601873
19  1.207015 -0.000013 -0.000044  0.007074 0.000068 -0.149770
20  5.740636 0.000387 -0.000701  -0.309625 0.000003 0.000064
21  11.481030 0.000274 -0.000805  -0.130927 -0.168973 0.040503
22  6.027525 -0.000330 0.000200  1.769568 -0.221676 1.581400
23  0.000004 11.692101 -0.000006  -1.053665 -0.498776 -0.825364
24  0.000003 0.000009 0.000000  -0.283187 -0.000031 1.570739
25  0.000001 -0.000011 0.000000  0.868960 0.000002 1.570712
26  -6.212011 -10.642979 0.826812  1.473120 1.855075 -0.198639
27  6.027510 -0.000260 -0.000221  1.737410 0.646048 -0.462758
28  11.691991 0.000161 0.000858  0.346038 0.000052 -1.556934
29  11.479839 -0.000317 0.000986  -1.172303 0.277307 0.110846
30  3.859437 -0.132758 1.193064  0.125670 -0.453915 -0.608242
31  1.312558 0.000027 -0.000001  -0.084267 -0.112876 0.265595
32  0.729345 0.000064 -0.000027  -0.173964 0.063172 0.082766
33  3.942047 0.050139 0.430999  -0.028298 -0.239352 -0.262542
34  1.539097 0.000006 -0.000001  -0.012180 -0.060258 -0.183748
35  1.196301 0.000076 -0.000004  -0.013276 0.017078 -0.030481
36  3.883414 -0.050472 -0.431085  -0.203758 -0.131671 0.078782
37  1.719563 -0.000084 -0.000005  -0.062050 -0.090386 -0.695728
38  1.209196 0.000035 0.000010  0.051941 0.048538 0.330122
39  3.859588 -0.149081 -1.331321  -0.217448 -0.039378 0.195474
40  1.719412 -0.000099 -0.000036  -0.040172 -0.009783 -0.595352
41  1.099674 0.000023 0.000007  0.258754 0.049832 -0.007753
42  0.805983 -0.359848 -1.318339  0.993960 0.252082 -0.789062
43  1.789781 -0.000008 -0.000043  0.000421 0.003724 -0.116465
44  1.206996 -0.000007 0.000005  0.000112 -0.000232 -0.161829
45  5.740573 0.000079 0.000721  0.092348 -0.000014 0.000028
46  11.480911 0.000010 0.000942  0.074305 0.039582 -0.001802
47  6.027515 -0.000273 -0.000229  -0.719737 -0.419488 -1.690718
48  -0.000001 11.691975 -0.000007  -1.063020 0.507745 0.831188
49  0.000003 -0.000001 -0.000001  2.618569 -0.000036 1.570860
50  -0.000007 -0.000014 0.000004  2.272645 -0.000036 1.570861
51  -7.750741 -4.636423 -7.509471  0.036412 -2.652159 1.623092
52  -0.000000 0.000001 0.000000  0.008153 -0.000259 0.000009
53  -0.000000 0.000000 -0.000001  1.565115 0.043565 -0.106862
54  -0.558928 -15.903519 -7.128394  -1.153037 -0.128367 -1.911105
55  0.000000 -0.000000 0.000000  0.000000 -0.000001 -0.000002
56  0.000031 0.000028 0.000001  -1.571901 -0.044449 -0.106509
57  7.043413 -16.547729 -17.960596  1.570796 -0.000000 0.000000
58  -16.319784 5.039393 -18.063972  1.570796 -0.000000 0.000000
59  -1.398505 -1.051700 -11.137774  1.570796 -0.000000 0.000000
60  -0.004311 0.001229 -0.000371  0.006898 -0.005534 -0.284229
61  0.826810 11.578514 -4.219014  1.570796 -0.000000 0.000000
62  0.000000 0.000000 0.000000  -0.078727 -3.136056 0.284226
63  0.000000 0.000000 0.000000  1.567407 -0.001849 -0.000546
64  -2.180695 -9.777325 -1.843187  1.603784 0.098443 0.007280
65  0.042352 -2.889251 0.627699  -0.000000 0.000000 0.000000
66  0.042352 -0.907087 4.830008  -0.000000 0.000000 0.000000
67  -1.331044 -1.025122 4.361372  -0.000000 0.000000 0.000000
68  0.042353 -0.884531 23.199604  -0.000000 0.000000 0.000000
69  0.042255 0.181228 5.671383  -0.000000 0.000000 0.000000
70  0.000096 0.089184 -9.714657  -0.000000 0.000000 0.000000
71  0.042352 -0.569288 7.155123  -0.000000 0.000000 0.000000
72  -0.682762 -1.501893 3.214538  -0.000000 0.000000 0.000000
73  0.074279 -0.628099 4.762586  -0.000000 0.000000 0.000000
74  -2.562682 -14.348923 -6.073021  1.603784 0.098443 0.007280
75  0.048471 3.702883 -1.382186  -0.000000 3.115334 1.548341
76  2.923889 1.668561 -1.111005  -0.000000 0.000000 0.000000
77  2.470069 0.711693 -1.382187  -0.001655 -0.002946 -0.000060
78  0.000000 -0.000000 -0.000000  -0.004593 0.783941 0.781554
79  0.000003 0.440764 -0.000002  0.625606 -0.525055 -0.976917
80  0.000000 0.430558 -0.000000  0.001828 0.009355 0.009438
81  -0.000000 0.438247 0.000000  0.003716 -0.001551 0.001029
82  0.000000 0.433550 0.000002  0.005512 0.105074 0.111318
83  -0.000000 0.454267 -0.000001  -0.017847 0.222189 0.223928
84  -0.000000 0.438145 0.000001  -0.064171 0.214184 0.195085
85  0.000000 0.444415 -0.000001  -0.482214 0.759377 0.296701
86  -0.000001 0.422927 0.000000  -0.308045 0.303003 0.005925
87  -0.000001 0.426508 0.000000  -0.012093 -2.862957 0.007385
88  -0.000001 0.432947 -0.000000  0.066916 -1.828286 -0.076058
time 5
0  0.000006 0.000000 0.000000  -1.570800 -1.391899 -1.570792
1  -12.329408 3.577561 -1.402814  -1.544956 -1.855077 -0.198630
2  6.027524 -0.000328 0.000189  -1.457346 -1.374935 -0.836312
3  11.692106 0.000646 -0.000738  -1.152286 -0.000024 -1.498209
4  11.480478 0.000558 -0.000549  0.530334 -0.757719 0.744280
5  3.859503 -0.142823 -1.192079  -0.603309 -0.153254 -1.645038
6  1.312589 0.000010 0.000007  -0.134332 0.005764 -0.149076
7  0.729355 0.000053 0.000048  -0.006921 -0.010127 -0.171925
8  3.942142 0.046332 -0.431543  -0.437576 0.236645 -1.080252
9  1.539110 0.000082 0.000003  -0.023906 -0.071181 -0.773682
10  1.196333 0.000146 0.000028  0.006223 0.004451 -0.725134
11  3.883512 -0.047211 0.431351  -0.279795 0.553083 -0.488973
12  1.719574 -0.000030 0.000018  0.002711 -0.070785 -0.961842
13  1.209180 0.000090 0.000013  -0.010762 -0.006973 -0.762710
14  4.085237 -0.082652 1.151009  0.025499 0.604578 -0.086051
15  1.719449 -0.000018 0.000029  -0.003946 -0.026040 -0.561722
16  1.099675 0.000050 0.000006  -0.052339 0.061959 -1.042030
17  1.073295 -1.560286 0.845353  -0.612302 -0.712308 -0.665855
18  1.789819 -0.000005 -0.000017  0.007403 -0.058607 0.608316
19  1.207013 -0.000013 -0.000043  0.006485 0.000054 -0.147790
20  5.740635 0.000388 -0.000699  -0.351534 0.000003 0.000063
21  11.481100 0.000292 -0.000763  -0.131701 -0.178572 0.047076
22  6.027525 -0.000330 0.000200  1.706008 -0.142224 1.540124
23  0.000001 11.692098 -0.000007  -1.028408 -0.474972 -0.809593
24  0.000002 0.000006 0.000000  -0.283187 -0.000031 1.570739
25  0.000000 -0.000011 -0.000001  0.868960 0.000002 1.570712
26  -6.243265 -10.576756 0.803409  1.473120 1.855075 -0.198639
27  6.027511 -0.000260 -0.000220  1.801338 0.739767 -0.422014
28  11.691993 0.000162 0.000859  0.383378 0.000043 -1.427466
29  11.479612 -0.000315 0.001013  -1.047882 0.269493 0.081675
30  3.859437 -0.132758 1.193065  0.125670 -0.453915 -0.608242
31  1.312559 0.000026 -0.000001  -0.084267 -0.112876 0.265595
32  0.729345 0.000063 -0.000028  -0.173964 0.063172 0.082766
33  3.942046 0.050139 0.430999  -0.028298 -0.239352 -0.262542
34  1.539097 0.000005 -0.000001  -0.012180 -0.060258 -0.183748
35  1.196300 0.000078 -0.000003  -0.013276 0.017078 -0.030481
36  3.883413 -0.050472 -0.431084  -0.203758 -0.131671 0.078782
37  1.719563 -0.000085 -0.000004  -0.062050 -0.090386 -0.695728
38  1.209198 0.000036 0.000012  0.051941 0.048538 0.330122
39  3.859588 -0.149082 -1.331321  -0.217448 -0.039378 0.195474
40  1.719412 -0.000097 -0.000036  -0.040172 -0.009783 -0.595352
41  1.099674 0.000023 0.000007  0.258754 0.049832 -0.007753
42  0.805984 -0.359847 -1.318338  0.993960 0.252082 -0.789062
43  1.789780 -0.000009 -0.000043  0.000422 0.003724 -0.116465
44  1.206997 -0.000007 0.000005  0.000112 -0.000232 -0.161829
45  5.740574 0.000079 0.000722  0.115885 -0.000014 0.000028
46  11.480868 0.000011 0.000947  0.099272 0.038705 -0.011532
47  6.027516 -0.000272 -0.000229  -0.797441 -0.342048 -1.661951
48  -0.000001 11.691977 -0.000006  -0.986260 0.436334 0.782472
49  0.000003 -0.000001 -0.000001  2.655912 -0.000036 1.570860
50  -0.000008 -0.000013 0.000005  2.272645 -0.000036 1.570861
51  -8.013419 -5.745409 -6.801241  0.213875 -2.636285 1.585216
52  -0.000000 0.000000 -0.000001  0.008153 -0.000259 0.000009
53  -0.000000 0.000001 -0.000000  1.565115 0.043565 -0.106862
54  -0.685943 -15.859335 -7.246178  -1.183114 -0.145243 -1.907008
55  -0.000001 0.000001 -0.000001  0.000000 -0.000001 -0.000002
56  0.000029 0.000029 0.000000  -1.571902 -0.044449 -0.106509
57  6.202985 -16.604332 -18.160034  1.570796 -0.000000 0.000000
58  -16.319784 5.039393 -18.063972  1.570796 -0.000000 0.000000
59  -1.398505 -1.326889 -12.770473  1.570796 -0.000000 0.000000
60  -0.004311 0.001229 -0.000371  0.006898 -0.005534 -0.284229
61  0.803407 11.518911 -4.261553  1.570796 -0.000000 0.000000
62  0.000000 0.000000 0.000000  -0.078727 -3.136056 0.284226
63  0.000000 0.000000 0.000000  1.566058 -0.002646 -0.000681
64  -2.129259 -9.701208 -1.946355  1.597948 0.132193 0.006603
65  0.042352 -2.889250 0.627701  0.000000 0.000000 -0.000000
66  0.042352 -0.907088 4.830009  0.000000 0.000000 -0.000000
67  -1.331044 -1.025122 4.361373  0.000000 0.000000 -0.000000
68  0.042353 -0.884531 23.199604  0.000000 0.000000 -0.000000
69  0.042255 0.181228 5.671384  0.000000 0.000000 -0.000000
70  0.000096 0.089184 -9.714658  0.000000 0.000000 -0.000000
71  0.042352 -0.569288 7.155125  0.000000 0.000000 -0.000000
72  -0.682762 -1.501893 3.214540  0.000000 0.000000 -0.000000
73  0.074279 -0.628099 4.762587  0.000000 0.000000 -0.000000
74  -2.653141 -14.298189 -6.133268  1.597948 0.132193 0.006603
75  0.048471 3.702884 -1.382188  0.000000 3.115334 1.548341
76  2.923889 1.668561 -1.111006  0.000000 0.000000 -0.000000
77  2.470070 0.711694 -1.382188  -0.001655 -0.002946 -0.000060
78  0.000000 -0.000000 0.000000  -0.004593 0.783941 0.781554
79  0.000001 0.440763 0.000000  0.625606 -0.525055 -0.976917
80  0.000000 0.430558 0.000000  0.001828 0.009355 0.009438
81  -0.000000 0.438247 0.000001  0.003716 -0.001551 0.001029
82  0.000000 0.433550 0.000002  0.005512 0.105074 0.111318
83  -0.000000 0.454267 0.000000  -0.017847 0.222189 0.223928
84  -0.000000 0.438146 -0.000000  -0.064171 0.214184 0.195085
85  0.000000 0.444414 -0.000000  -0.482215 0.759377 0.296701
86  -0.000001 0.422926 -0.000001  -0.308045 0.303003 0.005925
87  -0.000002 0.426508 -0.000000  -0.012093 -2.862958 0.007385
88  0.000001 0.432947 0.000000  0.066918 -1.828287 -0.076061
time 6
0  0.000006 0.000000 0.000000  -1.570800 -1.391899 -1.570792
1  -13.608119 4.038361 -1.402813  -1.544956 -1.855077 -0.198630
2  6.027524 -0.000327 0.000189  -1.445850 -1.461117 -0.889721
3  11.692109 0.000645 -0.000737  -1.152285 -0.000022 -1.457797
4  11.479242 0.000293 -0.001147  0.502367 -0.778500 0.779973
5  3.859504 -0.142823 -1.192080  -0.603309 -0.153254 -1.645038
6  1.312590 0.000009 0.000008  -0.134332 0.005764 -0.149076
7  0.729357 0.000052 0.000049  -0.006921 -0.010127 -0.171925
8  3.942140 0.046331 -0.431543  -0.437576 0.236645 -1.080252
9  1.539111 0.000086 0.000004  -0.023906 -0.071181 -0.773682
10  1.196332 0.000146 0.000031  0.006223 0.004451 -0.725134
11  3.883511 -0.047212 0.431351  -0.279795 0.553083 -0.488973
12  1.719573 -0.000028 0.000018  0.002711 -0.070785 -0.961842
13  1.209180 0.000091 0.000014  -0.010762 -0.006973 -0.762710
14  4.085235 -0.082652 1.151009  0.025499 0.604578 -0.086052
15  1.719448 -0.000018 0.000031  -0.003946 -0.026040 -0.561722
16  1.099674 0.000048 0.000004  -0.052339 0.061959 -1.042030
17  1.073293 -1.560288 0.845353  -0.593042 -0.687240 -0.710400
18  1.789820 -0.000005 -0.000018  0.005004 -0.043694 0.626434
19  1.207016 -0.000013 -0.000044  0.004827 0.000022 -0.142212
20  5.740638 0.000387 -0.000698  -0.390541 0.000003 0.000064
21  11.480854 0.000237 -0.000881  -0.131420 -0.185159 0.048607
22  6.027525 -0.000327 0.000200  1.645241 -0.080707 1.504855
23  0.000000 11.692100 -0.000006  -1.004415 -0.452791 -0.794237
24  0.000003 0.000010 -0.000000  -0.283187 -0.000030 1.570739
25  0.000000 -0.000012 -0.000000  0.868959 0.000002 1.570712
26  -6.335624 -10.373947 0.733554  1.473120 1.855075 -0.198639
27  6.027512 -0.000263 -0.000217  1.885291 0.894517 -0.338471
28  11.691991 0.000161 0.000858  0.493043 0.000030 -1.235914
29  11.479558 -0.000168 0.001021  -0.960318 0.222170 0.086218
30  3.859437 -0.132758 1.193066  0.188227 -0.427652 -0.725148
31  1.312559 0.000027 -0.000001  -0.078993 -0.103576 0.241278
32  0.729345 0.000063 -0.000027  -0.166647 0.047898 -0.050854
33  3.942047 0.050139 0.431001  0.005357 -0.241523 -0.364662
34  1.539097 0.000006 -0.000001  -0.012942 -0.059784 -0.259115
35  1.196299 0.000078 -0.000004  -0.012858 0.014790 -0.148888
36  3.883413 -0.050472 -0.431084  -0.186788 -0.145018 -0.018964
37  1.719564 -0.000084 -0.000004  -0.051592 -0.082639 -0.760321
38  1.209198 0.000037 0.000010  0.045399 0.049014 0.187285
39  3.859588 -0.149082 -1.331320  -0.215666 -0.056587 0.073964
40  1.719413 -0.000099 -0.000036  -0.032529 -0.008835 -0.646851
41  1.099672 0.000024 0.000008  0.236506 0.056819 -0.097437
42  0.805984 -0.359847 -1.318337  1.033831 0.240017 -0.807172
43  1.789780 -0.000009 -0.000042  0.000560 0.003797 -0.067478
44  1.206997 -0.000006 0.000005  0.000082 -0.000246 -0.028520
45  5.740573 0.000080 0.000722  0.131479 -0.000014 0.000028
46  11.480857 0.000041 0.000950  0.117462 0.030752 -0.011272
47  6.027515 -0.000273 -0.000228  -0.931772 -0.238737 -1.601259
48  -0.000001 11.691975 -0.000005  -0.869996 0.337372 0.702542
49  0.000002 0.000000 -0.000001  2.765584 -0.000036 1.570860
50  -0.000007 -0.000013 0.000006  2.272645 -0.000036 1.570861
51  -7.827784 -7.374811 -5.687294  0.393179 -2.683624 1.596290
52  -0.000000 0.000000 0.000000  0.008153 -0.000259 0.000009
53  -0.000000 0.000000 0.000000  1.565115 0.043565 -0.106862
54  -0.830354 -15.737791 -7.358453  -1.214631 -0.171060 -1.901867
55  -0.000000 -0.000001 -0.000000  0.000000 -0.000001 -0.000002
56  0.000030 0.000028 0.000001  -1.571902 -0.044449 -0.106509
57  5.513067 -16.662964 -18.370689  1.570796 -0.000000 0.000000
58  -16.319784 5.039393 -18.063972  1.570796 -0.000000 0.000000
59  -1.398505 -1.552794 -14.110774  1.570796 -0.000000 0.000000
60  -0.004311 0.001229 -0.000371  0.006898 -0.005534 -0.284229
61  0.733552 11.335773 -4.388527  1.570796 -0.000000 0.000000
62  0.000000 0.000000 0.000000  -0.078727 -3.136056 0.284226
63  0.000000 0.000000 0.000000  1.564776 -0.003671 -0.000731
64  -2.074778 -9.504908 -2.095718  1.583803 0.170135 0.004649
65  0.042352 -2.889250 0.627699  -0.000000 -0.000000 -0.000000
66  0.042352 -0.907088 4.830009  -0.000000 -0.000000 -0.000000
67  -1.331044 -1.025122 4.361371  -0.000000 -0.000000 -0.000000
68  0.042353 -0.884531 23.199604  -0.000000 -0.000000 -0.000000
69  0.042255 0.181228 5.671382  -0.000000 -0.000000 -0.000000
70  0.000096 0.089184 -9.714657  -0.000000 -0.000000 -0.000000
71  0.042352 -0.569288 7.155120  -0.000000 -0.000000 -0.000000
72  -0.682762 -1.501893 3.214538  -0.000000 -0.000000 -0.000000
73  0.074278 -0.628099 4.762585  -0.000000 -0.000000 -0.000000
74  -2.754713 -14.160820 -6.194142  1.583803 0.170135 0.004649
75  0.048471 3.702883 -1.382189  0.000000 3.115334 1.548341
76  2.923888 1.668561 -1.111006  -0.000000 -0.000000 -0.000000
77  2.470070 0.711693 -1.382187  -0.001655 -0.002946 -0.000060
78  0.000000 0.000000 -0.000000  -0.004593 0.783941 0.781554
79  -0.000001 0.440764 -0.000000  0.625606 -0.525055 -0.976917
80  -0.000000 0.430559 0.000001  0.001828 0.009355 0.009438
81  0.000000 0.438247 0.000000  0.003716 -0.001551 0.001029
82  -0.000000 0.433550 0.000000  0.005512 0.105074 0.111318
83  -0.000000 0.454267 -0.000001  -0.017847 0.222189 0.223928
84  0.000000 0.438145 -0.000000  -0.064171 0.214184 0.195085
85  0.000000 0.444414 -0.000001  -0.482214 0.759377 0.296701
86  -0.000002 0.422926 0.000001  -0.308045 0.303003 0.005925
87  0.000002 0.426508 -0.000000  -0.012093 -2.862958 0.007385
88  -0.000001 0.432947 0.000000  0.066915 -1.828286 -0.076058
time 7
0  0.000006 0.000000 0.000000  -1.570800 -1.391899 -1.570792
1  -14.420361 4.331061 -1.402813  -1.544956 -1.855077 -0.198630
2  6.027525 -0.000330 0.000188  -1.309111 -1.514360 -1.049340
3  11.692108 0.000642 -0.000737  -1.152284 -0.000021 -1.437117
4  11.479658 0.000399 -0.000915  0.483994 -0.799427 0.784052
5  3.859503 -0.142822 -1.192080  -0.603309 -0.153254 -1.645038
6  1.312590 0.000010 0.000007  -0.134332 0.005764 -0.149076
7  0.729356 0.000055 0.000049  -0.006921 -0.010127 -0.171925
8  3.942140 0.046333 -0.431544  -0.437576 0.236645 -1.080252
9  1.539110 0.000084 0.000004  -0.023906 -0.071181 -0.773682
10  1.196333 0.000144 0.000027  0.006223 0.004451 -0.725134
11  3.883512 -0.047210 0.431350  -0.279795 0.553082 -0.488973
12  1.719573 -0.000028 0.000018  0.002711 -0.070785 -0.961842
13  1.209179 0.000091 0.000013  -0.010762 -0.006973 -0.762710
14  4.085236 -0.082651 1.151008  0.025499 0.604578 -0.086052
15  1.719448 -0.000019 0.000027  -0.003946 -0.026040 -0.561722
16  1.099675 0.000050 0.000006  -0.052339 0.061959 -1.042030
17  1.073295 -1.560286 0.845352  -0.580675 -0.663665 -0.749927
18  1.789820 -0.000004 -0.000017  0.002322 -0.024484 0.649636
19  1.207014 -0.000013 -0.000043  0.002698 -0.000006 -0.135050
20  5.740637 0.000388 -0.000699  -0.421571 0.000003 0.000063
21  11.480937 0.000260 -0.000836  -0.131713 -0.189409 0.045278
22  6.027525 -0.000330 0.000200  1.603026 -0.046422 1.484241
23  0.000002 11.692098 -0.000005  -0.992090 -0.441570 -0.786216
24  0.000003 0.000010 -0.000001  -0.283187 -0.000030 1.570739
25  0.000000 -0.000012 0.000001  0.868960 0.000002 1.570712
26  -6.478737 -10.042008 0.623581  1.473120 1.855075 -0.198639
27  6.027513 -0.000264 -0.000216  1.991384 1.050048 -0.215624
28  11.691992 0.000161 0.000859  0.652217 0.000019 -1.039406
29  11.480354 0.000358 0.000758  -0.976911 0.166783 0.090744
30  3.859437 -0.132759 1.193065  0.344799 -0.315233 -1.049979
31  1.312558 0.000026 -0.000001  -0.065342 -0.076669 0.172985
32  0.729346 0.000065 -0.000027  -0.132670 0.009022 -0.461170
33  3.942046 0.050138 0.431000  0.103276 -0.228697 -0.664963
34  1.539097 0.000006 -0.000001  -0.015376 -0.058759 -0.476335
35  1.196300 0.000079 -0.000004  -0.010035 0.008441 -0.503784
36  3.883413 -0.050473 -0.431084  -0.129183 -0.175013 -0.317822
37  1.719563 -0.000083 -0.000004  -0.024699 -0.056943 -0.944655
38  1.209198 0.000035 0.000012  0.025658 0.044522 -0.256548
39  3.859587 -0.149083 -1.331321  -0.197688 -0.107035 -0.300392
40  1.719413 -0.000098 -0.000036  -0.011161 -0.004002 -0.793400
41  1.099675 0.000023 0.000006  0.168414 0.066716 -0.375837
42  0.805983 -0.359848 -1.318338  1.147757 0.208712 -0.862044
43  1.789780 -0.000008 -0.000043  0.000993 0.003965 0.075168
44  1.206996 -0.000008 0.000007  -0.000017 -0.000256 0.379338
45  5.740573 0.000079 0.000723  0.125014 -0.000014 0.000028
46  11.481016 0.000146 0.000897  0.115391 0.019882 -0.007255
47  6.027515 -0.000273 -0.000228  -1.067202 -0.138597 -1.540885
48  -0.000001 11.691978 -0.000009  -0.746041 0.245678 0.611141
49  0.000003 -0.000000 -0.000002  2.924767 -0.000036 1.570860
50  -0.000008 -0.000013 0.000004  2.272645 -0.000036 1.570861
51  -7.321765 -8.926540 -4.618442  -2.636340 -0.399336 -1.501417
52  0.000000 -0.000000 -0.000001  0.008153 -0.000259 0.000009
53  -0.000000 -0.000001 0.000000  1.565115 0.043565 -0.106862
54  -0.982908 -15.557927 -7.474259  -1.246926 -0.199725 -1.895993
55  0.000000 0.000000 -0.000000  0.000000 -0.000001 -0.000002
56  0.000031 0.000029 0.000001  -1.571901 -0.044449 -0.106509
57  5.074830 -16.718597 -18.575417  1.570796 -0.000000 0.000000
58  -16.319784 5.039393 -18.063972  1.570796 -0.000000 0.000000
59  -1.398505 -1.696289 -14.962136  1.570796 -0.000000 0.000000
60  -0.004311 0.001229 -0.000371  0.006898 -0.005534 -0.284229
61  0.623579 11.034597 -4.588422  1.570796 -0.000000 0.000000
62  0.000000 0.000000 0.000000  -0.078727 -3.136056 0.284226
63  0.000000 0.000000 0.000000  1.563694 -0.005923 -0.000465
64  -2.021245 -9.236497 -2.272797  1.566711 0.209473 0.001344
65  0.042352 -2.889250 0.627700  -0.000000 0.000000 -0.000000
66  0.042352 -0.907088 4.830009  -0.000000 0.000000 -0.000000
67  -1.331044 -1.025122 4.361372  -0.000000 0.000000 -0.000000
68  0.042353 -0.884530 23.199600  -0.000000 0.000000 -0.000000
69  0.042255 0.181228 5.671383  -0.000000 0.000000 -0.000000
70  0.000096 0.089185 -9.714657  -0.000000 0.000000 -0.000000
71  0.042352 -0.569288 7.155120  -0.000000 0.000000 -0.000000
72  -0.682762 -1.501893 3.214539  -0.000000 0.000000 -0.000000
73  0.074278 -0.628098 4.762587  -0.000000 0.000000 -0.000000
74  -2.860450 -13.960713 -6.262086  1.566711 0.209473 0.001344
75  0.048471 3.702884 -1.382188  -0.000000 3.115334 1.548341
76  2.923888 1.668561 -1.111006  -0.000000 0.000000 -0.000000
77  2.470069 0.711694 -1.382189  -0.001654 -0.002946 -0.000060
78  -0.000000 -0.000000 0.000000  -0.004593 0.783941 0.781554
79  0.000002 0.440764 0.000001  0.625606 -0.525055 -0.976917
80  0.000000 0.430558 -0.000001  0.001828 0.009355 0.009438
81  0.000000 0.438246 0.000001  0.003716 -0.001551 0.001029
82  -0.000000 0.433551 0.000001  0.005512 0.105074 0.111318
83  -0.000000 0.454268 -0.000000  -0.017847 0.222189 0.223928
84  0.000000 0.438146 -0.000001  -0.064171 0.214184 0.195085
85  -0.000001 0.444414 0.000001  -0.482215 0.759377 0.296701
86  -0.000002 0.422926 -0.000001  -0.308045 0.303003 0.005925
87  0.000002 0.426508 0.000000  -0.012093 -2.862957 0.007385
88  0.000002 0.432947 -0.000000  0.066917 -1.828286 -0.076060
time 8
0  0.000006 0.000000 0.000000  -1.570800 -1.391899 -1.570792
1  -14.692473 4.429120 -1.402812  -1.544956 -1.855077 -0.198630
2  6.027524 -0.000327 0.000189  -1.114481 -1.525307 -1.244490
3  11.692109 0.000639 -0.000738  -1.152283 -0.000023 -1.447519
4  11.479599 0.000389 -0.000942  0.463491 -0.820527 0.767824
5  3.859504 -0.142824 -1.192080  -0.603309 -0.153254 -1.645038
6  1.312589 0.000010 0.000007  -0.134332 0.005764 -0.149076
7  0.729355 0.000054 0.000048  -0.006921 -0.010127 -0.171925
8  3.942142 0.046330 -0.431543  -0.437576 0.236645 -1.080252
9  1.539110 0.000081 0.000003  -0.023906 -0.071181 -0.773682
10  1.196333 0.000145 0.000027  0.006223 0.004451 -0.725134
11  3.883512 -0.047213 0.431351  -0.279795 0.553082 -0.488973
12  1.719573 -0.000029 0.000015  0.002711 -0.070786 -0.961842
13  1.209179 0.000091 0.000013  -0.010762 -0.006973 -0.762710
14  4.085237 -0.082654 1.151009  0.025499 0.604578 -0.086052
15  1.719446 -0.000020 0.000027  -0.003946 -0.026040 -0.561722
16  1.099675 0.000050 0.000005  -0.052339 0.061959 -1.042030
17  1.073294 -1.560289 0.845352  -0.574952 -0.648063 -0.775191
18  1.789819 -0.000006 -0.000018  0.000544 -0.009484 0.667661
19  1.207015 -0.000014 -0.000044  0.001039 -0.000017 -0.129472
20  5.740637 0.000388 -0.000699  -0.441430 0.000003 0.000064
21  11.480925 0.000258 -0.000841  -0.133847 -0.192524 0.038121
22  6.027524 -0.000327 0.000200  1.589052 -0.041753 1.484089
23  0.000002 11.692101 -0.000009  -0.998291 -0.447204 -0.790266
24  0.000003 0.000008 -0.000001  -0.283187 -0.000031 1.570738
25  0.000001 -0.000012 0.000000  0.868960 0.000002 1.570712
26  -6.648753 -9.613771 0.489617  1.473120 1.855075 -0.198639
27  6.027514 -0.000266 -0.000215  2.073510 1.137520 -0.115441
28  11.691992 0.000162 0.000859  0.811394 0.000014 -0.940373
29  11.479578 0.000281 0.000897  -1.108474 0.155732 0.081102
30  3.859438 -0.132758 1.193065  0.477022 -0.108761 -1.434310
31  1.312560 0.000027 -0.000001  -0.050506 -0.040830 0.085855
32  0.729345 0.000066 -0.000028  -0.067516 -0.016072 -1.021147
33  3.942047 0.050139 0.431000  0.218212 -0.170254 -1.056761
34  1.539097 0.000005 -0.000001  -0.018947 -0.058295 -0.759464
35  1.196300 0.000076 -0.000004  -0.003151 0.002206 -0.978859
36  3.883415 -0.050472 -0.431084  -0.040414 -0.187759 -0.741871
37  1.719564 -0.000082 -0.000004  0.002357 -0.017065 -1.182541
38  1.209198 0.000035 0.000011  0.005539 0.025537 -0.865530
39  3.859588 -0.149081 -1.331321  -0.144512 -0.161443 -0.827056
40  1.719413 -0.000098 -0.000036  0.015017 0.006769 -0.982665
41  1.099673 0.000023 0.000006  0.077335 0.051626 -0.786194
42  0.805984 -0.359847 -1.318338  1.296386 0.175335 -0.940406
43  1.789780 -0.000009 -0.000044  0.001635 0.004081 0.268388
44  1.206997 -0.000006 0.000006  -0.000136 -0.000189 0.933220
45  5.740573 0.000079 0.000720  0.097590 -0.000014 0.000028
46  11.480860 0.000130 0.000924  0.089697 0.015483 -0.005402
47  6.027515 -0.000274 -0.000228  -1.145110 -0.083209 -1.505108
48  -0.000000 11.691976 -0.000006  -0.681436 0.203823 0.561579
49  0.000003 -0.000000 -0.000001  3.083950 -0.000036 1.570860
50  -0.000008 -0.000013 0.000004  2.272645 -0.000036 1.570861
51  -6.821367 -9.842691 -4.057097  -2.627398 -0.380800 -1.472041
52  -0.000000 0.000000 0.000000  0.008153 -0.000259 0.000009
53  0.000001 0.000001 -0.000000  1.565115 0.043565 -0.106862
54  -1.136920 -15.339838 -7.605887  -1.279198 -0.225231 -1.890124
55  0.000001 -0.000001 -0.000000  0.000000 -0.000001 -0.000002
56  0.000030 0.000029 0.000001  -1.571901 -0.044449 -0.106509
57  4.928013 -16.768166 -18.763281  1.570796 -0.000000 0.000000
58  -16.319784 5.039393 -18.063972  1.570796 -0.000000 0.000000
59  -1.398505 -1.744363 -15.247355  1.570796 -0.000000 0.000000
60  -0.004311 0.001229 -0.000371  0.006898 -0.005534 -0.284229
61  0.489614 10.643449 -4.831926  1.570796 -0.000000 0.000000
62  0.000000 0.000000 0.000000  -0.078727 -3.136056 0.284226
63  0.000000 0.000000 0.000000  1.562944 -0.010612 0.000215
64  -1.972655 -8.944049 -2.459116  1.552103 0.247462 -0.002903
65  0.042352 -2.889250 0.627700  -0.000000 0.000000 -0.000000
66  0.042352 -0.907087 4.830010  -0.000000 0.000000 -0.000000
67  -1.331044 -1.025122 4.361372  -0.000000 0.000000 -0.000000
68  0.042353 -0.884530 23.199604  -0.000000 0.000000 -0.000000
69  0.042255 0.181228 5.671383  -0.000000 0.000000 -0.000000
70  0.000096 0.089184 -9.714658  -0.000000 0.000000 -0.000000
71  0.042352 -0.569288 7.155123  -0.000000 0.000000 -0.000000
72  -0.682762 -1.501893 3.214539  -0.000000 0.000000 -0.000000
73  0.074278 -0.628098 4.762587  -0.000000 0.000000 -0.000000
74  -2.965983 -13.723333 -6.346101  1.552103 0.247462 -0.002903
75  0.048471 3.702883 -1.382187  -0.000000 3.115334 1.548341
76  2.923888 1.668561 -1.111005  -0.000000 0.000000 -0.000000
77  2.470070 0.711693 -1.382187  -0.001655 -0.002946 -0.000060
78  0.000000 0.000000 -0.000000  -0.004593 0.783941 0.781554
79  0.000002 0.440763 0.000001  0.625606 -0.525055 -0.976917
80  -0.000000 0.430558 -0.000002  0.001828 0.009355 0.009438
81  0.000000 0.438247 0.000002  0.003716 -0.001551 0.001029
82  0.000000 0.433550 0.000000  0.005512 0.105074 0.111318
83  0.000000 0.454268 -0.000001  -0.017847 0.222189 0.223928
84  -0.000000 0.438145 0.000000  -0.064171 0.214184 0.195085
85  0.000000 0.444414 -0.000000  -0.482215 0.759377 0.296701
86  0.000001 0.422926 -0.000000  -0.308045 0.303003 0.005925
87  0.000003 0.426508 -0.000000  -0.012093 -2.862957 0.007385
88  0.000001 0.432947 -0.000001  0.066917 -1.828287 -0.076060
time 9
0  0.000006 0.000000 0.000000  -1.570800 -1.391899 -1.570792
1  -14.692473 4.429120 -1.402812  -1.544956 -1.855077 -0.198630
2  6.027524 -0.000327 0.000189  -1.070266 -1.514991 -1.275818
3  11.692109 0.000643 -0.000740  -1.152284 -0.000025 -1.475480
4  11.480671 0.000611 -0.000440  0.432792 -0.840736 0.752150
5  3.859504 -0.142824 -1.192079  -0.603309 -0.153254 -1.645038
6  1.312589 0.000008 0.000008  -0.134332 0.005764 -0.149076
7  0.729355 0.000054 0.000047  -0.006921 -0.010127 -0.171925
8  3.942141 0.046331 -0.431542  -0.437576 0.236645 -1.080252
9  1.539110 0.000086 0.000005  -0.023906 -0.071181 -0.773682
10  1.196332 0.000145 0.000028  0.006223 0.004451 -0.725134
11  3.883512 -0.047212 0.431351  -0.279795 0.553082 -0.488973
12  1.719573 -0.000027 0.000017  0.002711 -0.070785 -0.961842
13  1.209180 0.000089 0.000012  -0.010762 -0.006973 -0.762710
14  4.085234 -0.082653 1.151009  0.025499 0.604578 -0.086052
15  1.719447 -0.000018 0.000029  -0.003946 -0.026040 -0.561722
16  1.099675 0.000049 0.000005  -0.052338 0.061959 -1.042030
17  1.073295 -1.560288 0.845353  -0.573550 -0.643010 -0.783252
18  1.789819 -0.000004 -0.000017  -0.000023 -0.004153 0.674052
19  1.207015 -0.000013 -0.000043  0.000450 -0.000019 -0.127491
20  5.740636 0.000389 -0.000700  -0.453973 0.000003 0.000064
21  11.481138 0.000303 -0.000743  -0.137711 -0.195880 0.030151
22  6.027524 -0.000327 0.000200  1.590915 -0.052141 1.496831
23  -0.000002 11.692101 -0.000008  -1.014925 -0.462457 -0.801011
24  0.000003 0.000010 0.000000  -0.283187 -0.000031 1.570738
25  -0.000000 -0.000011 -0.000001  0.868960 0.000002 1.570712
26  -6.811609 -9.145947 0.355652  1.473120 1.855075 -0.198639
27  6.027514 -0.000265 -0.000216  2.055465 1.149919 -0.118013
28  11.691990 0.000160 0.000859  0.921067 0.000015 -0.968933
29  11.480690 0.000634 0.000520  -1.246554 0.195655 0.073317
30  3.859437 -0.132758 1.193065  0.519402 0.070265 -1.704175
31  1.312559 0.000025 -0.000000  -0.041041 -0.012187 0.018545
32  0.729345 0.000065 -0.000028  -0.016254 -0.009971 -1.433098
33  3.942047 0.050139 0.431000  0.285060 -0.099541 -1.349536
34  1.539096 0.000005 -0.000001  -0.022010 -0.058747 -0.976664
35  1.196299 0.000078 -0.000004  0.003517 0.000003 -1.333781
36  3.883414 -0.050472 -0.431083  0.030722 -0.172734 -1.104016
37  1.719563 -0.000084 -0.000004  0.016331 0.017354 -1.364998
38  1.209199 0.000035 0.000011  -0.000043 0.005791 -1.308533
39  3.859589 -0.149082 -1.331320  -0.085668 -0.184912 -1.249834
40  1.719412 -0.000098 -0.000036  0.033603 0.018370 -1.128843
41  1.099674 0.000024 0.000007  0.015543 0.016252 -1.171420
42  0.805983 -0.359847 -1.318338  1.412831 0.153426 -1.010144
43  1.789780 -0.000009 -0.000041  0.002242 0.004058 0.434357
44  1.206996 -0.000007 0.000004  -0.000174 -0.000072 1.341078
45  5.740573 0.000080 0.000720  0.073196 -0.000014 0.000028
46  11.481083 0.000201 0.000848  0.061788 0.021403 -0.004560
47  6.027515 -0.000273 -0.000230  -1.158746 -0.088209 -1.490089
48  -0.000001 11.691975 -0.000007  -0.700223 0.215571 0.576108
49  0.000002 -0.000000 -0.000001  -3.089564 -0.000036 1.570860
50  -0.000007 -0.000013 0.000005  2.272645 -0.000036 1.570861
51  -6.408157 -10.132843 -4.120824  -2.664232 -0.383754 -1.462908
52  0.000000 0.000001 0.000000  0.008153 -0.000259 0.000009
53  -0.000001 0.000000 0.000000  1.565115 0.043565 -0.106862
54  -1.298984 -15.107261 -7.767087  -1.310370 -0.241919 -1.887097
55  -0.000000 0.000000 -0.000000  0.000000 -0.000001 -0.000002
56  0.000030 0.000028 0.000001  -1.571901 -0.044449 -0.106509
57  4.944353 -16.817009 -18.953186  1.570796 -0.000000 0.000000
58  -16.319784 5.039393 -18.063972  1.570796 -0.000000 0.000000
59  -1.398505 -1.744363 -15.247355  1.570796 -0.000000 0.000000
60  -0.004311 0.001229 -0.000371  0.006898 -0.005534 -0.284229
61  0.355649 10.212070 -5.075431  1.570796 -0.000000 0.000000
62  0.000000 0.000000 0.000000  -0.078727 -3.136056 0.284226
63  0.000000 0.000000 0.000000  1.562656 -0.018950 0.001153
64  -1.933002 -8.675638 -2.636195  1.545293 0.281446 -0.008872
65  0.042352 -2.889250 0.627701  0.000000 -0.000000 0.000000
66  0.042352 -0.907087 4.830009  0.000000 -0.000000 0.000000
67  -1.331044 -1.025121 4.361372  0.000000 -0.000000 0.000000
68  0.042354 -0.884531 23.199604  0.000000 -0.000000 0.000000
69  0.042255 0.181228 5.671384  0.000000 -0.000000 0.000000
70  0.000096 0.089184 -9.714657  0.000000 -0.000000 0.000000
71  0.042352 -0.569288 7.155123  0.000000 -0.000000 0.000000
72  -0.682762 -1.501892 3.214538  0.000000 -0.000000 0.000000
73  0.074278 -0.628098 4.762587  0.000000 -0.000000 0.000000
74  -3.077510 -13.475010 -6.456279  1.545293 0.281446 -0.008872
75  0.048471 3.702884 -1.382187  0.000000 3.115334 1.548341
76  2.923889 1.668561 -1.111004  0.000000 -0.000000 0.000000
77  2.470069 0.711695 -1.382186  -0.001655 -0.002946 -0.000060
78  -0.000000 0.000000 -0.000001  -0.004593 0.783941 0.781553
79  -0.000000 0.440764 -0.000001  0.625606 -0.525055 -0.976917
80  0.000001 0.430558 -0.000003  0.001828 0.009355 0.009438
81  -0.000000 0.438247 -0.000000  0.003716 -0.001551 0.001029
82  -0.000000 0.433550 -0.000001  0.005512 0.105074 0.111318
83  -0.000000 0.454267 -0.000000  -0.017847 0.222189 0.223928
84  0.000001 0.438146 0.000000  -0.064171 0.214184 0.195085
85  -0.000000 0.444415 -0.000000  -0.482214 0.759377 0.296701
86  -0.000001 0.422926 -0.000000  -0.308045 0.303003 0.005925
87  -0.000000 0.426508 0.000000  -0.012093 -2.862958 0.007385
88  -0.000000 0.432947 -0.000000  0.066916 -1.828286 -0.076058
time 10
0  0.000006 0.000000 0.000000  -1.570800 -1.391899 -1.570792
1  -14.692473 4.429120 -1.402812  -1.544956 -1.855077 -0.198630
2  6.027524 -0.000327 0.000189  -1.063609 -1.502627 -1.266500
3  11.692108 0.000644 -0.000740  -1.152285 -0.000027 -1.505123
4  11.480419 0.000547 -0.000582  0.386059 -0.860257 0.756727
5  3.859502 -0.142822 -1.192080  -0.603309 -0.153254 -1.645038
6  1.312590 0.000009 0.000007  -0.134332 0.005764 -0.149076
7  0.729354 0.000054 0.000048  -0.006921 -0.010127 -0.171925
8  3.942141 0.046333 -0.431543  -0.437576 0.236645 -1.080252
9  1.539110 0.000085 0.000004  -0.023906 -0.071181 -0.773682
10  1.196333 0.000146 0.000029  0.006223 0.004451 -0.725134
11  3.883510 -0.047210 0.431351  -0.279795 0.553082 -0.488973
12  1.719573 -0.000027 0.000018  0.002711 -0.070785 -0.961842
13  1.209179 0.000090 0.000013  -0.010762 -0.006973 -0.762710
14  4.085235 -0.082651 1.151009  0.025499 0.604578 -0.086052
15  1.719448 -0.000018 0.000026  -0.003946 -0.026040 -0.561722
16  1.099675 0.000050 0.000005  -0.052339 0.061959 -1.042030
17  1.073295 -1.560286 0.845353  -0.573550 -0.643010 -0.783253
18  1.789819 -0.000003 -0.000018  -0.000022 -0.004153 0.674052
19  1.207014 -0.000014 -0.000043  0.000450 -0.000019 -0.127491
20  5.740636 0.000389 -0.000699  -0.465651 0.000003 0.000063
21  11.481088 0.000290 -0.000769  -0.142582 -0.200881 0.024100
22  6.027524 -0.000327 0.000200  1.594959 -0.063834 1.512557
23  -0.000000 11.692101 -0.000006  -1.032501 -0.478800 -0.812180
24  0.000003 0.000009 0.000000  -0.283187 -0.000031 1.570739
25  0.000001 -0.000011 0.000001  0.868960 0.000002 1.570712
26  -6.934331 -8.701249 0.245679  1.473120 1.855075 -0.198639
27  6.027514 -0.000263 -0.000217  1.996031 1.116169 -0.169562
28  11.691993 0.000162 0.000858  0.958416 0.000020 -1.071541
29  11.479679 0.000392 0.000876  -1.302263 0.256115 0.102737
30  3.859437 -0.132759 1.193065  0.522171 0.133881 -1.798185
31  1.312559 0.000025 0.000000  -0.037919 -0.001953 -0.005218
32  0.729346 0.000064 -0.000028  -0.000603 -0.003511 -1.567230
33  3.942046 0.050138 0.431000  0.303152 -0.070751 -1.455451
34  1.539097 0.000006 -0.000000  -0.023603 -0.059296 -1.052004
35  1.196300 0.000078 -0.000004  0.005964 -0.000192 -1.452195
36  3.883413 -0.050472 -0.431085  0.059884 -0.161121 -1.293445
37  1.719563 -0.000083 -0.000005  0.019703 0.029892 -1.428607
38  1.209196 0.000036 0.000011  0.000429 -0.001362 -1.451054
39  3.859589 -0.149082 -1.331321  -0.056046 -0.193727 -1.434689
40  1.719412 -0.000097 -0.000036  0.039703 0.023072 -1.180145
41  1.099674 0.000023 0.000007  -0.001131 -0.001176 -1.426956
42  0.805983 -0.359848 -1.318338  1.454834 0.140372 -1.046910
43  1.789780 -0.000009 -0.000042  0.002634 0.003963 0.521728
44  1.206997 -0.000007 0.000007  -0.000142 0.000023 1.474387
45  5.740573 0.000080 0.000722  0.067857 -0.000014 0.000028
46  11.480880 0.000153 0.000921  0.049439 0.033342 0.001559
47  6.027516 -0.000272 -0.000230  -1.131308 -0.120274 -1.490653
48  -0.000002 11.691976 -0.000006  -0.766684 0.259916 0.626725
49  0.000002 -0.000000 0.000000  -3.052220 -0.000036 1.570860
50  -0.000008 -0.000013 0.000005  2.272645 -0.000036 1.570861
51  -6.193462 -9.981941 -4.374525  -2.692947 -0.374332 -1.460146
52  0.000000 -0.000001 0.000000  0.008153 -0.000259 0.000009
53  -0.000001 -0.000000 0.000000  1.565115 0.043565 -0.106862
54  -1.459780 -14.879465 -7.975242  -1.339407 -0.243934 -1.887289
55  0.000001 0.000000 -0.000000  0.000000 -0.000001 -0.000002
56  0.000031 0.000029 0.000001  -1.571901 -0.044449 -0.106509
57  4.993753 -16.871441 -19.167759  1.570796 -0.000000 0.000000
58  -16.319784 5.039393 -18.063972  1.570796 -0.000000 0.000000
59  -1.398505 -1.744363 -15.247355  1.570796 -0.000000 0.000000
60  -0.004311 0.001229 -0.000371  0.006898 -0.005534 -0.284229
61  0.245676 9.796308 -5.275326  1.570796 -0.000000 0.000000
62  0.000000 0.000000 0.000000  -0.078727 -3.136056 0.284226
63  0.000000 0.000000 0.000000  1.563722 -0.030256 0.002166
64  -1.906281 -8.479338 -2.785558  1.552128 0.308935 -0.014061
65  0.042352 -2.889250 0.627699  0.000000 -0.000000 0.000000
66  0.042352 -0.907088 4.830009  0.000000 -0.000000 0.000000
67  -1.331044 -1.025122 4.361372  0.000000 -0.000000 0.000000
68  0.042353 -0.884531 23.199604  0.000000 -0.000000 0.000000
69  0.042255 0.181228 5.671382  0.000000 -0.000000 0.000000
70  0.000096 0.089185 -9.714658  0.000000 -0.000000 0.000000
71  0.042352 -0.569288 7.155122  0.000000 -0.000000 0.000000
72  -0.682762 -1.501893 3.214537  0.000000 -0.000000 0.000000
73  0.074278 -0.628099 4.762585  0.000000 -0.000000 0.000000
74  -3.189831 -13.243811 -6.605141  1.552128 0.308935 -0.014061
75  0.048471 3.702883 -1.382188  -0.000000 3.115334 1.548341
76  2.923889 1.668560 -1.111006  0.000000 -0.000000 0.000000
77  2.470070 0.711692 -1.382187  -0.001655 -0.002946 -0.000060
78  0.000000 -0.000000 -0.000001  -0.004593 0.783941 0.781554
79  0.000001 0.440764 0.000000  0.625606 -0.525055 -0.976917
80  0.000000 0.430558 0.000000  0.001828 0.009355 0.009438
81  -0.000000 0.438246 -0.000002  0.003716 -0.001551 0.001029
82  -0.000000 0.433549 0.000001  0.005512 0.105074 0.111318
83  -0.000000 0.454267 0.000002  -0.017847 0.222189 0.223928
84  -0.000000 0.438146 -0.000000  -0.064171 0.214184 0.195085
85  -0.000001 0.444415 -0.000001  -0.482214 0.759377 0.296701
86  -0.000002 0.422926 0.000000  -0.308045 0.303002 0.005925
87  -0.000001 0.426508 -0.000000  -0.012093 -2.862958 0.007385
88  -0.000000 0.432947 -0.000001  0.066916 -1.828287 -0.076058
time 11
0  0.000006 0.000000 0.000000  -1.570800 -1.391899 -1.570792
1  -14.692473 4.429120 -1.402812  -1.544956 -1.855077 -0.198630
2  6.027524 -0.000325 0.000189  -1.073990 -1.490037 -1.241594
3  11.692108 0.000647 -0.000739  -1.152286 -0.000028 -1.529385
4  11.480221 0.000497 -0.000693  0.337025 -0.876500 0.774413
5  3.859504 -0.142824 -1.192080  -0.603309 -0.153254 -1.645038
6  1.312590 0.000008 0.000007  -0.134332 0.005764 -0.149076
7  0.729355 0.000054 0.000049  -0.006921 -0.010127 -0.171925
8  3.942142 0.046329 -0.431543  -0.437576 0.236645 -1.080252
9  1.539111 0.000082 0.000004  -0.023906 -0.071181 -0.773682
10  1.196333 0.000145 0.000029  0.006223 0.004451 -0.725134
11  3.883514 -0.047212 0.431351  -0.279795 0.553083 -0.488973
12  1.719574 -0.000028 0.000018  0.002711 -0.070785 -0.961842
13  1.209178 0.000090 0.000012  -0.010762 -0.006973 -0.762710
14  4.085235 -0.082654 1.151009  0.025499 0.604578 -0.086052
15  1.719448 -0.000018 0.000028  -0.003946 -0.026040 -0.561722
16  1.099675 0.000048 0.000005  -0.052339 0.061959 -1.042030
17  1.073296 -1.560288 0.845352  -0.573550 -0.643010 -0.783253
18  1.789819 -0.000005 -0.000017  -0.000023 -0.004153 0.674052
19  1.207015 -0.000013 -0.000043  0.000450 -0.000019 -0.127491
20  5.740634 0.000389 -0.000698  -0.474241 0.000003 0.000063
21  11.481047 0.000281 -0.000791  -0.146982 -0.206206 0.020264
22  6.027524 -0.000327 0.000200  1.600220 -0.075304 1.526743
23  -0.000002 11.692101 -0.000008  -1.046843 -0.492305 -0.821149
24  0.000002 0.000010 0.000002  -0.283187 -0.000030 1.570739
25  0.000000 -0.000012 -0.000001  0.868960 0.000002 1.570712
26  -6.995711 -8.327120 0.175823  1.473120 1.855075 -0.198639
27  6.027512 -0.000263 -0.000215  1.925697 0.993409 -0.252854
28  11.691992 0.000159 0.000858  0.958430 0.000038 -1.371162
29  11.479918 0.000380 0.000890  -1.283892 0.392683 0.233106
30  3.859438 -0.132759 1.193065  0.518465 0.121262 -1.809733
31  1.312559 0.000025 -0.000001  -0.037758 -0.002129 -0.004215
32  0.729345 0.000065 -0.000027  -0.000669 -0.003527 -1.558125
33  3.942047 0.050139 0.431000  0.303591 -0.069501 -1.464917
34  1.539096 0.000006 -0.000001  -0.024272 -0.059621 -1.051511
35  1.196299 0.000078 -0.000004  0.006057 -0.000210 -1.452160
36  3.883414 -0.050473 -0.431084  0.066274 -0.161668 -1.376518
37  1.719563 -0.000085 -0.000004  0.020024 0.025235 -1.426330
38  1.209197 0.000035 0.000011  0.001025 -0.001817 -1.450888
39  3.859589 -0.149082 -1.331321  -0.046734 -0.202572 -1.490755
40  1.719413 -0.000098 -0.000036  0.039354 0.022568 -1.176489
41  1.099675 0.000023 0.000007  -0.000443 -0.001455 -1.603187
42  0.805984 -0.359848 -1.318338  1.454545 0.131431 -1.060598
43  1.789780 -0.000008 -0.000043  0.002529 0.001436 0.556740
44  1.206997 -0.000007 0.000005  0.000108 -0.000049 1.474235
45  5.740573 0.000079 0.000722  0.090002 -0.000014 0.000028
46  11.480928 0.000149 0.000923  0.047063 0.063265 0.023452
47  6.027514 -0.000272 -0.000227  -1.021175 -0.186738 -1.529514
48  -0.000002 11.691975 -0.000006  -0.952477 0.406363 0.759935
49  0.000003 0.000001 -0.000000  -3.052220 -0.000036 1.570860
50  -0.000008 -0.000013 0.000005  2.272645 -0.000036 1.570861
51  -6.081540 -8.323515 -4.414855  -2.711845 -0.357119 -1.460379
52  0.000000 0.000001 0.000000  0.008153 -0.000259 0.000009
53  0.000001 -0.000000 -0.000000  1.565115 0.043565 -0.106862
54  -1.581222 -14.719851 -8.189159  -1.362500 -0.234106 -1.887396
55  -0.000001 0.000000 -0.000000  0.000000 -0.000001 -0.000002
56  0.000029 0.000030 0.000001  -1.571902 -0.044449 -0.106509
57  5.076182 -16.931122 -19.405682  1.570796 -0.000000 0.000000
58  -16.319784 5.039393 -18.063972  1.570796 -0.000000 0.000000
59  -1.398505 -1.744363 -15.247355  1.570796 -0.000000 0.000000
60  -0.004311 0.001229 -0.000371  0.006898 -0.005534 -0.284229
61  0.175821 9.439070 -5.402300  1.570796 -0.000000 0.000000
62  0.000000 0.000000 0.000000  -0.078727 -3.136056 0.284226
63  0.000000 0.000000 0.000000  1.566296 -0.036280 0.003042
64  -1.896486 -8.403221 -2.888726  1.569039 0.327428 -0.014345
65  0.042352 -2.889250 0.627700  0.000000 0.000000 0.000000
66  0.042352 -0.907088 3.010189  0.000000 0.000000 0.000000
67  -1.331044 -1.025122 2.854455  0.000000 0.000000 0.000000
68  0.042353 -0.884531 23.199604  0.000000 0.000000 0.000000
69  0.042255 0.181228 5.671383  0.000000 0.000000 0.000000
70  0.000096 0.089185 -9.714658  0.000000 0.000000 0.000000
71  0.042352 -0.569288 7.155124  0.000000 0.000000 0.000000
72  -0.682762 -1.501893 3.214539  0.000000 0.000000 0.000000
73  0.074278 -0.628099 4.762587  0.000000 0.000000 0.000000
74  -3.276640 -13.097487 -6.761187  1.569039 0.327428 -0.014345
75  0.087037 3.711385 -1.378461  3.134619 0.009803 -1.432759
76  2.923889 1.668561 -1.111006  0.000000 0.000000 -0.045229
77  2.472186 0.756865 -1.370090  0.001566 0.004209 -0.247889
78  0.000000 -0.000001 -0.000001  0.003620 0.784492 0.826653
79  0.000002 0.440765 0.000001  0.604285 -0.549661 -0.925959
80  -0.000000 0.430559 -0.000001  -0.011942 0.022379 0.254528
81  -0.000000 0.438247 -0.000002  -0.027386 0.090854 -0.012083
82  -0.000000 0.433550 0.000000  0.012164 0.016092 0.047747
83  -0.000000 0.454268 -0.000003  -0.029183 0.231769 0.282035
84  -0.000000 0.438145 -0.000001  -0.038121 0.153095 0.146696
85  0.000000 0.444415 -0.000001  -0.458097 0.788349 0.273926
86  -0.000002 0.422927 -0.000000  -0.316766 0.300944 0.007616
87  -0.000002 0.426508 0.000000  0.052500 -2.865592 -0.009666
88  -0.000001 0.432947 0.000001  -0.353694 -1.847253 0.362124
time 12
0  0.000006 0.000000 0.000000  -1.570800 -1.391899 -1.570792
1  -14.692473 4.429120 -1.402812  -1.544956 -1.855077 -0.198630
2  6.027524 -0.000325 0.000189  -1.122235 -1.476435 -1.191508
3  11.692110 0.000645 -0.000741  -1.152286 -0.000029 -1.545592
4  11.480094 0.000467 -0.000768  0.310074 -0.897449 0.796811
5  3.859502 -0.142823 -1.192079  -0.603309 -0.153254 -1.645038
6  1.312591 0.000009 0.000007  -0.134332 0.005764 -0.149076
7  0.729357 0.000054 0.000050  -0.006921 -0.010127 -0.171925
8  3.942140 0.046330 -0.431542  -0.437576 0.236645 -1.080252
9  1.539111 0.000082 0.000003  -0.023906 -0.071181 -0.773682
10  1.196332 0.000145 0.000028  0.006223 0.004451 -0.725134
11  3.883511 -0.047213 0.431351  -0.279795 0.553082 -0.488973
12  1.719572 -0.000028 0.000018  0.002711 -0.070785 -0.961842
13  1.209179 0.000090 0.000012  -0.010762 -0.006973 -0.762710
14  4.085234 -0.082653 1.151009  0.025499 0.604578 -0.086052
15  1.719447 -0.000018 0.000030  -0.003946 -0.026040 -0.561722
16  1.099675 0.000046 0.000006  -0.052339 0.061959 -1.042030
17  1.073293 -1.560288 0.845353  -0.573550 -0.643010 -0.783252
18  1.789820 -0.000002 -0.000017  -0.000022 -0.004153 0.674052
19  1.207014 -0.000013 -0.000044  0.000450 -0.000019 -0.127491
20  5.740637 0.000389 -0.000700  -0.482134 0.000003 0.000064
21  11.481023 0.000275 -0.000808  -0.146649 -0.211538 0.018601
22  6.027524 -0.000327 0.000200  1.609406 -0.086208 1.528027
23  0.000001 11.692101 -0.000008  -1.056406 -0.501389 -0.827054
24  0.000003 0.000009 -0.000000  -0.283187 -0.000031 1.570739
25  0.000002 -0.000011 -0.000001  0.868960 0.000002 1.570712
26  -6.988399 -8.047627 0.152421  1.473120 1.855075 -0.198639
27  6.027511 -0.000264 -0.000217  1.905498 0.905265 -0.288133
28  11.691993 0.000159 0.000859  0.958434 0.000055 -1.586676
29  11.479623 0.000236 0.001093  -1.237111 0.472901 0.351658
30  3.859438 -0.132757 1.193064  0.514078 0.087328 -1.828473
31  1.312559 0.000025 -0.000000  -0.037895 -0.002786 -0.002063
32  0.729345 0.000064 -0.000027  -0.000895 -0.003514 -1.511164
33  3.942047 0.050139 0.431000  0.303216 -0.069088 -1.468905
34  1.539097 0.000007 -0.000001  -0.024509 -0.060069 -1.047468
35  1.196299 0.000078 -0.000004  0.006075 -0.000229 -1.451866
36  3.883413 -0.050472 -0.431085  0.065447 -0.168352 -1.416937
37  1.719563 -0.000084 -0.000004  0.020757 0.015069 -1.406873
38  1.209197 0.000035 0.000011  0.001695 -0.001685 -1.449448
39  3.859588 -0.149081 -1.331321  -0.045022 -0.208589 -1.518130
40  1.719413 -0.000097 -0.000036  0.039338 0.019845 -1.152579
41  1.099675 0.000023 0.000007  -0.000203 -0.001387 -1.728645
42  0.805983 -0.359847 -1.318339  1.453478 0.127585 -1.065947
43  1.789780 -0.000008 -0.000042  0.001877 -0.003832 0.571681
44  1.206997 -0.000007 0.000006  0.000646 -0.000197 1.472934
45  5.740572 0.000078 0.000721  0.116011 -0.000014 0.000028
46  11.480867 0.000120 0.000964  0.049533 0.082650 0.042134
47  6.027515 -0.000274 -0.000230  -0.938493 -0.223554 -1.565209
48  -0.000000 11.691977 -0.000008  -1.080518 0.524605 0.841755
49  0.000005 -0.000000 -0.000000  -3.052220 -0.000036 1.570860
50  -0.000007 -0.000014 0.000004  2.272645 -0.000036 1.570861
51  -6.044059 -6.883324 -4.372731  -2.719589 -0.339205 -1.447031
52  -0.000000 0.000001 -0.000000  0.008153 -0.000259 0.000009
53  -0.000000 0.000001 -0.000000  1.565115 0.043565 -0.106862
54  -1.536235 -14.680550 -8.350871  -1.374949 -0.217698 -1.871351
55  0.000000 -0.000001 -0.000000  0.000000 -0.000001 -0.000002
56  0.000030 0.000029 0.000001  -1.571901 -0.044449 -0.106509
57  5.190555 -16.995449 -19.664536  1.570796 -0.000000 0.000000
58  -16.319784 5.039393 -18.063972  1.570796 -0.000000 0.000000
59  -1.398505 -1.744363 -15.247355  1.570796 -0.000000 0.000000
60  -0.004311 0.001229 -0.000371  0.006898 -0.005534 -0.284229
61  0.152418 9.162738 -5.444839  1.570796 -0.000000 0.000000
62  0.000000 0.000000 0.000000  -0.078727 -3.136056 0.284226
63  0.000000 0.000000 0.000000  1.569416 -0.018090 0.003633
64  -1.899253 -8.472003 -2.927221  1.589432 0.334090 0.005535
65  0.042352 -2.889250 0.627700  -0.000000 -0.000000 0.000000
66  0.042352 -0.907088 1.190368  -0.000000 -0.000000 0.000000
67  -1.331044 -1.025122 1.347535  -0.000000 -0.000000 0.000000
68  0.042353 -0.884531 23.199602  -0.000000 -0.000000 0.000000
69  0.042255 0.181227 5.671382  -0.000000 -0.000000 0.000000
70  0.000096 0.089185 -9.714658  -0.000000 -0.000000 0.000000
71  0.042352 -0.569288 7.155122  -0.000000 -0.000000 0.000000
72  -0.682762 -1.501893 3.214538  -0.000000 -0.000000 0.000000
73  0.074278 -0.628098 4.762586  -0.000000 -0.000000 0.000000
74  -3.243295 -13.108731 -6.880855  1.589432 0.334090 0.005535
75  0.125604 3.719885 -1.374733  3.125106 -0.005327 -1.272161
76  2.923889 1.668561 -1.111006  -0.000000 0.000000 -0.129304
77  2.474302 0.802037 -1.351405  -0.000556 0.012084 -0.474101
78  -0.000002 0.000001 -0.000002  0.007539 0.789180 0.890376
79  -0.000000 0.440763 -0.000003  0.578204 -0.569447 -0.875005
80  -0.000000 0.430558 -0.000002  -0.021325 0.040800 0.478597
81  0.000000 0.438246 -0.000002  -0.056122 0.182808 -0.043266
82  0.000000 0.433550 -0.000001  0.030901 -0.071356 -0.028352
83  -0.000000 0.454266 -0.000001  -0.036553 0.240906 0.326474
84  -0.000001 0.438145 0.000002  -0.008819 0.091425 0.090825
85  -0.000001 0.444415 0.000000  -0.437320 0.816172 0.247597
86  -0.000001 0.422927 -0.000000  -0.329976 0.298279 0.006869
87  -0.000000 0.426508 -0.000000  0.125749 -2.869408 -0.030441
88  -0.000002 0.432947 -0.000001  -0.704552 -1.915980 0.732034
time 13
0  0.000006 0.000000 0.000000  -1.570800 -1.391899 -1.570792
1  -14.692473 4.429120 -1.402812  -1.544956 -1.855077 -0.198630
2  6.027524 -0.000325 0.000189  -1.179775 -1.469312 -1.150534
3  11.692107 0.000646 -0.000739  -1.152286 -0.000029 -1.546098
4  11.480088 0.000464 -0.000768  0.330868 -0.898915 0.823902
5  3.859507 -0.142823 -1.192079  -0.603309 -0.153254 -1.645038
6  1.312591 0.000009 0.000008  -0.134332 0.005764 -0.149076
7  0.729356 0.000053 0.000048  -0.006921 -0.010127 -0.171925
8  3.942143 0.046332 -0.431542  -0.437576 0.236645 -1.080252
9  1.539110 0.000082 0.000002  -0.023906 -0.071181 -0.773682
10  1.196334 0.000145 0.000028  0.006223 0.004451 -0.725134
11  3.883511 -0.047212 0.431351  -0.279795 0.553083 -0.488973
12  1.719574 -0.000027 0.000016  0.002711 -0.070785 -0.961842
13  1.209179 0.000090 0.000013  -0.010762 -0.006973 -0.762710
14  4.085237 -0.082653 1.151009  0.025499 0.604578 -0.086052
15  1.719447 -0.000018 0.000028  -0.003946 -0.026040 -0.561722
16  1.099674 0.000049 0.000005  -0.052339 0.061959 -1.042030
17  1.073297 -1.560286 0.845353  -0.573550 -0.643010 -0.783252
18  1.789819 -0.000005 -0.000018  -0.000022 -0.004153 0.674052
19  1.207016 -0.000012 -0.000043  0.000450 -0.000019 -0.127491
20  5.740634 0.000389 -0.000699  -0.483505 0.000003 0.000063
21  11.481019 0.000274 -0.000807  -0.140780 -0.212595 0.025055
22  6.027524 -0.000327 0.000200  1.617603 -0.090164 1.511014
23  -0.000001 11.692100 -0.000008  -1.056704 -0.501673 -0.827237
24  0.000005 0.000011 0.000000  -0.283187 -0.000031 1.570739
25  0.000001 -0.000012 -0.000001  0.868960 0.000002 1.570712
26  -6.926031 -7.817044 0.165030  1.473120 1.855075 -0.198639
27  6.027512 -0.000262 -0.000218  1.912670 0.903100 -0.282285
28  11.691991 0.000161 0.000857  0.958436 0.000053 -1.584417
29  11.479643 0.000243 0.001085  -1.205918 0.466056 0.357430
30  3.859437 -0.132758 1.193065  0.517805 0.061353 -1.842082
31  1.312560 0.000025 -0.000001  -0.037988 -0.004099 -0.001039
32  0.729345 0.000065 -0.000028  -0.001219 -0.003364 -1.416251
33  3.942047 0.050138 0.431000  0.302368 -0.070921 -1.469821
34  1.539097 0.000006 -0.000001  -0.024450 -0.060888 -1.037655
35  1.196301 0.000077 -0.000004  0.006139 -0.000199 -1.451149
36  3.883413 -0.050473 -0.431084  0.062542 -0.178618 -1.424612
37  1.719563 -0.000084 -0.000005  0.021142 0.009782 -1.359624
38  1.209197 0.000035 0.000011  0.002295 -0.001371 -1.445946
39  3.859589 -0.149082 -1.331321  -0.045784 -0.210410 -1.523261
40  1.719414 -0.000099 -0.000036  0.041055 0.014175 -1.099101
41  1.099673 0.000024 0.000008  -0.000032 -0.001490 -1.767500
42  0.805984 -0.359848 -1.318338  1.456464 0.127671 -1.067432
43  1.789780 -0.000009 -0.000042  0.001540 -0.006289 0.573676
44  1.206996 -0.000007 0.000005  0.001084 0.000035 1.469771
45  5.740573 0.000080 0.000720  0.121958 -0.000014 0.000028
46  11.480873 0.000122 0.000962  0.055525 0.082417 0.041880
47  6.027516 -0.000272 -0.000230  -0.935064 -0.219925 -1.565752
48  -0.000001 11.691973 -0.000005  -1.079193 0.523319 0.840958
49  0.000002 0.000001 0.000000  -3.052220 -0.000036 1.570860
50  -0.000006 -0.000013 0.000006  2.272645 -0.000036 1.570861
51  -6.110050 -7.132581 -4.320796  -2.693837 -0.335614 -1.444909
52  -0.000000 0.000001 -0.000000  0.008153 -0.000259 0.000009
53  0.000000 -0.000000 0.000000  1.565115 0.043565 -0.106862
54  -1.313014 -14.768685 -8.340704  -1.350569 -0.199653 -1.861898
55  0.000001 0.000000 -0.000000  0.000000 -0.000001 -0.000002
56  0.000031 0.000029 0.000001  -1.571901 -0.044449 -0.106509
57  5.334440 -17.063511 -19.940578  1.570796 -0.000000 0.000000
58  -16.319784 5.039393 -18.063972  1.570796 -0.000000 0.000000
59  -1.398505 -1.744363 -15.247355  1.570796 -0.000000 0.000000
60  -0.004311 0.001229 -0.000371  0.006898 -0.005534 -0.284229
61  0.165028 8.924736 -5.424497  1.570796 -0.000000 0.000000
62  0.000000 0.000000 0.000000  -0.078727 -3.136056 0.284226
63  0.000000 0.000000 0.000000  1.572045 0.000103 0.003876
64  -1.918618 -8.623322 -2.866987  1.599862 0.305868 0.023320
65  0.042352 -2.889250 0.627699  0.000000 0.000000 -0.000000
66  0.042352 -0.907088 1.190368  0.000000 0.000000 -0.000000
67  -1.331045 -1.025122 1.347537  0.000000 0.000000 -0.000000
68  0.042353 -0.884530 23.199608  0.000000 0.000000 -0.000000
69  0.042255 0.181228 5.671382  0.000000 0.000000 -0.000000
70  0.000096 0.089185 -9.714657  0.000000 0.000000 -0.000000
71  0.042352 -0.569288 7.155124  0.000000 0.000000 -0.000000
72  -0.682762 -1.501893 3.214539  0.000000 0.000000 -0.000000
73  0.074278 -0.628098 4.762587  0.000000 0.000000 -0.000000
74  -3.083397 -13.237068 -6.903516  1.599862 0.305868 0.023320
75  0.121945 3.717849 -1.374802  3.127198 -0.002354 -1.311396
76  2.923889 1.668561 -1.111006  0.000000 0.000000 -0.174533
77  2.469689 0.802012 -1.340689  -0.001963 0.011270 -0.473731
78  -0.000000 -0.000000 -0.000002  0.005259 0.789298 0.889145
79  0.000000 0.440764 -0.000000  0.576755 -0.571428 -0.874810
80  -0.000000 0.430558 0.000001  -0.021926 0.041878 0.446353
81  0.000000 0.438246 0.000002  -0.049414 0.160866 -0.028658
82  0.000000 0.433550 -0.000002  0.024322 -0.053869 -0.005324
83  -0.000000 0.454267 -0.000001  -0.035696 0.236915 0.322424
84  0.000000 0.438146 -0.000002  -0.016737 0.105923 0.105466
85  0.000001 0.444415 -0.000000  -0.440905 0.803302 0.252629
86  -0.000001 0.422927 0.000001  -0.324116 0.298305 0.007059
87  0.000000 0.426508 0.000000  0.103802 -2.868802 -0.023969
88  0.000000 0.432947 0.000000  -0.621354 -1.893286 0.642403
time 14
0  0.000006 0.000000 0.000000  -1.570800 -1.391899 -1.570792
1  -14.692473 4.429120 -1.402812  -1.544956 -1.855077 -0.198630
2  6.027524 -0.000325 0.000189  -1.227031 -1.473392 -1.128649
3  11.692108 0.000641 -0.000739  -1.152286 -0.000028 -1.531516
4  11.480204 0.000493 -0.000704  0.386141 -0.872553 0.857005
5  3.859502 -0.142822 -1.192080  -0.603309 -0.153254 -1.645038
6  1.312590 0.000009 0.000007  -0.134332 0.005764 -0.149076
7  0.729356 0.000054 0.000048  -0.006921 -0.010127 -0.171925
8  3.942141 0.046332 -0.431543  -0.437576 0.236645 -1.080252
9  1.539111 0.000082 0.000003  -0.023906 -0.071181 -0.773682
10  1.196333 0.000143 0.000028  0.006223 0.004451 -0.725134
11  3.883511 -0.047210 0.431350  -0.279795 0.553082 -0.488973
12  1.719573 -0.000026 0.000016  0.002711 -0.070785 -0.961842
13  1.209178 0.000091 0.000013  -0.010762 -0.006973 -0.762710
14  4.085233 -0.082652 1.151008  0.025499 0.604578 -0.086052
15  1.719450 -0.000017 0.000030  -0.003946 -0.026040 -0.561722
16  1.099674 0.000049 0.000004  -0.052339 0.061959 -1.042030
17  1.073295 -1.560286 0.845352  -0.573550 -0.643010 -0.783252
18  1.789819 -0.000004 -0.000019  -0.000023 -0.004153 0.674052
19  1.207016 -0.000014 -0.000044  0.000450 -0.000019 -0.127491
20  5.740636 0.000389 -0.000699  -0.474324 0.000003 0.000063
21  11.481043 0.000280 -0.000794  -0.132603 -0.208647 0.039611
22  6.027524 -0.000327 0.000200  1.619752 -0.084328 1.485689
23  0.000002 11.692101 -0.000008  -1.048102 -0.493496 -0.821930
24  0.000003 0.000009 0.000001  -0.283187 -0.000031 1.570739
25  0.000001 -0.000012 -0.000000  0.868960 0.000002 1.570712
26  -6.821540 -7.589178 0.203542  1.473120 1.855075 -0.198639
27  6.027511 -0.000264 -0.000217  1.908159 0.891638 -0.287047
28  11.691991 0.000162 0.000858  0.846869 0.000053 -1.580739
29  11.479668 0.000129 0.001094  -1.049661 0.438568 0.383361
30  3.859437 -0.132758 1.193065  0.541174 0.022166 -1.802002
31  1.312559 0.000024 -0.000001  -0.037558 -0.006486 -0.007426
32  0.729346 0.000063 -0.000028  -0.001364 -0.002727 -1.220420
33  3.942046 0.050139 0.431000  0.299763 -0.099766 -1.402529
34  1.539097 0.000006 -0.000001  -0.024297 -0.062328 -0.984958
35  1.196299 0.000078 -0.000004  0.006309 -0.000067 -1.340769
36  3.883413 -0.050472 -0.431084  0.050706 -0.194192 -1.342378
37  1.719564 -0.000084 -0.000005  0.023697 0.010445 -1.249142
38  1.209197 0.000035 0.000011  0.002702 -0.001479 -1.307339
39  3.859588 -0.149082 -1.331321  -0.053850 -0.208265 -1.435853
40  1.719413 -0.000097 -0.000036  0.053369 0.004054 -0.963078
41  1.099674 0.000024 0.000008  0.000245 -0.001954 -1.620822
42  0.829583 -0.344919 -1.300689  1.471992 0.238840 -1.027004
43  1.789780 -0.000008 -0.000042  -0.001493 -0.005275 0.517145
44  1.206996 -0.000007 0.000006  0.007024 0.020311 1.187730
45  5.740571 0.000079 0.000720  0.154306 -0.000014 0.000028
46  11.480877 0.000100 0.000963  0.085458 0.082930 0.040130
47  6.027515 -0.000274 -0.000228  -0.924615 -0.225878 -1.569297
48  0.000000 11.691975 -0.000006  -1.077029 0.521227 0.839663
49  0.000002 0.000001 -0.000000  3.119400 -0.000036 1.570860
50  -0.000007 -0.000013 0.000004  2.272645 -0.000036 1.570861
51  -6.225332 -7.426829 -4.412497  -2.635231 -0.346103 -1.471034
52  -0.000000 -0.000001 -0.000000  0.008153 -0.000259 0.000009
53  -0.000000 0.000000 0.000000  1.565115 0.043565 -0.106862
54  -1.036299 -14.918436 -8.163431  -1.290464 -0.181060 -1.874598
55  -0.000002 0.000001 -0.000001  0.000000 -0.000001 -0.000002
56  0.000027 0.000030 0.000000  -1.571902 -0.044449 -0.106509
57  5.503818 -17.134068 -20.228630  1.570796 -0.000000 0.000000
58  -16.319784 5.039393 -18.063972  1.570796 -0.000000 0.000000
59  -1.398505 -1.744363 -15.247355  1.570796 -0.000000 0.000000
60  -0.004311 0.001229 -0.000371  0.006898 -0.005534 -0.284229
61  0.203540 8.681913 -5.362222  1.570796 -0.000000 0.000000
62  0.000000 0.000000 0.000000  -0.078727 -3.136056 0.284226
63  0.000000 0.000000 0.000000  1.573128 -0.002593 0.003846
64  -1.971181 -8.774643 -2.734470  1.598906 0.243998 0.021737
65  0.042352 -2.889251 0.627700  0.000000 -0.000000 -0.000000
66  0.042352 -0.907088 1.190368  0.000000 -0.000000 -0.000000
67  -1.331044 -1.025122 1.347535  0.000000 -0.000000 -0.000000
68  0.042353 -0.884531 23.199606  0.000000 -0.000000 -0.000000
69  0.042255 0.181227 5.671383  0.000000 -0.000000 -0.000000
70  0.000096 0.089185 -9.714656  0.000000 -0.000000 -0.000000
71  0.042352 -0.569288 7.155123  0.000000 -0.000000 -0.000000
72  -0.682762 -1.501893 3.214539  0.000000 -0.000000 -0.000000
73  0.074279 -0.628099 4.762586  0.000000 -0.000000 -0.000000
74  -2.890160 -13.385077 -6.837676  1.598906 0.243998 0.021737
75  0.112513 3.713009 -1.375026  3.131722 0.005086 -1.405363
76  2.923889 1.668561 -1.111007  0.000000 -0.000000 -0.174533
77  2.458687 0.801829 -1.334190  -0.003926 0.010527 -0.470379
78  0.000000 0.000000 -0.000001  0.002343 0.789787 0.890449
79  0.000001 0.440764 0.000000  0.573213 -0.575190 -0.873273
80  0.000000 0.430558 -0.000002  -0.022921 0.040732 0.365675
81  0.000000 0.438247 -0.000001  -0.032601 0.109044 0.005279
82  -0.000000 0.433550 0.000001  0.011707 -0.010179 0.049602
83  -0.000001 0.454268 0.000000  -0.033000 0.228733 0.311649
84  -0.000001 0.438145 0.000002  -0.035182 0.142207 0.139238
85  -0.000001 0.444415 -0.000001  -0.449395 0.774029 0.263517
86  0.000000 0.422926 0.000000  -0.309390 0.299801 0.007060
87  -0.000001 0.426508 0.000000  0.051647 -2.866572 -0.009947
88  -0.000001 0.432947 -0.000001  -0.377308 -1.850679 0.386507
time 15
0  0.000006 0.000000 0.000000  -1.570800 -1.391899 -1.570792
1  -14.692473 4.429120 -1.402812  -1.544956 -1.855077 -0.198630
2  6.027524 -0.000325 0.000189  -1.276170 -1.480976 -1.100353
3  11.692108 0.000641 -0.000739  -1.152286 -0.000028 -1.520613
4  11.480289 0.000516 -0.000653  0.431669 -0.851195 0.897273
5  3.859503 -0.142824 -1.192080  -0.603309 -0.153254 -1.645038
6  1.312590 0.000009 0.000007  -0.134332 0.005764 -0.149076
7  0.729355 0.000053 0.000047  -0.006921 -0.010127 -0.171925
8  3.942140 0.046331 -0.431543  -0.437577 0.236645 -1.080252
9  1.539110 0.000083 0.000004  -0.023906 -0.071181 -0.773682
10  1.196333 0.000144 0.000028  0.006223 0.004451 -0.725134
11  3.883510 -0.047212 0.431350  -0.279795 0.553083 -0.488974
12  1.719574 -0.000026 0.000018  0.002711 -0.070785 -0.961842
13  1.209179 0.000089 0.000013  -0.010762 -0.006973 -0.762710
14  4.085233 -0.082654 1.151008  0.025499 0.604578 -0.086052
15  1.719449 -0.000019 0.000031  -0.003946 -0.026040 -0.561722
16  1.099674 0.000049 0.000007  -0.052339 0.061959 -1.042030
17  1.073293 -1.560288 0.845352  -0.573550 -0.643010 -0.783253
18  1.789819 -0.000004 -0.000018  -0.000022 -0.004153 0.674052
19  1.207016 -0.000012 -0.000043  0.000450 -0.000019 -0.127491
20  5.740634 0.000388 -0.000698  -0.466569 0.000003 0.000063
21  11.481060 0.000283 -0.000783  -0.124750 -0.205906 0.053655
22  6.027524 -0.000327 0.000200  1.619689 -0.075463 1.465066
23  0.000002 11.692099 -0.000008  -1.041662 -0.487409 -0.817924
24  0.000005 0.000009 0.000001  -0.283187 -0.000031 1.570738
25  0.000001 -0.000012 0.000000  0.868960 0.000002 1.570712
26  -6.679372 -7.375424 0.266314  1.473120 1.855075 -0.198639
27  6.027511 -0.000262 -0.000218  1.847883 0.857678 -0.333142
28  11.691994 0.000162 0.000858  0.515142 0.000054 -1.583520
29  11.479646 -0.000249 0.001083  -1.221256 0.523366 0.349541
30  3.859438 -0.132757 1.193065  0.584108 -0.064629 -1.673771
31  1.312559 0.000027 -0.000001  -0.036339 -0.010242 -0.025480
32  0.729346 0.000064 -0.000028  -0.000833 -0.001425 -0.868388
33  3.942048 0.050140 0.431000  0.283747 -0.175586 -1.205866
34  1.539096 0.000007 -0.000001  -0.024248 -0.064517 -0.858685
35  1.196301 0.000077 -0.000004  0.006637 0.000138 -1.015031
36  3.883415 -0.050472 -0.431085  0.016913 -0.213906 -1.103210
37  1.719564 -0.000085 -0.000004  0.031137 0.012924 -1.045850
38  1.209198 0.000035 0.000011  0.002604 -0.002335 -0.891070
39  3.859589 -0.149081 -1.331322  -0.075775 -0.198264 -1.182451
40  1.719413 -0.000098 -0.000035  0.080977 -0.017035 -0.696580
41  1.099674 0.000024 0.000007  0.000276 -0.002855 -1.161570
42  0.898270 -0.301470 -1.249323  1.521470 0.479861 -0.916506
43  1.789780 -0.000008 -0.000042  -0.010971 -0.000176 0.395936
44  1.206996 -0.000006 0.000005  -0.002412 0.074763 0.497337
45  5.740572 0.000078 0.000721  0.124865 -0.000014 0.000028
46  11.480873 0.000024 0.000962  0.050340 0.092890 0.039160
47  6.027515 -0.000273 -0.000230  -0.903377 -0.273025 -1.574373
48  -0.000001 11.691978 -0.000008  -1.078664 0.522808 0.840643
49  0.000002 0.000002 -0.000000  2.787673 -0.000036 1.570860
50  -0.000008 -0.000013 0.000004  2.272645 -0.000036 1.570861
51  -6.245252 -7.747848 -5.118378  0.153437 -2.652425 1.465413
52  -0.000000 -0.000000 -0.000000  0.008153 -0.000259 0.000009
53  0.000000 0.000001 -0.000000  1.565115 0.043565 -0.106862
54  -0.805314 -14.988176 -7.963964  -1.230284 -0.161813 -1.886904
55  0.000000 -0.000000 -0.000000  0.000000 -0.000001 -0.000002
56  0.000029 0.000028 0.000001  -1.571901 -0.044449 -0.106509
57  5.692994 -17.205544 -20.522114  1.570796 -0.000000 0.000000
58  -16.319784 5.039393 -18.063972  1.570796 -0.000000 0.000000
59  -1.398505 -1.744363 -15.247355  1.570796 -0.000000 0.000000
60  -0.004311 0.001229 -0.000371  0.006898 -0.005534 -0.284229
61  0.266312 8.446273 -5.260359  1.570796 -0.000000 0.000000
62  0.000000 0.000000 0.000000  -0.078727 -3.136056 0.284226
63  0.000000 0.000000 0.000000  1.573064 -0.007595 0.003652
64  -2.064159 -8.843425 -2.601954  1.597834 0.181665 0.019475
65  0.042352 -2.889250 0.627699  0.000000 -0.000000 0.000000
66  0.042352 -0.907088 1.190368  0.000000 -0.000000 0.000000
67  -1.331044 -1.025122 1.347536  0.000000 -0.000000 0.000000
68  0.042353 -0.884531 23.199598  0.000000 -0.000000 0.000000
69  0.042255 0.181228 5.671382  0.000000 -0.000000 0.000000
70  0.000096 0.089185 -9.714657  0.000000 -0.000000 0.000000
71  0.042352 -0.569288 7.155122  0.000000 -0.000000 0.000000
72  -0.682762 -1.501893 3.214538  0.000000 -0.000000 0.000000
73  0.074278 -0.628099 4.762587  0.000000 -0.000000 0.000000
74  -2.735058 -13.451264 -6.755822  1.597834 0.181665 0.019475
75  0.099622 3.707274 -1.375434  3.136191 0.014500 -1.517797
76  2.923889 1.668561 -1.111006  0.000000 -0.000000 -0.174533
77  2.445555 0.801337 -1.330853  -0.006158 0.009583 -0.459655
78  -0.000000 0.000001 0.000000  -0.001183 0.790702 0.898670
79  -0.000000 0.440764 -0.000002  0.569015 -0.578555 -0.872159
80  -0.000000 0.430558 -0.000000  -0.022623 0.038178 0.260866
81  0.000000 0.438247 -0.000001  -0.011361 0.046831 0.041708
82  0.000000 0.433550 -0.000000  0.002915 0.043741 0.113599
83  0.000000 0.454267 -0.000001  -0.028357 0.219740 0.296362
84  0.000000 0.438145 -0.000000  -0.056285 0.186837 0.178030
85  -0.000000 0.444415 0.000003  -0.459910 0.739930 0.275787
86  0.000001 0.422927 -0.000001  -0.291730 0.302317 0.006891
87  -0.000001 0.426508 -0.000000  -0.009311 -2.864252 0.005659
88  0.000001 0.432947 0.000001  -0.015536 -1.829397 0.012998
time 16
0  0.000006 0.000000 0.000000  -1.570800 -1.391899 -1.570792
1  -14.692473 4.429120 -1.402812  -1.544956 -1.855077 -0.198630
2  6.027524 -0.000325 0.000189  -1.302197 -1.487080 -1.077987
3  11.692107 0.000641 -0.000739  -1.152285 -0.000027 -1.518875
4  11.480300 0.000519 -0.000647  0.442820 -0.844315 0.919819
5  3.859502 -0.142825 -1.192080  -0.603309 -0.153254 -1.645038
6  1.312591 0.000009 0.000007  -0.134332 0.005764 -0.149076
7  0.729355 0.000055 0.000050  -0.006921 -0.010127 -0.171925
8  3.942140 0.046331 -0.431543  -0.437576 0.236645 -1.080252
9  1.539110 0.000084 0.000004  -0.023906 -0.071181 -0.773682
10  1.196332 0.000144 0.000028  0.006223 0.004451 -0.725134
11  3.883510 -0.047213 0.431351  -0.279795 0.553082 -0.488973
12  1.719573 -0.000026 0.000020  0.002711 -0.070785 -0.961842
13  1.209180 0.000091 0.000013  -0.010762 -0.006973 -0.762710
14  4.085234 -0.082654 1.151008  0.025499 0.604578 -0.086052
15  1.719451 -0.000018 0.000028  -0.003946 -0.026040 -0.561722
16  1.099676 0.000049 0.000007  -0.052338 0.061959 -1.042030
17  1.073293 -1.560288 0.845352  -0.573550 -0.643010 -0.783252
18  1.789819 -0.000003 -0.000018  -0.000022 -0.004153 0.674052
19  1.207018 -0.000014 -0.000043  0.000450 -0.000019 -0.127491
20  5.740634 0.000388 -0.000701  -0.465257 0.000003 0.000063
21  11.481063 0.000283 -0.000784  -0.122002 -0.205674 0.059457
22  6.027524 -0.000327 0.000200  1.618169 -0.069135 1.461615
23  0.000001 11.692101 -0.000010  -1.040635 -0.486441 -0.817283
24  0.000004 0.000007 -0.000000  -0.283187 -0.000031 1.570738
25  0.000002 -0.000012 -0.000001  0.868960 0.000002 1.570712
26  -6.512451 -7.190209 0.346826  1.473120 1.855075 -0.198639
27  6.027511 -0.000262 -0.000218  1.796602 0.820933 -0.372376
28  11.691990 0.000160 0.000858  0.073551 0.000055 -1.601781
29  11.479516 -0.000758 0.000881  -1.476169 0.595851 0.331124
30  3.859437 -0.132759 1.193065  0.619720 -0.176249 -1.506268
31  1.312559 0.000025 -0.000001  -0.034701 -0.014291 -0.048684
32  0.729345 0.000064 -0.000028  0.000487 -0.000245 -0.463256
33  3.942046 0.050138 0.431000  0.240932 -0.265658 -0.942846
34  1.539097 0.000005 -0.000001  -0.024546 -0.066840 -0.701625
35  1.196301 0.000080 -0.000003  0.007078 0.000225 -0.582493
36  3.883413 -0.050473 -0.431084  -0.030204 -0.222369 -0.789222
37  1.719564 -0.000084 -0.000005  0.041265 0.014508 -0.810471
38  1.209198 0.000035 0.000010  0.001640 -0.003258 -0.326997
39  3.859587 -0.149082 -1.331321  -0.099315 -0.177657 -0.851875
40  1.719413 -0.000098 -0.000036  0.108199 -0.049572 -0.381913
41  1.099673 0.000023 0.000007  -0.000358 -0.003731 -0.527429
42  0.997007 -0.239012 -1.175479  1.571356 0.599600 -0.828490
43  1.789780 -0.000009 -0.000043  -0.023190 0.010761 0.339264
44  1.206997 -0.000007 0.000005  -0.028092 0.113492 0.043476
45  5.740573 0.000078 0.000721  0.073170 -0.000014 0.000028
46  11.480846 -0.000078 0.000922  0.000728 0.099410 0.048698
47  6.027515 -0.000273 -0.000228  -0.879360 -0.317690 -1.582428
48  -0.000002 11.691974 -0.000007  -1.089393 0.533228 0.847027
49  0.000003 -0.000001 -0.000002  2.346081 -0.000036 1.570860
50  -0.000007 -0.000013 0.000004  2.272645 -0.000036 1.570861
51  -6.204972 -7.870384 -5.690371  -0.364336 -2.394985 1.312909
52  0.000000 -0.000000 0.000000  0.008153 -0.000259 0.000009
53  -0.000000 -0.000000 -0.000000  1.565115 0.043565 -0.106862
54  -0.758528 -14.955523 -7.863581  -1.202808 -0.153243 -1.892973
55  0.000001 -0.000000 -0.000000  0.000000 -0.000001 -0.000002
56  0.000030 0.000029 0.000001  -1.571901 -0.044449 -0.106509
57  5.894770 -17.276134 -20.813351  1.570796 -0.000000 0.000000
58  -16.319784 5.039393 -18.063972  1.570796 -0.000000 0.000000
59  -1.398505 -1.744363 -15.247355  1.570796 -0.000000 0.000000
60  -0.004311 0.001229 -0.000371  0.006898 -0.005534 -0.284229
61  0.346825 8.234311 -5.129060  1.570796 -0.000000 0.000000
62  0.000000 0.000000 0.000000  -0.078727 -3.136056 0.284226
63  0.000000 0.000000 0.000000  1.572847 -0.010288 0.003138
64  -2.158580 -8.806421 -2.541719  1.596918 0.153222 0.017563
65  0.042352 -2.889250 0.627702  -0.000000 -0.000000 0.000000
66  0.042352 -0.907088 1.190369  -0.000000 -0.000000 0.000000
67  -1.331044 -1.025122 1.347537  -0.000000 -0.000000 0.000000
68  0.042353 -0.884531 23.199606  -0.000000 -0.000000 0.000000
69  0.042255 0.181228 5.671383  -0.000000 -0.000000 0.000000
70  0.000096 0.089184 -9.714657  -0.000000 -0.000000 0.000000
71  0.042352 -0.569288 7.155125  -0.000000 -0.000000 0.000000
72  -0.682762 -1.501893 3.214539  -0.000000 -0.000000 0.000000
73  0.074279 -0.628099 4.762588  -0.000000 -0.000000 0.000000
74  -2.719151 -13.414746 -6.711374  1.596918 0.153222 0.017563
75  0.085588 3.702549 -1.376055  -0.002497 3.118880 1.529848
76  2.923889 1.668561 -1.111006  0.000000 -0.000000 -0.174533
77  2.434553 0.800377 -1.329624  -0.008710 0.008737 -0.444983
78  0.000000 -0.000000 0.000000  -0.005042 0.791964 0.910590
79  0.000000 0.440763 0.000000  0.565202 -0.580934 -0.871163
80  -0.000000 0.430558 -0.000001  -0.019528 0.035492 0.165590
81  0.000000 0.438247 0.000000  0.007816 -0.005524 0.069168
82  -0.000000 0.433550 0.000001  0.000992 0.089702 0.165843
83  0.000000 0.454267 0.000001  -0.023197 0.212601 0.281019
84  0.000000 0.438145 -0.000001  -0.073204 0.224915 0.208578
85  0.000000 0.444415 -0.000000  -0.469534 0.711711 0.284849
86  -0.000001 0.422926 0.000001  -0.276988 0.304952 0.006282
87  0.000002 0.426509 0.000000  -0.058842 -2.862391 0.018054
88  -0.000001 0.432947 -0.000000  0.288051 -1.839101 -0.300049
time 17
0  0.000006 0.000000 0.000000  -1.570800 -1.391899 -1.570792
1  -14.692473 4.429120 -1.402812  -1.544956 -1.855077 -0.198630
2  6.027524 -0.000325 0.000189  -1.318086 -1.488297 -1.055336
3  11.692107 0.000644 -0.000739  -1.152286 -0.000028 -1.525630
4  11.480249 0.000505 -0.000677  0.430175 -0.847035 0.925469
5  3.859503 -0.142823 -1.192080  -0.603309 -0.153254 -1.645038
6  1.312590 0.000010 0.000008  -0.134332 0.005764 -0.149076
7  0.729355 0.000055 0.000049  -0.006921 -0.010127 -0.171925
8  3.942141 0.046331 -0.431543  -0.437576 0.236645 -1.080252
9  1.539109 0.000083 0.000005  -0.023906 -0.071181 -0.773682
10  1.196333 0.000147 0.000027  0.006223 0.004451 -0.725134
11  3.883511 -0.047212 0.431350  -0.279795 0.553082 -0.488973
12  1.719574 -0.000028 0.000018  0.002711 -0.070785 -0.961842
13  1.209178 0.000090 0.000012  -0.010762 -0.006973 -0.762710
14  4.085236 -0.082653 1.151008  0.025499 0.604578 -0.086051
15  1.719450 -0.000019 0.000029  -0.003946 -0.026040 -0.561722
16  1.099675 0.000048 0.000004  -0.052339 0.061959 -1.042030
17  1.073294 -1.560288 0.845351  -0.573550 -0.643010 -0.783252
18  1.789820 -0.000002 -0.000018  -0.000022 -0.004153 0.674052
19  1.207017 -0.000012 -0.000043  0.000450 -0.000019 -0.127491
20  5.740637 0.000387 -0.000699  -0.468979 0.000003 0.000063
21  11.481053 0.000280 -0.000788  -0.123186 -0.207007 0.058840
22  6.027524 -0.000327 0.000200  1.618554 -0.067382 1.468405
23  0.000002 11.692101 -0.000009  -1.044625 -0.490207 -0.819771
24  0.000004 0.000010 0.000001  -0.283187 -0.000031 1.570738
25  0.000002 -0.000012 -0.000000  0.868960 0.000002 1.570712
26  -6.340920 -7.046711 0.434045  1.473120 1.855075 -0.198639
27  6.027511 -0.000262 -0.000219  1.800831 0.805960 -0.374062
28  11.691991 0.000160 0.000857  -0.258176 0.000057 -1.631638
29  11.479316 -0.001110 0.000557  -1.366897 0.515630 0.430357
30  3.859437 -0.132759 1.193065  0.633394 -0.263325 -1.375064
31  1.312559 0.000025 -0.000001  -0.033371 -0.017187 -0.066764
32  0.729346 0.000065 -0.000027  0.001728 0.000222 -0.175270
33  3.942047 0.050139 0.431001  0.191634 -0.325119 -0.733621
34  1.539097 0.000006 -0.000000  -0.025001 -0.068446 -0.581639
35  1.196300 0.000079 -0.000005  0.007392 0.000165 -0.257225
36  3.883413 -0.050472 -0.431084  -0.065801 -0.217690 -0.548958
37  1.719565 -0.000084 -0.000004  0.049204 0.014331 -0.637321
38  1.209197 0.000035 0.000012  0.000605 -0.003497 0.086966
39  3.859588 -0.149082 -1.331321  -0.111916 -0.157488 -0.600797
40  1.719412 -0.000098 -0.000037  0.122087 -0.077807 -0.151808
41  1.099674 0.000024 0.000008  -0.001081 -0.003977 -0.068174
42  1.095747 -0.176552 -1.101636  1.576110 0.608981 -0.797463
43  1.789780 -0.000008 -0.000042  -0.037415 0.041438 0.437214
44  1.206997 -0.000006 0.000006  -0.038242 0.147902 -0.134373
45  5.740573 0.000079 0.000720  0.087101 -0.000014 0.000028
46  11.480808 -0.000148 0.000856  0.020627 0.087863 0.063253
47  6.027516 -0.000273 -0.000229  -0.863516 -0.320196 -1.592155
48  -0.000000 11.691973 -0.000006  -1.106914 0.550391 0.857269
49  0.000004 0.000000 0.000000  2.014354 -0.000036 1.570860
50  -0.000007 -0.000014 0.000004  2.272645 -0.000036 1.570861
51  -6.171536 -7.785303 -5.507898  -0.571575 -2.291467 1.327782
52  -0.000000 -0.000000 0.000001  0.008153 -0.000259 0.000009
53  0.000000 -0.000000 0.000000  1.565115 0.043565 -0.106862
54  -0.809891 -14.869900 -7.868799  -1.202853 -0.154349 -1.893956
55  0.000000 0.000001 0.000000  0.000000 -0.000001 -0.000002
56  0.000029 0.000029 0.000001  -1.571902 -0.044449 -0.106509
57  6.100871 -17.343903 -21.094120  1.570796 -0.000000 0.000000
58  -16.319784 5.039393 -18.063972  1.570796 -0.000000 0.000000
59  -1.398505 -1.744363 -15.247355  1.570796 -0.000000 0.000000
60  -0.004311 0.001229 -0.000371  0.006898 -0.005534 -0.284229
61  0.434044 8.062580 -4.985801  1.570796 -0.000000 0.000000
62  0.000000 0.000000 0.000000  -0.078727 -3.136056 0.284226
63  0.000000 0.000000 0.000000  1.572405 -0.010138 0.002182
64  -2.201761 -8.713911 -2.552758  1.595877 0.153632 0.016414
65  0.042352 -2.889250 0.627701  0.000000 0.000000 0.000000
66  0.042351 -0.907087 1.190369  0.000000 0.000000 0.000000
67  -1.331044 -1.025121 1.347537  0.000000 0.000000 0.000000
68  0.042353 -0.884531 23.199606  0.000000 0.000000 0.000000
69  0.042255 0.181228 5.671384  0.000000 0.000000 0.000000
70  0.000096 0.089185 -9.714658  0.000000 0.000000 0.000000
71  0.042352 -0.569288 7.155123  0.000000 0.000000 0.000000
72  -0.682762 -1.501893 3.214539  0.000000 0.000000 0.000000
73  0.074278 -0.628098 4.762588  0.000000 0.000000 0.000000
74  -2.768534 -13.325993 -6.717418  1.595877 0.153632 0.016414
75  0.072724 3.700739 -1.376910  -0.001514 3.115378 1.490637
76  2.923889 1.668561 -1.111005  0.000000 0.000000 -0.174533
77  2.429940 0.798796 -1.329445  -0.010486 0.008139 -0.435672
78  0.000000 -0.000000 0.000000  -0.007740 0.792816 0.917970
79  -0.000002 0.440763 -0.000001  0.562348 -0.582822 -0.869307
80  -0.000000 0.430558 -0.000000  -0.014128 0.034058 0.120072
81  -0.000000 0.438247 0.000000  0.015931 -0.027423 0.081328
82  0.000000 0.433549 0.000001  0.001342 0.109154 0.186662
83  0.000000 0.454268 0.000001  -0.020824 0.209785 0.272611
84  -0.000000 0.438145 -0.000000  -0.079842 0.241050 0.219463
85  0.000001 0.444415 0.000001  -0.474197 0.699891 0.287689
86  -0.000000 0.422926 -0.000001  -0.270163 0.306361 0.005985
87  -0.000002 0.426508 -0.000000  -0.078849 -2.861513 0.023407
88  -0.000000 0.432947 -0.000000  0.397032 -1.849086 -0.413550
time 18
0  0.000006 0.000000 0.000000  -1.570800 -1.391899 -1.570792
1  -14.692473 4.429120 -1.402812  -1.544956 -1.855077 -0.198630
2  6.027524 -0.000325 0.000189  -1.360927 -1.489033 -1.012351
3  11.692110 0.000641 -0.000738  -1.152286 -0.000028 -1.531880
4  11.480202 0.000494 -0.000705  0.432153 -0.846944 0.920423
5  3.859503 -0.142824 -1.192080  -0.603309 -0.153254 -1.645038
6  1.312589 0.000010 0.000008  -0.134332 0.005764 -0.149076
7  0.729356 0.000054 0.000048  -0.006921 -0.010127 -0.171925
8  3.942141 0.046330 -0.431543  -0.437576 0.236645 -1.080252
9  1.539110 0.000082 0.000003  -0.023906 -0.071181 -0.773682
10  1.196333 0.000145 0.000028  0.006223 0.004451 -0.725134
11  3.883511 -0.047212 0.431351  -0.279795 0.553082 -0.488973
12  1.719573 -0.000029 0.000018  0.002711 -0.070786 -0.961842
13  1.209178 0.000089 0.000013  -0.010762 -0.006973 -0.762710
14  4.085236 -0.082654 1.151009  0.025499 0.604578 -0.086052
15  1.719448 -0.000019 0.000028  -0.003946 -0.026040 -0.561722
16  1.099675 0.000048 0.000006  -0.052339 0.061959 -1.042030
17  1.073294 -1.560288 0.845352  -0.573550 -0.643010 -0.783252
18  1.789820 -0.000002 -0.000017  -0.000022 -0.004153 0.674052
19  1.207014 -0.000014 -0.000044  0.000450 -0.000019 -0.127491
20  5.740638 0.000388 -0.000700  -0.472574 0.000003 0.000063
21  11.481046 0.000278 -0.000793  -0.123305 -0.206609 0.058185
22  6.027524 -0.000327 0.000200  1.620940 -0.064695 1.468536
23  0.000001 11.692101 -0.000008  -1.048317 -0.493700 -0.822063
24  0.000004 0.000010 0.000000  -0.283187 -0.000031 1.570739
25  0.000001 -0.000011 -0.000000  0.868960 0.000002 1.570712
26  -6.185620 -6.951776 0.515920  1.473120 1.855075 -0.198639
27  6.027510 -0.000263 -0.000218  1.810817 0.815114 -0.367724
28  11.691993 0.000163 0.000856  -0.369741 0.000059 -1.652973
29  11.479174 -0.001234 0.000403  -1.375127 0.468530 0.446615
30  3.859437 -0.132760 1.193066  0.635271 -0.293793 -1.328280
31  1.312559 0.000025 -0.000001  -0.032888 -0.018169 -0.073183
32  0.729345 0.000064 -0.000027  0.002174 0.000294 -0.080014
33  3.942047 0.050137 0.431000  0.171385 -0.343224 -0.659259
34  1.539098 0.000005 -0.000002  -0.025202 -0.068973 -0.539630
35  1.196300 0.000078 -0.000004  0.007489 0.000123 -0.147616
36  3.883413 -0.050473 -0.431085  -0.077516 -0.213950 -0.466096
37  1.719564 -0.000085 -0.000005  0.051970 0.013988 -0.578066
38  1.209197 0.000035 0.000011  0.000243 -0.003475 0.221846
39  3.859589 -0.149083 -1.331321  -0.115012 -0.149907 -0.514592
40  1.719411 -0.000098 -0.000037  0.125461 -0.087977 -0.073904
41  1.099674 0.000023 0.000008  -0.001325 -0.003973 0.078506
42  1.164432 -0.133104 -1.050269  1.554666 0.610984 -0.785626
43  1.789780 -0.000008 -0.000042  -0.044123 0.092497 0.653210
44  1.206996 -0.000005 0.000006  -0.035752 0.185720 -0.213997
45  5.740572 0.000080 0.000721  0.085510 -0.000014 0.000028
46  11.480778 -0.000172 0.000826  0.020763 0.078548 0.067999
47  6.027514 -0.000273 -0.000228  -0.870078 -0.310593 -1.591019
48  -0.000000 11.691976 -0.000006  -1.119421 0.562747 0.864436
49  0.000003 0.000001 -0.000001  1.902788 -0.000036 1.570860
50  -0.000007 -0.000014 0.000005  2.272645 -0.000036 1.570861
51  -5.923609 -7.709188 -5.094554  -0.697456 -2.242573 1.376930
52  -0.000001 -0.000000 0.000001  0.008153 -0.000259 0.000009
53  0.000000 -0.000000 -0.000000  1.565115 0.043565 -0.106862
54  -0.772869 -14.800848 -7.840834  -1.202268 -0.164409 -1.893904
55  0.000002 0.000001 0.000000  0.000000 -0.000001 -0.000002
56  0.000032 0.000030 0.000001  -1.571901 -0.044449 -0.106509
57  6.302647 -17.406971 -21.356354  1.570796 -0.000000 0.000000
58  -16.319784 5.039393 -18.063972  1.570796 -0.000000 0.000000
59  -1.398505 -1.744363 -15.247355  1.570796 -0.000000 0.000000
60  -0.004311 0.001229 -0.000371  0.006898 -0.005534 -0.284229
61  0.515919 7.941525 -4.849873  1.570796 -0.000000 0.000000
62  0.000000 0.000000 0.000000  -0.078727 -3.136056 0.284226
63  0.000000 0.000000 0.000000  1.571658 -0.009099 0.001023
64  -2.151636 -8.593647 -2.581227  1.586080 0.156432 0.015047
65  0.042352 -2.889250 0.627699  -0.000000 -0.000000 0.000000
66  0.042352 -0.907087 1.190368  -0.000000 -0.000000 0.000000
67  -1.331044 -1.025122 1.347535  -0.000000 -0.000000 0.000000
68  0.042353 -0.884531 23.199604  -0.000000 -0.000000 0.000000
69  0.042255 0.181228 5.671383  -0.000000 -0.000000 0.000000
70  0.000096 0.089184 -9.714658  -0.000000 -0.000000 0.000000
71  0.042352 -0.569288 7.155123  -0.000000 -0.000000 0.000000
72  -0.682762 -1.501893 3.214538  -0.000000 -0.000000 0.000000
73  0.074278 -0.628099 4.762586  -0.000000 -0.000000 0.000000
74  -2.728701 -13.246078 -6.699334  1.586080 0.156432 0.015047
75  0.062838 3.701145 -1.378091  -0.001357 3.115369 1.496646
76  2.923889 1.668561 -1.111005  -0.000000 -0.000000 -0.174533
77  2.429941 0.793652 -1.333097  -0.008691 0.003932 -0.404072
78  -0.000000 0.000001 -0.000001  -0.008342 0.792131 0.909391
79  0.000001 0.440762 -0.000000  0.566100 -0.580133 -0.875479
80  0.000000 0.430557 -0.000001  -0.008253 0.030168 0.107628
81  -0.000000 0.438247 -0.000001  0.013757 -0.023006 0.078190
82  0.000000 0.433550 -0.000000  0.001829 0.108844 0.180748
83  0.000000 0.454266 -0.000001  -0.020690 0.212147 0.268661
84  -0.000000 0.438146 -0.000000  -0.077631 0.237225 0.216989
85  0.000001 0.444415 0.000001  -0.475574 0.709179 0.289084
86  -0.000000 0.422927 0.000000  -0.272405 0.305765 0.006361
87  -0.000000 0.426508 0.000000  -0.074069 -2.862037 0.022721
88  0.000000 0.432947 0.000001  0.372979 -1.846913 -0.389610
time 19
0  0.000006 0.000000 0.000000  -1.570800 -1.391899 -1.570792
1  -14.692473 4.429120 -1.402812  -1.544956 -1.855077 -0.198630
2  6.027524 -0.000327 0.000189  -1.407462 -1.494007 -0.968647
3  11.692106 0.000642 -0.000738  -1.152286 -0.000028 -1.528886
4  11.480224 0.000497 -0.000691  0.453679 -0.841503 0.892660
5  3.859504 -0.142822 -1.192080  -0.603309 -0.153254 -1.645038
6  1.312590 0.000008 0.000009  -0.134332 0.005764 -0.149076
7  0.729354 0.000055 0.000049  -0.006921 -0.010127 -0.171925
8  3.942140 0.046331 -0.431543  -0.437576 0.236645 -1.080252
9  1.539110 0.000084 0.000005  -0.023906 -0.071181 -0.773682
10  1.196333 0.000145 0.000028  0.006223 0.004451 -0.725134
11  3.883509 -0.047212 0.431351  -0.279795 0.553082 -0.488973
12  1.719572 -0.000030 0.000015  0.002711 -0.070785 -0.961842
13  1.209179 0.000091 0.000011  -0.010762 -0.006973 -0.762710
14  4.085234 -0.082653 1.151008  0.025499 0.604578 -0.086052
15  1.719449 -0.000019 0.000028  -0.003946 -0.026040 -0.561722
16  1.099675 0.000050 0.000005  -0.052339 0.061959 -1.042030
17  1.073295 -1.560287 0.845353  -0.573550 -0.643010 -0.783253
18  1.789819 -0.000003 -0.000017  -0.000023 -0.004153 0.674052
19  1.207015 -0.000014 -0.000043  0.000450 -0.000019 -0.127491
20  5.740634 0.000387 -0.000698  -0.471085 0.000003 0.000064
21  11.481046 0.000279 -0.000792  -0.122869 -0.203213 0.056211
22  6.027524 -0.000327 0.000200  1.620654 -0.058513 1.465870
23  -0.000001 11.692100 -0.000009  -1.046549 -0.492026 -0.820966
24  0.000003 0.000010 0.000001  -0.283187 -0.000031 1.570739
25  -0.000001 -0.000011 -0.000000  0.868960 0.000002 1.570712
26  -6.061179 -6.904439 0.583455  1.473120 1.855075 -0.198639
27  6.027512 -0.000261 -0.000217  1.808128 0.824149 -0.368921
28  11.691995 0.000158 0.000858  -0.369741 0.000060 -1.667671
29  11.479074 -0.001281 0.000388  -1.411718 0.473806 0.434793
30  3.859437 -0.132758 1.193065  0.635271 -0.293794 -1.328280
31  1.312559 0.000026 -0.000001  -0.032888 -0.018169 -0.073183
32  0.729346 0.000066 -0.000028  0.002174 0.000294 -0.080014
33  3.942046 0.050138 0.431001  0.171385 -0.343224 -0.659259
34  1.539097 0.000005 -0.000001  -0.025202 -0.068973 -0.539630
35  1.196300 0.000079 -0.000003  0.007489 0.000123 -0.147616
36  3.883413 -0.050472 -0.431083  -0.077516 -0.213950 -0.466096
37  1.719565 -0.000085 -0.000005  0.051970 0.013988 -0.578065
38  1.209198 0.000035 0.000011  0.000243 -0.003475 0.221846
39  3.859588 -0.149082 -1.331320  -0.115012 -0.149907 -0.514592
40  1.719412 -0.000098 -0.000035  0.125461 -0.087977 -0.073904
41  1.099674 0.000023 0.000007  -0.001325 -0.003973 0.078506
42  1.188032 -0.118175 -1.032619  1.542013 0.616835 -0.777988
43  1.789780 -0.000008 -0.000042  -0.041424 0.121769 0.766694
44  1.206997 -0.000007 0.000006  -0.032239 0.201571 -0.226687
45  5.740572 0.000078 0.000722  0.079190 -0.000013 0.000028
46  11.480758 -0.000183 0.000823  0.014013 0.078087 0.067454
47  6.027516 -0.000272 -0.000227  -0.879651 -0.309218 -1.587331
48  -0.000002 11.691978 -0.000007  -1.128033 0.571303 0.869300
49  0.000002 0.000000 0.000001  1.902789 -0.000036 1.570860
50  -0.000008 -0.000013 0.000005  2.272645 -0.000036 1.570861
51  -5.645416 -7.645999 -4.847722  -0.732761 -2.217036 1.401370
52  -0.000000 -0.000000 0.000001  0.008153 -0.000259 0.000009
53  -0.000001 0.000000 0.000000  1.565115 0.043565 -0.106862
54  -0.719702 -14.792586 -7.755229  -1.202302 -0.187041 -1.894279
55  -0.000001 0.000002 0.000000  0.000000 -0.000001 -0.000002
56  0.000030 0.000031 0.000001  -1.571902 -0.044449 -0.106509
57  6.491823 -17.463676 -21.592861  1.570796 -0.000000 0.000000
58  -16.319784 5.039393 -18.063972  1.570796 -0.000000 0.000000
59  -1.398505 -1.744363 -15.247355  1.570796 -0.000000 0.000000
60  -0.004311 0.001229 -0.000371  0.006898 -0.005534 -0.284229
61  0.583454 7.872801 -4.735841  1.570796 -0.000000 0.000000
62  0.000000 0.000000 0.000000  -0.078727 -3.136056 0.284226
63  0.000000 0.000000 0.000000  1.570578 -0.006282 0.000046
64  -2.058546 -8.473385 -2.620154  1.564451 0.163935 0.011215
65  0.042352 -2.889250 0.627699  0.000000 -0.000000 -0.000000
66  0.042352 -0.907088 1.190369  0.000000 -0.000000 -0.000000
67  -1.331044 -1.025121 1.347536  0.000000 -0.000000 -0.000000
68  0.042353 -0.884531 23.199604  0.000000 -0.000000 -0.000000
69  0.042255 0.181228 5.671382  0.000000 -0.000000 -0.000000
70  0.000096 0.089185 -9.714656  0.000000 -0.000000 -0.000000
71  0.042352 -0.569288 7.155123  0.000000 -0.000000 -0.000000
72  -0.682762 -1.501893 3.214539  0.000000 -0.000000 -0.000000
73  0.074279 -0.628098 4.762588  0.000000 -0.000000 -0.000000
74  -2.666763 -13.212795 -6.633255  1.564451 0.163935 0.011215
75  0.055903 3.701699 -1.379479  -0.000981 3.115352 1.510955
76  2.923888 1.668561 -1.111007  0.000000 -0.000000 -0.174533
77  2.429948 0.783403 -1.342261  -0.003184 -0.005941 -0.329110
78  -0.000000 0.000001 0.000000  -0.007598 0.790178 0.884455
79  0.000000 0.440763 -0.000000  0.578586 -0.570045 -0.895190
80  0.000000 0.430559 -0.000000  -0.003403 0.022384 0.086793
81  0.000000 0.438247 -0.000001  0.009596 -0.013443 0.065521
82  0.000000 0.433550 -0.000000  0.003518 0.108031 0.168127
83  -0.000000 0.454267 0.000002  -0.020154 0.217217 0.262239
84  0.000001 0.438145 -0.000000  -0.073507 0.228873 0.214585
85  0.000000 0.444415 -0.000002  -0.477897 0.730043 0.293727
86  -0.000001 0.422926 0.000000  -0.279963 0.304329 0.006989
87  0.000002 0.426509 0.000000  -0.062807 -2.863192 0.020310
88  -0.000000 0.432947 0.000000  0.323785 -1.843073 -0.339526
time 20
0  0.000006 0.000000 0.000000  -1.570800 -1.391899 -1.570792
1  -14.692473 4.429120 -1.402812  -1.544956 -1.855077 -0.198630
2  6.027524 -0.000327 0.000189  -1.351598 -1.507722 -1.010584
3  11.692109 0.000640 -0.000737  -1.152285 -0.000027 -1.511813
4  11.480365 0.000535 -0.000612  0.456844 -0.842596 0.821751
5  3.859506 -0.142823 -1.192080  -0.603309 -0.153254 -1.645038
6  1.312590 0.000009 0.000007  -0.134332 0.005764 -0.149076
7  0.729355 0.000054 0.000049  -0.006921 -0.010127 -0.171925
8  3.942142 0.046331 -0.431544  -0.437576 0.236645 -1.080252
9  1.539110 0.000084 0.000004  -0.023906 -0.071181 -0.773682
10  1.196333 0.000146 0.000028  0.006223 0.004451 -0.725134
11  3.883512 -0.047212 0.431350  -0.279795 0.553082 -0.488973
12  1.719573 -0.000027 0.000015  0.002711 -0.070785 -0.961842
13  1.209179 0.000091 0.000013  -0.010762 -0.006973 -0.762710
14  4.085237 -0.082653 1.151008  0.025499 0.604578 -0.086052
15  1.719447 -0.000019 0.000027  -0.003946 -0.026040 -0.561722
16  1.099676 0.000048 0.000005  -0.052339 0.061959 -1.042030
17  1.073296 -1.560287 0.845352  -0.573550 -0.643010 -0.783253
18  1.789818 -0.000005 -0.000019  -0.000023 -0.004153 0.674052
19  1.207015 -0.000013 -0.000043  0.000450 -0.000019 -0.127491
20  5.740638 0.000389 -0.000699  -0.464892 0.000003 0.000063
21  11.481078 0.000289 -0.000774  -0.127982 -0.199198 0.044197
22  6.027524 -0.000327 0.000200  1.608990 -0.050293 1.480298
23  0.000000 11.692101 -0.000009  -1.036459 -0.482512 -0.814668
24  0.000002 0.000007 0.000000  -0.283187 -0.000031 1.570739
25  -0.000001 -0.000011 0.000001  0.868960 0.000002 1.570712
26  -5.973973 -6.898592 0.632195  1.473120 1.855075 -0.198639
27  6.027510 -0.000263 -0.000217  1.817000 0.902012 -0.349375
28  11.691993 0.000160 0.000855  -0.369744 0.000048 -1.501159
29  11.480268 -0.000645 0.000633  -1.339778 0.459704 0.399401
30  3.859437 -0.132759 1.193065  0.635271 -0.293793 -1.328280
31  1.312559 0.000025 -0.000001  -0.032888 -0.018170 -0.073183
32  0.729345 0.000065 -0.000028  0.002174 0.000294 -0.080014
33  3.942046 0.050139 0.431000  0.171385 -0.343224 -0.659259
34  1.539097 0.000006 -0.000001  -0.025202 -0.068973 -0.539630
35  1.196301 0.000078 -0.000004  0.007489 0.000123 -0.147616
36  3.883414 -0.050473 -0.431084  -0.077516 -0.213950 -0.466096
37  1.719564 -0.000084 -0.000005  0.051970 0.013988 -0.578065
38  1.209199 0.000035 0.000012  0.000243 -0.003475 0.221846
39  3.859588 -0.149082 -1.331321  -0.115012 -0.149907 -0.514592
40  1.719413 -0.000098 -0.000036  0.125461 -0.087977 -0.073904
41  1.099675 0.000023 0.000008  -0.001325 -0.003973 0.078506
42  1.188032 -0.118176 -1.032620  1.542520 0.635729 -0.769339
43  1.789780 -0.000007 -0.000042  -0.039838 0.131796 0.784646
44  1.206998 -0.000007 0.000006  -0.032451 0.202306 -0.226397
45  5.740572 0.000079 0.000720  0.082600 -0.000014 0.000028
46  11.480997 -0.000056 0.000871  0.029271 0.077547 0.057138
47  6.027514 -0.000273 -0.000228  -0.953648 -0.276396 -1.553161
48  -0.000003 11.691976 -0.000008  -1.030086 0.476574 0.810738
49  0.000003 0.000000 -0.000001  1.902789 -0.000036 1.570860
50  -0.000007 -0.000013 0.000004  2.272645 -0.000036 1.570861
51  -5.563260 -9.049171 -4.760950  -0.693724 -2.278842 1.407323
52  -0.000000 0.000000 -0.000000  0.008153 -0.000259 0.000009
53  -0.000000 0.000000 -0.000001  1.565115 0.043565 -0.106862
54  -0.940311 -14.835314 -7.691796  -1.240678 -0.226583 -1.890477
55  0.000001 0.000001 0.000000  0.000000 -0.000001 -0.000002
56  0.000031 0.000029 0.000001  -1.571901 -0.044449 -0.106509
57  6.661201 -17.512703 -21.797894  1.570796 -0.000000 0.000000
58  -16.319784 5.039393 -18.063972  1.570796 -0.000000 0.000000
59  -1.398505 -1.744363 -15.247355  1.570796 -0.000000 0.000000
60  -0.004311 0.001229 -0.000371  0.006898 -0.005534 -0.284229
61  0.632194 7.851529 -4.651067  1.570796 -0.000000 0.000000
62  0.000000 0.000000 0.000000  -0.078727 -3.136056 0.284226
63  0.000000 0.000000 0.000000  1.569341 0.001428 -0.000369
64  -2.008420 -8.380874 -2.662567  1.538687 0.212242 0.002316
65  0.042352 -2.889250 0.627700  0.000000 0.000000 0.000000
66  0.042352 -0.907087 1.190368  0.000000 0.000000 0.000000
67  -1.331044 -1.025122 2.854453  0.000000 0.000000 0.000000
68  0.042353 -0.884531 23.199604  0.000000 0.000000 0.000000
69  0.042255 0.181228 5.671381  0.000000 0.000000 0.000000
70  0.000096 0.089185 -9.714657  0.000000 0.000000 0.000000
71  0.042352 -0.569288 7.155123  0.000000 0.000000 0.000000
72  -0.682762 -1.501893 3.214538  0.000000 0.000000 0.000000
73  0.074279 -0.628098 4.762587  0.000000 0.000000 0.000000
74  -2.825601 -13.218275 -6.518560  1.538687 0.212242 0.002316
75  0.051485 3.702264 -1.380804  -0.000533 3.115340 1.528032
76  2.923889 1.668560 -1.111005  0.000000 0.000000 -0.156398
77  2.429970 0.769992 -1.354252  0.003255 -0.018490 -0.230942
78  -0.000000 -0.000000 0.000000  -0.006294 0.788206 0.851337
79  0.000002 0.440764 0.000002  0.594749 -0.555251 -0.922103
80  0.000000 0.430559 -0.000002  -0.000317 0.014820 0.061533
81  -0.000000 0.438246 -0.000000  0.005167 -0.003868 0.047061
82  0.000000 0.433550 -0.000001  0.005094 0.107373 0.152039
83  -0.000000 0.454268 0.000000  -0.019579 0.222419 0.254057
84  -0.000000 0.438145 -0.000001  -0.069459 0.220763 0.212009
85  0.000000 0.444414 0.000002  -0.480606 0.751488 0.298999
86  0.000001 0.422926 -0.000001  -0.290190 0.303299 0.007780
87  -0.000000 0.426508 0.000000  -0.048025 -2.863978 0.017273
88  -0.000001 0.432947 0.000000  0.259194 -1.838478 -0.273839
time 21
0  0.000006 0.000000 0.000000  -1.570800 -1.391899 -1.570792
1  -14.692473 4.429120 -1.402812  -1.544956 -1.855077 -0.198630
2  6.027524 -0.000327 0.000189  -1.153920 -1.526714 -1.188290
3  11.692110 0.000643 -0.000739  -1.152284 -0.000025 -1.483112
4  11.480604 0.000592 -0.000478  0.457567 -0.828710 0.749871
5  3.859503 -0.142824 -1.192079  -0.603309 -0.153254 -1.645038
6  1.312590 0.000012 0.000008  -0.134332 0.005764 -0.149076
7  0.729354 0.000054 0.000050  -0.006921 -0.010127 -0.171925
8  3.942141 0.046331 -0.431542  -0.437576 0.236645 -1.080252
9  1.539111 0.000084 0.000004  -0.023906 -0.071181 -0.773682
10  1.196333 0.000146 0.000029  0.006223 0.004451 -0.725134
11  3.883511 -0.047213 0.431352  -0.279795 0.553083 -0.488973
12  1.719573 -0.000029 0.000016  0.002711 -0.070785 -0.961842
13  1.209179 0.000090 0.000013  -0.010762 -0.006973 -0.762710
14  4.085234 -0.082654 1.151009  0.025499 0.604578 -0.086052
15  1.719447 -0.000019 0.000028  -0.003946 -0.026040 -0.561722
16  1.099675 0.000048 0.000006  -0.052339 0.061959 -1.042030
17  1.073294 -1.560287 0.845353  -0.573550 -0.643010 -0.783253
18  1.789819 -0.000003 -0.000017  -0.000023 -0.004153 0.674052
19  1.207013 -0.000015 -0.000044  0.000450 -0.000019 -0.127491
20  5.740635 0.000388 -0.000700  -0.450849 0.000003 0.000064
21  11.481125 0.000298 -0.000750  -0.135259 -0.192936 0.033501
22  6.027524 -0.000327 0.000200  1.590065 -0.039735 1.500850
23  -0.000001 11.692101 -0.000008  -1.019456 -0.466648 -0.803908
24  0.000004 0.000009 0.000001  -0.283187 -0.000031 1.570738
25  -0.000000 -0.000011 0.000000  0.868960 0.000002 1.570712
26  -5.918704 -6.977921 0.669737  1.473120 1.855075 -0.198639
27  6.027512 -0.000263 -0.000214  1.846865 0.990370 -0.312608
28  11.691993 0.000160 0.000859  -0.369750 0.000034 -1.305273
29  11.480334 -0.000559 0.000663  -1.240850 0.421276 0.400677
30  3.859437 -0.132758 1.193065  0.635271 -0.293793 -1.328280
31  1.312559 0.000026 -0.000001  -0.032888 -0.018169 -0.073183
32  0.729347 0.000067 -0.000028  0.002174 0.000294 -0.080014
33  3.942046 0.050139 0.431000  0.171385 -0.343224 -0.659259
34  1.539098 0.000006 -0.000001  -0.025202 -0.068973 -0.539630
35  1.196300 0.000078 -0.000003  0.007489 0.000123 -0.147616
36  3.883413 -0.050472 -0.431084  -0.077516 -0.213950 -0.466096
37  1.719563 -0.000085 -0.000004  0.051970 0.013988 -0.578066
38  1.209197 0.000035 0.000011  0.000243 -0.003475 0.221846
39  3.859588 -0.149082 -1.331321  -0.115012 -0.149907 -0.514592
40  1.719411 -0.000098 -0.000036  0.125461 -0.087977 -0.073904
41  1.099675 0.000023 0.000007  -0.001325 -0.003973 0.078506
42  1.188031 -0.118174 -1.032619  1.543455 0.670815 -0.764910
43  1.789780 -0.000010 -0.000042  -0.038503 0.139430 0.798374
44  1.206995 -0.000007 0.000006  -0.032629 0.202861 -0.225023
45  5.740572 0.000078 0.000721  0.094988 -0.000014 0.000028
46  11.481010 -0.000039 0.000878  0.049668 0.073546 0.053601
47  6.027515 -0.000273 -0.000226  -1.032445 -0.228537 -1.520946
48  -0.000001 11.691975 -0.000006  -0.912548 0.372202 0.732546
49  0.000004 0.000000 -0.000001  1.902789 -0.000036 1.570860
50  -0.000007 -0.000013 0.000005  2.272645 -0.000036 1.570861
51  -5.609175 -10.445688 -4.649331  -0.624756 -2.388685 1.373978
52  -0.000000 -0.000001 -0.000000  0.008153 -0.000259 0.000009
53  -0.000001 0.000001 -0.000000  1.565115 0.043565 -0.106862
54  -1.292139 -14.929901 -7.619333  -1.274593 -0.261891 -1.901731
55  -0.000001 -0.000001 -0.000000  0.000000 -0.000001 -0.000002
56  0.000030 0.000028 0.000000  -1.571901 -0.044449 -0.106509
57  6.805085 -17.553146 -21.967413  1.570796 -0.000000 0.000000
58  -16.319784 5.039393 -18.063972  1.570796 -0.000000 0.000000
59  -1.398505 -1.744363 -15.247355  1.570796 -0.000000 0.000000
60  -0.004311 0.001229 -0.000371  0.006898 -0.005534 -0.284229
61  0.669736 7.919757 -4.582563  1.570796 -0.000000 0.000000
62  0.000000 0.000000 0.000000  -0.078727 -3.136056 0.284226
63  0.000000 0.000000 0.000000  1.568175 0.011552 -0.000312
64  -2.022117 -8.343870 -2.701495  1.514671 0.254475 -0.022697
65  0.042352 -2.889250 0.627700  -0.000000 -0.000000 0.000000
66  0.042352 -0.907088 1.190368  -0.000000 -0.000000 0.000000
67  -1.331044 -1.025121 4.361372  -0.000000 -0.000000 0.000000
68  0.042353 -0.884531 23.199604  -0.000000 -0.000000 0.000000
69  0.042255 0.181228 5.671383  -0.000000 -0.000000 0.000000
70  0.000096 0.089184 -9.714656  -0.000000 -0.000000 0.000000
71  0.042352 -0.569288 7.155124  -0.000000 -0.000000 0.000000
72  -0.682762 -1.501893 3.214538  -0.000000 -0.000000 0.000000
73  0.074279 -0.628098 4.762587  -0.000000 -0.000000 0.000000
74  -3.094652 -13.249603 -6.405596  1.514671 0.254475 -0.022697
75  0.049152 3.702706 -1.381797  -0.000158 3.115335 1.542341
76  2.923889 1.668561 -1.111004  -0.000000 -0.000000 -0.113112
77  2.430012 0.755364 -1.366394  0.008499 -0.030238 -0.131307
78  -0.000000 -0.000000 -0.000000  -0.004585 0.787235 0.818576
79  0.000000 0.440764 -0.000000  0.609958 -0.538869 -0.949349
80  0.000000 0.430557 0.000001  0.000728 0.011837 0.036471
81  0.000000 0.438247 -0.000001  0.002886 0.000905 0.027162
82  -0.000000 0.433549 0.000000  0.005451 0.107577 0.136194
83  0.000000 0.454267 -0.000001  -0.019244 0.225201 0.245255
84  0.000000 0.438146 -0.000001  -0.067618 0.217579 0.209387
85  0.000001 0.444415 -0.000000  -0.483755 0.762336 0.302074
86  0.000002 0.422927 -0.000000  -0.300372 0.303709 0.008535
87  -0.000000 0.426508 -0.000000  -0.033280 -2.863441 0.014876
88  0.000001 0.432947 -0.000000  0.192427 -1.833601 -0.207092
time 22
0  0.000006 0.000000 0.000000  -1.570800 -1.391899 -1.570792
1  -14.692473 4.429120 -1.402812  -1.544956 -1.855077 -0.198630
2  6.027524 -0.000327 0.000189  -1.193717 -1.529360 -1.149584
3  11.692110 0.000642 -0.000739  -1.152284 -0.000025 -1.469713
4  11.480719 0.000624 -0.000410  0.481024 -0.824929 0.728911
5  3.859503 -0.142822 -1.192079  -0.603309 -0.153254 -1.645038
6  1.312590 0.000010 0.000007  -0.134332 0.005764 -0.149076
7  0.729353 0.000055 0.000050  -0.006921 -0.010127 -0.171925
8  3.942141 0.046333 -0.431542  -0.437576 0.236645 -1.080252
9  1.539111 0.000085 0.000004  -0.023906 -0.071181 -0.773682
10  1.196333 0.000146 0.000027  0.006223 0.004451 -0.725134
11  3.883511 -0.047211 0.431351  -0.279795 0.553082 -0.488973
12  1.719572 -0.000028 0.000015  0.002711 -0.070785 -0.961842
13  1.209180 0.000092 0.000011  -0.010762 -0.006973 -0.762710
14  4.085235 -0.082652 1.151008  0.025499 0.604578 -0.086052
15  1.719447 -0.000019 0.000029  -0.003946 -0.026040 -0.561722
16  1.099675 0.000049 0.000005  -0.052339 0.061959 -1.042030
17  1.073295 -1.560287 0.845353  -0.573550 -0.643010 -0.783253
18  1.789819 -0.000004 -0.000019  -0.000023 -0.004153 0.674052
19  1.207015 -0.000014 -0.000044  0.000450 -0.000019 -0.127491
20  5.740635 0.000388 -0.000699  -0.442112 0.000003 0.000063
21  11.481146 0.000306 -0.000735  -0.133469 -0.190166 0.032468
22  6.027524 -0.000327 0.000200  1.590377 -0.036605 1.499786
23  -0.000002 11.692101 -0.000008  -1.011500 -0.459298 -0.798812
24  0.000003 0.000009 0.000001  -0.283187 -0.000030 1.570739
25  -0.000001 -0.000012 -0.000000  0.868960 0.000002 1.570712
26  -5.890107 -7.192153 0.704262  1.473120 1.855075 -0.198639
27  6.027513 -0.000263 -0.000216  1.849912 1.018595 -0.307003
28  11.691993 0.000161 0.000859  -0.369752 0.000031 -1.255650
29  11.480700 -0.000373 0.000735  -1.206885 0.402553 0.445333
30  3.859437 -0.132758 1.193064  0.635271 -0.293793 -1.328280
31  1.312558 0.000026 -0.000001  -0.032888 -0.018169 -0.073183
32  0.729345 0.000064 -0.000028  0.002174 0.000294 -0.080014
33  3.942046 0.050138 0.430999  0.171385 -0.343224 -0.659259
34  1.539098 0.000006 -0.000001  -0.025202 -0.068973 -0.539630
35  1.196300 0.000079 -0.000004  0.007489 0.000123 -0.147616
36  3.883413 -0.050473 -0.431085  -0.077516 -0.213950 -0.466096
37  1.719563 -0.000085 -0.000005  0.051970 0.013988 -0.578066
38  1.209197 0.000035 0.000011  0.000243 -0.003475 0.221846
39  3.859588 -0.149082 -1.331322  -0.115012 -0.149907 -0.514592
40  1.719413 -0.000098 -0.000036  0.125461 -0.087977 -0.073904
41  1.099675 0.000023 0.000007  -0.001325 -0.003973 0.078506
42  1.188033 -0.118175 -1.032620  1.543901 0.715601 -0.764475
43  1.789780 -0.000008 -0.000042  -0.037594 0.144297 0.807158
44  1.206994 -0.000008 0.000005  -0.032869 0.203155 -0.221836
45  5.740573 0.000078 0.000720  0.103727 -0.000014 0.000028
46  11.481084 -0.000001 0.000891  0.055755 0.072197 0.061386
47  6.027515 -0.000273 -0.000228  -1.058891 -0.216957 -1.512070
48  0.000000 11.691977 -0.000006  -0.882162 0.347160 0.711201
49  0.000003 0.000000 0.000000  1.902789 -0.000036 1.570860
50  -0.000007 -0.000013 0.000005  2.272645 -0.000036 1.570861
51  -5.471727 -10.586244 -4.566669  -0.590667 -2.447143 1.334455
52  -0.000000 0.000000 -0.000000  0.008153 -0.000259 0.000009
53  0.000000 -0.000000 -0.000001  1.565116 0.043565 -0.106862
54  -1.257164 -15.063905 -7.595823  -1.269858 -0.268381 -1.894162
55  0.000001 0.000000 0.000000  0.000000 -0.000001 -0.000002
56  0.000031 0.000029 0.000001  -1.571901 -0.044449 -0.106509
57  6.919458 -17.584503 -22.099115  1.570796 -0.000000 0.000000
58  -16.319784 5.039393 -18.063972  1.570796 -0.000000 0.000000
59  -1.398505 -1.744363 -15.247355  1.570796 -0.000000 0.000000
60  -0.004311 0.001229 -0.000371  0.006898 -0.005534 -0.284229
61  0.704261 8.125482 -4.516302  1.570796 -0.000000 0.000000
62  0.000000 0.000000 0.000000  -0.078727 -3.136056 0.284226
63  0.000000 0.000000 0.000000  1.567311 0.016594 -0.000132
64  -2.056265 -8.447361 -2.729964  1.506852 0.252087 -0.015846
65  0.042352 -2.889250 0.627700  0.000000 -0.000000 0.000000
66  0.042352 -0.907088 1.190367  0.000000 -0.000000 0.000000
67  -1.331044 -1.025122 4.361372  0.000000 -0.000000 0.000000
68  0.042353 -0.884531 23.199604  0.000000 -0.000000 0.000000
69  0.042255 0.181228 5.671382  0.000000 -0.000000 0.000000
70  0.000096 0.089185 -9.714657  0.000000 -0.000000 0.000000
71  0.042352 -0.569288 7.155123  0.000000 -0.000000 0.000000
72  -0.682762 -1.501893 3.214538  0.000000 -0.000000 0.000000
73  0.074278 -0.628098 4.762586  0.000000 -0.000000 0.000000
74  -3.077153 -13.390388 -6.398915  1.506852 0.252087 -0.015846
75  0.048471 3.702883 -1.382187  -0.000000 3.115334 1.548341
76  2.923889 1.668561 -1.111005  -0.000000 -0.000000 -0.061421
77  2.430080 0.741457 -1.376003  0.011747 -0.038578 -0.053157
78  0.000000 0.000000 0.000000  -0.002814 0.787079 0.793397
79  -0.000000 0.440764 -0.000000  0.621136 -0.525189 -0.970496
80  0.000000 0.430558 -0.000002  0.000730 0.012500 0.016923
81  0.000000 0.438247 -0.000000  0.002625 0.001583 0.011340
82  0.000000 0.433550 -0.000000  0.004843 0.108279 0.124331
83  0.000000 0.454267 -0.000001  -0.019291 0.225777 0.238142
84  -0.000001 0.438145 0.000001  -0.067785 0.218179 0.207224
85  0.000000 0.444415 -0.000000  -0.486748 0.763628 0.302604
86  0.000000 0.422926 -0.000000  -0.307520 0.304743 0.008885
87  -0.000001 0.426508 -0.000000  -0.023147 -2.862275 0.013762
88  0.000001 0.432947 0.000000  0.144678 -1.829825 -0.160800
time 23
0  0.000006 0.000000 0.000000  -1.570800 -1.391899 -1.570792
1  -14.692473 4.429120 -1.402812  -1.544956 -1.855077 -0.198630
2  6.027524 -0.000327 0.000189  -1.319120 -1.521203 -1.027513
3  11.692110 0.000644 -0.000738  -1.152283 -0.000024 -1.465490
4  11.480755 0.000633 -0.000389  0.490530 -0.825657 0.741661
5  3.859504 -0.142823 -1.192079  -0.603309 -0.153254 -1.645038
6  1.312588 0.000010 0.000010  -0.134332 0.005764 -0.149076
7  0.729352 0.000054 0.000052  -0.006921 -0.010127 -0.171925
8  3.942140 0.046332 -0.431543  -0.437576 0.236645 -1.080252
9  1.539112 0.000084 0.000003  -0.023906 -0.071181 -0.773682
10  1.196333 0.000145 0.000028  0.006223 0.004451 -0.725134
11  3.883510 -0.047211 0.431351  -0.279795 0.553082 -0.488973
12  1.719572 -0.000029 0.000015  0.002711 -0.070785 -0.961842
13  1.209179 0.000090 0.000012  -0.010762 -0.006973 -0.762710
14  4.085233 -0.082652 1.151008  0.025499 0.604578 -0.086052
15  1.719448 -0.000019 0.000027  -0.003946 -0.026040 -0.561722
16  1.099674 0.000048 0.000006  -0.052339 0.061959 -1.042030
17  1.073294 -1.560286 0.845353  -0.573550 -0.643010 -0.783253
18  1.789819 -0.000004 -0.000019  -0.000022 -0.004153 0.674052
19  1.207016 -0.000014 -0.000043  0.000450 -0.000019 -0.127491
20  5.740636 0.000389 -0.000698  -0.436185 0.000003 0.000064
21  11.481155 0.000308 -0.000730  -0.130831 -0.190624 0.035478
22  6.027524 -0.000327 0.000200  1.599520 -0.040520 1.496229
23  -0.000001 11.692101 -0.000009  -1.008989 -0.456989 -0.797195
24  0.000001 0.000009 0.000001  -0.283187 -0.000031 1.570739
25  -0.000001 -0.000011 -0.000001  0.868960 0.000002 1.570712
26  -5.888477 -7.535212 0.735079  1.473120 1.855075 -0.198639
27  6.027513 -0.000263 -0.000216  1.852654 1.060013 -0.299551
28  11.691993 0.000160 0.000858  -0.369755 0.000027 -1.179361
29  11.480216 -0.000566 0.000662  -1.176374 0.391336 0.484547
30  3.859437 -0.132759 1.193065  0.635271 -0.293793 -1.328280
31  1.312559 0.000025 -0.000001  -0.032888 -0.018170 -0.073183
32  0.729346 0.000064 -0.000027  0.002174 0.000294 -0.080014
33  3.942046 0.050139 0.430999  0.171385 -0.343224 -0.659259
34  1.539096 0.000006 -0.000001  -0.025202 -0.068973 -0.539630
35  1.196301 0.000078 -0.000004  0.007489 0.000123 -0.147616
36  3.883414 -0.050473 -0.431084  -0.077516 -0.213950 -0.466096
37  1.719564 -0.000085 -0.000004  0.051970 0.013988 -0.578066
38  1.209197 0.000034 0.000010  0.000243 -0.003475 0.221846
39  3.859588 -0.149082 -1.331321  -0.115012 -0.149907 -0.514592
40  1.719412 -0.000098 -0.000036  0.125461 -0.087977 -0.073904
41  1.099675 0.000024 0.000007  -0.001325 -0.003973 0.078506
42  1.188032 -0.118176 -1.032619  1.542614 0.758045 -0.766676
43  1.789779 -0.000007 -0.000043  -0.037136 0.146663 0.811437
44  1.206996 -0.000007 0.000005  -0.033294 0.203155 -0.216335
45  5.740572 0.000079 0.000722  0.109755 -0.000014 0.000028
46  11.480987 -0.000039 0.000877  0.061034 0.072260 0.068067
47  6.027515 -0.000273 -0.000228  -1.097873 -0.200736 -1.498898
48  -0.000001 11.691976 -0.000008  -0.834864 0.309884 0.677200
49  0.000003 0.000000 -0.000000  1.902789 -0.000036 1.570860
50  -0.000008 -0.000013 0.000003  2.272645 -0.000036 1.570861
51  -5.288644 -10.760151 -4.525711  -0.563515 -2.508969 1.291623
52  -0.000000 -0.000000 0.000000  0.008153 -0.000259 0.000009
53  0.000000 0.000000 0.000000  1.565115 0.043565 -0.106862
54  -1.129321 -15.216097 -7.677129  -1.257158 -0.250653 -1.884091
55  0.000002 0.000000 -0.000001  0.000000 -0.000001 -0.000002
56  0.000032 0.000029 0.000001  -1.571901 -0.044449 -0.106509
57  7.001887 -17.606628 -22.192204  1.570796 -0.000000 0.000000
58  -16.319784 5.039393 -18.063972  1.570796 -0.000000 0.000000
59  -1.398505 -1.744363 -15.247355  1.570796 -0.000000 0.000000
60  -0.004311 0.001229 -0.000371  0.006898 -0.005534 -0.284229
61  0.735078 8.462775 -4.453653  1.570796 -0.000000 0.000000
62  0.000000 0.000000 0.000000  -0.078727 -3.136056 0.284226
63  0.000000 0.000000 0.000000  1.566975 0.014750 0.000155
64  -2.100455 -8.675041 -2.741003  1.520375 0.234978 0.000745
65  0.042352 -2.889250 0.627699  0.000000 0.000000 -0.000000
66  0.042351 -0.907087 1.190368  0.000000 0.000000 -0.000000
67  -1.331045 -1.025122 4.361371  0.000000 0.000000 -0.000000
68  0.042353 -0.884531 23.199602  0.000000 0.000000 -0.000000
69  0.042255 0.181228 5.671381  0.000000 0.000000 -0.000000
70  0.000096 0.089185 -9.714656  0.000000 0.000000 -0.000000
71  0.042352 -0.569288 7.155123  0.000000 0.000000 -0.000000
72  -0.682762 -1.501893 3.214538  0.000000 0.000000 -0.000000
73  0.074278 -0.628098 4.762585  0.000000 0.000000 -0.000000
74  -2.991860 -13.582610 -6.490415  1.520375 0.234978 0.000745
75  0.048471 3.702883 -1.382187  -0.000000 3.115334 1.548341
76  2.923889 1.668561 -1.111004  -0.000000 -0.000000 -0.018135
77  2.430183 0.730216 -1.380398  0.012467 -0.041790 -0.018393
78  0.000000 -0.000000 -0.000001  -0.002406 0.787332 0.781781
79  0.000001 0.440764 -0.000000  0.625368 -0.519306 -0.979201
80  0.000000 0.430559 0.000001  0.000571 0.012872 0.008642
81  0.000000 0.438246 -0.000002  0.002505 0.001962 0.004403
82  -0.000000 0.433550 0.000002  0.004713 0.108681 0.118725
83  0.000000 0.454268 -0.000000  -0.018963 0.226116 0.234260
84  -0.000000 0.438146 0.000000  -0.067187 0.218503 0.205406
85  -0.000001 0.444415 -0.000000  -0.486855 0.764130 0.302671
86  0.000002 0.422926 0.000000  -0.309923 0.305179 0.009062
87  -0.000002 0.426508 -0.000000  -0.018592 -2.861875 0.012701
88  -0.000001 0.432947 0.000001  0.121228 -1.828590 -0.136420
time 24
0  0.000006 0.000000 0.000000  -1.570800 -1.391899 -1.570792
1  -14.514386 4.389962 -1.402812  -1.544956 -1.855077 -0.198630
2  6.027524 -0.000330 0.000189  -1.387375 -1.493155 -0.966207
3  11.692107 0.000644 -0.000739  -1.152284 -0.000025 -1.483262
4  11.480604 0.000592 -0.000475  0.499148 -0.823044 0.788115
5  3.859502 -0.142824 -1.192080  -0.603309 -0.153254 -1.645038
6  1.312590 0.000007 0.000006  -0.134332 0.005764 -0.149076
7  0.729355 0.000055 0.000051  -0.006921 -0.010127 -0.171925
8  3.942141 0.046331 -0.431542  -0.437576 0.236645 -1.080252
9  1.539110 0.000082 0.000006  -0.023906 -0.071181 -0.773682
10  1.196333 0.000146 0.000028  0.006223 0.004451 -0.725134
11  3.883512 -0.047212 0.431351  -0.279795 0.553083 -0.488973
12  1.719573 -0.000029 0.000015  0.002711 -0.070786 -0.961842
13  1.209180 0.000089 0.000012  -0.010762 -0.006973 -0.762710
14  4.085235 -0.082653 1.151008  0.025499 0.604578 -0.086052
15  1.719449 -0.000019 0.000028  -0.003946 -0.026040 -0.561722
16  1.099675 0.000050 0.000006  -0.052339 0.061959 -1.042030
17  1.073295 -1.560287 0.845353  -0.573550 -0.643010 -0.783253
18  1.789818 -0.000003 -0.000019  -0.000023 -0.004153 0.674052
19  1.207014 -0.000012 -0.000043  0.000450 -0.000019 -0.127491
20  5.740637 0.000387 -0.000700  -0.429169 0.000003 0.000064
21  11.481124 0.000298 -0.000748  -0.126120 -0.192503 0.044656
22  6.027524 -0.000330 0.000200  1.620012 -0.060161 1.488375
23  0.000001 11.692098 -0.000006  -1.019545 -0.466730 -0.803965
24  0.000003 0.000008 0.000000  -0.283187 -0.000031 1.570739
25  -0.000001 -0.000012 0.000001  0.868960 0.000002 1.570712
26  -5.911954 -7.987686 0.761527  1.473120 1.855075 -0.198639
27  6.027514 -0.000264 -0.000218  1.847077 1.092810 -0.300482
28  11.691993 0.000163 0.000856  -0.369759 0.000022 -1.106704
29  11.480640 -0.000375 0.000737  -1.104021 0.366105 0.509378
30  3.859439 -0.132757 1.193065  0.635271 -0.293793 -1.328280
31  1.312559 0.000026 -0.000000  -0.032888 -0.018169 -0.073183
32  0.729345 0.000064 -0.000027  0.002174 0.000294 -0.080014
33  3.942049 0.050139 0.431000  0.171385 -0.343224 -0.659259
34  1.539096 0.000006 -0.000001  -0.025202 -0.068973 -0.539630
35  1.196300 0.000079 -0.000003  0.007489 0.000123 -0.147616
36  3.883415 -0.050471 -0.431084  -0.077516 -0.213950 -0.466096
37  1.719563 -0.000084 -0.000004  0.051970 0.013988 -0.578066
38  1.209198 0.000035 0.000011  0.000243 -0.003475 0.221846
39  3.859590 -0.149082 -1.331321  -0.115012 -0.149907 -0.514592
40  1.719414 -0.000098 -0.000036  0.125461 -0.087977 -0.073904
41  1.099674 0.000023 0.000007  -0.001325 -0.003973 0.078506
42  1.188033 -0.118174 -1.032619  1.538946 0.786746 -0.769437
43  1.789780 -0.000009 -0.000042  -0.036989 0.147413 0.812795
44  1.206996 -0.000007 0.000005  -0.033979 0.202902 -0.208599
45  5.740574 0.000080 0.000721  0.121641 -0.000014 0.000028
46  11.481072 0.000000 0.000893  0.075453 0.071275 0.070651
47  6.027516 -0.000274 -0.000230  -1.129955 -0.191121 -1.488674
48  -0.000002 11.691977 -0.000004  -0.789099 0.275847 0.643495
49  0.000004 0.000000 0.000000  1.902789 -0.000036 1.570860
50  -0.000007 -0.000013 0.000005  2.272645 -0.000036 1.570861
51  -5.174669 -10.781948 -4.634609  -0.506792 -2.579626 1.271587
52  0.000000 0.000000 0.000000  0.008153 -0.000259 0.000009
53  0.000001 0.000001 -0.000000  1.565115 0.043565 -0.106862
54  -0.916557 -15.307806 -7.775283  -1.222643 -0.212472 -1.886152
55  -0.000001 0.000001 0.000000  0.000000 -0.000001 -0.000002
56  0.000029 0.000029 0.000001  -1.571901 -0.044449 -0.106509
57  7.051288 -17.619648 -22.247074  1.570796 -0.000000 0.000000
58  -16.319784 5.039393 -18.063972  1.570796 -0.000000 0.000000
59  -1.398505 -1.737520 -15.065143  1.570796 -0.000000 0.000000
60  -0.004311 0.001229 -0.000371  0.006898 -0.005534 -0.284229
61  0.761526 8.912205 -4.396240  1.570796 -0.000000 0.000000
62  0.000000 0.000000 0.000000  -0.078727 -3.136056 0.284226
63  0.000000 0.000000 0.000000  1.567020 0.010354 0.000510
64  -2.144274 -8.902721 -2.719453  1.546603 0.191057 0.012154
65  0.042352 -2.889250 0.627699  -0.000000 -0.000000 -0.000000
66  0.042352 -0.907088 1.190367  -0.000000 -0.000000 -0.000000
67  -1.331044 -1.025121 4.361370  -0.000000 -0.000000 -0.000000
68  0.042353 -0.884531 23.199604  -0.000000 -0.000000 -0.000000
69  0.042255 0.181228 5.671381  -0.000000 -0.000000 -0.000000
70  0.000096 0.089185 -9.714657  -0.000000 -0.000000 -0.000000
71  0.042352 -0.569288 7.155121  -0.000000 -0.000000 -0.000000
72  -0.682762 -1.501893 3.214537  -0.000000 -0.000000 -0.000000
73  0.074279 -0.628098 4.762586  -0.000000 -0.000000 -0.000000
74  -2.839587 -13.715650 -6.629590  1.546603 0.191057 0.012154
75  0.048471 3.702884 -1.382188  -0.000000 3.115334 1.548341
76  2.923889 1.668561 -1.111006  -0.000000 -0.000000 -0.000000
77  2.433223 0.722413 -1.381153  0.011338 -0.038925 -0.012460
78  -0.000000 0.000001 0.000001  -0.002537 0.787087 0.780543
79  0.000001 0.440764 0.000001  0.625557 -0.519499 -0.979373
80  -0.000000 0.430558 -0.000001  0.000652 0.012627 0.007898
81  -0.000000 0.438247 0.000001  0.002581 0.001719 0.002935
82  -0.000000 0.433551 0.000001  0.004753 0.108436 0.116549
83  -0.000000 0.454268 0.000001  -0.018703 0.225809 0.231681
84  -0.000001 0.438145 -0.000000  -0.066429 0.218107 0.203137
85  0.000001 0.444415 0.000000  -0.485715 0.763637 0.301756
86  0.000000 0.422927 -0.000000  -0.309997 0.305058 0.008832
87  0.000001 0.426509 -0.000000  -0.016224 -2.861901 0.011790
88  -0.000000 0.432947 0.000000  0.104404 -1.828105 -0.118582
time 25
0  0.000006 0.000000 0.000000  -1.570800 -1.391899 -1.570792
1  -13.979100 4.268381 -1.402813  -1.544956 -1.855077 -0.198630
2  6.027524 -0.000328 0.000189  -1.359801 -1.440130 -1.000123
3  11.692109 0.000644 -0.000739  -1.152286 -0.000028 -1.528502
4  11.480231 0.000495 -0.000692  0.515954 -0.822945 0.833955
5  3.859504 -0.142824 -1.192080  -0.603309 -0.153254 -1.645038
6  1.312589 0.000010 0.000008  -0.134332 0.005764 -0.149076
7  0.729355 0.000055 0.000048  -0.006921 -0.010127 -0.171925
8  3.942141 0.046330 -0.431543  -0.437576 0.236645 -1.080252
9  1.539110 0.000083 0.000004  -0.023906 -0.071181 -0.773682
10  1.196332 0.000145 0.000028  0.006223 0.004451 -0.725134
11  3.883512 -0.047213 0.431351  -0.279795 0.553082 -0.488973
12  1.719572 -0.000028 0.000017  0.002711 -0.070786 -0.961842
13  1.209179 0.000089 0.000012  -0.010762 -0.006973 -0.762710
14  4.085236 -0.082653 1.151008  0.025499 0.604578 -0.086052
15  1.719447 -0.000018 0.000027  -0.003946 -0.026040 -0.561722
16  1.099674 0.000048 0.000005  -0.052338 0.061959 -1.042030
17  1.073295 -1.560288 0.845352  -0.573550 -0.643010 -0.783253
18  1.789819 -0.000004 -0.000018  -0.000023 -0.004153 0.674052
19  1.207014 -0.000014 -0.000043  0.000450 -0.000019 -0.127491
20  5.740637 0.000387 -0.000700  -0.418611 0.000003 0.000064
21  11.481050 0.000278 -0.000791  -0.119816 -0.194254 0.054205
22  6.027524 -0.000330 0.000200  1.650988 -0.103362 1.479358
23  -0.000001 11.692101 -0.000006  -1.046322 -0.491811 -0.820826
24  0.000002 0.000010 0.000000  -0.283187 -0.000031 1.570739
25  0.000001 -0.000011 0.000000  0.868960 0.000002 1.570712
26  -5.955865 -8.514358 0.783123  1.473120 1.855075 -0.198639
27  6.027513 -0.000263 -0.000219  1.803219 1.024895 -0.348610
28  11.691991 0.000163 0.000859  -0.337885 0.000027 -1.189988
29  11.480164 -0.000571 0.000668  -1.039124 0.300781 0.507111
30  3.859437 -0.132758 1.193064  0.635271 -0.293793 -1.328280
31  1.312557 0.000025 -0.000001  -0.032888 -0.018169 -0.073183
32  0.729346 0.000064 -0.000027  0.002174 0.000294 -0.080014
33  3.942047 0.050140 0.430999  0.171385 -0.343224 -0.659259
34  1.539098 0.000005 -0.000001  -0.025202 -0.068973 -0.539630
35  1.196299 0.000077 -0.000004  0.007489 0.000123 -0.147616
36  3.883413 -0.050472 -0.431085  -0.077516 -0.213950 -0.466096
37  1.719565 -0.000084 -0.000005  0.051970 0.013988 -0.578065
38  1.209198 0.000035 0.000011  0.000243 -0.003475 0.221846
39  3.859588 -0.149081 -1.331322  -0.115012 -0.149907 -0.514592
40  1.719412 -0.000098 -0.000036  0.125461 -0.087977 -0.073904
41  1.099674 0.000024 0.000007  -0.001325 -0.003973 0.078506
42  1.188032 -0.118176 -1.032620  1.533163 0.796530 -0.770975
43  1.789781 -0.000008 -0.000043  -0.036971 0.147502 0.812956
44  1.206998 -0.000008 0.000006  -0.034927 0.202482 -0.199148
45  5.740573 0.000080 0.000722  0.136535 -0.000014 0.000028
46  11.480977 -0.000041 0.000880  0.091595 0.061660 0.070416
47  6.027515 -0.000273 -0.000230  -1.074324 -0.237139 -1.510370
48  -0.000000 11.691977 -0.000007  -0.841497 0.314985 0.682021
49  0.000003 -0.000000 -0.000001  1.934658 -0.000036 1.570860
50  -0.000007 -0.000012 0.000004  2.272645 -0.000036 1.570861
51  -5.463362 -9.758466 -5.129393  -0.436240 -2.645662 1.329547
52  -0.000000 -0.000001 -0.000000  0.008153 -0.000259 0.000009
53  0.000000 0.000000 -0.000001  1.565115 0.043565 -0.106862
54  -0.714243 -15.286969 -7.809686  -1.182296 -0.172742 -1.897091
55  0.000001 -0.000000 0.000001  0.000000 -0.000001 -0.000002
56  0.000030 0.000029 0.000002  -1.571901 -0.044449 -0.106509
57  7.067628 -17.623894 -22.264986  1.570796 -0.000000 0.000000
58  -16.319784 5.039393 -18.063972  1.570796 -0.000000 0.000000
59  -1.398505 -1.713129 -14.516765  1.570796 -0.000000 0.000000
60  -0.004311 0.001229 -0.000371  0.006898 -0.005534 -0.284229
61  0.783122 9.438285 -4.345732  1.570796 -0.000000 0.000000
62  0.000000 0.000000 0.000000  -0.078727 -3.136056 0.284226
63  0.000000 0.000000 0.000000  1.567161 0.005107 0.000898
64  -2.177313 -9.006212 -2.661352  1.571518 0.140631 0.013056
65  0.042352 -2.889250 0.627701  0.000000 -0.000000 -0.000000
66  0.042352 -0.907087 1.190370  0.000000 -0.000000 -0.000000
67  -1.331045 -1.025122 4.361372  0.000000 -0.000000 -0.000000
68  0.042353 -0.884531 23.199606  0.000000 -0.000000 -0.000000
69  0.042255 0.181228 5.671385  0.000000 -0.000000 -0.000000
70  0.000096 0.089184 -9.714658  0.000000 -0.000000 -0.000000
71  0.042352 -0.569288 7.155123  0.000000 -0.000000 -0.000000
72  -0.682762 -1.501893 3.214539  0.000000 -0.000000 -0.000000
73  0.074278 -0.628099 4.762587  0.000000 -0.000000 -0.000000
74  -2.688170 -13.716713 -6.721786  1.571518 0.140631 0.013056
75  0.048471 3.702884 -1.382189  0.000000 3.115334 1.548341
76  2.923889 1.668561 -1.111006  0.000000 -0.000000 -0.000000
77  2.440632 0.717183 -1.381659  0.008687 -0.031739 -0.007755
78  0.000000 0.000002 0.000000  -0.002913 0.786454 0.780173
79  -0.000001 0.440762 0.000000  0.625662 -0.520495 -0.979046
80  0.000000 0.430558 -0.000003  0.000890 0.011983 0.007822
81  0.000000 0.438247 -0.000002  0.002807 0.001076 0.001972
82  0.000000 0.433550 -0.000000  0.004897 0.107776 0.114727
83  0.000000 0.454267 -0.000001  -0.018449 0.225079 0.229266
84  -0.000000 0.438146 -0.000001  -0.065726 0.217288 0.200807
85  0.000001 0.444415 0.000000  -0.484642 0.762722 0.300513
86  0.000001 0.422927 -0.000000  -0.309709 0.304672 0.008246
87  0.000001 0.426508 0.000000  -0.014499 -2.862079 0.010657
88  0.000001 0.432947 0.000000  0.090791 -1.827923 -0.103687
time 26
0  0.000006 0.000000 0.000000  -1.570800 -1.391899 -1.570792
1  -13.110329 4.061959 -1.402813  -1.544956 -1.855077 -0.198630
2  6.027523 -0.000326 0.000189  -1.300101 -1.370005 -1.058569
3  11.692106 0.000644 -0.000737  -1.152290 -0.000030 -1.585207
4  11.479793 0.000389 -0.000932  0.546881 -0.832210 0.831620
5  3.859504 -0.142823 -1.192080  -0.603309 -0.153254 -1.645038
6  1.312590 0.000010 0.000008  -0.134332 0.005764 -0.149076
7  0.729355 0.000055 0.000048  -0.006921 -0.010127 -0.171925
8  3.942142 0.046332 -0.431543  -0.437576 0.236645 -1.080252
9  1.539111 0.000083 0.000005  -0.023906 -0.071181 -0.773682
10  1.196333 0.000146 0.000028  0.006223 0.004451 -0.725134
11  3.883511 -0.047211 0.431351  -0.279795 0.553082 -0.488973
12  1.719573 -0.000029 0.000018  0.002711 -0.070785 -0.961842
13  1.209179 0.000089 0.000013  -0.010762 -0.006973 -0.762710
14  4.085236 -0.082652 1.151008  0.025499 0.604578 -0.086052
15  1.719448 -0.000018 0.000027  -0.003946 -0.026040 -0.561722
16  1.099675 0.000048 0.000005  -0.052339 0.061959 -1.042030
17  1.073295 -1.560287 0.845352  -0.573550 -0.643010 -0.783252
18  1.789819 -0.000004 -0.000018  -0.000022 -0.004153 0.674052
19  1.207014 -0.000014 -0.000044  0.000450 -0.000019 -0.127491
20  5.740635 0.000389 -0.000700  -0.401955 0.000003 0.000064
21  11.480962 0.000258 -0.000840  -0.113842 -0.194039 0.055634
22  6.027524 -0.000328 0.000200  1.684934 -0.165643 1.475273
23  -0.000002 11.692098 -0.000006  -1.079730 -0.523798 -0.841190
24  0.000004 0.000011 -0.000001  -0.283187 -0.000030 1.570739
25  -0.000001 -0.000012 0.000000  0.868960 0.000002 1.570712
26  -6.012801 -9.066511 0.799724  1.473120 1.855075 -0.198639
27  6.027511 -0.000262 -0.000220  1.748448 0.821676 -0.420419
28  11.691992 0.000161 0.000858  -0.242666 0.000045 -1.460843
29  11.480605 -0.000357 0.000757  -1.038305 0.215819 0.436935
30  3.859437 -0.132759 1.193065  0.400566 -0.416664 -0.985444
31  1.312559 0.000025 -0.000001  -0.054313 -0.066992 0.095302
32  0.729346 0.000067 -0.000028  -0.087010 0.028089 0.002358
33  3.942046 0.050139 0.431000  0.065741 -0.300153 -0.457766
34  1.539096 0.000005 -0.000001  -0.021614 -0.064309 -0.361594
35  1.196301 0.000078 -0.000004  -0.002516 0.008187 -0.089048
36  3.883413 -0.050472 -0.431083  -0.146593 -0.181314 -0.191354
37  1.719564 -0.000084 -0.000004  -0.007642 -0.032734 -0.607109
38  1.209198 0.000036 0.000011  0.025023 0.021812 0.275611
39  3.859588 -0.149082 -1.331320  -0.176337 -0.103776 -0.157149
40  1.719413 -0.000098 -0.000036  0.047641 -0.044690 -0.333366
41  1.099676 0.000023 0.000007  0.129257 0.020122 0.033637
42  1.170701 -0.129138 -1.045580  1.240612 0.537489 -0.820005
43  1.789780 -0.000008 -0.000043  -0.035300 0.072284 0.347904
44  1.206996 -0.000007 0.000005  -0.017348 0.100890 -0.187289
45  5.740573 0.000080 0.000721  0.138377 -0.000014 0.000028
46  11.481066 0.000003 0.000896  0.097625 0.042693 0.060510
47  6.027515 -0.000273 -0.000231  -0.892983 -0.347871 -1.590767
48  -0.000001 11.691976 -0.000007  -1.006159 0.454421 0.795449
49  0.000002 0.000001 -0.000002  2.029868 -0.000036 1.570860
50  -0.000007 -0.000015 0.000004  2.272645 -0.000036 1.570861
51  -6.273982 -7.254722 -6.115430  -0.386352 -2.674651 1.495498
52  0.000000 0.000000 0.000000  0.008153 -0.000259 0.000009
53  -0.000000 -0.000000 0.000000  1.565115 0.043565 -0.106862
54  -0.636154 -15.200452 -7.759244  -1.163047 -0.154310 -1.904793
55  0.000000 0.000001 0.000000  0.000000 -0.000001 -0.000002
56  0.000031 0.000029 0.000001  -1.571901 -0.044449 -0.106509
57  7.038808 -17.589092 -22.226044  1.570796 -0.000000 0.000000
58  -16.319784 5.039393 -18.063972  1.570796 -0.000000 0.000000
59  -1.398505 -1.664595 -13.625127  1.570796 -0.000000 0.000000
60  -0.004311 0.001229 -0.000371  0.006898 -0.005534 -0.284229
61  0.799722 9.991758 -4.303506  1.570796 -0.000000 0.000000
62  0.000000 0.000000 0.000000  -0.078727 -3.136056 0.284226
63  0.000000 0.000000 0.000000  1.567412 0.000711 0.001284
64  -2.194328 -8.971065 -2.576520  1.582613 0.116561 0.009910
65  0.042352 -2.889249 0.627700  -0.000000 -0.000000 0.000000
66  0.042352 -0.907087 1.190368  -0.000000 -0.000000 0.000000
67  -1.331044 -1.025121 4.361371  -0.000000 -0.000000 0.000000
68  0.042353 -0.884530 23.199600  -0.000000 -0.000000 0.000000
69  0.042255 0.181228 5.671381  -0.000000 -0.000000 0.000000
70  0.000096 0.089185 -9.714656  -0.000000 -0.000000 0.000000
71  0.042353 -0.569288 7.155124  -0.000000 -0.000000 0.000000
72  -0.682762 -1.501892 3.214538  -0.000000 -0.000000 0.000000
73  0.074278 -0.628098 4.762585  -0.000000 -0.000000 0.000000
74  -2.628606 -13.633242 -6.701132  1.582613 0.116561 0.009910
75  0.048471 3.702883 -1.382187  -0.000000 3.115334 1.548341
76  2.923889 1.668560 -1.111005  -0.000000 -0.000000 0.000000
77  2.450218 0.714008 -1.381964  0.005301 -0.022387 -0.004237
78  -0.000000 0.000000 -0.000001  -0.003432 0.785631 0.780372
79  0.000000 0.440763 0.000000  0.625695 -0.521922 -0.978429
80  -0.000000 0.430559 -0.000001  0.001203 0.011135 0.008174
81  0.000000 0.438246 -0.000001  0.003106 0.000228 0.001406
82  0.000000 0.433550 -0.000002  0.005095 0.106905 0.113272
83  -0.000000 0.454267 0.000002  -0.018216 0.224139 0.227145
84  0.000000 0.438145 -0.000001  -0.065110 0.216266 0.198626
85  0.000000 0.444415 0.000001  -0.483689 0.761609 0.299167
86  -0.000000 0.422927 0.000000  -0.309215 0.304144 0.007488
87  -0.000001 0.426508 -0.000000  -0.013316 -2.862346 0.009479
88  -0.000001 0.432947 -0.000000  0.080301 -1.827945 -0.091849
time 27
0  0.000006 0.000000 0.000000  -1.570800 -1.391899 -1.570792
1  -11.976892 3.776085 -1.402814  -1.544956 -1.855077 -0.198630
2  6.027524 -0.000326 0.000189  -1.238270 -1.288206 -1.107777
3  11.692105 0.000645 -0.000736  -1.152291 -0.000033 -1.636128
4  11.479425 0.000305 -0.001124  0.600192 -0.841685 0.765018
5  3.859503 -0.142822 -1.192080  -0.603309 -0.153254 -1.645038
6  1.312589 0.000010 0.000009  -0.134332 0.005764 -0.149076
7  0.729356 0.000054 0.000050  -0.006921 -0.010127 -0.171925
8  3.942141 0.046331 -0.431543  -0.437576 0.236645 -1.080252
9  1.539111 0.000082 0.000005  -0.023906 -0.071181 -0.773682
10  1.196334 0.000146 0.000026  0.006223 0.004451 -0.725134
11  3.883511 -0.047211 0.431351  -0.279795 0.553082 -0.488973
12  1.719573 -0.000030 0.000019  0.002711 -0.070785 -0.961842
13  1.209179 0.000087 0.000012  -0.010762 -0.006973 -0.762710
14  4.085234 -0.082652 1.151008  0.025499 0.604578 -0.086052
15  1.719449 -0.000018 0.000029  -0.003946 -0.026040 -0.561722
16  1.099676 0.000048 0.000007  -0.052339 0.061959 -1.042030
17  1.073294 -1.560286 0.845352  -0.573550 -0.643010 -0.783252
18  1.789821 -0.000002 -0.000018  -0.000023 -0.004153 0.674052
19  1.207014 -0.000013 -0.000044  0.000450 -0.000019 -0.127491
20  5.740637 0.000387 -0.000701  -0.373599 0.000003 0.000064
21  11.480889 0.000240 -0.000878  -0.109150 -0.189665 0.047902
22  6.027525 -0.000329 0.000200  1.718122 -0.242116 1.479424
23  -0.000001 11.692099 -0.000005  -1.109624 -0.553013 -0.858738
24  0.000004 0.000010 -0.000000  -0.283187 -0.000031 1.570738
25  -0.000001 -0.000011 0.000001  0.868960 0.000002 1.570712
26  -6.073754 -9.590100 0.811607  1.473120 1.855075 -0.198639
27  6.027510 -0.000261 -0.000219  1.718424 0.627543 -0.466024
28  11.691992 0.000160 0.000858  -0.095703 0.000061 -1.679193
29  11.479004 -0.001158 0.000712  -1.109707 0.164631 0.310220
30  3.859437 -0.132759 1.193065  0.125670 -0.453915 -0.608242
31  1.312558 0.000026 -0.000001  -0.084267 -0.112876 0.265595
32  0.729345 0.000065 -0.000028  -0.173964 0.063172 0.082766
33  3.942046 0.050139 0.431000  -0.028298 -0.239352 -0.262542
34  1.539097 0.000005 -0.000001  -0.012180 -0.060258 -0.183748
35  1.196300 0.000077 -0.000005  -0.013276 0.017078 -0.030481
36  3.883413 -0.050473 -0.431084  -0.203758 -0.131671 0.078782
37  1.719563 -0.000085 -0.000004  -0.062050 -0.090386 -0.695728
38  1.209198 0.000035 0.000011  0.051941 0.048538 0.330122
39  3.859589 -0.149082 -1.331321  -0.217448 -0.039378 0.195474
40  1.719412 -0.000098 -0.000036  -0.040172 -0.009783 -0.595352
41  1.099673 0.000024 0.000007  0.258754 0.049832 -0.007753
42  1.119429 -0.161571 -1.083925  0.993960 0.252081 -0.789062
43  1.789780 -0.000009 -0.000042  0.000422 0.003724 -0.116465
44  1.206996 -0.000007 0.000005  0.000112 -0.000232 -0.161829
45  5.740572 0.000079 0.000721  0.114478 -0.000014 0.000028
46  11.480745 -0.000157 0.000887  0.087469 0.025389 0.039706
47  6.027515 -0.000274 -0.000226  -0.706276 -0.440120 -1.688303
48  -0.000002 11.691978 -0.000007  -1.134783 0.578035 0.873069
49  0.000004 -0.000001 0.000000  2.176827 -0.000036 1.570860
50  -0.000008 -0.000012 0.000003  2.272645 -0.000036 1.570861
51  -7.038297 -4.806662 -7.113037  2.771514 -0.465818 -1.471570
52  0.000000 -0.000001 -0.000000  0.008153 -0.000259 0.000009
53  -0.000000 -0.000000 0.000000  1.565115 0.043565 -0.106862
54  -0.702305 -15.141422 -7.653139  -1.167627 -0.158061 -1.909105
55  -0.000001 0.000001 0.000001  0.000000 -0.000001 -0.000002
56  0.000030 0.000030 0.000002  -1.571901 -0.044449 -0.106509
57  6.954931 -17.469849 -22.074940  1.570796 -0.000000 0.000000
58  -16.319784 5.039393 -18.063972  1.570796 -0.000000 0.000000
59  -1.398505 -1.584972 -12.458909  1.570796 -0.000000 0.000000
60  -0.004311 0.001229 -0.000371  0.006898 -0.005534 -0.284229
61  0.811605 10.517838 -4.270317  1.570796 -0.000000 0.000000
62  0.000000 0.000000 0.000000  -0.078727 -3.136056 0.284226
63  0.000000 0.000000 0.000000  1.567786 -0.001132 0.001633
64  -2.200596 -8.893740 -2.474781  1.580589 0.122084 0.004645
65  0.042352 -2.889250 0.627700  -0.000000 -0.000000 -0.000000
66  0.042351 -0.907087 1.190368  -0.000000 -0.000000 -0.000000
67  -1.331044 -1.025121 4.361372  -0.000000 -0.000000 -0.000000
68  0.042353 -0.884530 23.199602  -0.000000 -0.000000 -0.000000
69  0.042255 0.181228 5.671382  -0.000000 -0.000000 -0.000000
70  0.000096 0.089184 -9.714655  -0.000000 -0.000000 -0.000000
71  0.042352 -0.569288 7.155122  -0.000000 -0.000000 -0.000000
72  -0.682762 -1.501893 3.214537  -0.000000 -0.000000 -0.000000
73  0.074278 -0.628098 4.762586  -0.000000 -0.000000 -0.000000
74  -2.681002 -13.562057 -6.587312  1.580589 0.122084 0.004645
75  0.048471 3.702883 -1.382188  -0.000000 3.115334 1.548341
76  2.923888 1.668561 -1.111006  -0.000000 -0.000000 -0.000000
77  2.459783 0.712380 -1.382122  0.001944 -0.013028 -0.001845
78  -0.000000 0.000001 0.000001  -0.003977 0.784814 0.780852
79  0.000000 0.440764 0.000002  0.625674 -0.523410 -0.977728
80  0.000000 0.430559 -0.000000  0.001508 0.010281 0.008719
81  0.000000 0.438248 0.000000  0.003402 -0.000626 0.001128
82  0.000000 0.433549 0.000002  0.005296 0.106026 0.112204
83  0.000000 0.454267 0.000001  -0.018025 0.223200 0.225454
84  -0.000000 0.438146 0.000000  -0.064618 0.215259 0.196803
85  0.000001 0.444415 0.000002  -0.482920 0.760525 0.297940
86  0.000001 0.422927 -0.000000  -0.308669 0.303600 0.006733
87  -0.000001 0.426508 -0.000000  -0.012580 -2.862633 0.008428
88  -0.000002 0.432947 -0.000000  0.072852 -1.828076 -0.083194
time 28
0  0.000006 0.000000 0.000000  -1.570800 -1.391899 -1.570792
1  -10.697563 3.426409 -1.402815  -1.544956 -1.855077 -0.198630
2  6.027523 -0.000329 0.000189  -1.193572 -1.198841 -1.130906
3  11.692104 0.000642 -0.000737  -1.152292 -0.000036 -1.678127
4  11.479136 0.000245 -0.001257  0.668432 -0.841495 0.665414
5  3.859503 -0.142822 -1.192079  -0.603309 -0.153254 -1.645038
6  1.312592 0.000010 0.000008  -0.134332 0.005764 -0.149076
7  0.729356 0.000055 0.000048  -0.006921 -0.010127 -0.171925
8  3.942139 0.046332 -0.431543  -0.437576 0.236645 -1.080252
9  1.539110 0.000083 0.000002  -0.023906 -0.071181 -0.773682
10  1.196332 0.000148 0.000030  0.006223 0.004451 -0.725134
11  3.883509 -0.047212 0.431351  -0.279795 0.553082 -0.488973
12  1.719573 -0.000030 0.000017  0.002711 -0.070786 -0.961842
13  1.209178 0.000091 0.000012  -0.010762 -0.006973 -0.762710
14  4.085233 -0.082652 1.151009  0.025499 0.604578 -0.086052
15  1.719448 -0.000018 0.000029  -0.003946 -0.026040 -0.561722
16  1.099674 0.000047 0.000006  -0.052339 0.061959 -1.042030
17  1.073294 -1.560287 0.845353  -0.573550 -0.643010 -0.783253
18  1.789820 -0.000003 -0.000018  -0.000023 -0.004153 0.674052
19  1.207013 -0.000014 -0.000044  0.000450 -0.000019 -0.127491
20  5.740636 0.000389 -0.000698  -0.337471 0.000003 0.000063
21  11.480831 0.000230 -0.000904  -0.105335 -0.182019 0.036566
22  6.027524 -0.000332 0.000200  1.752957 -0.326209 1.488888
23  0.000000 11.692098 -0.000007  -1.134238 -0.577439 -0.872669
24  0.000003 0.000012 0.000001  -0.283187 -0.000031 1.570739
25  -0.000001 -0.000011 0.000000  0.868960 0.000002 1.570712
26  -6.129934 -10.036661 0.819419  1.473120 1.855075 -0.198639
27  6.027510 -0.000260 -0.000222  1.692768 0.564826 -0.483049
28  11.691993 0.000160 0.000858  0.072001 0.000065 -1.730655
29  11.480307 -0.000331 0.000846  -1.252870 0.175592 0.225897
30  3.859437 -0.132759 1.193065  0.176891 -0.437643 -0.727252
31  1.312559 0.000026 -0.000001  -0.076667 -0.120225 0.194976
32  0.729345 0.000065 -0.000027  -0.178552 0.051102 0.014200
33  3.942046 0.050139 0.430999  -0.002605 -0.241960 -0.373040
34  1.539097 0.000005 -0.000001  -0.001655 -0.060628 -0.254536
35  1.196300 0.000078 -0.000004  -0.015992 0.016363 -0.100866
36  3.883414 -0.050473 -0.431086  -0.182047 -0.160996 -0.024535
37  1.719564 -0.000084 -0.000004  -0.049392 -0.105315 -0.843727
38  1.209197 0.000034 0.000010  0.049248 0.055572 0.259757
39  3.859589 -0.149082 -1.331322  -0.201693 -0.008559 0.170945
40  1.719413 -0.000098 -0.000035  -0.030282 0.013642 -0.576326
41  1.099672 0.000023 0.000006  0.234611 0.045133 -0.002535
42  1.041311 -0.210987 -1.142347  0.991307 0.213224 -0.793508
43  1.789780 -0.000009 -0.000042  0.000806 0.000974 -0.092714
44  1.206997 -0.000006 0.000005  0.000121 -0.000209 -0.031292
45  5.740573 0.000078 0.000721  0.078203 -0.000014 0.000028
46  11.481006 0.000006 0.000914  0.059740 0.021046 0.026493
47  6.027515 -0.000273 -0.000229  -0.648309 -0.481212 -1.716695
48  -0.000001 11.691977 -0.000007  -1.164934 0.608358 0.889441
49  0.000004 -0.000000 -0.000001  2.344530 -0.000036 1.570860
50  -0.000007 -0.000013 0.000005  2.272645 -0.000036 1.570861
51  -7.181271 -3.829084 -7.642036  2.770228 -0.462630 -1.397928
52  0.000000 -0.000000 0.000000  0.008153 -0.000259 0.000009
53  -0.000000 -0.000000 -0.000001  1.565115 0.043565 -0.106862
54  -0.812648 -15.093307 -7.539497  -1.180281 -0.166892 -1.912371
55  -0.000001 -0.000000 0.000001  0.000000 -0.000001 -0.000002
56  0.000030 0.000029 0.000002  -1.571901 -0.044449 -0.106509
57  6.834352 -17.251488 -21.758987  1.570796 -0.000000 0.000000
58  -16.319784 5.039393 -18.063972  1.570796 -0.000000 0.000000
59  -1.398505 -1.468526 -11.137774  1.570796 -0.000000 0.000000
60  -0.004311 0.001229 -0.000371  0.006898 -0.005534 -0.284229
61  0.819417 10.967268 -4.246138  1.570796 -0.000000 0.000000
62  0.000000 0.000000 0.000000  -0.078727 -3.136056 0.284226
63  0.000000 0.000000 0.000000  1.568300 -0.001115 0.001919
64  -2.201491 -8.816415 -2.365953  1.576419 0.136808 -0.001206
65  0.042352 -2.889250 0.627698  -0.000000 0.000000 -0.000000
66  0.042352 -0.907088 1.190367  -0.000000 0.000000 -0.000000
67  -1.331044 -1.025122 4.361372  -0.000000 0.000000 -0.000000
68  0.042353 -0.884531 23.199600  -0.000000 0.000000 -0.000000
69  0.042255 0.181228 5.671383  -0.000000 0.000000 -0.000000
70  0.000096 0.089184 -9.714657  -0.000000 0.000000 -0.000000
71  0.042352 -0.569288 7.155123  -0.000000 0.000000 -0.000000
72  -0.682762 -1.501893 3.214538  -0.000000 0.000000 -0.000000
73  0.074278 -0.628099 4.762586  -0.000000 0.000000 -0.000000
74  -2.767064 -13.499014 -6.451333  1.576419 0.136808 -0.001206
75  0.048470 3.702884 -1.382187  -0.000000 3.115334 1.548341
76  2.923888 1.668561 -1.111006  -0.000000 0.000000 -0.000000
77  2.467132 0.711780 -1.382180  -0.000627 -0.005827 -0.000488
78  0.000000 0.000001 0.000000  -0.004414 0.784189 0.781334
79  -0.000002 0.440763 0.000001  0.625630 -0.524581 -0.977155
80  -0.000000 0.430558 -0.000001  0.001738 0.009620 0.009219
81  0.000000 0.438247 -0.000001  0.003627 -0.001286 0.001037
82  0.000000 0.433550 0.000002  0.005451 0.105347 0.111543
83  0.000000 0.454267 0.000000  -0.017895 0.222478 0.224334
84  -0.000000 0.438145 -0.000002  -0.064290 0.214490 0.195550
85  0.000000 0.444414 0.000000  -0.482403 0.759703 0.297046
86  -0.000001 0.422927 -0.000000  -0.308227 0.303174 0.006156
87  0.000000 0.426508 0.000000  -0.012201 -2.862863 0.007674
88  -0.000000 0.432947 0.000001  0.068395 -1.828220 -0.077870
time 29
0  0.000006 0.000000 0.000000  -1.570800 -1.391899 -1.570792
1  -9.425266 3.037833 -1.402815  -1.544956 -1.855077 -0.198630
2  6.027523 -0.000324 0.000190  -1.159663 -1.115851 -1.134623
3  11.692107 0.000645 -0.000738  -1.152293 -0.000037 -1.700030
4  11.478992 0.000217 -0.001324  0.737830 -0.825510 0.547017
5  3.859504 -0.142823 -1.192079  -0.603309 -0.153254 -1.645038
6  1.312590 0.000011 0.000008  -0.134332 0.005764 -0.149076
7  0.729355 0.000053 0.000048  -0.006921 -0.010127 -0.171925
8  3.942142 0.046332 -0.431542  -0.437576 0.236645 -1.080252
9  1.539110 0.000083 0.000004  -0.023906 -0.071181 -0.773682
10  1.196334 0.000147 0.000029  0.006223 0.004451 -0.725134
11  3.883514 -0.047211 0.431351  -0.279795 0.553082 -0.488973
12  1.719573 -0.000028 0.000017  0.002711 -0.070786 -0.961842
13  1.209179 0.000090 0.000012  -0.010762 -0.006973 -0.762710
14  4.085237 -0.082653 1.151009  0.025499 0.604578 -0.086052
15  1.719448 -0.000017 0.000029  -0.003946 -0.026040 -0.561722
16  1.099676 0.000049 0.000003  -0.052339 0.061959 -1.042030
17  1.073295 -1.560287 0.845352  -0.573550 -0.643010 -0.783252
18  1.789818 -0.000005 -0.000019  -0.000022 -0.004153 0.674052
19  1.207016 -0.000014 -0.000043  0.000450 -0.000019 -0.127491
20  5.740636 0.000388 -0.000699  -0.299954 0.000003 0.000064
21  11.480803 0.000223 -0.000918  -0.103653 -0.171404 0.023023
22  6.027524 -0.000328 0.000200  1.783741 -0.405236 1.505231
23  0.000000 11.692100 -0.000006  -1.147070 -0.590291 -0.879736
24  0.000000 0.000010 -0.000000  -0.283187 -0.000031 1.570738
25  -0.000000 -0.000011 -0.000000  0.868960 0.000002 1.570712
26  -6.174342 -10.371395 0.824002  1.473120 1.855075 -0.198639
27  6.027509 -0.000260 -0.000219  1.640616 0.631808 -0.488957
28  11.691992 0.000161 0.000860  0.218960 0.000061 -1.688792
29  11.478751 -0.001046 0.001073  -1.378342 0.294264 0.310762
30  3.859438 -0.132759 1.193065  0.309811 -0.359140 -1.066958
31  1.312559 0.000027 -0.000001  -0.051094 -0.133488 -0.008719
32  0.729346 0.000065 -0.000028  -0.185242 0.014310 -0.185753
33  3.942047 0.050139 0.430999  0.077375 -0.229587 -0.713615
34  1.539097 0.000005 -0.000002  0.011943 -0.060147 -0.457440
35  1.196300 0.000078 -0.000004  -0.019265 0.012991 -0.303411
36  3.883414 -0.050473 -0.431084  -0.100622 -0.232507 -0.337216
37  1.719562 -0.000084 -0.000004  -0.026339 -0.114776 -1.061924
38  1.209197 0.000035 0.000011  0.037524 0.065015 0.057114
39  3.859589 -0.149082 -1.331322  -0.161061 0.080802 0.103864
40  1.719413 -0.000098 -0.000036  0.003219 0.036404 -0.522227
41  1.099674 0.000023 0.000007  0.166333 0.032562 0.012788
42  0.952705 -0.267036 -1.208612  0.990337 0.186094 -0.796728
43  1.789780 -0.000009 -0.000043  0.000808 -0.000987 -0.030304
44  1.206997 -0.000008 0.000005  0.000172 -0.000146 0.280225
45  5.740573 0.000079 0.000722  0.061682 -0.000014 0.000028
46  11.480695 -0.000136 0.000959  0.030485 0.042655 0.044825
47  6.027515 -0.000272 -0.000227  -0.736742 -0.496985 -1.651636
48  -0.000001 11.691977 -0.000008  -1.140406 0.583660 0.876181
49  0.000002 0.000000 -0.000001  2.491489 -0.000036 1.570860
50  -0.000008 -0.000014 0.000005  2.272645 -0.000036 1.570861
51  -6.263272 -3.968888 -7.619019  2.806639 -0.395669 -1.483733
52  0.000000 -0.000000 -0.000000  0.008153 -0.000259 0.000009
53  0.000000 -0.000001 -0.000001  1.565115 0.043565 -0.106862
54  -0.953976 -15.085838 -7.435540  -1.199215 -0.177913 -1.913949
55  -0.000000 0.000001 0.000001  0.000000 -0.000001 -0.000002
56  0.000030 0.000029 0.000002  -1.571901 -0.044449 -0.106509
57  6.713773 -16.942101 -21.251572  1.570796 -0.000000 0.000000
58  -16.319784 5.039393 -18.063972  1.570796 -0.000000 0.000000
59  -1.398505 -1.312550 -9.816638  1.570796 -0.000000 0.000000
60  -0.004311 0.001229 -0.000371  0.006898 -0.005534 -0.284229
61  0.824000 11.304563 -4.230272  1.570796 -0.000000 0.000000
62  0.000000 0.000000 0.000000  -0.078727 -3.136056 0.284226
63  0.000000 0.000000 0.000000  1.568963 -0.000991 0.002112
64  -2.202387 -8.781267 -2.259861  1.572170 0.158062 -0.006657
65  0.042352 -2.889250 0.627700  0.000000 -0.000000 0.000000
66  0.042352 -0.907088 1.190369  0.000000 -0.000000 0.000000
67  -1.331044 -1.025122 4.361372  0.000000 -0.000000 0.000000
68  0.042353 -0.884531 23.199604  0.000000 -0.000000 0.000000
69  0.042255 0.181228 5.671383  0.000000 -0.000000 0.000000
70  0.000096 0.089185 -9.714658  0.000000 -0.000000 0.000000
71  0.042352 -0.569288 7.155123  0.000000 -0.000000 0.000000
72  -0.682762 -1.501893 3.214539  0.000000 -0.000000 0.000000
73  0.074279 -0.628098 4.762587  0.000000 -0.000000 0.000000
74  -2.877149 -13.477634 -6.312730  1.572170 0.158062 -0.006657
75  0.048471 3.702883 -1.382187  0.000000 3.115334 1.548341
76  2.923889 1.668561 -1.111004  0.000000 -0.000000 0.000000
77  2.470070 0.711693 -1.382186  -0.001655 -0.002946 -0.000060
78  0.000000 -0.000001 -0.000001  -0.004593 0.783941 0.781554
79  0.000001 0.440763 -0.000001  0.625606 -0.525055 -0.976917
80  0.000000 0.430558 0.000001  0.001828 0.009355 0.009438
81  0.000000 0.438246 0.000001  0.003716 -0.001551 0.001029
82  0.000000 0.433550 -0.000000  0.005512 0.105074 0.111318
83  0.000000 0.454267 0.000002  -0.017847 0.222189 0.223928
84  0.000001 0.438146 0.000000  -0.064171 0.214184 0.195085
85  -0.000000 0.444415 -0.000001  -0.482215 0.759377 0.296701
86  -0.000001 0.422926 0.000000  -0.308045 0.303003 0.005925
87  -0.000002 0.426508 -0.000000  -0.012093 -2.862957 0.007385
88  -0.000000 0.432947 0.000001  0.066918 -1.828286 -0.076061
time 30
0  0.000006 0.000000 0.000000  -1.570800 -1.391899 -1.570792
1  -8.312225 2.639171 -1.402816  -1.544956 -1.855077 -0.198630
2  6.027522 -0.000326 0.000190  -1.132167 -1.052146 -1.125837
3  11.692107 0.000646 -0.000740  -1.152293 -0.000037 -1.697378
4  11.479011 0.000218 -0.001315  0.789085 -0.795869 0.431576
5  3.859503 -0.142822 -1.192080  -0.603309 -0.153254 -1.645038
6  1.312590 0.000011 0.000007  -0.134332 0.005764 -0.149076
7  0.729355 0.000055 0.000048  -0.006921 -0.010127 -0.171925
8  3.942139 0.046331 -0.431544  -0.437576 0.236645 -1.080252
9  1.539111 0.000083 0.000002  -0.023906 -0.071181 -0.773682
10  1.196332 0.000148 0.000029  0.006223 0.004451 -0.725134
11  3.883511 -0.047211 0.431350  -0.279795 0.553082 -0.488973
12  1.719574 -0.000028 0.000018  0.002711 -0.070785 -0.961842
13  1.209180 0.000087 0.000011  -0.010762 -0.006973 -0.762710
14  4.085232 -0.082653 1.151008  0.025499 0.604578 -0.086052
15  1.719447 -0.000019 0.000029  -0.003946 -0.026040 -0.561722
16  1.099674 0.000050 0.000006  -0.052339 0.061959 -1.042030
17  1.073294 -1.560287 0.845352  -0.573550 -0.643010 -0.783253
18  1.789819 -0.000005 -0.000018  -0.000022 -0.004153 0.674052
19  1.207016 -0.000013 -0.000043  0.000450 -0.000019 -0.127491
20  5.740635 0.000389 -0.000699  -0.268947 0.000003 0.000064
21  11.480807 0.000223 -0.000915  -0.105089 -0.159479 0.008928
22  6.027524 -0.000332 0.000200  1.804564 -0.467422 1.529526
23  0.000001 11.692099 -0.000006  -1.145516 -0.588731 -0.878888
24  0.000001 0.000008 0.000000  -0.283187 -0.000031 1.570739
25  0.000000 -0.000011 -0.000000  0.868960 0.000002 1.570712
26  -6.202447 -10.575374 0.826216  1.473120 1.855075 -0.198639
27  6.027510 -0.000261 -0.000222  1.565271 0.754816 -0.508319
28  11.691994 0.000161 0.000856  0.314169 0.000057 -1.626347
29  11.479348 -0.000617 0.001065  -1.375016 0.501494 0.544614
30  3.859439 -0.132759 1.193065  0.426910 -0.202503 -1.482540
31  1.312559 0.000025 -0.000002  -0.014584 -0.141389 -0.274517
32  0.729346 0.000065 -0.000028  -0.182353 -0.034167 -0.445561
33  3.942048 0.050138 0.431000  0.168258 -0.174099 -1.160051
34  1.539096 0.000007 -0.000001  0.024977 -0.056645 -0.721203
35  1.196300 0.000078 -0.000003  -0.021344 0.007815 -0.566865
36  3.883414 -0.050473 -0.431085  0.036605 -0.282392 -0.766109
37  1.719564 -0.000085 -0.000003  -0.000485 -0.114871 -1.292670
38  1.209197 0.000035 0.000011  0.019841 0.071030 -0.206815
39  3.859588 -0.149082 -1.331321  -0.117015 0.199636 0.021571
40  1.719413 -0.000098 -0.000037  0.048542 0.052362 -0.451913
41  1.099674 0.000024 0.000007  0.078284 0.017984 0.033687
42  0.874586 -0.316452 -1.267033  0.990645 0.171916 -0.798602
43  1.789780 -0.000009 -0.000043  0.000503 -0.002049 0.049164
44  1.206997 -0.000008 0.000005  0.000264 -0.000089 0.671647
45  5.740571 0.000080 0.000721  0.071901 -0.000014 0.000028
46  11.480814 -0.000049 0.000958  0.015901 0.085930 0.086383
47  6.027515 -0.000273 -0.000230  -0.891185 -0.493131 -1.549255
48  -0.000002 11.691978 -0.000005  -1.103811 0.547338 0.855472
49  0.000004 0.000001 -0.000000  2.586699 -0.000036 1.570860
50  -0.000007 -0.000013 0.000005  2.272645 -0.000036 1.570861
51  -4.617714 -4.384340 -7.275681  -0.274674 -2.886753 1.472481
52  -0.000000 -0.000000 -0.000000  0.008153 -0.000259 0.000009
53  0.000000 -0.000000 0.000000  1.565115 0.043565 -0.106862
54  -1.113388 -15.132030 -7.359311  -1.222653 -0.188187 -1.913280
55  0.000001 0.000000 -0.000001  0.000000 -0.000001 -0.000002
56  0.000031 0.000029 0.000001  -1.571901 -0.044449 -0.106509
57  6.629895 -16.572651 -20.574211  1.570796 -0.000000 0.000000
58  -16.319784 5.039393 -18.063972  1.570796 -0.000000 0.000000
59  -1.398505 -1.118309 -8.650421  1.570796 -0.000000 0.000000
60  -0.004311 0.001229 -0.000371  0.006898 -0.005534 -0.284229
61  0.826214 11.510286 -4.221633  1.570796 -0.000000 0.000000
62  0.000000 0.000000 0.000000  -0.078727 -3.136056 0.284226
63  0.000000 0.000000 0.000000  1.569791 -0.000655 0.002183
64  -2.208655 -8.813243 -2.166323  1.569992 0.183203 -0.010624
65  0.042352 -2.889250 0.627701  0.000000 -0.000000 -0.000000
66  0.042352 -0.907088 1.190367  0.000000 -0.000000 -0.000000
67  -1.331044 -1.025122 4.361371  0.000000 -0.000000 -0.000000
68  0.042353 -0.884531 23.199606  0.000000 -0.000000 -0.000000
69  0.042255 0.181227 5.671383  0.000000 -0.000000 -0.000000
70  0.000096 0.089184 -9.714657  0.000000 -0.000000 -0.000000
71  0.042352 -0.569288 7.155123  0.000000 -0.000000 -0.000000
72  -0.682762 -1.501893 3.214538  0.000000 -0.000000 -0.000000
73  0.074279 -0.628099 4.762587  0.000000 -0.000000 -0.000000
74  -3.001944 -13.514760 -6.191660  1.569992 0.183203 -0.010624
75  0.048471 3.702884 -1.382189  0.000000 3.115334 1.548341
76  2.923889 1.668561 -1.111008  0.000000 -0.000000 -0.000000
77  2.470069 0.711694 -1.382191  -0.001654 -0.002946 -0.000060
78  0.000000 0.000000 -0.000001  -0.004593 0.783941 0.781554
79  0.000000 0.440764 -0.000001  0.625606 -0.525055 -0.976917
80  -0.000000 0.430557 -0.000001  0.001828 0.009355 0.009438
81  0.000000 0.438247 0.000000  0.003716 -0.001551 0.001029
82  -0.000000 0.433551 0.000001  0.005512 0.105074 0.111318
83  -0.000000 0.454268 -0.000000  -0.017847 0.222189 0.223928
84  -0.000000 0.438146 -0.000001  -0.064171 0.214184 0.195085
85  -0.000000 0.444415 0.000000  -0.482215 0.759377 0.296701
86  -0.000002 0.422926 0.000000  -0.308045 0.303003 0.005925
87  0.000001 0.426508 -0.000001  -0.012093 -2.862957 0.007385
88  -0.000001 0.432947 0.000000  0.066916 -1.828286 -0.076059
time 31
0  0.000006 0.000000 0.000000  -1.570800 -1.391899 -1.570792
1  -7.475369 2.256264 -1.402816  -1.544956 -1.855077 -0.198630
2  6.027522 -0.000324 0.000190  -1.109431 -1.013997 -1.108183
3  11.692104 0.000646 -0.000739  -1.152292 -0.000036 -1.676172
4  11.479150 0.000248 -0.001251  0.806968 -0.764510 0.338569
5  3.859505 -0.142824 -1.192079  -0.603309 -0.153254 -1.645038
6  1.312590 0.000011 0.000006  -0.134332 0.005764 -0.149076
7  0.729356 0.000054 0.000049  -0.006921 -0.010127 -0.171925
8  3.942140 0.046330 -0.431543  -0.437576 0.236645 -1.080252
9  1.539112 0.000081 0.000003  -0.023906 -0.071181 -0.773682
10  1.196332 0.000144 0.000028  0.006223 0.004451 -0.725134
11  3.883512 -0.047213 0.431351  -0.279795 0.553082 -0.488973
12  1.719574 -0.000028 0.000018  0.002711 -0.070785 -0.961842
13  1.209179 0.000090 0.000013  -0.010762 -0.006973 -0.762710
14  4.085235 -0.082653 1.151009  0.025499 0.604578 -0.086052
15  1.719449 -0.000019 0.000028  -0.003946 -0.026040 -0.561722
16  1.099675 0.000046 0.000004  -0.052339 0.061959 -1.042030
17  1.073295 -1.560287 0.845353  -0.573550 -0.643010 -0.783252
18  1.789819 -0.000003 -0.000018  -0.000023 -0.004153 0.674052
19  1.207016 -0.000013 -0.000043  0.000450 -0.000019 -0.127491
20  5.740636 0.000389 -0.000699  -0.249689 0.000003 0.000064
21  11.480836 0.000229 -0.000903  -0.110108 -0.149142 -0.004240
22  6.027524 -0.000329 0.000200  1.812737 -0.506648 1.562886
23  -0.000000 11.692099 -0.000007  -1.133092 -0.576296 -0.872032
24  0.000003 0.000008 0.000001  -0.283187 -0.000030 1.570739
25  -0.000001 -0.000010 -0.000000  0.868960 0.000002 1.570712
26  -6.212011 -10.642979 0.826812  1.473120 1.855075 -0.198639
27  6.027511 -0.000260 -0.000220  1.541500 0.813486 -0.518661
28  11.691993 0.000162 0.000857  0.346038 0.000054 -1.588529
29  11.479610 -0.000444 0.001034  -1.356592 0.580999 0.658577
30  3.859437 -0.132758 1.193065  0.465969 -0.062314 -1.775407
31  1.312559 0.000025 -0.000001  0.014181 -0.140447 -0.479042
32  0.729345 0.000066 -0.000028  -0.171592 -0.069809 -0.644929
33  3.942046 0.050139 0.431000  0.214762 -0.110438 -1.485281
34  1.539097 0.000006 -0.000001  0.032921 -0.052196 -0.923850
35  1.196300 0.000077 -0.000004  -0.021663 0.003625 -0.769306
36  3.883414 -0.050473 -0.431084  0.148122 -0.280317 -1.093807
37  1.719565 -0.000084 -0.000004  0.017196 -0.109805 -1.454857
38  1.209197 0.000035 0.000010  0.005594 0.071655 -0.409814
39  3.859589 -0.149082 -1.331321  -0.089055 0.293969 -0.040139
40  1.719412 -0.000098 -0.000036  0.084652 0.059267 -0.396809
41  1.099673 0.000023 0.000007  0.009633 0.007953 0.050772
42  0.823315 -0.348885 -1.305377  0.991345 0.167310 -0.799371
43  1.789780 -0.000008 -0.000042  0.000181 -0.002406 0.111090
44  1.206996 -0.000007 0.000005  0.000344 -0.000071 0.961264
45  5.740571 0.000080 0.000721  0.075314 -0.000014 0.000028
46  11.480865 -0.000015 0.000952  0.010150 0.103113 0.105182
47  6.027515 -0.000273 -0.000229  -0.957592 -0.476590 -1.511840
48  -0.000002 11.691977 -0.000006  -1.081609 0.525661 0.842404
49  0.000004 0.000000 0.000000  2.618569 -0.000036 1.570860
50  -0.000008 -0.000013 0.000006  2.272645 -0.000036 1.570861
51  -3.962917 -4.625111 -7.023205  -0.273235 -2.953815 1.392422
52  0.000000 -0.000000 -0.000000  0.008153 -0.000259 0.000009
53  0.000000 -0.000000 -0.000000  1.565115 0.043565 -0.106862
54  -1.279249 -15.195380 -7.335586  -1.249176 -0.193682 -1.910020
55  0.000002 -0.000000 -0.000000  0.000000 -0.000001 -0.000002
56  0.000032 0.000028 0.000001  -1.571901 -0.044449 -0.106509
57  6.601075 -16.177364 -19.777050  1.570796 -0.000000 0.000000
58  -16.319784 5.039393 -18.063972  1.570796 -0.000000 0.000000
59  -1.398505 -0.890427 -7.758785  1.570796 -0.000000 0.000000
60  -0.004311 0.001230 -0.000371  0.006898 -0.005534 -0.284229
61  0.826810 11.578514 -4.219014  1.570796 -0.000000 0.000000
62  0.000000 0.000000 0.000000  -0.078727 -3.136056 0.284226
63  0.000000 0.000000 0.000000  1.570796 -0.000000 0.002049
64  -2.225670 -8.893184 -2.093412  1.573286 0.209621 -0.011756
65  0.042352 -2.889250 0.627699  -0.000000 0.000000 -0.000000
66  0.042352 -0.907088 1.190369  -0.000000 0.000000 -0.000000
67  -1.331045 -1.025122 4.361372  -0.000000 0.000000 -0.000000
68  0.042353 -0.884531 23.199604  -0.000000 0.000000 -0.000000
69  0.042255 0.181228 5.671383  -0.000000 0.000000 -0.000000
70  0.000096 0.089185 -9.714656  -0.000000 0.000000 -0.000000
71  0.042352 -0.569288 7.155123  -0.000000 0.000000 -0.000000
72  -0.682763 -1.501893 3.214539  -0.000000 0.000000 -0.000000
73  0.074278 -0.628099 4.762588  -0.000000 0.000000 -0.000000
74  -3.133405 -13.579006 -6.112864  1.573286 0.209621 -0.011756
75  0.048471 3.702884 -1.382187  0.000000 3.115334 1.548341
76  2.923888 1.668561 -1.111005  -0.000000 0.000000 -0.000000
77  2.470068 0.711694 -1.382187  -0.001655 -0.002946 -0.000060
78  -0.000000 0.000001 0.000001  -0.004593 0.783941 0.781554
79  -0.000001 0.440764 -0.000000  0.625606 -0.525055 -0.976917
80  -0.000000 0.430558 0.000001  0.001828 0.009355 0.009438
81  0.000000 0.438246 -0.000001  0.003716 -0.001551 0.001029
82  -0.000000 0.433550 -0.000000  0.005512 0.105074 0.111318
83  -0.000000 0.454268 -0.000000  -0.017847 0.222189 0.223929
84  0.000000 0.438145 -0.000000  -0.064171 0.214184 0.195085
85  0.000000 0.444414 -0.000000  -0.482215 0.759377 0.296701
86  0.000001 0.422927 0.000000  -0.308045 0.303003 0.005925
87  -0.000003 0.426508 0.000000  -0.012093 -2.862957 0.007385
88  0.000001 0.432947 -0.000001  0.066918 -1.828287 -0.076060
time 32
0  0.000006 0.000000 0.000000  -1.570800 -1.391899 -1.570792
1  -6.981155 1.907537 -1.402817  -1.544956 -1.855077 -0.198630
2  6.027521 -0.000324 0.000191  -1.229960 -0.899598 -0.963947
3  11.692105 0.000646 -0.000738  -1.118587 -0.000039 -1.719706
4  11.480653 0.000581 -0.000480  1.094173 -0.610065 0.308531
5  3.859503 -0.142824 -1.192079  -0.609065 0.205432 -1.171653
6  1.312590 0.000010 0.000007  -0.067075 0.004298 -0.107521
7  0.729356 0.000053 0.000049  -0.003832 -0.004795 -0.021158
8  3.942139 0.046330 -0.431543  -0.280735 0.276506 -0.770020
9  1.539110 0.000081 0.000004  -0.020097 -0.032846 -0.323726
10  1.196333 0.000147 0.000030  0.003494 0.001712 -0.390985
11  3.883510 -0.047213 0.431351  -0.071428 0.339561 -0.319486
12  1.719572 -0.000029 0.000017  -0.007018 -0.032910 -0.476900
13  1.209179 0.000090 0.000012  -0.005969 -0.000657 -0.302635
14  4.085233 -0.082654 1.151008  0.167588 0.197082 -0.108942
15  1.719446 -0.000018 0.000027  -0.003366 -0.010739 -0.275399
16  1.099676 0.000049 0.000006  -0.016750 0.040299 -0.456070
17  1.073301 -1.560295 0.845364  -0.940103 -0.829834 -0.538455
18  1.789819 -0.000005 -0.000018  0.002308 -0.012250 0.606704
19  1.207016 -0.000013 -0.000044  0.001382 0.000014 -0.137247
20  5.740636 0.000387 -0.000700  -0.153579 0.000003 0.000064
21  11.481136 0.000294 -0.000748  -0.068806 -0.112235 0.019689
22  6.027525 -0.000329 0.000200  1.951507 -0.567180 1.537311
23  0.000001 11.692100 -0.000006  -1.158599 -0.601900 -0.885966
24  0.000004 0.000008 0.000000  -0.249481 -0.000030 1.570739
25  0.000001 -0.000011 0.000000  0.868960 0.000002 1.570712
26  -6.212011 -10.642979 0.826812  1.473120 1.855075 -0.198639
27  6.027511 -0.000260 -0.000220  1.561367 0.814311 -0.510114
28  11.691991 0.000160 0.000857  0.346038 0.000054 -1.583622
29  11.479647 -0.000425 0.001026  -1.385686 0.559211 0.658928
30  3.859437 -0.132758 1.193065  0.469647 -0.013262 -1.872395
31  1.312559 0.000025 -0.000001  0.024060 -0.138696 -0.550187
32  0.729345 0.000064 -0.000029  -0.166197 -0.081570 -0.714272
33  3.942046 0.050139 0.431000  0.225309 -0.086237 -1.592712
34  1.539096 0.000005 -0.000002  0.035254 -0.050373 -0.994350
35  1.196301 0.000077 -0.000004  -0.021521 0.002175 -0.839738
36  3.883413 -0.050472 -0.431084  0.184824 -0.271737 -1.204030
37  1.719564 -0.000084 -0.000005  0.022858 -0.107186 -1.509108
38  1.209197 0.000036 0.000010  0.000661 0.071072 -0.480462
39  3.859588 -0.149082 -1.331321  -0.080471 0.327601 -0.061665
40  1.719412 -0.000098 -0.000035  0.097557 0.060679 -0.377229
41  1.099674 0.000023 0.000007  -0.014718 0.004685 0.056983
42  0.805983 -0.359848 -1.318338  0.991670 0.166767 -0.799527
43  1.789780 -0.000009 -0.000042  0.000058 -0.002451 0.133098
44  1.206996 -0.000007 0.000006  0.000372 -0.000071 1.058781
45  5.740572 0.000079 0.000721  0.070841 -0.000014 0.000028
46  11.480873 -0.000011 0.000951  0.006276 0.097438 0.107694
47  6.027515 -0.000273 -0.000229  -0.950129 -0.464650 -1.521120
48  -0.000003 11.691976 -0.000006  -1.078724 0.522866 0.840679
49  0.000003 -0.000000 -0.000000  2.618569 -0.000036 1.570860
50  -0.000008 -0.000013 0.000005  2.272645 -0.000036 1.570861
51  -4.138382 -4.684415 -6.887230  -0.299895 -2.958591 1.397756
52  -0.000000 0.000000 -0.000000  0.008153 -0.000259 0.000009
53  0.000000 0.000000 -0.000000  1.565115 0.043565 -0.106862
54  -0.009111 -15.117253 -8.122027  -0.918594 -0.229928 -1.952580
55  -0.000000 -0.000000 -0.000001  0.000000 -0.000001 -0.000002
56  0.000030 0.000028 0.000001  -1.571901 -0.044449 -0.106509
57  7.101813 -15.721803 -18.816660  1.570796 -0.000000 0.000000
58  -16.319784 5.039393 -18.063972  1.570796 -0.000000 0.000000
59  -1.398505 -0.635209 -7.210404  1.570796 -0.000000 0.000000
60  -0.004311 0.001230 -0.000371  0.006898 -0.005534 -0.284229
61  0.826810 11.578514 -4.219014  1.570796 -0.000000 0.000000
62  0.000000 0.000000 0.000000  -0.078727 -3.136056 0.284226
63  0.000000 0.000000 0.000000  1.571977 0.001132 0.001716
64  -2.277313 -8.997107 -2.042187  1.582533 0.234683 -0.009299
65  0.042352 -2.889250 0.627699  0.000000 -0.000000 -0.000000
66  0.042352 -0.907088 1.190367  0.000000 -0.000000 -0.000000
67  -1.331044 -1.025122 4.361371  0.000000 -0.000000 -0.000000
68  0.042354 -0.884531 23.199606  0.000000 -0.000000 -0.000000
69  0.042255 0.181228 5.671383  0.000000 -0.000000 -0.000000
70  0.000096 0.089185 -9.714658  0.000000 -0.000000 -0.000000
71  0.042352 -0.569288 7.155123  0.000000 -0.000000 -0.000000
72  -0.682762 -1.501893 3.214538  0.000000 -0.000000 -0.000000
73  0.074279 -0.628098 4.762587  0.000000 -0.000000 -0.000000
74  -3.283685 -13.645926 -6.081075  1.582533 0.234683 -0.009299
75  0.048471 3.702884 -1.382187  0.000000 3.115334 1.548341
76  2.923889 1.668561 -1.111005  0.000000 -0.000000 -0.000000
77  2.470069 0.711695 -1.382188  -0.001655 -0.002946 -0.000060
78  0.000000 0.000000 -0.000001  -0.004593 0.783941 0.781554
79  0.000000 0.440763 0.000000  0.625606 -0.525055 -0.976917
80  0.000000 0.430557 0.000001  0.001828 0.009355 0.009438
81  0.000000 0.438246 -0.000002  0.003716 -0.001551 0.001029
82  -0.000000 0.433550 -0.000001  0.005512 0.105074 0.111318
83  0.000000 0.454267 -0.000001  -0.017847 0.222189 0.223928
84  -0.000000 0.438146 0.000002  -0.064171 0.214184 0.195085
85  -0.000001 0.444416 0.000001  -0.482215 0.759377 0.296701
86  -0.000002 0.422926 0.000001  -0.308045 0.303003 0.005925
87  0.000000 0.426508 0.000000  -0.012093 -2.862957 0.007385
88  -0.000000 0.432947 0.000001  0.066918 -1.828287 -0.076061
time 33
0  0.000006 0.000000 0.000000  -1.570800 -1.391899 -1.570792
1  -6.850994 1.603351 -1.402817  -1.544956 -1.855077 -0.198630
2  6.027519 -0.000325 0.000192  -1.383450 -0.795947 -0.765803
3  11.692105 0.000642 -0.000738  -1.014610 -0.000043 -1.780720
4  11.480089 0.000325 -0.000867  1.440049 -0.415554 0.322028
5  3.859502 -0.142822 -1.192079  -0.428578 0.522598 -0.632055
6  1.312590 0.000010 0.000008  -0.000009 0.000051 -0.065800
7  0.729354 0.000056 0.000050  0.000023 0.000013 0.129622
8  3.942141 0.046333 -0.431542  -0.118161 0.267772 -0.455877
9  1.539109 0.000081 0.000004  0.000001 0.000022 0.126098
10  1.196332 0.000144 0.000029  0.000017 0.000013 -0.056830
11  3.883511 -0.047210 0.431352  0.088397 0.101899 -0.205409
12  1.719573 -0.000030 0.000017  0.002029 0.005131 0.007412
13  1.209180 0.000090 0.000012  0.001132 0.002876 0.157503
14  4.085235 -0.082651 1.151010  0.319044 -0.203125 -0.188992
15  1.719448 -0.000017 0.000028  0.001511 0.003775 0.010917
16  1.099675 0.000050 0.000006  0.000944 0.002399 0.129559
17  1.073316 -1.560307 0.845409  -1.435225 -0.924252 -0.158161
18  1.789819 -0.000003 -0.000017  0.005179 -0.020172 0.539329
19  1.207014 -0.000013 -0.000044  0.002313 0.000056 -0.147247
20  5.740635 0.000387 -0.000701  -0.053835 0.000003 0.000063
21  11.481027 0.000242 -0.000826  -0.011519 -0.065092 0.047389
22  6.027525 -0.000329 0.000200  2.123574 -0.574417 1.526981
23  0.000003 11.692101 -0.000007  -1.194398 -0.638264 -0.904557
24  0.000003 0.000009 -0.000000  -0.145502 -0.000031 1.570739
25  0.000001 -0.000011 0.000000  0.868960 0.000002 1.570712
26  -6.212011 -10.642979 0.826812  1.473120 1.855075 -0.198639
27  6.027511 -0.000260 -0.000219  1.582098 0.812909 -0.501188
28  11.691994 0.000159 0.000858  0.346038 0.000053 -1.579880
29  11.479671 -0.000411 0.001022  -1.409642 0.534168 0.662392
30  3.859437 -0.132758 1.193066  0.469647 -0.013262 -1.872395
31  1.312559 0.000027 -0.000001  0.024060 -0.138696 -0.550187
32  0.729346 0.000065 -0.000027  -0.166197 -0.081570 -0.714272
33  3.942047 0.050139 0.431001  0.225309 -0.086237 -1.592712
34  1.539097 0.000007 -0.000001  0.035254 -0.050373 -0.994350
35  1.196301 0.000077 -0.000004  -0.021521 0.002175 -0.839738
36  3.883414 -0.050472 -0.431084  0.184824 -0.271737 -1.204030
37  1.719563 -0.000085 -0.000005  0.022859 -0.107186 -1.509108
38  1.209197 0.000036 0.000011  0.000661 0.071072 -0.480462
39  3.859589 -0.149082 -1.331321  -0.080472 0.327601 -0.061665
40  1.719413 -0.000098 -0.000036  0.097557 0.060679 -0.377229
41  1.099673 0.000023 0.000007  -0.014718 0.004686 0.056982
42  0.805983 -0.359847 -1.318337  0.991670 0.166767 -0.799527
43  1.789780 -0.000009 -0.000042  0.000058 -0.002451 0.133098
44  1.206996 -0.000007 0.000006  0.000372 -0.000071 1.058780
45  5.740572 0.000078 0.000722  0.067177 -0.000014 0.000028
46  11.480878 -0.000008 0.000950  0.003387 0.091397 0.110475
47  6.027515 -0.000273 -0.000229  -0.940493 -0.453245 -1.531530
48  -0.000002 11.691975 -0.000007  -1.076524 0.520739 0.839360
49  0.000003 -0.000000 -0.000001  2.618569 -0.000036 1.570860
50  -0.000006 -0.000014 0.000005  2.272645 -0.000036 1.570861
51  -4.340402 -4.731333 -6.762077  -0.323058 -2.967478 1.403711
52  -0.000000 -0.000000 -0.000000  0.008153 -0.000259 0.000009
53  0.000000 0.000000 0.000001  1.565115 0.043565 -0.106862
54  1.779380 -14.736037 -8.637714  -0.374606 -0.286819 -2.015476
55  0.000001 0.000000 0.000000  0.000000 -0.000001 -0.000002
56  0.000031 0.000029 0.000001  -1.571901 -0.044449 -0.106509
57  8.653824 -15.158032 -17.607664  1.570796 -0.000000 0.000000
58  -16.319784 5.039393 -18.063972  1.570796 -0.000000 0.000000
59  -1.398505 -0.359038 -7.028192  1.570796 -0.000000 0.000000
60  -0.004311 0.001230 -0.000371  0.006898 -0.005534 -0.284229
61  0.826810 11.578514 -4.219014  1.570796 -0.000000 0.000000
62  0.000000 0.000000 0.000000  -0.078727 -3.136056 0.284226
63  0.000000 0.000000 0.000000  1.573272 0.002601 0.001285
64  -2.370768 -9.101028 -2.011958  1.595391 0.255730 -0.004336
65  0.042352 -2.889250 0.627699  0.000000 -0.000000 -0.000000
66  0.042352 -0.907088 1.190369  0.000000 -0.000000 -0.000000
67  -1.331044 -1.025122 4.361372  0.000000 -0.000000 -0.000000
68  0.042353 -0.884531 23.199602  0.000000 -0.000000 -0.000000
69  0.042255 0.181228 5.671382  0.000000 -0.000000 -0.000000
70  0.000096 0.089184 -9.714656  0.000000 -0.000000 -0.000000
71  0.042352 -0.569288 7.155122  0.000000 -0.000000 -0.000000
72  -0.682762 -1.501893 3.214539  0.000000 -0.000000 -0.000000
73  0.074278 -0.628099 4.762587  0.000000 -0.000000 -0.000000
74  -3.453674 -13.700582 -6.087291  1.595391 0.255730 -0.004336
75  0.048471 3.702883 -1.382187  -0.000000 3.115334 1.548341
76  2.923889 1.668561 -1.111005  0.000000 -0.000000 -0.000000
77  2.470070 0.711692 -1.382187  -0.001655 -0.002946 -0.000060
78  0.000000 -0.000000 -0.000000  -0.004593 0.783941 0.781554
79  0.000000 0.440764 -0.000001  0.625606 -0.525055 -0.976917
80  0.000000 0.430558 0.000000  0.001828 0.009355 0.009438
81  0.000000 0.438247 0.000001  0.003716 -0.001551 0.001029
82  -0.000000 0.433550 0.000002  0.005512 0.105074 0.111318
83  0.000000 0.454267 0.000001  -0.017847 0.222189 0.223928
84  0.000001 0.438146 0.000000  -0.064171 0.214184 0.195085
85  0.000000 0.444414 0.000000  -0.482215 0.759377 0.296701
86  -0.000001 0.422926 0.000001  -0.308045 0.303003 0.005925
87  -0.000002 0.426508 0.000000  -0.012093 -2.862958 0.007385
88  0.000001 0.432947 0.000000  0.066918 -1.828287 -0.076060
time 34
0  0.000006 0.000000 0.000000  -1.570800 -1.391899 -1.570792
1  -6.921393 1.214035 -1.168359  -1.544956 -1.855077 -0.198630
2  6.027517 -0.000327 0.000192  -1.489501 -0.809798 -0.546757
3  11.692104 0.000644 -0.000737  -0.843976 -0.000044 -1.801255
4  11.479901 0.000093 -0.001000  1.504620 -0.381332 0.252654
5  3.859502 -0.142824 -1.192078  -0.434576 0.517183 -0.638427
6  1.312589 0.000009 0.000008  -0.002412 -0.001629 -0.087795
7  0.729356 0.000056 0.000049  0.000023 0.000013 0.123693
8  3.942140 0.046331 -0.431542  -0.123459 0.270864 -0.456688
9  1.539110 0.000084 0.000003  -0.001916 -0.003933 0.095513
10  1.196331 0.000144 0.000028  0.000467 -0.000080 -0.064329
11  3.883511 -0.047211 0.431352  0.084301 0.114808 -0.204065
12  1.719573 -0.000030 0.000017  0.001085 0.002401 -0.023337
13  1.209181 0.000088 0.000011  0.000076 0.002726 0.120138
14  4.085234 -0.082653 1.151010  0.300291 -0.158918 -0.177155
15  1.719449 -0.000018 0.000029  0.000715 0.002561 -0.018049
16  1.099675 0.000048 0.000006  0.001775 0.007248 0.112981
17  1.073329 -1.560321 0.845503  -1.389694 -0.917009 -0.190061
18  1.789818 -0.000003 -0.000018  0.004701 -0.018084 0.540074
19  1.207014 -0.000012 -0.000044  0.002078 0.000050 -0.147552
20  5.740636 0.000389 -0.000699  -0.044189 0.000003 0.000063
21  11.480990 0.000194 -0.000852  -0.001905 -0.056181 0.036999
22  6.027524 -0.000330 0.000200  2.164534 -0.508201 1.648584
23  0.000002 11.692098 -0.000006  -1.206475 -0.650621 -0.910558
24  0.000003 0.000009 0.000000  0.025132 -0.000031 1.570739
25  -0.000000 -0.000012 0.000000  0.868960 0.000002 1.570712
26  -6.212011 -10.642979 0.826812  1.473120 1.855075 -0.198639
27  6.027511 -0.000260 -0.000219  1.600356 0.809421 -0.493440
28  11.691993 0.000159 0.000859  0.346038 0.000053 -1.578681
29  11.479683 -0.000405 0.001020  -1.425706 0.510783 0.668695
30  3.859437 -0.132758 1.193064  0.469647 -0.013262 -1.872395
31  1.312559 0.000026 -0.000001  0.024060 -0.138696 -0.550187
32  0.729345 0.000065 -0.000027  -0.166197 -0.081570 -0.714272
33  3.942047 0.050138 0.430999  0.225309 -0.086237 -1.592712
34  1.539096 0.000005 -0.000001  0.035254 -0.050373 -0.994350
35  1.196301 0.000078 -0.000004  -0.021521 0.002175 -0.839738
36  3.883414 -0.050472 -0.431085  0.184824 -0.271737 -1.204030
37  1.719563 -0.000085 -0.000005  0.022859 -0.107186 -1.509108
38  1.209198 0.000035 0.000011  0.000661 0.071072 -0.480462
39  3.859588 -0.149083 -1.331321  -0.080472 0.327601 -0.061665
40  1.719413 -0.000098 -0.000037  0.097557 0.060679 -0.377229
41  1.099674 0.000023 0.000007  -0.014718 0.004685 0.056982
42  0.805983 -0.359848 -1.318339  0.991670 0.166767 -0.799527
43  1.789781 -0.000008 -0.000042  0.000058 -0.002451 0.133098
44  1.206997 -0.000007 0.000006  0.000372 -0.000071 1.058780
45  5.740573 0.000079 0.000721  0.064842 -0.000014 0.000028
46  11.480881 -0.000007 0.000950  0.001714 0.086078 0.113211
47  6.027515 -0.000273 -0.000229  -0.930082 -0.444175 -1.541537
48  -0.000003 11.691977 -0.000007  -1.075819 0.520057 0.838936
49  0.000003 -0.000000 -0.000001  2.618569 -0.000036 1.570860
50  -0.000008 -0.000014 0.000005  2.272645 -0.000036 1.570861
51  -4.533690 -4.752262 -6.663828  2.801874 -0.163157 -1.732835
52  -0.000000 0.000000 -0.000001  0.008153 -0.000259 0.000009
53  -0.000000 -0.000000 -0.000001  1.565115 0.043565 -0.106862
54  2.621694 -14.235090 -8.064208  -0.028045 -0.416582 -2.007096
55  0.000001 -0.000000 -0.000000  0.000000 -0.000001 -0.000002
56  0.000031 0.000029 0.000001  -1.571901 -0.044449 -0.106509
57  11.026674 -14.530890 -16.213158  1.570796 -0.000000 0.000000
58  -16.319784 5.039393 -18.063972  1.570796 -0.000000 0.000000
59  -1.164048 0.036591 -7.028192  1.570796 -0.000000 0.000000
60  -0.004311 0.001230 -0.000371  0.006898 -0.005534 -0.284229
61  0.826810 11.578514 -4.219014  1.570796 -0.000000 0.000000
62  0.000000 0.000000 0.000000  -0.078727 -3.136056 0.284226
63  0.000000 0.000000 0.000000  1.574604 0.004071 0.000856
64  -2.486356 -9.180969 -2.002035  1.609350 0.270157 0.001543
65  0.042352 -2.889250 0.627702  0.000000 0.000000 0.000000
66  0.042352 -0.907087 1.190369  0.000000 0.000000 0.000000
67  -1.331044 -1.025122 4.361373  0.000000 0.000000 0.000000
68  0.042353 -0.884531 23.199606  0.000000 0.000000 0.000000
69  0.042255 0.181228 5.671385  0.000000 0.000000 0.000000
70  0.000095 0.089184 -9.714657  0.000000 0.000000 0.000000
71  0.042352 -0.569288 7.155121  0.000000 0.000000 0.000000
72  -0.682762 -1.501893 3.214540  0.000000 0.000000 0.000000
73  0.074278 -0.628098 4.762588  0.000000 0.000000 0.000000
74  -3.618016 -13.727688 -6.123153  1.609350 0.270157 0.001543
75  0.048471 3.702883 -1.382188  -0.000000 3.115334 1.548341
76  2.923889 1.668561 -1.111006  0.000000 0.000000 0.000000
77  2.470069 0.711693 -1.382188  -0.001655 -0.002946 -0.000060
78  -0.000000 0.000001 0.000002  -0.004593 0.783941 0.781554
79  0.000001 0.440763 -0.000002  0.625606 -0.525055 -0.976917
80  -0.000000 0.430559 0.000000  0.001828 0.009355 0.009438
81  -0.000000 0.438247 -0.000001  0.003716 -0.001551 0.001029
82  0.000000 0.433550 0.000001  0.005512 0.105074 0.111318
83  -0.000000 0.454267 0.000000  -0.017847 0.222189 0.223928
84  0.000000 0.438145 0.000003  -0.064171 0.214184 0.195085
85  0.000000 0.444414 0.000001  -0.482215 0.759377 0.296701
86  0.000001 0.422926 -0.000000  -0.308045 0.303003 0.005925
87  0.000001 0.426508 0.000000  -0.012093 -2.862958 0.007385
88  0.000000 0.432947 0.000001  0.066915 -1.828287 -0.076058
time 35
0  0.000006 0.000000 0.000000  -1.570800 -1.391899 -1.570792
1  -7.024075 0.646198 -0.507966  -1.544956 -1.855077 -0.198630
2  6.027517 -0.000327 0.000192  -1.591098 -0.844172 -0.341183
3  11.692102 0.000643 -0.000739  -0.633428 -0.000045 -1.807360
4  11.479848 -0.000145 -0.001017  1.580801 -0.399894 0.061757
5  3.859503 -0.142824 -1.192077  -0.451698 0.504126 -0.655444
6  1.312589 0.000011 0.000007  -0.009588 -0.007028 -0.155850
7  0.729354 0.000052 0.000050  0.000023 0.000014 0.105534
8  3.942141 0.046330 -0.431541  -0.139544 0.280026 -0.460003
9  1.539110 0.000083 0.000004  -0.007011 -0.016342 0.002173
10  1.196331 0.000147 0.000029  0.001823 -0.000318 -0.087287
11  3.883511 -0.047212 0.431351  0.071644 0.153791 -0.200519
12  1.719574 -0.000028 0.000018  -0.001274 -0.006095 -0.117581
13  1.209180 0.000090 0.000013  -0.002892 0.002077 0.013623
14  4.085235 -0.082654 1.151009  0.247864 -0.025976 -0.146998
15  1.719448 -0.000018 0.000029  -0.001397 -0.001210 -0.104144
16  1.099676 0.000049 0.000005  0.003691 0.021359 0.063181
17  1.073330 -1.560319 0.845667  -1.263264 -0.888153 -0.274514
18  1.789819 -0.000005 -0.000018  0.003341 -0.012174 0.542165
19  1.207016 -0.000012 -0.000043  0.001411 0.000032 -0.147651
20  5.740637 0.000388 -0.000700  -0.023427 0.000003 0.000063
21  11.480979 0.000147 -0.000855  0.008736 -0.058360 0.002462
22  6.027525 -0.000329 0.000200  2.175001 -0.431897 1.774609
23  -0.000001 11.692099 -0.000008  -1.210069 -0.654306 -0.912318
24  0.000002 0.000009 0.000000  0.235681 -0.000031 1.570738
25  -0.000000 -0.000011 -0.000000  0.868960 0.000002 1.570712
26  -6.212011 -10.642979 0.826812  1.473120 1.855075 -0.198639
27  6.027511 -0.000260 -0.000219  1.611872 0.803089 -0.488785
28  11.691993 0.000160 0.000858  0.346038 0.000054 -1.581695
29  11.479661 -0.000417 0.001024  -1.430945 0.494277 0.676600
30  3.859437 -0.132758 1.193064  0.469647 -0.013262 -1.872395
31  1.312558 0.000026 -0.000002  0.024060 -0.138696 -0.550187
32  0.729345 0.000066 -0.000028  -0.166197 -0.081570 -0.714272
33  3.942047 0.050139 0.431000  0.225309 -0.086237 -1.592712
34  1.539097 0.000006 -0.000001  0.035254 -0.050373 -0.994350
35  1.196299 0.000078 -0.000004  -0.021521 0.002175 -0.839738
36  3.883413 -0.050472 -0.431084  0.184824 -0.271737 -1.204030
37  1.719563 -0.000085 -0.000005  0.022859 -0.107186 -1.509108
38  1.209198 0.000035 0.000011  0.000661 0.071072 -0.480462
39  3.859589 -0.149082 -1.331321  -0.080472 0.327601 -0.061665
40  1.719413 -0.000098 -0.000036  0.097557 0.060679 -0.377229
41  1.099672 0.000023 0.000007  -0.014718 0.004685 0.056982
42  0.805983 -0.359848 -1.318338  0.991670 0.166767 -0.799527
43  1.789780 -0.000008 -0.000043  0.000058 -0.002451 0.133097
44  1.206996 -0.000007 0.000005  0.000372 -0.000071 1.058780
45  5.740572 0.000079 0.000721  0.064275 -0.000014 0.000028
46  11.480875 -0.000010 0.000950  0.001542 0.082659 0.115444
47  6.027515 -0.000273 -0.000229  -0.919635 -0.440368 -1.549666
48  -0.000001 11.691977 -0.000007  -1.077592 0.521770 0.840000
49  0.000004 -0.000000 -0.000001  2.618569 -0.000036 1.570860
50  -0.000006 -0.000014 0.000005  2.272645 -0.000036 1.570861
51  -4.683780 -4.732366 -6.625269  2.794621 -0.152217 -1.730033
52  0.000000 -0.000000 0.000001  0.008153 -0.000259 0.000009
53  0.000000 -0.000000 -0.000000  1.565115 0.043565 -0.106862
54  3.394447 -13.553691 -7.225147  0.347173 -0.688816 -2.082646
55  0.000001 -0.000000 -0.000001  0.000000 -0.000001 -0.000002
56  0.000031 0.000029 0.000000  -1.571902 -0.044449 -0.106509
57  13.614484 -13.921607 -14.784101  1.570796 -0.000000 0.000000
58  -16.319784 5.039393 -18.063972  1.570796 -0.000000 0.000000
59  -0.503654 0.613637 -7.028192  1.570796 -0.000000 0.000000
60  -0.004311 0.001230 -0.000371  0.006898 -0.005534 -0.284229
61  0.826810 11.578514 -4.219014  1.570796 -0.000000 0.000000
62  0.000000 0.000000 0.000000  -0.078727 -3.136056 0.284226
63  0.000000 0.000000 0.000000  1.575897 0.005201 0.000528
64  -2.604399 -9.212945 -2.027670  1.621776 0.275430 0.006554
65  0.042352 -2.889250 0.627701  -0.000000 0.000000 -0.000000
66  0.042352 -0.907087 1.190370  -0.000000 0.000000 -0.000000
67  -1.331043 -1.025122 4.361372  -0.000000 0.000000 -0.000000
68  0.042353 -0.884531 23.199604  -0.000000 0.000000 -0.000000
69  0.042255 0.181228 5.671385  -0.000000 0.000000 -0.000000
70  0.000096 0.089185 -9.714657  -0.000000 0.000000 -0.000000
71  0.042353 -0.569288 7.155124  -0.000000 0.000000 -0.000000
72  -0.682762 -1.501893 3.214540  -0.000000 0.000000 -0.000000
73  0.074279 -0.628098 4.762589  -0.000000 0.000000 -0.000000
74  -3.750597 -13.712044 -6.196753  1.621776 0.275430 0.006554
75  0.048471 3.702884 -1.382189  -0.000000 3.115334 1.548341
76  2.923889 1.668561 -1.111006  -0.000000 0.000000 -0.000000
77  2.470070 0.711694 -1.382190  -0.001655 -0.002946 -0.000060
78  0.000000 0.000000 -0.000002  -0.004593 0.783941 0.781554
79  0.000000 0.440763 -0.000001  0.625606 -0.525055 -0.976917
80  0.000000 0.430558 -0.000002  0.001828 0.009355 0.009438
81  0.000000 0.438246 0.000000  0.003716 -0.001551 0.001029
82  0.000000 0.433550 0.000001  0.005512 0.105074 0.111318
83  0.000000 0.454267 0.000000  -0.017847 0.222189 0.223928
84  -0.000000 0.438146 0.000001  -0.064171 0.214184 0.195085
85  -0.000000 0.444415 -0.000000  -0.482214 0.759377 0.296701
86  -0.000000 0.422926 0.000000  -0.308045 0.303003 0.005925
87  0.000001 0.426508 -0.000000  -0.012093 -2.862957 0.007385
88  0.000000 0.432947 0.000001  0.066916 -1.828286 -0.076058
time 36
0  0.000006 0.000000 0.000000  -1.570800 -1.391899 -1.570792
1  -7.131933 0.049738 0.339974  -1.544956 -1.855077 -0.198630
2  6.027518 -0.000329 0.000191  -1.695978 -0.911742 -0.165062
3  11.692104 0.000645 -0.000739  -0.434782 -0.000046 -1.807859
4  11.479841 -0.000346 -0.000971  1.552968 -0.372659 -0.145459
5  3.859504 -0.142823 -1.192081  -0.479049 0.482824 -0.683597
6  1.312590 0.000010 0.000008  -0.020761 -0.016813 -0.267169
7  0.729355 0.000052 0.000049  0.000023 0.000014 0.075482
8  3.942141 0.046331 -0.431543  -0.165819 0.294569 -0.467188
9  1.539110 0.000083 0.000004  -0.012833 -0.037716 -0.151990
10  1.196332 0.000145 0.000029  0.004017 -0.000626 -0.125263
11  3.883511 -0.047212 0.431350  0.050362 0.217034 -0.196302
12  1.719573 -0.000029 0.000017  -0.003383 -0.020510 -0.274290
13  1.209180 0.000090 0.000012  -0.006626 0.000749 -0.126505
14  4.085234 -0.082653 1.151008  0.179550 0.164601 -0.115704
15  1.719448 -0.000019 0.000029  -0.003710 -0.006926 -0.226428
16  1.099675 0.000049 0.000007  0.004717 0.040868 -0.024487
17  1.073304 -1.560287 0.845925  -1.108483 -0.831760 -0.365622
18  1.789819 -0.000004 -0.000018  0.001555 -0.004512 0.544839
19  1.207015 -0.000013 -0.000044  0.000543 0.000007 -0.147659
20  5.740634 0.000389 -0.000700  -0.001238 0.000003 0.000063
21  11.480976 0.000106 -0.000846  -0.001362 -0.052936 -0.039799
22  6.027525 -0.000329 0.000200  2.146721 -0.340486 1.880619
23  -0.000001 11.692099 -0.000006  -1.210361 -0.654608 -0.912463
24  0.000002 0.000008 0.000000  0.434325 -0.000031 1.570738
25  -0.000001 -0.000011 0.000000  0.868960 0.000002 1.570712
26  -6.212011 -10.642979 0.826812  1.473120 1.855075 -0.198639
27  6.027511 -0.000260 -0.000219  1.614327 0.794329 -0.488136
28  11.691994 0.000160 0.000858  0.346039 0.000054 -1.588281
29  11.479611 -0.000444 0.001034  -1.426001 0.487988 0.683250
30  3.859437 -0.132758 1.193066  0.469647 -0.013262 -1.872395
31  1.312559 0.000025 -0.000001  0.024060 -0.138696 -0.550187
32  0.729346 0.000065 -0.000028  -0.166197 -0.081570 -0.714272
33  3.942047 0.050139 0.431000  0.225309 -0.086237 -1.592712
34  1.539097 0.000005 -0.000001  0.035254 -0.050373 -0.994350
35  1.196300 0.000078 -0.000005  -0.021521 0.002175 -0.839738
36  3.883413 -0.050472 -0.431083  0.184824 -0.271737 -1.204030
37  1.719563 -0.000085 -0.000004  0.022859 -0.107186 -1.509108
38  1.209198 0.000036 0.000011  0.000662 0.071072 -0.480462
39  3.859589 -0.149082 -1.331320  -0.080472 0.327601 -0.061665
40  1.719413 -0.000098 -0.000036  0.097557 0.060679 -0.377229
41  1.099674 0.000024 0.000007  -0.014718 0.004685 0.056982
42  0.805983 -0.359848 -1.318337  0.991670 0.166767 -0.799527
43  1.789779 -0.000008 -0.000042  0.000058 -0.002451 0.133097
44  1.206997 -0.000007 0.000005  0.000372 -0.000071 1.058780
45  5.740572 0.000080 0.000721  0.065187 -0.000014 0.000028
46  11.480865 -0.000014 0.000952  0.002642 0.081758 0.116628
47  6.027515 -0.000273 -0.000229  -0.910244 -0.443124 -1.554790
48  -0.000003 11.691976 -0.000007  -1.081463 0.525519 0.842316
49  0.000004 0.000000 -0.000001  2.618569 -0.000036 1.570860
50  -0.000008 -0.000013 0.000004  2.272645 -0.000036 1.570861
51  -4.770007 -4.677368 -6.664698  2.796667 -0.143830 -1.730186
52  0.000000 0.000000 0.000000  0.008153 -0.000259 0.000009
53  -0.000000 0.000000 0.000001  1.565115 0.043565 -0.106862
54  3.707631 -12.700465 -6.125082  0.799459 -0.904695 -2.495283
55  0.000000 0.000000 -0.000000  0.000000 -0.000001 -0.000002
56  0.000030 0.000029 0.000002  -1.571902 -0.044449 -0.106509
57  15.877548 -13.388612 -13.449297  1.570796 -0.000000 0.000000
58  -16.319784 5.039393 -18.063972  1.570796 -0.000000 0.000000
59  0.344286 1.219771 -7.028192  1.570796 -0.000000 0.000000
60  -0.004311 0.001230 -0.000371  0.006898 -0.005534 -0.284229
61  0.826810 11.578514 -4.219014  1.570796 -0.000000 0.000000
62  0.000000 0.000000 0.000000  -0.078727 -3.136056 0.284226
63  0.000000 0.000000 0.000000  1.577075 0.005653 0.000399
64  -2.705218 -9.194121 -2.096008  1.630017 0.272039 0.008930
65  0.042352 -2.889251 0.627699  -0.000000 0.000000 -0.000000
66  0.042351 -0.907088 1.190369  -0.000000 0.000000 -0.000000
67  -1.331044 -1.025122 4.361373  -0.000000 0.000000 -0.000000
68  0.042353 -0.884531 23.199608  -0.000000 0.000000 -0.000000
69  0.042255 0.181228 5.671383  -0.000000 0.000000 -0.000000
70  0.000096 0.089185 -9.714658  -0.000000 0.000000 -0.000000
71  0.042352 -0.569288 7.155124  -0.000000 0.000000 -0.000000
72  -0.682762 -1.501893 3.214540  -0.000000 0.000000 -0.000000
73  0.074278 -0.628099 4.762587  -0.000000 0.000000 -0.000000
74  -3.836805 -13.660047 -6.304564  1.630017 0.272039 0.008930
75  0.048471 3.702884 -1.382186  0.000000 3.115334 1.548341
76  2.923889 1.668561 -1.111005  -0.000000 0.000000 -0.000000
77  2.470069 0.711693 -1.382187  -0.001655 -0.002946 -0.000060
78  -0.000000 -0.000001 0.000001  -0.004593 0.783941 0.781554
79  -0.000001 0.440763 -0.000000  0.625606 -0.525055 -0.976917
80  -0.000000 0.430558 0.000001  0.001828 0.009355 0.009438
81  0.000000 0.438247 0.000001  0.003716 -0.001551 0.001029
82  0.000000 0.433549 0.000001  0.005512 0.105074 0.111317
83  -0.000000 0.454266 -0.000002  -0.017847 0.222189 0.223928
84  0.000000 0.438146 0.000002  -0.064171 0.214184 0.195085
85  0.000000 0.444415 0.000001  -0.482215 0.759378 0.296701
86  0.000000 0.422927 0.000001  -0.308045 0.303003 0.005925
87  -0.000001 0.426508 -0.000000  -0.012093 -2.862957 0.007385
88  -0.000000 0.432947 0.000000  0.066917 -1.828287 -0.076059
time 37
0  0.000006 0.000000 0.000000  -1.570800 -1.391899 -1.570792
1  -7.208460 -0.373462 1.000367  -1.544956 -1.855077 -0.198630
2  6.027519 -0.000329 0.000190  -1.958375 -1.059877 0.122143
3  11.692105 0.000645 -0.000738  -0.299235 -0.000043 -1.776151
4  11.480133 -0.000296 -0.000862  1.470371 -0.302324 -0.434795
5  3.859503 -0.142823 -1.192079  -0.513935 0.453341 -0.722143
6  1.312590 0.000009 0.000007  -0.034029 -0.031143 -0.410766
7  0.729355 0.000055 0.000049  0.000022 0.000015 0.035607
8  3.942140 0.046331 -0.431543  -0.200126 0.312674 -0.479711
9  1.539110 0.000083 0.000004  -0.015377 -0.066540 -0.353581
10  1.196333 0.000146 0.000029  0.006827 -0.000888 -0.175616
11  3.883510 -0.047211 0.431350  0.021201 0.298419 -0.193870
12  1.719573 -0.000029 0.000017  -0.002674 -0.039556 -0.481251
13  1.209179 0.000090 0.000012  -0.009402 -0.000693 -0.239396
14  4.085234 -0.082653 1.151008  0.117993 0.344966 -0.097234
15  1.719448 -0.000019 0.000029  -0.005048 -0.012767 -0.343799
16  1.099675 0.000048 0.000006  0.002938 0.058498 -0.141879
17  1.073236 -1.560209 0.846301  -0.992254 -0.762473 -0.413604
18  1.789818 -0.000002 -0.000018  0.000065 0.001594 0.546912
19  1.207015 -0.000013 -0.000043  -0.000153 -0.000012 -0.147758
20  5.740637 0.000390 -0.000699  0.032380 0.000003 0.000063
21  11.481037 0.000115 -0.000825  -0.021647 -0.035845 -0.100389
22  6.027524 -0.000329 0.000200  2.060591 -0.151805 1.969171
23  0.000001 11.692100 -0.000006  -1.191713 -0.635522 -0.903203
24  0.000003 0.000010 -0.000001  0.569873 -0.000031 1.570739
25  0.000001 -0.000011 0.000001  0.868960 0.000002 1.570712
26  -6.212011 -10.642979 0.826812  1.473120 1.855075 -0.198639
27  6.027511 -0.000260 -0.000219  1.606511 0.785875 -0.491657
28  11.691993 0.000159 0.000858  0.346039 0.000055 -1.595664
29  11.479560 -0.000472 0.001044  -1.408941 0.493638 0.687592
30  3.859437 -0.132759 1.193064  0.469647 -0.013262 -1.872395
31  1.312559 0.000025 -0.000001  0.024060 -0.138696 -0.550187
32  0.729346 0.000065 -0.000027  -0.166197 -0.081570 -0.714272
33  3.942047 0.050138 0.431000  0.225309 -0.086237 -1.592712
34  1.539097 0.000006 -0.000001  0.035254 -0.050373 -0.994350
35  1.196299 0.000078 -0.000003  -0.021521 0.002175 -0.839738
36  3.883413 -0.050473 -0.431084  0.184824 -0.271737 -1.204030
37  1.719563 -0.000084 -0.000005  0.022858 -0.107186 -1.509108
38  1.209198 0.000035 0.000010  0.000661 0.071072 -0.480462
39  3.859589 -0.149082 -1.331322  -0.080472 0.327601 -0.061665
40  1.719414 -0.000098 -0.000036  0.097557 0.060679 -0.377229
41  1.099673 0.000023 0.000007  -0.014718 0.004685 0.056982
42  0.805983 -0.359848 -1.318339  0.991670 0.166767 -0.799527
43  1.789780 -0.000009 -0.000042  0.000058 -0.002451 0.133098
44  1.206997 -0.000006 0.000005  0.000372 -0.000071 1.058780
45  5.740572 0.000079 0.000722  0.067814 -0.000014 0.000028
46  11.480856 -0.000021 0.000954  0.005272 0.083817 0.116413
47  6.027515 -0.000273 -0.000229  -0.904996 -0.452032 -1.555030
48  -0.000001 11.691977 -0.000006  -1.085801 0.529731 0.844899
49  0.000003 0.000000 -0.000001  2.618569 -0.000036 1.570860
50  -0.000007 -0.000013 0.000005  2.272645 -0.000036 1.570861
51  -4.764848 -4.610354 -6.778316  2.809790 -0.138990 -1.733547
52  0.000000 0.000000 0.000000  0.008153 -0.000259 0.000009
53  0.000000 -0.000000 -0.000001  1.565115 0.043565 -0.106862
54  2.930189 -11.624825 -3.866997  -1.669117 -2.246119 -0.202636
55  -0.000000 0.000000 0.000000  0.000000 -0.000001 -0.000002
56  0.000030 0.000029 0.000001  -1.571901 -0.044449 -0.106509
57  18.545382 -12.943181 -12.154343  1.570796 -0.000000 0.000000
58  -16.319784 5.039393 -18.063972  1.570796 -0.000000 0.000000
59  1.004680 1.649836 -7.028192  1.570796 -0.000000 0.000000
60  -0.004311 0.001230 -0.000371  0.006898 -0.005534 -0.284229
61  0.826810 11.578514 -4.219014  1.570796 -0.000000 0.000000
62  0.000000 0.000000 0.000000  -0.078727 -3.136056 0.284226
63  0.000000 0.000000 0.000000  1.578078 0.005627 0.000584
64  -2.769135 -9.142505 -2.194205  1.632688 0.258417 0.008119
65  0.042352 -2.889250 0.627700  -0.000000 -0.000000 0.000000
66  0.042351 -0.907088 1.190367  -0.000000 -0.000000 0.000000
67  -1.331044 -1.025122 4.361371  -0.000000 -0.000000 0.000000
68  0.042353 -0.884531 23.199604  -0.000000 -0.000000 0.000000
69  0.042255 0.181228 5.671381  -0.000000 -0.000000 0.000000
70  0.000096 0.089184 -9.714656  -0.000000 -0.000000 0.000000
71  0.042352 -0.569288 7.155121  -0.000000 -0.000000 0.000000
72  -0.682762 -1.501893 3.214538  -0.000000 -0.000000 0.000000
73  0.074278 -0.628099 4.762586  -0.000000 -0.000000 0.000000
74  -3.850044 -13.595384 -6.429819  1.632688 0.258417 0.008119
75  0.048471 3.702883 -1.382186  0.000000 3.115334 1.548341
76  2.923888 1.668561 -1.111005  -0.000000 -0.000000 0.000000
77  2.470069 0.711694 -1.382186  -0.001655 -0.002946 -0.000060
78  0.000000 0.000000 0.000001  -0.004593 0.783941 0.781554
79  0.000000 0.440764 -0.000002  0.625606 -0.525055 -0.976917
80  0.000000 0.430558 -0.000000  0.001828 0.009355 0.009438
81  0.000000 0.438247 -0.000001  0.003716 -0.001551 0.001029
82  -0.000000 0.433550 -0.000001  0.005512 0.105074 0.111317
83  -0.000000 0.454266 0.000001  -0.017847 0.222189 0.223928
84  0.000001 0.438145 -0.000003  -0.064171 0.214184 0.195085
85  0.000001 0.444415 -0.000001  -0.482214 0.759377 0.296701
86  0.000002 0.422926 -0.000001  -0.308045 0.303003 0.005925
87  -0.000001 0.426508 0.000000  -0.012093 -2.862958 0.007385
88  -0.000001 0.432947 -0.000000  0.066914 -1.828286 -0.076056
time 38
0  0.000006 0.000000 0.000000  -1.570800 -1.391899 -1.570792
1  -7.234360 -0.516690 1.234824  -1.544956 -1.855077 -0.198630
2  6.027519 -0.000332 0.000190  -2.273442 -1.124442 0.459784
3  11.692106 0.000645 -0.000737  -0.252719 -0.000042 -1.761383
4  11.480266 -0.000250 -0.000825  1.402621 -0.254557 -0.630025
5  3.859503 -0.142823 -1.192078  -0.551964 0.416957 -0.768944
6  1.312590 0.000010 0.000007  -0.046897 -0.048697 -0.566329
7  0.729355 0.000054 0.000050  0.000022 0.000016 -0.010087
8  3.942140 0.046332 -0.431543  -0.238594 0.331468 -0.498561
9  1.539111 0.000083 0.000003  -0.011490 -0.097862 -0.574000
10  1.196333 0.000146 0.000027  0.009874 -0.000994 -0.233233
11  3.883511 -0.047211 0.431351  -0.014196 0.387102 -0.195895
12  1.719573 -0.000028 0.000016  0.002651 -0.059723 -0.710840
13  1.209179 0.000090 0.000012  -0.010343 -0.001358 -0.285032
14  4.085234 -0.082653 1.151009  0.076667 0.464664 -0.090708
15  1.719448 -0.000019 0.000029  -0.005257 -0.017095 -0.425774
16  1.099675 0.000049 0.000006  -0.001387 0.068609 -0.273176
17  1.073107 -1.560065 0.846825  -0.940592 -0.701738 -0.407876
18  1.789819 -0.000003 -0.000018  -0.000668 0.004008 0.547645
19  1.207015 -0.000014 -0.000044  -0.000438 -0.000021 -0.148063
20  5.740636 0.000388 -0.000699  0.044607 0.000003 0.000064
21  11.481062 0.000123 -0.000818  -0.035833 -0.021460 -0.141227
22  6.027524 -0.000329 0.000200  2.017153 0.000273 2.029815
23  -0.000000 11.692101 -0.000006  -1.183040 -0.626680 -0.898786
24  0.000004 0.000009 -0.000000  0.616389 -0.000031 1.570739
25  -0.000001 -0.000011 -0.000000  0.868960 0.000002 1.570712
26  -6.212011 -10.642979 0.826812  1.473120 1.855075 -0.198639
27  6.027511 -0.000260 -0.000219  1.588330 0.779081 -0.499102
28  11.691993 0.000160 0.000859  0.346039 0.000055 -1.604361
29  11.479500 -0.000502 0.001053  -1.371829 0.510317 0.695961
30  3.859438 -0.132758 1.193065  0.469647 -0.013262 -1.872395
31  1.312559 0.000025 -0.000001  0.024060 -0.138696 -0.550187
32  0.729345 0.000065 -0.000028  -0.166197 -0.081570 -0.714272
33  3.942046 0.050139 0.431000  0.225309 -0.086237 -1.592712
34  1.539096 0.000007 -0.000001  0.035254 -0.050373 -0.994350
35  1.196300 0.000078 -0.000004  -0.021521 0.002175 -0.839738
36  3.883414 -0.050472 -0.431085  0.184824 -0.271737 -1.204030
37  1.719564 -0.000085 -0.000004  0.022859 -0.107186 -1.509108
38  1.209197 0.000036 0.000011  0.000661 0.071072 -0.480462
39  3.859587 -0.149082 -1.331322  -0.080472 0.327601 -0.061665
40  1.719413 -0.000099 -0.000036  0.097557 0.060679 -0.377229
41  1.099674 0.000024 0.000007  -0.014718 0.004685 0.056983
42  0.805983 -0.359848 -1.318338  0.991670 0.166767 -0.799527
43  1.789780 -0.000009 -0.000042  0.000058 -0.002451 0.133098
44  1.206996 -0.000008 0.000005  0.000372 -0.000071 1.058780
45  5.740572 0.000079 0.000721  0.073794 -0.000014 0.000028
46  11.480844 -0.000027 0.000955  0.010687 0.089143 0.115532
47  6.027515 -0.000273 -0.000229  -0.905467 -0.466600 -1.549447
48  -0.000001 11.691977 -0.000007  -1.090909 0.534705 0.847922
49  0.000003 0.000000 0.000000  2.618569 -0.000036 1.570860
50  -0.000007 -0.000014 0.000005  2.272645 -0.000036 1.570861
51  -4.648467 -4.525973 -6.948522  -0.302440 -3.007884 1.401230
52  0.000000 -0.000000 0.000000  0.008153 -0.000259 0.000009
53  0.000000 -0.000000 -0.000001  1.565115 0.043565 -0.106862
54  2.063750 -10.533179 -2.246172  -1.413300 -2.456126 -0.625978
55  0.000000 0.000000 0.000000  0.000000 -0.000001 -0.000002
56  0.000031 0.000029 0.000002  -1.571901 -0.044449 -0.106509
57  20.192450 -12.553800 -10.914934  1.570796 -0.000000 0.000000
58  -16.319784 5.039393 -18.063972  1.570796 -0.000000 0.000000
59  1.239137 1.795387 -7.028192  1.570796 -0.000000 0.000000
60  -0.004311 0.001230 -0.000371  0.006898 -0.005534 -0.284229
61  0.826810 11.578514 -4.219014  1.570796 -0.000000 0.000000
62  0.000000 0.000000 0.000000  -0.078727 -3.136056 0.284226
63  0.000000 0.000000 0.000000  1.578903 0.005450 0.001040
64  -2.801908 -9.065380 -2.309412  1.632892 0.228852 0.005343
65  0.042352 -2.889250 0.627698  -0.000000 0.000000 -0.000000
66  0.042352 -0.907088 1.190365  -0.000000 0.000000 -0.000000
67  -1.331044 -1.025122 4.361370  -0.000000 0.000000 -0.000000
68  0.042353 -0.884531 23.199604  -0.000000 0.000000 -0.000000
69  0.042256 0.181228 5.671381  -0.000000 0.000000 -0.000000
70  0.000096 0.089185 -9.714657  -0.000000 0.000000 -0.000000
71  0.042352 -0.569288 7.155120  -0.000000 0.000000 -0.000000
72  -0.682762 -1.501893 3.214537  -0.000000 0.000000 -0.000000
73  0.074279 -0.628098 4.762586  -0.000000 0.000000 -0.000000
74  -3.769688 -13.513678 -6.577077  1.632892 0.228852 0.005343
75  0.048471 3.702884 -1.382190  0.000000 3.115334 1.548341
76  2.923889 1.668560 -1.111008  -0.000000 0.000000 -0.000000
77  2.470070 0.711693 -1.382190  -0.001655 -0.002946 -0.000060
78  -0.000000 -0.000001 -0.000001  -0.004593 0.783941 0.781554
79  -0.000002 0.440763 -0.000000  0.625606 -0.525055 -0.976917
80  0.000000 0.430558 0.000001  0.001828 0.009355 0.009438
81  0.000000 0.438247 -0.000002  0.003716 -0.001551 0.001029
82  -0.000000 0.433551 0.000001  0.005512 0.105074 0.111318
83  -0.000000 0.454267 0.000001  -0.017847 0.222189 0.223928
84  -0.000001 0.438146 -0.000003  -0.064171 0.214184 0.195085
85  0.000000 0.444415 0.000001  -0.482215 0.759377 0.296701
86  -0.000000 0.422926 -0.000000  -0.308045 0.303003 0.005925
87  0.000002 0.426509 0.000000  -0.012094 -2.862957 0.007385
88  0.000001 0.432947 0.000000  0.066919 -1.828287 -0.076061
time 39
0  0.000006 0.000000 0.000000  -1.570800 -1.391899 -1.570792
1  -7.234360 -0.516690 1.234824  -1.544956 -1.855077 -0.198630
2  6.027520 -0.000333 0.000190  -2.331362 -1.103866 0.586506
3  11.692105 0.000643 -0.000737  -0.252720 -0.000046 -1.829920
4  11.479643 -0.000635 -0.000924  1.360112 -0.220560 -0.634698
5  3.859503 -0.142823 -1.192078  -0.588145 0.376276 -0.820988
6  1.312589 0.000010 0.000007  -0.057652 -0.066621 -0.709382
7  0.729355 0.000054 0.000048  0.000021 0.000017 -0.056462
8  3.942140 0.046331 -0.431542  -0.276364 0.347750 -0.523701
9  1.539110 0.000083 0.000004  -0.001927 -0.125192 -0.776788
10  1.196332 0.000146 0.000028  0.012703 -0.000902 -0.291562
11  3.883510 -0.047212 0.431352  -0.053392 0.469913 -0.204073
12  1.719573 -0.000028 0.000018  0.011665 -0.076721 -0.926892
13  1.209179 0.000090 0.000012  -0.010300 -0.001435 -0.292005
14  4.085234 -0.082653 1.151010  0.054256 0.536564 -0.085818
15  1.719448 -0.000018 0.000029  -0.005033 -0.019763 -0.474663
16  1.099675 0.000049 0.000006  -0.011720 0.072873 -0.464008
17  1.072896 -1.559836 0.847524  -0.972990 -0.633859 -0.306169
18  1.789819 -0.000003 -0.000018  -0.000888 0.004256 0.543313
19  1.207015 -0.000013 -0.000044  -0.000477 -0.000024 -0.158079
20  5.740635 0.000389 -0.000699  0.022412 0.000003 0.000064
21  11.480938 0.000047 -0.000837  -0.042778 -0.012709 -0.143009
22  6.027524 -0.000329 0.000200  2.037035 0.026349 2.104810
23  0.000001 11.692101 -0.000008  -1.223370 -0.667966 -0.918715
24  0.000003 0.000009 -0.000000  0.616389 -0.000030 1.570739
25  -0.000001 -0.000012 -0.000001  0.868960 0.000002 1.570712
26  -6.212011 -10.642979 0.826812  1.473120 1.855075 -0.198639
27  6.027511 -0.000260 -0.000220  1.561965 0.774703 -0.509499
28  11.691993 0.000159 0.000857  0.346039 0.000056 -1.615395
29  11.479424 -0.000542 0.001069  -1.309573 0.534673 0.715904
30  3.859438 -0.132759 1.193066  0.469647 -0.013262 -1.872395
31  1.312559 0.000026 -0.000000  0.024060 -0.138696 -0.550187
32  0.729346 0.000065 -0.000029  -0.166197 -0.081570 -0.714273
33  3.942046 0.050139 0.431000  0.225309 -0.086237 -1.592712
34  1.539097 0.000007 -0.000002  0.035254 -0.050373 -0.994350
35  1.196300 0.000078 -0.000003  -0.021521 0.002175 -0.839738
36  3.883414 -0.050472 -0.431084  0.184824 -0.271737 -1.204030
37  1.719563 -0.000085 -0.000004  0.022858 -0.107186 -1.509108
38  1.209197 0.000035 0.000010  0.000661 0.071072 -0.480462
39  3.859589 -0.149082 -1.331320  -0.080472 0.327601 -0.061665
40  1.719413 -0.000098 -0.000037  0.097557 0.060679 -0.377229
41  1.099675 0.000024 0.000007  -0.014718 0.004685 0.056982
42  0.805984 -0.359848 -1.318337  0.991670 0.166767 -0.799527
43  1.789780 -0.000009 -0.000043  0.000058 -0.002451 0.133097
44  1.206997 -0.000008 0.000005  0.000372 -0.000071 1.058780
45  5.740572 0.000080 0.000721  0.084237 -0.000014 0.000028
46  11.480828 -0.000034 0.000959  0.019620 0.097485 0.115029
47  6.027515 -0.000273 -0.000229  -0.911935 -0.485027 -1.538398
48  -0.000002 11.691977 -0.000007  -1.097385 0.541035 0.851728
49  0.000003 -0.000000 -0.000001  2.618569 -0.000036 1.570860
50  -0.000007 -0.000014 0.000005  2.272645 -0.000036 1.570861
51  -4.425106 -4.413878 -7.142087  -0.254715 -3.018317 1.390946
52  -0.000000 -0.000000 -0.000000  0.008153 -0.000259 0.000009
53  0.000000 -0.000000 0.000001  1.565115 0.043565 -0.106862
54  1.568016 -9.662384 -2.438848  1.668343 -0.541403 2.484292
55  -0.000001 0.000001 0.000001  0.000000 -0.000001 -0.000002
56  0.000029 0.000030 0.000002  -1.571901 -0.044449 -0.106509
57  20.418592 -12.099236 -9.566684  1.570796 -0.000000 0.000000
58  -16.319784 5.039393 -18.063972  1.570796 -0.000000 0.000000
59  1.239137 1.795387 -7.028192  1.570796 -0.000000 0.000000
60  -0.004311 0.001230 -0.000371  0.006898 -0.005534 -0.284229
61  0.826810 11.578514 -4.219014  1.570796 -0.000000 0.000000
62  0.000000 0.000000 0.000000  -0.078727 -3.136056 0.284226
63  0.000000 0.000000 0.000000  1.579565 0.004972 0.001630
64  -2.823988 -8.970032 -2.428784  1.634809 0.180420 0.001566
65  0.042352 -2.889250 0.627699  -0.000000 0.000000 0.000000
66  0.042352 -0.907088 1.190367  -0.000000 0.000000 0.000000
67  -1.331044 -1.025121 4.361371  -0.000000 0.000000 0.000000
68  0.042353 -0.884530 23.199604  -0.000000 0.000000 0.000000
69  0.042255 0.181228 5.671383  -0.000000 0.000000 0.000000
70  0.000096 0.089185 -9.714657  -0.000000 0.000000 0.000000
71  0.042352 -0.569288 7.155121  -0.000000 0.000000 0.000000
72  -0.682762 -1.501893 3.214537  -0.000000 0.000000 0.000000
73  0.074278 -0.628099 4.762586  -0.000000 0.000000 0.000000
74  -3.602331 -13.405911 -6.747819  1.634809 0.180420 0.001566
75  0.048471 3.702883 -1.382190  -0.000000 3.115334 1.548341
76  2.923889 1.668561 -1.111006  -0.000000 0.000000 0.000000
77  2.470070 0.711693 -1.382190  -0.001655 -0.002946 -0.000061
78  -0.000000 0.000000 0.000000  -0.004593 0.783941 0.781553
79  0.000000 0.440764 0.000001  0.625606 -0.525055 -0.976918
80  -0.000000 0.430558 0.000000  0.001828 0.009355 0.009438
81  -0.000000 0.438247 -0.000000  0.003716 -0.001551 0.001029
82  -0.000000 0.433550 0.000002  0.005512 0.105074 0.111318
83  -0.000000 0.454267 -0.000001  -0.017847 0.222189 0.223929
84  -0.000000 0.438146 0.000001  -0.064171 0.214184 0.195086
85  -0.000000 0.444415 0.000003  -0.482215 0.759377 0.296701
86  0.000000 0.422927 0.000000  -0.308045 0.303003 0.005925
87  0.000003 0.426509 0.000000  -0.012094 -2.862957 0.007385
88  -0.000000 0.432947 -0.000000  0.066919 -1.828287 -0.076062
time 40
0  0.000006 0.000000 0.000000  -1.570800 -1.391899 -1.570792
1  -7.234360 -0.516690 1.234824  -1.544956 -1.855077 -0.198630
2  6.027520 -0.000333 0.000190  -2.382146 -1.081486 0.719739
3  11.692107 0.000645 -0.000739  -0.252720 -0.000048 -1.854371
4  11.479425 -0.000764 -0.000957  1.324729 -0.236945 -0.628487
5  3.859503 -0.142823 -1.192078  -0.618419 0.334584 -0.875356
6  1.312590 0.000010 0.000007  -0.066224 -0.081830 -0.820008
7  0.729355 0.000054 0.000049  0.000020 0.000018 -0.098753
8  3.942140 0.046331 -0.431542  -0.308902 0.359031 -0.554071
9  1.539110 0.000083 0.000004  0.009064 -0.144482 -0.932586
10  1.196332 0.000145 0.000028  0.014922 -0.000661 -0.344549
11  3.883510 -0.047212 0.431352  -0.093364 0.535533 -0.218235
12  1.719573 -0.000029 0.000016  0.021243 -0.088151 -1.099887
13  1.209179 0.000090 0.000012  -0.010195 -0.001437 -0.295792
14  4.085234 -0.082653 1.151009  0.044977 0.580470 -0.078639
15  1.719448 -0.000019 0.000028  -0.004840 -0.021413 -0.503075
16  1.099675 0.000049 0.000006  -0.030042 0.071442 -0.735011
17  1.072587 -1.559501 0.848421  -1.003990 -0.595822 -0.225277
18  1.789819 -0.000003 -0.000018  -0.000927 0.004290 0.538981
19  1.207015 -0.000014 -0.000043  -0.000482 -0.000027 -0.167851
20  5.740636 0.000389 -0.000699  -0.001048 0.000003 0.000064
21  11.480896 0.000021 -0.000845  -0.050357 -0.014525 -0.143019
22  6.027524 -0.000329 0.000200  2.057618 0.051318 2.193749
23  0.000000 11.692101 -0.000006  -1.237825 -0.682846 -0.925463
24  0.000002 0.000007 -0.000000  0.616389 -0.000031 1.570739
25  0.000000 -0.000011 0.000001  0.868960 0.000002 1.570712
26  -6.212011 -10.642979 0.826812  1.473120 1.855075 -0.198639
27  6.027511 -0.000260 -0.000221  1.532987 0.772817 -0.520773
28  11.691991 0.000160 0.000858  0.346039 0.000057 -1.629240
29  11.479328 -0.000590 0.001087  -1.231304 0.559743 0.749544
30  3.859437 -0.132758 1.193064  0.469647 -0.013262 -1.872395
31  1.312559 0.000025 -0.000001  0.024060 -0.138696 -0.550187
32  0.729345 0.000064 -0.000027  -0.166197 -0.081570 -0.714272
33  3.942046 0.050139 0.430999  0.225309 -0.086237 -1.592712
34  1.539096 0.000006 -0.000001  0.035254 -0.050373 -0.994350
35  1.196301 0.000078 -0.000004  -0.021521 0.002175 -0.839738
36  3.883413 -0.050472 -0.431085  0.184824 -0.271737 -1.204030
37  1.719564 -0.000084 -0.000003  0.022859 -0.107186 -1.509108
38  1.209197 0.000036 0.000011  0.000661 0.071072 -0.480462
39  3.859588 -0.149082 -1.331322  -0.080472 0.327601 -0.061665
40  1.719412 -0.000099 -0.000037  0.097557 0.060679 -0.377229
41  1.099674 0.000023 0.000007  -0.014718 0.004685 0.056982
42  0.805984 -0.359848 -1.318339  0.991670 0.166767 -0.799527
43  1.789780 -0.000008 -0.000042  0.000058 -0.002451 0.133097
44  1.206996 -0.000008 0.000005  0.000372 -0.000071 1.058780
45  5.740571 0.000079 0.000721  0.097647 -0.000014 0.000028
46  11.480808 -0.000045 0.000963  0.030567 0.107189 0.115799
47  6.027515 -0.000273 -0.000229  -0.922512 -0.503642 -1.524401
48  -0.000001 11.691977 -0.000005  -1.105507 0.549006 0.856455
49  0.000004 -0.000000 -0.000001  2.618569 -0.000036 1.570860
50  -0.000007 -0.000013 0.000005  2.272645 -0.000036 1.570861
51  -4.138922 -4.270936 -7.309209  -0.197968 -3.035246 1.379560
52  -0.000000 0.000000 0.000001  0.008153 -0.000259 0.000009
53  -0.000000 -0.000000 -0.000001  1.565115 0.043565 -0.106862
54  1.109722 -9.276983 -2.672513  1.602374 -0.459305 2.490878
55  -0.000001 -0.000000 -0.000000  0.000000 -0.000001 -0.000002
56  0.000030 0.000029 0.000001  -1.571902 -0.044449 -0.106509
57  20.552250 -11.591643 -8.077170  1.570796 -0.000000 0.000000
58  -16.319784 5.039393 -18.063972  1.570796 -0.000000 0.000000
59  1.239137 1.795387 -7.028192  1.570796 -0.000000 0.000000
60  -0.004311 0.001230 -0.000371  0.006898 -0.005534 -0.284229
61  0.826810 11.578514 -4.219014  1.570796 -0.000000 0.000000
62  0.000000 0.000000 0.000000  -0.078727 -3.136056 0.284226
63  0.000000 0.000000 0.000000  1.580076 0.004044 0.002217
64  -2.837735 -8.863744 -2.539474  1.641138 0.121894 -0.002363
65  0.042352 -2.889250 0.627700  -0.000000 -0.000000 0.000000
66  0.042352 -0.907088 1.190368  -0.000000 -0.000000 0.000000
67  -1.331044 -1.025122 4.361372  -0.000000 -0.000000 0.000000
68  0.042353 -0.884530 23.199606  -0.000000 -0.000000 0.000000
69  0.042255 0.181228 5.671383  -0.000000 -0.000000 0.000000
70  0.000096 0.089185 -9.714659  -0.000000 -0.000000 0.000000
71  0.042352 -0.569288 7.155123  -0.000000 -0.000000 0.000000
72  -0.682762 -1.501893 3.214539  -0.000000 -0.000000 0.000000
73  0.074278 -0.628098 4.762588  -0.000000 -0.000000 0.000000
74  -3.382859 -13.269252 -6.924820  1.641138 0.121894 -0.002363
75  0.048471 3.702884 -1.382187  0.000000 3.115334 1.548341
76  2.923889 1.668562 -1.111006  -0.000000 -0.000000 0.000000
77  2.470070 0.711694 -1.382188  -0.001655 -0.002946 -0.000060
78  0.000000 -0.000000 -0.000000  -0.004593 0.783941 0.781554
79  -0.000000 0.440764 -0.000000  0.625606 -0.525055 -0.976917
80  0.000001 0.430558 0.000000  0.001828 0.009355 0.009438
81  0.000000 0.438248 0.000002  0.003716 -0.001551 0.001029
82  0.000000 0.433550 0.000001  0.005512 0.105074 0.111318
83  -0.000000 0.454267 0.000000  -0.017847 0.222189 0.223928
84  -0.000001 0.438145 0.000001  -0.064171 0.214184 0.195085
85  -0.000000 0.444415 0.000002  -0.482215 0.759377 0.296701
86  -0.000001 0.422926 -0.000001  -0.308045 0.303003 0.005925
87  -0.000000 0.426508 -0.000000  -0.012093 -2.862958 0.007385
88  -0.000000 0.432947 -0.000001  0.066917 -1.828287 -0.076060
time 41
0  0.000006 0.000000 0.000000  -1.570800 -1.391899 -1.570792
1  -7.234360 -0.516690 1.234824  -1.544956 -1.855077 -0.198630
2  6.027520 -0.000334 0.000191  -2.424268 -1.044560 0.799450
3  11.692106 0.000646 -0.000738  -0.252720 -0.000048 -1.855678
4  11.479412 -0.000771 -0.000959  1.275460 -0.252937 -0.630015
5  3.859504 -0.142823 -1.192079  -0.640534 0.294916 -0.929927
6  1.312590 0.000010 0.000008  -0.073632 -0.092257 -0.887642
7  0.729355 0.000054 0.000049  0.000019 0.000019 -0.133712
8  3.942141 0.046331 -0.431543  -0.333035 0.364103 -0.588122
9  1.539110 0.000083 0.000004  0.017156 -0.155249 -1.027186
10  1.196333 0.000146 0.000028  0.016298 -0.000365 -0.388107
11  3.883511 -0.047212 0.431350  -0.130854 0.577271 -0.236426
12  1.719573 -0.000028 0.000017  0.028446 -0.094082 -1.215528
13  1.209179 0.000090 0.000013  -0.010092 -0.001425 -0.296820
14  4.085235 -0.082653 1.151008  0.039339 0.598544 -0.076557
15  1.719448 -0.000018 0.000028  -0.004555 -0.023158 -0.526204
16  1.099674 0.000049 0.000006  -0.045928 0.065099 -0.962112
17  1.072162 -1.559041 0.849540  -0.945637 -0.611975 -0.288617
18  1.789819 -0.000004 -0.000017  -0.000218 -0.002402 0.648134
19  1.207016 -0.000014 -0.000043  0.000255 -0.000022 -0.136009
20  5.740635 0.000389 -0.000700  -0.017705 0.000003 0.000063
21  11.480892 0.000019 -0.000845  -0.060693 -0.015500 -0.145044
22  6.027524 -0.000329 0.000200  2.092034 0.075872 2.238832
23  0.000001 11.692101 -0.000007  -1.238599 -0.683644 -0.925818
24  0.000003 0.000007 0.000000  0.616389 -0.000031 1.570739
25  0.000000 -0.000012 0.000000  0.868960 0.000002 1.570712
26  -6.212011 -10.642979 0.826812  1.473120 1.855075 -0.198639
27  6.027511 -0.000260 -0.000221  1.506635 0.772732 -0.531049
28  11.691992 0.000161 0.000858  0.346039 0.000058 -1.643409
29  11.479237 -0.000637 0.001103  -1.153448 0.580739 0.787134
30  3.859438 -0.132758 1.193064  0.469647 -0.013262 -1.872395
31  1.312559 0.000025 -0.000001  0.024060 -0.138696 -0.550187
32  0.729346 0.000065 -0.000027  -0.166197 -0.081570 -0.714272
33  3.942047 0.050139 0.430999  0.225309 -0.086237 -1.592712
34  1.539097 0.000006 -0.000001  0.035254 -0.050373 -0.994350
35  1.196300 0.000078 -0.000003  -0.021521 0.002175 -0.839738
36  3.883414 -0.050472 -0.431085  0.184824 -0.271737 -1.204030
37  1.719564 -0.000084 -0.000005  0.022859 -0.107186 -1.509108
38  1.209197 0.000035 0.000011  0.000661 0.071072 -0.480462
39  3.859588 -0.149082 -1.331322  -0.080472 0.327601 -0.061665
40  1.719413 -0.000098 -0.000036  0.097557 0.060679 -0.377229
41  1.099674 0.000023 0.000006  -0.014718 0.004685 0.056983
42  0.805984 -0.359847 -1.318338  0.991670 0.166767 -0.799527
43  1.789780 -0.000009 -0.000043  0.000058 -0.002451 0.133097
44  1.206996 -0.000006 0.000006  0.000372 -0.000071 1.058780
45  5.740574 0.000079 0.000722  0.111039 -0.000014 0.000028
46  11.480793 -0.000053 0.000966  0.041192 0.116407 0.117067
47  6.027515 -0.000273 -0.000229  -0.934274 -0.519478 -1.510522
48  -0.000001 11.691978 -0.000005  -1.113815 0.557198 0.861239
49  0.000002 -0.000001 0.000000  2.618569 -0.000036 1.570860
50  -0.000007 -0.000012 0.000005  2.272645 -0.000036 1.570861
51  -3.855239 -4.121667 -7.430836  -0.143476 -3.053333 1.369944
52  -0.000001 0.000000 0.000000  0.008153 -0.000259 0.000009
53  0.000000 -0.000000 -0.000000  1.565115 0.043565 -0.106862
54  1.101408 -9.183931 -2.540763  1.558446 -0.418228 2.505225
55  -0.000001 0.000000 -0.000000  0.000000 -0.000001 -0.000002
56  0.000030 0.000029 0.000002  -1.571901 -0.044449 -0.106509
57  20.598404 -11.214276 -6.976972  1.570796 -0.000000 0.000000
58  -16.319784 5.039393 -18.063972  1.570796 -0.000000 0.000000
59  1.239137 1.795387 -7.028192  1.570796 -0.000000 0.000000
60  -0.004311 0.001230 -0.000371  0.006898 -0.005534 -0.284229
61  0.826810 11.578514 -4.219014  1.570796 -0.000000 0.000000
62  0.000000 0.000000 0.000000  -0.078727 -3.136056 0.284226
63  0.000000 0.000000 0.000000  1.580448 0.002517 0.002665
64  -2.845507 -8.753798 -2.628636  1.648578 0.065206 -0.005989
65  0.042352 -2.889250 0.627699  -0.000000 -0.000000 -0.000000
66  0.042352 -0.907087 1.190369  -0.000000 -0.000000 -0.000000
67  -1.331044 -1.025121 4.361372  -0.000000 -0.000000 -0.000000
68  0.042353 -0.884530 23.199604  -0.000000 -0.000000 -0.000000
69  0.042255 0.181228 5.671382  -0.000000 -0.000000 -0.000000
70  -0.076657 0.089185 -9.714656  -0.000000 -0.000000 -0.000000
71  0.042352 -0.569288 7.155123  -0.000000 -0.000000 -0.000000
72  -0.682762 -1.501893 3.214537  -0.000000 -0.000000 -0.000000
73  0.074278 -0.628098 4.762587  -0.000000 -0.000000 -0.000000
74  -3.159217 -13.125792 -7.069826  1.648578 0.065206 -0.005989
75  0.048471 3.702884 -1.382189  -0.000000 3.115334 1.548341
76  2.923888 1.668561 -1.111007  -0.000000 -0.000000 -0.000000
77  2.470069 0.711696 -1.382189  -0.001655 -0.002946 -0.000060
78  -0.000000 0.000000 0.000001  -0.004593 0.783941 0.781554
79  -0.000001 0.440763 0.000001  0.625606 -0.525055 -0.976917
80  0.000000 0.430559 -0.000001  0.001828 0.009355 0.009438
81  0.000000 0.438247 -0.000001  0.003716 -0.001551 0.001029
82  -0.000000 0.433550 -0.000001  0.005512 0.105074 0.111318
83  -0.000000 0.454267 -0.000002  -0.017847 0.222189 0.223928
84  0.000001 0.438145 -0.000000  -0.064171 0.214184 0.195085
85  -0.000000 0.444415 -0.000001  -0.482215 0.759377 0.296701
86  -0.000000 0.422926 0.000000  -0.308045 0.303003 0.005925
87  -0.000001 0.426508 -0.000000  -0.012093 -2.862957 0.007385
88  -0.000000 0.432947 0.000000  0.066916 -1.828286 -0.076059
time 42
0  0.000006 0.000000 0.000000  -1.570800 -1.391899 -1.570792
1  -7.234360 -0.516690 1.234824  -1.544956 -1.855077 -0.198630
2  6.027520 -0.000334 0.000191  -2.447489 -1.031419 0.830217
3  11.692107 0.000647 -0.000736  -0.252720 -0.000048 -1.857741
4  11.479396 -0.000781 -0.000963  1.239570 -0.238042 -0.625626
5  3.859503 -0.142823 -1.192079  -0.653925 0.259466 -0.983489
6  1.312590 0.000010 0.000008  -0.080914 -0.096984 -0.909669
7  0.729355 0.000054 0.000049  0.000019 0.000019 -0.159802
8  3.942140 0.046331 -0.431542  -0.347161 0.362913 -0.624424
9  1.539110 0.000083 0.000004  0.020030 -0.158605 -1.058223
10  1.196332 0.000146 0.000028  0.016755 -0.000104 -0.420337
11  3.883510 -0.047212 0.431352  -0.162915 0.592989 -0.255887
12  1.719573 -0.000028 0.000017  0.031789 -0.095592 -1.271608
13  1.209179 0.000090 0.000012  -0.010051 -0.001467 -0.296824
14  4.085233 -0.082653 1.151009  0.025499 0.604578 -0.086052
15  1.719448 -0.000018 0.000028  -0.003946 -0.026040 -0.561722
16  1.099675 0.000049 0.000005  -0.052339 0.061959 -1.042030
17  1.071601 -1.558439 0.850901  -0.894241 -0.623407 -0.353559
18  1.789819 -0.000003 -0.000018  -0.000002 -0.009376 0.757285
19  1.207015 -0.000013 -0.000044  0.001023 -0.000035 -0.104167
20  5.740636 0.000387 -0.000700  -0.026237 0.000003 0.000063
21  11.480890 0.000017 -0.000846  -0.067112 -0.011057 -0.144873
22  6.027524 -0.000329 0.000200  2.103426 0.089396 2.250536
23  0.000001 11.692101 -0.000006  -1.239821 -0.684903 -0.926378
24  0.000002 0.000009 0.000000  0.616389 -0.000031 1.570739
25  0.000001 -0.000011 -0.000001  0.868960 0.000002 1.570712
26  -6.212011 -10.642979 0.826812  1.473120 1.855075 -0.198639
27  6.027511 -0.000260 -0.000221  1.487323 0.772836 -0.538605
28  11.691992 0.000160 0.000857  0.346039 0.000059 -1.655106
29  11.479156 -0.000675 0.001119  -1.094476 0.595785 0.815055
30  3.859437 -0.132758 1.193066  0.469647 -0.013262 -1.872395
31  1.312558 0.000026 -0.000001  0.024060 -0.138696 -0.550187
32  0.729347 0.000064 -0.000027  -0.166197 -0.081570 -0.714272
33  3.942046 0.050138 0.431001  0.225309 -0.086237 -1.592712
34  1.539097 0.000005 -0.000001  0.035254 -0.050373 -0.994350
35  1.196300 0.000078 -0.000003  -0.021521 0.002175 -0.839738
36  3.883413 -0.050472 -0.431084  0.184824 -0.271737 -1.204030
37  1.719563 -0.000086 -0.000005  0.022859 -0.107186 -1.509108
38  1.209198 0.000036 0.000012  0.000661 0.071072 -0.480462
39  3.859589 -0.149082 -1.331321  -0.080472 0.327601 -0.061665
40  1.719413 -0.000098 -0.000036  0.097557 0.060679 -0.377229
41  1.099674 0.000024 0.000007  -0.014718 0.004686 0.056983
42  0.805983 -0.359848 -1.318338  0.991670 0.166767 -0.799527
43  1.789780 -0.000009 -0.000042  0.000058 -0.002451 0.133097
44  1.206997 -0.000007 0.000005  0.000372 -0.000071 1.058780
45  5.740573 0.000080 0.000721  0.121155 -0.000014 0.000028
46  11.480775 -0.000060 0.000969  0.049074 0.123376 0.117668
47  6.027515 -0.000273 -0.000229  -0.943401 -0.530828 -1.500020
48  -0.000002 11.691976 -0.000007  -1.120670 0.563986 0.865146
49  0.000002 0.000000 -0.000000  2.618569 -0.000036 1.570860
50  -0.000008 -0.000013 0.000003  2.272645 -0.000036 1.570861
51  -3.641312 -3.996916 -7.508656  -0.102048 -3.065295 1.364004
52  0.000000 -0.000000 0.000000  0.008153 -0.000259 0.000009
53  -0.000000 0.000000 0.000000  1.565115 0.043565 -0.106862
54  1.088790 -9.088185 -2.428022  1.528009 -0.385621 2.514600
55  -0.000000 0.000000 0.000001  0.000000 -0.000001 -0.000002
56  0.000029 0.000029 0.000001  -1.571901 -0.044449 -0.106509
57  20.603649 -11.088460 -6.611526  1.570796 -0.000000 0.000000
58  -16.319784 5.039393 -18.063972  1.570796 -0.000000 0.000000
59  1.239137 1.795387 -7.028192  1.570796 -0.000000 0.000000
60  -0.004311 0.001230 -0.000371  0.006898 -0.005534 -0.284229
61  0.826810 11.578514 -4.219014  1.570796 -0.000000 0.000000
62  0.000000 0.000000 0.000000  -0.078727 -3.136056 0.284226
63  0.000000 0.000000 0.000000  1.580694 0.000241 0.002835
64  -2.849665 -8.647482 -2.683423  1.652243 0.022377 -0.008363
65  0.042352 -2.889250 0.627700  0.000000 -0.000000 0.000000
66  0.042352 -0.907087 1.190368  0.000000 -0.000000 0.000000
67  -1.331044 -1.025122 4.361372  0.000000 -0.000000 0.000000
68  0.042353 -0.884531 23.199602  0.000000 -0.000000 0.000000
69  0.042255 0.181228 5.671383  0.000000 -0.000000 0.000000
70  -0.153408 0.089184 -9.714658  0.000000 -0.000000 0.000000
71  0.042352 -0.569288 7.155122  0.000000 -0.000000 0.000000
72  -0.682762 -1.501893 3.214539  0.000000 -0.000000 0.000000
73  0.074278 -0.628098 4.762587  0.000000 -0.000000 0.000000
74  -2.983564 -13.003967 -7.148849  1.652243 0.022377 -0.008363
75  0.048471 3.702884 -1.382188  -0.000000 3.115334 1.548341
76  2.923889 1.668562 -1.111005  0.000000 -0.000000 0.000000
77  2.470070 0.711694 -1.382186  -0.001655 -0.002946 -0.000061
78  -0.000000 -0.000001 0.000001  -0.004593 0.783941 0.781553
79  -0.000001 0.440764 0.000000  0.625606 -0.525055 -0.976918
80  -0.000000 0.430559 0.000000  0.001828 0.009355 0.009438
81  0.000000 0.438247 0.000001  0.003716 -0.001551 0.001029
82  0.000000 0.433550 -0.000001  0.005512 0.105074 0.111318
83  -0.000000 0.454267 0.000001  -0.017847 0.222189 0.223929
84  -0.000000 0.438146 0.000000  -0.064171 0.214184 0.195086
85  0.000000 0.444415 -0.000001  -0.482215 0.759377 0.296701
86  -0.000000 0.422926 -0.000000  -0.308045 0.303002 0.005925
87  0.000002 0.426508 0.000000  -0.012094 -2.862958 0.007385
88  -0.000002 0.432947 -0.000001  0.066920 -1.828287 -0.076063
time 43
0  0.000006 0.000000 0.000000  -1.570800 -1.391899 -1.570792
1  -7.238710 -0.540747 1.234824  -1.544956 -1.855077 -0.198630
2  6.027522 -0.000334 0.000190  -2.585674 -1.106070 0.889115
3  11.692107 0.000646 -0.000738  -0.350452 -0.000042 -1.761542
4  11.480264 -0.000170 -0.000845  1.138587 -0.106796 -0.637138
5  3.859503 -0.142823 -1.192079  -0.658167 0.220720 -1.052814
6  1.312590 0.000009 0.000008  -0.089009 -0.095384 -0.902393
7  0.729355 0.000054 0.000050  -0.000757 -0.000896 -0.180111
8  3.942140 0.046331 -0.431544  -0.360346 0.353606 -0.680756
9  1.539110 0.000083 0.000004  0.018067 -0.153392 -1.054239
10  1.196333 0.000146 0.000028  0.016160 0.000279 -0.444841
11  3.883510 -0.047212 0.431350  -0.194063 0.591007 -0.288967
12  1.719573 -0.000029 0.000017  0.032951 -0.095124 -1.295790
13  1.209179 0.000089 0.000012  -0.010086 -0.001594 -0.296559
14  4.085234 -0.082653 1.151008  -0.000176 0.606211 -0.115887
15  1.719448 -0.000018 0.000028  -0.002548 -0.030721 -0.617997
16  1.099675 0.000048 0.000005  -0.053736 0.062257 -1.040130
17  1.070897 -1.557683 0.852513  -0.896758 -0.619546 -0.348982
18  1.789819 -0.000004 -0.000018  0.000427 -0.009748 0.744367
19  1.207015 -0.000013 -0.000043  0.001071 -0.000024 -0.107553
20  5.740635 0.000390 -0.000699  -0.024080 0.000003 0.000064
21  11.481063 0.000140 -0.000823  -0.081837 0.019920 -0.145482
22  6.027525 -0.000329 0.000200  2.015861 0.138384 2.178213
23  0.000000 11.692101 -0.000007  -1.183133 -0.626775 -0.898834
24  0.000003 0.000009 -0.000000  0.518656 -0.000030 1.570739
25  0.000001 -0.000011 -0.000001  0.868960 0.000002 1.570712
26  -6.212011 -10.642979 0.826812  1.473120 1.855075 -0.198639
27  6.027511 -0.000260 -0.000221  1.477204 0.770440 -0.542339
28  11.691992 0.000161 0.000859  0.346039 0.000059 -1.658584
29  11.479134 -0.000684 0.001119  -1.075947 0.606738 0.809274
30  3.859438 -0.132758 1.193066  0.469647 -0.013262 -1.872395
31  1.312559 0.000025 -0.000001  0.024060 -0.138696 -0.550187
32  0.729345 0.000066 -0.000027  -0.166197 -0.081570 -0.714272
33  3.942047 0.050139 0.431001  0.225309 -0.086237 -1.592712
34  1.539097 0.000006 -0.000001  0.035254 -0.050373 -0.994350
35  1.196300 0.000078 -0.000004  -0.021521 0.002175 -0.839738
36  3.883414 -0.050473 -0.431083  0.184824 -0.271737 -1.204030
37  1.719564 -0.000085 -0.000004  0.022858 -0.107186 -1.509108
38  1.209197 0.000035 0.000011  0.000661 0.071072 -0.480462
39  3.859589 -0.149082 -1.331320  -0.080472 0.327601 -0.061665
40  1.719412 -0.000099 -0.000036  0.097557 0.060679 -0.377229
41  1.099675 0.000024 0.000006  -0.014718 0.004685 0.056983
42  0.805984 -0.359848 -1.318337  0.991670 0.166767 -0.799527
43  1.789780 -0.000009 -0.000042  0.000058 -0.002451 0.133098
44  1.206997 -0.000006 0.000005  0.000372 -0.000071 1.058780
45  5.740573 0.000080 0.000720  0.123597 -0.000014 0.000028
46  11.480772 -0.000063 0.000968  0.051656 0.126319 0.114663
47  6.027515 -0.000273 -0.000229  -0.945977 -0.538138 -1.495384
48  -0.000000 11.691976 -0.000006  -1.122709 0.566009 0.866300
49  0.000004 -0.000002 -0.000000  2.618569 -0.000036 1.570860
50  -0.000007 -0.000014 0.000005  2.272645 -0.000036 1.570861
51  -3.568752 -3.951589 -7.593766  -0.083288 -3.058920 1.364037
52  0.000000 0.000000 -0.000001  0.008153 -0.000259 0.000009
53  0.000000 -0.000000 0.000001  1.565115 0.043565 -0.106862
54  0.628456 -9.376261 -1.498518  1.391319 -0.403072 2.504140
55  -0.000000 0.000000 -0.000000  0.000000 -0.000001 -0.000002
56  0.000030 0.000029 0.000000  -1.571901 -0.044449 -0.106509
57  18.393492 -11.646306 -7.148325  1.570796 -0.000000 0.000000
58  -16.319784 5.039393 -18.063972  1.570796 -0.000000 0.000000
59  1.239137 1.819833 -7.028192  1.570796 -0.000000 0.000000
60  -0.004311 0.001230 -0.000371  0.006898 -0.005534 -0.284229
61  0.826810 11.578514 -4.219014  1.570796 -0.000000 0.000000
62  0.000000 0.000000 0.000000  -0.078727 -3.136056 0.284226
63  0.000000 0.000000 0.000000  1.580831 -0.002814 0.002126
64  -2.852569 -8.552078 -2.709105  1.642295 0.005306 -0.006978
65  0.042352 -2.889250 0.627700  -0.000000 -0.000000 0.000000
66  0.042352 -0.907088 1.190368  -0.000000 -0.000000 0.000000
67  -1.331044 -1.025122 4.361372  -0.000000 -0.000000 0.000000
68  0.042354 -0.884532 23.199606  -0.000000 -0.000000 0.000000
69  0.042255 0.181228 5.671383  0.125995 -0.000000 0.000000
70  -0.076656 0.089185 -9.714658  -0.000000 0.000000 0.000000
71  0.042352 -0.569288 7.155124  -0.000000 -0.000000 0.000000
72  -0.682762 -1.501893 3.214539  -0.000000 -0.000000 0.000000
73  0.074279 -0.628099 4.762587  -0.000000 -0.000000 0.000000
74  -2.904274 -12.953495 -7.131976  1.642295 0.005306 -0.006978
75  0.048471 3.702884 -1.382189  -0.000000 3.115334 1.548341
76  2.923889 1.668561 -1.111006  -0.000000 -0.000000 0.000000
77  2.470070 0.711695 -1.382189  -0.001655 -0.002946 -0.000060
78  0.000000 -0.000001 -0.000000  -0.004593 0.783941 0.781554
79  0.000000 0.440763 0.000000  0.625606 -0.525055 -0.976917
80  0.000000 0.430558 0.000001  0.001828 0.009355 0.009438
81  -0.000000 0.438247 -0.000000  0.003716 -0.001551 0.001029
82  -0.000000 0.433550 -0.000001  0.005512 0.105074 0.111318
83  0.000000 0.454267 -0.000002  -0.017847 0.222189 0.223929
84  -0.000001 0.438146 -0.000000  -0.064171 0.214184 0.195085
85  0.000000 0.444415 -0.000002  -0.482215 0.759377 0.296701
86  0.000001 0.422927 0.000000  -0.308045 0.303003 0.005925
87  -0.000000 0.426508 -0.000000  -0.012093 -2.862957 0.007385
88  -0.000001 0.432947 0.000001  0.066918 -1.828286 -0.076061
time 44
0  0.000006 0.000000 0.000000  -1.570800 -1.391899 -1.570792
1  -7.251862 -0.613478 1.234824  -1.544956 -1.855077 -0.198630
2  6.027523 -0.000332 0.000189  0.302258 -1.853080 -2.220934
3  11.692110 0.000644 -0.000738  -0.615578 -0.000031 -1.597944
4  11.479701 -0.000188 -0.001034  1.196283 0.152416 -0.593751
5  3.859503 -0.142822 -1.192079  -0.650958 0.174065 -1.148718
6  1.312590 0.000009 0.000008  -0.097690 -0.087456 -0.882774
7  0.729355 0.000054 0.000049  -0.002912 -0.003501 -0.196757
8  3.942141 0.046331 -0.431542  -0.379506 0.334250 -0.769031
9  1.539110 0.000083 0.000003  0.012657 -0.138666 -1.043087
10  1.196333 0.000146 0.000028  0.014474 0.000919 -0.464093
11  3.883510 -0.047211 0.431351  -0.227198 0.579333 -0.345264
12  1.719573 -0.000028 0.000017  0.033865 -0.094524 -1.312726
13  1.209179 0.000090 0.000012  -0.010191 -0.001804 -0.295816
14  4.085235 -0.082653 1.151009  -0.034916 0.601582 -0.170295
15  1.719448 -0.000019 0.000028  0.000056 -0.037101 -0.692808
16  1.099675 0.000048 0.000005  -0.054578 0.062584 -1.034670
17  1.070039 -1.556764 0.854382  -0.903696 -0.608619 -0.336219
18  1.789819 -0.000004 -0.000018  0.000866 -0.009996 0.707961
19  1.207015 -0.000013 -0.000044  0.001104 -0.000013 -0.117092
20  5.740636 0.000390 -0.000698  0.046912 0.000003 0.000063
21  11.480953 0.000137 -0.000862  -0.059943 0.067297 -0.126957
22  6.027525 -0.000329 0.000200  1.810771 0.150021 1.942865
23  -0.000000 11.692101 -0.000007  -1.087215 -0.531063 -0.845646
24  0.000004 0.000008 0.000000  0.253526 -0.000031 1.570739
25  -0.000001 -0.000011 -0.000000  0.868960 0.000002 1.570712
26  -6.212011 -10.642979 0.826812  1.473120 1.855075 -0.198639
27  6.027511 -0.000260 -0.000221  1.472612 0.766479 -0.543729
28  11.691992 0.000159 0.000858  0.346039 0.000059 -1.651768
29  11.479178 -0.000663 0.001113  -1.090576 0.616540 0.768229
30  3.859438 -0.132759 1.193065  0.469647 -0.013262 -1.872395
31  1.312559 0.000027 -0.000001  0.024060 -0.138696 -0.550187
32  0.729345 0.000065 -0.000027  -0.166197 -0.081570 -0.714272
33  3.942047 0.050138 0.431000  0.225309 -0.086237 -1.592712
34  1.539097 0.000006 -0.000002  0.035254 -0.050373 -0.994350
35  1.196299 0.000078 -0.000004  -0.021521 0.002175 -0.839738
36  3.883414 -0.050473 -0.431085  0.184824 -0.271737 -1.204030
37  1.719564 -0.000083 -0.000004  0.022859 -0.107186 -1.509108
38  1.209198 0.000035 0.000011  0.000661 0.071072 -0.480462
39  3.859589 -0.149082 -1.331321  -0.080472 0.327601 -0.061665
40  1.719413 -0.000098 -0.000037  0.097557 0.060679 -0.377229
41  1.099675 0.000023 0.000008  -0.014718 0.004685 0.056982
42  0.805984 -0.359848 -1.318339  0.991670 0.166767 -0.799527
43  1.789780 -0.000009 -0.000042  0.000058 -0.002451 0.133098
44  1.206996 -0.000007 0.000006  0.000372 -0.000071 1.058781
45  5.740572 0.000079 0.000720  0.119454 -0.000014 0.000028
46  11.480780 -0.000058 0.000967  0.050225 0.126151 0.107284
47  6.027515 -0.000273 -0.000229  -0.944448 -0.543125 -1.494371
48  -0.000002 11.691975 -0.000007  -1.118715 0.562047 0.864035
49  0.000003 0.000000 -0.000001  2.618569 -0.000036 1.570860
50  -0.000007 -0.000014 0.000005  2.272645 -0.000036 1.570861
51  -3.606714 -3.999717 -7.718182  -0.080115 -3.034224 1.369134
52  0.000000 0.000000 0.000000  0.008153 -0.000259 0.000009
53  0.000000 -0.000000 -0.000000  1.565115 0.043565 -0.106862
54  0.333738 -10.016591 -0.034593  1.286186 -0.575001 2.463790
55  -0.000000 0.000001 0.000000  0.000000 -0.000001 -0.000002
56  0.000030 0.000030 0.000001  -1.571901 -0.044449 -0.106509
57  13.261158 -12.840026 -8.297009  1.570796 -0.000000 0.000000
58  -16.319784 5.039393 -18.063972  1.570796 -0.000000 0.000000
59  1.239137 1.893744 -7.028192  1.570796 -0.000000 0.000000
60  -0.004311 0.001230 -0.000371  0.006898 -0.005534 -0.284229
61  0.826810 11.578514 -4.219014  1.570796 -0.000000 0.000000
62  0.000000 0.000000 0.000000  -0.078727 -3.136056 0.284226
63  0.000000 0.000000 0.000000  1.580876 -0.006026 0.000692
64  -2.856576 -8.473610 -2.722293  1.617464 0.007114 -0.001735
65  0.042352 -2.889250 0.627700  0.000000 -0.000000 0.000000
66  0.042352 -0.907088 1.190368  0.000000 -0.000000 0.000000
67  -1.331044 -1.025121 4.361374  0.000000 -0.000000 0.000000
68  0.042353 -0.884530 23.199606  0.000000 -0.000000 0.000000
69  0.042255 0.181228 5.671383  0.409874 -0.000000 0.000000
70  0.000096 0.089184 -9.714657  0.000000 -0.000000 -0.000000
71  0.042352 -0.569288 7.155123  0.000000 -0.000000 0.000000
72  -0.682762 -1.501893 3.214539  0.000000 -0.000000 0.000000
73  0.074278 -0.628098 4.762587  0.000000 -0.000000 0.000000
74  -2.892596 -12.983683 -7.034469  1.617464 0.007114 -0.001735
75  0.048471 3.702885 -1.382188  -0.000000 3.115334 1.548341
76  2.923889 1.668561 -1.111005  0.000000 -0.000000 0.000000
77  2.470069 0.711695 -1.382187  -0.001655 -0.002946 -0.000060
78  0.000000 0.000000 0.000000  -0.004593 0.783941 0.781554
79  -0.000002 0.440764 0.000001  0.625606 -0.525055 -0.976917
80  0.000000 0.430558 -0.000001  0.001828 0.009355 0.009438
81  0.000000 0.438248 -0.000000  0.003716 -0.001551 0.001029
82  0.000000 0.433550 -0.000000  0.005512 0.105074 0.111318
83  0.000000 0.454267 -0.000001  -0.017847 0.222189 0.223928
84  0.000000 0.438146 -0.000000  -0.064171 0.214184 0.195085
85  0.000000 0.444415 -0.000000  -0.482215 0.759377 0.296701
86  -0.000001 0.422926 -0.000000  -0.308045 0.303003 0.005925
87  0.000001 0.426508 0.000000  -0.012093 -2.862958 0.007385
88  0.000001 0.432947 0.000000  0.066917 -1.828287 -0.076059
time 45
0  0.000006 0.000000 0.000000  -1.570800 -1.391899 -1.570792
1  -7.273807 -0.734835 1.234824  -1.544956 -1.855077 -0.198630
2  6.027525 -0.000331 0.000189  -0.436121 -1.714159 -1.644283
3  11.692109 0.000642 -0.000738  -0.925279 -0.000016 -1.348041
4  11.480184 0.000349 -0.000758  1.427447 0.252870 -0.530347
5  3.859503 -0.142823 -1.192079  -0.634796 0.131045 -1.247406
6  1.312589 0.000010 0.000008  -0.105068 -0.076291 -0.857880
7  0.729355 0.000054 0.000050  -0.005650 -0.006868 -0.207949
8  3.942140 0.046332 -0.431543  -0.397807 0.310053 -0.863761
9  1.539111 0.000083 0.000004  0.005969 -0.119669 -1.028914
10  1.196333 0.000146 0.000029  0.012304 0.001616 -0.476329
11  3.883510 -0.047211 0.431351  -0.254875 0.562013 -0.407414
12  1.719573 -0.000029 0.000017  0.034450 -0.093944 -1.321636
13  1.209179 0.000090 0.000012  -0.010327 -0.002037 -0.294863
14  4.085234 -0.082653 1.151009  -0.069386 0.592167 -0.232142
15  1.719448 -0.000019 0.000029  0.003328 -0.043438 -0.767883
16  1.099675 0.000049 0.000005  -0.054881 0.062876 -1.027632
17  1.069025 -1.555680 0.856505  -0.912281 -0.594484 -0.320105
18  1.789818 -0.000003 -0.000018  0.001240 -0.010102 0.661199
19  1.207015 -0.000013 -0.000043  0.001121 -0.000002 -0.129340
20  5.740637 0.000387 -0.000700  0.134737 0.000003 0.000063
21  11.481050 0.000241 -0.000807  -0.011383 0.077219 -0.113051
22  6.027525 -0.000329 0.000200  1.608688 0.138215 1.765647
23  -0.000001 11.692099 -0.000007  -0.938578 -0.394292 -0.750416
24  0.000004 0.000011 -0.000000  -0.056186 -0.000031 1.570739
25  -0.000001 -0.000011 -0.000000  0.868960 0.000002 1.570712
26  -6.212011 -10.642979 0.826812  1.473120 1.855075 -0.198639
27  6.027511 -0.000260 -0.000221  1.472601 0.762197 -0.543303
28  11.691992 0.000161 0.000858  0.346039 0.000058 -1.638617
29  11.479267 -0.000623 0.001097  -1.125623 0.622844 0.708050
30  3.859438 -0.132758 1.193065  0.469647 -0.013262 -1.872395
31  1.312559 0.000026 -0.000001  0.024060 -0.138696 -0.550187
32  0.729345 0.000064 -0.000028  -0.166197 -0.081570 -0.714272
33  3.942047 0.050139 0.431001  0.225309 -0.086237 -1.592712
34  1.539096 0.000004 0.000000  0.035254 -0.050373 -0.994350
35  1.196301 0.000078 -0.000003  -0.021521 0.002175 -0.839738
36  3.883414 -0.050472 -0.431084  0.184824 -0.271737 -1.204030
37  1.719564 -0.000085 -0.000004  0.022858 -0.107186 -1.509108
38  1.209197 0.000036 0.000011  0.000662 0.071072 -0.480462
39  3.859589 -0.149082 -1.331320  -0.080472 0.327601 -0.061665
40  1.719413 -0.000098 -0.000035  0.097557 0.060679 -0.377229
41  1.099673 0.000023 0.000008  -0.014718 0.004685 0.056983
42  0.805984 -0.359848 -1.318338  0.991670 0.166767 -0.799527
43  1.789780 -0.000008 -0.000042  0.000058 -0.002451 0.133097
44  1.206996 -0.000007 0.000005  0.000372 -0.000071 1.058780
45  5.740573 0.000079 0.000720  0.111676 -0.000014 0.000028
46  11.480797 -0.000051 0.000964  0.046415 0.123884 0.097873
47  6.027515 -0.000273 -0.000229  -0.940377 -0.545617 -1.496045
48  -0.000001 11.691975 -0.000008  -1.111006 0.554424 0.859628
49  0.000003 -0.000001 -0.000000  2.618569 -0.000036 1.570860
50  -0.000007 -0.000014 0.000004  2.272645 -0.000036 1.570861
51  -3.716942 -4.105809 -7.851357  -0.087646 -3.000323 1.377356
52  -0.000000 0.000000 -0.000000  0.008153 -0.000259 0.000009
53  0.000000 0.000000 0.000001  1.565115 0.043565 -0.106862
54  -0.232820 -11.420021 1.055450  1.217653 -0.900608 2.480797
55  -0.000000 0.000000 -0.000000  0.000000 -0.000001 -0.000002
56  0.000030 0.000029 0.000001  -1.571901 -0.044449 -0.106509
57  9.809135 -13.397874 -8.833807  1.570796 -0.000000 0.000000
58  -16.319784 5.039393 -18.063972  1.570796 -0.000000 0.000000
59  1.239137 2.017069 -7.028192  1.570796 -0.000000 0.000000
60  -0.004311 0.001230 -0.000371  0.006898 -0.005534 -0.284229
61  0.826810 11.578514 -4.219014  1.570796 -0.000000 0.000000
62  0.000000 0.000000 0.000000  -0.078727 -3.136056 0.284226
63  0.000000 0.000000 0.000000  1.577540 -0.008565 -0.000446
64  -2.864048 -8.413061 -2.727152  1.585710 0.021150 0.005105
65  0.042352 -2.889250 0.627700  -0.000000 -0.000000 0.000000
66  0.042352 -0.907087 1.190369  -0.000000 -0.000000 0.000000
67  -1.331044 -1.025122 4.361372  -0.000000 -0.000000 0.000000
68  0.042353 -0.884531 23.199604  -0.000000 -0.000000 0.000000
69  0.042255 0.181228 5.671382  0.758931 -0.000000 0.000000
70  0.000096 0.089185 -9.714656  -0.000000 -0.000000 0.000000
71  0.042352 -0.569288 7.155123  -0.000000 -0.000000 0.000000
72  -0.682762 -1.501892 3.214539  -0.000000 -0.000000 0.000000
73  0.074278 -0.628098 4.762587  -0.000000 -0.000000 0.000000
74  -2.925981 -13.058202 -6.893176  1.585710 0.021150 0.005105
75  0.048471 3.702883 -1.382188  0.000000 3.115334 1.548341
76  2.923888 1.668561 -1.111007  -0.000000 0.000000 -0.087266
77  2.421419 0.773106 -1.333159  0.002465 0.000332 -0.244943
78  -0.000000 0.000001 -0.000002  0.002092 0.782650 0.806644
79  -0.000001 0.440763 0.000000  0.621923 -0.531949 -0.961165
80  0.000000 0.430557 0.000000  -0.013853 0.019949 0.251095
81  -0.000000 0.438246 -0.000001  -0.029372 0.088413 0.002067
82  -0.000000 0.433550 0.000001  0.008912 0.013324 0.079748
83  0.000000 0.454268 -0.000000  -0.034038 0.230448 0.327693
84  -0.000000 0.438146 -0.000001  -0.050693 0.152138 0.183884
85  0.000000 0.444414 -0.000002  -0.471547 0.788225 0.285603
86  -0.000000 0.422926 -0.000000  -0.288371 0.297031 0.008704
87  -0.000000 0.426508 0.000000  -0.038502 -2.869715 0.016263
88  0.000000 0.432947 0.000000  0.178843 -1.838797 -0.195778
time 46
0  0.000006 0.000000 0.000000  -1.570800 -1.391899 -1.570792
1  -7.304256 -0.903222 1.234824  -1.544956 -1.855077 -0.198630
2  6.027524 -0.000329 0.000189  -0.714134 -1.701548 -1.444151
3  11.692111 0.000645 -0.000738  -1.138049 -0.000011 -1.260765
4  11.480816 0.000647 -0.000349  1.566755 0.034997 -0.278438
5  3.859503 -0.142823 -1.192080  -0.619470 0.103583 -1.316800
6  1.312590 0.000009 0.000008  -0.109514 -0.067251 -0.838613
7  0.729354 0.000054 0.000049  -0.007772 -0.009500 -0.213490
8  3.942141 0.046331 -0.431543  -0.409260 0.291145 -0.931168
9  1.539110 0.000085 0.000004  0.000959 -0.104813 -1.017988
10  1.196334 0.000145 0.000028  0.010614 0.002120 -0.481970
11  3.883511 -0.047212 0.431350  -0.271227 0.547601 -0.452268
12  1.719573 -0.000029 0.000017  0.034724 -0.093555 -1.324578
13  1.209180 0.000089 0.000012  -0.010434 -0.002207 -0.294121
14  4.085234 -0.082653 1.151008  -0.092631 0.583323 -0.277457
15  1.719448 -0.000018 0.000028  0.005938 -0.047721 -0.819754
16  1.099675 0.000048 0.000006  -0.054875 0.063062 -1.022142
17  1.067854 -1.554431 0.858872  -0.918722 -0.583399 -0.307763
18  1.789819 -0.000004 -0.000018  0.001469 -0.010115 0.624794
19  1.207016 -0.000014 -0.000043  0.001127 0.000004 -0.138878
20  5.740636 0.000388 -0.000700  0.063464 0.000003 0.000063
21  11.481174 0.000302 -0.000725  0.005326 0.028689 -0.065601
22  6.027524 -0.000329 0.000200  1.569182 0.130658 1.685036
23  -0.000001 11.692101 -0.000006  -0.885367 -0.349744 -0.713401
24  0.000003 0.000007 0.000001  -0.268960 -0.000031 1.570739
25  -0.000001 -0.000012 0.000001  0.868960 0.000002 1.570712
26  -6.212011 -10.642979 0.826812  1.473120 1.855075 -0.198639
27  6.027511 -0.000260 -0.000221  1.485310 0.753429 -0.537694
28  11.691993 0.000160 0.000858  0.346039 0.000057 -1.624943
29  11.479358 -0.000576 0.001082  -1.197555 0.615151 0.635523
30  3.859437 -0.132758 1.193063  0.469647 -0.013262 -1.872395
31  1.312559 0.000025 -0.000001  0.024060 -0.138696 -0.550187
32  0.729346 0.000064 -0.000027  -0.166197 -0.081570 -0.714272
33  3.942047 0.050139 0.430998  0.225309 -0.086237 -1.592712
34  1.539096 0.000007 -0.000001  0.035254 -0.050373 -0.994350
35  1.196300 0.000077 -0.000003  -0.021521 0.002175 -0.839738
36  3.883414 -0.050472 -0.431085  0.184824 -0.271737 -1.204030
37  1.719563 -0.000084 -0.000004  0.022859 -0.107186 -1.509108
38  1.209197 0.000035 0.000012  0.000661 0.071072 -0.480462
39  3.859588 -0.149082 -1.331321  -0.080472 0.327601 -0.061665
40  1.719412 -0.000098 -0.000036  0.097557 0.060679 -0.377229
41  1.099673 0.000023 0.000008  -0.014718 0.004685 0.056983
42  0.805984 -0.359848 -1.318339  0.991670 0.166767 -0.799527
43  1.789780 -0.000008 -0.000042  0.000058 -0.002451 0.133097
44  1.206996 -0.000008 0.000006  0.000372 -0.000071 1.058780
45  5.740573 0.000080 0.000721  0.098012 -0.000014 0.000028
46  11.480817 -0.000041 0.000961  0.037549 0.117241 0.089222
47  6.027515 -0.000273 -0.000229  -0.925795 -0.543072 -1.506723
48  -0.000002 11.691975 -0.000005  -1.102987 0.546529 0.854994
49  0.000004 0.000001 -0.000000  2.618569 -0.000036 1.570860
50  -0.000008 -0.000014 0.000005  2.272645 -0.000036 1.570861
51  -3.984794 -4.230121 -7.940427  -0.124748 -2.961927 1.390781
52  0.000000 0.000000 0.000001  0.008153 -0.000259 0.000009
53  0.000000 0.000000 -0.000001  1.565115 0.043565 -0.106862
54  0.182613 -11.979236 1.474451  0.457065 -1.116279 -3.031582
55  -0.000000 -0.000001 -0.000000  0.000000 -0.000001 -0.000002
56  0.000030 0.000028 0.000001  -1.571902 -0.044449 -0.106509
57  8.699266 -13.028840 -8.534870  1.570796 -0.000000 0.000000
58  -16.319784 5.039393 -18.063972  1.570796 -0.000000 0.000000
59  1.239137 2.188188 -7.028192  1.570796 -0.000000 0.000000
60  -0.004311 0.001230 -0.000371  0.006898 -0.005534 -0.284229
61  0.826810 11.578514 -4.219014  1.570796 -0.000000 0.000000
62  0.000000 0.000000 0.000000  -0.078727 -3.136056 0.284226
63  0.000000 0.000000 0.000000  1.570197 -0.009601 -0.000938
64  -2.877344 -8.370155 -2.727846  1.555113 0.064523 0.011289
65  0.042352 -2.889250 0.627701  0.000000 -0.000000 -0.000000
66  0.042352 -0.907088 1.190369  0.000000 -0.000000 -0.000000
67  -1.331044 -1.025122 4.361372  0.000000 -0.000000 -0.000000
68  0.042353 -0.884531 23.199606  0.000000 -0.000000 -0.000000
69  0.042255 0.181228 5.671384  1.102175 -0.000000 -0.000000
70  0.000096 0.089184 -9.714659  0.000000 -0.000000 -0.000000
71  0.042352 -0.569288 7.155124  0.000000 -0.000000 -0.000000
72  -0.682762 -1.501893 3.214538  0.000000 -0.000000 -0.000000
73  0.074279 -0.628098 4.762587  0.000000 -0.000000 -0.000000
74  -3.080393 -13.142813 -6.742497  1.555113 0.064523 0.011289
75  0.082709 3.702070 -1.396879  -3.118096 0.043617 -1.482189
76  2.923888 1.668561 -1.111007  0.000000 -0.000000 -0.174533
77  2.348962 0.834518 -1.284132  0.000261 0.006623 -0.515135
78  -0.000000 -0.000000 -0.000001  0.003441 0.784389 0.846408
79  -0.000000 0.440765 0.000001  0.603764 -0.550572 -0.921822
80  -0.000000 0.430558 -0.000001  -0.024562 0.035357 0.491806
81  0.000000 0.438246 -0.000002  -0.059711 0.176946 -0.010584
82  -0.000000 0.433550 0.000001  0.022445 -0.079129 0.025778
83  -0.000000 0.454267 -0.000001  -0.042659 0.236142 0.400978
84  0.000001 0.438145 0.000001  -0.026202 0.085665 0.149429
85  -0.000000 0.444415 0.000001  -0.454546 0.812212 0.269721
86  -0.000002 0.422927 -0.000000  -0.293990 0.288041 0.008916
87  -0.000001 0.426508 0.000000  0.002419 -2.878081 0.001912
88  -0.000000 0.432947 0.000000  -0.083776 -1.843759 0.082546
time 47
0  0.000006 0.000000 0.000000  -1.570800 -1.391899 -1.570792
1  -7.342563 -1.115059 1.234824  -1.544956 -1.855077 -0.198630
2  6.027526 -0.000331 0.000189  -0.964971 -1.755266 -1.196615
3  11.692113 0.000643 -0.000739  -1.207414 -0.000002 -1.060683
4  11.480342 0.000612 -0.000455  1.454849 0.026508 -0.314856
5  3.859503 -0.142823 -1.192079  -0.613622 0.094919 -1.340176
6  1.312588 0.000010 0.000008  -0.110863 -0.063985 -0.831794
7  0.729355 0.000054 0.000049  -0.008525 -0.010435 -0.214917
8  3.942140 0.046331 -0.431542  -0.412818 0.284446 -0.953978
9  1.539111 0.000083 0.000004  -0.000778 -0.099526 -1.014132
10  1.196333 0.000146 0.000028  0.010014 0.002294 -0.483312
11  3.883511 -0.047211 0.431351  -0.276122 0.542351 -0.467576
12  1.719573 -0.000029 0.000017  0.034791 -0.093428 -1.324943
13  1.209180 0.000089 0.000013  -0.010472 -0.002265 -0.293858
14  4.085235 -0.082653 1.151009  -0.100236 0.579926 -0.293032
15  1.719448 -0.000020 0.000028  0.006871 -0.049128 -0.837040
16  1.099675 0.000048 0.000005  -0.054831 0.063121 -1.020192
17  1.066532 -1.553020 0.861474  -0.920957 -0.579448 -0.303424
18  1.789819 -0.000004 -0.000018  0.001539 -0.010107 0.611878
19  1.207015 -0.000012 -0.000043  0.001128 0.000006 -0.142265
20  5.740636 0.000388 -0.000700  0.024487 0.000003 0.000063
21  11.481081 0.000296 -0.000745  -0.016835 0.029196 -0.074032
22  6.027525 -0.000330 0.000200  1.522303 0.177967 1.677515
23  0.000000 11.692100 -0.000008  -0.759779 -0.255102 -0.621469
24  0.000003 0.000008 -0.000001  -0.338336 -0.000030 1.570738
25  0.000001 -0.000011 -0.000000  0.868960 0.000002 1.570712
26  -6.212011 -10.642979 0.826812  1.473120 1.855075 -0.198639
27  6.027511 -0.000260 -0.000221  1.510071 0.746017 -0.528044
28  11.691992 0.000160 0.000857  0.346039 0.000056 -1.616278
29  11.479421 -0.000545 0.001070  -1.277841 0.593376 0.579112
30  3.859438 -0.132759 1.193066  0.469647 -0.013262 -1.872395
31  1.312559 0.000026 -0.000000  0.024060 -0.138696 -0.550187
32  0.729346 0.000064 -0.000028  -0.166197 -0.081570 -0.714272
33  3.942046 0.050139 0.431001  0.225309 -0.086237 -1.592712
34  1.539096 0.000008 -0.000000  0.035254 -0.050373 -0.994350
35  1.196300 0.000077 -0.000003  -0.021521 0.002175 -0.839738
36  3.883413 -0.050473 -0.431084  0.184824 -0.271737 -1.204030
37  1.719564 -0.000085 -0.000005  0.022859 -0.107186 -1.509108
38  1.209197 0.000035 0.000011  0.000661 0.071072 -0.480462
39  3.859588 -0.149082 -1.331320  -0.080472 0.327601 -0.061665
40  1.719413 -0.000098 -0.000036  0.097557 0.060679 -0.377229
41  1.099674 0.000023 0.000007  -0.014718 0.004685 0.056982
42  0.805983 -0.359847 -1.318338  0.991670 0.166767 -0.799527
43  1.789780 -0.000008 -0.000042  0.000058 -0.002451 0.133098
44  1.206997 -0.000009 0.000005  0.000372 -0.000071 1.058780
45  5.740574 0.000080 0.000722  0.084135 -0.000014 0.000028
46  11.480829 -0.000036 0.000959  0.026997 0.108389 0.084468
47  6.027515 -0.000273 -0.000229  -0.906907 -0.532113 -1.523618
48  -0.000002 11.691976 -0.000006  -1.097904 0.541542 0.852031
49  0.000003 0.000000 -0.000000  2.618569 -0.000036 1.570860
50  -0.000008 -0.000014 0.000005  2.272645 -0.000036 1.570861
51  -4.315056 -4.327658 -7.883595  -0.175882 -2.930635 1.406235
52  -0.000000 0.000000 0.000001  0.008153 -0.000259 0.000009
53  0.000000 0.000000 0.000001  1.565115 0.043565 -0.106862
54  0.212779 -13.128506 1.913306  0.006221 -1.152791 -2.686719
55  -0.000000 0.000000 0.000000  0.000000 -0.000001 -0.000002
56  0.000030 0.000029 0.000001  -1.571901 -0.044449 -0.106509
57  8.540714 -12.659806 -8.235934  1.570796 -0.000000 0.000000
58  -16.319784 5.039393 -18.063972  1.570796 -0.000000 0.000000
59  1.239137 2.403460 -7.028192  1.570796 -0.000000 0.000000
60  -0.004311 0.001230 -0.000371  0.006898 -0.005534 -0.284229
61  0.826810 11.578514 -4.219014  1.570796 -0.000000 0.000000
62  0.000000 0.000000 0.000000  -0.078727 -3.136056 0.284226
63  0.000000 0.000000 0.000000  1.562844 0.002473 -0.001242
64  -2.898823 -8.344614 -2.649506  1.533520 0.119595 0.014830
65  0.042352 -2.889250 0.627701  -0.000000 -0.000000 -0.000000
66  0.042352 -0.907088 1.190369  -0.000000 -0.000000 -0.000000
67  -1.331045 -1.025122 4.361372  -0.000000 -0.000000 -0.000000
68  0.042353 -0.884531 23.199606  -0.000000 -0.000000 -0.000000
69  0.042255 0.181228 5.671383  1.338764 0.000000 -0.000000
70  0.000096 0.089185 -9.714657  -0.000000 -0.000000 -0.000000
71  0.042352 -0.569288 7.155123  -0.000000 -0.000000 -0.000000
72  -0.682762 -1.501893 3.214539  -0.000000 -0.000000 -0.000000
73  0.074278 -0.628098 4.762588  -0.000000 -0.000000 -0.000000
74  -3.291866 -13.206785 -6.540743  1.533520 0.119595 0.014830
75  0.065590 3.702477 -1.389532  -3.130087 0.035264 -1.537780
76  2.923889 1.668561 -1.111007  -0.000000 -0.000000 -0.165459
77  2.310239 0.825851 -1.292839  -0.012042 0.014588 -0.566630
78  -0.000001 -0.000000 -0.000001  0.002076 0.785596 0.866020
79  0.000001 0.440763 -0.000001  0.593903 -0.559850 -0.906662
80  0.000001 0.430558 0.000002  -0.025004 0.037709 0.469164
81  0.000000 0.438247 -0.000000  -0.053142 0.156040 0.011742
82  0.000000 0.433549 -0.000001  0.015481 -0.060577 0.053914
83  0.000000 0.454268 -0.000001  -0.042246 0.233258 0.397564
84  -0.000000 0.438146 -0.000001  -0.033916 0.101531 0.161840
85  -0.000000 0.444415 -0.000001  -0.456213 0.800049 0.270638
86  -0.000001 0.422927 0.000000  -0.282630 0.289733 0.006914
87  0.000001 0.426508 0.000000  -0.024677 -2.876069 0.006223
88  -0.000001 0.432947 0.000000  0.066306 -1.841557 -0.068478
time 48
0  0.000006 0.000000 0.000000  -1.570800 -1.391899 -1.570792
1  -7.387656 -1.364428 1.234825  -1.544956 -1.855077 -0.198630
2  6.027526 -0.000331 0.000189  -1.061372 -1.784870 -1.116409
3  11.692115 0.000648 -0.000738  -1.207406 0.000002 -0.935554
4  11.480105 0.000591 -0.000508  1.450504 0.044247 -0.304208
5  3.859504 -0.142824 -1.192079  -0.613622 0.094919 -1.340176
6  1.312590 0.000009 0.000008  -0.110863 -0.063985 -0.831794
7  0.729355 0.000054 0.000049  -0.008524 -0.010435 -0.214917
8  3.942141 0.046330 -0.431542  -0.412818 0.284446 -0.953978
9  1.539110 0.000084 0.000005  -0.000778 -0.099526 -1.014132
10  1.196333 0.000146 0.000028  0.010013 0.002294 -0.483312
11  3.883511 -0.047213 0.431351  -0.276122 0.542351 -0.467576
12  1.719573 -0.000027 0.000017  0.034791 -0.093428 -1.324943
13  1.209179 0.000090 0.000012  -0.010473 -0.002265 -0.293858
14  4.085234 -0.082654 1.151009  -0.100236 0.579926 -0.293032
15  1.719448 -0.000019 0.000028  0.006871 -0.049128 -0.837040
16  1.099676 0.000048 0.000005  -0.054831 0.063121 -1.020192
17  1.065065 -1.551457 0.864293  -0.920957 -0.579448 -0.303424
18  1.789819 -0.000004 -0.000017  0.001539 -0.010107 0.611878
19  1.207014 -0.000014 -0.000044  0.001128 0.000006 -0.142265
20  5.740636 0.000389 -0.000699  0.017141 0.000003 0.000063
21  11.481033 0.000292 -0.000756  -0.017497 0.032721 -0.071734
22  6.027525 -0.000329 0.000200  1.494457 0.200110 1.657982
23  0.000001 11.692101 -0.000006  -0.678303 -0.201899 -0.559096
24  0.000003 0.000009 0.000000  -0.338336 -0.000031 1.570739
25  0.000001 -0.000011 0.000001  0.868960 0.000002 1.570712
26  -6.212011 -10.642979 0.826812  1.473120 1.855075 -0.198639
27  6.027510 -0.000261 -0.000220  1.529422 0.745249 -0.520992
28  11.691995 0.000160 0.000858  0.346039 0.000056 -1.614048
29  11.479434 -0.000539 0.001067  -1.315562 0.576998 0.560874
30  3.859437 -0.132759 1.193065  0.469647 -0.013262 -1.872395
31  1.312559 0.000025 -0.000001  0.024060 -0.138696 -0.550187
32  0.729345 0.000065 -0.000028  -0.166197 -0.081570 -0.714272
33  3.942047 0.050138 0.431000  0.225309 -0.086237 -1.592712
34  1.539096 0.000006 -0.000002  0.035254 -0.050373 -0.994350
35  1.196301 0.000078 -0.000003  -0.021521 0.002175 -0.839738
36  3.883413 -0.050472 -0.431084  0.184824 -0.271737 -1.204030
37  1.719564 -0.000084 -0.000005  0.022858 -0.107186 -1.509108
38  1.209198 0.000035 0.000012  0.000661 0.071072 -0.480462
39  3.859588 -0.149082 -1.331321  -0.080472 0.327601 -0.061665
40  1.719413 -0.000098 -0.000036  0.097557 0.060679 -0.377229
41  1.099675 0.000023 0.000007  -0.014718 0.004685 0.056982
42  0.805983 -0.359848 -1.318338  0.991670 0.166767 -0.799527
43  1.789780 -0.000007 -0.000043  0.000058 -0.002451 0.133097
44  1.206996 -0.000007 0.000005  0.000372 -0.000071 1.058781
45  5.740574 0.000079 0.000721  0.078460 -0.000014 0.000028
46  11.480831 -0.000035 0.000958  0.021892 0.103312 0.083869
47  6.027515 -0.000273 -0.000229  -0.897337 -0.520527 -1.534503
48  -0.000001 11.691977 -0.000008  -1.096595 0.540261 0.851265
49  0.000002 -0.000000 0.000000  2.618569 -0.000036 1.570860
50  -0.000006 -0.000015 0.000004  2.272645 -0.000036 1.570861
51  -4.495127 -4.368763 -7.750263  -0.201689 -2.917562 1.413909
52  0.000001 0.000000 -0.000000  0.008153 -0.000259 0.000009
53  -0.000001 -0.000000 -0.000000  1.565115 0.043565 -0.106862
54  0.458700 -13.752041 2.078571  -0.138044 -1.127637 -2.511472
55  -0.000000 -0.000000 -0.000000  0.000000 -0.000001 -0.000002
56  0.000030 0.000030 0.000000  -1.571901 -0.044449 -0.106509
57  8.540714 -12.659806 -8.235934  1.570796 -0.000000 0.000000
58  -16.319784 5.039393 -18.063972  1.570796 -0.000000 0.000000
59  1.239137 2.656873 -7.028192  1.570796 -0.000000 0.000000
60  -0.004311 0.001230 -0.000371  0.006898 -0.005534 -0.284229
61  0.826810 11.578514 -4.219014  1.570796 -0.000000 0.000000
62  0.000000 0.000000 0.000000  -0.078727 -3.136056 0.284226
63  0.000000 0.000000 0.000000  1.559494 0.016854 -0.001467
64  -2.929397 -8.336163 -2.520964  1.524987 0.146695 0.015803
65  0.042352 -2.889249 0.627701  0.000000 -0.000000 0.000000
66  0.042352 -0.907088 1.190368  0.000000 -0.000000 0.000000
67  -1.331044 -1.025122 4.361371  0.000000 -0.000000 0.000000
68  0.042353 -0.884531 23.199606  0.000000 -0.000000 0.000000
69  0.042255 0.181228 5.671384  1.425478 0.000000 0.000000
70  0.000096 0.089184 -9.714657  0.000000 -0.000000 -0.000000
71  0.042352 -0.569288 7.155123  0.000000 -0.000000 0.000000
72  -0.682762 -1.501893 3.214539  0.000000 -0.000000 0.000000
73  0.074278 -0.628099 4.762587  0.000000 -0.000000 0.000000
74  -3.416367 -13.233540 -6.357039  1.524987 0.146695 0.015803
75  0.048471 3.702884 -1.382186  -0.000000 3.115334 1.548341
76  2.923889 1.668561 -1.111006  0.000000 -0.000000 -0.143817
77  2.286751 0.805185 -1.313614  -0.034302 0.023427 -0.584259
78  0.000000 0.000000 0.000000  0.001656 0.786159 0.892139
79  0.000001 0.440763 -0.000001  0.582080 -0.571763 -0.886899
80  0.000000 0.430558 -0.000001  -0.023138 0.037549 0.388055
81  0.000000 0.438247 0.000001  -0.033214 0.105419 0.041402
82  0.000000 0.433551 0.000001  0.007938 -0.014645 0.099037
83  -0.000000 0.454268 -0.000001  -0.037061 0.225945 0.369828
84  -0.000000 0.438147 -0.000001  -0.047712 0.139343 0.181226
85  -0.000001 0.444416 -0.000001  -0.460300 0.771395 0.273957
86  0.000001 0.422927 -0.000000  -0.274269 0.294063 0.003931
87  -0.000000 0.426508 0.000000  -0.049828 -2.871244 0.009201
88  -0.000002 0.432947 -0.000001  0.215957 -1.842242 -0.217191
time 49
0  0.000006 0.000000 0.000000  -1.570800 -1.391899 -1.570792
1  -7.438021 -1.642947 1.234825  -1.544956 -1.855077 -0.198630
2  6.027525 -0.000331 0.000189  -1.122625 -1.809136 -1.064664
3  11.692116 0.000645 -0.000738  -1.207399 0.000005 -0.839812
4  11.480884 0.000702 -0.000220  1.467190 0.070687 -0.265840
5  3.859503 -0.142823 -1.192079  -0.613622 0.094919 -1.340176
6  1.312590 0.000009 0.000007  -0.110863 -0.063985 -0.831794
7  0.729356 0.000054 0.000049  -0.008524 -0.010435 -0.214917
8  3.942141 0.046331 -0.431543  -0.412818 0.284446 -0.953978
9  1.539111 0.000082 0.000005  -0.000778 -0.099526 -1.014132
10  1.196334 0.000147 0.000029  0.010014 0.002294 -0.483312
11  3.883510 -0.047212 0.431350  -0.276122 0.542351 -0.467576
12  1.719572 -0.000028 0.000017  0.034791 -0.093428 -1.324943
13  1.209180 0.000089 0.000012  -0.010473 -0.002265 -0.293858
14  4.085235 -0.082653 1.151009  -0.100236 0.579926 -0.293032
15  1.719447 -0.000019 0.000028  0.006871 -0.049128 -0.837040
16  1.099675 0.000049 0.000005  -0.054831 0.063121 -1.020192
17  1.063461 -1.549748 0.867311  -0.920957 -0.579448 -0.303424
18  1.789819 -0.000003 -0.000018  0.001539 -0.010107 0.611878
19  1.207016 -0.000013 -0.000043  0.001128 0.000006 -0.142265
20  5.740635 0.000389 -0.000700  0.018739 0.000003 0.000064
21  11.481189 0.000314 -0.000699  -0.014216 0.037375 -0.063657
22  6.027524 -0.000329 0.000200  1.471881 0.217115 1.645352
23  0.000001 11.692101 -0.000008  -0.614307 -0.164676 -0.508928
24  0.000003 0.000009 0.000001  -0.338336 -0.000031 1.570739
25  0.000001 -0.000012 -0.000001  0.868960 0.000002 1.570712
26  -6.212011 -10.642979 0.826812  1.473120 1.855075 -0.198639
27  6.027510 -0.000261 -0.000220  1.534022 0.748993 -0.519470
28  11.691994 0.000160 0.000857  0.346039 0.000056 -1.611359
29  11.479452 -0.000530 0.001063  -1.311856 0.575380 0.562914
30  3.859438 -0.132758 1.193065  0.469647 -0.013262 -1.872395
31  1.312560 0.000026 -0.000001  0.024060 -0.138696 -0.550187
32  0.729346 0.000063 -0.000027  -0.166197 -0.081570 -0.714272
33  3.942047 0.050139 0.431000  0.225309 -0.086237 -1.592712
34  1.539096 0.000004 -0.000001  0.035254 -0.050373 -0.994350
35  1.196300 0.000078 -0.000003  -0.021521 0.002175 -0.839738
36  3.883414 -0.050472 -0.431084  0.184824 -0.271737 -1.204030
37  1.719564 -0.000084 -0.000004  0.022859 -0.107186 -1.509108
38  1.209197 0.000035 0.000010  0.000662 0.071072 -0.480462
39  3.859589 -0.149081 -1.331321  -0.080472 0.327601 -0.061665
40  1.719414 -0.000098 -0.000036  0.097557 0.060679 -0.377229
41  1.099675 0.000024 0.000006  -0.014718 0.004685 0.056983
42  0.805984 -0.359847 -1.318338  0.991670 0.166767 -0.799527
43  1.789780 -0.000008 -0.000042  0.000058 -0.002451 0.133098
44  1.206996 -0.000006 0.000005  0.000372 -0.000071 1.058780
45  5.740573 0.000078 0.000720  0.079678 -0.000014 0.000028
46  11.480835 -0.000033 0.000957  0.022583 0.103194 0.084090
47  6.027515 -0.000273 -0.000229  -0.898946 -0.515684 -1.535310
48  -0.000002 11.691977 -0.000007  -1.095016 0.538717 0.850339
49  0.000003 0.000002 0.000001  2.618569 -0.000036 1.570860
50  -0.000007 -0.000014 0.000004  2.272645 -0.000036 1.570861
51  -4.505750 -4.398890 -7.687236  -0.197258 -2.916964 1.412338
52  0.000000 0.000000 0.000000  0.008153 -0.000259 0.000009
53  0.000000 0.000000 0.000000  1.565115 0.043565 -0.106862
54  0.629837 -14.093872 2.139758  -0.184679 -1.070552 -2.429262
55  0.000000 0.000001 -0.000001  0.000000 -0.000001 -0.000002
56  0.000031 0.000030 0.000001  -1.571902 -0.044449 -0.106509
57  8.540714 -12.659806 -8.235934  1.570796 -0.000000 0.000000
58  -16.319784 5.039393 -18.063972  1.570796 -0.000000 0.000000
59  1.239137 2.939909 -7.028192  1.570796 -0.000000 0.000000
60  -0.004311 0.001230 -0.000371  0.006898 -0.005534 -0.284229
61  0.826810 11.578514 -4.219014  1.570796 -0.000000 0.000000
62  0.000000 0.000000 0.000000  -0.078727 -3.136056 0.284226
63  0.000000 0.000000 0.000000  1.559902 0.020972 -0.001558
64  -2.964188 -8.360561 -2.446425  1.523641 0.142542 0.015023
65  0.042352 -2.889250 0.627701  0.000000 0.000000 0.000000
66  0.042352 -0.907087 1.190367  0.000000 0.000000 0.000000
67  -1.331044 -1.025122 4.361373  0.000000 0.000000 0.000000
68  0.042353 -0.884531 23.199604  0.000000 0.000000 0.000000
69  0.042255 0.181228 5.671382  1.511536 0.000000 0.000000
70  0.000096 0.089184 -9.714655  0.000000 -0.000000 -0.000000
71  0.042352 -0.569288 7.155124  0.000000 0.000000 0.000000
72  -0.682762 -1.501893 3.214538  0.000000 0.000000 0.000000
73  0.074278 -0.628098 4.762587  0.000000 0.000000 0.000000
74  -3.438030 -13.262520 -6.278291  1.523641 0.142542 0.015023
75  0.048471 3.702884 -1.382188  -0.000000 3.115334 1.548341
76  2.923889 1.668561 -1.111005  -0.000000 -0.000000 -0.117982
77  2.274689 0.780518 -1.338410  -0.057769 0.031247 -0.578730
78  -0.000001 -0.000000 -0.000000  0.001760 0.784730 0.920689
79  0.000000 0.440764 0.000000  0.570292 -0.585906 -0.863865
80  0.000000 0.430559 -0.000001  -0.017381 0.035168 0.280136
81  -0.000000 0.438247 0.000001  -0.006699 0.043842 0.065099
82  0.000000 0.433550 -0.000001  0.006141 0.040568 0.140352
83  -0.000000 0.454268 -0.000001  -0.027669 0.216539 0.323555
84  -0.000000 0.438146 0.000000  -0.060824 0.183622 0.196320
85  0.000001 0.444415 0.000000  -0.465905 0.736624 0.277668
86  0.000001 0.422927 0.000000  -0.279717 0.298968 0.000720
87  0.000001 0.426508 0.000000  -0.045935 -2.865231 0.004901
88  -0.000001 0.432947 -0.000001  0.213653 -1.835226 -0.208987
time 50
0  0.000006 0.000000 0.000000  -1.570800 -1.391899 -1.570792
1  -7.491739 -1.940012 1.234825  -1.544956 -1.855077 -0.198630
2  6.027526 -0.000330 0.000189  -1.121857 -1.804687 -1.066355
3  11.692116 0.000645 -0.000738  -1.207396 0.000005 -0.799680
4  11.480696 0.000686 -0.000266  1.505721 0.082807 -0.226643
5  3.859503 -0.142825 -1.192079  -0.612764 0.109477 -1.335466
6  1.312590 0.000010 0.000007  -0.114323 -0.059780 -0.765291
7  0.729355 0.000054 0.000049  -0.010144 -0.008390 0.026123
8  3.942141 0.046330 -0.431542  -0.411351 0.291768 -0.947153
9  1.539110 0.000083 0.000003  -0.023592 -0.084500 -0.771019
10  1.196332 0.000146 0.000028  0.008530 -0.000367 -0.244654
11  3.883511 -0.047214 0.431351  -0.250825 0.547837 -0.390964
12  1.719573 -0.000027 0.000016  0.010496 -0.094826 -1.052820
13  1.209178 0.000090 0.000013  -0.011081 -0.001116 -0.193008
14  4.085235 -0.082654 1.151009  -0.084586 0.542624 -0.237723
15  1.719447 -0.000020 0.000029  -0.004216 -0.029725 -0.519001
16  1.099675 0.000051 0.000006  -0.015433 0.079715 -0.578511
17  1.061730 -1.547907 0.870512  -0.917919 -0.588593 -0.301923
18  1.789819 -0.000003 -0.000018  0.002910 -0.012459 0.539138
19  1.207016 -0.000013 -0.000043  0.001420 0.000045 -0.169182
20  5.740636 0.000389 -0.000700  0.024518 0.000003 0.000063
21  11.481153 0.000311 -0.000709  -0.006898 0.038992 -0.055503
22  6.027524 -0.000329 0.000200  1.473950 0.213148 1.644851
23  -0.000000 11.692100 -0.000008  -0.587047 -0.150033 -0.487289
24  0.000002 0.000009 -0.000001  -0.338336 -0.000031 1.570739
25  -0.000001 -0.000012 -0.000001  0.868960 0.000002 1.570712
26  -6.212011 -10.642979 0.826812  1.473120 1.855075 -0.198639
27  6.027511 -0.000260 -0.000220  1.534490 0.754043 -0.519487
28  11.691993 0.000160 0.000857  0.346039 0.000055 -1.607623
29  11.479480 -0.000516 0.001059  -1.297399 0.576230 0.573623
30  3.859437 -0.132758 1.193065  0.469647 -0.013262 -1.872395
31  1.312559 0.000026 -0.000001  0.024060 -0.138696 -0.550187
32  0.729345 0.000065 -0.000028  -0.166197 -0.081570 -0.714272
33  3.942046 0.050139 0.431000  0.225309 -0.086237 -1.592712
34  1.539097 0.000005 -0.000001  0.035254 -0.050373 -0.994350
35  1.196300 0.000077 -0.000004  -0.021521 0.002175 -0.839738
36  3.883414 -0.050473 -0.431084  0.184824 -0.271737 -1.204030
37  1.719564 -0.000085 -0.000005  0.022859 -0.107186 -1.509108
38  1.209198 0.000034 0.000012  0.000662 0.071072 -0.480462
39  3.859588 -0.149082 -1.331321  -0.080472 0.327601 -0.061665
40  1.719413 -0.000098 -0.000036  0.097557 0.060679 -0.377229
41  1.099674 0.000024 0.000006  -0.014718 0.004686 0.056983
42  0.805983 -0.359848 -1.318338  0.991670 0.166767 -0.799527
43  1.789780 -0.000008 -0.000042  0.000058 -0.002451 0.133098
44  1.206997 -0.000006 0.000005  0.000372 -0.000071 1.058781
45  5.740574 0.000079 0.000721  0.082539 -0.000013 0.000028
46  11.480841 -0.000029 0.000957  0.024732 0.104151 0.085245
47  6.027515 -0.000273 -0.000229  -0.903666 -0.512729 -1.533326
48  -0.000002 11.691977 -0.000008  -1.092824 0.536574 0.849051
49  0.000003 0.000000 -0.000001  2.618569 -0.000036 1.570860
50  -0.000007 -0.000014 0.000005  2.272645 -0.000036 1.570861
51  -4.473191 -4.433528 -7.649306  -0.187059 -2.923506 1.408011
52  -0.000000 0.000000 -0.000001  0.008153 -0.000259 0.000009
53  -0.000000 0.000000 -0.000000  1.565115 0.043565 -0.106862
54  0.832837 -14.239531 1.907170  -0.180873 -1.012199 -2.384300
55  0.000000 -0.000001 0.000000  0.000000 -0.000001 -0.000002
56  0.000030 0.000028 0.000001  -1.571902 -0.044449 -0.106509
57  8.540714 -12.659806 -8.235934  1.570796 -0.000000 0.000000
58  -16.319784 5.039393 -18.063972  1.570796 -0.000000 0.000000
59  1.239137 3.241792 -7.028192  1.570796 -0.000000 0.000000
60  -0.004311 0.001230 -0.000371  0.006898 -0.005534 -0.284229
61  0.826810 11.578514 -4.219014  1.570796 -0.000000 0.000000
62  0.000000 0.000000 0.000000  -0.078727 -3.136056 0.284226
63  0.000000 0.000000 0.000000  1.561048 0.024180 -0.001649
64  -2.996871 -8.423841 -2.411443  1.528395 0.131605 0.013585
65  0.042352 -2.889250 0.627699  0.000000 -0.000000 0.000000
66  0.042352 -0.907087 1.190368  0.000000 -0.000000 0.000000
67  -1.331045 -1.025122 4.361372  0.000000 -0.000000 0.000000
68  0.042353 -0.884531 23.199604  0.000000 -0.000000 0.000000
69  0.042255 0.181228 5.671383  1.559876 0.000000 0.000000
70  0.000096 0.089184 -9.714657  -0.000000 0.000000 0.000000
71  0.042352 -0.569288 7.155122  0.000000 -0.000000 0.000000
72  -0.682762 -1.501893 3.214537  0.000000 -0.000000 0.000000
73  0.074278 -0.628099 4.762586  0.000000 -0.000000 0.000000
74  -3.439120 -13.306129 -6.272091  1.528395 0.131605 0.013585
75  0.048471 3.702883 -1.382189  0.000000 3.115334 1.548341
76  2.923889 1.668561 -1.111008  0.000000 -0.000000 -0.096340
77  2.270246 0.759851 -1.359186  -0.076285 0.037145 -0.564812
78  -0.000000 0.000001 0.000001  0.001601 0.782725 0.943243
79  -0.000001 0.440765 0.000001  0.561805 -0.597051 -0.846685
80  0.000000 0.430557 0.000003  -0.010114 0.032682 0.185380
81  0.000000 0.438247 -0.000002  0.015659 -0.007982 0.082647
82  0.000000 0.433550 0.000001  0.007449 0.087151 0.173597
83  -0.000000 0.454266 0.000000  -0.019180 0.209328 0.283543
84  0.000000 0.438145 -0.000000  -0.071295 0.221209 0.207517
85  -0.000000 0.444415 0.000000  -0.470609 0.708104 0.280583
86  0.000001 0.422926 0.000000  -0.283879 0.303680 -0.001141
87  -0.000002 0.426508 0.000000  -0.041878 -2.859909 0.002385
88  -0.000000 0.432947 -0.000000  0.202949 -1.828626 -0.194728
time 51
0  0.000006 0.000000 0.000000  -1.570800 -1.391899 -1.570792
1  -7.546610 -2.243450 1.234825  -1.544956 -1.855077 -0.198630
2  6.027525 -0.000331 0.000189  -0.873910 -1.741047 -1.282584
3  11.692114 0.000645 -0.000738  -1.162630 0.000004 -0.867743
4  11.480747 0.000671 -0.000296  1.577615 0.043734 -0.229592
5  3.859503 -0.142823 -1.192079  -0.606664 0.140466 -1.305909
6  1.312589 0.000009 0.000008  -0.119753 -0.049808 -0.637841
7  0.729356 0.000055 0.000049  -0.011025 -0.005235 0.267150
8  3.942141 0.046330 -0.431542  -0.400773 0.307035 -0.912818
9  1.539111 0.000083 0.000004  -0.043252 -0.056147 -0.528795
10  1.196332 0.000147 0.000028  0.005627 -0.002422 -0.005989
11  3.883511 -0.047212 0.431350  -0.198264 0.548118 -0.292117
12  1.719572 -0.000030 0.000017  -0.016604 -0.082241 -0.733451
13  1.209179 0.000089 0.000012  -0.011507 0.000595 -0.071634
14  4.085235 -0.082653 1.151008  -0.046473 0.459769 -0.154990
15  1.719447 -0.000021 0.000028  -0.008406 -0.004558 -0.201176
16  1.099674 0.000050 0.000006  0.027305 0.077477 -0.136071
17  1.059882 -1.545939 0.873876  -0.913374 -0.614051 -0.307812
18  1.789820 -0.000003 -0.000018  0.004854 -0.014614 0.412367
19  1.207014 -0.000014 -0.000044  0.001711 0.000092 -0.196099
20  5.740635 0.000389 -0.000699  0.032328 0.000003 0.000063
21  11.481161 0.000309 -0.000713  0.007059 0.030265 -0.055733
22  6.027524 -0.000329 0.000200  1.541371 0.167629 1.684463
23  0.000000 11.692101 -0.000006  -0.633128 -0.175207 -0.523778
24  0.000004 0.000009 -0.000001  -0.293565 -0.000031 1.570739
25  0.000000 -0.000011 0.000002  0.868960 0.000002 1.570712
26  -6.212011 -10.642979 0.826812  1.473120 1.855075 -0.198639
27  6.027511 -0.000260 -0.000220  1.532730 0.759955 -0.520371
28  11.691992 0.000160 0.000858  0.346039 0.000055 -1.605261
29  11.479491 -0.000507 0.001056  -1.274377 0.577447 0.595242
30  3.859437 -0.132758 1.193064  0.469647 -0.013262 -1.872395
31  1.312559 0.000026 -0.000002  0.024060 -0.138696 -0.550187
32  0.729345 0.000066 -0.000027  -0.166197 -0.081570 -0.714273
33  3.942048 0.050139 0.430999  0.225309 -0.086237 -1.592712
34  1.539097 0.000005 -0.000002  0.035254 -0.050373 -0.994350
35  1.196300 0.000078 -0.000003  -0.021521 0.002175 -0.839738
36  3.883414 -0.050472 -0.431085  0.184824 -0.271737 -1.204030
37  1.719563 -0.000084 -0.000005  0.022858 -0.107186 -1.509108
38  1.209198 0.000035 0.000011  0.000661 0.071072 -0.480462
39  3.859589 -0.149082 -1.331322  -0.080472 0.327601 -0.061665
40  1.719413 -0.000098 -0.000036  0.097557 0.060679 -0.377229
41  1.099675 0.000025 0.000008  -0.014718 0.004685 0.056982
42  0.805983 -0.359847 -1.318340  0.991670 0.166767 -0.799527
43  1.789780 -0.000007 -0.000042  0.000058 -0.002451 0.133097
44  1.206996 -0.000007 0.000006  0.000372 -0.000071 1.058780
45  5.740572 0.000080 0.000721  0.086948 -0.000014 0.000028
46  11.480841 -0.000027 0.000955  0.027956 0.105757 0.087958
47  6.027515 -0.000273 -0.000229  -0.910192 -0.510677 -1.529805
48  -0.000001 11.691976 -0.000006  -1.091437 0.535221 0.848234
49  0.000003 0.000000 -0.000001  2.618569 -0.000036 1.570860
50  -0.000006 -0.000014 0.000006  2.272645 -0.000036 1.570861
51  -4.405179 -4.455329 -7.610453  -0.173685 -2.937518 1.402032
52  -0.000000 0.000000 0.000001  0.008153 -0.000259 0.000009
53  0.000000 0.000000 -0.000001  1.565115 0.043565 -0.106862
54  1.230502 -14.192103 1.026573  -0.071440 -0.982319 -2.349595
55  0.000000 0.000000 -0.000001  -0.000000 -0.000001 -0.000002
56  0.000030 0.000029 0.000001  -1.571902 -0.044449 -0.106509
57  9.085647 -12.640347 -8.607409  1.570796 -0.000000 0.000000
58  -16.319784 5.039393 -18.063972  1.570796 -0.000000 0.000000
59  1.239137 3.550151 -7.028192  1.570796 -0.000000 0.000000
60  -0.004311 0.001230 -0.000371  0.006898 -0.005534 -0.284229
61  0.826810 11.578514 -4.219014  1.570796 -0.000000 0.000000
62  0.000000 0.000000 0.000000  -0.078727 -3.136056 0.284226
63  0.000000 0.000000 0.000000  1.562803 0.026591 -0.001807
64  -3.021120 -8.511125 -2.397753  1.539951 0.116248 0.011836
65  0.042352 -2.889250 0.627700  0.000000 -0.000000 -0.000000
66  0.042352 -0.907088 1.190369  0.000000 -0.000000 -0.000000
67  -1.331044 -1.025122 4.361372  0.000000 -0.000000 -0.000000
68  0.042353 -0.884531 23.199602  0.000000 -0.000000 -0.000000
69  0.042255 0.181228 5.671383  1.542866 0.000000 -0.000000
70  0.000096 0.089182 -9.714657  0.000000 -0.000000 -0.000000
71  0.042352 -0.569288 7.155123  0.000000 -0.000000 -0.000000
72  -0.682762 -1.501892 3.214539  0.000000 -0.000000 -0.000000
73  0.074278 -0.628098 4.762586  0.000000 -0.000000 -0.000000
74  -3.419605 -13.346684 -6.321460  1.539951 0.116248 0.011836
75  0.048471 3.702884 -1.382188  0.000000 3.115334 1.548341
76  2.923889 1.668561 -1.111006  -0.000000 -0.000000 -0.087266
77  2.269611 0.751184 -1.367897  -0.084087 0.039262 -0.556076
78  0.000001 -0.000001 0.000001  0.000734 0.781694 0.952736
79  -0.000002 0.440762 -0.000000  0.558203 -0.602020 -0.839921
80  0.000000 0.430558 0.000001  -0.003133 0.031277 0.140407
81  -0.000000 0.438246 -0.000001  0.024720 -0.029651 0.091029
82  0.000000 0.433549 -0.000001  0.008362 0.106827 0.187235
83  -0.000000 0.454268 0.000001  -0.015797 0.206637 0.266394
84  0.000001 0.438146 -0.000002  -0.075773 0.237266 0.211640
85  0.000000 0.444414 -0.000002  -0.473714 0.696492 0.281606
86  -0.000000 0.422927 -0.000000  -0.285178 0.306034 -0.001515
87  0.000001 0.426508 0.000000  -0.040076 -2.857524 0.002083
88  0.000001 0.432947 0.000000  0.194966 -1.825712 -0.186271
time 52
0  0.000006 0.000000 0.000000  -1.570800 -1.391899 -1.570792
1  -7.600328 -2.540515 1.234825  -1.544956 -1.855077 -0.198630
2  6.027524 -0.000331 0.000188  0.404692 -1.707104 -2.482478
3  11.692111 0.000643 -0.000737  -1.024587 -0.000003 -1.071780
4  11.480171 0.000482 -0.000626  1.681307 -0.064136 -0.275138
5  3.859504 -0.142822 -1.192080  -0.590703 0.163334 -1.238864
6  1.312589 0.000010 0.000007  -0.117984 -0.037930 -0.511348
7  0.729355 0.000053 0.000049  -0.010057 -0.004165 0.214726
8  3.942141 0.046332 -0.431543  -0.371202 0.313402 -0.842522
9  1.539110 0.000082 0.000005  -0.042810 -0.043377 -0.531850
10  1.196332 0.000146 0.000028  0.004350 -0.002077 -0.006332
11  3.883512 -0.047211 0.431350  -0.148277 0.518440 -0.259549
12  1.719572 -0.000029 0.000017  -0.020225 -0.067946 -0.661043
13  1.209179 0.000090 0.000013  -0.010862 0.001365 -0.042898
14  4.085235 -0.082652 1.151008  -0.000553 0.371742 -0.118010
15  1.719448 -0.000019 0.000027  -0.007716 -0.000213 -0.206182
16  1.099674 0.000047 0.000006  0.025979 0.073822 -0.144124
17  1.053569 -1.522256 0.885076  -0.901266 -0.641544 -0.355142
18  1.789820 -0.000003 -0.000018  0.005165 -0.012701 0.315399
19  1.207015 -0.000014 -0.000043  0.001511 0.000058 -0.173141
20  5.740636 0.000389 -0.000699  0.041216 0.000003 0.000064
21  11.481046 0.000269 -0.000779  0.026484 0.006915 -0.063056
22  6.027525 -0.000329 0.000200  1.692829 0.060799 1.769358
23  0.000001 11.692100 -0.000007  -0.766890 -0.260055 -0.626821
24  0.000003 0.000009 0.000000  -0.155509 -0.000031 1.570738
25  -0.000000 -0.000012 -0.000000  0.868960 0.000002 1.570712
26  -6.212011 -10.642979 0.826812  1.473120 1.855075 -0.198639
27  6.027511 -0.000260 -0.000221  1.529634 0.767169 -0.521841
28  11.691992 0.000160 0.000858  0.346039 0.000055 -1.603101
29  11.479509 -0.000500 0.001052  -1.247466 0.579023 0.621432
30  3.859437 -0.132758 1.193066  0.469647 -0.013262 -1.872395
31  1.312559 0.000026 -0.000002  0.024060 -0.138696 -0.550187
32  0.729347 0.000065 -0.000028  -0.166197 -0.081570 -0.714273
33  3.942046 0.050139 0.431000  0.225309 -0.086237 -1.592712
34  1.539096 0.000005 -0.000001  0.035254 -0.050373 -0.994350
35  1.196299 0.000079 -0.000003  -0.021521 0.002175 -0.839738
36  3.883413 -0.050472 -0.431084  0.184824 -0.271737 -1.204030
37  1.719564 -0.000084 -0.000005  0.022858 -0.107186 -1.509108
38  1.209198 0.000036 0.000010  0.000661 0.071072 -0.480462
39  3.859588 -0.149082 -1.331321  -0.080472 0.327601 -0.061665
40  1.719412 -0.000098 -0.000036  0.097557 0.060679 -0.377229
41  1.099673 0.000023 0.000007  -0.014718 0.004685 0.056983
42  0.805983 -0.359848 -1.318338  0.991670 0.166767 -0.799527
43  1.789780 -0.000009 -0.000042  0.000058 -0.002451 0.133097
44  1.206997 -0.000006 0.000005  0.000372 -0.000071 1.058780
45  5.740572 0.000079 0.000720  0.092093 -0.000014 0.000028
46  11.480846 -0.000026 0.000956  0.031644 0.107759 0.091277
47  6.027515 -0.000273 -0.000229  -0.918545 -0.508708 -1.525058
48  -0.000002 11.691977 -0.000006  -1.090169 0.533984 0.847485
49  0.000004 0.000000 -0.000000  2.618569 -0.000036 1.570860
50  -0.000008 -0.000013 0.000005  2.272645 -0.000036 1.570861
51  -4.310509 -4.474586 -7.565693  -0.158774 -2.954212 1.395606
52  -0.000000 -0.000000 -0.000000  0.008153 -0.000259 0.000009
53  -0.000000 -0.000000 0.000000  1.565115 0.043565 -0.106862
54  2.013394 -13.751752 -0.770297  0.206205 -0.984089 -2.344185
55  -0.000000 -0.000001 -0.000000  0.000000 -0.000001 -0.000002
56  0.000030 0.000029 0.000001  -1.571901 -0.044449 -0.106509
57  10.730127 -12.475961 -9.688549  1.570796 -0.000000 0.000000
58  -16.319784 5.039393 -18.063972  1.570796 -0.000000 0.000000
59  1.239137 3.852035 -7.028192  1.570796 -0.000000 0.000000
60  -0.004311 0.001230 -0.000371  0.006898 -0.005534 -0.284229
61  0.826810 11.578514 -4.219014  1.570796 -0.000000 0.000000
62  0.000000 0.000000 0.000000  -0.078727 -3.136056 0.284226
63  0.000000 0.000000 0.000000  1.565037 0.028319 -0.002037
64  -3.030608 -8.607535 -2.387091  1.553789 0.098830 0.009796
65  0.042352 -2.889250 0.627699  0.000000 -0.000000 0.000000
66  0.042351 -0.907088 1.190368  0.000000 -0.000000 0.000000
67  -1.331044 -1.025121 4.361373  0.000000 -0.000000 0.000000
68  0.042353 -0.884531 23.199602  0.000000 -0.000000 0.000000
69  0.042256 0.181228 5.671383  1.520110 0.000000 -0.000000
70  0.000096 0.089184 -9.714657  -0.000000 -0.000000 -0.000000
71  0.042353 -0.569288 7.155123  0.000000 -0.000000 0.000000
72  -0.682762 -1.501893 3.214539  0.000000 -0.000000 0.000000
73  0.074279 -0.628098 4.762587  0.000000 -0.000000 0.000000
74  -3.377654 -13.386551 -6.384276  1.553789 0.098830 0.009796
75  0.048471 3.702884 -1.382190  -0.000000 3.115334 1.548341
76  2.923889 1.668561 -1.111007  0.000000 -0.000000 -0.087266
77  2.269611 0.751184 -1.367897  -0.084633 0.038140 -0.554894
78  0.000000 0.000000 0.000001  -0.000972 0.781174 0.952612
79  0.000002 0.440765 -0.000000  0.557934 -0.603331 -0.839621
80  0.000000 0.430558 -0.000000  0.002454 0.026961 0.134482
81  -0.000000 0.438247 0.000001  0.022365 -0.025611 0.093991
82  -0.000000 0.433550 -0.000000  0.008883 0.106193 0.186732
83  0.000000 0.454267 -0.000002  -0.015998 0.208740 0.266424
84  0.000000 0.438146 0.000001  -0.074064 0.233149 0.210948
85  -0.000001 0.444414 -0.000001  -0.474610 0.705131 0.282723
86  -0.000003 0.422927 0.000000  -0.284367 0.304915 -0.001647
87  0.000000 0.426509 -0.000000  -0.040437 -2.858480 0.001900
88  -0.000000 0.432947 -0.000000  0.193907 -1.826532 -0.185098
time 53
0  0.000006 0.000000 0.000000  -1.570800 -1.391899 -1.570792
1  -7.650693 -2.819034 1.234825  -1.544956 -1.855077 -0.198630
2  6.027520 -0.000329 0.000190  -1.986838 -1.262912 0.013184
3  11.692109 0.000643 -0.000738  -0.805885 -0.000014 -1.309077
4  11.480449 0.000360 -0.000687  1.675292 -0.202362 -0.263479
5  3.859503 -0.142823 -1.192079  -0.562381 0.173504 -1.129479
6  1.312590 0.000009 0.000008  -0.104262 -0.023826 -0.352480
7  0.729355 0.000053 0.000050  -0.007983 -0.003428 0.065477
8  3.942141 0.046331 -0.431543  -0.316762 0.300913 -0.733225
9  1.539111 0.000083 0.000004  -0.037493 -0.033697 -0.539945
10  1.196333 0.000145 0.000028  0.003393 -0.001662 -0.009317
11  3.883510 -0.047212 0.431352  -0.093218 0.443351 -0.239756
12  1.719574 -0.000028 0.000017  -0.020152 -0.051400 -0.610749
13  1.209179 0.000092 0.000012  -0.009203 0.001915 -0.026920
14  4.085235 -0.082653 1.151008  0.055032 0.265782 -0.103298
15  1.719449 -0.000019 0.000028  -0.006533 0.001793 -0.223697
16  1.099676 0.000049 0.000005  0.022289 0.064226 -0.166550
17  1.038390 -1.454949 0.911878  -0.869271 -0.662956 -0.470693
18  1.789820 -0.000004 -0.000018  0.004395 -0.007491 0.213816
19  1.207015 -0.000012 -0.000043  0.000919 -0.000015 -0.108344
20  5.740635 0.000388 -0.000701  0.028638 0.000003 0.000063
21  11.481099 0.000245 -0.000792  0.022877 -0.020518 -0.059707
22  6.027524 -0.000329 0.000201  1.866928 -0.085619 1.856987
23  0.000001 11.692101 -0.000008  -0.914926 -0.374177 -0.734125
24  0.000004 0.000009 0.000001  0.063207 -0.000031 1.570739
25  0.000000 -0.000012 -0.000000  0.868960 0.000002 1.570712
26  -6.212011 -10.642979 0.826812  1.473120 1.855075 -0.198639
27  6.027511 -0.000260 -0.000221  1.526236 0.775467 -0.523524
28  11.691993 0.000160 0.000858  0.346039 0.000055 -1.600013
29  11.479528 -0.000489 0.001048  -1.221401 0.581078 0.645262
30  3.859437 -0.132758 1.193065  0.469647 -0.013262 -1.872395
31  1.312559 0.000026 -0.000000  0.024060 -0.138696 -0.550187
32  0.729346 0.000065 -0.000028  -0.166197 -0.081570 -0.714272
33  3.942047 0.050139 0.431000  0.225309 -0.086237 -1.592712
34  1.539096 0.000004 -0.000002  0.035254 -0.050373 -0.994350
35  1.196301 0.000078 -0.000004  -0.021521 0.002175 -0.839738
36  3.883413 -0.050472 -0.431085  0.184824 -0.271737 -1.204030
37  1.719564 -0.000084 -0.000005  0.022858 -0.107186 -1.509108
38  1.209198 0.000034 0.000011  0.000661 0.071072 -0.480462
39  3.859588 -0.149082 -1.331321  -0.080472 0.327601 -0.061665
40  1.719412 -0.000098 -0.000036  0.097557 0.060679 -0.377229
41  1.099674 0.000023 0.000007  -0.014718 0.004685 0.056982
42  0.805983 -0.359847 -1.318339  0.991670 0.166767 -0.799527
43  1.789780 -0.000009 -0.000043  0.000058 -0.002451 0.133098
44  1.206996 -0.000007 0.000005  0.000372 -0.000071 1.058780
45  5.740572 0.000079 0.000720  0.097103 -0.000014 0.000028
46  11.480849 -0.000024 0.000955  0.035210 0.109854 0.094147
47  6.027515 -0.000273 -0.000229  -0.928039 -0.506272 -1.519758
48  -0.000001 11.691976 -0.000006  -1.088355 0.532217 0.846413
49  0.000004 0.000000 -0.000001  2.618569 -0.000036 1.570860
50  -0.000006 -0.000012 0.000005  2.272645 -0.000036 1.570861
51  -4.206192 -4.500929 -7.516199  -0.143704 -2.968768 1.389733
52  0.000000 0.000000 -0.000000  0.008153 -0.000259 0.000009
53  -0.000000 0.000001 -0.000001  1.565115 0.043565 -0.106862
54  3.063703 -12.945445 -3.088797  0.459273 -0.937508 -2.349964
55  -0.000001 -0.000001 -0.000001  0.000000 -0.000001 -0.000002
56  0.000030 0.000028 0.000000  -1.571901 -0.044449 -0.106509
57  13.247152 -11.957931 -11.242756  1.570796 -0.000000 0.000000
58  -16.319784 5.039393 -18.063972  1.570796 -0.000000 0.000000
59  1.239137 4.135070 -7.028192  1.570796 -0.000000 0.000000
60  -0.004311 0.001230 -0.000371  0.006898 -0.005534 -0.284229
61  0.826810 11.578514 -4.219014  1.570796 -0.000000 0.000000
62  0.000000 0.000000 0.000000  -0.078727 -3.136056 0.284226
63  0.000000 0.000000 0.000000  1.567622 0.029479 -0.002333
64  -3.028191 -8.698196 -2.365220  1.565383 0.081558 0.007667
65  0.042352 -2.889251 0.627701  -0.000000 -0.000000 -0.000000
66  0.042352 -0.907088 1.190368  -0.000000 -0.000000 -0.000000
67  -1.331044 -1.025122 4.361373  -0.000000 -0.000000 -0.000000
68  0.042353 -0.884531 23.199604  -0.000000 -0.000000 -0.000000
69  0.042255 0.181227 5.671383  1.500811 0.000000 -0.000000
70  0.000096 0.089183 -9.714657  0.000000 0.000000 0.000000
71  0.042352 -0.569288 7.155124  -0.000000 -0.000000 -0.000000
72  -0.682762 -1.501893 3.214539  -0.000000 -0.000000 -0.000000
73  0.074278 -0.628099 4.762587  -0.000000 -0.000000 -0.000000
74  -3.321162 -13.429078 -6.423525  1.565383 0.081558 0.007667
75  0.048471 3.702883 -1.382187  0.000000 3.115334 1.548341
76  2.923888 1.668561 -1.111006  -0.000000 0.000000 -0.087266
77  2.269611 0.751183 -1.367894  -0.084862 0.036191 -0.554095
78  -0.000000 0.000000 0.000000  -0.002892 0.779787 0.951886
79  0.000001 0.440763 0.000001  0.558817 -0.604900 -0.839900
80  -0.000000 0.430558 -0.000000  0.006801 0.018259 0.131163
81  -0.000001 0.438246 0.000001  0.018048 -0.016930 0.096073
82  -0.000000 0.433550 -0.000000  0.010774 0.104514 0.185612
83  0.000000 0.454266 -0.000003  -0.015855 0.212992 0.266978
84  0.000001 0.438146 -0.000002  -0.070111 0.223689 0.210169
85  -0.000001 0.444415 -0.000002  -0.473953 0.723771 0.285560
86  0.000000 0.422927 0.000000  -0.283380 0.301981 -0.002330
87  0.000000 0.426508 0.000000  -0.040915 -2.860813 0.000542
88  -0.000000 0.432947 -0.000000  0.193310 -1.828495 -0.182943
time 54
0  0.000006 0.000000 0.000000  -1.570800 -1.391899 -1.570792
1  -7.695786 -3.068403 1.234825  -1.544956 -1.855077 -0.198630
2  6.027518 -0.000329 0.000190  -1.763557 -1.075128 -0.102669
3  11.692107 0.000642 -0.000736  -0.564802 -0.000025 -1.500165
4  11.480465 0.000155 -0.000776  1.581800 -0.302011 -0.171597
5  3.859503 -0.142823 -1.192080  -0.529690 0.171123 -1.008204
6  1.312589 0.000008 0.000009  -0.081281 -0.012348 -0.198414
7  0.729355 0.000054 0.000050  -0.005426 -0.002603 -0.127504
8  3.942140 0.046331 -0.431543  -0.253144 0.267831 -0.616056
9  1.539110 0.000083 0.000004  -0.028843 -0.026667 -0.550202
10  1.196333 0.000146 0.000028  0.002716 -0.001218 -0.018555
11  3.883510 -0.047212 0.431350  -0.039367 0.339987 -0.231986
12  1.719574 -0.000028 0.000017  -0.017259 -0.034339 -0.584692
13  1.209179 0.000090 0.000011  -0.006922 0.002264 -0.020092
14  4.085234 -0.082653 1.151008  0.116319 0.154353 -0.101349
15  1.719447 -0.000018 0.000027  -0.004877 0.002370 -0.256766
16  1.099676 0.000049 0.000004  0.017311 0.050508 -0.195268
17  1.014767 -1.345941 0.953535  -0.826526 -0.668530 -0.624999
18  1.789820 -0.000004 -0.000018  0.002571 -0.000493 0.117196
19  1.207015 -0.000014 -0.000044  0.000096 -0.000059 -0.025036
20  5.740637 0.000388 -0.000700  0.004393 0.000003 0.000063
21  11.481104 0.000205 -0.000808  0.004276 -0.038976 -0.043926
22  6.027524 -0.000329 0.000200  2.011910 -0.234007 1.924492
23  0.000000 11.692101 -0.000006  -1.029567 -0.476054 -0.810325
24  0.000002 0.000010 0.000000  0.304297 -0.000031 1.570739
25  -0.000001 -0.000011 0.000000  0.868960 0.000002 1.570712
26  -6.212011 -10.642979 0.826812  1.473120 1.855075 -0.198639
27  6.027511 -0.000260 -0.000221  1.522795 0.783641 -0.525274
28  11.691992 0.000160 0.000858  0.346039 0.000055 -1.594814
29  11.479570 -0.000470 0.001042  -1.201035 0.584482 0.658597
30  3.859437 -0.132758 1.193065  0.469647 -0.013262 -1.872395
31  1.312559 0.000026 -0.000001  0.024060 -0.138696 -0.550187
32  0.729346 0.000065 -0.000028  -0.166197 -0.081570 -0.714272
33  3.942047 0.050139 0.431000  0.225309 -0.086237 -1.592712
34  1.539097 0.000006 -0.000000  0.035254 -0.050373 -0.994350
35  1.196300 0.000078 -0.000004  -0.021521 0.002175 -0.839738
36  3.883414 -0.050472 -0.431085  0.184824 -0.271737 -1.204030
37  1.719564 -0.000083 -0.000005  0.022858 -0.107186 -1.509108
38  1.209198 0.000036 0.000010  0.000661 0.071072 -0.480462
39  3.859588 -0.149082 -1.331322  -0.080472 0.327601 -0.061665
40  1.719413 -0.000098 -0.000036  0.097557 0.060679 -0.377229
41  1.099674 0.000023 0.000007  -0.014718 0.004685 0.056982
42  0.805983 -0.359848 -1.318339  0.991670 0.166767 -0.799527
43  1.789780 -0.000008 -0.000042  0.000058 -0.002451 0.133097
44  1.206996 -0.000007 0.000005  0.000372 -0.000071 1.058780
45  5.740574 0.000080 0.000721  0.100898 -0.000014 0.000028
46  11.480860 -0.000020 0.000954  0.038072 0.111777 0.095272
47  6.027515 -0.000273 -0.000229  -0.937390 -0.503855 -1.514565
48  -0.000001 11.691977 -0.000008  -1.085302 0.529246 0.844603
49  0.000003 0.000001 -0.000000  2.618569 -0.000036 1.570860
50  -0.000009 -0.000012 0.000003  2.272645 -0.000036 1.570861
51  -4.113966 -4.543252 -7.481287  -0.129709 -2.976314 1.385213
52  0.000000 -0.000000 -0.000000  0.008153 -0.000259 0.000009
53  -0.000000 0.000000 -0.000001  1.565115 0.043565 -0.106862
54  4.079889 -11.984522 -5.283098  0.638455 -0.832097 -2.339228
55  -0.000000 0.000001 0.000001  0.000000 -0.000001 -0.000002
56  0.000030 0.000029 0.000001  -1.571902 -0.044449 -0.106509
57  16.060827 -10.893607 -12.796964  1.570796 -0.000000 0.000000
58  -16.319784 5.039393 -18.063972  1.570796 -0.000000 0.000000
59  1.239137 4.388484 -7.028192  1.570796 -0.000000 0.000000
60  -0.004311 0.001230 -0.000371  0.006898 -0.005534 -0.284229
61  0.826810 11.578514 -4.219014  1.570796 -0.000000 0.000000
62  0.000000 0.000000 0.000000  -0.078727 -3.136056 0.284226
63  0.000000 0.000000 0.000000  1.570428 0.030184 -0.002686
64  -3.022012 -8.768232 -2.334004  1.570200 0.066585 0.005858
65  0.042352 -2.889251 0.627700  0.000000 -0.000000 -0.000000
66  0.042351 -0.907088 1.190369  0.000000 -0.000000 -0.000000
67  -1.331044 -1.025122 4.361372  0.000000 -0.000000 -0.000000
68  0.042353 -0.884531 23.199604  0.000000 -0.000000 -0.000000
69  0.042255 0.181228 5.671384  1.483942 0.000000 -0.000000
70  0.000096 0.089184 -9.714657  0.000000 0.000000 0.000000
71  0.042352 -0.569288 7.155122  0.000000 -0.000000 -0.000000
72  -0.682762 -1.501893 3.214539  0.000000 -0.000000 -0.000000
73  0.074278 -0.628099 4.762587  0.000000 -0.000000 -0.000000
74  -3.264371 -13.478564 -6.419461  1.570200 0.066585 0.005858
75  0.048471 3.702884 -1.382188  0.000000 3.115334 1.548341
76  2.923888 1.668561 -1.111006  -0.000000 -0.000000 -0.087266
77  2.269611 0.751183 -1.367895  -0.084880 0.034326 -0.553629
78  0.000001 0.000000 -0.000000  -0.004444 0.778333 0.951098
79  -0.000001 0.440764 -0.000001  0.560003 -0.606220 -0.840369
80  0.000000 0.430559 0.000001  0.009628 0.009701 0.129685
81  -0.000000 0.438247 -0.000001  0.013898 -0.008286 0.097259
82  -0.000000 0.433550 -0.000001  0.012798 0.102785 0.184484
83  0.000000 0.454267 0.000000  -0.015611 0.217177 0.267629
84  0.000000 0.438146 -0.000001  -0.066147 0.214159 0.209498
85  0.000001 0.444415 0.000001  -0.472718 0.742350 0.288541
86  0.000001 0.422926 -0.000000  -0.282554 0.298959 -0.003076
87  -0.000001 0.426508 0.000000  -0.041336 -2.863195 -0.000981
88  0.000000 0.432948 0.000000  0.193081 -1.830501 -0.180932
time 55
0  0.000006 0.000000 0.000000  -1.570800 -1.391899 -1.570792
1  -7.734093 -3.280239 1.234826  -1.544956 -1.855077 -0.198630
2  6.027518 -0.000329 0.000190  -1.657754 -0.948110 -0.117924
3  11.692106 0.000643 -0.000739  -0.386081 -0.000032 -1.619051
4  11.479548 -0.000499 -0.000995  1.503461 -0.324114 -0.032311
5  3.859504 -0.142823 -1.192080  -0.503640 0.164471 -0.918395
6  1.312589 0.000010 0.000009  -0.057367 -0.005877 -0.094687
7  0.729356 0.000053 0.000049  -0.003370 -0.001650 -0.276746
8  3.942141 0.046331 -0.431543  -0.201175 0.225810 -0.532159
9  1.539110 0.000083 0.000003  -0.020053 -0.020778 -0.558171
10  1.196332 0.000146 0.000028  0.002160 -0.000813 -0.036270
11  3.883510 -0.047212 0.431351  0.007396 0.240135 -0.227557
12  1.719573 -0.000028 0.000017  -0.013468 -0.018860 -0.576387
13  1.209180 0.000091 0.000012  -0.004738 0.002510 -0.014362
14  4.085235 -0.082652 1.151008  0.172868 0.053854 -0.094819
15  1.719448 -0.000018 0.000029  -0.002988 0.003229 -0.303386
16  1.099675 0.000048 0.000007  0.012625 0.036679 -0.217618
17  0.984008 -1.201453 1.007746  -0.793363 -0.655963 -0.761522
18  1.789819 -0.000002 -0.000018  0.000531 0.005798 0.035635
19  1.207015 -0.000012 -0.000043  -0.000655 -0.000055 0.039761
20  5.740635 0.000388 -0.000698  -0.013788 0.000003 0.000064
21  11.480919 0.000075 -0.000851  -0.008759 -0.043530 -0.019197
22  6.027524 -0.000329 0.000200  2.101226 -0.343202 1.973656
23  -0.000001 11.692101 -0.000006  -1.099607 -0.543165 -0.852932
24  0.000002 0.000008 -0.000001  0.483023 -0.000031 1.570739
25  0.000000 -0.000012 0.000000  0.868960 0.000002 1.570712
26  -6.212011 -10.642979 0.826812  1.473120 1.855075 -0.198639
27  6.027511 -0.000260 -0.000221  1.520265 0.789948 -0.526612
28  11.691993 0.000162 0.000858  0.346038 0.000054 -1.589986
29  11.479601 -0.000450 0.001035  -1.188208 0.587730 0.663357
30  3.859436 -0.132759 1.193065  0.469647 -0.013262 -1.872395
31  1.312558 0.000026 -0.000001  0.024060 -0.138696 -0.550187
32  0.729346 0.000066 -0.000027  -0.166197 -0.081570 -0.714272
33  3.942046 0.050139 0.430999  0.225309 -0.086237 -1.592712
34  1.539096 0.000005 -0.000001  0.035254 -0.050373 -0.994350
35  1.196301 0.000078 -0.000003  -0.021521 0.002175 -0.839738
36  3.883413 -0.050472 -0.431085  0.184824 -0.271737 -1.204030
37  1.719564 -0.000084 -0.000005  0.022858 -0.107186 -1.509108
38  1.209198 0.000035 0.000010  0.000661 0.071072 -0.480462
39  3.859587 -0.149082 -1.331321  -0.080472 0.327601 -0.061665
40  1.719413 -0.000098 -0.000036  0.097557 0.060679 -0.377229
41  1.099673 0.000023 0.000007  -0.014718 0.004685 0.056983
42  0.805983 -0.359848 -1.318338  0.991670 0.166767 -0.799527
43  1.789780 -0.000009 -0.000042  0.000058 -0.002451 0.133097
44  1.206996 -0.000007 0.000005  0.000372 -0.000071 1.058781
45  5.740573 0.000079 0.000720  0.103262 -0.000014 0.000028
46  11.480865 -0.000015 0.000952  0.039942 0.113135 0.095218
47  6.027515 -0.000273 -0.000229  -0.944519 -0.501868 -1.510676
48  0.000001 11.691978 -0.000007  -1.082465 0.526491 0.842914
49  0.000004 -0.000000 0.000000  2.618569 -0.000036 1.570860
50  -0.000006 -0.000013 0.000004  2.272645 -0.000036 1.570861
51  -4.048017 -4.582169 -7.458095  -0.119191 -2.978212 1.382720
52  0.000000 -0.000000 0.000000  0.008153 -0.000259 0.000009
53  -0.000001 0.000000 -0.000000  1.565115 0.043565 -0.106862
54  4.734954 -11.132120 -6.792641  0.765477 -0.689766 -2.303290
55  -0.000001 0.000000 -0.000000  0.000000 -0.000001 -0.000002
56  0.000029 0.000029 0.000001  -1.571901 -0.044449 -0.106509
57  18.520695 -9.227666 -13.878105  1.570796 -0.000000 0.000000
58  -16.319784 5.039393 -18.063972  1.570796 -0.000000 0.000000
59  1.239137 4.603755 -7.028192  1.570796 -0.000000 0.000000
60  -0.004311 0.001230 -0.000371  0.006898 -0.005534 -0.284229
61  0.826810 11.578514 -4.219014  1.570796 -0.000000 0.000000
62  0.000000 0.000000 0.000000  -0.078727 -3.136056 0.284226
63  0.000000 0.000000 0.000000  1.573326 0.030549 -0.003088
64  -3.013685 -8.807651 -2.299335  1.570080 0.056037 0.005079
65  0.042352 -2.889250 0.627700  -0.000000 0.000000 0.000000
66  0.042352 -0.907088 1.190368  -0.000000 0.000000 0.000000
67  -1.331044 -1.025122 4.361372  -0.000000 0.000000 0.000000
68  0.042353 -0.884531 23.199606  -0.000000 0.000000 0.000000
69  0.042255 0.181228 5.671383  1.470536 0.000000 -0.000000
70  0.000096 0.089185 -9.714656  0.000000 -0.000000 0.000000
71  0.042352 -0.569288 7.155123  -0.000000 0.000000 0.000000
72  -0.682762 -1.501893 3.214539  -0.000000 0.000000 0.000000
73  0.074278 -0.628098 4.762586  -0.000000 0.000000 0.000000
74  -3.216574 -13.518061 -6.386848  1.570080 0.056037 0.005079
75  0.048471 3.702884 -1.382187  0.000000 3.115334 1.548341
76  2.923889 1.668561 -1.111005  -0.000000 0.000000 -0.087266
77  2.269611 0.751184 -1.367897  -0.084846 0.033491 -0.553474
78  0.000000 -0.000000 0.000001  -0.005081 0.777657 0.950734
79  0.000001 0.440764 -0.000001  0.560599 -0.606775 -0.840617
80  -0.000000 0.430559 0.000001  0.010636 0.005835 0.129346
81  0.000000 0.438246 -0.000002  0.012040 -0.004363 0.097628
82  0.000000 0.433549 0.000000  0.013741 0.101991 0.183970
83  -0.000000 0.454267 -0.000000  -0.015484 0.219067 0.267944
84  -0.000000 0.438145 0.000000  -0.064347 0.209816 0.209206
85  -0.000001 0.444415 0.000003  -0.472036 0.750783 0.289938
86  -0.000000 0.422926 -0.000000  -0.282210 0.297570 -0.003424
87  0.000001 0.426508 -0.000000  -0.041517 -2.864287 -0.001701
88  0.000002 0.432947 -0.000000  0.193047 -1.831422 -0.180055
time 56
0  0.000006 0.000000 0.000000  -1.570800 -1.391899 -1.570792
1  -7.764543 -3.448627 1.234826  -1.544956 -1.855077 -0.198630
2  6.027517 -0.000330 0.000191  -1.618491 -0.901242 -0.096743
3  11.692107 0.000645 -0.000738  -0.323046 -0.000036 -1.677312
4  11.479145 -0.000762 -0.001030  1.446745 -0.307901 0.115750
5  3.859503 -0.142823 -1.192079  -0.489035 0.163287 -0.883374
6  1.312590 0.000008 0.000009  -0.039260 -0.002471 -0.060744
7  0.729355 0.000055 0.000048  -0.002310 -0.000924 -0.329162
8  3.942140 0.046331 -0.431543  -0.169529 0.190098 -0.500831
9  1.539112 0.000085 0.000005  -0.013661 -0.014581 -0.561046
10  1.196332 0.000145 0.000028  0.001563 -0.000494 -0.061674
11  3.883510 -0.047213 0.431350  0.044158 0.166432 -0.217207
12  1.719574 -0.000028 0.000017  -0.010318 -0.006100 -0.575515
13  1.209179 0.000090 0.000013  -0.003186 0.002738 -0.003084
14  4.085235 -0.082653 1.151008  0.215380 -0.027708 -0.070549
15  1.719449 -0.000018 0.000029  -0.001241 0.005634 -0.357913
16  1.099675 0.000049 0.000005  0.009083 0.026036 -0.225590
17  0.948461 -1.032812 1.070374  -0.781688 -0.632714 -0.842809
18  1.789820 -0.000005 -0.000018  -0.000772 0.009759 -0.027582
19  1.207015 -0.000012 -0.000044  -0.001123 -0.000057 0.062719
20  5.740637 0.000390 -0.000700  -0.028675 0.000003 0.000063
21  11.480841 0.000024 -0.000859  -0.017454 -0.041838 0.008234
22  6.027524 -0.000330 0.000200  2.131667 -0.387322 2.015319
23  -0.000000 11.692101 -0.000005  -1.133760 -0.576962 -0.872404
24  0.000003 0.000009 -0.000001  0.546059 -0.000030 1.570739
25  -0.000000 -0.000011 0.000000  0.868960 0.000002 1.570712
26  -6.212011 -10.642979 0.826812  1.473120 1.855075 -0.198639
27  6.027511 -0.000260 -0.000220  1.520236 0.793509 -0.526806
28  11.691992 0.000159 0.000858  0.346038 0.000054 -1.587555
29  11.479618 -0.000442 0.001032  -1.183686 0.587932 0.665024
30  3.859437 -0.132759 1.193067  0.469647 -0.013262 -1.872395
31  1.312560 0.000026 -0.000001  0.024060 -0.138696 -0.550187
32  0.729344 0.000064 -0.000026  -0.166197 -0.081570 -0.714272
33  3.942047 0.050138 0.431000  0.225309 -0.086237 -1.592712
34  1.539097 0.000005 -0.000001  0.035254 -0.050373 -0.994350
35  1.196301 0.000077 -0.000003  -0.021521 0.002175 -0.839738
36  3.883414 -0.050472 -0.431084  0.184824 -0.271737 -1.204030
37  1.719563 -0.000083 -0.000005  0.022859 -0.107186 -1.509108
38  1.209198 0.000035 0.000011  0.000662 0.071072 -0.480462
39  3.859589 -0.149082 -1.331320  -0.080472 0.327601 -0.061665
40  1.719412 -0.000099 -0.000036  0.097557 0.060679 -0.377229
41  1.099674 0.000023 0.000007  -0.014718 0.004685 0.056983
42  0.805984 -0.359848 -1.318338  0.991670 0.166767 -0.799527
43  1.789780 -0.000008 -0.000042  0.000058 -0.002451 0.133097
44  1.206996 -0.000007 0.000006  0.000372 -0.000071 1.058781
45  5.740572 0.000079 0.000721  0.104262 -0.000014 0.000028
46  11.480867 -0.000015 0.000952  0.040669 0.113438 0.095239
47  6.027515 -0.000273 -0.000229  -0.947911 -0.499911 -1.509220
48  0.000000 11.691976 -0.000007  -1.081036 0.525106 0.842062
49  0.000003 -0.000000 -0.000001  2.618569 -0.000036 1.570860
50  -0.000007 -0.000014 0.000005  2.272645 -0.000036 1.570861
51  -4.020574 -4.603327 -7.431847  -0.115129 -2.978520 1.382543
52  0.000000 0.000000 -0.000001  0.008153 -0.000259 0.000009
53  0.000000 -0.000000 0.000001  1.565115 0.043565 -0.106862
54  4.845928 -10.535454 -7.383394  0.794576 -0.555442 -2.241558
55  -0.000001 0.000000 -0.000000  0.000000 -0.000001 -0.000002
56  0.000029 0.000029 0.000000  -1.571901 -0.044449 -0.106509
57  20.240410 -7.044802 -14.249578  1.570796 -0.000000 0.000000
58  -16.319784 5.039393 -18.063972  1.570796 -0.000000 0.000000
59  1.239137 4.774874 -7.028192  1.570796 -0.000000 0.000000
60  -0.004311 0.001230 -0.000371  0.006898 -0.005534 -0.284229
61  0.826810 11.578514 -4.219014  1.570796 -0.000000 0.000000
62  0.000000 0.000000 0.000000  -0.078727 -3.136056 0.284226
63  0.000000 0.000000 0.000000  1.576189 0.030687 -0.003532
64  -3.004821 -8.826005 -2.267104  1.569611 0.052045 0.005536
65  0.042352 -2.889251 0.627699  -0.000000 -0.000000 0.000000
66  0.042351 -0.907088 1.190366  -0.000000 -0.000000 0.000000
67  -1.331044 -1.025121 4.361372  -0.000000 -0.000000 0.000000
68  0.042353 -0.884531 23.199604  -0.000000 -0.000000 0.000000
69  0.042255 0.181228 5.671383  1.465075 0.000000 0.000000
70  0.000096 0.089184 -9.714657  0.000000 0.000000 0.000000
71  0.042352 -0.569288 7.155122  -0.000000 -0.000000 0.000000
72  -0.682762 -1.501893 3.214538  -0.000000 -0.000000 0.000000
73  0.074278 -0.628098 4.762586  -0.000000 -0.000000 0.000000
74  -3.189111 -13.538339 -6.353283  1.569611 0.052045 0.005536
75  0.048471 3.702885 -1.382188  0.000000 3.115334 1.548341
76  2.923888 1.668562 -1.111006  -0.000000 0.000000 -0.087266
77  2.269611 0.751186 -1.367896  -0.084846 0.033491 -0.553474
78  -0.000001 0.000001 0.000000  -0.005080 0.777657 0.950733
79  -0.000004 0.440764 -0.000002  0.560599 -0.606775 -0.840617
80  0.000000 0.430557 0.000002  0.010636 0.005835 0.129346
81  -0.000000 0.438247 -0.000000  0.012040 -0.004363 0.097628
82  -0.000000 0.433551 0.000001  0.013741 0.101991 0.183970
83  -0.000000 0.454267 -0.000002  -0.015484 0.219067 0.267944
84  -0.000000 0.438146 -0.000003  -0.064347 0.209816 0.209206
85  -0.000000 0.444415 0.000000  -0.472036 0.750783 0.289938
86  -0.000000 0.422926 -0.000000  -0.282210 0.297570 -0.003424
87  -0.000001 0.426508 0.000000  -0.041517 -2.864287 -0.001701
88  0.000001 0.432947 0.000000  0.193049 -1.831422 -0.180056
time 57
0  0.000006 0.000000 0.000000  -1.570800 -1.391899 -1.570792
1  -7.786488 -3.569984 1.234826  -1.544956 -1.855077 -0.198630
2  6.027518 -0.000330 0.000191  -1.625099 -0.897128 -0.010756
3  11.692109 0.000646 -0.000737  -0.334390 -0.000038 -1.704317
4  11.478968 -0.000832 -0.001068  1.318131 -0.295880 0.296813
5  3.859503 -0.142823 -1.192079  -0.481127 0.169015 -0.879577
6  1.312589 0.000010 0.000008  -0.025613 0.001593 -0.069905
7  0.729355 0.000055 0.000049  -0.001954 -0.000417 -0.239635
8  3.942140 0.046331 -0.431543  -0.153933 0.159912 -0.533803
9  1.539112 0.000084 0.000004  -0.009152 -0.007289 -0.459393
10  1.196333 0.000145 0.000028  0.000912 -0.000218 -0.189222
11  3.883511 -0.047211 0.431351  0.076003 0.113640 -0.193056
12  1.719572 -0.000029 0.000017  -0.007091 0.005375 -0.591722
13  1.209179 0.000090 0.000014  -0.002264 0.002908 0.013619
14  4.085235 -0.082653 1.151008  0.244595 -0.093267 -0.003864
15  1.719448 -0.000018 0.000029  0.000992 0.010740 -0.405913
16  1.099675 0.000048 0.000006  0.005522 0.017573 -0.219912
17  0.911363 -0.855709 1.135721  -0.786722 -0.606634 -0.883658
18  1.789820 -0.000004 -0.000018  -0.001401 0.011868 -0.071908
19  1.207015 -0.000014 -0.000043  -0.001364 -0.000089 0.043006
20  5.740638 0.000388 -0.000701  -0.056947 0.000003 0.000064
21  11.480803 0.000012 -0.000866  -0.039686 -0.044725 0.039636
22  6.027525 -0.000329 0.000200  2.137755 -0.385897 2.093837
23  0.000001 11.692101 -0.000008  -1.149582 -0.592815 -0.881103
24  0.000003 0.000010 0.000000  0.534716 -0.000031 1.570739
25  0.000001 -0.000012 0.000000  0.868960 0.000002 1.570712
26  -6.212011 -10.642979 0.826812  1.473120 1.855075 -0.198639
27  6.027511 -0.000260 -0.000220  1.524153 0.794066 -0.525222
28  11.691994 0.000161 0.000857  0.346038 0.000054 -1.585742
29  11.479631 -0.000435 0.001030  -1.193745 0.583990 0.660030
30  3.859437 -0.132759 1.193065  0.469647 -0.013262 -1.872395
31  1.312559 0.000025 -0.000001  0.024060 -0.138696 -0.550187
32  0.729346 0.000065 -0.000027  -0.166197 -0.081570 -0.714272
33  3.942046 0.050139 0.431000  0.225309 -0.086237 -1.592712
34  1.539097 0.000006 -0.000002  0.035254 -0.050373 -0.994350
35  1.196301 0.000078 -0.000004  -0.021521 0.002175 -0.839738
36  3.883412 -0.050472 -0.431085  0.184824 -0.271737 -1.204030
37  1.719563 -0.000085 -0.000004  0.022859 -0.107186 -1.509108
38  1.209197 0.000035 0.000011  0.000661 0.071072 -0.480462
39  3.859588 -0.149082 -1.331321  -0.080472 0.327601 -0.061665
40  1.719413 -0.000098 -0.000037  0.097557 0.060679 -0.377229
41  1.099673 0.000024 0.000007  -0.014718 0.004685 0.056982
42  0.805983 -0.359848 -1.318338  0.991670 0.166767 -0.799527
43  1.789780 -0.000010 -0.000042  0.000058 -0.002451 0.133097
44  1.206996 -0.000008 0.000006  0.000372 -0.000071 1.058780
45  5.740571 0.000079 0.000721  0.102634 -0.000014 0.000028
46  11.480869 -0.000013 0.000952  0.039360 0.112085 0.095105
47  6.027515 -0.000273 -0.000229  -0.946708 -0.497315 -1.511005
48  -0.000001 11.691976 -0.000005  -1.079970 0.524073 0.841425
49  0.000003 0.000002 -0.000000  2.618569 -0.000036 1.570860
50  -0.000007 -0.000013 0.000005  2.272645 -0.000036 1.570861
51  -4.055659 -4.622843 -7.405693  -0.122185 -2.975913 1.384896
52  -0.000000 -0.000000 -0.000000  0.008153 -0.000259 0.000009
53  -0.000000 -0.000000 -0.000000  1.565115 0.043565 -0.106862
54  4.662695 -10.154060 -7.466190  0.722528 -0.403646 -2.148478
55  0.000000 0.000001 0.000001  0.000000 -0.000001 -0.000002
56  0.000030 0.000030 0.000002  -1.571902 -0.044449 -0.106509
57  21.355759 -2.166007 -13.488594  1.570796 -0.000000 0.000000
58  -16.319784 5.039393 -18.063972  1.570796 -0.000000 0.000000
59  1.239137 4.898200 -7.028192  1.570796 -0.000000 0.000000
60  -0.004311 0.001230 -0.000371  0.006898 -0.005534 -0.284229
61  0.826810 11.578514 -4.219014  1.570796 -0.000000 0.000000
62  0.000000 0.000000 0.000000  -0.078727 -3.136056 0.284226
63  0.000000 0.000000 0.000000  1.578885 0.030713 -0.004007
64  -2.997031 -8.837736 -2.243201  1.568386 0.059377 0.006666
65  0.042352 -2.889250 0.627700  0.000000 0.000000 0.000000
66  0.042352 -0.907087 1.190368  0.000000 0.000000 0.000000
67  -1.331045 -1.025122 4.361372  0.000000 0.000000 0.000000
68  0.042353 -0.884531 23.199606  0.000000 0.000000 0.000000
69  0.042255 0.181228 5.671383  1.469516 0.000000 -0.000000
70  0.000096 0.089183 -9.714659  -0.000000 -0.000000 0.000000
71  0.042352 -0.569288 7.155122  0.000000 0.000000 0.000000
72  -0.682762 -1.501893 3.214539  0.000000 0.000000 0.000000
73  0.074278 -0.628099 4.762587  0.000000 0.000000 0.000000
74  -3.205572 -13.555479 -6.321968  1.568386 0.059377 0.006666
75  0.048471 3.702884 -1.382188  0.000000 3.115334 1.548341
76  2.923889 1.668561 -1.111007  0.000000 0.000000 -0.087266
77  2.269611 0.751184 -1.367898  -0.084845 0.033491 -0.553474
78  -0.000000 0.000001 -0.000000  -0.005080 0.777656 0.950733
79  -0.000002 0.440763 -0.000000  0.560599 -0.606775 -0.840617
80  -0.000001 0.430558 -0.000002  0.010636 0.005835 0.129346
81  -0.000000 0.438247 0.000001  0.012040 -0.004363 0.097628
82  0.000000 0.433549 -0.000002  0.013741 0.101991 0.183970
83  0.000000 0.454268 -0.000000  -0.015484 0.219067 0.267944
84  0.000000 0.438146 -0.000001  -0.064347 0.209816 0.209206
85  -0.000000 0.444416 0.000001  -0.472036 0.750783 0.289938
86  0.000001 0.422927 -0.000001  -0.282210 0.297570 -0.003424
87  0.000000 0.426508 -0.000000  -0.041517 -2.864287 -0.001701
88  -0.000002 0.432947 -0.000000  0.193049 -1.831422 -0.180056
time 58
0  0.000006 0.000000 0.000000  -1.570800 -1.391899 -1.570792
1  -7.799640 -3.642715 1.234826  -1.544956 -1.855077 -0.198630
2  6.027517 -0.000331 0.000191  -1.658416 -0.897157 0.142305
3  11.692106 0.000645 -0.000738  -0.363569 -0.000039 -1.715893
4  11.480692 0.000119 -0.000742  1.079259 -0.255447 0.467947
5  3.859503 -0.142823 -1.192080  -0.476254 0.177525 -0.881176
6  1.312589 0.000009 0.000008  -0.014813 0.006234 -0.094966
7  0.729355 0.000054 0.000049  -0.001850 -0.000074 -0.047218
8  3.942141 0.046331 -0.431543  -0.147959 0.133735 -0.610600
9  1.539111 0.000083 0.000005  -0.004770 -0.001414 -0.240531
10  1.196333 0.000147 0.000029  0.000365 -0.000073 -0.424056
11  3.883510 -0.047212 0.431350  0.098331 0.074102 -0.162929
12  1.719572 -0.000029 0.000018  -0.004144 0.014230 -0.640671
13  1.209179 0.000089 0.000012  -0.001748 0.002963 0.031548
14  4.085234 -0.082653 1.151008  0.259529 -0.140926 0.089650
15  1.719449 -0.000018 0.000027  0.003143 0.017110 -0.471585
16  1.099676 0.000048 0.000005  0.001945 0.010573 -0.197651
17  0.876291 -0.687574 1.197488  -0.800924 -0.585369 -0.900413
18  1.789820 -0.000003 -0.000018  -0.001682 0.012743 -0.091040
19  1.207015 -0.000014 -0.000044  -0.001461 -0.000128 0.000812
20  5.740636 0.000387 -0.000700  -0.100614 0.000003 0.000063
21  11.481148 0.000203 -0.000802  -0.084551 -0.050138 0.066134
22  6.027524 -0.000329 0.000200  -0.992782 -2.773761 -0.924803
23  0.000001 11.692100 -0.000007  -1.156365 -0.599645 -0.884768
24  0.000003 0.000009 -0.000000  0.505538 -0.000031 1.570739
25  0.000000 -0.000012 -0.000000  0.868960 0.000002 1.570712
26  -6.212011 -10.642979 0.826812  1.473120 1.855075 -0.198639
27  6.027511 -0.000260 -0.000220  1.528831 0.793984 -0.523294
28  11.691994 0.000161 0.000858  0.346038 0.000054 -1.582164
29  11.479658 -0.000422 0.001024  -1.209027 0.578887 0.650108
30  3.859437 -0.132759 1.193065  0.469647 -0.013262 -1.872395
31  1.312559 0.000024 -0.000000  0.024060 -0.138696 -0.550187
32  0.729345 0.000064 -0.000027  -0.166197 -0.081570 -0.714272
33  3.942046 0.050139 0.431000  0.225309 -0.086237 -1.592712
34  1.539097 0.000006 -0.000001  0.035254 -0.050373 -0.994350
35  1.196301 0.000078 -0.000003  -0.021521 0.002175 -0.839738
36  3.883413 -0.050472 -0.431085  0.184824 -0.271737 -1.204030
37  1.719563 -0.000086 -0.000004  0.022858 -0.107186 -1.509108
38  1.209198 0.000035 0.000011  0.000661 0.071072 -0.480462
39  3.859588 -0.149082 -1.331321  -0.080472 0.327601 -0.061665
40  1.719413 -0.000098 -0.000036  0.097557 0.060679 -0.377229
41  1.099673 0.000023 0.000006  -0.014718 0.004685 0.056983
42  0.805983 -0.359847 -1.318339  0.991670 0.166767 -0.799527
43  1.789780 -0.000009 -0.000043  0.000058 -0.002451 0.133098
44  1.206996 -0.000007 0.000005  0.000372 -0.000071 1.058780
45  5.740573 0.000078 0.000721  0.099844 -0.000014 0.000028
46  11.480876 -0.000011 0.000950  0.037395 0.110157 0.094394
47  6.027515 -0.000273 -0.000229  -0.944579 -0.494623 -1.513426
48  -0.000000 11.691976 -0.000006  -1.077867 0.522037 0.840166
49  0.000004 -0.000000 0.000000  2.618569 -0.000036 1.570860
50  -0.000007 -0.000012 0.000004  2.272645 -0.000036 1.570861
51  -4.113439 -4.656902 -7.392178  -0.132588 -2.971481 1.388214
52  -0.000000 0.000000 0.000000  0.008153 -0.000259 0.000009
53  -0.000000 -0.000000 -0.000000  1.565115 0.043565 -0.106862
54  4.493120 -9.949605 -7.444272  0.593231 -0.226504 -2.068044
55  0.000000 0.000000 0.000000  0.000000 -0.000001 -0.000002
56  0.000031 0.000029 0.000001  -1.571902 -0.044449 -0.106509
57  21.971275 4.947200 -11.860184  1.570796 -0.000000 0.000000
58  -16.319784 5.039393 -18.063972  1.570796 -0.000000 0.000000
59  1.239137 4.972110 -7.028192  1.570796 -0.000000 0.000000
60  -0.004311 0.001230 -0.000371  0.006898 -0.005534 -0.284229
61  0.826810 11.578514 -4.219014  1.570796 -0.000000 0.000000
62  0.000000 0.000000 0.000000  -0.078727 -3.136056 0.284226
63  0.000000 0.000000 0.000000  1.581288 0.030640 -0.004505
64  -2.991927 -8.857283 -2.231136  1.565984 0.070290 0.008090
65  0.042352 -2.889250 0.627700  0.000000 0.000000 0.000000
66  0.042352 -0.907088 1.190368  0.000000 0.000000 0.000000
67  -1.331044 -1.025122 4.361372  0.000000 0.000000 0.000000
68  0.042353 -0.884531 23.199600  0.000000 0.000000 0.000000
69  0.042255 0.181228 5.671382  1.479684 0.000000 -0.000000
70  0.000096 0.089185 -9.714657  0.000000 -0.000000 0.000000
71  0.042352 -0.569288 7.155124  0.000000 0.000000 0.000000
72  -0.682762 -1.501893 3.214539  0.000000 0.000000 0.000000
73  0.074278 -0.628099 4.762586  0.000000 0.000000 0.000000
74  -3.237367 -13.585473 -6.295727  1.565984 0.070290 0.008090
75  0.048471 3.702884 -1.382189  0.000000 3.115334 1.548341
76  2.923889 1.668561 -1.111005  -0.000000 0.000000 -0.087266
77  2.269612 0.751184 -1.367898  -0.084845 0.033491 -0.553474
78  0.000000 -0.000001 0.000000  -0.005080 0.777657 0.950734
79  -0.000001 0.440765 0.000000  0.560599 -0.606775 -0.840617
80  -0.000000 0.430558 0.000001  0.010636 0.005835 0.129346
81  0.000000 0.438247 -0.000001  0.012040 -0.004363 0.097628
82  0.000000 0.433550 -0.000000  0.013741 0.101991 0.183970
83  0.000000 0.454267 0.000000  -0.015484 0.219067 0.267944
84  0.000001 0.438145 0.000001  -0.064347 0.209817 0.209206
85  -0.000000 0.444415 0.000001  -0.472036 0.750783 0.289938
86  0.000000 0.422926 -0.000000  -0.282210 0.297570 -0.003424
87  -0.000002 0.426509 -0.000000  -0.041517 -2.864287 -0.001701
88  -0.000000 0.432947 0.000001  0.193048 -1.831423 -0.180054
time 59
0  0.000006 0.000000 0.000000  -1.570800 -1.391899 -1.570792
1  -7.803990 -3.666772 1.234826  -1.544956 -1.855077 -0.198630
2  6.027518 -0.000331 0.000191  -1.669711 -0.906890 0.214298
3  11.692106 0.000644 -0.000740  -0.390118 -0.000039 -1.715218
4  11.480697 0.000140 -0.000738  0.949941 -0.231464 0.515396
5  3.859504 -0.142824 -1.192079  -0.474273 0.183587 -0.883961
6  1.312589 0.000009 0.000007  -0.007607 0.007422 -0.121246
7  0.729356 0.000056 0.000049  -0.001680 0.000003 0.042310
8  3.942141 0.046331 -0.431542  -0.143524 0.117710 -0.645832
9  1.539110 0.000083 0.000005  -0.001942 0.000297 -0.138822
10  1.196333 0.000146 0.000028  0.000113 -0.000041 -0.529864
11  3.883512 -0.047212 0.431351  0.101098 0.044991 -0.152307
12  1.719574 -0.000029 0.000017  -0.003580 0.017000 -0.701268
13  1.209179 0.000089 0.000013  -0.001206 0.002985 0.046401
14  4.085236 -0.082653 1.151008  0.265124 -0.171990 0.125199
15  1.719449 -0.000018 0.000030  0.002600 0.019842 -0.604578
16  1.099675 0.000048 0.000006  0.000635 0.006282 -0.161076
17  0.846445 -0.544058 1.250049  -0.814712 -0.574619 -0.899690
18  1.789820 -0.000004 -0.000017  -0.001761 0.012845 -0.093677
19  1.207015 -0.000014 -0.000043  -0.001471 -0.000144 -0.018902
20  5.740635 0.000387 -0.000700  -0.122527 0.000003 0.000063
21  11.481147 0.000208 -0.000802  -0.109814 -0.053393 0.072015
22  6.027525 -0.000329 0.000200  -0.998324 -2.784574 -0.859707
23  0.000001 11.692101 -0.000007  -1.155970 -0.599247 -0.884555
24  0.000003 0.000007 -0.000000  0.478988 -0.000031 1.570739
25  0.000001 -0.000012 0.000001  0.868960 0.000002 1.570712
26  -6.212011 -10.642979 0.826812  1.473120 1.855075 -0.198639
27  6.027511 -0.000260 -0.000220  1.532460 0.795324 -0.521853
28  11.691993 0.000161 0.000858  0.346038 0.000053 -1.574528
29  11.479713 -0.000389 0.001015  -1.224206 0.574917 0.634983
30  3.859438 -0.132759 1.193065  0.469647 -0.013262 -1.872395
31  1.312558 0.000024 -0.000002  0.024060 -0.138696 -0.550187
32  0.729346 0.000064 -0.000027  -0.166197 -0.081570 -0.714272
33  3.942046 0.050138 0.430999  0.225309 -0.086237 -1.592712
34  1.539096 0.000006 -0.000001  0.035254 -0.050373 -0.994350
35  1.196301 0.000078 -0.000003  -0.021521 0.002175 -0.839738
36  3.883412 -0.050472 -0.431085  0.184824 -0.271737 -1.204030
37  1.719564 -0.000084 -0.000004  0.022858 -0.107186 -1.509108
38  1.209198 0.000034 0.000010  0.000661 0.071072 -0.480462
39  3.859587 -0.149083 -1.331321  -0.080472 0.327601 -0.061665
40  1.719412 -0.000097 -0.000036  0.097557 0.060679 -0.377229
41  1.099673 0.000023 0.000006  -0.014718 0.004685 0.056983
42  0.805983 -0.359848 -1.318339  0.991670 0.166767 -0.799527
43  1.789780 -0.000009 -0.000042  0.000058 -0.002451 0.133097
44  1.206996 -0.000007 0.000006  0.000372 -0.000071 1.058780
45  5.740572 0.000080 0.000721  0.096736 -0.000014 0.000028
46  11.480886 -0.000003 0.000948  0.035570 0.108366 0.092605
47  6.027515 -0.000273 -0.000229  -0.944271 -0.491761 -1.514720
48  -0.000001 11.691975 -0.000007  -1.073377 0.517699 0.837466
49  0.000004 0.000001 0.000000  2.618569 -0.000036 1.570860
50  -0.000008 -0.000014 0.000005  2.272645 -0.000036 1.570861
51  -4.168291 -4.722504 -7.396070  -0.141258 -2.964774 1.391384
52  0.000000 -0.000000 -0.000000  0.008153 -0.000259 0.000009
53  -0.000000 -0.000000 -0.000001  1.565115 0.043565 -0.106862
54  4.280167 -9.896905 -7.484909  0.507505 -0.148266 -2.057504
55  0.000000 0.000000 0.000000  0.000000 -0.000001 -0.000002
56  0.000030 0.000029 0.000001  -1.571901 -0.044449 -0.106509
57  22.200510 7.993517 -11.099199  1.570796 -0.000000 0.000000
58  -16.319784 5.039393 -18.063972  1.570796 -0.000000 0.000000
59  1.239137 4.996557 -7.028192  1.570796 -0.000000 0.000000
60  -0.004311 0.001230 -0.000371  0.006898 -0.005534 -0.284229
61  0.826810 11.578514 -4.219014  1.570796 -0.000000 0.000000
62  0.000000 0.000000 0.000000  -0.078727 -3.136056 0.284226
63  0.000000 0.000000 0.000000  1.583289 0.030092 -0.005010
64  -2.990135 -8.894817 -2.224890  1.560994 0.079942 0.009389
65  0.042352 -2.889250 0.627700  0.000000 -0.000000 0.000000
66  0.042352 -0.907087 1.190367  0.000000 -0.000000 0.000000
67  -1.331044 -1.025122 4.361371  0.000000 -0.000000 0.000000
68  0.042353 -0.884531 23.199604  0.000000 -0.000000 0.000000
69  0.042255 0.181228 5.671382  1.490787 0.000000 0.000000
70  0.000096 0.089186 -9.714657  -0.000000 0.000000 0.000000
71  0.042352 -0.569288 7.155124  0.000000 -0.000000 0.000000
72  -0.682762 -1.501893 3.214538  0.000000 -0.000000 0.000000
73  0.074278 -0.628098 4.762586  0.000000 -0.000000 0.000000
74  -3.266570 -13.643946 -6.262994  1.560994 0.079942 0.009389
75  0.048471 3.702884 -1.382188  -0.000000 3.115334 1.548341
76  2.923889 1.668561 -1.111007  0.000000 -0.000000 -0.087266
77  2.269611 0.751184 -1.367897  -0.084845 0.033491 -0.553474
78  0.000001 -0.000001 0.000000  -0.005080 0.777656 0.950734
79  0.000001 0.440765 -0.000000  0.560599 -0.606775 -0.840617
80  -0.000001 0.430558 0.000000  0.010636 0.005835 0.129346
81  0.000000 0.438247 -0.000000  0.012040 -0.004363 0.097628
82  -0.000000 0.433550 -0.000000  0.013741 0.101991 0.183969
83  -0.000000 0.454267 -0.000002  -0.015484 0.219067 0.267944
84  -0.000000 0.438146 0.000001  -0.064347 0.209816 0.209206
85  -0.000001 0.444414 -0.000001  -0.472036 0.750783 0.289938
86  0.000000 0.422926 0.000000  -0.282210 0.297570 -0.003424
87  -0.000001 0.426509 0.000000  -0.041517 -2.864287 -0.001701
88  0.000003 0.432947 -0.000000  0.193046 -1.831422 -0.180053
time 60
0  0.000006 0.000000 0.000000  -1.570800 -1.391899 -1.570792
1  -7.803990 -3.666772 1.234826  -1.544956 -1.855077 -0.198630
2  6.027518 -0.000331 0.000191  -1.643503 -0.933777 0.188834
3  11.692107 0.000645 -0.000739  -0.405635 -0.000038 -1.705906
4  11.478959 -0.000757 -0.001126  0.926119 -0.265545 0.517174
5  3.859502 -0.142823 -1.192078  -0.473608 0.186508 -0.887030
6  1.312590 0.000010 0.000007  -0.002936 0.006082 -0.150972
7  0.729356 0.000054 0.000049  -0.001316 -0.000096 -0.007666
8  3.942140 0.046331 -0.431542  -0.138816 0.107553 -0.641766
9  1.539110 0.000083 0.000003  -0.000614 0.000231 -0.242063
10  1.196332 0.000145 0.000029  0.000026 -0.000014 -0.436423
11  3.883510 -0.047212 0.431351  0.094578 0.020860 -0.202350
12  1.719573 -0.000028 0.000017  -0.003964 0.014006 -0.785693
13  1.209179 0.000090 0.000011  -0.000360 0.002998 0.059420
14  4.085234 -0.082653 1.151010  0.267037 -0.203323 0.108228
15  1.719448 -0.000019 0.000027  -0.001288 0.015025 -0.883702
16  1.099675 0.000049 0.000005  0.000795 0.003748 -0.097126
17  0.824108 -0.436417 1.289383  -0.829187 -0.572077 -0.886617
18  1.789819 -0.000006 -0.000018  -0.001351 0.009805 -0.088111
19  1.207015 -0.000015 -0.000044  -0.001124 -0.000095 0.008563
20  5.740638 0.000388 -0.000699  -0.125073 0.000003 0.000064
21  11.480802 0.000028 -0.000880  -0.112301 -0.061019 0.069592
22  6.027525 -0.000329 0.000200  -1.031642 -2.783943 -0.852658
23  0.000001 11.692101 -0.000006  -1.150513 -0.593752 -0.881609
24  0.000003 0.000008 0.000001  0.463471 -0.000031 1.570738
25  0.000001 -0.000011 0.000000  0.868960 0.000002 1.570712
26  -6.212011 -10.642979 0.826812  1.473120 1.855075 -0.198639
27  6.027511 -0.000260 -0.000220  1.534761 0.798385 -0.521014
28  11.691992 0.000162 0.000858  0.346038 0.000052 -1.564138
29  11.479789 -0.000349 0.000998  -1.236875 0.572772 0.617632
30  3.859438 -0.132758 1.193066  0.469647 -0.013262 -1.872395
31  1.312559 0.000026 -0.000000  0.024060 -0.138696 -0.550187
32  0.729346 0.000064 -0.000027  -0.166197 -0.081570 -0.714272
33  3.942047 0.050139 0.431000  0.225309 -0.086237 -1.592712
34  1.539097 0.000005 -0.000001  0.035254 -0.050373 -0.994350
35  1.196301 0.000078 -0.000004  -0.021521 0.002175 -0.839738
36  3.883414 -0.050472 -0.431084  0.184824 -0.271737 -1.204030
37  1.719564 -0.000083 -0.000005  0.022858 -0.107186 -1.509108
38  1.209197 0.000035 0.000011  0.000661 0.071072 -0.480462
39  3.859589 -0.149082 -1.331321  -0.080472 0.327601 -0.061665
40  1.719412 -0.000098 -0.000037  0.097557 0.060679 -0.377229
41  1.099674 0.000023 0.000008  -0.014718 0.004685 0.056983
42  0.805984 -0.359847 -1.318338  0.991670 0.166767 -0.799527
43  1.789780 -0.000009 -0.000043  0.000058 -0.002451 0.133097
44  1.206996 -0.000007 0.000006  0.000372 -0.000071 1.058780
45  5.740573 0.000079 0.000721  0.093912 -0.000014 0.000028
46  11.480903 0.000003 0.000945  0.034148 0.107028 0.090137
47  6.027515 -0.000273 -0.000229  -0.946183 -0.488743 -1.514627
48  -0.000002 11.691977 -0.000006  -1.067262 0.511814 0.833768
49  0.000002 -0.000000 -0.000001  2.618569 -0.000036 1.570860
50  -0.000008 -0.000013 0.000004  2.272645 -0.000036 1.570861
51  -4.207774 -4.808867 -7.407939  -0.146843 -2.956716 1.393801
52  0.000000 -0.000000 0.000000  0.008153 -0.000259 0.000009
53  0.000000 0.000001 0.000000  1.565115 0.043565 -0.106862
54  3.920355 -9.922293 -7.677817  0.456878 -0.158862 -2.058254
55  -0.000001 0.000000 -0.000000  0.000000 -0.000001 -0.000002
56  0.000030 0.000029 0.000000  -1.571902 -0.044449 -0.106509
57  22.304434 7.956483 -11.150284  1.570796 -0.000000 0.000000
58  -16.319784 5.039393 -18.063972  1.570796 -0.000000 0.000000
59  1.239137 4.996557 -7.028192  1.570796 -0.000000 0.000000
60  -0.004311 0.001230 -0.000371  0.006898 -0.005534 -0.284229
61  0.826810 11.578514 -4.219014  1.570796 -0.000000 0.000000
62  0.000000 0.000000 0.000000  -0.078727 -3.136056 0.284226
63  0.000000 0.000000 0.000000  1.584861 0.028589 -0.005465
64  -2.988336 -8.943443 -2.216063  1.554081 0.086845 0.010226
65  0.042352 -2.889250 0.627699  -0.000000 0.000000 -0.000000
66  0.042352 -0.907087 1.190367  -0.000000 0.000000 -0.000000
67  -1.331044 -1.025121 4.361371  -0.000000 0.000000 -0.000000
68  0.042353 -0.884531 23.199604  -0.000000 0.000000 -0.000000
69  0.042255 0.181228 5.671382  1.497907 0.000000 -0.000000
70  0.000096 0.089185 -9.714658  -0.000000 -0.000000 -0.000000
71  0.042352 -0.569288 7.155121  -0.000000 0.000000 -0.000000
72  -0.682762 -1.501893 3.214538  -0.000000 0.000000 -0.000000
73  0.074278 -0.628099 4.762585  -0.000000 0.000000 -0.000000
74  -3.285526 -13.720942 -6.219071  1.554081 0.086845 0.010226
75  0.048471 3.702884 -1.382189  0.000000 3.115334 1.548341
76  2.923889 1.668561 -1.111007  -0.000000 -0.000000 -0.087266
77  2.269612 0.751183 -1.367898  -0.084845 0.033491 -0.553474
78  0.000000 -0.000001 0.000000  -0.005080 0.777657 0.950734
79  -0.000001 0.440764 -0.000001  0.560599 -0.606775 -0.840617
80  -0.000000 0.430558 -0.000001  0.010636 0.005835 0.129346
81  -0.000001 0.438247 0.000000  0.012040 -0.004363 0.097628
82  0.000000 0.433551 -0.000000  0.013741 0.101991 0.183969
83  -0.000000 0.454267 -0.000001  -0.015484 0.219067 0.267944
84  -0.000000 0.438146 -0.000002  -0.064347 0.209816 0.209206
85  0.000001 0.444415 0.000001  -0.472036 0.750783 0.289938
86  0.000002 0.422926 0.000000  -0.282210 0.297570 -0.003424
87  0.000001 0.426508 0.000000  -0.041517 -2.864287 -0.001701
88  -0.000002 0.432947 -0.000000  0.193046 -1.831422 -0.180052
time 61
0  0.000006 0.000000 0.000000  -1.570800 -1.391899 -1.570792
1  -7.803990 -3.666772 1.234826  -1.544956 -1.855077 -0.198630
2  6.027518 -0.000331 0.000191  -1.623866 -0.952327 0.162118
3  11.692108 0.000646 -0.000739  -0.414597 -0.000037 -1.693249
4  11.479041 -0.000713 -0.001118  0.928992 -0.297895 0.518066
5  3.859502 -0.142823 -1.192080  -0.473775 0.187470 -0.890893
6  1.312589 0.000009 0.000009  -0.001158 0.004658 -0.183375
7  0.729355 0.000053 0.000049  -0.000896 -0.000223 -0.114752
8  3.942140 0.046331 -0.431543  -0.136655 0.101250 -0.635329
9  1.539110 0.000082 0.000005  -0.000088 0.000236 -0.464275
10  1.196332 0.000145 0.000027  -0.000007 0.000008 -0.235516
11  3.883509 -0.047212 0.431350  0.090040 0.005887 -0.305794
12  1.719573 -0.000029 0.000017  -0.003438 0.007841 -0.885582
13  1.209180 0.000088 0.000012  0.000515 0.002976 0.069682
14  4.085235 -0.082653 1.151008  0.265169 -0.233865 0.081558
15  1.719447 -0.000019 0.000028  -0.003910 0.003520 -1.255070
16  1.099676 0.000049 0.000005  0.001063 0.002653 -0.016189
17  0.810513 -0.370794 1.313320  -0.844796 -0.574587 -0.864678
18  1.789820 -0.000002 -0.000018  -0.000427 0.003308 -0.076203
19  1.207015 -0.000013 -0.000044  -0.000377 -0.000025 0.067358
20  5.740636 0.000388 -0.000699  -0.123298 0.000003 0.000063
21  11.480817 0.000037 -0.000877  -0.109769 -0.067006 0.068028
22  6.027525 -0.000329 0.000200  -1.054959 -2.783616 -0.855313
23  -0.000000 11.692100 -0.000005  -1.143097 -0.586304 -0.877563
24  0.000003 0.000008 0.000001  0.454509 -0.000031 1.570739
25  0.000000 -0.000012 0.000000  0.868960 0.000002 1.570712
26  -6.212011 -10.642979 0.826812  1.473120 1.855075 -0.198639
27  6.027511 -0.000260 -0.000220  1.535765 0.802870 -0.520755
28  11.691992 0.000161 0.000858  0.346038 0.000052 -1.554228
29  11.479860 -0.000308 0.000983  -1.243675 0.572522 0.604571
30  3.859438 -0.132759 1.193064  0.469647 -0.013262 -1.872395
31  1.312559 0.000026 -0.000001  0.024060 -0.138696 -0.550187
32  0.729345 0.000066 -0.000028  -0.166197 -0.081570 -0.714272
33  3.942046 0.050139 0.430999  0.225309 -0.086237 -1.592712
34  1.539097 0.000005 -0.000001  0.035254 -0.050373 -0.994350
35  1.196300 0.000077 -0.000003  -0.021521 0.002175 -0.839738
36  3.883413 -0.050472 -0.431085  0.184824 -0.271737 -1.204030
37  1.719564 -0.000084 -0.000005  0.022859 -0.107186 -1.509108
38  1.209198 0.000035 0.000011  0.000661 0.071072 -0.480462
39  3.859587 -0.149082 -1.331321  -0.080472 0.327601 -0.061665
40  1.719413 -0.000099 -0.000037  0.097557 0.060679 -0.377229
41  1.099674 0.000023 0.000007  -0.014718 0.004685 0.056983
42  0.805983 -0.359848 -1.318339  0.991670 0.166767 -0.799527
43  1.789779 -0.000008 -0.000042  0.000058 -0.002451 0.133097
44  1.206997 -0.000007 0.000005  0.000372 -0.000071 1.058780
45  5.740571 0.000079 0.000721  0.092280 -0.000013 0.000028
46  11.480915 0.000013 0.000942  0.033475 0.106426 0.088048
47  6.027515 -0.000273 -0.000229  -0.950003 -0.485708 -1.513300
48  -0.000001 11.691976 -0.000007  -1.061427 0.506220 0.830215
49  0.000003 0.000000 0.000000  2.618569 -0.000036 1.570860
50  -0.000008 -0.000013 0.000005  2.272645 -0.000036 1.570861
51  -4.218060 -4.890324 -7.410303  -0.148336 -2.950202 1.394792
52  0.000000 0.000000 0.000000  0.008153 -0.000259 0.000009
53  -0.000000 -0.000000 -0.000001  1.565115 0.043565 -0.106862
54  3.706248 -9.996794 -7.792267  0.434336 -0.177176 -2.046963
55  0.000000 0.000000 0.000001  0.000000 -0.000001 -0.000002
56  0.000031 0.000029 0.000002  -1.571901 -0.044449 -0.106509
57  22.338198 7.852167 -11.294170  1.570796 -0.000000 0.000000
58  -16.319784 5.039393 -18.063972  1.570796 -0.000000 0.000000
59  1.239137 4.996557 -7.028192  1.570796 -0.000000 0.000000
60  -0.004311 0.001230 -0.000371  0.006898 -0.005534 -0.284229
61  0.826810 11.578514 -4.219014  1.570796 -0.000000 0.000000
62  0.000000 0.000000 0.000000  -0.078727 -3.136056 0.284226
63  0.000000 0.000000 0.000000  1.586001 0.025655 -0.005804
64  -2.982224 -8.991998 -2.196252  1.547928 0.089496 0.010396
65  0.042352 -2.889250 0.627699  0.000000 -0.000000 -0.000000
66  0.042352 -0.907087 1.190368  0.000000 -0.000000 -0.000000
67  -1.331044 -1.025122 4.361371  0.000000 -0.000000 -0.000000
68  0.042354 -0.884531 23.199600  0.000000 -0.000000 -0.000000
69  0.042255 0.181228 5.671382  1.498816 0.000000 -0.000000
70  0.000096 0.089185 -9.714656  -0.000000 -0.000000 0.000000
71  0.042352 -0.569288 7.155123  0.000000 -0.000000 -0.000000
72  -0.682762 -1.501893 3.214538  0.000000 -0.000000 -0.000000
73  0.074279 -0.628098 4.762585  0.000000 -0.000000 -0.000000
74  -3.286322 -13.794260 -6.168998  1.547928 0.089496 0.010396
75  0.048471 3.702884 -1.382188  -0.000000 3.115334 1.548341
76  2.923889 1.668561 -1.111005  0.000000 -0.000000 -0.087266
77  2.269612 0.751184 -1.367896  -0.084845 0.033491 -0.553475
78  0.000000 -0.000000 0.000000  -0.005080 0.777657 0.950734
79  0.000000 0.440763 -0.000000  0.560599 -0.606774 -0.840617
80  0.000000 0.430558 0.000001  0.010636 0.005835 0.129346
81  0.000000 0.438247 0.000000  0.012040 -0.004363 0.097628
82  0.000001 0.433551 0.000002  0.013741 0.101991 0.183970
83  -0.000001 0.454268 -0.000000  -0.015484 0.219067 0.267944
84  -0.000001 0.438146 -0.000001  -0.064347 0.209816 0.209206
85  -0.000000 0.444415 -0.000000  -0.472036 0.750783 0.289938
86  -0.000000 0.422927 0.000000  -0.282209 0.297570 -0.003424
87  0.000000 0.426508 0.000000  -0.041517 -2.864287 -0.001701
88  -0.000002 0.432947 -0.000001  0.193049 -1.831422 -0.180056
time 62
0  0.000006 0.000000 0.000000  -1.570800 -1.391899 -1.570792
1  -7.803990 -3.666772 1.234826  -1.544956 -1.855077 -0.198630
2  6.027518 -0.000331 0.000191  -1.645870 -0.946229 0.170285
3  11.692108 0.000647 -0.000739  -0.424441 -0.000037 -1.688572
4  11.479073 -0.000688 -0.001117  0.963157 -0.273607 0.511002
5  3.859503 -0.142823 -1.192080  -0.473984 0.187478 -0.892472
6  1.312590 0.000009 0.000008  -0.001008 0.004099 -0.195910
7  0.729355 0.000054 0.000049  -0.000728 -0.000265 -0.164727
8  3.942140 0.046331 -0.431543  -0.136308 0.099594 -0.632505
9  1.539111 0.000084 0.000004  -0.000038 0.000241 -0.567516
10  1.196332 0.000145 0.000028  -0.000009 0.000015 -0.142075
11  3.883510 -0.047212 0.431351  0.088831 0.001908 -0.353758
12  1.719572 -0.000028 0.000016  -0.002950 0.005009 -0.925463
13  1.209179 0.000089 0.000012  0.000847 0.002961 0.073008
14  4.085234 -0.082653 1.151009  0.263916 -0.245108 0.069906
15  1.719449 -0.000019 0.000030  -0.003653 -0.001877 -1.408336
16  1.099675 0.000050 0.000004  0.001193 0.002498 0.016953
17  0.806010 -0.349038 1.321247  -0.850856 -0.576374 -0.854885
18  1.789820 -0.000005 -0.000017  -0.000013 0.000269 -0.070641
19  1.207015 -0.000015 -0.000043  -0.000027 -0.000006 0.094823
20  5.740635 0.000389 -0.000700  -0.119296 0.000003 0.000063
21  11.480823 0.000043 -0.000877  -0.104896 -0.060530 0.069364
22  6.027525 -0.000329 0.000200  -1.042341 -2.791445 -0.869411
23  0.000000 11.692101 -0.000007  -1.140357 -0.583558 -0.876056
24  0.000003 0.000008 -0.000000  0.444664 -0.000030 1.570739
25  0.000001 -0.000012 0.000000  0.868960 0.000002 1.570712
26  -6.212011 -10.642979 0.826812  1.473120 1.855075 -0.198639
27  6.027511 -0.000260 -0.000220  1.526685 0.812667 -0.525006
28  11.691992 0.000160 0.000857  0.346038 0.000051 -1.547264
29  11.479914 -0.000279 0.000972  -1.214751 0.583779 0.611572
30  3.859437 -0.132759 1.193065  0.469647 -0.013262 -1.872395
31  1.312559 0.000026 -0.000000  0.024060 -0.138696 -0.550187
32  0.729345 0.000066 -0.000026  -0.166197 -0.081570 -0.714272
33  3.942046 0.050139 0.431000  0.225309 -0.086237 -1.592712
34  1.539096 0.000004 -0.000001  0.035254 -0.050373 -0.994350
35  1.196301 0.000077 -0.000004  -0.021521 0.002175 -0.839738
36  3.883413 -0.050473 -0.431084  0.184824 -0.271737 -1.204030
37  1.719563 -0.000084 -0.000005  0.022859 -0.107186 -1.509108
38  1.209197 0.000036 0.000010  0.000661 0.071072 -0.480462
39  3.859588 -0.149082 -1.331321  -0.080472 0.327601 -0.061665
40  1.719412 -0.000099 -0.000036  0.097557 0.060679 -0.377229
41  1.099674 0.000024 0.000007  -0.014718 0.004685 0.056983
42  0.805983 -0.359847 -1.318338  0.991670 0.166767 -0.799527
43  1.789779 -0.000008 -0.000042  0.000058 -0.002451 0.133097
44  1.206997 -0.000007 0.000005  0.000372 -0.000071 1.058780
45  5.740572 0.000079 0.000721  0.097359 -0.000014 0.000028
46  11.480927 0.000018 0.000939  0.037682 0.110058 0.087124
47  6.027515 -0.000273 -0.000229  -0.963156 -0.485535 -1.504848
48  -0.000002 11.691977 -0.000006  -1.057322 0.502299 0.827701
49  0.000003 -0.000000 -0.000000  2.618569 -0.000036 1.570860
50  -0.000008 -0.000014 0.000005  2.272645 -0.000036 1.570861
51  -4.069278 -4.939785 -7.410413  -0.123262 -2.952027 1.388849
52  0.000000 -0.000000 0.000000  0.008153 -0.000259 0.000009
53  -0.000001 0.000000 0.000000  1.565115 0.043565 -0.106862
54  3.855745 -10.056449 -7.584569  0.457667 -0.168161 -2.052167
55  0.000001 0.000000 -0.000000  0.000000 -0.000001 -0.000002
56  0.000031 0.000029 0.000001  -1.571902 -0.044449 -0.106509
57  22.341072 7.718227 -11.478920  1.570796 -0.000000 0.000000
58  -16.319784 5.039393 -18.063972  1.570796 -0.000000 0.000000
59  1.239137 4.996557 -7.028192  1.570796 -0.000000 0.000000
60  -0.004311 0.001230 -0.000371  0.006898 -0.005534 -0.284229
61  0.826810 11.578514 -4.219014  1.570796 -0.000000 0.000000
62  0.000000 0.000000 0.000000  -0.078727 -3.136056 0.284226
63  0.000000 0.000000 0.000000  1.586705 0.019457 -0.005971
64  -2.966847 -9.029317 -2.157059  1.545095 0.064970 0.008982
65  0.042352 -2.889250 0.627700  -0.000000 -0.000000 0.000000
66  0.042352 -0.907088 1.190367  -0.000000 -0.000000 0.000000
67  -1.331044 -1.025122 4.361372  -0.000000 -0.000000 0.000000
68  0.042353 -0.884531 23.199602  -0.000000 -0.000000 0.000000
69  0.042255 0.181228 5.671382  1.495937 0.000000 -0.000000
70  0.000096 0.089185 -9.714656  0.000000 -0.000000 -0.000000
71  0.042352 -0.569288 7.155123  -0.000000 -0.000000 0.000000
72  -0.682762 -1.501893 3.214538  -0.000000 -0.000000 0.000000
73  0.074279 -0.628099 4.762586  -0.000000 -0.000000 0.000000
74  -3.179221 -13.841540 -6.123708  1.545095 0.064970 0.008982
75  0.048471 3.702883 -1.382187  0.000000 3.115334 1.548341
76  2.923888 1.668560 -1.111005  -0.000000 -0.000000 -0.087266
77  2.269612 0.751182 -1.367896  -0.084845 0.033491 -0.553474
78  -0.000001 0.000000 0.000001  -0.005081 0.777657 0.950734
79  0.000001 0.440764 0.000000  0.560599 -0.606775 -0.840617
80  0.000001 0.430558 -0.000001  0.010636 0.005835 0.129346
81  -0.000001 0.438247 -0.000001  0.012040 -0.004363 0.097628
82  0.000000 0.433550 0.000001  0.013741 0.101991 0.183969
83  0.000000 0.454268 -0.000000  -0.015484 0.219067 0.267944
84  -0.000000 0.438146 -0.000002  -0.064347 0.209816 0.209206
85  -0.000000 0.444415 0.000000  -0.472036 0.750783 0.289938
86  0.000001 0.422926 -0.000001  -0.282210 0.297570 -0.003424
87  0.000001 0.426508 -0.000000  -0.041517 -2.864287 -0.001701
88  -0.000001 0.432947 -0.000000  0.193048 -1.831423 -0.180055
time 63
0  0.000006 0.000000 0.000000  -1.570800 -1.391899 -1.570792
1  -7.803990 -3.666772 1.234826  -1.544956 -1.855077 -0.198630
2  6.027518 -0.000331 0.000191  -1.700131 -0.936296 0.210490
3  11.692107 0.000644 -0.000739  -0.444211 -0.000037 -1.687525
4  11.479079 -0.000662 -0.001132  1.008361 -0.220043 0.515955
5  3.859503 -0.142823 -1.192080  -0.473984 0.187478 -0.892472
6  1.312590 0.000010 0.000008  -0.001008 0.004099 -0.195910
7  0.729355 0.000054 0.000050  -0.000728 -0.000265 -0.164727
8  3.942140 0.046332 -0.431544  -0.136308 0.099594 -0.632505
9  1.539111 0.000082 0.000005  -0.000038 0.000241 -0.567516
10  1.196332 0.000147 0.000030  -0.000009 0.000015 -0.142075
11  3.883509 -0.047212 0.431350  0.088831 0.001908 -0.353758
12  1.719573 -0.000029 0.000016  -0.002950 0.005010 -0.925463
13  1.209180 0.000091 0.000012  0.000847 0.002961 0.073008
14  4.085234 -0.082653 1.151008  0.263916 -0.245108 0.069906
15  1.719448 -0.000018 0.000029  -0.003653 -0.001877 -1.408336
16  1.099675 0.000048 0.000006  0.001193 0.002498 0.016953
17  0.806011 -0.349038 1.321247  -0.850856 -0.576374 -0.854885
18  1.789820 -0.000005 -0.000018  -0.000013 0.000269 -0.070641
19  1.207015 -0.000013 -0.000043  -0.000027 -0.000006 0.094823
20  5.740637 0.000389 -0.000700  -0.114909 0.000003 0.000063
21  11.480826 0.000049 -0.000880  -0.099278 -0.048500 0.074741
22  6.027525 -0.000329 0.000200  2.124847 -0.326992 2.260021
23  -0.000001 11.692101 -0.000006  -1.139744 -0.582944 -0.875718
24  0.000001 0.000009 -0.000001  0.424894 -0.000031 1.570738
25  -0.000001 -0.000011 0.000000  0.868960 0.000002 1.570712
26  -6.212011 -10.642979 0.826812  1.473120 1.855075 -0.198639
27  6.027511 -0.000260 -0.000220  1.522498 0.823091 -0.527312
28  11.691994 0.000163 0.000858  0.346038 0.000051 -1.550162
29  11.479891 -0.000292 0.000979  -1.180076 0.592046 0.641675
30  3.859437 -0.132758 1.193065  0.469647 -0.013262 -1.872395
31  1.312559 0.000026 -0.000001  0.024060 -0.138696 -0.550187
32  0.729345 0.000064 -0.000028  -0.166197 -0.081570 -0.714272
33  3.942046 0.050139 0.431000  0.225309 -0.086237 -1.592712
34  1.539097 0.000005 -0.000001  0.035254 -0.050373 -0.994350
35  1.196301 0.000078 -0.000003  -0.021521 0.002175 -0.839738
36  3.883412 -0.050472 -0.431084  0.184824 -0.271737 -1.204030
37  1.719563 -0.000085 -0.000004  0.022859 -0.107186 -1.509108
38  1.209198 0.000035 0.000011  0.000661 0.071072 -0.480462
39  3.859589 -0.149082 -1.331321  -0.080472 0.327601 -0.061665
40  1.719413 -0.000098 -0.000037  0.097557 0.060679 -0.377229
41  1.099675 0.000024 0.000007  -0.014718 0.004685 0.056983
42  0.805983 -0.359848 -1.318338  0.991670 0.166767 -0.799527
43  1.789779 -0.000008 -0.000042  0.000058 -0.002451 0.133098
44  1.206996 -0.000008 0.000006  0.000372 -0.000071 1.058780
45  5.740571 0.000079 0.000722  0.104784 -0.000014 0.000028
46  11.480921 0.000016 0.000941  0.042060 0.113900 0.090332
47  6.027515 -0.000273 -0.000229  -0.974721 -0.482061 -1.498719
48  -0.000001 11.691977 -0.000007  -1.059031 0.503929 0.828749
49  0.000003 0.000001 0.000001  2.618569 -0.000036 1.570860
50  -0.000007 -0.000014 0.000004  2.272645 -0.000036 1.570861
51  -3.900767 -4.915904 -7.299722  -0.099958 -2.963078 1.380684
52  -0.000000 -0.000000 0.000000  0.008153 -0.000259 0.000009
53  -0.000000 0.000000 0.000000  1.565115 0.043565 -0.106862
54  4.060571 -10.064196 -7.109867  0.501937 -0.137358 -2.062971
55  -0.000001 -0.000000 -0.000001  0.000000 -0.000001 -0.000002
56  0.000030 0.000029 0.000000  -1.571901 -0.044449 -0.106509
57  22.374836 7.613912 -11.622807  1.570796 -0.000000 0.000000
58  -16.319784 5.039393 -18.063972  1.570796 -0.000000 0.000000
59  1.239137 4.996557 -7.028192  1.570796 -0.000000 0.000000
60  -0.004311 0.001230 -0.000371  0.006898 -0.005534 -0.284229
61  0.826810 11.578514 -4.219014  1.570796 -0.000000 0.000000
62  0.000000 0.000000 0.000000  -0.078727 -3.136056 0.284226
63  0.000000 0.000000 0.000000  1.586978 0.010221 -0.003169
64  -2.943363 -9.044237 -2.048286  1.551549 0.040364 0.005421
65  0.042352 -2.889250 0.627700  -0.000000 -0.000000 -0.000000
66  0.042352 -0.907088 1.190368  -0.000000 -0.000000 -0.000000
67  -1.331044 -1.025122 4.361372  -0.000000 -0.000000 -0.000000
68  0.042354 -0.884531 23.199602  -0.000000 -0.000000 -0.000000
69  0.042256 0.181227 5.671383  1.491270 0.000000 -0.000000
70  0.000096 0.089184 -9.714656  0.000000 -0.000000 -0.000000
71  0.042352 -0.569288 7.155123  -0.000000 -0.000000 -0.000000
72  -0.682762 -1.501893 3.214539  -0.000000 -0.000000 -0.000000
73  0.074279 -0.628099 4.762587  -0.000000 -0.000000 -0.000000
74  -3.056653 -13.829031 -6.050191  1.551475 0.011842 0.005162
75  0.127166 3.701116 -1.382188  -0.001063 3.115355 1.507861
76  2.923888 1.668561 -1.111006  0.000000 0.000000 -0.087266
77  2.273700 0.677831 -1.378254  -0.083540 0.033409 -0.560079
78  0.000000 0.000000 -0.000001  -0.003062 0.776992 0.945568
79  -0.000001 0.440763 0.000000  0.564781 -0.603523 -0.846120
80  -0.000000 0.430558 0.000000  0.011360 0.006214 0.124926
81  0.000000 0.438248 -0.000000  0.012459 -0.004002 0.094296
82  0.000000 0.433550 0.000001  0.013873 0.102341 0.181740
83  -0.000000 0.454267 0.000001  -0.015463 0.219455 0.266789
84  -0.000001 0.438146 -0.000001  -0.064492 0.210355 0.208750
85  -0.000001 0.444415 0.000002  -0.472410 0.751587 0.289608
86  -0.000001 0.422927 -0.000001  -0.281144 0.298401 -0.003411
87  0.000000 0.426508 -0.000000  -0.044969 -2.863633 -0.000562
88  0.000002 0.432947 -0.000000  0.215022 -1.832090 -0.203058
time 64
0  0.000006 0.000000 0.000000  -1.570800 -1.391899 -1.570792
1  -7.803990 -3.666772 1.234826  -1.544956 -1.855077 -0.198630
2  6.027519 -0.000331 0.000191  -1.758487 -0.928676 0.260999
3  11.692108 0.000644 -0.000737  -0.477871 -0.000037 -1.686246
4  11.479084 -0.000621 -0.001150  1.053285 -0.172039 0.524278
5  3.859504 -0.142823 -1.192080  -0.473984 0.187478 -0.892472
6  1.312589 0.000010 0.000009  -0.001008 0.004099 -0.195910
7  0.729355 0.000054 0.000049  -0.000728 -0.000265 -0.164727
8  3.942141 0.046331 -0.431544  -0.136308 0.099594 -0.632505
9  1.539110 0.000084 0.000004  -0.000038 0.000241 -0.567516
10  1.196332 0.000144 0.000027  -0.000009 0.000015 -0.142075
11  3.883510 -0.047212 0.431351  0.088831 0.001908 -0.353758
12  1.719572 -0.000029 0.000018  -0.002950 0.005009 -0.925463
13  1.209179 0.000089 0.000012  0.000847 0.002961 0.073008
14  4.085234 -0.082653 1.151008  0.263916 -0.245108 0.069906
15  1.719448 -0.000018 0.000030  -0.003653 -0.001877 -1.408336
16  1.099675 0.000048 0.000005  0.001194 0.002498 0.016953
17  0.806011 -0.349038 1.321247  -0.850856 -0.576374 -0.854885
18  1.789820 -0.000003 -0.000017  -0.000013 0.000269 -0.070641
19  1.207015 -0.000015 -0.000043  -0.000027 -0.000006 0.094823
20  5.740636 0.000389 -0.000699  -0.109836 0.000003 0.000063
21  11.480825 0.000056 -0.000884  -0.093237 -0.037553 0.080059
22  6.027525 -0.000329 0.000200  2.148002 -0.299036 2.256528
23  0.000001 11.692101 -0.000007  -1.138994 -0.582194 -0.875305
24  0.000003 0.000008 0.000000  0.391234 -0.000031 1.570739
25  0.000000 -0.000011 -0.000000  0.868960 0.000002 1.570712
26  -6.212011 -10.642979 0.826812  1.473120 1.855075 -0.198639
27  6.027511 -0.000260 -0.000220  1.537536 0.824849 -0.520746
28  11.691992 0.000161 0.000857  0.346038 0.000052 -1.562183
29  11.479800 -0.000343 0.000997  -1.193365 0.583291 0.668753
30  3.859438 -0.132759 1.193064  0.469647 -0.013262 -1.872395
31  1.312559 0.000025 -0.000001  0.024060 -0.138696 -0.550187
32  0.729345 0.000064 -0.000027  -0.166197 -0.081570 -0.714272
33  3.942047 0.050138 0.430999  0.225309 -0.086237 -1.592712
34  1.539097 0.000005 -0.000001  0.035254 -0.050373 -0.994350
35  1.196301 0.000077 -0.000003  -0.021521 0.002175 -0.839738
36  3.883414 -0.050473 -0.431085  0.184824 -0.271737 -1.204030
37  1.719565 -0.000083 -0.000004  0.022858 -0.107186 -1.509108
38  1.209198 0.000035 0.000012  0.000661 0.071072 -0.480462
39  3.859588 -0.149083 -1.331322  -0.080472 0.327601 -0.061665
40  1.719413 -0.000098 -0.000036  0.097557 0.060679 -0.377229
41  1.099673 0.000023 0.000007  -0.014718 0.004685 0.056983
42  0.805984 -0.359848 -1.318340  0.991670 0.166767 -0.799527
43  1.789780 -0.000008 -0.000042  0.000058 -0.002451 0.133098
44  1.206997 -0.000008 0.000005  0.000372 -0.000071 1.058780
45  5.740573 0.000078 0.000721  0.104865 -0.000014 0.000028
46  11.480904 0.000005 0.000945  0.039098 0.112150 0.096790
47  6.027515 -0.000273 -0.000229  -0.969937 -0.472606 -1.505388
48  -0.000002 11.691977 -0.000006  -1.066112 0.510709 0.833070
49  0.000004 0.000000 0.000000  2.618569 -0.000036 1.570860
50  -0.000007 -0.000013 0.000005  2.272645 -0.000036 1.570861
51  -3.938854 -4.836781 -7.084486  -0.119157 -2.971807 1.378391
52  -0.000001 0.000000 -0.000000  0.008153 -0.000259 0.000009
53  -0.000000 -0.000000 -0.000001  1.565115 0.043565 -0.106862
54  4.200702 -10.039792 -6.603614  0.541546 -0.102509 -2.074348
55  0.000000 -0.000000 -0.000001  0.000000 -0.000001 -0.000002
56  0.000031 0.000029 0.000000  -1.571901 -0.044449 -0.106509
57  22.478760 7.576877 -11.673890  1.570796 -0.000000 0.000000
58  -16.319784 5.039393 -18.063972  1.570796 -0.000000 0.000000
59  1.239137 4.996557 -7.028192  1.570796 -0.000000 0.000000
60  -0.004311 0.001230 -0.000371  0.006898 -0.005534 -0.284229
61  0.826810 11.578514 -4.219014  1.570796 -0.000000 0.000000
62  0.000000 0.000000 0.000000  -0.078727 -3.136056 0.284226
63  0.000000 0.000000 0.000000  1.585640 0.000596 0.002090
64  -2.916634 -9.034150 -1.900425  1.563777 0.057233 0.000399
65  0.042352 -2.889250 0.627701  -0.000000 -0.000000 -0.000000
66  0.042352 -0.907087 1.190369  -0.000000 -0.000000 -0.000000
67  -1.331044 -1.025121 4.361374  -0.000000 -0.000000 -0.000000
68  0.042353 -0.884531 23.199604  -0.000000 -0.000000 -0.000000
69  0.042255 0.181228 5.671384  1.486769 0.000000 -0.000000
70  0.000096 0.089185 -9.714657  -0.000000 0.000000 -0.000000
71  0.042352 -0.569288 7.155124  -0.000000 -0.000000 -0.000000
72  -0.682762 -1.501893 3.214540  -0.000000 -0.000000 -0.000000
73  0.074278 -0.628098 4.762588  -0.000000 -0.000000 -0.000000
74  -2.985134 -13.767281 -5.954474  1.563220 -0.039371 -0.001636
75  0.205861 3.699349 -1.382188  -0.002738 3.115477 1.443870
76  2.923888 1.668561 -1.111007  0.000000 -0.000000 -0.141647
77  2.302320 0.604478 -1.397499  -0.081641 0.033705 -0.563460
78  -0.000001 -0.000000 -0.000001  -0.000486 0.776058 0.944036
79  0.000000 0.440763 -0.000000  0.569305 -0.600238 -0.851481
80  0.000001 0.430558 -0.000000  0.012445 0.006669 0.121253
81  0.000000 0.438247 0.000001  0.013131 -0.003549 0.092362
82  -0.000000 0.433550 -0.000001  0.014149 0.102791 0.181478
83  -0.000000 0.454267 0.000002  -0.015617 0.220037 0.267396
84  0.000001 0.438146 0.000001  -0.064888 0.211154 0.208581
85  0.000000 0.444414 0.000001  -0.471571 0.752443 0.288075
86  -0.000000 0.422927 -0.000000  -0.273679 0.299700 -0.003824
87  -0.000001 0.426508 -0.000000  -0.060060 -2.862544 0.003172
88  -0.000001 0.432947 -0.000001  0.296688 -1.836677 -0.287116
time 65
0  0.000006 0.000000 0.000000  -1.570800 -1.391899 -1.570792
1  -7.879563 -4.084697 1.234826  -1.544956 -1.855077 -0.198630
2  6.027518 -0.000330 0.000191  -1.807578 -0.925714 0.314275
3  11.692106 0.000643 -0.000738  -0.534610 -0.000033 -1.637495
4  11.479417 -0.000407 -0.001097  1.126664 -0.131855 0.486506
5  3.859503 -0.142823 -1.192080  -0.473984 0.187478 -0.892472
6  1.312590 0.000011 0.000008  -0.001008 0.004099 -0.195910
7  0.729355 0.000052 0.000050  -0.000728 -0.000265 -0.164727
8  3.942139 0.046331 -0.431543  -0.136308 0.099594 -0.632505
9  1.539111 0.000082 0.000003  -0.000038 0.000241 -0.567516
10  1.196333 0.000146 0.000027  -0.000009 0.000015 -0.142075
11  3.883511 -0.047212 0.431350  0.088831 0.001908 -0.353758
12  1.719572 -0.000029 0.000016  -0.002950 0.005010 -0.925463
13  1.209179 0.000089 0.000013  0.000847 0.002961 0.073008
14  4.085235 -0.082653 1.151008  0.263916 -0.245108 0.069906
15  1.719448 -0.000019 0.000030  -0.003653 -0.001877 -1.408336
16  1.099674 0.000050 0.000004  0.001193 0.002498 0.016953
17  0.806011 -0.349038 1.321247  -0.850856 -0.576374 -0.854885
18  1.789820 -0.000003 -0.000017  -0.000013 0.000269 -0.070641
19  1.207015 -0.000015 -0.000044  -0.000027 -0.000006 0.094823
20  5.740636 0.000387 -0.000699  -0.096582 0.000003 0.000064
21  11.480892 0.000098 -0.000873  -0.081554 -0.024942 0.076269
22  6.027524 -0.000328 0.000200  2.162882 -0.273100 2.266332
23  -0.000000 11.692101 -0.000008  -1.110425 -0.553803 -0.859199
24  0.000004 0.000009 0.000000  0.334494 -0.000030 1.570739
25  -0.000001 -0.000011 -0.000001  0.868960 0.000002 1.570712
26  -6.212011 -10.642979 0.826812  1.473120 1.855075 -0.198639
27  6.027511 -0.000260 -0.000220  1.552661 0.820834 -0.513988
28  11.691992 0.000161 0.000857  0.346038 0.000053 -1.572484
29  11.479724 -0.000384 0.001011  -1.227084 0.574514 0.677617
30  3.859437 -0.132758 1.193066  0.469647 -0.013262 -1.872395
31  1.312559 0.000027 -0.000001  0.024060 -0.138696 -0.550187
32  0.729345 0.000064 -0.000027  -0.166197 -0.081570 -0.714272
33  3.942047 0.050139 0.431000  0.225309 -0.086237 -1.592712
34  1.539097 0.000006 -0.000001  0.035254 -0.050373 -0.994350
35  1.196300 0.000077 -0.000004  -0.021521 0.002175 -0.839738
36  3.883413 -0.050473 -0.431084  0.184824 -0.271737 -1.204030
37  1.719565 -0.000084 -0.000005  0.022859 -0.107186 -1.509108
38  1.209198 0.000035 0.000011  0.000661 0.071072 -0.480462
39  3.859589 -0.149082 -1.331320  -0.080472 0.327601 -0.061665
40  1.719413 -0.000098 -0.000036  0.097557 0.060679 -0.377229
41  1.099673 0.000023 0.000007  -0.014718 0.004685 0.056983
42  0.805984 -0.359848 -1.318338  0.991670 0.166767 -0.799527
43  1.789780 -0.000008 -0.000042  0.000058 -0.002451 0.133097
44  1.206996 -0.000006 0.000005  0.000372 -0.000071 1.058781
45  5.740572 0.000079 0.000720  0.100394 -0.000014 0.000028
46  11.480888 -0.000003 0.000947  0.033262 0.108916 0.101020
47  6.027515 -0.000273 -0.000229  -0.959862 -0.466187 -1.514275
48  -0.000003 11.691976 -0.000007  -1.072174 0.516540 0.836741
49  0.000003 -0.000000 0.000000  2.618569 -0.000036 1.570860
50  -0.000008 -0.000013 0.000004  2.272645 -0.000036 1.570861
51  -4.052274 -4.768004 -6.948627  -0.151665 -2.972157 1.378375
52  0.000000 0.000000 -0.000000  0.008153 -0.000259 0.000009
53  -0.000000 -0.000000 0.000001  1.565115 0.043565 -0.106862
54  4.501849 -10.032045 -6.181269  0.582866 -0.073953 -2.085430
55  0.000000 0.000000 0.000000  0.000000 -0.000001 -0.000002
56  0.000031 0.000029 0.000001  -1.571902 -0.044449 -0.106509
57  22.849081 7.600171 -11.540365  1.570796 -0.000000 0.000000
58  -16.319784 5.039393 -18.063972  1.570796 -0.000000 0.000000
59  1.239137 5.421260 -7.028192  1.570796 -0.000000 0.000000
60  -0.004311 0.001230 -0.000371  0.006898 -0.005534 -0.284229
61  0.826810 11.578514 -4.219014  1.570796 -0.000000 0.000000
62  0.000000 0.000000 0.000000  -0.078727 -3.136056 0.284226
63  0.000000 0.000000 0.000000  1.582394 -0.006726 0.004920
64  -2.891522 -9.004725 -1.826109  1.570197 0.088630 -0.004637
65  0.042352 -2.889250 0.627700  0.000000 -0.000000 0.000000
66  0.042352 -0.907087 1.190368  0.000000 -0.000000 0.000000
67  -1.331044 -1.025122 4.361372  0.000000 -0.000000 0.000000
68  0.042353 -0.884531 23.199600  0.000000 -0.000000 0.000000
69  0.042256 0.181228 5.671382  1.484338 0.000000 0.000000
70  0.000096 0.089185 -9.714657  -0.000000 -0.000000 0.000000
71  0.042352 -0.569288 7.155123  0.000000 -0.000000 0.000000
72  -0.682762 -1.501893 3.214539  0.000000 -0.000000 0.000000
73  0.074278 -0.628098 4.762586  0.027449 -0.000000 0.000000
74  -2.734485 -13.708121 -5.909755  1.568375 -0.089200 -0.009408
75  0.092685 3.848641 -1.377429  0.006284 3.104198 1.411209
76  2.923889 1.668561 -1.111005  0.000000 0.000000 -0.261799
77  2.370757 0.681059 -1.411164  -0.053505 0.016982 -0.668986
78  -0.000000 0.000001 -0.000000  -0.024194 0.769097 1.015299
79  0.000000 0.440764 -0.000000  0.534255 -0.646379 -0.791637
80  0.000000 0.430558 -0.000000  0.015028 -0.006907 0.162468
81  0.000000 0.438246 0.000001  0.019481 0.102406 0.123674
82  -0.000000 0.433550 -0.000002  0.009603 0.091474 0.181320
83  0.000001 0.454268 0.000001  -0.015787 0.207671 0.249094
84  0.000001 0.438145 -0.000002  -0.068552 0.232049 0.092009
85  -0.000001 0.444415 -0.000001  -0.440960 0.732175 0.273692
86  0.000000 0.422927 -0.000000  -0.236546 0.287241 -0.006225
87  0.000002 0.426508 0.000000  0.004080 -2.890836 -0.033570
88  -0.000001 0.432947 -0.000000  0.311904 -1.841513 -0.304389
time 66
0  0.000006 0.000000 0.000000  -1.570800 -1.391899 -1.570792
1  -8.092431 -5.261864 1.234827  -1.544956 -1.855077 -0.198630
2  6.027518 -0.000332 0.000191  -1.840730 -0.936077 0.364472
3  11.692108 0.000645 -0.000738  -0.617114 -0.000025 -1.498650
4  11.480476 0.000200 -0.000761  1.250381 -0.080485 0.375791
5  3.859503 -0.142823 -1.192078  -0.473984 0.187478 -0.892472
6  1.312590 0.000010 0.000008  -0.001008 0.004099 -0.195910
7  0.729355 0.000054 0.000050  -0.000728 -0.000265 -0.164727
8  3.942141 0.046331 -0.431542  -0.136308 0.099594 -0.632505
9  1.539110 0.000082 0.000004  -0.000038 0.000241 -0.567516
10  1.196332 0.000146 0.000027  -0.000009 0.000015 -0.142075
11  3.883511 -0.047212 0.431351  0.088831 0.001908 -0.353758
12  1.719572 -0.000029 0.000018  -0.002950 0.005010 -0.925463
13  1.209178 0.000090 0.000012  0.000847 0.002961 0.073008
14  4.085234 -0.082653 1.151009  0.263916 -0.245108 0.069906
15  1.719448 -0.000019 0.000027  -0.003653 -0.001877 -1.408336
16  1.099675 0.000048 0.000007  0.001193 0.002498 0.016953
17  0.806011 -0.349038 1.321248  -0.850856 -0.576374 -0.854885
18  1.789820 -0.000004 -0.000017  -0.000013 0.000269 -0.070641
19  1.207015 -0.000014 -0.000043  -0.000027 -0.000006 0.094823
20  5.740636 0.000389 -0.000700  -0.070091 0.000003 0.000064
21  11.481106 0.000220 -0.000806  -0.060172 -0.006418 0.058740
22  6.027524 -0.000329 0.000200  2.160253 -0.250901 2.290616
23  0.000000 11.692101 -0.000008  -1.028670 -0.475216 -0.809758
24  0.000003 0.000009 0.000000  0.251985 -0.000031 1.570738
25  -0.000001 -0.000011 -0.000000  0.868960 0.000002 1.570712
26  -6.212011 -10.642979 0.826812  1.473120 1.855075 -0.198639
27  6.027511 -0.000260 -0.000220  1.553501 0.815313 -0.513524
28  11.691993 0.000160 0.000859  0.346038 0.000053 -1.575896
29  11.479704 -0.000397 0.001015  -1.248086 0.578051 0.667668
30  3.859438 -0.132759 1.193065  0.469647 -0.013262 -1.872395
31  1.312559 0.000026 -0.000002  0.024060 -0.138696 -0.550187
32  0.729346 0.000063 -0.000027  -0.166197 -0.081570 -0.714272
33  3.942046 0.050139 0.431000  0.225309 -0.086237 -1.592712
34  1.539096 0.000006 -0.000001  0.035254 -0.050373 -0.994350
35  1.196300 0.000078 -0.000003  -0.021521 0.002175 -0.839738
36  3.883413 -0.050473 -0.431084  0.184824 -0.271737 -1.204030
37  1.719564 -0.000083 -0.000005  0.022859 -0.107186 -1.509108
38  1.209198 0.000034 0.000011  0.000661 0.071072 -0.480462
39  3.859588 -0.149082 -1.331321  -0.080472 0.327601 -0.061665
40  1.719414 -0.000098 -0.000036  0.097557 0.060679 -0.377229
41  1.099673 0.000023 0.000007  -0.014718 0.004685 0.056983
42  0.805983 -0.359847 -1.318338  0.991670 0.166767 -0.799527
43  1.789780 -0.000008 -0.000042  0.000058 -0.002451 0.133098
44  1.206997 -0.000006 0.000005  0.000372 -0.000071 1.058781
45  5.740573 0.000079 0.000722  0.096239 -0.000014 0.000028
46  11.480885 -0.000006 0.000948  0.029635 0.108309 0.100272
47  6.027515 -0.000273 -0.000229  -0.954306 -0.468677 -1.516928
48  -0.000001 11.691977 -0.000007  -1.074181 0.518476 0.837951
49  0.000004 0.000000 0.000000  2.618569 -0.000036 1.570860
50  -0.000008 -0.000013 0.000004  2.272645 -0.000036 1.570861
51  -4.104164 -4.740287 -6.985515  -0.167579 -2.964253 1.377324
52  -0.000000 0.000000 0.000000  0.008153 -0.000259 0.000009
53  -0.000000 0.000000 -0.000000  1.565115 0.043565 -0.106862
54  5.196893 -10.042213 -5.876701  0.631103 -0.055506 -2.093978
55  -0.000001 -0.000000 0.000000  0.000000 -0.000001 -0.000002
56  0.000030 0.000029 0.000001  -1.571901 -0.044449 -0.106509
57  23.623146 7.673868 -11.164265  1.570796 -0.000000 0.000000
58  -16.319784 5.039393 -18.063972  1.570796 -0.000000 0.000000
59  1.239137 6.617519 -7.028192  1.570796 -0.000000 0.000000
60  -0.004311 0.001230 -0.000371  0.006898 -0.005534 -0.284229
61  0.826810 11.578514 -4.219014  1.570796 -0.000000 0.000000
62  0.000000 0.000000 0.000000  -0.078727 -3.136056 0.284226
63  0.000000 0.000000 0.000000  1.578529 -0.011285 0.004608
64  -2.872889 -8.957211 -1.863128  1.565309 0.105498 -0.008908
65  0.042352 -2.889251 0.627700  -0.000000 0.000000 0.000000
66  0.042352 -0.907088 1.190368  -0.000000 0.000000 0.000000
67  -1.331044 -1.025122 4.361372  -0.000000 0.000000 0.000000
68  0.042353 -0.884531 23.199604  -0.000000 0.000000 0.000000
69  0.042255 0.181228 5.671382  1.483171 0.000000 0.000000
70  0.000096 0.089184 -9.714657  0.000000 0.000000 0.000000
71  0.042352 -0.569288 7.155123  -0.000000 0.000000 0.000000
72  -0.682763 -1.501893 3.214539  -0.000000 0.000000 0.000000
73  0.074278 -0.628098 4.762587  0.078443 0.000000 0.000000
74  -2.064437 -13.678156 -5.945842  1.561067 -0.140235 -0.013998
75  -0.170517 4.126967 -1.363935  0.021610 3.082339 1.339149
76  2.923889 1.668561 -1.111005  0.000000 -0.000000 -0.381952
77  2.446455 0.823280 -1.417932  0.015069 -0.014113 -0.848408
78  0.000000 -0.000000 -0.000002  -0.049460 0.739194 1.187562
79  -0.000000 0.440764 -0.000000  0.484394 -0.733368 -0.673216
80  0.000000 0.430558 0.000000  0.036263 -0.035508 0.223452
81  -0.000000 0.438247 0.000001  0.041544 0.299657 0.166346
82  -0.000000 0.433550 0.000001  0.002210 0.070594 0.160641
83  -0.000001 0.454267 0.000000  -0.013973 0.184005 0.200741
84  0.000001 0.438146 0.000002  -0.073993 0.274028 -0.129461
85  -0.000000 0.444414 0.000000  -0.366227 0.699967 0.250507
86  0.000001 0.422926 -0.000000  -0.158954 0.268611 -0.002109
87  0.000001 0.426508 -0.000000  0.122783 -2.943905 -0.082067
88  -0.000001 0.432947 0.000000  0.229844 -1.833107 -0.247553
time 67
0  0.000006 0.000000 0.000000  -1.570800 -1.391899 -1.570792
1  -8.365751 -6.773340 1.234828  -1.544956 -1.855077 -0.198630
2  6.027518 -0.000331 0.000192  -1.853238 -0.949117 0.398700
3  11.692111 0.000645 -0.000738  -0.702118 -0.000014 -1.306732
4  11.480466 0.000295 -0.000715  1.379792 -0.002798 0.226232
5  3.859503 -0.142823 -1.192079  -0.473984 0.187478 -0.892472
6  1.312589 0.000012 0.000008  -0.001008 0.004099 -0.195910
7  0.729355 0.000054 0.000048  -0.000728 -0.000265 -0.164727
8  3.942141 0.046331 -0.431542  -0.136308 0.099594 -0.632505
9  1.539111 0.000085 0.000005  -0.000038 0.000241 -0.567516
10  1.196332 0.000144 0.000029  -0.000009 0.000015 -0.142075
11  3.883512 -0.047212 0.431350  0.088831 0.001908 -0.353758
12  1.719572 -0.000028 0.000018  -0.002950 0.005010 -0.925463
13  1.209179 0.000091 0.000013  0.000847 0.002961 0.073008
14  4.085235 -0.082653 1.151009  0.263916 -0.245108 0.069906
15  1.719448 -0.000018 0.000027  -0.003653 -0.001877 -1.408336
16  1.099676 0.000048 0.000006  0.001194 0.002498 0.016953
17  0.806012 -0.349037 1.321247  -0.850856 -0.576374 -0.854885
18  1.789820 -0.000004 -0.000017  -0.000013 0.000269 -0.070641
19  1.207015 -0.000014 -0.000043  -0.000026 -0.000006 0.094823
20  5.740635 0.000390 -0.000699  -0.039603 0.000003 0.000064
21  11.481105 0.000237 -0.000798  -0.036648 0.016089 0.032656
22  6.027524 -0.000329 0.000201  2.150242 -0.239510 2.317155
23  0.000000 11.692100 -0.000007  -0.913498 -0.372978 -0.733133
24  0.000004 0.000009 0.000001  0.166973 -0.000030 1.570739
25  -0.000000 -0.000012 -0.000001  0.868960 0.000002 1.570712
26  -6.212011 -10.642979 0.826812  1.473120 1.855075 -0.198639
27  6.027511 -0.000260 -0.000220  1.541532 0.810670 -0.518563
28  11.691993 0.000161 0.000860  0.346038 0.000053 -1.575339
29  11.479707 -0.000395 0.001014  -1.244681 0.591692 0.651505
30  3.859437 -0.132758 1.193066  0.469647 -0.013262 -1.872395
31  1.312559 0.000025 -0.000001  0.024060 -0.138696 -0.550187
32  0.729345 0.000064 -0.000027  -0.166197 -0.081570 -0.714272
33  3.942046 0.050139 0.431000  0.225309 -0.086237 -1.592712
34  1.539097 0.000006 -0.000000  0.035254 -0.050373 -0.994350
35  1.196300 0.000077 -0.000004  -0.021521 0.002175 -0.839738
36  3.883413 -0.050472 -0.431085  0.184824 -0.271737 -1.204030
37  1.719564 -0.000083 -0.000005  0.022858 -0.107186 -1.509108
38  1.209198 0.000035 0.000010  0.000661 0.071072 -0.480462
39  3.859588 -0.149081 -1.331321  -0.080472 0.327601 -0.061665
40  1.719412 -0.000099 -0.000035  0.097557 0.060679 -0.377229
41  1.099675 0.000024 0.000008  -0.014718 0.004685 0.056983
42  0.805984 -0.359847 -1.318338  0.991670 0.166767 -0.799527
43  1.789780 -0.000008 -0.000042  0.000058 -0.002451 0.133097
44  1.206996 -0.000008 0.000006  0.000372 -0.000071 1.058781
45  5.740573 0.000078 0.000720  0.095362 -0.000014 0.000028
46  11.480885 -0.000007 0.000948  0.029987 0.110785 0.096377
47  6.027515 -0.000273 -0.000229  -0.954921 -0.478107 -1.512993
48  -0.000000 11.691977 -0.000006  -1.073853 0.518159 0.837754
49  0.000003 0.000000 -0.000000  2.618569 -0.000036 1.570860
50  -0.000007 -0.000013 0.000005  2.272645 -0.000036 1.570861
51  -4.063496 -4.731902 -7.138126  -0.159743 -2.954453 1.374900
52  0.000000 -0.000000 -0.000001  0.008153 -0.000259 0.000009
53  -0.000000 0.000000 -0.000000  1.565115 0.043565 -0.106862
54  6.439429 -10.030008 -5.753523  0.668348 -0.051908 -2.097492
55  0.000000 0.000001 0.000001  0.000000 -0.000001 -0.000002
56  0.000031 0.000030 0.000002  -1.571901 -0.044449 -0.106509
57  24.549557 7.790201 -10.681355  1.570796 -0.000000 0.000000
58  -16.319784 5.039393 -18.063972  1.570796 -0.000000 0.000000
59  1.239137 8.153507 -7.028192  1.570796 -0.000000 0.000000
60  -0.004311 0.001230 -0.000372  0.006898 -0.005534 -0.284229
61  0.826810 11.578514 -4.219014  1.570796 -0.000000 0.000000
62  0.000000 0.000000 0.000000  -0.078727 -3.136056 0.284226
63  0.000000 0.000000 0.000000  1.575298 -0.014550 0.003797
64  -2.865598 -8.892864 -1.962340  1.554203 0.099722 -0.011050
65  0.042352 -2.889251 0.627699  -0.000000 -0.000000 0.000000
66  0.042352 -0.907088 1.190367  -0.000000 -0.000000 0.000000
67  -1.331044 -1.025122 4.361372  -0.000000 -0.000000 0.000000
68  0.042353 -0.884531 23.199604  -0.000000 -0.000000 0.000000
69  0.042255 0.181228 5.671381  1.481562 0.000000 0.000000
70  0.000096 0.089183 -9.714657  0.000000 0.000000 -0.000000
71  0.042352 -0.569288 7.155122  -0.000000 -0.000000 0.000000
72  -0.682762 -1.501893 3.214538  -0.000000 -0.000000 0.000000
73  0.074278 -0.628099 4.762585  0.105891 0.000000 0.000000
74  -0.821816 -13.657505 -6.013094  1.545816 -0.174431 -0.013123
75  -0.469263 4.279999 -1.342883  0.020585 3.068875 1.125033
76  2.923889 1.668561 -1.111007  0.000000 0.000000 -0.436332
77  2.482184 0.899860 -1.419755  0.076545 -0.044672 -0.897088
78  0.000001 -0.000000 -0.000002  -0.040945 0.691893 1.342484
79  0.000002 0.440763 -0.000002  0.482727 -0.791935 -0.603870
80  -0.000001 0.430558 -0.000000  0.064393 -0.054934 0.242134
81  -0.000000 0.438246 0.000001  0.059143 0.404856 0.173997
82  -0.000001 0.433549 -0.000001  0.001983 0.059361 0.129251
83  -0.000001 0.454267 -0.000000  -0.010614 0.172507 0.156248
84  0.000000 0.438146 0.000002  -0.071450 0.305147 -0.261333
85  0.000000 0.444415 0.000000  -0.298718 0.695554 0.228534
86  0.000001 0.422927 0.000001  -0.074004 0.273516 0.007706
87  -0.000001 0.426508 -0.000001  0.127228 -2.952554 -0.081074
88  -0.000000 0.432947 -0.000000  0.466536 -1.829361 -0.520012
time 68
0  0.000006 0.000000 0.000000  -1.570800 -1.391899 -1.570792
1  -8.578619 -7.950507 1.234828  -1.544956 -1.855077 -0.198630
2  6.027518 -0.000331 0.000193  -1.852607 -0.926378 0.409755
3  11.692113 0.000645 -0.000738  -0.761113 -0.000006 -1.141823
4  11.480533 0.000392 -0.000644  1.481409 0.095980 0.113097
5  3.859503 -0.142824 -1.192080  -0.473984 0.187478 -0.892472
6  1.312590 0.000011 0.000008  -0.001008 0.004099 -0.195910
7  0.729356 0.000053 0.000049  -0.000728 -0.000265 -0.164727
8  3.942141 0.046331 -0.431543  -0.136308 0.099594 -0.632505
9  1.539110 0.000083 0.000005  -0.000038 0.000241 -0.567516
10  1.196332 0.000146 0.000028  -0.000009 0.000015 -0.142075
11  3.883512 -0.047212 0.431350  0.088831 0.001908 -0.353758
12  1.719573 -0.000028 0.000017  -0.002950 0.005010 -0.925463
13  1.209179 0.000089 0.000012  0.000847 0.002961 0.073008
14  4.085234 -0.082653 1.151008  0.263916 -0.245108 0.069906
15  1.719449 -0.000019 0.000026  -0.003653 -0.001877 -1.408336
16  1.099675 0.000048 0.000005  0.001194 0.002498 0.016953
17  0.806011 -0.349038 1.321247  -0.850856 -0.576374 -0.854885
18  1.789821 -0.000004 -0.000018  -0.000013 0.000269 -0.070641
19  1.207015 -0.000014 -0.000044  -0.000027 -0.000006 0.094823
20  5.740637 0.000388 -0.000699  -0.014039 0.000003 0.000063
21  11.481120 0.000255 -0.000784  -0.017061 0.039187 0.012078
22  6.027524 -0.000329 0.000202  -0.969434 -2.894035 -0.818160
23  0.000001 11.692101 -0.000007  -0.811366 -0.292146 -0.659923
24  0.000001 0.000008 -0.000001  0.107969 -0.000031 1.570739
25  -0.000000 -0.000011 -0.000000  0.868960 0.000002 1.570712
26  -6.212011 -10.642979 0.826812  1.473120 1.855075 -0.198639
27  6.027511 -0.000260 -0.000220  1.524890 0.804573 -0.525405
28  11.691992 0.000161 0.000857  0.346038 0.000053 -1.573604
29  11.479719 -0.000387 0.001012  -1.232299 0.605878 0.630242
30  3.859437 -0.132758 1.193064  0.469647 -0.013262 -1.872395
31  1.312559 0.000025 -0.000001  0.024060 -0.138696 -0.550187
32  0.729346 0.000065 -0.000027  -0.166197 -0.081570 -0.714272
33  3.942047 0.050139 0.430999  0.225309 -0.086237 -1.592712
34  1.539097 0.000005 -0.000001  0.035254 -0.050373 -0.994350
35  1.196301 0.000078 -0.000003  -0.021521 0.002175 -0.839738
36  3.883413 -0.050472 -0.431085  0.184824 -0.271737 -1.204030
37  1.719565 -0.000084 -0.000005  0.022859 -0.107186 -1.509108
38  1.209197 0.000035 0.000011  0.000661 0.071072 -0.480462
39  3.859588 -0.149082 -1.331321  -0.080472 0.327601 -0.061665
40  1.719412 -0.000098 -0.000035  0.097557 0.060679 -0.377229
41  1.099674 0.000024 0.000006  -0.014718 0.004685 0.056982
42  0.805983 -0.359848 -1.318339  0.991670 0.166767 -0.799527
43  1.789779 -0.000009 -0.000042  0.000058 -0.002451 0.133097
44  1.206997 -0.000007 0.000005  0.000372 -0.000071 1.058780
45  5.740573 0.000078 0.000721  0.095595 -0.000014 0.000028
46  11.480888 -0.000004 0.000947  0.032179 0.113714 0.090894
47  6.027515 -0.000273 -0.000229  -0.956322 -0.491068 -1.507156
48  -0.000002 11.691975 -0.000008  -1.072833 0.517175 0.837139
49  0.000003 0.000001 -0.000001  2.618569 -0.000036 1.570860
50  -0.000008 -0.000013 0.000005  2.272645 -0.000036 1.570861
51  -4.006910 -4.725392 -7.352774  -0.142522 -2.944478 1.375003
52  -0.000000 0.000000 0.000000  0.008153 -0.000259 0.000009
53  -0.000000 0.000000 -0.000001  1.565115 0.043565 -0.106862
54  8.378303 -9.898301 -5.700979  0.704207 -0.044032 -2.071026
55  -0.000001 0.000001 0.000001  0.000000 -0.000001 -0.000002
56  0.000030 0.000030 0.000002  -1.571901 -0.044449 -0.106509
57  25.250034 7.923053 -10.305256  1.570796 -0.000000 0.000000
58  -16.319784 5.039393 -18.063972  1.570796 -0.000000 0.000000
59  1.239137 9.349766 -7.028192  1.570796 -0.000000 0.000000
60  -0.004311 0.001230 -0.000372  0.006898 -0.005534 -0.284229
61  0.826810 11.578514 -4.219014  1.570796 -0.000000 0.000000
62  0.000000 0.000000 0.000000  -0.078727 -3.136056 0.284226
63  0.000000 0.000000 0.000000  1.573949 -0.016741 0.002612
64  -2.871316 -8.814262 -2.105975  1.541220 0.084952 -0.008855
65  0.042352 -2.889250 0.627700  0.000000 0.000000 -0.000000
66  0.042351 -0.907088 1.190367  0.000000 0.000000 -0.000000
67  -1.331044 -1.025122 4.361371  0.000000 0.000000 -0.000000
68  0.042353 -0.884531 23.199604  0.000000 0.000000 -0.000000
69  0.042255 0.181228 5.671381  1.480100 0.000000 -0.000000
70  0.000096 0.089185 -9.714657  0.000000 0.000000 0.000000
71  0.042352 -0.569288 7.155123  0.000000 0.000000 -0.000000
72  -0.682762 -1.501893 3.214538  0.000000 0.000000 -0.000000
73  0.074278 -0.628099 4.762586  0.052946 0.000000 -0.000000
74  1.235058 -13.732742 -6.173105  1.534810 -0.209476 0.017163
75  -0.648389 3.921611 -1.178672  0.052013 -3.093319 0.567084
76  2.923889 1.668561 -1.111005  -0.000000 0.000000 -0.423417
77  2.469132 0.703799 -1.408249  -0.038949 -0.023539 -0.788430
78  0.000000 -0.000001 0.000000  -0.052523 0.636040 1.314924
79  0.000001 0.440764 -0.000000  0.587408 -0.789670 -0.694214
80  -0.000000 0.430558 0.000002  0.108918 -0.069071 0.234524
81  0.000000 0.438247 -0.000001  0.100033 0.395542 0.220471
82  0.000000 0.433549 0.000001  0.004839 0.058081 0.187887
83  0.000001 0.454267 -0.000000  -0.029863 0.178774 0.205934
84  0.000000 0.438146 -0.000001  -0.103954 0.308330 -0.259349
85  -0.000001 0.444415 0.000000  -0.327235 0.719490 0.201307
86  -0.000001 0.422927 0.000001  0.016086 0.313458 0.000128
87  -0.000001 0.426509 -0.000000  -0.110606 -2.882004 -0.033118
88  -0.000002 0.432947 -0.000001  -1.856867 -0.980261 1.766086
time 69
0  0.000006 0.000000 0.000000  -1.570800 -1.391899 -1.570792
1  -8.654192 -8.368433 1.234828  -1.544956 -1.855077 -0.198630
2  6.027518 -0.000332 0.000194  -1.803947 -0.863398 0.368243
3  11.692110 0.000644 -0.000739  -0.780822 -0.000007 -1.176499
4  11.480330 0.000332 -0.000704  1.578604 -0.001789 0.128375
5  3.859503 -0.142824 -1.192080  -0.473984 0.187478 -0.892472
6  1.312590 0.000010 0.000007  -0.001008 0.004099 -0.195910
7  0.729355 0.000055 0.000049  -0.000728 -0.000265 -0.164727
8  3.942140 0.046331 -0.431544  -0.136308 0.099594 -0.632505
9  1.539110 0.000083 0.000003  -0.000038 0.000241 -0.567516
10  1.196333 0.000145 0.000030  -0.000009 0.000015 -0.142075
11  3.883511 -0.047212 0.431350  0.088831 0.001908 -0.353758
12  1.719571 -0.000029 0.000016  -0.002950 0.005009 -0.925463
13  1.209179 0.000089 0.000012  0.000847 0.002961 0.073008
14  4.085234 -0.082653 1.151008  0.263916 -0.245108 0.069906
15  1.719448 -0.000019 0.000029  -0.003653 -0.001877 -1.408336
16  1.099675 0.000049 0.000006  0.001194 0.002498 0.016953
17  0.806011 -0.349038 1.321247  -0.850856 -0.576374 -0.854885
18  1.789819 -0.000004 -0.000018  -0.000013 0.000269 -0.070641
19  1.207015 -0.000012 -0.000044  -0.000027 -0.000006 0.094823
20  5.740636 0.000387 -0.000699  0.004163 0.000003 0.000063
21  11.481077 0.000241 -0.000795  0.003657 0.021114 0.015715
22  6.027525 -0.000329 0.000202  -0.919128 -2.843587 -0.835248
23  0.000000 11.692101 -0.000009  -0.833131 -0.308547 -0.675872
24  0.000004 0.000008 0.000000  0.088262 -0.000031 1.570739
25  0.000000 -0.000011 -0.000001  0.868960 0.000002 1.570712
26  -6.212011 -10.642979 0.826812  1.473120 1.855075 -0.198639
27  6.027511 -0.000260 -0.000220  1.506455 0.797438 -0.532729
28  11.691994 0.000160 0.000857  0.346038 0.000053 -1.572789
29  11.479725 -0.000384 0.001012  -1.213204 0.617570 0.610508
30  3.859437 -0.132759 1.193064  0.469647 -0.013262 -1.872395
31  1.312559 0.000024 -0.000001  0.024060 -0.138696 -0.550187
32  0.729345 0.000065 -0.000028  -0.166197 -0.081570 -0.714272
33  3.942047 0.050139 0.430999  0.225309 -0.086237 -1.592712
34  1.539097 0.000007 -0.000001  0.035254 -0.050373 -0.994350
35  1.196300 0.000078 -0.000004  -0.021521 0.002175 -0.839738
36  3.883414 -0.050472 -0.431085  0.184824 -0.271737 -1.204030
37  1.719563 -0.000083 -0.000004  0.022858 -0.107186 -1.509108
38  1.209198 0.000035 0.000011  0.000661 0.071072 -0.480462
39  3.859589 -0.149082 -1.331321  -0.080472 0.327601 -0.061665
40  1.719413 -0.000098 -0.000036  0.097557 0.060679 -0.377229
41  1.099675 0.000024 0.000008  -0.014718 0.004685 0.056983
42  0.805984 -0.359848 -1.318339  0.991670 0.166767 -0.799527
43  1.789781 -0.000008 -0.000042  0.000058 -0.002451 0.133097
44  1.206997 -0.000007 0.000006  0.000372 -0.000071 1.058780
45  5.740573 0.000079 0.000721  0.096962 -0.000014 0.000028
46  11.480890 -0.000004 0.000947  0.035715 0.116476 0.085353
47  6.027515 -0.000273 -0.000229  -0.957800 -0.505691 -1.500536
48  -0.000002 11.691976 -0.000005  -1.072354 0.516713 0.836850
49  0.000004 0.000000 0.000000  2.618569 -0.000036 1.570860
50  -0.000008 -0.000013 0.000005  2.272645 -0.000036 1.570861
51  -3.941520 -4.705492 -7.588858  -0.120356 -2.937742 1.377899
52  -0.000000 0.000000 0.000000  0.008153 -0.000259 0.000009
53  0.000000 -0.000000 -0.000001  1.565115 0.043565 -0.106862
54  9.294394 -9.229057 -6.154346  0.769500 -0.081425 -1.960703
55  0.000000 0.000000 0.000000  0.000000 -0.000001 -0.000002
56  0.000031 0.000029 0.000001  -1.571901 -0.044449 -0.106509
57  25.495152 8.046993 -10.171731  1.570796 -0.000000 0.000000
58  -16.319784 5.039393 -18.063972  1.570796 -0.000000 0.000000
59  1.239137 9.774469 -7.028192  1.570796 -0.000000 0.000000
60  -0.004311 0.001230 -0.000372  0.006898 -0.005534 -0.284229
61  0.826810 11.578514 -4.219014  1.570796 -0.000000 0.000000
62  0.000000 0.000000 0.000000  -0.078727 -3.136056 0.284226
63  0.000000 0.000000 0.000000  1.575091 -0.018071 0.001188
64  -2.881937 -8.729291 -2.276263  1.530498 0.064879 -0.002347
65  0.042352 -2.889251 0.627700  0.000000 -0.000000 -0.000000
66  0.042352 -0.907088 1.190369  0.000000 -0.000000 -0.000000
67  -1.331044 -1.025122 4.361372  0.000000 -0.000000 -0.000000
68  0.042353 -0.884531 23.199602  0.000000 -0.000000 -0.000000
69  0.042255 0.181227 5.671383  1.479439 0.000000 -0.000000
70  0.000096 0.089186 -9.714656  0.000000 0.000000 0.000000
71  0.042352 -0.569288 7.155123  0.000000 -0.000000 -0.000000
72  -0.682762 -1.501893 3.214538  0.000000 -0.000000 -0.000000
73  0.074278 -0.628099 4.762587  0.000000 -0.000000 -0.000000
74  2.658189 -13.882900 -6.658654  1.467996 -0.247017 0.146707
75  -0.646599 3.031987 -1.069565  0.070015 3.107514 0.892682
76  2.923889 1.668561 -1.111004  0.000000 0.000000 -0.391103
77  2.377765 0.507736 -1.327740  -0.263637 0.048428 -0.805425
78  -0.000002 0.000001 -0.000002  -0.129002 0.678130 1.114382
79  0.000001 0.440763 0.000001  0.619922 -0.738399 -0.806178
80  -0.000000 0.430558 -0.000000  0.127157 -0.084065 0.242205
81  0.000001 0.438247 0.000001  0.167019 0.367200 0.334507
82  -0.000001 0.433550 -0.000000  0.026938 0.043559 0.351782
83  -0.000000 0.454267 0.000003  -0.028334 0.168823 0.381465
84  0.000000 0.438145 -0.000001  -0.129353 0.282660 -0.132190
85  -0.000001 0.444415 0.000000  -0.414612 0.685405 0.243756
86  -0.000001 0.422926 -0.000000  -0.030086 0.271132 -0.038903
87  0.000002 0.426507 0.000000  -0.148336 -2.898910 -0.095655
88  0.000001 0.432947 -0.000000  -1.757104 -0.895513 1.771079
time 70
0  0.000006 0.000000 0.000000  -1.570800 -1.391899 -1.570792
1  -8.654192 -8.368433 1.234828  -1.544956 -1.855077 -0.198630
2  6.027517 -0.000331 0.000194  -1.755831 -0.835778 0.293265
3  11.692112 0.000643 -0.000739  -0.709939 -0.000010 -1.228175
4  11.480070 0.000187 -0.000808  1.889998 -0.162340 0.177769
5  3.859504 -0.142824 -1.192078  -0.473341 0.234085 -0.859007
6  1.312590 0.000010 0.000009  -0.000839 0.003548 -0.177925
7  0.729355 0.000055 0.000048  -0.000629 -0.000214 -0.124115
8  3.942140 0.046332 -0.431542  -0.135614 0.122963 -0.608555
9  1.539111 0.000083 0.000005  -0.000023 0.000214 -0.472802
10  1.196332 0.000145 0.000028  -0.000005 0.000014 -0.130289
11  3.883510 -0.047212 0.431352  0.087888 0.015704 -0.333283
12  1.719575 -0.000030 0.000018  -0.002315 0.005299 -0.799391
13  1.209178 0.000089 0.000013  0.000887 0.002951 0.084690
14  4.085234 -0.082653 1.151010  0.272198 -0.240163 0.033881
15  1.719449 -0.000018 0.000028  -0.003519 -0.000795 -1.222454
16  1.099674 0.000048 0.000005  0.001160 0.002482 0.032520
17  0.806012 -0.349038 1.321248  -0.859557 -0.576205 -0.838742
18  1.789819 -0.000004 -0.000018  0.000223 -0.001808 -0.073708
19  1.207015 -0.000012 -0.000043  0.000206 0.000015 0.051487
20  5.740637 0.000388 -0.000699  0.063611 0.000003 0.000063
21  11.481027 0.000212 -0.000815  0.067857 -0.005010 0.033635
22  6.027525 -0.000329 0.000202  -0.904669 -2.803797 -0.878605
23  0.000000 11.692100 -0.000007  -0.865271 -0.333592 -0.699094
24  0.000005 0.000008 -0.000001  0.159147 -0.000030 1.570739
25  0.000000 -0.000012 0.000000  0.868960 0.000002 1.570712
26  -6.212011 -10.642979 0.826812  1.473120 1.855075 -0.198639
27  6.027511 -0.000260 -0.000221  1.488447 0.789726 -0.539575
28  11.691991 0.000161 0.000858  0.346038 0.000053 -1.575288
29  11.479709 -0.000393 0.001016  -1.189103 0.625552 0.600060
30  3.859437 -0.132759 1.193064  0.469647 -0.013262 -1.872395
31  1.312559 0.000025 -0.000001  0.024060 -0.138696 -0.550187
32  0.729346 0.000064 -0.000027  -0.166197 -0.081570 -0.714272
33  3.942047 0.050139 0.430999  0.225309 -0.086237 -1.592712
34  1.539097 0.000004 -0.000001  0.035254 -0.050373 -0.994350
35  1.196300 0.000078 -0.000004  -0.021521 0.002175 -0.839738
36  3.883413 -0.050473 -0.431085  0.184824 -0.271737 -1.204030
37  1.719564 -0.000085 -0.000004  0.022859 -0.107186 -1.509108
38  1.209198 0.000035 0.000011  0.000661 0.071072 -0.480462
39  3.859588 -0.149082 -1.331322  -0.080472 0.327601 -0.061665
40  1.719413 -0.000098 -0.000035  0.097557 0.060679 -0.377229
41  1.099673 0.000023 0.000007  -0.014718 0.004686 0.056983
42  0.805984 -0.359848 -1.318339  0.991670 0.166767 -0.799527
43  1.789780 -0.000008 -0.000042  0.000058 -0.002451 0.133097
44  1.206996 -0.000006 0.000005  0.000372 -0.000071 1.058781
45  5.740573 0.000080 0.000721  0.099476 -0.000014 0.000028
46  11.480886 -0.000004 0.000949  0.039993 0.118893 0.081397
47  6.027515 -0.000273 -0.000229  -0.958842 -0.520461 -1.494032
48  -0.000001 11.691974 -0.000007  -1.073824 0.518131 0.837736
49  0.000003 0.000001 -0.000001  2.618569 -0.000036 1.570860
50  -0.000007 -0.000012 0.000004  2.272645 -0.000036 1.570861
51  -3.867531 -4.655868 -7.807701  -0.097663 -2.937597 1.382412
52  0.000000 0.000000 0.000000  0.008153 -0.000259 0.000009
53  -0.000000 -0.000000 -0.000001  1.565115 0.043565 -0.106862
54  9.409736 -8.947815 -6.801301  1.098354 -0.155929 -1.823576
55  -0.000000 -0.000000 0.000000  0.000000 -0.000001 -0.000002
56  0.000031 0.000029 0.000001  -1.571901 -0.044449 -0.106509
57  25.304054 8.189211 -10.850096  1.570796 -0.000000 0.000000
58  -16.319784 5.039393 -18.063972  1.570796 -0.000000 0.000000
59  1.239137 9.774469 -7.028192  1.570796 -0.000000 0.000000
60  -0.004311 0.001230 -0.000372  0.006898 -0.005534 -0.284229
61  0.826810 11.578514 -4.219014  1.570796 -0.000000 0.000000
62  0.000000 0.000000 0.000000  -0.078727 -3.136056 0.284226
63  0.000000 0.000000 0.000000  1.577204 -0.018751 -0.000319
64  -2.887655 -8.647165 -2.455437  1.526093 0.043096 0.006524
65  0.042352 -2.889250 0.627699  0.000000 -0.000000 0.000000
66  0.042352 -0.907087 1.190369  0.000000 -0.000000 0.000000
67  -1.331044 -1.025122 4.361371  0.000000 -0.000000 0.000000
68  0.042353 -0.884531 23.199604  0.000000 -0.000000 0.000000
69  0.042255 0.181228 5.671384  1.480304 0.000000 0.000000
70  0.000096 0.089185 -9.714656  -0.000000 0.000000 -0.000000
71  0.042353 -0.569288 7.155123  0.000000 -0.000000 0.000000
72  -0.682762 -1.501893 3.214539  0.000000 -0.000000 0.000000
73  0.074279 -0.628098 4.762587  0.051635 0.000000 0.000000
74  3.528608 -14.679202 -8.111358  1.330290 -0.359287 0.404187
75  -0.506199 2.497913 -1.054066  0.164157 2.961894 1.238627
76  2.923888 1.668560 -1.111006  -0.000000 0.000000 -0.349066
77  2.163975 0.525550 -1.091156  -0.316697 0.022083 -0.902965
78  0.000001 -0.000001 0.000000  -0.176046 0.697137 0.977793
79  -0.000000 0.440763 -0.000001  0.630550 -0.703511 -0.864484
80  0.000001 0.430559 -0.000002  0.139709 -0.087940 0.251402
81  0.000000 0.438247 0.000001  0.214842 0.348793 0.417418
82  0.000000 0.433551 -0.000000  0.046796 0.036531 0.474215
83  -0.000000 0.454268 0.000000  -0.017995 0.167092 0.516084
84  -0.000001 0.438145 0.000001  -0.139774 0.275658 -0.025307
85  -0.000001 0.444414 0.000001  -0.470512 0.676290 0.279005
86  0.000001 0.422926 -0.000001  -0.085295 0.252697 -0.067603
87  0.000000 0.426509 -0.000000  -0.115353 -2.893355 -0.167693
88  0.000000 0.432947 0.000001  -1.663106 -0.937622 1.790936
time 71
0  0.000006 0.000000 0.000000  -1.570800 -1.391899 -1.570792
1  -8.654192 -8.368433 1.234828  -1.544956 -1.855077 -0.198630
2  6.027517 -0.000331 0.000194  -1.723999 -0.820818 0.161946
3  11.692111 0.000642 -0.000740  -0.494709 -0.000013 -1.292722
4  11.480569 0.000193 -0.000730  2.083982 -0.319635 0.388524
5  3.859503 -0.142822 -1.192080  -0.463671 0.356390 -0.768366
6  1.312591 0.000010 0.000009  -0.000442 0.002091 -0.130854
7  0.729354 0.000055 0.000050  -0.000362 -0.000098 -0.017553
8  3.942140 0.046331 -0.431543  -0.131087 0.184075 -0.545270
9  1.539110 0.000083 0.000003  0.000001 0.000135 -0.220709
10  1.196334 0.000145 0.000029  0.000004 0.000014 -0.099453
11  3.883510 -0.047211 0.431350  0.086757 0.051895 -0.279674
12  1.719571 -0.000029 0.000018  -0.000475 0.005662 -0.459026
13  1.209179 0.000090 0.000011  0.000990 0.002921 0.115256
14  4.085234 -0.082652 1.151008  0.292942 -0.225858 -0.060151
15  1.719447 -0.000018 0.000029  -0.002118 0.001906 -0.698715
16  1.099676 0.000049 0.000007  0.001070 0.002445 0.073256
17  0.806011 -0.349037 1.321246  -0.882290 -0.575208 -0.796530
18  1.789820 -0.000004 -0.000018  0.000872 -0.007237 -0.081731
19  1.207015 -0.000013 -0.000045  0.000809 0.000119 -0.062271
20  5.740635 0.000391 -0.000700  0.095993 0.000003 0.000064
21  11.481123 0.000214 -0.000800  0.110772 -0.023999 0.086377
22  6.027525 -0.000329 0.000202  -0.899188 -2.778098 -0.988351
23  -0.000000 11.692100 -0.000009  -0.904949 -0.365842 -0.727175
24  0.000004 0.000009 -0.000000  0.374381 -0.000031 1.570739
25  -0.000001 -0.000011 -0.000000  0.868960 0.000002 1.570712
26  -6.212011 -10.642979 0.826812  1.473120 1.855075 -0.198639
27  6.027511 -0.000260 -0.000221  1.473446 0.781378 -0.544883
28  11.691992 0.000160 0.000857  0.346038 0.000054 -1.584045
29  11.479644 -0.000427 0.001027  -1.161460 0.627833 0.607214
30  3.859437 -0.132759 1.193064  0.469647 -0.013262 -1.872395
31  1.312559 0.000025 -0.000001  0.024060 -0.138696 -0.550187
32  0.729346 0.000065 -0.000027  -0.166197 -0.081570 -0.714272
33  3.942048 0.050139 0.430999  0.225309 -0.086237 -1.592712
34  1.539097 0.000005 -0.000001  0.035254 -0.050373 -0.994350
35  1.196300 0.000078 -0.000002  -0.021521 0.002175 -0.839738
36  3.883413 -0.050472 -0.431085  0.184824 -0.271737 -1.204030
37  1.719564 -0.000085 -0.000004  0.022859 -0.107186 -1.509108
38  1.209198 0.000034 0.000011  0.000662 0.071072 -0.480462
39  3.859588 -0.149083 -1.331321  -0.080472 0.327601 -0.061665
40  1.719412 -0.000098 -0.000035  0.097557 0.060679 -0.377229
41  1.099674 0.000024 0.000008  -0.014718 0.004685 0.056983
42  0.805983 -0.359848 -1.318338  0.991670 0.166767 -0.799527
43  1.789780 -0.000009 -0.000042  0.000058 -0.002451 0.133097
44  1.206997 -0.000007 0.000005  0.000372 -0.000071 1.058780
45  5.740572 0.000079 0.000721  0.103169 -0.000014 0.000028
46  11.480872 -0.000012 0.000950  0.044467 0.120740 0.080809
47  6.027515 -0.000273 -0.000229  -0.958134 -0.533943 -1.489087
48  -0.000001 11.691977 -0.000006  -1.078973 0.523107 0.840828
49  0.000002 0.000001 -0.000001  2.618569 -0.000036 1.570860
50  -0.000007 -0.000013 0.000005  2.272645 -0.000036 1.570861
51  -3.791618 -4.557875 -7.969672  -0.078937 -2.947947 1.387546
52  0.000000 -0.000000 -0.000001  0.008153 -0.000259 0.000009
53  -0.000000 -0.000000 -0.000000  1.565115 0.043565 -0.106862
54  9.211830 -8.579377 -7.399953  1.392592 -0.213582 -1.588955
55  -0.000001 0.000000 -0.000000  0.000000 -0.000001 -0.000002
56  0.000030 0.000029 0.000001  -1.571901 -0.044449 -0.106509
57  24.737505 8.373542 -12.760842  1.570796 -0.000000 0.000000
58  -16.319784 5.039393 -18.063972  1.570796 -0.000000 0.000000
59  1.239137 9.774469 -7.028192  1.570796 -0.000000 0.000000
60  -0.004311 0.001230 -0.000372  0.006898 -0.005534 -0.284229
61  0.826810 11.578514 -4.219014  1.570796 -0.000000 0.000000
62  0.000000 0.000000 0.000000  -0.078727 -3.136056 0.284226
63  0.000000 0.000000 0.000000  1.578348 -0.018997 -0.001743
64  -2.883085 -8.577097 -2.625726  1.532656 0.023069 0.015574
65  0.042352 -2.889250 0.627701  0.000000 -0.000000 0.000000
66  0.042352 -0.907087 1.190368  0.000000 -0.000000 0.000000
67  -1.331044 -1.025122 4.361373  0.000000 -0.000000 0.000000
68  0.042353 -0.884531 23.199604  0.000000 -0.000000 0.000000
69  0.042255 0.181228 5.671383  1.483530 0.000000 -0.000000
70  0.000096 0.089184 -9.714656  0.000000 -0.000000 -0.000000
71  0.042352 -0.569288 7.155122  0.000000 -0.000000 0.000000
72  -0.682762 -1.501893 3.214539  0.000000 -0.000000 0.000000
73  0.074278 -0.628098 4.762586  0.043568 0.000000 0.000000
74  5.071477 -16.415186 -10.353642  1.090141 -0.489916 0.775517
75  0.109501 3.132427 -1.148571  0.226534 2.814289 0.980898
76  2.923889 1.668562 -1.111006  0.000000 0.000000 -0.307028
77  1.931023 0.570231 -0.796368  -0.372770 -0.016068 -1.015865
78  0.000000 0.000001 0.000000  -0.230411 0.720494 0.819221
79  -0.000001 0.440765 0.000001  0.633804 -0.650789 -0.960129
80  0.000000 0.430556 0.000000  0.112922 -0.088565 0.183831
81  0.000001 0.438248 0.000000  0.218550 0.342791 0.378771
82  0.000001 0.433549 -0.000000  0.080475 0.020107 0.485087
83  -0.000000 0.454268 -0.000002  0.020060 0.147238 0.574735
84  0.000000 0.438146 0.000000  -0.110305 0.261960 0.058026
85  0.000001 0.444414 0.000000  -0.497099 0.667006 0.353367
86  -0.000001 0.422926 0.000001  -0.139533 0.210168 -0.072053
87  0.000002 0.426509 0.000000  -0.107103 -2.929903 -0.237377
88  -0.000001 0.432948 0.000001  -1.637509 -0.883961 1.897249
time 72
0  0.000006 0.000000 0.000000  -1.570800 -1.391899 -1.570792
1  -8.654192 -8.368433 1.234828  -1.544956 -1.855077 -0.198630
2  6.027516 -0.000329 0.000195  -1.674606 -0.724348 -0.021407
3  11.692110 0.000645 -0.000740  -0.184815 -0.000017 -1.373790
4  11.480023 -0.000339 -0.000809  1.910448 -0.183759 0.610635
5  3.859503 -0.142823 -1.192079  -0.441074 0.477294 -0.671377
6  1.312588 0.000009 0.000007  -0.000115 0.000618 -0.083784
7  0.729357 0.000055 0.000050  -0.000085 -0.000012 0.089010
8  3.942140 0.046332 -0.431542  -0.122527 0.244777 -0.480856
9  1.539109 0.000084 0.000005  0.000005 0.000053 0.031383
10  1.196334 0.000145 0.000029  0.000014 0.000013 -0.068616
11  3.883510 -0.047212 0.431351  0.087571 0.088095 -0.225971
12  1.719573 -0.000028 0.000016  0.001381 0.005389 -0.118661
13  1.209181 0.000090 0.000012  0.001093 0.002889 0.145821
14  4.085235 -0.082653 1.151008  0.312153 -0.209727 -0.153544
15  1.719448 -0.000019 0.000028  0.000445 0.003544 -0.174969
16  1.099676 0.000049 0.000005  0.000979 0.002411 0.113993
17  0.806010 -0.349037 1.321248  -0.904932 -0.573408 -0.754395
18  1.789821 -0.000003 -0.000017  0.001565 -0.012661 -0.089759
19  1.207016 -0.000014 -0.000044  0.001396 0.000291 -0.176029
20  5.740637 0.000389 -0.000699  0.050469 0.000003 0.000063
21  11.481017 0.000109 -0.000815  0.073704 0.002883 0.120880
22  6.027525 -0.000329 0.000202  -0.819449 -2.706258 -1.168229
23  -0.000000 11.692100 -0.000009  -0.954123 -0.407777 -0.760971
24  0.000003 0.000008 -0.000001  0.684279 -0.000031 1.570739
25  0.000000 -0.000012 -0.000001  0.868960 0.000002 1.570712
26  -6.212011 -10.642979 0.826812  1.473120 1.855075 -0.198639
27  6.027511 -0.000260 -0.000221  1.463318 0.773174 -0.548047
28  11.691991 0.000161 0.000858  0.346039 0.000055 -1.597682
29  11.479548 -0.000479 0.001047  -1.135208 0.624520 0.629878
30  3.859438 -0.132758 1.193064  0.469647 -0.013262 -1.872395
31  1.312559 0.000025 -0.000001  0.024060 -0.138696 -0.550187
32  0.729345 0.000065 -0.000028  -0.166197 -0.081570 -0.714272
33  3.942047 0.050139 0.430999  0.225309 -0.086237 -1.592712
34  1.539097 0.000007 -0.000001  0.035254 -0.050373 -0.994350
35  1.196300 0.000078 -0.000004  -0.021521 0.002175 -0.839738
36  3.883415 -0.050472 -0.431084  0.184824 -0.271737 -1.204030
37  1.719563 -0.000084 -0.000005  0.022858 -0.107186 -1.509108
38  1.209198 0.000034 0.000011  0.000661 0.071072 -0.480462
39  3.859589 -0.149082 -1.331321  -0.080472 0.327601 -0.061665
40  1.719414 -0.000098 -0.000035  0.097557 0.060679 -0.377229
41  1.099674 0.000024 0.000007  -0.014718 0.004685 0.056982
42  0.805984 -0.359848 -1.318338  0.991670 0.166767 -0.799527
43  1.789780 -0.000008 -0.000042  0.000058 -0.002451 0.133098
44  1.206996 -0.000006 0.000005  0.000372 -0.000071 1.058780
45  5.740574 0.000079 0.000721  0.107253 -0.000014 0.000028
46  11.480854 -0.000022 0.000955  0.048334 0.121868 0.083535
47  6.027515 -0.000273 -0.000229  -0.955358 -0.544609 -1.486573
48  -0.000001 11.691976 -0.000007  -1.086986 0.530884 0.845602
49  0.000004 -0.000000 -0.000001  2.618569 -0.000036 1.570860
50  -0.000007 -0.000013 0.000005  2.272645 -0.000036 1.570861
51  -3.728474 -4.427204 -8.059108  -0.067450 -2.966792 1.392095
52  0.000000 -0.000000 0.000000  0.008153 -0.000259 0.000009
53  0.000001 0.000000 -0.000000  1.565115 0.043565 -0.106862
54  10.122723 -7.904621 -8.604121  1.377010 -0.100856 -1.427877
55  -0.000001 0.000001 -0.000000  0.000000 -0.000001 -0.000002
56  0.000029 0.000030 0.000000  -1.571901 -0.044449 -0.106509
57  23.934135 8.555974 -15.214226  1.570796 -0.000000 0.000000
58  -16.319784 5.039393 -18.063972  1.570796 -0.000000 0.000000
59  1.239137 9.774469 -7.028192  1.570796 -0.000000 0.000000
60  -0.004311 0.001230 -0.000372  0.006898 -0.005534 -0.284229
61  0.826810 11.578514 -4.219014  1.570796 -0.000000 0.000000
62  0.000000 0.000000 0.000000  -0.078727 -3.136056 0.284226
63  0.000000 0.000000 0.000000  1.577568 -0.019030 -0.002927
64  -2.870023 -8.528299 -2.769361  1.548883 0.008257 0.022481
65  0.042352 -2.889250 0.627698  0.000000 -0.000000 -0.000000
66  0.042352 -0.907088 1.190367  0.000000 -0.000000 -0.000000
67  -1.331044 -1.025122 4.361371  0.000000 -0.000000 -0.000000
68  0.042353 -0.884531 23.199604  0.000000 -0.000000 -0.000000
69  0.042255 0.181227 5.671383  1.493291 0.000000 -0.000000
70  0.000096 0.089183 -9.714657  -0.000000 0.000000 -0.000000
71  0.042352 -0.569288 7.155121  0.000000 -0.000000 -0.000000
72  -0.682762 -1.501893 3.214538  0.000000 -0.000000 -0.000000
73  0.074278 -0.628098 4.762586  0.025818 0.000000 -0.000000
74  7.094261 -18.483576 -12.547987  0.870224 -0.563073 1.117207
75  0.979410 4.317635 -1.350133  0.182775 2.691154 0.443909
76  2.923889 1.668560 -1.111007  0.000000 -0.000000 -0.274715
77  1.821648 0.628619 -0.651791  -0.365687 -0.022571 -1.022649
78  0.000001 0.000002 -0.000002  -0.224336 0.724111 0.818081
79  -0.000001 0.440763 -0.000001  0.622859 -0.648169 -0.976147
80  -0.000000 0.430554 0.000001  0.072064 -0.090172 0.120449
81  0.000001 0.438249 0.000001  0.160901 0.351874 0.244755
82  -0.000000 0.433553 0.000001  0.086800 0.009001 0.332715
83  0.000000 0.454271 -0.000000  0.046463 0.121543 0.436414
84  -0.000000 0.438148 -0.000002  -0.044421 0.236324 -0.015414
85  -0.000001 0.444416 0.000000  -0.428559 0.643446 0.388590
86  -0.000002 0.422927 0.000002  -0.135164 0.168952 -0.029975
87  0.000000 0.426506 -0.000000  -0.079947 -3.011438 -0.214147
88  0.000000 0.432946 -0.000001  1.286851 -2.252455 -1.061110
time 73
0  0.000006 0.000000 0.000000  -1.570800 -1.391899 -1.570792
1  -8.654192 -8.368433 1.234828  -1.544956 -1.855077 -0.198630
2  6.027515 -0.000328 0.000196  -1.581776 -0.593323 -0.193306
3  11.692112 0.000646 -0.000739  0.095343 -0.000014 -1.313587
4  11.480420 -0.000329 -0.000703  1.724711 -0.053195 0.527085
5  3.859503 -0.142823 -1.192080  -0.428578 0.522598 -0.632055
6  1.312588 0.000009 0.000008  -0.000009 0.000051 -0.065801
7  0.729356 0.000053 0.000050  0.000024 0.000013 0.129622
8  3.942141 0.046330 -0.431542  -0.118161 0.267772 -0.455877
9  1.539109 0.000083 0.000005  0.000001 0.000022 0.126098
10  1.196332 0.000145 0.000029  0.000017 0.000013 -0.056830
11  3.883511 -0.047213 0.431351  0.088398 0.101899 -0.205409
12  1.719572 -0.000029 0.000016  0.002029 0.005131 0.007412
13  1.209181 0.000091 0.000013  0.001132 0.002876 0.157503
14  4.085234 -0.082654 1.151010  0.319044 -0.203125 -0.188992
15  1.719448 -0.000019 0.000030  0.001511 0.003775 0.010917
16  1.099676 0.000049 0.000007  0.000944 0.002399 0.129559
17  0.806012 -0.349038 1.321248  -0.913550 -0.572509 -0.738321
18  1.789820 -0.000003 -0.000016  0.001841 -0.014733 -0.092829
19  1.207015 -0.000013 -0.000045  0.001614 0.000373 -0.219365
20  5.740635 0.000390 -0.000700  0.019329 0.000003 0.000063
21  11.481094 0.000111 -0.000794  0.031369 0.017626 0.097870
22  6.027525 -0.000329 0.000202  -0.718800 -2.584949 -1.331168
23  0.000001 11.692101 -0.000007  -0.917672 -0.376487 -0.736031
24  0.000002 0.000010 0.000001  0.964434 -0.000030 1.570739
25  0.000001 -0.000011 0.000000  0.868960 0.000002 1.570712
26  -6.212011 -10.642979 0.826812  1.473120 1.855075 -0.198639
27  6.027511 -0.000260 -0.000221  1.459098 0.766734 -0.548972
28  11.691992 0.000159 0.000858  0.346039 0.000056 -1.612221
29  11.479446 -0.000531 0.001065  -1.117202 0.617705 0.660421
30  3.859439 -0.132759 1.193065  0.469647 -0.013262 -1.872395
31  1.312559 0.000026 -0.000000  0.024060 -0.138696 -0.550187
32  0.729346 0.000064 -0.000028  -0.166197 -0.081570 -0.714272
33  3.942046 0.050139 0.431000  0.225309 -0.086237 -1.592712
34  1.539097 0.000005 -0.000000  0.035254 -0.050373 -0.994350
35  1.196301 0.000078 -0.000004  -0.021521 0.002175 -0.839738
36  3.883414 -0.050472 -0.431085  0.184824 -0.271737 -1.204030
37  1.719564 -0.000084 -0.000004  0.022858 -0.107186 -1.509108
38  1.209198 0.000035 0.000011  0.000661 0.071072 -0.480462
39  3.859588 -0.149081 -1.331321  -0.080472 0.327601 -0.061665
40  1.719412 -0.000098 -0.000035  0.097557 0.060679 -0.377229
41  1.099674 0.000023 0.000008  -0.014718 0.004685 0.056983
42  0.805984 -0.359847 -1.318338  0.991670 0.166767 -0.799527
43  1.789780 -0.000008 -0.000043  0.000058 -0.002451 0.133098
44  1.206996 -0.000006 0.000005  0.000372 -0.000071 1.058781
45  5.740573 0.000079 0.000720  0.110504 -0.000014 0.000028
46  11.480833 -0.000032 0.000958  0.050606 0.122221 0.088504
47  6.027515 -0.000273 -0.000229  -0.951374 -0.550860 -1.486636
48  -0.000001 11.691976 -0.000007  -1.095522 0.539212 0.850636
49  0.000003 -0.000000 -0.000001  2.618569 -0.000036 1.570860
50  -0.000006 -0.000013 0.000005  2.272645 -0.000036 1.570861
51  -3.690076 -4.299403 -8.074498  -0.065818 -2.988704 1.394430
52  0.000000 -0.000000 -0.000000  0.008153 -0.000259 0.000009
53  -0.000000 0.000000 -0.000000  1.565115 0.043565 -0.106862
54  12.196698 -7.657365 -11.413594  1.332101 -0.007218 -1.363763
55  -0.000001 -0.000001 -0.000000  0.000000 -0.000001 -0.000002
56  0.000029 0.000029 0.000001  -1.571901 -0.044449 -0.106509
57  23.160677 8.681150 -17.124973  1.570796 -0.000000 0.000000
58  -16.319784 5.039393 -18.063972  1.570796 -0.000000 0.000000
59  1.239137 9.774469 -7.028192  1.570796 -0.000000 0.000000
60  -0.004311 0.001230 -0.000372  0.006898 -0.005534 -0.284229
61  0.826810 11.578514 -4.219014  1.570796 -0.000000 0.000000
62  0.000000 0.000000 0.000000  -0.078727 -3.136056 0.284226
63  0.000000 0.000000 0.000000  1.575448 -0.016356 -0.003723
64  -2.849442 -8.509986 -2.868572  1.570030 0.002297 0.025194
65  0.042352 -2.889251 0.627701  0.000000 0.000000 -0.000000
66  0.042352 -0.907088 1.190369  0.000000 0.000000 -0.000000
67  -1.331044 -1.025122 4.361372  0.000000 0.000000 -0.000000
68  0.042353 -0.884531 23.199608  0.000000 0.000000 -0.000000
69  0.042255 0.181228 5.671384  1.510414 0.000000 -0.000000
70  0.000096 0.089184 -9.714657  -0.000000 -0.000000 0.000000
71  0.042352 -0.569288 7.155125  0.000000 0.000000 -0.000000
72  -0.682762 -1.501893 3.214539  0.000000 0.000000 -0.000000
73  0.074278 -0.628099 4.762587  0.008068 0.000000 -0.000000
74  9.120195 -20.180248 -14.701534  0.751898 -0.595456 1.320429
75  1.421087 4.958452 -1.535824  0.131187 2.658068 0.152818
76  2.923891 1.668561 -1.111005  -0.000000 -0.000000 -0.261799
77  1.937792 0.687446 -0.837449  -0.272815 -0.021912 -0.864442
78  -0.000001 0.000000 -0.000001  -0.173774 0.714196 0.887789
79  0.000000 0.440761 -0.000001  0.619891 -0.666748 -0.943468
80  0.000002 0.430561 -0.000000  0.054210 -0.087174 0.102893
81  0.000001 0.438247 0.000001  0.109087 0.361352 0.160065
82  0.000000 0.433548 -0.000001  0.064851 0.012129 0.209832
83  -0.000002 0.454268 0.000000  0.035247 0.120852 0.292919
84  -0.000002 0.438148 0.000000  -0.019334 0.227281 -0.135273
85  0.000004 0.444415 -0.000002  -0.362897 0.635761 0.340707
86  -0.000002 0.422925 -0.000002  -0.083167 0.176108 -0.010428
87  0.000000 0.426504 0.000004  -0.071211 -3.026238 -0.153907
88  0.000000 0.432947 -0.000001  1.141937 -2.210445 -1.031369
time 74
0  0.000006 0.000000 0.000000  -1.570800 -1.391899 -1.570792
1  -8.654192 -8.368433 1.234828  -1.544956 -1.855077 -0.198630
2  6.027515 -0.000328 0.000197  -1.535284 -0.508624 -0.261705
3  11.692109 0.000643 -0.000738  0.251471 -0.000012 -1.272758
4  11.480725 -0.000270 -0.000687  1.573348 0.021544 0.419680
5  3.859504 -0.142823 -1.192080  -0.430364 0.516640 -0.637343
6  1.312590 0.000010 0.000009  -0.000022 0.000126 -0.068181
7  0.729352 0.000054 0.000050  0.000009 0.000010 0.124252
8  3.942140 0.046331 -0.431543  -0.118774 0.264737 -0.459195
9  1.539111 0.000083 0.000003  0.000002 0.000026 0.113640
10  1.196333 0.000145 0.000026  0.000017 0.000013 -0.058390
11  3.883510 -0.047212 0.431350  0.088272 0.100074 -0.208132
12  1.719575 -0.000029 0.000016  0.001946 0.005169 -0.009085
13  1.209179 0.000090 0.000013  0.001127 0.002878 0.155957
14  4.085234 -0.082653 1.151007  0.318147 -0.204012 -0.184309
15  1.719447 -0.000017 0.000027  0.001372 0.003756 -0.013043
16  1.099675 0.000049 0.000005  0.000949 0.002400 0.127499
17  0.806011 -0.349038 1.321247  -0.912411 -0.572635 -0.740447
18  1.789820 -0.000003 -0.000019  0.001804 -0.014459 -0.092423
19  1.207016 -0.000014 -0.000044  0.001585 0.000362 -0.213635
20  5.740636 0.000388 -0.000700  -0.005021 0.000003 0.000064
21  11.481157 0.000124 -0.000793  -0.000736 0.025332 0.073784
22  6.027525 -0.000329 0.000202  -0.645491 -2.513921 -1.416159
23  -0.000001 11.692100 -0.000007  -0.892730 -0.355756 -0.718600
24  0.000003 0.000009 0.000001  1.120561 -0.000030 1.570739
25  -0.000001 -0.000011 0.000001  0.868960 0.000002 1.570712
26  -6.212011 -10.642979 0.826812  1.473120 1.855075 -0.198639
27  6.027511 -0.000260 -0.000221  1.460827 0.762864 -0.547869
28  11.691992 0.000160 0.000859  0.346039 0.000057 -1.625875
29  11.479353 -0.000580 0.001081  -1.109977 0.609275 0.692604
30  3.859437 -0.132759 1.193066  0.469647 -0.013262 -1.872395
31  1.312559 0.000026 -0.000000  0.024060 -0.138696 -0.550187
32  0.729346 0.000065 -0.000028  -0.166197 -0.081570 -0.714272
33  3.942047 0.050138 0.431001  0.225309 -0.086237 -1.592712
34  1.539097 0.000005 -0.000002  0.035254 -0.050373 -0.994350
35  1.196300 0.000077 -0.000004  -0.021521 0.002175 -0.839738
36  3.883413 -0.050472 -0.431084  0.184824 -0.271737 -1.204030
37  1.719564 -0.000083 -0.000005  0.022858 -0.107186 -1.509108
38  1.209197 0.000036 0.000011  0.000661 0.071072 -0.480462
39  3.859589 -0.149082 -1.331321  -0.080472 0.327601 -0.061665
40  1.719413 -0.000098 -0.000037  0.097557 0.060679 -0.377229
41  1.099674 0.000023 0.000007  -0.014718 0.004685 0.056983
42  0.805984 -0.359848 -1.318338  0.991670 0.166767 -0.799527
43  1.789780 -0.000008 -0.000043  0.000058 -0.002451 0.133097
44  1.206996 -0.000008 0.000005  0.000372 -0.000071 1.058780
45  5.740573 0.000079 0.000720  0.112545 -0.000014 0.000028
46  11.480815 -0.000043 0.000961  0.051016 0.121840 0.094608
47  6.027515 -0.000273 -0.000229  -0.946842 -0.552137 -1.489105
48  -0.000002 11.691977 -0.000006  -1.103534 0.547066 0.855312
49  0.000004 -0.000000 0.000001  2.618569 -0.000036 1.570860
50  -0.000008 -0.000014 0.000005  2.272645 -0.000036 1.570861
51  -3.677360 -4.189965 -8.018163  -0.073170 -3.008906 1.394476
52  0.000000 0.000000 0.000000  0.008153 -0.000259 0.000009
53  0.000000 -0.000000 0.000000  1.565115 0.043565 -0.106862
54  13.374503 -7.196925 -13.195411  1.292789 0.062517 -1.378337
55  0.000000 -0.000000 -0.000002  0.000000 -0.000001 -0.000002
56  0.000030 0.000028 -0.000001  -1.571902 -0.044449 -0.106509
57  22.617537 8.722720 -17.803337  1.570796 -0.000000 0.000000
58  -16.319784 5.039393 -18.063972  1.570796 -0.000000 0.000000
59  1.239137 9.774469 -7.028192  1.570796 -0.000000 0.000000
60  -0.004311 0.001230 -0.000372  0.006898 -0.005534 -0.284229
61  0.826810 11.578514 -4.219014  1.570796 -0.000000 0.000000
62  0.000000 0.000000 0.000000  -0.078727 -3.136056 0.284226
63  0.000000 0.000000 0.000000  1.572364 -0.009984 -0.004000
64  -2.822312 -8.510596 -2.905592  1.591279 0.005393 0.024276
65  0.042352 -2.889250 0.627701  0.000000 0.000000 -0.000000
66  0.042352 -0.907088 1.190370  0.000000 0.000000 -0.000000
67  -1.331044 -1.025122 4.361372  0.000000 0.000000 -0.000000
68  0.042353 -0.884531 23.199604  0.000000 0.000000 -0.000000
69  0.042255 0.181228 5.671384  1.530798 0.000000 -0.000000
70  0.000096 0.089185 -9.714656  0.000000 -0.000000 -0.000000
71  0.042353 -0.569288 7.155125  0.000000 0.000000 -0.000000
72  -0.682762 -1.501893 3.214540  0.000000 0.000000 -0.000000
73  0.074278 -0.628099 4.762588  0.000000 0.000000 -0.000000
74  10.953318 -21.314512 -16.817795  0.689957 -0.615142 1.431422
75  0.955256 4.283870 -1.628112  0.254255 2.771891 0.525698
76  2.923889 1.668562 -1.111007  -0.000000 -0.000000 -0.332040
77  2.153473 0.732937 -1.182241  -0.147422 -0.069533 -0.740209
78  -0.000003 -0.000001 0.000000  -0.123469 0.704263 0.807945
79  0.000002 0.440763 0.000001  0.692613 -0.577448 -1.037832
80  0.000000 0.430557 0.000001  0.083316 -0.064479 0.082397
81  -0.000001 0.438244 0.000002  0.146750 0.376280 0.241816
82  0.000000 0.433550 -0.000001  0.043363 0.038831 0.345128
83  -0.000002 0.454267 -0.000000  -0.018906 0.167374 0.445347
84  -0.000004 0.438147 0.000001  -0.127901 0.247240 -0.039235
85  -0.000001 0.444417 0.000001  -0.520157 0.697578 0.311831
86  0.000001 0.422926 -0.000000  -0.134447 0.247606 -0.048909
87  0.000000 0.426509 -0.000001  -0.127851 -2.930688 -0.149434
88  0.000001 0.432946 -0.000001  -1.780628 -0.818967 1.853631
time 75
0  0.000006 0.000000 0.000000  -1.570800 -1.391899 -1.570792
1  -8.645657 -8.321228 1.234828  -1.544956 -1.855077 -0.198630
2  6.027513 -0.000326 0.000198  -1.507167 -0.412132 -0.269071
3  11.692109 0.000643 -0.000741  0.330934 -0.000017 -1.377549
4  11.480000 -0.000700 -0.000533  1.491672 0.134955 0.374010
5  3.859503 -0.142823 -1.192081  -0.435504 0.498599 -0.653133
6  1.312590 0.000010 0.000009  -0.000064 0.000352 -0.075359
7  0.729358 0.000052 0.000050  -0.000034 0.000001 0.108047
8  3.942141 0.046330 -0.431544  -0.120558 0.255567 -0.469180
9  1.539111 0.000083 0.000004  0.000004 0.000038 0.075920
10  1.196333 0.000147 0.000030  0.000015 0.000013 -0.063095
11  3.883511 -0.047212 0.431349  0.087923 0.094566 -0.216341
12  1.719573 -0.000028 0.000017  0.001691 0.005278 -0.059198
13  1.209179 0.000089 0.000012  0.001112 0.002883 0.151294
14  4.085235 -0.082654 1.151008  0.315413 -0.206663 -0.170170
15  1.719447 -0.000019 0.000028  0.000947 0.003678 -0.086522
16  1.099674 0.000049 0.000006  0.000963 0.002405 0.121285
17  0.806011 -0.349039 1.321245  -0.908972 -0.573002 -0.746862
18  1.789819 -0.000005 -0.000017  0.001693 -0.013632 -0.091197
19  1.207015 -0.000012 -0.000044  0.001498 0.000328 -0.196345
20  5.740635 0.000389 -0.000700  -0.023388 0.000003 0.000063
21  11.481012 0.000040 -0.000762  -0.020472 0.044906 0.064172
22  6.027524 -0.000329 0.000202  -0.544967 -2.453725 -1.472534
23  -0.000001 11.692099 -0.000008  -0.956387 -0.409758 -0.762498
24  0.000002 0.000010 0.000000  1.200028 -0.000031 1.570739
25  -0.000001 -0.000012 0.000001  0.868960 0.000002 1.570712
26  -6.212011 -10.642979 0.826812  1.473120 1.855075 -0.198639
27  6.027511 -0.000260 -0.000221  1.465125 0.760875 -0.546011
28  11.691992 0.000160 0.000857  0.346039 0.000058 -1.636487
29  11.479282 -0.000616 0.001097  -1.111940 0.602025 0.717893
30  3.859437 -0.132759 1.193063  0.469647 -0.013262 -1.872395
31  1.312559 0.000027 0.000001  0.024060 -0.138696 -0.550187
32  0.729345 0.000065 -0.000026  -0.166197 -0.081570 -0.714272
33  3.942046 0.050139 0.430998  0.225309 -0.086237 -1.592712
34  1.539096 0.000005 -0.000001  0.035254 -0.050373 -0.994350
35  1.196300 0.000077 -0.000004  -0.021521 0.002175 -0.839738
36  3.883413 -0.050472 -0.431085  0.184824 -0.271737 -1.204030
37  1.719564 -0.000084 -0.000004  0.022859 -0.107186 -1.509108
38  1.209196 0.000035 0.000011  0.000662 0.071072 -0.480462
39  3.859588 -0.149082 -1.331322  -0.080472 0.327601 -0.061665
40  1.719412 -0.000099 -0.000036  0.097557 0.060679 -0.377229
41  1.099674 0.000023 0.000007  -0.014718 0.004685 0.056983
42  0.805984 -0.359848 -1.318340  0.991670 0.166767 -0.799527
43  1.789780 -0.000009 -0.000042  0.000058 -0.002451 0.133097
44  1.206996 -0.000008 0.000005  0.000372 -0.000071 1.058780
45  5.740573 0.000077 0.000722  0.113175 -0.000014 0.000028
46  11.480801 -0.000050 0.000964  0.050045 0.121041 0.099958
47  6.027515 -0.000273 -0.000229  -0.942808 -0.550786 -1.492327
48  -0.000001 11.691977 -0.000007  -1.109757 0.553192 0.858909
49  0.000004 -0.000002 0.000001  2.618569 -0.000036 1.570860
50  -0.000006 -0.000012 0.000004  2.272645 -0.000036 1.570861
51  -3.680947 -4.109987 -7.939386  -0.085178 -3.023230 1.393589
52  -0.000000 0.000000 -0.000000  0.008153 -0.000259 0.000009
53  0.000000 -0.000000 -0.000001  1.565115 0.043565 -0.106862
54  13.529685 -6.196906 -13.732866  1.284932 0.151953 -1.458148
55  -0.000000 0.000003 0.000001  0.000000 -0.000001 -0.000002
56  0.000030 0.000032 0.000002  -1.571902 -0.044449 -0.106509
57  22.222607 8.598592 -17.594948  1.570796 -0.000000 0.000000
58  -16.319784 5.039393 -18.063972  1.570796 -0.000000 0.000000
59  1.239137 9.726500 -7.028192  1.570796 -0.000000 0.000000
60  -0.004311 0.001230 -0.000372  0.006898 -0.005534 -0.284229
61  0.826810 11.578514 -4.219014  1.570796 -0.000000 0.000000
62  0.000000 0.000000 0.000000  -0.078727 -3.136056 0.284226
63  0.000000 0.000000 0.000000  1.568706 -0.002378 -0.003945
64  -2.789606 -8.514872 -2.905517  1.607684 0.014225 0.022046
65  0.042352 -2.889250 0.627700  -0.000000 -0.000000 0.000000
66  0.042352 -0.907088 1.190367  -0.000000 -0.000000 0.000000
67  -1.331044 -1.025122 4.361372  -0.000000 -0.000000 0.000000
68  0.042353 -0.884531 23.199604  -0.000000 -0.000000 0.000000
69  0.042255 0.181228 5.671382  1.550350 0.000000 -0.000000
70  0.000096 0.089185 -9.714658  0.000000 -0.000000 0.000000
71  0.042352 -0.569288 7.155123  -0.000000 -0.000000 0.000000
72  -0.682762 -1.501893 3.214540  -0.000000 -0.000000 0.000000
73  0.074278 -0.628099 4.762587  -0.000000 -0.000000 0.000000
74  12.467863 -21.824036 -18.897991  0.658470 -0.654340 1.510730
75  0.090102 3.029124 -1.725398  0.336793 3.074259 1.186571
76  2.923889 1.668561 -1.111007  -0.000000 0.000000 -0.402502
77  2.269614 0.751183 -1.367897  -0.080868 -0.072840 -0.620236
78  0.000003 0.000003 -0.000002  -0.078144 0.702118 0.832133
79  -0.000002 0.440766 -0.000001  0.700617 -0.577908 -1.004703
80  -0.000001 0.430560 -0.000001  0.099862 -0.049051 0.136952
81  -0.000001 0.438247 -0.000001  0.152982 0.391206 0.331551
82  0.000004 0.433552 0.000002  -0.005288 0.073061 0.436588
83  0.000002 0.454268 0.000000  -0.082775 0.216852 0.521413
84  0.000002 0.438146 0.000001  -0.213986 0.264174 -0.001732
85  -0.000003 0.444416 0.000000  -0.610172 0.729654 0.255184
86  -0.000001 0.422923 0.000003  -0.167673 0.302943 -0.062037
87  0.000001 0.426511 -0.000002  -0.101497 -2.869460 -0.095543
88  0.000005 0.432948 0.000000  -1.749192 -0.871341 1.685107
time 76
0  0.000006 0.000000 0.000000  -1.570800 -1.391899 -1.570792
1  -8.620046 -8.179603 1.234828  -1.544956 -1.855077 -0.198630
2  6.027514 -0.000327 0.000200  -1.468171 -0.283202 -0.247496
3  11.692110 0.000644 -0.000737  0.398450 -0.000027 -1.536825
4  11.480167 -0.000715 -0.000493  1.418547 0.280158 0.261526
5  3.859503 -0.142822 -1.192079  -0.443151 0.468798 -0.678539
6  1.312591 0.000011 0.000007  -0.000136 0.000723 -0.087130
7  0.729356 0.000055 0.000048  -0.000105 -0.000017 0.081445
8  3.942140 0.046334 -0.431542  -0.123272 0.240485 -0.485479
9  1.539109 0.000083 0.000005  0.000006 0.000058 0.013627
10  1.196331 0.000145 0.000028  0.000013 0.000013 -0.070809
11  3.883510 -0.047210 0.431353  0.087448 0.085525 -0.229793
12  1.719572 -0.000029 0.000016  0.001256 0.005429 -0.142446
13  1.209179 0.000092 0.000013  0.001086 0.002891 0.143648
14  4.085235 -0.082651 1.151010  0.310842 -0.210930 -0.146933
15  1.719449 -0.000017 0.000027  0.000247 0.003477 -0.210699
16  1.099675 0.000047 0.000006  0.000986 0.002413 0.111097
17  0.806011 -0.349036 1.321248  -0.903326 -0.573563 -0.757387
18  1.789820 -0.000002 -0.000017  0.001514 -0.012276 -0.089188
19  1.207015 -0.000013 -0.000043  0.001355 0.000276 -0.167955
20  5.740635 0.000390 -0.000699  -0.038032 0.000003 0.000063
21  11.481046 0.000035 -0.000754  -0.036724 0.072722 0.042985
22  6.027525 -0.000329 0.000202  -0.397251 -2.377639 -1.535871
23  0.000001 11.692101 -0.000006  -1.051237 -0.496468 -0.823866
24  0.000003 0.000009 0.000001  1.267551 -0.000031 1.570739
25  0.000001 -0.000010 0.000001  0.868960 0.000002 1.570712
26  -6.212011 -10.642979 0.826812  1.473120 1.855075 -0.198639
27  6.027511 -0.000260 -0.000221  1.468391 0.760267 -0.544706
28  11.691992 0.000160 0.000857  0.346039 0.000058 -1.639934
29  11.479259 -0.000627 0.001097  -1.123512 0.599542 0.726148
30  3.859437 -0.132759 1.193066  0.469647 -0.013262 -1.872395
31  1.312559 0.000026 -0.000001  0.024060 -0.138696 -0.550187
32  0.729345 0.000064 -0.000027  -0.166197 -0.081570 -0.714272
33  3.942047 0.050139 0.431001  0.225309 -0.086237 -1.592712
34  1.539096 0.000005 -0.000001  0.035254 -0.050373 -0.994350
35  1.196300 0.000077 -0.000005  -0.021521 0.002175 -0.839738
36  3.883413 -0.050472 -0.431083  0.184824 -0.271737 -1.204030
37  1.719564 -0.000084 -0.000005  0.022858 -0.107186 -1.509108
38  1.209197 0.000035 0.000011  0.000661 0.071072 -0.480462
39  3.859588 -0.149082 -1.331320  -0.080472 0.327601 -0.061665
40  1.719413 -0.000099 -0.000037  0.097557 0.060679 -0.377229
41  1.099674 0.000024 0.000006  -0.014718 0.004685 0.056983
42  0.805983 -0.359848 -1.318337  0.991670 0.166767 -0.799527
43  1.789779 -0.000008 -0.000042  0.000058 -0.002451 0.133098
44  1.206996 -0.000006 0.000005  0.000372 -0.000071 1.058780
45  5.740573 0.000079 0.000721  0.111479 -0.000014 0.000028
46  11.480797 -0.000051 0.000964  0.047792 0.120157 0.102437
47  6.027515 -0.000273 -0.000229  -0.940610 -0.549219 -1.494422
48  -0.000000 11.691977 -0.000008  -1.111778 0.555186 0.860071
49  0.000003 -0.000001 0.000001  2.618569 -0.000036 1.570860
50  -0.000007 -0.000013 0.000005  2.272645 -0.000036 1.570861
51  -3.696959 -4.086984 -7.898693  -0.099328 -3.027163 1.392257
52  0.000000 -0.000000 -0.000001  0.008153 -0.000259 0.000009
53  0.000000 -0.000000 0.000001  1.565115 0.043565 -0.106862
54  13.569966 -4.805293 -14.068850  1.296234 0.277279 -1.618484
55  0.000000 -0.000000 0.000002  0.000000 -0.000001 -0.000002
56  0.000031 0.000029 0.000003  -1.571901 -0.044449 -0.106509
57  21.846224 8.220527 -16.969707  1.570796 -0.000000 0.000000
58  -16.319784 5.039393 -18.063972  1.570796 -0.000000 0.000000
59  1.239137 9.582577 -7.028192  1.570796 -0.000000 0.000000
60  -0.004311 0.001230 -0.000372  0.006898 -0.005534 -0.284229
61  0.826810 11.578514 -4.219014  1.570796 -0.000000 0.000000
62  0.000000 0.000000 0.000000  -0.078727 -3.136056 0.284226
63  0.000000 0.000000 0.000000  1.564861 0.003993 -0.003831
64  -2.752910 -8.526476 -2.904994  1.614313 0.027227 0.019209
65  0.042352 -2.889250 0.627701  -0.000000 -0.000000 0.000000
66  0.042352 -0.907088 1.190369  -0.000000 -0.000000 0.000000
67  -1.331044 -1.025121 4.361374  -0.000000 -0.000000 0.000000
68  0.042353 -0.884530 23.199606  -0.000000 -0.000000 0.000000
69  0.042255 0.181228 5.671384  1.565018 0.000000 -0.000000
70  0.000096 0.089184 -9.714657  -0.000000 0.000000 0.000000
71  0.042352 -0.569288 7.155125  -0.000000 -0.000000 0.000000
72  -0.682762 -1.501892 3.214539  -0.000000 -0.000000 0.000000
73  0.074278 -0.628098 4.762589  -0.000000 -0.000000 0.000000
74  13.623869 -21.984016 -20.941528  0.631846 -0.729014 1.606119
75  -0.375636 2.358507 -1.968678  -2.841313 -0.088482 -1.632017
76  2.923890 1.668561 -1.111006  -0.000000 0.000000 -0.385257
77  2.269617 0.751184 -1.367895  -0.118954 -0.075224 -0.556185
78  0.000001 -0.000001 -0.000000  -0.120970 0.716699 0.864440
79  0.000001 0.440765 -0.000004  0.643406 -0.631299 -0.946644
80  -0.000000 0.430557 0.000001  0.073776 -0.061782 0.193691
81  -0.000002 0.438249 0.000003  0.126527 0.381763 0.359494
82  0.000001 0.433550 -0.000002  -0.032491 0.067100 0.443181
83  0.000005 0.454264 -0.000001  -0.096901 0.207241 0.508781
84  0.000003 0.438144 0.000001  -0.200377 0.240980 -0.011561
85  -0.000005 0.444415 0.000002  -0.573345 0.711001 0.259411
86  0.000000 0.422926 0.000000  -0.154173 0.287326 -0.050732
87  -0.000001 0.426509 -0.000002  -0.072469 -2.890558 -0.087372
88  -0.000001 0.432948 0.000001  -1.819782 -0.948710 1.741813
time 77
0  0.000006 0.000000 0.000000  -1.570800 -1.391899 -1.570792
1  -8.578924 -7.952198 1.234828  -1.544956 -1.855077 -0.198630
2  6.027514 -0.000328 0.000201  -1.415372 -0.176220 -0.193697
3  11.692105 0.000645 -0.000739  0.452366 -0.000036 -1.674357
4  11.479167 -0.001251 -0.000206  1.322406 0.353221 0.111788
5  3.859503 -0.142822 -1.192080  -0.451899 0.428724 -0.711538
6  1.312591 0.000009 0.000008  -0.000239 0.001216 -0.102820
7  0.729357 0.000055 0.000049  -0.000198 -0.000043 0.045945
8  3.942141 0.046332 -0.431542  -0.126484 0.220305 -0.507063
9  1.539112 0.000084 0.000004  0.000006 0.000086 -0.070070
10  1.196331 0.000145 0.000028  0.000010 0.000014 -0.081088
11  3.883511 -0.047212 0.431352  0.087007 0.073463 -0.247706
12  1.719574 -0.000029 0.000015  0.000649 0.005574 -0.255064
13  1.209181 0.000091 0.000012  0.001052 0.002902 0.133459
14  4.085234 -0.082652 1.151009  0.304582 -0.216458 -0.115872
15  1.719449 -0.000019 0.000029  -0.000669 0.003059 -0.382157
16  1.099674 0.000047 0.000005  0.001016 0.002424 0.097517
17  0.806011 -0.349037 1.321247  -0.895789 -0.574233 -0.771424
18  1.789820 -0.000004 -0.000018  0.001279 -0.010468 -0.086512
19  1.207016 -0.000014 -0.000043  0.001161 0.000213 -0.130062
20  5.740636 0.000389 -0.000699  -0.052192 0.000003 0.000063
21  11.480847 -0.000072 -0.000698  -0.052319 0.087923 0.015898
22  6.027524 -0.000329 0.000202  -0.265539 -2.302019 -1.564809
23  -0.000000 11.692101 -0.000009  -1.132029 -0.575235 -0.871439
24  0.000002 0.000009 -0.000001  1.321471 -0.000031 1.570739
25  0.000000 -0.000011 -0.000001  0.868960 0.000002 1.570712
26  -6.212011 -10.642979 0.826812  1.473120 1.855075 -0.198639
27  6.027511 -0.000260 -0.000221  1.471260 0.760729 -0.543665
28  11.691992 0.000160 0.000859  0.346039 0.000058 -1.637990
29  11.479271 -0.000621 0.001096  -1.141457 0.599472 0.722316
30  3.859437 -0.132759 1.193065  0.469647 -0.013262 -1.872395
31  1.312559 0.000025 -0.000002  0.024060 -0.138696 -0.550187
32  0.729345 0.000064 -0.000027  -0.166197 -0.081570 -0.714272
33  3.942046 0.050139 0.431001  0.225309 -0.086237 -1.592712
34  1.539097 0.000006 -0.000000  0.035254 -0.050373 -0.994350
35  1.196301 0.000077 -0.000004  -0.021521 0.002175 -0.839738
36  3.883413 -0.050473 -0.431084  0.184824 -0.271737 -1.204030
37  1.719563 -0.000084 -0.000004  0.022858 -0.107186 -1.509108
38  1.209198 0.000034 0.000011  0.000661 0.071072 -0.480462
39  3.859588 -0.149082 -1.331321  -0.080472 0.327601 -0.061665
40  1.719412 -0.000098 -0.000036  0.097557 0.060679 -0.377229
41  1.099674 0.000023 0.000006  -0.014718 0.004685 0.056983
42  0.805983 -0.359848 -1.318338  0.991670 0.166767 -0.799527
43  1.789780 -0.000008 -0.000043  0.000058 -0.002451 0.133098
44  1.206996 -0.000007 0.000006  0.000372 -0.000071 1.058781
45  5.740574 0.000079 0.000720  0.108207 -0.000014 0.000028
46  11.480799 -0.000050 0.000964  0.044771 0.119069 0.102896
47  6.027515 -0.000273 -0.000229  -0.939636 -0.547258 -1.495867
48  -0.000001 11.691977 -0.000007  -1.110638 0.554062 0.859416
49  0.000004 -0.000000 -0.000001  2.618569 -0.000036 1.570860
50  -0.000008 -0.000013 0.000005  2.272645 -0.000036 1.570861
51  -3.724962 -4.107845 -7.883069  -0.114632 -3.024202 1.391196
52  -0.000000 0.000000 0.000000  0.008153 -0.000259 0.000009
53  -0.000001 -0.000000 0.000000  1.565115 0.043565 -0.106862
54  13.540374 -3.647627 -14.200374  1.299563 0.371079 -1.793756
55  0.000000 -0.000000 -0.000000  0.000000 -0.000001 -0.000002
56  0.000030 0.000028 0.000001  -1.571901 -0.044449 -0.106509
57  21.500957 7.599979 -15.965777  1.570796 -0.000000 0.000000
58  -16.319784 5.039393 -18.063972  1.570796 -0.000000 0.000000
59  1.239137 9.351484 -7.028192  1.570796 -0.000000 0.000000
60  -0.004311 0.001230 -0.000372  0.006898 -0.005534 -0.284229
61  0.826810 11.578514 -4.219014  1.570796 -0.000000 0.000000
62  0.000000 0.000000 0.000000  -0.078727 -3.136056 0.284226
63  0.000000 0.000000 0.000000  1.561213 0.006661 -0.003649
64  -2.716264 -8.549074 -2.903576  1.614382 0.042714 0.016379
65  0.042352 -2.889249 0.627700  -0.000000 -0.000000 0.000000
66  0.042352 -0.907087 1.190369  -0.000000 -0.000000 0.000000
67  -1.331045 -1.025122 4.361372  -0.000000 -0.000000 0.000000
68  0.042353 -0.884531 23.199606  -0.000000 -0.000000 0.000000
69  0.042255 0.181228 5.671383  1.570796 0.000000 -0.000000
70  0.000096 0.089186 -9.714656  -0.000000 0.000000 0.000000
71  0.042352 -0.569288 7.155124  -0.000000 -0.000000 0.000000
72  -0.682762 -1.501892 3.214539  -0.000000 -0.000000 0.000000
73  0.074278 -0.628098 4.762587  -0.000000 -0.000000 0.000000
74  14.492584 -22.113604 -22.946041  0.593617 -0.834326 1.726650
75  1.291013 3.210342 -2.801284  0.563398 2.924520 0.472891
76  2.923886 1.668561 -1.111009  0.000000 -0.000000 -0.339691
77  2.269607 0.751182 -1.367898  -0.080778 -0.105045 -0.714826
78  0.000000 -0.000002 -0.000001  -0.106719 0.691031 0.722218
79  0.000000 0.440765 0.000001  0.739850 -0.518891 -1.180200
80  0.000003 0.430554 -0.000000  0.025653 -0.099558 0.070890
81  0.000000 0.438245 0.000002  0.058586 0.350847 0.315772
82  0.000003 0.433553 0.000000  -0.115934 0.055254 0.488763
83  -0.000003 0.454268 -0.000002  -0.199231 0.223935 0.585666
84  0.000000 0.438147 -0.000001  -0.303686 0.207465 0.028440
85  0.000003 0.444416 0.000004  -0.669342 0.683506 0.249966
86  0.000002 0.422925 0.000004  -0.082250 0.263588 -0.059347
87  -0.000000 0.426505 -0.000001  -0.339824 -2.900946 0.002934
88  0.000001 0.432949 0.000001  -1.771112 -0.522694 1.519815
time 78
0  0.000006 0.000000 0.000000  -1.570800 -1.391899 -1.570792
1  -8.526612 -7.662908 1.234828  -1.544956 -1.855077 -0.198630
2  6.027514 -0.000328 0.000200  -1.352030 -0.133642 -0.114684
3  11.692104 0.000643 -0.000738  0.491929 -0.000040 -1.741419
4  11.480452 -0.000622 -0.000498  1.217566 0.293871 0.010996
5  3.859502 -0.142824 -1.192077  -0.460150 0.381407 -0.749057
6  1.312588 0.000009 0.000008  -0.000370 0.001790 -0.121190
7  0.729356 0.000054 0.000050  -0.000306 -0.000078 0.004342
8  3.942140 0.046330 -0.431542  -0.129663 0.196585 -0.532148
9  1.539111 0.000084 0.000004  0.000004 0.000118 -0.168696
10  1.196332 0.000147 0.000030  0.000006 0.000014 -0.093122
11  3.883510 -0.047213 0.431353  0.086765 0.059332 -0.268659
12  1.719573 -0.000029 0.000019  -0.000084 0.005657 -0.388503
13  1.209180 0.000090 0.000012  0.001012 0.002915 0.121530
14  4.085234 -0.082654 1.151010  0.297019 -0.222689 -0.079388
15  1.719448 -0.000020 0.000029  -0.001657 0.002357 -0.588786
16  1.099677 0.000048 0.000006  0.001052 0.002437 0.081620
17  0.806011 -0.349039 1.321249  -0.886947 -0.574904 -0.787872
18  1.789821 -0.000003 -0.000017  0.001011 -0.008351 -0.083379
19  1.207014 -0.000012 -0.000043  0.000931 0.000149 -0.085647
20  5.740634 0.000391 -0.000701  -0.069020 0.000003 0.000063
21  11.481102 0.000054 -0.000758  -0.069393 0.077300 -0.003718
22  6.027525 -0.000329 0.000201  -0.218440 -2.232608 -1.512170
23  -0.000000 11.692099 -0.000008  -1.171328 -0.614778 -0.892710
24  0.000002 0.000009 -0.000001  1.361036 -0.000031 1.570739
25  -0.000001 -0.000012 0.000001  0.868960 0.000002 1.570712
26  -6.212011 -10.642979 0.826812  1.473120 1.855075 -0.198639
27  6.027511 -0.000260 -0.000221  1.475150 0.761670 -0.542280
28  11.691994 0.000160 0.000859  0.346039 0.000057 -1.634338
29  11.479294 -0.000610 0.001091  -1.161107 0.597677 0.716418
30  3.859437 -0.132758 1.193065  0.469647 -0.013262 -1.872395
31  1.312559 0.000026 -0.000002  0.024060 -0.138696 -0.550187
32  0.729345 0.000065 -0.000027  -0.166197 -0.081570 -0.714272
33  3.942047 0.050139 0.431000  0.225309 -0.086237 -1.592712
34  1.539096 0.000005 -0.000002  0.035254 -0.050373 -0.994350
35  1.196301 0.000077 -0.000004  -0.021521 0.002175 -0.839738
36  3.883413 -0.050472 -0.431084  0.184824 -0.271737 -1.204030
37  1.719563 -0.000085 -0.000004  0.022858 -0.107186 -1.509108
38  1.209197 0.000035 0.000009  0.000661 0.071072 -0.480462
39  3.859589 -0.149082 -1.331321  -0.080472 0.327601 -0.061665
40  1.719412 -0.000098 -0.000035  0.097557 0.060679 -0.377229
41  1.099674 0.000024 0.000007  -0.014718 0.004685 0.056982
42  0.805983 -0.359848 -1.318338  0.991670 0.166767 -0.799527
43  1.789780 -0.000008 -0.000042  0.000058 -0.002451 0.133098
44  1.206996 -0.000006 0.000005  0.000372 -0.000071 1.058781
45  5.740572 0.000079 0.000720  0.104628 -0.000014 0.000028
46  11.480803 -0.000049 0.000963  0.041670 0.117532 0.103154
47  6.027515 -0.000273 -0.000229  -0.938627 -0.544417 -1.497689
48  -0.000000 11.691976 -0.000007  -1.108497 0.551950 0.858183
49  0.000002 -0.000001 -0.000000  2.618569 -0.000036 1.570860
50  -0.000008 -0.000013 0.000005  2.272645 -0.000036 1.570861
51  -3.764663 -4.144466 -7.864690  -0.130696 -3.020990 1.391022
52  0.000000 0.000000 -0.000000  0.008153 -0.000259 0.000009
53  0.000000 0.000000 0.000000  1.565115 0.043565 -0.106862
54  13.519160 -3.238198 -14.221685  1.295723 0.378971 -1.910014
55  -0.000000 -0.000000 0.000000  0.000000 -0.000001 -0.000002
56  0.000031 0.000028 0.000002  -1.571901 -0.044449 -0.106509
57  21.201052 6.785554 -14.688646  1.570796 -0.000000 0.000000
58  -16.319784 5.039393 -18.063972  1.570796 -0.000000 0.000000
59  1.239137 9.057503 -7.028192  1.570796 -0.000000 0.000000
60  -0.004311 0.001230 -0.000372  0.006898 -0.005534 -0.284229
61  0.826810 11.578514 -4.219014  1.570796 -0.000000 0.000000
62  0.000000 0.000000 0.000000  -0.078727 -3.136056 0.284226
63  0.000000 0.000000 0.000000  1.558142 0.006652 -0.003393
64  -2.684325 -8.586330 -2.900814  1.614322 0.058985 0.014296
65  0.042351 -2.889250 0.627702  0.000000 0.000000 0.000000
66  0.042351 -0.907087 1.190370  0.000000 0.000000 0.000000
67  -1.331044 -1.025122 4.361374  0.000000 0.000000 0.000000
68  0.042353 -0.884530 23.199606  0.000000 0.000000 0.000000
69  0.042255 0.181228 5.671384  1.570796 0.000000 -0.000000
70  0.000095 0.089186 -9.714656  0.000000 -0.000000 -0.000000
71  0.042352 -0.569288 7.155125  0.000000 0.000000 0.000000
72  -0.682763 -1.501893 3.214539  0.000000 0.000000 0.000000
73  0.074278 -0.628099 4.762588  0.000000 0.000000 0.000000
74  15.115049 -22.215176 -24.907036  0.526830 -0.958632 1.875395
75  2.958741 4.109856 -3.591997  0.268882 2.491846 -1.040051
76  2.923885 1.668563 -1.111005  -0.000000 -0.000000 -0.275091
77  2.269605 0.751185 -1.367896  -0.166755 -0.037316 -0.310691
78  0.000001 -0.000001 0.000001  -0.123803 0.759834 1.120207
79  -0.000000 0.440761 0.000002  0.586553 -0.651828 -0.960221
80  -0.000002 0.430556 0.000001  -0.069347 -0.080364 0.013166
81  -0.000000 0.438248 0.000000  -0.107058 0.363762 -0.089898
82  -0.000005 0.433549 -0.000002  -0.079267 0.008754 -0.108808
83  0.000004 0.454267 0.000000  -0.102840 0.124384 -0.100405
84  -0.000001 0.438145 -0.000002  -0.060071 0.169177 -0.555430
85  0.000001 0.444416 0.000002  -0.304658 0.654828 0.083485
86  0.000001 0.422928 0.000001  0.157676 0.284889 -0.006744
87  0.000000 0.426506 -0.000003  -0.229040 -2.884501 0.053164
88  0.000001 0.432947 0.000000  -1.726199 -1.051562 1.520717
time 79
0  0.000006 0.000000 0.000000  -1.570800 -1.391899 -1.570792
1  -8.470173 -7.350795 1.234828  -1.544956 -1.855077 -0.198630
2  6.027514 -0.000329 0.000201  -1.283648 -0.131566 -0.019210
3  11.692109 0.000644 -0.000737  0.517880 -0.000042 -1.770573
4  11.480188 -0.000798 -0.000391  1.171516 0.137862 -0.008581
5  3.859503 -0.142824 -1.192079  -0.466649 0.331315 -0.787409
6  1.312589 0.000010 0.000008  -0.000518 0.002392 -0.140519
7  0.729355 0.000053 0.000050  -0.000418 -0.000120 -0.039447
8  3.942140 0.046330 -0.431542  -0.132341 0.171548 -0.558345
9  1.539111 0.000083 0.000005  -0.000002 0.000152 -0.272722
10  1.196332 0.000145 0.000028  0.000002 0.000014 -0.105783
11  3.883511 -0.047213 0.431351  0.086831 0.044459 -0.290686
12  1.719573 -0.000029 0.000016  -0.000864 0.005638 -0.529548
13  1.209178 0.000091 0.000013  0.000969 0.002928 0.108981
14  4.085235 -0.082653 1.151010  0.288801 -0.228950 -0.040886
15  1.719447 -0.000018 0.000028  -0.002527 0.001406 -0.808643
16  1.099675 0.000049 0.000005  0.001089 0.002452 0.064893
17  0.806012 -0.349039 1.321248  -0.877629 -0.575479 -0.805191
18  1.789819 -0.000003 -0.000017  0.000735 -0.006123 -0.080084
19  1.207015 -0.000014 -0.000045  0.000686 0.000092 -0.038894
20  5.740637 0.000388 -0.000699  -0.078032 0.000003 0.000063
21  11.481051 0.000019 -0.000735  -0.077451 0.046495 -0.012136
22  6.027525 -0.000329 0.000202  -0.236181 -2.165599 -1.393290
23  -0.000000 11.692101 -0.000007  -1.188436 -0.632178 -0.901543
24  0.000003 0.000008 0.000000  1.386988 -0.000031 1.570739
25  -0.000001 -0.000012 0.000000  0.868960 0.000002 1.570712
26  -6.212011 -10.642979 0.826812  1.473120 1.855075 -0.198639
27  6.027511 -0.000260 -0.000221  1.479974 0.763357 -0.540602
28  11.691992 0.000161 0.000857  0.346039 0.000057 -1.628352
29  11.479333 -0.000589 0.001086  -1.180853 0.593549 0.708029
30  3.859437 -0.132758 1.193066  0.469647 -0.013262 -1.872395
31  1.312559 0.000024 -0.000001  0.024060 -0.138696 -0.550187
32  0.729346 0.000064 -0.000027  -0.166197 -0.081570 -0.714272
33  3.942047 0.050139 0.431000  0.225309 -0.086237 -1.592712
34  1.539096 0.000007 -0.000000  0.035254 -0.050373 -0.994350
35  1.196300 0.000078 -0.000004  -0.021521 0.002175 -0.839738
36  3.883413 -0.050472 -0.431084  0.184824 -0.271737 -1.204030
37  1.719563 -0.000085 -0.000005  0.022859 -0.107186 -1.509108
38  1.209197 0.000035 0.000011  0.000661 0.071072 -0.480462
39  3.859588 -0.149082 -1.331321  -0.080472 0.327601 -0.061665
40  1.719412 -0.000098 -0.000036  0.097557 0.060679 -0.377229
41  1.099673 0.000023 0.000007  -0.014718 0.004685 0.056982
42  0.805983 -0.359848 -1.318339  0.991670 0.166767 -0.799527
43  1.789781 -0.000008 -0.000042  0.000058 -0.002451 0.133098
44  1.206997 -0.000007 0.000005  0.000372 -0.000071 1.058780
45  5.740572 0.000079 0.000721  0.101010 -0.000014 0.000028
46  11.480810 -0.000044 0.000963  0.038834 0.115518 0.103042
47  6.027515 -0.000273 -0.000229  -0.937893 -0.540593 -1.499722
48  -0.000002 11.691975 -0.000007  -1.104987 0.548494 0.856154
49  0.000004 -0.000001 0.000001  2.618569 -0.000036 1.570860
50  -0.000007 -0.000014 0.000005  2.272645 -0.000036 1.570861
51  -3.815733 -4.201755 -7.845066  -0.145900 -3.017762 1.392245
52  -0.000000 -0.000000 0.000001  0.008153 -0.000259 0.000009
53  -0.000000 0.000000 0.000000  1.565115 0.043565 -0.106862
54  13.536290 -3.244636 -14.185218  1.343207 0.312042 -1.968160
55  0.000000 0.000001 0.000001  0.000000 -0.000001 -0.000002
56  0.000031 0.000030 0.000002  -1.571902 -0.044449 -0.106509
57  20.958817 5.865780 -13.310758  1.570796 -0.000000 0.000000
58  -16.319784 5.039393 -18.063972  1.570796 -0.000000 0.000000
59  1.239137 8.740328 -7.028192  1.570796 -0.000000 0.000000
60  -0.004311 0.001230 -0.000372  0.006898 -0.005534 -0.284229
61  0.826810 11.578514 -4.219014  1.570796 -0.000000 0.000000
62  0.000000 0.000000 0.000000  -0.078727 -3.136056 0.284226
63  0.000000 0.000000 0.000000  1.556020 0.006614 -0.003078
64  -2.661748 -8.641909 -2.896260  1.614050 0.074414 0.013647
65  0.042352 -2.889250 0.627699  -0.000000 -0.000000 -0.000000
66  0.042352 -0.907087 1.190368  -0.000000 -0.000000 -0.000000
67  -1.331044 -1.025122 4.361372  -0.000000 -0.000000 -0.000000
68  0.042353 -0.884531 23.199604  -0.000000 -0.000000 -0.000000
69  0.042255 0.181228 5.671383  1.570796 0.000000 -0.000000
70  0.000096 0.089183 -9.714657  -0.000000 0.000000 -0.000000
71  0.042352 -0.569288 7.155123  -0.000000 -0.000000 -0.000000
72  -0.682762 -1.501892 3.214539  -0.000000 -0.000000 -0.000000
73  0.074279 -0.628098 4.762587  -0.000000 -0.000000 -0.000000
74  15.532307 -22.289789 -26.816959  0.407552 -1.088110 2.064279
75  2.922827 4.196019 -3.819312  0.268882 2.491846 -1.040051
76  2.923887 1.668562 -1.111006  0.000000 0.000000 -0.200935
77  2.269608 0.751184 -1.367894  -0.201160 -0.082961 -0.370688
78  0.000000 0.000001 -0.000002  -0.196035 0.774820 1.002463
79  0.000004 0.440759 0.000001  0.541947 -0.654619 -0.935219
80  0.000000 0.430558 -0.000001  -0.066325 -0.072196 0.039921
81  0.000003 0.438246 0.000000  -0.071596 0.372666 -0.041491
82  -0.000003 0.433553 -0.000000  -0.043967 0.016518 -0.050469
83  0.000002 0.454266 -0.000000  -0.056158 0.130734 -0.030706
84  -0.000003 0.438145 0.000006  -0.021439 0.175143 -0.478206
85  -0.000000 0.444414 0.000005  -0.272647 0.665167 0.122661
86  0.000001 0.422926 0.000001  0.165014 0.285533 -0.002817
87  0.000000 0.426509 0.000000  -0.259599 -2.884750 0.032471
88  0.000004 0.432951 -0.000001  -1.738517 -0.962262 1.574526
time 80
0  0.000006 0.000000 0.000000  -1.570800 -1.391899 -1.570792
1  -8.417860 -7.061505 1.234828  -1.544956 -1.855077 -0.198630
2  6.027514 -0.000330 0.000200  -1.222752 -0.141810 0.080920
3  11.692104 0.000645 -0.000738  0.532571 -0.000044 -1.798777
4  11.479926 -0.000947 -0.000298  1.217112 -0.067749 0.037368
5  3.859504 -0.142824 -1.192080  -0.470869 0.283563 -0.822953
6  1.312589 0.000009 0.000007  -0.000670 0.002961 -0.158889
7  0.729353 0.000054 0.000050  -0.000523 -0.000164 -0.081051
8  3.942141 0.046329 -0.431545  -0.134260 0.147700 -0.583077
9  1.539110 0.000082 0.000006  -0.000011 0.000183 -0.371348
10  1.196332 0.000146 0.000028  -0.000001 0.000014 -0.117817
11  3.883511 -0.047214 0.431350  0.087197 0.030330 -0.311608
12  1.719573 -0.000028 0.000017  -0.001593 0.005519 -0.662988
13  1.209178 0.000091 0.000012  0.000929 0.002939 0.097052
14  4.085235 -0.082655 1.151007  0.280757 -0.234610 -0.004203
15  1.719449 -0.000019 0.000028  -0.003136 0.000358 -1.015270
16  1.099677 0.000048 0.000005  0.001124 0.002467 0.048995
17  0.806012 -0.349040 1.321246  -0.868759 -0.575899 -0.821663
18  1.789820 -0.000005 -0.000021  0.000480 -0.004005 -0.076953
19  1.207014 -0.000014 -0.000044  0.000451 0.000049 0.005521
20  5.740635 0.000389 -0.000702  -0.069028 0.000003 0.000064
21  11.480995 -0.000011 -0.000715  -0.067007 0.004636 -0.008907
22  6.027524 -0.000329 0.000201  -0.279230 -2.108926 -1.248518
23  -0.000001 11.692100 -0.000008  -1.205016 -0.649126 -0.909841
24  0.000005 0.000008 0.000000  1.401679 -0.000030 1.570739
25  -0.000001 -0.000011 -0.000001  0.868960 0.000002 1.570712
26  -6.212011 -10.642979 0.826812  1.473120 1.855075 -0.198639
27  6.027511 -0.000260 -0.000221  1.485344 0.766111 -0.538792
28  11.691993 0.000160 0.000859  0.346039 0.000056 -1.619609
29  11.479393 -0.000558 0.001074  -1.198753 0.587609 0.697538
30  3.859437 -0.132758 1.193065  0.469647 -0.013262 -1.872395
31  1.312559 0.000024 -0.000001  0.024060 -0.138696 -0.550187
32  0.729345 0.000065 -0.000028  -0.166197 -0.081570 -0.714272
33  3.942046 0.050139 0.430999  0.225309 -0.086237 -1.592712
34  1.539096 0.000005 -0.000002  0.035254 -0.050373 -0.994350
35  1.196301 0.000078 -0.000004  -0.021521 0.002175 -0.839738
36  3.883413 -0.050472 -0.431084  0.184824 -0.271737 -1.204030
37  1.719563 -0.000084 -0.000005  0.022858 -0.107186 -1.509108
38  1.209198 0.000034 0.000011  0.000661 0.071072 -0.480462
39  3.859589 -0.149082 -1.331321  -0.080472 0.327601 -0.061665
40  1.719412 -0.000098 -0.000037  0.097557 0.060679 -0.377229
41  1.099673 0.000024 0.000006  -0.014718 0.004685 0.056983
42  0.805983 -0.359848 -1.318338  0.991670 0.166767 -0.799527
43  1.789780 -0.000008 -0.000042  0.000058 -0.002451 0.133097
44  1.206996 -0.000007 0.000006  0.000372 -0.000071 1.058780
45  5.740572 0.000078 0.000721  0.097656 -0.000014 0.000028
46  11.480822 -0.000037 0.000960  0.036539 0.113239 0.102467
47  6.027515 -0.000273 -0.000229  -0.937937 -0.535840 -1.501607
48  -0.000002 11.691976 -0.000006  -1.099858 0.543458 0.853172
49  0.000002 0.000000 -0.000000  2.618569 -0.000036 1.570860
50  -0.000008 -0.000014 0.000005  2.272645 -0.000036 1.570861
51  -3.873854 -4.282436 -7.826258  -0.158639 -3.014718 1.394409
52  0.000000 -0.000000 -0.000000  0.008153 -0.000259 0.000009
53  -0.000000 0.000000 0.000000  1.565115 0.043565 -0.106862
54  13.530472 -3.299017 -14.031136  1.476408 0.186436 -2.000333
55  -0.000000 0.000001 -0.000000  0.000000 -0.000001 -0.000002
56  0.000030 0.000030 0.000001  -1.571901 -0.044449 -0.106509
57  20.780371 4.950949 -12.033628  1.570796 -0.000000 0.000000
58  -16.319784 5.039393 -18.063972  1.570796 -0.000000 0.000000
59  1.239137 8.446346 -7.028192  1.570796 -0.000000 0.000000
60  -0.004311 0.001230 -0.000372  0.006898 -0.005534 -0.284229
61  0.826810 11.578514 -4.219014  1.570796 -0.000000 0.000000
62  0.000000 0.000000 0.000000  -0.078727 -3.136056 0.284226
63  0.000000 0.000000 0.000000  1.555230 0.006515 -0.002712
64  -2.653188 -8.718133 -2.889467  1.613464 0.087401 0.014171
65  0.042352 -2.889250 0.627702  -0.000000 -0.000000 -0.000000
66  0.042352 -0.907087 1.190369  -0.000000 -0.000000 -0.000000
67  -1.331044 -1.025122 4.361374  -0.000000 -0.000000 -0.000000
68  0.042353 -0.884531 23.199604  -0.000000 -0.000000 -0.000000
69  0.042255 0.181228 5.671385  1.570796 0.000000 -0.000000
70  0.000096 0.089183 -9.714657  -0.000000 -0.000000 -0.000000
71  0.042352 -0.569288 7.155124  -0.000000 -0.000000 -0.000000
72  -0.682762 -1.501893 3.214540  -0.000000 -0.000000 -0.000000
73  0.074278 -0.628098 4.762588  -0.000000 -0.000000 -0.000000
74  15.785397 -22.337326 -28.663181  0.198112 -1.207534 2.321154
75  2.833783 4.249794 -3.957192  0.268882 2.491846 -1.040051
76  2.923882 1.668562 -1.111007  -0.000000 -0.000000 -0.126864
77  2.269607 0.751182 -1.367899  -0.223579 -0.128026 -0.421963
78  0.000003 0.000000 -0.000005  -0.259273 0.776527 0.898764
79  0.000004 0.440763 -0.000000  0.501425 -0.666943 -0.897017
80  0.000001 0.430558 0.000001  -0.057855 -0.067567 0.070016
81  0.000003 0.438248 -0.000003  -0.039438 0.376752 0.003010
82  -0.000003 0.433553 -0.000001  -0.016371 0.019427 -0.001716
83  0.000001 0.454269 0.000000  -0.020608 0.131949 0.026561
84  -0.000002 0.438147 -0.000000  0.009488 0.173310 -0.410589
85  0.000001 0.444412 -0.000002  -0.243434 0.671061 0.149847
86  -0.000004 0.422925 0.000001  0.170393 0.286165 -0.002238
87  -0.000000 0.426506 -0.000002  -0.285060 -2.883271 0.013081
88  -0.000001 0.432944 -0.000000  -1.735458 -0.874683 1.612287
time 81
0  0.000006 0.000000 0.000000  -1.570800 -1.391899 -1.570792
1  -8.376739 -6.834101 1.234828  -1.544956 -1.855077 -0.198630
2  6.027513 -0.000331 0.000200  -1.193121 -0.164377 0.162078
3  11.692105 0.000646 -0.000738  0.539334 -0.000046 -1.825270
4  11.479688 -0.001076 -0.000215  1.289155 -0.272795 0.121788
5  3.859504 -0.142823 -1.192080  -0.473043 0.242775 -0.852721
6  1.312588 0.000009 0.000008  -0.000808 0.003445 -0.174579
7  0.729355 0.000056 0.000049  -0.000611 -0.000204 -0.116550
8  3.942141 0.046331 -0.431544  -0.135423 0.127312 -0.604087
9  1.539111 0.000083 0.000003  -0.000021 0.000208 -0.455046
10  1.196334 0.000145 0.000027  -0.000005 0.000014 -0.128097
11  3.883511 -0.047212 0.431349  0.087743 0.018273 -0.329473
12  1.719573 -0.000029 0.000017  -0.002191 0.005344 -0.775605
13  1.209180 0.000090 0.000013  0.000894 0.002949 0.086863
14  4.085234 -0.082652 1.151009  0.273718 -0.239210 0.027183
15  1.719448 -0.000019 0.000028  -0.003470 -0.000591 -1.186724
16  1.099675 0.000049 0.000005  0.001153 0.002480 0.035416
17  0.806012 -0.349037 1.321247  -0.861175 -0.576161 -0.835739
18  1.789820 -0.000004 -0.000018  0.000268 -0.002194 -0.074278
19  1.207015 -0.000014 -0.000043  0.000249 0.000020 0.043414
20  5.740633 0.000389 -0.000700  -0.051035 0.000003 0.000063
21  11.480946 -0.000038 -0.000698  -0.048785 -0.037280 0.004401
22  6.027524 -0.000329 0.000201  -0.337962 -2.086682 -1.112070
23  0.000001 11.692099 -0.000007  -1.220626 -0.665145 -0.917410
24  0.000004 0.000008 -0.000001  1.408442 -0.000031 1.570738
25  0.000001 -0.000011 -0.000000  0.868960 0.000002 1.570712
26  -6.212011 -10.642979 0.826812  1.473120 1.855075 -0.198639
27  6.027511 -0.000260 -0.000221  1.490014 0.770398 -0.537349
28  11.691992 0.000161 0.000858  0.346039 0.000056 -1.608397
29  11.479472 -0.000518 0.001060  -1.212390 0.581718 0.686439
30  3.859437 -0.132759 1.193065  0.469647 -0.013262 -1.872395
31  1.312559 0.000025 -0.000001  0.024060 -0.138696 -0.550187
32  0.729345 0.000063 -0.000027  -0.166197 -0.081570 -0.714273
33  3.942046 0.050139 0.430999  0.225309 -0.086237 -1.592712
34  1.539097 0.000005 -0.000000  0.035254 -0.050373 -0.994350
35  1.196300 0.000078 -0.000005  -0.021521 0.002175 -0.839738
36  3.883414 -0.050473 -0.431084  0.184824 -0.271737 -1.204030
37  1.719564 -0.000085 -0.000005  0.022859 -0.107186 -1.509108
38  1.209198 0.000036 0.000010  0.000661 0.071072 -0.480462
39  3.859588 -0.149082 -1.331321  -0.080472 0.327601 -0.061665
40  1.719412 -0.000098 -0.000037  0.097557 0.060679 -0.377229
41  1.099674 0.000023 0.000007  -0.014718 0.004685 0.056983
42  0.805983 -0.359848 -1.318339  0.991670 0.166767 -0.799527
43  1.789780 -0.000008 -0.000042  0.000058 -0.002451 0.133098
44  1.206996 -0.000007 0.000005  0.000372 -0.000071 1.058780
45  5.740571 0.000079 0.000722  0.094951 -0.000014 0.000028
46  11.480838 -0.000030 0.000958  0.035009 0.111202 0.101474
47  6.027515 -0.000273 -0.000229  -0.939803 -0.530636 -1.502462
48  -0.000001 11.691976 -0.000006  -1.093278 0.537018 0.849318
49  0.000001 -0.000000 -0.000000  2.618569 -0.000036 1.570860
50  -0.000008 -0.000014 0.000004  2.272645 -0.000036 1.570861
51  -3.922468 -4.382318 -7.810828  -0.167313 -3.012006 1.396510
52  -0.000000 -0.000001 -0.000000  0.008153 -0.000259 0.000009
53  0.000000 -0.000000 -0.000000  1.565115 0.043565 -0.106862
54  13.377843 -3.466149 -13.695408  1.631403 0.018445 -2.028625
55  0.000000 -0.000001 0.000000  0.000000 -0.000001 -0.000002
56  0.000031 0.000028 0.000001  -1.571901 -0.044449 -0.106509
57  20.663876 4.141282 -11.029697  1.570796 -0.000000 0.000000
58  -16.319784 5.039393 -18.063972  1.570796 -0.000000 0.000000
59  1.239137 8.215254 -7.028192  1.570796 -0.000000 0.000000
60  -0.004311 0.001230 -0.000372  0.006898 -0.005534 -0.284229
61  0.826810 11.578514 -4.219014  1.570796 -0.000000 0.000000
62  0.000000 0.000000 0.000000  -0.078727 -3.136056 0.284226
63  0.000000 0.000000 0.000000  1.555235 0.006322 -0.002306
64  -2.653280 -8.811009 -2.879987  1.612421 0.096361 0.015066
65  0.042352 -2.889250 0.627700  0.000000 0.000000 0.000000
66  0.042352 -0.907088 1.190368  0.000000 0.000000 0.000000
67  -1.331044 -1.025122 4.361372  0.000000 0.000000 0.000000
68  0.042353 -0.884531 23.199608  0.000000 0.000000 0.000000
69  0.042255 0.181228 5.671382  1.570796 0.000000 0.000000
70  0.000096 0.089185 -9.714656  -0.000000 0.000000 -0.000000
71  0.042352 -0.569288 7.155123  0.000000 0.000000 0.000000
72  -0.682762 -1.501893 3.214538  0.000000 0.000000 0.000000
73  0.074278 -0.628098 4.762586  0.000000 0.000000 0.000000
74  15.915363 -22.356400 -30.423140  -0.156989 -1.299798 2.693057
75  2.726717 4.278785 -4.027993  0.268882 2.491846 -1.040051
76  2.923887 1.668561 -1.111007  0.000000 -0.000000 -0.062479
77  2.269610 0.751182 -1.367895  -0.234308 -0.168223 -0.460650
78  0.000000 0.000001 -0.000000  -0.307247 0.769853 0.818570
79  0.000002 0.440767 0.000004  0.465739 -0.683888 -0.846828
80  -0.000003 0.430557 -0.000000  -0.045235 -0.064554 0.095255
81  -0.000001 0.438245 0.000003  -0.014539 0.378525 0.033129
82  -0.000002 0.433547 0.000002  0.002083 0.020387 0.028933
83  -0.000004 0.454270 -0.000000  0.001285 0.131586 0.065261
84  0.000003 0.438140 -0.000001  0.028486 0.166019 -0.355417
85  -0.000005 0.444413 -0.000003  -0.222798 0.674394 0.163870
86  -0.000002 0.422926 0.000000  0.167339 0.287779 -0.003632
87  0.000003 0.426508 -0.000001  -0.298730 -2.880438 -0.001762
88  0.000001 0.432946 0.000000  -1.726839 -0.792657 1.633030
time 82
0  0.000006 0.000000 0.000000  -1.570800 -1.391899 -1.570792
1  -8.351129 -6.692475 1.234828  -1.544956 -1.855077 -0.198630
2  6.027514 -0.000332 0.000201  -1.209655 -0.196961 0.205920
3  11.692106 0.000647 -0.000738  0.541510 -0.000048 -1.847695
4  11.479486 -0.001182 -0.000147  1.311286 -0.419440 0.212442
5  3.859504 -0.142823 -1.192079  -0.473842 0.212225 -0.874751
6  1.312590 0.000009 0.000008  -0.000917 0.003807 -0.186351
7  0.729356 0.000056 0.000049  -0.000676 -0.000237 -0.143153
8  3.942142 0.046331 -0.431542  -0.136010 0.112013 -0.619790
9  1.539112 0.000084 0.000005  -0.000030 0.000227 -0.517339
10  1.196333 0.000146 0.000028  -0.000007 0.000015 -0.135810
11  3.883511 -0.047212 0.431351  0.088295 0.009237 -0.342875
12  1.719572 -0.000029 0.000017  -0.002619 0.005172 -0.858853
13  1.209178 0.000089 0.000012  0.000868 0.002956 0.079217
14  4.085236 -0.082653 1.151009  0.268340 -0.242517 0.050755
15  1.719448 -0.000017 0.000027  -0.003608 -0.001307 -1.310899
16  1.099676 0.000047 0.000005  0.001176 0.002489 0.025227
17  0.806012 -0.349039 1.321248  -0.855481 -0.576299 -0.846304
18  1.789820 -0.000004 -0.000019  0.000112 -0.000835 -0.072271
19  1.207016 -0.000014 -0.000043  0.000097 0.000004 0.071804
20  5.740635 0.000390 -0.000698  -0.039836 0.000003 0.000063
21  11.480906 -0.000059 -0.000682  -0.038875 -0.067682 0.019699
22  6.027525 -0.000329 0.000202  -0.389275 -2.112310 -1.026888
23  0.000000 11.692100 -0.000006  -1.233874 -0.678776 -0.923640
24  0.000003 0.000009 0.000000  1.410619 -0.000031 1.570739
25  0.000000 -0.000011 0.000000  0.868960 0.000002 1.570712
26  -6.212011 -10.642979 0.826812  1.473120 1.855075 -0.198639
27  6.027511 -0.000260 -0.000221  1.492758 0.776572 -0.536773
28  11.691992 0.000162 0.000858  0.346039 0.000055 -1.595173
29  11.479566 -0.000469 0.001043  -1.219521 0.577171 0.675841
30  3.859437 -0.132758 1.193065  0.469647 -0.013262 -1.872395
31  1.312559 0.000026 -0.000001  0.024060 -0.138696 -0.550187
32  0.729346 0.000063 -0.000028  -0.166197 -0.081570 -0.714272
33  3.942047 0.050138 0.431000  0.225309 -0.086237 -1.592712
34  1.539096 0.000005 -0.000001  0.035254 -0.050373 -0.994350
35  1.196300 0.000078 -0.000005  -0.021521 0.002175 -0.839738
36  3.883414 -0.050472 -0.431084  0.184824 -0.271737 -1.204030
37  1.719564 -0.000085 -0.000005  0.022859 -0.107186 -1.509108
38  1.209199 0.000035 0.000011  0.000661 0.071072 -0.480462
39  3.859588 -0.149082 -1.331321  -0.080472 0.327601 -0.061665
40  1.719413 -0.000098 -0.000036  0.097557 0.060679 -0.377229
41  1.099673 0.000024 0.000007  -0.014718 0.004685 0.056982
42  0.805983 -0.359848 -1.318338  0.991670 0.166767 -0.799527
43  1.789779 -0.000008 -0.000042  0.000058 -0.002451 0.133097
44  1.206996 -0.000007 0.000006  0.000372 -0.000071 1.058780
45  5.740573 0.000079 0.000722  0.093291 -0.000014 0.000028
46  11.480857 -0.000020 0.000954  0.034513 0.109779 0.100087
47  6.027515 -0.000273 -0.000229  -0.944383 -0.525507 -1.501495
48  -0.000001 11.691975 -0.000007  -1.085512 0.529451 0.844728
49  0.000002 0.000000 -0.000002  2.618569 -0.000036 1.570860
50  -0.000008 -0.000013 0.000005  2.272645 -0.000036 1.570861
51  -3.945253 -4.495987 -7.801394  -0.170309 -3.009783 1.398214
52  -0.000000 -0.000000 -0.000001  0.008153 -0.000259 0.000009
53  -0.000000 -0.000000 0.000000  1.565115 0.043565 -0.106862
54  12.976443 -3.785710 -13.165556  1.723155 -0.152635 -2.058489
55  0.000000 0.000000 0.000001  0.000000 -0.000001 -0.000002
56  0.000031 0.000030 0.000002  -1.571902 -0.044449 -0.106509
57  20.601496 3.503643 -10.404458  1.570796 -0.000000 0.000000
58  -16.319784 5.039393 -18.063972  1.570796 -0.000000 0.000000
59  1.239137 8.071331 -7.028192  1.570796 -0.000000 0.000000
60  -0.004311 0.001230 -0.000372  0.006898 -0.005534 -0.284229
61  0.826810 11.578514 -4.219014  1.570796 -0.000000 0.000000
62  0.000000 0.000000 0.000000  -0.078727 -3.136056 0.284226
63  0.000000 0.000000 0.000000  1.555264 0.006001 -0.001871
64  -2.653929 -8.914724 -2.867371  1.610788 0.099697 0.016220
65  0.042352 -2.889250 0.627701  0.000000 -0.000000 -0.000000
66  0.042352 -0.907088 1.190368  0.000000 -0.000000 -0.000000
67  -1.331045 -1.025121 4.361372  0.000000 -0.000000 -0.000000
68  0.042353 -0.884531 23.199600  0.000000 -0.000000 -0.000000
69  0.042255 0.181228 5.671382  1.570796 0.000000 -0.000000
70  0.000096 0.089185 -9.714656  -0.000000 0.000000 -0.000000
71  0.042352 -0.569288 7.155122  0.000000 -0.000000 -0.000000
72  -0.682762 -1.501893 3.214539  0.000000 -0.000000 -0.000000
73  0.074278 -0.628098 4.762587  0.000000 -0.000000 -0.000000
74  15.963245 -22.343962 -32.050434  2.459016 -1.794767 0.054441
75  2.636729 4.290604 -4.054077  0.268882 2.491846 -1.040051
76  2.923892 1.668564 -1.111004  0.000000 -0.000000 -0.017141
77  2.269612 0.751185 -1.367896  -0.236851 -0.191152 -0.479915
78  0.000002 0.000001 0.000001  -0.331376 0.763643 0.777681
79  -0.000001 0.440762 0.000002  0.440920 -0.697728 -0.803542
80  -0.000003 0.430556 -0.000002  -0.035898 -0.062683 0.109694
81  -0.000003 0.438247 -0.000004  -0.002657 0.379642 0.044920
82  0.000009 0.433551 -0.000003  0.009890 0.021218 0.039301
83  0.000000 0.454263 0.000000  0.010236 0.131764 0.081232
84  0.000006 0.438144 -0.000002  0.037467 0.156084 -0.323397
85  0.000006 0.444413 0.000001  -0.211202 0.676232 0.167368
86  -0.000003 0.422927 0.000005  0.161133 0.289986 -0.004308
87  0.000003 0.426507 0.000000  -0.301182 -2.877028 -0.009081
88  -0.000006 0.432952 -0.000003  -1.717857 -0.738367 1.639344
time 83
0  0.000006 0.000000 0.000000  -1.570800 -1.391899 -1.570792
1  -8.342592 -6.645271 1.234828  -1.544956 -1.855077 -0.198630
2  6.027514 -0.000332 0.000197  -1.267770 -0.242061 0.207116
3  11.692107 0.000646 -0.000737  0.541781 -0.000049 -1.859646
4  11.479379 -0.001237 -0.000116  1.251605 -0.480254 0.293525
5  3.859503 -0.142825 -1.192078  -0.473991 0.193634 -0.888072
6  1.312590 0.000011 0.000007  -0.000985 0.004026 -0.193529
7  0.729355 0.000054 0.000049  -0.000715 -0.000258 -0.159357
8  3.942140 0.046329 -0.431542  -0.136249 0.102686 -0.629341
9  1.539110 0.000084 0.000005  -0.000036 0.000238 -0.555058
10  1.196332 0.000146 0.000027  -0.000008 0.000015 -0.140515
11  3.883510 -0.047213 0.431351  0.088690 0.003732 -0.351048
12  1.719572 -0.000030 0.000016  -0.002869 0.005052 -0.908966
13  1.209179 0.000090 0.000011  0.000852 0.002960 0.074554
14  4.085235 -0.082655 1.151009  0.265023 -0.244471 0.065136
15  1.719449 -0.000018 0.000027  -0.003647 -0.001737 -1.384377
16  1.099676 0.000047 0.000005  0.001189 0.002496 0.019014
17  0.806010 -0.349040 1.321248  -0.852008 -0.576358 -0.852748
18  1.789820 -0.000003 -0.000019  0.000018 -0.000006 -0.071047
19  1.207014 -0.000013 -0.000045  0.000004 -0.000004 0.089094
20  5.740636 0.000388 -0.000700  -0.044897 0.000003 0.000063
21  11.480885 -0.000070 -0.000677  -0.045705 -0.082639 0.030955
22  6.027524 -0.000329 0.000200  -0.431410 -2.181055 -1.002992
23  0.000000 11.692101 -0.000006  -1.240949 -0.686066 -0.926894
24  0.000002 0.000008 -0.000000  1.410891 -0.000031 1.570739
25  -0.000000 -0.000011 0.000000  0.868960 0.000002 1.570712
26  -6.212011 -10.642979 0.826812  1.473120 1.855075 -0.198639
27  6.027511 -0.000260 -0.000221  1.494376 0.783882 -0.536702
28  11.691993 0.000162 0.000856  0.346038 0.000053 -1.580658
29  11.479669 -0.000415 0.001022  -1.222772 0.573476 0.665095
30  3.859437 -0.132758 1.193065  0.469647 -0.013262 -1.872395
31  1.312559 0.000025 -0.000001  0.024060 -0.138696 -0.550187
32  0.729346 0.000064 -0.000027  -0.166197 -0.081570 -0.714272
33  3.942046 0.050139 0.431001  0.225309 -0.086237 -1.592712
34  1.539096 0.000005 -0.000001  0.035254 -0.050373 -0.994350
35  1.196300 0.000078 -0.000005  -0.021521 0.002175 -0.839738
36  3.883414 -0.050472 -0.431084  0.184824 -0.271737 -1.204030
37  1.719563 -0.000084 -0.000004  0.022858 -0.107186 -1.509108
38  1.209198 0.000036 0.000011  0.000661 0.071072 -0.480462
39  3.859589 -0.149082 -1.331320  -0.080472 0.327601 -0.061665
40  1.719412 -0.000098 -0.000036  0.097557 0.060679 -0.377229
41  1.099674 0.000024 0.000008  -0.014718 0.004685 0.056982
42  0.805983 -0.359848 -1.318338  0.991670 0.166767 -0.799527
43  1.789780 -0.000008 -0.000042  0.000058 -0.002451 0.133098
44  1.206997 -0.000007 0.000005  0.000372 -0.000071 1.058780
45  5.740572 0.000080 0.000721  0.092262 -0.000014 0.000028
46  11.480878 -0.000010 0.000950  0.034650 0.108720 0.098381
47  6.027515 -0.000273 -0.000229  -0.950557 -0.520392 -1.499478
48  -0.000002 11.691977 -0.000005  -1.076982 0.521181 0.839634
49  0.000003 -0.000001 -0.000001  2.618569 -0.000036 1.570860
50  -0.000008 -0.000012 0.000005  2.272645 -0.000036 1.570861
51  -3.953148 -4.618242 -7.795657  -0.169711 -3.007539 1.399749
52  0.000000 0.000000 0.000002  0.008153 -0.000259 0.000009
53  -0.000000 0.000000 0.000000  1.565115 0.043565 -0.106862
54  12.320526 -4.243329 -12.489744  1.704438 -0.298816 -2.071842
55  -0.000001 -0.000000 0.000000  0.000000 -0.000001 -0.000002
56  0.000030 0.000029 0.000001  -1.571901 -0.044449 -0.106509
57  20.582977 3.068347 -10.196066  1.570796 -0.000000 0.000000
58  -16.319784 5.039393 -18.063972  1.570796 -0.000000 0.000000
59  1.239137 8.023361 -7.028192  1.570796 -0.000000 0.000000
60  -0.004311 0.001230 -0.000372  0.006898 -0.005534 -0.284229
61  0.826810 11.578514 -4.219014  1.570796 -0.000000 0.000000
62  0.000000 0.000000 0.000000  -0.078727 -3.136056 0.284226
63  0.000000 0.000000 0.000000  1.555340 0.005522 -0.001416
64  -2.655690 -9.023468 -2.851172  1.608461 0.099536 0.017603
65  0.042352 -2.889249 0.627700  0.000000 -0.000000 0.000000
66  0.042352 -0.907087 1.190368  0.000000 -0.000000 0.000000
67  -1.331044 -1.025121 4.361371  0.000000 -0.000000 0.000000
68  0.042353 -0.884531 23.199604  0.000000 -0.000000 0.000000
69  0.042255 0.181228 5.671382  1.570796 0.000000 0.000000
70  0.000096 0.089184 -9.714656  0.000000 0.000000 0.000000
71  0.042352 -0.569288 7.155122  0.000000 -0.000000 0.000000
72  -0.682762 -1.501892 3.214538  0.000000 -0.000000 0.000000
73  0.074278 -0.628098 4.762585  0.000000 -0.000000 0.000000
74  15.970085 -22.294367 -33.414188  1.879456 -1.796433 0.560547
75  2.598928 4.292849 -4.057804  0.268882 2.491846 -1.040051
76  2.923890 1.668560 -1.111005  0.000000 0.000000 0.000000
77  2.269611 0.751183 -1.367899  -0.237197 -0.194887 -0.482184
78  0.000000 0.000003 0.000002  -0.335877 0.763005 0.770937
79  -0.000003 0.440764 -0.000005  0.433954 -0.700810 -0.791175
80  -0.000000 0.430559 0.000003  -0.033958 -0.061551 0.112960
81  0.000004 0.438247 -0.000001  -0.000645 0.380623 0.046676
82  -0.000004 0.433552 0.000002  0.011301 0.022154 0.040531
83  -0.000000 0.454264 0.000001  0.012296 0.132470 0.083937
84  -0.000005 0.438147 -0.000003  0.041628 0.145319 -0.315509
85  0.000001 0.444411 0.000002  -0.209158 0.677202 0.166437
86  -0.000002 0.422925 -0.000001  0.159740 0.291759 -0.004945
87  -0.000001 0.426509 0.000001  -0.302029 -2.874632 -0.010758
88  -0.000002 0.432947 -0.000004  -1.713304 -0.724289 1.638633
time 84
0  0.000006 0.000000 0.000000  -1.570800 -1.391899 -1.570792
1  -8.342592 -6.645271 1.234828  -1.544956 -1.855077 -0.198630
2  6.027514 -0.000332 0.000197  -1.456621 -0.304280 0.176977
3  11.692105 0.000647 -0.000739  0.534151 -0.000058 -1.984232
4  11.478261 -0.001713 0.000158  1.103506 -0.081238 0.366475
5  3.859504 -0.142823 -1.192079  -0.473984 0.187478 -0.892472
6  1.312591 0.000009 0.000008  -0.001008 0.004099 -0.195910
7  0.729356 0.000054 0.000049  -0.000728 -0.000265 -0.164728
8  3.942141 0.046331 -0.431543  -0.136308 0.099594 -0.632505
9  1.539111 0.000084 0.000005  -0.000038 0.000241 -0.567516
10  1.196332 0.000145 0.000030  -0.000009 0.000015 -0.142075
11  3.883512 -0.047212 0.431351  0.088831 0.001908 -0.353758
12  1.719573 -0.000028 0.000017  -0.002950 0.005009 -0.925463
13  1.209179 0.000089 0.000013  0.000847 0.002961 0.073008
14  4.085235 -0.082653 1.151008  0.263916 -0.245108 0.069906
15  1.719447 -0.000018 0.000028  -0.003653 -0.001877 -1.408336
16  1.099675 0.000049 0.000005  0.001194 0.002498 0.016953
17  0.806012 -0.349038 1.321247  -0.850856 -0.576374 -0.854885
18  1.789820 -0.000004 -0.000017  -0.000013 0.000269 -0.070641
19  1.207015 -0.000014 -0.000045  -0.000027 -0.000006 0.094823
20  5.740635 0.000388 -0.000700  -0.087710 0.000003 0.000064
21  11.480663 -0.000164 -0.000622  -0.088978 -0.011673 0.053837
22  6.027524 -0.000329 0.000200  -0.429702 -2.373196 -1.085552
23  0.000000 11.692102 -0.000007  -1.315616 -0.763056 -0.957848
24  0.000002 0.000010 -0.000000  1.403261 -0.000031 1.570739
25  -0.000000 -0.000011 -0.000001  0.868960 0.000002 1.570712
26  -6.212011 -10.642979 0.826812  1.473120 1.855075 -0.198639
27  6.027511 -0.000260 -0.000221  1.495993 0.791455 -0.536625
28  11.691993 0.000160 0.000857  0.346038 0.000052 -1.565614
29  11.479776 -0.000355 0.001000  -1.225729 0.569835 0.653301
30  3.859438 -0.132758 1.193065  0.469647 -0.013262 -1.872395
31  1.312559 0.000024 -0.000000  0.024060 -0.138696 -0.550187
32  0.729346 0.000064 -0.000028  -0.166197 -0.081570 -0.714272
33  3.942047 0.050139 0.431000  0.225309 -0.086237 -1.592712
34  1.539097 0.000005 -0.000001  0.035254 -0.050373 -0.994350
35  1.196300 0.000078 -0.000004  -0.021521 0.002175 -0.839738
36  3.883413 -0.050472 -0.431085  0.184824 -0.271737 -1.204030
37  1.719563 -0.000084 -0.000005  0.022859 -0.107186 -1.509108
38  1.209197 0.000035 0.000011  0.000661 0.071072 -0.480462
39  3.859589 -0.149082 -1.331321  -0.080472 0.327601 -0.061665
40  1.719413 -0.000098 -0.000035  0.097557 0.060679 -0.377229
41  1.099673 0.000023 0.000006  -0.014718 0.004685 0.056982
42  0.805984 -0.359848 -1.318338  0.991670 0.166767 -0.799527
43  1.789780 -0.000008 -0.000042  0.000058 -0.002451 0.133098
44  1.206996 -0.000007 0.000005  0.000372 -0.000071 1.058780
45  5.740572 0.000079 0.000721  0.091282 -0.000014 0.000028
46  11.480900 0.000003 0.000945  0.034872 0.107669 0.096448
47  6.027515 -0.000273 -0.000229  -0.956954 -0.515124 -1.497380
48  -0.000001 11.691976 -0.000007  -1.068131 0.512649 0.834295
49  0.000004 0.000000 -0.000001  2.618569 -0.000036 1.570860
50  -0.000007 -0.000013 0.000004  2.272645 -0.000036 1.570861
51  -3.961068 -4.743955 -7.790009  -0.168404 -3.004631 1.401477
52  -0.000001 -0.000000 0.000001  0.008153 -0.000259 0.000009
53  0.000000 -0.000000 -0.000001  1.565115 0.043565 -0.106862
54  10.409348 -4.109232 -10.358125  1.500387 -0.181230 -1.997683
55  0.000000 0.000000 -0.000001  0.000000 -0.000001 -0.000002
56  0.000031 0.000030 0.000000  -1.571901 -0.044449 -0.106509
57  20.587576 2.746751 -10.259950  1.570796 -0.000000 0.000000
58  -16.319784 5.039393 -18.063972  1.570796 -0.000000 0.000000
59  1.239137 8.023361 -7.028192  1.570796 -0.000000 0.000000
60  -0.004311 0.001230 -0.000372  0.006898 -0.005534 -0.284229
61  0.826810 11.578514 -4.219014  1.570796 -0.000000 0.000000
62  0.000000 0.000000 0.000000  -0.078727 -3.136056 0.284226
63  0.000000 0.000000 0.000000  1.555486 0.004853 -0.000950
64  -2.659119 -9.131428 -2.830942  1.605347 0.098809 0.019199
65  0.042352 -2.889251 0.627699  0.000000 0.000000 -0.000000
66  0.042352 -0.907088 1.190368  0.000000 0.000000 -0.000000
67  -1.331044 -1.025122 4.361372  0.000000 0.000000 -0.000000
68  0.042353 -0.884530 23.199608  0.000000 0.000000 -0.000000
69  0.042255 0.181228 5.671382  1.570796 0.000000 -0.000000
70  0.000096 0.089185 -9.714657  0.000000 -0.000000 0.000000
71  0.042352 -0.569288 7.155124  0.000000 0.000000 -0.000000
72  -0.682762 -1.501893 3.214538  0.000000 0.000000 -0.000000
73  0.074278 -0.628098 4.762586  0.000000 0.000000 -0.000000
74  4.991631 -9.646897 -12.670729  0.778719 -0.851258 0.713482
75  4.026058 1.341790 -1.236222  3.073285 -0.027392 0.092095
76  2.923888 1.668561 -1.111006  -0.000000 0.000000 -1.047198
77  2.470070 0.711692 -1.382189  0.005107 0.027729 -0.183258
78  -0.000000 -0.000001 -0.000000  0.031654 0.796898 0.623640
79  0.000001 0.440763 0.000002  0.607057 -0.531277 -0.929117
80  0.000001 0.430559 0.000000  -0.014870 0.108670 -0.111475
81  -0.000000 0.438247 0.000001  -0.020622 -0.044427 0.223381
82  -0.000000 0.433551 0.000001  -0.021564 0.127822 0.209411
83  -0.000002 0.454267 0.000001  0.188872 0.301946 -1.463033
84  0.000001 0.438146 0.000000  -0.062416 0.188797 0.091225
85  -0.000001 0.444415 0.000000  0.970602 0.864879 -0.039141
86  -0.000000 0.422926 0.000002  0.246311 0.205239 0.054837
87  -0.000001 0.426508 -0.000000  -0.746609 -3.044069 0.182200
88  0.000000 0.432946 0.000001  -0.847495 -1.987698 0.974594
time 85
0  0.000006 0.000000 0.000000  -1.570800 -1.391899 -1.570792
1  -8.342592 -6.645271 1.234828  -1.544956 -1.855077 -0.198630
2  6.027514 -0.000332 0.000196  -1.498314 -0.366667 0.157208
3  11.692104 0.000645 -0.000738  0.510987 -0.000057 -1.971499
4  11.478372 -0.001670 0.000091  1.011451 -0.087594 0.411880
5  3.859503 -0.142823 -1.192080  -0.473984 0.187478 -0.892472
6  1.312590 0.000011 0.000008  -0.001008 0.004099 -0.195910
7  0.729354 0.000054 0.000049  -0.000728 -0.000265 -0.164727
8  3.942140 0.046330 -0.431543  -0.136308 0.099594 -0.632505
9  1.539111 0.000084 0.000003  -0.000038 0.000241 -0.567516
10  1.196333 0.000145 0.000029  -0.000009 0.000015 -0.142075
11  3.883510 -0.047212 0.431351  0.088831 0.001908 -0.353758
12  1.719573 -0.000028 0.000015  -0.002950 0.005009 -0.925463
13  1.209180 0.000089 0.000013  0.000847 0.002961 0.073008
14  4.085234 -0.082653 1.151009  0.263916 -0.245108 0.069906
15  1.719448 -0.000019 0.000027  -0.003653 -0.001877 -1.408336
16  1.099675 0.000049 0.000005  0.001193 0.002498 0.016953
17  0.806012 -0.349039 1.321248  -0.850856 -0.576374 -0.854885
18  1.789821 -0.000005 -0.000017  -0.000013 0.000269 -0.070641
19  1.207016 -0.000013 -0.000043  -0.000027 -0.000006 0.094823
20  5.740634 0.000388 -0.000701  -0.107871 0.000003 0.000064
21  11.480683 -0.000155 -0.000636  -0.106556 -0.018369 0.060575
22  6.027524 -0.000329 0.000200  -0.492887 -2.430345 -1.076433
23  0.000000 11.692100 -0.000006  -1.307889 -0.755111 -0.954945
24  0.000003 0.000008 0.000001  1.380098 -0.000030 1.570739
25  -0.000001 -0.000012 0.000000  0.868960 0.000002 1.570712
26  -6.212011 -10.642979 0.826812  1.473120 1.855075 -0.198639
27  6.027511 -0.000260 -0.000221  1.497706 0.799197 -0.536494
28  11.691992 0.000161 0.000858  0.346038 0.000051 -1.550720
29  11.479887 -0.000295 0.000978  -1.227847 0.566480 0.641129
30  3.859437 -0.132758 1.193065  0.469647 -0.013262 -1.872395
31  1.312559 0.000026 -0.000000  0.024060 -0.138696 -0.550187
32  0.729345 0.000064 -0.000027  -0.166197 -0.081570 -0.714272
33  3.942047 0.050139 0.431000  0.225309 -0.086237 -1.592712
34  1.539096 0.000005 -0.000001  0.035254 -0.050373 -0.994350
35  1.196301 0.000077 -0.000004  -0.021521 0.002175 -0.839738
36  3.883413 -0.050472 -0.431084  0.184824 -0.271737 -1.204030
37  1.719563 -0.000085 -0.000005  0.022858 -0.107186 -1.509108
38  1.209197 0.000036 0.000010  0.000661 0.071072 -0.480462
39  3.859588 -0.149082 -1.331321  -0.080472 0.327601 -0.061665
40  1.719412 -0.000098 -0.000035  0.097557 0.060679 -0.377229
41  1.099674 0.000025 0.000007  -0.014718 0.004685 0.056982
42  0.805983 -0.359848 -1.318339  0.991670 0.166767 -0.799527
43  1.789779 -0.000009 -0.000042  0.000058 -0.002451 0.133098
44  1.206996 -0.000007 0.000005  0.000372 -0.000071 1.058780
45  5.740573 0.000078 0.000720  0.090518 -0.000014 0.000028
46  11.480921 0.000014 0.000940  0.035232 0.106709 0.094372
47  6.027515 -0.000273 -0.000229  -0.963441 -0.509700 -1.495292
48  0.000000 11.691977 -0.000006  -1.059359 0.504243 0.828950
49  0.000004 -0.000000 -0.000000  2.618569 -0.000036 1.570860
50  -0.000007 -0.000012 0.000005  2.272645 -0.000036 1.570861
51  -3.967218 -4.867807 -7.780376  -0.165973 -3.001013 1.403260
52  -0.000000 0.000000 0.000001  0.008153 -0.000259 0.000009
53  -0.000000 0.000000 -0.000000  1.565115 0.043565 -0.106862
54  9.764611 -4.449641 -9.914784  1.369318 -0.250947 -1.994024
55  -0.000000 -0.000001 0.000001  0.000000 -0.000001 -0.000002
56  0.000030 0.000028 0.000002  -1.571901 -0.044449 -0.106509
57  20.601479 2.446176 -10.453093  1.570796 -0.000000 0.000000
58  -16.319784 5.039393 -18.063972  1.570796 -0.000000 0.000000
59  1.239137 8.023361 -7.028192  1.570796 -0.000000 0.000000
60  -0.004311 0.001230 -0.000372  0.006898 -0.005534 -0.284229
61  0.826810 11.578514 -4.219014  1.570796 -0.000000 0.000000
62  0.000000 0.000000 0.000000  -0.078727 -3.136056 0.284226
63  0.000000 0.000000 0.000000  1.555725 0.003960 -0.000482
64  -2.664772 -9.232790 -2.801633  1.601322 0.097122 0.020925
65  0.042352 -2.889250 0.627698  -0.000000 -0.000000 0.000000
66  0.042352 -0.907088 1.190367  -0.000000 -0.000000 0.000000
67  -1.331044 -1.025122 4.361371  -0.000000 -0.000000 0.000000
68  0.042353 -0.884531 23.199606  -0.000000 -0.000000 0.000000
69  0.042255 0.181228 5.671381  1.570796 0.000000 -0.000000
70  0.000096 0.089182 -9.714657  0.000000 0.000000 0.000000
71  0.042352 -0.569288 7.155122  -0.000000 -0.000000 0.000000
72  -0.682762 -1.501894 3.214538  -0.000000 -0.000000 0.000000
73  0.074279 -0.628099 4.762586  -0.000000 -0.000000 0.000000
74  3.939743 -9.869523 -11.350508  0.893500 -0.729779 0.607211
75  4.043634 1.346986 -1.214468  3.073285 -0.027392 0.092095
76  2.923889 1.668560 -1.111005  0.000000 0.000000 -1.047197
77  2.470069 0.711694 -1.382188  0.006803 0.027907 -0.185999
78  -0.000001 0.000002 -0.000000  0.033351 0.795706 0.622068
79  -0.000001 0.440763 0.000000  0.608683 -0.531674 -0.930776
80  0.000001 0.430559 0.000000  -0.014901 0.107527 -0.111270
81  0.000001 0.438248 -0.000000  -0.021835 -0.045395 0.224497
82  0.000000 0.433550 0.000000  -0.023830 0.126945 0.211476
83  0.000003 0.454268 0.000000  0.190254 0.298090 -1.459001
84  0.000001 0.438145 0.000001  -0.063004 0.186175 0.094336
85  0.000001 0.444415 -0.000000  0.966905 0.862123 -0.040815
86  0.000001 0.422926 0.000001  0.245743 0.202860 0.053345
87  0.000000 0.426508 -0.000000  -0.748891 -3.046234 0.178622
88  0.000000 0.432948 -0.000001  -0.834319 -1.984005 0.966469
time 86
0  0.000006 0.000000 0.000000  -1.570800 -1.391899 -1.570792
1  -8.342592 -6.645271 1.234828  -1.544956 -1.855077 -0.198630
2  6.027514 -0.000331 0.000195  -1.535611 -0.431978 0.131894
3  11.692105 0.000646 -0.000740  0.472027 -0.000056 -1.955742
4  11.478514 -0.001619 -0.000001  0.966513 -0.079128 0.464088
5  3.859503 -0.142823 -1.192080  -0.473984 0.187478 -0.892472
6  1.312589 0.000010 0.000007  -0.001008 0.004099 -0.195910
7  0.729355 0.000055 0.000050  -0.000728 -0.000265 -0.164727
8  3.942140 0.046332 -0.431543  -0.136308 0.099594 -0.632505
9  1.539111 0.000084 0.000004  -0.000038 0.000241 -0.567516
10  1.196333 0.000147 0.000029  -0.000009 0.000015 -0.142075
11  3.883510 -0.047212 0.431351  0.088831 0.001908 -0.353758
12  1.719574 -0.000028 0.000018  -0.002950 0.005009 -0.925463
13  1.209180 0.000090 0.000011  0.000847 0.002961 0.073008
14  4.085235 -0.082652 1.151008  0.263916 -0.245108 0.069906
15  1.719448 -0.000018 0.000027  -0.003653 -0.001877 -1.408336
16  1.099675 0.000048 0.000004  0.001193 0.002498 0.016953
17  0.806011 -0.349037 1.321247  -0.850856 -0.576374 -0.854885
18  1.789820 -0.000004 -0.000017  -0.000013 0.000269 -0.070641
19  1.207015 -0.000013 -0.000043  -0.000027 -0.000006 0.094823
20  5.740634 0.000387 -0.000700  -0.120441 0.000003 0.000063
21  11.480710 -0.000144 -0.000655  -0.115464 -0.021139 0.070272
22  6.027524 -0.000329 0.000200  -0.556812 -2.485049 -1.075845
23  0.000000 11.692101 -0.000005  -1.298362 -0.745300 -0.951268
24  0.000003 0.000008 0.000000  1.341137 -0.000031 1.570739
25  -0.000000 -0.000012 0.000001  0.868960 0.000002 1.570712
26  -6.212011 -10.642979 0.826812  1.473120 1.855075 -0.198639
27  6.027511 -0.000260 -0.000220  1.499494 0.806931 -0.536302
28  11.691993 0.000160 0.000859  0.346038 0.000050 -1.536647
29  11.479995 -0.000233 0.000957  -1.228586 0.563711 0.629127
30  3.859437 -0.132758 1.193065  0.469647 -0.013262 -1.872395
31  1.312559 0.000027 -0.000000  0.024060 -0.138696 -0.550187
32  0.729345 0.000064 -0.000027  -0.166197 -0.081570 -0.714272
33  3.942047 0.050139 0.431000  0.225309 -0.086237 -1.592712
34  1.539097 0.000006 -0.000001  0.035254 -0.050373 -0.994350
35  1.196301 0.000077 -0.000004  -0.021521 0.002175 -0.839738
36  3.883414 -0.050472 -0.431084  0.184824 -0.271737 -1.204030
37  1.719564 -0.000085 -0.000005  0.022859 -0.107186 -1.509108
38  1.209197 0.000035 0.000011  0.000661 0.071072 -0.480462
39  3.859588 -0.149082 -1.331321  -0.080472 0.327601 -0.061665
40  1.719412 -0.000098 -0.000036  0.097557 0.060679 -0.377229
41  1.099674 0.000023 0.000007  -0.014718 0.004686 0.056982
42  0.805984 -0.359848 -1.318338  0.991670 0.166767 -0.799527
43  1.789779 -0.000009 -0.000042  0.000058 -0.002451 0.133098
44  1.206996 -0.000007 0.000005  0.000372 -0.000071 1.058780
45  5.740574 0.000078 0.000721  0.090113 -0.000014 0.000028
46  11.480944 0.000027 0.000937  0.035788 0.105930 0.092217
47  6.027515 -0.000273 -0.000229  -0.969859 -0.504236 -1.493271
48  -0.000002 11.691977 -0.000007  -1.051061 0.496339 0.823845
49  0.000004 0.000000 -0.000000  2.618569 -0.000036 1.570860
50  -0.000008 -0.000013 0.000005  2.272645 -0.000036 1.570861
51  -3.969773 -4.984501 -7.764630  -0.162003 -2.996636 1.404957
52  0.000000 -0.000000 -0.000001  0.008153 -0.000259 0.000009
53  -0.000000 0.000000 0.000000  1.565115 0.043565 -0.106862
54  9.096744 -4.765557 -9.494469  1.255983 -0.298128 -1.970081
55  0.000000 -0.000000 -0.000000  0.000000 -0.000001 -0.000002
56  0.000030 0.000029 0.000001  -1.571901 -0.044449 -0.106509
57  20.624672 2.169015 -10.775365  1.570796 -0.000000 0.000000
58  -16.319784 5.039393 -18.063972  1.570796 -0.000000 0.000000
59  1.239137 8.023361 -7.028192  1.570796 -0.000000 0.000000
60  -0.004311 0.001230 -0.000372  0.006898 -0.005534 -0.284229
61  0.826810 11.578514 -4.219014  1.570796 -0.000000 0.000000
62  0.000000 0.000000 0.000000  -0.078727 -3.136056 0.284226
63  0.000000 0.000000 0.000000  1.556081 0.002813 -0.000022
64  -2.673205 -9.321745 -2.760176  1.596263 0.094082 0.022704
65  0.042352 -2.889251 0.627700  -0.000000 0.000000 0.000000
66  0.042352 -0.907088 1.190367  -0.000000 0.000000 0.000000
67  -1.331044 -1.025122 4.361373  -0.000000 0.000000 0.000000
68  0.042353 -0.884531 23.199602  -0.000000 0.000000 0.000000
69  0.042255 0.181228 5.671382  1.570796 0.000000 -0.000000
70  0.000096 0.089184 -9.714657  0.000000 -0.000000 -0.000000
71  0.042352 -0.569288 7.155123  -0.000000 0.000000 0.000000
72  -0.682762 -1.501893 3.214539  -0.000000 0.000000 0.000000
73  0.074279 -0.628099 4.762587  -0.000000 0.000000 0.000000
74  3.105901 -10.144687 -10.229504  0.977350 -0.630360 0.547577
75  4.057973 1.362930 -1.196738  3.073285 -0.027392 0.092095
76  2.923888 1.668562 -1.111006  0.000000 0.000000 -1.047198
77  2.470068 0.711696 -1.382187  0.008069 0.028058 -0.188399
78  0.000000 0.000001 -0.000000  0.034627 0.794812 0.620545
79  0.000000 0.440763 -0.000000  0.609305 -0.532693 -0.930936
80  -0.000001 0.430558 0.000000  -0.015010 0.106608 -0.109729
81  0.000000 0.438247 -0.000000  -0.023062 -0.046135 0.226750
82  0.000000 0.433551 -0.000000  -0.025881 0.126294 0.214839
83  -0.000000 0.454267 -0.000001  0.191289 0.294371 -1.453390
84  -0.000001 0.438147 -0.000000  -0.063801 0.183939 0.097622
85  0.000001 0.444415 -0.000001  0.964282 0.859722 -0.042468
86  -0.000001 0.422926 0.000000  0.247206 0.200570 0.052190
87  -0.000000 0.426508 -0.000000  -0.753694 -3.048858 0.175943
88  0.000000 0.432948 -0.000001  -0.818175 -1.978876 0.954476
time 87
0  0.000006 0.000000 0.000000  -1.570800 -1.391899 -1.570792
1  -8.342592 -6.645271 1.234828  -1.544956 -1.855077 -0.198630
2  6.027514 -0.000331 0.000194  -1.570163 -0.496690 0.101809
3  11.692105 0.000645 -0.000739  0.417362 -0.000054 -1.936763
4  11.478687 -0.001546 -0.000123  0.966506 -0.066243 0.516913
5  3.859504 -0.142823 -1.192079  -0.473984 0.187478 -0.892472
6  1.312588 0.000011 0.000008  -0.001008 0.004099 -0.195910
7  0.729356 0.000055 0.000049  -0.000728 -0.000265 -0.164727
8  3.942141 0.046331 -0.431542  -0.136308 0.099594 -0.632505
9  1.539110 0.000083 0.000003  -0.000038 0.000241 -0.567516
10  1.196333 0.000145 0.000027  -0.000009 0.000015 -0.142075
11  3.883510 -0.047212 0.431352  0.088831 0.001908 -0.353758
12  1.719573 -0.000028 0.000016  -0.002950 0.005009 -0.925463
13  1.209179 0.000089 0.000012  0.000847 0.002961 0.073008
14  4.085234 -0.082653 1.151009  0.263916 -0.245108 0.069906
15  1.719447 -0.000017 0.000029  -0.003653 -0.001877 -1.408336
16  1.099676 0.000048 0.000004  0.001194 0.002498 0.016953
17  0.806011 -0.349038 1.321248  -0.850856 -0.576374 -0.854885
18  1.789820 -0.000004 -0.000017  -0.000013 0.000269 -0.070641
19  1.207015 -0.000014 -0.000043  -0.000027 -0.000006 0.094823
20  5.740636 0.000388 -0.000701  -0.126325 0.000003 0.000064
21  11.480747 -0.000128 -0.000681  -0.115876 -0.021269 0.081303
22  6.027524 -0.000329 0.000200  -0.617448 -2.537430 -1.085652
23  -0.000001 11.692101 -0.000008  -1.286935 -0.733519 -0.946715
24  0.000004 0.000008 -0.000001  1.286472 -0.000031 1.570739
25  -0.000001 -0.000012 -0.000000  0.868960 0.000002 1.570712
26  -6.212011 -10.642979 0.826812  1.473120 1.855075 -0.198639
27  6.027511 -0.000260 -0.000220  1.500398 0.814723 -0.536467
28  11.691994 0.000161 0.000859  0.346037 0.000049 -1.522059
29  11.480108 -0.000170 0.000934  -1.228693 0.563254 0.612942
30  3.859438 -0.132758 1.193066  0.469647 -0.013262 -1.872395
31  1.312559 0.000025 -0.000000  0.024060 -0.138696 -0.550187
32  0.729346 0.000066 -0.000027  -0.166197 -0.081570 -0.714272
33  3.942047 0.050139 0.431001  0.225309 -0.086237 -1.592712
34  1.539096 0.000005 -0.000000  0.035254 -0.050373 -0.994350
35  1.196301 0.000077 -0.000005  -0.021521 0.002175 -0.839738
36  3.883413 -0.050472 -0.431084  0.184824 -0.271737 -1.204030
37  1.719565 -0.000085 -0.000005  0.022858 -0.107186 -1.509108
38  1.209197 0.000035 0.000010  0.000661 0.071072 -0.480462
39  3.859589 -0.149082 -1.331321  -0.080472 0.327601 -0.061665
40  1.719413 -0.000098 -0.000035  0.097557 0.060679 -0.377229
41  1.099674 0.000023 0.000008  -0.014718 0.004685 0.056983
42  0.805984 -0.359848 -1.318338  0.991670 0.166767 -0.799527
43  1.789781 -0.000010 -0.000042  0.000058 -0.002451 0.133097
44  1.206996 -0.000007 0.000006  0.000372 -0.000071 1.058780
45  5.740573 0.000079 0.000720  0.089774 -0.000014 0.000028
46  11.480967 0.000040 0.000932  0.036469 0.105541 0.089117
47  6.027515 -0.000273 -0.000229  -0.976708 -0.499230 -1.490798
48  -0.000001 11.691975 -0.000007  -1.042448 0.488185 0.818498
49  0.000004 -0.000001 -0.000000  2.618569 -0.000036 1.570860
50  -0.000007 -0.000013 0.000005  2.272645 -0.000036 1.570861
51  -3.967231 -5.103115 -7.758303  -0.155577 -2.988679 1.406467
52  0.000000 0.000000 -0.000000  0.008153 -0.000259 0.000009
53  0.000000 0.000000 0.000000  1.565115 0.043565 -0.106862
54  8.458381 -5.054825 -9.074047  1.161289 -0.326302 -1.933559
55  -0.000000 -0.000000 -0.000001  0.000000 -0.000001 -0.000002
56  0.000030 0.000029 0.000000  -1.571901 -0.044449 -0.106509
57  20.656857 1.917586 -11.222532  1.570796 -0.000000 0.000000
58  -16.319784 5.039393 -18.063972  1.570796 -0.000000 0.000000
59  1.239137 8.023361 -7.028192  1.570796 -0.000000 0.000000
60  -0.004311 0.001230 -0.000372  0.006898 -0.005534 -0.284229
61  0.826810 11.578514 -4.219014  1.570796 -0.000000 0.000000
62  0.000000 0.000000 0.000000  -0.078727 -3.136056 0.284226
63  0.000000 0.000000 0.000000  1.556576 0.001379 0.000421
64  -2.684974 -9.392480 -2.709095  1.587218 0.089331 0.024339
65  0.042352 -2.889250 0.627700  -0.000000 0.000000 0.000000
66  0.042352 -0.907087 1.190368  -0.000000 0.000000 0.000000
67  -1.331044 -1.025122 4.361372  -0.000000 0.000000 0.000000
68  0.042353 -0.884530 23.199606  -0.000000 0.000000 0.000000
69  0.042255 0.181228 5.671383  1.570796 0.000000 -0.000000
70  0.000096 0.089184 -9.714656  -0.000000 -0.000000 0.000000
71  0.042352 -0.569288 7.155123  -0.000000 0.000000 0.000000
72  -0.682762 -1.501892 3.214539  -0.000000 0.000000 0.000000
73  0.074279 -0.628098 4.762587  -0.000000 0.000000 0.000000
74  2.463039 -10.474892 -9.284446  1.042620 -0.553014 0.518549
75  4.069400 1.386956 -1.182624  3.073285 -0.027392 0.092095
76  2.923889 1.668562 -1.111006  0.000000 0.000000 -1.047198
77  2.470071 0.711696 -1.382188  0.008965 0.028169 -0.190515
78  -0.000001 0.000001 -0.000001  0.035541 0.794169 0.619056
79  -0.000001 0.440764 0.000001  0.609137 -0.534157 -0.929936
80  0.000000 0.430560 0.000000  -0.015174 0.105895 -0.107191
81  -0.000000 0.438246 0.000000  -0.024264 -0.046665 0.229839
82  0.000000 0.433550 0.000000  -0.027712 0.125850 0.219157
83  0.000000 0.454267 -0.000001  0.192002 0.290841 -1.446646
84  -0.000000 0.438145 -0.000001  -0.064769 0.182058 0.100987
85  0.000000 0.444416 0.000000  0.962520 0.857651 -0.044084
86  0.000000 0.422926 -0.000002  0.250215 0.198396 0.051313
87  -0.000001 0.426508 0.000001  -0.760360 -3.051794 0.174017
88  0.000001 0.432947 -0.000000  -0.799745 -1.972818 0.939389
time 88
0  0.000006 0.000000 0.000000  -1.570800 -1.391899 -1.570792
1  -8.342592 -6.645271 1.234828  -1.544956 -1.855077 -0.198630
2  6.027515 -0.000331 0.000194  -1.602054 -0.558821 0.067846
3  11.692105 0.000646 -0.000739  0.347691 -0.000053 -1.914369
4  11.478889 -0.001443 -0.000261  1.006495 -0.059307 0.567986
5  3.859502 -0.142822 -1.192081  -0.473984 0.187478 -0.892472
6  1.312589 0.000010 0.000007  -0.001008 0.004099 -0.195910
7  0.729355 0.000054 0.000048  -0.000728 -0.000265 -0.164727
8  3.942141 0.046332 -0.431544  -0.136308 0.099594 -0.632505
9  1.539110 0.000082 0.000004  -0.000038 0.000241 -0.567516
10  1.196333 0.000147 0.000028  -0.000009 0.000015 -0.142075
11  3.883510 -0.047211 0.431351  0.088831 0.001908 -0.353758
12  1.719572 -0.000029 0.000016  -0.002950 0.005009 -0.925463
13  1.209180 0.000091 0.000011  0.000847 0.002961 0.073008
14  4.085235 -0.082653 1.151008  0.263916 -0.245108 0.069906
15  1.719449 -0.000018 0.000028  -0.003653 -0.001877 -1.408336
16  1.099676 0.000048 0.000004  0.001193 0.002498 0.016953
17  0.806011 -0.349038 1.321246  -0.850856 -0.576374 -0.854885
18  1.789820 -0.000003 -0.000018  -0.000013 0.000269 -0.070641
19  1.207015 -0.000013 -0.000043  -0.000027 -0.000006 0.094823
20  5.740634 0.000389 -0.000700  -0.126195 0.000003 0.000064
21  11.480785 -0.000108 -0.000708  -0.108294 -0.020314 0.092554
22  6.027524 -0.000329 0.000200  -0.673560 -2.586583 -1.104938
23  0.000001 11.692101 -0.000008  -1.273514 -0.719669 -0.941173
24  0.000003 0.000009 0.000000  1.216802 -0.000031 1.570739
25  0.000001 -0.000012 -0.000001  0.868960 0.000002 1.570712
26  -6.212011 -10.642979 0.826812  1.473120 1.855075 -0.198639
27  6.027511 -0.000260 -0.000220  1.499626 0.822636 -0.537365
28  11.691994 0.000160 0.000858  0.346037 0.000048 -1.506007
29  11.480230 -0.000097 0.000906  -1.228639 0.566470 0.589349
30  3.859437 -0.132758 1.193066  0.469647 -0.013262 -1.872395
31  1.312558 0.000026 -0.000002  0.024060 -0.138696 -0.550187
32  0.729346 0.000064 -0.000027  -0.166197 -0.081570 -0.714272
33  3.942047 0.050139 0.431000  0.225309 -0.086237 -1.592712
34  1.539097 0.000005 -0.000001  0.035254 -0.050373 -0.994350
35  1.196302 0.000077 -0.000003  -0.021521 0.002175 -0.839738
36  3.883414 -0.050472 -0.431084  0.184824 -0.271737 -1.204030
37  1.719564 -0.000084 -0.000004  0.022858 -0.107186 -1.509108
38  1.209198 0.000036 0.000012  0.000661 0.071072 -0.480462
39  3.859588 -0.149082 -1.331320  -0.080472 0.327601 -0.061665
40  1.719413 -0.000098 -0.000036  0.097557 0.060679 -0.377229
41  1.099674 0.000023 0.000007  -0.014718 0.004685 0.056982
42  0.805984 -0.359847 -1.318337  0.991670 0.166767 -0.799527
43  1.789780 -0.000009 -0.000042  0.000058 -0.002451 0.133098
44  1.206996 -0.000007 0.000006  0.000372 -0.000071 1.058781
45  5.740571 0.000079 0.000721  0.089325 -0.000014 0.000028
46  11.480989 0.000054 0.000926  0.037244 0.105714 0.084427
47  6.027515 -0.000273 -0.000229  -0.984391 -0.495072 -1.487466
48  0.000000 11.691976 -0.000007  -1.032956 0.479259 0.812548
49  0.000002 -0.000000 -0.000000  2.618569 -0.000036 1.570860
50  -0.000007 -0.000013 0.000004  2.272645 -0.000036 1.570861
51  -3.957677 -5.229762 -7.773211  -0.145894 -2.975007 1.407614
52  0.000000 0.000000 0.000000  0.008153 -0.000259 0.000009
53  0.000000 0.000000 0.000001  1.565115 0.043565 -0.106862
54  7.882123 -5.323774 -8.650676  1.085646 -0.340631 -1.890690
55  0.000000 -0.000000 -0.000000  0.000000 -0.000001 -0.000002
56  0.000030 0.000029 0.000001  -1.571902 -0.044449 -0.106509
57  20.697346 1.693939 -11.785082  1.570796 -0.000000 0.000000
58  -16.319784 5.039393 -18.063972  1.570796 -0.000000 0.000000
59  1.239137 8.023361 -7.028192  1.570796 -0.000000 0.000000
60  -0.004311 0.001230 -0.000372  0.006898 -0.005534 -0.284229
61  0.826810 11.578514 -4.219014  1.570796 -0.000000 0.000000
62  0.000000 0.000000 0.000000  -0.078727 -3.136056 0.284226
63  0.000000 0.000000 0.000000  1.557234 -0.000374 0.000838
64  -2.700636 -9.439182 -2.650910  1.571938 0.082507 0.025716
65  0.042352 -2.889251 0.627701  0.000000 -0.000000 0.000000
66  0.042352 -0.907088 1.190368  0.000000 -0.000000 0.000000
67  -1.331044 -1.025122 4.361372  0.000000 -0.000000 0.000000
68  0.042353 -0.884531 23.199604  0.000000 -0.000000 0.000000
69  0.042255 0.181228 5.671383  1.570796 0.000000 -0.000000
70  0.000096 0.089184 -9.714658  0.000000 0.000000 0.000000
71  0.042352 -0.569288 7.155125  0.000000 -0.000000 0.000000
72  -0.682762 -1.501893 3.214539  0.000000 -0.000000 0.000000
73  0.074278 -0.628098 4.762587  0.000000 -0.000000 0.000000
74  1.984091 -10.851213 -8.488958  1.094125 -0.495336 0.510854
75  4.078242 1.416407 -1.171720  3.073285 -0.027392 0.092095
76  2.923888 1.668561 -1.111005  -0.000000 0.000000 -1.047198
77  2.470068 0.711693 -1.382188  0.009556 0.028241 -0.192510
78  0.000000 -0.000000 0.000000  0.036159 0.793733 0.617487
79  -0.000000 0.440763 0.000000  0.608386 -0.535903 -0.928094
80  -0.000000 0.430558 0.000000  -0.015369 0.105367 -0.103931
81  0.000000 0.438248 0.000000  -0.025421 -0.047010 0.233557
82  0.000001 0.433550 0.000000  -0.029337 0.125591 0.224239
83  0.000000 0.454267 -0.000000  0.192421 0.287492 -1.438967
84  -0.000000 0.438146 -0.000001  -0.065918 0.180494 0.104471
85  0.000001 0.444414 -0.000000  0.961354 0.855868 -0.045642
86  0.000001 0.422926 -0.000000  0.254371 0.196353 0.050670
87  -0.000001 0.426508 0.000000  -0.768451 -3.054946 0.172737
88  0.000000 0.432947 0.000000  -0.779315 -1.966109 0.921547
time 89
0  0.000006 0.000000 0.000000  -1.570800 -1.391899 -1.570792
1  -8.342592 -6.645271 1.234828  -1.544956 -1.855077 -0.198630
2  6.027515 -0.000331 0.000193  -1.631691 -0.616931 0.031266
3  11.692106 0.000644 -0.000737  0.264584 -0.000051 -1.890060
4  11.479108 -0.001305 -0.000408  1.078922 -0.063369 0.616691
5  3.859503 -0.142823 -1.192079  -0.473984 0.187478 -0.892472
6  1.312589 0.000010 0.000008  -0.001008 0.004099 -0.195910
7  0.729355 0.000053 0.000047  -0.000728 -0.000265 -0.164728
8  3.942141 0.046332 -0.431543  -0.136308 0.099594 -0.632505
9  1.539110 0.000084 0.000005  -0.000038 0.000241 -0.567516
10  1.196332 0.000145 0.000028  -0.000009 0.000015 -0.142075
11  3.883511 -0.047211 0.431351  0.088831 0.001908 -0.353758
12  1.719573 -0.000029 0.000016  -0.002950 0.005009 -0.925463
13  1.209180 0.000090 0.000013  0.000847 0.002961 0.073008
14  4.085234 -0.082652 1.151009  0.263916 -0.245108 0.069906
15  1.719448 -0.000019 0.000028  -0.003653 -0.001877 -1.408336
16  1.099676 0.000049 0.000005  0.001193 0.002498 0.016953
17  0.806011 -0.349038 1.321247  -0.850856 -0.576374 -0.854885
18  1.789820 -0.000004 -0.000018  -0.000013 0.000269 -0.070641
19  1.207015 -0.000014 -0.000042  -0.000027 -0.000006 0.094823
20  5.740637 0.000388 -0.000698  -0.121049 0.000003 0.000063
21  11.480831 -0.000080 -0.000735  -0.093882 -0.019185 0.103558
22  6.027524 -0.000329 0.000200  -0.724379 -2.632057 -1.132161
23  0.000001 11.692099 -0.000007  -1.259011 -0.704698 -0.934957
24  0.000005 0.000010 -0.000000  1.133694 -0.000030 1.570739
25  -0.000000 -0.000012 0.000000  0.868960 0.000002 1.570712
26  -6.212011 -10.642979 0.826812  1.473120 1.855075 -0.198639
27  6.027511 -0.000260 -0.000220  1.497100 0.830291 -0.539040
28  11.691993 0.000161 0.000858  0.346036 0.000047 -1.489671
29  11.480364 -0.000021 0.000880  -1.227545 0.573302 0.560238
30  3.859438 -0.132759 1.193066  0.469647 -0.013262 -1.872395
31  1.312559 0.000027 -0.000001  0.024060 -0.138696 -0.550187
32  0.729346 0.000064 -0.000027  -0.166197 -0.081570 -0.714272
33  3.942047 0.050139 0.431000  0.225309 -0.086237 -1.592712
34  1.539096 0.000005 -0.000001  0.035254 -0.050373 -0.994350
35  1.196300 0.000079 -0.000003  -0.021521 0.002175 -0.839738
36  3.883412 -0.050473 -0.431084  0.184824 -0.271737 -1.204030
37  1.719564 -0.000084 -0.000005  0.022859 -0.107186 -1.509108
38  1.209198 0.000034 0.000011  0.000661 0.071072 -0.480462
39  3.859588 -0.149082 -1.331321  -0.080472 0.327601 -0.061665
40  1.719413 -0.000099 -0.000037  0.097557 0.060679 -0.377229
41  1.099673 0.000023 0.000007  -0.014718 0.004685 0.056982
42  0.805983 -0.359848 -1.318338  0.991670 0.166767 -0.799527
43  1.789779 -0.000008 -0.000042  0.000058 -0.002451 0.133097
44  1.206996 -0.000007 0.000005  0.000372 -0.000071 1.058780
45  5.740571 0.000079 0.000721  0.089024 -0.000014 0.000028
46  11.481016 0.000069 0.000921  0.038219 0.106517 0.078464
47  6.027515 -0.000273 -0.000229  -0.992582 -0.491991 -1.483404
48  -0.000001 11.691975 -0.000007  -1.023280 0.470229 0.806425
49  0.000003 0.000000 -0.000001  2.618569 -0.000036 1.570860
50  -0.000007 -0.000014 0.000005  2.272645 -0.000036 1.570861
51  -3.938509 -5.354886 -7.806851  -0.132692 -2.956601 1.408098
52  0.000000 0.000000 -0.000000  0.008153 -0.000259 0.000009
53  -0.000001 0.000000 0.000000  1.565115 0.043565 -0.106862
54  7.382068 -5.567353 -8.220991  1.027610 -0.344452 -1.845727
55  0.000000 0.000000 0.000000  0.000000 -0.000001 -0.000002
56  0.000030 0.000030 0.000001  -1.571902 -0.044449 -0.106509
57  20.745007 1.499597 -12.447298  1.570796 -0.000000 0.000000
58  -16.319784 5.039393 -18.063972  1.570796 -0.000000 0.000000
59  1.239137 8.023361 -7.028192  1.570796 -0.000000 0.000000
60  -0.004311 0.001230 -0.000372  0.006898 -0.005534 -0.284229
61  0.826810 11.578514 -4.219014  1.570796 -0.000000 0.000000
62  0.000000 0.000000 0.000000  -0.078727 -3.136056 0.284226
63  0.000000 0.000000 0.000000  1.558079 -0.002697 0.001221
64  -2.720746 -9.456041 -2.588143  1.551354 0.073203 0.026907
65  0.042352 -2.889250 0.627699  0.000000 0.000000 0.000000
66  0.042352 -0.907087 1.190368  0.000000 0.000000 0.000000
67  -1.331044 -1.025122 4.361372  0.000000 0.000000 0.000000
68  0.042353 -0.884530 23.199598  0.000000 0.000000 0.000000
69  0.042255 0.181228 5.671381  1.570796 0.000000 -0.000000
70  0.000096 0.089185 -9.714657  -0.000000 -0.000000 -0.000000
71  0.042352 -0.569288 7.155122  0.000000 0.000000 0.000000
72  -0.682762 -1.501893 3.214538  0.000000 0.000000 0.000000
73  0.074278 -0.628098 4.762586  0.000000 0.000000 0.000000
74  1.641813 -11.246476 -7.817846  1.135752 -0.454928 0.517270
75  4.084829 1.448624 -1.163615  3.073285 -0.027392 0.092095
76  2.923889 1.668562 -1.111006  -0.000000 -0.000000 -1.047198
77  2.470070 0.711694 -1.382189  0.009904 0.028270 -0.194218
78  -0.000000 0.000000 0.000000  0.036534 0.793459 0.616040
79  0.000000 0.440765 0.000000  0.607264 -0.537757 -0.925751
80  0.000001 0.430558 0.000000  -0.015570 0.104999 -0.100387
81  0.000000 0.438247 -0.000002  -0.026466 -0.047205 0.237434
82  0.000001 0.433551 0.000000  -0.030713 0.125478 0.229464
83  -0.000001 0.454267 0.000000  0.192604 0.284489 -1.431200
84  -0.000001 0.438146 -0.000000  -0.067106 0.179243 0.107769
85  0.000000 0.444415 -0.000001  0.960681 0.854392 -0.047076
86  -0.000000 0.422927 0.000000  0.259055 0.194518 0.050225
87  0.000001 0.426509 -0.000000  -0.776987 -3.058061 0.171963
88  -0.000001 0.432946 0.000000  -0.758556 -1.959503 0.902715
time 90
0  0.000006 0.000000 0.000000  -1.570800 -1.391899 -1.570792
1  -8.342592 -6.645271 1.234828  -1.544956 -1.855077 -0.198630
2  6.027515 -0.000330 0.000193  -1.659095 -0.670349 -0.006353
3  11.692108 0.000644 -0.000739  0.170676 -0.000049 -1.865642
4  11.479326 -0.001145 -0.000549  1.175100 -0.081788 0.662881
5  3.859503 -0.142823 -1.192080  -0.473984 0.187478 -0.892472
6  1.312590 0.000010 0.000007  -0.001008 0.004099 -0.195910
7  0.729357 0.000054 0.000050  -0.000728 -0.000265 -0.164727
8  3.942141 0.046331 -0.431545  -0.136308 0.099594 -0.632505
9  1.539111 0.000083 0.000004  -0.000038 0.000241 -0.567516
10  1.196332 0.000145 0.000029  -0.000009 0.000014 -0.142075
11  3.883511 -0.047212 0.431349  0.088831 0.001908 -0.353758
12  1.719571 -0.000028 0.000017  -0.002950 0.005009 -0.925463
13  1.209180 0.000090 0.000011  0.000847 0.002961 0.073008
14  4.085233 -0.082653 1.151008  0.263916 -0.245108 0.069906
15  1.719447 -0.000019 0.000029  -0.003653 -0.001877 -1.408336
16  1.099676 0.000049 0.000005  0.001193 0.002498 0.016953
17  0.806011 -0.349038 1.321246  -0.850856 -0.576374 -0.854885
18  1.789819 -0.000004 -0.000018  -0.000013 0.000269 -0.070641
19  1.207015 -0.000014 -0.000044  -0.000027 -0.000006 0.094823
20  5.740635 0.000388 -0.000699  -0.111808 0.000003 0.000063
21  11.480875 -0.000050 -0.000764  -0.074047 -0.018753 0.114183
22  6.027524 -0.000329 0.000200  -0.769971 -2.673457 -1.164814
23  0.000000 11.692101 -0.000008  -1.244504 -0.689731 -0.928508
24  0.000002 0.000008 -0.000000  1.039785 -0.000031 1.570738
25  0.000000 -0.000012 -0.000000  0.868960 0.000002 1.570712
26  -6.212011 -10.642979 0.826812  1.473120 1.855075 -0.198639
27  6.027511 -0.000260 -0.000220  1.492724 0.836910 -0.541517
28  11.691993 0.000161 0.000859  0.346036 0.000046 -1.475043
29  11.480482 0.000050 0.000854  -1.224515 0.583908 0.527909
30  3.859437 -0.132758 1.193064  0.469647 -0.013262 -1.872395
31  1.312558 0.000026 -0.000001  0.024060 -0.138696 -0.550187
32  0.729346 0.000064 -0.000028  -0.166197 -0.081570 -0.714272
33  3.942047 0.050139 0.430999  0.225309 -0.086237 -1.592712
34  1.539097 0.000005 0.000000  0.035254 -0.050373 -0.994350
35  1.196301 0.000078 -0.000004  -0.021521 0.002175 -0.839738
36  3.883414 -0.050472 -0.431085  0.184824 -0.271737 -1.204030
37  1.719564 -0.000084 -0.000004  0.022858 -0.107186 -1.509108
38  1.209199 0.000034 0.000011  0.000661 0.071072 -0.480462
39  3.859588 -0.149082 -1.331322  -0.080472 0.327601 -0.061665
40  1.719413 -0.000098 -0.000036  0.097557 0.060679 -0.377229
41  1.099674 0.000024 0.000006  -0.014718 0.004685 0.056983
42  0.805984 -0.359848 -1.318339  0.991670 0.166767 -0.799527
43  1.789780 -0.000009 -0.000042  0.000058 -0.002451 0.133098
44  1.206996 -0.000006 0.000006  0.000372 -0.000071 1.058780
45  5.740572 0.000078 0.000721  0.089159 -0.000013 0.000028
46  11.481041 0.000084 0.000916  0.039482 0.108054 0.071616
47  6.027515 -0.000273 -0.000229  -1.000613 -0.490468 -1.478852
48  -0.000001 11.691977 -0.000006  -1.014600 0.462186 0.800882
49  0.000003 -0.000001 -0.000001  2.618569 -0.000036 1.570860
50  -0.000007 -0.000013 0.000006  2.272645 -0.000036 1.570861
51  -3.906994 -5.462851 -7.856396  -0.115684 -2.934463 1.407579
52  -0.000000 -0.000000 -0.000000  0.008153 -0.000259 0.000009
53  0.000001 -0.000000 -0.000001  1.565115 0.043565 -0.106862
54  6.958735 -5.778310 -7.788736  0.985207 -0.341428 -1.801523
55  -0.000000 0.000000 0.000000  0.000000 -0.000001 -0.000002
56  0.000030 0.000029 0.000001  -1.571902 -0.044449 -0.106509
57  20.798241 1.335296 -13.186928  1.570796 -0.000000 0.000000
58  -16.319784 5.039393 -18.063972  1.570796 -0.000000 0.000000
59  1.239137 8.023361 -7.028192  1.570796 -0.000000 0.000000
60  -0.004311 0.001230 -0.000372  0.006898 -0.005534 -0.284229
61  0.826810 11.578514 -4.219014  1.570796 -0.000000 0.000000
62  0.000000 0.000000 0.000000  -0.078727 -3.136056 0.284226
63  0.000000 0.000000 0.000000  1.559132 -0.005632 0.001558
64  -2.745861 -9.431147 -2.523316  1.526403 0.061011 0.028028
65  0.042352 -2.889250 0.627700  -0.000000 -0.000000 0.000000
66  0.042352 -0.907087 1.190367  -0.000000 -0.000000 0.000000
67  -1.331044 -1.025122 4.361372  -0.000000 -0.000000 0.000000
68  0.042353 -0.884530 23.199598  -0.000000 -0.000000 0.000000
69  0.042255 0.181228 5.671382  1.570796 0.000000 -0.000000
70  0.000096 0.089184 -9.714657  -0.000000 0.000000 0.000000
71  0.042352 -0.569288 7.155123  -0.000000 -0.000000 0.000000
72  -0.682762 -1.501893 3.214538  -0.000000 -0.000000 0.000000
73  0.074278 -0.628098 4.762586  -0.000000 -0.000000 0.000000
74  1.409102 -11.632587 -7.246054  1.169135 -0.428599 0.532939
75  4.089485 1.480949 -1.157899  3.073285 -0.027392 0.092095
76  2.923889 1.668562 -1.111006  0.000000 -0.000000 -1.047198
77  2.470068 0.711695 -1.382188  0.010067 0.028260 -0.195664
78  -0.000000 0.000001 0.000000  0.036715 0.793306 0.614723
79  -0.000000 0.440764 -0.000001  0.605943 -0.539589 -0.923182
80  0.000001 0.430557 -0.000000  -0.015758 0.104759 -0.096867
81  -0.000001 0.438246 0.000000  -0.027368 -0.047288 0.241165
82  0.000000 0.433550 -0.000000  -0.031840 0.125472 0.234497
83  -0.000000 0.454268 -0.000001  0.192606 0.281869 -1.423705
84  0.000000 0.438147 -0.000000  -0.068305 0.178276 0.110852
85  -0.000001 0.444414 0.000000  0.960222 0.853196 -0.048337
86  0.000001 0.422926 -0.000001  0.263808 0.192927 0.049934
87  -0.000001 0.426508 -0.000001  -0.785467 -3.061012 0.171593
88  0.000000 0.432947 0.000000  -0.738163 -1.953237 0.883659
time 91
0  0.000006 0.000000 0.000000  -1.570800 -1.391899 -1.570792
1  -8.342592 -6.645271 1.234828  -1.544956 -1.855077 -0.198630
2  6.027516 -0.000330 0.000192  -1.683943 -0.719747 -0.043224
3  11.692107 0.000642 -0.000737  0.069686 -0.000047 -1.841717
4  11.479538 -0.000960 -0.000670  1.285572 -0.116175 0.705292
5  3.859502 -0.142823 -1.192080  -0.473984 0.187478 -0.892472
6  1.312591 0.000009 0.000008  -0.001008 0.004099 -0.195910
7  0.729357 0.000053 0.000050  -0.000728 -0.000265 -0.164727
8  3.942139 0.046330 -0.431543  -0.136308 0.099594 -0.632505
9  1.539110 0.000082 0.000004  -0.000038 0.000241 -0.567516
10  1.196333 0.000146 0.000028  -0.000009 0.000014 -0.142075
11  3.883511 -0.047213 0.431350  0.088831 0.001908 -0.353758
12  1.719572 -0.000029 0.000018  -0.002950 0.005009 -0.925463
13  1.209179 0.000090 0.000012  0.000847 0.002961 0.073008
14  4.085233 -0.082654 1.151008  0.263916 -0.245108 0.069906
15  1.719448 -0.000018 0.000028  -0.003653 -0.001877 -1.408337
16  1.099675 0.000049 0.000005  0.001194 0.002498 0.016953
17  0.806011 -0.349038 1.321247  -0.850856 -0.576374 -0.854885
18  1.789820 -0.000004 -0.000017  -0.000013 0.000269 -0.070641
19  1.207015 -0.000013 -0.000043  -0.000027 -0.000006 0.094823
20  5.740637 0.000388 -0.000698  -0.099359 0.000003 0.000064
21  11.480917 -0.000014 -0.000787  -0.050432 -0.019741 0.124270
22  6.027524 -0.000329 0.000200  2.329915 -0.430807 1.942114
23  0.000002 11.692102 -0.000007  -1.230339 -0.675136 -0.921995
24  0.000003 0.000008 0.000001  0.938795 -0.000031 1.570739
25  0.000001 -0.000011 0.000000  0.868960 0.000002 1.570712
26  -6.212011 -10.642979 0.826812  1.473120 1.855075 -0.198639
27  6.027511 -0.000260 -0.000220  1.486878 0.842002 -0.544603
28  11.691992 0.000162 0.000858  0.346036 0.000045 -1.463050
29  11.480584 0.000109 0.000834  -1.218938 0.597949 0.493913
30  3.859438 -0.132758 1.193067  0.469647 -0.013262 -1.872395
31  1.312559 0.000025 -0.000001  0.024060 -0.138696 -0.550187
32  0.729347 0.000064 -0.000027  -0.166197 -0.081570 -0.714273
33  3.942047 0.050139 0.431001  0.225309 -0.086237 -1.592712
34  1.539096 0.000005 -0.000001  0.035254 -0.050373 -0.994350
35  1.196301 0.000078 -0.000004  -0.021521 0.002175 -0.839738
36  3.883414 -0.050472 -0.431083  0.184824 -0.271737 -1.204030
37  1.719563 -0.000085 -0.000005  0.022859 -0.107186 -1.509108
38  1.209198 0.000035 0.000011  0.000661 0.071072 -0.480462
39  3.859589 -0.149082 -1.331320  -0.080472 0.327601 -0.061665
40  1.719412 -0.000098 -0.000036  0.097557 0.060679 -0.377229
41  1.099674 0.000024 0.000007  -0.014718 0.004685 0.056983
42  0.805984 -0.359847 -1.318337  0.991670 0.166767 -0.799527
43  1.789780 -0.000009 -0.000042  0.000058 -0.002451 0.133097
44  1.206996 -0.000008 0.000005  0.000372 -0.000071 1.058781
45  5.740572 0.000078 0.000721  0.089921 -0.000014 0.000028
46  11.481060 0.000095 0.000912  0.041130 0.110305 0.064157
47  6.027515 -0.000273 -0.000229  -1.007886 -0.490576 -1.474161
48  -0.000003 11.691977 -0.000007  -1.007472 0.455626 0.796297
49  0.000003 0.000000 -0.000000  2.618569 -0.000036 1.570860
50  -0.000008 -0.000013 0.000004  2.272645 -0.000036 1.570861
51  -3.866734 -5.547122 -7.918830  -0.094553 -2.909616 1.405686
52  -0.000000 -0.000000 0.000000  0.008153 -0.000259 0.000009
53  0.000000 0.000000 0.000001  1.565115 0.043565 -0.106862
54  6.598314 -5.959502 -7.361361  0.956043 -0.335157 -1.760058
55  -0.000000 -0.000000 0.000000  0.000000 -0.000001 -0.000002
56  0.000030 0.000029 0.000001  -1.571901 -0.044449 -0.106509
57  20.855019 1.200752 -13.975807  1.570796 -0.000000 0.000000
58  -16.319784 5.039393 -18.063972  1.570796 -0.000000 0.000000
59  1.239137 8.023361 -7.028192  1.570796 -0.000000 0.000000
60  -0.004311 0.001230 -0.000372  0.006898 -0.005534 -0.284229
61  0.826810 11.578514 -4.219014  1.570796 -0.000000 0.000000
62  0.000000 0.000000 0.000000  -0.078727 -3.136056 0.284226
63  0.000000 0.000000 0.000000  1.560419 -0.008895 0.001838
64  -2.782953 -9.361893 -2.458951  1.498026 0.045528 0.029227
65  0.042352 -2.889250 0.627699  0.000000 -0.000000 -0.000000
66  0.042352 -0.907088 1.190368  0.000000 -0.000000 -0.000000
67  -1.331045 -1.025122 4.361372  0.000000 -0.000000 -0.000000
68  0.042353 -0.884530 23.199600  0.000000 -0.000000 -0.000000
69  0.042255 0.181228 5.671381  1.564789 0.000000 -0.000000
70  0.000096 0.089185 -9.714657  0.000000 0.000000 0.000000
71  0.042352 -0.569288 7.155123  0.000000 -0.000000 -0.000000
72  -0.682762 -1.501892 3.214538  0.000000 -0.000000 -0.000000
73  0.074278 -0.628098 4.762586  0.000000 -0.000000 -0.000000
74  1.252419 -11.993805 -6.749747  1.194768 -0.412827 0.554255
75  4.092537 1.510718 -1.154164  3.073285 -0.027392 0.092095
76  2.923889 1.668561 -1.111006  -0.000000 -0.000000 -1.047198
77  2.470070 0.711693 -1.382187  0.010105 0.028235 -0.196983
78  0.000000 0.000000 0.000000  0.036779 0.793242 0.613453
79  0.000001 0.440763 -0.000000  0.604619 -0.541243 -0.920694
80  0.000001 0.430559 -0.000001  -0.015921 0.104624 -0.093577
81  0.000001 0.438248 -0.000001  -0.028127 -0.047286 0.244638
82  0.000001 0.433550 -0.000001  -0.032739 0.125545 0.239206
83  0.000000 0.454268 -0.000000  0.192474 0.279641 -1.416722
84  -0.000000 0.438146 -0.000002  -0.069464 0.177559 0.113670
85  -0.000000 0.444415 0.000000  0.959943 0.852258 -0.049398
86  0.000001 0.422927 0.000001  0.268333 0.191596 0.049775
87  -0.000001 0.426508 -0.000000  -0.793404 -3.063677 0.171530
88  0.000001 0.432947 0.000000  -0.719130 -1.947602 0.865457
time 92
0  0.000006 0.000000 0.000000  -1.570800 -1.391899 -1.570792
1  -8.342592 -6.645271 1.234828  -1.544956 -1.855077 -0.198630
2  6.027516 -0.000329 0.000192  -1.705332 -0.765947 -0.077832
3  11.692106 0.000646 -0.000739  -0.033834 -0.000046 -1.817672
4  11.479754 -0.000755 -0.000759  1.400520 -0.166263 0.740466
5  3.859504 -0.142823 -1.192080  -0.473984 0.187478 -0.892472
6  1.312588 0.000010 0.000007  -0.001008 0.004099 -0.195910
7  0.729355 0.000055 0.000049  -0.000728 -0.000265 -0.164727
8  3.942142 0.046331 -0.431543  -0.136308 0.099594 -0.632505
9  1.539109 0.000083 0.000003  -0.000038 0.000241 -0.567516
10  1.196332 0.000145 0.000029  -0.000009 0.000015 -0.142075
11  3.883511 -0.047211 0.431351  0.088831 0.001908 -0.353758
12  1.719572 -0.000029 0.000016  -0.002950 0.005010 -0.925463
13  1.209180 0.000090 0.000012  0.000847 0.002961 0.073008
14  4.085235 -0.082653 1.151009  0.263916 -0.245108 0.069906
15  1.719449 -0.000019 0.000029  -0.003653 -0.001877 -1.408336
16  1.099674 0.000049 0.000006  0.001194 0.002498 0.016953
17  0.806012 -0.349038 1.321248  -0.850856 -0.576374 -0.854885
18  1.789820 -0.000004 -0.000017  -0.000013 0.000269 -0.070641
19  1.207015 -0.000013 -0.000043  -0.000027 -0.000006 0.094823
20  5.740633 0.000388 -0.000699  -0.084556 0.000003 0.000063
21  11.480959 0.000028 -0.000804  -0.024895 -0.022684 0.133294
22  6.027524 -0.000329 0.000200  2.290680 -0.397751 1.908833
23  0.000000 11.692101 -0.000007  -1.216145 -0.660542 -0.915262
24  0.000003 0.000007 -0.000001  0.835274 -0.000031 1.570739
25  -0.000001 -0.000011 -0.000000  0.868960 0.000002 1.570712
26  -6.212011 -10.642979 0.826812  1.473120 1.855075 -0.198639
27  6.027511 -0.000260 -0.000220  1.479980 0.845803 -0.548123
28  11.691992 0.000161 0.000860  0.346036 0.000045 -1.453303
29  11.480670 0.000160 0.000815  -1.210914 0.614834 0.459077
30  3.859438 -0.132758 1.193066  0.469647 -0.013262 -1.872395
31  1.312559 0.000026 -0.000000  0.024060 -0.138696 -0.550187
32  0.729346 0.000063 -0.000027  -0.166197 -0.081570 -0.714272
33  3.942047 0.050139 0.431001  0.225309 -0.086237 -1.592712
34  1.539097 0.000007 -0.000000  0.035254 -0.050373 -0.994350
35  1.196300 0.000078 -0.000004  -0.021521 0.002175 -0.839738
36  3.883414 -0.050472 -0.431083  0.184824 -0.271737 -1.204030
37  1.719564 -0.000085 -0.000004  0.022858 -0.107186 -1.509108
38  1.209198 0.000035 0.000011  0.000661 0.071072 -0.480462
39  3.859589 -0.149082 -1.331320  -0.080472 0.327601 -0.061665
40  1.719412 -0.000099 -0.000036  0.097557 0.060679 -0.377229
41  1.099673 0.000023 0.000007  -0.014718 0.004685 0.056982
42  0.805983 -0.359848 -1.318337  0.991670 0.166767 -0.799527
43  1.789779 -0.000008 -0.000042  0.000058 -0.002451 0.133098
44  1.206996 -0.000006 0.000006  0.000372 -0.000071 1.058780
45  5.740574 0.000080 0.000719  0.091308 -0.000014 0.000028
46  11.481079 0.000107 0.000908  0.043168 0.113149 0.056273
47  6.027515 -0.000273 -0.000229  -1.014457 -0.491952 -1.469427
48  -0.000001 11.691976 -0.000007  -1.001672 0.450315 0.792542
49  0.000004 0.000000 -0.000000  2.618569 -0.000036 1.570860
50  -0.000008 -0.000014 0.000004  2.272645 -0.000036 1.570861
51  -3.820474 -5.611559 -7.990553  -0.069516 -2.883015 1.402151
52  -0.000000 0.000000 0.000000  0.008153 -0.000259 0.000009
53  -0.000000 0.000000 0.000001  1.565115 0.043565 -0.106862
54  6.284906 -6.123823 -6.953754  0.936908 -0.329067 -1.722776
55  -0.000000 0.000000 0.000001  0.000000 -0.000001 -0.000002
56  0.000030 0.000029 0.000002  -1.571901 -0.044449 -0.106509
57  20.913015 1.094550 -14.781610  1.570796 -0.000000 0.000000
58  -16.319784 5.039393 -18.063972  1.570796 -0.000000 0.000000
59  1.239137 8.023361 -7.028192  1.570796 -0.000000 0.000000
60  -0.004311 0.001230 -0.000372  0.006898 -0.005534 -0.284229
61  0.826810 11.578514 -4.219014  1.570796 -0.000000 0.000000
62  0.000000 0.000000 0.000000  -0.078727 -3.136056 0.284226
63  0.000000 0.000000 0.000000  1.561962 -0.012202 0.002047
64  -2.835159 -9.256424 -2.397570  1.467170 0.026909 0.030655
65  0.042352 -2.889250 0.627698  -0.000000 -0.000000 -0.000000
66  0.042352 -0.907088 1.190366  -0.000000 -0.000000 -0.000000
67  -1.331044 -1.025122 4.361370  -0.000000 -0.000000 -0.000000
68  0.042353 -0.884531 23.199604  -0.000000 -0.000000 -0.000000
69  0.042255 0.181228 5.671381  1.548946 0.000000 -0.000000
70  0.000095 0.089186 -9.714657  0.000000 -0.000000 -0.000000
71  0.042352 -0.569288 7.155121  -0.000000 -0.000000 -0.000000
72  -0.682762 -1.501893 3.214538  -0.000000 -0.000000 -0.000000
73  0.074278 -0.628098 4.762586  -0.000000 -0.000000 -0.000000
74  1.139511 -12.326680 -6.309562  1.212924 -0.403521 0.578091
75  4.094313 1.535275 -1.152005  3.073285 -0.027392 0.092095
76  2.923889 1.668560 -1.111006  0.000000 0.000000 -1.047198
77  2.470069 0.711692 -1.382188  0.010071 0.028203 -0.197975
78  -0.000000 0.000000 0.000000  0.036766 0.793234 0.612457
79  -0.000002 0.440763 -0.000000  0.603470 -0.542576 -0.918585
80  -0.000001 0.430558 0.000000  -0.016047 0.104564 -0.090889
81  -0.000000 0.438247 0.000000  -0.028694 -0.047238 0.247445
82  -0.000001 0.433549 0.000000  -0.033379 0.125647 0.243009
83  -0.000000 0.454267 -0.000001  0.192293 0.277967 -1.411112
84  -0.000001 0.438145 -0.000002  -0.070409 0.177083 0.115879
85  0.000000 0.444415 0.000000  0.959853 0.851601 -0.050199
86  -0.000000 0.422927 -0.000001  0.272087 0.190600 0.049713
87  -0.000002 0.426508 0.000000  -0.799851 -3.065795 0.171639
88  0.000001 0.432948 0.000000  -0.703694 -1.943210 0.850462
time 93
0  0.000006 0.000000 0.000000  -1.570800 -1.391899 -1.570792
1  -8.342592 -6.645271 1.234828  -1.544956 -1.855077 -0.198630
2  6.027517 -0.000329 0.000192  -1.720463 -0.808726 -0.110085
3  11.692107 0.000647 -0.000739  -0.135010 -0.000044 -1.793138
4  11.479980 -0.000531 -0.000813  1.509544 -0.230600 0.763537
5  3.859502 -0.142823 -1.192079  -0.473984 0.187478 -0.892472
6  1.312590 0.000009 0.000009  -0.001008 0.004099 -0.195910
7  0.729355 0.000053 0.000049  -0.000728 -0.000265 -0.164727
8  3.942140 0.046331 -0.431543  -0.136308 0.099594 -0.632505
9  1.539110 0.000083 0.000004  -0.000038 0.000241 -0.567516
10  1.196332 0.000146 0.000029  -0.000009 0.000015 -0.142075
11  3.883510 -0.047212 0.431351  0.088831 0.001908 -0.353758
12  1.719573 -0.000029 0.000018  -0.002950 0.005010 -0.925463
13  1.209179 0.000090 0.000013  0.000847 0.002961 0.073008
14  4.085233 -0.082653 1.151009  0.263916 -0.245108 0.069906
15  1.719447 -0.000018 0.000029  -0.003653 -0.001877 -1.408336
16  1.099675 0.000049 0.000005  0.001193 0.002498 0.016953
17  0.806011 -0.349038 1.321247  -0.850856 -0.576374 -0.854885
18  1.789820 -0.000004 -0.000017  -0.000013 0.000269 -0.070641
19  1.207015 -0.000013 -0.000043  -0.000027 -0.000006 0.094823
20  5.740636 0.000390 -0.000700  -0.068356 0.000003 0.000063
21  11.481006 0.000074 -0.000816  0.000424 -0.028159 0.140327
22  6.027524 -0.000329 0.000200  2.253175 -0.370639 1.879917
23  0.000000 11.692101 -0.000006  -1.201698 -0.645729 -0.908202
24  0.000003 0.000008 -0.000000  0.734098 -0.000030 1.570738
25  0.000001 -0.000012 0.000000  0.868960 0.000002 1.570712
26  -6.212011 -10.642979 0.826812  1.473120 1.855075 -0.198639
27  6.027511 -0.000260 -0.000220  1.472780 0.848553 -0.551737
28  11.691992 0.000162 0.000858  0.346035 0.000044 -1.445257
29  11.478970 -0.000728 0.001135  -1.203056 0.633428 0.423473
30  3.859437 -0.132758 1.193065  0.469647 -0.013262 -1.872395
31  1.312559 0.000025 -0.000000  0.024060 -0.138696 -0.550187
32  0.729346 0.000064 -0.000028  -0.166197 -0.081570 -0.714272
33  3.942046 0.050139 0.431000  0.225309 -0.086237 -1.592712
34  1.539096 0.000005 -0.000002  0.035254 -0.050373 -0.994350
35  1.196300 0.000078 -0.000003  -0.021521 0.002175 -0.839738
36  3.883413 -0.050472 -0.431084  0.184824 -0.271737 -1.204030
37  1.719563 -0.000085 -0.000004  0.022859 -0.107186 -1.509108
38  1.209196 0.000036 0.000011  0.000661 0.071072 -0.480462
39  3.859589 -0.149082 -1.331321  -0.080472 0.327601 -0.061665
40  1.719412 -0.000098 -0.000036  0.097557 0.060679 -0.377229
41  1.099673 0.000023 0.000006  -0.014718 0.004685 0.056983
42  0.805984 -0.359847 -1.318339  0.991670 0.166767 -0.799527
43  1.789780 -0.000008 -0.000042  0.000058 -0.002451 0.133098
44  1.206997 -0.000007 0.000005  0.000372 -0.000071 1.058780
45  5.740573 0.000080 0.000720  0.092852 -0.000014 0.000028
46  11.480740 -0.000071 0.000972  0.045199 0.116266 0.048186
47  6.027515 -0.000273 -0.000229  -1.020226 -0.494065 -1.464914
48  -0.000001 11.691975 -0.000007  -0.996878 0.445946 0.789425
49  0.000004 0.000001 -0.000000  2.618569 -0.000036 1.570860
50  -0.000007 -0.000013 0.000004  2.272645 -0.000036 1.570861
51  -3.774999 -5.659607 -8.066432  -0.043047 -2.855225 1.397221
52  -0.000000 -0.000000 -0.000001  0.008153 -0.000259 0.000009
53  -0.000000 0.000000 -0.000001  1.565115 0.043565 -0.106862
54  6.002163 -6.284175 -6.602004  0.922225 -0.326450 -1.690578
55  0.000000 0.000000 -0.000001  0.000000 -0.000001 -0.000002
56  0.000030 0.000029 0.000000  -1.571901 -0.044449 -0.106509
57  20.969795 1.014191 -15.570490  1.570796 -0.000000 0.000000
58  -16.319784 5.039393 -18.063972  1.570796 -0.000000 0.000000
59  1.239137 8.023361 -7.028192  1.570796 -0.000000 0.000000
60  -0.004311 0.001230 -0.000372  0.006898 -0.005534 -0.284229
61  0.826810 11.578514 -4.219014  1.570796 -0.000000 0.000000
62  0.000000 0.000000 0.000000  -0.078727 -3.136056 0.284226
63  0.000000 0.000000 0.000000  1.563928 -0.015270 0.002174
64  -2.897277 -9.122890 -2.341694  1.434817 0.007527 0.032292
65  0.042352 -2.889250 0.627698  0.000000 -0.000000 0.000000
66  0.042352 -0.907088 1.190366  0.000000 -0.000000 0.000000
67  -1.331044 -1.025122 4.361369  0.000000 -0.000000 0.000000
68  0.042353 -0.884531 23.199602  0.000000 -0.000000 0.000000
69  0.042255 0.181228 5.671381  1.526537 -0.000000 -0.000000
70  0.000096 0.089185 -9.714656  -0.000000 0.000000 -0.000000
71  0.042352 -0.569288 7.155120  0.000000 -0.000000 0.000000
72  -0.682762 -1.501893 3.214536  0.000000 -0.000000 0.000000
73  0.074279 -0.628099 4.762585  0.000000 -0.000000 0.000000
74  1.038037 -12.628872 -5.918062  1.225059 -0.394855 0.600845
75  4.095139 1.551959 -1.151008  3.073285 -0.027392 0.092095
76  2.923889 1.668560 -1.111006  -0.000000 -0.000000 -1.047198
77  2.470070 0.711692 -1.382189  0.010015 0.028178 -0.198625
78  -0.000001 -0.000001 -0.000001  0.036725 0.793252 0.611783
79  -0.000001 0.440764 -0.000000  0.602659 -0.543468 -0.917120
80  -0.000001 0.430557 0.000001  -0.016130 0.104548 -0.089063
81  0.000000 0.438247 -0.000001  -0.029053 -0.047183 0.249345
82  -0.000000 0.433551 -0.000001  -0.033767 0.125739 0.245585
83  0.000001 0.454267 -0.000001  0.192131 0.276901 -1.407321
84  0.000000 0.438146 -0.000000  -0.071057 0.176817 0.117351
85  0.000000 0.444415 0.000002  0.959848 0.851210 -0.050708
86  0.000001 0.422926 0.000001  0.274668 0.189970 0.049707
87  0.000001 0.426508 0.000001  -0.804228 -3.067208 0.171800
88  -0.000002 0.432948 -0.000001  -0.693224 -1.940312 0.840166
time 94
0  0.000006 0.000000 0.000000  -1.570800 -1.391899 -1.570792
1  -8.342592 -6.645271 1.234828  -1.544956 -1.855077 -0.198630
2  6.027517 -0.000329 0.000191  -1.725973 -0.847259 -0.141266
3  11.692106 0.000644 -0.000736  -0.229255 -0.000042 -1.767915
4  11.480207 -0.000308 -0.000827  1.604668 -0.305149 0.768766
5  3.859503 -0.142824 -1.192079  -0.473984 0.187478 -0.892472
6  1.312588 0.000009 0.000008  -0.001008 0.004099 -0.195910
7  0.729355 0.000055 0.000050  -0.000728 -0.000265 -0.164728
8  3.942140 0.046330 -0.431542  -0.136308 0.099594 -0.632505
9  1.539110 0.000083 0.000004  -0.000038 0.000241 -0.567516
10  1.196332 0.000146 0.000029  -0.000009 0.000014 -0.142075
11  3.883510 -0.047212 0.431351  0.088831 0.001908 -0.353758
12  1.719572 -0.000029 0.000017  -0.002950 0.005010 -0.925463
13  1.209179 0.000090 0.000013  0.000847 0.002961 0.073008
14  4.085234 -0.082653 1.151010  0.263916 -0.245108 0.069906
15  1.719449 -0.000019 0.000029  -0.003653 -0.001877 -1.408336
16  1.099676 0.000049 0.000005  0.001193 0.002498 0.016953
17  0.806011 -0.349039 1.321248  -0.850856 -0.576374 -0.854885
18  1.789820 -0.000004 -0.000017  -0.000013 0.000269 -0.070641
19  1.207015 -0.000013 -0.000044  -0.000027 -0.000006 0.094823
20  5.740636 0.000388 -0.000700  -0.051733 0.000003 0.000063
21  11.481051 0.000117 -0.000818  0.023522 -0.036318 0.144130
22  6.027524 -0.000329 0.000200  2.217263 -0.351403 1.857363
23  0.000002 11.692101 -0.000007  -1.186875 -0.630587 -0.900748
24  0.000003 0.000009 -0.000000  0.639853 -0.000031 1.570739
25  0.000000 -0.000011 -0.000000  0.868960 0.000002 1.570712
26  -6.212011 -10.642979 0.826812  1.473120 1.855075 -0.198639
27  6.027511 -0.000260 -0.000220  1.466274 0.849773 -0.554907
28  11.691993 0.000160 0.000858  0.346035 0.000043 -1.439263
29  11.479225 -0.000579 0.001080  -1.198518 0.652336 0.387150
30  3.859437 -0.132759 1.193065  0.469647 -0.013262 -1.872395
31  1.312559 0.000025 -0.000001  0.024060 -0.138696 -0.550187
32  0.729344 0.000065 -0.000029  -0.166197 -0.081570 -0.714272
33  3.942047 0.050139 0.431000  0.225309 -0.086237 -1.592712
34  1.539097 0.000005 -0.000001  0.035254 -0.050373 -0.994350
35  1.196299 0.000078 -0.000004  -0.021521 0.002175 -0.839738
36  3.883413 -0.050472 -0.431083  0.184824 -0.271737 -1.204030
37  1.719564 -0.000086 -0.000004  0.022859 -0.107186 -1.509108
38  1.209197 0.000036 0.000010  0.000661 0.071072 -0.480462
39  3.859588 -0.149082 -1.331321  -0.080472 0.327601 -0.061665
40  1.719413 -0.000099 -0.000036  0.097557 0.060679 -0.377229
41  1.099674 0.000024 0.000007  -0.014718 0.004685 0.056982
42  0.805983 -0.359848 -1.318337  0.991670 0.166767 -0.799527
43  1.789780 -0.000008 -0.000042  0.000058 -0.002451 0.133098
44  1.206996 -0.000008 0.000005  0.000372 -0.000071 1.058780
45  5.740573 0.000077 0.000721  0.094005 -0.000014 0.000028
46  11.480789 -0.000043 0.000961  0.046732 0.119293 0.040176
47  6.027515 -0.000273 -0.000229  -1.024319 -0.496708 -1.461255
48  -0.000001 11.691977 -0.000007  -0.993303 0.442700 0.787091
49  0.000005 -0.000000 -0.000000  2.618569 -0.000036 1.570860
50  -0.000007 -0.000013 0.000005  2.272645 -0.000036 1.570861
51  -3.741120 -5.694191 -8.142467  -0.018242 -2.826672 1.391440
52  0.000000 0.000000 0.000000  0.008153 -0.000259 0.000009
53  -0.000000 0.000000 0.000001  1.565115 0.043565 -0.106862
54  5.735401 -6.453776 -6.346772  0.905933 -0.329982 -1.664609
55  -0.000000 -0.000000 -0.000000  0.000000 -0.000001 -0.000002
56  0.000031 0.000029 0.000001  -1.571901 -0.044449 -0.106509
57  21.023029 0.956321 -16.310120  1.570796 -0.000000 0.000000
58  -16.319784 5.039393 -18.063972  1.570796 -0.000000 0.000000
59  1.239137 8.023361 -7.028192  1.570796 -0.000000 0.000000
60  -0.004311 0.001230 -0.000372  0.006898 -0.005534 -0.284229
61  0.826810 11.578514 -4.219014  1.570796 -0.000000 0.000000
62  0.000000 0.000000 0.000000  -0.078727 -3.136056 0.284226
63  0.000000 0.000000 0.000000  1.566189 -0.017814 0.002207
64  -2.964108 -8.969433 -2.293845  1.401961 -0.009711 0.033894
65  0.042352 -2.889250 0.627698  -0.000000 -0.000000 0.000000
66  0.042352 -0.907088 1.190366  -0.000000 -0.000000 0.000000
67  -1.331044 -1.025122 4.361370  -0.000000 -0.000000 0.000000
68  0.042353 -0.884531 23.199604  -0.000000 -0.000000 0.000000
69  0.042255 0.181228 5.671381  1.500842 0.000000 -0.000000
70  0.000096 0.089184 -9.714657  -0.000000 -0.000000 0.000000
71  0.042352 -0.569288 7.155121  -0.000000 -0.000000 0.000000
72  -0.682762 -1.501893 3.214537  -0.000000 -0.000000 0.000000
73  0.074278 -0.628098 4.762584  -0.000000 -0.000000 0.000000
74  0.915201 -12.898466 -5.574015  1.233122 -0.380905 0.618513
75  4.095340 1.558112 -1.150767  3.073285 -0.027392 0.092095
76  2.923888 1.668560 -1.111007  -0.000000 -0.000000 -1.047198
77  2.470068 0.711693 -1.382190  0.009985 0.028167 -0.198856
78  -0.000001 -0.000000 -0.000000  0.036701 0.793265 0.611537
79  0.000000 0.440764 0.000000  0.602351 -0.543794 -0.916570
80  -0.000000 0.430557 0.000000  -0.016159 0.104549 -0.088389
81  0.000001 0.438247 -0.000001  -0.029179 -0.047157 0.250043
82  -0.000001 0.433550 0.000000  -0.033898 0.125778 0.246532
83  -0.000000 0.454268 0.000001  0.192062 0.276528 -1.405931
84  0.000000 0.438146 0.000001  -0.071296 0.176734 0.117884
85  0.000000 0.444415 0.000000  0.959865 0.851081 -0.050886
86  -0.000002 0.422927 0.000000  0.275629 0.189750 0.049715
87  -0.000002 0.426508 0.000001  -0.805842 -3.067722 0.171883
88  0.000001 0.432947 -0.000000  -0.689384 -1.939264 0.836359
time 95
0  0.000006 0.000000 0.000000  -1.570800 -1.391899 -1.570792
1  -8.342592 -6.645271 1.234828  -1.544956 -1.855077 -0.198630
2  6.027517 -0.000329 0.000191  -1.718437 -0.880802 -0.173595
3  11.692105 0.000643 -0.000736  -0.312790 -0.000040 -1.740768
4  11.480453 -0.000075 -0.000797  1.681457 -0.383381 0.748977
5  3.859504 -0.142823 -1.192080  -0.473984 0.187478 -0.892472
6  1.312590 0.000010 0.000008  -0.001008 0.004099 -0.195910
7  0.729355 0.000053 0.000049  -0.000728 -0.000265 -0.164727
8  3.942141 0.046331 -0.431543  -0.136308 0.099594 -0.632505
9  1.539110 0.000083 0.000004  -0.000038 0.000241 -0.567516
10  1.196332 0.000145 0.000027  -0.000009 0.000015 -0.142075
11  3.883510 -0.047211 0.431351  0.088831 0.001908 -0.353758
12  1.719573 -0.000028 0.000017  -0.002950 0.005010 -0.925463
13  1.209179 0.000090 0.000013  0.000847 0.002961 0.073008
14  4.085234 -0.082653 1.151009  0.263916 -0.245108 0.069906
15  1.719449 -0.000019 0.000028  -0.003653 -0.001877 -1.408336
16  1.099675 0.000050 0.000006  0.001193 0.002498 0.016953
17  0.806011 -0.349037 1.321247  -0.850856 -0.576374 -0.854885
18  1.789820 -0.000004 -0.000018  -0.000013 0.000269 -0.070641
19  1.207015 -0.000013 -0.000044  -0.000027 -0.000006 0.094823
20  5.740633 0.000388 -0.000699  -0.035481 0.000003 0.000063
21  11.481098 0.000161 -0.000811  0.042702 -0.046733 0.143056
22  6.027524 -0.000329 0.000200  2.182745 -0.341655 1.842492
23  0.000001 11.692101 -0.000007  -1.170946 -0.614391 -0.892510
24  0.000003 0.000008 0.000000  0.556317 -0.000030 1.570739
25  -0.000002 -0.000012 -0.000001  0.868960 0.000002 1.570712
26  -6.212011 -10.642979 0.826812  1.473120 1.855075 -0.198639
27  6.027511 -0.000260 -0.000220  1.461137 0.849446 -0.557284
28  11.691993 0.000159 0.000858  0.346035 0.000043 -1.434931
29  11.479418 -0.000465 0.001039  -1.200350 0.670938 0.350208
30  3.859439 -0.132758 1.193066  0.469647 -0.013262 -1.872395
31  1.312559 0.000025 -0.000002  0.024060 -0.138696 -0.550187
32  0.729346 0.000065 -0.000027  -0.166197 -0.081570 -0.714273
33  3.942047 0.050139 0.431000  0.225309 -0.086237 -1.592712
34  1.539097 0.000006 -0.000001  0.035254 -0.050373 -0.994350
35  1.196299 0.000079 -0.000003  -0.021521 0.002175 -0.839738
36  3.883414 -0.050472 -0.431083  0.184824 -0.271737 -1.204030
37  1.719564 -0.000085 -0.000005  0.022858 -0.107186 -1.509108
38  1.209197 0.000035 0.000011  0.000661 0.071072 -0.480462
39  3.859588 -0.149082 -1.331320  -0.080472 0.327601 -0.061665
40  1.719412 -0.000098 -0.000037  0.097557 0.060679 -0.377229
41  1.099673 0.000023 0.000007  -0.014718 0.004685 0.056983
42  0.805984 -0.359847 -1.318338  0.991670 0.166767 -0.799527
43  1.789780 -0.000008 -0.000043  0.000058 -0.002451 0.133098
44  1.206996 -0.000006 0.000005  0.000372 -0.000071 1.058781
45  5.740573 0.000080 0.000721  0.094207 -0.000014 0.000028
46  11.480827 -0.000020 0.000952  0.047250 0.122059 0.032511
47  6.027515 -0.000273 -0.000229  -1.026415 -0.499576 -1.458773
48  -0.000002 11.691978 -0.000008  -0.990718 0.440359 0.785399
49  0.000002 -0.000001 0.000000  2.618569 -0.000036 1.570860
50  -0.000007 -0.000013 0.000004  2.272645 -0.000036 1.570861
51  -3.727226 -5.717083 -8.216539  0.001821 -2.797740 1.384620
52  0.000000 0.000000 -0.000000  0.008153 -0.000259 0.000009
53  0.000000 0.000000 0.000001  1.565115 0.043565 -0.106862
54  5.473872 -6.655038 -6.227704  0.882291 -0.341826 -1.647255
55  0.000001 -0.000000 0.000001  0.000000 -0.000001 -0.000002
56  0.000030 0.000028 0.000002  -1.571901 -0.044449 -0.106509
57  21.070690 0.917067 -16.972336  1.570796 -0.000000 0.000000
58  -16.319784 5.039393 -18.063972  1.570796 -0.000000 0.000000
59  1.239137 8.023361 -7.028192  1.570796 -0.000000 0.000000
60  -0.004311 0.001230 -0.000372  0.006898 -0.005534 -0.284229
61  0.826810 11.578514 -4.219014  1.570796 -0.000000 0.000000
62  0.000000 0.000000 0.000000  -0.078727 -3.136056 0.284226
63  0.000000 0.000000 0.000000  1.568325 -0.019550 0.002109
64  -3.030450 -8.804203 -2.256545  1.369620 -0.022031 0.034077
65  0.042352 -2.889250 0.627700  0.000000 0.000000 0.000000
66  0.042352 -0.907087 1.190368  0.000000 0.000000 0.000000
67  -1.331044 -1.025122 4.361372  0.000000 0.000000 0.000000
68  0.042354 -0.884531 23.199608  0.000000 0.000000 0.000000
69  0.042256 0.181228 5.671384  1.475147 0.000000 -0.000000
70  0.000096 0.089185 -9.714658  0.000000 0.000000 -0.000000
71  0.042353 -0.569288 7.155123  0.000000 0.000000 0.000000
72  -0.682762 -1.501893 3.214539  0.000000 0.000000 0.000000
73  0.074279 -0.628099 4.762588  0.000000 0.000000 0.000000
74  0.735470 -13.136904 -5.279829  1.239021 -0.356243 0.625948
75  4.088550 1.531489 -1.159601  3.073285 -0.027392 0.092095
76  2.923889 1.668561 -1.111006  0.000000 0.000000 -1.047198
77  2.470070 0.711695 -1.382189  0.009495 0.028135 -0.196955
78  0.000001 0.000001 -0.000000  0.036174 0.793630 0.613070
79  0.000000 0.440764 0.000001  0.603003 -0.542348 -0.918179
80  -0.000001 0.430557 0.000001  -0.016020 0.104945 -0.091139
81  -0.000000 0.438248 -0.000000  -0.028234 -0.046929 0.246889
82  0.000001 0.433550 -0.000001  -0.032546 0.125912 0.242055
83  0.000000 0.454268 -0.000000  0.191889 0.279441 -1.412864
84  0.000000 0.438146 -0.000000  -0.070105 0.178028 0.114650
85  -0.000000 0.444415 -0.000000  0.961202 0.852623 -0.049546
86  0.000000 0.422927 -0.000001  0.272088 0.191503 0.050303
87  0.000000 0.426508 -0.000000  -0.798638 -3.064947 0.173025
88  -0.000002 0.432947 -0.000000  -0.710179 -1.944598 0.854992
time 96
0  0.000006 0.000000 0.000000  -1.570800 -1.391899 -1.570792
1  -8.342592 -6.645271 1.234828  -1.544956 -1.855077 -0.198630
2  6.027518 -0.000328 0.000191  -1.694050 -0.909265 -0.209940
3  11.692107 0.000646 -0.000739  -0.382911 -0.000038 -1.709937
4  11.478839 -0.000857 -0.001136  1.738256 -0.459303 0.697953
5  3.859503 -0.142824 -1.192080  -0.473984 0.187478 -0.892472
6  1.312589 0.000009 0.000007  -0.001008 0.004099 -0.195910
7  0.729356 0.000056 0.000050  -0.000728 -0.000265 -0.164727
8  3.942140 0.046330 -0.431544  -0.136308 0.099594 -0.632505
9  1.539110 0.000083 0.000004  -0.000038 0.000241 -0.567516
10  1.196332 0.000145 0.000028  -0.000009 0.000015 -0.142075
11  3.883510 -0.047212 0.431350  0.088831 0.001908 -0.353758
12  1.719573 -0.000028 0.000016  -0.002950 0.005010 -0.925463
13  1.209178 0.000089 0.000012  0.000847 0.002961 0.073008
14  4.085234 -0.082654 1.151008  0.263916 -0.245108 0.069906
15  1.719448 -0.000020 0.000028  -0.003653 -0.001877 -1.408336
16  1.099676 0.000049 0.000004  0.001193 0.002498 0.016953
17  0.806012 -0.349038 1.321246  -0.850856 -0.576374 -0.854885
18  1.789820 -0.000003 -0.000017  -0.000013 0.000269 -0.070641
19  1.207015 -0.000013 -0.000044  -0.000027 -0.000006 0.094823
20  5.740637 0.000388 -0.000699  -0.020408 0.000003 0.000063
21  11.480777 0.000005 -0.000879  0.056707 -0.058852 0.135599
22  6.027524 -0.000329 0.000200  2.148484 -0.342670 1.836673
23  -0.000000 11.692101 -0.000006  -1.152875 -0.596129 -0.882887
24  0.000003 0.000008 0.000001  0.486196 -0.000031 1.570739
25  0.000000 -0.000011 0.000000  0.868960 0.000002 1.570712
26  -6.212011 -10.642979 0.826812  1.473120 1.855075 -0.198639
27  6.027511 -0.000260 -0.000220  1.458173 0.847217 -0.558428
28  11.691993 0.000161 0.000859  0.346035 0.000043 -1.432148
29  11.479541 -0.000393 0.001013  -1.211573 0.687845 0.312345
30  3.859438 -0.132759 1.193065  0.469647 -0.013262 -1.872395
31  1.312559 0.000027 -0.000001  0.024060 -0.138696 -0.550187
32  0.729345 0.000065 -0.000027  -0.166197 -0.081570 -0.714272
33  3.942046 0.050139 0.430999  0.225309 -0.086237 -1.592712
34  1.539097 0.000005 -0.000001  0.035254 -0.050373 -0.994350
35  1.196301 0.000078 -0.000004  -0.021521 0.002175 -0.839738
36  3.883413 -0.050472 -0.431085  0.184824 -0.271737 -1.204030
37  1.719564 -0.000084 -0.000004  0.022858 -0.107186 -1.509108
38  1.209198 0.000035 0.000010  0.000661 0.071072 -0.480462
39  3.859588 -0.149082 -1.331322  -0.080472 0.327601 -0.061665
40  1.719413 -0.000098 -0.000037  0.097557 0.060679 -0.377229
41  1.099673 0.000024 0.000007  -0.014718 0.004685 0.056982
42  0.805983 -0.359848 -1.318339  0.991670 0.166767 -0.799527
43  1.789780 -0.000009 -0.000042  0.000058 -0.002451 0.133097
44  1.206996 -0.000007 0.000005  0.000372 -0.000071 1.058780
45  5.740573 0.000079 0.000721  0.092901 -0.000014 0.000028
46  11.480852 -0.000006 0.000947  0.046290 0.124268 0.025421
47  6.027515 -0.000273 -0.000229  -1.025812 -0.502496 -1.457983
48  -0.000000 11.691975 -0.000007  -0.989056 0.438857 0.784309
49  0.000003 -0.000001 -0.000000  2.618569 -0.000036 1.570860
50  -0.000006 -0.000014 0.000005  2.272645 -0.000036 1.570861
51  -3.744786 -5.730218 -8.287916  0.013955 -2.768737 1.377387
52  0.000000 -0.000000 -0.000002  0.008153 -0.000259 0.000009
53  -0.000000 -0.000000 -0.000001  1.565115 0.043565 -0.106862
54  5.200062 -6.908288 -6.284332  0.845814 -0.364051 -1.640218
55  0.000000 -0.000001 0.000000  0.000000 -0.000001 -0.000002
56  0.000030 0.000028 0.000001  -1.571901 -0.044449 -0.106509
57  21.111179 0.892413 -17.534883  1.570796 -0.000000 0.000000
58  -16.319784 5.039393 -18.063972  1.570796 -0.000000 0.000000
59  1.239137 8.023361 -7.028192  1.570796 -0.000000 0.000000
60  -0.004311 0.001230 -0.000372  0.006898 -0.005534 -0.284229
61  0.826810 11.578514 -4.219014  1.570796 -0.000000 0.000000
62  0.000000 0.000000 0.000000  -0.078727 -3.136056 0.284226
63  0.000000 0.000000 0.000000  1.569916 -0.020192 0.001872
64  -3.091102 -8.635344 -2.232316  1.338815 -0.026706 0.031852
65  0.042352 -2.889250 0.627699  -0.000000 -0.000000 -0.000000
66  0.042352 -0.907087 1.190368  -0.000000 -0.000000 -0.000000
67  -1.331044 -1.025121 4.361370  -0.000000 -0.000000 -0.000000
68  0.042353 -0.884531 23.199602  -0.000000 -0.000000 -0.000000
69  0.042255 0.181228 5.671382  1.452738 0.000000 -0.000000
70  0.000096 0.089185 -9.714656  0.000000 -0.000000 0.000000
71  0.042352 -0.569288 7.155122  -0.000000 -0.000000 -0.000000
72  -0.682762 -1.501892 3.214538  -0.000000 -0.000000 -0.000000
73  0.074278 -0.628098 4.762586  -0.000000 -0.000000 -0.000000
74  0.464861 -13.342188 -5.040021  1.244171 -0.315724 0.618676
75  4.071572 1.464929 -1.181684  3.073285 -0.027392 0.092095
76  2.923890 1.668562 -1.111007  0.000000 -0.000000 -1.047198
77  2.470071 0.711696 -1.382189  0.008311 0.028064 -0.192509
78  -0.000000 -0.000000 -0.000001  0.034929 0.794531 0.616649
79  0.000001 0.440764 0.000000  0.604762 -0.538588 -0.922387
80  0.000000 0.430558 -0.000001  -0.015649 0.105964 -0.098164
81  -0.000000 0.438248 -0.000002  -0.025853 -0.046318 0.238946
82  0.000001 0.433550 -0.000000  -0.029179 0.126309 0.230938
83  -0.000000 0.454267 0.000001  0.191320 0.286636 -1.429986
84  0.000000 0.438147 -0.000001  -0.067290 0.181253 0.106792
85  0.000001 0.444415 0.000001  0.964206 0.856413 -0.046201
86  -0.000002 0.422926 0.000001  0.263022 0.195868 0.051687
87  -0.000002 0.426508 -0.000001  -0.780581 -3.057996 0.175681
88  0.000000 0.432946 0.000000  -0.759478 -1.958517 0.899023
time 97
0  0.000006 0.000000 0.000000  -1.570800 -1.391899 -1.570792
1  -8.342592 -6.645271 1.234828  -1.544956 -1.855077 -0.198630
2  6.027518 -0.000328 0.000191  -1.656816 -0.931696 -0.249088
3  11.692107 0.000643 -0.000738  -0.437985 -0.000035 -1.667795
4  11.479208 -0.000612 -0.001098  1.773132 -0.507159 0.605128
5  3.859504 -0.142823 -1.192080  -0.473984 0.187478 -0.892472
6  1.312590 0.000009 0.000007  -0.001008 0.004099 -0.195910
7  0.729356 0.000055 0.000050  -0.000728 -0.000265 -0.164727
8  3.942141 0.046331 -0.431543  -0.136308 0.099594 -0.632505
9  1.539109 0.000083 0.000004  -0.000038 0.000241 -0.567516
10  1.196333 0.000144 0.000029  -0.000009 0.000014 -0.142075
11  3.883512 -0.047212 0.431351  0.088831 0.001908 -0.353758
12  1.719572 -0.000028 0.000017  -0.002950 0.005010 -0.925463
13  1.209178 0.000090 0.000013  0.000847 0.002961 0.073008
14  4.085235 -0.082653 1.151009  0.263916 -0.245108 0.069906
15  1.719447 -0.000019 0.000027  -0.003653 -0.001877 -1.408336
16  1.099675 0.000049 0.000006  0.001194 0.002498 0.016953
17  0.806012 -0.349038 1.321248  -0.850856 -0.576374 -0.854885
18  1.789819 -0.000004 -0.000018  -0.000013 0.000269 -0.070641
19  1.207015 -0.000012 -0.000043  -0.000027 -0.000006 0.094823
20  5.740636 0.000387 -0.000699  -0.007414 0.000003 0.000063
21  11.480850 0.000052 -0.000872  0.063111 -0.068080 0.119258
22  6.027524 -0.000329 0.000200  2.116096 -0.351819 1.838184
23  0.000000 11.692101 -0.000006  -1.128184 -0.571403 -0.869288
24  0.000004 0.000008 -0.000001  0.431120 -0.000030 1.570739
25  -0.000000 -0.000011 0.000001  0.868960 0.000002 1.570712
26  -6.212011 -10.642979 0.826812  1.473120 1.855075 -0.198639
27  6.027511 -0.000260 -0.000220  1.458881 0.842304 -0.557554
28  11.691992 0.000159 0.000858  0.346035 0.000043 -1.430818
29  11.479592 -0.000360 0.001001  -1.236376 0.699631 0.272080
30  3.859438 -0.132759 1.193066  0.469647 -0.013262 -1.872395
31  1.312559 0.000024 -0.000001  0.024060 -0.138696 -0.550187
32  0.729345 0.000065 -0.000026  -0.166197 -0.081570 -0.714272
33  3.942048 0.050139 0.431001  0.225309 -0.086237 -1.592712
34  1.539097 0.000006 -0.000001  0.035254 -0.050373 -0.994350
35  1.196300 0.000077 -0.000004  -0.021521 0.002175 -0.839738
36  3.883414 -0.050472 -0.431083  0.184824 -0.271737 -1.204030
37  1.719563 -0.000084 -0.000005  0.022859 -0.107186 -1.509108
38  1.209198 0.000036 0.000011  0.000661 0.071072 -0.480462
39  3.859589 -0.149082 -1.331319  -0.080472 0.327601 -0.061665
40  1.719413 -0.000098 -0.000036  0.097557 0.060679 -0.377229
41  1.099673 0.000024 0.000006  -0.014718 0.004685 0.056983
42  0.805984 -0.359848 -1.318337  0.991670 0.166767 -0.799527
43  1.789779 -0.000008 -0.000042  0.000058 -0.002451 0.133097
44  1.206997 -0.000007 0.000006  0.000372 -0.000071 1.058780
45  5.740572 0.000080 0.000721  0.089297 -0.000014 0.000028
46  11.480862 0.000002 0.000946  0.043308 0.125210 0.019062
47  6.027515 -0.000273 -0.000229  -1.021081 -0.505178 -1.459922
48  -0.000001 11.691976 -0.000008  -0.988263 0.438140 0.783788
49  0.000003 -0.000000 0.000000  2.618569 -0.000036 1.570860
50  -0.000007 -0.000013 0.000004  2.272645 -0.000036 1.570861
51  -3.816032 -5.735913 -8.355626  0.013581 -2.739626 1.372159
52  -0.000000 0.000000 -0.000000  0.008153 -0.000259 0.000009
53  0.000001 -0.000000 0.000001  1.565115 0.043565 -0.106862
54  4.974888 -7.287395 -6.514204  0.793184 -0.391041 -1.657209
55  -0.000000 0.000000 -0.000000  0.000000 -0.000001 -0.000002
56  0.000030 0.000029 0.000001  -1.571901 -0.044449 -0.106509
57  21.143364 0.878510 -17.982052  1.570796 -0.000000 0.000000
58  -16.319784 5.039393 -18.063972  1.570796 -0.000000 0.000000
59  1.239137 8.023361 -7.028192  1.570796 -0.000000 0.000000
60  -0.004311 0.001230 -0.000372  0.006898 -0.005534 -0.284229
61  0.826810 11.578514 -4.219014  1.570796 -0.000000 0.000000
62  0.000000 0.000000 0.000000  -0.078727 -3.136056 0.284226
63  0.000000 0.000000 0.000000  1.570544 -0.019221 0.001540
64  -3.140864 -8.471002 -2.223679  1.310511 -0.019858 0.027141
65  0.042352 -2.889250 0.627699  0.000000 -0.000000 0.000000
66  0.042352 -0.907088 1.190368  0.000000 -0.000000 0.000000
67  -1.331044 -1.025122 4.361371  0.000000 -0.000000 0.000000
68  0.042353 -0.884531 23.199602  0.000000 -0.000000 0.000000
69  0.042255 0.181227 5.671383  1.436895 0.000000 -0.000000
70  0.000096 0.089185 -9.714658  -0.000000 -0.000000 -0.000000
71  0.042352 -0.569288 7.155122  0.000000 -0.000000 0.000000
72  -0.682762 -1.501893 3.214537  0.000000 -0.000000 0.000000
73  0.074278 -0.628099 4.762587  0.000000 -0.000000 0.000000
74  0.082565 -13.512796 -4.878647  1.254199 -0.260685 0.579426
75  4.049501 1.378399 -1.210394  3.073285 -0.027392 0.092095
76  2.923889 1.668562 -1.111006  0.000000 -0.000000 -1.047197
77  2.470070 0.711695 -1.382188  0.006834 0.027937 -0.187322
78  0.000000 -0.000001 0.000001  0.033410 0.795659 0.620785
79  0.000001 0.440764 0.000000  0.607276 -0.533456 -0.928169
80  -0.000000 0.430557 0.000002  -0.015106 0.107344 -0.107681
81  0.000001 0.438248 -0.000000  -0.022686 -0.045445 0.228319
82  0.000001 0.433550 -0.000000  -0.024805 0.126948 0.216516
83  -0.000001 0.454267 -0.000001  0.190287 0.295776 -1.451702
84  -0.000000 0.438145 0.000000  -0.064075 0.185417 0.097215
85  -0.000000 0.444416 0.000001  0.966932 0.861180 -0.041860
86  -0.000001 0.422927 -0.000001  0.250637 0.201500 0.053271
87  -0.000000 0.426508 -0.000000  -0.757228 -3.049000 0.178757
88  -0.000001 0.432946 0.000000  -0.817319 -1.977364 0.950212
time 98
0  0.000006 0.000000 0.000000  -1.570800 -1.391899 -1.570792
1  -8.342592 -6.645271 1.234828  -1.544956 -1.855077 -0.198630
2  6.027518 -0.000328 0.000191  -1.614178 -0.949961 -0.286933
3  11.692109 0.000645 -0.000738  -0.477267 -0.000031 -1.609173
4  11.479620 -0.000370 -0.001018  1.785757 -0.509709 0.478452
5  3.859503 -0.142823 -1.192079  -0.473984 0.187478 -0.892472
6  1.312588 0.000009 0.000007  -0.001008 0.004099 -0.195910
7  0.729355 0.000052 0.000049  -0.000728 -0.000265 -0.164727
8  3.942140 0.046331 -0.431542  -0.136308 0.099594 -0.632505
9  1.539112 0.000083 0.000004  -0.000038 0.000241 -0.567516
10  1.196332 0.000145 0.000028  -0.000009 0.000015 -0.142075
11  3.883510 -0.047212 0.431351  0.088831 0.001908 -0.353758
12  1.719573 -0.000028 0.000016  -0.002950 0.005010 -0.925463
13  1.209179 0.000090 0.000012  0.000847 0.002961 0.073008
14  4.085234 -0.082653 1.151009  0.263916 -0.245108 0.069906
15  1.719449 -0.000018 0.000029  -0.003653 -0.001877 -1.408336
16  1.099675 0.000049 0.000005  0.001194 0.002498 0.016953
17  0.806011 -0.349038 1.321248  -0.850856 -0.576374 -0.854885
18  1.789820 -0.000005 -0.000017  -0.000013 0.000269 -0.070641
19  1.207016 -0.000013 -0.000043  -0.000027 -0.000006 0.094823
20  5.740636 0.000389 -0.000700  0.002937 0.000003 0.000063
21  11.480933 0.000102 -0.000856  0.061720 -0.070530 0.095083
22  6.027524 -0.000329 0.000200  2.085598 -0.364003 1.845481
23  0.000001 11.692101 -0.000006  -1.093809 -0.537491 -0.849537
24  0.000004 0.000009 -0.000001  0.391836 -0.000031 1.570739
25  0.000000 -0.000011 0.000001  0.868960 0.000002 1.570712
26  -6.212011 -10.642979 0.826812  1.473120 1.855075 -0.198639
27  6.027511 -0.000260 -0.000220  1.461247 0.834496 -0.555612
28  11.691991 0.000161 0.000858  0.346035 0.000043 -1.430128
29  11.479599 -0.000361 0.001001  -1.272349 0.706018 0.229272
30  3.859437 -0.132758 1.193066  0.469647 -0.013262 -1.872395
31  1.312559 0.000026 -0.000001  0.024060 -0.138696 -0.550187
32  0.729345 0.000065 -0.000027  -0.166197 -0.081570 -0.714272
33  3.942046 0.050139 0.431001  0.225309 -0.086237 -1.592712
34  1.539097 0.000006 -0.000001  0.035254 -0.050373 -0.994350
35  1.196300 0.000077 -0.000004  -0.021521 0.002175 -0.839738
36  3.883414 -0.050472 -0.431083  0.184824 -0.271737 -1.204030
37  1.719563 -0.000086 -0.000004  0.022858 -0.107186 -1.509108
38  1.209198 0.000036 0.000011  0.000661 0.071072 -0.480462
39  3.859589 -0.149082 -1.331321  -0.080472 0.327601 -0.061665
40  1.719413 -0.000098 -0.000036  0.097557 0.060679 -0.377229
41  1.099674 0.000024 0.000006  -0.014718 0.004686 0.056982
42  0.805983 -0.359847 -1.318338  0.991670 0.166767 -0.799527
43  1.789780 -0.000008 -0.000042  0.000058 -0.002451 0.133097
44  1.206997 -0.000007 0.000005  0.000372 -0.000071 1.058780
45  5.740573 0.000078 0.000721  0.083582 -0.000013 0.000028
46  11.480865 0.000002 0.000945  0.038704 0.124982 0.013230
47  6.027515 -0.000273 -0.000229  -1.012938 -0.508756 -1.463693
48  -0.000001 11.691975 -0.000007  -0.987850 0.437768 0.783517
49  0.000003 0.000001 -0.000001  2.618569 -0.000036 1.570860
50  -0.000007 -0.000013 0.000005  2.272645 -0.000036 1.570861
51  -3.931739 -5.735847 -8.443357  0.001618 -2.711479 1.370064
52  0.000000 0.000000 0.000000  0.008153 -0.000259 0.000009
53  -0.000000 0.000000 0.000001  1.565115 0.043565 -0.106862
54  4.838247 -7.821633 -6.879153  0.731321 -0.417573 -1.703645
55  0.000000 -0.000000 -0.000001  0.000000 -0.000001 -0.000002
56  0.000030 0.000029 -0.000000  -1.571902 -0.044449 -0.106509
57  21.166557 0.871910 -18.304321  1.570796 -0.000000 0.000000
58  -16.319784 5.039393 -18.063972  1.570796 -0.000000 0.000000
59  1.239137 8.023361 -7.028192  1.570796 -0.000000 0.000000
60  -0.004311 0.001230 -0.000372  0.006898 -0.005534 -0.284229
61  0.826810 11.578514 -4.219014  1.570796 -0.000000 0.000000
62  0.000000 0.000000 0.000000  -0.078727 -3.136056 0.284226
63  0.000000 0.000000 0.000000  1.570328 -0.016714 0.001146
64  -3.174535 -8.319323 -2.255495  1.285488 -0.002949 0.020497
65  0.042352 -2.889250 0.627700  0.000000 -0.000000 -0.000000
66  0.042351 -0.907088 1.190369  0.000000 -0.000000 -0.000000
67  -1.331044 -1.025122 4.361372  0.000000 -0.000000 -0.000000
68  0.042353 -0.884531 23.199604  0.000000 -0.000000 -0.000000
69  0.042255 0.181227 5.671382  1.430888 0.000000 -0.000000
70  0.000096 0.089182 -9.714657  -0.000000 0.000000 0.000000
71  0.042352 -0.569289 7.155122  0.000000 -0.000000 -0.000000
72  -0.682763 -1.501894 3.214539  0.000000 -0.000000 -0.000000
73  0.074278 -0.628099 4.762586  0.000000 -0.000000 -0.000000
74  -0.371058 -13.652162 -4.821587  1.267994 -0.199383 0.505499
75  4.027430 1.291868 -1.239103  3.073285 -0.027392 0.092095
76  2.923889 1.668561 -1.111007  -0.000000 -0.000000 -1.047198
77  2.470070 0.711693 -1.382190  0.005419 0.027728 -0.182959
78  0.000000 -0.000000 0.000000  0.031990 0.796727 0.624178
79  0.000003 0.440764 0.000000  0.610068 -0.528020 -0.934335
80  0.000001 0.430558 -0.000000  -0.014489 0.108798 -0.117555
81  -0.000000 0.438247 -0.000002  -0.019454 -0.044463 0.217524
82  0.000001 0.433549 -0.000000  -0.020453 0.127745 0.202360
83  -0.000000 0.454268 0.000001  0.188912 0.304621 -1.472569
84  0.000000 0.438145 0.000000  -0.061405 0.189533 0.088437
85  0.000001 0.444415 -0.000001  0.968400 0.865768 -0.037581
86  -0.000002 0.422926 0.000000  0.237731 0.207054 0.054625
87  -0.000001 0.426508 0.000000  -0.734138 -3.040123 0.181468
88  0.000001 0.432947 0.000000  -0.868684 -1.996798 0.995048
time 99
0  0.000006 0.000000 0.000000  -1.570800 -1.391899 -1.570792
1  -8.342592 -6.645271 1.234828  -1.544956 -1.855077 -0.198630
2  6.027518 -0.000328 0.000191  -1.568287 -0.968734 -0.322126
3  11.692109 0.000642 -0.000739  -0.500631 -0.000027 -1.537195
4  11.480163 -0.000063 -0.000870  1.775509 -0.480529 0.340304
5  3.859504 -0.142823 -1.192078  -0.473984 0.187478 -0.892472
6  1.312590 0.000009 0.000008  -0.001008 0.004099 -0.195910
7  0.729355 0.000055 0.000049  -0.000728 -0.000265 -0.164727
8  3.942141 0.046331 -0.431543  -0.136308 0.099594 -0.632505
9  1.539111 0.000084 0.000005  -0.000038 0.000241 -0.567516
10  1.196333 0.000147 0.000028  -0.000009 0.000015 -0.142075
11  3.883511 -0.047212 0.431351  0.088831 0.001908 -0.353758
12  1.719574 -0.000029 0.000017  -0.002950 0.005009 -0.925463
13  1.209179 0.000090 0.000011  0.000847 0.002961 0.073008
14  4.085234 -0.082652 1.151009  0.263916 -0.245108 0.069906
15  1.719449 -0.000019 0.000028  -0.003653 -0.001877 -1.408336
16  1.099675 0.000049 0.000005  0.001193 0.002498 0.016953
17  0.806012 -0.349038 1.321247  -0.850856 -0.576374 -0.854885
18  1.789820 -0.000004 -0.000016  -0.000013 0.000269 -0.070641
19  1.207015 -0.000013 -0.000043  -0.000027 -0.000006 0.094823
20  5.740635 0.000389 -0.000699  0.009603 0.000003 0.000063
21  11.481041 0.000162 -0.000826  0.054746 -0.067732 0.067153
22  6.027524 -0.000329 0.000200  2.053199 -0.375563 1.859579
23  0.000001 11.692101 -0.000007  -1.051455 -0.496675 -0.824001
24  0.000002 0.000008 -0.000000  0.368470 -0.000030 1.570739
25  0.000000 -0.000011 -0.000000  0.868960 0.000002 1.570712
26  -6.212011 -10.642979 0.826812  1.473120 1.855075 -0.198639
27  6.027511 -0.000260 -0.000220  1.462913 0.825219 -0.553859
28  11.691994 0.000160 0.000857  0.346035 0.000043 -1.429380
29  11.479601 -0.000358 0.001001  -1.312409 0.708451 0.187121
30  3.859437 -0.132758 1.193064  0.469647 -0.013262 -1.872395
31  1.312558 0.000026 -0.000002  0.024060 -0.138696 -0.550187
32  0.729346 0.000065 -0.000028  -0.166197 -0.081570 -0.714272
33  3.942047 0.050139 0.430998  0.225309 -0.086237 -1.592712
34  1.539096 0.000005 0.000000  0.035254 -0.050373 -0.994350
35  1.196302 0.000077 -0.000003  -0.021521 0.002175 -0.839738
36  3.883414 -0.050472 -0.431086  0.184824 -0.271737 -1.204030
37  1.719564 -0.000085 -0.000005  0.022858 -0.107186 -1.509108
38  1.209197 0.000036 0.000011  0.000661 0.071072 -0.480462
39  3.859588 -0.149082 -1.331322  -0.080472 0.327601 -0.061665
40  1.719412 -0.000098 -0.000036  0.097557 0.060679 -0.377229
41  1.099674 0.000023 0.000007  -0.014718 0.004685 0.056982
42  0.805984 -0.359848 -1.318339  0.991670 0.166767 -0.799527
43  1.789780 -0.000008 -0.000042  0.000058 -0.002451 0.133098
44  1.206996 -0.000007 0.000005  0.000372 -0.000071 1.058780
45  5.740573 0.000078 0.000720  0.076886 -0.000014 0.000028
46  11.480864 0.000002 0.000945  0.033479 0.124116 0.007944
47  6.027515 -0.000273 -0.000229  -1.003744 -0.513554 -1.467667
48  0.000000 11.691976 -0.000007  -0.987404 0.437365 0.783224
49  0.000002 0.000001 -0.000000  2.618569 -0.000036 1.570860
50  -0.000006 -0.000013 0.000004  2.272645 -0.000036 1.570861
51  -4.059735 -5.731915 -8.555587  -0.017004 -2.686241 1.370940
52  -0.000000 -0.000000 -0.000001  0.008153 -0.000259 0.000009
53  0.000000 0.000000 -0.000001  1.565115 0.043565 -0.106862
54  4.734564 -8.452330 -7.334836  0.669047 -0.445640 -1.766739
55  -0.000000 0.000000 0.000000  0.000000 -0.000001 -0.000002
56  0.000031 0.000029 0.000001  -1.571902 -0.044449 -0.106509
57  21.180460 0.869666 -18.497467  1.570796 -0.000000 0.000000
58  -16.319784 5.039393 -18.063972  1.570796 -0.000000 0.000000
59  1.239137 8.023361 -7.028192  1.570796 -0.000000 0.000000
60  -0.004311 0.001230 -0.000372  0.006898 -0.005534 -0.284229
61  0.826810 11.578514 -4.219014  1.570796 -0.000000 0.000000
62  0.000000 0.000000 0.000000  -0.078727 -3.136056 0.284226
63  0.000000 0.000000 0.000000  1.569733 -0.013286 0.000719
64  -3.186915 -8.188454 -2.331365  1.264469 0.018922 0.013225
65  0.042352 -2.889250 0.627700  -0.000000 -0.000000 0.000000
66  0.042352 -0.907087 1.190368  -0.000000 -0.000000 0.000000
67  -1.331044 -1.025121 4.361372  -0.000000 -0.000000 0.000000
68  0.042353 -0.884531 23.199604  -0.000000 -0.000000 0.000000
69  0.042255 0.181228 5.671383  1.430888 0.000000 -0.000000
70  0.000096 0.089184 -9.714656  -0.000000 -0.000000 0.000000
71  0.042353 -0.569288 7.155124  -0.000000 -0.000000 0.000000
72  -0.682762 -1.501893 3.214539  -0.000000 -0.000000 0.000000
73  0.074278 -0.628098 4.762587  -0.000000 -0.000000 0.000000
74  -0.834204 -13.760171 -4.848645  1.278446 -0.137089 0.414593
75  4.010452 1.225307 -1.261185  3.073285 -0.027392 0.092095
76  2.923889 1.668561 -1.111005  0.000000 -0.000000 -1.047198
77  2.470070 0.711693 -1.382188  0.004355 0.027481 -0.180084
78  0.000001 -0.000001 0.000000  0.030934 0.797504 0.626340
79  0.000000 0.440764 0.000000  0.612416 -0.523604 -0.939384
80  0.000000 0.430558 -0.000000  -0.013969 0.109971 -0.125454
81  -0.000000 0.438247 -0.000000  -0.016915 -0.043631 0.209039
82  0.000000 0.433551 -0.000002  -0.017108 0.128461 0.191526
83  -0.000000 0.454267 0.000002  0.187642 0.311275 -1.488285
84  -0.000000 0.438147 -0.000001  -0.059660 0.192669 0.082084
85  -0.000000 0.444414 -0.000001  0.968775 0.869198 -0.034352
86  0.000001 0.422926 0.000001  0.227383 0.211279 0.055500
87  0.000002 0.426509 -0.000000  -0.716303 -3.033326 0.183267
88  0.000001 0.432947 0.000000  -0.904756 -2.012303 1.026217
time 100
0  0.000006 0.000000 0.000000  -1.570800 -1.391899 -1.570792
1  -8.342592 -6.645271 1.234828  -1.544956 -1.855077 -0.198630
2  6.027519 -0.000328 0.000191  -1.523014 -0.991012 -0.352800
3  11.692110 0.000644 -0.000739  -0.508327 -0.000022 -1.458587
4  11.479208 -0.000475 -0.001104  1.743349 -0.437594 0.211464
5  3.859503 -0.142823 -1.192079  -0.473984 0.187478 -0.892472
6  1.312590 0.000010 0.000008  -0.001008 0.004099 -0.195910
7  0.729356 0.000052 0.000049  -0.000728 -0.000265 -0.164727
8  3.942141 0.046331 -0.431543  -0.136308 0.099594 -0.632505
9  1.539110 0.000083 0.000004  -0.000038 0.000241 -0.567516
10  1.196333 0.000146 0.000030  -0.000009 0.000015 -0.142075
11  3.883510 -0.047212 0.431351  0.088831 0.001908 -0.353758
12  1.719573 -0.000028 0.000015  -0.002950 0.005009 -0.925463
13  1.209179 0.000090 0.000012  0.000847 0.002961 0.073008
14  4.085234 -0.082653 1.151008  0.263916 -0.245108 0.069906
15  1.719449 -0.000019 0.000028  -0.003653 -0.001877 -1.408336
16  1.099676 0.000048 0.000007  0.001194 0.002498 0.016953
17  0.806011 -0.349038 1.321247  -0.850856 -0.576374 -0.854885
18  1.789819 -0.000004 -0.000017  -0.000013 0.000269 -0.070641
19  1.207015 -0.000014 -0.000044  -0.000027 -0.000007 0.094823
20  5.740636 0.000388 -0.000700  0.011540 0.000003 0.000064
21  11.480850 0.000079 -0.000874  0.044164 -0.062132 0.039753
22  6.027524 -0.000329 0.000200  2.017784 -0.382617 1.879614
23  0.000002 11.692101 -0.000007  -1.004885 -0.453222 -0.794542
24  0.000003 0.000009 0.000000  0.360771 -0.000030 1.570739
25  0.000001 -0.000012 0.000000  0.868960 0.000002 1.570712
26  -6.212011 -10.642979 0.826812  1.473120 1.855075 -0.198639
27  6.027511 -0.000260 -0.000220  1.463898 0.816564 -0.552496
28  11.691992 0.000161 0.000858  0.346035 0.000043 -1.428538
29  11.479606 -0.000356 0.000999  -1.349333 0.707673 0.150784
30  3.859438 -0.132758 1.193066  0.469647 -0.013262 -1.872395
31  1.312559 0.000027 -0.000002  0.024060 -0.138696 -0.550187
32  0.729345 0.000065 -0.000028  -0.166197 -0.081570 -0.714272
33  3.942047 0.050139 0.431000  0.225309 -0.086237 -1.592712
34  1.539097 0.000005 -0.000001  0.035254 -0.050373 -0.994350
35  1.196300 0.000078 -0.000004  -0.021521 0.002175 -0.839738
36  3.883414 -0.050472 -0.431084  0.184824 -0.271737 -1.204030
37  1.719564 -0.000085 -0.000005  0.022859 -0.107186 -1.509108
38  1.209198 0.000034 0.000011  0.000661 0.071072 -0.480462
39  3.859588 -0.149082 -1.331321  -0.080472 0.327601 -0.061665
40  1.719413 -0.000098 -0.000036  0.097557 0.060679 -0.377229
41  1.099673 0.000023 0.000007  -0.014718 0.004686 0.056983
42  0.805983 -0.359847 -1.318338  0.991670 0.166767 -0.799527
43  1.789779 -0.000008 -0.000043  0.000058 -0.002451 0.133097
44  1.206997 -0.000006 0.000005  0.000372 -0.000071 1.058780
45  5.740573 0.000080 0.000721  0.070530 -0.000013 0.000028
46  11.480865 0.000002 0.000945  0.028613 0.122935 0.003618
47  6.027515 -0.000273 -0.000229  -0.995381 -0.518290 -1.471151
48  -0.000002 11.691977 -0.000007  -0.986901 0.436911 0.782893
49  0.000003 -0.000000 -0.000001  2.618569 -0.000036 1.570860
50  -0.000006 -0.000014 0.000005  2.272645 -0.000036 1.570861
51  -4.175630 -5.726867 -8.665403  -0.037187 -2.665884 1.374197
52  -0.000000 0.000000 -0.000000  0.008153 -0.000259 0.000009
53  -0.000000 0.000000 0.000000  1.565115 0.043565 -0.106862
54  4.624386 -9.095487 -7.802263  0.613621 -0.474406 -1.832925
55  0.000000 0.000000 -0.000001  0.000000 -0.000001 -0.000002
56  0.000030 0.000030 0.000001  -1.571902 -0.044449 -0.106509
57  21.185059 0.869369 -18.561352  1.570796 -0.000000 0.000000
58  -16.319784 5.039393 -18.063972  1.570796 -0.000000 0.000000
59  1.239137 8.023361 -7.028192  1.570796 -0.000000 0.000000
60  -0.004311 0.001230 -0.000372  0.006898 -0.005534 -0.284229
61  0.826810 11.578514 -4.219014  1.570796 -0.000000 0.000000
62  0.000000 0.000000 0.000000  -0.078727 -3.136056 0.284226
63  0.000000 0.000000 0.000000  1.568853 -0.009551 0.000291
64  -3.181557 -8.086542 -2.421919  1.248275 0.040778 0.006939
65  0.042352 -2.889251 0.627699  0.000000 -0.000000 -0.000000
66  0.042352 -0.907088 1.190369  0.000000 -0.000000 -0.000000
67  -1.331044 -1.025122 4.361372  0.000000 -0.000000 -0.000000
68  0.042353 -0.884531 23.199606  0.000000 -0.000000 -0.000000
69  0.042256 0.181227 5.671382  1.430888 0.000000 -0.000000
70  0.000096 0.089185 -9.714657  0.000000 0.000000 -0.000000
71  0.042352 -0.569289 7.155122  0.000000 -0.000000 -0.000000
72  -0.682762 -1.501894 3.214538  0.000000 -0.000000 -0.000000
73  0.074279 -0.628099 4.762587  0.000000 -0.000000 -0.000000
74  -1.253376 -13.838302 -4.917282  1.282664 -0.079852 0.323336
75  4.003660 1.198684 -1.270020  3.073285 -0.027392 0.092095
76  2.923889 1.668561 -1.111007  0.000000 -0.000000 -1.047198
77  2.470069 0.711694 -1.382189  0.003926 0.027358 -0.179058
78  -0.000000 0.000001 0.000000  0.030507 0.797807 0.627079
79  -0.000001 0.440764 -0.000000  0.613389 -0.521790 -0.941467
80  -0.000001 0.430557 0.000002  -0.013755 0.110449 -0.128689
81  -0.000001 0.438247 0.000002  -0.015893 -0.043283 0.205594
82  0.000000 0.433550 0.000000  -0.015780 0.128769 0.187219
83  -0.000000 0.454267 -0.000000  0.187088 0.313876 -1.494419
84  -0.000000 0.438146 -0.000001  -0.059058 0.193906 0.079697
85  -0.000000 0.444414 -0.000001  0.968660 0.870534 -0.033082
86  -0.000001 0.422927 0.000001  0.223145 0.212948 0.055797
87  0.000003 0.426508 -0.000000  -0.709237 -3.030639 0.183912
88  -0.000001 0.432948 -0.000000  -0.918225 -2.018513 1.037761
time 101
0  0.000006 0.000000 0.000000  -1.570800 -1.391899 -1.570792
1  -8.341671 -6.640173 1.234828  -1.544956 -1.855077 -0.198630
2  6.027518 -0.000327 0.000191  -1.482498 -1.013074 -0.379390
3  11.692108 0.000643 -0.000740  -0.508323 -0.000018 -1.388910
4  11.479928 -0.000109 -0.000901  1.705418 -0.400103 0.108334
5  3.859504 -0.142823 -1.192080  -0.473984 0.187478 -0.892472
6  1.312590 0.000008 0.000008  -0.001008 0.004099 -0.195910
7  0.729355 0.000054 0.000049  -0.000728 -0.000265 -0.164727
8  3.942141 0.046331 -0.431543  -0.136308 0.099594 -0.632505
9  1.539109 0.000083 0.000004  -0.000038 0.000241 -0.567516
10  1.196333 0.000146 0.000028  -0.000009 0.000015 -0.142075
11  3.883510 -0.047212 0.431350  0.088831 0.001908 -0.353758
12  1.719572 -0.000029 0.000016  -0.002950 0.005010 -0.925463
13  1.209179 0.000091 0.000012  0.000847 0.002961 0.073008
14  4.085235 -0.082653 1.151008  0.263916 -0.245108 0.069906
15  1.719448 -0.000019 0.000029  -0.003653 -0.001877 -1.408336
16  1.099676 0.000049 0.000007  0.001194 0.002498 0.016953
17  0.806011 -0.349038 1.321247  -0.850856 -0.576374 -0.854885
18  1.789820 -0.000003 -0.000017  -0.000013 0.000269 -0.070641
19  1.207015 -0.000014 -0.000044  -0.000027 -0.000006 0.094823
20  5.740636 0.000388 -0.000700  0.010422 0.000003 0.000063
21  11.480995 0.000152 -0.000833  0.033839 -0.056644 0.017262
22  6.027524 -0.000329 0.000201  1.984469 -0.385562 1.899649
23  0.000000 11.692100 -0.000009  -0.963221 -0.415766 -0.767092
24  0.000004 0.000009 -0.000001  0.360771 -0.000031 1.570738
25  0.000000 -0.000011 -0.000001  0.868960 0.000002 1.570712
26  -6.212011 -10.642979 0.826812  1.473120 1.855075 -0.198639
27  6.027511 -0.000260 -0.000220  1.464415 0.809721 -0.551541
28  11.691992 0.000160 0.000859  0.346035 0.000043 -1.428710
29  11.479604 -0.000355 0.001000  -1.376173 0.705240 0.125639
30  3.859437 -0.132759 1.193066  0.469647 -0.013262 -1.872395
31  1.312558 0.000026 -0.000002  0.024060 -0.138696 -0.550187
32  0.729346 0.000064 -0.000027  -0.166197 -0.081570 -0.714272
33  3.942048 0.050139 0.431001  0.225309 -0.086237 -1.592712
34  1.539097 0.000006 -0.000001  0.035254 -0.050373 -0.994350
35  1.196300 0.000078 -0.000004  -0.021521 0.002175 -0.839738
36  3.883414 -0.050472 -0.431083  0.184824 -0.271737 -1.204030
37  1.719563 -0.000085 -0.000005  0.022859 -0.107186 -1.509108
38  1.209197 0.000034 0.000010  0.000661 0.071072 -0.480462
39  3.859589 -0.149081 -1.331320  -0.080471 0.327601 -0.061665
40  1.719413 -0.000098 -0.000036  0.097557 0.060679 -0.377229
41  1.099673 0.000023 0.000008  -0.014718 0.004685 0.056983
42  0.805983 -0.359847 -1.318337  0.991670 0.166767 -0.799527
43  1.789780 -0.000009 -0.000043  0.000058 -0.002451 0.133097
44  1.206997 -0.000007 0.000006  0.000372 -0.000071 1.058780
45  5.740573 0.000080 0.000720  0.065819 -0.000014 0.000028
46  11.480865 0.000003 0.000945  0.025038 0.121821 0.000738
47  6.027515 -0.000273 -0.000229  -0.988856 -0.522151 -1.473814
48  -0.000003 11.691975 -0.000008  -0.987003 0.437004 0.782961
49  0.000002 0.000000 -0.000001  2.618569 -0.000036 1.570860
50  -0.000008 -0.000014 0.000004  2.272645 -0.000036 1.570861
51  -4.260311 -5.715765 -8.748150  -0.053555 -2.652329 1.378452
52  -0.000001 -0.000000 -0.000001  0.008153 -0.000259 0.000009
53  0.000000 0.000000 0.000001  1.565115 0.043565 -0.106862
54  4.502234 -9.633756 -8.203239  0.570456 -0.499750 -1.888494
55  0.000001 0.000001 -0.000001  0.000000 -0.000001 -0.000002
56  0.000031 0.000030 0.000001  -1.571901 -0.044449 -0.106509
57  21.185059 0.869369 -18.561352  1.570796 -0.000000 0.000000
58  -16.319784 5.039393 -18.063972  1.570796 -0.000000 0.000000
59  1.239137 8.018181 -7.028192  1.570796 -0.000000 0.000000
60  -0.004311 0.001230 -0.000372  0.006898 -0.005534 -0.284229
61  0.826810 11.578514 -4.219014  1.570796 -0.000000 0.000000
62  0.000000 0.000000 0.000000  -0.078727 -3.136056 0.284226
63  0.000000 0.000000 0.000000  1.567781 -0.006124 -0.000105
64  -3.168782 -8.013349 -2.497788  1.237851 0.057675 0.003086
65  0.042352 -2.889251 0.627699  0.000000 0.000000 -0.000000
66  0.042352 -0.907088 1.190368  0.000000 0.000000 -0.000000
67  -1.331044 -1.025122 4.361372  0.000000 0.000000 -0.000000
68  0.042353 -0.884530 23.199602  0.000000 0.000000 -0.000000
69  0.042255 0.181227 5.671382  1.430888 0.000000 -0.000000
70  0.000096 0.089185 -9.714657  0.000000 -0.000000 0.000000
71  0.042352 -0.569289 7.155123  0.000000 0.000000 -0.000000
72  -0.682762 -1.501893 3.214537  0.000000 0.000000 -0.000000
73  0.074278 -0.628099 4.762587  0.000000 0.000000 -0.000000
74  -1.582826 -13.882318 -4.995861  1.282160 -0.034061 0.247588
75  4.004092 1.211079 -1.269245  3.073285 -0.027392 0.092095
76  2.923888 1.668560 -1.111006  0.000000 -0.000000 -1.047198
77  2.470069 0.711691 -1.382189  0.000884 0.025923 -0.168605
78  -0.000000 -0.000000 -0.000001  0.025629 0.799385 0.634074
79  0.000002 0.440764 0.000000  0.606901 -0.525928 -0.934946
80  0.000000 0.430557 0.000000  -0.016899 0.113634 -0.151532
81  -0.000000 0.438246 -0.000001  -0.018915 -0.043937 0.208243
82  -0.000000 0.433550 0.000002  -0.018421 0.127948 0.184576
83  0.000001 0.454267 -0.000001  0.188779 0.312358 -1.502417
84  0.000000 0.438146 0.000002  -0.059390 0.185573 0.092270
85  -0.000001 0.444415 0.000002  0.962317 0.868453 -0.037068
86  -0.000001 0.422926 0.000001  0.213128 0.211423 0.049797
87  0.000002 0.426509 0.000000  -0.696730 -3.026594 0.171783
88  0.000002 0.432947 -0.000000  -0.868085 -1.982384 1.000513
time 102
0  0.000006 0.000000 0.000000  -1.570800 -1.391899 -1.570792
1  -8.338993 -6.625368 1.234828  -1.544956 -1.855077 -0.198630
2  6.027519 -0.000326 0.000191  -1.454486 -1.026334 -0.398569
3  11.692110 0.000643 -0.000739  -0.508322 -0.000016 -1.348610
4  11.480179 0.000011 -0.000834  1.680064 -0.379966 0.048270
5  3.859503 -0.142823 -1.192080  -0.473984 0.187478 -0.892472
6  1.312590 0.000011 0.000008  -0.001008 0.004099 -0.195910
7  0.729355 0.000054 0.000049  -0.000728 -0.000265 -0.164727
8  3.942140 0.046331 -0.431543  -0.136308 0.099594 -0.632505
9  1.539109 0.000083 0.000003  -0.000038 0.000241 -0.567516
10  1.196333 0.000146 0.000027  -0.000009 0.000015 -0.142075
11  3.883510 -0.047212 0.431350  0.088831 0.001908 -0.353758
12  1.719573 -0.000028 0.000018  -0.002950 0.005010 -0.925463
13  1.209179 0.000088 0.000013  0.000847 0.002961 0.073008
14  4.085233 -0.082653 1.151008  0.263916 -0.245108 0.069906
15  1.719449 -0.000018 0.000028  -0.003653 -0.001877 -1.408336
16  1.099675 0.000049 0.000005  0.001194 0.002498 0.016953
17  0.806010 -0.349038 1.321246  -0.850856 -0.576374 -0.854885
18  1.789820 -0.000004 -0.000017  -0.000013 0.000269 -0.070641
19  1.207015 -0.000013 -0.000044  -0.000027 -0.000006 0.094823
20  5.740636 0.000390 -0.000698  0.008786 0.000003 0.000064
21  11.481045 0.000178 -0.000819  0.027432 -0.053508 0.004084
22  6.027525 -0.000329 0.000201  1.963254 -0.387764 1.912336
23  -0.000000 11.692101 -0.000008  -0.938922 -0.394588 -0.750650
24  0.000002 0.000009 -0.000000  0.360771 -0.000031 1.570738
25  -0.000000 -0.000012 0.000000  0.868960 0.000002 1.570712
26  -6.212011 -10.642979 0.826812  1.473120 1.855075 -0.198639
27  6.027511 -0.000260 -0.000221  1.463913 0.805617 -0.551316
28  11.691992 0.000160 0.000857  0.346035 0.000043 -1.432097
29  11.479544 -0.000393 0.001013  -1.386558 0.705121 0.117797
30  3.859437 -0.132759 1.193065  0.469647 -0.013262 -1.872395
31  1.312559 0.000027 -0.000002  0.024060 -0.138696 -0.550187
32  0.729346 0.000065 -0.000027  -0.166197 -0.081570 -0.714272
33  3.942046 0.050138 0.431000  0.225309 -0.086237 -1.592712
34  1.539097 0.000006 -0.000001  0.035254 -0.050373 -0.994350
35  1.196300 0.000077 -0.000003  -0.021521 0.002175 -0.839738
36  3.883413 -0.050473 -0.431085  0.184824 -0.271737 -1.204030
37  1.719563 -0.000085 -0.000005  0.022859 -0.107186 -1.509108
38  1.209197 0.000035 0.000010  0.000661 0.071072 -0.480462
39  3.859588 -0.149083 -1.331321  -0.080472 0.327601 -0.061665
40  1.719413 -0.000099 -0.000035  0.097557 0.060679 -0.377229
41  1.099674 0.000024 0.000006  -0.014718 0.004686 0.056982
42  0.805983 -0.359848 -1.318338  0.991670 0.166767 -0.799527
43  1.789780 -0.000009 -0.000042  0.000058 -0.002451 0.133098
44  1.206996 -0.000007 0.000006  0.000372 -0.000071 1.058780
45  5.740573 0.000078 0.000721  0.064064 -0.000014 0.000028
46  11.480854 -0.000005 0.000947  0.023537 0.121592 -0.000036
47  6.027515 -0.000273 -0.000229  -0.985320 -0.524904 -1.474994
48  -0.000002 11.691975 -0.000008  -0.989026 0.438829 0.784290
49  0.000003 0.000000 -0.000001  2.618569 -0.000036 1.570860
50  -0.000008 -0.000013 0.000005  2.272645 -0.000036 1.570861
51  -4.284633 -5.685140 -8.780912  -0.060285 -2.647411 1.380455
52  -0.000001 0.000000 -0.000000  0.008153 -0.000259 0.000009
53  -0.000000 -0.000001 -0.000000  1.565115 0.043565 -0.106862
54  4.403852 -9.938790 -8.462584  0.543577 -0.515320 -1.921286
55  -0.000000 0.000000 -0.000001  0.000000 -0.000001 -0.000002
56  0.000030 0.000029 0.000001  -1.571901 -0.044449 -0.106509
57  21.185059 0.869369 -18.561352  1.570796 -0.000000 0.000000
58  -16.319784 5.039393 -18.063972  1.570796 -0.000000 0.000000
59  1.239137 8.003136 -7.028192  1.570796 -0.000000 0.000000
60  -0.004311 0.001230 -0.000372  0.006898 -0.005534 -0.284229
61  0.826810 11.578514 -4.219014  1.570796 -0.000000 0.000000
62  0.000000 0.000000 0.000000  -0.078727 -3.136056 0.284226
63  0.000000 0.000000 0.000000  1.566613 -0.003617 -0.000432
64  -3.153534 -7.960904 -2.529605  1.234160 0.064444 0.001686
65  0.042352 -2.889250 0.627700  -0.000000 -0.000000 0.000000
66  0.042352 -0.907087 1.190367  -0.000000 -0.000000 0.000000
67  -1.331044 -1.025122 4.361372  -0.000000 -0.000000 0.000000
68  0.042353 -0.884531 23.199604  -0.000000 -0.000000 0.000000
69  0.042255 0.181228 5.671382  1.430888 0.000000 0.000000
70  0.000096 0.089184 -9.714657  0.000000 0.000000 0.000000
71  0.042352 -0.569288 7.155121  -0.000000 -0.000000 0.000000
72  -0.682762 -1.501893 3.214537  -0.000000 -0.000000 0.000000
73  0.074278 -0.628099 4.762586  -0.000000 -0.000000 0.000000
74  -1.778824 -13.882864 -5.059010  1.281413 -0.005889 0.201746
75  4.005852 1.241598 -1.266345  3.073285 -0.027392 0.092095
76  2.923889 1.668561 -1.111005  0.000000 -0.000000 -1.047198
77  2.470070 0.711694 -1.382185  -0.004048 0.022833 -0.149139
78  -0.000000 0.000001 0.000002  0.017666 0.801570 0.647949
79  -0.000001 0.440764 0.000000  0.595514 -0.533976 -0.921862
80  -0.000000 0.430557 0.000002  -0.021823 0.119547 -0.193411
81  -0.000000 0.438247 -0.000000  -0.023553 -0.045232 0.213772
82  0.000001 0.433550 -0.000000  -0.022250 0.126416 0.180675
83  0.000000 0.454267 0.000000  0.191373 0.310634 -1.515904
84  0.000000 0.438146 -0.000000  -0.061025 0.171235 0.116065
85  -0.000001 0.444414 -0.000002  0.951027 0.865503 -0.043525
86  -0.000001 0.422926 -0.000001  0.195611 0.209257 0.040362
87  -0.000001 0.426508 -0.000000  -0.674480 -3.019841 0.153192
88  0.000000 0.432946 0.000000  -0.746186 -1.919375 0.897021
time 103
0  0.000006 0.000000 0.000000  -1.570800 -1.391899 -1.570792
1  -8.334682 -6.601525 1.234828  -1.544956 -1.855077 -0.198630
2  6.027518 -0.000327 0.000191  -1.453849 -1.017961 -0.398227
3  11.692108 0.000643 -0.000740  -0.508322 -0.000017 -1.363304
4  11.480084 -0.000034 -0.000856  1.672282 -0.372992 0.056039
5  3.859503 -0.142823 -1.192080  -0.473984 0.187478 -0.892472
6  1.312590 0.000009 0.000008  -0.001008 0.004099 -0.195910
7  0.729354 0.000054 0.000050  -0.000728 -0.000265 -0.164727
8  3.942141 0.046331 -0.431543  -0.136308 0.099594 -0.632505
9  1.539111 0.000084 0.000005  -0.000038 0.000241 -0.567516
10  1.196333 0.000146 0.000027  -0.000009 0.000015 -0.142075
11  3.883511 -0.047212 0.431350  0.088831 0.001908 -0.353758
12  1.719573 -0.000029 0.000018  -0.002950 0.005009 -0.925463
13  1.209179 0.000090 0.000011  0.000847 0.002961 0.073008
14  4.085236 -0.082653 1.151008  0.263916 -0.245108 0.069906
15  1.719448 -0.000019 0.000030  -0.003653 -0.001877 -1.408336
16  1.099674 0.000049 0.000005  0.001193 0.002498 0.016953
17  0.806011 -0.349038 1.321247  -0.850856 -0.576374 -0.854885
18  1.789820 -0.000004 -0.000018  -0.000013 0.000269 -0.070641
19  1.207015 -0.000014 -0.000044  -0.000027 -0.000007 0.094823
20  5.740636 0.000388 -0.000700  0.007593 0.000003 0.000063
21  11.481027 0.000168 -0.000823  0.026043 -0.052121 0.005239
22  6.027524 -0.000329 0.000201  1.969704 -0.393650 1.910765
23  0.000000 11.692099 -0.000009  -0.947800 -0.402267 -0.756693
24  0.000003 0.000009 -0.000002  0.360771 -0.000031 1.570738
25  -0.000001 -0.000011 0.000000  0.868960 0.000002 1.570712
26  -6.212011 -10.642979 0.826812  1.473120 1.855075 -0.198639
27  6.027511 -0.000260 -0.000221  1.459197 0.805247 -0.553283
28  11.691992 0.000160 0.000858  0.346035 0.000044 -1.444360
29  11.479005 -0.000707 0.001128  -1.362463 0.714599 0.145388
30  3.859437 -0.132759 1.193064  0.469647 -0.013262 -1.872395
31  1.312559 0.000026 -0.000002  0.024060 -0.138696 -0.550187
32  0.729346 0.000065 -0.000027  -0.166197 -0.081570 -0.714272
33  3.942047 0.050139 0.430999  0.225309 -0.086237 -1.592712
34  1.539097 0.000007 -0.000001  0.035254 -0.050373 -0.994350
35  1.196300 0.000078 -0.000004  -0.021521 0.002175 -0.839738
36  3.883414 -0.050473 -0.431085  0.184824 -0.271737 -1.204030
37  1.719563 -0.000085 -0.000005  0.022859 -0.107186 -1.509108
38  1.209197 0.000035 0.000010  0.000661 0.071072 -0.480462
39  3.859589 -0.149082 -1.331321  -0.080472 0.327601 -0.061665
40  1.719413 -0.000098 -0.000035  0.097557 0.060679 -0.377229
41  1.099674 0.000023 0.000007  -0.014718 0.004685 0.056982
42  0.805983 -0.359848 -1.318339  0.991670 0.166767 -0.799527
43  1.789780 -0.000009 -0.000042  0.000058 -0.002451 0.133097
44  1.206996 -0.000007 0.000005  0.000372 -0.000071 1.058780
45  5.740573 0.000079 0.000721  0.068582 -0.000014 0.000028
46  11.480745 -0.000067 0.000971  0.026314 0.124062 0.003360
47  6.027515 -0.000273 -0.000229  -0.987263 -0.527730 -1.472584
48  -0.000000 11.691977 -0.000008  -0.996343 0.445460 0.789076
49  0.000003 0.000000 -0.000001  2.618569 -0.000036 1.570860
50  -0.000006 -0.000013 0.000004  2.272645 -0.000036 1.570861
51  -4.176504 -5.592278 -8.736913  -0.044822 -2.659740 1.374596
52  -0.000001 -0.000000 0.000000  0.008153 -0.000259 0.000009
53  -0.000000 -0.000000 -0.000001  1.565115 0.043565 -0.106862
54  4.423758 -9.858312 -8.493074  0.541434 -0.508217 -1.931446
55  -0.000000 -0.000000 0.000000  0.000000 -0.000001 -0.000002
56  0.000030 0.000029 0.000001  -1.571902 -0.044449 -0.106509
57  21.185059 0.869369 -18.561352  1.570796 -0.000000 0.000000
58  -16.319784 5.039393 -18.063972  1.570796 -0.000000 0.000000
59  1.239137 7.978906 -7.028192  1.570796 -0.000000 0.000000
60  -0.004311 0.001230 -0.000371  0.006898 -0.005534 -0.284229
61  0.826810 11.578514 -4.219014  1.570796 -0.000000 0.000000
62  0.000000 0.000000 0.000000  -0.078727 -3.136056 0.284226
63  0.000000 0.000000 0.000000  1.565445 -0.002646 -0.000653
64  -3.140758 -7.925748 -2.490354  1.243609 0.048647 0.003611
65  0.042352 -2.889251 0.627700  0.000000 -0.000000 -0.000000
66  0.042352 -0.907087 1.190367  0.000000 -0.000000 -0.000000
67  -1.331044 -1.025122 4.361372  0.000000 -0.000000 -0.000000
68  0.042353 -0.884532 23.199604  0.000000 -0.000000 -0.000000
69  0.042255 0.181228 5.671383  1.430888 0.000000 -0.000000
70  0.000096 0.089183 -9.714657  -0.000000 0.000000 -0.000000
71  0.042352 -0.569288 7.155122  0.000000 -0.000000 -0.000000
72  -0.682762 -1.501893 3.214538  0.000000 -0.000000 -0.000000
73  0.074278 -0.628099 4.762586  0.000000 -0.000000 -0.000000
74  -1.805322 -13.757577 -5.122644  1.288442 -0.008021 0.190488
75  4.009636 1.280228 -1.260453  3.073285 -0.027392 0.092095
76  2.923889 1.668561 -1.111006  -0.000000 -0.000000 -1.047197
77  2.470070 0.711695 -1.382187  -0.006320 0.021530 -0.139056
78  0.000000 -0.000000 0.000001  0.014038 0.802578 0.655468
79  0.000002 0.440764 -0.000001  0.588613 -0.539574 -0.912926
80  0.000000 0.430558 -0.000002  -0.024526 0.122299 -0.213568
81  0.000000 0.438246 0.000001  -0.026580 -0.046325 0.219200
82  0.000000 0.433551 -0.000003  -0.024967 0.125210 0.181651
83  0.000000 0.454267 -0.000002  0.193222 0.308306 -1.518694
84  0.000000 0.438146 0.000002  -0.062530 0.163101 0.130721
85  -0.000000 0.444414 -0.000001  0.945146 0.863355 -0.047391
86  -0.000001 0.422927 0.000001  0.189274 0.207296 0.035445
87  0.000002 0.426509 0.000000  -0.667741 -3.017966 0.143720
88  -0.000000 0.432946 0.000000  -0.644664 -1.884640 0.805373
time 104
0  0.000006 0.000000 0.000000  -1.570800 -1.391899 -1.570792
1  -8.328844 -6.569240 1.234828  -1.544956 -1.855077 -0.198630
2  6.027518 -0.000328 0.000191  -1.469446 -1.011776 -0.387805
3  11.692111 0.000644 -0.000739  -0.508323 -0.000017 -1.376557
4  11.480002 -0.000077 -0.000881  1.660510 -0.336546 0.077020
5  3.859502 -0.142823 -1.192080  -0.473984 0.187478 -0.892472
6  1.312590 0.000010 0.000008  -0.001008 0.004099 -0.195910
7  0.729356 0.000053 0.000050  -0.000728 -0.000265 -0.164727
8  3.942141 0.046331 -0.431543  -0.136308 0.099594 -0.632505
9  1.539110 0.000083 0.000002  -0.000038 0.000241 -0.567516
10  1.196333 0.000147 0.000028  -0.000009 0.000015 -0.142075
11  3.883509 -0.047212 0.431352  0.088831 0.001908 -0.353758
12  1.719572 -0.000029 0.000018  -0.002950 0.005009 -0.925463
13  1.209179 0.000091 0.000011  0.000847 0.002961 0.073008
14  4.085234 -0.082653 1.151009  0.263916 -0.245109 0.069906
15  1.719448 -0.000018 0.000027  -0.003653 -0.001877 -1.408336
16  1.099675 0.000048 0.000006  0.001193 0.002498 0.016953
17  0.806011 -0.349038 1.321247  -0.850856 -0.576374 -0.854885
18  1.789820 -0.000005 -0.000017  -0.000013 0.000269 -0.070641
19  1.207015 -0.000013 -0.000042  -0.000027 -0.000006 0.094823
20  5.740636 0.000388 -0.000700  0.006879 0.000003 0.000063
21  11.481009 0.000159 -0.000829  0.023860 -0.044797 0.008684
22  6.027524 -0.000329 0.000201  1.980633 -0.391636 1.903757
23  -0.000001 11.692101 -0.000006  -0.955790 -0.409236 -0.762096
24  0.000004 0.000007 0.000000  0.360771 -0.000031 1.570739
25  -0.000000 -0.000011 0.000001  0.868960 0.000002 1.570712
26  -6.212011 -10.642979 0.826812  1.473120 1.855075 -0.198639
27  6.027511 -0.000260 -0.000221  1.450488 0.806254 -0.557115
28  11.691991 0.000160 0.000858  0.346036 0.000045 -1.466357
29  11.480556 0.000096 0.000840  -1.313714 0.738253 0.207868
30  3.859439 -0.132758 1.193065  0.469647 -0.013262 -1.872395
31  1.312559 0.000026 -0.000001  0.024060 -0.138696 -0.550187
32  0.729345 0.000064 -0.000028  -0.166197 -0.081570 -0.714272
33  3.942047 0.050139 0.431000  0.225309 -0.086237 -1.592712
34  1.539097 0.000006 -0.000002  0.035254 -0.050373 -0.994350
35  1.196300 0.000078 -0.000003  -0.021521 0.002175 -0.839738
36  3.883414 -0.050473 -0.431083  0.184824 -0.271737 -1.204030
37  1.719563 -0.000085 -0.000005  0.022859 -0.107186 -1.509108
38  1.209197 0.000034 0.000011  0.000661 0.071072 -0.480462
39  3.859589 -0.149081 -1.331321  -0.080472 0.327601 -0.061665
40  1.719412 -0.000098 -0.000036  0.097557 0.060679 -0.377229
41  1.099673 0.000023 0.000006  -0.014718 0.004685 0.056983
42  0.805984 -0.359847 -1.318338  0.991670 0.166767 -0.799527
43  1.789780 -0.000007 -0.000042  0.000058 -0.002451 0.133098
44  1.206996 -0.000006 0.000006  0.000372 -0.000071 1.058780
45  5.740572 0.000079 0.000721  0.077585 -0.000014 0.000028
46  11.481055 0.000094 0.000913  0.031206 0.130240 0.011188
47  6.027515 -0.000273 -0.000229  -0.992451 -0.531895 -1.467512
48  -0.000003 11.691977 -0.000006  -1.009439 0.457432 0.797565
49  0.000002 0.000000 0.000000  2.618569 -0.000036 1.570860
50  -0.000008 -0.000013 0.000005  2.272645 -0.000036 1.570861
51  -3.963013 -5.426800 -8.639500  -0.016065 -2.687721 1.355057
52  0.000000 -0.000000 0.000000  0.008153 -0.000259 0.000009
53  0.000000 0.000000 0.000000  1.565115 0.043565 -0.106862
54  4.519484 -9.804782 -8.377882  0.550305 -0.485113 -1.960167
55  -0.000001 -0.000000 -0.000000  0.000000 -0.000001 -0.000002
56  0.000030 0.000029 0.000002  -1.571901 -0.044449 -0.106509
57  21.185059 0.869369 -18.561352  1.570796 -0.000000 0.000000
58  -16.319784 5.039393 -18.063972  1.570796 -0.000000 0.000000
59  1.239137 7.946098 -7.028192  1.570796 -0.000000 0.000000
60  -0.004311 0.001230 -0.000371  0.006898 -0.005534 -0.284229
61  0.826810 11.578514 -4.219014  1.570796 -0.000000 0.000000
62  0.000000 0.000000 0.000000  -0.078727 -3.136056 0.284226
63  0.000000 0.000000 0.000000  1.564372 -0.003188 -0.000732
64  -3.135401 -7.904424 -2.417460  1.265738 0.017783 -0.002221
65  0.042352 -2.889250 0.627700  0.000000 0.000000 0.000000
66  0.042352 -0.907087 1.190367  0.000000 0.000000 0.000000
67  -1.331045 -1.025121 4.361372  0.000000 0.000000 0.000000
68  0.042353 -0.884531 23.199604  0.000000 0.000000 0.000000
69  0.042255 0.181228 5.671382  1.429731 0.000000 -0.000000
70  0.000096 0.089184 -9.714657  -0.000000 -0.000000 0.000000
71  0.042352 -0.569288 7.155123  0.000000 0.000000 0.000000
72  -0.682762 -1.501892 3.214538  0.000000 0.000000 0.000000
73  0.074279 -0.628098 4.762587  0.000000 0.000000 0.000000
74  -1.855614 -13.610921 -5.178358  1.304005 -0.026795 0.165723
75  4.016139 1.316961 -1.250700  3.073285 -0.027392 0.092095
76  2.923889 1.668560 -1.111006  0.000000 0.000000 -1.047198
77  2.470070 0.711693 -1.382189  -0.001054 0.024050 -0.161191
78  -0.000000 0.000001 0.000001  0.021882 0.799845 0.638856
79  0.000001 0.440763 0.000000  0.597118 -0.535775 -0.920430
80  0.000000 0.430559 -0.000000  -0.019786 0.115740 -0.161221
81  0.000000 0.438247 -0.000000  -0.023948 -0.045075 0.222262
82  -0.000000 0.433550 0.000001  -0.023649 0.126785 0.196250
83  0.000000 0.454267 -0.000001  0.191002 0.304462 -1.490514
84  -0.000000 0.438146 0.000003  -0.062300 0.175410 0.110632
85  0.000000 0.444414 -0.000000  0.958069 0.863677 -0.044319
86  -0.000002 0.422926 -0.000000  0.218615 0.205731 0.044352
87  -0.000001 0.426509 -0.000000  -0.708462 -3.030976 0.161647
88  0.000002 0.432947 0.000000  -0.758133 -1.932711 0.903770
time 105
0  0.000006 0.000000 0.000000  -1.570800 -1.391899 -1.570792
1  -8.321577 -6.529052 1.234828  -1.544956 -1.855077 -0.198630
2  6.027519 -0.000326 0.000190  -1.469892 -1.035474 -0.389726
3  11.692110 0.000646 -0.000739  -0.508320 -0.000014 -1.318283
4  11.480384 0.000108 -0.000778  1.622188 -0.243391 0.024397
5  3.859504 -0.142822 -1.192079  -0.473984 0.187478 -0.892472
6  1.312590 0.000010 0.000009  -0.001008 0.004099 -0.195910
7  0.729355 0.000054 0.000048  -0.000728 -0.000265 -0.164727
8  3.942141 0.046332 -0.431543  -0.136308 0.099594 -0.632505
9  1.539110 0.000084 0.000004  -0.000038 0.000241 -0.567516
10  1.196332 0.000144 0.000029  -0.000009 0.000015 -0.142075
11  3.883511 -0.047211 0.431350  0.088831 0.001908 -0.353758
12  1.719573 -0.000028 0.000017  -0.002950 0.005009 -0.925463
13  1.209179 0.000089 0.000012  0.000847 0.002961 0.073008
14  4.085235 -0.082652 1.151008  0.263916 -0.245108 0.069906
15  1.719448 -0.000018 0.000029  -0.003653 -0.001877 -1.408336
16  1.099675 0.000048 0.000004  0.001194 0.002498 0.016953
17  0.806012 -0.349037 1.321247  -0.850856 -0.576374 -0.854885
18  1.789820 -0.000004 -0.000018  -0.000013 0.000269 -0.070641
19  1.207015 -0.000014 -0.000043  -0.000027 -0.000006 0.094823
20  5.740634 0.000389 -0.000700  0.006809 0.000003 0.000063
21  11.481087 0.000196 -0.000809  0.014859 -0.026833 -0.003618
22  6.027524 -0.000329 0.000200  1.961654 -0.375762 1.908561
23  -0.000001 11.692101 -0.000008  -0.920529 -0.378898 -0.738009
24  0.000003 0.000008 -0.000000  0.360771 -0.000031 1.570739
25  -0.000000 -0.000012 -0.000000  0.868960 0.000002 1.570712
26  -6.212011 -10.642979 0.826812  1.473120 1.855075 -0.198639
27  6.027511 -0.000260 -0.000221  1.445584 0.803554 -0.558871
28  11.691992 0.000160 0.000859  0.346036 0.000047 -1.490139
29  11.480357 -0.000023 0.000880  -1.276214 0.759968 0.273828
30  3.859438 -0.132759 1.193064  0.469647 -0.013262 -1.872395
31  1.312559 0.000027 -0.000000  0.024060 -0.138696 -0.550187
32  0.729345 0.000065 -0.000028  -0.166197 -0.081570 -0.714272
33  3.942047 0.050138 0.430999  0.225309 -0.086237 -1.592712
34  1.539097 0.000006 -0.000000  0.035254 -0.050373 -0.994350
35  1.196300 0.000078 -0.000004  -0.021521 0.002175 -0.839738
36  3.883413 -0.050473 -0.431085  0.184824 -0.271737 -1.204030
37  1.719563 -0.000084 -0.000005  0.022859 -0.107186 -1.509108
38  1.209197 0.000035 0.000011  0.000661 0.071072 -0.480462
39  3.859589 -0.149082 -1.331321  -0.080472 0.327601 -0.061665
40  1.719413 -0.000098 -0.000036  0.097557 0.060679 -0.377229
41  1.099674 0.000024 0.000008  -0.014718 0.004685 0.056983
42  0.805984 -0.359848 -1.318339  0.991670 0.166767 -0.799527
43  1.789780 -0.000008 -0.000042  0.000058 -0.002451 0.133098
44  1.206997 -0.000008 0.000006  0.000372 -0.000071 1.058780
45  5.740572 0.000078 0.000721  0.084246 -0.000014 0.000028
46  11.481014 0.000069 0.000921  0.033565 0.136138 0.020249
47  6.027515 -0.000273 -0.000229  -0.992405 -0.536236 -1.465757
48  -0.000003 11.691975 -0.000007  -1.023557 0.470487 0.806601
49  0.000001 -0.000000 -0.000001  2.618569 -0.000036 1.570860
50  -0.000009 -0.000014 0.000005  2.272645 -0.000036 1.570861
51  -3.818258 -5.243675 -8.547911  -0.002483 -2.717078 1.333218
52  -0.000000 0.000000 -0.000000  0.008153 -0.000259 0.000009
53  0.000000 -0.000000 -0.000001  1.565115 0.043565 -0.106862
54  4.560318 -10.277109 -8.384555  0.544760 -0.471047 -2.046118
55  -0.000000 0.000001 -0.000000  0.000000 -0.000001 -0.000002
56  0.000030 0.000029 0.000000  -1.571902 -0.044449 -0.106509
57  21.185059 0.869369 -18.561352  1.570796 -0.000000 0.000000
58  -16.319784 5.039393 -18.063972  1.570796 -0.000000 0.000000
59  1.239137 7.905259 -7.028192  1.570796 -0.000000 0.000000
60  -0.004311 0.001230 -0.000371  0.006898 -0.005534 -0.284229
61  0.826810 11.578514 -4.219014  1.570796 -0.000000 0.000000
62  0.000000 0.000000 0.000000  -0.078727 -3.136056 0.284226
63  0.000000 0.000000 0.000000  1.563489 -0.005448 -0.000466
64  -3.146936 -7.893474 -2.378209  1.291768 -0.000530 -0.018061
65  0.042352 -2.889250 0.627700  -0.000000 0.000000 0.000000
66  0.042352 -0.907088 1.190368  -0.000000 0.000000 0.000000
67  -1.331045 -1.025122 4.361372  -0.000000 0.000000 0.000000
68  0.042353 -0.884531 23.199606  -0.000000 0.000000 0.000000
69  0.042255 0.181228 5.671383  1.427187 0.000000 -0.000000
70  0.000096 0.089187 -9.714657  0.000000 -0.000000 0.000000
71  0.042352 -0.569289 7.155124  -0.000000 0.000000 0.000000
72  -0.682762 -1.501893 3.214539  -0.000000 0.000000 0.000000
73  0.074278 -0.628099 4.762587  -0.000000 0.000000 0.000000
74  -2.132826 -13.551638 -5.246912  1.318564 -0.030002 0.076808
75  4.026058 1.341790 -1.236223  3.073285 -0.027392 0.092095
76  2.923889 1.668561 -1.111007  0.000000 -0.000000 -1.047198
77  2.470069 0.711693 -1.382189  0.005108 0.027729 -0.183258
78  0.000000 -0.000000 0.000000  0.031654 0.796899 0.623640
79  0.000001 0.440764 0.000001  0.607057 -0.531277 -0.929117
80  -0.000000 0.430557 -0.000002  -0.014870 0.108670 -0.111475
81  -0.000000 0.438246 -0.000000  -0.020622 -0.044427 0.223381
82  -0.000000 0.433550 0.000001  -0.021564 0.127822 0.209411
83  -0.000000 0.454267 -0.000001  0.188872 0.301946 -1.463033
84  -0.000000 0.438146 0.000001  -0.062416 0.188796 0.091225
85  0.000000 0.444415 -0.000001  0.970602 0.864879 -0.039141
86  0.000003 0.422926 -0.000000  0.246311 0.205239 0.054837
87  -0.000000 0.426507 -0.000000  -0.746609 -3.044070 0.182199
88  -0.000001 0.432948 -0.000001  -0.847493 -1.987698 0.974594
time 106
0  0.000006 0.000000 0.000000  -1.570800 -1.391899 -1.570792
1  -8.312967 -6.481443 1.234827  -1.544956 -1.855077 -0.198630
2  6.027519 -0.000328 0.000191  -1.433182 -1.074971 -0.418669
3  11.692111 0.000644 -0.000739  -0.508316 -0.000010 -1.228667
4  11.480068 0.000017 -0.000828  1.570462 -0.165704 -0.075573
5  3.859504 -0.142823 -1.192079  -0.473984 0.187478 -0.892472
6  1.312589 0.000008 0.000008  -0.001008 0.004099 -0.195910
7  0.729355 0.000054 0.000049  -0.000728 -0.000265 -0.164727
8  3.942141 0.046331 -0.431543  -0.136308 0.099594 -0.632505
9  1.539110 0.000083 0.000003  -0.000038 0.000241 -0.567516
10  1.196332 0.000146 0.000028  -0.000009 0.000015 -0.142075
11  3.883512 -0.047211 0.431351  0.088831 0.001908 -0.353758
12  1.719573 -0.000028 0.000016  -0.002950 0.005009 -0.925463
13  1.209179 0.000089 0.000011  0.000847 0.002961 0.073008
14  4.085235 -0.082652 1.151009  0.263916 -0.245108 0.069906
15  1.719447 -0.000018 0.000028  -0.003653 -0.001877 -1.408336
16  1.099675 0.000048 0.000006  0.001194 0.002498 0.016953
17  0.806012 -0.349038 1.321247  -0.850856 -0.576374 -0.854885
18  1.789820 -0.000004 -0.000017  -0.000013 0.000269 -0.070641
19  1.207016 -0.000013 -0.000044  -0.000027 -0.000006 0.094823
20  5.740636 0.000389 -0.000698  0.004882 0.000003 0.000064
21  11.481024 0.000178 -0.000818  0.003641 -0.011640 -0.025225
22  6.027524 -0.000329 0.000201  1.917469 -0.362026 1.927497
23  0.000000 11.692101 -0.000009  -0.865575 -0.333834 -0.699312
24  0.000003 0.000008 0.000000  0.360771 -0.000030 1.570739
25  0.000000 -0.000012 -0.000000  0.868960 0.000002 1.570712
26  -6.212011 -10.642979 0.826812  1.473120 1.855075 -0.198639
27  6.027511 -0.000260 -0.000221  1.447701 0.796074 -0.557045
28  11.691992 0.000161 0.000859  0.346037 0.000048 -1.508242
29  11.480214 -0.000106 0.000912  -1.266804 0.762886 0.313062
30  3.859437 -0.132759 1.193067  0.469647 -0.013262 -1.872395
31  1.312559 0.000025 -0.000000  0.024060 -0.138696 -0.550187
32  0.729345 0.000066 -0.000029  -0.166197 -0.081570 -0.714273
33  3.942047 0.050139 0.431002  0.225309 -0.086237 -1.592712
34  1.539097 0.000005 -0.000001  0.035254 -0.050373 -0.994350
35  1.196301 0.000077 -0.000004  -0.021521 0.002175 -0.839738
36  3.883413 -0.050472 -0.431083  0.184824 -0.271737 -1.204030
37  1.719563 -0.000085 -0.000005  0.022859 -0.107186 -1.509108
38  1.209197 0.000035 0.000012  0.000661 0.071072 -0.480462
39  3.859588 -0.149082 -1.331320  -0.080472 0.327601 -0.061665
40  1.719412 -0.000099 -0.000037  0.097557 0.060679 -0.377229
41  1.099675 0.000024 0.000007  -0.014718 0.004686 0.056982
42  0.805983 -0.359847 -1.318337  0.991670 0.166767 -0.799527
43  1.789780 -0.000008 -0.000042  0.000058 -0.002451 0.133098
44  1.206997 -0.000007 0.000005  0.000372 -0.000071 1.058780
45  5.740572 0.000078 0.000721  0.085657 -0.000014 0.000028
46  11.480986 0.000052 0.000928  0.032947 0.137496 0.026838
47  6.027515 -0.000273 -0.000229  -0.984475 -0.539665 -1.469512
48  -0.000003 11.691976 -0.000007  -1.034278 0.480499 0.813381
49  0.000002 -0.000000 -0.000001  2.618569 -0.000036 1.570860
50  -0.000008 -0.000013 0.000005  2.272645 -0.000036 1.570861
51  -3.820654 -5.106040 -8.501062  -0.011137 -2.736379 1.326370
52  -0.000000 -0.000000 -0.000001  0.008153 -0.000259 0.000009
53  -0.000000 0.000000 0.000001  1.565115 0.043565 -0.106862
54  4.377992 -10.925980 -8.635211  0.519363 -0.481564 -2.137456
55  0.000001 0.000000 -0.000000  0.000000 -0.000001 -0.000002
56  0.000031 0.000029 0.000001  -1.571902 -0.044449 -0.106509
57  21.185059 0.869369 -18.561352  1.570796 -0.000000 0.000000
58  -16.319784 5.039393 -18.063972  1.570796 -0.000000 0.000000
59  1.239137 7.856877 -7.028192  1.570796 -0.000000 0.000000
60  -0.004311 0.001230 -0.000371  0.006898 -0.005534 -0.284229
61  0.826810 11.578514 -4.219014  1.570796 -0.000000 0.000000
62  0.000000 0.000000 0.000000  -0.078727 -3.136056 0.284226
63  0.000000 0.000000 0.000000  1.562886 -0.010383 0.000215
64  -3.158471 -7.889440 -2.389472  1.312324 0.003032 -0.028371
65  0.042352 -2.889250 0.627699  0.000000 -0.000000 -0.000000
66  0.042352 -0.907087 1.190368  0.000000 -0.000000 -0.000000
67  -1.331044 -1.025121 4.361372  0.000000 -0.000000 -0.000000
68  0.042353 -0.884530 23.199602  0.000000 -0.000000 -0.000000
69  0.042255 0.181228 5.671383  1.424642 0.000000 -0.000000
70  0.000096 0.089186 -9.714656  -0.000000 -0.000000 -0.000000
71  0.042352 -0.569288 7.155122  0.000000 -0.000000 -0.000000
72  -0.682762 -1.501892 3.214538  0.000000 -0.000000 -0.000000
73  0.074278 -0.628098 4.762586  0.000000 -0.000000 -0.000000
74  -2.536900 -13.505999 -5.334715  1.321304 -0.005253 -0.026224
75  4.116107 1.350186 -1.213383  3.091354 -0.014134 0.149455
76  2.923889 1.668561 -1.111006  0.000000 -0.000000 -1.047198
77  2.470069 0.711695 -1.382189  0.008248 0.029076 -0.185350
78  -0.000000 0.000000 0.000001  0.035976 0.795294 0.624508
79  0.000000 0.440764 0.000001  0.611373 -0.529517 -0.934536
80  -0.000000 0.430558 0.000001  -0.015297 0.107424 -0.114452
81  0.000000 0.438245 0.000001  -0.023297 -0.045351 0.223117
82  0.000000 0.433550 -0.000000  -0.027050 0.126996 0.210427
83  -0.000000 0.454268 0.000002  0.191291 0.292698 -1.459970
84  0.000000 0.438146 0.000001  -0.066318 0.181280 0.100000
85  0.000000 0.444415 -0.000000  0.948285 0.857540 -0.045706
86  -0.000001 0.422927 -0.000001  0.226964 0.200462 0.044490
87  0.000001 0.426509 -0.000000  -0.733602 -3.040813 0.162306
88  -0.000002 0.432947 -0.000000  -0.850545 -1.984440 1.001119
time 107
0  0.000006 0.000000 0.000000  -1.570800 -1.391899 -1.570792
1  -8.303096 -6.426851 1.234827  -1.544956 -1.855077 -0.198630
2  6.027520 -0.000327 0.000190  -1.383821 -1.095027 -0.456368
3  11.692111 0.000645 -0.000737  -0.508313 -0.000008 -1.191745
4  11.480247 0.000093 -0.000785  1.543484 -0.170748 -0.132644
5  3.859504 -0.142823 -1.192080  -0.473984 0.187478 -0.892472
6  1.312590 0.000010 0.000008  -0.001008 0.004099 -0.195910
7  0.729355 0.000054 0.000049  -0.000728 -0.000265 -0.164727
8  3.942141 0.046332 -0.431544  -0.136308 0.099594 -0.632505
9  1.539110 0.000083 0.000003  -0.000038 0.000241 -0.567516
10  1.196333 0.000146 0.000027  -0.000009 0.000015 -0.142075
11  3.883511 -0.047211 0.431349  0.088831 0.001908 -0.353758
12  1.719573 -0.000029 0.000016  -0.002950 0.005010 -0.925463
13  1.209179 0.000090 0.000013  0.000847 0.002961 0.073008
14  4.085235 -0.082653 1.151007  0.263916 -0.245108 0.069906
15  1.719449 -0.000018 0.000026  -0.003653 -0.001877 -1.408336
16  1.099675 0.000049 0.000005  0.001194 0.002498 0.016953
17  0.806012 -0.349037 1.321246  -0.850856 -0.576374 -0.854885
18  1.789821 -0.000004 -0.000017  -0.000013 0.000269 -0.070641
19  1.207015 -0.000013 -0.000043  -0.000027 -0.000006 0.094823
20  5.740636 0.000388 -0.000698  0.000944 0.000003 0.000063
21  11.481060 0.000193 -0.000810  -0.002001 -0.012487 -0.037345
22  6.027524 -0.000329 0.000200  1.884839 -0.363608 1.945035
23  0.000001 11.692101 -0.000008  -0.842649 -0.315862 -0.682791
24  0.000003 0.000008 0.000001  0.360771 -0.000030 1.570738
25  0.000001 -0.000011 -0.000000  0.868960 0.000002 1.570712
26  -6.212011 -10.642979 0.826812  1.473120 1.855075 -0.198639
27  6.027511 -0.000260 -0.000221  1.453529 0.790056 -0.553902
28  11.691992 0.000161 0.000858  0.346037 0.000049 -1.516250
29  11.480150 -0.000144 0.000924  -1.270614 0.741156 0.319402
30  3.859437 -0.132758 1.193066  0.469647 -0.013262 -1.872395
31  1.312559 0.000025 -0.000002  0.024060 -0.138696 -0.550187
32  0.729345 0.000065 -0.000029  -0.166197 -0.081570 -0.714272
33  3.942046 0.050139 0.431001  0.225309 -0.086237 -1.592712
34  1.539097 0.000005 -0.000001  0.035254 -0.050373 -0.994350
35  1.196300 0.000077 -0.000004  -0.021521 0.002175 -0.839738
36  3.883413 -0.050473 -0.431083  0.184824 -0.271737 -1.204030
37  1.719564 -0.000084 -0.000005  0.022858 -0.107186 -1.509108
38  1.209197 0.000036 0.000011  0.000661 0.071072 -0.480462
39  3.859589 -0.149082 -1.331321  -0.080472 0.327601 -0.061665
40  1.719411 -0.000098 -0.000036  0.097557 0.060679 -0.377229
41  1.099674 0.000024 0.000008  -0.014718 0.004685 0.056983
42  0.805983 -0.359847 -1.318337  0.991670 0.166767 -0.799527
43  1.789780 -0.000009 -0.000042  0.000058 -0.002451 0.133097
44  1.206996 -0.000007 0.000005  0.000372 -0.000071 1.058780
45  5.740574 0.000078 0.000721  0.084724 -0.000014 0.000028
46  11.480974 0.000045 0.000930  0.032891 0.133277 0.029063
47  6.027515 -0.000273 -0.000229  -0.976007 -0.540081 -1.474875
48  -0.000002 11.691977 -0.000006  -1.039015 0.484949 0.816353
49  0.000004 0.000000 -0.000000  2.618569 -0.000036 1.570860
50  -0.000008 -0.000012 0.000005  2.272645 -0.000036 1.570861
51  -3.893464 -5.050256 -8.475165  -0.024734 -2.744282 1.344867
52  0.000000 -0.000000 -0.000001  0.008153 -0.000259 0.000009
53  -0.000000 0.000000 0.000000  1.565115 0.043565 -0.106862
54  4.057917 -11.179189 -8.918906  0.489009 -0.507893 -2.160535
55  -0.000001 -0.000001 -0.000001  0.000000 -0.000001 -0.000002
56  0.000030 0.000028 0.000001  -1.571901 -0.044449 -0.106509
57  21.185059 0.869369 -18.561352  1.570796 -0.000000 0.000000
58  -16.319784 5.039393 -18.063972  1.570796 -0.000000 0.000000
59  1.239137 7.801400 -7.028192  1.570796 -0.000000 0.000000
60  -0.004311 0.001230 -0.000371  0.006898 -0.005534 -0.284229
61  0.826810 11.578514 -4.219014  1.570796 -0.000000 0.000000
62  0.000000 0.000000 0.000000  -0.078727 -3.136056 0.284226
63  0.000000 0.000000 0.000000  1.562656 -0.018950 0.001153
64  -3.131265 -7.888864 -2.400735  1.322699 0.013591 -0.015099
65  0.042352 -2.889250 0.627700  0.000000 0.000000 -0.000000
66  0.042352 -0.907087 1.190368  0.000000 0.000000 -0.000000
67  -1.331044 -1.025122 4.361371  0.000000 0.000000 -0.000000
68  0.042353 -0.884531 23.199606  0.000000 0.000000 -0.000000
69  0.042255 0.181228 5.671382  1.423485 0.000000 -0.000000
70  0.000096 0.089185 -9.714657  -0.000000 -0.000000 -0.000000
71  0.042352 -0.569288 7.155122  0.000000 0.000000 -0.000000
72  -0.682762 -1.501893 3.214539  0.000000 0.000000 -0.000000
73  0.074278 -0.628099 4.762587  0.000000 0.000000 -0.000000
74  -2.822032 -13.474974 -5.346629  1.312209 0.031135 -0.063834
75  4.271339 1.368429 -1.167474  3.131418 0.001870 0.275912
76  2.923889 1.668560 -1.111005  0.000000 -0.000000 -1.047198
77  2.470069 0.711692 -1.382187  0.015919 0.030494 -0.184375
78  -0.000000 0.000001 0.000001  0.045300 0.790498 0.631903
79  -0.000003 0.440764 -0.000000  0.620794 -0.527237 -0.943926
80  -0.000000 0.430559 -0.000003  -0.014436 0.104974 -0.120767
81  0.000000 0.438247 0.000000  -0.026534 -0.047319 0.220448
82  0.000000 0.433550 0.000002  -0.035461 0.125275 0.208451
83  -0.000000 0.454267 -0.000000  0.195494 0.278585 -1.461043
84  0.000000 0.438146 -0.000002  -0.072475 0.168794 0.112887
85  0.000000 0.444415 -0.000001  0.909795 0.845246 -0.055143
86  0.000002 0.422927 0.000000  0.186755 0.193375 0.027088
87  -0.000004 0.426509 0.000000  -0.698712 -3.031372 0.127066
88  0.000001 0.432945 0.000000  -0.886994 -1.989534 1.078389
time 108
0  0.000006 0.000000 0.000000  -1.570800 -1.391899 -1.570792
1  -8.292033 -6.365676 1.234827  -1.544956 -1.855077 -0.198630
2  6.027520 -0.000328 0.000190  -1.361314 -1.096146 -0.473056
3  11.692110 0.000644 -0.000739  -0.508314 -0.000009 -1.207976
4  11.480165 0.000058 -0.000804  1.543737 -0.212250 -0.125848
5  3.859504 -0.142823 -1.192081  -0.473984 0.187478 -0.892472
6  1.312590 0.000011 0.000007  -0.001008 0.004099 -0.195910
7  0.729355 0.000053 0.000049  -0.000728 -0.000265 -0.164727
8  3.942141 0.046332 -0.431544  -0.136308 0.099594 -0.632505
9  1.539111 0.000082 0.000004  -0.000038 0.000241 -0.567516
10  1.196333 0.000144 0.000027  -0.000009 0.000015 -0.142075
11  3.883511 -0.047211 0.431350  0.088831 0.001908 -0.353758
12  1.719573 -0.000028 0.000017  -0.002950 0.005009 -0.925463
13  1.209179 0.000089 0.000012  0.000847 0.002961 0.073008
14  4.085235 -0.082652 1.151008  0.263916 -0.245108 0.069906
15  1.719448 -0.000018 0.000027  -0.003653 -0.001877 -1.408336
16  1.099675 0.000048 0.000007  0.001194 0.002498 0.016953
17  0.806011 -0.349037 1.321246  -0.850856 -0.576374 -0.854885
18  1.789820 -0.000002 -0.000017  -0.000013 0.000269 -0.070641
19  1.207016 -0.000014 -0.000043  -0.000027 -0.000006 0.094823
20  5.740635 0.000388 -0.000699  -0.001872 0.000003 0.000063
21  11.481044 0.000186 -0.000813  -0.002088 -0.020815 -0.036067
22  6.027525 -0.000329 0.000200  1.875811 -0.369629 1.951596
23  -0.000001 11.692100 -0.000008  -0.852749 -0.323718 -0.690095
24  0.000004 0.000007 0.000001  0.360771 -0.000030 1.570739
25  -0.000000 -0.000011 0.000000  0.868960 0.000002 1.570712
26  -6.212011 -10.642979 0.826812  1.473120 1.855075 -0.198639
27  6.027511 -0.000260 -0.000221  1.461963 0.789438 -0.550373
28  11.691991 0.000160 0.000858  0.346037 0.000049 -1.517279
29  11.480142 -0.000147 0.000924  -1.273889 0.708442 0.313239
30  3.859437 -0.132759 1.193065  0.469647 -0.013262 -1.872395
31  1.312559 0.000025 -0.000001  0.024060 -0.138696 -0.550187
32  0.729345 0.000065 -0.000027  -0.166197 -0.081570 -0.714273
33  3.942046 0.050138 0.431000  0.225309 -0.086237 -1.592712
34  1.539097 0.000005 -0.000001  0.035254 -0.050373 -0.994350
35  1.196300 0.000078 -0.000002  -0.021521 0.002175 -0.839738
36  3.883413 -0.050472 -0.431084  0.184824 -0.271737 -1.204030
37  1.719563 -0.000085 -0.000005  0.022859 -0.107186 -1.509108
38  1.209197 0.000035 0.000011  0.000661 0.071072 -0.480462
39  3.859588 -0.149082 -1.331321  -0.080472 0.327601 -0.061665
40  1.719413 -0.000098 -0.000036  0.097557 0.060679 -0.377229
41  1.099673 0.000024 0.000008  -0.014718 0.004685 0.056982
42  0.805984 -0.359847 -1.318338  0.991670 0.166767 -0.799527
43  1.789780 -0.000009 -0.000043  0.000058 -0.002451 0.133097
44  1.206996 -0.000006 0.000005  0.000372 -0.000071 1.058781
45  5.740573 0.000080 0.000721  0.084101 -0.000014 0.000028
46  11.480973 0.000045 0.000929  0.034067 0.126743 0.029228
47  6.027515 -0.000273 -0.000229  -0.971272 -0.535710 -1.479762
48  -0.000002 11.691976 -0.000007  -1.039623 0.485522 0.816733
49  0.000002 -0.000000 -0.000000  2.618569 -0.000036 1.570860
50  -0.000008 -0.000012 0.000005  2.272645 -0.000036 1.570861
51  -3.965085 -5.056552 -8.408484  -0.034076 -2.746612 1.374520
52  0.000000 0.000000 -0.000000  0.008153 -0.000259 0.000009
53  0.000000 0.000000 -0.000000  1.565115 0.043565 -0.106862
54  3.801136 -11.090979 -8.971642  0.471087 -0.522936 -2.137986
55  -0.000001 -0.000000 0.000000  0.000000 -0.000001 -0.000002
56  0.000030 0.000029 0.000002  -1.571901 -0.044449 -0.106509
57  21.185059 0.869369 -18.561352  1.570796 -0.000000 0.000000
58  -16.319784 5.039393 -18.063972  1.570796 -0.000000 0.000000
59  1.239137 7.739233 -7.028192  1.570796 -0.000000 0.000000
60  -0.004311 0.001230 -0.000371  0.006898 -0.005534 -0.284229
61  0.826810 11.578514 -4.219014  1.570796 -0.000000 0.000000
62  0.000000 0.000000 0.000000  -0.078727 -3.136056 0.284226
63  0.000000 0.000000 0.000000  1.563722 -0.030290 0.002166
64  -3.080740 -7.898491 -2.352193  1.326768 0.021538 0.011022
65  0.042352 -2.889249 0.627700  -0.000000 0.000000 0.000000
66  0.042352 -0.907087 1.190369  -0.000000 0.000000 0.000000
67  -1.331044 -1.025121 4.361373  -0.000000 0.000000 0.000000
68  0.042353 -0.884530 23.199606  -0.000000 0.000000 0.000000
69  0.042255 0.181228 5.671383  1.448026 0.000000 -0.000000
70  0.000096 0.089184 -9.714657  -0.000000 -0.000000 0.000000
71  0.042352 -0.569288 7.155124  -0.000000 0.000000 0.000000
72  -0.682762 -1.501892 3.214539  -0.000000 0.000000 0.000000
73  0.074278 -0.628098 4.762588  0.070589 0.000000 0.000000
74  -2.969113 -13.465521 -5.244607  1.306929 0.052149 -0.050339
75  4.354969 1.432732 -1.081025  -3.117634 -0.010747 0.399124
76  2.923889 1.668561 -1.111005  0.000000 -0.000000 -1.047198
77  2.470069 0.711694 -1.382187  0.023852 0.032255 -0.173708
78  -0.000000 -0.000000 -0.000000  0.054137 0.785824 0.648522
79  -0.000001 0.440763 0.000000  0.625484 -0.529821 -0.944038
80  0.000000 0.430558 -0.000002  -0.012561 0.103302 -0.121760
81  -0.000000 0.438247 -0.000002  -0.026992 -0.048713 0.218501
82  -0.000000 0.433550 -0.000002  -0.037889 0.124257 0.203846
83  0.000000 0.454267 -0.000001  0.196762 0.275917 -1.469292
84  0.000000 0.438146 0.000001  -0.073956 0.165226 0.115527
85  0.000000 0.444415 -0.000002  0.922193 0.782131 -0.010471
86  -0.000002 0.422927 0.000001  0.153876 0.180454 0.004066
87  -0.000001 0.426508 0.000000  -0.668799 -3.023613 0.083440
88  -0.000001 0.432947 0.000000  -0.931467 -1.992713 1.173341
time 109
0  0.000006 0.000000 0.000000  -1.570800 -1.391899 -1.570792
1  -8.279846 -6.298282 1.234827  -1.544956 -1.855077 -0.198630
2  6.027518 -0.000327 0.000190  -1.420211 -1.071223 -0.428102
3  11.692108 0.000646 -0.000737  -0.508319 -0.000013 -1.304230
4  11.480486 0.000160 -0.000752  1.589344 -0.249308 0.012254
5  3.859505 -0.142823 -1.192079  -0.473984 0.187478 -0.892472
6  1.312590 0.000009 0.000008  -0.001008 0.004099 -0.195910
7  0.729355 0.000054 0.000049  -0.000728 -0.000265 -0.164727
8  3.942141 0.046331 -0.431542  -0.136308 0.099594 -0.632505
9  1.539111 0.000084 0.000004  -0.000038 0.000241 -0.567516
10  1.196333 0.000146 0.000029  -0.000009 0.000015 -0.142075
11  3.883511 -0.047212 0.431351  0.088831 0.001908 -0.353758
12  1.719572 -0.000029 0.000017  -0.002950 0.005010 -0.925463
13  1.209179 0.000088 0.000012  0.000847 0.002961 0.073008
14  4.085235 -0.082653 1.151010  0.263916 -0.245108 0.069906
15  1.719447 -0.000019 0.000028  -0.003653 -0.001877 -1.408336
16  1.099674 0.000048 0.000008  0.001194 0.002498 0.016953
17  0.806011 -0.349038 1.321248  -0.850856 -0.576374 -0.854885
18  1.789821 -0.000003 -0.000018  -0.000013 0.000269 -0.070641
19  1.207015 -0.000013 -0.000043  -0.000027 -0.000006 0.094823
20  5.740637 0.000388 -0.000700  0.000611 0.000003 0.000063
21  11.481108 0.000206 -0.000804  0.008308 -0.028268 -0.007095
22  6.027524 -0.000329 0.000200  1.915649 -0.369061 1.930112
23  -0.000001 11.692098 -0.000007  -0.911973 -0.371700 -0.732073
24  0.000003 0.000007 0.000000  0.360771 -0.000030 1.570739
25  -0.000001 -0.000012 -0.000001  0.868960 0.000002 1.570712
26  -6.212011 -10.642979 0.826812  1.473120 1.855075 -0.198639
27  6.027511 -0.000260 -0.000221  1.459755 0.800073 -0.552471
28  11.691992 0.000160 0.000857  0.346037 0.000049 -1.513587
29  11.480173 -0.000132 0.000921  -1.242997 0.702710 0.323718
30  3.859437 -0.132759 1.193065  0.469647 -0.013262 -1.872395
31  1.312559 0.000026 -0.000001  0.024060 -0.138696 -0.550187
32  0.729345 0.000065 -0.000028  -0.166197 -0.081570 -0.714272
33  3.942046 0.050139 0.431000  0.225309 -0.086237 -1.592712
34  1.539097 0.000006 -0.000001  0.035254 -0.050373 -0.994350
35  1.196301 0.000078 -0.000002  -0.021521 0.002175 -0.839738
36  3.883413 -0.050472 -0.431084  0.184824 -0.271737 -1.204030
37  1.719564 -0.000084 -0.000004  0.022859 -0.107186 -1.509108
38  1.209198 0.000035 0.000010  0.000661 0.071072 -0.480462
39  3.859588 -0.149082 -1.331321  -0.080472 0.327601 -0.061665
40  1.719413 -0.000098 -0.000036  0.097557 0.060679 -0.377229
41  1.099674 0.000024 0.000007  -0.014718 0.004685 0.056983
42  0.805983 -0.359848 -1.318338  0.991670 0.166767 -0.799527
43  1.789780 -0.000008 -0.000042  0.000058 -0.002451 0.133098
44  1.206996 -0.000007 0.000005  0.000372 -0.000071 1.058780
45  5.740572 0.000078 0.000720  0.089895 -0.000014 0.000028
46  11.480978 0.000046 0.000929  0.039360 0.126575 0.029234
47  6.027515 -0.000273 -0.000229  -0.982220 -0.530553 -1.474719
48  -0.000003 11.691977 -0.000008  -1.037440 0.483468 0.815366
49  0.000004 0.000000 0.000000  2.618569 -0.000036 1.570860
50  -0.000009 -0.000013 0.000004  2.272645 -0.000036 1.570861
51  -3.845757 -5.092042 -8.318805  -0.009458 -2.751923 1.382540
52  0.000000 0.000000 0.000000  0.008153 -0.000259 0.000009
53  -0.000000 0.000000 0.000000  1.565115 0.043565 -0.106862
54  3.863777 -10.504584 -8.394037  0.512643 -0.478290 -2.079650
55  0.000000 0.000000 0.000001  0.000000 -0.000001 -0.000002
56  0.000030 0.000029 0.000003  -1.571902 -0.044449 -0.106509
57  21.185059 0.869369 -18.561352  1.570796 -0.000000 0.000000
58  -16.319784 5.039393 -18.063972  1.570796 -0.000000 0.000000
59  1.239137 7.670745 -7.028192  1.570796 -0.000000 0.000000
60  -0.004311 0.001230 -0.000371  0.006898 -0.005534 -0.284229
61  0.826810 11.578514 -4.219014  1.570796 -0.000000 0.000000
62  0.000000 0.000000 0.000000  -0.078727 -3.136056 0.284226
63  0.000000 0.000000 0.000000  1.566296 -0.036281 0.003042
64  -3.053535 -7.924621 -2.245402  1.327173 -0.001817 0.028458
65  0.042352 -2.889249 0.627701  0.000000 -0.000000 -0.000000
66  0.042351 -0.907087 1.190368  0.000000 -0.000000 -0.000000
67  -1.331045 -1.025121 4.361372  0.000000 -0.000000 -0.000000
68  0.042353 -0.884531 23.199604  0.000000 -0.000000 -0.000000
69  0.042255 0.181228 5.671384  1.493614 0.000000 -0.000000
70  0.000096 0.089182 -9.714658  0.000000 -0.000000 0.000000
71  0.042352 -0.569287 7.155124  0.000000 -0.000000 -0.000000
72  -0.682762 -1.501892 3.214539  0.000000 -0.000000 -0.000000
73  0.074278 -0.628098 4.762586  0.141177 0.000000 0.000000
74  -2.887809 -13.477883 -5.086304  1.327173 -0.001817 0.028458
75  4.343030 1.720632 -0.954040  3.139085 -0.077068 0.462138
76  2.923889 1.668562 -1.111006  0.000000 -0.000000 -0.959931
77  2.470070 0.711695 -1.382189  0.027954 0.029782 -0.169428
78  -0.000000 -0.000000 -0.000001  0.055696 0.781575 0.653986
79  0.000000 0.440764 -0.000001  0.623291 -0.539135 -0.930766
80  -0.000000 0.430557 0.000001  -0.043919 0.115206 -0.105862
81  0.000000 0.438246 0.000001  -0.009032 -0.092134 0.299144
82  -0.000000 0.433549 0.000001  -0.029182 0.126666 0.215026
83  -0.000000 0.454267 0.000000  0.183467 0.266584 -1.441119
84  -0.000000 0.438146 0.000001  -0.076976 0.180189 0.121262
85  -0.000001 0.444414 -0.000002  0.944613 0.699401 0.026556
86  -0.000000 0.422926 -0.000000  0.178739 0.176818 -0.015198
87  -0.000002 0.426510 -0.000000  -0.695246 -3.023881 0.081386
88  -0.000001 0.432947 -0.000000  -0.849483 -1.926739 1.101870
time 110
0  0.000006 0.000000 0.000000  -1.570800 -1.391899 -1.570792
1  -8.266596 -6.225004 1.234827  -1.544956 -1.855077 -0.198630
2  6.027520 -0.000328 0.000190  -1.456263 -1.075301 -0.403675
3  11.692110 0.000645 -0.000738  -0.508319 -0.000014 -1.304398
4  11.480481 0.000158 -0.000751  1.605784 -0.222686 0.023249
5  3.859504 -0.142823 -1.192078  -0.473984 0.187478 -0.892472
6  1.312590 0.000010 0.000007  -0.001008 0.004099 -0.195910
7  0.729355 0.000054 0.000050  -0.000728 -0.000265 -0.164727
8  3.942141 0.046331 -0.431543  -0.136308 0.099594 -0.632505
9  1.539110 0.000082 0.000004  -0.000038 0.000241 -0.567516
10  1.196333 0.000146 0.000027  -0.000009 0.000015 -0.142075
11  3.883511 -0.047212 0.431351  0.088831 0.001908 -0.353758
12  1.719573 -0.000028 0.000019  -0.002950 0.005009 -0.925463
13  1.209179 0.000091 0.000013  0.000847 0.002961 0.073008
14  4.085235 -0.082653 1.151009  0.263916 -0.245108 0.069906
15  1.719448 -0.000019 0.000029  -0.003653 -0.001877 -1.408336
16  1.099675 0.000048 0.000007  0.001194 0.002498 0.016953
17  0.806011 -0.349038 1.321248  -0.850856 -0.576374 -0.854885
18  1.789820 -0.000003 -0.000017  -0.000013 0.000269 -0.070641
19  1.207015 -0.000013 -0.000044  -0.000027 -0.000006 0.094823
20  5.740635 0.000388 -0.000699  0.004798 0.000003 0.000063
21  11.481106 0.000206 -0.000803  0.011484 -0.022814 -0.004422
22  6.027525 -0.000329 0.000200  1.925321 -0.353870 1.919438
23  -0.000000 11.692100 -0.000009  -0.912075 -0.371786 -0.732144
24  0.000004 0.000008 0.000000  0.360771 -0.000030 1.570739
25  -0.000001 -0.000012 -0.000001  0.868960 0.000002 1.570712
26  -6.212011 -10.642979 0.826812  1.473120 1.855075 -0.198639
27  6.027511 -0.000260 -0.000220  1.454490 0.814815 -0.556407
28  11.691992 0.000160 0.000858  0.346037 0.000048 -1.501768
29  11.480267 -0.000079 0.000899  -1.218197 0.716816 0.325348
30  3.859437 -0.132758 1.193065  0.469647 -0.013262 -1.872395
31  1.312560 0.000026 -0.000001  0.024060 -0.138696 -0.550187
32  0.729347 0.000064 -0.000028  -0.166197 -0.081570 -0.714272
33  3.942047 0.050139 0.430999  0.225309 -0.086237 -1.592712
34  1.539097 0.000006 -0.000001  0.035254 -0.050373 -0.994350
35  1.196300 0.000078 -0.000003  -0.021521 0.002175 -0.839738
36  3.883413 -0.050472 -0.431085  0.184824 -0.271737 -1.204030
37  1.719564 -0.000083 -0.000004  0.022859 -0.107186 -1.509108
38  1.209198 0.000035 0.000010  0.000661 0.071072 -0.480462
39  3.859589 -0.149082 -1.331321  -0.080472 0.327601 -0.061665
40  1.719413 -0.000097 -0.000035  0.097557 0.060679 -0.377229
41  1.099673 0.000023 0.000007  -0.014718 0.004686 0.056982
42  0.805983 -0.359848 -1.318338  0.991670 0.166767 -0.799527
43  1.789780 -0.000008 -0.000042  0.000058 -0.002451 0.133098
44  1.206996 -0.000006 0.000006  0.000372 -0.000071 1.058780
45  5.740573 0.000079 0.000720  0.094810 -0.000014 0.000028
46  11.480998 0.000058 0.000925  0.043091 0.129963 0.027259
47  6.027515 -0.000273 -0.000229  -0.998320 -0.524465 -1.466746
48  -0.000001 11.691977 -0.000008  -1.030447 0.476911 0.810966
49  0.000002 0.000000 0.000001  2.618569 -0.000036 1.570860
50  -0.000007 -0.000013 0.000003  2.272645 -0.000036 1.570861
51  -3.698879 -5.185626 -8.255502  0.019540 -2.748016 1.371852
52  0.000000 0.000000 -0.000001  0.008153 -0.000259 0.000009
53  0.000000 0.000000 -0.000000  1.565115 0.043565 -0.106862
54  4.011497 -10.594808 -8.085082  0.542638 -0.473516 -2.093013
55  0.000001 0.000000 0.000001  0.000000 -0.000001 -0.000002
56  0.000030 0.000029 0.000002  -1.571902 -0.044449 -0.106509
57  21.185059 0.869369 -18.561352  1.570796 -0.000000 0.000000
58  -16.319784 5.039393 -18.063972  1.570796 -0.000000 0.000000
59  1.239137 7.596279 -7.028192  1.570796 -0.000000 0.000000
60  -0.004311 0.001230 -0.000371  0.006898 -0.005534 -0.284229
61  0.826810 11.578514 -4.219014  1.570796 -0.000000 0.000000
62  0.000000 0.000000 0.000000  -0.078727 -3.136056 0.284226
63  0.000000 0.000000 0.000000  1.569416 -0.018090 0.003633
64  -3.061329 -7.963130 -2.138611  1.317452 -0.027099 0.028979
65  0.042352 -2.889251 0.627700  0.000000 -0.000000 0.000000
66  0.042352 -0.907088 1.190369  0.000000 -0.000000 0.000000
67  -1.331044 -1.025122 4.361371  0.000000 -0.000000 0.000000
68  0.042353 -0.884531 23.199604  0.000000 -0.000000 0.000000
69  0.042255 0.181228 5.671383  1.518154 0.000000 -0.000000
70  0.000096 0.089186 -9.714658  0.000000 -0.000000 -0.000000
71  0.042352 -0.569288 7.155122  0.000000 -0.000000 0.000000
72  -0.682762 -1.501893 3.214539  0.000000 -0.000000 0.000000
73  0.074278 -0.628098 4.762587  0.104587 -0.000000 0.000000
74  -2.821603 -13.541610 -4.924289  1.317452 -0.027099 0.028979
75  4.313336 1.959206 -0.883328  3.091524 -0.131604 0.479505
76  2.923889 1.668561 -1.111008  0.000000 0.000000 -0.872665
77  2.470070 0.711695 -1.382191  0.030907 0.021317 -0.174418
78  0.000000 0.000001 -0.000000  0.049324 0.774083 0.644683
79  0.000000 0.440763 -0.000001  0.628617 -0.545334 -0.929107
80  -0.000000 0.430557 -0.000001  -0.100418 0.134770 -0.092454
81  0.000000 0.438246 -0.000001  0.008111 -0.143034 0.370199
82  0.000000 0.433550 0.000000  -0.020541 0.121863 0.221608
83  0.000000 0.454267 0.000001  0.168570 0.226471 -1.396300
84  0.000000 0.438145 0.000001  -0.075125 0.196894 0.129990
85  -0.000000 0.444414 -0.000002  0.908310 0.678374 -0.011498
86  -0.000000 0.422925 0.000001  0.217086 0.195241 -0.031478
87  -0.000000 0.426509 0.000000  -0.716542 -3.013823 0.109217
88  -0.000001 0.432947 -0.000000  -0.697199 -1.854604 0.929934
time 111
0  0.000006 0.000000 0.000000  -1.570800 -1.391899 -1.570792
1  -8.252337 -6.146149 1.234827  -1.544956 -1.855077 -0.198630
2  6.027520 -0.000327 0.000190  -1.448062 -1.089528 -0.411129
3  11.692110 0.000644 -0.000738  -0.508318 -0.000012 -1.283544
4  11.480641 0.000236 -0.000707  1.606783 -0.225867 -0.005706
5  3.859503 -0.142823 -1.192078  -0.473984 0.187478 -0.892472
6  1.312590 0.000009 0.000008  -0.001008 0.004099 -0.195910
7  0.729355 0.000054 0.000049  -0.000728 -0.000265 -0.164727
8  3.942139 0.046331 -0.431543  -0.136308 0.099594 -0.632505
9  1.539110 0.000084 0.000004  -0.000038 0.000241 -0.567516
10  1.196333 0.000145 0.000029  -0.000009 0.000015 -0.142075
11  3.883511 -0.047211 0.431351  0.088831 0.001908 -0.353758
12  1.719572 -0.000029 0.000019  -0.002950 0.005009 -0.925463
13  1.209179 0.000090 0.000012  0.000847 0.002961 0.073008
14  4.085234 -0.082653 1.151009  0.263916 -0.245108 0.069906
15  1.719446 -0.000018 0.000028  -0.003653 -0.001877 -1.408336
16  1.099675 0.000048 0.000007  0.001193 0.002498 0.016953
17  0.806012 -0.349037 1.321248  -0.850856 -0.576374 -0.854885
18  1.789820 -0.000004 -0.000018  -0.000013 0.000269 -0.070641
19  1.207015 -0.000014 -0.000044  -0.000027 -0.000006 0.094823
20  5.740637 0.000389 -0.000700  0.005746 0.000003 0.000063
21  11.481139 0.000224 -0.000795  0.011428 -0.023522 -0.010165
22  6.027525 -0.000329 0.000200  1.911508 -0.346880 1.923968
23  0.000000 11.692099 -0.000008  -0.899337 -0.361193 -0.723245
24  0.000003 0.000009 0.000000  0.360771 -0.000031 1.570739
25  0.000001 -0.000012 -0.000000  0.868960 0.000002 1.570712
26  -6.212011 -10.642979 0.826812  1.473120 1.855075 -0.198639
27  6.027511 -0.000260 -0.000220  1.460311 0.821455 -0.554606
28  11.691992 0.000160 0.000857  0.346036 0.000047 -1.483991
29  11.480412 0.000008 0.000869  -1.245210 0.718704 0.292714
30  3.859438 -0.132758 1.193066  0.469647 -0.013262 -1.872395
31  1.312560 0.000025 -0.000001  0.024060 -0.138696 -0.550187
32  0.729346 0.000063 -0.000028  -0.166197 -0.081570 -0.714272
33  3.942047 0.050138 0.431001  0.225309 -0.086237 -1.592712
34  1.539097 0.000006 -0.000001  0.035254 -0.050373 -0.994350
35  1.196300 0.000078 -0.000003  -0.021521 0.002175 -0.839738
36  3.883414 -0.050472 -0.431084  0.184824 -0.271737 -1.204030
37  1.719564 -0.000084 -0.000005  0.022858 -0.107186 -1.509108
38  1.209197 0.000035 0.000011  0.000661 0.071072 -0.480462
39  3.859589 -0.149082 -1.331320  -0.080472 0.327601 -0.061665
40  1.719413 -0.000097 -0.000036  0.097557 0.060679 -0.377229
41  1.099674 0.000023 0.000006  -0.014718 0.004685 0.056983
42  0.805983 -0.359848 -1.318338  0.991670 0.166767 -0.799527
43  1.789779 -0.000009 -0.000042  0.000058 -0.002451 0.133098
44  1.206996 -0.000007 0.000005  0.000372 -0.000071 1.058781
45  5.740573 0.000079 0.000720  0.090384 -0.000014 0.000028
46  11.481027 0.000075 0.000919  0.039849 0.129091 0.022941
47  6.027515 -0.000273 -0.000229  -1.001562 -0.517254 -1.467581
48  -0.000002 11.691977 -0.000007  -1.019911 0.467101 0.804279
49  0.000002 -0.000000 -0.000001  2.618569 -0.000036 1.570860
50  -0.000007 -0.000013 0.000005  2.272645 -0.000036 1.570861
51  -3.769094 -5.333727 -8.246511  0.010608 -2.728574 1.367095
52  -0.000000 -0.000000 -0.000001  0.008153 -0.000259 0.000009
53  0.000000 -0.000000 0.000001  1.565115 0.043565 -0.106862
54  3.898390 -10.803450 -8.073197  0.540846 -0.494562 -2.100441
55  -0.000000 0.000000 0.000001  0.000000 -0.000001 -0.000002
56  0.000029 0.000029 0.000002  -1.571902 -0.044449 -0.106509
57  21.185059 0.869369 -18.561352  1.570796 -0.000000 0.000000
58  -16.319784 5.039393 -18.063972  1.570796 -0.000000 0.000000
59  1.239137 7.516145 -7.028192  1.570796 -0.000000 0.000000
60  -0.004311 0.001230 -0.000371  0.006898 -0.005534 -0.284229
61  0.826810 11.578514 -4.219014  1.570796 -0.000000 0.000000
62  0.000000 0.000000 0.000000  -0.078727 -3.136056 0.284226
63  0.000000 0.000000 0.000000  1.572045 0.000103 0.003876
64  -3.080817 -8.009890 -2.090070  1.300347 -0.014729 0.021074
65  0.042352 -2.889250 0.627699  -0.000000 0.000000 0.000000
66  0.042352 -0.907087 1.190368  -0.000000 0.000000 0.000000
67  -1.331044 -1.025121 4.361372  -0.000000 0.000000 0.000000
68  0.042353 -0.884530 23.199602  -0.000000 0.000000 0.000000
69  0.042255 0.181228 5.671383  1.503366 0.000000 -0.000000
70  0.000096 0.089183 -9.714658  -0.000000 0.000000 0.000000
71  0.042352 -0.569288 7.155122  -0.000000 0.000000 0.000000
72  -0.682762 -1.501893 3.214539  -0.000000 0.000000 0.000000
73  0.074278 -0.628098 4.762586  0.036591 0.000000 0.000000
74  -2.920074 -13.637688 -4.780606  1.300347 -0.014729 0.021074
75  4.284175 1.866046 -0.924447  3.064523 -0.123139 0.475722
76  2.923888 1.668562 -1.111007  -0.000000 -0.000000 -0.959931
77  2.470069 0.711695 -1.382188  0.026002 0.008806 -0.159694
78  -0.000000 -0.000000 0.000000  0.031404 0.770194 0.647050
79  -0.000001 0.440763 0.000000  0.634663 -0.542799 -0.941671
80  0.000000 0.430558 -0.000001  -0.129201 0.143517 -0.098708
81  -0.000000 0.438247 -0.000001  0.019660 -0.141834 0.335722
82  -0.000000 0.433550 0.000000  -0.007543 0.111974 0.191635
83  -0.000000 0.454267 0.000002  0.157126 0.181826 -1.397428
84  -0.000000 0.438146 -0.000002  -0.059045 0.211368 0.102619
85  -0.000000 0.444414 0.000000  0.888413 0.693104 -0.048893
86  0.000001 0.422926 0.000001  0.213862 0.214690 -0.046872
87  0.000000 0.426508 0.000001  -0.674178 -2.988159 0.113141
88  -0.000001 0.432947 -0.000000  -0.801172 -1.866402 1.030789
time 112
0  0.000006 0.000000 0.000000  -1.570800 -1.391899 -1.570792
1  -8.237120 -6.062004 1.234827  -1.544956 -1.855077 -0.198630
2  6.027520 -0.000327 0.000191  -1.421156 -1.101140 -0.432112
3  11.692110 0.000646 -0.000739  -0.508317 -0.000012 -1.265269
4  11.480781 0.000302 -0.000672  1.598244 -0.239476 -0.035693
5  3.859503 -0.142823 -1.192080  -0.473984 0.187478 -0.892472
6  1.312590 0.000009 0.000008  -0.001008 0.004099 -0.195910
7  0.729355 0.000055 0.000050  -0.000728 -0.000265 -0.164727
8  3.942141 0.046331 -0.431544  -0.136308 0.099594 -0.632505
9  1.539111 0.000083 0.000003  -0.000038 0.000241 -0.567516
10  1.196333 0.000145 0.000028  -0.000009 0.000015 -0.142075
11  3.883510 -0.047212 0.431350  0.088831 0.001908 -0.353758
12  1.719572 -0.000029 0.000017  -0.002950 0.005009 -0.925463
13  1.209179 0.000090 0.000010  0.000847 0.002961 0.073008
14  4.085234 -0.082653 1.151007  0.263916 -0.245108 0.069906
15  1.719447 -0.000019 0.000028  -0.003653 -0.001877 -1.408336
16  1.099676 0.000048 0.000004  0.001193 0.002498 0.016953
17  0.806012 -0.349038 1.321247  -0.850856 -0.576374 -0.854885
18  1.789819 -0.000003 -0.000017  -0.000013 0.000269 -0.070641
19  1.207015 -0.000013 -0.000044  -0.000027 -0.000006 0.094823
20  5.740636 0.000389 -0.000700  0.004228 0.000003 0.000063
21  11.481167 0.000235 -0.000787  0.009490 -0.026344 -0.016389
22  6.027525 -0.000329 0.000201  1.893518 -0.347481 1.933027
23  0.000000 11.692100 -0.000006  -0.888134 -0.351998 -0.715357
24  0.000003 0.000007 0.000001  0.360771 -0.000031 1.570739
25  -0.000000 -0.000011 -0.000001  0.868960 0.000002 1.570712
26  -6.212011 -10.642979 0.826812  1.473120 1.855075 -0.198639
27  6.027511 -0.000260 -0.000220  1.469156 0.821619 -0.550717
28  11.691992 0.000160 0.000859  0.346036 0.000046 -1.472189
29  11.480507 0.000063 0.000848  -1.280539 0.714281 0.265948
30  3.859436 -0.132757 1.193065  0.469647 -0.013262 -1.872395
31  1.312559 0.000026 -0.000001  0.024060 -0.138696 -0.550187
32  0.729346 0.000064 -0.000027  -0.166197 -0.081570 -0.714272
33  3.942046 0.050139 0.431001  0.225309 -0.086237 -1.592712
34  1.539096 0.000007 -0.000001  0.035254 -0.050373 -0.994350
35  1.196300 0.000078 -0.000004  -0.021521 0.002175 -0.839738
36  3.883413 -0.050472 -0.431084  0.184824 -0.271737 -1.204030
37  1.719564 -0.000085 -0.000004  0.022859 -0.107186 -1.509108
38  1.209198 0.000035 0.000010  0.000661 0.071072 -0.480462
39  3.859588 -0.149082 -1.331321  -0.080472 0.327601 -0.061665
40  1.719412 -0.000097 -0.000036  0.097557 0.060679 -0.377229
41  1.099674 0.000023 0.000008  -0.014718 0.004685 0.056983
42  0.805982 -0.359847 -1.318338  0.991670 0.166767 -0.799527
43  1.789779 -0.000009 -0.000042  0.000058 -0.002451 0.133097
44  1.206997 -0.000007 0.000005  0.000372 -0.000071 1.058780
45  5.740571 0.000080 0.000721  0.084194 -0.000014 0.000028
46  11.481045 0.000086 0.000914  0.035043 0.127009 0.020525
47  6.027515 -0.000273 -0.000229  -0.997503 -0.512371 -1.472167
48  -0.000002 11.691975 -0.000007  -1.012905 0.460623 0.799794
49  0.000003 0.000000 -0.000000  2.618569 -0.000036 1.570860
50  -0.000007 -0.000014 0.000005  2.272645 -0.000036 1.570861
51  -3.906718 -5.434915 -8.255276  -0.011863 -2.714631 1.365343
52  0.000000 0.000000 0.000000  0.008153 -0.000259 0.000009
53  -0.000001 0.000001 0.000000  1.565115 0.043565 -0.106862
54  3.703182 -10.986950 -8.204806  0.523752 -0.514348 -2.103094
55  0.000001 -0.000000 -0.000002  0.000000 -0.000001 -0.000002
56  0.000031 0.000029 -0.000001  -1.571901 -0.044449 -0.106509
57  21.185059 0.869369 -18.561352  1.570796 -0.000000 0.000000
58  -16.319784 5.039393 -18.063972  1.570796 -0.000000 0.000000
59  1.239137 7.430635 -7.028192  1.570796 -0.000000 0.000000
60  -0.004311 0.001230 -0.000371  0.006898 -0.005534 -0.284229
61  0.826810 11.578514 -4.219014  1.570796 -0.000000 0.000000
62  0.000000 0.000000 0.000000  -0.078727 -3.136056 0.284226
63  0.000000 0.000000 0.000000  1.573128 -0.002593 0.003873
64  -3.106151 -8.060776 -2.090757  1.291223 0.008339 0.010189
65  0.042352 -2.889250 0.627700  -0.000000 -0.000000 -0.000000
66  0.042352 -0.907088 1.190369  -0.000000 -0.000000 -0.000000
67  -1.331045 -1.025122 4.361372  -0.000000 -0.000000 -0.000000
68  0.042353 -0.884531 23.199606  -0.000000 -0.000000 -0.000000
69  0.042255 0.181227 5.671384  1.470820 0.000000 -0.000000
70  0.000096 0.089185 -9.714657  -0.000000 -0.000000 -0.000000
71  0.042352 -0.569288 7.155123  -0.000000 -0.000000 -0.000000
72  -0.682762 -1.501893 3.214539  -0.000000 -0.000000 -0.000000
73  0.074278 -0.628099 4.762588  -0.000000 -0.000000 -0.000000
74  -3.068069 -13.714932 -4.730072  1.291223 0.008339 0.010189
75  4.262661 1.660138 -1.014911  3.032900 -0.088613 0.461345
76  2.923889 1.668561 -1.111004  -0.000000 -0.000000 -1.047198
77  2.470069 0.711694 -1.382188  0.011894 -0.002380 -0.137787
78  0.000000 -0.000001 0.000001  0.008159 0.774815 0.652754
79  -0.000000 0.440764 -0.000000  0.633642 -0.532173 -0.957867
80  0.000000 0.430558 0.000001  -0.126990 0.141877 -0.124726
81  0.000000 0.438246 -0.000000  0.028119 -0.119835 0.267109
82  -0.000000 0.433549 -0.000001  0.009420 0.109116 0.141428
83  0.000000 0.454267 0.000001  0.136703 0.145718 -1.385213
84  -0.000000 0.438145 0.000000  -0.046339 0.229223 0.058887
85  -0.000000 0.444414 -0.000002  0.910058 0.719305 -0.040815
86  0.000001 0.422925 0.000000  0.192209 0.224998 -0.046812
87  -0.000001 0.426508 -0.000000  -0.630233 -2.972147 0.111453
88  0.000000 0.432946 -0.000000  -0.949591 -1.929395 1.168047
time 113
0  0.000006 0.000000 0.000000  -1.570800 -1.391899 -1.570792
1  -8.220996 -5.972834 1.234827  -1.544956 -1.855077 -0.198630
2  6.027520 -0.000326 0.000190  -1.403429 -1.104475 -0.445882
3  11.692112 0.000645 -0.000739  -0.508317 -0.000011 -1.261972
4  11.480806 0.000315 -0.000664  1.589450 -0.246591 -0.043804
5  3.859504 -0.142823 -1.192078  -0.473984 0.187478 -0.892472
6  1.312590 0.000010 0.000009  -0.001008 0.004099 -0.195910
7  0.729355 0.000053 0.000050  -0.000728 -0.000265 -0.164727
8  3.942141 0.046331 -0.431541  -0.136308 0.099594 -0.632505
9  1.539111 0.000083 0.000005  -0.000038 0.000241 -0.567516
10  1.196333 0.000146 0.000026  -0.000009 0.000015 -0.142075
11  3.883511 -0.047212 0.431353  0.088831 0.001908 -0.353758
12  1.719572 -0.000029 0.000018  -0.002950 0.005009 -0.925463
13  1.209179 0.000091 0.000010  0.000847 0.002961 0.073008
14  4.085235 -0.082653 1.151010  0.263916 -0.245108 0.069906
15  1.719448 -0.000018 0.000029  -0.003653 -0.001877 -1.408336
16  1.099675 0.000049 0.000006  0.001194 0.002498 0.016953
17  0.806013 -0.349038 1.321249  -0.850856 -0.576374 -0.854885
18  1.789821 -0.000005 -0.000017  -0.000013 0.000269 -0.070641
19  1.207015 -0.000014 -0.000043  -0.000027 -0.000006 0.094823
20  5.740637 0.000386 -0.000698  0.002360 0.000003 0.000063
21  11.481173 0.000237 -0.000786  0.007686 -0.027799 -0.018279
22  6.027524 -0.000329 0.000200  1.884929 -0.350629 1.938016
23  -0.000001 11.692101 -0.000006  -0.886109 -0.350348 -0.713926
24  0.000004 0.000009 -0.000001  0.360771 -0.000030 1.570739
25  -0.000000 -0.000012 0.000000  0.868960 0.000002 1.570712
26  -6.212011 -10.642979 0.826812  1.473120 1.855075 -0.198639
27  6.027511 -0.000260 -0.000220  1.474923 0.820585 -0.548073
28  11.691993 0.000160 0.000858  0.346036 0.000045 -1.468990
29  11.480536 0.000080 0.000843  -1.294973 0.711273 0.263409
30  3.859438 -0.132759 1.193066  0.469647 -0.013262 -1.872395
31  1.312559 0.000027 -0.000001  0.024060 -0.138696 -0.550187
32  0.729346 0.000064 -0.000027  -0.166197 -0.081570 -0.714272
33  3.942046 0.050138 0.431001  0.225309 -0.086237 -1.592712
34  1.539097 0.000007 -0.000002  0.035254 -0.050373 -0.994350
35  1.196300 0.000078 -0.000003  -0.021521 0.002175 -0.839738
36  3.883414 -0.050472 -0.431083  0.184824 -0.271737 -1.204030
37  1.719564 -0.000084 -0.000005  0.022858 -0.107186 -1.509108
38  1.209197 0.000034 0.000010  0.000661 0.071072 -0.480462
39  3.859589 -0.149082 -1.331320  -0.080472 0.327601 -0.061665
40  1.719412 -0.000098 -0.000036  0.097557 0.060679 -0.377229
41  1.099673 0.000024 0.000008  -0.014718 0.004685 0.056983
42  0.805984 -0.359848 -1.318338  0.991670 0.166767 -0.799527
43  1.789780 -0.000009 -0.000042  0.000058 -0.002451 0.133098
44  1.206997 -0.000007 0.000005  0.000372 -0.000071 1.058780
45  5.740573 0.000080 0.000721  0.081558 -0.000014 0.000028
46  11.481052 0.000090 0.000913  0.032683 0.126073 0.021156
47  6.027515 -0.000273 -0.000229  -0.993843 -0.509857 -1.475534
48  -0.000001 11.691977 -0.000007  -1.011004 0.458872 0.798572
49  0.000003 0.000000 0.000000  2.618569 -0.000036 1.570860
50  -0.000007 -0.000013 0.000004  2.272645 -0.000036 1.570861
51  -3.984790 -5.466207 -8.244614  -0.025302 -2.714197 1.362749
52  -0.000000 0.000000 -0.000000  0.008153 -0.000259 0.000009
53  0.000000 0.000000 0.000001  1.565115 0.043565 -0.106862
54  3.579529 -11.080164 -8.297293  0.510589 -0.518680 -2.104755
55  -0.000001 0.000000 -0.000000  0.000000 -0.000001 -0.000002
56  0.000030 0.000029 0.000002  -1.571901 -0.044449 -0.106509
57  21.185059 0.869369 -18.561352  1.570796 -0.000000 0.000000
58  -16.319784 5.039393 -18.063972  1.570796 -0.000000 0.000000
59  1.239137 7.340019 -7.028192  1.570796 -0.000000 0.000000
60  -0.004311 0.001230 -0.000371  0.006898 -0.005534 -0.284229
61  0.826810 11.578514 -4.219014  1.570796 -0.000000 0.000000
62  0.000000 0.000000 0.000000  -0.078727 -3.136056 0.284226
63  0.000000 0.000000 0.000000  1.571342 -0.007592 0.003961
64  -3.131485 -8.111662 -2.095567  1.293383 0.020386 0.002058
65  0.042352 -2.889251 0.627701  -0.000000 -0.000000 0.000000
66  0.042352 -0.907088 1.190368  -0.000000 -0.000000 0.000000
67  -1.331044 -1.025122 4.361372  -0.000000 -0.000000 0.000000
68  0.042353 -0.884532 23.199604  -0.000000 -0.000000 0.000000
69  0.042255 0.181227 5.671383  1.438274 0.000000 -0.000000
70  0.000096 0.089184 -9.714657  0.000000 -0.000000 0.000000
71  0.042352 -0.569288 7.155122  -0.000000 -0.000000 0.000000
72  -0.682762 -1.501893 3.214539  -0.000000 -0.000000 0.000000
73  0.074278 -0.628099 4.762586  0.059070 0.000000 0.000000
74  -3.171430 -13.760292 -4.746660  1.293383 0.020386 0.002058
75  4.247904 1.454076 -1.105378  3.006386 -0.051777 0.437425
76  2.923888 1.668561 -1.111007  0.000000 0.000000 -1.047198
77  2.470070 0.711694 -1.382189  -0.000091 -0.006907 -0.113933
78  0.000000 -0.000001 -0.000001  -0.006758 0.781380 0.666044
79  -0.000001 0.440764 -0.000001  0.634893 -0.516732 -0.977944
80  -0.000000 0.430559 0.000002  -0.119351 0.138978 -0.162712
81  0.000000 0.438246 0.000002  0.031290 -0.089016 0.178777
82  -0.000000 0.433549 -0.000001  0.022831 0.111598 0.078638
83  -0.000000 0.454265 0.000002  0.118734 0.124588 -1.302729
84  -0.000000 0.438146 0.000001  -0.033463 0.244396 0.008556
85  -0.000000 0.444415 0.000003  0.955511 0.747275 -0.012388
86  0.000001 0.422926 -0.000000  0.174080 0.227702 -0.032291
87  0.000000 0.426508 0.000001  -0.598202 -2.969521 0.113300
88  -0.000002 0.432946 0.000000  -1.036801 -2.004603 1.241517
time 114
0  0.000006 0.000000 0.000000  -1.570800 -1.391899 -1.570792
1  -8.204006 -5.878884 1.234827  -1.544956 -1.855077 -0.198630
2  6.027520 -0.000327 0.000190  -1.404279 -1.100189 -0.445164
3  11.692111 0.000644 -0.000739  -0.508318 -0.000012 -1.271764
4  11.480728 0.000275 -0.000685  1.588652 -0.243772 -0.033920
5  3.859503 -0.142823 -1.192080  -0.473984 0.187478 -0.892472
6  1.312590 0.000010 0.000009  -0.001008 0.004099 -0.195910
7  0.729355 0.000054 0.000050  -0.000728 -0.000265 -0.164727
8  3.942141 0.046331 -0.431542  -0.136308 0.099594 -0.632505
9  1.539110 0.000082 0.000004  -0.000038 0.000241 -0.567516
10  1.196333 0.000147 0.000027  -0.000009 0.000015 -0.142075
11  3.883510 -0.047212 0.431351  0.088831 0.001908 -0.353758
12  1.719572 -0.000028 0.000018  -0.002950 0.005010 -0.925463
13  1.209179 0.000090 0.000012  0.000847 0.002961 0.073008
14  4.085234 -0.082653 1.151009  0.263916 -0.245108 0.069906
15  1.719449 -0.000018 0.000029  -0.003653 -0.001877 -1.408336
16  1.099675 0.000047 0.000005  0.001194 0.002498 0.016953
17  0.806011 -0.349038 1.321248  -0.850856 -0.576374 -0.854885
18  1.789820 -0.000004 -0.000017  -0.000013 0.000269 -0.070641
19  1.207015 -0.000014 -0.000043  -0.000027 -0.000006 0.094823
20  5.740635 0.000388 -0.000699  0.002098 0.000003 0.000063
21  11.481156 0.000229 -0.000790  0.007632 -0.027225 -0.016337
22  6.027525 -0.000329 0.000200  1.888367 -0.353476 1.936790
23  0.000000 11.692100 -0.000007  -0.892120 -0.355256 -0.718170
24  0.000003 0.000008 -0.000001  0.360771 -0.000031 1.570739
25  0.000001 -0.000012 0.000000  0.868960 0.000002 1.570712
26  -6.212011 -10.642979 0.826812  1.473120 1.855075 -0.198639
27  6.027511 -0.000260 -0.000220  1.473964 0.821873 -0.548620
28  11.691992 0.000159 0.000857  0.346036 0.000045 -1.467377
29  11.480549 0.000088 0.000841  -1.286964 0.713080 0.272054
30  3.859437 -0.132759 1.193064  0.469647 -0.013262 -1.872395
31  1.312559 0.000027 -0.000000  0.024060 -0.138696 -0.550187
32  0.729346 0.000064 -0.000027  -0.166197 -0.081570 -0.714272
33  3.942047 0.050138 0.430999  0.225309 -0.086237 -1.592712
34  1.539097 0.000005 -0.000001  0.035254 -0.050373 -0.994350
35  1.196301 0.000078 -0.000003  -0.021521 0.002175 -0.839738
36  3.883414 -0.050473 -0.431085  0.184824 -0.271737 -1.204030
37  1.719564 -0.000085 -0.000005  0.022858 -0.107186 -1.509108
38  1.209196 0.000036 0.000012  0.000661 0.071072 -0.480462
39  3.859589 -0.149082 -1.331321  -0.080472 0.327601 -0.061665
40  1.719412 -0.000098 -0.000037  0.097557 0.060679 -0.377229
41  1.099673 0.000024 0.000008  -0.014718 0.004685 0.056983
42  0.805984 -0.359848 -1.318339  0.991670 0.166767 -0.799527
43  1.789780 -0.000010 -0.000042  0.000058 -0.002451 0.133097
44  1.206996 -0.000007 0.000006  0.000372 -0.000071 1.058780
45  5.740574 0.000080 0.000721  0.082736 -0.000014 0.000028
46  11.481056 0.000093 0.000913  0.033618 0.126726 0.022178
47  6.027515 -0.000273 -0.000229  -0.995473 -0.509606 -1.474583
48  -0.000001 11.691977 -0.000006  -1.010045 0.457990 0.797955
49  0.000003 -0.000000 -0.000000  2.618569 -0.000036 1.570860
50  -0.000007 -0.000013 0.000006  2.272645 -0.000036 1.570861
51  -3.970961 -5.477758 -8.246943  -0.021718 -2.720455 1.359140
52  -0.000000 0.000000 -0.000001  0.008153 -0.000259 0.000009
53  0.000000 -0.000000 -0.000000  1.565115 0.043565 -0.106862
54  3.581587 -11.107570 -8.296211  0.511845 -0.511706 -2.107508
55  -0.000000 -0.000000 0.000000  0.000000 -0.000001 -0.000002
56  0.000030 0.000028 0.000001  -1.571901 -0.044449 -0.106509
57  21.185059 0.869369 -18.561352  1.570796 -0.000000 0.000000
58  -16.319784 5.039393 -18.063972  1.570796 -0.000000 0.000000
59  1.239137 7.244545 -7.028192  1.570796 -0.000000 0.000000
60  -0.004311 0.001230 -0.000371  0.006898 -0.005534 -0.284229
61  0.826810 11.578514 -4.219014  1.570796 -0.000000 0.000000
62  0.000000 0.000000 0.000000  -0.078727 -3.136056 0.284226
63  0.000000 0.000000 0.000000  1.567427 -0.010278 0.004221
64  -3.150973 -8.158422 -2.108620  1.298820 0.015882 0.000022
65  0.042352 -2.889250 0.627698  0.000000 -0.000000 -0.000000
66  0.042352 -0.907088 1.190368  0.000000 -0.000000 -0.000000
67  -1.331044 -1.025121 4.361371  0.000000 -0.000000 -0.000000
68  0.042353 -0.884529 23.199602  0.000000 -0.000000 -0.000000
69  0.042255 0.181228 5.671382  1.423485 0.000000 -0.000000
70  0.000096 0.089184 -9.714657  0.000000 0.000000 -0.000000
71  0.042352 -0.569288 7.155122  0.000000 -0.000000 -0.000000
72  -0.682762 -1.501893 3.214538  0.000000 -0.000000 -0.000000
73  0.074278 -0.628098 4.762586  0.049842 0.000000 -0.000000
74  -3.190965 -13.792459 -4.790586  1.298820 0.015882 0.000022
75  4.239020 1.360461 -1.146496  2.995528 -0.035833 0.406871
76  2.923889 1.668561 -1.111006  -0.000000 -0.000000 -1.047198
77  2.470070 0.711694 -1.382185  -0.004406 -0.004868 -0.095648
78  -0.000000 0.000001 0.000000  -0.008329 0.785818 0.683228
79  -0.000001 0.440764 -0.000000  0.637722 -0.505171 -0.991828
80  0.000000 0.430558 -0.000002  -0.105070 0.134140 -0.193791
81  -0.000000 0.438247 -0.000002  0.027212 -0.062413 0.107077
82  0.000000 0.433550 -0.000001  0.028109 0.116170 0.031622
83  0.000000 0.454267 0.000001  0.108573 0.114285 -1.172089
84  -0.000000 0.438146 -0.000000  -0.020857 0.251023 -0.030412
85  -0.000000 0.444415 0.000001  1.010496 0.762057 0.018403
86  0.000000 0.422927 -0.000001  0.173843 0.220393 -0.012024
87  0.000001 0.426508 0.000000  -0.599902 -2.981827 0.114618
88  -0.000002 0.432947 0.000000  -1.059605 -2.049694 1.258021
time 115
0  0.000006 0.000000 0.000000  -1.570800 -1.391899 -1.570792
1  -8.186195 -5.780386 1.234827  -1.544956 -1.855077 -0.198630
2  6.027520 -0.000328 0.000190  -1.411100 -1.089421 -0.439305
3  11.692110 0.000644 -0.000739  -0.508319 -0.000013 -1.292214
4  11.480571 0.000202 -0.000726  1.591170 -0.243320 -0.014295
5  3.859503 -0.142823 -1.192079  -0.459210 0.197769 -0.834364
6  1.312590 0.000010 0.000008  0.001852 0.004784 -0.197585
7  0.729356 0.000055 0.000050  -0.000034 0.001992 -0.166459
8  3.942141 0.046331 -0.431543  -0.126387 0.098521 -0.541709
9  1.539110 0.000083 0.000004  -0.000636 -0.001599 -0.524617
10  1.196333 0.000147 0.000029  0.000310 0.000181 -0.151780
11  3.883511 -0.047212 0.431351  0.093778 0.009203 -0.300076
12  1.719573 -0.000028 0.000017  0.000429 0.007876 -0.804921
13  1.209179 0.000090 0.000012  0.000756 0.003339 0.051626
14  4.085234 -0.082653 1.151008  0.274677 -0.222722 0.031264
15  1.719448 -0.000018 0.000029  -0.000210 0.002112 -1.122679
16  1.099675 0.000050 0.000008  0.001230 0.003107 -0.000180
17  0.814821 -0.390573 1.305723  -0.841664 -0.576991 -0.834027
18  1.789820 -0.000004 -0.000017  -0.000734 0.002178 -0.038586
19  1.207014 -0.000013 -0.000043  -0.000259 -0.000012 0.057857
20  5.740636 0.000388 -0.000700  0.001996 0.000003 0.000063
21  11.481125 0.000215 -0.000798  0.008340 -0.027099 -0.012340
22  6.027525 -0.000329 0.000200  1.898726 -0.359085 1.932973
23  0.000001 11.692101 -0.000008  -0.904639 -0.365584 -0.726958
24  0.000003 0.000008 0.000000  0.360771 -0.000030 1.570739
25  -0.000000 -0.000011 0.000000  0.868960 0.000002 1.570712
26  -6.212011 -10.642979 0.826812  1.473120 1.855075 -0.198639
27  6.027511 -0.000260 -0.000220  1.471000 0.822823 -0.550023
28  11.691992 0.000159 0.000857  0.346036 0.000045 -1.467133
29  11.480549 0.000090 0.000841  -1.271901 0.711798 0.282810
30  3.859437 -0.132758 1.193066  0.469647 -0.013262 -1.872395
31  1.312559 0.000028 -0.000001  0.024060 -0.138696 -0.550187
32  0.729345 0.000065 -0.000027  -0.166197 -0.081570 -0.714273
33  3.942048 0.050139 0.431000  0.225309 -0.086237 -1.592712
34  1.539097 0.000006 0.000000  0.035254 -0.050373 -0.994350
35  1.196300 0.000077 -0.000003  -0.021521 0.002175 -0.839738
36  3.883415 -0.050472 -0.431084  0.184824 -0.271737 -1.204030
37  1.719564 -0.000085 -0.000004  0.022858 -0.107186 -1.509108
38  1.209197 0.000035 0.000010  0.000661 0.071072 -0.480462
39  3.859588 -0.149081 -1.331320  -0.080471 0.327601 -0.061665
40  1.719412 -0.000099 -0.000035  0.097557 0.060679 -0.377229
41  1.099674 0.000024 0.000008  -0.014718 0.004685 0.056983
42  0.805984 -0.359847 -1.318338  0.991670 0.166767 -0.799527
43  1.789780 -0.000009 -0.000042  0.000058 -0.002451 0.133097
44  1.206997 -0.000008 0.000005  0.000372 -0.000071 1.058780
45  5.740572 0.000080 0.000720  0.084979 -0.000014 0.000028
46  11.481053 0.000094 0.000914  0.035839 0.126975 0.023195
47  6.027515 -0.000273 -0.000229  -0.997734 -0.510644 -1.472711
48  -0.000001 11.691977 -0.000008  -1.009900 0.457856 0.797862
49  0.000003 0.000001 -0.000000  2.618569 -0.000036 1.570860
50  -0.000007 -0.000012 0.000005  2.272645 -0.000036 1.570861
51  -3.936661 -5.475850 -8.260046  -0.014049 -2.729254 1.360205
52  0.000000 -0.000000 -0.000001  0.008153 -0.000259 0.000009
53  0.000000 0.000000 0.000000  1.565115 0.043565 -0.106862
54  3.639611 -11.073863 -8.283548  0.516237 -0.501130 -2.105469
55  -0.000000 0.000000 -0.000001  0.000000 -0.000001 -0.000002
56  0.000029 0.000029 0.000001  -1.571901 -0.044449 -0.106509
57  21.185059 0.869369 -18.561352  1.570796 -0.000000 0.000000
58  -16.319784 5.039393 -18.063972  1.570796 -0.000000 0.000000
59  1.239137 7.144451 -7.028192  1.570796 -0.000000 0.000000
60  -0.004311 0.001230 -0.000371  0.006898 -0.005534 -0.284229
61  0.826810 11.578514 -4.219014  1.570796 -0.000000 0.000000
62  0.000000 0.000000 0.000000  -0.078727 -3.136056 0.284226
63  0.000000 0.000000 0.000000  1.563517 -0.009944 0.004606
64  -3.158768 -8.196931 -2.134041  1.305936 0.007166 0.004274
65  0.042352 -2.889249 0.627700  0.000000 0.000000 0.000000
66  0.042352 -0.907087 1.190367  0.000000 0.000000 0.000000
67  -1.331044 -1.025122 4.361372  0.000000 0.000000 0.000000
68  0.042353 -0.884531 23.199606  0.000000 0.000000 0.000000
69  0.042255 0.181228 5.671383  1.435289 0.000000 -0.000000
70  0.000096 0.089184 -9.714656  0.000000 0.000000 0.000000
71  0.042352 -0.569288 7.155124  0.000000 0.000000 0.000000
72  -0.682762 -1.501893 3.214540  0.000000 0.000000 0.000000
73  0.074278 -0.628098 4.762586  0.029535 0.000000 0.000000
74  -3.151798 -13.811761 -4.856277  1.305936 0.007166 0.004274
75  4.233243 1.372397 -1.138843  3.033880 -0.028052 0.372316
76  2.923889 1.668561 -1.111007  0.000000 0.000000 -1.047198
77  2.470069 0.711694 -1.382187  -0.000106 0.001633 -0.092439
78  0.000000 0.000000 0.000001  0.002035 0.785741 0.693892
79  0.000001 0.440764 -0.000001  0.641148 -0.503110 -0.993622
80  -0.000000 0.430558 -0.000002  -0.083592 0.127240 -0.201736
81  0.000000 0.438246 0.000003  0.020311 -0.052476 0.086713
82  -0.000000 0.433550 0.000001  0.023628 0.117623 0.022166
83  -0.000000 0.454267 0.000000  0.102786 0.103910 -1.098015
84  0.000000 0.438145 0.000001  -0.018734 0.244672 -0.046875
85  -0.000000 0.444414 0.000001  1.034216 0.758177 0.020185
86  -0.000001 0.422926 -0.000000  0.182292 0.204440 -0.007946
87  -0.000001 0.426507 -0.000000  -0.627695 -2.996692 0.096372
88  -0.000001 0.432948 -0.000000  -1.057418 -2.050641 1.275058
time 116
0  0.000006 0.000000 0.000000  -1.570800 -1.391899 -1.570792
1  -8.167601 -5.677558 1.234827  -1.544956 -1.855077 -0.198630
2  6.027520 -0.000328 0.000190  -1.427870 -1.058173 -0.417596
3  11.692109 0.000646 -0.000739  -0.500266 -0.000015 -1.332102
4  11.480289 0.000058 -0.000803  1.588996 -0.267048 -0.011805
5  3.859503 -0.142823 -1.192079  -0.423853 0.216743 -0.708853
6  1.312589 0.000008 0.000007  0.008690 0.012914 -0.211077
7  0.729355 0.000055 0.000050  0.001435 0.007955 -0.181270
8  3.942141 0.046331 -0.431543  -0.104990 0.093070 -0.346665
9  1.539109 0.000084 0.000005  -0.002179 -0.005445 -0.432723
10  1.196333 0.000146 0.000030  0.000986 0.000646 -0.208387
11  3.883511 -0.047212 0.431351  0.105752 0.021512 -0.160454
12  1.719573 -0.000028 0.000016  0.008736 0.012558 -0.544870
13  1.209179 0.000091 0.000013  0.000442 0.004156 -0.020022
14  4.085234 -0.082653 1.151009  0.293490 -0.173254 -0.050036
15  1.719448 -0.000018 0.000027  0.010553 0.006605 -0.481589
16  1.099674 0.000049 0.000006  0.001254 0.004421 -0.054344
17  0.841117 -0.514551 1.259383  -0.820618 -0.581921 -0.777281
18  1.789820 -0.000004 -0.000018  -0.001990 0.006360 0.054979
19  1.207016 -0.000013 -0.000043  -0.000755 -0.000052 -0.023641
20  5.740636 0.000389 -0.000699  0.000101 0.000003 0.000063
21  11.481069 0.000187 -0.000813  0.008040 -0.031850 -0.011887
22  6.027525 -0.000329 0.000200  1.928400 -0.375621 1.929281
23  -0.000001 11.692099 -0.000006  -0.928923 -0.386021 -0.743798
24  0.000005 0.000009 0.000000  0.368826 -0.000030 1.570739
25  -0.000001 -0.000012 0.000000  0.868960 0.000002 1.570712
26  -6.212011 -10.642979 0.826812  1.473120 1.855075 -0.198639
27  6.027511 -0.000260 -0.000220  1.466814 0.821897 -0.551779
28  11.691994 0.000162 0.000858  0.346036 0.000045 -1.467604
29  11.480546 0.000086 0.000841  -1.257066 0.707038 0.290124
30  3.859437 -0.132759 1.193066  0.469647 -0.013262 -1.872395
31  1.312559 0.000028 -0.000001  0.024060 -0.138696 -0.550187
32  0.729345 0.000065 -0.000028  -0.166197 -0.081570 -0.714272
33  3.942046 0.050138 0.431001  0.225309 -0.086237 -1.592712
34  1.539097 0.000006 -0.000002  0.035254 -0.050373 -0.994350
35  1.196301 0.000078 -0.000004  -0.021521 0.002175 -0.839738
36  3.883414 -0.050473 -0.431083  0.184824 -0.271737 -1.204030
37  1.719563 -0.000085 -0.000004  0.022858 -0.107186 -1.509108
38  1.209197 0.000035 0.000010  0.000661 0.071072 -0.480462
39  3.859588 -0.149082 -1.331320  -0.080472 0.327601 -0.061665
40  1.719412 -0.000099 -0.000035  0.097557 0.060679 -0.377229
41  1.099674 0.000024 0.000006  -0.014718 0.004685 0.056982
42  0.805984 -0.359848 -1.318338  0.991670 0.166767 -0.799527
43  1.789780 -0.000009 -0.000042  0.000058 -0.002451 0.133098
44  1.206997 -0.000007 0.000006  0.000372 -0.000071 1.058780
45  5.740573 0.000078 0.000721  0.086976 -0.000014 0.000028
46  11.481053 0.000092 0.000914  0.038342 0.126504 0.023692
47  6.027515 -0.000273 -0.000229  -0.998865 -0.513472 -1.470846
48  0.000000 11.691977 -0.000007  -1.010180 0.458114 0.798042
49  0.000003 0.000000 -0.000000  2.618569 -0.000036 1.570860
50  -0.000006 -0.000014 0.000004  2.272645 -0.000036 1.570861
51  -3.910015 -5.464719 -8.301732  -0.006992 -2.737932 1.365936
52  0.000001 -0.000000 -0.000001  0.008153 -0.000259 0.000009
53  -0.000000 -0.000000 0.000000  1.565115 0.043565 -0.106862
54  3.912049 -10.942401 -8.373037  0.519075 -0.516491 -2.089972
55  -0.000000 -0.000000 -0.000001  0.000000 -0.000001 -0.000002
56  0.000029 0.000029 0.000001  -1.571901 -0.044449 -0.106509
57  21.191504 0.914876 -18.428101  1.570796 -0.000000 0.000000
58  -16.319784 5.039393 -18.063972  1.570796 -0.000000 0.000000
59  1.239137 7.039955 -7.028192  1.570796 -0.000000 0.000000
60  -0.004311 0.001230 -0.000371  0.006898 -0.005534 -0.284229
61  0.826810 11.578514 -4.219014  1.570796 -0.000000 0.000000
62  0.000000 0.000000 0.000000  -0.078727 -3.136056 0.284226
63  0.000000 0.000000 0.000000  1.561741 -0.009019 0.005076
64  -3.158490 -8.223062 -2.189114  1.313021 -0.001024 0.012828
65  0.042352 -2.889250 0.627700  -0.000000 -0.000000 0.000000
66  0.042352 -0.907087 1.190368  -0.000000 -0.000000 0.000000
67  -1.331044 -1.025121 4.361372  -0.000000 -0.000000 0.000000
68  0.042353 -0.884531 23.199604  -0.000000 -0.000000 0.000000
69  0.042255 0.181228 5.671382  1.447093 0.000000 -0.000000
70  0.000096 0.089185 -9.714657  -0.000000 -0.000000 0.000000
71  0.042352 -0.569288 7.155122  -0.000000 -0.000000 0.000000
72  -0.682762 -1.501893 3.214539  -0.000000 -0.000000 0.000000
73  0.074278 -0.628098 4.762586  0.009229 0.000000 0.000000
74  -3.081409 -13.817910 -4.951113  1.313021 -0.001024 0.012828
75  4.229114 1.396835 -1.124564  3.104617 -0.010255 0.343301
76  2.923889 1.668562 -1.111006  0.000000 -0.000000 -1.047198
77  2.470069 0.711697 -1.382190  0.005990 0.008906 -0.095445
78  -0.000000 0.000001 0.000000  0.014611 0.784514 0.699815
79  -0.000001 0.440765 -0.000001  0.642856 -0.505764 -0.989254
80  -0.000000 0.430557 -0.000000  -0.060122 0.119479 -0.200373
81  0.000000 0.438246 -0.000001  0.014661 -0.053619 0.093929
82  0.000000 0.433550 0.000000  0.015130 0.116457 0.028627
83  -0.000000 0.454267 0.000001  0.098690 0.091551 -1.092880
84  -0.000000 0.438146 0.000002  -0.026227 0.232600 -0.049252
85  -0.000000 0.444415 0.000000  1.019205 0.748585 -0.002285
86  0.000001 0.422925 0.000000  0.184115 0.189547 -0.024088
87  -0.000000 0.426509 0.000000  -0.649478 -3.002498 0.063914
88  0.000000 0.432948 0.000000  -1.050809 -2.029249 1.304118
time 117
0  0.000006 0.000000 0.000000  -1.570800 -1.391899 -1.570792
1  -8.148260 -5.570603 1.234827  -1.544956 -1.855077 -0.198630
2  6.027518 -0.000327 0.000191  -1.455148 -0.998468 -0.373266
3  11.692108 0.000644 -0.000740  -0.475415 -0.000018 -1.394037
4  11.479897 -0.000154 -0.000902  1.582544 -0.331548 -0.054382
5  3.859503 -0.142823 -1.192078  -0.402191 0.223576 -0.649778
6  1.312590 0.000011 0.000007  0.013350 0.034240 -0.243300
7  0.729355 0.000055 0.000050  0.001975 0.013720 -0.217265
8  3.942140 0.046331 -0.431542  -0.093809 0.088666 -0.256013
9  1.539112 0.000084 0.000003  -0.003019 -0.007189 -0.389819
10  1.196333 0.000146 0.000028  0.001263 0.001153 -0.329399
11  3.883511 -0.047212 0.431352  0.111908 0.020319 -0.030585
12  1.719573 -0.000029 0.000018  0.012937 0.013965 -0.424293
13  1.209179 0.000091 0.000012  0.000016 0.004550 -0.121805
14  4.085235 -0.082653 1.151009  0.297991 -0.149052 -0.087300
15  1.719449 -0.000019 0.000028  0.015810 0.006247 -0.195898
16  1.099674 0.000048 0.000006  0.001177 0.005068 -0.125727
17  0.882516 -0.709730 1.186431  -0.807494 -0.592831 -0.718908
18  1.789820 -0.000004 -0.000017  -0.002170 0.008436 0.164495
19  1.207015 -0.000013 -0.000044  -0.000985 -0.000088 -0.067813
20  5.740636 0.000389 -0.000700  -0.003537 0.000003 0.000063
21  11.480989 0.000144 -0.000833  0.006285 -0.044817 -0.020531
22  6.027524 -0.000329 0.000201  1.985915 -0.406201 1.928316
23  -0.000001 11.692100 -0.000007  -0.966300 -0.418486 -0.769153
24  0.000002 0.000007 0.000000  0.393680 -0.000030 1.570739
25  -0.000001 -0.000012 0.000000  0.868960 0.000002 1.570712
26  -6.212011 -10.642979 0.826812  1.473120 1.855075 -0.198639
27  6.027511 -0.000260 -0.000220  1.462602 0.817897 -0.553208
28  11.691993 0.000160 0.000858  0.346036 0.000045 -1.468305
29  11.480540 0.000081 0.000842  -1.249584 0.699466 0.289665
30  3.859437 -0.132758 1.193066  0.469647 -0.013262 -1.872395
31  1.312558 0.000026 -0.000001  0.024060 -0.138696 -0.550187
32  0.729346 0.000064 -0.000028  -0.166197 -0.081570 -0.714272
33  3.942047 0.050139 0.431001  0.225309 -0.086237 -1.592712
34  1.539097 0.000005 0.000000  0.035254 -0.050373 -0.994350
35  1.196301 0.000077 -0.000003  -0.021521 0.002175 -0.839738
36  3.883414 -0.050472 -0.431083  0.184824 -0.271737 -1.204030
37  1.719563 -0.000085 -0.000004  0.022859 -0.107186 -1.509108
38  1.209197 0.000035 0.000011  0.000661 0.071072 -0.480462
39  3.859589 -0.149081 -1.331320  -0.080472 0.327601 -0.061665
40  1.719413 -0.000097 -0.000036  0.097557 0.060679 -0.377229
41  1.099674 0.000023 0.000007  -0.014718 0.004685 0.056983
42  0.805984 -0.359847 -1.318337  0.991670 0.166767 -0.799527
43  1.789780 -0.000007 -0.000042  0.000058 -0.002451 0.133098
44  1.206997 -0.000008 0.000005  0.000372 -0.000071 1.058781
45  5.740573 0.000077 0.000720  0.087505 -0.000013 0.000028
46  11.481052 0.000089 0.000913  0.040037 0.125196 0.023336
47  6.027515 -0.000273 -0.000229  -0.997219 -0.518185 -1.470007
48  -0.000000 11.691978 -0.000007  -1.010597 0.458497 0.798311
49  0.000003 0.000000 -0.000000  2.618569 -0.000036 1.570860
50  -0.000006 -0.000012 0.000004  2.272645 -0.000036 1.570861
51  -3.917577 -5.448297 -8.381218  -0.005079 -2.743887 1.375034
52  0.000000 0.000000 -0.000001  0.008153 -0.000259 0.000009
53  0.000000 0.000000 0.000001  1.565115 0.043565 -0.106862
54  4.503584 -10.689556 -8.611014  0.525082 -0.587244 -2.059979
55  -0.000001 -0.000000 0.000001  0.000000 -0.000001 -0.000002
56  0.000029 0.000029 0.000002  -1.571901 -0.044449 -0.106509
57  21.210938 1.052097 -18.025059  1.570796 -0.000000 0.000000
58  -16.319784 5.039393 -18.063972  1.570796 -0.000000 0.000000
59  1.239137 6.931265 -7.028192  1.570796 -0.000000 0.000000
60  -0.004311 0.001230 -0.000371  0.006898 -0.005534 -0.284229
61  0.826810 11.578514 -4.219014  1.570796 -0.000000 0.000000
62  0.000000 0.000000 0.000000  -0.078727 -3.136056 0.284226
63  0.000000 0.000000 0.000000  1.561905 -0.007581 0.005603
64  -3.156545 -8.232689 -2.281601  1.318454 -0.004032 0.022658
65  0.042352 -2.889250 0.627700  -0.000000 -0.000000 -0.000000
66  0.042352 -0.907087 1.190367  -0.000000 -0.000000 -0.000000
67  -1.331044 -1.025121 4.361372  -0.000000 -0.000000 -0.000000
68  0.042353 -0.884530 23.199606  -0.000000 -0.000000 -0.000000
69  0.042256 0.181228 5.671383  1.435289 0.000000 -0.000000
70  0.000096 0.089183 -9.714658  -0.000000 -0.000000 -0.000000
71  0.042352 -0.569288 7.155123  -0.000000 -0.000000 -0.000000
72  -0.682762 -1.501893 3.214539  -0.000000 -0.000000 -0.000000
73  0.074278 -0.628098 4.762588  -0.000000 -0.000000 -0.000000
74  -3.016384 -13.811234 -5.073928  1.318454 -0.004032 0.022658
75  4.227692 1.417137 -1.116686  -3.138334 -0.000819 0.331577
76  2.923889 1.668561 -1.111006  0.000000 0.000000 -1.047198
77  2.470069 0.711694 -1.382190  0.007854 0.013631 -0.096647
78  0.000000 0.000000 0.000000  0.021108 0.785412 0.703193
79  -0.000000 0.440763 -0.000000  0.641483 -0.507353 -0.984596
80  0.000000 0.430558 -0.000002  -0.038850 0.113181 -0.200433
81  0.000000 0.438246 -0.000001  0.010698 -0.053539 0.099405
82  -0.000000 0.433550 0.000001  0.010395 0.116470 0.033585
83  0.000001 0.454267 0.000001  0.096050 0.085388 -1.088631
84  0.000000 0.438145 -0.000000  -0.030113 0.226562 -0.050125
85  -0.000000 0.444415 -0.000000  1.012236 0.743664 -0.014019
86  -0.000001 0.422926 0.000000  0.186615 0.181574 -0.032816
87  -0.000002 0.426508 0.000000  -0.657051 -3.005779 0.048355
88  0.000002 0.432947 -0.000000  -1.041869 -2.016123 1.315690
time 118
0  0.000006 0.000000 0.000000  -1.570800 -1.391899 -1.570792
1  -8.128208 -5.459717 1.234827  -1.544956 -1.855077 -0.198630
2  6.027518 -0.000328 0.000191  -1.477307 -0.937476 -0.320313
3  11.692109 0.000645 -0.000739  -0.433270 -0.000022 -1.454096
4  11.479411 -0.000441 -0.001012  1.580860 -0.420104 -0.127309
5  3.859503 -0.142823 -1.192080  -0.395441 0.238187 -0.659114
6  1.312591 0.000011 0.000007  0.010016 0.080374 -0.337986
7  0.729355 0.000054 0.000050  -0.004242 0.019062 -0.364634
8  3.942141 0.046331 -0.431543  -0.090770 0.095803 -0.274669
9  1.539110 0.000083 0.000004  -0.002519 -0.002560 -0.437987
10  1.196332 0.000145 0.000027  0.000634 0.001623 -0.534777
11  3.883511 -0.047212 0.431351  0.097775 -0.013709 0.080947
12  1.719573 -0.000028 0.000016  0.006523 0.001548 -0.498431
13  1.209180 0.000090 0.000011  0.000660 0.003841 -0.263150
14  4.085235 -0.082653 1.151007  0.279935 -0.180407 -0.042835
15  1.719448 -0.000018 0.000028  0.012433 -0.001526 -0.316013
16  1.099675 0.000048 0.000006  0.001971 0.005046 -0.197695
17  0.932947 -0.947488 1.097561  -0.800886 -0.608887 -0.669357
18  1.789819 -0.000005 -0.000017  -0.001621 0.008398 0.293458
19  1.207015 -0.000014 -0.000043  -0.000976 -0.000091 -0.074687
20  5.740635 0.000388 -0.000699  -0.006464 0.000003 0.000064
21  11.480890 0.000086 -0.000854  0.004199 -0.062589 -0.034913
22  6.027525 -0.000329 0.000200  2.045591 -0.436406 1.938593
23  -0.000002 11.692102 -0.000007  -1.002211 -0.450777 -0.792810
24  0.000004 0.000009 -0.000000  0.435827 -0.000031 1.570738
25  -0.000001 -0.000010 -0.000001  0.868960 0.000002 1.570712
26  -6.212011 -10.642979 0.826812  1.473120 1.855075 -0.198639
27  6.027511 -0.000260 -0.000220  1.459877 0.810880 -0.553623
28  11.691991 0.000160 0.000859  0.346036 0.000045 -1.468632
29  11.480537 0.000082 0.000842  -1.255614 0.689899 0.278863
30  3.859437 -0.132758 1.193066  0.469647 -0.013262 -1.872395
31  1.312559 0.000026 -0.000001  0.024060 -0.138696 -0.550187
32  0.729345 0.000063 -0.000029  -0.166197 -0.081570 -0.714272
33  3.942046 0.050139 0.431000  0.225309 -0.086237 -1.592712
34  1.539097 0.000005 -0.000002  0.035254 -0.050373 -0.994350
35  1.196301 0.000078 -0.000004  -0.021521 0.002175 -0.839738
36  3.883414 -0.050472 -0.431084  0.184824 -0.271737 -1.204030
37  1.719564 -0.000085 -0.000005  0.022858 -0.107186 -1.509108
38  1.209197 0.000036 0.000011  0.000661 0.071072 -0.480462
39  3.859588 -0.149082 -1.331321  -0.080472 0.327601 -0.061665
40  1.719414 -0.000099 -0.000035  0.097557 0.060679 -0.377229
41  1.099675 0.000023 0.000008  -0.014718 0.004685 0.056983
42  0.805983 -0.359848 -1.318338  0.991670 0.166767 -0.799527
43  1.789780 -0.000009 -0.000043  0.000058 -0.002451 0.133097
44  1.206997 -0.000006 0.000006  0.000372 -0.000071 1.058780
45  5.740573 0.000080 0.000722  0.085589 -0.000014 0.000028
46  11.481051 0.000091 0.000913  0.039884 0.123008 0.022021
47  6.027515 -0.000273 -0.000229  -0.992108 -0.523937 -1.470984
48  -0.000001 11.691975 -0.000006  -1.010791 0.458676 0.798435
49  0.000003 -0.000000 -0.000001  2.618569 -0.000036 1.570860
50  -0.000007 -0.000014 0.000006  2.272645 -0.000036 1.570861
51  -3.974671 -5.432956 -8.489962  -0.012426 -2.744720 1.386054
52  -0.000000 0.000000 -0.000000  0.008153 -0.000259 0.000009
53  -0.000000 0.000000 0.000000  1.565115 0.043565 -0.106862
54  5.105745 -10.419749 -8.863352  0.549997 -0.692309 -2.038134
55  0.000000 0.000000 0.000001  0.000000 -0.000001 -0.000002
56  0.000030 0.000029 0.000003  -1.571902 -0.044449 -0.106509
57  21.242802 1.277075 -17.361368  1.570796 -0.000000 0.000000
58  -16.319784 5.039393 -18.063972  1.570796 -0.000000 0.000000
59  1.239137 6.818580 -7.028192  1.570796 -0.000000 0.000000
60  -0.004311 0.001230 -0.000371  0.006898 -0.005534 -0.284229
61  0.826810 11.578514 -4.219014  1.570796 -0.000000 0.000000
62  0.000000 0.000000 0.000000  -0.078727 -3.136056 0.284226
63  0.000000 0.000000 0.000000  1.562370 -0.005708 0.006170
64  -3.151265 -8.223665 -2.401342  1.320726 0.002405 0.030833
65  0.042352 -2.889250 0.627700  0.000000 -0.000000 0.000000
66  0.042352 -0.907087 1.190367  0.000000 -0.000000 0.000000
67  -1.331044 -1.025122 4.361372  0.000000 -0.000000 0.000000
68  0.042353 -0.884531 23.199604  0.000000 -0.000000 0.000000
69  0.042256 0.181228 5.671382  1.423485 0.000000 -0.000000
70  0.000096 0.089183 -9.714657  0.000000 -0.000000 0.000000
71  0.042353 -0.569288 7.155122  0.000000 -0.000000 0.000000
72  -0.682762 -1.501893 3.214538  0.000000 -0.000000 0.000000
73  0.074278 -0.628098 4.762586  0.000000 -0.000000 0.000000
74  -2.983696 -13.795080 -5.206374  1.320726 0.002405 0.030833
75  4.233812 1.424955 -1.137372  -3.134339 -0.002368 0.331609
76  2.923889 1.668562 -1.111006  0.000000 -0.000000 -1.047197
77  2.470070 0.711696 -1.382188  0.002793 0.014075 -0.096656
78  -0.000000 -0.000000 0.000000  0.017661 0.789866 0.700815
79  -0.000000 0.440764 0.000000  0.635871 -0.506134 -0.980940
80  -0.000000 0.430558 -0.000001  -0.022824 0.109738 -0.203450
81  0.000000 0.438247 0.000000  0.008790 -0.051565 0.101499
82  0.000000 0.433549 -0.000000  0.010241 0.118470 0.036211
83  0.000000 0.454268 0.000001  0.094343 0.087068 -1.084969
84  -0.000000 0.438146 0.000001  -0.031071 0.228305 -0.047986
85  0.000001 0.444415 0.000000  1.012098 0.745374 -0.012699
86  0.000001 0.422927 0.000000  0.188513 0.183000 -0.032493
87  -0.000001 0.426508 0.000000  -0.660845 -3.005535 0.050484
88  0.000001 0.432948 -0.000000  -1.038039 -2.012845 1.309835
time 119
0  0.000006 0.000000 0.000000  -1.570800 -1.391899 -1.570792
1  -8.107479 -5.345082 1.234827  -1.544956 -1.855077 -0.198630
2  6.027517 -0.000327 0.000191  -1.490456 -0.902541 -0.262669
3  11.692110 0.000646 -0.000739  -0.374557 -0.000024 -1.493551
4  11.480520 0.000036 -0.000775  1.580611 -0.508277 -0.194830
5  3.859504 -0.142822 -1.192080  -0.390558 0.279747 -0.688654
6  1.312590 0.000010 0.000008  -0.015207 0.158433 -0.543418
7  0.729355 0.000053 0.000049  -0.023103 0.021505 -0.714547
8  3.942141 0.046331 -0.431543  -0.088194 0.117189 -0.329868
9  1.539110 0.000082 0.000005  -0.002370 0.010672 -0.583949
10  1.196334 0.000146 0.000029  -0.001098 0.001803 -0.847336
11  3.883511 -0.047211 0.431351  0.052283 -0.087936 0.209564
12  1.719572 -0.000029 0.000017  -0.006578 -0.036540 -0.715964
13  1.209178 0.000090 0.000012  0.003513 0.002182 -0.464022
14  4.085236 -0.082653 1.151008  0.228294 -0.267540 0.088016
15  1.719448 -0.000018 0.000029  0.008163 -0.026505 -0.676861
16  1.099675 0.000049 0.000006  0.004371 0.005034 -0.275398
17  0.983377 -1.185247 1.008693  -0.794451 -0.630754 -0.618383
18  1.789819 -0.000003 -0.000018  -0.000889 0.007574 0.465974
19  1.207016 -0.000013 -0.000044  -0.000899 -0.000090 -0.076921
20  5.740636 0.000389 -0.000702  -0.008043 0.000003 0.000064
21  11.481112 0.000182 -0.000807  0.001518 -0.080260 -0.047936
22  6.027524 -0.000329 0.000201  2.081306 -0.452025 1.970424
23  -0.000002 11.692101 -0.000006  -1.025649 -0.472399 -0.807845
24  0.000003 0.000007 0.000000  0.494542 -0.000030 1.570739
25  -0.000001 -0.000012 0.000001  0.868960 0.000002 1.570712
26  -6.212011 -10.642979 0.826812  1.473120 1.855075 -0.198639
27  6.027511 -0.000260 -0.000221  1.457464 0.802725 -0.553734
28  11.691993 0.000160 0.000859  0.346036 0.000046 -1.467250
29  11.480548 0.000089 0.000841  -1.272901 0.682237 0.258644
30  3.859437 -0.132758 1.193066  0.469647 -0.013262 -1.872395
31  1.312559 0.000026 -0.000002  0.024060 -0.138696 -0.550187
32  0.729346 0.000064 -0.000028  -0.166197 -0.081570 -0.714272
33  3.942046 0.050139 0.431001  0.225309 -0.086237 -1.592712
34  1.539097 0.000006 -0.000002  0.035254 -0.050373 -0.994350
35  1.196301 0.000077 -0.000004  -0.021521 0.002175 -0.839738
36  3.883413 -0.050472 -0.431083  0.184824 -0.271737 -1.204030
37  1.719563 -0.000086 -0.000004  0.022859 -0.107186 -1.509108
38  1.209198 0.000035 0.000010  0.000661 0.071072 -0.480462
39  3.859589 -0.149082 -1.331320  -0.080472 0.327601 -0.061665
40  1.719412 -0.000098 -0.000035  0.097557 0.060679 -0.377229
41  1.099674 0.000024 0.000007  -0.014718 0.004685 0.056982
42  0.805984 -0.359847 -1.318338  0.991670 0.166767 -0.799527
43  1.789779 -0.000008 -0.000042  0.000058 -0.002451 0.133098
44  1.206996 -0.000007 0.000006  0.000372 -0.000071 1.058781
45  5.740572 0.000080 0.000721  0.081705 -0.000014 0.000028
46  11.481054 0.000092 0.000913  0.038041 0.120795 0.019599
47  6.027515 -0.000273 -0.000229  -0.985786 -0.530215 -1.472533
48  -0.000002 11.691975 -0.000008  -1.009970 0.457920 0.797907
49  0.000001 -0.000001 0.000000  2.618569 -0.000036 1.570860
50  -0.000007 -0.000013 0.000005  2.272645 -0.000036 1.570861
51  -4.057469 -5.427768 -8.622519  -0.026100 -2.739769 1.395772
52  0.000000 0.000000 -0.000002  0.008153 -0.000259 0.000009
53  -0.000000 0.000000 0.000001  1.565115 0.043565 -0.106862
54  5.427421 -10.260213 -8.985061  0.612350 -0.793240 -2.052461
55  0.000000 -0.000000 -0.000000  0.000000 -0.000001 -0.000002
56  0.000031 0.000029 0.000001  -1.571902 -0.044449 -0.106509
57  21.285257 1.576848 -16.471872  1.570796 -0.000000 0.000000
58  -16.319784 5.039393 -18.063972  1.570796 -0.000000 0.000000
59  1.239137 6.702086 -7.028192  1.570796 -0.000000 0.000000
60  -0.004311 0.001230 -0.000371  0.006898 -0.005534 -0.284229
61  0.826810 11.578514 -4.219014  1.570796 -0.000000 0.000000
62  0.000000 0.000000 0.000000  -0.078727 -3.136056 0.284226
63  0.000000 0.000000 0.000000  1.563095 -0.003479 0.006751
64  -3.140985 -8.198718 -2.538177  1.318549 0.015765 0.035215
65  0.042352 -2.889250 0.627699  -0.000000 0.000000 -0.000000
66  0.042352 -0.907087 1.190369  -0.000000 0.000000 -0.000000
67  -1.331044 -1.025122 4.361372  -0.000000 0.000000 -0.000000
68  0.042353 -0.884530 23.199604  -0.000000 0.000000 -0.000000
69  0.042255 0.181228 5.671383  1.424070 0.000000 -0.000000
70  0.000096 0.089185 -9.714657  0.000000 0.000000 0.000000
71  0.042352 -0.569288 7.155123  -0.000000 0.000000 -0.000000
72  -0.682762 -1.501893 3.214539  -0.000000 0.000000 -0.000000
73  0.074278 -0.628099 4.762588  -0.000000 0.000000 -0.000000
74  -2.986051 -13.776746 -5.330758  1.318549 0.015765 0.035215
75  4.246931 1.426924 -1.183280  -3.130877 -0.003716 0.331873
76  2.923888 1.668561 -1.111004  0.000000 0.000000 -1.047198
77  2.470068 0.711694 -1.382187  -0.003427 0.014625 -0.098339
78  -0.000000 0.000000 -0.000000  0.013243 0.795093 0.696091
79  -0.000001 0.440763 0.000000  0.630350 -0.503534 -0.977942
80  -0.000000 0.430558 -0.000000  -0.012328 0.108996 -0.205644
81  -0.000000 0.438247 0.000000  0.008074 -0.048610 0.103382
82  -0.000000 0.433550 -0.000001  0.011766 0.121548 0.039157
83  0.000000 0.454266 0.000000  0.092408 0.091320 -1.080727
84  0.000000 0.438145 0.000000  -0.031853 0.232737 -0.045202
85  0.000000 0.444415 -0.000000  1.013384 0.749635 -0.008852
86  -0.000000 0.422926 0.000000  0.190376 0.187145 -0.031158
87  -0.000002 0.426508 -0.000000  -0.664364 -3.003418 0.055908
88  0.000001 0.432947 0.000000  -1.038677 -2.010222 1.303094
time 120
0  0.000006 0.000000 0.000000  -1.570800 -1.391899 -1.570792
1  -8.086103 -5.226874 1.234827  -1.544956 -1.855077 -0.198630
2  6.027517 -0.000327 0.000191  -1.499023 -0.901399 -0.198835
3  11.692108 0.000644 -0.000738  -0.301828 -0.000024 -1.489770
4  11.480551 0.000001 -0.000769  1.592084 -0.573206 -0.265700
5  3.859503 -0.142823 -1.192079  -0.391428 0.330362 -0.734753
6  1.312589 0.000009 0.000007  -0.073456 0.236554 -0.821072
7  0.729355 0.000055 0.000050  -0.046329 0.013088 -1.160927
8  3.942141 0.046331 -0.431542  -0.088821 0.144391 -0.407911
9  1.539111 0.000083 0.000004  -0.005382 0.027565 -0.797540
10  1.196332 0.000144 0.000031  -0.003204 0.001212 -1.188973
11  3.883510 -0.047212 0.431350  -0.015002 -0.172612 0.333414
12  1.719573 -0.000029 0.000016  -0.010347 -0.089059 -1.011182
13  1.209179 0.000090 0.000013  0.007700 0.000780 -0.672789
14  4.085234 -0.082653 1.151007  0.144150 -0.369609 0.269308
15  1.719448 -0.000018 0.000029  0.016649 -0.059259 -1.161183
16  1.099675 0.000048 0.000005  0.007407 0.005262 -0.366826
17  1.024775 -1.380426 0.935740  -0.795958 -0.654683 -0.564205
18  1.789819 -0.000004 -0.000017  -0.000342 0.005238 0.639852
19  1.207014 -0.000015 -0.000042  -0.000660 -0.000083 -0.077111
20  5.740637 0.000389 -0.000699  -0.004882 0.000003 0.000063
21  11.481119 0.000174 -0.000806  0.000305 -0.093405 -0.060768
22  6.027524 -0.000329 0.000201  2.085917 -0.448520 2.025529
23  0.000001 11.692100 -0.000007  -1.023407 -0.470313 -0.806421
24  0.000002 0.000007 0.000000  0.567271 -0.000030 1.570739
25  0.000000 -0.000012 0.000001  0.868960 0.000002 1.570712
26  -6.212011 -10.642979 0.826812  1.473120 1.855075 -0.198639
27  6.027511 -0.000260 -0.000221  1.453454 0.795222 -0.554544
28  11.691991 0.000161 0.000857  0.346036 0.000045 -1.464395
29  11.480571 0.000103 0.000835  -1.294702 0.680049 0.233927
30  3.859437 -0.132758 1.193064  0.469647 -0.013262 -1.872395
31  1.312559 0.000025 -0.000002  0.024060 -0.138696 -0.550187
32  0.729346 0.000064 -0.000028  -0.166197 -0.081570 -0.714272
33  3.942046 0.050139 0.430998  0.225309 -0.086237 -1.592712
34  1.539097 0.000005 -0.000000  0.035254 -0.050373 -0.994350
35  1.196300 0.000078 -0.000003  -0.021521 0.002175 -0.839738
36  3.883413 -0.050472 -0.431086  0.184824 -0.271737 -1.204030
37  1.719564 -0.000085 -0.000005  0.022859 -0.107186 -1.509108
38  1.209197 0.000036 0.000011  0.000661 0.071072 -0.480462
39  3.859588 -0.149082 -1.331323  -0.080472 0.327601 -0.061665
40  1.719412 -0.000098 -0.000036  0.097557 0.060679 -0.377229
41  1.099674 0.000023 0.000007  -0.014718 0.004685 0.056983
42  0.805983 -0.359848 -1.318339  0.991670 0.166767 -0.799527
43  1.789780 -0.000008 -0.000042  0.000058 -0.002451 0.133097
44  1.206996 -0.000007 0.000005  0.000372 -0.000071 1.058780
45  5.740572 0.000078 0.000721  0.077141 -0.000014 0.000028
46  11.481056 0.000094 0.000911  0.035349 0.119530 0.016428
47  6.027515 -0.000273 -0.000229  -0.980831 -0.536993 -1.472989
48  -0.000002 11.691975 -0.000007  -1.008272 0.456360 0.796813
49  0.000003 -0.000000 -0.000001  2.618569 -0.000036 1.570860
50  -0.000008 -0.000013 0.000004  2.272645 -0.000036 1.570861
51  -4.127981 -5.429630 -8.770030  -0.040636 -2.730860 1.401566
52  -0.000000 -0.000000 0.000000  0.008153 -0.000259 0.000009
53  0.000000 0.000000 -0.000001  1.565115 0.043565 -0.106862
54  5.525350 -10.418707 -9.011848  0.748391 -0.873451 -2.134671
55  -0.000000 -0.000000 -0.000000  0.000000 -0.000001 -0.000002
56  0.000031 0.000029 0.000000  -1.571901 -0.044449 -0.106509
57  21.334955 1.927747 -15.422385  1.570796 -0.000000 0.000000
58  -16.319784 5.039393 -18.063972  1.570796 -0.000000 0.000000
59  1.239137 6.581962 -7.028192  1.570796 -0.000000 0.000000
60  -0.004311 0.001230 -0.000371  0.006898 -0.005534 -0.284229
61  0.826810 11.578514 -4.219014  1.570796 -0.000000 0.000000
62  0.000000 0.000000 0.000000  -0.078727 -3.136056 0.284226
63  0.000000 0.000000 0.000000  1.564040 -0.000974 0.007317
64  -3.122009 -8.161033 -2.681943  1.312577 0.030665 0.035125
65  0.042352 -2.889251 0.627701  -0.000000 0.000000 0.000000
66  0.042351 -0.907088 1.190369  -0.000000 0.000000 0.000000
67  -1.331044 -1.025122 4.361372  -0.000000 0.000000 0.000000
68  0.042353 -0.884532 23.199604  -0.000000 0.000000 0.000000
69  0.042255 0.181228 5.671384  1.425611 0.000000 -0.000000
70  0.000096 0.089185 -9.714657  -0.000000 -0.000000 0.000000
71  0.042352 -0.569288 7.155123  -0.000000 0.000000 0.000000
72  -0.682762 -1.501893 3.214540  -0.000000 0.000000 0.000000
73  0.074278 -0.628098 4.762588  -0.000000 0.000000 0.000000
74  -3.007546 -13.757067 -5.440242  1.312577 0.030665 0.035125
75  4.260051 1.428896 -1.229187  -3.127912 -0.004882 0.332610
76  2.923889 1.668562 -1.111004  0.000000 -0.000000 -1.047198
77  2.470069 0.711696 -1.382189  -0.007986 0.015244 -0.100416
78  0.000000 0.000001 -0.000001  0.010135 0.798907 0.691866
79  -0.000002 0.440764 0.000002  0.626843 -0.501145 -0.976055
80  0.000000 0.430558 0.000003  -0.008812 0.110216 -0.206099
81  0.000000 0.438246 0.000002  0.008326 -0.046045 0.104960
82  -0.000000 0.433550 -0.000001  0.013730 0.124256 0.041856
83  -0.000000 0.454267 0.000001  0.090881 0.095494 -1.076907
84  -0.000000 0.438146 -0.000001  -0.032450 0.237153 -0.042591
85  0.000000 0.444415 -0.000001  1.014856 0.753843 -0.004897
86  0.000001 0.422927 0.000000  0.191913 0.191455 -0.029730
87  0.000001 0.426507 0.000000  -0.667444 -3.000914 0.061491
88  0.000002 0.432946 -0.000000  -1.041476 -2.007582 1.297779
time 121
0  0.000006 0.000000 0.000000  -1.570800 -1.391899 -1.570792
1  -8.064113 -5.105266 1.234827  -1.544956 -1.855077 -0.198630
2  6.027518 -0.000329 0.000191  -1.525353 -0.925691 -0.117657
3  11.692107 0.000645 -0.000739  -0.219643 -0.000021 -1.444774
4  11.479620 -0.000517 -0.000869  1.631160 -0.602619 -0.352828
5  3.859503 -0.142823 -1.192079  -0.399054 0.363472 -0.786292
6  1.312590 0.000011 0.000008  -0.143074 0.275722 -1.078911
7  0.729356 0.000053 0.000049  -0.059813 -0.000025 -1.497249
8  3.942141 0.046331 -0.431541  -0.093102 0.164129 -0.482439
9  1.539112 0.000084 0.000003  -0.011112 0.039761 -1.011149
10  1.196333 0.000146 0.000028  -0.004601 0.000288 -1.438983
11  3.883511 -0.047212 0.431352  -0.072935 -0.232277 0.419655
12  1.719573 -0.000028 0.000018  -0.001337 -0.128861 -1.259930
13  1.209179 0.000090 0.000011  0.011122 0.000236 -0.818690
14  4.085235 -0.082653 1.151009  0.064303 -0.437505 0.420486
15  1.719449 -0.000018 0.000028  0.032551 -0.079021 -1.523189
16  1.099675 0.000048 0.000007  0.009570 0.005807 -0.477065
17  1.051073 -1.504404 0.889401  -0.812432 -0.674638 -0.505224
18  1.789818 -0.000004 -0.000019  -0.000386 0.001180 0.759751
19  1.207015 -0.000014 -0.000044  -0.000202 -0.000070 -0.079344
20  5.740635 0.000389 -0.000700  0.005301 0.000003 0.000063
21  11.480932 0.000072 -0.000825  0.003582 -0.100074 -0.075050
22  6.027525 -0.000329 0.000201  2.075191 -0.421059 2.090379
23  0.000001 11.692101 -0.000008  -0.996657 -0.445714 -0.789199
24  0.000004 0.000008 0.000001  0.649454 -0.000031 1.570739
25  0.000000 -0.000011 -0.000001  0.868960 0.000002 1.570712
26  -6.212011 -10.642979 0.826812  1.473120 1.855075 -0.198639
27  6.027511 -0.000260 -0.000221  1.447211 0.789239 -0.556392
28  11.691992 0.000161 0.000859  0.346036 0.000045 -1.460679
29  11.480605 0.000123 0.000829  -1.314111 0.682383 0.208436
30  3.859437 -0.132758 1.193066  0.469647 -0.013262 -1.872395
31  1.312559 0.000027 -0.000001  0.024060 -0.138696 -0.550187
32  0.729344 0.000065 -0.000028  -0.166197 -0.081570 -0.714272
33  3.942047 0.050139 0.431001  0.225309 -0.086237 -1.592712
34  1.539097 0.000007 -0.000001  0.035254 -0.050373 -0.994350
35  1.196300 0.000077 -0.000003  -0.021521 0.002175 -0.839738
36  3.883414 -0.050472 -0.431083  0.184824 -0.271737 -1.204030
37  1.719564 -0.000084 -0.000005  0.022859 -0.107186 -1.509108
38  1.209198 0.000035 0.000010  0.000661 0.071072 -0.480462
39  3.859588 -0.149082 -1.331321  -0.080472 0.327601 -0.061665
40  1.719411 -0.000098 -0.000036  0.097557 0.060679 -0.377229
41  1.099674 0.000023 0.000008  -0.014718 0.004685 0.056983
42  0.805984 -0.359847 -1.318337  0.991670 0.166767 -0.799527
43  1.789780 -0.000009 -0.000042  0.000058 -0.002451 0.133098
44  1.206996 -0.000007 0.000006  0.000372 -0.000071 1.058781
45  5.740573 0.000080 0.000721  0.073161 -0.000013 0.000028
46  11.481065 0.000098 0.000911  0.032959 0.119252 0.012811
47  6.027515 -0.000273 -0.000229  -0.978403 -0.544111 -1.471643
48  -0.000002 11.691977 -0.000007  -1.006062 0.454332 0.795385
49  0.000002 0.000000 -0.000001  2.618569 -0.000036 1.570860
50  -0.000008 -0.000013 0.000005  2.272645 -0.000036 1.570861
51  -4.167101 -5.434364 -8.922550  -0.051113 -2.720387 1.404633
52  0.000000 -0.000001 -0.000001  0.008153 -0.000259 0.000009
53  0.000000 0.000000 0.000001  1.565115 0.043565 -0.106862
54  5.594349 -10.899737 -8.816128  0.995817 -0.923809 -2.309779
55  0.000000 0.000000 0.000000  0.000000 -0.000001 -0.000002
56  0.000030 0.000029 0.000002  -1.571901 -0.044449 -0.106509
57  21.387241 2.296918 -14.305855  1.570796 -0.000000 0.000000
58  -16.319784 5.039393 -18.063972  1.570796 -0.000000 0.000000
59  1.239137 6.458381 -7.028192  1.570796 -0.000000 0.000000
60  -0.004311 0.001230 -0.000371  0.006898 -0.005534 -0.284229
61  0.826810 11.578514 -4.219014  1.570796 -0.000000 0.000000
62  0.000000 0.000000 0.000000  -0.078727 -3.136056 0.284226
63  0.000000 0.000000 0.000000  1.565165 0.001729 0.007844
64  -3.096048 -8.113792 -2.822481  1.304235 0.042156 0.033655
65  0.042352 -2.889250 0.627700  -0.000000 0.000000 -0.000000
66  0.042352 -0.907087 1.190369  -0.000000 0.000000 -0.000000
67  -1.331044 -1.025121 4.361373  -0.000000 0.000000 -0.000000
68  0.042353 -0.884530 23.199608  -0.000000 0.000000 -0.000000
69  0.042255 0.181228 5.671384  1.427790 0.000000 -0.000000
70  0.000096 0.089185 -9.714658  0.000000 -0.000000 -0.000000
71  0.042352 -0.569288 7.155124  -0.000000 0.000000 -0.000000
72  -0.682762 -1.501892 3.214539  -0.000000 0.000000 -0.000000
73  0.074278 -0.628098 4.762586  -0.000000 0.000000 -0.000000
74  -3.018746 -13.733804 -5.532908  1.304235 0.042156 0.033655
75  4.266171 1.436714 -1.249874  -3.125409 -0.005888 0.334058
76  2.923888 1.668562 -1.111005  -0.000000 -0.000000 -1.047197
77  2.510692 0.655875 -1.400133  -0.003423 0.035071 -0.202708
78  -0.000000 0.000001 0.000003  0.005048 0.758252 0.740561
79  -0.000003 0.440764 -0.000001  0.572321 -0.499353 -0.894767
80  -0.000000 0.430559 -0.000000  -0.009977 0.105781 -0.176353
81  0.000000 0.438247 0.000000  0.006337 -0.050672 0.116567
82  0.000000 0.433549 0.000001  0.013835 0.119459 0.040515
83  -0.000000 0.454267 0.000001  0.096399 0.095554 -1.084743
84  0.000000 0.438145 -0.000001  -0.026776 0.238515 -0.051708
85  -0.000000 0.444414 -0.000001  1.018807 0.760188 -0.007930
86  -0.000001 0.422927 0.000000  0.201779 0.196566 -0.032342
87  -0.000002 0.426508 -0.000000  -0.673946 -2.998388 0.072004
88  0.000001 0.432947 -0.000000  -1.031657 -2.009925 1.265206
time 122
0  0.000006 0.000000 0.000000  -1.570800 -1.391899 -1.570792
1  -8.041537 -4.980420 1.234827  -1.544956 -1.855077 -0.198630
2  6.027517 -0.000330 0.000191  -1.596232 -0.938058 -0.004011
3  11.692108 0.000641 -0.000739  -0.133973 -0.000020 -1.421337
4  11.479746 -0.000528 -0.000811  1.671170 -0.623164 -0.417454
5  3.859504 -0.142824 -1.192079  -0.409792 0.363508 -0.831897
6  1.312589 0.000009 0.000009  -0.189618 0.272037 -1.245846
7  0.729355 0.000055 0.000049  -0.063185 -0.005840 -1.622671
8  3.942140 0.046331 -0.431543  -0.098524 0.168367 -0.533625
9  1.539111 0.000084 0.000004  -0.015563 0.042983 -1.172553
10  1.196333 0.000146 0.000029  -0.005024 -0.000153 -1.540119
11  3.883511 -0.047212 0.431351  -0.094460 -0.252209 0.448691
12  1.719573 -0.000029 0.000017  0.006692 -0.141719 -1.384191
13  1.209179 0.000090 0.000010  0.012347 0.000150 -0.867432
14  4.085235 -0.082653 1.151009  0.033225 -0.458595 0.475980
15  1.719448 -0.000019 0.000028  0.039304 -0.084171 -1.643846
16  1.099675 0.000048 0.000006  0.009910 0.006460 -0.604192
17  1.059883 -1.545939 0.873876  -0.844891 -0.686374 -0.441447
18  1.789819 -0.000005 -0.000018  -0.000889 -0.004255 0.799583
19  1.207015 -0.000014 -0.000043  0.000455 -0.000050 -0.086218
20  5.740637 0.000388 -0.000700  0.016388 0.000003 0.000063
21  11.480957 0.000068 -0.000814  0.007741 -0.105283 -0.084737
22  6.027524 -0.000329 0.000200  2.090289 -0.379279 2.141235
23  0.000001 11.692100 -0.000008  -0.982662 -0.433068 -0.780021
24  0.000003 0.000008 0.000001  0.735123 -0.000030 1.570739
25  -0.000000 -0.000011 0.000000  0.868960 0.000002 1.570712
26  -6.212011 -10.642979 0.826812  1.473120 1.855075 -0.198639
27  6.027511 -0.000260 -0.000221  1.439195 0.784996 -0.559116
28  11.691993 0.000160 0.000858  0.346035 0.000045 -1.456725
29  11.480640 0.000142 0.000821  -1.326125 0.686534 0.184772
30  3.859437 -0.132759 1.193064  0.469647 -0.013262 -1.872395
31  1.312559 0.000026 -0.000002  0.024060 -0.138696 -0.550187
32  0.729345 0.000065 -0.000028  -0.166197 -0.081570 -0.714272
33  3.942045 0.050139 0.430999  0.225309 -0.086237 -1.592712
34  1.539096 0.000006 -0.000002  0.035254 -0.050373 -0.994350
35  1.196300 0.000078 -0.000003  -0.021521 0.002175 -0.839738
36  3.883413 -0.050473 -0.431085  0.184824 -0.271737 -1.204030
37  1.719563 -0.000085 -0.000004  0.022858 -0.107186 -1.509108
38  1.209196 0.000035 0.000011  0.000662 0.071072 -0.480462
39  3.859588 -0.149082 -1.331322  -0.080472 0.327601 -0.061665
40  1.719412 -0.000098 -0.000036  0.097557 0.060679 -0.377229
41  1.099674 0.000023 0.000007  -0.014718 0.004686 0.056982
42  0.805983 -0.359848 -1.318339  0.991670 0.166767 -0.799527
43  1.789780 -0.000008 -0.000043  0.000058 -0.002451 0.133097
44  1.206997 -0.000007 0.000005  0.000372 -0.000071 1.058780
45  5.740574 0.000079 0.000720  0.070631 -0.000014 0.000028
46  11.481073 0.000102 0.000910  0.031778 0.119540 0.008999
47  6.027515 -0.000273 -0.000229  -0.978528 -0.551183 -1.468624
48  -0.000003 11.691977 -0.000007  -1.003709 0.452177 0.793863
49  0.000002 -0.000000 -0.000001  2.618569 -0.000036 1.570860
50  -0.000008 -0.000013 0.000005  2.272645 -0.000036 1.570861
51  -4.172319 -5.439022 -9.069329  -0.054479 -2.710432 1.407260
52  0.000000 -0.000000 -0.000001  0.008153 -0.000259 0.000009
53  -0.000000 -0.000000 -0.000001  1.565115 0.043565 -0.106862
54  5.799550 -11.213271 -8.182159  -1.843923 -2.198586 0.613524
55  0.000000 0.000000 0.000000  0.000000 -0.000001 -0.000002
56  0.000031 0.000029 0.000001  -1.571901 -0.044449 -0.106509
57  21.436939 2.647818 -13.226986  1.570796 -0.000000 0.000000
58  -16.319784 5.039393 -18.063972  1.570796 -0.000000 0.000000
59  1.239137 6.331510 -7.028192  1.570796 -0.000000 0.000000
60  -0.004311 0.001230 -0.000371  0.006898 -0.005534 -0.284229
61  0.826810 11.578514 -4.219014  1.570796 -0.000000 0.000000
62  0.000000 0.000000 0.000000  -0.078727 -3.136056 0.284226
63  0.000000 0.000000 0.000000  1.566428 0.004549 0.008304
64  -3.069536 -8.060184 -2.949630  1.295073 0.047128 0.034482
65  0.042352 -2.889251 0.627699  -0.000000 -0.000000 0.000000
66  0.042352 -0.907087 1.190367  -0.000000 -0.000000 0.000000
67  -1.331044 -1.025122 4.361372  -0.000000 -0.000000 0.000000
68  0.042353 -0.884531 23.199600  -0.000000 -0.000000 0.000000
69  0.042255 0.181228 5.671382  1.430287 0.000000 0.000000
70  0.000096 0.089185 -9.714657  0.000000 0.000000 -0.000000
71  0.042352 -0.569288 7.155121  -0.000000 -0.000000 0.000000
72  -0.682762 -1.501893 3.214538  -0.000000 -0.000000 0.000000
73  0.074278 -0.628099 4.762585  -0.000000 -0.000000 0.000000
74  -2.997775 -13.705111 -5.607930  1.295073 0.047128 0.034482
75  4.268446 1.811452 -1.237832  -3.124516 -0.009044 0.449084
76  2.923888 1.668561 -1.111006  0.000000 -0.000000 -1.047198
77  2.591221 0.552206 -1.433465  0.004186 0.067603 -0.353668
78  0.000000 -0.000001 0.000001  -0.006290 0.679371 0.873647
79  0.000001 0.440763 0.000001  0.462073 -0.495943 -0.722129
80  0.000000 0.430558 -0.000000  -0.017565 0.095893 -0.106181
81  -0.000000 0.438247 0.000001  -0.003068 -0.060264 0.146412
82  -0.000000 0.433550 -0.000001  0.009164 0.109643 0.031231
83  -0.000000 0.454268 0.000001  0.091601 0.100178 -1.010095
84  -0.000000 0.438145 0.000000  -0.003034 0.234221 -0.091620
85  -0.000000 0.444415 -0.000001  0.933082 0.753725 -0.009724
86  -0.000002 0.422926 -0.000001  0.244921 0.204239 -0.031516
87  0.000001 0.426508 0.000000  -0.698528 -2.997101 0.089934
88  0.000001 0.432947 0.000000  -0.822810 -1.911237 0.998649
time 123
0  0.000006 0.000000 0.000000  -1.570800 -1.391899 -1.570792
1  -8.018405 -4.852496 1.234827  -1.544956 -1.855077 -0.198630
2  6.027517 -0.000330 0.000192  -1.736514 -0.934524 0.153284
3  11.692108 0.000646 -0.000737  -0.050921 -0.000020 -1.425258
4  11.479724 -0.000607 -0.000769  1.749795 -0.614364 -0.482019
5  3.859504 -0.142823 -1.192079  -0.437419 0.330358 -0.887615
6  1.312590 0.000010 0.000009  -0.220027 0.250559 -1.344998
7  0.729355 0.000055 0.000049  -0.062241 -0.007252 -1.639448
8  3.942141 0.046330 -0.431543  -0.113746 0.149278 -0.567311
9  1.539110 0.000083 0.000004  -0.018862 0.030588 -1.312867
10  1.196333 0.000146 0.000028  -0.003964 -0.000213 -1.563125
11  3.883511 -0.047212 0.431350  -0.048811 -0.187643 0.424548
12  1.719573 -0.000029 0.000017  0.008781 -0.096552 -1.408459
13  1.209180 0.000090 0.000013  0.008284 0.001836 -0.816300
14  4.085235 -0.082653 1.151008  0.082880 -0.405656 0.424724
15  1.719448 -0.000018 0.000030  0.029629 -0.054620 -1.567706
16  1.099675 0.000049 0.000006  0.004715 0.007440 -0.820793
17  1.059882 -1.545939 0.873876  -0.896675 -0.652295 -0.345282
18  1.789819 -0.000004 -0.000020  0.002429 -0.015439 0.727965
19  1.207015 -0.000014 -0.000044  0.001810 0.000033 -0.107985
20  5.740636 0.000388 -0.000699  0.038797 0.000003 0.000063
21  11.480951 0.000052 -0.000806  0.019882 -0.106102 -0.092400
22  6.027524 -0.000329 0.000201  2.136653 -0.308456 2.169843
23  0.000001 11.692099 -0.000005  -0.985007 -0.435176 -0.781567
24  0.000003 0.000009 -0.000000  0.818175 -0.000031 1.570739
25  0.000001 -0.000011 0.000001  0.868960 0.000002 1.570712
26  -6.212011 -10.642979 0.826812  1.473120 1.855075 -0.198639
27  6.027511 -0.000260 -0.000221  1.432443 0.781305 -0.561343
28  11.691992 0.000161 0.000857  0.346035 0.000044 -1.453679
29  11.480664 0.000157 0.000814  -1.333287 0.687150 0.163587
30  3.859436 -0.132759 1.193067  0.469647 -0.013262 -1.872395
31  1.312559 0.000026 -0.000001  0.024060 -0.138696 -0.550187
32  0.729346 0.000064 -0.000027  -0.166197 -0.081570 -0.714272
33  3.942046 0.050139 0.431001  0.225309 -0.086237 -1.592712
34  1.539097 0.000005 -0.000001  0.035254 -0.050373 -0.994350
35  1.196300 0.000077 -0.000005  -0.021521 0.002175 -0.839738
36  3.883413 -0.050472 -0.431083  0.184824 -0.271737 -1.204030
37  1.719564 -0.000083 -0.000005  0.022859 -0.107186 -1.509108
38  1.209197 0.000035 0.000010  0.000661 0.071072 -0.480462
39  3.859588 -0.149082 -1.331320  -0.080472 0.327601 -0.061665
40  1.719413 -0.000098 -0.000035  0.097557 0.060679 -0.377229
41  1.099674 0.000024 0.000007  -0.014718 0.004685 0.056982
42  0.805983 -0.359847 -1.318337  0.991670 0.166767 -0.799527
43  1.789780 -0.000008 -0.000042  0.000058 -0.002451 0.133098
44  1.206996 -0.000006 0.000005  0.000372 -0.000071 1.058780
45  5.740573 0.000080 0.000720  0.069038 -0.000014 0.000028
46  11.481077 0.000105 0.000908  0.031476 0.119271 0.005422
47  6.027515 -0.000273 -0.000229  -0.978575 -0.557226 -1.466062
48  -0.000002 11.691977 -0.000007  -1.001895 0.450519 0.792687
49  0.000002 -0.000000 -0.000000  2.618569 -0.000036 1.570860
50  -0.000008 -0.000012 0.000004  2.272645 -0.000036 1.570861
51  -4.176442 -5.439752 -9.192754  -0.054886 -2.701869 1.412876
52  -0.000000 -0.000000 0.000000  0.008153 -0.000259 0.000009
53  -0.000000 0.000000 0.000001  1.565115 0.043565 -0.106862
54  6.073931 -11.234361 -6.809165  -1.446215 -2.224205 0.331391
55  0.000000 0.000000 -0.000000  0.000000 -0.000001 -0.000002
56  0.000031 0.000029 0.000002  -1.571901 -0.044449 -0.106509
57  21.479395 2.947591 -12.281115  1.570796 -0.000000 0.000000
58  -16.319784 5.039393 -18.063972  1.570796 -0.000000 0.000000
59  1.239137 6.201511 -7.028192  1.570796 -0.000000 0.000000
60  -0.004311 0.001230 -0.000371  0.006898 -0.005534 -0.284229
61  0.826810 11.578514 -4.219014  1.570796 -0.000000 0.000000
62  0.000000 0.000000 0.000000  -0.078727 -3.136056 0.284226
63  0.000000 0.000000 0.000000  1.567789 0.007408 0.008669
64  -3.048910 -8.003390 -3.053229  1.286740 0.049172 0.039525
65  0.042352 -2.889250 0.627699  0.000000 -0.000000 0.000000
66  0.042352 -0.907088 1.190368  0.000000 -0.000000 0.000000
67  -1.331044 -1.025122 4.361372  0.000000 -0.000000 0.000000
68  0.042353 -0.884530 23.199602  0.000000 -0.000000 0.000000
69  0.042255 0.181228 5.671383  1.432785 0.000000 -0.000000
70  0.000096 0.089184 -9.714656  0.000000 -0.000000 0.000000
71  0.042352 -0.569288 7.155123  0.000000 -0.000000 0.000000
72  -0.682762 -1.501893 3.214539  0.000000 -0.000000 0.000000
73  0.074278 -0.628098 4.762586  0.000000 -0.000000 0.000000
74  -2.950929 -13.669971 -5.664202  1.286740 0.049172 0.039525
75  4.245137 2.687342 -1.209595  -3.127494 -0.015689 0.765946
76  2.923888 1.668560 -1.111005  0.000000 0.000000 -1.047198
77  2.649650 0.496383 -1.451411  0.007425 0.070566 -0.382341
78  0.000000 -0.000000 -0.000001  -0.023615 0.631838 0.990178
79  -0.000001 0.440764 -0.000000  0.405884 -0.492542 -0.630995
80  -0.000000 0.430558 0.000000  -0.022239 0.084825 -0.078497
81  -0.000000 0.438247 -0.000001  -0.008095 -0.071509 0.150304
82  0.000000 0.433551 0.000001  0.003772 0.098112 0.001400
83  -0.000000 0.454268 -0.000001  0.063653 0.115455 -0.780418
84  0.000000 0.438145 0.000001  0.022720 0.220852 -0.129997
85  0.000000 0.444414 0.000003  0.644022 0.727879 0.003654
86  0.000001 0.422926 0.000000  0.266410 0.224890 -0.038165
87  0.000000 0.426508 -0.000000  -0.701079 -2.974345 0.093490
88  0.000000 0.432948 0.000000  0.183652 -1.804114 -0.083420
time 124
0  0.000006 0.000000 0.000000  -1.570800 -1.391899 -1.570792
1  -7.994744 -4.721652 1.234826  -1.544956 -1.855077 -0.198630
2  6.027519 -0.000331 0.000192  -1.900726 -0.924097 0.318858
3  11.692108 0.000645 -0.000738  0.024522 -0.000020 -1.424438
4  11.479726 -0.000659 -0.000719  1.848079 -0.576470 -0.554263
5  3.859504 -0.142824 -1.192082  -0.489767 0.261649 -0.955957
6  1.312590 0.000010 0.000009  -0.246011 0.223769 -1.405810
7  0.729355 0.000055 0.000050  -0.059322 -0.009401 -1.649333
8  3.942141 0.046330 -0.431544  -0.146311 0.101200 -0.589709
9  1.539109 0.000083 0.000004  -0.020203 -0.002225 -1.457344
10  1.196333 0.000146 0.000027  -0.000964 -0.000229 -1.576721
11  3.883511 -0.047213 0.431349  -0.000486 -0.120550 0.351148
12  1.719573 -0.000028 0.000017  0.009671 -0.051498 -1.427832
13  1.209179 0.000090 0.000013  0.004586 0.004034 -0.662359
14  4.085235 -0.082653 1.151007  0.149239 -0.340384 0.312124
15  1.719448 -0.000018 0.000029  0.022240 -0.024423 -1.491944
16  1.099675 0.000049 0.000004  -0.000153 0.007424 -0.959818
17  1.059882 -1.545939 0.873875  -0.936471 -0.593477 -0.257633
18  1.789820 -0.000003 -0.000020  0.006855 -0.024494 0.604342
19  1.207015 -0.000013 -0.000043  0.002848 0.000111 -0.140532
20  5.740636 0.000388 -0.000699  0.069037 0.000003 0.000064
21  11.480952 0.000041 -0.000795  0.036814 -0.102730 -0.101338
22  6.027525 -0.000329 0.000201  2.183809 -0.220822 2.191393
23  0.000001 11.692101 -0.000006  -0.984516 -0.434735 -0.781243
24  0.000003 0.000009 -0.000001  0.893619 -0.000031 1.570739
25  0.000001 -0.000011 0.000000  0.868960 0.000002 1.570712
26  -6.212011 -10.642979 0.826812  1.473120 1.855075 -0.198639
27  6.027511 -0.000260 -0.000221  1.429758 0.776786 -0.561778
28  11.691992 0.000160 0.000857  0.346035 0.000044 -1.453140
29  11.480670 0.000159 0.000815  -1.340084 0.681966 0.146585
30  3.859437 -0.132759 1.193066  0.469647 -0.013262 -1.872395
31  1.312559 0.000026 -0.000001  0.024060 -0.138696 -0.550187
32  0.729345 0.000065 -0.000027  -0.166197 -0.081570 -0.714272
33  3.942047 0.050139 0.431001  0.225309 -0.086237 -1.592712
34  1.539096 0.000005 -0.000000  0.035254 -0.050373 -0.994350
35  1.196300 0.000077 -0.000004  -0.021521 0.002175 -0.839738
36  3.883414 -0.050472 -0.431083  0.184824 -0.271737 -1.204030
37  1.719563 -0.000084 -0.000004  0.022859 -0.107186 -1.509108
38  1.209198 0.000035 0.000010  0.000661 0.071072 -0.480462
39  3.859589 -0.149082 -1.331320  -0.080472 0.327601 -0.061665
40  1.719413 -0.000098 -0.000036  0.097557 0.060679 -0.377229
41  1.099673 0.000024 0.000006  -0.014718 0.004686 0.056983
42  0.805983 -0.359848 -1.318337  0.991670 0.166767 -0.799527
43  1.789780 -0.000008 -0.000042  0.000058 -0.002451 0.133098
44  1.206996 -0.000007 0.000005  0.000372 -0.000071 1.058780
45  5.740573 0.000079 0.000721  0.067559 -0.000014 0.000028
46  11.481078 0.000106 0.000908  0.031192 0.117930 0.002750
47  6.027515 -0.000273 -0.000229  -0.975777 -0.561521 -1.466095
48  -0.000001 11.691975 -0.000008  -1.001575 0.450227 0.792479
49  0.000003 -0.000000 -0.000001  2.618569 -0.000036 1.570860
50  -0.000007 -0.000014 0.000004  2.272645 -0.000036 1.570861
51  -4.209904 -5.429171 -9.276105  -0.057823 -2.695299 1.421804
52  0.000000 0.000000 -0.000001  0.008153 -0.000259 0.000009
53  0.000000 0.000000 0.000001  1.565115 0.043565 -0.106862
54  6.247705 -11.118682 -5.146641  -1.068117 -2.320508 0.085911
55  0.000000 -0.000001 0.000002  0.000000 -0.000001 -0.000002
56  0.000031 0.000028 0.000002  -1.571901 -0.044449 -0.106509
57  21.511259 3.172568 -11.538067  1.570796 -0.000000 0.000000
58  -16.319784 5.039393 -18.063972  1.570796 -0.000000 0.000000
59  1.239137 6.068545 -7.028192  1.570796 -0.000000 0.000000
60  -0.004311 0.001230 -0.000371  0.006898 -0.005534 -0.284229
61  0.826810 11.578514 -4.219014  1.570796 -0.000000 0.000000
62  0.000000 0.000000 0.000000  -0.078727 -3.136056 0.284226
63  0.000000 0.000000 0.000000  1.569205 0.010226 0.008913
64  -3.040605 -7.946596 -3.125280  1.280807 0.053058 0.046891
65  0.042352 -2.889250 0.627699  0.000000 0.000000 -0.000000
66  0.042351 -0.907087 1.190369  0.000000 0.000000 -0.000000
67  -1.331044 -1.025121 4.361372  0.000000 0.000000 -0.000000
68  0.042353 -0.884531 23.199606  0.000000 0.000000 -0.000000
69  0.042255 0.181228 5.671384  1.434964 0.000000 -0.000000
70  0.000096 0.089184 -9.714657  -0.000000 -0.000000 -0.000000
71  0.042352 -0.569288 7.155123  0.000000 0.000000 -0.000000
72  -0.682763 -1.501893 3.214539  0.000000 0.000000 -0.000000
73  0.074278 -0.628098 4.762587  0.000000 0.000000 -0.000000
74  -2.908516 -13.628083 -5.702133  1.280807 0.053058 0.046891
75  4.151890 3.729969 -1.176007  -3.136193 -0.022207 1.238820
76  2.923889 1.668560 -1.111005  0.000000 0.000000 -1.047198
77  2.672725 0.496547 -1.447235  0.012290 0.055837 -0.315429
78  -0.000000 0.000000 -0.000000  -0.028896 0.627000 1.021332
79  0.000000 0.440764 -0.000001  0.436601 -0.483036 -0.679519
80  -0.000000 0.430559 0.000001  -0.013858 0.077211 -0.130317
81  0.000000 0.438248 0.000000  0.001893 -0.079307 0.106201
82  0.000000 0.433549 0.000002  0.006876 0.090577 -0.046044
83  0.000001 0.454268 -0.000000  0.034431 0.149544 -0.464857
84  0.000000 0.438145 -0.000002  0.041396 0.207762 -0.137884
85  -0.000000 0.444414 0.000001  0.247921 0.705772 0.048711
86  0.000000 0.422926 0.000001  0.228464 0.262713 -0.035673
87  -0.000000 0.426508 -0.000000  -0.621202 -2.927585 0.093940
88  0.000001 0.432947 0.000000  0.901098 -1.961104 -0.884766
time 125
0  0.000006 0.000000 0.000000  -1.570800 -1.391899 -1.570792
1  -7.970583 -4.588041 1.234826  -1.544956 -1.855077 -0.198630
2  6.027518 -0.000332 0.000192  -2.004604 -0.903023 0.426014
3  11.692109 0.000644 -0.000738  0.089107 -0.000021 -1.442704
4  11.479630 -0.000757 -0.000671  1.809937 -0.589689 -0.518929
5  3.859504 -0.142823 -1.192080  -0.540023 0.169709 -0.994024
6  1.312590 0.000010 0.000008  -0.254766 0.189625 -1.426852
7  0.729355 0.000054 0.000047  -0.054966 -0.010099 -1.652766
8  3.942141 0.046332 -0.431543  -0.183171 0.041405 -0.596199
9  1.539111 0.000084 0.000005  -0.018128 -0.040972 -1.560153
10  1.196333 0.000145 0.000029  0.002649 -0.000216 -1.581417
11  3.883511 -0.047212 0.431350  0.005660 -0.125728 0.229675
12  1.719572 -0.000028 0.000018  0.012318 -0.052876 -1.517901
13  1.209179 0.000091 0.000011  0.005867 0.003890 -0.356026
14  4.085234 -0.082652 1.151008  0.178110 -0.343773 0.169018
15  1.719448 -0.000018 0.000028  0.025088 -0.041071 -1.535221
16  1.099674 0.000049 0.000006  0.004731 0.006843 -0.554122
17  1.059882 -1.545939 0.873875  -0.943931 -0.575122 -0.232111
18  1.789819 -0.000004 -0.000019  0.007086 -0.025349 0.524381
19  1.207016 -0.000014 -0.000044  0.002925 0.000136 -0.169050
20  5.740636 0.000389 -0.000700  0.068747 0.000003 0.000063
21  11.480934 0.000022 -0.000786  0.030547 -0.103511 -0.096444
22  6.027525 -0.000329 0.000201  2.220980 -0.164805 2.209152
23  -0.000001 11.692101 -0.000007  -0.995423 -0.444593 -0.788394
24  0.000003 0.000009 0.000000  0.958204 -0.000031 1.570739
25  -0.000001 -0.000012 0.000000  0.868960 0.000002 1.570712
26  -6.212011 -10.642979 0.826812  1.473120 1.855075 -0.198639
27  6.027511 -0.000260 -0.000221  1.432780 0.770108 -0.559634
28  11.691992 0.000159 0.000858  0.346036 0.000045 -1.456473
29  11.480639 0.000142 0.000821  -1.349443 0.670566 0.135793
30  3.859438 -0.132759 1.193064  0.469647 -0.013262 -1.872395
31  1.312559 0.000025 -0.000002  0.024060 -0.138696 -0.550187
32  0.729345 0.000065 -0.000028  -0.166197 -0.081570 -0.714272
33  3.942046 0.050138 0.431000  0.225309 -0.086237 -1.592712
34  1.539097 0.000006 -0.000002  0.035254 -0.050373 -0.994350
35  1.196300 0.000078 -0.000006  -0.021521 0.002175 -0.839738
36  3.883414 -0.050473 -0.431085  0.184824 -0.271737 -1.204030
37  1.719563 -0.000085 -0.000004  0.022858 -0.107186 -1.509108
38  1.209198 0.000035 0.000010  0.000661 0.071072 -0.480462
39  3.859589 -0.149083 -1.331321  -0.080472 0.327601 -0.061665
40  1.719411 -0.000098 -0.000036  0.097557 0.060679 -0.377229
41  1.099674 0.000023 0.000007  -0.014718 0.004686 0.056983
42  0.805984 -0.359848 -1.318339  0.991670 0.166767 -0.799527
43  1.789780 -0.000008 -0.000043  0.000058 -0.002451 0.133098
44  1.206996 -0.000007 0.000005  0.000372 -0.000071 1.058780
45  5.740572 0.000078 0.000721  0.065624 -0.000014 0.000028
46  11.481072 0.000101 0.000910  0.030284 0.115411 0.001560
47  6.027515 -0.000273 -0.000229  -0.967982 -0.563930 -1.470220
48  -0.000002 11.691976 -0.000007  -1.003559 0.452040 0.793766
49  0.000004 0.000000 -0.000001  2.618569 -0.000036 1.570860
50  -0.000007 -0.000013 0.000005  2.272645 -0.000036 1.570861
51  -4.294168 -5.399119 -9.312805  -0.067024 -2.691660 1.433008
52  0.000001 0.000000 -0.000001  0.008153 -0.000259 0.000009
53  0.000000 -0.000000 -0.000001  1.565115 0.043565 -0.106862
54  6.258468 -10.848076 -4.060946  -0.944401 -2.364643 0.018347
55  0.000001 0.000000 -0.000001  0.000000 -0.000001 -0.000002
56  0.000031 0.000030 0.000000  -1.571901 -0.044449 -0.106509
57  21.530693 3.309789 -11.037277  1.570796 -0.000000 0.000000
58  -16.319784 5.039393 -18.063972  1.570796 -0.000000 0.000000
59  1.239137 5.932768 -7.028192  1.570796 -0.000000 0.000000
60  -0.004311 0.001230 -0.000371  0.006898 -0.005534 -0.284229
61  0.826810 11.578514 -4.219014  1.570796 -0.000000 0.000000
62  0.000000 0.000000 0.000000  -0.078727 -3.136056 0.284226
63  0.000000 0.000000 0.000000  1.570636 0.012925 0.009006
64  -3.053121 -7.892987 -3.166442  1.278830 0.061897 0.053994
65  0.042352 -2.889251 0.627700  0.000000 -0.000000 -0.000000
66  0.042352 -0.907088 1.190368  0.000000 -0.000000 -0.000000
67  -1.331044 -1.025122 4.361372  0.000000 -0.000000 -0.000000
68  0.042353 -0.884531 23.199604  0.000000 -0.000000 -0.000000
69  0.042255 0.181227 5.671383  1.436505 -0.000000 -0.000000
70  0.000096 0.089182 -9.714658  -0.000000 0.000000 0.000000
71  0.042352 -0.569288 7.155123  0.000000 -0.000000 -0.000000
72  -0.682762 -1.501893 3.214539  0.000000 -0.000000 -0.000000
73  0.074279 -0.628099 4.762586  0.000000 -0.000000 -0.000000
74  -2.902445 -13.579668 -5.730792  1.278830 0.061897 0.053994
75  3.944353 4.604919 -1.147905  -0.006922 -3.118185 -1.371834
76  2.923888 1.668560 -1.111006  0.000000 -0.000000 -1.047198
77  2.689258 0.497683 -1.436467  0.010506 0.051964 -0.316745
78  -0.000000 0.000000 0.000000  -0.020934 0.636458 0.938883
79  0.000000 0.440764 0.000000  0.486565 -0.441987 -0.773450
80  0.000000 0.430558 -0.000001  -0.006223 0.076974 -0.191197
81  -0.000000 0.438246 -0.000000  0.010005 -0.079899 0.086747
82  0.000000 0.433550 -0.000000  0.011304 0.089694 -0.026134
83  0.000000 0.454268 0.000000  0.012609 0.185849 -0.106853
84  0.000000 0.438145 -0.000001  0.029513 0.194171 -0.064883
85  0.000000 0.444414 0.000001  -0.119838 0.697408 0.117499
86  0.000000 0.422926 -0.000000  0.152173 0.286582 -0.026585
87  -0.000000 0.426509 -0.000000  -0.525903 -2.892741 0.085007
88  0.000001 0.432947 -0.000001  1.111723 -2.166675 -1.164661
time 126
0  0.000006 0.000000 0.000000  -1.570800 -1.391899 -1.570792
1  -7.945951 -4.451820 1.234826  -1.544956 -1.855077 -0.198630
2  6.027518 -0.000331 0.000191  -2.021296 -0.893801 0.455253
3  11.692108 0.000646 -0.000737  0.141254 -0.000023 -1.475971
4  11.480669 -0.000260 -0.000706  1.650663 -0.638889 -0.392632
5  3.859503 -0.142824 -1.192080  -0.569633 0.081643 -0.978264
6  1.312589 0.000010 0.000009  -0.240722 0.148577 -1.424727
7  0.729355 0.000054 0.000050  -0.050390 -0.007861 -1.653236
8  3.942141 0.046331 -0.431543  -0.209960 -0.006837 -0.591394
9  1.539110 0.000083 0.000005  -0.017224 -0.068437 -1.593578
10  1.196333 0.000145 0.000028  0.005261 -0.000217 -1.581951
11  3.883511 -0.047213 0.431350  0.010563 -0.139850 0.082864
12  1.719573 -0.000029 0.000017  0.011826 -0.056005 -1.579974
13  1.209179 0.000090 0.000012  0.006842 0.003422 -0.154099
14  4.085234 -0.082654 1.151008  0.203446 -0.359050 0.021415
15  1.719449 -0.000019 0.000029  0.023384 -0.061245 -1.578462
16  1.099675 0.000049 0.000005  0.008984 0.004379 -0.148166
17  1.059882 -1.545940 0.873875  -0.882908 -0.631562 -0.349629
18  1.789819 -0.000004 -0.000017  0.001586 -0.012969 0.643361
19  1.207015 -0.000014 -0.000043  0.001434 -0.000008 -0.128731
20  5.740636 0.000389 -0.000699  0.039753 0.000003 0.000063
21  11.481142 0.000123 -0.000793  0.004523 -0.107828 -0.080986
22  6.027524 -0.000329 0.000200  2.232270 -0.156502 2.223527
23  0.000002 11.692101 -0.000007  -1.015219 -0.462725 -0.801195
24  0.000003 0.000009 0.000000  1.010353 -0.000031 1.570739
25  0.000002 -0.000011 -0.000000  0.868960 0.000002 1.570712
26  -6.212011 -10.642979 0.826812  1.473120 1.855075 -0.198639
27  6.027511 -0.000260 -0.000221  1.439603 0.762503 -0.555943
28  11.691992 0.000159 0.000859  0.346036 0.000045 -1.462386
29  11.480591 0.000113 0.000832  -1.359567 0.657021 0.131012
30  3.859436 -0.132759 1.193064  0.469647 -0.013262 -1.872395
31  1.312559 0.000027 -0.000003  0.024060 -0.138696 -0.550187
32  0.729345 0.000065 -0.000028  -0.166197 -0.081570 -0.714272
33  3.942046 0.050139 0.430999  0.225309 -0.086237 -1.592712
34  1.539097 0.000006 -0.000001  0.035254 -0.050373 -0.994350
35  1.196300 0.000078 -0.000004  -0.021521 0.002175 -0.839738
36  3.883413 -0.050472 -0.431085  0.184824 -0.271737 -1.204030
37  1.719563 -0.000085 -0.000004  0.022859 -0.107186 -1.509108
38  1.209198 0.000035 0.000011  0.000661 0.071072 -0.480462
39  3.859588 -0.149082 -1.331322  -0.080472 0.327601 -0.061665
40  1.719413 -0.000098 -0.000036  0.097557 0.060679 -0.377229
41  1.099673 0.000024 0.000007  -0.014718 0.004685 0.056983
42  0.805984 -0.359847 -1.318339  0.991670 0.166767 -0.799527
43  1.789780 -0.000008 -0.000042  0.000058 -0.002451 0.133097
44  1.206996 -0.000007 0.000005  0.000372 -0.000071 1.058780
45  5.740572 0.000079 0.000721  0.063597 -0.000014 0.000028
46  11.481062 0.000096 0.000912  0.028981 0.112536 0.001591
47  6.027515 -0.000273 -0.000229  -0.957300 -0.564663 -1.476975
48  -0.000002 11.691977 -0.000007  -1.007078 0.455263 0.796042
49  0.000003 0.000000 -0.000001  2.618569 -0.000036 1.570860
50  -0.000008 -0.000013 0.000005  2.272645 -0.000036 1.570861
51  -4.406231 -5.356831 -9.311048  -0.079310 -2.690425 1.443363
52  0.000000 0.000000 0.000001  0.008153 -0.000259 0.000009
53  -0.000000 0.000000 -0.000001  1.565115 0.043565 -0.106862
54  6.040565 -10.662930 -3.900683  -1.024632 -2.333394 0.058169
55  -0.000000 -0.000000 -0.000001  0.000000 -0.000001 -0.000002
56  0.000030 0.000029 0.000000  -1.571901 -0.044449 -0.106509
57  21.537140 3.355297 -10.792265  1.570796 -0.000000 0.000000
58  -16.319784 5.039393 -18.063972  1.570796 -0.000000 0.000000
59  1.239137 5.794338 -7.028192  1.570796 -0.000000 0.000000
60  -0.004311 0.001230 -0.000371  0.006898 -0.005534 -0.284229
61  0.826810 11.578514 -4.219014  1.570796 -0.000000 0.000000
62  0.000000 0.000000 0.000000  -0.078727 -3.136056 0.284226
63  0.000000 0.000000 0.000000  1.572041 0.015426 0.009006
64  -3.084412 -7.845747 -3.179536  1.279699 0.072991 0.059058
65  0.042352 -2.889250 0.627699  0.000000 -0.000000 -0.000000
66  0.042352 -0.907088 1.190368  0.000000 -0.000000 -0.000000
67  -1.331044 -1.025122 4.361372  0.000000 -0.000000 -0.000000
68  0.042353 -0.884531 23.199604  0.000000 -0.000000 -0.000000
69  0.042255 0.181228 5.671383  1.437089 0.000000 -0.000000
70  0.000096 0.089186 -9.714657  0.000000 0.000000 -0.000000
71  0.042352 -0.569288 7.155123  0.000000 -0.000000 -0.000000
72  -0.682762 -1.501893 3.214537  0.000000 -0.000000 -0.000000
73  0.074278 -0.628098 4.762588  0.000000 -0.000000 -0.000000
74  -2.933826 -13.531061 -5.746915  1.279699 0.072991 0.059058
75  3.578176 4.977776 -1.136130  -0.017148 -3.122826 -0.899398
76  2.923889 1.668560 -1.111007  0.000000 0.000000 -1.047198
77  2.700341 0.500770 -1.421741  0.017327 0.043603 -0.352054
78  0.000000 0.000001 0.000000  -0.002187 0.647329 0.796865
79  0.000002 0.440764 -0.000000  0.465063 -0.462343 -0.731549
80  0.000000 0.430557 -0.000001  -0.010641 0.075590 -0.130164
81  0.000000 0.438246 0.000001  -0.000259 -0.080900 0.115309
82  -0.000000 0.433549 -0.000000  0.003521 0.088488 -0.002807
83  0.000000 0.454267 -0.000001  0.001566 0.201967 0.028162
84  0.000000 0.438146 -0.000000  0.026646 0.189555 -0.055028
85  -0.000000 0.444414 0.000002  -0.231081 0.699825 0.133619
86  0.000000 0.422926 -0.000000  0.078709 0.293429 -0.014438
87  -0.000001 0.426508 -0.000000  -0.350520 -2.865402 0.050300
88  -0.000000 0.432947 0.000001  1.122802 -2.174808 -1.186946
time 127
0  0.000006 0.000000 0.000000  -1.570800 -1.391899 -1.570792
1  -7.920874 -4.313146 1.234826  -1.544956 -1.855077 -0.198630
2  6.027519 -0.000331 0.000191  -2.026069 -0.902476 0.471881
3  11.692111 0.000644 -0.000738  0.187484 -0.000025 -1.499534
4  11.480471 -0.000416 -0.000671  1.477068 -0.635437 -0.285506
5  3.859504 -0.142823 -1.192079  -0.585631 -0.043609 -0.909521
6  1.312590 0.000010 0.000007  -0.181940 0.097108 -1.077966
7  0.729355 0.000054 0.000049  -0.026867 0.020470 -1.369105
8  3.942141 0.046331 -0.431543  -0.229817 -0.049754 -0.564032
9  1.539111 0.000083 0.000004  -0.033398 -0.083801 -1.342455
10  1.196332 0.000146 0.000028  0.006985 -0.001301 -1.317090
11  3.883511 -0.047212 0.431351  0.024087 -0.159628 -0.066134
12  1.719573 -0.000028 0.000017  -0.012886 -0.058620 -1.206146
13  1.209179 0.000090 0.000012  0.006733 0.003919 -0.210890
14  4.085235 -0.082653 1.151009  0.228358 -0.354160 -0.065101
15  1.719448 -0.000018 0.000028  0.004044 -0.062471 -1.380435
16  1.099675 0.000049 0.000006  0.008370 0.004802 -0.189993
17  1.059883 -1.545938 0.873877  -0.824583 -0.663247 -0.464406
18  1.789818 -0.000003 -0.000018  -0.001237 0.011085 0.697118
19  1.207015 -0.000014 -0.000042  -0.001190 0.000036 -0.091394
20  5.740635 0.000389 -0.000699  0.009338 0.000003 0.000063
21  11.481101 0.000092 -0.000786  -0.022960 -0.104058 -0.071404
22  6.027524 -0.000329 0.000200  2.224246 -0.151894 2.237653
23  -0.000001 11.692101 -0.000006  -1.029193 -0.475704 -0.810089
24  0.000001 0.000009 -0.000001  1.056584 -0.000031 1.570739
25  -0.000000 -0.000012 0.000001  0.868960 0.000002 1.570712
26  -6.212011 -10.642979 0.826812  1.473120 1.855075 -0.198639
27  6.027511 -0.000260 -0.000221  1.448677 0.756274 -0.551688
28  11.691992 0.000161 0.000859  0.346036 0.000046 -1.470593
29  11.480523 0.000072 0.000845  -1.366765 0.645993 0.135046
30  3.859437 -0.132759 1.193066  0.469647 -0.013262 -1.872395
31  1.312559 0.000026 -0.000002  0.024060 -0.138696 -0.550187
32  0.729345 0.000065 -0.000027  -0.166197 -0.081570 -0.714272
33  3.942047 0.050138 0.431001  0.225309 -0.086237 -1.592712
34  1.539097 0.000006 -0.000001  0.035254 -0.050373 -0.994350
35  1.196300 0.000078 -0.000004  -0.021521 0.002175 -0.839738
36  3.883414 -0.050473 -0.431083  0.184824 -0.271737 -1.204030
37  1.719563 -0.000085 -0.000006  0.022858 -0.107186 -1.509108
38  1.209198 0.000035 0.000011  0.000661 0.071072 -0.480462
39  3.859588 -0.149082 -1.331319  -0.080472 0.327601 -0.061665
40  1.719412 -0.000099 -0.000037  0.097557 0.060679 -0.377229
41  1.099674 0.000024 0.000007  -0.014718 0.004685 0.056983
42  0.805983 -0.359848 -1.318337  0.991670 0.166767 -0.799527
43  1.789779 -0.000010 -0.000042  0.000058 -0.002451 0.133098
44  1.206997 -0.000007 0.000006  0.000372 -0.000071 1.058780
45  5.740573 0.000081 0.000721  0.062344 -0.000014 0.000028
46  11.481050 0.000090 0.000914  0.027741 0.110300 0.003054
47  6.027515 -0.000273 -0.000229  -0.946731 -0.563139 -1.484616
48  -0.000000 11.691976 -0.000008  -1.011956 0.459749 0.799185
49  0.000003 -0.000001 -0.000001  2.618569 -0.000036 1.570860
50  -0.000007 -0.000013 0.000005  2.272645 -0.000036 1.570861
51  -4.507430 -5.305814 -9.256158  -0.089986 -2.691693 1.449255
52  -0.000000 0.000000 -0.000001  0.008153 -0.000259 0.000009
53  0.000000 0.000000 0.000001  1.565115 0.043565 -0.106862
54  5.648768 -10.586093 -3.913927  -1.153341 -2.340374 0.108504
55  -0.000000 -0.000000 -0.000001  0.000000 -0.000001 -0.000002
56  0.000030 0.000029 0.000000  -1.571901 -0.044449 -0.106510
57  21.536844 3.355208 -10.679360  1.570796 -0.000000 0.000000
58  -16.319784 5.039393 -18.063972  1.570796 -0.000000 0.000000
59  1.239137 5.653414 -7.028192  1.570796 -0.000000 0.000000
60  -0.004311 0.001230 -0.000371  0.006898 -0.005534 -0.284229
61  0.826810 11.578514 -4.219014  1.570796 -0.000000 0.000000
62  0.000000 0.000000 0.000000  -0.078727 -3.136056 0.284226
63  0.000000 0.000000 0.000000  1.573378 0.017649 0.008982
64  -3.125091 -7.808062 -3.143447  1.282716 0.082207 0.060535
65  0.042352 -2.889250 0.627700  -0.000000 0.000000 0.000000
66  0.042352 -0.907087 1.190368  -0.000000 0.000000 0.000000
67  -1.331044 -1.025122 4.361372  -0.000000 0.000000 0.000000
68  0.042353 -0.884530 23.199604  -0.000000 0.000000 0.000000
69  0.042255 0.181228 5.671382  1.436461 0.000000 0.000000
70  0.000096 0.089184 -9.714657  -0.000000 -0.000000 -0.000000
71  0.042352 -0.569288 7.155122  -0.000000 0.000000 0.000000
72  -0.682762 -1.501893 3.214539  -0.000000 0.000000 0.000000
73  0.074279 -0.628098 4.762587  -0.000000 0.000000 0.000000
74  -2.991593 -13.486885 -5.726092  1.282716 0.082207 0.060535
75  2.856383 4.909774 -1.158655  -0.023668 -3.130994 -0.472747
76  2.923889 1.668561 -1.111005  0.000000 -0.000000 -0.994303
77  2.707064 0.506783 -1.405699  -0.002117 0.014906 -0.107679
78  0.000000 0.000001 0.000001  -0.027412 0.680075 0.896433
79  0.000002 0.440763 -0.000001  0.566700 -0.340442 -0.953296
80  0.000001 0.430557 -0.000001  0.008579 0.084740 -0.343216
81  -0.000000 0.438247 0.000000  0.033010 -0.074060 0.040982
82  -0.000001 0.433550 -0.000000  0.028331 0.094068 0.022279
83  0.000000 0.454267 -0.000000  0.005695 0.207622 0.153897
84  -0.000001 0.438146 -0.000001  -0.026822 0.196846 0.111416
85  0.000001 0.444415 0.000000  -0.346681 0.737182 0.239567
86  0.000000 0.422926 -0.000000  -0.014536 0.294275 -0.024630
87  0.000000 0.426508 0.000000  -0.370161 -2.858419 0.024332
88  -0.000001 0.432947 0.000001  1.133064 -2.180890 -1.191794
time 128
0  0.000006 0.000000 0.000000  -1.570800 -1.391899 -1.570792
1  -7.895382 -4.172178 1.234826  -1.544956 -1.855077 -0.198630
2  6.027518 -0.000331 0.000191  -2.038205 -0.929726 0.499480
3  11.692108 0.000644 -0.000738  0.234335 -0.000025 -1.506183
4  11.480413 -0.000478 -0.000644  1.302002 -0.598141 -0.200890
5  3.859503 -0.142823 -1.192080  -0.607492 -0.200415 -0.816841
6  1.312590 0.000010 0.000008  -0.126962 0.000584 -0.289587
7  0.729355 0.000054 0.000049  0.040774 0.052302 -0.673879
8  3.942141 0.046331 -0.431543  -0.246461 -0.087804 -0.516008
9  1.539110 0.000083 0.000004  -0.066508 -0.078588 -0.785678
10  1.196332 0.000146 0.000030  0.007143 -0.004197 -0.651406
11  3.883511 -0.047211 0.431351  0.040836 -0.173098 -0.184566
12  1.719573 -0.000029 0.000016  -0.033820 -0.051331 -0.832520
13  1.209179 0.000090 0.000012  0.006566 0.004250 -0.267682
14  4.085235 -0.082653 1.151007  0.258830 -0.349903 -0.158681
15  1.719448 -0.000018 0.000027  -0.017851 -0.058676 -1.082447
16  1.099675 0.000049 0.000006  0.007668 0.005393 -0.251900
17  1.059882 -1.545938 0.873876  -0.817044 -0.690029 -0.532986
18  1.789819 -0.000003 -0.000019  -0.004254 0.027076 0.706775
19  1.207015 -0.000014 -0.000043  -0.003040 0.000065 -0.073890
20  5.740635 0.000387 -0.000699  -0.022542 0.000003 0.000064
21  11.481091 0.000080 -0.000781  -0.051868 -0.095434 -0.065399
22  6.027524 -0.000329 0.000200  2.198636 -0.139439 2.259342
23  -0.000000 11.692099 -0.000005  -1.033130 -0.479387 -0.812572
24  0.000004 0.000008 -0.000001  1.103434 -0.000031 1.570739
25  0.000000 -0.000012 0.000000  0.868960 0.000002 1.570712
26  -6.212011 -10.642979 0.826812  1.473120 1.855075 -0.198639
27  6.027511 -0.000260 -0.000221  1.457562 0.751903 -0.547838
28  11.691994 0.000160 0.000859  0.346036 0.000046 -1.482346
29  11.480425 0.000016 0.000866  -1.365917 0.640865 0.152804
30  3.859438 -0.132758 1.193065  0.469647 -0.013262 -1.872395
31  1.312558 0.000024 -0.000001  0.024060 -0.138696 -0.550187
32  0.729346 0.000064 -0.000027  -0.166197 -0.081570 -0.714273
33  3.942046 0.050139 0.431000  0.225309 -0.086237 -1.592712
34  1.539097 0.000006 -0.000001  0.035254 -0.050373 -0.994350
35  1.196300 0.000077 -0.000004  -0.021521 0.002175 -0.839738
36  3.883414 -0.050472 -0.431084  0.184824 -0.271737 -1.204030
37  1.719564 -0.000085 -0.000004  0.022858 -0.107186 -1.509108
38  1.209197 0.000035 0.000010  0.000661 0.071072 -0.480462
39  3.859588 -0.149082 -1.331320  -0.080472 0.327601 -0.061665
40  1.719412 -0.000098 -0.000035  0.097557 0.060679 -0.377229
41  1.099674 0.000023 0.000007  -0.014718 0.004685 0.056982
42  0.805984 -0.359847 -1.318337  0.991670 0.166767 -0.799527
43  1.789780 -0.000008 -0.000042  0.000058 -0.002451 0.133098
44  1.206997 -0.000007 0.000005  0.000372 -0.000071 1.058780
45  5.740572 0.000079 0.000721  0.062837 -0.000014 0.000028
46  11.481030 0.000077 0.000918  0.027237 0.109497 0.006520
47  6.027515 -0.000273 -0.000229  -0.938042 -0.560499 -1.491478
48  -0.000001 11.691977 -0.000007  -1.018935 0.466196 0.803656
49  0.000003 0.000000 -0.000000  2.618569 -0.000036 1.570860
50  -0.000008 -0.000013 0.000005  2.272645 -0.000036 1.570861
51  -4.563865 -5.233794 -9.153685  -0.095096 -2.698238 1.448572
52  0.000000 -0.000000 -0.000000  0.008153 -0.000259 0.000009
53  0.000000 -0.000000 0.000001  1.565115 0.043565 -0.106862
54  5.057621 -10.614962 -3.920135  -1.295339 -2.379843 0.154786
55  0.000000 0.000001 0.000001  0.000000 -0.000001 -0.000002
56  0.000031 0.000030 0.000002  -1.571902 -0.044449 -0.106509
57  21.534573 3.354526 -10.576543  1.570796 -0.000000 0.000000
58  -16.319784 5.039393 -18.063972  1.570796 -0.000000 0.000000
59  1.239137 5.510159 -7.028192  1.570796 -0.000000 0.000000
60  -0.004311 0.001230 -0.000371  0.006898 -0.005534 -0.284229
61  0.826810 11.578514 -4.219014  1.570796 -0.000000 0.000000
62  0.000000 0.000000 0.000000  -0.078727 -3.136056 0.284226
63  0.000000 0.000000 0.000000  1.574608 0.019515 0.008921
64  -3.165769 -7.783115 -3.064051  1.290010 0.085560 0.058256
65  0.042352 -2.889250 0.627700  -0.000000 0.000000 -0.000000
66  0.042352 -0.907087 1.190367  -0.000000 0.000000 -0.000000
67  -1.331044 -1.025122 4.361371  -0.000000 0.000000 -0.000000
68  0.042353 -0.884531 23.199604  -0.000000 0.000000 -0.000000
69  0.042255 0.181228 5.671383  1.434890 0.000000 -0.000000
70  0.000096 0.089186 -9.714657  -0.000000 -0.000000 -0.000000
71  0.042353 -0.569288 7.155122  -0.000000 0.000000 -0.000000
72  -0.682762 -1.501893 3.214538  -0.000000 0.000000 -0.000000
73  0.074279 -0.628099 4.762586  -0.000000 0.000000 -0.000000
74  -3.058493 -13.443919 -5.687160  1.290010 0.085560 0.058256
75  1.857131 4.720552 -1.211223  -0.026137 3.139978 0.022459
76  2.923888 1.668560 -1.111006  0.000000 0.000000 -0.858588
77  2.710516 0.516693 -1.390976  -0.010911 -0.002695 -0.044466
78  -0.000000 -0.000001 0.000000  -0.032219 0.710379 0.837997
79  0.000000 0.440764 0.000000  0.571659 -0.325149 -0.977890
80  -0.000000 0.430559 0.000002  0.005566 0.084571 -0.326811
81  -0.000000 0.438248 -0.000000  0.026272 -0.074077 0.096557
82  0.000000 0.433549 -0.000002  0.027226 0.094148 0.108732
83  -0.000000 0.454267 0.000001  -0.003186 0.209766 0.257260
84  -0.000001 0.438145 -0.000002  -0.055768 0.202115 0.208731
85  0.000000 0.444415 0.000000  -0.293225 0.752706 0.291054
86  -0.000003 0.422926 -0.000000  -0.092648 0.290546 -0.018715
87  0.000000 0.426508 -0.000001  -0.293808 -2.852806 -0.009341
88  0.000001 0.432947 -0.000000  1.144108 -2.186474 -1.187213
time 129
0  0.000006 0.000000 0.000000  -1.570800 -1.391899 -1.570792
1  -7.869506 -4.029081 1.234826  -1.544956 -1.855077 -0.198630
2  6.027519 -0.000331 0.000191  -2.084693 -0.966189 0.557206
3  11.692109 0.000645 -0.000739  0.281099 -0.000024 -1.495737
4  11.480495 -0.000457 -0.000633  1.180056 -0.567785 -0.129095
5  3.859504 -0.142823 -1.192080  -0.630604 -0.263207 -0.774595
6  1.312590 0.000010 0.000008  -0.126429 -0.043102 0.047971
7  0.729355 0.000054 0.000050  0.077589 0.049046 -0.213965
8  3.942141 0.046331 -0.431543  -0.252359 -0.101006 -0.494390
9  1.539110 0.000083 0.000005  -0.077407 -0.074158 -0.534792
10  1.196332 0.000146 0.000028  0.006398 -0.005861 -0.170806
11  3.883511 -0.047212 0.431350  0.044739 -0.173891 -0.215964
12  1.719573 -0.000028 0.000016  -0.029063 -0.056314 -0.935606
13  1.209179 0.000090 0.000012  0.006812 0.004019 -0.234927
14  4.085235 -0.082653 1.151008  0.303622 -0.353795 -0.329039
15  1.719448 -0.000019 0.000028  -0.026031 -0.073605 -0.988553
16  1.099676 0.000049 0.000005  0.009218 0.005587 -0.268788
17  1.059883 -1.545939 0.873876  -1.102764 -0.751896 -0.391001
18  1.789819 -0.000003 -0.000019  -0.010664 0.028142 0.498563
19  1.207015 -0.000014 -0.000043  -0.003403 -0.000205 -0.164175
20  5.740635 0.000389 -0.000699  -0.044731 0.000003 0.000063
21  11.481107 0.000085 -0.000779  -0.072125 -0.090097 -0.057850
22  6.027524 -0.000329 0.000200  2.167129 -0.106475 2.283166
23  0.000000 11.692100 -0.000009  -1.026944 -0.473606 -0.808665
24  0.000002 0.000009 0.000000  1.150198 -0.000031 1.570739
25  -0.000001 -0.000012 -0.000000  0.868960 0.000002 1.570712
26  -6.212011 -10.642979 0.826812  1.473120 1.855075 -0.198639
27  6.027511 -0.000260 -0.000221  1.462530 0.748994 -0.545671
28  11.691992 0.000160 0.000858  0.346037 0.000047 -1.496713
29  11.480306 -0.000053 0.000890  -1.353451 0.642921 0.183573
30  3.859438 -0.132759 1.193064  0.469647 -0.013262 -1.872395
31  1.312559 0.000026 -0.000001  0.024060 -0.138696 -0.550187
32  0.729346 0.000066 -0.000027  -0.166197 -0.081570 -0.714272
33  3.942047 0.050138 0.431000  0.225309 -0.086237 -1.592712
34  1.539097 0.000006 -0.000000  0.035254 -0.050373 -0.994350
35  1.196300 0.000078 -0.000004  -0.021521 0.002175 -0.839738
36  3.883413 -0.050472 -0.431085  0.184824 -0.271737 -1.204030
37  1.719564 -0.000084 -0.000005  0.022859 -0.107186 -1.509108
38  1.209198 0.000035 0.000010  0.000661 0.071072 -0.480462
39  3.859589 -0.149082 -1.331321  -0.080472 0.327601 -0.061665
40  1.719413 -0.000098 -0.000036  0.097557 0.060679 -0.377229
41  1.099675 0.000024 0.000007  -0.014718 0.004685 0.056983
42  0.805983 -0.359847 -1.318339  0.991670 0.166767 -0.799527
43  1.789780 -0.000009 -0.000042  0.000058 -0.002451 0.133097
44  1.206997 -0.000007 0.000006  0.000372 -0.000071 1.058780
45  5.740572 0.000079 0.000720  0.065528 -0.000014 0.000028
46  11.481005 0.000064 0.000923  0.028113 0.110459 0.011598
47  6.027515 -0.000273 -0.000229  -0.932749 -0.559251 -1.495510
48  -0.000001 11.691975 -0.000007  -1.027453 0.474115 0.809073
49  0.000003 -0.000000 -0.000001  2.618569 -0.000036 1.570860
50  -0.000007 -0.000013 0.000005  2.272645 -0.000036 1.570861
51  -4.554560 -5.138930 -9.046871  -0.092018 -2.711631 1.442025
52  0.000000 -0.000000 -0.000001  0.008153 -0.000259 0.000009
53  -0.000000 -0.000000 -0.000001  1.565115 0.043565 -0.106862
54  4.360257 -10.669925 -3.668268  -1.360037 -2.407060 0.173196
55  -0.000000 -0.000000 -0.000000  0.000000 -0.000001 -0.000002
56  0.000030 0.000029 0.000001  -1.571901 -0.044449 -0.106509
57  21.527748 3.352473 -10.485247  1.570796 -0.000000 0.000000
58  -16.319784 5.039393 -18.063972  1.570796 -0.000000 0.000000
59  1.239137 5.364742 -7.028192  1.570796 -0.000000 0.000000
60  -0.004311 0.001230 -0.000371  0.006898 -0.005534 -0.284229
61  0.826810 11.578514 -4.219014  1.570796 -0.000000 0.000000
62  0.000000 0.000000 0.000000  -0.078727 -3.136056 0.284226
63  0.000000 0.000000 0.000000  1.575688 0.020945 0.008814
64  -3.197060 -7.774092 -2.984655  1.302722 0.080397 0.054065
65  0.042352 -2.889250 0.627699  0.000000 -0.000000 -0.000000
66  0.042352 -0.907087 1.190369  0.000000 -0.000000 -0.000000
67  -1.331044 -1.025121 4.361372  0.000000 -0.000000 -0.000000
68  0.042353 -0.884531 23.199604  0.000000 -0.000000 -0.000000
69  0.042255 0.181228 5.671383  1.432847 0.000000 -0.000000
70  0.000096 0.089185 -9.714658  0.000000 -0.000000 -0.000000
71  0.042352 -0.569288 7.155123  0.000000 -0.000000 -0.000000
72  -0.682762 -1.501892 3.214538  0.000000 -0.000000 -0.000000
73  0.074278 -0.628098 4.762587  0.000000 -0.000000 -0.000000
74  -3.107565 -13.401001 -5.680352  1.302722 0.080397 0.054065
75  0.948762 4.463302 -1.271310  -0.021266 3.126148 0.598169
76  2.923889 1.668562 -1.111005  0.000000 0.000000 -0.676512
77  2.711787 0.531481 -1.380207  -0.001640 -0.015728 0.001001
78  -0.000000 -0.000000 0.000001  -0.022394 0.733772 0.803999
79  0.000000 0.440764 0.000001  0.546144 -0.373643 -0.908105
80  -0.000000 0.430557 -0.000001  -0.000484 0.076276 -0.242210
81  0.000000 0.438247 -0.000002  0.010091 -0.080834 0.139566
82  0.000000 0.433549 0.000001  0.012483 0.088534 0.120137
83  0.000000 0.454267 -0.000000  -0.016101 0.205492 0.240701
84  -0.000001 0.438146 0.000001  -0.062088 0.197212 0.191082
85  0.000002 0.444415 -0.000001  -0.200639 0.751332 0.285281
86  0.000001 0.422926 0.000000  -0.174467 0.286900 -0.011537
87  0.000000 0.426508 0.000000  -0.106571 -2.855808 -0.051289
88  0.000001 0.432947 0.000001  0.956168 -2.012675 -0.983362
time 130
0  0.000006 0.000000 0.000000  -1.570800 -1.391899 -1.570792
1  -7.843277 -3.884029 1.234826  -1.544956 -1.855077 -0.198630
2  6.027519 -0.000331 0.000190  -2.073402 -0.970140 0.557099
3  11.692109 0.000644 -0.000738  0.326848 -0.000025 -1.496253
4  11.480493 -0.000489 -0.000612  1.210662 -0.611366 -0.110142
5  3.859503 -0.142824 -1.192080  -0.649156 -0.241376 -0.741119
6  1.312590 0.000010 0.000007  -0.126189 -0.039740 0.017695
7  0.729355 0.000054 0.000048  0.081883 0.049536 -0.037375
8  3.942140 0.046331 -0.431543  -0.248041 -0.098881 -0.507648
9  1.539110 0.000083 0.000004  -0.069955 -0.086034 -0.567150
10  1.196333 0.000146 0.000028  0.006554 -0.006319 0.065829
11  3.883510 -0.047212 0.431351  0.051682 -0.211293 -0.311711
12  1.719573 -0.000029 0.000017  -0.042057 -0.060704 -0.781342
13  1.209179 0.000090 0.000013  0.008005 0.003705 -0.192090
14  4.085234 -0.082653 1.151009  0.332462 -0.352353 -0.432977
15  1.719448 -0.000019 0.000028  -0.046741 -0.066265 -0.771509
16  1.099675 0.000049 0.000007  0.009111 0.005247 -0.250628
17  1.059882 -1.545939 0.873876  -1.399872 -0.768244 -0.196708
18  1.789819 -0.000004 -0.000017  -0.014344 0.026909 0.290395
19  1.207015 -0.000014 -0.000044  -0.003417 -0.000443 -0.254461
20  5.740635 0.000388 -0.000699  -0.037760 0.000003 0.000063
21  11.481107 0.000080 -0.000774  -0.065214 -0.099475 -0.053618
22  6.027524 -0.000329 0.000200  2.162179 -0.112163 2.292901
23  -0.000001 11.692100 -0.000007  -1.027250 -0.473891 -0.808859
24  0.000002 0.000008 -0.000001  1.195947 -0.000031 1.570739
25  -0.000001 -0.000012 0.000000  0.868960 0.000002 1.570712
26  -6.212011 -10.642979 0.826812  1.473120 1.855075 -0.198639
27  6.027511 -0.000260 -0.000221  1.461583 0.748803 -0.545999
28  11.691992 0.000159 0.000859  0.346037 0.000048 -1.506532
29  11.480229 -0.000096 0.000908  -1.335718 0.651238 0.213678
30  3.859437 -0.132758 1.193065  0.469647 -0.013262 -1.872395
31  1.312559 0.000026 -0.000000  0.024060 -0.138696 -0.550187
32  0.729346 0.000066 -0.000027  -0.166197 -0.081570 -0.714273
33  3.942047 0.050139 0.430999  0.225309 -0.086237 -1.592712
34  1.539097 0.000006 -0.000001  0.035254 -0.050373 -0.994350
35  1.196300 0.000078 -0.000004  -0.021521 0.002175 -0.839738
36  3.883414 -0.050473 -0.431085  0.184824 -0.271737 -1.204030
37  1.719564 -0.000084 -0.000005  0.022858 -0.107186 -1.509108
38  1.209197 0.000035 0.000010  0.000661 0.071072 -0.480462
39  3.859588 -0.149082 -1.331322  -0.080472 0.327601 -0.061665
40  1.719413 -0.000098 -0.000036  0.097557 0.060679 -0.377229
41  1.099673 0.000024 0.000008  -0.014718 0.004685 0.056982
42  0.805984 -0.359847 -1.318340  0.991670 0.166767 -0.799527
43  1.789781 -0.000009 -0.000042  0.000058 -0.002451 0.133097
44  1.206996 -0.000007 0.000006  0.000372 -0.000071 1.058780
45  5.740574 0.000081 0.000721  0.068976 -0.000014 0.000028
46  11.480991 0.000056 0.000926  0.029768 0.112788 0.016043
47  6.027515 -0.000273 -0.000229  -0.933043 -0.559926 -1.495036
48  -0.000001 11.691977 -0.000006  -1.033266 0.479551 0.812744
49  0.000003 0.000000 -0.000000  2.618569 -0.000036 1.570860
50  -0.000008 -0.000012 0.000005  2.272645 -0.000036 1.570861
51  -4.490875 -5.069229 -8.987767  -0.083441 -2.726164 1.431954
52  0.000000 0.000001 0.000001  0.008153 -0.000259 0.000009
53  0.000000 0.000000 -0.000001  1.565115 0.043565 -0.106862
54  4.276661 -10.842556 -3.808665  -1.260923 -2.392390 0.134607
55  0.000000 0.000000 -0.000000  0.000000 -0.000001 -0.000002
56  0.000030 0.000029 0.000002  -1.571901 -0.044449 -0.106509
57  21.513136 3.348079 -10.406752  1.570796 -0.000000 0.000000
58  -16.319784 5.039393 -18.063972  1.570796 -0.000000 0.000000
59  1.239137 5.217338 -7.028192  1.570796 -0.000000 0.000000
60  -0.004311 0.001230 -0.000371  0.006898 -0.005534 -0.284229
61  0.826810 11.578514 -4.219014  1.570796 -0.000000 0.000000
62  0.000000 0.000000 0.000000  -0.078727 -3.136056 0.284226
63  0.000000 0.000000 0.000000  1.576587 0.021861 0.008650
64  -3.209577 -7.793869 -2.948566  1.315603 0.070034 0.048479
65  0.042352 -2.889250 0.627699  0.000000 -0.000000 0.000000
66  0.042352 -0.907088 1.190368  0.000000 -0.000000 0.000000
67  -1.331044 -1.025122 4.361372  0.000000 -0.000000 0.000000
68  0.042353 -0.884531 23.199604  0.000000 -0.000000 0.000000
69  0.042255 0.181227 5.671383  1.430805 0.000000 0.000000
70  0.000096 0.089185 -9.714657  -0.000000 0.000000 0.000000
71  0.042352 -0.569288 7.155123  0.000000 -0.000000 0.000000
72  -0.682762 -1.501893 3.214538  0.000000 -0.000000 0.000000
73  0.074279 -0.628099 4.762587  0.000000 -0.000000 0.000000
74  -3.130356 -13.384825 -5.718376  1.315603 0.070034 0.048479
75  0.499622 4.191210 -1.316400  -0.009871 3.117235 1.161230
76  2.923889 1.668560 -1.111006  0.000000 0.000000 -0.490880
77  2.711970 0.552114 -1.376030  0.007429 -0.020723 0.019106
78  -0.000000 0.000000 0.000001  -0.012792 0.764911 0.795178
79  0.000002 0.440765 -0.000000  0.517495 -0.418578 -0.835008
80  0.000000 0.430559 0.000002  -0.002027 0.071374 -0.184316
81  -0.000000 0.438248 0.000001  0.004988 -0.085209 0.141522
82  0.000001 0.433551 -0.000002  0.006281 0.084606 0.086918
83  0.000000 0.454266 0.000000  -0.018546 0.201325 0.185769
84  0.000000 0.438146 -0.000002  -0.057769 0.192812 0.148476
85  -0.000001 0.444414 0.000000  -0.164865 0.751621 0.269567
86  0.000000 0.422927 0.000000  -0.260693 0.287921 -0.009487
87  -0.000000 0.426508 -0.000000  0.104905 -2.867220 -0.099129
88  -0.000000 0.432947 -0.000001  0.229887 -1.839150 -0.226282
time 131
0  0.000006 0.000000 0.000000  -1.570800 -1.391899 -1.570792
1  -7.816727 -3.737209 1.234826  -1.544956 -1.855077 -0.198630
2  6.027519 -0.000333 0.000190  -2.066541 -0.968349 0.557701
3  11.692110 0.000644 -0.000738  0.370463 -0.000024 -1.490837
4  11.480541 -0.000488 -0.000602  1.252770 -0.660474 -0.112729
5  3.859503 -0.142823 -1.192079  -0.663541 -0.181671 -0.659550
6  1.312590 0.000010 0.000008  -0.129765 -0.032399 -0.061030
7  0.729355 0.000054 0.000050  0.084028 0.054662 0.035984
8  3.942141 0.046331 -0.431543  -0.236883 -0.093052 -0.542281
9  1.539110 0.000083 0.000004  -0.051595 -0.101314 -0.652733
10  1.196333 0.000146 0.000028  0.007314 -0.006098 0.210572
11  3.883510 -0.047211 0.431351  0.061187 -0.239148 -0.393831
12  1.719573 -0.000028 0.000018  -0.046075 -0.068227 -0.779956
13  1.209179 0.000089 0.000013  0.009433 0.002278 -0.023151
14  4.085234 -0.082653 1.151008  0.333779 -0.368608 -0.450865
15  1.719448 -0.000018 0.000028  -0.046501 -0.072933 -0.789625
16  1.099675 0.000049 0.000006  0.010351 0.003765 -0.125460
17  1.059882 -1.545939 0.873875  -1.423484 -0.777210 -0.162991
18  1.789819 -0.000004 -0.000018  -0.013121 0.024630 0.306605
19  1.207015 -0.000013 -0.000043  -0.003117 -0.000431 -0.247988
20  5.740634 0.000389 -0.000700  -0.027992 0.000003 0.000063
21  11.481115 0.000080 -0.000773  -0.057032 -0.109417 -0.052718
22  6.027525 -0.000329 0.000200  2.163304 -0.116291 2.299032
23  0.000000 11.692101 -0.000008  -1.024040 -0.470901 -0.806823
24  0.000003 0.000009 -0.000000  1.239562 -0.000031 1.570739
25  -0.000000 -0.000011 -0.000000  0.868960 0.000002 1.570712
26  -6.212011 -10.642979 0.826812  1.473120 1.855075 -0.198639
27  6.027511 -0.000260 -0.000221  1.455622 0.752817 -0.548668
28  11.691992 0.000161 0.000858  0.346037 0.000048 -1.505351
29  11.480238 -0.000094 0.000906  -1.322481 0.663611 0.227928
30  3.859438 -0.132759 1.193065  0.469647 -0.013262 -1.872395
31  1.312559 0.000026 -0.000000  0.024060 -0.138696 -0.550187
32  0.729345 0.000064 -0.000028  -0.166197 -0.081570 -0.714272
33  3.942047 0.050138 0.431001  0.225309 -0.086237 -1.592712
34  1.539096 0.000007 -0.000000  0.035254 -0.050373 -0.994350
35  1.196301 0.000077 -0.000004  -0.021521 0.002175 -0.839738
36  3.883414 -0.050473 -0.431084  0.184824 -0.271737 -1.204030
37  1.719563 -0.000084 -0.000004  0.022859 -0.107186 -1.509108
38  1.209197 0.000035 0.000011  0.000661 0.071072 -0.480462
39  3.859589 -0.149082 -1.331320  -0.080471 0.327601 -0.061665
40  1.719413 -0.000099 -0.000036  0.097557 0.060679 -0.377229
41  1.099674 0.000023 0.000009  -0.014718 0.004685 0.056983
42  0.805983 -0.359848 -1.318337  0.991670 0.166767 -0.799527
43  1.789780 -0.000009 -0.000042  0.000058 -0.002451 0.133098
44  1.206996 -0.000007 0.000005  0.000372 -0.000071 1.058780
45  5.740573 0.000080 0.000721  0.071301 -0.000014 0.000028
46  11.480991 0.000056 0.000926  0.031132 0.115666 0.017594
47  6.027515 -0.000273 -0.000229  -0.939898 -0.561109 -1.489995
48  -0.000001 11.691977 -0.000006  -1.032568 0.478896 0.812304
49  0.000004 -0.000000 -0.000001  2.618569 -0.000036 1.570860
50  -0.000007 -0.000013 0.000005  2.272645 -0.000036 1.570861
51  -4.400823 -5.074533 -8.995559  -0.073604 -2.733671 1.421028
52  0.000000 -0.000000 -0.000001  0.008153 -0.000259 0.000009
53  0.000000 0.000000 0.000001  1.565115 0.043565 -0.106862
54  4.327338 -11.063959 -3.869387  -1.143303 -2.382111 0.077269
55  -0.000000 0.000000 0.000001  0.000000 -0.000001 -0.000002
56  0.000030 0.000029 0.000001  -1.571902 -0.044449 -0.106509
57  21.487003 3.340219 -10.341936  1.570796 -0.000000 0.000000
58  -16.319784 5.039393 -18.063972  1.570796 -0.000000 0.000000
59  1.239137 5.068137 -7.028192  1.570796 -0.000000 0.000000
60  -0.004311 0.001230 -0.000371  0.006898 -0.005534 -0.284229
61  0.826810 11.578514 -4.219014  1.570796 -0.000000 0.000000
62  0.000000 0.000000 0.000000  -0.078727 -3.136056 0.284226
63  0.000000 0.000000 0.000000  1.577303 0.022183 0.008416
64  -3.199103 -7.844876 -2.960792  1.321291 0.059767 0.041859
65  0.042352 -2.889250 0.627698  -0.000000 0.000000 0.000000
66  0.042352 -0.907088 1.190368  -0.000000 0.000000 0.000000
67  -1.331044 -1.025122 4.361371  -0.000000 0.000000 0.000000
68  0.042353 -0.884531 23.199604  -0.000000 0.000000 0.000000
69  0.042255 0.181227 5.671383  1.429234 0.000000 -0.000000
70  0.000096 0.089183 -9.714657  -0.000000 -0.000000 -0.000000
71  0.042352 -0.569288 7.155122  -0.000000 0.000000 0.000000
72  -0.682762 -1.501892 3.214537  -0.000000 0.000000 0.000000
73  0.074279 -0.628099 4.762585  -0.000000 0.000000 0.000000
74  -3.131035 -13.419258 -5.764104  1.321291 0.059767 0.041859
75  0.464133 3.959586 -1.332991  0.000526 3.115335 1.568154
76  2.923888 1.668561 -1.111006  0.000000 0.000000 -0.347538
77  2.694051 0.580524 -1.376487  0.022329 -0.005331 0.027830
78  0.000000 0.000001 0.000001  -0.052182 0.806405 0.640950
79  -0.000001 0.440764 -0.000000  0.526267 -0.512053 -0.811258
80  0.000000 0.430559 0.000001  0.005557 0.061248 -0.087039
81  0.000000 0.438246 0.000001  0.008175 -0.057839 0.113131
82  -0.000000 0.433551 0.000001  0.008338 0.095388 0.072928
83  0.000000 0.454268 -0.000001  -0.011808 0.210759 0.155862
84  0.000000 0.438146 -0.000000  -0.043514 0.200383 0.122962
85  0.000002 0.444414 0.000001  -0.298244 0.749796 0.263419
86  -0.000000 0.422926 0.000000  -0.302950 0.296393 -0.002784
87  -0.000003 0.426509 -0.000000  0.204818 -2.871757 -0.107445
88  0.000000 0.432947 -0.000000  -0.489459 -1.871203 0.515836
time 132
0  0.000006 0.000000 0.000000  -1.570800 -1.391899 -1.570792
1  -7.789894 -3.588821 1.234826  -1.544956 -1.855077 -0.198630
2  6.027519 -0.000333 0.000191  -2.094666 -0.970746 0.587636
3  11.692111 0.000645 -0.000738  0.410731 -0.000023 -1.466613
4  11.480749 -0.000392 -0.000633  1.207386 -0.634943 -0.127803
5  3.859503 -0.142823 -1.192079  -0.667173 -0.112013 -0.576465
6  1.312590 0.000010 0.000007  -0.134515 -0.028027 -0.175671
7  0.729355 0.000053 0.000049  0.084983 0.059476 0.071706
8  3.942140 0.046331 -0.431543  -0.225941 -0.086843 -0.576828
9  1.539111 0.000083 0.000004  -0.032653 -0.112205 -0.738722
10  1.196333 0.000146 0.000029  0.008223 -0.005638 0.269008
11  3.883510 -0.047212 0.431351  0.071310 -0.259774 -0.462994
12  1.719573 -0.000028 0.000018  -0.047064 -0.075893 -0.779321
13  1.209179 0.000090 0.000012  0.010607 0.000120 0.202514
14  4.085235 -0.082653 1.151008  0.331076 -0.383421 -0.456807
15  1.719448 -0.000018 0.000029  -0.042340 -0.086421 -0.828600
16  1.099675 0.000049 0.000006  0.012423 0.001276 0.078750
17  1.059882 -1.545939 0.873876  -1.429630 -0.779712 -0.147699
18  1.789819 -0.000003 -0.000018  -0.010582 0.019711 0.345941
19  1.207016 -0.000014 -0.000043  -0.002503 -0.000322 -0.232033
20  5.740636 0.000389 -0.000700  -0.035948 0.000003 0.000064
21  11.481158 0.000098 -0.000778  -0.066360 -0.103700 -0.057853
22  6.027525 -0.000329 0.000200  2.163456 -0.100203 2.305758
23  0.000001 11.692102 -0.000006  -1.009659 -0.457602 -0.797623
24  0.000004 0.000009 -0.000000  1.279829 -0.000031 1.570739
25  0.000001 -0.000011 0.000000  0.868960 0.000002 1.570712
26  -6.212011 -10.642979 0.826812  1.473120 1.855075 -0.198639
27  6.027511 -0.000260 -0.000221  1.449064 0.759750 -0.551977
28  11.691992 0.000160 0.000858  0.346036 0.000047 -1.495077
29  11.480318 -0.000044 0.000887  -1.319657 0.675102 0.225180
30  3.859437 -0.132758 1.193064  0.469647 -0.013262 -1.872395
31  1.312559 0.000026 -0.000000  0.024060 -0.138696 -0.550187
32  0.729345 0.000064 -0.000027  -0.166197 -0.081570 -0.714272
33  3.942047 0.050139 0.430999  0.225309 -0.086237 -1.592712
34  1.539096 0.000006 0.000000  0.035254 -0.050373 -0.994350
35  1.196301 0.000078 -0.000004  -0.021521 0.002175 -0.839738
36  3.883414 -0.050472 -0.431084  0.184824 -0.271737 -1.204030
37  1.719563 -0.000084 -0.000004  0.022859 -0.107186 -1.509108
38  1.209196 0.000035 0.000011  0.000661 0.071072 -0.480462
39  3.859588 -0.149082 -1.331322  -0.080472 0.327601 -0.061665
40  1.719412 -0.000098 -0.000036  0.097557 0.060679 -0.377229
41  1.099673 0.000024 0.000007  -0.014718 0.004685 0.056982
42  0.805984 -0.359847 -1.318338  0.991670 0.166767 -0.799527
43  1.789779 -0.000008 -0.000042  0.000058 -0.002451 0.133097
44  1.206996 -0.000007 0.000005  0.000372 -0.000071 1.058781
45  5.740572 0.000080 0.000721  0.071623 -0.000014 0.000028
46  11.481008 0.000066 0.000923  0.031389 0.117944 0.016580
47  6.027515 -0.000273 -0.000229  -0.949831 -0.560842 -1.483519
48  -0.000002 11.691975 -0.000006  -1.026484 0.473211 0.808459
49  0.000002 -0.000001 -0.000001  2.618569 -0.000036 1.570860
50  -0.000008 -0.000013 0.000005  2.272645 -0.000036 1.570861
51  -4.324980 -5.147030 -9.035651  -0.067790 -2.732708 1.411964
52  0.000000 0.000000 0.000001  0.008153 -0.000259 0.000009
53  0.000000 0.000000 -0.000000  1.565115 0.043565 -0.106862
54  4.353366 -11.341040 -3.614018  -1.146259 -2.428245 0.076625
55  0.000000 -0.000001 -0.000002  0.000000 -0.000001 -0.000002
56  0.000031 0.000028 -0.000000  -1.571901 -0.044449 -0.106509
57  21.445492 3.327735 -10.291011  1.570796 -0.000000 0.000000
58  -16.319784 5.039393 -18.063972  1.570796 -0.000000 0.000000
59  1.239137 4.917342 -7.028192  1.570796 -0.000000 0.000000
60  -0.004311 0.001230 -0.000371  0.006898 -0.005534 -0.284229
61  0.826810 11.578514 -4.219014  1.570796 -0.000000 0.000000
62  0.000000 0.000000 0.000000  -0.078727 -3.136056 0.284226
63  0.000000 0.000000 0.000000  1.577832 0.019212 0.008095
64  -3.172920 -7.914619 -2.989946  1.319320 0.054714 0.034991
65  0.042352 -2.889251 0.627700  -0.000000 0.000000 -0.000000
66  0.042352 -0.907088 1.190368  -0.000000 0.000000 -0.000000
67  -1.331044 -1.025122 4.361371  -0.000000 0.000000 -0.000000
68  0.042353 -0.884531 23.199604  -0.000000 0.000000 -0.000000
69  0.042255 0.181227 5.671383  1.428605 0.000000 -0.000000
70  0.000096 0.089185 -9.714657  0.000000 0.000000 0.000000
71  0.042352 -0.569289 7.155123  -0.000000 0.000000 -0.000000
72  -0.682762 -1.501893 3.214538  -0.000000 0.000000 -0.000000
73  0.074279 -0.628099 4.762586  -0.000000 0.000000 -0.000000
74  -3.128183 -13.494338 -5.783085  1.319320 0.054714 0.034991
75  0.430334 3.803235 -1.343639  -3.137109 0.025873 -1.421653
76  2.923888 1.668560 -1.111006  -0.000000 -0.000000 -0.289003
77  2.649254 0.614719 -1.377627  0.047968 0.026420 0.058465
78  -0.000000 0.000001 0.000001  -0.140472 0.835281 0.363640
79  0.000002 0.440764 -0.000000  0.569409 -0.659286 -0.824965
80  -0.000000 0.430558 0.000001  0.027426 0.040488 0.061952
81  -0.000000 0.438246 0.000001  0.019366 -0.007826 0.079954
82  -0.000001 0.433550 0.000000  0.015398 0.114410 0.095282
83  -0.000000 0.454268 0.000001  -0.005128 0.228199 0.163128
84  -0.000000 0.438147 -0.000002  -0.033689 0.214597 0.120854
85  0.000000 0.444416 -0.000001  -0.425599 0.749506 0.263617
86  0.000001 0.422927 0.000000  -0.301439 0.303689 0.003080
87  0.000001 0.426508 0.000001  0.168671 -2.864002 -0.072925
88  0.000000 0.432947 0.000000  -0.618116 -1.885738 0.641576
time 133
0  0.000006 0.000000 0.000000  -1.570800 -1.391899 -1.570792
1  -7.762818 -3.439090 1.234826  -1.544956 -1.855077 -0.198630
2  6.027519 -0.000332 0.000191  -2.123102 -0.973005 0.617205
3  11.692108 0.000644 -0.000738  0.446508 -0.000022 -1.450308
4  11.479578 -0.000967 -0.000353  1.170312 -0.599722 -0.139970
5  3.859504 -0.142823 -1.192080  -0.665773 -0.065624 -0.537379
6  1.312590 0.000010 0.000007  -0.135946 -0.031820 -0.296089
7  0.729355 0.000054 0.000050  0.086157 0.058537 0.151913
8  3.942142 0.046331 -0.431544  -0.221819 -0.084372 -0.590007
9  1.539110 0.000083 0.000004  -0.025287 -0.115536 -0.771609
10  1.196332 0.000146 0.000028  0.008600 -0.005421 0.279364
11  3.883512 -0.047212 0.431351  0.075132 -0.266141 -0.486423
12  1.719573 -0.000028 0.000017  -0.046197 -0.082121 -0.779237
13  1.209179 0.000090 0.000012  0.011269 -0.001088 0.322222
14  4.085235 -0.082653 1.151008  0.332479 -0.391680 -0.471856
15  1.719448 -0.000017 0.000030  -0.041725 -0.093035 -0.846764
16  1.099675 0.000049 0.000006  0.013217 0.000082 0.168401
17  1.059883 -1.545939 0.873877  -1.428463 -0.787260 -0.145681
18  1.789818 -0.000003 -0.000017  -0.009356 0.017435 0.376484
19  1.207016 -0.000014 -0.000044  -0.002218 -0.000261 -0.219072
20  5.740635 0.000388 -0.000699  -0.043358 0.000003 0.000063
21  11.480924 -0.000017 -0.000723  -0.074115 -0.096088 -0.061456
22  6.027524 -0.000329 0.000200  2.163384 -0.084014 2.311846
23  0.000001 11.692099 -0.000007  -0.999955 -0.448717 -0.791345
24  0.000002 0.000007 -0.000000  1.315606 -0.000031 1.570739
25  0.000001 -0.000012 0.000000  0.868960 0.000002 1.570712
26  -6.212011 -10.642979 0.826812  1.473120 1.855075 -0.198639
27  6.027511 -0.000260 -0.000221  1.444983 0.766473 -0.554393
28  11.691990 0.000160 0.000858  0.346036 0.000046 -1.481548
29  11.480429 0.000018 0.000867  -1.327389 0.681143 0.212963
30  3.859438 -0.132759 1.193067  0.469647 -0.013262 -1.872395
31  1.312559 0.000027 -0.000000  0.024060 -0.138696 -0.550187
32  0.729346 0.000063 -0.000028  -0.166197 -0.081570 -0.714273
33  3.942047 0.050139 0.431002  0.225309 -0.086237 -1.592712
34  1.539097 0.000006 -0.000001  0.035254 -0.050373 -0.994350
35  1.196301 0.000078 -0.000005  -0.021521 0.002175 -0.839738
36  3.883413 -0.050472 -0.431083  0.184824 -0.271737 -1.204030
37  1.719565 -0.000084 -0.000004  0.022858 -0.107186 -1.509108
38  1.209198 0.000035 0.000010  0.000661 0.071072 -0.480462
39  3.859589 -0.149082 -1.331320  -0.080472 0.327601 -0.061665
40  1.719413 -0.000098 -0.000036  0.097557 0.060679 -0.377229
41  1.099674 0.000024 0.000007  -0.014718 0.004685 0.056983
42  0.805985 -0.359847 -1.318337  0.991670 0.166767 -0.799527
43  1.789780 -0.000008 -0.000042  0.000058 -0.002451 0.133098
44  1.206997 -0.000007 0.000005  0.000372 -0.000071 1.058780
45  5.740572 0.000078 0.000721  0.070010 -0.000014 0.000028
46  11.481029 0.000076 0.000919  0.030360 0.118825 0.014610
47  6.027515 -0.000273 -0.000229  -0.958270 -0.559172 -1.478632
48  -0.000003 11.691977 -0.000006  -1.018462 0.465758 0.803354
49  0.000004 0.000000 -0.000001  2.618569 -0.000036 1.570860
50  -0.000008 -0.000013 0.000005  2.272645 -0.000036 1.570861
51  -4.291548 -5.245513 -9.080579  -0.069843 -2.727539 1.407106
52  0.000001 0.000000 -0.000001  0.008153 -0.000259 0.000009
53  0.000000 0.000000 0.000002  1.565115 0.043565 -0.106862
54  4.322028 -11.541122 -3.367222  -1.151676 -2.478246 0.084623
55  -0.000001 -0.000000 0.000001  0.000000 -0.000001 -0.000002
56  0.000030 0.000029 0.000002  -1.571901 -0.044449 -0.106509
57  21.385189 3.309600 -10.253330  1.570796 -0.000000 0.000000
58  -16.319784 5.039393 -18.063972  1.570796 -0.000000 0.000000
59  1.239137 4.765182 -7.028192  1.570796 -0.000000 0.000000
60  -0.004311 0.001230 -0.000371  0.006898 -0.005534 -0.284229
61  0.826810 11.578514 -4.219014  1.570796 -0.000000 0.000000
62  0.000000 0.000000 0.000000  -0.078727 -3.136056 0.284226
63  0.000000 0.000000 0.000000  1.578182 0.012679 0.007673
64  -3.138882 -7.990608 -3.024743  1.314602 0.057553 0.029047
65  0.042352 -2.889250 0.627701  0.000000 0.000000 0.000000
66  0.042351 -0.907087 1.190369  0.000000 0.000000 0.000000
67  -1.331044 -1.025121 4.361373  0.000000 0.000000 0.000000
68  0.042353 -0.884531 23.199604  0.000000 0.000000 0.000000
69  0.042255 0.181228 5.671382  1.428746 0.000000 -0.000000
70  0.000096 0.089185 -9.714657  -0.000000 -0.000000 0.000000
71  0.042352 -0.569288 7.155123  0.000000 0.000000 0.000000
72  -0.682762 -1.501893 3.214539  0.000000 0.000000 0.000000
73  0.074278 -0.628098 4.762587  0.000000 0.000000 0.000000
74  -3.133344 -13.583811 -5.791140  1.314602 0.057553 0.029047
75  0.265486 3.732069 -1.368931  -3.138663 0.026095 -1.481428
76  2.923889 1.668562 -1.111006  0.000000 -0.000000 -0.318689
77  2.591019 0.649822 -1.379111  0.060427 0.048807 0.052105
78  -0.000000 -0.000000 0.000000  -0.175665 0.850630 0.232953
79  0.000000 0.440762 -0.000000  0.588046 -0.743538 -0.835618
80  -0.000000 0.430559 0.000000  0.038290 0.022984 0.152903
81  0.000001 0.438246 -0.000001  0.026434 0.013573 0.082392
82  -0.000000 0.433550 -0.000001  0.020546 0.119398 0.135670
83  -0.000000 0.454267 0.000000  -0.004098 0.233805 0.198167
84  0.000000 0.438146 0.000001  -0.037012 0.220510 0.143017
85  0.000001 0.444415 0.000001  -0.424348 0.754251 0.270503
86  0.000001 0.422926 0.000000  -0.280319 0.304595 0.003929
87  0.000001 0.426510 0.000000  0.064858 -2.860716 -0.031265
88  -0.000001 0.432948 -0.000000  -0.407520 -1.848330 0.435812
time 134
0  0.000006 0.000000 0.000000  -1.570800 -1.391899 -1.570792
1  -7.735545 -3.288270 1.234826  -1.544956 -1.855077 -0.198630
2  6.027518 -0.000332 0.000191  -2.127180 -0.969044 0.623187
3  11.692110 0.000645 -0.000737  0.476894 -0.000023 -1.466449
4  11.480751 -0.000432 -0.000606  1.148963 -0.597042 -0.111515
5  3.859504 -0.142823 -1.192080  -0.664056 -0.034004 -0.531188
6  1.312590 0.000009 0.000008  -0.130896 -0.044549 -0.451913
7  0.729355 0.000054 0.000048  0.086530 0.048582 0.306610
8  3.942141 0.046331 -0.431543  -0.221819 -0.084372 -0.590007
9  1.539110 0.000083 0.000004  -0.025287 -0.115536 -0.771609
10  1.196332 0.000146 0.000028  0.008600 -0.005421 0.279364
11  3.883511 -0.047212 0.431351  0.073323 -0.266686 -0.478531
12  1.719573 -0.000028 0.000018  -0.042876 -0.088290 -0.807550
13  1.209179 0.000090 0.000012  0.011809 -0.001469 0.357706
14  4.085235 -0.082653 1.151008  0.353344 -0.381317 -0.526902
15  1.719448 -0.000018 0.000028  -0.053004 -0.084489 -0.738118
16  1.099675 0.000049 0.000006  0.012690 0.000378 0.147111
17  1.059882 -1.545939 0.873875  -1.425973 -0.805054 -0.152580
18  1.789819 -0.000003 -0.000018  -0.009657 0.020003 0.393434
19  1.207015 -0.000014 -0.000043  -0.002495 -0.000258 -0.210753
20  5.740635 0.000390 -0.000699  -0.046946 0.000003 0.000063
21  11.481157 0.000092 -0.000773  -0.076986 -0.096280 -0.057147
22  6.027524 -0.000329 0.000200  2.167611 -0.082211 2.314111
23  0.000001 11.692100 -0.000005  -1.009562 -0.457512 -0.797560
24  0.000003 0.000008 -0.000000  1.345993 -0.000031 1.570739
25  0.000001 -0.000012 0.000000  0.868960 0.000002 1.570712
26  -6.212011 -10.642979 0.826812  1.473120 1.855075 -0.198639
27  6.027511 -0.000260 -0.000221  1.443685 0.772458 -0.555672
28  11.691993 0.000160 0.000858  0.346036 0.000045 -1.466906
29  11.480550 0.000089 0.000840  -1.341801 0.681173 0.194106
30  3.859438 -0.132758 1.193065  0.469647 -0.013262 -1.872395
31  1.312558 0.000025 -0.000001  0.024060 -0.138696 -0.550187
32  0.729346 0.000065 -0.000028  -0.166197 -0.081570 -0.714272
33  3.942047 0.050138 0.431000  0.225309 -0.086237 -1.592712
34  1.539097 0.000005 -0.000001  0.035254 -0.050373 -0.994350
35  1.196301 0.000077 -0.000004  -0.021521 0.002175 -0.839738
36  3.883413 -0.050472 -0.431084  0.184824 -0.271737 -1.204030
37  1.719563 -0.000085 -0.000005  0.022859 -0.107186 -1.509108
38  1.209198 0.000035 0.000010  0.000661 0.071072 -0.480462
39  3.859588 -0.149082 -1.331320  -0.080472 0.327601 -0.061665
40  1.719412 -0.000098 -0.000037  0.097557 0.060679 -0.377229
41  1.099674 0.000023 0.000006  -0.014718 0.004685 0.056983
42  0.805984 -0.359848 -1.318338  0.991670 0.166767 -0.799527
43  1.789780 -0.000009 -0.000042  0.000058 -0.002451 0.133097
44  1.206996 -0.000007 0.000005  0.000372 -0.000071 1.058780
45  5.740572 0.000079 0.000721  0.067239 -0.000014 0.000028
46  11.481053 0.000091 0.000913  0.028632 0.118336 0.011979
47  6.027515 -0.000273 -0.000229  -0.964554 -0.556299 -1.475681
48  -0.000002 11.691977 -0.000007  -1.009765 0.457732 0.797775
49  0.000003 0.000000 -0.000001  2.618569 -0.000036 1.570860
50  -0.000008 -0.000013 0.000005  2.272645 -0.000036 1.570861
51  -4.297080 -5.354587 -9.119764  -0.077068 -2.719292 1.407083
52  0.000001 0.000000 0.000000  0.008153 -0.000259 0.000009
53  0.000000 0.000000 0.000000  1.565115 0.043565 -0.106862
54  4.241124 -11.541893 -3.345300  -1.131362 -2.484536 0.079110
55  -0.000001 0.000000 -0.000002  0.000000 -0.000001 -0.000002
56  0.000030 0.000029 -0.000001  -1.571901 -0.044449 -0.106509
57  21.303688 3.285090 -10.227393  1.570796 -0.000000 0.000000
58  -16.319784 5.039393 -18.063972  1.570796 -0.000000 0.000000
59  1.239137 4.611916 -7.028192  1.570796 -0.000000 0.000000
60  -0.004311 0.001230 -0.000371  0.006898 -0.005534 -0.284229
61  0.826810 11.578514 -4.219014  1.570796 -0.000000 0.000000
62  0.000000 0.000000 0.000000  -0.078727 -3.136056 0.284226
63  0.000000 0.000000 0.000000  1.578378 0.006146 0.007155
64  -3.104844 -8.060350 -3.053896  1.307745 0.065602 0.025668
65  0.042352 -2.889251 0.627701  -0.000000 -0.000000 -0.000000
66  0.042352 -0.907088 1.190368  -0.000000 -0.000000 -0.000000
67  -1.331044 -1.025122 4.361372  -0.000000 -0.000000 -0.000000
68  0.042353 -0.884531 23.199606  -0.000000 -0.000000 -0.000000
69  0.042255 0.181228 5.671383  1.429116 0.000000 -0.000000
70  0.000096 0.089184 -9.714657  0.000000 0.000000 -0.000000
71  0.042352 -0.569288 7.155123  -0.000000 -0.000000 -0.000000
72  -0.682762 -1.501893 3.214540  -0.000000 -0.000000 -0.000000
73  0.074278 -0.628099 4.762587  -0.000000 -0.000000 -0.000000
74  -3.137455 -13.672907 -5.780624  1.307745 0.065602 0.025668
75  0.104809 3.704188 -1.385466  -3.140219 0.026223 -1.540925
76  2.923889 1.668561 -1.111005  -0.000000 -0.000000 -0.349066
77  2.532784 0.680937 -1.380589  0.026713 0.046308 -0.028847
78  -0.000000 0.000001 -0.000000  -0.034017 0.870021 0.417422
79  0.000000 0.440764 -0.000001  0.554520 -0.749539 -0.838471
80  -0.000000 0.430557 0.000001  0.015288 0.014528 0.163144
81  0.000000 0.438248 -0.000002  0.013740 0.004034 0.100760
82  -0.000001 0.433550 -0.000001  0.015113 0.110112 0.160638
83  -0.000001 0.454268 -0.000000  -0.007772 0.225156 0.227125
84  0.000001 0.438146 0.000000  -0.031387 0.210466 0.127711
85  0.000001 0.444415 0.000000  -0.433122 0.746363 0.284638
86  0.000000 0.422925 0.000000  -0.250688 0.318605 -0.014691
87  -0.000000 0.426508 0.000000  0.011617 -2.872388 -0.005545
88  0.000003 0.432947 0.000001  -0.214315 -1.843072 0.231363
time 135
0  0.000006 0.000000 0.000000  -1.570800 -1.391899 -1.570792
1  -7.708128 -3.136653 1.234825  -1.544956 -1.855077 -0.198630
2  6.027519 -0.000333 0.000190  -2.121922 -0.958832 0.618241
3  11.692107 0.000644 -0.000739  0.501364 -0.000024 -1.494984
4  11.480508 -0.000581 -0.000522  1.142319 -0.602642 -0.071045
5  3.859503 -0.142824 -1.192080  -0.660879 -0.001165 -0.536563
6  1.312589 0.000010 0.000008  -0.117663 -0.062433 -0.660207
7  0.729355 0.000053 0.000049  0.082772 0.030761 0.510302
8  3.942140 0.046331 -0.431544  -0.221819 -0.084372 -0.590007
9  1.539110 0.000083 0.000005  -0.025287 -0.115536 -0.771609
10  1.196332 0.000146 0.000029  0.008600 -0.005421 0.279364
11  3.883510 -0.047212 0.431350  0.067759 -0.267697 -0.455826
12  1.719573 -0.000028 0.000018  -0.035751 -0.094807 -0.881742
13  1.209179 0.000090 0.000011  0.012227 -0.001732 0.378678
14  4.085234 -0.082654 1.151008  0.353048 -0.381508 -0.526104
15  1.719448 -0.000018 0.000029  -0.051586 -0.085559 -0.752789
16  1.099675 0.000049 0.000006  0.012735 0.000178 0.162146
17  1.059882 -1.545939 0.873875  -1.417099 -0.830346 -0.172614
18  1.789818 -0.000003 -0.000018  -0.010678 0.026582 0.405149
19  1.207015 -0.000013 -0.000045  -0.003218 -0.000261 -0.203747
20  5.740636 0.000389 -0.000700  -0.047318 0.000003 0.000063
21  11.481111 0.000062 -0.000758  -0.076488 -0.098612 -0.049926
22  6.027524 -0.000329 0.000200  2.177417 -0.086429 2.312658
23  0.000000 11.692100 -0.000007  -1.026498 -0.473190 -0.808383
24  0.000003 0.000008 0.000001  1.370464 -0.000030 1.570738
25  0.000001 -0.000011 0.000000  0.868960 0.000002 1.570712
26  -6.212011 -10.642979 0.826812  1.473120 1.855075 -0.198639
27  6.027511 -0.000260 -0.000221  1.444998 0.777381 -0.555786
28  11.691991 0.000161 0.000858  0.346035 0.000044 -1.453400
29  11.480668 0.000156 0.000815  -1.358461 0.676450 0.172477
30  3.859438 -0.132759 1.193065  0.469647 -0.013262 -1.872395
31  1.312558 0.000026 -0.000001  0.024060 -0.138696 -0.550187
32  0.729346 0.000065 -0.000028  -0.166197 -0.081570 -0.714272
33  3.942047 0.050139 0.431000  0.225309 -0.086237 -1.592712
34  1.539096 0.000005 -0.000000  0.035254 -0.050373 -0.994350
35  1.196301 0.000078 -0.000005  -0.021521 0.002175 -0.839738
36  3.883414 -0.050473 -0.431084  0.184824 -0.271737 -1.204030
37  1.719565 -0.000085 -0.000005  0.022858 -0.107186 -1.509108
38  1.209197 0.000035 0.000010  0.000661 0.071072 -0.480462
39  3.859588 -0.149082 -1.331321  -0.080472 0.327601 -0.061665
40  1.719413 -0.000098 -0.000036  0.097557 0.060679 -0.377229
41  1.099673 0.000024 0.000007  -0.014718 0.004685 0.056983
42  0.805984 -0.359848 -1.318338  0.991670 0.166767 -0.799527
43  1.789780 -0.000009 -0.000042  0.000058 -0.002451 0.133097
44  1.206996 -0.000007 0.000005  0.000372 -0.000071 1.058780
45  5.740574 0.000078 0.000721  0.064164 -0.000014 0.000028
46  11.481079 0.000104 0.000908  0.026753 0.116874 0.009069
47  6.027515 -0.000273 -0.000229  -0.968491 -0.552568 -1.474641
48  -0.000003 11.691975 -0.000006  -1.001729 0.450368 0.792580
49  0.000003 -0.000000 -0.000000  2.618569 -0.000036 1.570860
50  -0.000009 -0.000014 0.000005  2.272645 -0.000036 1.570861
51  -4.330833 -5.457885 -9.143003  -0.086216 -2.709222 1.410950
52  0.000000 -0.000000 0.000000  0.008153 -0.000259 0.000009
53  0.000000 -0.000000 -0.000000  1.565115 0.043565 -0.106862
54  4.216157 -11.467087 -3.387482  -1.096668 -2.474707 0.071515
55  -0.000000 -0.000000 0.000000  0.000000 -0.000001 -0.000002
56  0.000030 0.000028 0.000001  -1.571902 -0.044449 -0.106509
57  21.199955 3.253894 -10.211063  1.570796 -0.000000 0.000000
58  -16.319784 5.039393 -18.063972  1.570796 -0.000000 0.000000
59  1.239137 4.457840 -7.028192  1.570796 -0.000000 0.000000
60  -0.004311 0.001230 -0.000371  0.006898 -0.005534 -0.284229
61  0.826810 11.578514 -4.219014  1.570796 -0.000000 0.000000
62  0.000000 0.000000 0.000000  -0.078727 -3.136056 0.284226
63  0.000000 0.000000 0.000000  1.578439 0.003178 0.006546
64  -3.078660 -8.111357 -3.066122  1.299379 0.075656 0.025153
65  0.042352 -2.889250 0.627699  0.000000 0.000000 -0.000000
66  0.042351 -0.907088 1.190368  0.000000 0.000000 -0.000000
67  -1.331045 -1.025122 4.361371  0.000000 0.000000 -0.000000
68  0.042353 -0.884531 23.199604  0.000000 0.000000 -0.000000
69  0.042255 0.181227 5.671383  1.429641 0.000000 -0.000000
70  0.000096 0.089184 -9.714657  -0.000000 -0.000000 0.000000
71  0.042352 -0.569288 7.155122  0.000000 0.000000 -0.000000
72  -0.682762 -1.501893 3.214538  0.000000 0.000000 -0.000000
73  0.074278 -0.628099 4.762586  0.000000 0.000000 -0.000000
74  -3.137435 -13.747152 -5.744045  1.299379 0.075656 0.025153
75  0.054973 3.678983 -1.384484  -3.140123 0.026218 -1.537258
76  2.923889 1.668562 -1.111006  0.000000 -0.000000 -0.299929
77  2.487988 0.703191 -1.381730  -0.022586 0.024438 -0.138880
78  -0.000000 0.000001 0.000000  0.204802 0.845841 0.730747
79  0.000001 0.440763 -0.000001  0.530994 -0.738418 -0.879648
80  0.000001 0.430558 0.000001  -0.021959 0.005757 0.151007
81  0.000000 0.438246 0.000000  -0.010633 -0.006276 0.106652
82  0.000000 0.433551 -0.000000  0.000740 0.100372 0.181097
83  0.000000 0.454268 -0.000000  -0.017665 0.216636 0.260081
84  -0.000000 0.438145 -0.000000  -0.021008 0.199444 0.089257
85  -0.000001 0.444413 -0.000001  -0.455345 0.740520 0.314437
86  0.000001 0.422926 0.000000  -0.227664 0.350343 -0.043975
87  0.000002 0.426508 -0.000000  0.019930 -2.891365 0.007371
88  -0.000000 0.432948 0.000001  -0.168813 -1.861977 0.160462
time 136
0  0.000006 0.000000 0.000000  -1.570800 -1.391899 -1.570792
1  -7.680631 -2.984592 1.234825  -1.544956 -1.855077 -0.198630
2  6.027519 -0.000333 0.000191  -2.115142 -0.947498 0.610883
3  11.692110 0.000644 -0.000738  0.519788 -0.000026 -1.523656
4  11.480268 -0.000720 -0.000436  1.146076 -0.607899 -0.037305
5  3.859504 -0.142823 -1.192081  -0.657472 0.027792 -0.549643
6  1.312590 0.000010 0.000008  -0.102952 -0.075483 -0.829784
7  0.729355 0.000053 0.000049  0.076254 0.015341 0.675329
8  3.942141 0.046331 -0.431544  -0.221819 -0.084372 -0.590007
9  1.539111 0.000083 0.000004  -0.025287 -0.115536 -0.771609
10  1.196333 0.000145 0.000030  0.008600 -0.005421 0.279364
11  3.883511 -0.047212 0.431349  0.059997 -0.267597 -0.427599
12  1.719573 -0.000028 0.000016  -0.028681 -0.099044 -0.955972
13  1.209179 0.000090 0.000011  0.012462 -0.001845 0.385919
14  4.085235 -0.082653 1.151008  0.350494 -0.382881 -0.519234
15  1.719448 -0.000018 0.000029  -0.048304 -0.087738 -0.784207
16  1.099675 0.000049 0.000005  0.012819 -0.000252 0.194322
17  1.059883 -1.545939 0.873875  -1.400420 -0.851686 -0.200035
18  1.789819 -0.000005 -0.000018  -0.011726 0.033140 0.410627
19  1.207015 -0.000013 -0.000043  -0.003940 -0.000265 -0.199562
20  5.740635 0.000388 -0.000699  -0.045827 0.000003 0.000063
21  11.481061 0.000033 -0.000739  -0.074284 -0.100684 -0.043383
22  6.027525 -0.000329 0.000200  2.188210 -0.091748 2.309867
23  -0.000000 11.692099 -0.000007  -1.043462 -0.489105 -0.819043
24  0.000003 0.000007 -0.000000  1.388889 -0.000031 1.570739
25  -0.000001 -0.000012 0.000001  0.868960 0.000002 1.570712
26  -6.212011 -10.642979 0.826812  1.473120 1.855075 -0.198639
27  6.027511 -0.000260 -0.000221  1.447814 0.780840 -0.555097
28  11.691992 0.000162 0.000858  0.346035 0.000044 -1.442967
29  11.479066 -0.000671 0.001114  -1.373229 0.670226 0.151747
30  3.859437 -0.132758 1.193066  0.469647 -0.013262 -1.872395
31  1.312558 0.000026 -0.000002  0.024060 -0.138696 -0.550187
32  0.729345 0.000065 -0.000027  -0.166197 -0.081570 -0.714273
33  3.942047 0.050140 0.431001  0.225309 -0.086237 -1.592712
34  1.539097 0.000006 -0.000001  0.035254 -0.050373 -0.994350
35  1.196299 0.000079 -0.000004  -0.021521 0.002175 -0.839738
36  3.883414 -0.050472 -0.431083  0.184824 -0.271737 -1.204030
37  1.719564 -0.000084 -0.000005  0.022859 -0.107186 -1.509108
38  1.209198 0.000034 0.000012  0.000662 0.071072 -0.480462
39  3.859588 -0.149082 -1.331321  -0.080472 0.327601 -0.061665
40  1.719412 -0.000098 -0.000036  0.097557 0.060679 -0.377229
41  1.099674 0.000023 0.000006  -0.014718 0.004685 0.056983
42  0.805984 -0.359847 -1.318338  0.991670 0.166767 -0.799527
43  1.789780 -0.000009 -0.000042  0.000058 -0.002451 0.133098
44  1.206996 -0.000006 0.000005  0.000372 -0.000071 1.058780
45  5.740572 0.000079 0.000721  0.061553 -0.000014 0.000028
46  11.480758 -0.000062 0.000968  0.025188 0.115191 0.006212
47  6.027515 -0.000273 -0.000229  -0.970293 -0.548878 -1.474988
48  -0.000002 11.691974 -0.000008  -0.995512 0.444705 0.788534
49  0.000003 -0.000000 -0.000001  2.618569 -0.000036 1.570860
50  -0.000007 -0.000014 0.000004  2.272645 -0.000036 1.570861
51  -4.376977 -5.537806 -9.150670  -0.093786 -2.698552 1.416161
52  -0.000000 0.000000 0.000000  0.008153 -0.000259 0.000009
53  -0.000000 0.000000 0.000000  1.565115 0.043565 -0.106862
54  4.220239 -11.395725 -3.438397  -1.059073 -2.464842 0.062223
55  0.000000 0.000000 0.000001  0.000000 -0.000001 -0.000002
56  0.000031 0.000029 0.000002  -1.571902 -0.044449 -0.106509
57  21.074331 3.216115 -10.201933  1.570796 -0.000000 0.000000
58  -16.319784 5.039393 -18.063972  1.570796 -0.000000 0.000000
59  1.239137 4.303314 -7.028192  1.570796 -0.000000 0.000000
60  -0.004311 0.001230 -0.000371  0.006898 -0.005534 -0.284229
61  0.826810 11.578514 -4.219014  1.570796 -0.000000 0.000000
62  0.000000 0.000000 0.000000  -0.078727 -3.136056 0.284226
63  0.000000 0.000000 0.000000  1.577549 0.003755 0.005836
64  -3.068187 -8.131135 -3.059771  1.290107 0.084340 0.026414
65  0.042352 -2.889250 0.627700  -0.000000 0.000000 0.000000
66  0.042352 -0.907088 1.190369  -0.000000 0.000000 0.000000
67  -1.331044 -1.025122 4.361373  -0.000000 0.000000 0.000000
68  0.042353 -0.884531 23.199604  -0.000000 0.000000 0.000000
69  0.042255 0.181228 5.671384  1.430241 0.000000 0.000000
70  0.000096 0.089185 -9.714658  0.000000 -0.000000 0.000000
71  0.042352 -0.569288 7.155124  -0.000000 0.000000 0.000000
72  -0.682762 -1.501893 3.214538  -0.000000 0.000000 0.000000
73  0.074279 -0.628099 4.762587  -0.000000 0.000000 0.000000
74  -3.138034 -13.792148 -5.683694  1.290107 0.084340 0.026414
75  0.047645 3.666106 -1.383156  -3.140027 0.026212 -1.533591
76  2.923889 1.668561 -1.111007  0.000000 -0.000000 -0.193463
77  2.470070 0.711694 -1.382188  -0.046334 0.011478 -0.193280
78  -0.000000 0.000001 0.000001  0.314987 0.812634 0.885203
79  -0.000000 0.440763 -0.000000  0.525186 -0.729556 -0.908800
80  0.000000 0.430557 0.000001  -0.041180 0.000977 0.139665
81  -0.000000 0.438247 -0.000001  -0.023912 -0.011442 0.106325
82  -0.000000 0.433550 -0.000001  -0.007601 0.095685 0.189814
83  -0.000000 0.454267 -0.000002  -0.025502 0.222091 0.279349
84  0.000000 0.438147 -0.000000  -0.015519 0.193778 0.067839
85  -0.000000 0.444414 -0.000000  -0.467966 0.737229 0.331125
86  0.000000 0.422926 -0.000000  -0.217265 0.366364 -0.060246
87  -0.000001 0.426508 -0.000000  0.027170 -2.903230 0.013038
88  0.000000 0.432947 0.000000  -0.157154 -1.875204 0.136233
time 137
0  0.000006 0.000000 0.000000  -1.570800 -1.391899 -1.570792
1  -7.653131 -2.832519 1.234825  -1.544956 -1.855077 -0.198630
2  6.027519 -0.000331 0.000192  -2.113048 -0.936374 0.607000
3  11.692109 0.000644 -0.000739  0.532369 -0.000028 -1.553176
4  11.480040 -0.000849 -0.000356  1.163686 -0.607088 -0.009961
5  3.859502 -0.142824 -1.192079  -0.654841 0.049567 -0.562936
6  1.312590 0.000010 0.000006  -0.097103 -0.079538 -0.888766
7  0.729355 0.000054 0.000048  0.073246 0.009957 0.732693
8  3.942140 0.046331 -0.431543  -0.221819 -0.084372 -0.590007
9  1.539111 0.000083 0.000004  -0.025287 -0.115536 -0.771609
10  1.196333 0.000146 0.000029  0.008600 -0.005421 0.279364
11  3.883510 -0.047212 0.431351  0.052721 -0.265453 -0.405830
12  1.719573 -0.000028 0.000016  -0.025980 -0.100277 -0.984314
13  1.209179 0.000090 0.000012  0.012530 -0.001854 0.386742
14  4.085234 -0.082654 1.151007  0.344240 -0.385982 -0.502502
15  1.719448 -0.000018 0.000028  -0.046242 -0.088610 -0.798918
16  1.099675 0.000047 0.000006  0.012854 -0.000454 0.209356
17  1.059881 -1.545939 0.873876  -1.379302 -0.859533 -0.224661
18  1.789819 -0.000003 -0.000018  -0.012134 0.035644 0.411836
19  1.207015 -0.000013 -0.000044  -0.004216 -0.000267 -0.198362
20  5.740637 0.000388 -0.000699  -0.042220 0.000003 0.000063
21  11.481017 0.000006 -0.000723  -0.069856 -0.101302 -0.037026
22  6.027525 -0.000329 0.000201  2.199133 -0.094395 2.306662
23  -0.000000 11.692100 -0.000006  -1.060879 -0.505656 -0.829791
24  0.000003 0.000009 0.000001  1.401470 -0.000031 1.570739
25  -0.000001 -0.000011 0.000001  0.868960 0.000002 1.570712
26  -6.212011 -10.642979 0.826812  1.473120 1.855075 -0.198639
27  6.027511 -0.000260 -0.000221  1.450372 0.783288 -0.554369
28  11.691993 0.000162 0.000856  0.346035 0.000043 -1.435073
29  11.479412 -0.000467 0.001042  -1.382336 0.665105 0.133424
30  3.859436 -0.132758 1.193064  0.469647 -0.013262 -1.872395
31  1.312559 0.000027 -0.000001  0.024060 -0.138696 -0.550187
32  0.729345 0.000065 -0.000029  -0.166197 -0.081570 -0.714272
33  3.942046 0.050139 0.430999  0.225309 -0.086237 -1.592712
34  1.539097 0.000005 -0.000000  0.035254 -0.050373 -0.994350
35  1.196300 0.000077 -0.000004  -0.021521 0.002175 -0.839738
36  3.883413 -0.050473 -0.431085  0.184824 -0.271737 -1.204030
37  1.719563 -0.000085 -0.000006  0.022859 -0.107186 -1.509108
38  1.209198 0.000034 0.000012  0.000661 0.071072 -0.480462
39  3.859588 -0.149083 -1.331322  -0.080472 0.327601 -0.061665
40  1.719413 -0.000099 -0.000037  0.097557 0.060679 -0.377229
41  1.099674 0.000024 0.000006  -0.014718 0.004685 0.056983
42  0.805983 -0.359848 -1.318339  0.991670 0.166767 -0.799527
43  1.789780 -0.000008 -0.000042  0.000058 -0.002451 0.133097
44  1.206996 -0.000006 0.000005  0.000372 -0.000071 1.058780
45  5.740573 0.000078 0.000721  0.060026 -0.000014 0.000028
46  11.480826 -0.000020 0.000954  0.024491 0.113861 0.003397
47  6.027515 -0.000273 -0.000229  -0.971289 -0.545951 -1.475544
48  -0.000002 11.691977 -0.000007  -0.990803 0.440436 0.785455
49  0.000003 0.000000 -0.000000  2.618569 -0.000036 1.570860
50  -0.000008 -0.000013 0.000004  2.272645 -0.000036 1.570861
51  -4.417381 -5.600040 -9.155234  -0.096298 -2.688446 1.420773
52  0.000000 0.000000 -0.000001  0.008153 -0.000259 0.000009
53  -0.000000 -0.000000 -0.000001  1.565115 0.043565 -0.106862
54  4.205930 -11.298151 -3.454907  -1.015160 -2.459364 0.052622
55  0.000000 -0.000000 0.000002  0.000000 -0.000001 -0.000002
56  0.000030 0.000029 0.000003  -1.571902 -0.044449 -0.106509
57  20.928221 3.172174 -10.197669  1.570796 -0.000000 0.000000
58  -16.319784 5.039393 -18.063972  1.570796 -0.000000 0.000000
59  1.239137 4.148774 -7.028192  1.570796 -0.000000 0.000000
60  -0.004311 0.001230 -0.000371  0.006898 -0.005534 -0.284229
61  0.826810 11.578514 -4.219014  1.570796 -0.000000 0.000000
62  0.000000 0.000000 0.000000  -0.078727 -3.136056 0.284226
63  0.000000 0.000000 0.000000  1.575204 0.005353 0.005002
64  -3.076555 -8.129857 -3.044625  1.280534 0.088377 0.029112
65  0.042352 -2.889250 0.627700  -0.000000 -0.000000 -0.000000
66  0.042352 -0.907087 1.190369  -0.000000 -0.000000 -0.000000
67  -1.331044 -1.025121 4.361372  -0.000000 -0.000000 -0.000000
68  0.042353 -0.884530 23.199604  -0.000000 -0.000000 -0.000000
69  0.042255 0.181228 5.671383  1.430842 0.000000 -0.000000
70  0.000096 0.089185 -9.714657  0.000000 -0.000000 -0.000000
71  0.042352 -0.569288 7.155123  -0.000000 -0.000000 -0.000000
72  -0.682762 -1.501892 3.214538  -0.000000 -0.000000 -0.000000
73  0.074279 -0.628098 4.762586  -0.000000 -0.000000 -0.000000
74  -3.136203 -13.816141 -5.613578  1.280534 0.088377 0.029112
75  0.047645 3.666105 -1.383155  -3.140027 0.026212 -1.533591
76  2.923888 1.668561 -1.111005  -0.000000 -0.000000 -0.087266
77  2.470070 0.711693 -1.382188  -0.040840 0.008273 -0.166741
78  -0.000000 0.000001 0.000001  0.261326 0.808105 0.865126
79  0.000001 0.440764 -0.000000  0.546080 -0.700088 -0.922857
80  0.000000 0.430558 -0.000000  -0.033192 0.000044 0.119322
81  0.000000 0.438246 -0.000001  -0.017966 -0.011906 0.089694
82  -0.000000 0.433550 -0.000000  -0.003711 0.095112 0.177308
83  -0.000000 0.454266 0.000002  -0.027471 0.243906 0.277999
84  -0.000001 0.438146 0.000001  -0.022415 0.194046 0.087930
85  0.000001 0.444414 0.000000  -0.470365 0.738385 0.326682
86  -0.000000 0.422926 -0.000000  -0.232602 0.353763 -0.051132
87  -0.000001 0.426509 0.000001  0.022729 -2.898815 0.010023
88  0.000001 0.432947 0.000000  -0.130418 -1.868886 0.114043
time 138
0  0.000006 0.000000 0.000000  -1.570800 -1.391899 -1.570792
1  -7.625729 -2.680981 1.234825  -1.544956 -1.855077 -0.198630
2  6.027519 -0.000333 0.000192  -2.117326 -0.926470 0.608477
3  11.692109 0.000646 -0.000740  0.539526 -0.000030 -1.578116
4  11.479849 -0.000949 -0.000290  1.182678 -0.600669 0.007454
5  3.859503 -0.142824 -1.192080  -0.651476 0.049098 -0.596667
6  1.312590 0.000010 0.000008  -0.107272 -0.066073 -0.829076
7  0.729355 0.000054 0.000050  0.075585 0.016190 0.666066
8  3.942141 0.046330 -0.431542  -0.224695 -0.062623 -0.589390
9  1.539110 0.000083 0.000005  -0.022232 -0.117678 -0.784151
10  1.196333 0.000146 0.000029  0.009421 -0.004354 0.158999
11  3.883511 -0.047213 0.431351  0.048416 -0.261728 -0.393752
12  1.719573 -0.000029 0.000017  -0.030841 -0.094691 -0.932060
13  1.209178 0.000090 0.000012  0.012438 -0.000095 0.236718
14  4.085235 -0.082654 1.151008  0.333722 -0.375551 -0.472007
15  1.719448 -0.000019 0.000028  -0.049890 -0.077236 -0.750038
16  1.099675 0.000049 0.000005  0.011343 0.000806 0.072717
17  1.059882 -1.545939 0.873877  -1.354552 -0.857890 -0.242918
18  1.789818 -0.000003 -0.000018  -0.011963 0.035612 0.411770
19  1.207015 -0.000014 -0.000044  -0.004165 -0.000254 -0.199119
20  5.740636 0.000388 -0.000700  -0.038766 0.000003 0.000064
21  11.480978 -0.000013 -0.000710  -0.065708 -0.100456 -0.032315
22  6.027524 -0.000329 0.000201  2.209324 -0.093114 2.303752
23  -0.000001 11.692100 -0.000007  -1.075561 -0.519765 -0.838690
24  0.000003 0.000008 0.000000  1.408628 -0.000031 1.570739
25  -0.000001 -0.000012 -0.000000  0.868960 0.000002 1.570712
26  -6.212011 -10.642979 0.826812  1.473120 1.855075 -0.198639
27  6.027511 -0.000260 -0.000221  1.451149 0.786387 -0.554430
28  11.691991 0.000161 0.000858  0.346035 0.000043 -1.427505
29  11.479610 -0.000354 0.001000  -1.383903 0.662966 0.118055
30  3.859437 -0.132758 1.193066  0.469647 -0.013262 -1.872395
31  1.312559 0.000026 -0.000000  0.024060 -0.138696 -0.550187
32  0.729345 0.000065 -0.000027  -0.166197 -0.081570 -0.714272
33  3.942047 0.050139 0.431001  0.225309 -0.086237 -1.592712
34  1.539097 0.000005 -0.000000  0.035254 -0.050373 -0.994350
35  1.196301 0.000078 -0.000003  -0.021521 0.002175 -0.839738
36  3.883414 -0.050471 -0.431084  0.184824 -0.271737 -1.204030
37  1.719564 -0.000085 -0.000005  0.022859 -0.107186 -1.509108
38  1.209198 0.000034 0.000010  0.000662 0.071072 -0.480462
39  3.859589 -0.149082 -1.331320  -0.080472 0.327601 -0.061665
40  1.719412 -0.000098 -0.000036  0.097557 0.060679 -0.377229
41  1.099674 0.000024 0.000008  -0.014718 0.004685 0.056983
42  0.805984 -0.359847 -1.318337  0.991670 0.166767 -0.799527
43  1.789779 -0.000008 -0.000042  0.000058 -0.002451 0.133098
44  1.206997 -0.000007 0.000006  0.000372 -0.000071 1.058780
45  5.740572 0.000079 0.000721  0.059879 -0.000014 0.000028
46  11.480866 0.000004 0.000944  0.024959 0.113261 0.000588
47  6.027515 -0.000273 -0.000229  -0.973784 -0.543638 -1.474862
48  -0.000001 11.691975 -0.000007  -0.986283 0.436355 0.782488
49  0.000003 0.000000 -0.000000  2.618569 -0.000036 1.570860
50  -0.000007 -0.000014 0.000005  2.272645 -0.000036 1.570861
51  -4.433107 -5.657742 -9.163645  -0.091847 -2.679768 1.423256
52  0.000000 0.000000 0.000000  0.008153 -0.000259 0.000009
53  0.000000 0.000000 0.000000  1.565115 0.043565 -0.106862
54  4.186209 -11.216421 -3.417235  -0.977912 -2.459689 0.044704
55  -0.000001 0.000000 -0.000001  0.000000 -0.000001 -0.000002
56  0.000030 0.000029 0.000000  -1.571901 -0.044449 -0.106509
57  20.763672 3.122688 -10.196250  1.570796 -0.000000 0.000000
58  -16.319784 5.039393 -18.063972  1.570796 -0.000000 0.000000
59  1.239137 3.994778 -7.028192  1.570796 -0.000000 0.000000
60  -0.004311 0.001230 -0.000371  0.006898 -0.005534 -0.284229
61  0.826810 11.578514 -4.219014  1.570796 -0.000000 0.000000
62  0.000000 0.000000 0.000000  -0.078727 -3.136056 0.284226
63  0.000000 0.000000 0.000000  1.571888 0.007784 0.004031
64  -3.097473 -8.125422 -3.026547  1.271247 0.085999 0.032754
65  0.042352 -2.889251 0.627701  0.000000 0.000000 0.000000
66  0.042351 -0.907088 1.190369  0.000000 0.000000 0.000000
67  -1.331044 -1.025122 4.361372  0.000000 0.000000 0.000000
68  0.042353 -0.884532 23.199606  0.000000 0.000000 0.000000
69  0.042255 0.181227 5.671384  1.431366 0.000000 -0.000000
70  0.000096 0.089183 -9.714656  -0.000000 0.000000 0.000000
71  0.042352 -0.569289 7.155123  0.000000 0.000000 0.000000
72  -0.682762 -1.501893 3.214540  0.000000 0.000000 0.000000
73  0.074278 -0.628099 4.762588  0.000000 0.000000 0.000000
74  -3.124992 -13.835229 -5.543342  1.271247 0.085999 0.032754
75  0.047859 3.675641 -1.382904  0.001160 3.115360 1.592535
76  2.923889 1.668562 -1.111006  -0.000000 0.000000 -0.026039
77  2.470070 0.711694 -1.382188  -0.025306 -0.001857 -0.103513
78  0.000000 0.000001 0.000001  0.149823 0.795397 0.824853
79  0.000001 0.440764 0.000000  0.585000 -0.634163 -0.948648
80  -0.000000 0.430556 -0.000000  -0.017282 -0.000379 0.075617
81  0.000000 0.438247 -0.000001  -0.007262 -0.011479 0.053668
82  -0.000000 0.433551 -0.000001  0.001976 0.095375 0.149552
83  -0.000001 0.454267 -0.000001  -0.029816 0.271182 0.266916
84  -0.000000 0.438145 0.000002  -0.038391 0.197760 0.130702
85  0.000001 0.444415 0.000001  -0.474585 0.743749 0.315194
86  0.000000 0.422926 -0.000000  -0.263746 0.329982 -0.028563
87  0.000002 0.426509 0.000001  0.009772 -2.886256 0.008097
88  -0.000000 0.432947 -0.000001  -0.059275 -1.853078 0.046539
time 139
0  0.000006 0.000000 0.000000  -1.570800 -1.391899 -1.570792
1  -7.598554 -2.530703 1.234825  -1.544956 -1.855077 -0.198630
2  6.027519 -0.000333 0.000192  -2.125914 -0.917922 0.613736
3  11.692109 0.000645 -0.000738  0.541788 -0.000031 -1.597509
4  11.479707 -0.001020 -0.000244  1.192039 -0.591376 0.017490
5  3.859503 -0.142824 -1.192078  -0.644925 0.014378 -0.673857
6  1.312590 0.000010 0.000007  -0.130208 -0.027388 -0.663919
7  0.729355 0.000054 0.000048  0.079628 0.033720 0.478708
8  3.942141 0.046331 -0.431542  -0.234055 -0.015684 -0.588150
9  1.539111 0.000083 0.000004  -0.015602 -0.122131 -0.811025
10  1.196332 0.000146 0.000026  0.010740 -0.001676 -0.103415
11  3.883511 -0.047212 0.431352  0.044266 -0.251008 -0.384600
12  1.719573 -0.000029 0.000017  -0.040226 -0.081915 -0.820260
13  1.209179 0.000090 0.000011  0.010998 0.003547 -0.088330
14  4.085234 -0.082654 1.151009  0.317962 -0.340730 -0.422368
15  1.719448 -0.000018 0.000029  -0.056658 -0.052470 -0.645532
16  1.099675 0.000048 0.000005  0.007587 0.003441 -0.222698
17  1.059882 -1.545940 0.873876  -1.323910 -0.851741 -0.256015
18  1.789819 -0.000004 -0.000020  -0.011468 0.035459 0.411311
19  1.207015 -0.000013 -0.000044  -0.004012 -0.000217 -0.201371
20  5.740636 0.000389 -0.000697  -0.037274 0.000003 0.000063
21  11.480949 -0.000026 -0.000700  -0.063735 -0.098845 -0.029523
22  6.027525 -0.000329 0.000201  2.218473 -0.088993 2.301335
23  0.000001 11.692101 -0.000007  -1.086959 -0.530814 -0.845494
24  0.000002 0.000009 -0.000000  1.410891 -0.000031 1.570739
25  0.000001 -0.000011 -0.000000  0.868960 0.000002 1.570712
26  -6.212011 -10.642979 0.826812  1.473120 1.855075 -0.198639
27  6.027511 -0.000260 -0.000221  1.450508 0.789376 -0.555055
28  11.691993 0.000160 0.000858  0.346035 0.000042 -1.421073
29  11.479641 -0.000336 0.000993  -1.381004 0.663592 0.105820
30  3.859438 -0.132758 1.193064  0.469647 -0.013262 -1.872395
31  1.312558 0.000026 -0.000002  0.024060 -0.138696 -0.550187
32  0.729346 0.000065 -0.000027  -0.166197 -0.081570 -0.714272
33  3.942047 0.050138 0.430999  0.225309 -0.086237 -1.592712
34  1.539097 0.000005 -0.000001  0.035254 -0.050373 -0.994350
35  1.196299 0.000078 -0.000003  -0.021521 0.002175 -0.839738
36  3.883414 -0.050473 -0.431085  0.184824 -0.271737 -1.204030
37  1.719563 -0.000085 -0.000005  0.022858 -0.107186 -1.509108
38  1.209197 0.000035 0.000012  0.000661 0.071072 -0.480462
39  3.859589 -0.149083 -1.331322  -0.080472 0.327601 -0.061665
40  1.719412 -0.000098 -0.000037  0.097557 0.060679 -0.377229
41  1.099673 0.000024 0.000006  -0.014718 0.004685 0.056983
42  0.805983 -0.359848 -1.318339  0.991670 0.166767 -0.799527
43  1.789781 -0.000008 -0.000042  0.000058 -0.002451 0.133098
44  1.206996 -0.000006 0.000005  0.000372 -0.000071 1.058780
45  5.740573 0.000081 0.000721  0.060564 -0.000014 0.000028
46  11.480872 0.000008 0.000944  0.026039 0.113294 -0.001965
47  6.027515 -0.000273 -0.000229  -0.976880 -0.542185 -1.473433
48  -0.000002 11.691977 -0.000006  -0.982438 0.432896 0.779954
49  0.000003 0.000000 0.000001  2.618569 -0.000036 1.570860
50  -0.000008 -0.000013 0.000005  2.272645 -0.000036 1.570861
51  -4.431247 -5.704819 -9.176782  -0.083472 -2.672640 1.423615
52  -0.000000 -0.000000 0.000000  0.008153 -0.000259 0.000009
53  0.000000 -0.000001 -0.000001  1.565115 0.043565 -0.106862
54  4.168976 -11.166010 -3.340750  -0.957289 -2.462915 0.039526
55  0.000001 0.000000 -0.000000  0.000000 -0.000001 -0.000002
56  0.000031 0.000029 0.000001  -1.571902 -0.044449 -0.106509
57  20.582977 3.068347 -10.196066  1.570796 -0.000000 0.000000
58  -16.319784 5.039393 -18.063972  1.570796 -0.000000 0.000000
59  1.239137 3.842063 -7.028192  1.570796 -0.000000 0.000000
60  -0.004311 0.001230 -0.000371  0.006898 -0.005534 -0.284229
61  0.826810 11.578514 -4.219014  1.570796 -0.000000 0.000000
62  0.000000 0.000000 0.000000  -0.078727 -3.136056 0.284226
63  0.000000 0.000000 0.000000  1.568083 0.010861 0.002906
64  -3.124667 -8.116929 -3.011401  1.262854 0.079927 0.036175
65  0.042352 -2.889250 0.627699  0.000000 0.000000 0.000000
66  0.042352 -0.907088 1.190367  0.000000 0.000000 0.000000
67  -1.331044 -1.025122 4.361371  0.000000 0.000000 0.000000
68  0.042353 -0.884532 23.199602  0.000000 0.000000 0.000000
69  0.042255 0.181227 5.671381  1.431737 0.000000 -0.000000
70  0.000096 0.089185 -9.714656  0.000000 -0.000000 0.000000
71  0.042352 -0.569289 7.155122  0.000000 0.000000 0.000000
72  -0.682762 -1.501894 3.214538  0.000000 0.000000 0.000000
73  0.074278 -0.628099 4.762585  0.000000 0.000000 0.000000
74  -3.112789 -13.847091 -5.481628  1.262854 0.079927 0.036175
75  0.048256 3.693348 -1.382439  0.000406 3.115337 1.563808
76  2.923888 1.668561 -1.111007  0.000000 0.000000 -0.003323
77  2.470069 0.711693 -1.382188  -0.008126 -0.008841 -0.033412
78  0.000000 0.000000 -0.000001  0.038920 0.782988 0.790700
79  0.000002 0.440765 0.000001  0.617282 -0.563963 -0.972440
80  -0.000000 0.430559 -0.000003  -0.002568 0.000583 0.028733
81  0.000000 0.438247 0.000000  0.002298 -0.010318 0.014714
82  0.000000 0.433551 0.000002  0.006288 0.096202 0.119450
83  -0.000000 0.454267 -0.000000  -0.032649 0.294555 0.252389
84  0.000000 0.438146 0.000003  -0.054488 0.202279 0.171434
85  0.000000 0.444414 -0.000000  -0.478468 0.747902 0.300630
86  0.000002 0.422926 -0.000000  -0.292814 0.306309 -0.007145
87  -0.000000 0.426508 -0.000000  -0.005253 -2.874093 0.005502
88  0.000002 0.432947 0.000002  0.018968 -1.839004 -0.028424
time 140
0  0.000006 0.000000 0.000000  -1.570800 -1.391899 -1.570792
1  -7.571789 -2.382689 1.234825  -1.544956 -1.855077 -0.198630
2  6.027518 -0.000332 0.000192  -2.155050 -0.904126 0.597090
3  11.692107 0.000643 -0.000738  0.467139 -0.000032 -1.615629
4  11.479570 -0.001067 -0.000288  1.172310 -0.533618 0.071194
5  3.859503 -0.142822 -1.192079  -0.635641 -0.031417 -0.772033
6  1.312590 0.000010 0.000007  -0.146340 0.016298 -0.476057
7  0.729355 0.000055 0.000048  0.079651 0.053108 0.258317
8  3.942141 0.046332 -0.431543  -0.246913 0.007220 -0.587481
9  1.539110 0.000083 0.000005  -0.012461 -0.124151 -0.823597
10  1.196332 0.000146 0.000027  0.011125 -0.000100 -0.232397
11  3.883511 -0.047211 0.431351  0.033242 -0.227611 -0.366292
12  1.719573 -0.000028 0.000017  -0.044100 -0.075613 -0.768174
13  1.209179 0.000090 0.000012  0.009036 0.005017 -0.238359
14  4.085234 -0.082652 1.151009  0.300125 -0.304808 -0.366348
15  1.719448 -0.000019 0.000029  -0.058386 -0.040638 -0.596877
16  1.099676 0.000048 0.000005  0.005522 0.006020 -0.359338
17  1.059882 -1.545939 0.873875  -1.287654 -0.840561 -0.264435
18  1.789820 -0.000004 -0.000018  -0.010690 0.035075 0.409982
19  1.207015 -0.000013 -0.000043  -0.003764 -0.000162 -0.205029
20  5.740636 0.000388 -0.000700  -0.041924 0.000003 0.000063
21  11.480922 -0.000036 -0.000711  -0.066674 -0.089027 -0.018360
22  6.027524 -0.000329 0.000200  2.234108 -0.072673 2.260404
23  0.000001 11.692099 -0.000007  -1.097598 -0.541198 -0.851759
24  0.000003 0.000009 0.000000  1.336242 -0.000031 1.570739
25  0.000001 -0.000011 0.000000  0.868960 0.000002 1.570712
26  -6.212011 -10.642979 0.826812  1.473120 1.855075 -0.198639
27  6.027511 -0.000260 -0.000221  1.449152 0.791318 -0.555850
28  11.691992 0.000160 0.000858  0.346034 0.000042 -1.416650
29  11.479665 -0.000327 0.000989  -1.377468 0.666235 0.096696
30  3.859437 -0.132758 1.193065  0.469647 -0.013262 -1.872395
31  1.312559 0.000025 -0.000002  0.024060 -0.138696 -0.550187
32  0.729345 0.000064 -0.000027  -0.166197 -0.081570 -0.714272
33  3.942047 0.050138 0.431001  0.225309 -0.086237 -1.592712
34  1.539096 0.000005 -0.000002  0.035254 -0.050373 -0.994350
35  1.196300 0.000078 -0.000004  -0.021521 0.002175 -0.839738
36  3.883414 -0.050473 -0.431084  0.184824 -0.271737 -1.204030
37  1.719563 -0.000084 -0.000006  0.022858 -0.107186 -1.509108
38  1.209197 0.000036 0.000011  0.000661 0.071072 -0.480462
39  3.859588 -0.149082 -1.331321  -0.080472 0.327601 -0.061665
40  1.719414 -0.000098 -0.000036  0.097557 0.060679 -0.377229
41  1.099673 0.000023 0.000007  -0.014718 0.004685 0.056983
42  0.805984 -0.359848 -1.318338  0.991670 0.166767 -0.799527
43  1.789780 -0.000010 -0.000043  0.000058 -0.002451 0.133097
44  1.206996 -0.000007 0.000005  0.000372 -0.000071 1.058780
45  5.740571 0.000079 0.000721  0.061378 -0.000014 0.000028
46  11.480877 0.000008 0.000942  0.027052 0.113763 -0.003997
47  6.027515 -0.000273 -0.000229  -0.979357 -0.541762 -1.471987
48  -0.000002 11.691976 -0.000007  -0.979792 0.430523 0.778206
49  0.000003 0.000000 -0.000000  2.618569 -0.000036 1.570860
50  -0.000008 -0.000014 0.000005  2.272645 -0.000036 1.570861
51  -4.423560 -5.735202 -9.194670  -0.075085 -2.667083 1.422192
52  -0.000000 -0.000000 -0.000001  0.008153 -0.000259 0.000009
53  -0.000000 -0.000000 0.000000  1.565115 0.043565 -0.106862
54  4.390421 -11.051146 -2.961442  -1.070619 -2.393550 0.144017
55  0.000001 0.000000 0.000000  0.000000 -0.000001 -0.000002
56  0.000031 0.000029 0.000001  -1.571901 -0.044449 -0.106509
57  18.963837 2.472232 -10.275547  1.570796 -0.000000 0.000000
58  -16.319784 5.039393 -18.063972  1.570796 -0.000000 0.000000
59  1.239137 3.691648 -7.028192  1.570796 -0.000000 0.000000
60  -0.004311 0.001230 -0.000371  0.006898 -0.005534 -0.284229
61  0.826810 11.578514 -4.219014  1.570796 -0.000000 0.000000
62  0.000000 0.000000 0.000000  -0.078727 -3.136056 0.284226
63  0.000000 0.000000 0.000000  1.564275 0.014397 0.001619
64  -3.151861 -8.103475 -3.005050  1.255997 0.073606 0.038037
65  0.042352 -2.889250 0.627700  0.000000 -0.000000 0.000000
66  0.042352 -0.907088 1.190369  0.000000 -0.000000 0.000000
67  -1.331044 -1.025122 4.361372  0.000000 -0.000000 0.000000
68  0.042353 -0.884531 23.199604  0.000000 -0.000000 0.000000
69  0.042255 0.181228 5.671382  1.431877 0.000000 -0.000000
70  0.000096 0.089185 -9.714657  -0.000000 -0.000000 0.000000
71  0.042352 -0.569288 7.155123  0.000000 -0.000000 0.000000
72  -0.682762 -1.501893 3.214539  0.000000 -0.000000 0.000000
73  0.074278 -0.628098 4.762586  0.000000 -0.000000 0.000000
74  -3.110172 -13.849745 -5.437243  1.255997 0.073606 0.038037
75  0.048471 3.702884 -1.382189  0.000000 3.115334 1.548341
76  2.923889 1.668561 -1.111006  0.000000 -0.000000 0.000000
77  2.470069 0.711694 -1.382190  -0.001293 -0.010813 -0.000787
78  0.000000 -0.000002 -0.000000  -0.012009 0.778084 0.775611
79  -0.000001 0.440764 0.000001  0.628839 -0.531326 -0.981222
80  0.000000 0.430557 0.000001  0.003608 0.002077 0.007849
81  0.000000 0.438246 -0.000001  0.006351 -0.008822 -0.002825
82  0.000000 0.433549 -0.000003  0.008185 0.097486 0.105512
83  -0.000000 0.454267 -0.000001  -0.033475 0.305110 0.244861
84  -0.000000 0.438145 0.000000  -0.060818 0.204971 0.189071
85  0.000002 0.444416 -0.000001  -0.478721 0.749453 0.293486
86  -0.000001 0.422926 -0.000000  -0.305054 0.295299 0.002071
87  0.000000 0.426508 -0.000000  -0.012058 -2.869142 0.002415
88  0.000001 0.432947 0.000001  0.054017 -1.834261 -0.058427
time 141
0  0.000006 0.000000 0.000000  -1.570800 -1.391899 -1.570792
1  -7.545700 -2.238416 1.234825  -1.544956 -1.855077 -0.198630
2  6.027519 -0.000333 0.000192  -2.241341 -0.919553 0.537479
3  11.692106 0.000645 -0.000738  0.242901 -0.000032 -1.614850
4  11.479579 -0.000973 -0.000518  1.191762 -0.395439 0.137625
5  3.859503 -0.142823 -1.192080  -0.629159 -0.060407 -0.858395
6  1.312590 0.000010 0.000008  -0.149344 0.037036 -0.358054
7  0.729355 0.000055 0.000049  0.076659 0.063149 0.107392
8  3.942141 0.046330 -0.431543  -0.260330 0.008426 -0.587233
9  1.539110 0.000083 0.000004  -0.012719 -0.124123 -0.820541
10  1.196332 0.000146 0.000029  0.011149 0.000205 -0.241800
11  3.883511 -0.047212 0.431351  0.018848 -0.198329 -0.337224
12  1.719572 -0.000029 0.000017  -0.043046 -0.077010 -0.775673
13  1.209180 0.000090 0.000012  0.007585 0.004948 -0.225292
14  4.085234 -0.082653 1.151008  0.283331 -0.279688 -0.306660
15  1.719448 -0.000019 0.000028  -0.056361 -0.040593 -0.601114
16  1.099675 0.000049 0.000006  0.005446 0.010238 -0.349529
17  1.059882 -1.545939 0.873875  -1.246415 -0.823904 -0.269078
18  1.789819 -0.000004 -0.000018  -0.009699 0.034333 0.407196
19  1.207015 -0.000013 -0.000043  -0.003435 -0.000093 -0.209899
20  5.740635 0.000389 -0.000698  -0.050539 0.000003 0.000064
21  11.480925 -0.000017 -0.000755  -0.064442 -0.063408 0.000219
22  6.027525 -0.000329 0.000200  2.221807 -0.019034 2.133115
23  0.000001 11.692100 -0.000007  -1.097141 -0.540750 -0.851492
24  0.000002 0.000006 0.000000  1.112004 -0.000031 1.570739
25  0.000001 -0.000011 0.000000  0.868960 0.000002 1.570712
26  -6.212011 -10.642979 0.826812  1.473120 1.855075 -0.198639
27  6.027511 -0.000260 -0.000221  1.447530 0.790955 -0.556473
28  11.691992 0.000161 0.000858  0.346034 0.000042 -1.414694
29  11.479677 -0.000323 0.000988  -1.376997 0.668969 0.089505
30  3.859437 -0.132758 1.193066  0.469647 -0.013262 -1.872395
31  1.312558 0.000028 -0.000001  0.024060 -0.138696 -0.550187
32  0.729345 0.000065 -0.000028  -0.166197 -0.081570 -0.714272
33  3.942047 0.050139 0.431001  0.225309 -0.086237 -1.592712
34  1.539096 0.000006 -0.000002  0.035254 -0.050373 -0.994350
35  1.196300 0.000077 -0.000004  -0.021521 0.002175 -0.839738
36  3.883414 -0.050472 -0.431083  0.184824 -0.271737 -1.204030
37  1.719563 -0.000084 -0.000005  0.022858 -0.107186 -1.509108
38  1.209196 0.000036 0.000010  0.000661 0.071072 -0.480462
39  3.859589 -0.149082 -1.331320  -0.080472 0.327601 -0.061665
40  1.719413 -0.000098 -0.000036  0.097557 0.060679 -0.377229
41  1.099673 0.000024 0.000007  -0.014718 0.004685 0.056983
42  0.805984 -0.359847 -1.318338  0.991670 0.166767 -0.799527
43  1.789780 -0.000008 -0.000042  0.000058 -0.002451 0.133098
44  1.206997 -0.000006 0.000005  0.000372 -0.000071 1.058780
45  5.740573 0.000079 0.000722  0.061556 -0.000014 0.000028
46  11.480879 0.000008 0.000943  0.027414 0.114233 -0.005458
47  6.027515 -0.000273 -0.000229  -0.979832 -0.542887 -1.471211
48  -0.000001 11.691975 -0.000007  -0.978621 0.429475 0.777431
49  0.000003 0.000000 -0.000001  2.618569 -0.000036 1.570860
50  -0.000008 -0.000014 0.000005  2.272645 -0.000036 1.570861
51  -4.426084 -5.744188 -9.226648  -0.070849 -2.663119 1.420681
52  0.000000 -0.000001 -0.000001  0.008153 -0.000259 0.000009
53  0.000001 0.000000 0.000000  1.565115 0.043565 -0.106862
54  4.776685 -10.849737 -1.983903  -1.448577 -2.276328 0.435632
55  0.000000 -0.000000 0.000000  0.000000 -0.000001 -0.000002
56  0.000031 0.000029 0.000001  -1.571901 -0.044449 -0.106509
57  15.759992 1.202994 -10.528353  1.570796 -0.000000 0.000000
58  -16.319784 5.039393 -18.063972  1.570796 -0.000000 0.000000
59  1.239137 3.545035 -7.028192  1.570796 -0.000000 0.000000
60  -0.004311 0.001230 -0.000371  0.006898 -0.005534 -0.284229
61  0.826810 11.578514 -4.219014  1.570796 -0.000000 0.000000
62  0.000000 0.000000 0.000000  -0.078727 -3.136056 0.284226
63  0.000000 0.000000 0.000000  1.560946 0.018204 0.000191
64  -3.172780 -8.084157 -3.022527  1.251389 0.070646 0.038137
65  0.042352 -2.889250 0.627700  0.000000 -0.000000 -0.000000
66  0.042351 -0.907087 1.190367  0.000000 -0.000000 -0.000000
67  -1.331044 -1.025122 4.361372  0.000000 -0.000000 -0.000000
68  0.042353 -0.884532 23.199606  0.000000 -0.000000 -0.000000
69  0.042255 0.181228 5.671382  1.431863 -0.000000 -0.000000
70  0.000096 0.089185 -9.714657  -0.000000 0.000000 0.000000
71  0.042352 -0.569288 7.155123  0.000000 -0.000000 -0.000000
72  -0.682762 -1.501893 3.214539  0.000000 -0.000000 -0.000000
73  0.074278 -0.628098 4.762587  0.000000 -0.000000 -0.000000
74  -3.121027 -13.841244 -5.428809  1.251389 0.070646 0.038137
75  0.048471 3.702883 -1.382188  0.000000 3.115334 1.548341
76  2.923889 1.668560 -1.111007  0.000000 -0.000000 -0.000000
77  2.470070 0.711691 -1.382190  -0.001382 -0.008773 -0.000617
78  0.000000 -0.000000 -0.000002  -0.010090 0.779604 0.777127
79  0.000001 0.440764 -0.000001  0.627998 -0.529702 -0.980092
80  0.000000 0.430559 -0.000000  0.003157 0.003969 0.008271
81  0.000000 0.438246 0.000001  0.005682 -0.006933 -0.001813
82  -0.000000 0.433550 -0.000000  0.007512 0.099453 0.107035
83  -0.000000 0.454267 -0.000000  -0.029574 0.283576 0.239531
84  -0.000000 0.438145 -0.000000  -0.061724 0.207349 0.190599
85  0.000000 0.444414 -0.000000  -0.479634 0.752021 0.294269
86  0.000001 0.422926 -0.000000  -0.305802 0.297309 0.003058
87  -0.000000 0.426508 -0.000000  -0.012080 -2.867523 0.003712
88  0.000001 0.432947 -0.000001  0.057263 -1.832692 -0.062917
time 142
0  0.000006 0.000000 0.000000  -1.570800 -1.391899 -1.570792
1  -7.520713 -2.100239 1.234825  -1.544956 -1.855077 -0.198630
2  6.027519 -0.000332 0.000191  -2.376429 -0.981367 0.540766
3  11.692108 0.000645 -0.000738  -0.088957 -0.000029 -1.573292
4  11.479884 -0.000576 -0.000789  1.320547 -0.309418 0.116990
5  3.859503 -0.142823 -1.192080  -0.626657 -0.073828 -0.929879
6  1.312590 0.000010 0.000007  -0.146918 0.038319 -0.294497
7  0.729355 0.000054 0.000048  0.071648 0.064939 0.008285
8  3.942140 0.046331 -0.431543  -0.274437 0.008879 -0.588075
9  1.539111 0.000083 0.000005  -0.013530 -0.123894 -0.811416
10  1.196332 0.000146 0.000028  0.011157 0.000387 -0.247422
11  3.883510 -0.047212 0.431350  0.005236 -0.167457 -0.299228
12  1.719573 -0.000028 0.000018  -0.039734 -0.081113 -0.798095
13  1.209179 0.000089 0.000012  0.006043 0.004799 -0.186278
14  4.085234 -0.082653 1.151008  0.267965 -0.262324 -0.236812
15  1.719449 -0.000018 0.000027  -0.052124 -0.040645 -0.614027
16  1.099676 0.000048 0.000005  0.005670 0.017484 -0.320234
17  1.059882 -1.545939 0.873875  -1.201270 -0.801452 -0.271295
18  1.789819 -0.000004 -0.000018  -0.008593 0.033092 0.402292
19  1.207015 -0.000014 -0.000043  -0.003047 -0.000020 -0.215669
20  5.740638 0.000390 -0.000699  -0.042091 0.000003 0.000064
21  11.480989 0.000063 -0.000810  -0.041979 -0.043979 0.003743
22  6.027524 -0.000329 0.000200  2.157734 0.057557 2.025139
23  0.000000 11.692101 -0.000008  -1.072723 -0.517027 -0.836982
24  0.000003 0.000008 -0.000000  0.780145 -0.000031 1.570739
25  0.000000 -0.000011 0.000000  0.868960 0.000002 1.570712
26  -6.212011 -10.642979 0.826812  1.473120 1.855075 -0.198639
27  6.027511 -0.000260 -0.000221  1.447766 0.787239 -0.555913
28  11.691994 0.000160 0.000856  0.346034 0.000042 -1.416072
29  11.479670 -0.000324 0.000991  -1.384205 0.667803 0.083608
30  3.859437 -0.132758 1.193064  0.469647 -0.013262 -1.872395
31  1.312559 0.000027 -0.000001  0.024060 -0.138696 -0.550187
32  0.729346 0.000064 -0.000028  -0.166197 -0.081570 -0.714272
33  3.942045 0.050139 0.431000  0.225309 -0.086237 -1.592712
34  1.539096 0.000006 -0.000000  0.035254 -0.050373 -0.994350
35  1.196300 0.000078 -0.000005  -0.021521 0.002175 -0.839738
36  3.883414 -0.050472 -0.431085  0.184824 -0.271737 -1.204030
37  1.719563 -0.000086 -0.000004  0.022859 -0.107186 -1.509108
38  1.209195 0.000036 0.000011  0.000661 0.071072 -0.480462
39  3.859588 -0.149082 -1.331321  -0.080472 0.327601 -0.061665
40  1.719412 -0.000098 -0.000036  0.097557 0.060679 -0.377229
41  1.099673 0.000023 0.000007  -0.014718 0.004685 0.056982
42  0.805983 -0.359848 -1.318338  0.991670 0.166767 -0.799527
43  1.789780 -0.000008 -0.000042  0.000058 -0.002451 0.133097
44  1.206996 -0.000007 0.000005  0.000372 -0.000071 1.058780
45  5.740573 0.000079 0.000722  0.060191 -0.000013 0.000028
46  11.480879 0.000009 0.000944  0.026386 0.113866 -0.006092
47  6.027515 -0.000273 -0.000229  -0.976270 -0.545019 -1.472662
48  -0.000002 11.691976 -0.000006  -0.979446 0.430213 0.777977
49  0.000004 0.000001 -0.000000  2.618569 -0.000036 1.570860
50  -0.000007 -0.000013 0.000004  2.272645 -0.000036 1.570861
51  -4.464126 -5.727787 -9.262675  -0.076373 -2.660560 1.422055
52  -0.000000 0.000000 -0.000001  0.008153 -0.000259 0.000009
53  -0.000000 0.000000 0.000000  1.565115 0.043565 -0.106862
54  4.694441 -10.767526 -0.813473  -1.821232 -2.246140 0.612780
55  0.000000 -0.000000 0.000001  0.000000 -0.000001 -0.000002
56  0.000030 0.000029 0.000002  -1.571902 -0.044449 -0.106509
57  14.284569 0.427864 -10.862843  1.570796 -0.000000 0.000000
58  -16.319784 5.039393 -18.063972  1.570796 -0.000000 0.000000
59  1.239137 3.404618 -7.028192  1.570796 -0.000000 0.000000
60  -0.004311 0.001230 -0.000371  0.006898 -0.005534 -0.284229
61  0.826810 11.578514 -4.219014  1.570796 -0.000000 0.000000
62  0.000000 0.000000 0.000000  -0.078727 -3.136056 0.284226
63  0.000000 0.000000 0.000000  1.558582 0.022101 -0.001226
64  -3.181147 -8.058075 -3.060977  1.249781 0.075937 0.036844
65  0.042352 -2.889250 0.627699  -0.000000 0.000000 0.000000
66  0.042352 -0.907087 1.190368  -0.000000 0.000000 0.000000
67  -1.331044 -1.025122 4.361373  -0.000000 0.000000 0.000000
68  0.042353 -0.884531 23.199604  -0.000000 0.000000 0.000000
69  0.042255 0.181228 5.671384  1.431769 0.000000 -0.000000
70  0.000096 0.089184 -9.714657  0.000000 0.000000 0.000000
71  0.042352 -0.569288 7.155124  -0.000000 0.000000 0.000000
72  -0.682762 -1.501893 3.214539  -0.000000 0.000000 0.000000
73  0.074278 -0.628099 4.762588  -0.000000 0.000000 0.000000
74  -3.148715 -13.819536 -5.457106  1.249781 0.075937 0.036844
75  0.048471 3.702885 -1.382189  -0.000000 3.115334 1.548341
76  2.923888 1.668561 -1.111006  -0.000000 0.000000 0.000000
77  2.470070 0.711695 -1.382188  -0.001557 -0.004984 -0.000268
78  -0.000000 0.000002 -0.000001  -0.006520 0.782425 0.779987
79  -0.000000 0.440764 0.000001  0.626440 -0.526682 -0.978018
80  0.000000 0.430559 0.000001  0.002300 0.007474 0.009037
81  -0.000000 0.438247 0.000001  0.004414 -0.003432 0.000044
82  0.000000 0.433550 -0.000000  0.006225 0.103108 0.109832
83  -0.000000 0.454266 0.000001  -0.022049 0.243645 0.229456
84  -0.000000 0.438145 0.000000  -0.063338 0.211786 0.193496
85  -0.000001 0.444415 0.000000  -0.481316 0.756800 0.295817
86  -0.000002 0.422926 0.000000  -0.307242 0.301019 0.004914
87  0.000001 0.426508 -0.000000  -0.012097 -2.864545 0.006104
88  0.000001 0.432947 0.000001  0.063478 -1.829815 -0.071410
time 143
0  0.000006 0.000000 0.000000  -1.570800 -1.391899 -1.570792
1  -7.497591 -1.972373 1.234825  -1.544956 -1.855077 -0.198630
2  6.027520 -0.000332 0.000190  -2.604867 -1.040228 0.745860
3  11.692111 0.000646 -0.000737  -0.416030 -0.000022 -1.462948
4  11.479015 -0.000688 -0.001108  1.250016 -0.263768 0.079113
5  3.859504 -0.142823 -1.192079  -0.625827 -0.081631 -0.996815
6  1.312590 0.000010 0.000008  -0.143217 0.031746 -0.246117
7  0.729355 0.000053 0.000049  0.062951 0.061550 -0.082401
8  3.942141 0.046331 -0.431543  -0.289325 0.008252 -0.591731
9  1.539111 0.000083 0.000004  -0.014901 -0.123168 -0.797048
10  1.196332 0.000146 0.000028  0.011150 0.000463 -0.249773
11  3.883511 -0.047212 0.431351  -0.008222 -0.132858 -0.254405
12  1.719573 -0.000028 0.000018  -0.034076 -0.087366 -0.833487
13  1.209179 0.000090 0.000011  0.004378 0.004612 -0.124862
14  4.085235 -0.082653 1.151009  0.252783 -0.248827 -0.158937
15  1.719448 -0.000018 0.000029  -0.045755 -0.040676 -0.635118
16  1.099675 0.000048 0.000005  0.006476 0.027414 -0.274045
17  1.059882 -1.545938 0.873876  -1.153774 -0.773051 -0.272825
18  1.789819 -0.000005 -0.000018  -0.007490 0.031209 0.394597
19  1.207015 -0.000012 -0.000044  -0.002628 0.000045 -0.221920
20  5.740635 0.000387 -0.000700  -0.059252 0.000003 0.000063
21  11.480813 0.000039 -0.000875  -0.057241 -0.035030 -0.005173
22  6.027524 -0.000328 0.000200  2.077159 0.165727 2.027373
23  -0.000000 11.692101 -0.000006  -1.007479 -0.455600 -0.796218
24  0.000004 0.000008 0.000000  0.453068 -0.000031 1.570739
25  -0.000001 -0.000012 -0.000000  0.868960 0.000002 1.570712
26  -6.212011 -10.642979 0.826812  1.473120 1.855075 -0.198639
27  6.027511 -0.000260 -0.000221  1.450727 0.779186 -0.553724
28  11.691993 0.000161 0.000858  0.346035 0.000043 -1.426186
29  11.479616 -0.000350 0.000999  -1.394451 0.661931 0.090485
30  3.859437 -0.132758 1.193066  0.469647 -0.013262 -1.872395
31  1.312559 0.000025 -0.000001  0.024060 -0.138696 -0.550187
32  0.729345 0.000064 -0.000027  -0.166197 -0.081570 -0.714272
33  3.942046 0.050138 0.431001  0.225309 -0.086237 -1.592712
34  1.539096 0.000005 -0.000001  0.035254 -0.050373 -0.994350
35  1.196301 0.000077 -0.000004  -0.021521 0.002175 -0.839738
36  3.883414 -0.050473 -0.431084  0.184824 -0.271737 -1.204030
37  1.719564 -0.000086 -0.000005  0.022858 -0.107186 -1.509108
38  1.209198 0.000034 0.000011  0.000661 0.071072 -0.480462
39  3.859589 -0.149083 -1.331320  -0.080472 0.327601 -0.061665
40  1.719412 -0.000099 -0.000035  0.097557 0.060679 -0.377229
41  1.099674 0.000024 0.000007  -0.014718 0.004685 0.056983
42  0.805983 -0.359848 -1.318338  0.991670 0.166767 -0.799527
43  1.789780 -0.000008 -0.000042  0.000058 -0.002451 0.133098
44  1.206997 -0.000007 0.000006  0.000372 -0.000071 1.058780
45  5.740571 0.000080 0.000720  0.058078 -0.000014 0.000028
46  11.480866 0.000004 0.000945  0.024301 0.112662 -0.003998
47  6.027515 -0.000273 -0.000229  -0.967282 -0.548227 -1.477234
48  -0.000001 11.691977 -0.000006  -0.985495 0.435645 0.781969
49  0.000003 -0.000001 -0.000000  2.618569 -0.000036 1.570860
50  -0.000007 -0.000014 0.000005  2.272645 -0.000036 1.570861
51  -4.523547 -5.650253 -9.268785  -0.091761 -2.665160 1.426640
52  0.000000 -0.000000 -0.000002  0.008153 -0.000259 0.000009
53  -0.000000 -0.000000 0.000000  1.565115 0.043565 -0.106862
54  3.899527 -10.886728 0.662342  0.902168 -0.865888 -2.491739
55  -0.000000 0.000000 -0.000000  0.000000 -0.000001 -0.000002
56  0.000030 0.000029 0.000002  -1.571901 -0.044449 -0.106509
57  14.815646 0.194478 -11.358663  1.570796 -0.000000 0.000000
58  -16.319784 5.039393 -18.063972  1.570796 -0.000000 0.000000
59  1.239137 3.274678 -7.028192  1.570796 -0.000000 0.000000
60  -0.004311 0.001230 -0.000371  0.006898 -0.005534 -0.284229
61  0.826810 11.578514 -4.219014  1.570796 -0.000000 0.000000
62  0.000000 0.000000 0.000000  -0.078727 -3.136056 0.284226
63  0.000000 0.000000 0.000000  1.557673 0.025905 -0.002445
64  -3.167029 -8.024324 -3.099426  1.256805 0.088535 0.034917
65  0.042352 -2.889250 0.627701  0.000000 0.000000 0.000000
66  0.042351 -0.907088 1.190369  0.000000 0.000000 0.000000
67  -1.331044 -1.025122 4.361372  0.000000 0.000000 0.000000
68  0.042353 -0.884530 23.199604  0.000000 0.000000 0.000000
69  0.042255 0.181228 5.671384  1.431511 0.000000 -0.000000
70  0.000096 0.089183 -9.714658  -0.000000 0.000000 0.000000
71  0.042352 -0.569289 7.155124  0.000000 0.000000 0.000000
72  -0.682763 -1.501893 3.214539  0.000000 0.000000 0.000000
73  0.074278 -0.628098 4.762586  0.000000 0.000000 0.000000
74  -3.180016 -13.770006 -5.533331  1.256805 0.088535 0.034917
75  0.048471 3.702884 -1.382188  -0.000000 3.115334 1.548341
76  2.923889 1.668561 -1.111007  0.000000 0.000000 0.000000
77  2.470069 0.711693 -1.382189  -0.001655 -0.002946 -0.000060
78  0.000000 -0.000001 0.000000  -0.004593 0.783941 0.781554
79  0.000001 0.440764 0.000001  0.625606 -0.525055 -0.976917
80  0.000000 0.430558 -0.000002  0.001828 0.009355 0.009438
81  0.000000 0.438245 0.000000  0.003716 -0.001551 0.001029
82  -0.000000 0.433551 0.000000  0.005512 0.105074 0.111318
83  -0.000000 0.454268 0.000001  -0.017847 0.222189 0.223928
84  -0.000001 0.438146 -0.000000  -0.064171 0.214184 0.195085
85  -0.000001 0.444415 -0.000001  -0.482215 0.759377 0.296701
86  -0.000001 0.422926 -0.000000  -0.308045 0.303002 0.005925
87  0.000000 0.426508 -0.000000  -0.012093 -2.862957 0.007385
88  0.000001 0.432947 0.000000  0.066917 -1.828286 -0.076059
time 144
0  0.000006 0.000000 0.000000  -1.570800 -1.391899 -1.570792
1  -7.477989 -1.863975 1.234825  -1.544956 -1.855077 -0.198630
2  6.027522 -0.000334 0.000190  0.194769 -2.075646 -2.028151
3  11.692111 0.000646 -0.000738  -0.631952 -0.000012 -1.266765
4  11.480766 0.000376 -0.000637  0.932046 -0.177662 0.068471
5  3.859503 -0.142823 -1.192079  -0.626938 -0.085117 -1.061887
6  1.312590 0.000008 0.000007  -0.138988 0.018668 -0.213501
7  0.729356 0.000054 0.000049  0.051588 0.052875 -0.159059
8  3.942139 0.046331 -0.431542  -0.304991 0.006195 -0.600264
9  1.539110 0.000084 0.000004  -0.016739 -0.121594 -0.779543
10  1.196332 0.000147 0.000027  0.011126 0.000477 -0.250161
11  3.883509 -0.047212 0.431351  -0.022416 -0.092028 -0.207253
12  1.719573 -0.000028 0.000018  -0.026408 -0.094591 -0.876733
13  1.209179 0.000089 0.000011  0.002572 0.004432 -0.050110
14  4.085233 -0.082652 1.151009  0.237032 -0.232725 -0.078343
15  1.719448 -0.000019 0.000029  -0.037737 -0.040527 -0.662261
16  1.099675 0.000049 0.000004  0.008073 0.039033 -0.217707
17  1.059881 -1.545939 0.873876  -1.105873 -0.738736 -0.275615
18  1.789819 -0.000004 -0.000019  -0.006512 0.028562 0.383513
19  1.207016 -0.000013 -0.000043  -0.002212 0.000089 -0.228155
20  5.740635 0.000388 -0.000699  -0.118657 0.000003 0.000064
21  11.481165 0.000254 -0.000782  -0.121610 -0.021548 -0.013373
22  6.027525 -0.000329 0.000200  1.978330 0.306652 2.073875
23  0.000001 11.692100 -0.000007  -0.889052 -0.352747 -0.716006
24  0.000003 0.000009 -0.000000  0.237137 -0.000031 1.570738
25  0.000001 -0.000011 0.000000  0.868960 0.000002 1.570712
26  -6.212011 -10.642979 0.826812  1.473120 1.855075 -0.198639
27  6.027511 -0.000260 -0.000221  1.456004 0.769034 -0.550429
28  11.691991 0.000161 0.000857  0.346035 0.000044 -1.442858
29  11.479071 -0.000670 0.001114  -1.403619 0.652906 0.108399
30  3.859437 -0.132759 1.193065  0.469647 -0.013262 -1.872395
31  1.312558 0.000026 -0.000001  0.024060 -0.138696 -0.550187
32  0.729345 0.000065 -0.000028  -0.166197 -0.081570 -0.714273
33  3.942047 0.050139 0.431000  0.225309 -0.086237 -1.592712
34  1.539096 0.000005 -0.000000  0.035254 -0.050373 -0.994350
35  1.196301 0.000079 -0.000002  -0.021521 0.002175 -0.839738
36  3.883414 -0.050473 -0.431084  0.184824 -0.271737 -1.204030
37  1.719564 -0.000086 -0.000004  0.022858 -0.107186 -1.509108
38  1.209198 0.000036 0.000010  0.000661 0.071072 -0.480462
39  3.859588 -0.149082 -1.331321  -0.080472 0.327601 -0.061665
40  1.719413 -0.000098 -0.000037  0.097557 0.060679 -0.377229
41  1.099673 0.000023 0.000006  -0.014718 0.004685 0.056982
42  0.805983 -0.359848 -1.318338  0.991670 0.166767 -0.799527
43  1.789780 -0.000009 -0.000042  0.000058 -0.002451 0.133098
44  1.206998 -0.000007 0.000006  0.000372 -0.000071 1.058780
45  5.740574 0.000078 0.000721  0.056121 -0.000014 0.000028
46  11.480760 -0.000060 0.000968  0.021985 0.110932 0.000192
47  6.027515 -0.000273 -0.000229  -0.955097 -0.551287 -1.483995
48  -0.000003 11.691975 -0.000007  -0.995447 0.444646 0.788492
49  0.000004 0.000000 -0.000000  2.618569 -0.000036 1.570860
50  -0.000009 -0.000014 0.000004  2.272645 -0.000036 1.570861
51  -4.587512 -5.528428 -9.234447  -0.111043 -2.675260 1.433079
52  -0.000001 0.000000 -0.000000  0.008153 -0.000259 0.000009
53  0.000000 -0.000000 -0.000000  1.565115 0.043565 -0.106862
54  2.680960 -11.162283 2.495522  0.404220 -0.794556 -2.491750
55  0.000000 0.000001 0.000000  0.000000 -0.000001 -0.000002
56  0.000030 0.000030 0.000001  -1.571901 -0.044449 -0.106509
57  15.952085 0.098527 -11.956697  1.570796 -0.000000 0.000000
58  -16.319784 5.039393 -18.063972  1.570796 -0.000000 0.000000
59  1.239137 3.164522 -7.028192  1.570796 -0.000000 0.000000
60  -0.004311 0.001230 -0.000371  0.006898 -0.005534 -0.284229
61  0.826810 11.578514 -4.219014  1.570796 -0.000000 0.000000
62  0.000000 0.000000 0.000000  -0.078727 -3.136056 0.284226
63  0.000000 0.000000 0.000000  1.558174 0.029434 -0.003321
64  -3.140810 -7.982006 -3.116904  1.269806 0.103689 0.033847
65  0.042352 -2.889250 0.627699  0.000000 0.000000 0.000000
66  0.042352 -0.907088 1.190368  0.000000 0.000000 0.000000
67  -1.331044 -1.025122 4.361372  0.000000 0.000000 0.000000
68  0.042353 -0.884531 23.199606  0.000000 0.000000 0.000000
69  0.042255 0.181228 5.671383  1.431009 0.000000 0.000000
70  0.000096 0.089184 -9.714657  -0.000000 -0.000000 0.000000
71  0.042352 -0.569288 7.155123  0.000000 0.000000 0.000000
72  -0.682762 -1.501893 3.214538  0.000000 0.000000 0.000000
73  0.074279 -0.628099 4.762588  0.000000 0.000000 0.000000
74  -3.205571 -13.696947 -5.621333  1.269806 0.103689 0.033847
75  0.048471 3.702883 -1.382188  -0.000000 3.115334 1.548341
76  2.923889 1.668561 -1.111007  0.000000 0.000000 0.000000
77  2.470071 0.711693 -1.382189  -0.001655 -0.002946 -0.000060
78  -0.000000 0.000001 -0.000001  -0.004593 0.783941 0.781554
79  -0.000001 0.440764 -0.000000  0.625606 -0.525055 -0.976917
80  0.000000 0.430558 0.000000  0.001828 0.009355 0.009438
81  -0.000000 0.438246 0.000000  0.003716 -0.001551 0.001029
82  -0.000000 0.433549 -0.000000  0.005512 0.105074 0.111318
83  -0.000000 0.454267 0.000001  -0.017847 0.222189 0.223928
84  -0.000000 0.438145 -0.000001  -0.064171 0.214184 0.195085
85  0.000002 0.444415 -0.000000  -0.482215 0.759377 0.296700
86  0.000004 0.422927 0.000000  -0.308045 0.303002 0.005925
87  -0.000001 0.426509 0.000000  -0.012093 -2.862958 0.007385
88  -0.000002 0.432946 -0.000001  0.066917 -1.828287 -0.076060
time 145
0  0.000006 0.000000 0.000000  -1.570800 -1.391899 -1.570792
1  -7.467428 -1.805568 1.234825  -1.544956 -1.855077 -0.198630
2  6.027523 -0.000334 0.000190  -0.029754 -2.096629 -1.776158
3  11.692112 0.000644 -0.000738  -0.703011 -0.000004 -1.105723
4  11.480763 0.000439 -0.000591  0.775385 -0.119434 0.040763
5  3.859503 -0.142823 -1.192080  -0.629302 -0.086985 -1.129636
6  1.312589 0.000010 0.000008  -0.134909 0.002507 -0.194141
7  0.729355 0.000054 0.000049  0.039084 0.040279 -0.216842
8  3.942141 0.046330 -0.431544  -0.321278 0.002445 -0.615426
9  1.539111 0.000085 0.000004  -0.018840 -0.118886 -0.762040
10  1.196334 0.000144 0.000028  0.011088 0.000492 -0.250534
11  3.883511 -0.047212 0.431350  -0.038324 -0.042907 -0.164029
12  1.719573 -0.000028 0.000017  -0.017652 -0.101260 -0.920105
13  1.209179 0.000090 0.000013  0.000629 0.004282 0.024568
14  4.085235 -0.082654 1.151008  0.221111 -0.206400 -0.002845
15  1.719448 -0.000019 0.000028  -0.028949 -0.040076 -0.691804
16  1.099675 0.000049 0.000006  0.010335 0.050827 -0.161340
17  1.059882 -1.545939 0.873875  -1.059694 -0.698711 -0.281561
18  1.789819 -0.000004 -0.000018  -0.005766 0.025064 0.368608
19  1.207015 -0.000013 -0.000043  -0.001834 0.000099 -0.233866
20  5.740635 0.000387 -0.000699  -0.143795 0.000003 0.000063
21  11.481164 0.000267 -0.000773  -0.153987 -0.010514 -0.019074
22  6.027524 -0.000329 0.000200  1.917515 0.403569 2.109119
23  0.000000 11.692101 -0.000008  -0.788531 -0.275429 -0.643010
24  0.000003 0.000009 -0.000001  0.166069 -0.000031 1.570739
25  0.000001 -0.000011 -0.000001  0.868960 0.000002 1.570712
26  -6.212011 -10.642979 0.826812  1.473120 1.855075 -0.198639
27  6.027511 -0.000260 -0.000221  1.461421 0.760857 -0.547409
28  11.691992 0.000160 0.000858  0.346035 0.000045 -1.455981
29  11.480646 0.000146 0.000820  -1.413246 0.644888 0.118575
30  3.859438 -0.132758 1.193065  0.469647 -0.013262 -1.872395
31  1.312558 0.000027 0.000000  0.024060 -0.138696 -0.550187
32  0.729346 0.000064 -0.000027  -0.166197 -0.081570 -0.714272
33  3.942046 0.050139 0.430999  0.225309 -0.086237 -1.592712
34  1.539097 0.000006 -0.000002  0.035254 -0.050373 -0.994350
35  1.196300 0.000078 -0.000003  -0.021521 0.002175 -0.839738
36  3.883413 -0.050473 -0.431085  0.184824 -0.271737 -1.204030
37  1.719563 -0.000085 -0.000003  0.022859 -0.107186 -1.509108
38  1.209197 0.000035 0.000010  0.000661 0.071072 -0.480462
39  3.859588 -0.149082 -1.331322  -0.080472 0.327601 -0.061665
40  1.719412 -0.000098 -0.000038  0.097557 0.060679 -0.377229
41  1.099674 0.000023 0.000006  -0.014718 0.004685 0.056983
42  0.805984 -0.359848 -1.318339  0.991670 0.166767 -0.799527
43  1.789780 -0.000009 -0.000042  0.000058 -0.002451 0.133097
44  1.206996 -0.000008 0.000005  0.000372 -0.000071 1.058780
45  5.740573 0.000079 0.000721  0.054298 -0.000014 0.000028
46  11.481073 0.000103 0.000909  0.019924 0.109307 0.002901
47  6.027515 -0.000273 -0.000229  -0.944638 -0.552970 -1.490211
48  -0.000002 11.691977 -0.000007  -1.003266 0.451772 0.793576
49  0.000003 0.000001 -0.000001  2.618569 -0.000036 1.570860
50  -0.000007 -0.000012 0.000005  2.272645 -0.000036 1.570861
51  -4.650392 -5.435730 -9.198654  -0.126525 -2.680060 1.438892
52  -0.000000 -0.000000 -0.000001  0.008153 -0.000259 0.000009
53  0.000000 0.000000 -0.000000  1.565115 0.043565 -0.106862
54  1.962916 -11.368448 3.724419  0.213142 -0.774312 -2.509110
55  -0.000001 0.000000 -0.000001  -0.000000 -0.000001 -0.000002
56  0.000030 0.000029 0.000000  -1.571902 -0.044449 -0.106509
57  16.483162 0.087379 -12.197508  1.570796 -0.000000 0.000000
58  -16.319784 5.039393 -18.063972  1.570796 -0.000000 0.000000
59  1.239137 3.105168 -7.028192  1.570796 -0.000000 0.000000
60  -0.004311 0.001230 -0.000371  0.006898 -0.005534 -0.284229
61  0.826810 11.578514 -4.219014  1.570796 -0.000000 0.000000
62  0.000000 0.000000 0.000000  -0.078727 -3.136056 0.284226
63  0.000000 0.000000 0.000000  1.559395 0.032503 -0.003882
64  -3.126692 -7.931326 -3.116904  1.276903 0.116534 0.033513
65  0.042352 -2.889251 0.627699  0.000000 -0.000000 0.000000
66  0.042352 -0.907088 1.190368  0.000000 -0.000000 0.000000
67  -1.331044 -1.025122 4.361371  0.000000 -0.000000 0.000000
68  0.042353 -0.884532 23.199606  0.000000 -0.000000 0.000000
69  0.042255 0.181227 5.671382  1.430180 0.000000 0.000000
70  0.000096 0.089183 -9.714657  0.000000 0.000000 0.000000
71  0.042352 -0.569288 7.155123  0.000000 -0.000000 0.000000
72  -0.682763 -1.501894 3.214538  0.000000 -0.000000 0.000000
73  0.074278 -0.628099 4.762586  0.000000 -0.000000 0.000000
74  -3.230799 -13.629480 -5.657990  1.276903 0.116534 0.033513
75  0.048471 3.702884 -1.382186  -0.000000 3.115334 1.548341
76  2.923889 1.668562 -1.111004  0.000000 -0.000000 0.000000
77  2.470070 0.711695 -1.382188  -0.001655 -0.002946 -0.000060
78  0.000000 0.000001 -0.000001  -0.004593 0.783941 0.781554
79  0.000001 0.440764 0.000000  0.625606 -0.525055 -0.976917
80  0.000000 0.430558 0.000000  0.001828 0.009355 0.009438
81  0.000000 0.438247 -0.000000  0.003716 -0.001551 0.001029
82  -0.000000 0.433551 0.000001  0.005512 0.105074 0.111318
83  -0.000000 0.454267 -0.000001  -0.017847 0.222189 0.223928
84  -0.000000 0.438145 0.000000  -0.064171 0.214184 0.195085
85  0.000001 0.444416 -0.000000  -0.482215 0.759377 0.296701
86  -0.000003 0.422926 0.000000  -0.308045 0.303003 0.005925
87  0.000000 0.426509 0.000000  -0.012093 -2.862957 0.007385
88  -0.000001 0.432947 -0.000000  0.066916 -1.828287 -0.076059
time 146
0  0.000006 0.000000 0.000000  -1.570800 -1.391899 -1.570792
1  -7.467428 -1.805568 1.234825  -1.544956 -1.855077 -0.198630
2  6.027524 -0.000334 0.000191  -0.110484 -2.114524 -1.687429
3  11.692112 0.000645 -0.000739  -0.703006 -0.000002 -1.035451
4  11.480447 0.000351 -0.000665  0.796252 -0.119480 -0.027669
5  3.859503 -0.142823 -1.192079  -0.631372 -0.090520 -1.204834
6  1.312590 0.000010 0.000008  -0.131610 -0.012183 -0.182494
7  0.729354 0.000054 0.000049  0.027012 0.026301 -0.254195
8  3.942140 0.046331 -0.431542  -0.337894 -0.003081 -0.637964
9  1.539110 0.000083 0.000004  -0.020961 -0.114944 -0.747675
10  1.196334 0.000146 0.000029  0.011038 0.000572 -0.252839
11  3.883510 -0.047212 0.431351  -0.056849 0.015218 -0.130699
12  1.719573 -0.000028 0.000017  -0.009071 -0.106087 -0.955814
13  1.209178 0.000090 0.000012  -0.001428 0.004152 0.086012
14  4.085234 -0.082653 1.151009  0.206333 -0.163937 0.059970
15  1.719449 -0.000019 0.000027  -0.020396 -0.039322 -0.719719
16  1.099675 0.000048 0.000006  0.012747 0.061316 -0.115062
17  1.059881 -1.545939 0.873876  -1.017288 -0.653315 -0.292272
18  1.789819 -0.000003 -0.000018  -0.005326 0.020671 0.349668
19  1.207015 -0.000014 -0.000043  -0.001525 0.000064 -0.238596
20  5.740637 0.000387 -0.000700  -0.127834 0.000003 0.000064
21  11.481102 0.000248 -0.000788  -0.150180 -0.006010 -0.031994
22  6.027524 -0.000329 0.000200  1.895837 0.443838 2.119462
23  -0.000000 11.692100 -0.000008  -0.743541 -0.243979 -0.609188
24  0.000002 0.000008 -0.000000  0.166069 -0.000031 1.570739
25  -0.000001 -0.000011 -0.000000  0.868960 0.000002 1.570712
26  -6.212011 -10.642979 0.826812  1.473120 1.855075 -0.198639
27  6.027511 -0.000260 -0.000221  1.463611 0.755975 -0.546040
28  11.691990 0.000161 0.000859  0.346036 0.000045 -1.463111
29  11.480584 0.000111 0.000830  -1.418846 0.642436 0.119513
30  3.859438 -0.132758 1.193065  0.469647 -0.013262 -1.872395
31  1.312558 0.000026 0.000000  0.024060 -0.138696 -0.550187
32  0.729345 0.000064 -0.000028  -0.166197 -0.081570 -0.714272
33  3.942047 0.050139 0.431001  0.225309 -0.086237 -1.592712
34  1.539097 0.000006 -0.000002  0.035254 -0.050373 -0.994350
35  1.196300 0.000077 -0.000004  -0.021521 0.002175 -0.839738
36  3.883414 -0.050472 -0.431083  0.184824 -0.271737 -1.204030
37  1.719564 -0.000085 -0.000005  0.022858 -0.107186 -1.509108
38  1.209197 0.000036 0.000011  0.000661 0.071072 -0.480462
39  3.859588 -0.149082 -1.331321  -0.080472 0.327601 -0.061665
40  1.719411 -0.000097 -0.000037  0.097557 0.060679 -0.377229
41  1.099674 0.000024 0.000007  -0.014718 0.004685 0.056983
42  0.805984 -0.359848 -1.318337  0.991670 0.166767 -0.799527
43  1.789780 -0.000010 -0.000042  0.000058 -0.002451 0.133097
44  1.206997 -0.000006 0.000006  0.000372 -0.000071 1.058780
45  5.740573 0.000080 0.000721  0.053383 -0.000014 0.000028
46  11.481060 0.000097 0.000910  0.018900 0.108755 0.003479
47  6.027515 -0.000273 -0.000229  -0.938890 -0.554541 -1.493371
48  -0.000002 11.691976 -0.000008  -1.007509 0.455659 0.796320
49  0.000002 -0.000000 -0.000000  2.618569 -0.000036 1.570860
50  -0.000008 -0.000014 0.000004  2.272645 -0.000036 1.570861
51  -4.683496 -5.381695 -9.190541  -0.132525 -2.679253 1.441399
52  -0.000000 0.000000 0.000000  0.008153 -0.000259 0.000009
53  0.000000 0.000000 0.000000  1.565115 0.043565 -0.106862
54  1.785141 -11.411800 4.253850  0.276300 -0.824700 -2.562866
55  -0.000001 -0.000000 -0.000000  0.000000 -0.000001 -0.000002
56  0.000029 0.000029 0.000001  -1.571902 -0.044449 -0.106509
57  16.483162 0.087379 -12.197508  1.570796 -0.000000 0.000000
58  -16.319784 5.039393 -18.063972  1.570796 -0.000000 0.000000
59  1.239137 3.105168 -7.028192  1.570796 -0.000000 0.000000
60  -0.004311 0.001230 -0.000371  0.006898 -0.005534 -0.284229
61  0.826810 11.578514 -4.219014  1.570796 -0.000000 0.000000
62  0.000000 0.000000 0.000000  -0.078727 -3.136056 0.284226
63  0.000000 0.000000 0.000000  1.560860 0.034927 -0.004195
64  -3.127209 -7.876938 -3.116904  1.276984 0.121965 0.033355
65  0.042352 -2.889250 0.627700  -0.000000 -0.000000 -0.000000
66  0.042352 -0.907087 1.190368  -0.000000 -0.000000 -0.000000
67  -1.331044 -1.025121 4.361372  -0.000000 -0.000000 -0.000000
68  0.042353 -0.884531 23.199602  -0.000000 -0.000000 -0.000000
69  0.042255 0.181228 5.671383  1.428945 -0.000000 -0.000000
70  0.000096 0.089185 -9.714656  -0.000000 0.000000 -0.000000
71  0.042352 -0.569288 7.155123  -0.000000 -0.000000 -0.000000
72  -0.682762 -1.501892 3.214539  -0.000000 -0.000000 -0.000000
73  0.074278 -0.628098 4.762587  -0.000000 -0.000000 -0.000000
74  -3.246066 -13.575327 -5.656813  1.276984 0.121965 0.033355
75  0.048471 3.702884 -1.382187  -0.000000 3.115334 1.548341
76  2.923889 1.668562 -1.111005  -0.000000 -0.000000 -0.000000
77  2.470070 0.711695 -1.382186  -0.001655 -0.002946 -0.000060
78  0.000000 0.000001 -0.000002  -0.004593 0.783941 0.781554
79  0.000001 0.440764 0.000001  0.625606 -0.525055 -0.976917
80  -0.000000 0.430559 -0.000000  0.001828 0.009355 0.009438
81  -0.000000 0.438246 0.000001  0.003716 -0.001551 0.001029
82  0.000000 0.433549 0.000000  0.005512 0.105074 0.111318
83  0.000000 0.454267 -0.000003  -0.017847 0.222189 0.223928
84  -0.000000 0.438146 0.000001  -0.064171 0.214184 0.195085
85  0.000000 0.444414 0.000001  -0.482215 0.759377 0.296701
86  -0.000000 0.422926 -0.000000  -0.308045 0.303003 0.005925
87  0.000003 0.426508 0.000000  -0.012093 -2.862958 0.007385
88  -0.000002 0.432947 0.000001  0.066916 -1.828287 -0.076058
time 147
0  0.000006 0.000000 0.000000  -1.570800 -1.391899 -1.570792
1  -7.467428 -1.805568 1.234825  -1.544956 -1.855077 -0.198630
2  6.027524 -0.000334 0.000191  -0.174317 -2.123556 -1.613660
3  11.692112 0.000644 -0.000739  -0.703003 0.000000 -0.988442
4  11.480676 0.000429 -0.000600  0.891268 -0.103277 -0.088593
5  3.859504 -0.142824 -1.192078  -0.631351 -0.098113 -1.290355
6  1.312589 0.000010 0.000009  -0.129581 -0.021703 -0.172363
7  0.729356 0.000054 0.000049  0.016462 0.013439 -0.273451
8  3.942140 0.046329 -0.431542  -0.354499 -0.010297 -0.667489
9  1.539111 0.000083 0.000004  -0.022921 -0.109865 -0.738553
10  1.196333 0.000145 0.000028  0.010980 0.000759 -0.258390
11  3.883510 -0.047214 0.431352  -0.078803 0.081497 -0.111096
12  1.719572 -0.000029 0.000017  -0.001756 -0.108432 -0.978604
13  1.209179 0.000090 0.000012  -0.003573 0.003998 0.125630
14  4.085234 -0.082655 1.151009  0.193773 -0.103014 0.105496
15  1.719448 -0.000019 0.000029  -0.012849 -0.038371 -0.742987
16  1.099676 0.000050 0.000005  0.014666 0.069566 -0.085620
17  1.059882 -1.545940 0.873878  -0.980415 -0.602989 -0.308933
18  1.789819 -0.000003 -0.000017  -0.005221 0.015384 0.326703
19  1.207016 -0.000013 -0.000043  -0.001307 -0.000025 -0.241993
20  5.740636 0.000389 -0.000699  -0.098995 0.000003 0.000063
21  11.481147 0.000264 -0.000775  -0.131608 0.001072 -0.041155
22  6.027524 -0.000329 0.000200  1.871891 0.470791 2.128174
23  0.000001 11.692099 -0.000007  -0.713033 -0.223780 -0.585907
24  0.000002 0.000008 -0.000000  0.166069 -0.000031 1.570739
25  0.000000 -0.000012 0.000000  0.868960 0.000002 1.570712
26  -6.212011 -10.642979 0.826812  1.473120 1.855075 -0.198639
27  6.027511 -0.000260 -0.000221  1.446937 0.759372 -0.552736
28  11.691994 0.000161 0.000858  0.346036 0.000046 -1.469679
29  11.480529 0.000077 0.000844  -1.387227 0.679277 0.137886
30  3.859437 -0.132758 1.193065  0.469647 -0.013262 -1.872395
31  1.312559 0.000026 -0.000000  0.024060 -0.138696 -0.550187
32  0.729345 0.000064 -0.000028  -0.166197 -0.081570 -0.714272
33  3.942046 0.050140 0.431000  0.225309 -0.086237 -1.592712
34  1.539097 0.000005 -0.000002  0.035254 -0.050373 -0.994350
35  1.196300 0.000078 -0.000004  -0.021521 0.002175 -0.839738
36  3.883413 -0.050472 -0.431084  0.184824 -0.271737 -1.204030
37  1.719563 -0.000084 -0.000005  0.022859 -0.107186 -1.509108
38  1.209197 0.000034 0.000010  0.000661 0.071072 -0.480462
39  3.859588 -0.149082 -1.331321  -0.080472 0.327601 -0.061665
40  1.719413 -0.000098 -0.000035  0.097557 0.060679 -0.377229
41  1.099673 0.000023 0.000007  -0.014718 0.004685 0.056983
42  0.805983 -0.359847 -1.318339  0.991670 0.166767 -0.799527
43  1.789780 -0.000008 -0.000042  0.000058 -0.002451 0.133097
44  1.206996 -0.000006 0.000006  0.000372 -0.000071 1.058781
45  5.740573 0.000081 0.000721  0.059957 -0.000014 0.000028
46  11.481050 0.000091 0.000913  0.023049 0.116648 0.004320
47  6.027515 -0.000273 -0.000229  -0.950562 -0.562304 -1.482424
48  -0.000001 11.691976 -0.000006  -1.011413 0.459249 0.798836
49  0.000003 0.000000 -0.000001  2.618569 -0.000036 1.570860
50  -0.000007 -0.000014 0.000005  2.272645 -0.000036 1.570861
51  -4.461698 -5.315339 -9.238153  -0.096203 -2.683857 1.415290
52  -0.000000 -0.000000 0.000000  0.008153 -0.000259 0.000009
53  -0.000000 0.000001 0.000000  1.565115 0.043565 -0.106862
54  1.465023 -11.408045 4.534685  0.427905 -0.843173 -2.643890
55  -0.000001 -0.000001 0.000001  0.000000 -0.000001 -0.000002
56  0.000029 0.000028 0.000002  -1.571901 -0.044449 -0.106509
57  16.483162 0.087379 -12.197508  1.570796 -0.000000 0.000000
58  -16.319784 5.039393 -18.063972  1.570796 -0.000000 0.000000
59  1.239137 3.105168 -7.028192  1.570796 -0.000000 0.000000
60  -0.004311 0.001230 -0.000371  0.006898 -0.005534 -0.284229
61  0.826810 11.578514 -4.219014  1.570796 -0.000000 0.000000
62  0.000000 0.000000 0.000000  -0.078727 -3.136056 0.284226
63  0.000000 0.000000 0.000000  1.562090 0.036518 -0.004329
64  -3.130825 -7.824605 -3.116904  1.275985 0.089110 0.023268
65  0.042352 -2.889251 0.627700  0.000000 -0.000000 0.000000
66  0.042352 -0.907088 1.190367  0.000000 -0.000000 0.000000
67  -1.331044 -1.025122 4.361373  0.000000 -0.000000 0.000000
68  0.042353 -0.884532 23.199604  0.000000 -0.000000 0.000000
69  0.042256 0.181227 5.671383  1.427222 0.000000 -0.000000
70  0.000096 0.089185 -9.714657  0.000000 0.000000 0.000000
71  0.042352 -0.569289 7.155124  0.000000 -0.000000 0.000000
72  -0.682762 -1.501893 3.214539  0.000000 -0.000000 0.000000
73  0.074278 -0.628099 4.762587  0.000000 -0.000000 0.000000
74  -3.223011 -13.522102 -5.659919  1.275985 0.089110 0.023268
75  0.048471 3.702884 -1.382186  0.000000 3.115334 1.548341
76  2.923889 1.668561 -1.111006  0.000000 -0.000000 0.000000
77  2.470070 0.711694 -1.382186  -0.001655 -0.002946 -0.000060
78  0.000000 0.000000 -0.000000  -0.004593 0.783941 0.781554
79  0.000001 0.440765 0.000000  0.625606 -0.525055 -0.976917
80  -0.000000 0.430558 0.000000  0.001828 0.009355 0.009438
81  -0.000000 0.438246 0.000001  0.003716 -0.001551 0.001029
82  0.000000 0.433550 -0.000000  0.005512 0.105074 0.111318
83  0.000000 0.454267 -0.000002  -0.017847 0.222189 0.223928
84  -0.000000 0.438147 -0.000002  -0.064171 0.214184 0.195085
85  0.000000 0.444414 -0.000000  -0.482215 0.759377 0.296701
86  0.000001 0.422926 0.000000  -0.308045 0.303002 0.005925
87  -0.000002 0.426508 0.000000  -0.012093 -2.862958 0.007385
88  -0.000001 0.432947 0.000000  0.066917 -1.828287 -0.076060
time 148
0  0.000006 0.000000 0.000000  -1.570800 -1.391899 -1.570792
1  -7.784666 -3.559908 1.234826  -1.544956 -1.855077 -0.198630
2  6.027523 -0.000335 0.000191  0.106241 -2.144084 -1.836453
3  11.692111 0.000645 -0.000738  -0.339474 -0.000020 -1.422389
4  11.479739 -0.000358 -0.000907  0.563133 -0.275017 0.310875
5  3.859503 -0.142823 -1.192079  -0.627757 -0.110489 -1.386578
6  1.312589 0.000010 0.000008  -0.129019 -0.024303 -0.159300
7  0.729355 0.000053 0.000049  0.007910 0.003214 -0.278919
8  3.942140 0.046331 -0.431543  -0.370794 -0.019021 -0.702924
9  1.539110 0.000082 0.000004  -0.024642 -0.103852 -0.735496
10  1.196333 0.000146 0.000028  0.010916 0.001070 -0.267710
11  3.883510 -0.047212 0.431351  -0.105005 0.154033 -0.106666
12  1.719573 -0.000029 0.000016  0.003695 -0.108228 -0.986408
13  1.209179 0.000090 0.000012  -0.005789 0.003757 0.140116
14  4.085234 -0.082653 1.151008  0.183399 -0.024547 0.132665
15  1.719447 -0.000019 0.000029  -0.006709 -0.037367 -0.760101
16  1.099674 0.000049 0.000005  0.015622 0.075249 -0.075632
17  1.059882 -1.545939 0.873876  -0.950433 -0.548253 -0.332301
18  1.789819 -0.000004 -0.000018  -0.005440 0.009235 0.299906
19  1.207015 -0.000013 -0.000044  -0.001197 -0.000171 -0.243825
20  5.740637 0.000388 -0.000699  -0.190060 0.000003 0.000063
21  11.480959 0.000109 -0.000837  -0.186041 -0.063874 0.015252
22  6.027525 -0.000329 0.000200  2.007485 0.384036 2.199419
23  0.000000 11.692102 -0.000007  -0.983291 -0.433634 -0.780436
24  0.000003 0.000008 -0.000001  0.529623 -0.000031 1.570739
25  0.000000 -0.000011 -0.000001  0.868960 0.000002 1.570712
26  -6.212011 -10.642979 0.826812  1.473120 1.855075 -0.198639
27  6.027511 -0.000260 -0.000221  1.452959 0.741021 -0.548228
28  11.691992 0.000159 0.000858  0.346036 0.000047 -1.489765
29  11.480362 -0.000022 0.000877  -1.416517 0.677757 0.154207
30  3.859437 -0.132758 1.193065  0.469647 -0.013262 -1.872395
31  1.312558 0.000025 -0.000001  0.024060 -0.138696 -0.550187
32  0.729345 0.000066 -0.000027  -0.166197 -0.081570 -0.714273
33  3.942046 0.050139 0.431000  0.225309 -0.086237 -1.592712
34  1.539097 0.000006 -0.000001  0.035254 -0.050373 -0.994350
35  1.196301 0.000078 -0.000004  -0.021521 0.002175 -0.839738
36  3.883413 -0.050472 -0.431085  0.184824 -0.271737 -1.204030
37  1.719564 -0.000085 -0.000005  0.022858 -0.107186 -1.509108
38  1.209198 0.000034 0.000011  0.000661 0.071072 -0.480462
39  3.859588 -0.149082 -1.331321  -0.080472 0.327601 -0.061665
40  1.719413 -0.000098 -0.000036  0.097557 0.060679 -0.377229
41  1.099674 0.000023 0.000007  -0.014718 0.004685 0.056983
42  0.805983 -0.359848 -1.318339  0.991670 0.166767 -0.799527
43  1.789780 -0.000008 -0.000043  0.000058 -0.002451 0.133098
44  1.206996 -0.000008 0.000005  0.000372 -0.000071 1.058780
45  5.740572 0.000079 0.000721  0.054343 -0.000013 0.000028
46  11.481015 0.000069 0.000920  0.016957 0.116063 0.009447
47  6.027515 -0.000273 -0.000229  -0.929951 -0.569618 -1.493075
48  0.000000 11.691976 -0.000009  -1.023335 0.470280 0.806460
49  0.000004 0.000000 -0.000000  2.618569 -0.000036 1.570860
50  -0.000006 -0.000014 0.000005  2.272645 -0.000036 1.570861
51  -4.607615 -5.151785 -9.273401  -0.132740 -2.693763 1.411122
52  0.000000 0.000000 -0.000000  0.008153 -0.000259 0.000009
53  0.000000 0.000000 -0.000000  1.565115 0.043565 -0.106862
54  0.575135 -7.057578 2.449826  0.488412 -0.815807 -2.548629
55  -0.000000 -0.000000 -0.000000  0.000000 -0.000001 -0.000002
56  0.000030 0.000029 0.000001  -1.571901 -0.044449 -0.106509
57  18.024940 1.832375 -11.573498  1.570796 -0.000000 0.000000
58  -16.319784 5.039393 -18.063972  1.570796 -0.000000 0.000000
59  1.239137 4.887960 -7.028192  1.570796 -0.000000 0.000000
60  -0.004311 0.001230 -0.000371  0.006898 -0.005534 -0.284229
61  0.826810 11.578514 -4.219014  1.570796 -0.000000 0.000000
62  0.000000 0.000000 0.000000  -0.078727 -3.136056 0.284226
63  0.000000 0.000000 0.000000  1.562606 0.037089 -0.004358
64  -3.140641 -7.780089 -3.233754  1.291438 0.119792 0.004727
65  0.042352 -2.889250 0.627701  -0.000000 -0.000000 0.000000
66  0.042352 -0.907088 1.190369  -0.000000 -0.000000 0.000000
67  -1.331044 -1.025122 4.361372  -0.000000 -0.000000 0.000000
68  0.042353 -0.884531 23.199606  -0.000000 -0.000000 0.000000
69  0.042255 0.181228 5.671385  0.820877 0.000000 -0.000000
70  0.000096 0.089183 -9.714657  0.000000 0.000000 0.000000
71  0.042352 -0.569288 7.155124  -0.000000 -0.000000 0.000000
72  -0.682762 -1.501893 3.214540  -0.000000 -0.000000 0.000000
73  0.074278 -0.628098 4.762588  -0.000000 -0.000000 0.000000
74  -3.427020 -13.435188 -5.855729  1.291438 0.119792 0.004727
75  0.048471 3.702884 -1.382188  -0.000000 3.115334 1.548341
76  2.923889 1.668562 -1.111005  -0.000000 -0.000000 0.000000
77  2.470070 0.711695 -1.382189  -0.001655 -0.002946 -0.000060
78  -0.000000 -0.000001 -0.000000  -0.004593 0.783941 0.781554
79  -0.000001 0.440764 0.000001  0.625606 -0.525055 -0.976917
80  0.000000 0.430559 -0.000002  0.001828 0.009355 0.009438
81  0.000000 0.438248 -0.000002  0.003716 -0.001551 0.001029
82  0.000000 0.433551 -0.000001  0.005512 0.105074 0.111318
83  -0.000000 0.454268 0.000002  -0.017847 0.222189 0.223928
84  -0.000001 0.438145 -0.000002  -0.064171 0.214184 0.195085
85  -0.000001 0.444415 0.000001  -0.482215 0.759377 0.296701
86  0.000001 0.422926 -0.000001  -0.308045 0.303002 0.005925
87  0.000000 0.426508 -0.000000  -0.012093 -2.862958 0.007385
88  -0.000000 0.432947 -0.000000  0.066918 -1.828287 -0.076061
time 149
0  0.000006 0.000000 0.000000  -1.570800 -1.391899 -1.570792
1  -8.101903 -5.314249 1.234827  -1.544956 -1.855077 -0.198630
2  6.027520 -0.000332 0.000190  -2.547757 -1.082703 0.944056
3  11.692105 0.000646 -0.000739  0.047916 -0.000048 -1.855520
4  11.479413 -0.001019 -0.000690  1.065784 -0.228292 0.379110
5  3.859504 -0.142823 -1.192080  -0.614604 -0.136607 -1.545189
6  1.312590 0.000010 0.000008  -0.131714 -0.009102 -0.151533
7  0.729355 0.000055 0.000049  -0.001549 -0.006145 -0.240015
8  3.942141 0.046331 -0.431543  -0.397479 0.060586 -0.879693
9  1.539110 0.000083 0.000004  -0.024857 -0.085567 -0.748630
10  1.196332 0.000145 0.000028  0.008723 0.003132 -0.499700
11  3.883511 -0.047212 0.431351  -0.181555 0.265336 -0.262334
12  1.719573 -0.000029 0.000016  0.004764 -0.089079 -0.983062
13  1.209179 0.000090 0.000012  -0.010150 -0.001285 -0.311444
14  4.085234 -0.082653 1.151009  0.107265 0.167223 0.017144
15  1.719448 -0.000019 0.000028  -0.001422 -0.032869 -0.771507
16  1.099675 0.000049 0.000006  -0.021970 0.079029 -0.550243
17  1.059882 -1.545939 0.873876  -0.907100 -0.450579 -0.408533
18  1.789819 -0.000004 -0.000018  -0.019351 -0.004696 0.129846
19  1.207015 -0.000014 -0.000044  -0.070332 -0.039810 0.476615
20  5.740635 0.000388 -0.000699  -0.096894 0.000003 0.000063
21  11.480891 -0.000024 -0.000791  -0.089940 -0.042059 0.049343
22  6.027524 -0.000329 0.000200  2.043182 0.127668 2.270474
23  0.000001 11.692100 -0.000008  -1.238505 -0.683547 -0.925776
24  0.000003 0.000008 -0.000001  0.917025 -0.000031 1.570739
25  0.000001 -0.000011 0.000000  0.868960 0.000002 1.570712
26  -6.212011 -10.642979 0.826812  1.473120 1.855075 -0.198639
27  6.027510 -0.000260 -0.000222  1.469979 0.710967 -0.538961
28  11.691992 0.000162 0.000858  0.346037 0.000048 -1.511087
29  11.480194 -0.000120 0.000914  -1.433130 0.620969 0.167410
30  3.859438 -0.132759 1.193065  0.469647 -0.013262 -1.872395
31  1.312560 0.000024 0.000000  0.024060 -0.138696 -0.550187
32  0.729345 0.000066 -0.000027  -0.166197 -0.081570 -0.714272
33  3.942047 0.050139 0.430999  0.225309 -0.086237 -1.592712
34  1.539097 0.000005 -0.000002  0.035254 -0.050373 -0.994350
35  1.196301 0.000077 -0.000004  -0.021521 0.002175 -0.839738
36  3.883414 -0.050472 -0.431084  0.184824 -0.271737 -1.204030
37  1.719564 -0.000085 -0.000005  0.022858 -0.107186 -1.509108
38  1.209196 0.000036 0.000011  0.000661 0.071072 -0.480462
39  3.859589 -0.149082 -1.331321  -0.080472 0.327601 -0.061665
40  1.719413 -0.000098 -0.000035  0.097557 0.060679 -0.377229
41  1.099673 0.000024 0.000007  -0.014718 0.004685 0.056982
42  0.805984 -0.359848 -1.318338  0.991670 0.166767 -0.799527
43  1.789780 -0.000009 -0.000043  0.000058 -0.002451 0.133097
44  1.206997 -0.000007 0.000005  0.000372 -0.000071 1.058780
45  5.740573 0.000080 0.000721  0.048786 -0.000013 0.000028
46  11.480984 0.000051 0.000928  0.014680 0.104626 0.013951
47  6.027515 -0.000273 -0.000229  -0.891957 -0.576402 -1.515709
48  0.000000 11.691976 -0.000006  -1.035962 0.482079 0.814438
49  0.000003 0.000002 0.000000  2.618569 -0.000036 1.570860
50  -0.000007 -0.000013 0.000004  2.272645 -0.000036 1.570861
51  -4.975079 -4.968506 -9.345930  -0.178040 -2.719686 1.451929
52  -0.000000 -0.000001 0.000002  0.008153 -0.000259 0.000009
53  0.000000 -0.000000 -0.000001  1.565115 0.043565 -0.106862
54  0.183650 -3.714006 -2.460584  -1.714796 -2.524061 0.283233
55  -0.000000 -0.000000 0.000000  0.000000 -0.000001 -0.000002
56  0.000030 0.000029 0.000001  -1.571901 -0.044449 -0.106509
57  19.667557 3.747667 -10.803419  1.570796 -0.000000 0.000000
58  -16.319784 5.039393 -18.063972  1.570796 -0.000000 0.000000
59  1.239137 6.670753 -7.028192  1.570796 -0.000000 0.000000
60  -0.004311 0.001230 -0.000371  0.006898 -0.005534 -0.284229
61  0.826810 11.578514 -4.219014  1.570796 -0.000000 0.000000
62  0.000000 0.000000 0.000000  -0.078727 -3.136056 0.284226
63  0.000000 0.000000 0.000000  1.553421 -0.028639 0.009688
64  -3.227988 -7.749154 -3.450762  1.323769 0.156319 0.030895
65  0.042352 -2.889250 0.627699  0.000000 -0.000000 -0.000000
66  0.042351 -0.907088 1.190368  0.000000 -0.000000 -0.000000
67  -1.331044 -1.025121 4.361372  0.000000 -0.000000 -0.000000
68  0.042353 -0.884531 23.199604  0.000000 -0.000000 -0.000000
69  0.042255 0.181228 5.671381  0.087266 -0.000000 -0.000000
70  0.000096 0.089185 -9.714656  0.000000 -0.000000 0.000000
71  0.042352 -0.569288 7.155121  0.000000 -0.000000 -0.000000
72  -0.682762 -1.501892 3.214538  0.000000 -0.000000 -0.000000
73  0.074278 -0.628098 4.762585  0.000000 -0.000000 -0.000000
74  -3.492750 -13.325361 -6.238722  1.323769 0.156319 0.030895
75  0.087037 3.711385 -1.378461  3.134619 0.009803 -1.432759
76  2.923889 1.668562 -1.111005  0.000000 0.000000 -0.087266
77  2.472186 0.756866 -1.366796  0.001304 0.004074 -0.247887
78  0.000000 -0.000000 0.000000  0.003222 0.784580 0.826374
79  -0.000000 0.440764 -0.000000  0.604112 -0.549732 -0.926013
80  -0.000000 0.430558 -0.000002  -0.012085 0.022322 0.254525
81  0.000000 0.438247 -0.000002  -0.027457 0.090794 -0.012094
82  0.000000 0.433550 -0.000002  0.012157 0.016033 0.047741
83  -0.000000 0.454267 -0.000001  -0.029141 0.231694 0.282047
84  0.000001 0.438146 0.000001  -0.038033 0.153002 0.146741
85  -0.000001 0.444415 0.000001  -0.457944 0.788213 0.274108
86  0.000001 0.422926 -0.000000  -0.316723 0.300764 0.007752
87  0.000001 0.426508 -0.000000  0.052498 -2.865799 -0.009512
88  0.000000 0.432947 -0.000001  -0.353685 -1.847462 0.361876
time 150
0  0.000006 0.000000 0.000000  -1.570800 -1.391899 -1.570792
1  -8.101903 -5.314249 1.234827  -1.544956 -1.855077 -0.198630
2  6.027520 -0.000332 0.000190  -2.525850 -1.089285 0.955220
3  11.692104 0.000647 -0.000739  0.047838 -0.000051 -1.892753
4  11.479079 -0.001204 -0.000681  1.078442 -0.199243 0.436635
5  3.859503 -0.142823 -1.192080  -0.603309 -0.153254 -1.645038
6  1.312590 0.000011 0.000008  -0.134332 0.005764 -0.149076
7  0.729355 0.000055 0.000049  -0.006921 -0.010127 -0.171925
8  3.942141 0.046331 -0.431543  -0.429866 0.152124 -1.040374
9  1.539110 0.000083 0.000003  -0.023906 -0.071181 -0.773682
10  1.196332 0.000146 0.000028  0.006223 0.004451 -0.725134
11  3.883511 -0.047212 0.431351  -0.251799 0.338774 -0.424453
12  1.719572 -0.000028 0.000017  0.002711 -0.070785 -0.961842
13  1.209179 0.000090 0.000012  -0.010762 -0.006973 -0.762710
14  4.085235 -0.082653 1.151008  0.020253 0.317277 -0.119657
15  1.719448 -0.000018 0.000028  0.000702 -0.028955 -0.774789
16  1.099675 0.000049 0.000006  -0.056147 0.062923 -1.024218
17  1.059882 -1.545939 0.873876  -0.885888 -0.367428 -0.457291
18  1.789819 -0.000003 -0.000018  -0.031159 -0.017744 -0.037248
19  1.207015 -0.000013 -0.000043  -0.159475 -0.025803 1.198656
20  5.740634 0.000389 -0.000699  -0.097043 0.000003 0.000063
21  11.480824 -0.000061 -0.000790  -0.088051 -0.038189 0.062347
22  6.027524 -0.000329 0.000200  2.039128 0.116207 2.300529
23  -0.000001 11.692101 -0.000008  -1.260615 -0.706354 -0.935656
24  0.000003 0.000008 -0.000000  0.916948 -0.000031 1.570739
25  0.000000 -0.000011 0.000000  0.868960 0.000002 1.570712
26  -6.212011 -10.642979 0.826812  1.473120 1.855075 -0.198639
27  6.027510 -0.000259 -0.000222  1.454956 0.706609 -0.543373
28  11.691992 0.000160 0.000860  0.346037 0.000049 -1.516293
29  11.480151 -0.000143 0.000924  -1.365214 0.613601 0.187958
30  3.859439 -0.132758 1.193066  0.469647 -0.013262 -1.872395
31  1.312559 0.000026 0.000000  0.024060 -0.138696 -0.550187
32  0.729346 0.000065 -0.000028  -0.166197 -0.081570 -0.714272
33  3.942047 0.050139 0.431000  0.225309 -0.086237 -1.592712
34  1.539097 0.000006 0.000000  0.035254 -0.050373 -0.994350
35  1.196301 0.000078 -0.000004  -0.021521 0.002175 -0.839738
36  3.883414 -0.050472 -0.431084  0.184824 -0.271737 -1.204030
37  1.719565 -0.000084 -0.000005  0.022858 -0.107186 -1.509108
38  1.209198 0.000034 0.000012  0.000661 0.071072 -0.480462
39  3.859588 -0.149082 -1.331320  -0.080472 0.327601 -0.061665
40  1.719413 -0.000098 -0.000035  0.097557 0.060679 -0.377229
41  1.099674 0.000023 0.000008  -0.014718 0.004685 0.056983
42  0.805983 -0.359847 -1.318337  0.991670 0.166767 -0.799527
43  1.789780 -0.000008 -0.000042  0.000058 -0.002451 0.133097
44  1.206996 -0.000007 0.000005  0.000372 -0.000071 1.058780
45  5.740573 0.000080 0.000721  0.059699 -0.000014 0.000028
46  11.480974 0.000045 0.000930  0.026585 0.104511 0.013815
47  6.027515 -0.000273 -0.000229  -0.895358 -0.588275 -1.508471
48  -0.000001 11.691977 -0.000007  -1.039040 0.484973 0.816368
49  0.000005 0.000001 -0.000000  2.618569 -0.000036 1.570860
50  -0.000008 -0.000013 0.000004  2.272645 -0.000036 1.570861
51  -4.866159 -4.895907 -9.486700  -0.128484 -2.744614 1.465674
52  0.000000 -0.000000 0.000000  0.008153 -0.000259 0.000009
53  -0.000000 0.000001 0.000001  1.565115 0.043565 -0.106862
54  -0.021573 -3.396196 -2.952724  -1.720285 -2.575704 0.319773
55  -0.000000 0.000000 -0.000000  0.000000 -0.000001 -0.000002
56  0.000030 0.000029 0.000001  -1.571901 -0.044449 -0.106509
57  19.828524 4.019501 -10.570255  1.570796 -0.000000 0.000000
58  -16.319784 5.039393 -18.063972  1.570796 -0.000000 0.000000
59  1.239137 6.670753 -7.028192  1.570796 -0.000000 0.000000
60  -0.004311 0.001230 -0.000371  0.006898 -0.005534 -0.284229
61  0.826810 11.578514 -4.219014  1.570796 -0.000000 0.000000
62  0.000000 0.000000 0.000000  -0.078727 -3.136056 0.284226
63  0.000000 0.000000 0.000000  1.557339 -0.027413 0.007952
64  -3.308359 -7.737561 -3.567612  1.341244 0.107454 0.066672
65  0.042352 -2.889249 0.627700  -0.000000 0.000000 0.000000
66  0.042352 -0.907087 1.190369  -0.000000 0.000000 0.000000
67  -1.331044 -1.025121 4.361372  -0.000000 0.000000 0.000000
68  0.042354 -0.884530 23.199604  -0.000000 0.000000 0.000000
69  0.042255 0.181228 5.671383  -0.000000 0.000000 0.000000
70  -0.153408 0.089184 -9.714658  -0.000000 0.000000 0.000000
71  0.042353 -0.569287 7.155122  -0.000000 0.000000 0.000000
72  -0.682762 -1.501893 3.214539  -0.000000 0.000000 0.000000
73  0.074279 -0.628098 4.762587  -0.000000 0.000000 0.000000
74  -3.250801 -13.261208 -6.469841  1.341244 0.107454 0.066672
75  0.125604 3.719887 -1.374734  3.125106 -0.005327 -1.272161
76  2.923889 1.668562 -1.111005  -0.000000 0.000000 -0.174533
77  2.474303 0.802038 -1.351406  -0.000556 0.012084 -0.474101
78  -0.000000 0.000000 0.000001  0.007539 0.789180 0.890376
79  0.000000 0.440763 -0.000001  0.578204 -0.569447 -0.875005
80  -0.000001 0.430559 -0.000001  -0.021325 0.040800 0.478597
81  -0.000000 0.438246 0.000000  -0.056122 0.182808 -0.043266
82  0.000000 0.433549 -0.000001  0.030901 -0.071356 -0.028353
83  0.000000 0.454267 0.000000  -0.036553 0.240906 0.326473
84  0.000000 0.438145 -0.000001  -0.008819 0.091425 0.090825
85  -0.000001 0.444414 0.000000  -0.437319 0.816172 0.247596
86  0.000001 0.422926 0.000000  -0.329976 0.298279 0.006869
87  -0.000001 0.426508 -0.000000  0.125750 -2.869408 -0.030441
88  -0.000001 0.432947 0.000000  -0.704554 -1.915980 0.732037
time 151
0  0.000006 0.000000 0.000000  -1.570800 -1.391899 -1.570792
1  -8.101903 -5.314249 1.234827  -1.544956 -1.855077 -0.198630
2  6.027520 -0.000333 0.000190  -2.553175 -1.068657 0.997201
3  11.692106 0.000645 -0.000739  0.047215 -0.000050 -1.883077
4  11.479164 -0.001157 -0.000682  1.083345 -0.172147 0.399761
5  3.859503 -0.142823 -1.192079  -0.601752 -0.156362 -1.637626
6  1.312589 0.000010 0.000008  -0.133826 0.004485 -0.143732
7  0.729355 0.000054 0.000049  -0.006875 -0.009868 -0.117407
8  3.942141 0.046331 -0.431543  -0.431332 0.172900 -1.028557
9  1.539111 0.000083 0.000004  -0.021969 -0.075515 -0.796975
10  1.196333 0.000146 0.000028  0.006812 0.004400 -0.696527
11  3.883510 -0.047212 0.431351  -0.249573 0.361654 -0.422784
12  1.719573 -0.000028 0.000017  0.000279 -0.071595 -0.918811
13  1.209179 0.000091 0.000012  -0.010874 -0.006575 -0.730990
14  4.085234 -0.082653 1.151008  0.027896 0.346198 -0.108695
15  1.719448 -0.000019 0.000028  0.001045 -0.031721 -0.765135
16  1.099675 0.000048 0.000005  -0.052937 0.065407 -0.979473
17  1.059882 -1.545939 0.873876  -0.890407 -0.341388 -0.440463
18  1.789819 -0.000003 -0.000018  -0.030538 -0.019105 -0.059348
19  1.207015 -0.000013 -0.000044  -0.177270 -0.032780 1.157646
20  5.740634 0.000389 -0.000700  -0.096451 0.000003 0.000064
21  11.480840 -0.000052 -0.000790  -0.088811 -0.031350 0.056339
22  6.027524 -0.000329 0.000200  2.056290 0.133584 2.320560
23  -0.000000 11.692101 -0.000008  -1.254856 -0.700410 -0.933133
24  0.000002 0.000008 0.000000  0.916324 -0.000031 1.570739
25  0.000000 -0.000011 -0.000001  0.868960 0.000002 1.570712
26  -6.212011 -10.642979 0.826812  1.473120 1.855075 -0.198639
27  6.027511 -0.000260 -0.000222  1.432342 0.722940 -0.553082
28  11.691992 0.000161 0.000858  0.346037 0.000048 -1.505152
29  11.480242 -0.000092 0.000906  -1.312837 0.651204 0.193565
30  3.859437 -0.132759 1.193064  0.469647 -0.013262 -1.872395
31  1.312558 0.000026 -0.000001  0.024060 -0.138696 -0.550187
32  0.729346 0.000064 -0.000025  -0.166197 -0.081570 -0.714272
33  3.942047 0.050139 0.430999  0.225309 -0.086237 -1.592712
34  1.539097 0.000006 -0.000000  0.035254 -0.050373 -0.994350
35  1.196300 0.000077 -0.000004  -0.021521 0.002175 -0.839738
36  3.883413 -0.050472 -0.431085  0.184824 -0.271737 -1.204030
37  1.719565 -0.000084 -0.000004  0.022858 -0.107186 -1.509108
38  1.209197 0.000036 0.000011  0.000661 0.071072 -0.480462
39  3.859588 -0.149083 -1.331322  -0.080471 0.327601 -0.061665
40  1.719413 -0.000098 -0.000035  0.097557 0.060679 -0.377229
41  1.099674 0.000023 0.000008  -0.014718 0.004685 0.056982
42  0.805984 -0.359848 -1.318339  0.991670 0.166767 -0.799527
43  1.789780 -0.000009 -0.000042  0.000058 -0.002451 0.133098
44  1.206997 -0.000006 0.000005  0.000372 -0.000071 1.058780
45  5.740574 0.000080 0.000720  0.069556 -0.000014 0.000028
46  11.480993 0.000055 0.000926  0.034886 0.112924 0.010684
47  6.027515 -0.000273 -0.000229  -0.923310 -0.592667 -1.487794
48  -0.000002 11.691977 -0.000007  -1.032450 0.478786 0.812230
49  0.000003 0.000000 0.000000  2.618569 -0.000036 1.570860
50  -0.000007 -0.000012 0.000004  2.272645 -0.000036 1.570861
51  -4.550707 -4.966601 -9.556094  -0.070308 -2.743133 1.443851
52  -0.000000 -0.000000 0.000001  0.008153 -0.000259 0.000009
53  -0.000000 -0.000000 -0.000001  1.565115 0.043565 -0.106862
54  -0.043400 -3.416453 -2.802431  -1.679498 -2.621039 0.293023
55  -0.000000 0.000000 -0.000000  0.000000 -0.000001 -0.000002
56  0.000030 0.000029 0.000001  -1.571901 -0.044449 -0.106509
57  19.963335 4.247164 -10.374979  1.570796 -0.000000 0.000000
58  -16.319784 5.039393 -18.063972  1.570796 -0.000000 0.000000
59  1.239137 6.670753 -7.028192  1.570796 -0.000000 0.000000
60  -0.004311 0.001230 -0.000371  0.006898 -0.005534 -0.284229
61  0.826810 11.578514 -4.219014  1.570796 -0.000000 0.000000
62  0.000000 0.000000 0.000000  -0.078727 -3.136056 0.284226
63  0.000000 0.000000 0.000000  1.565526 -0.023954 0.004504
64  -3.307837 -7.761411 -3.540976  1.330012 0.054980 0.066475
65  0.042352 -2.889250 0.627699  -0.000000 0.000000 0.000000
66  0.042352 -0.907087 1.190367  -0.000000 0.000000 0.000000
67  -1.331044 -1.025121 4.361371  -0.000000 0.000000 0.000000
68  0.042353 -0.884530 23.199604  -0.000000 0.000000 0.000000
69  0.042255 0.181228 5.671382  -0.000000 0.000000 0.000000
70  -0.076656 0.089185 -9.714657  -0.000000 0.000000 0.000000
71  0.042352 -0.569288 7.155122  -0.000000 0.000000 0.000000
72  -0.682762 -1.501892 3.214537  -0.000000 0.000000 0.000000
73  0.074279 -0.628098 4.762586  -0.000000 0.000000 0.000000
74  -3.093489 -13.307066 -6.393463  1.330012 0.054980 0.066475
75  0.121918 3.717850 -1.374821  3.127198 -0.002353 -1.311398
76  2.923888 1.668561 -1.111007  -0.000000 0.000000 -0.173775
77  2.453015 0.798079 -1.352688  -0.000947 0.011744 -0.475853
78  -0.000000 0.000001 -0.000000  0.006782 0.788954 0.888097
79  -0.000000 0.440764 0.000000  0.578211 -0.570290 -0.876243
80  0.000000 0.430557 -0.000001  -0.021232 0.042002 0.445282
81  0.000000 0.438246 -0.000001  -0.049261 0.161089 -0.028581
82  -0.000000 0.433550 0.000001  0.024153 -0.053650 -0.004728
83  -0.000000 0.454268 -0.000002  -0.036034 0.237295 0.323561
84  0.000000 0.438145 -0.000001  -0.017596 0.106397 0.106719
85  0.000001 0.444414 -0.000001  -0.442641 0.804125 0.252786
86  -0.000000 0.422926 -0.000000  -0.325548 0.299031 0.006710
87  -0.000000 0.426508 -0.000000  0.104410 -2.868040 -0.024614
88  0.000001 0.432947 0.000000  -0.621415 -1.892407 0.643319
time 152
0  0.000006 0.000000 0.000000  -1.570800 -1.391899 -1.570792
1  -8.101903 -5.314249 1.234827  -1.544956 -1.855077 -0.198630
2  6.027520 -0.000333 0.000190  -2.524481 -1.058334 0.983305
3  11.692105 0.000646 -0.000738  0.045261 -0.000050 -1.884025
4  11.479158 -0.001160 -0.000686  1.105312 -0.251610 0.363082
5  3.859503 -0.142823 -1.192079  -0.598415 -0.163965 -1.612766
6  1.312589 0.000009 0.000008  -0.132373 -0.000127 -0.140144
7  0.729355 0.000054 0.000049  -0.006228 -0.009452 -0.055044
8  3.942140 0.046331 -0.431542  -0.427925 0.200615 -0.979544
9  1.539110 0.000083 0.000004  -0.017565 -0.087795 -0.825365
10  1.196332 0.000145 0.000029  0.008537 0.004129 -0.610081
11  3.883510 -0.047212 0.431351  -0.246160 0.377245 -0.412495
12  1.719573 -0.000029 0.000017  -0.005034 -0.073713 -0.851678
13  1.209179 0.000090 0.000012  -0.011135 -0.005369 -0.636238
14  4.085234 -0.082653 1.151009  0.035200 0.368358 -0.089664
15  1.719448 -0.000018 0.000028  0.001904 -0.039932 -0.736542
16  1.099676 0.000049 0.000005  -0.042573 0.071865 -0.844335
17  1.059882 -1.545939 0.873876  -0.896841 -0.323131 -0.418668
18  1.789819 -0.000003 -0.000017  -0.029431 -0.019804 -0.077193
19  1.207015 -0.000014 -0.000044  -0.191232 -0.048168 1.032723
20  5.740636 0.000389 -0.000699  -0.085485 0.000003 0.000064
21  11.480840 -0.000053 -0.000791  -0.081505 -0.044576 0.046540
22  6.027524 -0.000329 0.000200  2.069674 0.122418 2.333454
23  0.000001 11.692100 -0.000007  -1.255420 -0.700992 -0.933382
24  0.000003 0.000009 -0.000000  0.914370 -0.000031 1.570739
25  0.000001 -0.000011 0.000000  0.868960 0.000002 1.570712
26  -6.212011 -10.642979 0.826812  1.473120 1.855075 -0.198639
27  6.027511 -0.000260 -0.000222  1.445163 0.729465 -0.549539
28  11.691991 0.000162 0.000858  0.346036 0.000047 -1.486667
29  11.480391 -0.000005 0.000874  -1.362150 0.647121 0.159465
30  3.859439 -0.132758 1.193066  0.469647 -0.013262 -1.872395
31  1.312559 0.000027 -0.000001  0.024060 -0.138696 -0.550187
32  0.729347 0.000065 -0.000028  -0.166197 -0.081570 -0.714272
33  3.942047 0.050139 0.431000  0.225309 -0.086237 -1.592712
34  1.539097 0.000005 -0.000000  0.035254 -0.050373 -0.994350
35  1.196300 0.000077 -0.000004  -0.021521 0.002175 -0.839738
36  3.883414 -0.050472 -0.431084  0.184824 -0.271737 -1.204030
37  1.719564 -0.000083 -0.000005  0.022858 -0.107186 -1.509108
38  1.209198 0.000036 0.000010  0.000661 0.071072 -0.480462
39  3.859589 -0.149082 -1.331320  -0.080472 0.327601 -0.061665
40  1.719412 -0.000098 -0.000035  0.097557 0.060679 -0.377229
41  1.099673 0.000023 0.000007  -0.014718 0.004685 0.056982
42  0.805984 -0.359848 -1.318337  0.991670 0.166767 -0.799527
43  1.789781 -0.000009 -0.000042  0.000058 -0.002451 0.133098
44  1.206996 -0.000007 0.000006  0.000372 -0.000071 1.058780
45  5.740573 0.000079 0.000720  0.061324 -0.000014 0.000028
46  11.481023 0.000074 0.000920  0.027472 0.110868 0.007432
47  6.027515 -0.000273 -0.000229  -0.922835 -0.581078 -1.493028
48  -0.000001 11.691977 -0.000007  -1.021498 0.468574 0.805291
49  0.000004 0.000000 -0.000000  2.618569 -0.000036 1.570860
50  -0.000007 -0.000012 0.000005  2.272645 -0.000036 1.570861
51  -4.695096 -5.130468 -9.502653  -0.102435 -2.720066 1.440015
52  0.000000 0.000000 0.000000  0.008153 -0.000259 0.000009
53  0.000000 0.000000 0.000001  1.565115 0.043565 -0.106862
54  0.060201 -3.546969 -2.924643  -1.629499 -2.574090 0.235774
55  -0.000000 0.000000 -0.000000  0.000000 -0.000001 -0.000002
56  0.000030 0.000029 0.000001  -1.571901 -0.044449 -0.106509
57  20.067169 4.422514 -10.224575  1.570796 -0.000000 0.000000
58  -16.319784 5.039393 -18.063972  1.570796 -0.000000 0.000000
59  1.239137 6.670753 -7.028192  1.570796 -0.000000 0.000000
60  -0.004311 0.001230 -0.000371  0.006898 -0.005534 -0.284229
61  0.826810 11.578514 -4.219014  1.570796 -0.000000 0.000000
62  0.000000 0.000000 0.000000  -0.078727 -3.136056 0.284226
63  0.000000 0.000000 0.000000  1.572641 -0.018626 0.001976
64  -3.304183 -7.832272 -3.477459  1.312764 0.088210 0.048598
65  0.042352 -2.889250 0.627700  0.000000 0.000000 0.000000
66  0.042351 -0.907088 1.190369  0.000000 0.000000 0.000000
67  -1.331044 -1.025122 4.361371  0.000000 0.000000 0.000000
68  0.042353 -0.884531 23.199604  0.000000 0.000000 0.000000
69  0.042255 0.181227 5.671383  0.000000 0.000000 0.000000
70  0.000096 0.089185 -9.714657  0.000000 0.000000 0.000000
71  0.042352 -0.569288 7.155122  0.000000 0.000000 0.000000
72  -0.682763 -1.501893 3.214538  0.000000 0.000000 0.000000
73  0.074278 -0.628099 4.762587  0.000000 0.000000 0.000000
74  -3.272770 -13.433446 -6.227506  1.312764 0.088210 0.048598
75  0.112432 3.713012 -1.375081  3.131722 0.005087 -1.405367
76  2.923889 1.668561 -1.111006  0.000000 -0.000000 -0.168563
77  2.402251 0.788130 -1.355914  -0.002008 0.011226 -0.477280
78  0.000000 0.000001 -0.000001  0.005063 0.788991 0.885468
79  -0.000001 0.440764 -0.000001  0.577422 -0.571830 -0.878501
80  0.000000 0.430557 0.000000  -0.021254 0.040853 0.361787
81  -0.000000 0.438246 -0.000000  -0.032244 0.109448 0.005147
82  0.000000 0.433550 -0.000002  0.011391 -0.009744 0.051336
83  0.000000 0.454266 -0.000002  -0.033855 0.229502 0.315250
84  0.000001 0.438145 -0.000001  -0.037569 0.143251 0.143380
85  0.000000 0.444414 0.000000  -0.454399 0.775952 0.264763
86  -0.000000 0.422926 -0.000000  -0.314006 0.301221 0.006533
87  -0.000001 0.426508 -0.000000  0.054055 -2.865072 -0.011186
88  -0.000001 0.432947 0.000000  -0.378333 -1.849123 0.388642
time 153
0  0.000006 0.000000 0.000000  -1.570800 -1.391899 -1.570792
1  -8.101903 -5.314249 1.234827  -1.544956 -1.855077 -0.198630
2  6.027520 -0.000333 0.000190  -2.481185 -1.053895 0.951906
3  11.692105 0.000645 -0.000738  0.041048 -0.000050 -1.880565
4  11.479189 -0.001141 -0.000692  1.132970 -0.365199 0.334785
5  3.859504 -0.142823 -1.192080  -0.596480 -0.171521 -1.567454
6  1.312589 0.000010 0.000008  -0.130180 -0.007326 -0.137194
7  0.729355 0.000054 0.000049  -0.005062 -0.008906 0.010120
8  3.942141 0.046331 -0.431542  -0.417873 0.233660 -0.896094
9  1.539110 0.000083 0.000004  -0.011140 -0.106310 -0.856479
10  1.196332 0.000145 0.000028  0.011122 0.003418 -0.476676
11  3.883511 -0.047212 0.431351  -0.240837 0.386633 -0.391781
12  1.719573 -0.000029 0.000017  -0.012750 -0.076439 -0.767393
13  1.209180 0.000090 0.000011  -0.011310 -0.003475 -0.490006
14  4.085234 -0.082653 1.151008  0.042513 0.382432 -0.061900
15  1.719448 -0.000019 0.000028  0.002761 -0.052498 -0.692900
16  1.099675 0.000049 0.000005  -0.024850 0.078976 -0.632610
17  1.059882 -1.545939 0.873876  -0.905163 -0.313787 -0.391809
18  1.789819 -0.000003 -0.000018  -0.027873 -0.019933 -0.089997
19  1.207015 -0.000013 -0.000044  -0.197715 -0.071301 0.835998
20  5.740637 0.000389 -0.000700  -0.072142 0.000003 0.000063
21  11.480847 -0.000050 -0.000792  -0.071815 -0.064728 0.037477
22  6.027524 -0.000329 0.000200  2.078338 0.102424 2.340716
23  0.000000 11.692101 -0.000008  -1.253363 -0.698869 -0.932473
24  0.000003 0.000007 -0.000001  0.910158 -0.000031 1.570739
25  0.000000 -0.000011 0.000000  0.868960 0.000002 1.570712
26  -6.212011 -10.642979 0.826812  1.473120 1.855075 -0.198639
27  6.027511 -0.000260 -0.000222  1.472390 0.731505 -0.540267
28  11.691992 0.000161 0.000859  0.346036 0.000046 -1.471105
29  11.480520 0.000071 0.000846  -1.438322 0.621401 0.128935
30  3.859438 -0.132759 1.193066  0.469647 -0.013262 -1.872395
31  1.312559 0.000025 -0.000002  0.024060 -0.138696 -0.550187
32  0.729346 0.000064 -0.000028  -0.166197 -0.081570 -0.714272
33  3.942047 0.050139 0.431000  0.225309 -0.086237 -1.592712
34  1.539096 0.000006 -0.000002  0.035254 -0.050373 -0.994350
35  1.196301 0.000078 -0.000003  -0.021521 0.002175 -0.839738
36  3.883413 -0.050473 -0.431083  0.184824 -0.271737 -1.204030
37  1.719564 -0.000084 -0.000005  0.022858 -0.107186 -1.509108
38  1.209197 0.000035 0.000011  0.000661 0.071072 -0.480462
39  3.859588 -0.149082 -1.331320  -0.080472 0.327601 -0.061665
40  1.719413 -0.000098 -0.000035  0.097557 0.060679 -0.377229
41  1.099674 0.000024 0.000007  -0.014718 0.004685 0.056983
42  0.805983 -0.359848 -1.318338  0.991670 0.166767 -0.799527
43  1.789780 -0.000008 -0.000042  0.000058 -0.002451 0.133097
44  1.206996 -0.000007 0.000005  0.000372 -0.000071 1.058780
45  5.740574 0.000080 0.000721  0.047817 -0.000014 0.000028
46  11.481050 0.000088 0.000914  0.015331 0.104383 0.006831
47  6.027515 -0.000273 -0.000229  -0.910899 -0.563337 -1.508387
48  -0.000002 11.691977 -0.000008  -1.012261 0.460029 0.799380
49  0.000002 0.000001 0.000001  2.618569 -0.000036 1.570860
50  -0.000009 -0.000012 0.000004  2.272645 -0.000036 1.570861
51  -4.999321 -5.286158 -9.363091  -0.168133 -2.700475 1.446729
52  -0.000000 0.000000 0.000000  0.008153 -0.000259 0.000009
53  0.000000 -0.000000 0.000000  1.565115 0.043565 -0.106862
54  0.200031 -3.777852 -3.094977  -1.581756 -2.489908 0.180683
55  -0.000000 -0.000000 0.000000  0.000000 -0.000001 -0.000002
56  0.000030 0.000029 0.000001  -1.571901 -0.044449 -0.106509
57  20.138147 4.542381 -10.121759  1.570796 -0.000000 0.000000
58  -16.319784 5.039393 -18.063972  1.570796 -0.000000 0.000000
59  1.239137 6.670753 -7.028192  1.570796 -0.000000 0.000000
60  -0.004311 0.001230 -0.000371  0.006898 -0.005534 -0.284229
61  0.826810 11.578514 -4.219014  1.570796 -0.000000 0.000000
62  0.000000 0.000000 0.000000  -0.078727 -3.136056 0.284226
63  0.000000 0.000000 0.000000  1.576548 -0.011916 0.000920
64  -3.294263 -7.949112 -3.401648  1.303187 0.150297 0.026696
65  0.042352 -2.889250 0.627699  -0.000000 -0.000000 0.000000
66  0.042352 -0.907088 1.190368  -0.000000 -0.000000 0.000000
67  -1.331044 -1.025121 4.361371  -0.000000 -0.000000 0.000000
68  0.042353 -0.884531 23.199604  -0.000000 -0.000000 0.000000
69  0.042255 0.181228 5.671383  -0.000000 -0.000000 0.000000
70  0.000096 0.089184 -9.714657  -0.000000 -0.000000 0.000000
71  0.042352 -0.569288 7.155122  -0.000000 -0.000000 0.000000
72  -0.682762 -1.501893 3.214539  -0.000000 -0.000000 0.000000
73  0.074279 -0.628099 4.762587  -0.000000 -0.000000 0.000000
74  -3.546893 -13.580131 -6.078349  1.303187 0.150297 0.026696
75  0.099500 3.707278 -1.375514  3.136191 0.014501 -1.517799
76  2.923888 1.668561 -1.111004  -0.000000 -0.000000 -0.154490
77  2.341662 0.775075 -1.360146  -0.003449 0.010304 -0.472032
78  0.000000 -0.000000 -0.000002  0.002455 0.789404 0.888868
79  0.000000 0.440764 0.000001  0.576371 -0.572641 -0.881936
80  -0.000001 0.430559 0.000000  -0.020055 0.038427 0.253546
81  0.000001 0.438245 0.000001  -0.010705 0.047469 0.040847
82  0.000000 0.433550 0.000001  0.002679 0.044435 0.116304
83  -0.000000 0.454267 -0.000002  -0.029666 0.220870 0.302434
84  -0.000001 0.438144 0.000001  -0.060184 0.188548 0.185233
85  0.000001 0.444415 -0.000001  -0.468362 0.743048 0.278394
86  -0.000001 0.422927 0.000000  -0.300077 0.304376 0.006385
87  -0.000001 0.426508 0.000000  -0.004227 -2.862056 0.003873
88  -0.000001 0.432946 0.000001  -0.020457 -1.827119 0.019083
time 154
0  0.000006 0.000000 0.000000  -1.570800 -1.391899 -1.570792
1  -8.101903 -5.314249 1.234827  -1.544956 -1.855077 -0.198630
2  6.027520 -0.000333 0.000190  -2.461041 -1.048552 0.937455
3  11.692106 0.000643 -0.000739  0.033797 -0.000049 -1.862270
4  11.479352 -0.001044 -0.000701  1.138958 -0.435784 0.326787
5  3.859504 -0.142823 -1.192080  -0.599728 -0.172191 -1.501467
6  1.312590 0.000010 0.000007  -0.127722 -0.015451 -0.133091
7  0.729355 0.000054 0.000049  -0.003620 -0.008260 0.069953
8  3.942141 0.046331 -0.431543  -0.400876 0.268052 -0.790442
9  1.539111 0.000083 0.000005  -0.004104 -0.127258 -0.886131
10  1.196333 0.000146 0.000028  0.013916 0.002195 -0.324675
11  3.883511 -0.047212 0.431351  -0.233047 0.392668 -0.360256
12  1.719573 -0.000029 0.000017  -0.021443 -0.078874 -0.680324
13  1.209180 0.000090 0.000013  -0.011171 -0.001308 -0.323142
14  4.085235 -0.082653 1.151009  0.050151 0.388082 -0.026355
15  1.719448 -0.000018 0.000028  0.003067 -0.066790 -0.643322
16  1.099675 0.000049 0.000006  -0.003171 0.082331 -0.389190
17  1.059882 -1.545939 0.873876  -0.914934 -0.313226 -0.360893
18  1.789819 -0.000003 -0.000018  -0.025996 -0.019757 -0.097721
19  1.207015 -0.000013 -0.000043  -0.194267 -0.096530 0.606830
20  5.740635 0.000388 -0.000699  -0.066209 0.000003 0.000063
21  11.480878 -0.000031 -0.000793  -0.067805 -0.077971 0.033348
22  6.027524 -0.000329 0.000200  2.085355 0.093491 2.344436
23  -0.000000 11.692099 -0.000008  -1.242504 -0.687669 -0.927601
24  0.000003 0.000009 0.000000  0.902906 -0.000031 1.570739
25  -0.000001 -0.000012 0.000000  0.868960 0.000002 1.570712
26  -6.212011 -10.642979 0.826812  1.473120 1.855075 -0.198639
27  6.027511 -0.000260 -0.000221  1.490734 0.734510 -0.534111
28  11.691991 0.000160 0.000858  0.346036 0.000045 -1.466682
29  11.480554 0.000090 0.000839  -1.468378 0.599957 0.141581
30  3.859437 -0.132759 1.193066  0.469647 -0.013262 -1.872395
31  1.312560 0.000025 -0.000001  0.024060 -0.138696 -0.550187
32  0.729346 0.000065 -0.000027  -0.166197 -0.081570 -0.714272
33  3.942047 0.050139 0.431000  0.225309 -0.086237 -1.592712
34  1.539097 0.000005 -0.000001  0.035254 -0.050373 -0.994350
35  1.196301 0.000077 -0.000003  -0.021521 0.002175 -0.839738
36  3.883414 -0.050473 -0.431083  0.184824 -0.271737 -1.204030
37  1.719564 -0.000084 -0.000005  0.022859 -0.107186 -1.509108
38  1.209197 0.000036 0.000011  0.000662 0.071072 -0.480462
39  3.859588 -0.149082 -1.331320  -0.080471 0.327601 -0.061665
40  1.719413 -0.000098 -0.000036  0.097557 0.060679 -0.377229
41  1.099673 0.000023 0.000007  -0.014718 0.004685 0.056982
42  0.805983 -0.359848 -1.318338  0.991670 0.166767 -0.799527
43  1.789780 -0.000009 -0.000042  0.000058 -0.002451 0.133097
44  1.206996 -0.000007 0.000005  0.000372 -0.000071 1.058780
45  5.740572 0.000079 0.000721  0.041975 -0.000014 0.000028
46  11.481055 0.000092 0.000913  0.009671 0.099756 0.011398
47  6.027515 -0.000273 -0.000229  -0.904831 -0.550362 -1.517713
48  -0.000001 11.691975 -0.000006  -1.009632 0.457610 0.797689
49  0.000002 0.000001 -0.000001  2.618569 -0.000036 1.570860
50  -0.000007 -0.000013 0.000005  2.272645 -0.000036 1.570861
51  -5.148311 -5.351910 -9.204631  -0.206776 -2.709057 1.451607
52  -0.000000 -0.000000 0.000001  0.008153 -0.000259 0.000009
53  -0.000000 -0.000000 0.000000  1.565115 0.043565 -0.106862
54  0.312353 -4.067626 -3.086576  -1.568982 -2.427333 0.172054
55  -0.000000 0.000000 0.000000  0.000000 -0.000001 -0.000002
56  0.000030 0.000029 0.000001  -1.571901 -0.044449 -0.106509
57  20.179386 4.612024 -10.062024  1.570796 -0.000000 0.000000
58  -16.319784 5.039393 -18.063972  1.570796 -0.000000 0.000000
59  1.239137 6.670753 -7.028192  1.570796 -0.000000 0.000000
60  -0.004311 0.001230 -0.000371  0.006898 -0.005534 -0.284229
61  0.826810 11.578514 -4.219014  1.570796 -0.000000 0.000000
62  0.000000 0.000000 0.000000  -0.078727 -3.136056 0.284226
63  0.000000 0.000000 0.000000  1.578915 -0.004583 0.000127
64  -3.274946 -8.110898 -3.338131  1.316885 0.183721 0.017500
65  0.042352 -2.889250 0.627698  0.000000 -0.000000 0.000000
66  0.042352 -0.907087 1.190367  0.000000 -0.000000 0.000000
67  -1.331044 -1.025122 4.361371  0.000000 -0.000000 0.000000
68  0.042353 -0.884531 23.199604  0.000000 -0.000000 0.000000
69  0.042255 0.181228 5.671381  0.000000 -0.000000 0.000000
70  0.000096 0.089184 -9.714656  0.000000 -0.000000 0.000000
71  0.042352 -0.569288 7.155121  0.000000 -0.000000 0.000000
72  -0.682762 -1.501893 3.214538  0.000000 -0.000000 0.000000
73  0.074279 -0.628099 4.762586  0.000000 -0.000000 0.000000
74  -3.683237 -13.703565 -6.075338  1.316885 0.183721 0.017500
75  0.085480 3.702553 -1.376128  -0.002497 3.118880 1.529849
76  2.923889 1.668562 -1.111008  0.000000 -0.000000 -0.127136
77  2.290900 0.761799 -1.364456  -0.005353 0.009413 -0.461933
78  0.000001 0.000000 0.000001  -0.000673 0.790218 0.896740
79  0.000000 0.440764 -0.000000  0.575169 -0.572905 -0.884633
80  0.000000 0.430556 -0.000001  -0.016623 0.036060 0.155921
81  0.000001 0.438245 -0.000001  0.008807 -0.004617 0.067170
82  0.000000 0.433550 -0.000000  0.001008 0.090626 0.168895
83  0.000001 0.454268 0.000001  -0.024736 0.213994 0.288607
84  0.000000 0.438147 -0.000001  -0.078097 0.227203 0.217892
85  -0.000001 0.444415 -0.000001  -0.480452 0.715812 0.288521
86  0.000001 0.422926 0.000000  -0.288511 0.307496 0.005894
87  0.000001 0.426509 -0.000000  -0.050919 -2.859627 0.015749
88  0.000001 0.432947 -0.000001  0.277599 -1.835322 -0.288287
time 155
0  0.000006 0.000000 0.000000  -1.570800 -1.391899 -1.570792
1  -8.101903 -5.314249 1.234827  -1.544956 -1.855077 -0.198630
2  6.027519 -0.000333 0.000190  -2.340408 -1.015760 0.813924
3  11.692107 0.000645 -0.000738  0.023188 -0.000047 -1.832872
4  11.479615 -0.000883 -0.000717  1.149079 -0.454272 0.294235
5  3.859503 -0.142823 -1.192079  -0.610312 -0.158963 -1.418298
6  1.312589 0.000010 0.000007  -0.125620 -0.022403 -0.125995
7  0.729355 0.000053 0.000050  -0.002249 -0.007516 0.116148
8  3.942140 0.046331 -0.431542  -0.379441 0.299143 -0.682068
9  1.539110 0.000083 0.000004  0.001438 -0.145892 -0.909668
10  1.196333 0.000146 0.000029  0.016183 0.000787 -0.191535
11  3.883511 -0.047212 0.431351  -0.222503 0.399209 -0.319576
12  1.719573 -0.000028 0.000017  -0.029100 -0.080471 -0.607695
13  1.209179 0.000090 0.000012  -0.010755 0.000549 -0.176911
14  4.085234 -0.082653 1.151009  0.058301 0.386543 0.014203
15  1.719448 -0.000018 0.000028  0.002747 -0.079378 -0.599578
16  1.099675 0.000048 0.000006  0.015888 0.080919 -0.177246
17  1.059882 -1.545938 0.873876  -0.925294 -0.319570 -0.328037
18  1.789819 -0.000004 -0.000018  -0.024000 -0.019648 -0.101366
19  1.207015 -0.000014 -0.000044  -0.184139 -0.116398 0.401769
20  5.740635 0.000388 -0.000699  -0.064014 0.000003 0.000064
21  11.480930 0.000002 -0.000796  -0.066106 -0.080303 0.026758
22  6.027524 -0.000329 0.000200  2.124804 0.035624 2.327051
23  -0.000001 11.692101 -0.000007  -1.225113 -0.669759 -0.919540
24  0.000002 0.000008 -0.000000  0.892296 -0.000031 1.570739
25  -0.000000 -0.000012 -0.000001  0.868960 0.000002 1.570712
26  -6.212011 -10.642979 0.826812  1.473120 1.855075 -0.198639
27  6.027511 -0.000260 -0.000221  1.492723 0.740466 -0.533892
28  11.691992 0.000162 0.000858  0.346036 0.000046 -1.470481
29  11.480523 0.000073 0.000845  -1.437900 0.589129 0.195460
30  3.859437 -0.132758 1.193065  0.469647 -0.013262 -1.872395
31  1.312558 0.000026 -0.000002  0.024060 -0.138696 -0.550187
32  0.729346 0.000065 -0.000028  -0.166197 -0.081570 -0.714273
33  3.942046 0.050138 0.431000  0.225309 -0.086237 -1.592712
34  1.539097 0.000004 -0.000002  0.035254 -0.050373 -0.994350
35  1.196301 0.000076 -0.000006  -0.021521 0.002175 -0.839738
36  3.883413 -0.050472 -0.431084  0.184824 -0.271737 -1.204030
37  1.719564 -0.000084 -0.000005  0.022859 -0.107186 -1.509108
38  1.209197 0.000035 0.000012  0.000661 0.071072 -0.480462
39  3.859588 -0.149082 -1.331321  -0.080471 0.327601 -0.061665
40  1.719413 -0.000098 -0.000036  0.097557 0.060679 -0.377229
41  1.099674 0.000023 0.000009  -0.014718 0.004685 0.056982
42  0.805984 -0.359848 -1.318339  0.991670 0.166767 -0.799527
43  1.789780 -0.000008 -0.000042  0.000058 -0.002451 0.133098
44  1.206997 -0.000007 0.000005  0.000372 -0.000071 1.058780
45  5.740573 0.000079 0.000721  0.046736 -0.000014 0.000028
46  11.481050 0.000090 0.000914  0.013445 0.098407 0.020149
47  6.027515 -0.000273 -0.000229  -0.909682 -0.545834 -1.516303
48  -0.000002 11.691977 -0.000006  -1.011890 0.459687 0.799142
49  0.000003 0.000000 0.000000  2.618569 -0.000036 1.570860
50  -0.000009 -0.000014 0.000005  2.272645 -0.000036 1.570861
51  -5.070948 -5.344926 -9.087780  -0.201779 -2.747208 1.452142
52  -0.000000 -0.000000 -0.000001  0.008153 -0.000259 0.000009
53  0.000000 0.000000 -0.000000  1.565115 0.043565 -0.106862
54  1.162470 -4.953058 -3.217813  -1.614166 -2.401724 0.260465
55  -0.000000 0.000000 0.000000  0.000000 -0.000001 -0.000002
56  0.000030 0.000029 0.000001  -1.571902 -0.044449 -0.106509
57  20.198513 4.644324 -10.034319  1.570796 -0.000000 0.000000
58  -16.319784 5.039393 -18.063972  1.570796 -0.000000 0.000000
59  1.239137 6.670753 -7.028192  1.570796 -0.000000 0.000000
60  -0.004311 0.001230 -0.000371  0.006898 -0.005534 -0.284229
61  0.826810 11.578514 -4.219014  1.570796 -0.000000 0.000000
62  0.000000 0.000000 0.000000  -0.078727 -3.136056 0.284226
63  0.000000 0.000000 0.000000  1.580127 0.002550 -0.000451
64  -3.243099 -8.316599 -3.311495  1.354615 0.173827 0.026754
65  0.042352 -2.889250 0.627700  -0.000000 0.000000 0.000000
66  0.042352 -0.907088 1.190368  -0.000000 0.000000 0.000000
67  -1.331044 -1.025121 4.361372  -0.000000 0.000000 0.000000
68  0.042353 -0.884531 23.199608  -0.000000 0.000000 0.000000
69  0.042255 0.181228 5.671383  -0.000000 0.000000 0.000000
70  0.000096 0.089185 -9.714657  -0.000000 0.000000 0.000000
71  0.042352 -0.569288 7.155123  -0.000000 0.000000 0.000000
72  -0.682762 -1.501893 3.214540  -0.000000 0.000000 0.000000
73  0.074279 -0.628098 4.762588  -0.000000 0.000000 0.000000
74  -3.611514 -13.804106 -6.259110  1.354615 0.173827 0.026754
75  0.072724 3.700739 -1.376913  -0.001514 3.115378 1.490637
76  2.923889 1.668561 -1.111007  -0.000000 -0.000000 -0.082068
77  2.269611 0.751184 -1.367898  -0.006598 0.008894 -0.454674
78  0.000000 -0.000000 0.000001  -0.002669 0.790776 0.902574
79  -0.000000 0.440763 -0.000001  0.573499 -0.573946 -0.884051
80  -0.000000 0.430558 0.000003  -0.011988 0.034943 0.110968
81  -0.000000 0.438246 -0.000000  0.017196 -0.026370 0.078091
82  -0.000000 0.433551 0.000000  0.001571 0.110172 0.189111
83  0.000000 0.454268 0.000002  -0.022292 0.211251 0.279949
84  0.000000 0.438146 0.000001  -0.084846 0.243516 0.228930
85  0.000001 0.444415 -0.000001  -0.485445 0.704331 0.291549
86  0.000001 0.422927 -0.000000  -0.283180 0.309122 0.005599
87  -0.000000 0.426508 0.000000  -0.068832 -2.858436 0.020565
88  0.000001 0.432947 -0.000001  0.380025 -1.843745 -0.394788
time 156
0  0.000006 0.000000 0.000000  -1.570800 -1.391899 -1.570792
1  -8.101903 -5.314249 1.234827  -1.544956 -1.855077 -0.198630
2  6.027518 -0.000332 0.000191  -2.112805 -0.938450 0.588766
3  11.692105 0.000644 -0.000739  0.009412 -0.000042 -1.760535
4  11.480275 -0.000450 -0.000733  1.165155 -0.464690 0.210686
5  3.859504 -0.142823 -1.192079  -0.627351 -0.127265 -1.323635
6  1.312589 0.000010 0.000008  -0.124349 -0.026568 -0.114831
7  0.729355 0.000055 0.000048  -0.001244 -0.006660 0.143923
8  3.942141 0.046331 -0.431543  -0.357807 0.324330 -0.588826
9  1.539110 0.000083 0.000004  0.003674 -0.158594 -0.924022
10  1.196333 0.000146 0.000028  0.017544 -0.000282 -0.105215
11  3.883511 -0.047212 0.431351  -0.209117 0.409409 -0.272612
12  1.719573 -0.000028 0.000017  -0.034110 -0.081252 -0.561718
13  1.209179 0.000090 0.000012  -0.010342 0.001711 -0.082160
14  4.085235 -0.082653 1.151008  0.067004 0.380125 0.056368
15  1.719448 -0.000018 0.000029  0.002236 -0.087609 -0.570855
16  1.099674 0.000049 0.000005  0.027737 0.077927 -0.041879
17  1.059882 -1.545939 0.873876  -0.935283 -0.329957 -0.295598
18  1.789819 -0.000004 -0.000019  -0.022079 -0.019917 -0.102532
19  1.207015 -0.000014 -0.000044  -0.174289 -0.127812 0.263385
20  5.740636 0.000388 -0.000699  -0.062317 0.000003 0.000063
21  11.481063 0.000088 -0.000798  -0.065311 -0.079538 0.010865
22  6.027524 -0.000329 0.000200  2.197046 -0.094270 2.288821
23  -0.000000 11.692102 -0.000007  -1.182543 -0.626174 -0.898531
24  0.000003 0.000007 0.000000  0.878520 -0.000031 1.570739
25  0.000001 -0.000011 0.000000  0.868960 0.000002 1.570712
26  -6.212011 -10.642979 0.826812  1.473120 1.855075 -0.198639
27  6.027511 -0.000260 -0.000221  1.488469 0.747440 -0.536007
28  11.691991 0.000162 0.000858  0.346036 0.000046 -1.477980
29  11.480459 0.000037 0.000861  -1.383135 0.576407 0.270853
30  3.859438 -0.132758 1.193063  0.469647 -0.013262 -1.872395
31  1.312559 0.000024 -0.000002  0.024060 -0.138696 -0.550187
32  0.729345 0.000066 -0.000027  -0.166197 -0.081570 -0.714272
33  3.942047 0.050138 0.430999  0.225309 -0.086237 -1.592712
34  1.539096 0.000006 -0.000001  0.035254 -0.050373 -0.994350
35  1.196300 0.000078 -0.000004  -0.021521 0.002175 -0.839738
36  3.883414 -0.050473 -0.431084  0.184824 -0.271737 -1.204030
37  1.719564 -0.000084 -0.000005  0.022858 -0.107186 -1.509108
38  1.209197 0.000036 0.000010  0.000661 0.071072 -0.480462
39  3.859588 -0.149082 -1.331321  -0.080472 0.327601 -0.061665
40  1.719413 -0.000098 -0.000036  0.097557 0.060679 -0.377229
41  1.099673 0.000023 0.000008  -0.014718 0.004685 0.056982
42  0.805983 -0.359848 -1.318339  0.991670 0.166767 -0.799527
43  1.789780 -0.000008 -0.000043  0.000058 -0.002451 0.133097
44  1.206996 -0.000008 0.000005  0.000372 -0.000071 1.058780
45  5.740572 0.000081 0.000721  0.055727 -0.000014 0.000028
46  11.481035 0.000082 0.000918  0.021050 0.097669 0.031739
47  6.027515 -0.000273 -0.000229  -0.918492 -0.544540 -1.510968
48  -0.000002 11.691976 -0.000007  -1.016344 0.463798 0.801999
49  0.000004 0.000000 -0.000001  2.618569 -0.000036 1.570860
50  -0.000008 -0.000013 0.000004  2.272645 -0.000036 1.570861
51  -4.905981 -5.304943 -8.984247  -0.183051 -2.802770 1.453940
52  -0.000000 0.000000 0.000000  0.008153 -0.000259 0.000009
53  0.000000 -0.000000 -0.000001  1.565115 0.043565 -0.106862
54  3.118816 -6.752029 -3.886080  -1.734505 -2.394959 0.459311
55  0.000000 0.000000 -0.000000  0.000000 -0.000001 -0.000002
56  0.000030 0.000030 0.000001  -1.571901 -0.044449 -0.106509
57  20.204624 4.654643 -10.025469  1.570796 -0.000000 0.000000
58  -16.319784 5.039393 -18.063972  1.570796 -0.000000 0.000000
59  1.239137 6.670753 -7.028192  1.570796 -0.000000 0.000000
60  -0.004311 0.001230 -0.000371  0.006898 -0.005534 -0.284229
61  0.826810 11.578514 -4.219014  1.570796 -0.000000 0.000000
62  0.000000 0.000000 0.000000  -0.078727 -3.136056 0.284226
63  0.000000 0.000000 0.000000  1.580571 0.008660 -0.000856
64  -3.188183 -8.565181 -3.331164  1.407543 0.148071 0.043752
65  0.042352 -2.889251 0.627699  0.000000 -0.000000 0.000000
66  0.042352 -0.907088 1.190368  0.000000 -0.000000 0.000000
67  -1.331044 -1.025122 4.361372  0.000000 -0.000000 0.000000
68  0.042353 -0.884530 23.199602  0.000000 -0.000000 0.000000
69  0.042255 0.181228 5.671383  0.000000 -0.000000 0.000000
70  0.000096 0.089185 -9.714658  0.000000 -0.000000 0.000000
71  0.042352 -0.569288 7.155123  0.000000 -0.000000 0.000000
72  -0.682763 -1.501893 3.214539  0.000000 -0.000000 0.000000
73  0.074278 -0.628098 4.762586  0.000000 -0.000000 0.000000
74  -3.436604 -13.890861 -6.573437  1.407543 0.148071 0.043752
75  0.063054 3.701092 -1.377908  -0.001402 3.115371 1.494919
76  2.923889 1.668562 -1.111006  0.000000 -0.000000 -0.019408
77  2.282212 0.745222 -1.369835  -0.006674 0.007809 -0.419981
78  -0.000001 0.000002 0.000000  -0.003520 0.790440 0.894580
79  -0.000001 0.440763 -0.000001  0.576534 -0.571379 -0.889687
80  -0.000000 0.430558 -0.000000  -0.007646 0.032904 0.100255
81  0.000001 0.438246 0.000000  0.016169 -0.024316 0.073980
82  0.000000 0.433550 0.000001  0.001752 0.109939 0.182561
83  0.000000 0.454268 -0.000001  -0.021898 0.212176 0.274708
84  0.000001 0.438146 -0.000001  -0.083038 0.241399 0.225508
85  -0.000001 0.444414 -0.000001  -0.485996 0.708466 0.291660
86  -0.000001 0.422926 0.000000  -0.284761 0.308829 0.005737
87  -0.000001 0.426508 0.000000  -0.064586 -2.858628 0.019829
88  0.000000 0.432947 0.000001  0.357271 -1.841520 -0.371936
time 157
0  0.000006 0.000000 0.000000  -1.570800 -1.391899 -1.570792
1  -8.101903 -5.314249 1.234827  -1.544956 -1.855077 -0.198630
2  6.027517 -0.000331 0.000191  -1.984045 -0.899909 0.476481
3  11.692109 0.000645 -0.000738  -0.007035 -0.000033 -1.636163
4  11.479424 -0.000901 -0.000743  1.136748 -0.459775 0.159924
5  3.859504 -0.142823 -1.192079  -0.647730 -0.075639 -1.222764
6  1.312590 0.000009 0.000009  -0.124074 -0.027256 -0.099481
7  0.729355 0.000054 0.000049  -0.000758 -0.005688 0.152796
8  3.942142 0.046331 -0.431542  -0.339539 0.343646 -0.520526
9  1.539110 0.000083 0.000003  0.001792 -0.163810 -0.928454
10  1.196333 0.000145 0.000028  0.017979 -0.000666 -0.076299
11  3.883511 -0.047212 0.431352  -0.192841 0.424741 -0.222008
12  1.719573 -0.000029 0.000016  -0.035795 -0.081472 -0.546524
13  1.209179 0.000090 0.000013  -0.010179 0.002091 -0.050440
14  4.085234 -0.082653 1.151010  0.076224 0.371123 0.097480
15  1.719448 -0.000018 0.000029  0.002008 -0.090368 -0.561118
16  1.099676 0.000049 0.000006  0.031559 0.076586 0.002957
17  1.059882 -1.545939 0.873876  -0.944187 -0.341815 -0.265278
18  1.789819 -0.000004 -0.000018  -0.020356 -0.020712 -0.102680
19  1.207015 -0.000014 -0.000043  -0.169681 -0.131985 0.206536
20  5.740635 0.000389 -0.000699  -0.069408 0.000003 0.000064
21  11.480893 -0.000003 -0.000801  -0.072474 -0.077581 -0.000283
22  6.027524 -0.000329 0.000200  2.221234 -0.177933 2.275700
23  -0.000000 11.692100 -0.000007  -1.109644 -0.553033 -0.858749
24  0.000004 0.000008 0.000001  0.862069 -0.000030 1.570739
25  -0.000000 -0.000013 0.000000  0.868960 0.000002 1.570712
26  -6.212011 -10.642979 0.826812  1.473120 1.855075 -0.198639
27  6.027511 -0.000260 -0.000221  1.480690 0.758120 -0.539838
28  11.691991 0.000161 0.000858  0.346036 0.000047 -1.484202
29  11.480408 0.000006 0.000871  -1.317146 0.562478 0.356114
30  3.859438 -0.132759 1.193067  0.469647 -0.013262 -1.872395
31  1.312559 0.000025 -0.000000  0.024060 -0.138696 -0.550187
32  0.729346 0.000065 -0.000028  -0.166197 -0.081570 -0.714272
33  3.942047 0.050139 0.431000  0.225309 -0.086237 -1.592712
34  1.539096 0.000006 -0.000002  0.035254 -0.050373 -0.994350
35  1.196299 0.000078 -0.000002  -0.021521 0.002175 -0.839738
36  3.883413 -0.050473 -0.431083  0.184824 -0.271737 -1.204030
37  1.719564 -0.000085 -0.000005  0.022858 -0.107186 -1.509108
38  1.209197 0.000035 0.000010  0.000661 0.071072 -0.480462
39  3.859589 -0.149082 -1.331320  -0.080472 0.327600 -0.061665
40  1.719413 -0.000098 -0.000034  0.097557 0.060679 -0.377229
41  1.099674 0.000023 0.000006  -0.014718 0.004685 0.056983
42  0.805983 -0.359848 -1.318337  0.991670 0.166767 -0.799527
43  1.789780 -0.000008 -0.000043  0.000058 -0.002451 0.133097
44  1.206996 -0.000008 0.000005  0.000372 -0.000071 1.058780
45  5.740572 0.000079 0.000720  0.066978 -0.000013 0.000028
46  11.481026 0.000074 0.000919  0.030521 0.097742 0.044724
47  6.027515 -0.000273 -0.000229  -0.932536 -0.543168 -1.502215
48  -0.000002 11.691977 -0.000006  -1.020036 0.467217 0.804359
49  0.000001 0.000000 -0.000001  2.618569 -0.000036 1.570860
50  -0.000008 -0.000013 0.000005  2.272645 -0.000036 1.570861
51  -4.676382 -5.273098 -8.873191  -0.157312 -2.866406 1.454902
52  0.000000 -0.000000 0.000000  0.008153 -0.000259 0.000009
53  0.000000 -0.000000 0.000001  1.565115 0.043565 -0.106862
54  4.643425 -8.458689 -4.550252  1.248559 -0.723646 -2.471627
55  0.000000 -0.000000 0.000001  0.000000 -0.000001 -0.000002
56  0.000030 0.000029 0.000003  -1.571901 -0.044449 -0.106509
57  20.205376 4.655911 -10.024380  1.570796 -0.000000 0.000000
58  -16.319784 5.039393 -18.063972  1.570796 -0.000000 0.000000
59  1.239137 6.670753 -7.028192  1.570796 -0.000000 0.000000
60  -0.004311 0.001230 -0.000371  0.006898 -0.005534 -0.284229
61  0.826810 11.578514 -4.219014  1.570796 -0.000000 0.000000
62  0.000000 0.000000 0.000000  -0.078727 -3.136056 0.284226
63  0.000000 0.000000 0.000000  1.580631 0.012928 -0.001127
64  -3.105838 -8.855612 -3.374434  1.466665 0.113205 0.060202
65  0.042352 -2.889251 0.627700  -0.000000 -0.000000 0.000000
66  0.042352 -0.907087 1.190368  -0.000000 -0.000000 0.000000
67  -1.331045 -1.025121 4.361372  -0.000000 -0.000000 0.000000
68  0.042353 -0.884531 23.199606  -0.000000 -0.000000 0.000000
69  0.042255 0.181228 5.671383  -0.000000 -0.000000 0.000000
70  0.000096 0.089185 -9.714656  -0.000000 -0.000000 0.000000
71  0.042352 -0.569288 7.155121  -0.000000 -0.000000 0.000000
72  -0.682762 -1.501892 3.214538  -0.000000 -0.000000 0.000000
73  0.074278 -0.628098 4.762586  -0.000000 -0.000000 0.000000
74  -3.200455 -13.977350 -6.937546  1.466665 0.113205 0.060202
75  0.056358 3.701543 -1.379054  -0.001122 3.115358 1.505605
76  2.923889 1.668563 -1.111007  -0.000000 -0.000000 -0.002426
77  2.314385 0.742328 -1.370824  -0.006090 0.005427 -0.336974
78  -0.000000 -0.000000 0.000001  -0.004372 0.789312 0.870903
79  0.000001 0.440763 0.000000  0.587085 -0.561893 -0.908324
80  -0.000000 0.430558 -0.000001  -0.004044 0.028272 0.080091
81  0.000000 0.438247 -0.000003  0.014089 -0.019472 0.060775
82  -0.000000 0.433550 0.000000  0.002765 0.109079 0.169704
83  0.000000 0.454268 -0.000001  -0.020982 0.214306 0.266842
84  -0.000001 0.438146 0.000000  -0.079901 0.236183 0.222058
85  0.000001 0.444415 -0.000000  -0.487616 0.719145 0.294052
86  -0.000000 0.422926 -0.000000  -0.290199 0.307657 0.005956
87  0.000001 0.426508 -0.000000  -0.056385 -2.859502 0.017923
88  0.000001 0.432947 0.000001  0.320846 -1.838817 -0.334883
time 158
0  0.000006 0.000000 0.000000  -1.570800 -1.391899 -1.570792
1  -8.058495 -5.074194 1.143295  -1.544956 -1.855077 -0.198630
2  6.027517 -0.000333 0.000191  -1.889868 -0.912603 0.389547
3  11.692107 0.000644 -0.000738  -0.209276 -0.000026 -1.517177
4  11.480322 -0.000211 -0.000797  1.208469 -0.424705 0.081879
5  3.859502 -0.142823 -1.192079  -0.673331 0.020109 -1.067740
6  1.312590 0.000010 0.000007  -0.126043 -0.019497 -0.065210
7  0.729355 0.000052 0.000049  -0.000708 -0.004208 0.115369
8  3.942139 0.046332 -0.431542  -0.320928 0.358723 -0.466861
9  1.539110 0.000084 0.000005  -0.023009 -0.152464 -0.816724
10  1.196332 0.000146 0.000028  0.016613 0.000031 -0.114727
11  3.883510 -0.047211 0.431351  -0.161724 0.445314 -0.145902
12  1.719572 -0.000029 0.000018  -0.034911 -0.081412 -0.555677
13  1.209179 0.000090 0.000012  -0.010260 0.001906 -0.065920
14  4.085234 -0.082652 1.151009  0.088749 0.334714 0.147136
15  1.719449 -0.000018 0.000029  0.001874 -0.088923 -0.561086
16  1.099676 0.000048 0.000007  0.029773 0.077212 -0.019240
17  1.059881 -1.545938 0.873877  -0.950973 -0.390584 -0.237722
18  1.789819 -0.000003 -0.000019  -0.017333 -0.031428 -0.101921
19  1.207015 -0.000014 -0.000043  -0.167369 -0.132405 0.195758
20  5.740636 0.000388 -0.000699  -0.062345 0.000003 0.000064
21  11.481073 0.000135 -0.000811  -0.061993 -0.067448 -0.010905
22  6.027523 -0.000330 0.000200  2.193027 -0.230561 2.268647
23  0.000002 11.692098 -0.000007  -1.039633 -0.485495 -0.816653
24  0.000001 0.000008 0.000000  0.659824 -0.000031 1.570739
25  0.000001 -0.000011 0.000000  0.868960 0.000002 1.570712
26  -6.212011 -10.642979 0.826812  1.473120 1.855075 -0.198639
27  6.027511 -0.000260 -0.000221  1.471822 0.774525 -0.544838
28  11.691992 0.000161 0.000859  0.346036 0.000047 -1.483962
29  11.480410 0.000006 0.000868  -1.252676 0.550151 0.439620
30  3.859437 -0.132758 1.193065  0.469647 -0.013262 -1.872395
31  1.312559 0.000026 -0.000001  0.024060 -0.138696 -0.550187
32  0.729345 0.000066 -0.000027  -0.166197 -0.081570 -0.714272
33  3.942047 0.050139 0.431000  0.225309 -0.086237 -1.592712
34  1.539096 0.000005 -0.000002  0.035254 -0.050373 -0.994350
35  1.196301 0.000078 -0.000004  -0.021521 0.002175 -0.839738
36  3.883413 -0.050472 -0.431084  0.184824 -0.271737 -1.204030
37  1.719564 -0.000084 -0.000004  0.022859 -0.107186 -1.509108
38  1.209199 0.000035 0.000012  0.000662 0.071072 -0.480462
39  3.859588 -0.149082 -1.331321  -0.080472 0.327601 -0.061665
40  1.719412 -0.000098 -0.000037  0.097557 0.060679 -0.377229
41  1.099673 0.000023 0.000007  -0.014718 0.004685 0.056983
42  0.805983 -0.359848 -1.318338  0.991670 0.166767 -0.799527
43  1.789781 -0.000008 -0.000042  0.000058 -0.002451 0.133097
44  1.206996 -0.000008 0.000005  0.000372 -0.000071 1.058780
45  5.740574 0.000079 0.000720  0.078311 -0.000014 0.000028
46  11.481027 0.000075 0.000919  0.039799 0.098837 0.057516
47  6.027515 -0.000273 -0.000229  -0.952460 -0.538894 -1.490804
48  -0.000002 11.691977 -0.000007  -1.019894 0.467085 0.804268
49  0.000002 -0.000000 0.000001  2.618569 -0.000036 1.570860
50  -0.000008 -0.000013 0.000005  2.272645 -0.000036 1.570861
51  -4.410444 -5.290634 -8.744396  -0.131397 -2.928631 1.451951
52  0.000000 -0.000000 -0.000000  0.008153 -0.000259 0.000009
53  -0.000000 -0.000000 0.000000  1.565115 0.043565 -0.106862
54  5.354990 -10.007020 -5.339692  0.990771 -0.638013 -2.278567
55  -0.000000 -0.000000 0.000000  0.000000 -0.000001 -0.000002
56  0.000030 0.000029 0.000001  -1.571902 -0.044449 -0.106509
57  19.903570 3.805591 -10.153520  1.570796 -0.000000 0.000000
58  -16.319784 5.039393 -18.063972  1.570796 -0.000000 0.000000
59  1.147606 6.426805 -7.028192  1.570796 -0.000000 0.000000
60  -0.004311 0.001230 -0.000371  0.006898 -0.005534 -0.284229
61  0.826810 11.578514 -4.219014  1.570796 -0.000000 0.000000
62  0.000000 0.000000 0.000000  -0.078727 -3.136056 0.284226
63  0.000000 0.000000 0.000000  1.580622 0.014533 -0.001296
64  -3.002203 -9.186859 -3.417705  1.523564 0.077203 0.068928
65  0.042352 -2.889250 0.627701  -0.000000 0.000000 0.000000
66  0.042351 -0.907087 1.190369  -0.000000 0.000000 0.000000
67  -1.331045 -1.025122 4.361373  -0.000000 0.000000 0.000000
68  0.042353 -0.884531 23.199604  -0.000000 0.000000 0.000000
69  0.042255 0.181228 5.671383  -0.000000 0.000000 0.000000
70  0.000095 0.089184 -9.714656  -0.000000 0.000000 0.000000
71  0.042352 -0.569288 7.155123  -0.000000 0.000000 0.000000
72  -0.682762 -1.501893 3.214539  -0.000000 0.000000 0.000000
73  0.074278 -0.628099 4.762587  -0.000000 0.000000 0.000000
74  -2.960428 -14.090212 -7.276759  1.523564 0.077203 0.068928
75  0.052094 3.702020 -1.380204  -0.000757 3.115345 1.519494
76  2.923888 1.668562 -1.111005  -0.000000 0.000000 0.000000
77  2.357696 0.740007 -1.371707  -0.005031 0.002406 -0.228457
78  0.000000 -0.000000 -0.000001  -0.005069 0.787714 0.839940
79  -0.000002 0.440762 -0.000001  0.601060 -0.548692 -0.933317
80  0.000000 0.430558 0.000000  -0.001342 0.022243 0.055306
81  -0.000000 0.438247 0.000001  0.011164 -0.013427 0.042259
82  -0.000000 0.433550 0.000002  0.004005 0.107827 0.152910
83  0.000000 0.454267 0.000001  -0.019908 0.216965 0.256621
84  -0.000001 0.438145 0.000001  -0.075866 0.229332 0.217493
85  -0.000001 0.444414 -0.000001  -0.488897 0.732965 0.297101
86  0.000002 0.422926 -0.000001  -0.297313 0.306111 0.006244
87  -0.000001 0.426508 -0.000000  -0.045160 -2.860695 0.015330
88  -0.000002 0.432948 -0.000000  0.268416 -1.835593 -0.281537
time 159
0  0.000006 0.000000 0.000000  -1.570800 -1.391899 -1.570792
1  -7.928922 -4.357652 0.870082  -1.544956 -1.855077 -0.198630
2  6.027518 -0.000331 0.000191  -1.759594 -0.937215 0.243364
3  11.692111 0.000646 -0.000739  -0.682662 -0.000021 -1.427503
4  11.479712 -0.000042 -0.000981  1.411676 -0.319404 -0.014680
5  3.859503 -0.142824 -1.192079  -0.685178 0.167218 -0.839105
6  1.312590 0.000009 0.000009  -0.130077 -0.000886 -0.005686
7  0.729356 0.000055 0.000049  -0.001162 -0.002126 0.015468
8  3.942140 0.046330 -0.431542  -0.299855 0.369369 -0.421388
9  1.539110 0.000084 0.000004  -0.074075 -0.108527 -0.520554
10  1.196333 0.000146 0.000028  0.012895 0.001664 -0.224022
11  3.883510 -0.047213 0.431351  -0.109044 0.466628 -0.035303
12  1.719574 -0.000029 0.000016  -0.032247 -0.081181 -0.583268
13  1.209178 0.000090 0.000011  -0.010487 0.001340 -0.112751
14  4.085235 -0.082653 1.151009  0.101675 0.255862 0.205997
15  1.719448 -0.000019 0.000028  0.001476 -0.084620 -0.561087
16  1.099674 0.000048 0.000006  0.024256 0.078875 -0.086795
17  1.059883 -1.545940 0.873877  -0.956212 -0.498679 -0.215147
18  1.789818 -0.000005 -0.000018  -0.012070 -0.057510 -0.096443
19  1.207015 -0.000015 -0.000043  -0.161439 -0.130118 0.193310
20  5.740635 0.000388 -0.000700  -0.030400 0.000003 0.000064
21  11.480952 0.000168 -0.000849  -0.026382 -0.043065 -0.019148
22  6.027524 -0.000329 0.000200  2.140152 -0.294911 2.240302
23  -0.000001 11.692101 -0.000007  -0.986347 -0.436384 -0.782450
24  0.000001 0.000008 -0.000001  0.186433 -0.000031 1.570739
25  -0.000001 -0.000011 0.000001  0.868960 0.000002 1.570712
26  -6.212011 -10.642979 0.826812  1.473120 1.855075 -0.198639
27  6.027511 -0.000260 -0.000221  1.464040 0.797449 -0.550385
28  11.691992 0.000161 0.000860  0.346036 0.000046 -1.472357
29  11.480507 0.000064 0.000848  -1.202088 0.541518 0.508501
30  3.859438 -0.132759 1.193066  0.469647 -0.013262 -1.872395
31  1.312559 0.000027 -0.000001  0.024060 -0.138696 -0.550187
32  0.729346 0.000064 -0.000027  -0.166197 -0.081570 -0.714272
33  3.942046 0.050140 0.431002  0.225309 -0.086237 -1.592712
34  1.539097 0.000006 -0.000001  0.035254 -0.050373 -0.994350
35  1.196299 0.000078 -0.000004  -0.021521 0.002175 -0.839738
36  3.883414 -0.050472 -0.431082  0.184824 -0.271737 -1.204030
37  1.719565 -0.000085 -0.000005  0.022858 -0.107186 -1.509108
38  1.209196 0.000036 0.000011  0.000661 0.071072 -0.480462
39  3.859588 -0.149082 -1.331319  -0.080472 0.327601 -0.061665
40  1.719413 -0.000098 -0.000035  0.097557 0.060679 -0.377229
41  1.099674 0.000023 0.000008  -0.014718 0.004685 0.056982
42  0.805984 -0.359847 -1.318337  0.991670 0.166767 -0.799527
43  1.789780 -0.000008 -0.000042  0.000058 -0.002451 0.133098
44  1.206997 -0.000006 0.000005  0.000372 -0.000071 1.058780
45  5.740573 0.000080 0.000721  0.087280 -0.000014 0.000028
46  11.481046 0.000087 0.000915  0.046917 0.100509 0.068209
47  6.027515 -0.000273 -0.000229  -0.977705 -0.529745 -1.477987
48  -0.000001 11.691977 -0.000008  -1.013004 0.460715 0.799858
49  0.000003 0.000001 -0.000000  2.618569 -0.000036 1.570860
50  -0.000008 -0.000012 0.000004  2.272645 -0.000036 1.570861
51  -4.144706 -5.395333 -8.601055  -0.112298 -2.980045 1.444363
52  -0.000000 -0.000000 -0.000000  0.008153 -0.000259 0.000009
53  -0.000000 0.000000 0.000001  1.565115 0.043565 -0.106862
54  5.516232 -11.688024 -6.631157  0.591826 -0.450329 -2.136267
55  0.000000 -0.000000 -0.000001  0.000000 -0.000001 -0.000002
56  0.000030 0.000028 0.000000  -1.571901 -0.044449 -0.106509
57  18.907324 1.256668 -10.607538  1.570796 -0.000000 0.000000
58  -16.319784 5.039393 -18.063972  1.570796 -0.000000 0.000000
59  0.874392 5.698642 -7.028192  1.570796 -0.000000 0.000000
60  -0.004311 0.001230 -0.000371  0.006898 -0.005534 -0.284229
61  0.826810 11.578514 -4.219014  1.570796 -0.000000 0.000000
62  0.000000 0.000000 0.000000  -0.078727 -3.136056 0.284226
63  0.000000 0.000000 0.000000  1.580578 0.013634 -0.001392
64  -2.883417 -9.552601 -3.437373  1.570569 0.049010 0.067862
65  0.042352 -2.889250 0.627701  -0.000000 0.000000 0.000000
66  0.042352 -0.907087 1.190369  -0.000000 0.000000 0.000000
67  -1.331044 -1.025121 4.361373  -0.000000 0.000000 0.000000
68  0.042353 -0.884530 23.199608  -0.000000 0.000000 0.000000
69  0.042255 0.181228 5.671384  -0.000000 0.000000 0.000000
70  0.000096 0.089185 -9.714657  -0.000000 0.000000 0.000000
71  0.042352 -0.569288 7.155124  -0.000000 0.000000 0.000000
72  -0.682762 -1.501892 3.214539  -0.000000 0.000000 0.000000
73  0.074278 -0.628098 4.762588  -0.000000 0.000000 0.000000
74  -2.761949 -14.262523 -7.528680  1.570569 0.049010 0.067862
75  0.049720 3.702452 -1.381208  -0.000393 3.115337 1.533383
76  2.923889 1.668562 -1.111006  -0.000000 0.000000 0.000000
77  2.403706 0.735786 -1.373331  -0.003432 -0.000433 -0.119026
78  0.000000 0.000000 -0.000001  -0.005106 0.785817 0.810366
79  0.000001 0.440762 -0.000001  0.614705 -0.535515 -0.957744
80  -0.000000 0.430558 -0.000000  0.000480 0.015991 0.031202
81  -0.000000 0.438247 0.000000  0.007747 -0.007729 0.022729
82  -0.000000 0.433551 0.000002  0.004778 0.106379 0.135129
83  -0.000000 0.454268 0.000001  -0.019303 0.219431 0.244863
84  0.000001 0.438146 0.000000  -0.071810 0.222189 0.211057
85  -0.000000 0.444415 0.000001  -0.489007 0.746274 0.298827
86  0.000002 0.422927 0.000000  -0.303805 0.304528 0.006288
87  -0.000002 0.426508 -0.000000  -0.032454 -2.861874 0.012764
88  -0.000000 0.432947 0.000000  0.199726 -1.832168 -0.212827
time 160
0  0.000006 0.000000 0.000000  -1.570800 -1.391899 -1.570792
1  -7.724936 -3.229598 0.439961  -1.544956 -1.855077 -0.198630
2  6.027517 -0.000330 0.000191  -1.619543 -0.943131 0.072814
3  11.692108 0.000646 -0.000739  -1.084559 -0.000018 -1.390740
4  11.479917 0.000397 -0.000819  1.483347 -0.227061 -0.001158
5  3.859503 -0.142824 -1.192079  -0.668827 0.291073 -0.642214
6  1.312591 0.000011 0.000007  -0.133086 0.017550 0.048030
7  0.729354 0.000053 0.000048  -0.002087 -0.000433 -0.089171
8  3.942141 0.046330 -0.431541  -0.283959 0.375723 -0.394225
9  1.539109 0.000081 0.000004  -0.108508 -0.051812 -0.228203
10  1.196333 0.000148 0.000028  0.008932 0.002995 -0.356406
11  3.883512 -0.047212 0.431351  -0.059250 0.483167 0.059638
12  1.719573 -0.000029 0.000017  -0.027920 -0.080648 -0.628262
13  1.209181 0.000091 0.000012  -0.010801 0.000390 -0.189570
14  4.085235 -0.082654 1.151010  0.108109 0.180080 0.250638
15  1.719451 -0.000019 0.000029  0.000830 -0.077639 -0.561124
16  1.099673 0.000048 0.000005  0.014906 0.080802 -0.198770
17  1.059883 -1.545940 0.873877  -0.960113 -0.605569 -0.202123
18  1.789819 -0.000005 -0.000018  -0.007101 -0.083119 -0.081426
19  1.207015 -0.000015 -0.000043  -0.150375 -0.123940 0.190224
20  5.740637 0.000389 -0.000699  -0.016847 0.000003 0.000064
21  11.480993 0.000255 -0.000816  -0.012832 -0.024401 -0.013059
22  6.027524 -0.000329 0.000200  2.093577 -0.364959 2.198030
23  -0.000001 11.692100 -0.000007  -0.964320 -0.416736 -0.767828
24  0.000002 0.000007 -0.000000  -0.215464 -0.000031 1.570739
25  -0.000000 -0.000012 0.000000  0.868960 0.000002 1.570712
26  -6.212011 -10.642979 0.826812  1.473120 1.855075 -0.198639
27  6.027511 -0.000260 -0.000220  1.459450 0.823514 -0.555213
28  11.691992 0.000160 0.000858  0.346035 0.000044 -1.449573
29  11.480702 0.000179 0.000809  -1.176357 0.535293 0.552988
30  3.859437 -0.132758 1.193065  0.469647 -0.013262 -1.872395
31  1.312559 0.000026 -0.000001  0.024060 -0.138696 -0.550187
32  0.729345 0.000065 -0.000027  -0.166197 -0.081570 -0.714272
33  3.942047 0.050139 0.431000  0.225309 -0.086237 -1.592712
34  1.539097 0.000006 0.000001  0.035254 -0.050373 -0.994350
35  1.196300 0.000078 -0.000005  -0.021521 0.002175 -0.839738
36  3.883413 -0.050472 -0.431084  0.184824 -0.271737 -1.204030
37  1.719564 -0.000084 -0.000005  0.022859 -0.107186 -1.509108
38  1.209197 0.000036 0.000011  0.000661 0.071072 -0.480462
39  3.859587 -0.149082 -1.331321  -0.074307 0.319337 -0.032233
40  1.719413 -0.000098 -0.000035  0.093576 0.064017 -0.438897
41  1.099674 0.000024 0.000007  -0.014822 0.004026 0.010202
42  0.805983 -0.359847 -1.318339  0.991670 0.166767 -0.799527
43  1.789780 -0.000009 -0.000043  0.000058 -0.002451 0.133098
44  1.206997 -0.000008 0.000006  0.000372 -0.000071 1.058780
45  5.740575 0.000080 0.000721  0.091586 -0.000014 0.000028
46  11.481085 0.000110 0.000907  0.050278 0.101424 0.075562
47  6.027515 -0.000273 -0.000229  -1.003847 -0.516457 -1.466428
48  -0.000002 11.691978 -0.000005  -0.999450 0.448288 0.791099
49  0.000002 0.000001 -0.000000  2.618569 -0.000036 1.570860
50  -0.000008 -0.000013 0.000006  2.272645 -0.000036 1.570861
51  -3.932981 -5.583687 -8.463980  -0.107314 -3.015159 1.435267
52  0.000001 0.000000 0.000001  0.008153 -0.000259 0.000009
53  -0.000001 0.000000 0.000000  1.565115 0.043565 -0.106862
54  5.178489 -13.229095 -8.048834  0.181872 -0.256389 -2.099052
55  0.000001 0.000001 0.000001  0.000000 -0.000001 -0.000002
56  0.000031 0.000030 0.000001  -1.571902 -0.044449 -0.106509
57  17.353090 -2.168365 -11.375139  1.570796 -0.000000 0.000000
58  -16.319784 5.039393 -18.063972  1.570796 -0.000000 0.000000
59  0.444271 4.552292 -7.028192  1.570796 -0.000000 0.000000
60  -0.004311 0.001230 -0.000371  0.006898 -0.005534 -0.284229
61  0.826810 11.578514 -4.219014  1.570796 -0.000000 0.000000
62  0.000000 0.000000 0.000000  -0.078727 -3.136056 0.284226
63  0.000000 0.000000 0.000000  1.580459 0.011194 -0.001438
64  -2.755616 -9.925348 -3.433957  1.604088 0.037352 0.060928
65  0.042352 -2.889250 0.627700  -0.000000 0.000000 0.000000
66  0.042352 -0.907087 1.190369  -0.000000 0.000000 0.000000
67  -1.331044 -1.025122 4.361372  -0.000000 0.000000 0.000000
68  0.042353 -0.884530 23.199604  -0.000000 0.000000 0.000000
69  0.042255 0.181228 5.671384  -0.000000 0.000000 0.000000
70  0.000096 0.089185 -9.714656  -0.000000 0.000000 0.000000
71  0.042352 -0.569288 7.155125  -0.000000 0.000000 0.000000
72  -0.682762 -1.501893 3.214540  -0.000000 0.000000 0.000000
73  0.074278 -0.628098 4.762587  -0.000000 0.000000 0.000000
74  -2.633506 -14.493792 -7.682643  1.604088 0.037352 0.060928
75  0.048693 3.702763 -1.381918  -0.000112 3.115334 1.544067
76  2.923889 1.668561 -1.111005  -0.000000 0.000000 0.000000
77  2.443977 0.727175 -1.376542  -0.002181 -0.002356 -0.034982
78  -0.000000 -0.000000 -0.000001  -0.004890 0.784421 0.788497
79  -0.000000 0.440764 -0.000001  0.623775 -0.526556 -0.974087
80  0.000000 0.430557 -0.000001  0.001442 0.011151 0.014400
81  -0.000000 0.438247 -0.000001  0.004830 -0.003419 0.007659
82  -0.000000 0.433550 -0.000000  0.005223 0.105310 0.120146
83  0.000000 0.454268 -0.000001  -0.018720 0.221323 0.233191
84  -0.000000 0.438145 -0.000000  -0.067719 0.216526 0.203067
85  -0.000000 0.444414 0.000001  -0.486749 0.755976 0.298664
86  -0.000000 0.422926 -0.000000  -0.307777 0.303287 0.006094
87  0.000000 0.426508 -0.000000  -0.020474 -2.862794 0.009955
88  -0.000003 0.432947 -0.000000  0.126450 -1.829667 -0.138483
time 161
0  0.000006 0.000000 0.000000  -1.570800 -1.391899 -1.570792
1  -7.476449 -1.855449 -0.083995  -1.544956 -1.855077 -0.198630
2  6.027518 -0.000329 0.000191  -1.512166 -0.918201 -0.078123
3  11.692106 0.000644 -0.000739  -1.216966 -0.000019 -1.412787
4  11.479794 0.000479 -0.000823  1.365121 -0.213767 0.040077
5  3.859501 -0.142824 -1.192079  -0.657001 0.334315 -0.571602
6  1.312590 0.000009 0.000007  -0.133989 0.024578 0.067729
7  0.729356 0.000054 0.000049  -0.002964 0.000150 -0.138547
8  3.942140 0.046331 -0.431542  -0.278205 0.379986 -0.386874
9  1.539111 0.000085 0.000004  -0.116687 -0.028464 -0.119826
10  1.196335 0.000147 0.000029  0.007184 0.003539 -0.453025
11  3.883509 -0.047212 0.431351  -0.037021 0.497009 0.094891
12  1.719571 -0.000030 0.000017  -0.022288 -0.079655 -0.687289
13  1.209179 0.000089 0.000013  -0.011103 -0.000895 -0.290989
14  4.085233 -0.082653 1.151009  0.109321 0.151806 0.266331
15  1.719448 -0.000018 0.000028  -0.000013 -0.068515 -0.561198
16  1.099673 0.000047 0.000006  0.002201 0.081730 -0.348256
17  1.059880 -1.545940 0.873876  -0.961345 -0.650799 -0.200196
18  1.789820 -0.000003 -0.000017  -0.004705 -0.092725 -0.056342
19  1.207016 -0.000012 -0.000042  -0.135204 -0.114369 0.177922
20  5.740635 0.000388 -0.000698  -0.040272 0.000003 0.000063
21  11.480970 0.000272 -0.000816  -0.035852 -0.023077 -0.008225
22  6.027524 -0.000330 0.000200  2.076536 -0.431925 2.139864
23  0.000000 11.692099 -0.000007  -0.977545 -0.428484 -0.776638
24  0.000004 0.000007 -0.000001  -0.347870 -0.000031 1.570739
25  0.000001 -0.000011 0.000001  0.868960 0.000002 1.570712
26  -6.212011 -10.642979 0.826812  1.473120 1.855075 -0.198639
27  6.027511 -0.000260 -0.000220  1.459308 0.848376 -0.558025
28  11.691992 0.000160 0.000858  0.346034 0.000042 -1.421819
29  11.479639 -0.000340 0.000994  -1.177473 0.530814 0.576876
30  3.859438 -0.132759 1.193065  0.469647 -0.013262 -1.872395
31  1.312559 0.000025 -0.000000  0.024060 -0.138696 -0.550187
32  0.729345 0.000065 -0.000028  -0.166197 -0.081570 -0.714272
33  3.942046 0.050138 0.431001  0.225309 -0.086237 -1.592712
34  1.539096 0.000006 -0.000001  0.035254 -0.050373 -0.994350
35  1.196300 0.000079 -0.000004  -0.021521 0.002175 -0.839738
36  3.883413 -0.050472 -0.431084  0.184824 -0.271737 -1.204030
37  1.719563 -0.000085 -0.000004  0.022859 -0.107186 -1.509108
38  1.209198 0.000035 0.000011  0.000661 0.071072 -0.480462
39  3.859588 -0.149082 -1.331321  -0.058306 0.292369 0.053491
40  1.719413 -0.000099 -0.000037  0.080041 0.071998 -0.623568
41  1.099673 0.000024 0.000007  -0.014915 0.002009 -0.128629
42  0.805983 -0.359848 -1.318338  0.991670 0.166767 -0.799527
43  1.789780 -0.000008 -0.000043  0.000058 -0.002451 0.133098
44  1.206997 -0.000006 0.000005  0.000372 -0.000071 1.058780
45  5.740573 0.000078 0.000721  0.090862 -0.000014 0.000028
46  11.480871 0.000006 0.000944  0.049421 0.101080 0.080443
47  6.027515 -0.000273 -0.000229  -1.026315 -0.501188 -1.458188
48  -0.000002 11.691975 -0.000007  -0.982884 0.433297 0.780248
49  0.000002 0.000000 0.000000  2.618569 -0.000036 1.570860
50  -0.000007 -0.000013 0.000005  2.272645 -0.000036 1.570861
51  -3.799977 -5.806738 -8.335591  -0.119600 -3.035988 1.425796
52  -0.000001 -0.000000 0.000000  0.008153 -0.000259 0.000009
53  -0.000000 -0.000000 0.000001  1.565115 0.043565 -0.106862
54  4.595102 -14.464082 -9.147308  -0.145063 -0.163795 -2.099908
55  -0.000000 0.000001 -0.000000  0.000000 -0.000001 -0.000002
56  0.000029 0.000030 0.000001  -1.571901 -0.044449 -0.106509
57  15.642675 -5.230379 -12.295902  1.570796 -0.000000 0.000000
58  -16.319784 5.039393 -18.063972  1.570796 -0.000000 0.000000
59  -0.079684 3.155858 -7.028192  1.570796 -0.000000 0.000000
60  -0.004311 0.001230 -0.000371  0.006898 -0.005534 -0.284229
61  0.826810 11.578514 -4.219014  1.570796 -0.000000 0.000000
62  0.000000 0.000000 0.000000  -0.078727 -3.136056 0.284226
63  0.000000 0.000000 0.000000  1.580228 0.007597 -0.001461
64  -2.624941 -10.272323 -3.414699  1.626916 0.045262 0.050978
65  0.042352 -2.889250 0.627701  -0.000000 -0.000000 -0.000000
66  0.042352 -0.907088 1.190368  -0.000000 -0.000000 -0.000000
67  -1.331044 -1.025122 4.361372  -0.000000 -0.000000 -0.000000
68  0.042353 -0.884530 23.199610  -0.000000 -0.000000 -0.000000
69  0.042255 0.181228 5.671383  -0.000000 -0.000000 -0.000000
70  0.000096 0.089185 -9.714659  -0.000000 -0.000000 -0.000000
71  0.042352 -0.569288 7.155124  -0.000000 -0.000000 -0.000000
72  -0.682762 -1.501893 3.214539  -0.000000 -0.000000 -0.000000
73  0.074278 -0.628098 4.762588  -0.000000 -0.000000 -0.000000
74  -2.591515 -14.745595 -7.765059  1.626916 0.045262 0.050978
75  0.048471 3.702884 -1.382188  0.000000 3.115334 1.548341
76  2.923889 1.668561 -1.111007  -0.000000 -0.000000 -0.000000
77  2.470070 0.711694 -1.382190  -0.001655 -0.002946 -0.000060
78  -0.000000 -0.000001 -0.000001  -0.004593 0.783941 0.781554
79  -0.000001 0.440761 -0.000000  0.625606 -0.525055 -0.976917
80  -0.000000 0.430558 -0.000001  0.001828 0.009355 0.009438
81  -0.000000 0.438247 0.000003  0.003716 -0.001551 0.001029
82  -0.000000 0.433550 0.000002  0.005512 0.105074 0.111318
83  -0.000000 0.454268 0.000000  -0.017847 0.222189 0.223929
84  0.000001 0.438146 -0.000001  -0.064171 0.214184 0.195086
85  -0.000000 0.444415 0.000000  -0.482215 0.759377 0.296701
86  -0.000002 0.422926 0.000001  -0.308045 0.303002 0.005925
87  0.000001 0.426508 -0.000000  -0.012094 -2.862958 0.007385
88  -0.000000 0.432947 0.000001  0.066919 -1.828287 -0.076062
time 162
0  0.000006 0.000000 0.000000  -1.570800 -1.391899 -1.570792
1  -7.227961 -0.481301 -0.607950  -1.544956 -1.855077 -0.198630
2  6.027517 -0.000328 0.000191  -1.430734 -0.909954 -0.269090
3  11.692106 0.000645 -0.000739  -1.208189 -0.000023 -1.453441
4  11.479443 0.000401 -0.001011  1.164559 -0.277156 0.099618
5  3.859504 -0.142823 -1.192080  -0.669259 0.307418 -0.638296
6  1.312589 0.000009 0.000009  -0.134128 0.023424 0.054355
7  0.729355 0.000055 0.000049  -0.003764 -0.000473 -0.151535
8  3.942142 0.046330 -0.431543  -0.290372 0.377613 -0.431169
9  1.539112 0.000085 0.000004  -0.112013 -0.032719 -0.159446
10  1.196333 0.000143 0.000029  0.006892 0.003791 -0.522962
11  3.883512 -0.047212 0.431351  -0.046006 0.514483 0.061782
12  1.719571 -0.000029 0.000016  -0.015980 -0.078129 -0.754278
13  1.209178 0.000087 0.000011  -0.011286 -0.002388 -0.406574
14  4.085236 -0.082654 1.151008  0.109017 0.180320 0.247818
15  1.719449 -0.000019 0.000028  -0.000969 -0.058182 -0.561301
16  1.099676 0.000049 0.000006  -0.012362 0.080458 -0.519837
17  1.059882 -1.545939 0.873876  -0.956855 -0.655021 -0.212018
18  1.789818 -0.000002 -0.000018  -0.005531 -0.087656 0.015455
19  1.207015 -0.000014 -0.000043  -0.113448 -0.099911 0.146531
20  5.740636 0.000389 -0.000700  -0.083674 0.000003 0.000064
21  11.480900 0.000258 -0.000855  -0.073382 -0.039348 -0.004423
22  6.027524 -0.000329 0.000200  2.048622 -0.475622 2.025645
23  -0.000002 11.692097 -0.000006  -1.001820 -0.450420 -0.792558
24  0.000003 0.000007 -0.000000  -0.339092 -0.000031 1.570739
25  -0.000001 -0.000012 0.000000  0.868960 0.000002 1.570712
26  -6.212011 -10.642979 0.826812  1.473120 1.855075 -0.198639
27  6.027512 -0.000260 -0.000220  1.462992 0.870085 -0.558594
28  11.691993 0.000159 0.000859  0.346034 0.000040 -1.395740
29  11.479776 -0.000273 0.000970  -1.196392 0.528857 0.588051
30  3.859438 -0.132759 1.193064  0.469647 -0.013262 -1.872395
31  1.312559 0.000024 -0.000001  0.024060 -0.138696 -0.550187
32  0.729345 0.000064 -0.000028  -0.166197 -0.081570 -0.714272
33  3.942047 0.050138 0.430999  0.225309 -0.086237 -1.592712
34  1.539096 0.000006 -0.000001  0.035254 -0.050373 -0.994350
35  1.196301 0.000077 -0.000004  -0.021521 0.002175 -0.839738
36  3.883414 -0.050473 -0.431086  0.184824 -0.271737 -1.204030
37  1.719564 -0.000084 -0.000004  0.022858 -0.107186 -1.509108
38  1.209199 0.000034 0.000012  0.000661 0.071072 -0.480462
39  3.859588 -0.149083 -1.331323  -0.041245 0.246527 0.176321
40  1.719413 -0.000098 -0.000036  0.056684 0.077579 -0.897855
41  1.099673 0.000023 0.000008  -0.014443 -0.001037 -0.333253
42  0.805984 -0.359848 -1.318340  0.991670 0.166767 -0.799527
43  1.789780 -0.000008 -0.000042  0.000058 -0.002451 0.133098
44  1.206997 -0.000007 0.000005  0.000372 -0.000071 1.058780
45  5.740572 0.000079 0.000720  0.087018 -0.000014 0.000028
46  11.480898 0.000019 0.000939  0.045641 0.100079 0.083799
47  6.027515 -0.000273 -0.000229  -1.043880 -0.485768 -1.453227
48  -0.000002 11.691978 -0.000007  -0.967259 0.419361 0.769873
49  0.000002 -0.000000 -0.000001  2.618569 -0.000036 1.570860
50  -0.000007 -0.000012 0.000005  2.272645 -0.000036 1.570861
51  -3.724390 -6.017570 -8.202589  -0.142867 -3.045660 1.416411
52  -0.000000 -0.000000 -0.000000  0.008153 -0.000259 0.000009
53  -0.000000 -0.000000 -0.000001  1.565115 0.043565 -0.106862
54  3.440969 -15.476534 -9.681156  -0.463250 -0.141632 -2.066762
55  0.000000 0.000000 0.000000  0.000000 -0.000001 -0.000002
56  0.000030 0.000028 0.000001  -1.571901 -0.044449 -0.106509
57  13.336632 -8.465423 -13.595814  1.570796 -0.000000 0.000000
58  -16.319784 5.039393 -18.063972  1.570796 -0.000000 0.000000
59  -0.603639 1.759423 -7.028192  1.570796 -0.000000 0.000000
60  -0.004311 0.001230 -0.000371  0.006898 -0.005534 -0.284229
61  0.826810 11.578514 -4.219014  1.570796 -0.000000 0.000000
62  0.000000 0.000000 0.000000  -0.078727 -3.136056 0.284226
63  0.000000 0.000000 0.000000  1.579846 0.003230 -0.001406
64  -2.497529 -10.560744 -3.366090  1.640916 0.066096 0.040031
65  0.042352 -2.889250 0.627699  0.000000 -0.000000 -0.000000
66  0.042352 -0.907088 1.190368  0.000000 -0.000000 -0.000000
67  -1.331044 -1.025122 4.361372  0.000000 -0.000000 -0.000000
68  0.042354 -0.884531 23.199602  0.000000 -0.000000 -0.000000
69  0.042256 0.181227 5.671381  0.000000 -0.000000 -0.000000
70  0.000096 0.089184 -9.714658  0.000000 -0.000000 -0.000000
71  0.042352 -0.569288 7.155124  0.000000 -0.000000 -0.000000
72  -0.682762 -1.501893 3.214538  0.000000 -0.000000 -0.000000
73  0.074279 -0.628099 4.762586  0.000000 -0.000000 -0.000000
74  -2.610143 -14.976553 -7.773455  1.640916 0.066096 0.040031
75  0.061994 3.699449 -1.381069  -0.009251 3.111099 1.520790
76  2.923889 1.668561 -1.111006  0.000000 -0.000000 -0.000000
77  2.482551 0.684327 -1.391059  -0.002203 -0.002632 0.000888
78  0.000000 0.000000 0.000000  -0.004831 0.784549 0.782332
79  -0.000001 0.440763 0.000000  0.625527 -0.524073 -0.977545
80  0.000000 0.430559 0.000000  0.001682 0.009836 0.008730
81  -0.000000 0.438246 -0.000002  0.003818 -0.001070 0.000607
82  -0.000000 0.433549 0.000000  0.005902 0.105515 0.111220
83  0.000000 0.454268 0.000000  -0.017102 0.222478 0.223979
84  0.000000 0.438146 -0.000001  -0.062923 0.214244 0.194803
85  0.000001 0.444414 0.000000  -0.479270 0.758823 0.297426
86  -0.000001 0.422926 0.000001  -0.302711 0.302251 0.007125
87  0.000002 0.426508 0.000000  -0.020333 -2.864080 0.010787
88  0.000001 0.432947 -0.000001  0.105820 -1.830304 -0.118103
time 163
0  0.000006 0.000000 0.000000  -1.570800 -1.391899 -1.570792
1  -7.023975 0.646754 -1.038072  -1.544956 -1.855077 -0.198630
2  6.027519 -0.000327 0.000191  -1.322502 -0.944672 -0.572460
3  11.692109 0.000643 -0.000736  -1.184979 -0.000023 -1.475855
4  11.480669 0.000621 -0.000421  0.974318 -0.417100 0.189301
5  3.859503 -0.142823 -1.192079  -0.693927 0.219938 -0.832128
6  1.312591 0.000009 0.000009  -0.134446 0.020051 0.015392
7  0.729356 0.000055 0.000050  -0.004679 -0.002318 -0.161444
8  3.942140 0.046332 -0.431543  -0.325864 0.360002 -0.559129
9  1.539110 0.000082 0.000003  -0.097334 -0.044118 -0.276110
10  1.196333 0.000144 0.000028  0.006635 0.004022 -0.590793
11  3.883513 -0.047211 0.431352  -0.085660 0.536215 -0.040413
12  1.719572 -0.000028 0.000018  -0.009789 -0.076186 -0.821247
13  1.209179 0.000090 0.000012  -0.011296 -0.003893 -0.522159
14  4.085235 -0.082653 1.151009  0.105286 0.263138 0.190712
15  1.719451 -0.000017 0.000028  -0.001925 -0.047849 -0.561421
16  1.099676 0.000050 0.000005  -0.026490 0.076727 -0.691348
17  1.059883 -1.545938 0.873877  -0.944154 -0.652628 -0.240860
18  1.789819 -0.000005 -0.000019  -0.008454 -0.072713 0.169491
19  1.207015 -0.000012 -0.000043  -0.082999 -0.078041 0.090309
20  5.740636 0.000389 -0.000700  -0.133637 0.000003 0.000063
21  11.481143 0.000303 -0.000737  -0.104031 -0.073224 -0.000492
22  6.027524 -0.000330 0.000200  1.968948 -0.496989 1.846159
23  0.000004 11.692099 -0.000007  -1.015151 -0.462662 -0.801151
24  0.000002 0.000008 0.000002  -0.315880 -0.000031 1.570738
25  0.000001 -0.000012 0.000000  0.868960 0.000002 1.570712
26  -6.212011 -10.642979 0.826812  1.473120 1.855075 -0.198639
27  6.027512 -0.000261 -0.000219  1.470308 0.887021 -0.556667
28  11.691990 0.000160 0.000859  0.346033 0.000039 -1.377501
29  11.479881 -0.000223 0.000952  -1.224545 0.528884 0.594033
30  3.859437 -0.132758 1.193065  0.469647 -0.013262 -1.872395
31  1.312559 0.000025 -0.000000  0.024060 -0.138696 -0.550187
32  0.729346 0.000065 -0.000027  -0.166197 -0.081570 -0.714272
33  3.942046 0.050139 0.430999  0.225309 -0.086237 -1.592712
34  1.539097 0.000005 -0.000002  0.035254 -0.050373 -0.994350
35  1.196299 0.000078 -0.000005  -0.021521 0.002175 -0.839738
36  3.883413 -0.050472 -0.431085  0.184824 -0.271737 -1.204030
37  1.719564 -0.000084 -0.000004  0.022858 -0.107186 -1.509108
38  1.209198 0.000033 0.000011  0.000661 0.071072 -0.480462
39  3.859588 -0.149082 -1.331321  -0.033772 0.189990 0.298475
40  1.719411 -0.000098 -0.000036  0.030730 0.073698 -1.174220
41  1.099675 0.000024 0.000007  -0.013128 -0.004137 -0.541704
42  0.805983 -0.359848 -1.318339  0.991670 0.166767 -0.799527
43  1.789780 -0.000008 -0.000042  0.000058 -0.002451 0.133098
44  1.206996 -0.000008 0.000005  0.000372 -0.000071 1.058780
45  5.740573 0.000078 0.000720  0.081959 -0.000013 0.000028
46  11.480921 0.000028 0.000935  0.040242 0.098874 0.086602
47  6.027515 -0.000273 -0.000229  -1.055472 -0.471529 -1.451592
48  -0.000001 11.691975 -0.000008  -0.956294 0.409703 0.762513
49  0.000003 0.000000 -0.000000  2.618569 -0.000036 1.570860
50  -0.000007 -0.000014 0.000004  2.272645 -0.000036 1.570861
51  -3.688284 -6.170978 -8.048005  -0.171145 -3.047419 1.408069
52  -0.000000 -0.000000 -0.000000  0.008153 -0.000259 0.000009
53  -0.000000 0.000000 -0.000000  1.565115 0.043565 -0.106862
54  1.528438 -16.240866 -9.519507  -0.825767 -0.127256 -1.993115
55  0.000001 0.000001 0.000000  0.000000 -0.000001 -0.000002
56  0.000031 0.000029 0.000002  -1.571901 -0.044449 -0.106509
57  10.224394 -12.348884 -15.378120  1.570796 -0.000000 0.000000
58  -16.319784 5.039393 -18.063972  1.570796 -0.000000 0.000000
59  -1.033761 0.613073 -7.028192  1.570796 -0.000000 0.000000
60  -0.004311 0.001230 -0.000371  0.006898 -0.005534 -0.284229
61  0.826810 11.578514 -4.219014  1.570796 -0.000000 0.000000
62  0.000000 0.000000 0.000000  -0.078727 -3.136056 0.284226
63  0.000000 0.000000 0.000000  1.579275 -0.001524 -0.001224
64  -2.379517 -10.757835 -3.274619  1.648074 0.093383 0.029576
65  0.042352 -2.889250 0.627701  -0.000000 0.000000 0.000000
66  0.042352 -0.907087 1.190368  -0.000000 0.000000 0.000000
67  -1.331044 -1.025122 4.361372  -0.000000 0.000000 0.000000
68  0.042353 -0.884530 23.199608  -0.000000 0.000000 0.000000
69  0.042255 0.181228 5.671383  -0.000000 0.000000 0.000000
70  0.000096 0.089184 -9.714658  -0.000000 0.000000 0.000000
71  0.042352 -0.569288 7.155123  -0.000000 0.000000 0.000000
72  -0.682762 -1.501893 3.214539  -0.000000 0.000000 0.000000
73  0.074278 -0.628098 4.762588  -0.000000 0.000000 0.000000
74  -2.662252 -15.144151 -7.703752  1.648074 0.093383 0.029576
75  0.091743 3.691893 -1.378607  -0.030023 3.102679 1.459958
76  2.923889 1.668562 -1.111007  -0.000000 0.000000 0.000000
77  2.488960 0.649787 -1.401286  -0.004272 -0.002275 -0.000603
78  -0.000000 -0.000000 0.000000  -0.006551 0.786265 0.779620
79  -0.000001 0.440764 0.000002  0.627959 -0.517815 -0.985688
80  -0.000000 0.430559 0.000001  0.000942 0.010774 0.004455
81  -0.000000 0.438248 -0.000001  0.003944 -0.000134 0.001426
82  0.000000 0.433550 -0.000002  0.006912 0.106340 0.117185
83  0.000001 0.454267 0.000001  -0.016140 0.223130 0.233604
84  -0.000001 0.438146 0.000002  -0.063209 0.214793 0.203870
85  -0.000000 0.444415 0.000000  -0.478703 0.758689 0.303423
86  0.000000 0.422927 -0.000000  -0.293027 0.300071 0.010161
87  0.000000 0.426508 0.000000  -0.045648 -2.867381 0.020284
88  -0.000001 0.432947 -0.000000  0.245181 -1.840446 -0.266801
time 164
0  0.000006 0.000000 0.000000  -1.570800 -1.391899 -1.570792
1  -6.894403 1.363296 -1.311285  -1.544956 -1.855077 -0.198630
2  6.027521 -0.000325 0.000191  -1.198419 -0.980914 -0.850573
3  11.692108 0.000643 -0.000737  -1.161397 -0.000024 -1.479910
4  11.480631 0.000604 -0.000456  0.830225 -0.558747 0.247603
5  3.859503 -0.142824 -1.192078  -0.697714 0.084329 -1.111727
6  1.312589 0.000009 0.000007  -0.134671 0.015180 -0.040682
7  0.729355 0.000054 0.000049  -0.005583 -0.004979 -0.167769
8  3.942142 0.046332 -0.431542  -0.372094 0.325045 -0.741623
9  1.539110 0.000081 0.000004  -0.073851 -0.057463 -0.446068
10  1.196333 0.000148 0.000029  0.006435 0.004213 -0.649868
11  3.883512 -0.047211 0.431352  -0.149751 0.553106 -0.192167
12  1.719573 -0.000028 0.000017  -0.004454 -0.074135 -0.880224
13  1.209180 0.000093 0.000013  -0.011161 -0.005207 -0.623579
14  4.085235 -0.082653 1.151009  0.090769 0.382146 0.103952
15  1.719450 -0.000017 0.000029  -0.002770 -0.038728 -0.561540
16  1.099675 0.000049 0.000004  -0.038119 0.071556 -0.840663
17  1.059882 -1.545939 0.873877  -0.926439 -0.644596 -0.280382
18  1.789819 -0.000004 -0.000018  -0.009470 -0.050531 0.377213
19  1.207016 -0.000013 -0.000044  -0.049739 -0.050824 0.019953
20  5.740635 0.000389 -0.000700  -0.179945 0.000003 0.000064
21  11.481134 0.000300 -0.000745  -0.122848 -0.105932 -0.005238
22  6.027525 -0.000329 0.000200  1.879527 -0.511109 1.713163
23  0.000001 11.692099 -0.000007  -1.017557 -0.464888 -0.802694
24  0.000002 0.000008 0.000001  -0.292300 -0.000030 1.570739
25  0.000001 -0.000011 0.000001  0.868960 0.000002 1.570712
26  -6.212011 -10.642979 0.826812  1.473120 1.855075 -0.198639
27  6.027512 -0.000261 -0.000219  1.481039 0.897517 -0.552153
28  11.691994 0.000159 0.000857  0.346033 0.000039 -1.373339
29  11.479901 -0.000210 0.000948  -1.253349 0.530259 0.602631
30  3.859437 -0.132758 1.193065  0.469647 -0.013262 -1.872395
31  1.312559 0.000026 -0.000001  0.024060 -0.138696 -0.550187
32  0.729346 0.000064 -0.000028  -0.166197 -0.081570 -0.714273
33  3.942047 0.050139 0.431000  0.225309 -0.086237 -1.592712
34  1.539096 0.000006 -0.000001  0.035254 -0.050373 -0.994350
35  1.196301 0.000079 -0.000003  -0.021521 0.002175 -0.839738
36  3.883413 -0.050472 -0.431084  0.184824 -0.271737 -1.204030
37  1.719564 -0.000084 -0.000005  0.022858 -0.107186 -1.509108
38  1.209198 0.000034 0.000011  0.000661 0.071072 -0.480462
39  3.859588 -0.149082 -1.331321  -0.039439 0.135677 0.384265
40  1.719412 -0.000098 -0.000036  0.011472 0.061892 -1.364266
41  1.099674 0.000022 0.000007  -0.011445 -0.006395 -0.690872
42  0.805983 -0.359847 -1.318338  0.991670 0.166767 -0.799527
43  1.789779 -0.000009 -0.000042  0.000058 -0.002451 0.133097
44  1.206997 -0.000007 0.000005  0.000372 -0.000071 1.058780
45  5.740573 0.000079 0.000721  0.077626 -0.000014 0.000028
46  11.480925 0.000033 0.000934  0.034538 0.097911 0.089897
47  6.027515 -0.000273 -0.000229  -1.059962 -0.459721 -1.453417
48  -0.000003 11.691977 -0.000007  -0.953787 0.407509 0.760822
49  0.000003 -0.000000 -0.000000  2.618569 -0.000036 1.570860
50  -0.000007 -0.000013 0.000005  2.272645 -0.000036 1.570861
51  -3.673486 -6.223048 -7.854966  -0.198552 -3.044652 1.401475
52  0.000000 -0.000000 -0.000000  0.008153 -0.000259 0.000009
53  -0.000000 0.000000 0.000000  1.565115 0.043565 -0.106862
54  -0.162356 -16.619520 -8.957748  -1.105294 -0.106039 -1.925311
55  0.000001 -0.000001 -0.000000  0.000000 -0.000001 -0.000002
56  0.000030 0.000029 0.000000  -1.571901 -0.044449 -0.106509
57  7.670145 -15.371966 -16.908768  1.570796 -0.000000 0.000000
58  -16.319784 5.039393 -18.063972  1.570796 -0.000000 0.000000
59  -1.306974 -0.115090 -7.028192  1.570796 -0.000000 0.000000
60  -0.004311 0.001230 -0.000371  0.006898 -0.005534 -0.284229
61  0.826810 11.578514 -4.219014  1.570796 -0.000000 0.000000
62  0.000000 0.000000 0.000000  -0.078727 -3.136056 0.284226
63  0.000000 0.000000 0.000000  1.578475 -0.006278 -0.000947
64  -2.277046 -10.830816 -3.126776  1.650554 0.120694 0.020631
65  0.042352 -2.889250 0.627698  0.000000 -0.000000 0.000000
66  0.042352 -0.907087 1.190367  0.000000 -0.000000 0.000000
67  -1.331044 -1.025121 4.361372  0.000000 -0.000000 0.000000
68  0.042353 -0.884531 23.199602  0.000000 -0.000000 0.000000
69  0.042255 0.181228 5.671384  0.000000 -0.000000 0.000000
70  0.000095 0.089185 -9.714658  0.000000 -0.000000 0.000000
71  0.042352 -0.569288 7.155122  0.000000 -0.000000 0.000000
72  -0.682762 -1.501893 3.214538  0.000000 -0.000000 0.000000
73  0.074279 -0.628098 4.762588  0.000000 -0.000000 0.000000
74  -2.721306 -15.205904 -7.553757  1.650554 0.120694 0.020631
75  0.121492 3.684336 -1.376142  -0.051275 3.095538 1.398945
76  2.923889 1.668561 -1.111006  0.000000 -0.000000 0.000000
77  2.491322 0.620181 -1.409726  -0.006950 -0.002088 -0.002380
78  0.000000 -0.000001 0.000001  -0.009043 0.788307 0.776070
79  0.000001 0.440764 -0.000002  0.630344 -0.510864 -0.994757
80  0.000000 0.430558 0.000001  0.000034 0.011777 -0.000304
81  -0.000000 0.438248 0.000001  0.004196 0.000875 0.002449
82  -0.000000 0.433550 -0.000000  0.008296 0.107217 0.124102
83  -0.000000 0.454267 0.000001  -0.014774 0.223832 0.244823
84  -0.000000 0.438145 -0.000002  -0.063399 0.215511 0.214625
85  -0.000001 0.444415 -0.000002  -0.478334 0.758842 0.310663
86  0.000000 0.422926 -0.000000  -0.283407 0.297765 0.013485
87  -0.000001 0.426508 -0.000000  -0.072072 -2.871172 0.029595
88  -0.000002 0.432947 -0.000000  0.378975 -1.857019 -0.408790
time 165
0  0.000006 0.000000 0.000000  -1.570800 -1.391899 -1.570792
1  -6.850994 1.603351 -1.402817  -1.544956 -1.855077 -0.198630
2  6.027522 -0.000325 0.000191  -1.144813 -0.997443 -0.960579
3  11.692106 0.000644 -0.000737  -1.152286 -0.000024 -1.484361
4  11.480595 0.000589 -0.000481  0.771227 -0.616627 0.270426
5  3.859502 -0.142822 -1.192079  -0.663897 -0.047389 -1.389911
6  1.312590 0.000011 0.000008  -0.134623 0.010305 -0.096752
7  0.729355 0.000054 0.000051  -0.006320 -0.007640 -0.170842
8  3.942140 0.046332 -0.431542  -0.410317 0.281941 -0.919788
9  1.539109 0.000080 0.000003  -0.048428 -0.066644 -0.616411
10  1.196333 0.000146 0.000029  0.006305 0.004351 -0.693220
11  3.883509 -0.047211 0.431352  -0.217073 0.558140 -0.346092
12  1.719572 -0.000029 0.000018  -0.000476 -0.072363 -0.925159
13  1.209180 0.000089 0.000013  -0.010971 -0.006189 -0.700399
14  4.085234 -0.082652 1.151009  0.063831 0.499160 0.010177
15  1.719446 -0.000018 0.000028  -0.003416 -0.031754 -0.561637
16  1.099675 0.000048 0.000006  -0.046253 0.066582 -0.952454
17  1.059880 -1.545938 0.873877  -0.909432 -0.634349 -0.318692
18  1.789818 -0.000004 -0.000019  -0.006354 -0.028609 0.577523
19  1.207013 -0.000014 -0.000043  -0.021752 -0.024453 -0.045672
20  5.740637 0.000388 -0.000699  -0.201550 0.000003 0.000064
21  11.481125 0.000297 -0.000751  -0.129547 -0.119179 -0.008600
22  6.027525 -0.000329 0.000200  1.840823 -0.512279 1.666908
23  0.000003 11.692099 -0.000006  -1.020199 -0.467334 -0.804379
24  0.000001 0.000009 -0.000000  -0.283187 -0.000030 1.570739
25  0.000000 -0.000012 0.000000  0.868960 0.000002 1.570712
26  -6.212011 -10.642979 0.826812  1.473120 1.855075 -0.198639
27  6.027512 -0.000261 -0.000219  1.494176 0.902617 -0.545766
28  11.691993 0.000160 0.000857  0.346033 0.000040 -1.383820
29  11.479842 -0.000241 0.000959  -1.274572 0.532801 0.619358
30  3.859438 -0.132759 1.193066  0.469647 -0.013262 -1.872395
31  1.312560 0.000025 -0.000000  0.024060 -0.138696 -0.550187
32  0.729346 0.000063 -0.000027  -0.166197 -0.081570 -0.714272
33  3.942046 0.050138 0.431001  0.225309 -0.086237 -1.592712
34  1.539097 0.000006 -0.000001  0.035254 -0.050373 -0.994350
35  1.196301 0.000079 -0.000004  -0.021521 0.002175 -0.839738
36  3.883414 -0.050472 -0.431084  0.184824 -0.271737 -1.204030
37  1.719563 -0.000084 -0.000004  0.022859 -0.107186 -1.509108
38  1.209199 0.000036 0.000012  0.000661 0.071072 -0.480462
39  3.859589 -0.149082 -1.331321  -0.054483 0.091691 0.417691
40  1.719413 -0.000098 -0.000036  0.001161 0.047948 -1.433428
41  1.099673 0.000024 0.000007  -0.010044 -0.007632 -0.752485
42  0.805984 -0.359848 -1.318338  0.991670 0.166767 -0.799527
43  1.789779 -0.000009 -0.000042  0.000058 -0.002451 0.133097
44  1.206997 -0.000006 0.000005  0.000372 -0.000071 1.058780
45  5.740573 0.000079 0.000721  0.075681 -0.000014 0.000028
46  11.480913 0.000025 0.000937  0.029841 0.097632 0.094290
47  6.027515 -0.000273 -0.000229  -1.058830 -0.450147 -1.457819
48  -0.000002 11.691977 -0.000007  -0.960096 0.413040 0.765072
49  0.000003 0.000000 -0.000001  2.618569 -0.000036 1.570860
50  -0.000006 -0.000013 0.000005  2.272645 -0.000036 1.570861
51  -3.657006 -6.168595 -7.615382  -0.219322 -3.040756 1.395976
52  0.000000 0.000000 0.000001  0.008153 -0.000259 0.000009
53  0.000001 -0.000000 0.000000  1.565115 0.043565 -0.106862
54  -0.812071 -16.660294 -8.543242  -1.209915 -0.099363 -1.904443
55  0.000001 -0.000000 -0.000000  0.000000 -0.000001 -0.000002
56  0.000031 0.000029 0.000001  -1.571902 -0.044449 -0.106509
57  6.772714 -16.435024 -17.573372  1.570796 -0.000000 0.000000
58  -16.319784 5.039393 -18.063972  1.570796 -0.000000 0.000000
59  -1.398505 -0.359038 -7.028192  1.570796 -0.000000 0.000000
60  -0.004311 0.001230 -0.000371  0.006898 -0.005534 -0.284229
61  0.826810 11.578514 -4.219014  1.570796 -0.000000 0.000000
62  0.000000 0.000000 0.000000  -0.078727 -3.136056 0.284226
63  0.000000 0.000000 0.000000  1.577408 -0.010647 -0.000608
64  -2.196252 -10.785738 -2.915858  1.650610 0.141726 0.013089
65  0.042352 -2.889250 0.627698  -0.000000 0.000000 0.000000
66  0.042352 -0.907088 1.190365  -0.000000 0.000000 0.000000
67  -1.331044 -1.025122 4.361370  -0.000000 0.000000 0.000000
68  0.042353 -0.884531 23.199602  -0.000000 0.000000 0.000000
69  0.042255 0.181228 5.671382  -0.000000 0.000000 0.000000
70  0.000096 0.089185 -9.714655  -0.000000 0.000000 0.000000
71  0.042352 -0.569288 7.155122  -0.000000 0.000000 0.000000
72  -0.682762 -1.501893 3.214537  -0.000000 0.000000 0.000000
73  0.074278 -0.628098 4.762584  -0.000000 0.000000 0.000000
74  -2.766508 -15.158318 -7.330862  1.650610 0.141726 0.013089
75  0.135014 3.680901 -1.375023  -0.061061 3.092727 1.371192
76  2.923889 1.668561 -1.111007  -0.000000 0.000000 0.000000
77  2.491659 0.607623 -1.413235  -0.008315 -0.002050 -0.003149
78  0.000000 -0.000001 0.000001  -0.010365 0.789310 0.774359
79  0.000000 0.440763 -0.000001  0.631352 -0.507609 -0.998985
80  -0.000000 0.430558 -0.000004  -0.000417 0.012248 -0.002554
81  -0.000000 0.438247 0.000000  0.004350 0.001353 0.002909
82  -0.000000 0.433550 0.000001  0.009030 0.107625 0.127348
83  -0.000000 0.454268 0.000001  -0.014018 0.224149 0.250131
84  -0.000001 0.438145 -0.000001  -0.063384 0.215856 0.219751
85  -0.000000 0.444415 0.000001  -0.478096 0.758948 0.314194
86  0.000000 0.422926 0.000000  -0.279017 0.296680 0.015056
87  0.000000 0.426508 0.000000  -0.084206 -2.873039 0.033717
88  -0.000001 0.432947 -0.000000  0.434798 -1.866413 -0.467991
time 166
0  0.000006 0.000000 0.000000  -1.570800 -1.391899 -1.570792
1  -6.850994 1.603351 -1.402817  -1.544956 -1.855077 -0.198630
2  6.027522 -0.000325 0.000191  -1.151201 -0.999402 -0.961010
3  11.692106 0.000643 -0.000738  -1.152287 -0.000025 -1.515360
4  11.480334 0.000522 -0.000628  0.759019 -0.634659 0.288771
5  3.859503 -0.142824 -1.192079  -0.621020 -0.128329 -1.580510
6  1.312590 0.000006 0.000005  -0.134429 0.006923 -0.135707
7  0.729354 0.000054 0.000050  -0.006775 -0.009491 -0.171812
8  3.942142 0.046330 -0.431542  -0.431415 0.248569 -1.039864
9  1.539111 0.000083 0.000002  -0.030192 -0.070395 -0.733760
10  1.196331 0.000146 0.000029  0.006240 0.004428 -0.717760
11  3.883510 -0.047213 0.431352  -0.263920 0.555260 -0.452676
12  1.719573 -0.000026 0.000016  0.001922 -0.071189 -0.952706
13  1.209179 0.000093 0.000012  -0.010818 -0.006779 -0.747230
14  4.085235 -0.082653 1.151010  0.036630 0.578104 -0.060514
15  1.719451 -0.000018 0.000028  -0.003814 -0.027465 -0.561700
16  1.099676 0.000047 0.000007  -0.050872 0.063153 -1.019879
17  1.059882 -1.545940 0.873877  -0.898057 -0.626329 -0.344733
18  1.789821 -0.000004 -0.000019  -0.001909 -0.014134 0.712142
19  1.207015 -0.000013 -0.000043  -0.004499 -0.006237 -0.089464
20  5.740636 0.000388 -0.000699  -0.208773 0.000003 0.000063
21  11.481074 0.000285 -0.000778  -0.129802 -0.123768 -0.007288
22  6.027525 -0.000329 0.000200  1.843159 -0.508865 1.659965
23  0.000001 11.692100 -0.000007  -1.038558 -0.484484 -0.815980
24  0.000002 0.000009 -0.000002  -0.283187 -0.000031 1.570738
25  0.000000 -0.000012 0.000000  0.868960 0.000002 1.570712
26  -6.212011 -10.642979 0.826812  1.473120 1.855075 -0.198639
27  6.027512 -0.000261 -0.000219  1.504699 0.893352 -0.539715
28  11.691994 0.000160 0.000857  0.346035 0.000042 -1.425377
29  11.479618 -0.000350 0.000997  -1.279320 0.543630 0.650061
30  3.859437 -0.132759 1.193066  0.469647 -0.013262 -1.872395
31  1.312559 0.000025 -0.000001  0.024060 -0.138696 -0.550187
32  0.729346 0.000066 -0.000027  -0.166197 -0.081570 -0.714273
33  3.942046 0.050139 0.431000  0.225309 -0.086237 -1.592712
34  1.539096 0.000005 -0.000000  0.035254 -0.050373 -0.994350
35  1.196299 0.000079 -0.000004  -0.021521 0.002175 -0.839738
36  3.883414 -0.050472 -0.431084  0.184824 -0.271737 -1.204030
37  1.719564 -0.000084 -0.000004  0.022859 -0.107186 -1.509108
38  1.209198 0.000035 0.000010  0.000661 0.071072 -0.480462
39  3.859588 -0.149082 -1.331321  -0.086462 0.038661 0.347688
40  1.719412 -0.000098 -0.000036  -0.003714 0.027762 -1.440827
41  1.099675 0.000023 0.000007  -0.008162 -0.008236 -0.767226
42  0.805984 -0.359848 -1.318338  0.991670 0.166767 -0.799527
43  1.789779 -0.000009 -0.000042  0.000058 -0.002451 0.133097
44  1.206995 -0.000007 0.000005  0.000372 -0.000071 1.058780
45  5.740572 0.000078 0.000720  0.078241 -0.000014 0.000028
46  11.480867 0.000003 0.000944  0.027064 0.099917 0.100129
47  6.027515 -0.000273 -0.000229  -1.046230 -0.450555 -1.465482
48  -0.000002 11.691976 -0.000008  -0.985012 0.435210 0.781650
49  0.000004 0.000000 -0.000000  2.618569 -0.000036 1.570860
50  -0.000006 -0.000013 0.000004  2.272645 -0.000036 1.570861
51  -3.616448 -5.873781 -7.375937  -0.226730 -3.033589 1.390744
52  -0.000000 0.000000 -0.000000  0.008153 -0.000259 0.000009
53  0.000000 -0.000000 0.000000  1.565115 0.043565 -0.106862
54  -0.842325 -16.387585 -8.267289  -1.216089 -0.107606 -1.909810
55  -0.000002 0.000000 0.000000  0.000000 -0.000001 -0.000002
56  0.000028 0.000030 0.000001  -1.571901 -0.044449 -0.106509
57  6.922236 -16.477177 -17.739296  1.570796 -0.000000 0.000000
58  -16.319784 5.039393 -18.063972  1.570796 -0.000000 0.000000
59  -1.398505 -0.359038 -7.028192  1.570796 -0.000000 0.000000
60  -0.004311 0.001230 -0.000371  0.006898 -0.005534 -0.284229
61  0.826810 11.578514 -4.219014  1.570796 -0.000000 0.000000
62  0.000000 0.000000 0.000000  -0.078727 -3.136056 0.284226
63  0.000000 0.000000 0.000000  1.575527 -0.014245 -0.000239
64  -2.143274 -10.472650 -2.662391  1.644877 0.150299 0.006251
65  0.042352 -2.889250 0.627699  0.000000 -0.000000 0.000000
66  0.042352 -0.907087 1.190367  0.000000 -0.000000 0.000000
67  -1.331044 -1.025121 4.361372  0.000000 -0.000000 0.000000
68  0.042353 -0.884530 23.199600  0.000000 -0.000000 0.000000
69  0.042255 0.181228 5.671382  0.000000 -0.000000 0.000000
70  0.000096 0.089184 -9.714655  0.000000 -0.000000 0.000000
71  0.042352 -0.569288 7.155121  0.000000 -0.000000 0.000000
72  -0.682762 -1.501893 3.214538  0.000000 -0.000000 0.000000
73  0.074278 -0.628098 4.762586  0.000000 -0.000000 0.000000
74  -2.777327 -14.866934 -7.047042  1.644877 0.150299 0.006251
75  0.112577 3.686601 -1.376880  -0.044863 3.097541 1.417238
76  2.923888 1.668561 -1.111005  0.000000 -0.000000 0.000000
77  2.486061 0.626416 -1.408339  -0.006013 -0.002089 -0.002326
78  -0.000000 -0.000001 0.000001  -0.008108 0.787637 0.776789
79  0.000001 0.440764 0.000000  0.629870 -0.512754 -0.992308
80  0.000000 0.430557 -0.000000  0.000363 0.011494 0.000875
81  0.000000 0.438246 -0.000001  0.004130 0.000590 0.001942
82  -0.000000 0.433551 0.000001  0.007847 0.106974 0.121872
83  -0.000000 0.454266 -0.000001  -0.015245 0.223647 0.241365
84  -0.000000 0.438146 -0.000001  -0.063447 0.215325 0.211399
85  0.000000 0.444415 -0.000002  -0.478701 0.758863 0.308452
86  -0.000003 0.422926 -0.000001  -0.286712 0.298526 0.012433
87  0.000000 0.426508 -0.000001  -0.063580 -2.869911 0.026671
88  -0.000001 0.432947 0.000000  0.338517 -1.851163 -0.365866
time 167
0  0.000006 0.000000 0.000000  -1.570800 -1.391899 -1.570792
1  -6.850994 1.603351 -1.402817  -1.544956 -1.855077 -0.198630
2  6.027522 -0.000325 0.000191  -1.183197 -0.990173 -0.926446
3  11.692107 0.000643 -0.000737  -1.152290 -0.000030 -1.593289
4  11.479733 0.000376 -0.000963  0.750320 -0.673778 0.338889
5  3.859504 -0.142823 -1.192079  -0.603309 -0.153254 -1.645038
6  1.312590 0.000010 0.000007  -0.134332 0.005764 -0.149076
7  0.729354 0.000055 0.000050  -0.006921 -0.010127 -0.171925
8  3.942142 0.046331 -0.431542  -0.437576 0.236645 -1.080252
9  1.539111 0.000082 0.000004  -0.023906 -0.071181 -0.773682
10  1.196332 0.000145 0.000028  0.006223 0.004451 -0.725134
11  3.883512 -0.047212 0.431351  -0.279795 0.553082 -0.488973
12  1.719571 -0.000030 0.000016  0.002711 -0.070786 -0.961842
13  1.209178 0.000090 0.000013  -0.010762 -0.006973 -0.762710
14  4.085234 -0.082653 1.151009  0.025499 0.604578 -0.086052
15  1.719448 -0.000018 0.000028  -0.003946 -0.026040 -0.561722
16  1.099675 0.000048 0.000005  -0.052339 0.061959 -1.042030
17  1.059881 -1.545940 0.873876  -0.894241 -0.623407 -0.353559
18  1.789820 -0.000003 -0.000018  -0.000002 -0.009376 0.757285
19  1.207015 -0.000013 -0.000043  0.001023 -0.000035 -0.104167
20  5.740637 0.000389 -0.000699  -0.218646 0.000003 0.000063
21  11.480953 0.000256 -0.000845  -0.126257 -0.133835 -0.001510
22  6.027525 -0.000329 0.000200  1.865702 -0.507830 1.656722
23  0.000002 11.692101 -0.000006  -1.084480 -0.528404 -0.844022
24  0.000002 0.000009 -0.000000  -0.283187 -0.000031 1.570738
25  0.000000 -0.000011 0.000001  0.868960 0.000002 1.570712
26  -6.212011 -10.642979 0.826812  1.473120 1.855075 -0.198639
27  6.027512 -0.000261 -0.000220  1.500461 0.865295 -0.539963
28  11.691992 0.000161 0.000858  0.346037 0.000048 -1.510546
29  11.480195 -0.000116 0.000915  -1.238397 0.574465 0.706476
30  3.859438 -0.132759 1.193065  0.469647 -0.013262 -1.872395
31  1.312559 0.000026 -0.000001  0.024060 -0.138696 -0.550187
32  0.729345 0.000065 -0.000027  -0.166197 -0.081570 -0.714273
33  3.942048 0.050139 0.431000  0.225309 -0.086237 -1.592712
34  1.539097 0.000006 -0.000000  0.035254 -0.050373 -0.994350
35  1.196300 0.000078 -0.000003  -0.021521 0.002175 -0.839738
36  3.883415 -0.050472 -0.431085  0.184824 -0.271737 -1.204030
37  1.719564 -0.000085 -0.000004  0.022858 -0.107186 -1.509108
38  1.209197 0.000034 0.000011  0.000661 0.071072 -0.480462
39  3.859589 -0.149082 -1.331321  -0.131822 -0.048416 0.135543
40  1.719413 -0.000099 -0.000036  -0.005090 -0.003173 -1.445917
41  1.099673 0.000024 0.000007  -0.005007 -0.008443 -0.777511
42  0.805984 -0.359848 -1.318338  0.991670 0.166767 -0.799527
43  1.789780 -0.000008 -0.000043  0.000058 -0.002451 0.133097
44  1.206996 -0.000007 0.000006  0.000372 -0.000071 1.058780
45  5.740573 0.000080 0.000721  0.090961 -0.000013 0.000028
46  11.480983 0.000051 0.000928  0.029991 0.108798 0.107296
47  6.027515 -0.000273 -0.000229  -1.022948 -0.469510 -1.472803
48  -0.000002 11.691975 -0.000007  -1.035641 0.481778 0.814237
49  0.000003 -0.000002 -0.000001  2.618569 -0.000036 1.570860
50  -0.000007 -0.000012 0.000005  2.272645 -0.000036 1.570861
51  -3.449658 -5.208773 -7.207385  -0.198367 -3.024674 1.382407
52  0.000000 -0.000000 -0.000000  0.008153 -0.000259 0.000009
53  0.000001 -0.000000 -0.000000  1.565115 0.043565 -0.106862
54  -0.709395 -15.747677 -7.880238  -1.186672 -0.111947 -1.918187
55  0.000000 -0.000001 0.000000  0.000000 -0.000001 -0.000002
56  0.000030 0.000028 0.000001  -1.571901 -0.044449 -0.106509
57  7.354317 -16.506569 -17.854996  1.570796 -0.000000 0.000000
58  -16.319784 5.039393 -18.063972  1.570796 -0.000000 0.000000
59  -1.398505 -0.359038 -7.028192  1.570796 -0.000000 0.000000
60  -0.004311 0.001230 -0.000371  0.006898 -0.005534 -0.284229
61  0.826810 11.578514 -4.219014  1.570796 -0.000000 0.000000
62  0.000000 0.000000 0.000000  -0.078727 -3.136056 0.284226
63  0.000000 0.000000 0.000000  1.572695 -0.016686 0.000128
64  -2.124251 -9.748507 -2.393713  1.630748 0.124262 -0.000837
65  0.042352 -2.889250 0.627700  -0.000000 0.000000 0.000000
66  0.042352 -0.907088 1.190369  -0.000000 0.000000 0.000000
67  -1.331044 -1.025122 4.361373  -0.000000 0.000000 0.000000
68  0.042353 -0.884531 23.199604  -0.000000 0.000000 0.000000
69  0.042255 0.181228 5.671384  -0.000000 0.000000 0.000000
70  0.000096 0.089185 -9.714657  -0.000000 0.000000 0.000000
71  0.042352 -0.569288 7.155124  -0.000000 0.000000 0.000000
72  -0.682762 -1.501893 3.214538  -0.000000 0.000000 0.000000
73  0.074279 -0.628098 4.762587  -0.000000 0.000000 0.000000
74  -2.667369 -14.200502 -6.732110  1.630748 0.124262 -0.000837
75  0.070908 3.697184 -1.380330  -0.015418 3.108444 1.502589
76  2.923888 1.668561 -1.111005  -0.000000 0.000000 0.000000
77  2.475666 0.668338 -1.396548  -0.002586 -0.002431 -0.000426
78  -0.000000 0.000001 0.000000  -0.005015 0.784962 0.780888
79  0.000000 0.440765 -0.000000  0.626642 -0.521894 -0.980390
80  0.000000 0.430558 -0.000002  0.001567 0.010158 0.007010
81  0.000000 0.438246 0.000001  0.003892 -0.000749 0.000430
82  0.000000 0.433550 -0.000000  0.006176 0.105803 0.112601
83  -0.000000 0.454267 0.000001  -0.016864 0.222716 0.226526
84  -0.000001 0.438145 -0.000001  -0.063093 0.214456 0.197356
85  0.000000 0.444415 0.000001  -0.479408 0.758889 0.299113
86  -0.000002 0.422926 0.000000  -0.300560 0.301728 0.007933
87  -0.000000 0.426508 -0.000000  -0.026647 -2.864874 0.013262
88  0.000002 0.432947 0.000000  0.142463 -1.832328 -0.157316
time 168
0  0.000006 0.000000 0.000000  -1.570800 -1.391899 -1.570792
1  -6.850994 1.603351 -1.402817  -1.544956 -1.855077 -0.198630
2  6.027521 -0.000325 0.000191  -1.231663 -0.982444 -0.880406
3  11.692106 0.000645 -0.000736  -1.152292 -0.000036 -1.674793
4  11.479155 0.000248 -0.001249  0.752647 -0.708214 0.414534
5  3.859505 -0.142824 -1.192079  -0.603309 -0.153254 -1.645038
6  1.312589 0.000009 0.000006  -0.134332 0.005764 -0.149076
7  0.729355 0.000054 0.000048  -0.006921 -0.010127 -0.171925
8  3.942142 0.046331 -0.431543  -0.437576 0.236645 -1.080252
9  1.539109 0.000084 0.000002  -0.023906 -0.071181 -0.773682
10  1.196332 0.000147 0.000029  0.006223 0.004451 -0.725134
11  3.883511 -0.047212 0.431351  -0.279795 0.553082 -0.488973
12  1.719573 -0.000027 0.000018  0.002711 -0.070785 -0.961842
13  1.209179 0.000091 0.000015  -0.010762 -0.006973 -0.762710
14  4.085236 -0.082654 1.151009  0.025499 0.604578 -0.086052
15  1.719449 -0.000019 0.000030  -0.003946 -0.026040 -0.561722
16  1.099675 0.000052 0.000004  -0.052339 0.061959 -1.042030
17  1.059884 -1.545939 0.873877  -0.894241 -0.623407 -0.353559
18  1.789819 -0.000002 -0.000018  -0.000002 -0.009376 0.757285
19  1.207018 -0.000014 -0.000043  0.001023 -0.000035 -0.104167
20  5.740634 0.000389 -0.000699  -0.226239 0.000003 0.000063
21  11.480836 0.000230 -0.000902  -0.119146 -0.143931 0.009944
22  6.027525 -0.000329 0.000200  1.896020 -0.499480 1.647707
23  0.000002 11.692101 -0.000007  -1.132284 -0.575490 -0.871581
24  0.000002 0.000008 -0.000001  -0.283187 -0.000031 1.570738
25  0.000000 -0.000011 -0.000000  0.868960 0.000002 1.570712
26  -6.212011 -10.642979 0.826812  1.473120 1.855075 -0.198639
27  6.027511 -0.000260 -0.000220  1.484142 0.841594 -0.545834
28  11.691995 0.000158 0.000858  0.346038 0.000054 -1.593098
29  11.479576 -0.000464 0.001041  -1.158773 0.615173 0.769059
30  3.859436 -0.132758 1.193066  0.469647 -0.013262 -1.872395
31  1.312559 0.000026 -0.000000  0.024060 -0.138696 -0.550187
32  0.729345 0.000065 -0.000028  -0.166197 -0.081570 -0.714272
33  3.942046 0.050139 0.431000  0.225309 -0.086237 -1.592712
34  1.539096 0.000006 -0.000001  0.035254 -0.050373 -0.994350
35  1.196300 0.000077 -0.000003  -0.021521 0.002175 -0.839738
36  3.883413 -0.050472 -0.431084  0.184824 -0.271737 -1.204030
37  1.719564 -0.000085 -0.000005  0.022858 -0.107186 -1.509108
38  1.209197 0.000035 0.000011  0.000661 0.071072 -0.480462
39  3.859588 -0.149082 -1.331321  -0.158242 -0.153100 -0.143640
40  1.719413 -0.000098 -0.000036  -0.003762 -0.036365 -1.448589
41  1.099674 0.000024 0.000006  -0.001498 -0.008334 -0.782880
42  0.805983 -0.359848 -1.318338  0.991670 0.166767 -0.799527
43  1.789780 -0.000008 -0.000042  0.000058 -0.002451 0.133097
44  1.206996 -0.000006 0.000006  0.000372 -0.000071 1.058781
45  5.740571 0.000080 0.000722  0.110449 -0.000013 0.000028
46  11.480858 -0.000018 0.000953  0.038215 0.121998 0.112162
47  6.027515 -0.000273 -0.000229  -1.008755 -0.492280 -1.472942
48  -0.000001 11.691977 -0.000008  -1.084293 0.528266 0.844003
49  0.000004 -0.000001 -0.000000  2.618569 -0.000036 1.570860
50  -0.000007 -0.000014 0.000003  2.272645 -0.000036 1.570861
51  -3.171795 -4.512941 -7.103881  -0.137573 -3.017241 1.370661
52  0.000000 -0.000000 0.000000  0.008153 -0.000259 0.000009
53  -0.000001 -0.000000 0.000000  1.565115 0.043565 -0.106862
54  -0.449685 -15.073299 -7.418985  -1.125529 -0.109744 -1.929380
55  0.000000 -0.000000 -0.000000  0.000000 -0.000001 -0.000002
56  0.000030 0.000029 0.000001  -1.571901 -0.044449 -0.106509
57  7.938423 -16.521900 -17.915339  1.570796 -0.000000 0.000000
58  -16.319784 5.039393 -18.063972  1.570796 -0.000000 0.000000
59  -1.398505 -0.359038 -7.028192  1.570796 -0.000000 0.000000
60  -0.004311 0.001230 -0.000371  0.006898 -0.005534 -0.284229
61  0.826810 11.578514 -4.219014  1.570796 -0.000000 0.000000
62  0.000000 0.000000 0.000000  -0.078727 -3.136056 0.284226
63  0.000000 0.000000 0.000000  1.569489 -0.017585 0.000450
64  -2.148947 -8.965219 -2.137158  1.611952 0.066404 -0.007054
65  0.042352 -2.889249 0.627701  -0.000000 -0.000000 0.000000
66  0.042352 -0.907087 1.190368  -0.000000 -0.000000 0.000000
67  -1.331045 -1.025121 4.361373  -0.000000 -0.000000 0.000000
68  0.042353 -0.884531 23.199610  -0.000000 -0.000000 0.000000
69  0.042255 0.181228 5.671383  -0.000000 -0.000000 0.000000
70  0.000096 0.089185 -9.714657  -0.000000 -0.000000 0.000000
71  0.042352 -0.569288 7.155125  -0.000000 -0.000000 0.000000
72  -0.682762 -1.501893 3.214539  -0.000000 -0.000000 0.000000
73  0.074278 -0.628099 4.762587  -0.000000 -0.000000 0.000000
74  -2.462936 -13.496946 -6.415217  1.611952 0.066404 -0.007054
75  0.048471 3.702883 -1.382188  0.000000 3.115334 1.548341
76  2.923888 1.668561 -1.111005  -0.000000 -0.000000 0.000000
77  2.470069 0.711694 -1.382189  -0.001655 -0.002946 -0.000060
78  -0.000000 0.000001 0.000001  -0.004593 0.783941 0.781554
79  -0.000000 0.440763 0.000000  0.625606 -0.525055 -0.976917
80  0.000000 0.430559 0.000000  0.001828 0.009355 0.009438
81  -0.000000 0.438247 0.000002  0.003716 -0.001551 0.001029
82  0.000000 0.433550 0.000001  0.005512 0.105074 0.111317
83  0.000000 0.454267 -0.000001  -0.017847 0.222189 0.223928
84  0.000000 0.438145 0.000000  -0.064171 0.214184 0.195085
85  0.000001 0.444415 -0.000000  -0.482214 0.759377 0.296700
86  -0.000001 0.422926 -0.000000  -0.308045 0.303003 0.005925
87  -0.000001 0.426508 0.000000  -0.012093 -2.862957 0.007385
88  0.000002 0.432947 0.000000  0.066915 -1.828286 -0.076057
time 169
0  0.000006 0.000000 0.000000  -1.570800 -1.391899 -1.570792
1  -6.850994 1.603351 -1.402817  -1.544956 -1.855077 -0.198630
2  6.027521 -0.000325 0.000191  -1.275478 -0.992188 -0.849514
3  11.692106 0.000644 -0.000737  -1.152293 -0.000038 -1.705254
4  11.478958 0.000211 -0.001338  0.770445 -0.712724 0.473888
5  3.859502 -0.142824 -1.192080  -0.603309 -0.153254 -1.645038
6  1.312589 0.000011 0.000008  -0.134332 0.005764 -0.149076
7  0.729355 0.000053 0.000048  -0.006921 -0.010127 -0.171925
8  3.942140 0.046331 -0.431543  -0.437576 0.236645 -1.080252
9  1.539111 0.000084 0.000003  -0.023906 -0.071181 -0.773682
10  1.196332 0.000146 0.000030  0.006223 0.004451 -0.725134
11  3.883510 -0.047213 0.431351  -0.279795 0.553082 -0.488973
12  1.719572 -0.000028 0.000018  0.002711 -0.070785 -0.961842
13  1.209180 0.000088 0.000010  -0.010762 -0.006973 -0.762710
14  4.085232 -0.082654 1.151008  0.025499 0.604578 -0.086052
15  1.719449 -0.000018 0.000029  -0.003946 -0.026040 -0.561722
16  1.099675 0.000049 0.000005  -0.052339 0.061959 -1.042030
17  1.059881 -1.545940 0.873876  -0.894241 -0.623407 -0.353559
18  1.789819 -0.000004 -0.000019  -0.000002 -0.009376 0.757285
19  1.207015 -0.000013 -0.000043  0.001023 -0.000035 -0.104167
20  5.740636 0.000390 -0.000700  -0.226531 0.000003 0.000063
21  11.480797 0.000223 -0.000921  -0.112156 -0.147146 0.021847
22  6.027525 -0.000329 0.000200  1.911471 -0.477313 1.634780
23  0.000003 11.692100 -0.000007  -1.150131 -0.593368 -0.881401
24  0.000004 0.000010 0.000001  -0.283187 -0.000031 1.570738
25  0.000001 -0.000012 0.000000  0.868960 0.000002 1.570712
26  -6.212011 -10.642979 0.826812  1.473120 1.855075 -0.198639
27  6.027511 -0.000260 -0.000220  1.470329 0.842019 -0.552242
28  11.691992 0.000162 0.000858  0.346039 0.000057 -1.621755
29  11.479380 -0.000565 0.001077  -1.087772 0.645012 0.799061
30  3.859437 -0.132758 1.193064  0.469647 -0.013262 -1.872395
31  1.312559 0.000026 -0.000001  0.024060 -0.138696 -0.550187
32  0.729345 0.000064 -0.000027  -0.166197 -0.081570 -0.714273
33  3.942046 0.050138 0.431000  0.225309 -0.086237 -1.592712
34  1.539097 0.000006 -0.000001  0.035254 -0.050373 -0.994350
35  1.196301 0.000077 -0.000003  -0.021521 0.002175 -0.839738
36  3.883414 -0.050472 -0.431084  0.184824 -0.271737 -1.204030
37  1.719563 -0.000085 -0.000005  0.022858 -0.107186 -1.509108
38  1.209198 0.000034 0.000011  0.000661 0.071072 -0.480462
39  3.859588 -0.149082 -1.331321  -0.157560 -0.229829 -0.361213
40  1.719413 -0.000098 -0.000036  -0.001783 -0.060167 -1.449523
41  1.099674 0.000024 0.000007  0.001064 -0.008136 -0.784618
42  0.805983 -0.359848 -1.318339  0.991670 0.166767 -0.799527
43  1.789780 -0.000008 -0.000042  0.000058 -0.002451 0.133097
44  1.206996 -0.000007 0.000005  0.000372 -0.000071 1.058780
45  5.740572 0.000080 0.000721  0.125552 -0.000014 0.000028
46  11.480820 -0.000039 0.000960  0.046692 0.132221 0.111248
47  6.027515 -0.000273 -0.000229  -1.015473 -0.499345 -1.465852
48  -0.000000 11.691978 -0.000007  -1.101117 0.544692 0.853906
49  0.000003 -0.000002 0.000000  2.618569 -0.000036 1.570860
50  -0.000007 -0.000011 0.000004  2.272645 -0.000036 1.570861
51  -2.925006 -4.247281 -7.027950  -0.076144 -3.008892 1.359660
52  0.000000 0.000000 -0.000000  0.008153 -0.000259 0.000009
53  -0.000000 -0.000000 -0.000000  1.565115 0.043565 -0.106862
54  -0.228512 -14.818734 -6.968209  -1.063684 -0.108408 -1.939239
55  0.000001 0.000001 0.000000  0.000000 -0.000001 -0.000002
56  0.000031 0.000029 0.000001  -1.571902 -0.044449 -0.106509
57  8.450401 -16.526855 -17.934843  1.570796 -0.000000 0.000000
58  -16.319784 5.039393 -18.063972  1.570796 -0.000000 0.000000
59  -1.398505 -0.359038 -7.028192  1.570796 -0.000000 0.000000
60  -0.004311 0.001230 -0.000371  0.006898 -0.005534 -0.284229
61  0.826810 11.578514 -4.219014  1.570796 -0.000000 0.000000
62  0.000000 0.000000 0.000000  -0.078727 -3.136056 0.284226
63  0.000000 0.000000 0.000000  1.566488 -0.009516 0.000663
64  -2.207840 -8.598425 -1.920060  1.591852 0.008284 -0.010930
65  0.042352 -2.889251 0.627700  0.000000 0.000000 -0.000000
66  0.042352 -0.907088 1.190368  0.000000 0.000000 -0.000000
67  -1.331045 -1.025122 4.361372  0.000000 0.000000 -0.000000
68  0.042353 -0.884531 23.199606  0.000000 0.000000 -0.000000
69  0.042255 0.181228 5.671383  0.000000 0.000000 -0.000000
70  0.000096 0.089184 -9.714657  0.000000 0.000000 -0.000000
71  0.042352 -0.569288 7.155123  0.000000 0.000000 -0.000000
72  -0.682762 -1.501893 3.214538  0.000000 0.000000 -0.000000
73  0.074278 -0.628099 4.762587  0.000000 0.000000 -0.000000
74  -2.290597 -13.216877 -6.115292  1.591852 0.008284 -0.010930
75  0.048471 3.702884 -1.382188  0.000000 3.115334 1.548341
76  2.923889 1.668561 -1.111007  0.000000 -0.000000 -0.174533
77  2.491859 0.738716 -1.369760  0.010443 0.007450 -0.041827
78  -0.000000 -0.000001 0.000001  0.000614 0.776137 0.780537
79  0.000000 0.440764 0.000001  0.659254 -0.561930 -1.015299
80  -0.000000 0.430558 -0.000002  -0.024901 0.072937 0.002189
81  0.000000 0.438247 0.000001  0.018503 -0.031015 0.115885
82  0.000000 0.433550 0.000002  -0.031774 0.161952 0.093077
83  -0.000000 0.454267 0.000001  -0.036619 0.242156 0.222734
84  -0.000000 0.438146 0.000001  -0.105815 0.204433 0.160049
85  -0.000000 0.444414 -0.000001  -0.492737 0.740532 0.271542
86  0.000000 0.422926 0.000000  -0.292474 0.278202 0.018361
87  0.000001 0.426508 0.000001  -0.020252 -2.886553 -0.009216
88  -0.000002 0.432947 -0.000001  0.067242 -1.855131 -0.088631
time 170
0  0.000006 0.000000 0.000000  -1.570800 -1.391899 -1.570792
1  -6.850994 1.603351 -1.402817  -1.544956 -1.855077 -0.198630
2  6.027521 -0.000325 0.000190  -1.295973 -1.017553 -0.841504
3  11.692106 0.000644 -0.000739  -1.152292 -0.000036 -1.679328
4  11.479128 0.000243 -0.001264  0.796371 -0.693082 0.482338
5  3.859506 -0.142823 -1.192080  -0.603309 -0.153254 -1.645038
6  1.312591 0.000007 0.000008  -0.134332 0.005764 -0.149076
7  0.729356 0.000054 0.000049  -0.006921 -0.010127 -0.171925
8  3.942142 0.046331 -0.431543  -0.437576 0.236645 -1.080252
9  1.539110 0.000082 0.000003  -0.023906 -0.071181 -0.773682
10  1.196333 0.000145 0.000029  0.006223 0.004451 -0.725134
11  3.883512 -0.047211 0.431351  -0.279795 0.553083 -0.488973
12  1.719572 -0.000028 0.000017  0.002711 -0.070786 -0.961842
13  1.209177 0.000090 0.000012  -0.010762 -0.006973 -0.762710
14  4.085236 -0.082653 1.151009  0.025499 0.604578 -0.086051
15  1.719449 -0.000019 0.000029  -0.003946 -0.026040 -0.561722
16  1.099675 0.000048 0.000005  -0.052339 0.061959 -1.042030
17  1.059885 -1.545938 0.873876  -0.894241 -0.623407 -0.353559
18  1.789819 -0.000002 -0.000018  -0.000002 -0.009376 0.757285
19  1.207015 -0.000013 -0.000044  0.001023 -0.000035 -0.104167
20  5.740636 0.000389 -0.000700  -0.220388 0.000003 0.000064
21  11.480831 0.000229 -0.000905  -0.108592 -0.143196 0.026893
22  6.027525 -0.000329 0.000200  1.903664 -0.450567 1.628983
23  0.000001 11.692101 -0.000007  -1.134942 -0.578143 -0.873061
24  0.000003 0.000009 0.000002  -0.283187 -0.000031 1.570738
25  -0.000000 -0.000011 -0.000000  0.868960 0.000002 1.570712
26  -6.212011 -10.642979 0.826812  1.473120 1.855075 -0.198639
27  6.027511 -0.000260 -0.000220  1.469880 0.859450 -0.554182
28  11.691992 0.000159 0.000859  0.346039 0.000054 -1.596141
29  11.479555 -0.000472 0.001042  -1.067444 0.653595 0.780088
30  3.859437 -0.132758 1.193065  0.469647 -0.013262 -1.872395
31  1.312559 0.000025 -0.000001  0.024060 -0.138696 -0.550187
32  0.729345 0.000065 -0.000028  -0.166197 -0.081570 -0.714272
33  3.942047 0.050139 0.431000  0.225309 -0.086237 -1.592712
34  1.539097 0.000005 -0.000001  0.035254 -0.050373 -0.994350
35  1.196300 0.000077 -0.000003  -0.021521 0.002175 -0.839738
36  3.883414 -0.050472 -0.431085  0.184824 -0.271737 -1.204030
37  1.719564 -0.000084 -0.000005  0.022858 -0.107186 -1.509108
38  1.209197 0.000035 0.000011  0.000661 0.071072 -0.480462
39  3.859588 -0.149082 -1.331322  -0.153251 -0.255100 -0.437783
40  1.719412 -0.000098 -0.000036  -0.000926 -0.068268 -1.449666
41  1.099674 0.000023 0.000007  0.001945 -0.008048 -0.784821
42  0.805983 -0.359848 -1.318339  0.991670 0.166767 -0.799527
43  1.789780 -0.000008 -0.000042  0.000058 -0.002451 0.133098
44  1.206997 -0.000006 0.000005  0.000372 -0.000071 1.058780
45  5.740571 0.000080 0.000720  0.128774 -0.000014 0.000028
46  11.480855 -0.000021 0.000953  0.050485 0.134450 0.105682
47  6.027515 -0.000273 -0.000229  -1.031307 -0.488876 -1.459943
48  -0.000000 11.691976 -0.000007  -1.086081 0.530004 0.845065
49  0.000003 -0.000000 0.000000  2.618569 -0.000036 1.570860
50  -0.000007 -0.000013 0.000005  2.272645 -0.000036 1.570861
51  -2.852515 -4.457732 -6.975431  -0.046172 -2.996130 1.353838
52  -0.000000 -0.000000 -0.000000  0.008153 -0.000259 0.000009
53  -0.000001 0.000000 -0.000000  1.565115 0.043565 -0.106862
54  -0.178752 -15.030013 -6.646570  -1.032172 -0.116372 -1.944440
55  0.000000 -0.000001 0.000000  0.000000 -0.000001 -0.000002
56  0.000030 0.000028 0.000001  -1.571901 -0.044449 -0.106509
57  8.735862 -16.527428 -17.937099  1.570796 -0.000000 0.000000
58  -16.319784 5.039393 -18.063972  1.570796 -0.000000 0.000000
59  -1.398505 -0.359038 -7.028192  1.570796 -0.000000 0.000000
60  -0.004311 0.001230 -0.000371  0.006898 -0.005534 -0.284229
61  0.826810 11.578514 -4.219014  1.570796 -0.000000 0.000000
62  0.000000 0.000000 0.000000  -0.078727 -3.136056 0.284226
63  0.000000 0.000000 0.000000  1.564270 0.005470 0.000700
64  -2.278131 -8.713124 -1.769755  1.573387 -0.018230 -0.012505
65  0.042352 -2.889251 0.627701  0.000000 -0.000000 -0.000000
66  0.042352 -0.907088 1.190368  0.000000 -0.000000 -0.000000
67  -1.331044 -1.025122 4.361372  0.000000 -0.000000 -0.000000
68  0.042353 -0.884531 23.199604  0.000000 -0.000000 -0.000000
69  0.042256 0.181228 5.671383  0.000000 -0.000000 -0.000000
70  0.000096 0.089185 -9.714656  0.000000 -0.000000 -0.000000
71  0.042352 -0.569288 7.155123  0.000000 -0.000000 -0.000000
72  -0.682762 -1.501893 3.214539  0.000000 -0.000000 -0.000000
73  0.074279 -0.628099 4.762587  0.000000 -0.000000 -0.000000
74  -2.259468 -13.409483 -5.878379  1.573387 -0.018230 -0.012505
75  0.048471 3.702884 -1.382188  0.000000 3.115334 1.548341
76  2.923889 1.668561 -1.111005  0.000000 -0.000000 -0.167030
77  2.513648 0.747315 -1.364434  0.023222 0.019599 -0.079141
78  0.000000 0.000001 -0.000000  0.008476 0.768642 0.785726
79  -0.000002 0.440763 -0.000002  0.693571 -0.599329 -1.050795
80  0.000000 0.430558 0.000000  -0.051765 0.138011 -0.008137
81  0.000000 0.438246 -0.000002  0.030371 -0.062196 0.227064
82  0.000000 0.433550 -0.000000  -0.072164 0.216178 0.056025
83  -0.000000 0.454267 -0.000001  -0.053607 0.260982 0.215633
84  -0.000000 0.438146 0.000000  -0.143732 0.192368 0.120441
85  -0.000001 0.444415 -0.000000  -0.500869 0.719712 0.240495
86  0.000002 0.422926 0.000001  -0.276734 0.254481 0.030650
87  0.000002 0.426508 -0.000000  -0.021783 -2.908851 -0.025390
88  0.000000 0.432947 -0.000001  0.016739 -1.879085 -0.053960
time 171
0  0.000006 0.000000 0.000000  -1.570800 -1.391899 -1.570792
1  -6.850994 1.603351 -1.402817  -1.544956 -1.855077 -0.198630
2  6.027521 -0.000325 0.000190  -1.290787 -1.042973 -0.843174
3  11.692108 0.000644 -0.000738  -1.152291 -0.000033 -1.637839
4  11.479415 0.000302 -0.001131  0.804000 -0.674092 0.449032
5  3.859506 -0.142823 -1.192079  -0.603309 -0.153254 -1.645038
6  1.312589 0.000011 0.000006  -0.134332 0.005764 -0.149076
7  0.729354 0.000054 0.000048  -0.006921 -0.010127 -0.171925
8  3.942141 0.046331 -0.431543  -0.437576 0.236645 -1.080252
9  1.539110 0.000083 0.000003  -0.023906 -0.071181 -0.773682
10  1.196332 0.000147 0.000029  0.006223 0.004451 -0.725134
11  3.883513 -0.047212 0.431351  -0.279795 0.553082 -0.488973
12  1.719573 -0.000029 0.000019  0.002711 -0.070785 -0.961842
13  1.209181 0.000089 0.000012  -0.010762 -0.006973 -0.762710
14  4.085234 -0.082654 1.151009  0.025499 0.604578 -0.086052
15  1.719448 -0.000018 0.000027  -0.003946 -0.026040 -0.561722
16  1.099676 0.000050 0.000008  -0.052339 0.061959 -1.042030
17  1.059882 -1.545939 0.873876  -0.894241 -0.623407 -0.353559
18  1.789819 -0.000005 -0.000018  -0.000002 -0.009376 0.757285
19  1.207015 -0.000013 -0.000043  0.001023 -0.000035 -0.104167
20  5.740637 0.000389 -0.000700  -0.216719 0.000003 0.000064
21  11.480889 0.000241 -0.000879  -0.110531 -0.137948 0.022729
22  6.027525 -0.000329 0.000200  1.884000 -0.432204 1.640161
23  0.000003 11.692099 -0.000006  -1.110626 -0.554002 -0.859315
24  0.000003 0.000009 -0.000000  -0.283187 -0.000031 1.570739
25  0.000001 -0.000012 0.000000  0.868960 0.000002 1.570712
26  -6.212011 -10.642979 0.826812  1.473120 1.855075 -0.198639
27  6.027512 -0.000261 -0.000220  1.480865 0.871776 -0.550008
28  11.691991 0.000161 0.000859  0.346038 0.000052 -1.559267
29  11.479823 -0.000330 0.000992  -1.098303 0.646758 0.735272
30  3.859438 -0.132759 1.193065  0.469647 -0.013262 -1.872395
31  1.312559 0.000026 -0.000001  0.024060 -0.138696 -0.550187
32  0.729346 0.000065 -0.000027  -0.166197 -0.081570 -0.714272
33  3.942047 0.050139 0.431001  0.225309 -0.086237 -1.592712
34  1.539097 0.000005 -0.000001  0.035254 -0.050373 -0.994350
35  1.196299 0.000078 -0.000004  -0.021521 0.002175 -0.839738
36  3.883413 -0.050472 -0.431084  0.184824 -0.271737 -1.204030
37  1.719563 -0.000084 -0.000004  0.022859 -0.107186 -1.509108
38  1.209198 0.000035 0.000011  0.000661 0.071072 -0.480462
39  3.859589 -0.149082 -1.331321  -0.153251 -0.255100 -0.437783
40  1.719414 -0.000098 -0.000035  -0.000926 -0.068268 -1.449666
41  1.099674 0.000025 0.000007  0.001945 -0.008048 -0.784821
42  0.805984 -0.359848 -1.318338  0.991670 0.166767 -0.799527
43  1.789779 -0.000008 -0.000042  0.000058 -0.002451 0.133098
44  1.206997 -0.000006 0.000006  0.000372 -0.000071 1.058781
45  5.740573 0.000079 0.000721  0.121919 -0.000014 0.000028
46  11.480908 0.000007 0.000942  0.047961 0.130370 0.099815
47  6.027515 -0.000273 -0.000229  -1.037337 -0.475682 -1.461339
48  -0.000001 11.691977 -0.000006  -1.064395 0.509062 0.832025
49  0.000003 -0.000001 -0.000000  2.618569 -0.000036 1.570860
50  -0.000008 -0.000012 0.000005  2.272645 -0.000036 1.570861
51  -2.978000 -4.780516 -6.968360  -0.056266 -2.980078 1.354813
52  -0.000001 -0.000000 0.000001  0.008153 -0.000259 0.000009
53  -0.000000 -0.000000 -0.000000  1.565115 0.043565 -0.106862
54  -0.305191 -15.349134 -6.531689  -1.039573 -0.133786 -1.944085
55  -0.000000 -0.000001 0.000001  0.000000 -0.000001 -0.000002
56  0.000029 0.000029 0.000002  -1.571901 -0.044449 -0.106509
57  8.878955 -16.523235 -17.920601  1.570796 -0.000000 0.000000
58  -16.319784 5.039393 -18.063972  1.570796 -0.000000 0.000000
59  -1.398505 -0.359038 -7.028192  1.570796 -0.000000 0.000000
60  -0.004311 0.001230 -0.000371  0.006898 -0.005534 -0.284229
61  0.826810 11.578514 -4.219014  1.570796 -0.000000 0.000000
62  0.000000 0.000000 0.000000  -0.078727 -3.136056 0.284226
63  0.000000 0.000000 0.000000  1.563404 0.013538 0.000628
64  -2.337024 -8.965462 -1.713579  1.559685 -0.005212 -0.012912
65  0.042352 -2.889250 0.627700  0.000000 0.000000 0.000000
66  0.042351 -0.907088 1.190368  0.000000 0.000000 0.000000
67  -1.331045 -1.025122 4.361372  0.000000 0.000000 0.000000
68  0.042353 -0.884531 23.199602  0.000000 0.000000 0.000000
69  0.042255 0.181228 5.671382  0.000000 0.000000 0.000000
70  0.000096 0.089185 -9.714658  0.000000 0.000000 0.000000
71  0.042352 -0.569288 7.155123  0.000000 0.000000 0.000000
72  -0.682763 -1.501893 3.214538  0.000000 0.000000 0.000000
73  0.074278 -0.628099 4.762586  0.000000 0.000000 0.000000
74  -2.374815 -13.716991 -5.758138  1.559685 -0.005212 -0.012912
75  0.048471 3.702884 -1.382189  0.000000 3.115334 1.548341
76  2.923888 1.668561 -1.111006  0.000000 0.000000 -0.147254
77  2.513648 0.747316 -1.364435  0.025195 0.029253 -0.074951
78  -0.000000 0.000000 -0.000001  0.019959 0.774123 0.797820
79  0.000001 0.440764 0.000001  0.689380 -0.594154 -1.041099
80  -0.000000 0.430559 0.000001  -0.052127 0.112662 -0.017247
81  0.000000 0.438247 0.000001  0.030966 -0.052951 0.233171
82  0.000000 0.433550 -0.000000  -0.073266 0.193072 0.042080
83  0.000000 0.454268 -0.000001  -0.054801 0.237306 0.214373
84  -0.000001 0.438146 -0.000001  -0.144223 0.201761 0.125609
85  0.000000 0.444414 -0.000001  -0.504247 0.725163 0.239941
86  -0.000000 0.422926 0.000000  -0.277600 0.259228 0.037324
87  -0.000001 0.426508 -0.000001  -0.021248 -2.906315 -0.018708
88  -0.000001 0.432947 -0.000000  0.017183 -1.876611 -0.060696
time 172
0  0.000006 0.000000 0.000000  -1.570800 -1.391899 -1.570792
1  -6.850994 1.603351 -1.402817  -1.544956 -1.855077 -0.198630
2  6.027521 -0.000326 0.000190  -1.277576 -1.060048 -0.841911
3  11.692108 0.000642 -0.000736  -1.152290 -0.000031 -1.602082
4  11.479671 0.000361 -0.000998  0.792796 -0.661659 0.406946
5  3.859502 -0.142824 -1.192079  -0.603309 -0.153254 -1.645038
6  1.312590 0.000010 0.000008  -0.134332 0.005764 -0.149076
7  0.729356 0.000054 0.000049  -0.006921 -0.010127 -0.171925
8  3.942140 0.046330 -0.431543  -0.437576 0.236645 -1.080252
9  1.539111 0.000082 0.000003  -0.023906 -0.071181 -0.773682
10  1.196332 0.000145 0.000028  0.006223 0.004451 -0.725134
11  3.883510 -0.047212 0.431351  -0.279795 0.553082 -0.488973
12  1.719573 -0.000027 0.000020  0.002711 -0.070785 -0.961842
13  1.209179 0.000089 0.000013  -0.010762 -0.006973 -0.762710
14  4.085234 -0.082653 1.151009  0.025499 0.604578 -0.086052
15  1.719445 -0.000020 0.000027  -0.003946 -0.026040 -0.561722
16  1.099676 0.000051 0.000005  -0.052338 0.061959 -1.042030
17  1.059880 -1.545940 0.873876  -0.894241 -0.623407 -0.353559
18  1.789820 -0.000003 -0.000018  -0.000002 -0.009376 0.757285
19  1.207017 -0.000013 -0.000044  0.001023 -0.000035 -0.104167
20  5.740636 0.000389 -0.000700  -0.216673 0.000003 0.000063
21  11.480940 0.000252 -0.000853  -0.115726 -0.133986 0.015046
22  6.027525 -0.000329 0.000200  1.866921 -0.422563 1.659972
23  0.000001 11.692099 -0.000006  -1.089645 -0.533429 -0.847084
24  0.000003 0.000008 0.000001  -0.283187 -0.000031 1.570738
25  -0.000000 -0.000012 0.000000  0.868960 0.000002 1.570712
26  -6.212011 -10.642979 0.826812  1.473120 1.855075 -0.198639
27  6.027512 -0.000261 -0.000219  1.493765 0.878612 -0.544199
28  11.691993 0.000161 0.000858  0.346037 0.000050 -1.527355
29  11.480063 -0.000193 0.000942  -1.143929 0.631920 0.692865
30  3.859437 -0.132758 1.193066  0.469647 -0.013262 -1.872395
31  1.312559 0.000025 -0.000000  0.024060 -0.138696 -0.550187
32  0.729346 0.000064 -0.000028  -0.166197 -0.081570 -0.714272
33  3.942047 0.050139 0.431000  0.225309 -0.086237 -1.592712
34  1.539097 0.000004 -0.000000  0.035254 -0.050373 -0.994350
35  1.196300 0.000077 -0.000003  -0.021521 0.002175 -0.839738
36  3.883413 -0.050472 -0.431084  0.184824 -0.271737 -1.204030
37  1.719564 -0.000085 -0.000004  0.022859 -0.107186 -1.509108
38  1.209198 0.000036 0.000012  0.000661 0.071072 -0.480462
39  3.859588 -0.149081 -1.331321  -0.153251 -0.255100 -0.437783
40  1.719411 -0.000098 -0.000036  -0.000927 -0.068268 -1.449666
41  1.099674 0.000022 0.000007  0.001945 -0.008048 -0.784821
42  0.805984 -0.359847 -1.318338  0.991670 0.166767 -0.799527
43  1.789780 -0.000008 -0.000042  0.000058 -0.002451 0.133098
44  1.206996 -0.000007 0.000005  0.000372 -0.000071 1.058780
45  5.740572 0.000078 0.000720  0.112293 -0.000014 0.000028
46  11.480956 0.000035 0.000933  0.043181 0.124244 0.095747
47  6.027515 -0.000273 -0.000229  -1.037773 -0.464962 -1.465235
48  -0.000001 11.691977 -0.000008  -1.045576 0.491140 0.820445
49  0.000004 -0.000002 -0.000000  2.618569 -0.000036 1.570860
50  -0.000007 -0.000014 0.000005  2.272645 -0.000036 1.570861
51  -3.159719 -5.060561 -6.985744  -0.083789 -2.968989 1.360659
52  -0.000001 0.000000 -0.000000  0.008153 -0.000259 0.000009
53  -0.000000 0.000000 0.000000  1.565115 0.043565 -0.106862
54  -0.461234 -15.623606 -6.572743  -1.064885 -0.149002 -1.939248
55  -0.000002 0.000000 0.000001  0.000000 -0.000001 -0.000002
56  0.000028 0.000030 0.000001  -1.571901 -0.044449 -0.106509
57  8.994410 -16.510834 -17.871788  1.570796 -0.000000 0.000000
58  -16.319784 5.039393 -18.063972  1.570796 -0.000000 0.000000
59  -1.398505 -0.359038 -7.028192  1.570796 -0.000000 0.000000
60  -0.004311 0.001230 -0.000371  0.006898 -0.005534 -0.284229
61  0.826810 11.578514 -4.219014  1.570796 -0.000000 0.000000
62  0.000000 0.000000 0.000000  -0.078727 -3.136056 0.284226
63  0.000000 0.000000 0.000000  1.563950 0.010930 0.000538
64  -2.361720 -9.217799 -1.730469  1.554231 0.023594 -0.011693
65  0.042352 -2.889250 0.627699  0.000000 0.000000 0.000000
66  0.042352 -0.907088 1.190367  0.000000 0.000000 0.000000
67  -1.331044 -1.025122 4.361371  0.000000 0.000000 0.000000
68  0.042353 -0.884531 23.199598  0.000000 0.000000 0.000000
69  0.042255 0.181228 5.671383  0.000000 0.000000 0.000000
70  0.000096 0.089185 -9.714659  0.000000 0.000000 0.000000
71  0.042352 -0.569288 7.155122  0.000000 0.000000 0.000000
72  -0.682762 -1.501893 3.214539  0.000000 0.000000 0.000000
73  0.074278 -0.628098 4.762586  0.000000 0.000000 0.000000
74  -2.509858 -13.990001 -5.748064  1.554231 0.023594 -0.011693
75  0.048471 3.702884 -1.382190  -0.000000 3.115334 1.548341
76  2.923889 1.668561 -1.111008  0.000000 0.000000 -0.119301
77  2.513649 0.747316 -1.364438  0.029063 0.049799 -0.068741
78  -0.000000 -0.000000 0.000001  0.044437 0.785983 0.821708
79  -0.000000 0.440763 -0.000000  0.679991 -0.582484 -1.021468
80  0.000000 0.430559 0.000001  -0.053013 0.056270 -0.034937
81  0.000000 0.438247 -0.000001  0.031102 -0.032811 0.243244
82  0.000000 0.433550 -0.000000  -0.069528 0.142654 0.035535
83  -0.000000 0.454267 0.000003  -0.054990 0.184295 0.206444
84  -0.000001 0.438145 0.000002  -0.143662 0.222068 0.132158
85  0.000001 0.444414 0.000001  -0.501267 0.741801 0.247479
86  0.000001 0.422927 -0.000000  -0.277029 0.270415 0.051025
87  0.000003 0.426508 -0.000001  -0.020398 -2.899949 -0.005473
88  0.000000 0.432947 0.000001  0.012973 -1.870947 -0.067197
time 173
0  0.000006 0.000000 0.000000  -1.570800 -1.391899 -1.570792
1  -6.850994 1.603351 -1.402817  -1.544956 -1.855077 -0.198630
2  6.027521 -0.000326 0.000190  -1.266812 -1.065197 -0.835205
3  11.692107 0.000644 -0.000737  -1.152290 -0.000030 -1.588417
4  11.479770 0.000383 -0.000943  0.770059 -0.662930 0.377116
5  3.859504 -0.142824 -1.192079  -0.603309 -0.153254 -1.645038
6  1.312590 0.000010 0.000008  -0.134332 0.005764 -0.149076
7  0.729357 0.000054 0.000050  -0.006921 -0.010127 -0.171925
8  3.942140 0.046330 -0.431543  -0.437576 0.236645 -1.080252
9  1.539111 0.000084 0.000003  -0.023906 -0.071181 -0.773682
10  1.196334 0.000144 0.000029  0.006223 0.004451 -0.725134
11  3.883512 -0.047212 0.431351  -0.279795 0.553082 -0.488973
12  1.719574 -0.000027 0.000019  0.002711 -0.070785 -0.961842
13  1.209178 0.000090 0.000013  -0.010762 -0.006973 -0.762710
14  4.085234 -0.082654 1.151009  0.025499 0.604578 -0.086052
15  1.719447 -0.000021 0.000029  -0.003946 -0.026040 -0.561722
16  1.099674 0.000050 0.000005  -0.052339 0.061959 -1.042030
17  1.059881 -1.545940 0.873876  -0.894241 -0.623407 -0.353559
18  1.789820 -0.000005 -0.000018  -0.000002 -0.009376 0.757285
19  1.207012 -0.000013 -0.000044  0.001023 -0.000035 -0.104167
20  5.740638 0.000389 -0.000698  -0.220523 0.000003 0.000063
21  11.480962 0.000257 -0.000839  -0.121344 -0.133347 0.007807
22  6.027525 -0.000329 0.000200  1.858953 -0.421513 1.679346
23  0.000002 11.692100 -0.000007  -1.081617 -0.525626 -0.842317
24  0.000001 0.000010 0.000001  -0.283187 -0.000031 1.570739
25  0.000000 -0.000011 -0.000000  0.868960 0.000002 1.570712
26  -6.212011 -10.642979 0.826812  1.473120 1.855075 -0.198639
27  6.027512 -0.000261 -0.000219  1.504420 0.877220 -0.538823
28  11.691993 0.000159 0.000857  0.346037 0.000049 -1.515954
29  11.480151 -0.000141 0.000923  -1.182349 0.616372 0.670491
30  3.859437 -0.132759 1.193065  0.469647 -0.013262 -1.872395
31  1.312559 0.000026 -0.000000  0.024060 -0.138696 -0.550187
32  0.729347 0.000064 -0.000028  -0.166197 -0.081570 -0.714273
33  3.942046 0.050139 0.430999  0.225309 -0.086237 -1.592712
34  1.539097 0.000005 -0.000002  0.035254 -0.050373 -0.994350
35  1.196300 0.000077 -0.000003  -0.021521 0.002175 -0.839738
36  3.883414 -0.050473 -0.431085  0.184824 -0.271737 -1.204030
37  1.719564 -0.000085 -0.000004  0.022858 -0.107186 -1.509108
38  1.209198 0.000036 0.000011  0.000662 0.071072 -0.480462
39  3.859588 -0.149082 -1.331322  -0.153251 -0.255100 -0.437783
40  1.719411 -0.000099 -0.000035  -0.000926 -0.068268 -1.449666
41  1.099673 0.000023 0.000006  0.001945 -0.008048 -0.784821
42  0.805984 -0.359848 -1.318339  0.991670 0.166767 -0.799527
43  1.789780 -0.000009 -0.000042  0.000058 -0.002451 0.133097
44  1.206997 -0.000007 0.000006  0.000372 -0.000071 1.058780
45  5.740572 0.000079 0.000720  0.104811 -0.000014 0.000028
46  11.480974 0.000045 0.000930  0.038567 0.118916 0.094850
47  6.027515 -0.000273 -0.000229  -1.031962 -0.460356 -1.470651
48  -0.000002 11.691975 -0.000006  -1.038840 0.484785 0.816243
49  0.000003 0.000000 -0.000001  2.618569 -0.000036 1.570860
50  -0.000006 -0.000013 0.000006  2.272645 -0.000036 1.570861
51  -3.317034 -5.168078 -6.994528  -0.112855 -2.964985 1.369059
52  -0.000000 -0.000000 0.000000  0.008153 -0.000259 0.000009
53  -0.000000 -0.000000 -0.000001  1.565115 0.043565 -0.106862
54  -0.572694 -15.722710 -6.680434  -1.092845 -0.157480 -1.931630
55  0.000001 -0.000001 0.000000  0.000000 -0.000001 -0.000002
56  0.000031 0.000028 0.000001  -1.571902 -0.044449 -0.106509
57  9.077166 -16.491943 -17.797417  1.570796 -0.000000 0.000000
58  -16.319784 5.039393 -18.063972  1.570796 -0.000000 0.000000
59  -1.398505 -0.359038 -7.028192  1.570796 -0.000000 0.000000
60  -0.004311 0.001230 -0.000371  0.006898 -0.005534 -0.284229
61  0.826810 11.578514 -4.219014  1.570796 -0.000000 0.000000
62  0.000000 0.000000 0.000000  -0.078727 -3.136056 0.284226
63  0.000000 0.000000 0.000000  1.565318 0.005193 0.000421
64  -2.354014 -9.332499 -1.772695  1.555878 0.052450 -0.008281
65  0.042352 -2.889250 0.627701  -0.000000 0.000000 0.000000
66  0.042351 -0.907088 1.190369  -0.000000 0.000000 0.000000
67  -1.331044 -1.025122 4.361372  -0.000000 0.000000 0.000000
68  0.042353 -0.884531 23.199606  -0.000000 0.000000 0.000000
69  0.042255 0.181228 5.671383  -0.000000 0.000000 0.000000
70  0.000096 0.089185 -9.714657  -0.000000 0.000000 0.000000
71  0.042352 -0.569288 7.155121  -0.000000 0.000000 0.000000
72  -0.682762 -1.501893 3.214538  -0.000000 0.000000 0.000000
73  0.074278 -0.628099 4.762587  -0.000000 0.000000 0.000000
74  -2.602097 -14.097589 -5.793798  1.555878 0.052450 -0.008281
75  0.048471 3.702884 -1.382188  -0.000000 3.115334 1.548341
76  2.923889 1.668561 -1.111006  0.000000 -0.000000 -0.087266
77  2.513648 0.747316 -1.364436  0.033223 0.069686 -0.064400
78  -0.000000 0.000001 0.000000  0.068390 0.797731 0.844526
79  -0.000001 0.440764 -0.000001  0.669056 -0.571421 -1.001887
80  0.000000 0.430558 -0.000001  -0.054003 -0.000832 -0.051072
81  0.000000 0.438247 0.000000  0.029062 -0.013122 0.254014
82  -0.000000 0.433550 -0.000001  -0.060177 0.092314 0.034427
83  0.000000 0.454267 0.000001  -0.050625 0.131404 0.197919
84  0.000000 0.438145 -0.000000  -0.143247 0.242885 0.137922
85  0.000000 0.444414 -0.000000  -0.495707 0.760067 0.256799
86  -0.000001 0.422926 -0.000000  -0.275389 0.282677 0.064817
87  0.000000 0.426508 -0.000001  -0.019969 -2.892824 0.007461
88  -0.000000 0.432948 -0.000001  0.008793 -1.865013 -0.071921
time 174
0  0.000006 0.000000 0.000000  -1.570800 -1.391899 -1.570792
1  -6.850994 1.603351 -1.402817  -1.544956 -1.855077 -0.198630
2  6.027521 -0.000326 0.000190  -1.265516 -1.059174 -0.822757
3  11.692108 0.000644 -0.000737  -1.152290 -0.000031 -1.598144
4  11.479699 0.000366 -0.000980  0.751451 -0.674215 0.368424
5  3.859504 -0.142824 -1.192079  -0.603309 -0.153254 -1.645038
6  1.312589 0.000009 0.000007  -0.134332 0.005764 -0.149076
7  0.729355 0.000055 0.000049  -0.006921 -0.010127 -0.171925
8  3.942140 0.046331 -0.431543  -0.437576 0.236645 -1.080252
9  1.539110 0.000084 0.000005  -0.023906 -0.071181 -0.773682
10  1.196334 0.000145 0.000028  0.006223 0.004451 -0.725134
11  3.883512 -0.047212 0.431351  -0.279795 0.553082 -0.488973
12  1.719574 -0.000028 0.000017  0.002711 -0.070786 -0.961842
13  1.209179 0.000091 0.000012  -0.010762 -0.006973 -0.762710
14  4.085234 -0.082654 1.151009  0.025499 0.604578 -0.086052
15  1.719447 -0.000020 0.000027  -0.003946 -0.026040 -0.561722
16  1.099675 0.000049 0.000007  -0.052339 0.061959 -1.042030
17  1.059881 -1.545939 0.873876  -0.894241 -0.623407 -0.353559
18  1.789818 -0.000003 -0.000018  -0.000002 -0.009376 0.757285
19  1.207013 -0.000013 -0.000044  0.001023 -0.000035 -0.104167
20  5.740637 0.000389 -0.000696  -0.224853 0.000003 0.000064
21  11.480947 0.000254 -0.000847  -0.124398 -0.135439 0.004013
22  6.027525 -0.000329 0.000200  1.862270 -0.426760 1.691560
23  -0.000000 11.692100 -0.000007  -1.087332 -0.531177 -0.845715
24  0.000003 0.000009 0.000000  -0.283187 -0.000030 1.570739
25  -0.000001 -0.000011 -0.000000  0.868960 0.000002 1.570712
26  -6.212011 -10.642979 0.826812  1.473120 1.855075 -0.198639
27  6.027512 -0.000261 -0.000220  1.507159 0.869110 -0.536966
28  11.691992 0.000160 0.000858  0.346037 0.000049 -1.524819
29  11.480086 -0.000183 0.000938  -1.196528 0.608429 0.669287
30  3.859438 -0.132758 1.193065  0.469647 -0.013262 -1.872395
31  1.312559 0.000026 -0.000000  0.024060 -0.138696 -0.550187
32  0.729346 0.000064 -0.000028  -0.166197 -0.081570 -0.714272
33  3.942048 0.050139 0.430999  0.225309 -0.086237 -1.592712
34  1.539097 0.000005 -0.000001  0.035254 -0.050373 -0.994350
35  1.196301 0.000078 -0.000004  -0.021521 0.002175 -0.839738
36  3.883415 -0.050472 -0.431085  0.184824 -0.271737 -1.204030
37  1.719564 -0.000084 -0.000005  0.022858 -0.107186 -1.509108
38  1.209198 0.000036 0.000012  0.000661 0.071072 -0.480462
39  3.859589 -0.149082 -1.331322  -0.153251 -0.255100 -0.437783
40  1.719413 -0.000098 -0.000036  -0.000927 -0.068268 -1.449666
41  1.099674 0.000025 0.000006  0.001945 -0.008048 -0.784821
42  0.805983 -0.359847 -1.318340  0.991670 0.166767 -0.799527
43  1.789780 -0.000008 -0.000043  0.000058 -0.002451 0.133097
44  1.206997 -0.000007 0.000006  0.000372 -0.000071 1.058780
45  5.740573 0.000079 0.000720  0.102399 -0.000014 0.000028
46  11.480962 0.000037 0.000932  0.036666 0.116689 0.095934
47  6.027515 -0.000273 -0.000229  -1.023506 -0.463758 -1.474663
48  -0.000000 11.691976 -0.000009  -1.044079 0.489725 0.819514
49  0.000003 -0.000001 -0.000001  2.618569 -0.000036 1.570860
50  -0.000007 -0.000013 0.000004  2.272645 -0.000036 1.570861
51  -3.385631 -5.101798 -7.018330  -0.126769 -2.966605 1.375975
52  -0.000001 -0.000000 -0.000000  0.008153 -0.000259 0.000009
53  0.000000 0.000000 -0.000001  1.565115 0.043565 -0.106862
54  -0.590419 -15.645183 -6.785784  -1.106802 -0.158052 -1.924955
55  0.000000 -0.000001 0.000001  0.000000 -0.000001 -0.000002
56  0.000030 0.000028 0.000001  -1.571901 -0.044449 -0.106509
57  9.127013 -16.470512 -17.713058  1.570796 -0.000000 0.000000
58  -16.319784 5.039393 -18.063972  1.570796 -0.000000 0.000000
59  -1.398505 -0.359038 -7.028192  1.570796 -0.000000 0.000000
60  -0.004311 0.001230 -0.000371  0.006898 -0.005534 -0.284229
61  0.826810 11.578514 -4.219014  1.570796 -0.000000 0.000000
62  0.000000 0.000000 0.000000  -0.078727 -3.136056 0.284226
63  0.000000 0.000000 0.000000  1.567098 -0.000544 0.000284
64  -2.335639 -9.284028 -1.827588  1.560095 0.065587 -0.003549
65  0.042352 -2.889250 0.627701  -0.000000 -0.000000 0.000000
66  0.042352 -0.907087 1.190369  -0.000000 -0.000000 0.000000
67  -1.331044 -1.025122 4.361373  -0.000000 -0.000000 0.000000
68  0.042353 -0.884531 23.199610  -0.000000 -0.000000 0.000000
69  0.042255 0.181228 5.671385  -0.000000 -0.000000 0.000000
70  0.000096 0.089184 -9.714658  -0.000000 -0.000000 0.000000
71  0.042353 -0.569288 7.155123  -0.000000 -0.000000 0.000000
72  -0.682762 -1.501893 3.214540  -0.000000 -0.000000 0.000000
73  0.074279 -0.628098 4.762588  -0.000000 -0.000000 0.000000
74  -2.615233 -14.033024 -5.865628  1.560095 0.065587 -0.003549
75  0.048471 3.702884 -1.382186  -0.000000 3.115334 1.548341
76  2.923889 1.668561 -1.111005  0.000000 0.000000 -0.055231
77  2.506840 0.741749 -1.367206  0.033568 0.073470 -0.055238
78  -0.000000 0.000001 0.000001  0.077863 0.802945 0.849817
79  -0.000001 0.440764 0.000002  0.664779 -0.565259 -0.996658
80  0.000000 0.430559 0.000003  -0.053235 -0.027768 -0.060225
81  -0.000000 0.438246 -0.000001  0.026008 -0.004750 0.258017
82  0.000000 0.433550 -0.000000  -0.042950 0.069693 0.034173
83  -0.000000 0.454267 -0.000002  -0.039564 0.108009 0.193222
84  0.000000 0.438146 -0.000000  -0.145911 0.253491 0.140479
85  0.000001 0.444414 0.000003  -0.495908 0.770187 0.260033
86  -0.000001 0.422926 -0.000000  -0.276785 0.291132 0.070584
87  0.000000 0.426508 -0.000000  -0.018409 -2.886593 0.013650
88  -0.000001 0.432947 -0.000001  0.005328 -1.859035 -0.073371
time 175
0  0.000006 0.000000 0.000000  -1.570800 -1.391899 -1.570792
1  -6.850994 1.603351 -1.402817  -1.544956 -1.855077 -0.198630
2  6.027521 -0.000326 0.000190  -1.273883 -1.046912 -0.808357
3  11.692108 0.000643 -0.000737  -1.152291 -0.000032 -1.618040
4  11.479554 0.000332 -0.001059  0.744730 -0.685530 0.378557
5  3.859502 -0.142824 -1.192079  -0.603309 -0.153254 -1.645038
6  1.312589 0.000009 0.000006  -0.134332 0.005764 -0.149076
7  0.729355 0.000054 0.000049  -0.006921 -0.010127 -0.171925
8  3.942140 0.046331 -0.431543  -0.437576 0.236645 -1.080252
9  1.539111 0.000083 0.000003  -0.023906 -0.071181 -0.773682
10  1.196332 0.000144 0.000027  0.006223 0.004451 -0.725134
11  3.883509 -0.047213 0.431351  -0.279795 0.553082 -0.488973
12  1.719572 -0.000027 0.000018  0.002711 -0.070785 -0.961842
13  1.209179 0.000089 0.000014  -0.010762 -0.006973 -0.762710
14  4.085234 -0.082654 1.151008  0.025499 0.604578 -0.086051
15  1.719447 -0.000019 0.000029  -0.003946 -0.026040 -0.561722
16  1.099676 0.000049 0.000005  -0.052339 0.061959 -1.042030
17  1.059880 -1.545940 0.873876  -0.894241 -0.623407 -0.353559
18  1.789819 -0.000004 -0.000019  -0.000002 -0.009376 0.757285
19  1.207017 -0.000014 -0.000043  0.001023 -0.000035 -0.104167
20  5.740635 0.000390 -0.000699  -0.226781 0.000003 0.000064
21  11.480917 0.000247 -0.000863  -0.124254 -0.138197 0.004523
22  6.027525 -0.000329 0.000200  1.873929 -0.434193 1.693825
23  0.000001 11.692101 -0.000007  -1.099013 -0.542584 -0.852586
24  0.000001 0.000008 0.000000  -0.283187 -0.000031 1.570739
25  -0.000000 -0.000010 -0.000000  0.868960 0.000002 1.570712
26  -6.212011 -10.642979 0.826812  1.473120 1.855075 -0.198639
27  6.027511 -0.000260 -0.000220  1.501605 0.861582 -0.539160
28  11.691992 0.000160 0.000859  0.346038 0.000051 -1.539879
29  11.479971 -0.000247 0.000961  -1.184939 0.608357 0.681434
30  3.859437 -0.132759 1.193065  0.469647 -0.013262 -1.872395
31  1.312559 0.000026 -0.000000  0.024060 -0.138696 -0.550187
32  0.729346 0.000065 -0.000028  -0.166197 -0.081570 -0.714272
33  3.942047 0.050138 0.430999  0.225309 -0.086237 -1.592712
34  1.539097 0.000006 -0.000002  0.035254 -0.050373 -0.994350
35  1.196299 0.000079 -0.000004  -0.021521 0.002175 -0.839738
36  3.883414 -0.050472 -0.431085  0.184824 -0.271737 -1.204030
37  1.719564 -0.000084 -0.000005  0.022858 -0.107186 -1.509108
38  1.209198 0.000035 0.000011  0.000661 0.071072 -0.480462
39  3.859587 -0.149082 -1.331321  -0.153251 -0.255099 -0.437783
40  1.719412 -0.000098 -0.000035  -0.000926 -0.068268 -1.449666
41  1.099674 0.000023 0.000007  0.001945 -0.008048 -0.784821
42  0.805983 -0.359848 -1.318339  0.991670 0.166767 -0.799527
43  1.789780 -0.000008 -0.000042  0.000058 -0.002451 0.133097
44  1.206996 -0.000007 0.000006  0.000372 -0.000071 1.058781
45  5.740573 0.000079 0.000721  0.104764 -0.000013 0.000028
46  11.480939 0.000024 0.000937  0.038192 0.117511 0.097500
47  6.027515 -0.000273 -0.000229  -1.019103 -0.471120 -1.474612
48  -0.000002 11.691976 -0.000007  -1.052968 0.498151 0.825022
49  0.000002 -0.000001 -0.000002  2.618569 -0.000036 1.570860
50  -0.000007 -0.000014 0.000004  2.272645 -0.000036 1.570861
51  -3.350328 -4.973731 -7.058578  -0.121510 -2.972766 1.379634
52  0.000000 -0.000000 0.000001  0.008153 -0.000259 0.000009
53  -0.000000 -0.000000 -0.000001  1.565115 0.043565 -0.106862
54  -0.508424 -15.505353 -6.861606  -1.102612 -0.151148 -1.921041
55  0.000000 -0.000000 0.000001  0.000000 -0.000001 -0.000002
56  0.000030 0.000029 0.000001  -1.571902 -0.044449 -0.106509
57  9.150469 -16.451618 -17.638685  1.570796 -0.000000 0.000000
58  -16.319784 5.039393 -18.063972  1.570796 -0.000000 0.000000
59  -1.398505 -0.359038 -7.028192  1.570796 -0.000000 0.000000
60  -0.004311 0.001230 -0.000371  0.006898 -0.005534 -0.284229
61  0.826810 11.578514 -4.219014  1.570796 -0.000000 0.000000
62  0.000000 0.000000 0.000000  -0.078727 -3.136056 0.284226
63  0.000000 0.000000 0.000000  1.568878 -0.003152 0.000145
64  -2.313706 -9.177393 -1.882481  1.565164 0.059326 0.001326
65  0.042352 -2.889250 0.627701  -0.000000 -0.000000 -0.000000
66  0.042352 -0.907088 1.190369  -0.000000 -0.000000 -0.000000
67  -1.331045 -1.025122 4.361372  -0.000000 -0.000000 -0.000000
68  0.042353 -0.884531 23.199602  -0.000000 -0.000000 -0.000000
69  0.042255 0.181228 5.671383  -0.000000 -0.000000 -0.000000
70  0.000096 0.089184 -9.714655  -0.000000 -0.000000 -0.000000
71  0.042352 -0.569288 7.155122  -0.000000 -0.000000 -0.000000
72  -0.682762 -1.501893 3.214539  -0.000000 -0.000000 -0.000000
73  0.074278 -0.628099 4.762586  -0.000000 -0.000000 -0.000000
74  -2.546308 -13.907091 -5.946070  1.565164 0.059326 0.001326
75  0.048471 3.702884 -1.382188  0.000000 3.115334 1.548341
76  2.923888 1.668561 -1.111007  0.000000 0.000000 -0.027279
77  2.491859 0.729505 -1.373313  0.021956 0.049955 -0.034380
78  0.000000 0.000001 -0.000001  0.054742 0.798367 0.827626
79  0.000000 0.440763 -0.000001  0.656689 -0.553456 -0.995466
80  -0.000000 0.430559 -0.000001  -0.036533 -0.018806 -0.045300
81  -0.000000 0.438248 0.000000  0.019791 -0.003893 0.189550
82  0.000000 0.433550 0.000002  -0.021097 0.079684 0.052946
83  0.000000 0.454267 0.000002  -0.027879 0.138175 0.200963
84  0.000000 0.438146 0.000000  -0.127387 0.244359 0.156168
85  -0.000000 0.444415 -0.000000  -0.496508 0.768179 0.268661
86  -0.000002 0.422926 0.000000  -0.287703 0.296011 0.053016
87  0.000002 0.426508 -0.000000  -0.016290 -2.878372 0.012483
88  -0.000000 0.432947 0.000001  0.027778 -1.848540 -0.082678
time 176
0  0.000006 0.000000 0.000000  -1.570800 -1.391899 -1.570792
1  -6.850994 1.603351 -1.402817  -1.544956 -1.855077 -0.198630
2  6.027521 -0.000327 0.000190  -1.283304 -1.035001 -0.797320
3  11.692107 0.000643 -0.000736  -1.152291 -0.000033 -1.637304
4  11.479416 0.000303 -0.001127  0.743669 -0.694327 0.393384
5  3.859502 -0.142823 -1.192079  -0.603309 -0.153254 -1.645038
6  1.312589 0.000009 0.000009  -0.134332 0.005764 -0.149076
7  0.729356 0.000055 0.000048  -0.006921 -0.010127 -0.171925
8  3.942140 0.046331 -0.431543  -0.437576 0.236645 -1.080252
9  1.539111 0.000082 0.000005  -0.023906 -0.071181 -0.773682
10  1.196333 0.000145 0.000028  0.006223 0.004451 -0.725134
11  3.883512 -0.047212 0.431351  -0.279795 0.553082 -0.488973
12  1.719573 -0.000028 0.000017  0.002711 -0.070786 -0.961842
13  1.209179 0.000091 0.000013  -0.010762 -0.006973 -0.762710
14  4.085233 -0.082654 1.151009  0.025499 0.604578 -0.086052
15  1.719449 -0.000019 0.000028  -0.003946 -0.026040 -0.561722
16  1.099676 0.000049 0.000004  -0.052339 0.061959 -1.042030
17  1.059881 -1.545940 0.873876  -0.894241 -0.623407 -0.353559
18  1.789820 -0.000003 -0.000019  -0.000002 -0.009376 0.757285
19  1.207014 -0.000014 -0.000043  0.001023 -0.000035 -0.104167
20  5.740635 0.000389 -0.000700  -0.227499 0.000003 0.000064
21  11.480890 0.000240 -0.000878  -0.122978 -0.140589 0.006488
22  6.027525 -0.000329 0.000200  1.886042 -0.440837 1.691601
23  0.000002 11.692101 -0.000007  -1.110313 -0.553693 -0.859134
24  0.000004 0.000009 -0.000000  -0.283187 -0.000031 1.570739
25  -0.000001 -0.000011 -0.000000  0.868960 0.000002 1.570712
26  -6.212011 -10.642979 0.826812  1.473120 1.855075 -0.198639
27  6.027511 -0.000260 -0.000220  1.494404 0.855833 -0.542183
28  11.691993 0.000160 0.000858  0.346038 0.000051 -1.554092
29  11.479859 -0.000309 0.000984  -1.166792 0.611099 0.695795
30  3.859437 -0.132759 1.193066  0.469647 -0.013262 -1.872395
31  1.312559 0.000025 -0.000001  0.024060 -0.138696 -0.550187
32  0.729346 0.000064 -0.000028  -0.166197 -0.081570 -0.714272
33  3.942048 0.050138 0.431000  0.225309 -0.086237 -1.592712
34  1.539097 0.000005 -0.000002  0.035254 -0.050373 -0.994350
35  1.196300 0.000079 -0.000003  -0.021521 0.002175 -0.839738
36  3.883414 -0.050472 -0.431084  0.184824 -0.271737 -1.204030
37  1.719564 -0.000084 -0.000004  0.022859 -0.107186 -1.509108
38  1.209197 0.000035 0.000011  0.000661 0.071072 -0.480462
39  3.859588 -0.149082 -1.331321  -0.153251 -0.255100 -0.437783
40  1.719413 -0.000098 -0.000036  -0.000927 -0.068268 -1.449666
41  1.099674 0.000024 0.000007  0.001945 -0.008048 -0.784821
42  0.805984 -0.359848 -1.318338  0.991670 0.166767 -0.799527
43  1.789779 -0.000009 -0.000043  0.000058 -0.002451 0.133098
44  1.206996 -0.000006 0.000006  0.000372 -0.000071 1.058780
45  5.740571 0.000077 0.000721  0.108310 -0.000014 0.000028
46  11.480915 0.000011 0.000942  0.040568 0.119266 0.098912
47  6.027515 -0.000273 -0.000229  -1.017059 -0.478323 -1.473117
48  -0.000002 11.691976 -0.000007  -1.061346 0.506143 0.830166
49  0.000003 -0.000000 0.000000  2.618569 -0.000036 1.570860
50  -0.000008 -0.000013 0.000005  2.272645 -0.000036 1.570861
51  -3.286448 -4.848782 -7.094807  -0.110712 -2.979125 1.381371
52  0.000000 -0.000000 0.000001  0.008153 -0.000259 0.000009
53  0.000001 0.000000 0.000000  1.565115 0.043565 -0.106862
54  -0.409752 -15.371159 -6.909017  -1.092999 -0.143184 -1.918934
55  0.000000 0.000000 0.000000  0.000000 -0.000001 -0.000002
56  0.000030 0.000029 0.000001  -1.571901 -0.044449 -0.106509
57  9.157912 -16.439217 -17.589872  1.570796 -0.000000 0.000000
58  -16.319784 5.039393 -18.063972  1.570796 -0.000000 0.000000
59  -1.398505 -0.359038 -7.028192  1.570796 -0.000000 0.000000
60  -0.004311 0.001230 -0.000371  0.006898 -0.005534 -0.284229
61  0.826810 11.578514 -4.219014  1.570796 -0.000000 0.000000
62  0.000000 0.000000 0.000000  -0.078727 -3.136056 0.284226
63  0.000000 0.000000 0.000000  1.570248 -0.001576 0.000040
64  -2.295330 -9.070757 -1.924706  1.569362 0.047652 0.005067
65  0.042352 -2.889250 0.627701  -0.000000 0.000000 0.000000
66  0.042352 -0.907087 1.190368  -0.000000 0.000000 0.000000
67  -1.331044 -1.025122 4.361372  -0.000000 0.000000 0.000000
68  0.042353 -0.884531 23.199604  -0.000000 0.000000 0.000000
69  0.042255 0.181228 5.671384  -0.000000 0.000000 0.000000
70  0.000096 0.089185 -9.714657  -0.000000 0.000000 0.000000
71  0.042352 -0.569288 7.155125  -0.000000 0.000000 0.000000
72  -0.682762 -1.501892 3.214539  -0.000000 0.000000 0.000000
73  0.074278 -0.628098 4.762587  -0.000000 0.000000 0.000000
74  -2.463814 -13.783928 -6.010602  1.569362 0.047652 0.005067
75  0.048471 3.702883 -1.382187  0.000000 3.115334 1.548341
76  2.923889 1.668561 -1.111006  0.000000 -0.000000 -0.007503
77  2.476879 0.717259 -1.379412  0.005971 0.014978 -0.010711
78  0.000000 -0.000001 -0.000001  0.015527 0.789218 0.796735
79  -0.000000 0.440764 -0.000002  0.637109 -0.534557 -0.984385
80  -0.000000 0.430558 -0.000000  -0.010757 -0.000568 -0.010929
81  -0.000000 0.438247 -0.000001  0.009599 -0.002137 0.065960
82  -0.000000 0.433550 -0.000000  -0.002636 0.096560 0.090277
83  -0.000000 0.454267 0.000003  -0.020556 0.192903 0.216029
84  -0.000000 0.438145 -0.000001  -0.086666 0.225035 0.182500
85  0.000001 0.444415 -0.000000  -0.488389 0.762540 0.287067
86  -0.000002 0.422926 0.000000  -0.301813 0.300762 0.022183
87  -0.000000 0.426508 0.000000  -0.013778 -2.868049 0.009313
88  0.000001 0.432947 -0.000001  0.058413 -1.834887 -0.084352
time 177
0  0.000006 0.000000 0.000000  -1.570800 -1.391899 -1.570792
1  -6.850994 1.603351 -1.402817  -1.544956 -1.855077 -0.198630
2  6.027521 -0.000327 0.000190  -1.287726 -1.029655 -0.793036
3  11.692108 0.000644 -0.000736  -1.152291 -0.000034 -1.645917
4  11.479358 0.000289 -0.001158  0.744218 -0.697842 0.401022
5  3.859505 -0.142823 -1.192079  -0.603309 -0.153254 -1.645038
6  1.312589 0.000010 0.000008  -0.134332 0.005764 -0.149076
7  0.729355 0.000054 0.000050  -0.006921 -0.010127 -0.171925
8  3.942142 0.046330 -0.431543  -0.437576 0.236645 -1.080252
9  1.539110 0.000084 0.000003  -0.023906 -0.071181 -0.773682
10  1.196334 0.000144 0.000028  0.006223 0.004451 -0.725134
11  3.883512 -0.047213 0.431351  -0.279795 0.553082 -0.488973
12  1.719573 -0.000029 0.000017  0.002711 -0.070785 -0.961842
13  1.209180 0.000090 0.000012  -0.010762 -0.006973 -0.762710
14  4.085236 -0.082653 1.151008  0.025499 0.604578 -0.086052
15  1.719448 -0.000018 0.000030  -0.003946 -0.026040 -0.561722
16  1.099675 0.000049 0.000006  -0.052339 0.061959 -1.042030
17  1.059882 -1.545940 0.873876  -0.894241 -0.623407 -0.353559
18  1.789817 -0.000005 -0.000019  -0.000002 -0.009376 0.757285
19  1.207017 -0.000013 -0.000043  0.001023 -0.000035 -0.104167
20  5.740635 0.000389 -0.000699  -0.227611 0.000003 0.000063
21  11.480878 0.000238 -0.000884  -0.122187 -0.141604 0.007658
22  6.027525 -0.000329 0.000200  1.891638 -0.443691 1.689693
23  0.000001 11.692101 -0.000007  -1.115363 -0.558680 -0.862029
24  0.000004 0.000006 -0.000000  -0.283187 -0.000031 1.570738
25  0.000000 -0.000011 -0.000000  0.868960 0.000002 1.570712
26  -6.212011 -10.642979 0.826812  1.473120 1.855075 -0.198639
27  6.027511 -0.000260 -0.000220  1.490837 0.853568 -0.543696
28  11.691992 0.000161 0.000859  0.346038 0.000052 -1.560379
29  11.479815 -0.000332 0.000993  -1.157328 0.612831 0.702740
30  3.859438 -0.132759 1.193065  0.469647 -0.013262 -1.872395
31  1.312559 0.000026 -0.000000  0.024060 -0.138696 -0.550187
32  0.729346 0.000065 -0.000026  -0.166197 -0.081570 -0.714272
33  3.942046 0.050139 0.431000  0.225309 -0.086237 -1.592712
34  1.539096 0.000007 -0.000001  0.035254 -0.050373 -0.994350
35  1.196301 0.000078 -0.000003  -0.021521 0.002175 -0.839738
36  3.883413 -0.050472 -0.431084  0.184824 -0.271737 -1.204030
37  1.719563 -0.000084 -0.000005  0.022858 -0.107186 -1.509108
38  1.209198 0.000036 0.000011  0.000661 0.071072 -0.480462
39  3.859588 -0.149082 -1.331321  -0.153251 -0.255100 -0.437783
40  1.719412 -0.000098 -0.000035  -0.000926 -0.068268 -1.449666
41  1.099673 0.000024 0.000006  0.001945 -0.008048 -0.784821
42  0.805983 -0.359848 -1.318338  0.991670 0.166767 -0.799527
43  1.789780 -0.000008 -0.000042  0.000058 -0.002451 0.133098
44  1.206997 -0.000006 0.000005  0.000372 -0.000071 1.058780
45  5.740573 0.000079 0.000721  0.110137 -0.000013 0.000028
46  11.480907 0.000007 0.000944  0.041801 0.120236 0.099521
47  6.027515 -0.000273 -0.000229  -1.016591 -0.481554 -1.472156
48  -0.000002 11.691976 -0.000007  -1.065049 0.509690 0.832424
49  0.000002 -0.000001 -0.000001  2.618569 -0.000036 1.570860
50  -0.000008 -0.000014 0.000004  2.272645 -0.000036 1.570861
51  -3.252213 -4.792506 -7.110336  -0.104800 -2.982050 1.381830
52  -0.000000 -0.000000 0.000001  0.008153 -0.000259 0.000009
53  -0.000001 -0.000000 0.000000  1.565115 0.043565 -0.106862
54  -0.361886 -15.311156 -6.925115  -1.087645 -0.139374 -1.918281
55  -0.000000 -0.000000 -0.000001  0.000000 -0.000001 -0.000002
56  0.000030 0.000029 0.000001  -1.571901 -0.044449 -0.106509
57  9.158812 -16.435024 -17.573372  1.570796 -0.000000 0.000000
58  -16.319784 5.039393 -18.063972  1.570796 -0.000000 0.000000
59  -1.398505 -0.359038 -7.028192  1.570796 -0.000000 0.000000
60  -0.004311 0.001230 -0.000371  0.006898 -0.005534 -0.284229
61  0.826810 11.578514 -4.219014  1.570796 -0.000000 0.000000
62  0.000000 0.000000 0.000000  -0.078727 -3.136056 0.284226
63  0.000000 0.000000 0.000000  1.570796 -0.000000 0.000000
64  -2.287624 -9.022286 -1.941597  1.571103 0.041360 0.006551
65  0.042352 -2.889250 0.627700  0.000000 -0.000000 -0.000000
66  0.042352 -0.907088 1.190369  0.000000 -0.000000 -0.000000
67  -1.331044 -1.025122 4.361372  0.000000 -0.000000 -0.000000
68  0.042353 -0.884531 23.199606  0.000000 -0.000000 -0.000000
69  0.042255 0.181228 5.671383  0.000000 -0.000000 -0.000000
70  0.000096 0.089184 -9.714657  0.000000 -0.000000 -0.000000
71  0.042352 -0.569288 7.155123  0.000000 -0.000000 -0.000000
72  -0.682762 -1.501893 3.214539  0.000000 -0.000000 -0.000000
73  0.074278 -0.628099 4.762587  0.000000 -0.000000 -0.000000
74  -2.423789 -13.728408 -6.036813  1.571103 0.041360 0.006551
75  0.048471 3.702883 -1.382188  0.000000 3.115334 1.548341
76  2.923888 1.668561 -1.111005  0.000000 -0.000000 -0.000000
77  2.470069 0.711694 -1.382188  -0.001655 -0.002946 -0.000060
78  -0.000000 0.000001 -0.000001  -0.004593 0.783941 0.781554
79  -0.000001 0.440764 -0.000002  0.625606 -0.525055 -0.976917
80  0.000000 0.430559 -0.000001  0.001828 0.009355 0.009438
81  0.000000 0.438246 0.000002  0.003716 -0.001551 0.001029
82  0.000000 0.433550 0.000001  0.005512 0.105074 0.111318
83  0.000000 0.454267 -0.000001  -0.017847 0.222189 0.223928
84  -0.000000 0.438145 -0.000002  -0.064171 0.214184 0.195085
85  0.000001 0.444415 -0.000001  -0.482214 0.759377 0.296701
86  0.000000 0.422926 0.000001  -0.308045 0.303002 0.005925
87  -0.000000 0.426508 0.000000  -0.012093 -2.862958 0.007385
88  -0.000001 0.432947 0.000000  0.066915 -1.828286 -0.076058
end
