version 1
nodes
0 "ValveBiped.Bip01_Spine4" -1
1 "ValveBiped.Bip01_L_Clavicle" 0
2 "ValveBiped.Bip01_L_UpperArm" 1
3 "ValveBiped.Bip01_L_Forearm" 2
4 "ValveBiped.Bip01_L_Hand" 3
5 "ValveBiped.Bip01_L_Finger4" 4
6 "ValveBiped.Bip01_L_Finger41" 5
7 "ValveBiped.Bip01_L_Finger42" 6
8 "ValveBiped.Bip01_L_Finger3" 4
9 "ValveBiped.Bip01_L_Finger31" 8
10 "ValveBiped.Bip01_L_Finger32" 9
11 "ValveBiped.Bip01_L_Finger2" 4
12 "ValveBiped.Bip01_L_Finger21" 11
13 "ValveBiped.Bip01_L_Finger22" 12
14 "ValveBiped.Bip01_L_Finger1" 4
15 "ValveBiped.Bip01_L_Finger11" 14
16 "ValveBiped.Bip01_L_Finger12" 15
17 "ValveBiped.Bip01_L_Finger0" 4
18 "ValveBiped.Bip01_L_Finger01" 17
19 "ValveBiped.Bip01_L_Finger02" 18
20 "ValveBiped.Bip01_L_Ulna" 3
21 "ValveBiped.Bip01_L_Wrist" 3
22 "rig_l_upperarm" 1
23 "rig_l_forearm" 22
24 "rig_d_l_forearm" 23
25 "rig_d_l_upperarm" 22
26 "ValveBiped.Bip01_R_Clavicle" 0
27 "ValveBiped.Bip01_R_UpperArm" 26
28 "ValveBiped.Bip01_R_Forearm" 27
29 "ValveBiped.Bip01_R_Hand" 28
30 "ValveBiped.Bip01_R_Finger4" 29
31 "ValveBiped.Bip01_R_Finger41" 30
32 "ValveBiped.Bip01_R_Finger42" 31
33 "ValveBiped.Bip01_R_Finger3" 29
34 "ValveBiped.Bip01_R_Finger31" 33
35 "ValveBiped.Bip01_R_Finger32" 34
36 "ValveBiped.Bip01_R_Finger2" 29
37 "ValveBiped.Bip01_R_Finger21" 36
38 "ValveBiped.Bip01_R_Finger22" 37
39 "ValveBiped.Bip01_R_Finger1" 29
40 "ValveBiped.Bip01_R_Finger11" 39
41 "ValveBiped.Bip01_R_Finger12" 40
42 "ValveBiped.Bip01_R_Finger0" 29
43 "ValveBiped.Bip01_R_Finger01" 42
44 "ValveBiped.Bip01_R_Finger02" 43
45 "ValveBiped.Bip01_R_Ulna" 28
46 "ValveBiped.Bip01_R_Wrist" 28
47 "rig_r_upperarm" 26
48 "rig_r_forearm" 47
49 "rig_d_r_forearm" 48
50 "rig_d_r_upperarm" 47
51 "rig_r_hand" -1
52 "rig_d_r_hand" 51
53 "rig_d_r_wrist" 52
54 "rig_l_hand" -1
55 "rig_d_l_hand" 54
56 "rig_d_l_wrist" 54
57 "rig_l_pole" -1
58 "rig_r_pole" -1
59 "rig_l_clavicle" -1
60 "rig_d_l_clavicle" 59
61 "rig_r_clavicle" -1
62 "rig_d_r_clavicle" 61
63 "Camera" -1
64 "body" -1
65 "trigger" 64
66 "barrel" 64
67 "magrel" 64
68 "bullet1" 64
69 "magrel2" 64
70 "chandle2" 64
71 "chandle" 70
72 "bolt" 64
73 "boltrelease" 64
74 "mag" -1
75 "bullet2" 74
76 "bullet3" 74
end
skeleton
time 0
0  0.031807 0.000000 -0.000718  -1.570800 -1.391899 -1.570792
1  2.033349 1.000767 1.937657  -1.544956 -1.855077 -0.198630
2  6.027516 -0.000328 0.000207  -1.584530 0.021395 -0.583842
3  11.692114 0.000488 -0.000740  -0.000016 -0.000000 -0.007121
4  11.493144 0.000196 -0.000731  1.578187 -0.105563 0.016833
5  3.859502 -0.142878 -1.192066  -0.468166 0.151540 -0.880272
6  1.312588 0.000014 0.000005  -0.000028 0.000045 -0.439735
7  0.729355 0.000056 0.000049  0.000017 0.000021 -0.244319
8  3.942139 0.046272 -0.431529  -0.151814 0.073211 -0.811098
9  1.539107 0.000083 -0.000001  -0.000007 0.000020 -0.247842
10  1.196333 0.000144 0.000024  0.000010 0.000019 -0.430771
11  3.883504 -0.047268 0.431364  0.085896 0.021852 -0.587925
12  1.719571 -0.000025 0.000010  0.000014 0.005518 -0.366532
13  1.209180 0.000091 0.000007  0.000003 0.003092 -0.216438
14  3.859666 -0.138475 1.332393  0.354468 -0.042722 -0.531803
15  1.719447 -0.000013 0.000021  0.000028 0.004067 -0.363021
16  1.099675 0.000048 0.000002  0.000002 0.002578 -0.244381
17  0.805999 -0.349052 1.321250  -1.222690 -0.679189 -0.788883
18  1.789817 -0.000006 -0.000015  0.000011 -0.000024 0.228522
19  1.207015 -0.000013 -0.000041  0.000002 -0.000008 0.362857
20  5.740635 0.000364 -0.000699  -0.002606 0.000003 0.000060
21  11.483640 0.000175 -0.000799  0.005205 0.000379 -0.006561
22  6.027523 -0.000330 0.000206  0.027748 -2.453687 -2.172322
23  -0.000000 11.692099 -0.000006  -0.005460 -0.000058 -0.004615
24  0.000002 0.000006 -0.000001  0.868996 -0.000031 1.570738
25  -0.000002 -0.000007 -0.000002  0.868967 -0.000009 1.570721
26  2.033355 1.000772 -1.937610  1.473120 1.855074 -0.198639
27  6.027509 -0.000263 -0.000230  1.638349 -0.027674 -0.589111
28  11.691992 0.000245 0.000862  -0.000050 -0.000003 -0.100160
29  11.481182 0.000157 0.000814  -1.563733 0.107560 0.064391
30  3.859439 -0.132763 1.193064  0.466290 -0.158049 -0.878824
31  1.312559 0.000026 -0.000002  0.000012 -0.000043 -0.439709
32  0.729344 0.000065 -0.000029  -0.000023 -0.000020 -0.244285
33  3.942045 0.050134 0.430999  0.150091 -0.079183 -0.810191
34  1.539097 0.000009 -0.000005  0.000008 -0.000008 -0.247823
35  1.196298 0.000079 -0.000008  -0.000008 -0.000009 -0.430782
36  3.883411 -0.050480 -0.431085  -0.085915 -0.026398 -0.587662
37  1.719563 -0.000082 -0.000015  -0.000008 -0.007961 -0.366484
38  1.209197 0.000034 0.000005  0.000001 -0.004462 -0.216413
39  3.859586 -0.149087 -1.331322  -0.354446 0.038570 -0.531955
40  1.719415 -0.000093 -0.000048  -0.000032 -0.006584 -0.363029
41  1.099673 0.000024 -0.000000  0.000003 -0.004188 -0.244346
42  0.805981 -0.359852 -1.318338  1.221449 0.673634 -0.793551
43  1.789779 -0.000006 -0.000029  -0.000030 0.000031 0.228551
44  1.206997 -0.000003 0.000014  -0.000019 0.000020 0.362912
45  5.740574 0.000119 0.000726  -0.002831 -0.000013 0.000032
46  11.481184 0.000168 0.000915  0.000245 0.000119 0.002626
47  6.027517 -0.000277 -0.000229  0.034372 -0.634013 -2.180346
48  0.000000 11.691981 -0.000006  -0.076441 0.002495 0.064604
49  0.000003 -0.000001 -0.000000  2.272566 -0.000036 1.570861
50  -0.000006 -0.000014 0.000005  2.272646 -0.000031 1.570865
51  -22.612965 -0.984331 -17.555550  -1.605366 2.379717 -0.041994
52  0.000002 0.000001 0.000000  0.008153 -0.000259 0.000009
53  -0.000003 -0.000002 0.000000  1.565115 0.043565 -0.106862
54  22.740120 -0.984221 -17.555637  1.605712 0.761853 0.042358
55  0.000000 -0.000002 -0.000000  0.000000 -0.000000 -0.000002
56  0.000031 0.000028 0.000001  -1.571901 -0.044449 -0.106509
57  15.296824 8.339654 -8.788257  1.570796 -0.000000 0.000000
58  -15.233200 8.339654 -8.788257  1.570796 -0.000000 0.000000
59  1.973778 -1.346989 1.820868  1.570796 -0.000000 0.000000
60  -0.004311 0.001230 -0.000371  0.006898 -0.005534 -0.284228
61  -1.905803 -1.346625 1.822105  1.570796 -0.000000 0.000000
62  0.000000 0.000000 0.000000  -0.078728 -3.136056 0.284225
63  0.031801 0.000000 -0.000718  1.570796 -0.000000 0.000000
64  -3.559040 -11.939873 -2.852651  1.570796 -0.000000 0.000000
65  -0.039397 -3.107036 0.976860  0.000000 -0.000000 0.000000
66  -0.039396 -0.914783 9.564856  0.000000 -0.000000 0.000000
67  -0.039396 -3.172347 3.170215  0.000000 -0.000000 0.000000
68  -0.039397 -1.229303 3.715100  0.000000 -0.000000 0.000000
69  0.408672 -2.529140 3.193419  0.000000 -0.000000 0.000000
70  -0.039396 0.091155 10.882011  0.000000 -0.000000 0.000000
71  0.872713 0.008025 -1.510462  0.000000 -0.000000 0.000000
72  -0.039397 -0.788819 2.900786  0.000000 -0.000000 0.000000
73  0.595149 -1.458825 1.529925  0.000000 -0.000000 0.000000
74  -3.556560 -16.646259 -6.949824  1.570796 -0.000000 0.000000
75  -0.168163 2.614667 -0.991286  0.000000 -0.000000 0.000000
76  0.085124 2.434092 -0.991286  0.000000 -0.000000 0.000000
end
triangles
gun_tex
0  -3.598438 -16.259130 -3.911221  0.000000 1.000000 0.000000  0.854656 0.177802 1 68 1.000000
0  -3.450578 -16.259130 -3.996587  0.000000 1.000000 0.000000  0.854726 0.177842 1 68 1.000000
0  -3.598438 -16.259130 -4.252687  0.000000 1.000000 0.000000  0.854795 0.177722 1 68 1.000000
gun_tex
0  -3.742476 -16.367002 -3.998794  -0.495826 -0.129126 0.858768  0.854656 0.177722 1 68 1.000000
0  -3.598438 -16.461016 -3.929768  -0.495826 -0.129126 0.858768  0.854656 0.177802 1 68 1.000000
0  -3.598438 -16.367002 -3.915633  -0.495826 -0.129126 0.858768  0.854656 0.177802 1 68 1.000000
gun_tex
0  -3.746297 -16.259130 -4.167321  -0.999373 -0.035395 0.000001  0.854726 0.177682 1 68 1.000000
0  -3.742476 -16.367002 -3.998794  -0.999373 -0.035395 0.000001  0.854656 0.177722 1 68 1.000000
0  -3.746297 -16.259130 -3.996587  -0.999373 -0.035395 0.000001  0.854656 0.177722 1 68 1.000000
gun_tex
0  -3.450579 -16.259130 -4.167321  0.499682 -0.035398 -0.865485  0.854795 0.177802 1 68 1.000000
0  -3.598438 -16.367002 -4.248275  0.499682 -0.035398 -0.865485  0.854795 0.177722 1 68 1.000000
0  -3.598438 -16.259130 -4.252687  0.499682 -0.035398 -0.865485  0.854795 0.177722 1 68 1.000000
gun_tex
0  -3.746297 -16.259130 -3.996587  -0.499688 -0.035397 0.865482  0.854656 0.177722 1 68 1.000000
0  -3.598438 -16.367002 -3.915633  -0.499688 -0.035397 0.865482  0.854656 0.177802 1 68 1.000000
0  -3.598438 -16.259130 -3.911221  -0.499688 -0.035397 0.865482  0.854656 0.177802 1 68 1.000000
gun_tex
0  -3.598438 -16.259130 -4.252687  -0.499680 -0.035401 -0.865486  0.854795 0.177722 1 68 1.000000
0  -3.742476 -16.367002 -4.165114  -0.499680 -0.035401 -0.865486  0.854726 0.177682 1 68 1.000000
0  -3.746297 -16.259130 -4.167321  -0.499680 -0.035401 -0.865486  0.854726 0.177682 1 68 1.000000
gun_tex
0  -3.450578 -16.259130 -3.996587  0.999374 -0.035392 -0.000001  0.854726 0.177842 1 68 1.000000
0  -3.454399 -16.367002 -4.165114  0.999374 -0.035392 -0.000001  0.854795 0.177802 1 68 1.000000
0  -3.450579 -16.259130 -4.167321  0.999374 -0.035392 -0.000001  0.854795 0.177802 1 68 1.000000
gun_tex
0  -3.598438 -16.259130 -3.911221  0.499688 -0.035404 0.865481  0.854656 0.177802 1 68 1.000000
0  -3.454399 -16.367002 -3.998794  0.499688 -0.035404 0.865481  0.854726 0.177842 1 68 1.000000
0  -3.450578 -16.259130 -3.996587  0.499688 -0.035404 0.865481  0.854726 0.177842 1 68 1.000000
gun_tex
0  -3.598438 -16.461016 -3.929768  0.464575 -0.369654 0.804690  0.854656 0.177802 1 68 1.000000
0  -3.506680 -16.561657 -4.028977  0.464575 -0.369654 0.804690  0.854726 0.177842 1 68 1.000000
0  -3.466641 -16.461016 -4.005861  0.464575 -0.369654 0.804690  0.854726 0.177842 1 68 1.000000
gun_tex
0  -3.598438 -16.367002 -4.248275  -0.495810 -0.129114 -0.858779  0.854795 0.177722 1 68 1.000000
0  -3.730235 -16.461016 -4.158047  -0.495810 -0.129114 -0.858779  0.854726 0.177682 1 68 1.000000
0  -3.742476 -16.367002 -4.165114  -0.495810 -0.129114 -0.858779  0.854726 0.177682 1 68 1.000000
gun_tex
0  -3.454399 -16.367002 -3.998794  0.991628 -0.129125 0.000000  0.854726 0.177842 1 68 1.000000
0  -3.466641 -16.461016 -4.158047  0.991628 -0.129125 0.000000  0.854795 0.177802 1 68 1.000000
0  -3.454399 -16.367002 -4.165114  0.991628 -0.129125 0.000000  0.854795 0.177802 1 68 1.000000
gun_tex
0  -3.454399 -16.367002 -3.998794  0.495810 -0.129118 0.858779  0.854726 0.177842 1 68 1.000000
0  -3.598438 -16.461016 -3.929768  0.495810 -0.129118 0.858779  0.854656 0.177802 1 68 1.000000
0  -3.466641 -16.461016 -4.005861  0.495810 -0.129118 0.858779  0.854726 0.177842 1 68 1.000000
gun_tex
0  -3.742476 -16.367002 -4.165114  -0.991629 -0.129117 0.000000  0.854726 0.177682 1 68 1.000000
0  -3.730235 -16.461016 -4.005861  -0.991629 -0.129117 0.000000  0.854656 0.177722 1 68 1.000000
0  -3.742476 -16.367002 -3.998794  -0.991629 -0.129117 0.000000  0.854656 0.177722 1 68 1.000000
gun_tex
0  -3.454399 -16.367002 -4.165114  0.495808 -0.129118 -0.858780  0.854795 0.177802 1 68 1.000000
0  -3.598438 -16.461016 -4.234139  0.495808 -0.129118 -0.858780  0.854795 0.177722 1 68 1.000000
0  -3.598438 -16.367002 -4.248275  0.495808 -0.129118 -0.858780  0.854795 0.177722 1 68 1.000000
gun_tex
0  -3.598438 -16.561657 -3.976001  -0.412825 -0.564190 0.715028  0.854656 0.177802 1 68 1.000000
0  -3.651898 -16.617702 -4.051088  -0.412825 -0.564190 0.715028  0.854656 0.177722 1 68 1.000000
0  -3.598438 -16.617702 -4.020223  -0.412825 -0.564190 0.715028  0.854656 0.177802 1 68 1.000000
gun_tex
0  -3.730235 -16.461016 -4.158047  -0.929167 -0.369659 0.000000  0.854726 0.177682 1 68 1.000000
0  -3.690196 -16.561657 -4.028977  -0.929167 -0.369659 0.000000  0.854656 0.177722 1 68 1.000000
0  -3.730235 -16.461016 -4.005861  -0.929167 -0.369659 0.000000  0.854656 0.177722 1 68 1.000000
gun_tex
0  -3.466641 -16.461016 -4.158047  0.464579 -0.369652 -0.804689  0.854795 0.177802 1 68 1.000000
0  -3.598438 -16.561657 -4.187907  0.464579 -0.369652 -0.804689  0.854795 0.177722 1 68 1.000000
0  -3.598438 -16.461016 -4.234139  0.464579 -0.369652 -0.804689  0.854795 0.177722 1 68 1.000000
gun_tex
0  -3.730235 -16.461016 -4.005861  -0.464581 -0.369655 0.804686  0.854656 0.177722 1 68 1.000000
0  -3.598438 -16.561657 -3.976001  -0.464581 -0.369655 0.804686  0.854656 0.177802 1 68 1.000000
0  -3.598438 -16.461016 -3.929768  -0.464581 -0.369655 0.804686  0.854656 0.177802 1 68 1.000000
gun_tex
0  -3.598438 -16.461016 -4.234139  -0.464578 -0.369655 -0.804688  0.854795 0.177722 1 68 1.000000
0  -3.690196 -16.561657 -4.134930  -0.464578 -0.369655 -0.804688  0.854726 0.177682 1 68 1.000000
0  -3.730235 -16.461016 -4.158047  -0.464578 -0.369655 -0.804688  0.854726 0.177682 1 68 1.000000
gun_tex
0  -3.466641 -16.461016 -4.158047  0.929167 -0.369661 0.000000  0.854795 0.177802 1 68 1.000000
0  -3.506680 -16.561657 -4.028977  0.929167 -0.369661 0.000000  0.854726 0.177842 1 68 1.000000
0  -3.506680 -16.561657 -4.134930  0.929167 -0.369661 0.000000  0.854795 0.177802 1 68 1.000000
gun_tex
0  -3.598438 -16.617702 -4.020223  0.306405 -0.790247 0.530684  0.854656 0.177802 1 68 1.000000
0  -3.582279 -16.646629 -4.072625  0.306405 -0.790247 0.530684  0.854726 0.177842 1 68 1.000000
0  -3.544977 -16.617702 -4.051088  0.306405 -0.790247 0.530684  0.854726 0.177842 1 68 1.000000
gun_tex
0  -3.598438 -16.561657 -4.187907  -0.412827 -0.564192 -0.715025  0.854795 0.177722 1 68 1.000000
0  -3.651898 -16.617702 -4.112819  -0.412827 -0.564192 -0.715025  0.854726 0.177682 1 68 1.000000
0  -3.690196 -16.561657 -4.134930  -0.412827 -0.564192 -0.715025  0.854726 0.177682 1 68 1.000000
gun_tex
0  -3.506680 -16.561657 -4.134930  0.825649 -0.564185 0.000000  0.854795 0.177802 1 68 1.000000
0  -3.544977 -16.617702 -4.051088  0.825649 -0.564185 0.000000  0.854726 0.177842 1 68 1.000000
0  -3.544977 -16.617702 -4.112819  0.825649 -0.564185 0.000000  0.854795 0.177802 1 68 1.000000
gun_tex
0  -3.506680 -16.561657 -4.028977  0.412832 -0.564186 0.715027  0.854726 0.177842 1 68 1.000000
0  -3.598438 -16.617702 -4.020223  0.412832 -0.564186 0.715027  0.854656 0.177802 1 68 1.000000
0  -3.544977 -16.617702 -4.051088  0.412832 -0.564186 0.715027  0.854726 0.177842 1 68 1.000000
gun_tex
0  -3.690196 -16.561657 -4.134930  -0.825643 -0.564192 0.000000  0.854726 0.177682 1 68 1.000000
0  -3.651898 -16.617702 -4.051088  -0.825643 -0.564192 0.000000  0.854656 0.177722 1 68 1.000000
0  -3.690196 -16.561657 -4.028977  -0.825643 -0.564192 0.000000  0.854656 0.177722 1 68 1.000000
gun_tex
0  -3.598438 -16.561657 -4.187907  0.412838 -0.564184 -0.715025  0.854795 0.177722 1 68 1.000000
0  -3.544977 -16.617702 -4.112819  0.412838 -0.564184 -0.715025  0.854795 0.177802 1 68 1.000000
0  -3.598438 -16.617702 -4.143685  0.412838 -0.564184 -0.715025  0.854795 0.177722 1 68 1.000000
gun_tex
0  -3.614596 -16.646629 -4.072625  0.000000 -1.000000 0.000000  0.854656 0.177722 1 68 1.000000
0  -3.614596 -16.646629 -4.091283  0.000000 -1.000000 0.000000  0.854726 0.177682 1 68 1.000000
0  -3.598438 -16.646629 -4.100612  0.000000 -1.000000 0.000000  0.854795 0.177722 1 68 1.000000
gun_tex
0  -3.651898 -16.617702 -4.112819  -0.612798 -0.790239 0.000000  0.854726 0.177682 1 68 1.000000
0  -3.614596 -16.646629 -4.072625  -0.612798 -0.790239 0.000000  0.854656 0.177722 1 68 1.000000
0  -3.651898 -16.617702 -4.051088  -0.612798 -0.790239 0.000000  0.854656 0.177722 1 68 1.000000
gun_tex
0  -3.598438 -16.617702 -4.143685  0.306390 -0.790228 -0.530721  0.854795 0.177722 1 68 1.000000
0  -3.582279 -16.646629 -4.091283  0.306390 -0.790228 -0.530721  0.854795 0.177802 1 68 1.000000
0  -3.598438 -16.646629 -4.100612  0.306390 -0.790228 -0.530721  0.854795 0.177722 1 68 1.000000
gun_tex
0  -3.651898 -16.617702 -4.051088  -0.306401 -0.790226 0.530717  0.854656 0.177722 1 68 1.000000
0  -3.598438 -16.646629 -4.063296  -0.306401 -0.790226 0.530717  0.854656 0.177802 1 68 1.000000
0  -3.598438 -16.617702 -4.020223  -0.306401 -0.790226 0.530717  0.854656 0.177802 1 68 1.000000
gun_tex
0  -3.598438 -16.617702 -4.143685  -0.306412 -0.790222 -0.530718  0.854795 0.177722 1 68 1.000000
0  -3.614596 -16.646629 -4.091283  -0.306412 -0.790222 -0.530718  0.854726 0.177682 1 68 1.000000
0  -3.651898 -16.617702 -4.112819  -0.306412 -0.790222 -0.530718  0.854726 0.177682 1 68 1.000000
gun_tex
0  -3.544977 -16.617702 -4.112819  0.612794 -0.790242 0.000000  0.854795 0.177802 1 68 1.000000
0  -3.582279 -16.646629 -4.072625  0.612794 -0.790242 0.000000  0.854726 0.177842 1 68 1.000000
0  -3.582279 -16.646629 -4.091283  0.612794 -0.790242 0.000000  0.854795 0.177802 1 68 1.000000
gun_tex
0  -3.450578 -16.259130 -3.996587  0.000000 1.000000 0.000000  0.854726 0.177842 1 68 1.000000
0  -3.450579 -16.259130 -4.167321  0.000000 1.000000 0.000000  0.854795 0.177802 1 68 1.000000
0  -3.598438 -16.259130 -4.252687  0.000000 1.000000 0.000000  0.854795 0.177722 1 68 1.000000
gun_tex
0  -3.598438 -16.259130 -4.252687  0.000000 1.000000 0.000005  0.854795 0.177722 1 68 1.000000
0  -3.746297 -16.259130 -4.167321  0.000000 1.000000 0.000005  0.854726 0.177682 1 68 1.000000
0  -3.746297 -16.259130 -3.996587  0.000000 1.000000 0.000005  0.854656 0.177722 1 68 1.000000
gun_tex
0  -3.746297 -16.259130 -3.996587  0.000000 1.000000 -0.000002  0.854656 0.177722 1 68 1.000000
0  -3.598438 -16.259130 -3.911221  0.000000 1.000000 -0.000002  0.854656 0.177802 1 68 1.000000
0  -3.598438 -16.259130 -4.252687  0.000000 1.000000 -0.000002  0.854795 0.177722 1 68 1.000000
gun_tex
0  -3.742476 -16.367002 -3.998794  -0.495796 -0.129111 0.858788  0.854656 0.177722 1 68 1.000000
0  -3.730235 -16.461016 -4.005861  -0.495796 -0.129111 0.858788  0.854656 0.177722 1 68 1.000000
0  -3.598438 -16.461016 -3.929768  -0.495796 -0.129111 0.858788  0.854656 0.177802 1 68 1.000000
gun_tex
0  -3.746297 -16.259130 -4.167321  -0.999373 -0.035406 0.000000  0.854726 0.177682 1 68 1.000000
0  -3.742476 -16.367002 -4.165114  -0.999373 -0.035406 0.000000  0.854726 0.177682 1 68 1.000000
0  -3.742476 -16.367002 -3.998794  -0.999373 -0.035406 0.000000  0.854656 0.177722 1 68 1.000000
gun_tex
0  -3.450579 -16.259130 -4.167321  0.499685 -0.035402 -0.865483  0.854795 0.177802 1 68 1.000000
0  -3.454399 -16.367002 -4.165114  0.499685 -0.035402 -0.865483  0.854795 0.177802 1 68 1.000000
0  -3.598438 -16.367002 -4.248275  0.499685 -0.035402 -0.865483  0.854795 0.177722 1 68 1.000000
gun_tex
0  -3.746297 -16.259130 -3.996587  -0.499687 -0.035399 0.865482  0.854656 0.177722 1 68 1.000000
0  -3.742476 -16.367002 -3.998794  -0.499687 -0.035399 0.865482  0.854656 0.177722 1 68 1.000000
0  -3.598438 -16.367002 -3.915633  -0.499687 -0.035399 0.865482  0.854656 0.177802 1 68 1.000000
gun_tex
0  -3.598438 -16.259130 -4.252687  -0.499685 -0.035402 -0.865483  0.854795 0.177722 1 68 1.000000
0  -3.598438 -16.367002 -4.248275  -0.499685 -0.035402 -0.865483  0.854795 0.177722 1 68 1.000000
0  -3.742476 -16.367002 -4.165114  -0.499685 -0.035402 -0.865483  0.854726 0.177682 1 68 1.000000
gun_tex
0  -3.450578 -16.259130 -3.996587  0.999373 -0.035399 0.000000  0.854726 0.177842 1 68 1.000000
0  -3.454399 -16.367002 -3.998794  0.999373 -0.035399 0.000000  0.854726 0.177842 1 68 1.000000
0  -3.454399 -16.367002 -4.165114  0.999373 -0.035399 0.000000  0.854795 0.177802 1 68 1.000000
gun_tex
0  -3.598438 -16.259130 -3.911221  0.499685 -0.035399 0.865484  0.854656 0.177802 1 68 1.000000
0  -3.598438 -16.367002 -3.915633  0.499685 -0.035399 0.865484  0.854656 0.177802 1 68 1.000000
0  -3.454399 -16.367002 -3.998794  0.499685 -0.035399 0.865484  0.854726 0.177842 1 68 1.000000
gun_tex
0  -3.598438 -16.461016 -3.929768  0.464593 -0.369657 0.804678  0.854656 0.177802 1 68 1.000000
0  -3.598438 -16.561657 -3.976001  0.464593 -0.369657 0.804678  0.854656 0.177802 1 68 1.000000
0  -3.506680 -16.561657 -4.028977  0.464593 -0.369657 0.804678  0.854726 0.177842 1 68 1.000000
gun_tex
0  -3.598438 -16.367002 -4.248275  -0.495809 -0.129127 -0.858778  0.854795 0.177722 1 68 1.000000
0  -3.598438 -16.461016 -4.234139  -0.495809 -0.129127 -0.858778  0.854795 0.177722 1 68 1.000000
0  -3.730235 -16.461016 -4.158047  -0.495809 -0.129127 -0.858778  0.854726 0.177682 1 68 1.000000
gun_tex
0  -3.454399 -16.367002 -3.998794  0.991629 -0.129121 0.000000  0.854726 0.177842 1 68 1.000000
0  -3.466641 -16.461016 -4.005861  0.991629 -0.129121 0.000000  0.854726 0.177842 1 68 1.000000
0  -3.466641 -16.461016 -4.158047  0.991629 -0.129121 0.000000  0.854795 0.177802 1 68 1.000000
gun_tex
0  -3.454399 -16.367002 -3.998794  0.495813 -0.129122 0.858776  0.854726 0.177842 1 68 1.000000
0  -3.598438 -16.367002 -3.915633  0.495813 -0.129122 0.858776  0.854656 0.177802 1 68 1.000000
0  -3.598438 -16.461016 -3.929768  0.495813 -0.129122 0.858776  0.854656 0.177802 1 68 1.000000
gun_tex
0  -3.742476 -16.367002 -4.165114  -0.991629 -0.129121 0.000000  0.854726 0.177682 1 68 1.000000
0  -3.730235 -16.461016 -4.158047  -0.991629 -0.129121 0.000000  0.854726 0.177682 1 68 1.000000
0  -3.730235 -16.461016 -4.005861  -0.991629 -0.129121 0.000000  0.854656 0.177722 1 68 1.000000
gun_tex
0  -3.454399 -16.367002 -4.165114  0.495810 -0.129118 -0.858779  0.854795 0.177802 1 68 1.000000
0  -3.466641 -16.461016 -4.158047  0.495810 -0.129118 -0.858779  0.854795 0.177802 1 68 1.000000
0  -3.598438 -16.461016 -4.234139  0.495810 -0.129118 -0.858779  0.854795 0.177722 1 68 1.000000
gun_tex
0  -3.598438 -16.561657 -3.976001  -0.412827 -0.564192 0.715025  0.854656 0.177802 1 68 1.000000
0  -3.690196 -16.561657 -4.028977  -0.412827 -0.564192 0.715025  0.854656 0.177722 1 68 1.000000
0  -3.651898 -16.617702 -4.051088  -0.412827 -0.564192 0.715025  0.854656 0.177722 1 68 1.000000
gun_tex
0  -3.730235 -16.461016 -4.158047  -0.929169 -0.369656 0.000000  0.854726 0.177682 1 68 1.000000
0  -3.690196 -16.561657 -4.134930  -0.929169 -0.369656 0.000000  0.854726 0.177682 1 68 1.000000
0  -3.690196 -16.561657 -4.028977  -0.929169 -0.369656 0.000000  0.854656 0.177722 1 68 1.000000
gun_tex
0  -3.466641 -16.461016 -4.158047  0.464591 -0.369660 -0.804678  0.854795 0.177802 1 68 1.000000
0  -3.506680 -16.561657 -4.134930  0.464591 -0.369660 -0.804678  0.854795 0.177802 1 68 1.000000
0  -3.598438 -16.561657 -4.187907  0.464591 -0.369660 -0.804678  0.854795 0.177722 1 68 1.000000
gun_tex
0  -3.730235 -16.461016 -4.005861  -0.464584 -0.369659 0.804683  0.854656 0.177722 1 68 1.000000
0  -3.690196 -16.561657 -4.028977  -0.464584 -0.369659 0.804683  0.854656 0.177722 1 68 1.000000
0  -3.598438 -16.561657 -3.976001  -0.464584 -0.369659 0.804683  0.854656 0.177802 1 68 1.000000
gun_tex
0  -3.598438 -16.461016 -4.234139  -0.464592 -0.369661 -0.804677  0.854795 0.177722 1 68 1.000000
0  -3.598438 -16.561657 -4.187907  -0.464592 -0.369661 -0.804677  0.854795 0.177722 1 68 1.000000
0  -3.690196 -16.561657 -4.134930  -0.464592 -0.369661 -0.804677  0.854726 0.177682 1 68 1.000000
gun_tex
0  -3.466641 -16.461016 -4.158047  0.929171 -0.369650 0.000000  0.854795 0.177802 1 68 1.000000
0  -3.466641 -16.461016 -4.005861  0.929171 -0.369650 0.000000  0.854726 0.177842 1 68 1.000000
0  -3.506680 -16.561657 -4.028977  0.929171 -0.369650 0.000000  0.854726 0.177842 1 68 1.000000
gun_tex
0  -3.598438 -16.617702 -4.020223  0.306405 -0.790224 0.530719  0.854656 0.177802 1 68 1.000000
0  -3.598438 -16.646629 -4.063296  0.306405 -0.790224 0.530719  0.854656 0.177802 1 68 1.000000
0  -3.582279 -16.646629 -4.072625  0.306405 -0.790224 0.530719  0.854726 0.177842 1 68 1.000000
gun_tex
0  -3.598438 -16.561657 -4.187907  -0.412837 -0.564187 -0.715024  0.854795 0.177722 1 68 1.000000
0  -3.598438 -16.617702 -4.143685  -0.412837 -0.564187 -0.715024  0.854795 0.177722 1 68 1.000000
0  -3.651898 -16.617702 -4.112819  -0.412837 -0.564187 -0.715024  0.854726 0.177682 1 68 1.000000
gun_tex
0  -3.506680 -16.561657 -4.134930  0.825644 -0.564191 0.000000  0.854795 0.177802 1 68 1.000000
0  -3.506680 -16.561657 -4.028977  0.825644 -0.564191 0.000000  0.854726 0.177842 1 68 1.000000
0  -3.544977 -16.617702 -4.051088  0.825644 -0.564191 0.000000  0.854726 0.177842 1 68 1.000000
gun_tex
0  -3.506680 -16.561657 -4.028977  0.412817 -0.564193 0.715031  0.854726 0.177842 1 68 1.000000
0  -3.598438 -16.561657 -3.976001  0.412817 -0.564193 0.715031  0.854656 0.177802 1 68 1.000000
0  -3.598438 -16.617702 -4.020223  0.412817 -0.564193 0.715031  0.854656 0.177802 1 68 1.000000
gun_tex
0  -3.690196 -16.561657 -4.134930  -0.825649 -0.564185 0.000000  0.854726 0.177682 1 68 1.000000
0  -3.651898 -16.617702 -4.112819  -0.825649 -0.564185 0.000000  0.854726 0.177682 1 68 1.000000
0  -3.651898 -16.617702 -4.051088  -0.825649 -0.564185 0.000000  0.854656 0.177722 1 68 1.000000
gun_tex
0  -3.598438 -16.561657 -4.187907  0.412821 -0.564189 -0.715031  0.854795 0.177722 1 68 1.000000
0  -3.506680 -16.561657 -4.134930  0.412821 -0.564189 -0.715031  0.854795 0.177802 1 68 1.000000
0  -3.544977 -16.617702 -4.112819  0.412821 -0.564189 -0.715031  0.854795 0.177802 1 68 1.000000
gun_tex
0  -3.598438 -16.646629 -4.100612  0.000000 -1.000000 0.000000  0.854795 0.177722 1 68 1.000000
0  -3.582279 -16.646629 -4.091283  0.000000 -1.000000 0.000000  0.854795 0.177802 1 68 1.000000
0  -3.582279 -16.646629 -4.072625  0.000000 -1.000000 0.000000  0.854726 0.177842 1 68 1.000000
gun_tex
0  -3.582279 -16.646629 -4.072625  0.000000 -1.000000 0.000000  0.854726 0.177842 1 68 1.000000
0  -3.598438 -16.646629 -4.063296  0.000000 -1.000000 0.000000  0.854656 0.177802 1 68 1.000000
0  -3.598438 -16.646629 -4.100612  0.000000 -1.000000 0.000000  0.854795 0.177722 1 68 1.000000
gun_tex
0  -3.598438 -16.646629 -4.063296  0.000000 -1.000000 0.000000  0.854656 0.177802 1 68 1.000000
0  -3.614596 -16.646629 -4.072625  0.000000 -1.000000 0.000000  0.854656 0.177722 1 68 1.000000
0  -3.598438 -16.646629 -4.100612  0.000000 -1.000000 0.000000  0.854795 0.177722 1 68 1.000000
gun_tex
0  -3.651898 -16.617702 -4.112819  -0.612803 -0.790236 0.000000  0.854726 0.177682 1 68 1.000000
0  -3.614596 -16.646629 -4.091283  -0.612803 -0.790236 0.000000  0.854726 0.177682 1 68 1.000000
0  -3.614596 -16.646629 -4.072625  -0.612803 -0.790236 0.000000  0.854656 0.177722 1 68 1.000000
gun_tex
0  -3.598438 -16.617702 -4.143685  0.306416 -0.790243 -0.530684  0.854795 0.177722 1 68 1.000000
0  -3.544977 -16.617702 -4.112819  0.306416 -0.790243 -0.530684  0.854795 0.177802 1 68 1.000000
0  -3.582279 -16.646629 -4.091283  0.306416 -0.790243 -0.530684  0.854795 0.177802 1 68 1.000000
gun_tex
0  -3.651898 -16.617702 -4.051088  -0.306414 -0.790255 0.530666  0.854656 0.177722 1 68 1.000000
0  -3.614596 -16.646629 -4.072625  -0.306414 -0.790255 0.530666  0.854656 0.177722 1 68 1.000000
0  -3.598438 -16.646629 -4.063296  -0.306414 -0.790255 0.530666  0.854656 0.177802 1 68 1.000000
gun_tex
0  -3.598438 -16.617702 -4.143685  -0.306388 -0.790231 -0.530718  0.854795 0.177722 1 68 1.000000
0  -3.598438 -16.646629 -4.100612  -0.306388 -0.790231 -0.530718  0.854795 0.177722 1 68 1.000000
0  -3.614596 -16.646629 -4.091283  -0.306388 -0.790231 -0.530718  0.854726 0.177682 1 68 1.000000
gun_tex
0  -3.544977 -16.617702 -4.112819  0.612803 -0.790236 0.000000  0.854795 0.177802 1 68 1.000000
0  -3.544977 -16.617702 -4.051088  0.612803 -0.790236 0.000000  0.854726 0.177842 1 68 1.000000
0  -3.582279 -16.646629 -4.072625  0.612803 -0.790236 0.000000  0.854726 0.177842 1 68 1.000000
gun_tex
0  -3.432709 -15.648924 -4.177638  0.857209 0.514968 0.000000  0.952104 0.234332 1 68 1.000000
0  -3.452520 -15.615948 -3.997709  0.857209 0.514968 0.000000  0.952130 0.234332 1 68 1.000000
0  -3.432709 -15.648924 -3.986270  0.857209 0.514968 0.000000  0.952130 0.234332 1 68 1.000000
gun_tex
0  -3.744356 -15.579412 -3.997709  -1.000000 0.000000 0.000000  0.952025 0.234332 1 68 1.000000
0  -3.744356 -15.615948 -4.166200  -1.000000 0.000000 0.000000  0.952051 0.234332 1 68 1.000000
0  -3.744356 -15.615948 -3.997709  -1.000000 0.000000 0.000000  0.952025 0.234332 1 68 1.000000
gun_tex
0  -3.764166 -15.648924 -4.177638  -0.999949 -0.010128 0.000000  0.952051 0.234332 1 68 1.000000
0  -3.757986 -16.259130 -3.989839  -0.999949 -0.010128 0.000000  0.952025 0.234411 1 68 1.000000
0  -3.764166 -15.648924 -3.986270  -0.999949 -0.010128 0.000000  0.952025 0.234332 1 68 1.000000
gun_tex
0  -3.764166 -15.648924 -3.986270  -0.857205 0.514976 0.000000  0.952025 0.234332 1 68 1.000000
0  -3.744356 -15.615948 -4.166200  -0.857205 0.514976 0.000000  0.952051 0.234332 1 68 1.000000
0  -3.764166 -15.648924 -4.177638  -0.857205 0.514976 0.000000  0.952051 0.234332 1 68 1.000000
gun_tex
0  -3.764670 -15.569780 -3.985980  -0.428439 -0.903571 0.000000  0.952025 0.234332 1 68 1.000000
0  -3.744356 -15.579412 -4.166200  -0.428439 -0.903571 0.000000  0.952051 0.234332 1 68 1.000000
0  -3.744356 -15.579412 -3.997709  -0.428439 -0.903571 0.000000  0.952025 0.234332 1 68 1.000000
gun_tex
0  -3.598438 -15.579412 -4.250445  0.500009 0.000000 -0.866020  0.952078 0.234332 1 68 1.000000
0  -3.452520 -15.615948 -4.166200  0.500009 0.000000 -0.866020  0.952104 0.234332 1 68 1.000000
0  -3.598438 -15.615948 -4.250445  0.500009 0.000000 -0.866020  0.952078 0.234332 1 68 1.000000
gun_tex
0  -3.744356 -15.615948 -4.166200  -0.428609 0.514963 -0.742366  0.952051 0.234332 1 68 1.000000
0  -3.598438 -15.648924 -4.273321  -0.428609 0.514963 -0.742366  0.952078 0.234332 1 68 1.000000
0  -3.764166 -15.648924 -4.177638  -0.428609 0.514963 -0.742366  0.952051 0.234332 1 68 1.000000
gun_tex
0  -3.598438 -15.569780 -3.890006  0.499995 0.000000 0.866028  0.951998 0.234332 1 68 1.000000
0  -3.432206 -15.530729 -3.985980  0.499995 0.000000 0.866028  0.951972 0.234332 1 68 1.000000
0  -3.598438 -15.530729 -3.890006  0.499995 0.000000 0.866028  0.951998 0.234332 1 68 1.000000
gun_tex
0  -3.534137 -15.530729 -4.044829  -0.499988 0.000000 -0.866033  0.952091 0.234307 1 68 1.000000
0  -3.598438 -15.580097 -4.007705  -0.499988 0.000000 -0.866033  0.952078 0.234299 1 68 1.000000
0  -3.598438 -15.530729 -4.007705  -0.499988 0.000000 -0.866033  0.952078 0.234299 1 68 1.000000
gun_tex
0  -3.598438 -15.569781 -4.273902  0.214191 -0.903559 -0.371085  0.952078 0.234332 1 68 1.000000
0  -3.452520 -15.579412 -4.166200  0.214191 -0.903559 -0.371085  0.952104 0.234332 1 68 1.000000
0  -3.598438 -15.579412 -4.250445  0.214191 -0.903559 -0.371085  0.952078 0.234332 1 68 1.000000
gun_tex
0  -3.598438 -15.580097 -4.156203  0.000000 1.000000 -0.000574  0.952104 0.234285 1 68 1.000000
0  -3.662740 -15.580097 -4.119078  0.000000 1.000000 -0.000574  0.952091 0.234277 1 68 1.000000
0  -3.598438 -15.580097 -4.149746  0.000000 1.000000 -0.000574  0.952102 0.234285 1 68 1.000000
gun_tex
0  -3.662739 -15.530729 -4.119078  1.000000 0.000000 -0.000006  0.952091 0.234277 1 68 1.000000
0  -3.662739 -15.580097 -4.044829  1.000000 0.000000 -0.000006  0.952078 0.234285 1 68 1.000000
0  -3.662740 -15.580097 -4.119078  1.000000 0.000000 -0.000006  0.952091 0.234277 1 68 1.000000
gun_tex
0  -3.534137 -15.530729 -4.119078  0.000000 1.000000 0.000000  0.952104 0.234299 1 68 1.000000
0  -3.534137 -15.530729 -4.044829  0.000000 1.000000 0.000000  0.952091 0.234307 1 68 1.000000
0  -3.432206 -15.530729 -3.985980  0.000000 1.000000 0.000000  0.952091 0.234330 1 68 1.000000
gun_tex
0  -3.744356 -15.615948 -4.166200  -0.500009 0.000000 -0.866020  0.952051 0.234332 1 68 1.000000
0  -3.598438 -15.579412 -4.250445  -0.500009 0.000000 -0.866020  0.952078 0.234332 1 68 1.000000
0  -3.598438 -15.615948 -4.250445  -0.500009 0.000000 -0.866020  0.952078 0.234332 1 68 1.000000
gun_tex
0  -3.452520 -15.579412 -3.997709  0.500009 0.000000 0.866020  0.951972 0.234332 1 68 1.000000
0  -3.598438 -15.615948 -3.913462  0.500009 0.000000 0.866020  0.951998 0.234332 1 68 1.000000
0  -3.452520 -15.615948 -3.997709  0.500009 0.000000 0.866020  0.951972 0.234332 1 68 1.000000
gun_tex
0  -3.598438 -15.580097 -4.007705  0.499988 0.000000 -0.866033  0.952078 0.234299 1 68 1.000000
0  -3.662739 -15.530729 -4.044829  0.499988 0.000000 -0.866033  0.952078 0.234285 1 68 1.000000
0  -3.598438 -15.530729 -4.007705  0.499988 0.000000 -0.866033  0.952078 0.234299 1 68 1.000000
gun_tex
0  -3.438890 -16.259130 -4.174069  0.999949 -0.010127 -0.000001  0.952104 0.234411 1 68 1.000000
0  -3.432709 -15.648924 -3.986270  0.999949 -0.010127 -0.000001  0.952130 0.234332 1 68 1.000000
0  -3.438889 -16.259130 -3.989839  0.999949 -0.010127 -0.000001  0.952130 0.234411 1 68 1.000000
gun_tex
0  -3.438890 -16.259130 -4.174069  0.499969 -0.010128 -0.865984  0.952104 0.234411 1 68 1.000000
0  -3.598438 -15.648924 -4.273321  0.499969 -0.010128 -0.865984  0.952078 0.234332 1 68 1.000000
0  -3.432709 -15.648924 -4.177638  0.499969 -0.010128 -0.865984  0.952104 0.234332 1 68 1.000000
gun_tex
0  -3.757986 -16.259130 -3.989839  -0.499977 -0.010127 0.865979  0.952025 0.234411 1 68 1.000000
0  -3.598438 -15.648924 -3.890587  -0.499977 -0.010127 0.865979  0.951998 0.234332 1 68 1.000000
0  -3.764166 -15.648924 -3.986270  -0.499977 -0.010127 0.865979  0.952025 0.234332 1 68 1.000000
gun_tex
0  -3.452520 -15.579412 -3.997709  0.214215 -0.903551 0.371089  0.951972 0.234332 1 68 1.000000
0  -3.598438 -15.569780 -3.890006  0.214215 -0.903551 0.371089  0.951998 0.234332 1 68 1.000000
0  -3.598438 -15.579412 -3.913462  0.214215 -0.903551 0.371089  0.951998 0.234332 1 68 1.000000
gun_tex
0  -3.598438 -15.615948 -3.913462  -0.428607 0.514969 0.742363  0.951998 0.234332 1 68 1.000000
0  -3.764166 -15.648924 -3.986270  -0.428607 0.514969 0.742363  0.952025 0.234332 1 68 1.000000
0  -3.598438 -15.648924 -3.890587  -0.428607 0.514969 0.742363  0.951998 0.234332 1 68 1.000000
gun_tex
0  -3.452520 -15.579412 -3.997709  0.428431 -0.903574 0.000000  0.952130 0.234332 1 68 1.000000
0  -3.432206 -15.569780 -4.177928  0.428431 -0.903574 0.000000  0.952104 0.234332 1 68 1.000000
0  -3.432206 -15.569780 -3.985980  0.428431 -0.903574 0.000000  0.952130 0.234332 1 68 1.000000
gun_tex
0  -3.744356 -15.579412 -3.997709  -0.214216 -0.903569 0.371046  0.952025 0.234332 1 68 1.000000
0  -3.598438 -15.569780 -3.890006  -0.214216 -0.903569 0.371046  0.951998 0.234332 1 68 1.000000
0  -3.764670 -15.569780 -3.985980  -0.214216 -0.903569 0.371046  0.952025 0.234332 1 68 1.000000
gun_tex
0  -3.764670 -15.530729 -3.985980  -1.000000 0.000000 0.000000  0.952025 0.234332 1 68 1.000000
0  -3.764670 -15.569780 -4.177928  -1.000000 0.000000 0.000000  0.952051 0.234332 1 68 1.000000
0  -3.764670 -15.569780 -3.985980  -1.000000 0.000000 0.000000  0.952025 0.234332 1 68 1.000000
gun_tex
0  -3.598438 -15.530729 -3.890006  -0.499995 0.000000 0.866028  0.951998 0.234332 1 68 1.000000
0  -3.764670 -15.569780 -3.985980  -0.499995 0.000000 0.866028  0.952025 0.234332 1 68 1.000000
0  -3.598438 -15.569780 -3.890006  -0.499995 0.000000 0.866028  0.951998 0.234332 1 68 1.000000
gun_tex
0  -3.452520 -15.579412 -4.166200  1.000000 0.000000 0.000000  0.952104 0.234332 1 68 1.000000
0  -3.452520 -15.615948 -3.997709  1.000000 0.000000 0.000000  0.952130 0.234332 1 68 1.000000
0  -3.452520 -15.615948 -4.166200  1.000000 0.000000 0.000000  0.952104 0.234332 1 68 1.000000
gun_tex
0  -3.598438 -15.579412 -3.913462  -0.500009 0.000000 0.866020  0.951998 0.234332 1 68 1.000000
0  -3.744356 -15.615948 -3.997709  -0.500009 0.000000 0.866020  0.952025 0.234332 1 68 1.000000
0  -3.598438 -15.615948 -3.913462  -0.500009 0.000000 0.866020  0.951998 0.234332 1 68 1.000000
gun_tex
0  -3.432709 -15.648924 -3.986270  0.428605 0.514975 0.742360  0.951972 0.234332 1 68 1.000000
0  -3.598438 -15.615948 -3.913462  0.428605 0.514975 0.742360  0.951998 0.234332 1 68 1.000000
0  -3.598438 -15.648924 -3.890587  0.428605 0.514975 0.742360  0.951998 0.234332 1 68 1.000000
gun_tex
0  -3.432206 -15.569780 -4.177928  1.000000 0.000000 0.000000  0.952104 0.234332 1 68 1.000000
0  -3.432206 -15.530729 -3.985980  1.000000 0.000000 0.000000  0.952130 0.234332 1 68 1.000000
0  -3.432206 -15.569780 -3.985980  1.000000 0.000000 0.000000  0.952130 0.234332 1 68 1.000000
gun_tex
0  -3.764670 -15.569780 -4.177928  -0.500004 0.000000 -0.866023  0.952051 0.234332 1 68 1.000000
0  -3.598438 -15.530729 -4.273902  -0.500004 0.000000 -0.866023  0.952078 0.234332 1 68 1.000000
0  -3.598438 -15.569781 -4.273902  -0.500004 0.000000 -0.866023  0.952078 0.234332 1 68 1.000000
gun_tex
0  -3.438889 -16.259130 -3.989839  0.499975 -0.010127 0.865981  0.951972 0.234411 1 68 1.000000
0  -3.598438 -15.648924 -3.890587  0.499975 -0.010127 0.865981  0.951998 0.234332 1 68 1.000000
0  -3.598438 -16.259130 -3.897723  0.499975 -0.010127 0.865981  0.951998 0.234411 1 68 1.000000
gun_tex
0  -3.598438 -15.580097 -4.156203  -0.500000 0.000000 0.866026  0.952104 0.234285 1 68 1.000000
0  -3.534137 -15.530729 -4.119078  -0.500000 0.000000 0.866026  0.952104 0.234299 1 68 1.000000
0  -3.598438 -15.530729 -4.156203  -0.500000 0.000000 0.866026  0.952104 0.234285 1 68 1.000000
gun_tex
0  -3.764670 -15.569780 -4.177928  -0.214226 -0.903591 -0.370985  0.952051 0.234332 1 68 1.000000
0  -3.598438 -15.579412 -4.250445  -0.214226 -0.903591 -0.370985  0.952078 0.234332 1 68 1.000000
0  -3.744356 -15.579412 -4.166200  -0.214226 -0.903591 -0.370985  0.952051 0.234332 1 68 1.000000
gun_tex
0  -3.534137 -15.530729 -4.119078  -1.000000 0.000000 0.000000  0.952104 0.234299 1 68 1.000000
0  -3.534137 -15.580097 -4.044829  -1.000000 0.000000 0.000000  0.952091 0.234307 1 68 1.000000
0  -3.534137 -15.530729 -4.044829  -1.000000 0.000000 0.000000  0.952091 0.234307 1 68 1.000000
gun_tex
0  -3.757986 -16.259130 -4.174069  0.000000 -1.000000 0.000000  0.952012 0.234254 1 68 1.000000
0  -3.598438 -16.259130 -4.266185  0.000000 -1.000000 0.000000  0.952045 0.234273 1 68 1.000000
0  -3.438890 -16.259130 -4.174069  0.000000 -1.000000 0.000000  0.952045 0.234311 1 68 1.000000
gun_tex
0  -3.432709 -15.648924 -4.177638  0.428609 0.514968 -0.742363  0.952104 0.234332 1 68 1.000000
0  -3.598438 -15.615948 -4.250445  0.428609 0.514968 -0.742363  0.952078 0.234332 1 68 1.000000
0  -3.452520 -15.615948 -4.166200  0.428609 0.514968 -0.742363  0.952104 0.234332 1 68 1.000000
gun_tex
0  -3.662739 -15.530729 -4.044829  0.000000 1.000000 0.000000  0.952078 0.234285 1 68 1.000000
0  -3.662739 -15.530729 -4.119078  0.000000 1.000000 0.000000  0.952091 0.234277 1 68 1.000000
0  -3.764670 -15.530729 -4.177928  0.000000 1.000000 0.000000  0.952091 0.234254 1 68 1.000000
gun_tex
0  -3.598438 -15.530729 -4.273902  0.500030 0.000000 -0.866008  0.952078 0.234332 1 68 1.000000
0  -3.432206 -15.569780 -4.177928  0.500030 0.000000 -0.866008  0.952104 0.234332 1 68 1.000000
0  -3.598438 -15.569781 -4.273902  0.500030 0.000000 -0.866008  0.952078 0.234332 1 68 1.000000
gun_tex
0  -3.757986 -16.259130 -4.174069  -0.499971 -0.010127 -0.865983  0.952051 0.234411 1 68 1.000000
0  -3.598438 -15.648924 -4.273321  -0.499971 -0.010127 -0.865983  0.952078 0.234332 1 68 1.000000
0  -3.598438 -16.259130 -4.266185  -0.499971 -0.010127 -0.865983  0.952078 0.234411 1 68 1.000000
gun_tex
0  -3.598438 -15.580097 -4.014162  0.000000 1.000000 0.000000  0.952079 0.234299 1 68 1.000000
0  -3.598438 -15.580097 -4.007705  0.000000 1.000000 0.000000  0.952078 0.234299 1 68 1.000000
0  -3.534137 -15.580097 -4.044829  0.000000 1.000000 0.000000  0.952091 0.234307 1 68 1.000000
gun_tex
0  -3.662740 -15.580097 -4.119078  0.500012 -0.000016 0.866019  0.952091 0.234277 1 68 1.000000
0  -3.598438 -15.530729 -4.156203  0.500012 -0.000016 0.866019  0.952104 0.234285 1 68 1.000000
0  -3.662739 -15.530729 -4.119078  0.500012 -0.000016 0.866019  0.952091 0.234277 1 68 1.000000
gun_tex
0  -3.598438 -15.580097 -4.014162  0.500004 0.000004 0.866023  0.828864 0.205051 1 68 1.000000
0  -3.539729 -15.530729 -4.048058  0.500004 0.000004 0.866023  0.828882 0.205061 1 68 1.000000
0  -3.598438 -15.530729 -4.014162  0.500004 0.000004 0.866023  0.828864 0.205051 1 68 1.000000
gun_tex
0  -3.598438 -15.530729 -4.014162  -0.499988 -0.000004 0.866032  0.828864 0.205051 1 68 1.000000
0  -3.657148 -15.580097 -4.048058  -0.499988 -0.000004 0.866032  0.828864 0.205029 1 68 1.000000
0  -3.598438 -15.580097 -4.014162  -0.499988 -0.000004 0.866032  0.828864 0.205051 1 68 1.000000
gun_tex
0  -3.657148 -15.580097 -4.115850  0.000000 -1.000000 0.000000  0.828882 0.205019 1 68 1.000000
0  -3.598438 -15.580097 -4.149746  0.000000 -1.000000 0.000000  0.828900 0.205029 1 68 1.000000
0  -3.539729 -15.580097 -4.048058  0.000000 -1.000000 0.000000  0.828882 0.205061 1 68 1.000000
gun_tex
0  -3.598438 -15.580097 -4.149746  0.500014 0.000009 -0.866018  0.828900 0.205029 1 68 1.000000
0  -3.539729 -15.530729 -4.115850  0.500014 0.000009 -0.866018  0.828900 0.205051 1 68 1.000000
0  -3.539729 -15.580097 -4.115850  0.500014 0.000009 -0.866018  0.828900 0.205051 1 68 1.000000
gun_tex
0  -3.657148 -15.530729 -4.048058  -1.000000 0.000000 -0.000004  0.828864 0.205029 1 68 1.000000
0  -3.657148 -15.580097 -4.115850  -1.000000 0.000000 -0.000004  0.828882 0.205019 1 68 1.000000
0  -3.657148 -15.580097 -4.048058  -1.000000 0.000000 -0.000004  0.828864 0.205029 1 68 1.000000
gun_tex
0  -3.657148 -15.580097 -4.115850  -0.500004 0.000000 -0.866023  0.828882 0.205019 1 68 1.000000
0  -3.598438 -15.530729 -4.149746  -0.500004 0.000000 -0.866023  0.828900 0.205029 1 68 1.000000
0  -3.598438 -15.580097 -4.149746  -0.500004 0.000000 -0.866023  0.828900 0.205029 1 68 1.000000
gun_tex
0  -3.539729 -15.580097 -4.048058  1.000000 -0.000009 -0.000004  0.828882 0.205061 1 68 1.000000
0  -3.539729 -15.530729 -4.115850  1.000000 -0.000009 -0.000004  0.828900 0.205051 1 68 1.000000
0  -3.539729 -15.530729 -4.048058  1.000000 -0.000009 -0.000004  0.828882 0.205061 1 68 1.000000
gun_tex
0  -3.657148 -15.530729 -4.115850  0.000000 1.000000 0.000000  0.828882 0.205019 1 68 1.000000
0  -3.598438 -15.530729 -4.014162  0.000000 1.000000 0.000000  0.828864 0.205051 1 68 1.000000
0  -3.539729 -15.530729 -4.115850  0.000000 1.000000 0.000000  0.828900 0.205051 1 68 1.000000
gun_tex
0  -3.432709 -15.648924 -4.177638  0.857211 0.514966 0.000000  0.952104 0.234332 1 68 1.000000
0  -3.452520 -15.615948 -4.166200  0.857211 0.514966 0.000000  0.952104 0.234332 1 68 1.000000
0  -3.452520 -15.615948 -3.997709  0.857211 0.514966 0.000000  0.952130 0.234332 1 68 1.000000
gun_tex
0  -3.744356 -15.579412 -3.997709  -1.000000 0.000000 0.000000  0.952025 0.234332 1 68 1.000000
0  -3.744356 -15.579412 -4.166200  -1.000000 0.000000 0.000000  0.952051 0.234332 1 68 1.000000
0  -3.744356 -15.615948 -4.166200  -1.000000 0.000000 0.000000  0.952051 0.234332 1 68 1.000000
gun_tex
0  -3.764166 -15.648924 -4.177638  -0.999949 -0.010127 0.000001  0.952051 0.234332 1 68 1.000000
0  -3.757986 -16.259130 -4.174069  -0.999949 -0.010127 0.000001  0.952051 0.234411 1 68 1.000000
0  -3.757986 -16.259130 -3.989839  -0.999949 -0.010127 0.000001  0.952025 0.234411 1 68 1.000000
gun_tex
0  -3.764166 -15.648924 -3.986270  -0.857211 0.514966 0.000000  0.952025 0.234332 1 68 1.000000
0  -3.744356 -15.615948 -3.997709  -0.857211 0.514966 0.000000  0.952025 0.234332 1 68 1.000000
0  -3.744356 -15.615948 -4.166200  -0.857211 0.514966 0.000000  0.952051 0.234332 1 68 1.000000
gun_tex
0  -3.764670 -15.569780 -3.985980  -0.428441 -0.903570 0.000000  0.952025 0.234332 1 68 1.000000
0  -3.764670 -15.569780 -4.177928  -0.428441 -0.903570 0.000000  0.952051 0.234332 1 68 1.000000
0  -3.744356 -15.579412 -4.166200  -0.428441 -0.903570 0.000000  0.952051 0.234332 1 68 1.000000
gun_tex
0  -3.598438 -15.579412 -4.250445  0.500002 0.000000 -0.866024  0.952078 0.234332 1 68 1.000000
0  -3.452520 -15.579412 -4.166200  0.500002 0.000000 -0.866024  0.952104 0.234332 1 68 1.000000
0  -3.452520 -15.615948 -4.166200  0.500002 0.000000 -0.866024  0.952104 0.234332 1 68 1.000000
gun_tex
0  -3.744356 -15.615948 -4.166200  -0.428604 0.514975 -0.742361  0.952051 0.234332 1 68 1.000000
0  -3.598438 -15.615948 -4.250445  -0.428604 0.514975 -0.742361  0.952078 0.234332 1 68 1.000000
0  -3.598438 -15.648924 -4.273321  -0.428604 0.514975 -0.742361  0.952078 0.234332 1 68 1.000000
gun_tex
0  -3.598438 -15.569780 -3.890006  0.500019 0.000000 0.866014  0.951998 0.234332 1 68 1.000000
0  -3.432206 -15.569780 -3.985980  0.500019 0.000000 0.866014  0.951972 0.234332 1 68 1.000000
0  -3.432206 -15.530729 -3.985980  0.500019 0.000000 0.866014  0.951972 0.234332 1 68 1.000000
gun_tex
0  -3.534137 -15.530729 -4.044829  -0.500020 0.000000 -0.866014  0.952091 0.234307 1 68 1.000000
0  -3.534137 -15.580097 -4.044829  -0.500020 0.000000 -0.866014  0.952091 0.234307 1 68 1.000000
0  -3.598438 -15.580097 -4.007705  -0.500020 0.000000 -0.866014  0.952078 0.234299 1 68 1.000000
gun_tex
0  -3.598438 -15.569781 -4.273902  0.214227 -0.903571 -0.371035  0.952078 0.234332 1 68 1.000000
0  -3.432206 -15.569780 -4.177928  0.214227 -0.903571 -0.371035  0.952104 0.234332 1 68 1.000000
0  -3.452520 -15.579412 -4.166200  0.214227 -0.903571 -0.371035  0.952104 0.234332 1 68 1.000000
gun_tex
0  -3.662739 -15.580097 -4.044829  0.000000 1.000000 -0.000287  0.952078 0.234285 1 68 1.000000
0  -3.598438 -15.580097 -4.007705  0.000000 1.000000 -0.000287  0.952078 0.234299 1 68 1.000000
0  -3.657148 -15.580097 -4.048058  0.000000 1.000000 -0.000287  0.952079 0.234285 1 68 1.000000
gun_tex
0  -3.662739 -15.580097 -4.044829  0.000000 1.000000 0.000000  0.952078 0.234285 1 68 1.000000
0  -3.657148 -15.580097 -4.048058  0.000000 1.000000 0.000000  0.952079 0.234285 1 68 1.000000
0  -3.662740 -15.580097 -4.119078  0.000000 1.000000 0.000000  0.952091 0.234277 1 68 1.000000
gun_tex
0  -3.657148 -15.580097 -4.048058  0.000000 1.000000 0.000000  0.952079 0.234285 1 68 1.000000
0  -3.657148 -15.580097 -4.115850  0.000000 1.000000 0.000000  0.952091 0.234278 1 68 1.000000
0  -3.662740 -15.580097 -4.119078  0.000000 1.000000 0.000000  0.952091 0.234277 1 68 1.000000
gun_tex
0  -3.539729 -15.580097 -4.048058  0.000000 1.000000 0.000000  0.952091 0.234305 1 68 1.000000
0  -3.534137 -15.580097 -4.044829  0.000000 1.000000 0.000000  0.952091 0.234307 1 68 1.000000
0  -3.534137 -15.580097 -4.119078  0.000000 1.000000 0.000000  0.952104 0.234299 1 68 1.000000
gun_tex
0  -3.539729 -15.580097 -4.115850  0.000000 1.000000 -0.000039  0.952102 0.234299 1 68 1.000000
0  -3.539729 -15.580097 -4.048058  0.000000 1.000000 -0.000039  0.952091 0.234305 1 68 1.000000
0  -3.534137 -15.580097 -4.119078  0.000000 1.000000 -0.000039  0.952104 0.234299 1 68 1.000000
gun_tex
0  -3.598438 -15.580097 -4.149746  0.000000 1.000000 0.000000  0.952102 0.234285 1 68 1.000000
0  -3.539729 -15.580097 -4.115850  0.000000 1.000000 0.000000  0.952102 0.234299 1 68 1.000000
0  -3.598438 -15.580097 -4.156203  0.000000 1.000000 0.000000  0.952104 0.234285 1 68 1.000000
gun_tex
0  -3.539729 -15.580097 -4.115850  0.000000 1.000000 0.000000  0.952102 0.234299 1 68 1.000000
0  -3.534137 -15.580097 -4.119078  0.000000 1.000000 0.000000  0.952104 0.234299 1 68 1.000000
0  -3.598438 -15.580097 -4.156203  0.000000 1.000000 0.000000  0.952104 0.234285 1 68 1.000000
gun_tex
0  -3.662740 -15.580097 -4.119078  0.000000 1.000000 0.000314  0.952091 0.234277 1 68 1.000000
0  -3.657148 -15.580097 -4.115850  0.000000 1.000000 0.000314  0.952091 0.234278 1 68 1.000000
0  -3.598438 -15.580097 -4.149746  0.000000 1.000000 0.000314  0.952102 0.234285 1 68 1.000000
gun_tex
0  -3.662739 -15.530729 -4.119078  1.000000 0.000000 0.000000  0.952091 0.234277 1 68 1.000000
0  -3.662739 -15.530729 -4.044829  1.000000 0.000000 0.000000  0.952078 0.234285 1 68 1.000000
0  -3.662739 -15.580097 -4.044829  1.000000 0.000000 0.000000  0.952078 0.234285 1 68 1.000000
gun_tex
0  -3.432206 -15.530729 -3.985980  0.000000 1.000000 0.000000  0.952091 0.234330 1 68 1.000000
0  -3.432206 -15.530729 -4.177928  0.000000 1.000000 0.000000  0.952124 0.234311 1 68 1.000000
0  -3.534137 -15.530729 -4.119078  0.000000 1.000000 0.000000  0.952104 0.234299 1 68 1.000000
gun_tex
0  -3.432206 -15.530729 -4.177928  0.000000 1.000000 -0.000006  0.952124 0.234311 1 68 1.000000
0  -3.598438 -15.530729 -4.273902  0.000000 1.000000 -0.000006  0.952124 0.234273 1 68 1.000000
0  -3.534137 -15.530729 -4.119078  0.000000 1.000000 -0.000006  0.952104 0.234299 1 68 1.000000
gun_tex
0  -3.598438 -15.530729 -4.273902  0.000000 1.000000 0.000000  0.952124 0.234273 1 68 1.000000
0  -3.598438 -15.530729 -4.156203  0.000000 1.000000 0.000000  0.952104 0.234285 1 68 1.000000
0  -3.534137 -15.530729 -4.119078  0.000000 1.000000 0.000000  0.952104 0.234299 1 68 1.000000
gun_tex
0  -3.534137 -15.530729 -4.044829  0.000000 1.000000 0.000000  0.952091 0.234307 1 68 1.000000
0  -3.598438 -15.530729 -3.890006  0.000000 1.000000 0.000000  0.952058 0.234311 1 68 1.000000
0  -3.432206 -15.530729 -3.985980  0.000000 1.000000 0.000000  0.952091 0.234330 1 68 1.000000
gun_tex
0  -3.744356 -15.615948 -4.166200  -0.499969 0.000000 -0.866044  0.952051 0.234332 1 68 1.000000
0  -3.744356 -15.579412 -4.166200  -0.499969 0.000000 -0.866044  0.952051 0.234332 1 68 1.000000
0  -3.598438 -15.579412 -4.250445  -0.499969 0.000000 -0.866044  0.952078 0.234332 1 68 1.000000
gun_tex
0  -3.452520 -15.579412 -3.997709  0.500009 0.000000 0.866020  0.951972 0.234332 1 68 1.000000
0  -3.598438 -15.579412 -3.913462  0.500009 0.000000 0.866020  0.951998 0.234332 1 68 1.000000
0  -3.598438 -15.615948 -3.913462  0.500009 0.000000 0.866020  0.951998 0.234332 1 68 1.000000
gun_tex
0  -3.598438 -15.580097 -4.007705  0.500020 0.000000 -0.866014  0.952078 0.234299 1 68 1.000000
0  -3.662739 -15.580097 -4.044829  0.500020 0.000000 -0.866014  0.952078 0.234285 1 68 1.000000
0  -3.662739 -15.530729 -4.044829  0.500020 0.000000 -0.866014  0.952078 0.234285 1 68 1.000000
gun_tex
0  -3.438890 -16.259130 -4.174069  0.999949 -0.010128 0.000000  0.952104 0.234411 1 68 1.000000
0  -3.432709 -15.648924 -4.177638  0.999949 -0.010128 0.000000  0.952104 0.234332 1 68 1.000000
0  -3.432709 -15.648924 -3.986270  0.999949 -0.010128 0.000000  0.952130 0.234332 1 68 1.000000
gun_tex
0  -3.438890 -16.259130 -4.174069  0.499971 -0.010127 -0.865983  0.952104 0.234411 1 68 1.000000
0  -3.598438 -16.259130 -4.266185  0.499971 -0.010127 -0.865983  0.952078 0.234411 1 68 1.000000
0  -3.598438 -15.648924 -4.273321  0.499971 -0.010127 -0.865983  0.952078 0.234332 1 68 1.000000
gun_tex
0  -3.757986 -16.259130 -3.989839  -0.499975 -0.010128 0.865981  0.952025 0.234411 1 68 1.000000
0  -3.598438 -16.259130 -3.897723  -0.499975 -0.010128 0.865981  0.951998 0.234411 1 68 1.000000
0  -3.598438 -15.648924 -3.890587  -0.499975 -0.010128 0.865981  0.951998 0.234332 1 68 1.000000
gun_tex
0  -3.452520 -15.579412 -3.997709  0.214218 -0.903566 0.371051  0.951972 0.234332 1 68 1.000000
0  -3.432206 -15.569780 -3.985980  0.214218 -0.903566 0.371051  0.951972 0.234332 1 68 1.000000
0  -3.598438 -15.569780 -3.890006  0.214218 -0.903566 0.371051  0.951998 0.234332 1 68 1.000000
gun_tex
0  -3.598438 -15.615948 -3.913462  -0.428599 0.514977 0.742363  0.951998 0.234332 1 68 1.000000
0  -3.744356 -15.615948 -3.997709  -0.428599 0.514977 0.742363  0.952025 0.234332 1 68 1.000000
0  -3.764166 -15.648924 -3.986270  -0.428599 0.514977 0.742363  0.952025 0.234332 1 68 1.000000
gun_tex
0  -3.452520 -15.579412 -3.997709  0.428451 -0.903565 0.000000  0.952130 0.234332 1 68 1.000000
0  -3.452520 -15.579412 -4.166200  0.428451 -0.903565 0.000000  0.952104 0.234332 1 68 1.000000
0  -3.432206 -15.569780 -4.177928  0.428451 -0.903565 0.000000  0.952104 0.234332 1 68 1.000000
gun_tex
0  -3.744356 -15.579412 -3.997709  -0.214224 -0.903595 0.370978  0.952025 0.234332 1 68 1.000000
0  -3.598438 -15.579412 -3.913462  -0.214224 -0.903595 0.370978  0.951998 0.234332 1 68 1.000000
0  -3.598438 -15.569780 -3.890006  -0.214224 -0.903595 0.370978  0.951998 0.234332 1 68 1.000000
gun_tex
0  -3.764670 -15.530729 -3.985980  -1.000000 0.000000 0.000000  0.952025 0.234332 1 68 1.000000
0  -3.764670 -15.530729 -4.177928  -1.000000 0.000000 0.000000  0.952051 0.234332 1 68 1.000000
0  -3.764670 -15.569780 -4.177928  -1.000000 0.000000 0.000000  0.952051 0.234332 1 68 1.000000
gun_tex
0  -3.598438 -15.530729 -3.890006  -0.499992 0.000000 0.866030  0.951998 0.234332 1 68 1.000000
0  -3.764670 -15.530729 -3.985980  -0.499992 0.000000 0.866030  0.952025 0.234332 1 68 1.000000
0  -3.764670 -15.569780 -3.985980  -0.499992 0.000000 0.866030  0.952025 0.234332 1 68 1.000000
gun_tex
0  -3.452520 -15.579412 -4.166200  1.000000 0.000000 0.000000  0.952104 0.234332 1 68 1.000000
0  -3.452520 -15.579412 -3.997709  1.000000 0.000000 0.000000  0.952130 0.234332 1 68 1.000000
0  -3.452520 -15.615948 -3.997709  1.000000 0.000000 0.000000  0.952130 0.234332 1 68 1.000000
gun_tex
0  -3.598438 -15.579412 -3.913462  -0.499976 0.000000 0.866039  0.951998 0.234332 1 68 1.000000
0  -3.744356 -15.579412 -3.997709  -0.499976 0.000000 0.866039  0.952025 0.234332 1 68 1.000000
0  -3.744356 -15.615948 -3.997709  -0.499976 0.000000 0.866039  0.952025 0.234332 1 68 1.000000
gun_tex
0  -3.432709 -15.648924 -3.986270  0.428605 0.514981 0.742356  0.951972 0.234332 1 68 1.000000
0  -3.452520 -15.615948 -3.997709  0.428605 0.514981 0.742356  0.951972 0.234332 1 68 1.000000
0  -3.598438 -15.615948 -3.913462  0.428605 0.514981 0.742356  0.951998 0.234332 1 68 1.000000
gun_tex
0  -3.432206 -15.569780 -4.177928  1.000000 0.000000 0.000000  0.952104 0.234332 1 68 1.000000
0  -3.432206 -15.530729 -4.177928  1.000000 0.000000 0.000000  0.952104 0.234332 1 68 1.000000
0  -3.432206 -15.530729 -3.985980  1.000000 0.000000 0.000000  0.952130 0.234332 1 68 1.000000
gun_tex
0  -3.764670 -15.569780 -4.177928  -0.499989 0.000000 -0.866032  0.952051 0.234332 1 68 1.000000
0  -3.764670 -15.530729 -4.177928  -0.499989 0.000000 -0.866032  0.952051 0.234332 1 68 1.000000
0  -3.598438 -15.530729 -4.273902  -0.499989 0.000000 -0.866032  0.952078 0.234332 1 68 1.000000
gun_tex
0  -3.438889 -16.259130 -3.989839  0.499976 -0.010127 0.865980  0.951972 0.234411 1 68 1.000000
0  -3.432709 -15.648924 -3.986270  0.499976 -0.010127 0.865980  0.951972 0.234332 1 68 1.000000
0  -3.598438 -15.648924 -3.890587  0.499976 -0.010127 0.865980  0.951998 0.234332 1 68 1.000000
gun_tex
0  -3.598438 -15.580097 -4.156203  -0.500026 0.000000 0.866010  0.952104 0.234285 1 68 1.000000
0  -3.534137 -15.580097 -4.119078  -0.500026 0.000000 0.866010  0.952104 0.234299 1 68 1.000000
0  -3.534137 -15.530729 -4.119078  -0.500026 0.000000 0.866010  0.952104 0.234299 1 68 1.000000
gun_tex
0  -3.764670 -15.569780 -4.177928  -0.214203 -0.903570 -0.371051  0.952051 0.234332 1 68 1.000000
0  -3.598438 -15.569781 -4.273902  -0.214203 -0.903570 -0.371051  0.952078 0.234332 1 68 1.000000
0  -3.598438 -15.579412 -4.250445  -0.214203 -0.903570 -0.371051  0.952078 0.234332 1 68 1.000000
gun_tex
0  -3.534137 -15.530729 -4.119078  -1.000000 0.000000 0.000000  0.952104 0.234299 1 68 1.000000
0  -3.534137 -15.580097 -4.119078  -1.000000 0.000000 0.000000  0.952104 0.234299 1 68 1.000000
0  -3.534137 -15.580097 -4.044829  -1.000000 0.000000 0.000000  0.952091 0.234307 1 68 1.000000
gun_tex
0  -3.438890 -16.259130 -4.174069  0.000000 -1.000000 0.000000  0.952045 0.234311 1 68 1.000000
0  -3.438889 -16.259130 -3.989839  0.000000 -1.000000 0.000000  0.952012 0.234330 1 68 1.000000
0  -3.598438 -16.259130 -3.897723  0.000000 -1.000000 0.000000  0.951979 0.234311 1 68 1.000000
gun_tex
0  -3.598438 -16.259130 -3.897723  0.000000 -1.000000 0.000000  0.951979 0.234311 1 68 1.000000
0  -3.757986 -16.259130 -3.989839  0.000000 -1.000000 0.000000  0.951979 0.234273 1 68 1.000000
0  -3.438890 -16.259130 -4.174069  0.000000 -1.000000 0.000000  0.952045 0.234311 1 68 1.000000
gun_tex
0  -3.757986 -16.259130 -3.989839  0.000000 -1.000000 0.000000  0.951979 0.234273 1 68 1.000000
0  -3.757986 -16.259130 -4.174069  0.000000 -1.000000 0.000000  0.952012 0.234254 1 68 1.000000
0  -3.438890 -16.259130 -4.174069  0.000000 -1.000000 0.000000  0.952045 0.234311 1 68 1.000000
gun_tex
0  -3.432709 -15.648924 -4.177638  0.428602 0.514976 -0.742361  0.952104 0.234332 1 68 1.000000
0  -3.598438 -15.648924 -4.273321  0.428602 0.514976 -0.742361  0.952078 0.234332 1 68 1.000000
0  -3.598438 -15.615948 -4.250445  0.428602 0.514976 -0.742361  0.952078 0.234332 1 68 1.000000
gun_tex
0  -3.598438 -15.530729 -3.890006  0.000000 1.000000 0.000000  0.952058 0.234311 1 68 1.000000
0  -3.534137 -15.530729 -4.044829  0.000000 1.000000 0.000000  0.952091 0.234307 1 68 1.000000
0  -3.598438 -15.530729 -4.007705  0.000000 1.000000 0.000000  0.952078 0.234299 1 68 1.000000
gun_tex
0  -3.598438 -15.530729 -3.890006  0.000000 1.000000 0.000000  0.952058 0.234311 1 68 1.000000
0  -3.598438 -15.530729 -4.007705  0.000000 1.000000 0.000000  0.952078 0.234299 1 68 1.000000
0  -3.662739 -15.530729 -4.044829  0.000000 1.000000 0.000000  0.952078 0.234285 1 68 1.000000
gun_tex
0  -3.764670 -15.530729 -4.177928  0.000000 1.000000 0.000000  0.952091 0.234254 1 68 1.000000
0  -3.764670 -15.530729 -3.985980  0.000000 1.000000 0.000000  0.952058 0.234273 1 68 1.000000
0  -3.662739 -15.530729 -4.044829  0.000000 1.000000 0.000000  0.952078 0.234285 1 68 1.000000
gun_tex
0  -3.764670 -15.530729 -3.985980  0.000000 1.000000 -0.000006  0.952058 0.234273 1 68 1.000000
0  -3.598438 -15.530729 -3.890006  0.000000 1.000000 -0.000006  0.952058 0.234311 1 68 1.000000
0  -3.662739 -15.530729 -4.044829  0.000000 1.000000 -0.000006  0.952078 0.234285 1 68 1.000000
gun_tex
0  -3.598438 -15.530729 -4.156203  0.000000 1.000000 0.000000  0.952104 0.234285 1 68 1.000000
0  -3.598438 -15.530729 -4.273902  0.000000 1.000000 0.000000  0.952124 0.234273 1 68 1.000000
0  -3.662739 -15.530729 -4.119078  0.000000 1.000000 0.000000  0.952091 0.234277 1 68 1.000000
gun_tex
0  -3.598438 -15.530729 -4.273902  0.000000 1.000000 0.000000  0.952124 0.234273 1 68 1.000000
0  -3.764670 -15.530729 -4.177928  0.000000 1.000000 0.000000  0.952091 0.234254 1 68 1.000000
0  -3.662739 -15.530729 -4.119078  0.000000 1.000000 0.000000  0.952091 0.234277 1 68 1.000000
gun_tex
0  -3.598438 -15.530729 -4.273902  0.499989 0.000000 -0.866032  0.952078 0.234332 1 68 1.000000
0  -3.432206 -15.530729 -4.177928  0.499989 0.000000 -0.866032  0.952104 0.234332 1 68 1.000000
0  -3.432206 -15.569780 -4.177928  0.499989 0.000000 -0.866032  0.952104 0.234332 1 68 1.000000
gun_tex
0  -3.757986 -16.259130 -4.174069  -0.499971 -0.010127 -0.865983  0.952051 0.234411 1 68 1.000000
0  -3.764166 -15.648924 -4.177638  -0.499971 -0.010127 -0.865983  0.952051 0.234332 1 68 1.000000
0  -3.598438 -15.648924 -4.273321  -0.499971 -0.010127 -0.865983  0.952078 0.234332 1 68 1.000000
gun_tex
0  -3.534137 -15.580097 -4.044829  0.000000 1.000000 -0.000314  0.952091 0.234307 1 68 1.000000
0  -3.539729 -15.580097 -4.048058  0.000000 1.000000 -0.000314  0.952091 0.234305 1 68 1.000000
0  -3.598438 -15.580097 -4.014162  0.000000 1.000000 -0.000314  0.952079 0.234299 1 68 1.000000
gun_tex
0  -3.598438 -15.580097 -4.014162  0.000000 1.000000 0.000000  0.952079 0.234299 1 68 1.000000
0  -3.657148 -15.580097 -4.048058  0.000000 1.000000 0.000000  0.952079 0.234285 1 68 1.000000
0  -3.598438 -15.580097 -4.007705  0.000000 1.000000 0.000000  0.952078 0.234299 1 68 1.000000
gun_tex
0  -3.662740 -15.580097 -4.119078  0.499986 0.000000 0.866034  0.952091 0.234277 1 68 1.000000
0  -3.598438 -15.580097 -4.156203  0.499986 0.000000 0.866034  0.952104 0.234285 1 68 1.000000
0  -3.598438 -15.530729 -4.156203  0.499986 0.000000 0.866034  0.952104 0.234285 1 68 1.000000
gun_tex
0  -3.598438 -15.580097 -4.014162  0.500000 -0.000004 0.866025  0.828864 0.205051 1 68 1.000000
0  -3.539729 -15.580097 -4.048058  0.500000 -0.000004 0.866025  0.828882 0.205061 1 68 1.000000
0  -3.539729 -15.530729 -4.048058  0.500000 -0.000004 0.866025  0.828882 0.205061 1 68 1.000000
gun_tex
0  -3.598438 -15.530729 -4.014162  -0.500004 0.000000 0.866023  0.828864 0.205051 1 68 1.000000
0  -3.657148 -15.530729 -4.048058  -0.500004 0.000000 0.866023  0.828864 0.205029 1 68 1.000000
0  -3.657148 -15.580097 -4.048058  -0.500004 0.000000 0.866023  0.828864 0.205029 1 68 1.000000
gun_tex
0  -3.598438 -15.580097 -4.149746  0.000000 -1.000000 -0.000010  0.828900 0.205029 1 68 1.000000
0  -3.539729 -15.580097 -4.115850  0.000000 -1.000000 -0.000010  0.828900 0.205051 1 68 1.000000
0  -3.539729 -15.580097 -4.048058  0.000000 -1.000000 -0.000010  0.828882 0.205061 1 68 1.000000
gun_tex
0  -3.539729 -15.580097 -4.048058  0.000000 -1.000000 -0.000030  0.828882 0.205061 1 68 1.000000
0  -3.598438 -15.580097 -4.014162  0.000000 -1.000000 -0.000030  0.828864 0.205051 1 68 1.000000
0  -3.657148 -15.580097 -4.048058  0.000000 -1.000000 -0.000030  0.828864 0.205029 1 68 1.000000
gun_tex
0  -3.657148 -15.580097 -4.048058  0.000000 -1.000000 0.000000  0.828864 0.205029 1 68 1.000000
0  -3.657148 -15.580097 -4.115850  0.000000 -1.000000 0.000000  0.828882 0.205019 1 68 1.000000
0  -3.539729 -15.580097 -4.048058  0.000000 -1.000000 0.000000  0.828882 0.205061 1 68 1.000000
gun_tex
0  -3.598438 -15.580097 -4.149746  0.500004 0.000000 -0.866023  0.828900 0.205029 1 68 1.000000
0  -3.598438 -15.530729 -4.149746  0.500004 0.000000 -0.866023  0.828900 0.205029 1 68 1.000000
0  -3.539729 -15.530729 -4.115850  0.500004 0.000000 -0.866023  0.828900 0.205051 1 68 1.000000
gun_tex
0  -3.657148 -15.530729 -4.048058  -1.000000 0.000000 0.000000  0.828864 0.205029 1 68 1.000000
0  -3.657148 -15.530729 -4.115850  -1.000000 0.000000 0.000000  0.828882 0.205019 1 68 1.000000
0  -3.657148 -15.580097 -4.115850  -1.000000 0.000000 0.000000  0.828882 0.205019 1 68 1.000000
gun_tex
0  -3.657148 -15.580097 -4.115850  -0.500010 -0.000004 -0.866019  0.828882 0.205019 1 68 1.000000
0  -3.657148 -15.530729 -4.115850  -0.500010 -0.000004 -0.866019  0.828882 0.205019 1 68 1.000000
0  -3.598438 -15.530729 -4.149746  -0.500010 -0.000004 -0.866019  0.828900 0.205029 1 68 1.000000
gun_tex
0  -3.539729 -15.580097 -4.048058  1.000000 0.000009 0.000004  0.828882 0.205061 1 68 1.000000
0  -3.539729 -15.580097 -4.115850  1.000000 0.000009 0.000004  0.828900 0.205051 1 68 1.000000
0  -3.539729 -15.530729 -4.115850  1.000000 0.000009 0.000004  0.828900 0.205051 1 68 1.000000
gun_tex
0  -3.539729 -15.530729 -4.115850  0.000000 1.000000 0.000000  0.828900 0.205051 1 68 1.000000
0  -3.598438 -15.530729 -4.149746  0.000000 1.000000 0.000000  0.828900 0.205029 1 68 1.000000
0  -3.657148 -15.530729 -4.115850  0.000000 1.000000 0.000000  0.828882 0.205019 1 68 1.000000
gun_tex
0  -3.657148 -15.530729 -4.115850  0.000000 1.000000 0.000000  0.828882 0.205019 1 68 1.000000
0  -3.657148 -15.530729 -4.048058  0.000000 1.000000 0.000000  0.828864 0.205029 1 68 1.000000
0  -3.598438 -15.530729 -4.014162  0.000000 1.000000 0.000000  0.828864 0.205051 1 68 1.000000
gun_tex
0  -3.598438 -15.530729 -4.014162  0.000000 1.000000 -0.000004  0.828864 0.205051 1 68 1.000000
0  -3.539729 -15.530729 -4.048058  0.000000 1.000000 -0.000004  0.828882 0.205061 1 68 1.000000
0  -3.539729 -15.530729 -4.115850  0.000000 1.000000 -0.000004  0.828900 0.205051 1 68 1.000000
gun_tex
0  -3.724723 -16.259130 -4.164424  0.000000 1.000000 0.000000  0.854656 0.177802 1 75 1.000000
0  -3.576864 -16.259130 -4.249791  0.000000 1.000000 0.000000  0.854726 0.177842 1 75 1.000000
0  -3.724723 -16.259130 -4.505890  0.000000 1.000000 0.000000  0.854795 0.177722 1 75 1.000000
gun_tex
0  -3.868762 -16.367002 -4.251997  -0.495819 -0.129121 0.858773  0.854656 0.177722 1 75 1.000000
0  -3.724723 -16.461016 -4.182971  -0.495819 -0.129121 0.858773  0.854656 0.177802 1 75 1.000000
0  -3.724723 -16.367002 -4.168837  -0.495819 -0.129121 0.858773  0.854656 0.177802 1 75 1.000000
gun_tex
0  -3.872583 -16.259130 -4.420524  -0.999373 -0.035398 0.000000  0.854726 0.177682 1 75 1.000000
0  -3.868762 -16.367002 -4.251997  -0.999373 -0.035398 0.000000  0.854656 0.177722 1 75 1.000000
0  -3.872583 -16.259130 -4.249791  -0.999373 -0.035398 0.000000  0.854656 0.177722 1 75 1.000000
gun_tex
0  -3.576864 -16.259130 -4.420524  0.499686 -0.035394 -0.865483  0.854795 0.177802 1 75 1.000000
0  -3.724723 -16.367002 -4.501478  0.499686 -0.035394 -0.865483  0.854795 0.177722 1 75 1.000000
0  -3.724723 -16.259130 -4.505890  0.499686 -0.035394 -0.865483  0.854795 0.177722 1 75 1.000000
gun_tex
0  -3.872583 -16.259130 -4.249791  -0.499677 -0.035400 0.865488  0.854656 0.177722 1 75 1.000000
0  -3.724723 -16.367002 -4.168837  -0.499677 -0.035400 0.865488  0.854656 0.177802 1 75 1.000000
0  -3.724723 -16.259130 -4.164424  -0.499677 -0.035400 0.865488  0.854656 0.177802 1 75 1.000000
gun_tex
0  -3.724723 -16.259130 -4.505890  -0.499683 -0.035405 -0.865484  0.854795 0.177722 1 75 1.000000
0  -3.868762 -16.367002 -4.418318  -0.499683 -0.035405 -0.865484  0.854726 0.177682 1 75 1.000000
0  -3.872583 -16.259130 -4.420524  -0.499683 -0.035405 -0.865484  0.854726 0.177682 1 75 1.000000
gun_tex
0  -3.576864 -16.259130 -4.249791  0.999373 -0.035396 -0.000001  0.854726 0.177842 1 75 1.000000
0  -3.580685 -16.367002 -4.418318  0.999373 -0.035396 -0.000001  0.854795 0.177802 1 75 1.000000
0  -3.576864 -16.259130 -4.420524  0.999373 -0.035396 -0.000001  0.854795 0.177802 1 75 1.000000
gun_tex
0  -3.724723 -16.259130 -4.164424  0.499678 -0.035397 0.865487  0.854656 0.177802 1 75 1.000000
0  -3.580685 -16.367002 -4.251997  0.499678 -0.035397 0.865487  0.854726 0.177842 1 75 1.000000
0  -3.576864 -16.259130 -4.249791  0.499678 -0.035397 0.865487  0.854726 0.177842 1 75 1.000000
gun_tex
0  -3.724723 -16.461016 -4.182971  0.464578 -0.369653 0.804689  0.854656 0.177802 1 75 1.000000
0  -3.632965 -16.561657 -4.282181  0.464578 -0.369653 0.804689  0.854726 0.177842 1 75 1.000000
0  -3.592926 -16.461016 -4.259065  0.464578 -0.369653 0.804689  0.854726 0.177842 1 75 1.000000
gun_tex
0  -3.724723 -16.367002 -4.501478  -0.495807 -0.129112 -0.858781  0.854795 0.177722 1 75 1.000000
0  -3.856520 -16.461016 -4.411251  -0.495807 -0.129112 -0.858781  0.854726 0.177682 1 75 1.000000
0  -3.868762 -16.367002 -4.418318  -0.495807 -0.129112 -0.858781  0.854726 0.177682 1 75 1.000000
gun_tex
0  -3.580685 -16.367002 -4.251997  0.991628 -0.129126 -0.000002  0.854726 0.177842 1 75 1.000000
0  -3.592926 -16.461016 -4.411250  0.991628 -0.129126 -0.000002  0.854795 0.177802 1 75 1.000000
0  -3.580685 -16.367002 -4.418318  0.991628 -0.129126 -0.000002  0.854795 0.177802 1 75 1.000000
gun_tex
0  -3.580685 -16.367002 -4.251997  0.495799 -0.129119 0.858785  0.854726 0.177842 1 75 1.000000
0  -3.724723 -16.461016 -4.182971  0.495799 -0.129119 0.858785  0.854656 0.177802 1 75 1.000000
0  -3.592926 -16.461016 -4.259065  0.495799 -0.129119 0.858785  0.854726 0.177842 1 75 1.000000
gun_tex
0  -3.868762 -16.367002 -4.418318  -0.991630 -0.129114 0.000000  0.854726 0.177682 1 75 1.000000
0  -3.856520 -16.461016 -4.259065  -0.991630 -0.129114 0.000000  0.854656 0.177722 1 75 1.000000
0  -3.868762 -16.367002 -4.251997  -0.991630 -0.129114 0.000000  0.854656 0.177722 1 75 1.000000
gun_tex
0  -3.580685 -16.367002 -4.418318  0.495811 -0.129120 -0.858778  0.854795 0.177802 1 75 1.000000
0  -3.724723 -16.461016 -4.487343  0.495811 -0.129120 -0.858778  0.854795 0.177722 1 75 1.000000
0  -3.724723 -16.367002 -4.501478  0.495811 -0.129120 -0.858778  0.854795 0.177722 1 75 1.000000
gun_tex
0  -3.724723 -16.561657 -4.229204  -0.412822 -0.564200 0.715022  0.854656 0.177802 1 75 1.000000
0  -3.778184 -16.617702 -4.304292  -0.412822 -0.564200 0.715022  0.854656 0.177722 1 75 1.000000
0  -3.724723 -16.617702 -4.273427  -0.412822 -0.564200 0.715022  0.854656 0.177802 1 75 1.000000
gun_tex
0  -3.856520 -16.461016 -4.411251  -0.929168 -0.369659 0.000000  0.854726 0.177682 1 75 1.000000
0  -3.816481 -16.561657 -4.282181  -0.929168 -0.369659 0.000000  0.854656 0.177722 1 75 1.000000
0  -3.856520 -16.461016 -4.259065  -0.929168 -0.369659 0.000000  0.854656 0.177722 1 75 1.000000
gun_tex
0  -3.592926 -16.461016 -4.411250  0.464578 -0.369645 -0.804692  0.854795 0.177802 1 75 1.000000
0  -3.724723 -16.561657 -4.441110  0.464578 -0.369645 -0.804692  0.854795 0.177722 1 75 1.000000
0  -3.724723 -16.461016 -4.487343  0.464578 -0.369645 -0.804692  0.854795 0.177722 1 75 1.000000
gun_tex
0  -3.856520 -16.461016 -4.259065  -0.464573 -0.369648 0.804694  0.854656 0.177722 1 75 1.000000
0  -3.724723 -16.561657 -4.229204  -0.464573 -0.369648 0.804694  0.854656 0.177802 1 75 1.000000
0  -3.724723 -16.461016 -4.182971  -0.464573 -0.369648 0.804694  0.854656 0.177802 1 75 1.000000
gun_tex
0  -3.724723 -16.461016 -4.487343  -0.464572 -0.369656 -0.804691  0.854795 0.177722 1 75 1.000000
0  -3.816481 -16.561657 -4.388134  -0.464572 -0.369656 -0.804691  0.854726 0.177682 1 75 1.000000
0  -3.856520 -16.461016 -4.411251  -0.464572 -0.369656 -0.804691  0.854726 0.177682 1 75 1.000000
gun_tex
0  -3.592926 -16.461016 -4.411250  0.929168 -0.369657 0.000000  0.854795 0.177802 1 75 1.000000
0  -3.632965 -16.561657 -4.282181  0.929168 -0.369657 0.000000  0.854726 0.177842 1 75 1.000000
0  -3.632965 -16.561657 -4.388134  0.929168 -0.369657 0.000000  0.854795 0.177802 1 75 1.000000
gun_tex
0  -3.724723 -16.617702 -4.273427  0.306393 -0.790227 0.530721  0.854656 0.177802 1 75 1.000000
0  -3.708565 -16.646629 -4.325829  0.306393 -0.790227 0.530721  0.854726 0.177842 1 75 1.000000
0  -3.671263 -16.617702 -4.304292  0.306393 -0.790227 0.530721  0.854726 0.177842 1 75 1.000000
gun_tex
0  -3.724723 -16.561657 -4.441110  -0.412819 -0.564189 -0.715032  0.854795 0.177722 1 75 1.000000
0  -3.778184 -16.617702 -4.366023  -0.412819 -0.564189 -0.715032  0.854726 0.177682 1 75 1.000000
0  -3.816481 -16.561657 -4.388134  -0.412819 -0.564189 -0.715032  0.854726 0.177682 1 75 1.000000
gun_tex
0  -3.632965 -16.561657 -4.388134  0.825653 -0.564178 0.000000  0.854795 0.177802 1 75 1.000000
0  -3.671263 -16.617702 -4.304292  0.825653 -0.564178 0.000000  0.854726 0.177842 1 75 1.000000
0  -3.671263 -16.617702 -4.366023  0.825653 -0.564178 0.000000  0.854795 0.177802 1 75 1.000000
gun_tex
0  -3.632965 -16.561657 -4.282181  0.412825 -0.564190 0.715028  0.854726 0.177842 1 75 1.000000
0  -3.724723 -16.617702 -4.273427  0.412825 -0.564190 0.715028  0.854656 0.177802 1 75 1.000000
0  -3.671263 -16.617702 -4.304292  0.412825 -0.564190 0.715028  0.854726 0.177842 1 75 1.000000
gun_tex
0  -3.816481 -16.561657 -4.388134  -0.825644 -0.564191 0.000000  0.854726 0.177682 1 75 1.000000
0  -3.778184 -16.617702 -4.304292  -0.825644 -0.564191 0.000000  0.854656 0.177722 1 75 1.000000
0  -3.816481 -16.561657 -4.282181  -0.825644 -0.564191 0.000000  0.854656 0.177722 1 75 1.000000
gun_tex
0  -3.724723 -16.561657 -4.441110  0.412834 -0.564181 -0.715030  0.854795 0.177722 1 75 1.000000
0  -3.671263 -16.617702 -4.366023  0.412834 -0.564181 -0.715030  0.854795 0.177802 1 75 1.000000
0  -3.724723 -16.617702 -4.396888  0.412834 -0.564181 -0.715030  0.854795 0.177722 1 75 1.000000
gun_tex
0  -3.740881 -16.646629 -4.325829  0.000000 -1.000000 0.000000  0.854656 0.177722 1 75 1.000000
0  -3.740881 -16.646629 -4.344487  0.000000 -1.000000 0.000000  0.854726 0.177682 1 75 1.000000
0  -3.724723 -16.646629 -4.353816  0.000000 -1.000000 0.000000  0.854795 0.177722 1 75 1.000000
gun_tex
0  -3.778184 -16.617702 -4.366023  -0.612810 -0.790231 0.000000  0.854726 0.177682 1 75 1.000000
0  -3.740881 -16.646629 -4.325829  -0.612810 -0.790231 0.000000  0.854656 0.177722 1 75 1.000000
0  -3.778184 -16.617702 -4.304292  -0.612810 -0.790231 0.000000  0.854656 0.177722 1 75 1.000000
gun_tex
0  -3.724723 -16.617702 -4.396888  0.306401 -0.790230 -0.530711  0.854795 0.177722 1 75 1.000000
0  -3.708565 -16.646629 -4.344487  0.306401 -0.790230 -0.530711  0.854795 0.177802 1 75 1.000000
0  -3.724723 -16.646629 -4.353816  0.306401 -0.790230 -0.530711  0.854795 0.177722 1 75 1.000000
gun_tex
0  -3.778184 -16.617702 -4.304292  -0.306404 -0.790222 0.530722  0.854656 0.177722 1 75 1.000000
0  -3.724723 -16.646629 -4.316499  -0.306404 -0.790222 0.530722  0.854656 0.177802 1 75 1.000000
0  -3.724723 -16.617702 -4.273427  -0.306404 -0.790222 0.530722  0.854656 0.177802 1 75 1.000000
gun_tex
0  -3.724723 -16.617702 -4.396888  -0.306391 -0.790231 -0.530717  0.854795 0.177722 1 75 1.000000
0  -3.740881 -16.646629 -4.344487  -0.306391 -0.790231 -0.530717  0.854726 0.177682 1 75 1.000000
0  -3.778184 -16.617702 -4.366023  -0.306391 -0.790231 -0.530717  0.854726 0.177682 1 75 1.000000
gun_tex
0  -3.671263 -16.617702 -4.366023  0.612792 -0.790244 0.000000  0.854795 0.177802 1 75 1.000000
0  -3.708565 -16.646629 -4.325829  0.612792 -0.790244 0.000000  0.854726 0.177842 1 75 1.000000
0  -3.708565 -16.646629 -4.344487  0.612792 -0.790244 0.000000  0.854795 0.177802 1 75 1.000000
gun_tex
0  -3.576864 -16.259130 -4.249791  0.000000 1.000000 0.000000  0.854726 0.177842 1 75 1.000000
0  -3.576864 -16.259130 -4.420524  0.000000 1.000000 0.000000  0.854795 0.177802 1 75 1.000000
0  -3.724723 -16.259130 -4.505890  0.000000 1.000000 0.000000  0.854795 0.177722 1 75 1.000000
gun_tex
0  -3.724723 -16.259130 -4.505890  0.000000 1.000000 0.000000  0.854795 0.177722 1 75 1.000000
0  -3.872583 -16.259130 -4.420524  0.000000 1.000000 0.000000  0.854726 0.177682 1 75 1.000000
0  -3.872583 -16.259130 -4.249791  0.000000 1.000000 0.000000  0.854656 0.177722 1 75 1.000000
gun_tex
0  -3.872583 -16.259130 -4.249791  0.000000 1.000000 0.000000  0.854656 0.177722 1 75 1.000000
0  -3.724723 -16.259130 -4.164424  0.000000 1.000000 0.000000  0.854656 0.177802 1 75 1.000000
0  -3.724723 -16.259130 -4.505890  0.000000 1.000000 0.000000  0.854795 0.177722 1 75 1.000000
gun_tex
0  -3.868762 -16.367002 -4.251997  -0.495819 -0.129118 0.858774  0.854656 0.177722 1 75 1.000000
0  -3.856520 -16.461016 -4.259065  -0.495819 -0.129118 0.858774  0.854656 0.177722 1 75 1.000000
0  -3.724723 -16.461016 -4.182971  -0.495819 -0.129118 0.858774  0.854656 0.177802 1 75 1.000000
gun_tex
0  -3.872583 -16.259130 -4.420524  -0.999373 -0.035406 0.000001  0.854726 0.177682 1 75 1.000000
0  -3.868762 -16.367002 -4.418318  -0.999373 -0.035406 0.000001  0.854726 0.177682 1 75 1.000000
0  -3.868762 -16.367002 -4.251997  -0.999373 -0.035406 0.000001  0.854656 0.177722 1 75 1.000000
gun_tex
0  -3.576864 -16.259130 -4.420524  0.499685 -0.035402 -0.865483  0.854795 0.177802 1 75 1.000000
0  -3.580685 -16.367002 -4.418318  0.499685 -0.035402 -0.865483  0.854795 0.177802 1 75 1.000000
0  -3.724723 -16.367002 -4.501478  0.499685 -0.035402 -0.865483  0.854795 0.177722 1 75 1.000000
gun_tex
0  -3.872583 -16.259130 -4.249791  -0.499690 -0.035405 0.865481  0.854656 0.177722 1 75 1.000000
0  -3.868762 -16.367002 -4.251997  -0.499690 -0.035405 0.865481  0.854656 0.177722 1 75 1.000000
0  -3.724723 -16.367002 -4.168837  -0.499690 -0.035405 0.865481  0.854656 0.177802 1 75 1.000000
gun_tex
0  -3.724723 -16.259130 -4.505890  -0.499685 -0.035396 -0.865484  0.854795 0.177722 1 75 1.000000
0  -3.724723 -16.367002 -4.501478  -0.499685 -0.035396 -0.865484  0.854795 0.177722 1 75 1.000000
0  -3.868762 -16.367002 -4.418318  -0.499685 -0.035396 -0.865484  0.854726 0.177682 1 75 1.000000
gun_tex
0  -3.576864 -16.259130 -4.249791  0.999374 -0.035386 -0.000001  0.854726 0.177842 1 75 1.000000
0  -3.580685 -16.367002 -4.251997  0.999374 -0.035386 -0.000001  0.854726 0.177842 1 75 1.000000
0  -3.580685 -16.367002 -4.418318  0.999374 -0.035386 -0.000001  0.854795 0.177802 1 75 1.000000
gun_tex
0  -3.724723 -16.259130 -4.164424  0.499685 -0.035399 0.865484  0.854656 0.177802 1 75 1.000000
0  -3.724723 -16.367002 -4.168837  0.499685 -0.035399 0.865484  0.854656 0.177802 1 75 1.000000
0  -3.580685 -16.367002 -4.251997  0.499685 -0.035399 0.865484  0.854726 0.177842 1 75 1.000000
gun_tex
0  -3.724723 -16.461016 -4.182971  0.464592 -0.369661 0.804677  0.854656 0.177802 1 75 1.000000
0  -3.724723 -16.561657 -4.229204  0.464592 -0.369661 0.804677  0.854656 0.177802 1 75 1.000000
0  -3.632965 -16.561657 -4.282181  0.464592 -0.369661 0.804677  0.854726 0.177842 1 75 1.000000
gun_tex
0  -3.724723 -16.367002 -4.501478  -0.495809 -0.129122 -0.858778  0.854795 0.177722 1 75 1.000000
0  -3.724723 -16.461016 -4.487343  -0.495809 -0.129122 -0.858778  0.854795 0.177722 1 75 1.000000
0  -3.856520 -16.461016 -4.411251  -0.495809 -0.129122 -0.858778  0.854726 0.177682 1 75 1.000000
gun_tex
0  -3.580685 -16.367002 -4.251997  0.991630 -0.129114 -0.000001  0.854726 0.177842 1 75 1.000000
0  -3.592926 -16.461016 -4.259065  0.991630 -0.129114 -0.000001  0.854726 0.177842 1 75 1.000000
0  -3.592926 -16.461016 -4.411250  0.991630 -0.129114 -0.000001  0.854795 0.177802 1 75 1.000000
gun_tex
0  -3.580685 -16.367002 -4.251997  0.495823 -0.129118 0.858771  0.854726 0.177842 1 75 1.000000
0  -3.724723 -16.367002 -4.168837  0.495823 -0.129118 0.858771  0.854656 0.177802 1 75 1.000000
0  -3.724723 -16.461016 -4.182971  0.495823 -0.129118 0.858771  0.854656 0.177802 1 75 1.000000
gun_tex
0  -3.868762 -16.367002 -4.418318  -0.991629 -0.129122 0.000003  0.854726 0.177682 1 75 1.000000
0  -3.856520 -16.461016 -4.411251  -0.991629 -0.129122 0.000003  0.854726 0.177682 1 75 1.000000
0  -3.856520 -16.461016 -4.259065  -0.991629 -0.129122 0.000003  0.854656 0.177722 1 75 1.000000
gun_tex
0  -3.580685 -16.367002 -4.418318  0.495813 -0.129118 -0.858777  0.854795 0.177802 1 75 1.000000
0  -3.592926 -16.461016 -4.411250  0.495813 -0.129118 -0.858777  0.854795 0.177802 1 75 1.000000
0  -3.724723 -16.461016 -4.487343  0.495813 -0.129118 -0.858777  0.854795 0.177722 1 75 1.000000
gun_tex
0  -3.724723 -16.561657 -4.229204  -0.412828 -0.564189 0.715027  0.854656 0.177802 1 75 1.000000
0  -3.816481 -16.561657 -4.282181  -0.412828 -0.564189 0.715027  0.854656 0.177722 1 75 1.000000
0  -3.778184 -16.617702 -4.304292  -0.412828 -0.564189 0.715027  0.854656 0.177722 1 75 1.000000
gun_tex
0  -3.856520 -16.461016 -4.411251  -0.929168 -0.369657 0.000000  0.854726 0.177682 1 75 1.000000
0  -3.816481 -16.561657 -4.388134  -0.929168 -0.369657 0.000000  0.854726 0.177682 1 75 1.000000
0  -3.816481 -16.561657 -4.282181  -0.929168 -0.369657 0.000000  0.854656 0.177722 1 75 1.000000
gun_tex
0  -3.592926 -16.461016 -4.411250  0.464584 -0.369661 -0.804681  0.854795 0.177802 1 75 1.000000
0  -3.632965 -16.561657 -4.388134  0.464584 -0.369661 -0.804681  0.854795 0.177802 1 75 1.000000
0  -3.724723 -16.561657 -4.441110  0.464584 -0.369661 -0.804681  0.854795 0.177722 1 75 1.000000
gun_tex
0  -3.856520 -16.461016 -4.259065  -0.464599 -0.369664 0.804671  0.854656 0.177722 1 75 1.000000
0  -3.816481 -16.561657 -4.282181  -0.464599 -0.369664 0.804671  0.854656 0.177722 1 75 1.000000
0  -3.724723 -16.561657 -4.229204  -0.464599 -0.369664 0.804671  0.854656 0.177802 1 75 1.000000
gun_tex
0  -3.724723 -16.461016 -4.487343  -0.464591 -0.369666 -0.804675  0.854795 0.177722 1 75 1.000000
0  -3.724723 -16.561657 -4.441110  -0.464591 -0.369666 -0.804675  0.854795 0.177722 1 75 1.000000
0  -3.816481 -16.561657 -4.388134  -0.464591 -0.369666 -0.804675  0.854726 0.177682 1 75 1.000000
gun_tex
0  -3.592926 -16.461016 -4.411250  0.929167 -0.369661 0.000000  0.854795 0.177802 1 75 1.000000
0  -3.592926 -16.461016 -4.259065  0.929167 -0.369661 0.000000  0.854726 0.177842 1 75 1.000000
0  -3.632965 -16.561657 -4.282181  0.929167 -0.369661 0.000000  0.854726 0.177842 1 75 1.000000
gun_tex
0  -3.724723 -16.617702 -4.273427  0.306464 -0.790211 0.530704  0.854656 0.177802 1 75 1.000000
0  -3.724723 -16.646629 -4.316499  0.306464 -0.790211 0.530704  0.854656 0.177802 1 75 1.000000
0  -3.708565 -16.646629 -4.325829  0.306464 -0.790211 0.530704  0.854726 0.177842 1 75 1.000000
gun_tex
0  -3.724723 -16.561657 -4.441110  -0.412831 -0.564188 -0.715026  0.854795 0.177722 1 75 1.000000
0  -3.724723 -16.617702 -4.396888  -0.412831 -0.564188 -0.715026  0.854795 0.177722 1 75 1.000000
0  -3.778184 -16.617702 -4.366023  -0.412831 -0.564188 -0.715026  0.854726 0.177682 1 75 1.000000
gun_tex
0  -3.632965 -16.561657 -4.388134  0.825642 -0.564194 0.000000  0.854795 0.177802 1 75 1.000000
0  -3.632965 -16.561657 -4.282181  0.825642 -0.564194 0.000000  0.854726 0.177842 1 75 1.000000
0  -3.671263 -16.617702 -4.304292  0.825642 -0.564194 0.000000  0.854726 0.177842 1 75 1.000000
gun_tex
0  -3.632965 -16.561657 -4.282181  0.412831 -0.564203 0.715015  0.854726 0.177842 1 75 1.000000
0  -3.724723 -16.561657 -4.229204  0.412831 -0.564203 0.715015  0.854656 0.177802 1 75 1.000000
0  -3.724723 -16.617702 -4.273427  0.412831 -0.564203 0.715015  0.854656 0.177802 1 75 1.000000
gun_tex
0  -3.816481 -16.561657 -4.388134  -0.825650 -0.564183 0.000000  0.854726 0.177682 1 75 1.000000
0  -3.778184 -16.617702 -4.366023  -0.825650 -0.564183 0.000000  0.854726 0.177682 1 75 1.000000
0  -3.778184 -16.617702 -4.304292  -0.825650 -0.564183 0.000000  0.854656 0.177722 1 75 1.000000
gun_tex
0  -3.724723 -16.561657 -4.441110  0.412822 -0.564201 -0.715021  0.854795 0.177722 1 75 1.000000
0  -3.632965 -16.561657 -4.388134  0.412822 -0.564201 -0.715021  0.854795 0.177802 1 75 1.000000
0  -3.671263 -16.617702 -4.366023  0.412822 -0.564201 -0.715021  0.854795 0.177802 1 75 1.000000
gun_tex
0  -3.724723 -16.646629 -4.353816  0.000000 -1.000000 0.000000  0.854795 0.177722 1 75 1.000000
0  -3.708565 -16.646629 -4.344487  0.000000 -1.000000 0.000000  0.854795 0.177802 1 75 1.000000
0  -3.708565 -16.646629 -4.325829  0.000000 -1.000000 0.000000  0.854726 0.177842 1 75 1.000000
gun_tex
0  -3.708565 -16.646629 -4.325829  0.000000 -1.000000 0.000000  0.854726 0.177842 1 75 1.000000
0  -3.724723 -16.646629 -4.316499  0.000000 -1.000000 0.000000  0.854656 0.177802 1 75 1.000000
0  -3.724723 -16.646629 -4.353816  0.000000 -1.000000 0.000000  0.854795 0.177722 1 75 1.000000
gun_tex
0  -3.724723 -16.646629 -4.316499  0.000000 -1.000000 0.000000  0.854656 0.177802 1 75 1.000000
0  -3.740881 -16.646629 -4.325829  0.000000 -1.000000 0.000000  0.854656 0.177722 1 75 1.000000
0  -3.724723 -16.646629 -4.353816  0.000000 -1.000000 0.000000  0.854795 0.177722 1 75 1.000000
gun_tex
0  -3.778184 -16.617702 -4.366023  -0.612784 -0.790251 0.000000  0.854726 0.177682 1 75 1.000000
0  -3.740881 -16.646629 -4.344487  -0.612784 -0.790251 0.000000  0.854726 0.177682 1 75 1.000000
0  -3.740881 -16.646629 -4.325829  -0.612784 -0.790251 0.000000  0.854656 0.177722 1 75 1.000000
gun_tex
0  -3.724723 -16.617702 -4.396888  0.306396 -0.790223 -0.530726  0.854795 0.177722 1 75 1.000000
0  -3.671263 -16.617702 -4.366023  0.306396 -0.790223 -0.530726  0.854795 0.177802 1 75 1.000000
0  -3.708565 -16.646629 -4.344487  0.306396 -0.790223 -0.530726  0.854795 0.177802 1 75 1.000000
gun_tex
0  -3.778184 -16.617702 -4.304292  -0.306419 -0.790241 0.530685  0.854656 0.177722 1 75 1.000000
0  -3.740881 -16.646629 -4.325829  -0.306419 -0.790241 0.530685  0.854656 0.177722 1 75 1.000000
0  -3.724723 -16.646629 -4.316499  -0.306419 -0.790241 0.530685  0.854656 0.177802 1 75 1.000000
gun_tex
0  -3.724723 -16.617702 -4.396888  -0.306407 -0.790221 -0.530722  0.854795 0.177722 1 75 1.000000
0  -3.724723 -16.646629 -4.353816  -0.306407 -0.790221 -0.530722  0.854795 0.177722 1 75 1.000000
0  -3.740881 -16.646629 -4.344487  -0.306407 -0.790221 -0.530722  0.854726 0.177682 1 75 1.000000
gun_tex
0  -3.671263 -16.617702 -4.366023  0.612805 -0.790234 0.000000  0.854795 0.177802 1 75 1.000000
0  -3.671263 -16.617702 -4.304292  0.612805 -0.790234 0.000000  0.854726 0.177842 1 75 1.000000
0  -3.708565 -16.646629 -4.325829  0.612805 -0.790234 0.000000  0.854726 0.177842 1 75 1.000000
gun_tex
0  -3.558995 -15.648924 -4.430841  0.857207 0.514973 0.000000  0.952104 0.234332 1 75 1.000000
0  -3.578805 -15.615948 -4.250912  0.857207 0.514973 0.000000  0.952130 0.234332 1 75 1.000000
0  -3.558995 -15.648924 -4.239474  0.857207 0.514973 0.000000  0.952130 0.234332 1 75 1.000000
gun_tex
0  -3.870641 -15.579412 -4.250912  -1.000000 0.000000 0.000000  0.952025 0.234332 1 75 1.000000
0  -3.870641 -15.615948 -4.419403  -1.000000 0.000000 0.000000  0.952051 0.234332 1 75 1.000000
0  -3.870641 -15.615948 -4.250912  -1.000000 0.000000 0.000000  0.952025 0.234332 1 75 1.000000
gun_tex
0  -3.890452 -15.648924 -4.430841  -0.999949 -0.010127 0.000000  0.952051 0.234332 1 75 1.000000
0  -3.884272 -16.259130 -4.243042  -0.999949 -0.010127 0.000000  0.952025 0.234411 1 75 1.000000
0  -3.890452 -15.648924 -4.239474  -0.999949 -0.010127 0.000000  0.952025 0.234332 1 75 1.000000
gun_tex
0  -3.890452 -15.648924 -4.239474  -0.857203 0.514979 0.000000  0.952025 0.234332 1 75 1.000000
0  -3.870641 -15.615948 -4.419403  -0.857203 0.514979 0.000000  0.952051 0.234332 1 75 1.000000
0  -3.890452 -15.648924 -4.430841  -0.857203 0.514979 0.000000  0.952051 0.234332 1 75 1.000000
gun_tex
0  -3.890955 -15.569780 -4.239184  -0.428439 -0.903571 0.000000  0.952025 0.234332 1 75 1.000000
0  -3.870641 -15.579412 -4.419403  -0.428439 -0.903571 0.000000  0.952051 0.234332 1 75 1.000000
0  -3.870641 -15.579412 -4.250912  -0.428439 -0.903571 0.000000  0.952025 0.234332 1 75 1.000000
gun_tex
0  -3.724723 -15.579412 -4.503649  0.500006 0.000000 -0.866022  0.952078 0.234332 1 75 1.000000
0  -3.578805 -15.615948 -4.419404  0.500006 0.000000 -0.866022  0.952104 0.234332 1 75 1.000000
0  -3.724723 -15.615948 -4.503649  0.500006 0.000000 -0.866022  0.952078 0.234332 1 75 1.000000
gun_tex
0  -3.870641 -15.615948 -4.419403  -0.428602 0.514976 -0.742361  0.952051 0.234332 1 75 1.000000
0  -3.724723 -15.648924 -4.526524  -0.428602 0.514976 -0.742361  0.952078 0.234332 1 75 1.000000
0  -3.890452 -15.648924 -4.430841  -0.428602 0.514976 -0.742361  0.952051 0.234332 1 75 1.000000
gun_tex
0  -3.724723 -15.569780 -4.143209  0.499992 0.000000 0.866030  0.951998 0.234332 1 75 1.000000
0  -3.558491 -15.530729 -4.239183  0.499992 0.000000 0.866030  0.951972 0.234332 1 75 1.000000
0  -3.724723 -15.530729 -4.143209  0.499992 0.000000 0.866030  0.951998 0.234332 1 75 1.000000
gun_tex
0  -3.660422 -15.530729 -4.298033  -0.499994 0.000000 -0.866029  0.952091 0.234307 1 75 1.000000
0  -3.724723 -15.580097 -4.260909  -0.499994 0.000000 -0.866029  0.952078 0.234299 1 75 1.000000
0  -3.724723 -15.530729 -4.260909  -0.499994 0.000000 -0.866029  0.952078 0.234299 1 75 1.000000
gun_tex
0  -3.724723 -15.569781 -4.527105  0.214204 -0.903598 -0.370981  0.952078 0.234332 1 75 1.000000
0  -3.578805 -15.579412 -4.419404  0.214204 -0.903598 -0.370981  0.952104 0.234332 1 75 1.000000
0  -3.724723 -15.579412 -4.503649  0.214204 -0.903598 -0.370981  0.952078 0.234332 1 75 1.000000
gun_tex
0  -3.724723 -15.580097 -4.409407  0.000000 1.000000 0.000000  0.952104 0.234285 1 75 1.000000
0  -3.789025 -15.580097 -4.372282  0.000000 1.000000 0.000000  0.952091 0.234277 1 75 1.000000
0  -3.724724 -15.580097 -4.402949  0.000000 1.000000 0.000000  0.952102 0.234285 1 75 1.000000
gun_tex
0  -3.789025 -15.530729 -4.372282  1.000000 0.000000 0.000000  0.952091 0.234277 1 75 1.000000
0  -3.789025 -15.580097 -4.298033  1.000000 0.000000 0.000000  0.952078 0.234285 1 75 1.000000
0  -3.789025 -15.580097 -4.372282  1.000000 0.000000 0.000000  0.952091 0.234277 1 75 1.000000
gun_tex
0  -3.660422 -15.530729 -4.372282  0.000000 1.000000 0.000000  0.952104 0.234299 1 75 1.000000
0  -3.660422 -15.530729 -4.298033  0.000000 1.000000 0.000000  0.952091 0.234307 1 75 1.000000
0  -3.558491 -15.530729 -4.239183  0.000000 1.000000 0.000000  0.952091 0.234330 1 75 1.000000
gun_tex
0  -3.870641 -15.615948 -4.419403  -0.500006 0.000000 -0.866022  0.952051 0.234332 1 75 1.000000
0  -3.724723 -15.579412 -4.503649  -0.500006 0.000000 -0.866022  0.952078 0.234332 1 75 1.000000
0  -3.724723 -15.615948 -4.503649  -0.500006 0.000000 -0.866022  0.952078 0.234332 1 75 1.000000
gun_tex
0  -3.578805 -15.579412 -4.250912  0.500006 0.000000 0.866022  0.951972 0.234332 1 75 1.000000
0  -3.724723 -15.615948 -4.166666  0.500006 0.000000 0.866022  0.951998 0.234332 1 75 1.000000
0  -3.578805 -15.615948 -4.250912  0.500006 0.000000 0.866022  0.951972 0.234332 1 75 1.000000
gun_tex
0  -3.724723 -15.580097 -4.260909  0.500006 0.000000 -0.866022  0.952078 0.234299 1 75 1.000000
0  -3.789025 -15.530729 -4.298033  0.500006 0.000000 -0.866022  0.952078 0.234285 1 75 1.000000
0  -3.724723 -15.530729 -4.260909  0.500006 0.000000 -0.866022  0.952078 0.234299 1 75 1.000000
gun_tex
0  -3.565175 -16.259130 -4.427273  0.999949 -0.010127 0.000000  0.952104 0.234411 1 75 1.000000
0  -3.558995 -15.648924 -4.239474  0.999949 -0.010127 0.000000  0.952130 0.234332 1 75 1.000000
0  -3.565175 -16.259130 -4.243042  0.999949 -0.010127 0.000000  0.952130 0.234411 1 75 1.000000
gun_tex
0  -3.565175 -16.259130 -4.427273  0.499971 -0.010128 -0.865983  0.952104 0.234411 1 75 1.000000
0  -3.724723 -15.648924 -4.526524  0.499971 -0.010128 -0.865983  0.952078 0.234332 1 75 1.000000
0  -3.558995 -15.648924 -4.430841  0.499971 -0.010128 -0.865983  0.952104 0.234332 1 75 1.000000
gun_tex
0  -3.884272 -16.259130 -4.243042  -0.499976 -0.010127 0.865980  0.952025 0.234411 1 75 1.000000
0  -3.724723 -15.648924 -4.143791  -0.499976 -0.010127 0.865980  0.951998 0.234332 1 75 1.000000
0  -3.890452 -15.648924 -4.239474  -0.499976 -0.010127 0.865980  0.952025 0.234332 1 75 1.000000
gun_tex
0  -3.578805 -15.579412 -4.250912  0.214226 -0.903592 0.370982  0.951972 0.234332 1 75 1.000000
0  -3.724723 -15.569780 -4.143209  0.214226 -0.903592 0.370982  0.951998 0.234332 1 75 1.000000
0  -3.724723 -15.579412 -4.166666  0.214226 -0.903592 0.370982  0.951998 0.234332 1 75 1.000000
gun_tex
0  -3.724723 -15.615948 -4.166666  -0.428607 0.514969 0.742363  0.951998 0.234332 1 75 1.000000
0  -3.890452 -15.648924 -4.239474  -0.428607 0.514969 0.742363  0.952025 0.234332 1 75 1.000000
0  -3.724723 -15.648924 -4.143791  -0.428607 0.514969 0.742363  0.951998 0.234332 1 75 1.000000
gun_tex
0  -3.578805 -15.579412 -4.250912  0.428439 -0.903571 0.000000  0.952130 0.234332 1 75 1.000000
0  -3.558491 -15.569780 -4.431131  0.428439 -0.903571 0.000000  0.952104 0.234332 1 75 1.000000
0  -3.558491 -15.569780 -4.239183  0.428439 -0.903571 0.000000  0.952130 0.234332 1 75 1.000000
gun_tex
0  -3.870641 -15.579412 -4.250912  -0.214218 -0.903566 0.371051  0.952025 0.234332 1 75 1.000000
0  -3.724723 -15.569780 -4.143209  -0.214218 -0.903566 0.371051  0.951998 0.234332 1 75 1.000000
0  -3.890955 -15.569780 -4.239184  -0.214218 -0.903566 0.371051  0.952025 0.234332 1 75 1.000000
gun_tex
0  -3.890955 -15.530729 -4.239184  -1.000000 0.000000 0.000000  0.952025 0.234332 1 75 1.000000
0  -3.890955 -15.569780 -4.431132  -1.000000 0.000000 0.000000  0.952051 0.234332 1 75 1.000000
0  -3.890955 -15.569780 -4.239184  -1.000000 0.000000 0.000000  0.952025 0.234332 1 75 1.000000
gun_tex
0  -3.724723 -15.530729 -4.143209  -0.500019 0.000000 0.866014  0.951998 0.234332 1 75 1.000000
0  -3.890955 -15.569780 -4.239184  -0.500019 0.000000 0.866014  0.952025 0.234332 1 75 1.000000
0  -3.724723 -15.569780 -4.143209  -0.500019 0.000000 0.866014  0.951998 0.234332 1 75 1.000000
gun_tex
0  -3.578805 -15.579412 -4.419404  1.000000 0.000000 0.000000  0.952104 0.234332 1 75 1.000000
0  -3.578805 -15.615948 -4.250912  1.000000 0.000000 0.000000  0.952130 0.234332 1 75 1.000000
0  -3.578805 -15.615948 -4.419404  1.000000 0.000000 0.000000  0.952104 0.234332 1 75 1.000000
gun_tex
0  -3.724723 -15.579412 -4.166666  -0.500009 0.000000 0.866020  0.951998 0.234332 1 75 1.000000
0  -3.870641 -15.615948 -4.250912  -0.500009 0.000000 0.866020  0.952025 0.234332 1 75 1.000000
0  -3.724723 -15.615948 -4.166666  -0.500009 0.000000 0.866020  0.951998 0.234332 1 75 1.000000
gun_tex
0  -3.558995 -15.648924 -4.239474  0.428606 0.514972 0.742361  0.951972 0.234332 1 75 1.000000
0  -3.724723 -15.615948 -4.166666  0.428606 0.514972 0.742361  0.951998 0.234332 1 75 1.000000
0  -3.724723 -15.648924 -4.143791  0.428606 0.514972 0.742361  0.951998 0.234332 1 75 1.000000
gun_tex
0  -3.558491 -15.569780 -4.431131  1.000000 0.000000 0.000000  0.952104 0.234332 1 75 1.000000
0  -3.558491 -15.530729 -4.239183  1.000000 0.000000 0.000000  0.952130 0.234332 1 75 1.000000
0  -3.558491 -15.569780 -4.239183  1.000000 0.000000 0.000000  0.952130 0.234332 1 75 1.000000
gun_tex
0  -3.890955 -15.569780 -4.431132  -0.500028 0.000000 -0.866009  0.952051 0.234332 1 75 1.000000
0  -3.724723 -15.530729 -4.527105  -0.500028 0.000000 -0.866009  0.952078 0.234332 1 75 1.000000
0  -3.724723 -15.569781 -4.527105  -0.500028 0.000000 -0.866009  0.952078 0.234332 1 75 1.000000
gun_tex
0  -3.565175 -16.259130 -4.243042  0.499977 -0.010127 0.865980  0.951972 0.234411 1 75 1.000000
0  -3.724723 -15.648924 -4.143791  0.499977 -0.010127 0.865980  0.951998 0.234332 1 75 1.000000
0  -3.724723 -16.259130 -4.150927  0.499977 -0.010127 0.865980  0.951998 0.234411 1 75 1.000000
gun_tex
0  -3.724723 -15.580097 -4.409407  -0.500000 0.000000 0.866026  0.952104 0.234285 1 75 1.000000
0  -3.660422 -15.530729 -4.372282  -0.500000 0.000000 0.866026  0.952104 0.234299 1 75 1.000000
0  -3.724723 -15.530729 -4.409407  -0.500000 0.000000 0.866026  0.952104 0.234285 1 75 1.000000
gun_tex
0  -3.890955 -15.569780 -4.431132  -0.214209 -0.903557 -0.371078  0.952051 0.234332 1 75 1.000000
0  -3.724723 -15.579412 -4.503649  -0.214209 -0.903557 -0.371078  0.952078 0.234332 1 75 1.000000
0  -3.870641 -15.579412 -4.419403  -0.214209 -0.903557 -0.371078  0.952051 0.234332 1 75 1.000000
gun_tex
0  -3.660422 -15.530729 -4.372282  -1.000000 0.000009 0.000000  0.952104 0.234299 1 75 1.000000
0  -3.660422 -15.580097 -4.298033  -1.000000 0.000009 0.000000  0.952091 0.234307 1 75 1.000000
0  -3.660422 -15.530729 -4.298033  -1.000000 0.000009 0.000000  0.952091 0.234307 1 75 1.000000
gun_tex
0  -3.884272 -16.259130 -4.427273  0.000000 -1.000000 0.000000  0.952012 0.234254 1 75 1.000000
0  -3.724723 -16.259130 -4.519388  0.000000 -1.000000 0.000000  0.952045 0.234273 1 75 1.000000
0  -3.565175 -16.259130 -4.427273  0.000000 -1.000000 0.000000  0.952045 0.234311 1 75 1.000000
gun_tex
0  -3.558995 -15.648924 -4.430841  0.428607 0.514974 -0.742359  0.952104 0.234332 1 75 1.000000
0  -3.724723 -15.615948 -4.503649  0.428607 0.514974 -0.742359  0.952078 0.234332 1 75 1.000000
0  -3.578805 -15.615948 -4.419404  0.428607 0.514974 -0.742359  0.952104 0.234332 1 75 1.000000
gun_tex
0  -3.789025 -15.530729 -4.298033  0.000000 1.000000 0.000000  0.952078 0.234285 1 75 1.000000
0  -3.789025 -15.530729 -4.372282  0.000000 1.000000 0.000000  0.952091 0.234277 1 75 1.000000
0  -3.890955 -15.530729 -4.431132  0.000000 1.000000 0.000000  0.952091 0.234254 1 75 1.000000
gun_tex
0  -3.724723 -15.530729 -4.527105  0.500029 0.000000 -0.866008  0.952078 0.234332 1 75 1.000000
0  -3.558491 -15.569780 -4.431131  0.500029 0.000000 -0.866008  0.952104 0.234332 1 75 1.000000
0  -3.724723 -15.569781 -4.527105  0.500029 0.000000 -0.866008  0.952078 0.234332 1 75 1.000000
gun_tex
0  -3.884272 -16.259130 -4.427273  -0.499975 -0.010127 -0.865981  0.952051 0.234411 1 75 1.000000
0  -3.724723 -15.648924 -4.526524  -0.499975 -0.010127 -0.865981  0.952078 0.234332 1 75 1.000000
0  -3.724723 -16.259130 -4.519388  -0.499975 -0.010127 -0.865981  0.952078 0.234411 1 75 1.000000
gun_tex
0  -3.724723 -15.580097 -4.267366  0.000000 1.000000 0.000000  0.952079 0.234299 1 75 1.000000
0  -3.724723 -15.580097 -4.260909  0.000000 1.000000 0.000000  0.952078 0.234299 1 75 1.000000
0  -3.660422 -15.580097 -4.298033  0.000000 1.000000 0.000000  0.952091 0.234307 1 75 1.000000
gun_tex
0  -3.789025 -15.580097 -4.372282  0.500006 0.000000 0.866022  0.952091 0.234277 1 75 1.000000
0  -3.724723 -15.530729 -4.409407  0.500006 0.000000 0.866022  0.952104 0.234285 1 75 1.000000
0  -3.789025 -15.530729 -4.372282  0.500006 0.000000 0.866022  0.952091 0.234277 1 75 1.000000
gun_tex
0  -3.724723 -15.580097 -4.267366  0.500010 0.000000 0.866019  0.828864 0.205051 1 75 1.000000
0  -3.666014 -15.530729 -4.301262  0.500010 0.000000 0.866019  0.828882 0.205061 1 75 1.000000
0  -3.724724 -15.530729 -4.267366  0.500010 0.000000 0.866019  0.828864 0.205051 1 75 1.000000
gun_tex
0  -3.724724 -15.530729 -4.267366  -0.499995 0.000000 0.866028  0.828864 0.205051 1 75 1.000000
0  -3.783433 -15.580097 -4.301262  -0.499995 0.000000 0.866028  0.828864 0.205029 1 75 1.000000
0  -3.724723 -15.580097 -4.267366  -0.499995 0.000000 0.866028  0.828864 0.205051 1 75 1.000000
gun_tex
0  -3.783433 -15.580097 -4.369054  0.000000 -1.000000 -0.000015  0.828882 0.205019 1 75 1.000000
0  -3.724724 -15.580097 -4.402949  0.000000 -1.000000 -0.000015  0.828900 0.205029 1 75 1.000000
0  -3.666014 -15.580097 -4.301262  0.000000 -1.000000 -0.000015  0.828882 0.205061 1 75 1.000000
gun_tex
0  -3.724724 -15.580097 -4.402949  0.499992 0.000009 -0.866030  0.828900 0.205029 1 75 1.000000
0  -3.666014 -15.530729 -4.369054  0.499992 0.000009 -0.866030  0.828900 0.205051 1 75 1.000000
0  -3.666014 -15.580097 -4.369054  0.499992 0.000009 -0.866030  0.828900 0.205051 1 75 1.000000
gun_tex
0  -3.783433 -15.530729 -4.301262  -1.000000 0.000000 -0.000007  0.828864 0.205029 1 75 1.000000
0  -3.783433 -15.580097 -4.369054  -1.000000 0.000000 -0.000007  0.828882 0.205019 1 75 1.000000
0  -3.783433 -15.580097 -4.301262  -1.000000 0.000000 -0.000007  0.828864 0.205029 1 75 1.000000
gun_tex
0  -3.783433 -15.580097 -4.369054  -0.499997 0.000000 -0.866027  0.828882 0.205019 1 75 1.000000
0  -3.724724 -15.530729 -4.402949  -0.499997 0.000000 -0.866027  0.828900 0.205029 1 75 1.000000
0  -3.724724 -15.580097 -4.402949  -0.499997 0.000000 -0.866027  0.828900 0.205029 1 75 1.000000
gun_tex
0  -3.666014 -15.580097 -4.301262  1.000000 0.000000 -0.000004  0.828882 0.205061 1 75 1.000000
0  -3.666014 -15.530729 -4.369054  1.000000 0.000000 -0.000004  0.828900 0.205051 1 75 1.000000
0  -3.666014 -15.530729 -4.301262  1.000000 0.000000 -0.000004  0.828882 0.205061 1 75 1.000000
gun_tex
0  -3.783433 -15.530729 -4.369054  0.000000 1.000000 0.000000  0.828882 0.205019 1 75 1.000000
0  -3.724724 -15.530729 -4.267366  0.000000 1.000000 0.000000  0.828864 0.205051 1 75 1.000000
0  -3.666014 -15.530729 -4.369054  0.000000 1.000000 0.000000  0.828900 0.205051 1 75 1.000000
gun_tex
0  -3.558995 -15.648924 -4.430841  0.857211 0.514966 0.000000  0.952104 0.234332 1 75 1.000000
0  -3.578805 -15.615948 -4.419404  0.857211 0.514966 0.000000  0.952104 0.234332 1 75 1.000000
0  -3.578805 -15.615948 -4.250912  0.857211 0.514966 0.000000  0.952130 0.234332 1 75 1.000000
gun_tex
0  -3.870641 -15.579412 -4.250912  -1.000000 0.000000 0.000000  0.952025 0.234332 1 75 1.000000
0  -3.870641 -15.579412 -4.419403  -1.000000 0.000000 0.000000  0.952051 0.234332 1 75 1.000000
0  -3.870641 -15.615948 -4.419403  -1.000000 0.000000 0.000000  0.952051 0.234332 1 75 1.000000
gun_tex
0  -3.890452 -15.648924 -4.430841  -0.999949 -0.010128 0.000000  0.952051 0.234332 1 75 1.000000
0  -3.884272 -16.259130 -4.427273  -0.999949 -0.010128 0.000000  0.952051 0.234411 1 75 1.000000
0  -3.884272 -16.259130 -4.243042  -0.999949 -0.010128 0.000000  0.952025 0.234411 1 75 1.000000
gun_tex
0  -3.890452 -15.648924 -4.239474  -0.857203 0.514979 0.000000  0.952025 0.234332 1 75 1.000000
0  -3.870641 -15.615948 -4.250912  -0.857203 0.514979 0.000000  0.952025 0.234332 1 75 1.000000
0  -3.870641 -15.615948 -4.419403  -0.857203 0.514979 0.000000  0.952051 0.234332 1 75 1.000000
gun_tex
0  -3.890955 -15.569780 -4.239184  -0.428438 -0.903571 0.000000  0.952025 0.234332 1 75 1.000000
0  -3.890955 -15.569780 -4.431132  -0.428438 -0.903571 0.000000  0.952051 0.234332 1 75 1.000000
0  -3.870641 -15.579412 -4.419403  -0.428438 -0.903571 0.000000  0.952051 0.234332 1 75 1.000000
gun_tex
0  -3.724723 -15.579412 -4.503649  0.499972 0.000000 -0.866041  0.952078 0.234332 1 75 1.000000
0  -3.578805 -15.579412 -4.419404  0.499972 0.000000 -0.866041  0.952104 0.234332 1 75 1.000000
0  -3.578805 -15.615948 -4.419404  0.499972 0.000000 -0.866041  0.952104 0.234332 1 75 1.000000
gun_tex
0  -3.870641 -15.615948 -4.419403  -0.428609 0.514969 -0.742362  0.952051 0.234332 1 75 1.000000
0  -3.724723 -15.615948 -4.503649  -0.428609 0.514969 -0.742362  0.952078 0.234332 1 75 1.000000
0  -3.724723 -15.648924 -4.526524  -0.428609 0.514969 -0.742362  0.952078 0.234332 1 75 1.000000
gun_tex
0  -3.724723 -15.569780 -4.143209  0.500019 0.000000 0.866014  0.951998 0.234332 1 75 1.000000
0  -3.558491 -15.569780 -4.239183  0.500019 0.000000 0.866014  0.951972 0.234332 1 75 1.000000
0  -3.558491 -15.530729 -4.239183  0.500019 0.000000 0.866014  0.951972 0.234332 1 75 1.000000
gun_tex
0  -3.660422 -15.530729 -4.298033  -0.499992 0.000008 -0.866030  0.952091 0.234307 1 75 1.000000
0  -3.660422 -15.580097 -4.298033  -0.499992 0.000008 -0.866030  0.952091 0.234307 1 75 1.000000
0  -3.724723 -15.580097 -4.260909  -0.499992 0.000008 -0.866030  0.952078 0.234299 1 75 1.000000
gun_tex
0  -3.724723 -15.569781 -4.527105  0.214220 -0.903550 -0.371089  0.952078 0.234332 1 75 1.000000
0  -3.558491 -15.569780 -4.431131  0.214220 -0.903550 -0.371089  0.952104 0.234332 1 75 1.000000
0  -3.578805 -15.579412 -4.419404  0.214220 -0.903550 -0.371089  0.952104 0.234332 1 75 1.000000
gun_tex
0  -3.789025 -15.580097 -4.298033  0.000000 1.000000 -0.000287  0.952078 0.234285 1 75 1.000000
0  -3.724723 -15.580097 -4.260909  0.000000 1.000000 -0.000287  0.952078 0.234299 1 75 1.000000
0  -3.783433 -15.580097 -4.301262  0.000000 1.000000 -0.000287  0.952079 0.234285 1 75 1.000000
gun_tex
0  -3.789025 -15.580097 -4.298033  0.000000 1.000000 0.000000  0.952078 0.234285 1 75 1.000000
0  -3.783433 -15.580097 -4.301262  0.000000 1.000000 0.000000  0.952079 0.234285 1 75 1.000000
0  -3.789025 -15.580097 -4.372282  0.000000 1.000000 0.000000  0.952091 0.234277 1 75 1.000000
gun_tex
0  -3.783433 -15.580097 -4.301262  0.000000 1.000000 0.000000  0.952079 0.234285 1 75 1.000000
0  -3.783433 -15.580097 -4.369054  0.000000 1.000000 0.000000  0.952091 0.234278 1 75 1.000000
0  -3.789025 -15.580097 -4.372282  0.000000 1.000000 0.000000  0.952091 0.234277 1 75 1.000000
gun_tex
0  -3.666014 -15.580097 -4.301262  0.000000 1.000000 0.000000  0.952091 0.234305 1 75 1.000000
0  -3.660422 -15.580097 -4.298033  0.000000 1.000000 0.000000  0.952091 0.234307 1 75 1.000000
0  -3.660422 -15.580097 -4.372282  0.000000 1.000000 0.000000  0.952104 0.234299 1 75 1.000000
gun_tex
0  -3.666014 -15.580097 -4.369054  0.000000 1.000000 0.000000  0.952102 0.234299 1 75 1.000000
0  -3.666014 -15.580097 -4.301262  0.000000 1.000000 0.000000  0.952091 0.234305 1 75 1.000000
0  -3.660422 -15.580097 -4.372282  0.000000 1.000000 0.000000  0.952104 0.234299 1 75 1.000000
gun_tex
0  -3.724724 -15.580097 -4.402949  0.000000 1.000000 0.000000  0.952102 0.234285 1 75 1.000000
0  -3.666014 -15.580097 -4.369054  0.000000 1.000000 0.000000  0.952102 0.234299 1 75 1.000000
0  -3.724723 -15.580097 -4.409407  0.000000 1.000000 0.000000  0.952104 0.234285 1 75 1.000000
gun_tex
0  -3.666014 -15.580097 -4.369054  0.000000 1.000000 0.000000  0.952102 0.234299 1 75 1.000000
0  -3.660422 -15.580097 -4.372282  0.000000 1.000000 0.000000  0.952104 0.234299 1 75 1.000000
0  -3.724723 -15.580097 -4.409407  0.000000 1.000000 0.000000  0.952104 0.234285 1 75 1.000000
gun_tex
0  -3.789025 -15.580097 -4.372282  0.000000 1.000000 0.000000  0.952091 0.234277 1 75 1.000000
0  -3.783433 -15.580097 -4.369054  0.000000 1.000000 0.000000  0.952091 0.234278 1 75 1.000000
0  -3.724724 -15.580097 -4.402949  0.000000 1.000000 0.000000  0.952102 0.234285 1 75 1.000000
gun_tex
0  -3.789025 -15.530729 -4.372282  1.000000 0.000000 0.000000  0.952091 0.234277 1 75 1.000000
0  -3.789025 -15.530729 -4.298033  1.000000 0.000000 0.000000  0.952078 0.234285 1 75 1.000000
0  -3.789025 -15.580097 -4.298033  1.000000 0.000000 0.000000  0.952078 0.234285 1 75 1.000000
gun_tex
0  -3.558491 -15.530729 -4.239183  0.000000 1.000000 0.000000  0.952091 0.234330 1 75 1.000000
0  -3.558491 -15.530729 -4.431131  0.000000 1.000000 0.000000  0.952124 0.234311 1 75 1.000000
0  -3.660422 -15.530729 -4.372282  0.000000 1.000000 0.000000  0.952104 0.234299 1 75 1.000000
gun_tex
0  -3.558491 -15.530729 -4.431131  0.000000 1.000000 -0.000006  0.952124 0.234311 1 75 1.000000
0  -3.724723 -15.530729 -4.527105  0.000000 1.000000 -0.000006  0.952124 0.234273 1 75 1.000000
0  -3.660422 -15.530729 -4.372282  0.000000 1.000000 -0.000006  0.952104 0.234299 1 75 1.000000
gun_tex
0  -3.724723 -15.530729 -4.527105  0.000000 1.000000 0.000000  0.952124 0.234273 1 75 1.000000
0  -3.724723 -15.530729 -4.409407  0.000000 1.000000 0.000000  0.952104 0.234285 1 75 1.000000
0  -3.660422 -15.530729 -4.372282  0.000000 1.000000 0.000000  0.952104 0.234299 1 75 1.000000
gun_tex
0  -3.660422 -15.530729 -4.298033  0.000000 1.000000 0.000000  0.952091 0.234307 1 75 1.000000
0  -3.724723 -15.530729 -4.143209  0.000000 1.000000 0.000000  0.952058 0.234311 1 75 1.000000
0  -3.558491 -15.530729 -4.239183  0.000000 1.000000 0.000000  0.952091 0.234330 1 75 1.000000
gun_tex
0  -3.870641 -15.615948 -4.419403  -0.500009 0.000000 -0.866020  0.952051 0.234332 1 75 1.000000
0  -3.870641 -15.579412 -4.419403  -0.500009 0.000000 -0.866020  0.952051 0.234332 1 75 1.000000
0  -3.724723 -15.579412 -4.503649  -0.500009 0.000000 -0.866020  0.952078 0.234332 1 75 1.000000
gun_tex
0  -3.578805 -15.579412 -4.250912  0.499976 0.000000 0.866039  0.951972 0.234332 1 75 1.000000
0  -3.724723 -15.579412 -4.166666  0.499976 0.000000 0.866039  0.951998 0.234332 1 75 1.000000
0  -3.724723 -15.615948 -4.166666  0.499976 0.000000 0.866039  0.951998 0.234332 1 75 1.000000
gun_tex
0  -3.724723 -15.580097 -4.260909  0.500014 0.000000 -0.866017  0.952078 0.234299 1 75 1.000000
0  -3.789025 -15.580097 -4.298033  0.500014 0.000000 -0.866017  0.952078 0.234285 1 75 1.000000
0  -3.789025 -15.530729 -4.298033  0.500014 0.000000 -0.866017  0.952078 0.234285 1 75 1.000000
gun_tex
0  -3.565175 -16.259130 -4.427273  0.999949 -0.010128 0.000000  0.952104 0.234411 1 75 1.000000
0  -3.558995 -15.648924 -4.430841  0.999949 -0.010128 0.000000  0.952104 0.234332 1 75 1.000000
0  -3.558995 -15.648924 -4.239474  0.999949 -0.010128 0.000000  0.952130 0.234332 1 75 1.000000
gun_tex
0  -3.565175 -16.259130 -4.427273  0.499975 -0.010127 -0.865981  0.952104 0.234411 1 75 1.000000
0  -3.724723 -16.259130 -4.519388  0.499975 -0.010127 -0.865981  0.952078 0.234411 1 75 1.000000
0  -3.724723 -15.648924 -4.526524  0.499975 -0.010127 -0.865981  0.952078 0.234332 1 75 1.000000
gun_tex
0  -3.884272 -16.259130 -4.243042  -0.499974 -0.010128 0.865981  0.952025 0.234411 1 75 1.000000
0  -3.724723 -16.259130 -4.150927  -0.499974 -0.010128 0.865981  0.951998 0.234411 1 75 1.000000
0  -3.724723 -15.648924 -4.143791  -0.499974 -0.010128 0.865981  0.951998 0.234332 1 75 1.000000
gun_tex
0  -3.578805 -15.579412 -4.250912  0.214216 -0.903569 0.371046  0.951972 0.234332 1 75 1.000000
0  -3.558491 -15.569780 -4.239183  0.214216 -0.903569 0.371046  0.951972 0.234332 1 75 1.000000
0  -3.724723 -15.569780 -4.143209  0.214216 -0.903569 0.371046  0.951998 0.234332 1 75 1.000000
gun_tex
0  -3.724723 -15.615948 -4.166666  -0.428604 0.514973 0.742362  0.951998 0.234332 1 75 1.000000
0  -3.870641 -15.615948 -4.250912  -0.428604 0.514973 0.742362  0.952025 0.234332 1 75 1.000000
0  -3.890452 -15.648924 -4.239474  -0.428604 0.514973 0.742362  0.952025 0.234332 1 75 1.000000
gun_tex
0  -3.578805 -15.579412 -4.250912  0.428436 -0.903572 0.000000  0.952130 0.234332 1 75 1.000000
0  -3.578805 -15.579412 -4.419404  0.428436 -0.903572 0.000000  0.952104 0.234332 1 75 1.000000
0  -3.558491 -15.569780 -4.431131  0.428436 -0.903572 0.000000  0.952104 0.234332 1 75 1.000000
gun_tex
0  -3.870641 -15.579412 -4.250912  -0.214216 -0.903550 0.371091  0.952025 0.234332 1 75 1.000000
0  -3.724723 -15.579412 -4.166666  -0.214216 -0.903550 0.371091  0.951998 0.234332 1 75 1.000000
0  -3.724723 -15.569780 -4.143209  -0.214216 -0.903550 0.371091  0.951998 0.234332 1 75 1.000000
gun_tex
0  -3.890955 -15.530729 -4.239184  -1.000000 0.000000 0.000000  0.952025 0.234332 1 75 1.000000
0  -3.890955 -15.530729 -4.431132  -1.000000 0.000000 0.000000  0.952051 0.234332 1 75 1.000000
0  -3.890955 -15.569780 -4.431132  -1.000000 0.000000 0.000000  0.952051 0.234332 1 75 1.000000
gun_tex
0  -3.724723 -15.530729 -4.143209  -0.499998 0.000000 0.866027  0.951998 0.234332 1 75 1.000000
0  -3.890955 -15.530729 -4.239184  -0.499998 0.000000 0.866027  0.952025 0.234332 1 75 1.000000
0  -3.890955 -15.569780 -4.239184  -0.499998 0.000000 0.866027  0.952025 0.234332 1 75 1.000000
gun_tex
0  -3.578805 -15.579412 -4.419404  1.000000 0.000000 0.000000  0.952104 0.234332 1 75 1.000000
0  -3.578805 -15.579412 -4.250912  1.000000 0.000000 0.000000  0.952130 0.234332 1 75 1.000000
0  -3.578805 -15.615948 -4.250912  1.000000 0.000000 0.000000  0.952130 0.234332 1 75 1.000000
gun_tex
0  -3.724723 -15.579412 -4.166666  -0.500006 0.000000 0.866022  0.951998 0.234332 1 75 1.000000
0  -3.870641 -15.579412 -4.250912  -0.500006 0.000000 0.866022  0.952025 0.234332 1 75 1.000000
0  -3.870641 -15.615948 -4.250912  -0.500006 0.000000 0.866022  0.952025 0.234332 1 75 1.000000
gun_tex
0  -3.558995 -15.648924 -4.239474  0.428604 0.514975 0.742361  0.951972 0.234332 1 75 1.000000
0  -3.578805 -15.615948 -4.250912  0.428604 0.514975 0.742361  0.951972 0.234332 1 75 1.000000
0  -3.724723 -15.615948 -4.166666  0.428604 0.514975 0.742361  0.951998 0.234332 1 75 1.000000
gun_tex
0  -3.558491 -15.569780 -4.431131  1.000000 0.000000 0.000000  0.952104 0.234332 1 75 1.000000
0  -3.558491 -15.530729 -4.431131  1.000000 0.000000 0.000000  0.952104 0.234332 1 75 1.000000
0  -3.558491 -15.530729 -4.239183  1.000000 0.000000 0.000000  0.952130 0.234332 1 75 1.000000
gun_tex
0  -3.890955 -15.569780 -4.431132  -0.499989 0.000000 -0.866032  0.952051 0.234332 1 75 1.000000
0  -3.890955 -15.530729 -4.431132  -0.499989 0.000000 -0.866032  0.952051 0.234332 1 75 1.000000
0  -3.724723 -15.530729 -4.527105  -0.499989 0.000000 -0.866032  0.952078 0.234332 1 75 1.000000
gun_tex
0  -3.565175 -16.259130 -4.243042  0.499977 -0.010128 0.865979  0.951972 0.234411 1 75 1.000000
0  -3.558995 -15.648924 -4.239474  0.499977 -0.010128 0.865979  0.951972 0.234332 1 75 1.000000
0  -3.724723 -15.648924 -4.143791  0.499977 -0.010128 0.865979  0.951998 0.234332 1 75 1.000000
gun_tex
0  -3.724723 -15.580097 -4.409407  -0.499992 0.000000 0.866030  0.952104 0.234285 1 75 1.000000
0  -3.660422 -15.580097 -4.372282  -0.499992 0.000000 0.866030  0.952104 0.234299 1 75 1.000000
0  -3.660422 -15.530729 -4.372282  -0.499992 0.000000 0.866030  0.952104 0.234299 1 75 1.000000
gun_tex
0  -3.890955 -15.569780 -4.431132  -0.214205 -0.903568 -0.371054  0.952051 0.234332 1 75 1.000000
0  -3.724723 -15.569781 -4.527105  -0.214205 -0.903568 -0.371054  0.952078 0.234332 1 75 1.000000
0  -3.724723 -15.579412 -4.503649  -0.214205 -0.903568 -0.371054  0.952078 0.234332 1 75 1.000000
gun_tex
0  -3.660422 -15.530729 -4.372282  -1.000000 0.000000 0.000000  0.952104 0.234299 1 75 1.000000
0  -3.660422 -15.580097 -4.372282  -1.000000 0.000000 0.000000  0.952104 0.234299 1 75 1.000000
0  -3.660422 -15.580097 -4.298033  -1.000000 0.000000 0.000000  0.952091 0.234307 1 75 1.000000
gun_tex
0  -3.565175 -16.259130 -4.427273  0.000000 -1.000000 0.000000  0.952045 0.234311 1 75 1.000000
0  -3.565175 -16.259130 -4.243042  0.000000 -1.000000 0.000000  0.952012 0.234330 1 75 1.000000
0  -3.724723 -16.259130 -4.150927  0.000000 -1.000000 0.000000  0.951979 0.234311 1 75 1.000000
gun_tex
0  -3.724723 -16.259130 -4.150927  0.000000 -1.000000 0.000016  0.951979 0.234311 1 75 1.000000
0  -3.884272 -16.259130 -4.243042  0.000000 -1.000000 0.000016  0.951979 0.234273 1 75 1.000000
0  -3.565175 -16.259130 -4.427273  0.000000 -1.000000 0.000016  0.952045 0.234311 1 75 1.000000
gun_tex
0  -3.884272 -16.259130 -4.243042  0.000000 -1.000000 0.000000  0.951979 0.234273 1 75 1.000000
0  -3.884272 -16.259130 -4.427273  0.000000 -1.000000 0.000000  0.952012 0.234254 1 75 1.000000
0  -3.565175 -16.259130 -4.427273  0.000000 -1.000000 0.000000  0.952045 0.234311 1 75 1.000000
gun_tex
0  -3.558995 -15.648924 -4.430841  0.428604 0.514969 -0.742365  0.952104 0.234332 1 75 1.000000
0  -3.724723 -15.648924 -4.526524  0.428604 0.514969 -0.742365  0.952078 0.234332 1 75 1.000000
0  -3.724723 -15.615948 -4.503649  0.428604 0.514969 -0.742365  0.952078 0.234332 1 75 1.000000
gun_tex
0  -3.724723 -15.530729 -4.143209  0.000000 1.000000 0.000000  0.952058 0.234311 1 75 1.000000
0  -3.660422 -15.530729 -4.298033  0.000000 1.000000 0.000000  0.952091 0.234307 1 75 1.000000
0  -3.724723 -15.530729 -4.260909  0.000000 1.000000 0.000000  0.952078 0.234299 1 75 1.000000
gun_tex
0  -3.724723 -15.530729 -4.143209  0.000000 1.000000 0.000000  0.952058 0.234311 1 75 1.000000
0  -3.724723 -15.530729 -4.260909  0.000000 1.000000 0.000000  0.952078 0.234299 1 75 1.000000
0  -3.789025 -15.530729 -4.298033  0.000000 1.000000 0.000000  0.952078 0.234285 1 75 1.000000
gun_tex
0  -3.890955 -15.530729 -4.431132  0.000000 1.000000 0.000000  0.952091 0.234254 1 75 1.000000
0  -3.890955 -15.530729 -4.239184  0.000000 1.000000 0.000000  0.952058 0.234273 1 75 1.000000
0  -3.789025 -15.530729 -4.298033  0.000000 1.000000 0.000000  0.952078 0.234285 1 75 1.000000
gun_tex
0  -3.890955 -15.530729 -4.239184  0.000000 1.000000 0.000006  0.952058 0.234273 1 75 1.000000
0  -3.724723 -15.530729 -4.143209  0.000000 1.000000 0.000006  0.952058 0.234311 1 75 1.000000
0  -3.789025 -15.530729 -4.298033  0.000000 1.000000 0.000006  0.952078 0.234285 1 75 1.000000
gun_tex
0  -3.724723 -15.530729 -4.409407  0.000000 1.000000 0.000000  0.952104 0.234285 1 75 1.000000
0  -3.724723 -15.530729 -4.527105  0.000000 1.000000 0.000000  0.952124 0.234273 1 75 1.000000
0  -3.789025 -15.530729 -4.372282  0.000000 1.000000 0.000000  0.952091 0.234277 1 75 1.000000
gun_tex
0  -3.724723 -15.530729 -4.527105  0.000000 1.000000 0.000000  0.952124 0.234273 1 75 1.000000
0  -3.890955 -15.530729 -4.431132  0.000000 1.000000 0.000000  0.952091 0.234254 1 75 1.000000
0  -3.789025 -15.530729 -4.372282  0.000000 1.000000 0.000000  0.952091 0.234277 1 75 1.000000
gun_tex
0  -3.724723 -15.530729 -4.527105  0.499992 0.000000 -0.866030  0.952078 0.234332 1 75 1.000000
0  -3.558491 -15.530729 -4.431131  0.499992 0.000000 -0.866030  0.952104 0.234332 1 75 1.000000
0  -3.558491 -15.569780 -4.431131  0.499992 0.000000 -0.866030  0.952104 0.234332 1 75 1.000000
gun_tex
0  -3.884272 -16.259130 -4.427273  -0.499969 -0.010127 -0.865984  0.952051 0.234411 1 75 1.000000
0  -3.890452 -15.648924 -4.430841  -0.499969 -0.010127 -0.865984  0.952051 0.234332 1 75 1.000000
0  -3.724723 -15.648924 -4.526524  -0.499969 -0.010127 -0.865984  0.952078 0.234332 1 75 1.000000
gun_tex
0  -3.660422 -15.580097 -4.298033  0.000000 1.000000 0.000314  0.952091 0.234307 1 75 1.000000
0  -3.666014 -15.580097 -4.301262  0.000000 1.000000 0.000314  0.952091 0.234305 1 75 1.000000
0  -3.724723 -15.580097 -4.267366  0.000000 1.000000 0.000314  0.952079 0.234299 1 75 1.000000
gun_tex
0  -3.724723 -15.580097 -4.267366  0.000000 1.000000 0.000000  0.952079 0.234299 1 75 1.000000
0  -3.783433 -15.580097 -4.301262  0.000000 1.000000 0.000000  0.952079 0.234285 1 75 1.000000
0  -3.724723 -15.580097 -4.260909  0.000000 1.000000 0.000000  0.952078 0.234299 1 75 1.000000
gun_tex
0  -3.789025 -15.580097 -4.372282  0.500014 0.000000 0.866017  0.952091 0.234277 1 75 1.000000
0  -3.724723 -15.580097 -4.409407  0.500014 0.000000 0.866017  0.952104 0.234285 1 75 1.000000
0  -3.724723 -15.530729 -4.409407  0.500014 0.000000 0.866017  0.952104 0.234285 1 75 1.000000
gun_tex
0  -3.724723 -15.580097 -4.267366  0.499993 0.000000 0.866029  0.828864 0.205051 1 75 1.000000
0  -3.666014 -15.580097 -4.301262  0.499993 0.000000 0.866029  0.828882 0.205061 1 75 1.000000
0  -3.666014 -15.530729 -4.301262  0.499993 0.000000 0.866029  0.828882 0.205061 1 75 1.000000
gun_tex
0  -3.724724 -15.530729 -4.267366  -0.499997 0.000000 0.866027  0.828864 0.205051 1 75 1.000000
0  -3.783433 -15.530729 -4.301262  -0.499997 0.000000 0.866027  0.828864 0.205029 1 75 1.000000
0  -3.783433 -15.580097 -4.301262  -0.499997 0.000000 0.866027  0.828864 0.205029 1 75 1.000000
gun_tex
0  -3.724724 -15.580097 -4.402949  0.000000 -1.000000 0.000020  0.828900 0.205029 1 75 1.000000
0  -3.666014 -15.580097 -4.369054  0.000000 -1.000000 0.000020  0.828900 0.205051 1 75 1.000000
0  -3.666014 -15.580097 -4.301262  0.000000 -1.000000 0.000020  0.828882 0.205061 1 75 1.000000
gun_tex
0  -3.666014 -15.580097 -4.301262  0.000000 -1.000000 -0.000030  0.828882 0.205061 1 75 1.000000
0  -3.724723 -15.580097 -4.267366  0.000000 -1.000000 -0.000030  0.828864 0.205051 1 75 1.000000
0  -3.783433 -15.580097 -4.301262  0.000000 -1.000000 -0.000030  0.828864 0.205029 1 75 1.000000
gun_tex
0  -3.783433 -15.580097 -4.301262  0.000000 -1.000000 0.000000  0.828864 0.205029 1 75 1.000000
0  -3.783433 -15.580097 -4.369054  0.000000 -1.000000 0.000000  0.828882 0.205019 1 75 1.000000
0  -3.666014 -15.580097 -4.301262  0.000000 -1.000000 0.000000  0.828882 0.205061 1 75 1.000000
gun_tex
0  -3.724724 -15.580097 -4.402949  0.499997 0.000000 -0.866027  0.828900 0.205029 1 75 1.000000
0  -3.724724 -15.530729 -4.402949  0.499997 0.000000 -0.866027  0.828900 0.205029 1 75 1.000000
0  -3.666014 -15.530729 -4.369054  0.499997 0.000000 -0.866027  0.828900 0.205051 1 75 1.000000
gun_tex
0  -3.783433 -15.530729 -4.301262  -1.000000 0.000000 0.000000  0.828864 0.205029 1 75 1.000000
0  -3.783433 -15.530729 -4.369054  -1.000000 0.000000 0.000000  0.828882 0.205019 1 75 1.000000
0  -3.783433 -15.580097 -4.369054  -1.000000 0.000000 0.000000  0.828882 0.205019 1 75 1.000000
gun_tex
0  -3.783433 -15.580097 -4.369054  -0.500019 0.000000 -0.866014  0.828882 0.205019 1 75 1.000000
0  -3.783433 -15.530729 -4.369054  -0.500019 0.000000 -0.866014  0.828882 0.205019 1 75 1.000000
0  -3.724724 -15.530729 -4.402949  -0.500019 0.000000 -0.866014  0.828900 0.205029 1 75 1.000000
gun_tex
0  -3.666014 -15.580097 -4.301262  1.000000 0.000000 0.000004  0.828882 0.205061 1 75 1.000000
0  -3.666014 -15.580097 -4.369054  1.000000 0.000000 0.000004  0.828900 0.205051 1 75 1.000000
0  -3.666014 -15.530729 -4.369054  1.000000 0.000000 0.000004  0.828900 0.205051 1 75 1.000000
gun_tex
0  -3.666014 -15.530729 -4.369054  0.000000 1.000000 0.000000  0.828900 0.205051 1 75 1.000000
0  -3.724724 -15.530729 -4.402949  0.000000 1.000000 0.000000  0.828900 0.205029 1 75 1.000000
0  -3.783433 -15.530729 -4.369054  0.000000 1.000000 0.000000  0.828882 0.205019 1 75 1.000000
gun_tex
0  -3.783433 -15.530729 -4.369054  0.000000 1.000000 0.000000  0.828882 0.205019 1 75 1.000000
0  -3.783433 -15.530729 -4.301262  0.000000 1.000000 0.000000  0.828864 0.205029 1 75 1.000000
0  -3.724724 -15.530729 -4.267366  0.000000 1.000000 0.000000  0.828864 0.205051 1 75 1.000000
gun_tex
0  -3.724724 -15.530729 -4.267366  0.000000 1.000000 -0.000004  0.828864 0.205051 1 75 1.000000
0  -3.666014 -15.530729 -4.301262  0.000000 1.000000 -0.000004  0.828882 0.205061 1 75 1.000000
0  -3.666014 -15.530729 -4.369054  0.000000 1.000000 -0.000004  0.828900 0.205051 1 75 1.000000
gun_tex
0  -3.471436 -16.259130 -4.345000  0.000000 1.000000 0.000000  0.854656 0.177802 1 76 1.000000
0  -3.323577 -16.259130 -4.430367  0.000000 1.000000 0.000000  0.854726 0.177842 1 76 1.000000
0  -3.471436 -16.259130 -4.686467  0.000000 1.000000 0.000000  0.854795 0.177722 1 76 1.000000
gun_tex
0  -3.615474 -16.367002 -4.432572  -0.495824 -0.129118 0.858771  0.854656 0.177722 1 76 1.000000
0  -3.471436 -16.461016 -4.363547  -0.495824 -0.129118 0.858771  0.854656 0.177802 1 76 1.000000
0  -3.471436 -16.367002 -4.349412  -0.495824 -0.129118 0.858771  0.854656 0.177802 1 76 1.000000
gun_tex
0  -3.619295 -16.259130 -4.601099  -0.999373 -0.035395 0.000000  0.854726 0.177682 1 76 1.000000
0  -3.615474 -16.367002 -4.432572  -0.999373 -0.035395 0.000000  0.854656 0.177722 1 76 1.000000
0  -3.619295 -16.259130 -4.430366  -0.999373 -0.035395 0.000000  0.854656 0.177722 1 76 1.000000
gun_tex
0  -3.323577 -16.259130 -4.601100  0.499687 -0.035402 -0.865482  0.854795 0.177802 1 76 1.000000
0  -3.471436 -16.367002 -4.682054  0.499687 -0.035402 -0.865482  0.854795 0.177722 1 76 1.000000
0  -3.471436 -16.259130 -4.686467  0.499687 -0.035402 -0.865482  0.854795 0.177722 1 76 1.000000
gun_tex
0  -3.619295 -16.259130 -4.430366  -0.499688 -0.035399 0.865482  0.854656 0.177722 1 76 1.000000
0  -3.471436 -16.367002 -4.349412  -0.499688 -0.035399 0.865482  0.854656 0.177802 1 76 1.000000
0  -3.471436 -16.259130 -4.345000  -0.499688 -0.035399 0.865482  0.854656 0.177802 1 76 1.000000
gun_tex
0  -3.471436 -16.259130 -4.686467  -0.499689 -0.035398 -0.865482  0.854795 0.177722 1 76 1.000000
0  -3.615474 -16.367002 -4.598894  -0.499689 -0.035398 -0.865482  0.854726 0.177682 1 76 1.000000
0  -3.619295 -16.259130 -4.601099  -0.499689 -0.035398 -0.865482  0.854726 0.177682 1 76 1.000000
gun_tex
0  -3.323577 -16.259130 -4.430367  0.999373 -0.035398 0.000000  0.854726 0.177842 1 76 1.000000
0  -3.327398 -16.367002 -4.598894  0.999373 -0.035398 0.000000  0.854795 0.177802 1 76 1.000000
0  -3.323577 -16.259130 -4.601100  0.999373 -0.035398 0.000000  0.854795 0.177802 1 76 1.000000
gun_tex
0  -3.471436 -16.259130 -4.345000  0.499687 -0.035396 0.865482  0.854656 0.177802 1 76 1.000000
0  -3.327398 -16.367002 -4.432573  0.499687 -0.035396 0.865482  0.854726 0.177842 1 76 1.000000
0  -3.323577 -16.259130 -4.430367  0.499687 -0.035396 0.865482  0.854726 0.177842 1 76 1.000000
gun_tex
0  -3.471436 -16.461016 -4.363547  0.464581 -0.369651 0.804688  0.854656 0.177802 1 76 1.000000
0  -3.379678 -16.561657 -4.462757  0.464581 -0.369651 0.804688  0.854726 0.177842 1 76 1.000000
0  -3.339639 -16.461016 -4.439641  0.464581 -0.369651 0.804688  0.854726 0.177842 1 76 1.000000
gun_tex
0  -3.471436 -16.367002 -4.682054  -0.495810 -0.129116 -0.858779  0.854795 0.177722 1 76 1.000000
0  -3.603233 -16.461016 -4.591826  -0.495810 -0.129116 -0.858779  0.854726 0.177682 1 76 1.000000
0  -3.615474 -16.367002 -4.598894  -0.495810 -0.129116 -0.858779  0.854726 0.177682 1 76 1.000000
gun_tex
0  -3.327398 -16.367002 -4.432573  0.991630 -0.129114 0.000000  0.854726 0.177842 1 76 1.000000
0  -3.339639 -16.461016 -4.591827  0.991630 -0.129114 0.000000  0.854795 0.177802 1 76 1.000000
0  -3.327398 -16.367002 -4.598894  0.991630 -0.129114 0.000000  0.854795 0.177802 1 76 1.000000
gun_tex
0  -3.327398 -16.367002 -4.432573  0.495804 -0.129122 0.858781  0.854726 0.177842 1 76 1.000000
0  -3.471436 -16.461016 -4.363547  0.495804 -0.129122 0.858781  0.854656 0.177802 1 76 1.000000
0  -3.339639 -16.461016 -4.439641  0.495804 -0.129122 0.858781  0.854726 0.177842 1 76 1.000000
gun_tex
0  -3.615474 -16.367002 -4.598894  -0.991629 -0.129119 0.000000  0.854726 0.177682 1 76 1.000000
0  -3.603233 -16.461016 -4.439640  -0.991629 -0.129119 0.000000  0.854656 0.177722 1 76 1.000000
0  -3.615474 -16.367002 -4.432572  -0.991629 -0.129119 0.000000  0.854656 0.177722 1 76 1.000000
gun_tex
0  -3.327398 -16.367002 -4.598894  0.495826 -0.129121 -0.858769  0.854795 0.177802 1 76 1.000000
0  -3.471436 -16.461016 -4.667919  0.495826 -0.129121 -0.858769  0.854795 0.177722 1 76 1.000000
0  -3.471436 -16.367002 -4.682054  0.495826 -0.129121 -0.858769  0.854795 0.177722 1 76 1.000000
gun_tex
0  -3.471436 -16.561657 -4.409780  -0.412821 -0.564187 0.715033  0.854656 0.177802 1 76 1.000000
0  -3.524896 -16.617702 -4.484868  -0.412821 -0.564187 0.715033  0.854656 0.177722 1 76 1.000000
0  -3.471436 -16.617702 -4.454002  -0.412821 -0.564187 0.715033  0.854656 0.177802 1 76 1.000000
gun_tex
0  -3.603233 -16.461016 -4.591826  -0.929168 -0.369658 0.000000  0.854726 0.177682 1 76 1.000000
0  -3.563194 -16.561657 -4.462757  -0.929168 -0.369658 0.000000  0.854656 0.177722 1 76 1.000000
0  -3.603233 -16.461016 -4.439640  -0.929168 -0.369658 0.000000  0.854656 0.177722 1 76 1.000000
gun_tex
0  -3.339639 -16.461016 -4.591827  0.464577 -0.369656 -0.804688  0.854795 0.177802 1 76 1.000000
0  -3.471436 -16.561657 -4.621686  0.464577 -0.369656 -0.804688  0.854795 0.177722 1 76 1.000000
0  -3.471436 -16.461016 -4.667919  0.464577 -0.369656 -0.804688  0.854795 0.177722 1 76 1.000000
gun_tex
0  -3.603233 -16.461016 -4.439640  -0.464584 -0.369653 0.804685  0.854656 0.177722 1 76 1.000000
0  -3.471436 -16.561657 -4.409780  -0.464584 -0.369653 0.804685  0.854656 0.177802 1 76 1.000000
0  -3.471436 -16.461016 -4.363547  -0.464584 -0.369653 0.804685  0.854656 0.177802 1 76 1.000000
gun_tex
0  -3.471436 -16.461016 -4.667919  -0.464581 -0.369655 -0.804687  0.854795 0.177722 1 76 1.000000
0  -3.563194 -16.561657 -4.568710  -0.464581 -0.369655 -0.804687  0.854726 0.177682 1 76 1.000000
0  -3.603233 -16.461016 -4.591826  -0.464581 -0.369655 -0.804687  0.854726 0.177682 1 76 1.000000
gun_tex
0  -3.339639 -16.461016 -4.591827  0.929170 -0.369653 0.000000  0.854795 0.177802 1 76 1.000000
0  -3.379678 -16.561657 -4.462757  0.929170 -0.369653 0.000000  0.854726 0.177842 1 76 1.000000
0  -3.379678 -16.561657 -4.568710  0.929170 -0.369653 0.000000  0.854795 0.177802 1 76 1.000000
gun_tex
0  -3.471436 -16.617702 -4.454002  0.306399 -0.790230 0.530713  0.854656 0.177802 1 76 1.000000
0  -3.455278 -16.646629 -4.506404  0.306399 -0.790230 0.530713  0.854726 0.177842 1 76 1.000000
0  -3.417975 -16.617702 -4.484869  0.306399 -0.790230 0.530713  0.854726 0.177842 1 76 1.000000
gun_tex
0  -3.471436 -16.561657 -4.621686  -0.412833 -0.564185 -0.715028  0.854795 0.177722 1 76 1.000000
0  -3.524897 -16.617702 -4.546599  -0.412833 -0.564185 -0.715028  0.854726 0.177682 1 76 1.000000
0  -3.563194 -16.561657 -4.568710  -0.412833 -0.564185 -0.715028  0.854726 0.177682 1 76 1.000000
gun_tex
0  -3.379678 -16.561657 -4.568710  0.825644 -0.564192 -0.000013  0.854795 0.177802 1 76 1.000000
0  -3.417975 -16.617702 -4.484869  0.825644 -0.564192 -0.000013  0.854726 0.177842 1 76 1.000000
0  -3.417975 -16.617702 -4.546599  0.825644 -0.564192 -0.000013  0.854795 0.177802 1 76 1.000000
gun_tex
0  -3.379678 -16.561657 -4.462757  0.412821 -0.564182 0.715037  0.854726 0.177842 1 76 1.000000
0  -3.471436 -16.617702 -4.454002  0.412821 -0.564182 0.715037  0.854656 0.177802 1 76 1.000000
0  -3.417975 -16.617702 -4.484869  0.412821 -0.564182 0.715037  0.854726 0.177842 1 76 1.000000
gun_tex
0  -3.563194 -16.561657 -4.568710  -0.825647 -0.564188 0.000000  0.854726 0.177682 1 76 1.000000
0  -3.524896 -16.617702 -4.484868  -0.825647 -0.564188 0.000000  0.854656 0.177722 1 76 1.000000
0  -3.563194 -16.561657 -4.462757  -0.825647 -0.564188 0.000000  0.854656 0.177722 1 76 1.000000
gun_tex
0  -3.471436 -16.561657 -4.621686  0.412809 -0.564190 -0.715037  0.854795 0.177722 1 76 1.000000
0  -3.417975 -16.617702 -4.546599  0.412809 -0.564190 -0.715037  0.854795 0.177802 1 76 1.000000
0  -3.471436 -16.617702 -4.577464  0.412809 -0.564190 -0.715037  0.854795 0.177722 1 76 1.000000
gun_tex
0  -3.487594 -16.646629 -4.506404  0.000000 -1.000000 0.000000  0.854656 0.177722 1 76 1.000000
0  -3.487594 -16.646629 -4.525062  0.000000 -1.000000 0.000000  0.854726 0.177682 1 76 1.000000
0  -3.471436 -16.646629 -4.534391  0.000000 -1.000000 0.000000  0.854795 0.177722 1 76 1.000000
gun_tex
0  -3.524897 -16.617702 -4.546599  -0.612802 -0.790236 0.000000  0.854726 0.177682 1 76 1.000000
0  -3.487594 -16.646629 -4.506404  -0.612802 -0.790236 0.000000  0.854656 0.177722 1 76 1.000000
0  -3.524896 -16.617702 -4.484868  -0.612802 -0.790236 0.000000  0.854656 0.177722 1 76 1.000000
gun_tex
0  -3.471436 -16.617702 -4.577464  0.306374 -0.790232 -0.530724  0.854795 0.177722 1 76 1.000000
0  -3.455278 -16.646629 -4.525063  0.306374 -0.790232 -0.530724  0.854795 0.177802 1 76 1.000000
0  -3.471436 -16.646629 -4.534391  0.306374 -0.790232 -0.530724  0.854795 0.177722 1 76 1.000000
gun_tex
0  -3.524896 -16.617702 -4.484868  -0.306392 -0.790229 0.530719  0.854656 0.177722 1 76 1.000000
0  -3.471436 -16.646629 -4.497076  -0.306392 -0.790229 0.530719  0.854656 0.177802 1 76 1.000000
0  -3.471436 -16.617702 -4.454002  -0.306392 -0.790229 0.530719  0.854656 0.177802 1 76 1.000000
gun_tex
0  -3.471436 -16.617702 -4.577464  -0.306397 -0.790248 -0.530688  0.854795 0.177722 1 76 1.000000
0  -3.487594 -16.646629 -4.525062  -0.306397 -0.790248 -0.530688  0.854726 0.177682 1 76 1.000000
0  -3.524897 -16.617702 -4.546599  -0.306397 -0.790248 -0.530688  0.854726 0.177682 1 76 1.000000
gun_tex
0  -3.417975 -16.617702 -4.546599  0.612826 -0.790218 0.000000  0.854795 0.177802 1 76 1.000000
0  -3.455278 -16.646629 -4.506404  0.612826 -0.790218 0.000000  0.854726 0.177842 1 76 1.000000
0  -3.455278 -16.646629 -4.525063  0.612826 -0.790218 0.000000  0.854795 0.177802 1 76 1.000000
gun_tex
0  -3.323577 -16.259130 -4.430367  0.000000 1.000000 0.000000  0.854726 0.177842 1 76 1.000000
0  -3.323577 -16.259130 -4.601100  0.000000 1.000000 0.000000  0.854795 0.177802 1 76 1.000000
0  -3.471436 -16.259130 -4.686467  0.000000 1.000000 0.000000  0.854795 0.177722 1 76 1.000000
gun_tex
0  -3.471436 -16.259130 -4.686467  0.000000 1.000000 0.000000  0.854795 0.177722 1 76 1.000000
0  -3.619295 -16.259130 -4.601099  0.000000 1.000000 0.000000  0.854726 0.177682 1 76 1.000000
0  -3.619295 -16.259130 -4.430366  0.000000 1.000000 0.000000  0.854656 0.177722 1 76 1.000000
gun_tex
0  -3.619295 -16.259130 -4.430366  0.000000 1.000000 0.000000  0.854656 0.177722 1 76 1.000000
0  -3.471436 -16.259130 -4.345000  0.000000 1.000000 0.000000  0.854656 0.177802 1 76 1.000000
0  -3.471436 -16.259130 -4.686467  0.000000 1.000000 0.000000  0.854795 0.177722 1 76 1.000000
gun_tex
0  -3.615474 -16.367002 -4.432572  -0.495799 -0.129114 0.858786  0.854656 0.177722 1 76 1.000000
0  -3.603233 -16.461016 -4.439640  -0.495799 -0.129114 0.858786  0.854656 0.177722 1 76 1.000000
0  -3.471436 -16.461016 -4.363547  -0.495799 -0.129114 0.858786  0.854656 0.177802 1 76 1.000000
gun_tex
0  -3.619295 -16.259130 -4.601099  -0.999373 -0.035399 0.000000  0.854726 0.177682 1 76 1.000000
0  -3.615474 -16.367002 -4.598894  -0.999373 -0.035399 0.000000  0.854726 0.177682 1 76 1.000000
0  -3.615474 -16.367002 -4.432572  -0.999373 -0.035399 0.000000  0.854656 0.177722 1 76 1.000000
gun_tex
0  -3.323577 -16.259130 -4.601100  0.499668 -0.035402 -0.865493  0.854795 0.177802 1 76 1.000000
0  -3.327398 -16.367002 -4.598894  0.499668 -0.035402 -0.865493  0.854795 0.177802 1 76 1.000000
0  -3.471436 -16.367002 -4.682054  0.499668 -0.035402 -0.865493  0.854795 0.177722 1 76 1.000000
gun_tex
0  -3.619295 -16.259130 -4.430366  -0.499680 -0.035402 0.865486  0.854656 0.177722 1 76 1.000000
0  -3.615474 -16.367002 -4.432572  -0.499680 -0.035402 0.865486  0.854656 0.177722 1 76 1.000000
0  -3.471436 -16.367002 -4.349412  -0.499680 -0.035402 0.865486  0.854656 0.177802 1 76 1.000000
gun_tex
0  -3.471436 -16.259130 -4.686467  -0.499687 -0.035405 -0.865482  0.854795 0.177722 1 76 1.000000
0  -3.471436 -16.367002 -4.682054  -0.499687 -0.035405 -0.865482  0.854795 0.177722 1 76 1.000000
0  -3.615474 -16.367002 -4.598894  -0.499687 -0.035405 -0.865482  0.854726 0.177682 1 76 1.000000
gun_tex
0  -3.323577 -16.259130 -4.430367  0.999373 -0.035399 0.000000  0.854726 0.177842 1 76 1.000000
0  -3.327398 -16.367002 -4.432573  0.999373 -0.035399 0.000000  0.854726 0.177842 1 76 1.000000
0  -3.327398 -16.367002 -4.598894  0.999373 -0.035399 0.000000  0.854795 0.177802 1 76 1.000000
gun_tex
0  -3.471436 -16.259130 -4.345000  0.499685 -0.035399 0.865484  0.854656 0.177802 1 76 1.000000
0  -3.471436 -16.367002 -4.349412  0.499685 -0.035399 0.865484  0.854656 0.177802 1 76 1.000000
0  -3.327398 -16.367002 -4.432573  0.499685 -0.035399 0.865484  0.854726 0.177842 1 76 1.000000
gun_tex
0  -3.471436 -16.461016 -4.363547  0.464600 -0.369659 0.804673  0.854656 0.177802 1 76 1.000000
0  -3.471436 -16.561657 -4.409780  0.464600 -0.369659 0.804673  0.854656 0.177802 1 76 1.000000
0  -3.379678 -16.561657 -4.462757  0.464600 -0.369659 0.804673  0.854726 0.177842 1 76 1.000000
gun_tex
0  -3.471436 -16.367002 -4.682054  -0.495820 -0.129109 -0.858774  0.854795 0.177722 1 76 1.000000
0  -3.471436 -16.461016 -4.667919  -0.495820 -0.129109 -0.858774  0.854795 0.177722 1 76 1.000000
0  -3.603233 -16.461016 -4.591826  -0.495820 -0.129109 -0.858774  0.854726 0.177682 1 76 1.000000
gun_tex
0  -3.327398 -16.367002 -4.432573  0.991629 -0.129122 0.000003  0.854726 0.177842 1 76 1.000000
0  -3.339639 -16.461016 -4.439641  0.991629 -0.129122 0.000003  0.854726 0.177842 1 76 1.000000
0  -3.339639 -16.461016 -4.591827  0.991629 -0.129122 0.000003  0.854795 0.177802 1 76 1.000000
gun_tex
0  -3.327398 -16.367002 -4.432573  0.495824 -0.129118 0.858771  0.854726 0.177842 1 76 1.000000
0  -3.471436 -16.367002 -4.349412  0.495824 -0.129118 0.858771  0.854656 0.177802 1 76 1.000000
0  -3.471436 -16.461016 -4.363547  0.495824 -0.129118 0.858771  0.854656 0.177802 1 76 1.000000
gun_tex
0  -3.615474 -16.367002 -4.598894  -0.991629 -0.129122 0.000000  0.854726 0.177682 1 76 1.000000
0  -3.603233 -16.461016 -4.591826  -0.991629 -0.129122 0.000000  0.854726 0.177682 1 76 1.000000
0  -3.603233 -16.461016 -4.439640  -0.991629 -0.129122 0.000000  0.854656 0.177722 1 76 1.000000
gun_tex
0  -3.327398 -16.367002 -4.598894  0.495796 -0.129111 -0.858788  0.854795 0.177802 1 76 1.000000
0  -3.339639 -16.461016 -4.591827  0.495796 -0.129111 -0.858788  0.854795 0.177802 1 76 1.000000
0  -3.471436 -16.461016 -4.667919  0.495796 -0.129111 -0.858788  0.854795 0.177722 1 76 1.000000
gun_tex
0  -3.471436 -16.561657 -4.409780  -0.412825 -0.564197 0.715022  0.854656 0.177802 1 76 1.000000
0  -3.563194 -16.561657 -4.462757  -0.412825 -0.564197 0.715022  0.854656 0.177722 1 76 1.000000
0  -3.524896 -16.617702 -4.484868  -0.412825 -0.564197 0.715022  0.854656 0.177722 1 76 1.000000
gun_tex
0  -3.603233 -16.461016 -4.591826  -0.929166 -0.369662 0.000000  0.854726 0.177682 1 76 1.000000
0  -3.563194 -16.561657 -4.568710  -0.929166 -0.369662 0.000000  0.854726 0.177682 1 76 1.000000
0  -3.563194 -16.561657 -4.462757  -0.929166 -0.369662 0.000000  0.854656 0.177722 1 76 1.000000
gun_tex
0  -3.339639 -16.461016 -4.591827  0.464568 -0.369658 -0.804692  0.854795 0.177802 1 76 1.000000
0  -3.379678 -16.561657 -4.568710  0.464568 -0.369658 -0.804692  0.854795 0.177802 1 76 1.000000
0  -3.471436 -16.561657 -4.621686  0.464568 -0.369658 -0.804692  0.854795 0.177722 1 76 1.000000
gun_tex
0  -3.603233 -16.461016 -4.439640  -0.464591 -0.369666 0.804675  0.854656 0.177722 1 76 1.000000
0  -3.563194 -16.561657 -4.462757  -0.464591 -0.369666 0.804675  0.854656 0.177722 1 76 1.000000
0  -3.471436 -16.561657 -4.409780  -0.464591 -0.369666 0.804675  0.854656 0.177802 1 76 1.000000
gun_tex
0  -3.471436 -16.461016 -4.667919  -0.464582 -0.369672 -0.804678  0.854795 0.177722 1 76 1.000000
0  -3.471436 -16.561657 -4.621686  -0.464582 -0.369672 -0.804678  0.854795 0.177722 1 76 1.000000
0  -3.563194 -16.561657 -4.568710  -0.464582 -0.369672 -0.804678  0.854726 0.177682 1 76 1.000000
gun_tex
0  -3.339639 -16.461016 -4.591827  0.929168 -0.369657 0.000000  0.854795 0.177802 1 76 1.000000
0  -3.339639 -16.461016 -4.439641  0.929168 -0.369657 0.000000  0.854726 0.177842 1 76 1.000000
0  -3.379678 -16.561657 -4.462757  0.929168 -0.369657 0.000000  0.854726 0.177842 1 76 1.000000
gun_tex
0  -3.471436 -16.617702 -4.454002  0.306376 -0.790229 0.530728  0.854656 0.177802 1 76 1.000000
0  -3.471436 -16.646629 -4.497076  0.306376 -0.790229 0.530728  0.854656 0.177802 1 76 1.000000
0  -3.455278 -16.646629 -4.506404  0.306376 -0.790229 0.530728  0.854726 0.177842 1 76 1.000000
gun_tex
0  -3.471436 -16.561657 -4.621686  -0.412818 -0.564201 -0.715023  0.854795 0.177722 1 76 1.000000
0  -3.471436 -16.617702 -4.577464  -0.412818 -0.564201 -0.715023  0.854795 0.177722 1 76 1.000000
0  -3.524897 -16.617702 -4.546599  -0.412818 -0.564201 -0.715023  0.854726 0.177682 1 76 1.000000
gun_tex
0  -3.379678 -16.561657 -4.568710  0.825647 -0.564187 0.000000  0.854795 0.177802 1 76 1.000000
0  -3.379678 -16.561657 -4.462757  0.825647 -0.564187 0.000000  0.854726 0.177842 1 76 1.000000
0  -3.417975 -16.617702 -4.484869  0.825647 -0.564187 0.000000  0.854726 0.177842 1 76 1.000000
gun_tex
0  -3.379678 -16.561657 -4.462757  0.412833 -0.564197 0.715018  0.854726 0.177842 1 76 1.000000
0  -3.471436 -16.561657 -4.409780  0.412833 -0.564197 0.715018  0.854656 0.177802 1 76 1.000000
0  -3.471436 -16.617702 -4.454002  0.412833 -0.564197 0.715018  0.854656 0.177802 1 76 1.000000
gun_tex
0  -3.563194 -16.561657 -4.568710  -0.825649 -0.564185 -0.000015  0.854726 0.177682 1 76 1.000000
0  -3.524897 -16.617702 -4.546599  -0.825649 -0.564185 -0.000015  0.854726 0.177682 1 76 1.000000
0  -3.524896 -16.617702 -4.484868  -0.825649 -0.564185 -0.000015  0.854656 0.177722 1 76 1.000000
gun_tex
0  -3.471436 -16.561657 -4.621686  0.412825 -0.564188 -0.715029  0.854795 0.177722 1 76 1.000000
0  -3.379678 -16.561657 -4.568710  0.412825 -0.564188 -0.715029  0.854795 0.177802 1 76 1.000000
0  -3.417975 -16.617702 -4.546599  0.412825 -0.564188 -0.715029  0.854795 0.177802 1 76 1.000000
gun_tex
0  -3.471436 -16.646629 -4.534391  0.000000 -1.000000 0.000000  0.854795 0.177722 1 76 1.000000
0  -3.455278 -16.646629 -4.525063  0.000000 -1.000000 0.000000  0.854795 0.177802 1 76 1.000000
0  -3.455278 -16.646629 -4.506404  0.000000 -1.000000 0.000000  0.854726 0.177842 1 76 1.000000
gun_tex
0  -3.455278 -16.646629 -4.506404  0.000000 -1.000000 0.000000  0.854726 0.177842 1 76 1.000000
0  -3.471436 -16.646629 -4.497076  0.000000 -1.000000 0.000000  0.854656 0.177802 1 76 1.000000
0  -3.471436 -16.646629 -4.534391  0.000000 -1.000000 0.000000  0.854795 0.177722 1 76 1.000000
gun_tex
0  -3.471436 -16.646629 -4.497076  0.000000 -1.000000 0.000000  0.854656 0.177802 1 76 1.000000
0  -3.487594 -16.646629 -4.506404  0.000000 -1.000000 0.000000  0.854656 0.177722 1 76 1.000000
0  -3.471436 -16.646629 -4.534391  0.000000 -1.000000 0.000000  0.854795 0.177722 1 76 1.000000
gun_tex
0  -3.524897 -16.617702 -4.546599  -0.612797 -0.790241 0.000000  0.854726 0.177682 1 76 1.000000
0  -3.487594 -16.646629 -4.525062  -0.612797 -0.790241 0.000000  0.854726 0.177682 1 76 1.000000
0  -3.487594 -16.646629 -4.506404  -0.612797 -0.790241 0.000000  0.854656 0.177722 1 76 1.000000
gun_tex
0  -3.471436 -16.617702 -4.577464  0.306392 -0.790229 -0.530719  0.854795 0.177722 1 76 1.000000
0  -3.417975 -16.617702 -4.546599  0.306392 -0.790229 -0.530719  0.854795 0.177802 1 76 1.000000
0  -3.455278 -16.646629 -4.525063  0.306392 -0.790229 -0.530719  0.854795 0.177802 1 76 1.000000
gun_tex
0  -3.524896 -16.617702 -4.484868  -0.306378 -0.790226 0.530731  0.854656 0.177722 1 76 1.000000
0  -3.487594 -16.646629 -4.506404  -0.306378 -0.790226 0.530731  0.854656 0.177722 1 76 1.000000
0  -3.471436 -16.646629 -4.497076  -0.306378 -0.790226 0.530731  0.854656 0.177802 1 76 1.000000
gun_tex
0  -3.471436 -16.617702 -4.577464  -0.306401 -0.790230 -0.530711  0.854795 0.177722 1 76 1.000000
0  -3.471436 -16.646629 -4.534391  -0.306401 -0.790230 -0.530711  0.854795 0.177722 1 76 1.000000
0  -3.487594 -16.646629 -4.525062  -0.306401 -0.790230 -0.530711  0.854726 0.177682 1 76 1.000000
gun_tex
0  -3.417975 -16.617702 -4.546599  0.612803 -0.790236 -0.000041  0.854795 0.177802 1 76 1.000000
0  -3.417975 -16.617702 -4.484869  0.612803 -0.790236 -0.000041  0.854726 0.177842 1 76 1.000000
0  -3.455278 -16.646629 -4.506404  0.612803 -0.790236 -0.000041  0.854726 0.177842 1 76 1.000000
gun_tex
0  -3.305708 -15.648924 -4.611417  0.857212 0.514963 0.000000  0.952104 0.234332 1 76 1.000000
0  -3.325518 -15.615948 -4.431488  0.857212 0.514963 0.000000  0.952130 0.234332 1 76 1.000000
0  -3.305708 -15.648924 -4.420051  0.857212 0.514963 0.000000  0.952130 0.234332 1 76 1.000000
gun_tex
0  -3.617354 -15.579412 -4.431488  -1.000000 0.000000 0.000000  0.952025 0.234332 1 76 1.000000
0  -3.617354 -15.615948 -4.599979  -1.000000 0.000000 0.000000  0.952051 0.234332 1 76 1.000000
0  -3.617354 -15.615948 -4.431488  -1.000000 0.000000 0.000000  0.952025 0.234332 1 76 1.000000
gun_tex
0  -3.637165 -15.648924 -4.611417  -0.999949 -0.010128 0.000000  0.952051 0.234332 1 76 1.000000
0  -3.630984 -16.259130 -4.423618  -0.999949 -0.010128 0.000000  0.952025 0.234411 1 76 1.000000
0  -3.637165 -15.648924 -4.420050  -0.999949 -0.010128 0.000000  0.952025 0.234332 1 76 1.000000
gun_tex
0  -3.637165 -15.648924 -4.420050  -0.857203 0.514978 0.000000  0.952025 0.234332 1 76 1.000000
0  -3.617354 -15.615948 -4.599979  -0.857203 0.514978 0.000000  0.952051 0.234332 1 76 1.000000
0  -3.637165 -15.648924 -4.611417  -0.857203 0.514978 0.000000  0.952051 0.234332 1 76 1.000000
gun_tex
0  -3.637668 -15.569780 -4.419760  -0.428439 -0.903571 0.000000  0.952025 0.234332 1 76 1.000000
0  -3.617354 -15.579412 -4.599979  -0.428439 -0.903571 0.000000  0.952051 0.234332 1 76 1.000000
0  -3.617354 -15.579412 -4.431488  -0.428439 -0.903571 0.000000  0.952025 0.234332 1 76 1.000000
gun_tex
0  -3.471436 -15.579412 -4.684225  0.500002 0.000000 -0.866024  0.952078 0.234332 1 76 1.000000
0  -3.325518 -15.615948 -4.599979  0.500002 0.000000 -0.866024  0.952104 0.234332 1 76 1.000000
0  -3.471436 -15.615948 -4.684225  0.500002 0.000000 -0.866024  0.952078 0.234332 1 76 1.000000
gun_tex
0  -3.617354 -15.615948 -4.599979  -0.428586 0.514956 -0.742385  0.952051 0.234332 1 76 1.000000
0  -3.471436 -15.648924 -4.707100  -0.428586 0.514956 -0.742385  0.952078 0.234332 1 76 1.000000
0  -3.637165 -15.648924 -4.611417  -0.428586 0.514956 -0.742385  0.952051 0.234332 1 76 1.000000
gun_tex
0  -3.471436 -15.569780 -4.323785  0.499995 0.000000 0.866028  0.951998 0.234332 1 76 1.000000
0  -3.305204 -15.530729 -4.419760  0.499995 0.000000 0.866028  0.951972 0.234332 1 76 1.000000
0  -3.471436 -15.530729 -4.323785  0.499995 0.000000 0.866028  0.951998 0.234332 1 76 1.000000
gun_tex
0  -3.407135 -15.530729 -4.478609  -0.500012 0.000000 -0.866019  0.952091 0.234307 1 76 1.000000
0  -3.471436 -15.580097 -4.441484  -0.500012 0.000000 -0.866019  0.952078 0.234299 1 76 1.000000
0  -3.471436 -15.530729 -4.441484  -0.500012 0.000000 -0.866019  0.952078 0.234299 1 76 1.000000
gun_tex
0  -3.471436 -15.569781 -4.707681  0.214203 -0.903596 -0.370987  0.952078 0.234332 1 76 1.000000
0  -3.325518 -15.579412 -4.599979  0.214203 -0.903596 -0.370987  0.952104 0.234332 1 76 1.000000
0  -3.471436 -15.579412 -4.684225  0.214203 -0.903596 -0.370987  0.952078 0.234332 1 76 1.000000
gun_tex
0  -3.471436 -15.580097 -4.589982  0.000000 1.000000 0.000000  0.952104 0.234285 1 76 1.000000
0  -3.535738 -15.580097 -4.552858  0.000000 1.000000 0.000000  0.952091 0.234277 1 76 1.000000
0  -3.471437 -15.580097 -4.583525  0.000000 1.000000 0.000000  0.952102 0.234285 1 76 1.000000
gun_tex
0  -3.535738 -15.530729 -4.552858  1.000000 0.000000 0.000000  0.952091 0.234277 1 76 1.000000
0  -3.535738 -15.580097 -4.478609  1.000000 0.000000 0.000000  0.952078 0.234285 1 76 1.000000
0  -3.535738 -15.580097 -4.552858  1.000000 0.000000 0.000000  0.952091 0.234277 1 76 1.000000
gun_tex
0  -3.407135 -15.530729 -4.552858  0.000000 1.000000 0.000000  0.952104 0.234299 1 76 1.000000
0  -3.407135 -15.530729 -4.478609  0.000000 1.000000 0.000000  0.952091 0.234307 1 76 1.000000
0  -3.305204 -15.530729 -4.419760  0.000000 1.000000 0.000000  0.952091 0.234330 1 76 1.000000
gun_tex
0  -3.617354 -15.615948 -4.599979  -0.500006 0.000000 -0.866022  0.952051 0.234332 1 76 1.000000
0  -3.471436 -15.579412 -4.684225  -0.500006 0.000000 -0.866022  0.952078 0.234332 1 76 1.000000
0  -3.471436 -15.615948 -4.684225  -0.500006 0.000000 -0.866022  0.952078 0.234332 1 76 1.000000
gun_tex
0  -3.325518 -15.579412 -4.431488  0.500009 0.000000 0.866020  0.951972 0.234332 1 76 1.000000
0  -3.471436 -15.615948 -4.347242  0.500009 0.000000 0.866020  0.951998 0.234332 1 76 1.000000
0  -3.325518 -15.615948 -4.431488  0.500009 0.000000 0.866020  0.951972 0.234332 1 76 1.000000
gun_tex
0  -3.471436 -15.580097 -4.441484  0.500012 0.000000 -0.866019  0.952078 0.234299 1 76 1.000000
0  -3.535738 -15.530729 -4.478609  0.500012 0.000000 -0.866019  0.952078 0.234285 1 76 1.000000
0  -3.471436 -15.530729 -4.441484  0.500012 0.000000 -0.866019  0.952078 0.234299 1 76 1.000000
gun_tex
0  -3.311888 -16.259130 -4.607849  0.999949 -0.010127 -0.000001  0.952104 0.234411 1 76 1.000000
0  -3.305708 -15.648924 -4.420051  0.999949 -0.010127 -0.000001  0.952130 0.234332 1 76 1.000000
0  -3.311888 -16.259130 -4.423618  0.999949 -0.010127 -0.000001  0.952130 0.234411 1 76 1.000000
gun_tex
0  -3.311888 -16.259130 -4.607849  0.499973 -0.010128 -0.865982  0.952104 0.234411 1 76 1.000000
0  -3.471436 -15.648924 -4.707100  0.499973 -0.010128 -0.865982  0.952078 0.234332 1 76 1.000000
0  -3.305708 -15.648924 -4.611417  0.499973 -0.010128 -0.865982  0.952104 0.234332 1 76 1.000000
gun_tex
0  -3.630984 -16.259130 -4.423618  -0.499980 -0.010127 0.865977  0.952025 0.234411 1 76 1.000000
0  -3.471436 -15.648924 -4.324367  -0.499980 -0.010127 0.865977  0.951998 0.234332 1 76 1.000000
0  -3.637165 -15.648924 -4.420050  -0.499980 -0.010127 0.865977  0.952025 0.234332 1 76 1.000000
gun_tex
0  -3.325518 -15.579412 -4.431488  0.214212 -0.903554 0.371084  0.951972 0.234332 1 76 1.000000
0  -3.471436 -15.569780 -4.323785  0.214212 -0.903554 0.371084  0.951998 0.234332 1 76 1.000000
0  -3.471436 -15.579412 -4.347242  0.214212 -0.903554 0.371084  0.951998 0.234332 1 76 1.000000
gun_tex
0  -3.471436 -15.615948 -4.347242  -0.428603 0.514981 0.742357  0.951998 0.234332 1 76 1.000000
0  -3.637165 -15.648924 -4.420050  -0.428603 0.514981 0.742357  0.952025 0.234332 1 76 1.000000
0  -3.471436 -15.648924 -4.324367  -0.428603 0.514981 0.742357  0.951998 0.234332 1 76 1.000000
gun_tex
0  -3.325518 -15.579412 -4.431488  0.428439 -0.903571 0.000000  0.952130 0.234332 1 76 1.000000
0  -3.305204 -15.569780 -4.611708  0.428439 -0.903571 0.000000  0.952104 0.234332 1 76 1.000000
0  -3.305204 -15.569780 -4.419760  0.428439 -0.903571 0.000000  0.952130 0.234332 1 76 1.000000
gun_tex
0  -3.617354 -15.579412 -4.431488  -0.214229 -0.903603 0.370955  0.952025 0.234332 1 76 1.000000
0  -3.471436 -15.569780 -4.323785  -0.214229 -0.903603 0.370955  0.951998 0.234332 1 76 1.000000
0  -3.637668 -15.569780 -4.419760  -0.214229 -0.903603 0.370955  0.952025 0.234332 1 76 1.000000
gun_tex
0  -3.637668 -15.530729 -4.419760  -1.000000 0.000000 0.000000  0.952025 0.234332 1 76 1.000000
0  -3.637668 -15.569780 -4.611707  -1.000000 0.000000 0.000000  0.952051 0.234332 1 76 1.000000
0  -3.637668 -15.569780 -4.419760  -1.000000 0.000000 0.000000  0.952025 0.234332 1 76 1.000000
gun_tex
0  -3.471436 -15.530729 -4.323785  -0.499995 0.000000 0.866028  0.951998 0.234332 1 76 1.000000
0  -3.637668 -15.569780 -4.419760  -0.499995 0.000000 0.866028  0.952025 0.234332 1 76 1.000000
0  -3.471436 -15.569780 -4.323785  -0.499995 0.000000 0.866028  0.951998 0.234332 1 76 1.000000
gun_tex
0  -3.325518 -15.579412 -4.599979  1.000000 0.000000 0.000000  0.952104 0.234332 1 76 1.000000
0  -3.325518 -15.615948 -4.431488  1.000000 0.000000 0.000000  0.952130 0.234332 1 76 1.000000
0  -3.325518 -15.615948 -4.599979  1.000000 0.000000 0.000000  0.952104 0.234332 1 76 1.000000
gun_tex
0  -3.471436 -15.579412 -4.347242  -0.500006 0.000000 0.866022  0.951998 0.234332 1 76 1.000000
0  -3.617354 -15.615948 -4.431488  -0.500006 0.000000 0.866022  0.952025 0.234332 1 76 1.000000
0  -3.471436 -15.615948 -4.347242  -0.500006 0.000000 0.866022  0.951998 0.234332 1 76 1.000000
gun_tex
0  -3.305708 -15.648924 -4.420051  0.428607 0.514980 0.742355  0.951972 0.234332 1 76 1.000000
0  -3.471436 -15.615948 -4.347242  0.428607 0.514980 0.742355  0.951998 0.234332 1 76 1.000000
0  -3.471436 -15.648924 -4.324367  0.428607 0.514980 0.742355  0.951998 0.234332 1 76 1.000000
gun_tex
0  -3.305204 -15.569780 -4.611708  1.000000 0.000000 0.000000  0.952104 0.234332 1 76 1.000000
0  -3.305204 -15.530729 -4.419760  1.000000 0.000000 0.000000  0.952130 0.234332 1 76 1.000000
0  -3.305204 -15.569780 -4.419760  1.000000 0.000000 0.000000  0.952130 0.234332 1 76 1.000000
gun_tex
0  -3.637668 -15.569780 -4.611707  -0.500028 0.000000 -0.866009  0.952051 0.234332 1 76 1.000000
0  -3.471436 -15.530729 -4.707681  -0.500028 0.000000 -0.866009  0.952078 0.234332 1 76 1.000000
0  -3.471436 -15.569781 -4.707681  -0.500028 0.000000 -0.866009  0.952078 0.234332 1 76 1.000000
gun_tex
0  -3.311888 -16.259130 -4.423618  0.499971 -0.010128 0.865983  0.951972 0.234411 1 76 1.000000
0  -3.471436 -15.648924 -4.324367  0.499971 -0.010128 0.865983  0.951998 0.234332 1 76 1.000000
0  -3.471436 -16.259130 -4.331503  0.499971 -0.010128 0.865983  0.951998 0.234411 1 76 1.000000
gun_tex
0  -3.471436 -15.580097 -4.589982  -0.499994 0.000000 0.866029  0.952104 0.234285 1 76 1.000000
0  -3.407135 -15.530729 -4.552858  -0.499994 0.000000 0.866029  0.952104 0.234299 1 76 1.000000
0  -3.471436 -15.530729 -4.589982  -0.499994 0.000000 0.866029  0.952104 0.234285 1 76 1.000000
gun_tex
0  -3.637668 -15.569780 -4.611707  -0.214225 -0.903594 -0.370980  0.952051 0.234332 1 76 1.000000
0  -3.471436 -15.579412 -4.684225  -0.214225 -0.903594 -0.370980  0.952078 0.234332 1 76 1.000000
0  -3.617354 -15.579412 -4.599979  -0.214225 -0.903594 -0.370980  0.952051 0.234332 1 76 1.000000
gun_tex
0  -3.407135 -15.530729 -4.552858  -1.000000 -0.000008 0.000000  0.952104 0.234299 1 76 1.000000
0  -3.407135 -15.580097 -4.478610  -1.000000 -0.000008 0.000000  0.952091 0.234307 1 76 1.000000
0  -3.407135 -15.530729 -4.478609  -1.000000 -0.000008 0.000000  0.952091 0.234307 1 76 1.000000
gun_tex
0  -3.630984 -16.259130 -4.607848  0.000000 -1.000000 0.000016  0.952012 0.234254 1 76 1.000000
0  -3.471436 -16.259130 -4.699964  0.000000 -1.000000 0.000016  0.952045 0.234273 1 76 1.000000
0  -3.311888 -16.259130 -4.607849  0.000000 -1.000000 0.000016  0.952045 0.234311 1 76 1.000000
gun_tex
0  -3.305708 -15.648924 -4.611417  0.428604 0.514975 -0.742361  0.952104 0.234332 1 76 1.000000
0  -3.471436 -15.615948 -4.684225  0.428604 0.514975 -0.742361  0.952078 0.234332 1 76 1.000000
0  -3.325518 -15.615948 -4.599979  0.428604 0.514975 -0.742361  0.952104 0.234332 1 76 1.000000
gun_tex
0  -3.535738 -15.530729 -4.478609  0.000000 1.000000 0.000000  0.952078 0.234285 1 76 1.000000
0  -3.535738 -15.530729 -4.552858  0.000000 1.000000 0.000000  0.952091 0.234277 1 76 1.000000
0  -3.637668 -15.530729 -4.611707  0.000000 1.000000 0.000000  0.952091 0.234254 1 76 1.000000
gun_tex
0  -3.471436 -15.530729 -4.707681  0.500025 0.000000 -0.866011  0.952078 0.234332 1 76 1.000000
0  -3.305204 -15.569780 -4.611708  0.500025 0.000000 -0.866011  0.952104 0.234332 1 76 1.000000
0  -3.471436 -15.569781 -4.707681  0.500025 0.000000 -0.866011  0.952078 0.234332 1 76 1.000000
gun_tex
0  -3.630984 -16.259130 -4.607848  -0.499976 -0.010128 -0.865980  0.952051 0.234411 1 76 1.000000
0  -3.471436 -15.648924 -4.707100  -0.499976 -0.010128 -0.865980  0.952078 0.234332 1 76 1.000000
0  -3.471436 -16.259130 -4.699964  -0.499976 -0.010128 -0.865980  0.952078 0.234411 1 76 1.000000
gun_tex
0  -3.471436 -15.580097 -4.447941  0.000000 1.000000 0.000000  0.952079 0.234299 1 76 1.000000
0  -3.471436 -15.580097 -4.441484  0.000000 1.000000 0.000000  0.952078 0.234299 1 76 1.000000
0  -3.407135 -15.580097 -4.478610  0.000000 1.000000 0.000000  0.952091 0.234307 1 76 1.000000
gun_tex
0  -3.535738 -15.580097 -4.552858  0.499994 0.000000 0.866029  0.952091 0.234277 1 76 1.000000
0  -3.471436 -15.530729 -4.589982  0.499994 0.000000 0.866029  0.952104 0.234285 1 76 1.000000
0  -3.535738 -15.530729 -4.552858  0.499994 0.000000 0.866029  0.952091 0.234277 1 76 1.000000
gun_tex
0  -3.471436 -15.580097 -4.447941  0.500010 0.000004 0.866019  0.828864 0.205051 1 76 1.000000
0  -3.412727 -15.530729 -4.481838  0.500010 0.000004 0.866019  0.828882 0.205061 1 76 1.000000
0  -3.471437 -15.530729 -4.447941  0.500010 0.000004 0.866019  0.828864 0.205051 1 76 1.000000
gun_tex
0  -3.471437 -15.530729 -4.447941  -0.499995 0.000000 0.866028  0.828864 0.205051 1 76 1.000000
0  -3.530146 -15.580097 -4.481838  -0.499995 0.000000 0.866028  0.828864 0.205029 1 76 1.000000
0  -3.471436 -15.580097 -4.447941  -0.499995 0.000000 0.866028  0.828864 0.205051 1 76 1.000000
gun_tex
0  -3.530145 -15.580097 -4.549630  0.000000 -1.000000 -0.000015  0.828882 0.205019 1 76 1.000000
0  -3.471437 -15.580097 -4.583525  0.000000 -1.000000 -0.000015  0.828900 0.205029 1 76 1.000000
0  -3.412727 -15.580097 -4.481838  0.000000 -1.000000 -0.000015  0.828882 0.205061 1 76 1.000000
gun_tex
0  -3.471437 -15.580097 -4.583525  0.499997 0.000000 -0.866027  0.828900 0.205029 1 76 1.000000
0  -3.412727 -15.530729 -4.549630  0.499997 0.000000 -0.866027  0.828900 0.205051 1 76 1.000000
0  -3.412727 -15.580097 -4.549630  0.499997 0.000000 -0.866027  0.828900 0.205051 1 76 1.000000
gun_tex
0  -3.530146 -15.530729 -4.481838  -1.000000 0.000000 -0.000007  0.828864 0.205029 1 76 1.000000
0  -3.530145 -15.580097 -4.549630  -1.000000 0.000000 -0.000007  0.828882 0.205019 1 76 1.000000
0  -3.530146 -15.580097 -4.481838  -1.000000 0.000000 -0.000007  0.828864 0.205029 1 76 1.000000
gun_tex
0  -3.530145 -15.580097 -4.549630  -0.499997 0.000000 -0.866027  0.828882 0.205019 1 76 1.000000
0  -3.471437 -15.530729 -4.583525  -0.499997 0.000000 -0.866027  0.828900 0.205029 1 76 1.000000
0  -3.471437 -15.580097 -4.583525  -0.499997 0.000000 -0.866027  0.828900 0.205029 1 76 1.000000
gun_tex
0  -3.412727 -15.580097 -4.481838  1.000000 0.000000 0.000000  0.828882 0.205061 1 76 1.000000
0  -3.412727 -15.530729 -4.549630  1.000000 0.000000 0.000000  0.828900 0.205051 1 76 1.000000
0  -3.412727 -15.530729 -4.481838  1.000000 0.000000 0.000000  0.828882 0.205061 1 76 1.000000
gun_tex
0  -3.530146 -15.530729 -4.549630  0.000000 1.000000 0.000000  0.828882 0.205019 1 76 1.000000
0  -3.471437 -15.530729 -4.447941  0.000000 1.000000 0.000000  0.828864 0.205051 1 76 1.000000
0  -3.412727 -15.530729 -4.549630  0.000000 1.000000 0.000000  0.828900 0.205051 1 76 1.000000
gun_tex
0  -3.305708 -15.648924 -4.611417  0.857203 0.514979 0.000000  0.952104 0.234332 1 76 1.000000
0  -3.325518 -15.615948 -4.599979  0.857203 0.514979 0.000000  0.952104 0.234332 1 76 1.000000
0  -3.325518 -15.615948 -4.431488  0.857203 0.514979 0.000000  0.952130 0.234332 1 76 1.000000
gun_tex
0  -3.617354 -15.579412 -4.431488  -1.000000 0.000000 0.000000  0.952025 0.234332 1 76 1.000000
0  -3.617354 -15.579412 -4.599979  -1.000000 0.000000 0.000000  0.952051 0.234332 1 76 1.000000
0  -3.617354 -15.615948 -4.599979  -1.000000 0.000000 0.000000  0.952051 0.234332 1 76 1.000000
gun_tex
0  -3.637165 -15.648924 -4.611417  -0.999949 -0.010127 0.000000  0.952051 0.234332 1 76 1.000000
0  -3.630984 -16.259130 -4.607848  -0.999949 -0.010127 0.000000  0.952051 0.234411 1 76 1.000000
0  -3.630984 -16.259130 -4.423618  -0.999949 -0.010127 0.000000  0.952025 0.234411 1 76 1.000000
gun_tex
0  -3.637165 -15.648924 -4.420050  -0.857211 0.514966 0.000000  0.952025 0.234332 1 76 1.000000
0  -3.617354 -15.615948 -4.431488  -0.857211 0.514966 0.000000  0.952025 0.234332 1 76 1.000000
0  -3.617354 -15.615948 -4.599979  -0.857211 0.514966 0.000000  0.952051 0.234332 1 76 1.000000
gun_tex
0  -3.637668 -15.569780 -4.419760  -0.428438 -0.903571 0.000000  0.952025 0.234332 1 76 1.000000
0  -3.637668 -15.569780 -4.611707  -0.428438 -0.903571 0.000000  0.952051 0.234332 1 76 1.000000
0  -3.617354 -15.579412 -4.599979  -0.428438 -0.903571 0.000000  0.952051 0.234332 1 76 1.000000
gun_tex
0  -3.471436 -15.579412 -4.684225  0.499976 0.000000 -0.866039  0.952078 0.234332 1 76 1.000000
0  -3.325518 -15.579412 -4.599979  0.499976 0.000000 -0.866039  0.952104 0.234332 1 76 1.000000
0  -3.325518 -15.615948 -4.599979  0.499976 0.000000 -0.866039  0.952104 0.234332 1 76 1.000000
gun_tex
0  -3.617354 -15.615948 -4.599979  -0.428613 0.514993 -0.742343  0.952051 0.234332 1 76 1.000000
0  -3.471436 -15.615948 -4.684225  -0.428613 0.514993 -0.742343  0.952078 0.234332 1 76 1.000000
0  -3.471436 -15.648924 -4.707100  -0.428613 0.514993 -0.742343  0.952078 0.234332 1 76 1.000000
gun_tex
0  -3.471436 -15.569780 -4.323785  0.499995 0.000000 0.866028  0.951998 0.234332 1 76 1.000000
0  -3.305204 -15.569780 -4.419760  0.499995 0.000000 0.866028  0.951972 0.234332 1 76 1.000000
0  -3.305204 -15.530729 -4.419760  0.499995 0.000000 0.866028  0.951972 0.234332 1 76 1.000000
gun_tex
0  -3.407135 -15.530729 -4.478609  -0.500014 0.000008 -0.866017  0.952091 0.234307 1 76 1.000000
0  -3.407135 -15.580097 -4.478610  -0.500014 0.000008 -0.866017  0.952091 0.234307 1 76 1.000000
0  -3.471436 -15.580097 -4.441484  -0.500014 0.000008 -0.866017  0.952078 0.234299 1 76 1.000000
gun_tex
0  -3.471436 -15.569781 -4.707681  0.214217 -0.903552 -0.371086  0.952078 0.234332 1 76 1.000000
0  -3.305204 -15.569780 -4.611708  0.214217 -0.903552 -0.371086  0.952104 0.234332 1 76 1.000000
0  -3.325518 -15.579412 -4.599979  0.214217 -0.903552 -0.371086  0.952104 0.234332 1 76 1.000000
gun_tex
0  -3.535738 -15.580097 -4.478609  0.000000 1.000000 -0.000287  0.952078 0.234285 1 76 1.000000
0  -3.471436 -15.580097 -4.441484  0.000000 1.000000 -0.000287  0.952078 0.234299 1 76 1.000000
0  -3.530146 -15.580097 -4.481838  0.000000 1.000000 -0.000287  0.952079 0.234285 1 76 1.000000
gun_tex
0  -3.535738 -15.580097 -4.478609  0.000000 1.000000 0.000000  0.952078 0.234285 1 76 1.000000
0  -3.530146 -15.580097 -4.481838  0.000000 1.000000 0.000000  0.952079 0.234285 1 76 1.000000
0  -3.535738 -15.580097 -4.552858  0.000000 1.000000 0.000000  0.952091 0.234277 1 76 1.000000
gun_tex
0  -3.530146 -15.580097 -4.481838  0.000000 1.000000 0.000000  0.952079 0.234285 1 76 1.000000
0  -3.530145 -15.580097 -4.549630  0.000000 1.000000 0.000000  0.952091 0.234278 1 76 1.000000
0  -3.535738 -15.580097 -4.552858  0.000000 1.000000 0.000000  0.952091 0.234277 1 76 1.000000
gun_tex
0  -3.412727 -15.580097 -4.481838  0.000000 1.000000 0.000000  0.952091 0.234305 1 76 1.000000
0  -3.407135 -15.580097 -4.478610  0.000000 1.000000 0.000000  0.952091 0.234307 1 76 1.000000
0  -3.407135 -15.580097 -4.552858  0.000000 1.000000 0.000000  0.952104 0.234299 1 76 1.000000
gun_tex
0  -3.412727 -15.580097 -4.549630  0.000000 1.000000 0.000000  0.952102 0.234299 1 76 1.000000
0  -3.412727 -15.580097 -4.481838  0.000000 1.000000 0.000000  0.952091 0.234305 1 76 1.000000
0  -3.407135 -15.580097 -4.552858  0.000000 1.000000 0.000000  0.952104 0.234299 1 76 1.000000
gun_tex
0  -3.471437 -15.580097 -4.583525  0.000000 1.000000 0.000000  0.952102 0.234285 1 76 1.000000
0  -3.412727 -15.580097 -4.549630  0.000000 1.000000 0.000000  0.952102 0.234299 1 76 1.000000
0  -3.471436 -15.580097 -4.589982  0.000000 1.000000 0.000000  0.952104 0.234285 1 76 1.000000
gun_tex
0  -3.412727 -15.580097 -4.549630  0.000000 1.000000 0.000000  0.952102 0.234299 1 76 1.000000
0  -3.407135 -15.580097 -4.552858  0.000000 1.000000 0.000000  0.952104 0.234299 1 76 1.000000
0  -3.471436 -15.580097 -4.589982  0.000000 1.000000 0.000000  0.952104 0.234285 1 76 1.000000
gun_tex
0  -3.535738 -15.580097 -4.552858  0.000000 1.000000 0.000000  0.952091 0.234277 1 76 1.000000
0  -3.530145 -15.580097 -4.549630  0.000000 1.000000 0.000000  0.952091 0.234278 1 76 1.000000
0  -3.471437 -15.580097 -4.583525  0.000000 1.000000 0.000000  0.952102 0.234285 1 76 1.000000
gun_tex
0  -3.535738 -15.530729 -4.552858  1.000000 0.000000 0.000000  0.952091 0.234277 1 76 1.000000
0  -3.535738 -15.530729 -4.478609  1.000000 0.000000 0.000000  0.952078 0.234285 1 76 1.000000
0  -3.535738 -15.580097 -4.478609  1.000000 0.000000 0.000000  0.952078 0.234285 1 76 1.000000
gun_tex
0  -3.305204 -15.530729 -4.419760  0.000000 1.000000 0.000000  0.952091 0.234330 1 76 1.000000
0  -3.305204 -15.530729 -4.611708  0.000000 1.000000 0.000000  0.952124 0.234311 1 76 1.000000
0  -3.407135 -15.530729 -4.552858  0.000000 1.000000 0.000000  0.952104 0.234299 1 76 1.000000
gun_tex
0  -3.305204 -15.530729 -4.611708  0.000000 1.000000 -0.000006  0.952124 0.234311 1 76 1.000000
0  -3.471436 -15.530729 -4.707681  0.000000 1.000000 -0.000006  0.952124 0.234273 1 76 1.000000
0  -3.407135 -15.530729 -4.552858  0.000000 1.000000 -0.000006  0.952104 0.234299 1 76 1.000000
gun_tex
0  -3.471436 -15.530729 -4.707681  0.000000 1.000000 0.000000  0.952124 0.234273 1 76 1.000000
0  -3.471436 -15.530729 -4.589982  0.000000 1.000000 0.000000  0.952104 0.234285 1 76 1.000000
0  -3.407135 -15.530729 -4.552858  0.000000 1.000000 0.000000  0.952104 0.234299 1 76 1.000000
gun_tex
0  -3.407135 -15.530729 -4.478609  0.000000 1.000000 0.000000  0.952091 0.234307 1 76 1.000000
0  -3.471436 -15.530729 -4.323785  0.000000 1.000000 0.000000  0.952058 0.234311 1 76 1.000000
0  -3.305204 -15.530729 -4.419760  0.000000 1.000000 0.000000  0.952091 0.234330 1 76 1.000000
gun_tex
0  -3.617354 -15.615948 -4.599979  -0.499976 0.000000 -0.866039  0.952051 0.234332 1 76 1.000000
0  -3.617354 -15.579412 -4.599979  -0.499976 0.000000 -0.866039  0.952051 0.234332 1 76 1.000000
0  -3.471436 -15.579412 -4.684225  -0.499976 0.000000 -0.866039  0.952078 0.234332 1 76 1.000000
gun_tex
0  -3.325518 -15.579412 -4.431488  0.500006 0.000000 0.866022  0.951972 0.234332 1 76 1.000000
0  -3.471436 -15.579412 -4.347242  0.500006 0.000000 0.866022  0.951998 0.234332 1 76 1.000000
0  -3.471436 -15.615948 -4.347242  0.500006 0.000000 0.866022  0.951998 0.234332 1 76 1.000000
gun_tex
0  -3.471436 -15.580097 -4.441484  0.500014 0.000000 -0.866017  0.952078 0.234299 1 76 1.000000
0  -3.535738 -15.580097 -4.478609  0.500014 0.000000 -0.866017  0.952078 0.234285 1 76 1.000000
0  -3.535738 -15.530729 -4.478609  0.500014 0.000000 -0.866017  0.952078 0.234285 1 76 1.000000
gun_tex
0  -3.311888 -16.259130 -4.607849  0.999949 -0.010127 0.000000  0.952104 0.234411 1 76 1.000000
0  -3.305708 -15.648924 -4.611417  0.999949 -0.010127 0.000000  0.952104 0.234332 1 76 1.000000
0  -3.305708 -15.648924 -4.420051  0.999949 -0.010127 0.000000  0.952130 0.234332 1 76 1.000000
gun_tex
0  -3.311888 -16.259130 -4.607849  0.499975 -0.010128 -0.865981  0.952104 0.234411 1 76 1.000000
0  -3.471436 -16.259130 -4.699964  0.499975 -0.010128 -0.865981  0.952078 0.234411 1 76 1.000000
0  -3.471436 -15.648924 -4.707100  0.499975 -0.010128 -0.865981  0.952078 0.234332 1 76 1.000000
gun_tex
0  -3.630984 -16.259130 -4.423618  -0.499970 -0.010128 0.865983  0.952025 0.234411 1 76 1.000000
0  -3.471436 -16.259130 -4.331503  -0.499970 -0.010128 0.865983  0.951998 0.234411 1 76 1.000000
0  -3.471436 -15.648924 -4.324367  -0.499970 -0.010128 0.865983  0.951998 0.234332 1 76 1.000000
gun_tex
0  -3.325518 -15.579412 -4.431488  0.214227 -0.903603 0.370956  0.951972 0.234332 1 76 1.000000
0  -3.305204 -15.569780 -4.419760  0.214227 -0.903603 0.370956  0.951972 0.234332 1 76 1.000000
0  -3.471436 -15.569780 -4.323785  0.214227 -0.903603 0.370956  0.951998 0.234332 1 76 1.000000
gun_tex
0  -3.471436 -15.615948 -4.347242  -0.428589 0.514959 0.742381  0.951998 0.234332 1 76 1.000000
0  -3.617354 -15.615948 -4.431488  -0.428589 0.514959 0.742381  0.952025 0.234332 1 76 1.000000
0  -3.637165 -15.648924 -4.420050  -0.428589 0.514959 0.742381  0.952025 0.234332 1 76 1.000000
gun_tex
0  -3.325518 -15.579412 -4.431488  0.428439 -0.903571 0.000000  0.952130 0.234332 1 76 1.000000
0  -3.325518 -15.579412 -4.599979  0.428439 -0.903571 0.000000  0.952104 0.234332 1 76 1.000000
0  -3.305204 -15.569780 -4.611708  0.428439 -0.903571 0.000000  0.952104 0.234332 1 76 1.000000
gun_tex
0  -3.617354 -15.579412 -4.431488  -0.214212 -0.903553 0.371087  0.952025 0.234332 1 76 1.000000
0  -3.471436 -15.579412 -4.347242  -0.214212 -0.903553 0.371087  0.951998 0.234332 1 76 1.000000
0  -3.471436 -15.569780 -4.323785  -0.214212 -0.903553 0.371087  0.951998 0.234332 1 76 1.000000
gun_tex
0  -3.637668 -15.530729 -4.419760  -1.000000 0.000000 0.000000  0.952025 0.234332 1 76 1.000000
0  -3.637668 -15.530729 -4.611707  -1.000000 0.000000 0.000000  0.952051 0.234332 1 76 1.000000
0  -3.637668 -15.569780 -4.611707  -1.000000 0.000000 0.000000  0.952051 0.234332 1 76 1.000000
gun_tex
0  -3.471436 -15.530729 -4.323785  -0.499995 0.000000 0.866028  0.951998 0.234332 1 76 1.000000
0  -3.637668 -15.530729 -4.419760  -0.499995 0.000000 0.866028  0.952025 0.234332 1 76 1.000000
0  -3.637668 -15.569780 -4.419760  -0.499995 0.000000 0.866028  0.952025 0.234332 1 76 1.000000
gun_tex
0  -3.325518 -15.579412 -4.599979  1.000000 0.000000 0.000000  0.952104 0.234332 1 76 1.000000
0  -3.325518 -15.579412 -4.431488  1.000000 0.000000 0.000000  0.952130 0.234332 1 76 1.000000
0  -3.325518 -15.615948 -4.431488  1.000000 0.000000 0.000000  0.952130 0.234332 1 76 1.000000
gun_tex
0  -3.471436 -15.579412 -4.347242  -0.500002 0.000000 0.866024  0.951998 0.234332 1 76 1.000000
0  -3.617354 -15.579412 -4.431488  -0.500002 0.000000 0.866024  0.952025 0.234332 1 76 1.000000
0  -3.617354 -15.615948 -4.431488  -0.500002 0.000000 0.866024  0.952025 0.234332 1 76 1.000000
gun_tex
0  -3.305708 -15.648924 -4.420051  0.428608 0.514962 0.742368  0.951972 0.234332 1 76 1.000000
0  -3.325518 -15.615948 -4.431488  0.428608 0.514962 0.742368  0.951972 0.234332 1 76 1.000000
0  -3.471436 -15.615948 -4.347242  0.428608 0.514962 0.742368  0.951998 0.234332 1 76 1.000000
gun_tex
0  -3.305204 -15.569780 -4.611708  1.000000 0.000000 0.000000  0.952104 0.234332 1 76 1.000000
0  -3.305204 -15.530729 -4.611708  1.000000 0.000000 0.000000  0.952104 0.234332 1 76 1.000000
0  -3.305204 -15.530729 -4.419760  1.000000 0.000000 0.000000  0.952130 0.234332 1 76 1.000000
gun_tex
0  -3.637668 -15.569780 -4.611707  -0.499989 0.000000 -0.866032  0.952051 0.234332 1 76 1.000000
0  -3.637668 -15.530729 -4.611707  -0.499989 0.000000 -0.866032  0.952051 0.234332 1 76 1.000000
0  -3.471436 -15.530729 -4.707681  -0.499989 0.000000 -0.866032  0.952078 0.234332 1 76 1.000000
gun_tex
0  -3.311888 -16.259130 -4.423618  0.499979 -0.010126 0.865979  0.951972 0.234411 1 76 1.000000
0  -3.305708 -15.648924 -4.420051  0.499979 -0.010126 0.865979  0.951972 0.234332 1 76 1.000000
0  -3.471436 -15.648924 -4.324367  0.499979 -0.010126 0.865979  0.951998 0.234332 1 76 1.000000
gun_tex
0  -3.471436 -15.580097 -4.589982  -0.499980 0.000000 0.866037  0.952104 0.234285 1 76 1.000000
0  -3.407135 -15.580097 -4.552858  -0.499980 0.000000 0.866037  0.952104 0.234299 1 76 1.000000
0  -3.407135 -15.530729 -4.552858  -0.499980 0.000000 0.866037  0.952104 0.234299 1 76 1.000000
gun_tex
0  -3.637668 -15.569780 -4.611707  -0.214202 -0.903569 -0.371055  0.952051 0.234332 1 76 1.000000
0  -3.471436 -15.569781 -4.707681  -0.214202 -0.903569 -0.371055  0.952078 0.234332 1 76 1.000000
0  -3.471436 -15.579412 -4.684225  -0.214202 -0.903569 -0.371055  0.952078 0.234332 1 76 1.000000
gun_tex
0  -3.407135 -15.530729 -4.552858  -1.000000 0.000000 0.000000  0.952104 0.234299 1 76 1.000000
0  -3.407135 -15.580097 -4.552858  -1.000000 0.000000 0.000000  0.952104 0.234299 1 76 1.000000
0  -3.407135 -15.580097 -4.478610  -1.000000 0.000000 0.000000  0.952091 0.234307 1 76 1.000000
gun_tex
0  -3.311888 -16.259130 -4.607849  0.000000 -1.000000 0.000000  0.952045 0.234311 1 76 1.000000
0  -3.311888 -16.259130 -4.423618  0.000000 -1.000000 0.000000  0.952012 0.234330 1 76 1.000000
0  -3.471436 -16.259130 -4.331503  0.000000 -1.000000 0.000000  0.951979 0.234311 1 76 1.000000
gun_tex
0  -3.471436 -16.259130 -4.331503  0.000000 -1.000000 0.000000  0.951979 0.234311 1 76 1.000000
0  -3.630984 -16.259130 -4.423618  0.000000 -1.000000 0.000000  0.951979 0.234273 1 76 1.000000
0  -3.311888 -16.259130 -4.607849  0.000000 -1.000000 0.000000  0.952045 0.234311 1 76 1.000000
gun_tex
0  -3.630984 -16.259130 -4.423618  0.000000 -1.000000 0.000000  0.951979 0.234273 1 76 1.000000
0  -3.630984 -16.259130 -4.607848  0.000000 -1.000000 0.000000  0.952012 0.234254 1 76 1.000000
0  -3.311888 -16.259130 -4.607849  0.000000 -1.000000 0.000000  0.952045 0.234311 1 76 1.000000
gun_tex
0  -3.305708 -15.648924 -4.611417  0.428617 0.514995 -0.742339  0.952104 0.234332 1 76 1.000000
0  -3.471436 -15.648924 -4.707100  0.428617 0.514995 -0.742339  0.952078 0.234332 1 76 1.000000
0  -3.471436 -15.615948 -4.684225  0.428617 0.514995 -0.742339  0.952078 0.234332 1 76 1.000000
gun_tex
0  -3.471436 -15.530729 -4.323785  0.000000 1.000000 0.000000  0.952058 0.234311 1 76 1.000000
0  -3.407135 -15.530729 -4.478609  0.000000 1.000000 0.000000  0.952091 0.234307 1 76 1.000000
0  -3.471436 -15.530729 -4.441484  0.000000 1.000000 0.000000  0.952078 0.234299 1 76 1.000000
gun_tex
0  -3.471436 -15.530729 -4.323785  0.000000 1.000000 0.000000  0.952058 0.234311 1 76 1.000000
0  -3.471436 -15.530729 -4.441484  0.000000 1.000000 0.000000  0.952078 0.234299 1 76 1.000000
0  -3.535738 -15.530729 -4.478609  0.000000 1.000000 0.000000  0.952078 0.234285 1 76 1.000000
gun_tex
0  -3.637668 -15.530729 -4.611707  0.000000 1.000000 0.000000  0.952091 0.234254 1 76 1.000000
0  -3.637668 -15.530729 -4.419760  0.000000 1.000000 0.000000  0.952058 0.234273 1 76 1.000000
0  -3.535738 -15.530729 -4.478609  0.000000 1.000000 0.000000  0.952078 0.234285 1 76 1.000000
gun_tex
0  -3.637668 -15.530729 -4.419760  0.000000 1.000000 -0.000006  0.952058 0.234273 1 76 1.000000
0  -3.471436 -15.530729 -4.323785  0.000000 1.000000 -0.000006  0.952058 0.234311 1 76 1.000000
0  -3.535738 -15.530729 -4.478609  0.000000 1.000000 -0.000006  0.952078 0.234285 1 76 1.000000
gun_tex
0  -3.471436 -15.530729 -4.589982  0.000000 1.000000 0.000000  0.952104 0.234285 1 76 1.000000
0  -3.471436 -15.530729 -4.707681  0.000000 1.000000 0.000000  0.952124 0.234273 1 76 1.000000
0  -3.535738 -15.530729 -4.552858  0.000000 1.000000 0.000000  0.952091 0.234277 1 76 1.000000
gun_tex
0  -3.471436 -15.530729 -4.707681  0.000000 1.000000 0.000000  0.952124 0.234273 1 76 1.000000
0  -3.637668 -15.530729 -4.611707  0.000000 1.000000 0.000000  0.952091 0.234254 1 76 1.000000
0  -3.535738 -15.530729 -4.552858  0.000000 1.000000 0.000000  0.952091 0.234277 1 76 1.000000
gun_tex
0  -3.471436 -15.530729 -4.707681  0.499989 0.000000 -0.866032  0.952078 0.234332 1 76 1.000000
0  -3.305204 -15.530729 -4.611708  0.499989 0.000000 -0.866032  0.952104 0.234332 1 76 1.000000
0  -3.305204 -15.569780 -4.611708  0.499989 0.000000 -0.866032  0.952104 0.234332 1 76 1.000000
gun_tex
0  -3.630984 -16.259130 -4.607848  -0.499977 -0.010128 -0.865979  0.952051 0.234411 1 76 1.000000
0  -3.637165 -15.648924 -4.611417  -0.499977 -0.010128 -0.865979  0.952051 0.234332 1 76 1.000000
0  -3.471436 -15.648924 -4.707100  -0.499977 -0.010128 -0.865979  0.952078 0.234332 1 76 1.000000
gun_tex
0  -3.407135 -15.580097 -4.478610  0.000000 1.000000 -0.000314  0.952091 0.234307 1 76 1.000000
0  -3.412727 -15.580097 -4.481838  0.000000 1.000000 -0.000314  0.952091 0.234305 1 76 1.000000
0  -3.471436 -15.580097 -4.447941  0.000000 1.000000 -0.000314  0.952079 0.234299 1 76 1.000000
gun_tex
0  -3.471436 -15.580097 -4.447941  0.000000 1.000000 0.000000  0.952079 0.234299 1 76 1.000000
0  -3.530146 -15.580097 -4.481838  0.000000 1.000000 0.000000  0.952079 0.234285 1 76 1.000000
0  -3.471436 -15.580097 -4.441484  0.000000 1.000000 0.000000  0.952078 0.234299 1 76 1.000000
gun_tex
0  -3.535738 -15.580097 -4.552858  0.500020 0.000000 0.866014  0.952091 0.234277 1 76 1.000000
0  -3.471436 -15.580097 -4.589982  0.500020 0.000000 0.866014  0.952104 0.234285 1 76 1.000000
0  -3.471436 -15.530729 -4.589982  0.500020 0.000000 0.866014  0.952104 0.234285 1 76 1.000000
gun_tex
0  -3.471436 -15.580097 -4.447941  0.500024 0.000000 0.866012  0.828864 0.205051 1 76 1.000000
0  -3.412727 -15.580097 -4.481838  0.500024 0.000000 0.866012  0.828882 0.205061 1 76 1.000000
0  -3.412727 -15.530729 -4.481838  0.500024 0.000000 0.866012  0.828882 0.205061 1 76 1.000000
gun_tex
0  -3.471437 -15.530729 -4.447941  -0.500010 0.000000 0.866019  0.828864 0.205051 1 76 1.000000
0  -3.530146 -15.530729 -4.481838  -0.500010 0.000000 0.866019  0.828864 0.205029 1 76 1.000000
0  -3.530146 -15.580097 -4.481838  -0.500010 0.000000 0.866019  0.828864 0.205029 1 76 1.000000
gun_tex
0  -3.471437 -15.580097 -4.583525  0.000000 -1.000000 0.000000  0.828900 0.205029 1 76 1.000000
0  -3.412727 -15.580097 -4.549630  0.000000 -1.000000 0.000000  0.828900 0.205051 1 76 1.000000
0  -3.412727 -15.580097 -4.481838  0.000000 -1.000000 0.000000  0.828882 0.205061 1 76 1.000000
gun_tex
0  -3.412727 -15.580097 -4.481838  0.000000 -1.000000 -0.000030  0.828882 0.205061 1 76 1.000000
0  -3.471436 -15.580097 -4.447941  0.000000 -1.000000 -0.000030  0.828864 0.205051 1 76 1.000000
0  -3.530146 -15.580097 -4.481838  0.000000 -1.000000 -0.000030  0.828864 0.205029 1 76 1.000000
gun_tex
0  -3.530146 -15.580097 -4.481838  0.000000 -1.000000 0.000000  0.828864 0.205029 1 76 1.000000
0  -3.530145 -15.580097 -4.549630  0.000000 -1.000000 0.000000  0.828882 0.205019 1 76 1.000000
0  -3.412727 -15.580097 -4.481838  0.000000 -1.000000 0.000000  0.828882 0.205061 1 76 1.000000
gun_tex
0  -3.471437 -15.580097 -4.583525  0.499990 0.000000 -0.866031  0.828900 0.205029 1 76 1.000000
0  -3.471437 -15.530729 -4.583525  0.499990 0.000000 -0.866031  0.828900 0.205029 1 76 1.000000
0  -3.412727 -15.530729 -4.549630  0.499990 0.000000 -0.866031  0.828900 0.205051 1 76 1.000000
gun_tex
0  -3.530146 -15.530729 -4.481838  -1.000000 -0.000009 0.000000  0.828864 0.205029 1 76 1.000000
0  -3.530146 -15.530729 -4.549630  -1.000000 -0.000009 0.000000  0.828882 0.205019 1 76 1.000000
0  -3.530145 -15.580097 -4.549630  -1.000000 -0.000009 0.000000  0.828882 0.205019 1 76 1.000000
gun_tex
0  -3.530145 -15.580097 -4.549630  -0.500019 0.000000 -0.866014  0.828882 0.205019 1 76 1.000000
0  -3.530146 -15.530729 -4.549630  -0.500019 0.000000 -0.866014  0.828882 0.205019 1 76 1.000000
0  -3.471437 -15.530729 -4.583525  -0.500019 0.000000 -0.866014  0.828900 0.205029 1 76 1.000000
gun_tex
0  -3.412727 -15.580097 -4.481838  1.000000 0.000000 0.000000  0.828882 0.205061 1 76 1.000000
0  -3.412727 -15.580097 -4.549630  1.000000 0.000000 0.000000  0.828900 0.205051 1 76 1.000000
0  -3.412727 -15.530729 -4.549630  1.000000 0.000000 0.000000  0.828900 0.205051 1 76 1.000000
gun_tex
0  -3.412727 -15.530729 -4.549630  0.000000 1.000000 0.000000  0.828900 0.205051 1 76 1.000000
0  -3.471437 -15.530729 -4.583525  0.000000 1.000000 0.000000  0.828900 0.205029 1 76 1.000000
0  -3.530146 -15.530729 -4.549630  0.000000 1.000000 0.000000  0.828882 0.205019 1 76 1.000000
gun_tex
0  -3.530146 -15.530729 -4.549630  0.000000 1.000000 0.000000  0.828882 0.205019 1 76 1.000000
0  -3.530146 -15.530729 -4.481838  0.000000 1.000000 0.000000  0.828864 0.205029 1 76 1.000000
0  -3.471437 -15.530729 -4.447941  0.000000 1.000000 0.000000  0.828864 0.205051 1 76 1.000000
gun_tex
0  -3.471437 -15.530729 -4.447941  0.000000 1.000000 0.000000  0.828864 0.205051 1 76 1.000000
0  -3.412727 -15.530729 -4.481838  0.000000 1.000000 0.000000  0.828882 0.205061 1 76 1.000000
0  -3.412727 -15.530729 -4.549630  0.000000 1.000000 0.000000  0.828900 0.205051 1 76 1.000000
end
