version 1
nodes
0 "ValveBiped.Bip01_Spine4" -1
1 "ValveBiped.Bip01_L_Clavicle" 0
2 "ValveBiped.Bip01_L_UpperArm" 1
3 "ValveBiped.Bip01_L_Forearm" 2
4 "ValveBiped.Bip01_L_Hand" 3
5 "ValveBiped.Bip01_L_Finger4" 4
6 "ValveBiped.Bip01_L_Finger41" 5
7 "ValveBiped.Bip01_L_Finger42" 6
8 "ValveBiped.Bip01_L_Finger3" 4
9 "ValveBiped.Bip01_L_Finger31" 8
10 "ValveBiped.Bip01_L_Finger32" 9
11 "ValveBiped.Bip01_L_Finger2" 4
12 "ValveBiped.Bip01_L_Finger21" 11
13 "ValveBiped.Bip01_L_Finger22" 12
14 "ValveBiped.Bip01_L_Finger1" 4
15 "ValveBiped.Bip01_L_Finger11" 14
16 "ValveBiped.Bip01_L_Finger12" 15
17 "ValveBiped.Bip01_L_Finger0" 4
18 "ValveBiped.Bip01_L_Finger01" 17
19 "ValveBiped.Bip01_L_Finger02" 18
20 "ValveBiped.Bip01_L_Ulna" 3
21 "ValveBiped.Bip01_L_Wrist" 3
22 "rig_l_upperarm" 1
23 "rig_l_forearm" 22
24 "rig_d_l_forearm" 23
25 "rig_d_l_upperarm" 22
26 "ValveBiped.Bip01_R_Clavicle" 0
27 "ValveBiped.Bip01_R_UpperArm" 26
28 "ValveBiped.Bip01_R_Forearm" 27
29 "ValveBiped.Bip01_R_Hand" 28
30 "ValveBiped.Bip01_R_Finger4" 29
31 "ValveBiped.Bip01_R_Finger41" 30
32 "ValveBiped.Bip01_R_Finger42" 31
33 "ValveBiped.Bip01_R_Finger3" 29
34 "ValveBiped.Bip01_R_Finger31" 33
35 "ValveBiped.Bip01_R_Finger32" 34
36 "ValveBiped.Bip01_R_Finger2" 29
37 "ValveBiped.Bip01_R_Finger21" 36
38 "ValveBiped.Bip01_R_Finger22" 37
39 "ValveBiped.Bip01_R_Finger1" 29
40 "ValveBiped.Bip01_R_Finger11" 39
41 "ValveBiped.Bip01_R_Finger12" 40
42 "ValveBiped.Bip01_R_Finger0" 29
43 "ValveBiped.Bip01_R_Finger01" 42
44 "ValveBiped.Bip01_R_Finger02" 43
45 "ValveBiped.Bip01_R_Ulna" 28
46 "ValveBiped.Bip01_R_Wrist" 28
47 "rig_r_upperarm" 26
48 "rig_r_forearm" 47
49 "rig_d_r_forearm" 48
50 "rig_d_r_upperarm" 47
51 "rig_r_hand" -1
52 "rig_d_r_hand" 51
53 "rig_d_r_wrist" 52
54 "rig_l_hand" -1
55 "rig_d_l_hand" 54
56 "rig_d_l_wrist" 54
57 "rig_l_pole" -1
58 "rig_r_pole" -1
59 "rig_l_clavicle" -1
60 "rig_d_l_clavicle" 59
61 "rig_r_clavicle" -1
62 "rig_d_r_clavicle" 61
63 "Camera" -1
64 "body" -1
65 "trigger" 64
66 "bolt" 64
67 "chandle" 64
68 "barrel" 64
69 "magrel" 64
70 "boltrelease" 64
71 "bullet1" 64
72 "mag" -1
73 "bullet2" 72
74 "bullet3" 72
end
skeleton
time 0
0  0.031807 0.000000 -0.000718  -1.570800 -1.391899 -1.570792
1  2.033349 1.000767 1.937657  -1.544956 -1.855077 -0.198630
2  6.027517 -0.000328 0.000208  -1.503409 0.263454 -0.630758
3  11.692111 0.000488 -0.000740  -0.000017 -0.000001 -0.007152
4  13.674078 0.006256 -0.000870  1.496303 -0.167373 -0.212951
5  3.859505 -0.142878 -1.192065  -0.468166 0.151540 -0.880272
6  1.312588 0.000013 0.000004  -0.000028 0.000045 -0.439735
7  0.729359 0.000054 0.000049  0.000017 0.000021 -0.244319
8  3.942144 0.046274 -0.431528  -0.151814 0.073211 -0.811098
9  1.539106 0.000084 -0.000000  -0.000007 0.000020 -0.247842
10  1.196334 0.000146 0.000024  0.000010 0.000019 -0.430771
11  3.883507 -0.047268 0.431365  0.085896 0.021852 -0.587925
12  1.719572 -0.000027 0.000010  0.000014 0.005518 -0.366532
13  1.209177 0.000092 0.000008  0.000003 0.003092 -0.216438
14  3.859669 -0.138474 1.332393  0.354468 -0.042722 -0.531803
15  1.719447 -0.000013 0.000022  0.000028 0.004067 -0.363021
16  1.099673 0.000047 0.000002  0.000002 0.002578 -0.244381
17  0.806002 -0.349051 1.321250  -1.222690 -0.679189 -0.788883
18  1.789819 -0.000005 -0.000016  0.000011 -0.000024 0.228522
19  1.207013 -0.000013 -0.000042  0.000002 -0.000008 0.362857
20  5.740639 0.000364 -0.000698  -0.078205 0.000003 0.000060
21  11.919827 0.001386 -0.000826  -0.011732 -0.011063 -0.054615
22  6.027523 -0.000330 0.000206  -2.782397 -0.736302 0.692968
23  -0.000000 11.692099 -0.000008  -0.005483 -0.000058 -0.004635
24  0.000002 0.000006 0.000000  0.868996 -0.000031 1.570738
25  -0.000002 -0.000007 -0.000002  0.868967 -0.000008 1.570721
26  2.033355 1.000772 -1.937610  1.473120 1.855074 -0.198639
27  6.027510 -0.000263 -0.000230  1.581780 -0.016634 -0.630797
28  11.691992 0.000245 0.000862  -0.000057 -0.000001 -0.007079
29  12.864540 0.003943 0.000914  -1.506947 0.151216 -0.011958
30  3.859440 -0.132764 1.193064  0.466290 -0.158049 -0.878824
31  1.312560 0.000024 -0.000002  0.000012 -0.000043 -0.439709
32  0.729345 0.000065 -0.000029  -0.000023 -0.000020 -0.244285
33  3.942049 0.050135 0.430999  0.150091 -0.079183 -0.810191
34  1.539099 0.000006 -0.000005  0.000008 -0.000008 -0.247823
35  1.196301 0.000080 -0.000008  -0.000008 -0.000009 -0.430782
36  3.883415 -0.050478 -0.431085  -0.085915 -0.026398 -0.587662
37  1.719565 -0.000081 -0.000015  -0.000008 -0.007961 -0.366484
38  1.209197 0.000035 0.000005  0.000001 -0.004462 -0.216413
39  3.859589 -0.149088 -1.331322  -0.354446 0.038570 -0.531955
40  1.719411 -0.000095 -0.000048  -0.000032 -0.006584 -0.363029
41  1.099674 0.000024 -0.000001  0.000003 -0.004188 -0.244346
42  0.805985 -0.359851 -1.318338  1.221449 0.673634 -0.793551
43  1.789780 -0.000005 -0.000031  -0.000030 0.000031 0.228551
44  1.206996 -0.000004 0.000016  -0.000019 0.000020 0.362912
45  5.740576 0.000119 0.000727  0.030592 -0.000013 0.000032
46  11.757856 0.000926 0.000936  0.011311 0.009115 -0.014053
47  6.027517 -0.000277 -0.000229  0.021609 -0.690751 -2.215433
48  -0.000001 11.691979 -0.000007  -0.005412 0.000036 0.004574
49  0.000003 -0.000004 -0.000000  2.272566 -0.000036 1.570861
50  -0.000006 -0.000014 0.000004  2.272646 -0.000031 1.570865
51  -22.690334 -0.030446 -19.264816  -1.605366 2.379717 -0.041994
52  0.000000 0.000002 -0.000000  0.008153 -0.000259 0.000009
53  -0.000000 -0.000002 0.000000  1.565115 0.043565 -0.106862
54  22.745255 5.127930 -19.268728  1.605712 0.761853 0.042358
55  -0.000000 0.000000 -0.000000  0.000000 -0.000000 -0.000002
56  0.000030 0.000030 0.000001  -1.571901 -0.044449 -0.106509
57  15.296824 8.339654 -8.788257  1.570796 -0.000000 0.000000
58  -15.233200 8.339654 -8.788257  1.570796 -0.000000 0.000000
59  1.973778 -1.346989 1.820868  1.570796 -0.000000 0.000000
60  -0.004311 0.001230 -0.000371  0.006898 -0.005534 -0.284228
61  -1.905803 -1.346625 1.822105  1.570796 -0.000000 0.000000
62  0.000000 0.000000 0.000000  -0.078728 -3.136056 0.284225
63  0.031801 0.000000 -0.000718  1.570796 -0.000000 0.000000
64  -3.636408 -10.985988 -4.561918  1.570796 -0.000000 0.000000
65  0.084987 -1.430222 1.369412  0.000000 -0.000000 0.000000
66  -0.078505 -0.217140 -0.284105  0.000000 -0.000000 0.000000
67  0.084987 0.706513 -3.480916  0.000000 -0.000000 0.000000
68  0.084988 -0.512603 7.072137  0.000000 -0.000000 0.000000
69  -0.109108 -2.470345 0.230350  0.000000 -0.000000 0.000000
70  0.664583 -0.478699 -0.445294  0.000000 -0.000000 0.000000
71  0.204886 -0.846612 -0.665133  0.000000 -0.000000 0.000000
72  -3.551425 -10.534108 -8.662916  1.570796 -0.000000 0.000000
73  -0.166807 3.093657 -0.213254  0.000000 -0.000000 0.000000
74  0.105926 2.911775 -0.304606  0.000000 -0.000000 0.000000
end
triangles
gun_tex
0  -3.655834 2.571205 -6.428196  -0.031209 -0.992086 -0.121619  0.077125 0.611336 1 64 1.000000
0  -3.807246 2.576139 -6.429585  -0.031209 -0.992086 -0.121619  0.077127 0.611336 1 64 1.000000
0  -3.807246 2.601344 -6.635189  -0.031209 -0.992086 -0.121619  0.077127 0.611338 1 64 1.000000
gun_tex
0  -3.655834 2.474496 -6.196255  0.000008 -0.922984 -0.384838  0.077125 0.611334 1 64 1.000000
0  -3.807246 2.475458 -6.198565  0.000001 -0.923096 -0.384569  0.077127 0.611334 1 64 1.000000
0  -3.807246 2.476006 -6.199880  0.000004 -0.923037 -0.384710  0.077127 0.611334 1 64 1.000000
gun_tex
0  -3.655834 2.099578 -6.005871  -0.000002 -0.452769 -0.891628  0.077075 0.611409 1 64 1.000000
0  -3.807246 2.099578 -6.005871  0.000000 -0.452764 -0.891631  0.077077 0.611409 1 64 1.000000
0  -3.807245 2.161558 -6.037344  -0.000001 -0.452769 -0.891628  0.077077 0.611410 1 64 1.000000
gun_tex
0  -3.655834 1.496853 -5.967986  0.000000 -0.062733 -0.998030  0.077075 0.611406 1 64 1.000000
0  -3.807246 2.099578 -6.005871  0.000000 -0.062733 -0.998030  0.077077 0.611409 1 64 1.000000
0  -3.655834 2.099578 -6.005871  0.000000 -0.062732 -0.998030  0.077075 0.611409 1 64 1.000000
gun_tex
0  -3.551421 -6.742584 -5.200639  0.000000 -1.000000 0.000000  0.077101 0.611400 1 64 1.000000
0  -3.807244 -6.742584 -5.394550  0.000000 -1.000000 0.000000  0.077099 0.611403 1 64 1.000000
0  -3.551421 -6.742584 -5.394550  0.000000 -1.000000 0.000000  0.077099 0.611400 1 64 1.000000
gun_tex
0  -3.807244 -6.217021 -5.200638  -1.000000 -0.000000 0.000000  0.077229 0.611269 1 64 1.000000
0  -3.807245 -2.188771 -5.394544  -1.000000 -0.000000 -0.000000  0.077227 0.611293 1 64 1.000000
0  -3.807244 -6.217023 -5.394550  -1.000000 -0.000000 0.000000  0.077227 0.611269 1 64 1.000000
gun_tex
0  -4.064806 -6.742584 -5.782373  -0.509832 -0.860274 0.000000  0.077096 0.611406 1 64 1.000000
0  -4.229611 -6.644914 -5.828512  -0.509838 -0.860270 0.000000  0.077096 0.611408 1 64 1.000000
0  -4.064806 -6.742584 -5.828512  -0.509830 -0.860275 0.000000  0.077096 0.611406 1 64 1.000000
gun_tex
0  -3.551422 0.086662 -5.200631  -0.000000 -0.000001 1.000000  0.077179 0.611309 1 64 1.000000
0  -3.598824 -1.081361 -5.200632  -0.000006 -0.000001 1.000000  0.077178 0.611302 1 64 1.000000
0  -3.551422 -1.114450 -5.200632  0.000027 -0.000001 1.000000  0.077179 0.611302 1 64 1.000000
gun_tex
0  -3.807245 0.086662 -5.200631  -1.000000 -0.000000 0.000000  0.077138 0.611368 1 64 1.000000
0  -3.807245 0.504891 -5.327629  -1.000000 -0.000000 0.000001  0.077137 0.611370 1 64 1.000000
0  -3.807245 0.086662 -5.394542  -1.000000 -0.000000 0.000001  0.077137 0.611368 1 64 1.000000
gun_tex
0  -3.551422 1.166891 -5.098299  0.000000 -0.000001 1.000000  0.077179 0.611315 1 64 1.000000
0  -3.807245 2.752493 -5.098296  0.000000 -0.000002 1.000000  0.077176 0.611325 1 64 1.000000
0  -3.807245 1.166891 -5.098299  0.000000 -0.000001 1.000000  0.077176 0.611315 1 64 1.000000
gun_tex
0  -3.551422 0.086662 -5.200631  0.000000 -0.237667 0.971347  0.077179 0.611309 1 64 1.000000
0  -3.807245 0.504889 -5.098300  0.000000 -0.237667 0.971347  0.077176 0.611311 1 64 1.000000
0  -3.807245 0.086662 -5.200631  0.000000 -0.237667 0.971347  0.077176 0.611309 1 64 1.000000
gun_tex
0  -3.807245 0.086664 -5.782366  -0.000000 -0.004690 -0.999989  0.077093 0.611323 1 64 1.000000
0  -3.551422 0.504892 -5.786289  0.000000 -0.008003 -0.999968  0.077090 0.611325 1 64 1.000000
0  -3.551422 0.086664 -5.782366  0.000000 -0.004690 -0.999989  0.077090 0.611323 1 64 1.000000
gun_tex
0  -3.807245 2.924051 -5.360428  0.000000 0.836731 0.547615  0.077152 0.611395 1 64 1.000000
0  -3.551422 2.752493 -5.098296  0.000000 0.836731 0.547614  0.077150 0.611392 1 64 1.000000
0  -3.551422 2.924051 -5.360428  0.000000 0.836731 0.547615  0.077152 0.611392 1 64 1.000000
gun_tex
0  -3.807246 2.924049 -6.078844  0.000000 1.000000 -0.000013  0.077158 0.611395 1 64 1.000000
0  -4.029663 2.924051 -6.009795  0.000002 1.000000 -0.000023  0.077158 0.611398 1 64 1.000000
0  -3.807246 2.924051 -5.898502  0.000000 1.000000 -0.000005  0.077157 0.611395 1 64 1.000000
gun_tex
0  -3.807245 1.166890 -5.327629  -1.000000 -0.000000 0.000001  0.077137 0.611374 1 64 1.000000
0  -3.807245 2.752493 -5.098296  -1.000000 -0.000000 0.000000  0.077139 0.611384 1 64 1.000000
0  -3.807245 2.924051 -5.360428  -1.000000 -0.000000 0.000000  0.077137 0.611385 1 64 1.000000
gun_tex
0  -3.807245 0.504889 -5.098300  -1.000000 -0.000000 0.000000  0.077139 0.611370 1 64 1.000000
0  -3.807245 1.166890 -5.327629  -1.000000 -0.000000 0.000001  0.077137 0.611374 1 64 1.000000
0  -3.807245 0.504891 -5.327629  -1.000000 -0.000000 0.000001  0.077137 0.611370 1 64 1.000000
gun_tex
0  -3.807245 0.504892 -5.786289  0.000000 -0.001327 -0.999999  0.077093 0.611325 1 64 1.000000
0  -3.551422 1.166891 -5.786288  0.000000 0.000001 -1.000000  0.077090 0.611329 1 64 1.000000
0  -3.551422 0.504892 -5.786289  0.000000 -0.008003 -0.999968  0.077090 0.611325 1 64 1.000000
gun_tex
0  -3.551422 0.504889 -5.098300  0.000000 -0.000001 1.000000  0.077179 0.611311 1 64 1.000000
0  -3.807245 1.166891 -5.098299  0.000000 -0.000001 1.000000  0.077176 0.611315 1 64 1.000000
0  -3.807245 0.504889 -5.098300  0.000000 -0.000001 1.000000  0.077176 0.611311 1 64 1.000000
gun_tex
0  -3.551423 1.972467 -6.985386  -0.000000 -0.959544 -0.281557  0.077237 0.611339 1 64 1.000000
0  -3.655835 2.742002 -9.607943  -0.000020 -0.959544 -0.281558  0.077238 0.611361 1 64 1.000000
0  -3.551424 2.742000 -9.607943  -0.000000 -0.959544 -0.281558  0.077237 0.611361 1 64 1.000000
gun_tex
0  -3.551422 2.924051 -6.009795  0.000000 1.000000 -0.000014  0.077158 0.611392 1 64 1.000000
0  -3.807246 2.924049 -6.078844  0.000000 1.000000 -0.000013  0.077158 0.611395 1 64 1.000000
0  -3.807246 2.924051 -5.898502  0.000000 1.000000 -0.000005  0.077157 0.611395 1 64 1.000000
gun_tex
0  -3.655834 1.727529 -6.183777  -0.000002 -0.683170 -0.730259  0.077101 0.611415 1 64 1.000000
0  -3.655834 1.740930 -6.196315  0.000000 -0.683188 -0.730242  0.077101 0.611415 1 64 1.000000
0  -3.551422 1.740930 -6.196315  -0.000000 -0.683160 -0.730269  0.077101 0.611416 1 64 1.000000
gun_tex
0  -3.807245 1.166891 -5.786288  0.000000 -0.474099 -0.880472  0.077093 0.611329 1 64 1.000000
0  -3.551422 1.486712 -5.958499  0.000000 -0.474099 -0.880471  0.077090 0.611331 1 64 1.000000
0  -3.551422 1.166891 -5.786288  0.000000 -0.474099 -0.880472  0.077090 0.611329 1 64 1.000000
gun_tex
0  -3.655835 2.903858 -9.587667  0.000004 0.124258 -0.992250  0.077137 0.611392 1 64 1.000000
0  -3.807247 3.219877 -9.548079  0.000000 0.124300 -0.992245  0.077135 0.611393 1 64 1.000000
0  -3.551424 3.219877 -9.548079  0.000000 0.124299 -0.992245  0.077135 0.611390 1 64 1.000000
gun_tex
0  -3.807245 1.166891 -5.786288  -1.000000 -0.000000 -0.000000  0.077133 0.611374 1 64 1.000000
0  -3.807245 2.067177 -5.928693  -1.000000 0.000000 0.000001  0.077132 0.611380 1 64 1.000000
0  -3.807245 1.486712 -5.958499  -1.000000 0.000001 0.000000  0.077132 0.611376 1 64 1.000000
gun_tex
0  -4.029663 2.952908 -6.716825  -1.000000 0.000001 0.000000  0.077238 0.611254 1 64 1.000000
0  -4.029663 2.785610 -6.705246  -1.000000 0.000001 0.000000  0.077237 0.611254 1 64 1.000000
0  -4.029663 2.907387 -6.555128  -1.000000 -0.000003 0.000000  0.077238 0.611253 1 64 1.000000
gun_tex
0  -3.551423 2.992475 -6.975952  0.000000 0.996114 0.088069  0.077250 0.611385 1 64 1.000000
0  -3.807246 2.996663 -7.023336  0.000000 0.996117 0.088044  0.077251 0.611388 1 64 1.000000
0  -3.807246 2.992475 -6.975952  0.000000 0.996114 0.088070  0.077250 0.611388 1 64 1.000000
gun_tex
0  -3.655834 2.055312 -6.745214  -0.000007 -0.945344 0.326076  0.077238 0.611337 1 64 1.000000
0  -3.655834 1.972467 -6.985386  0.000000 -0.945341 0.326084  0.077238 0.611339 1 64 1.000000
0  -3.551423 1.972467 -6.985386  0.000000 -0.945341 0.326083  0.077237 0.611339 1 64 1.000000
gun_tex
0  -3.655834 1.845441 -6.262544  0.000004 -0.535272 -0.844680  0.077241 0.611422 1 64 1.000000
0  -3.655834 2.039525 -6.385533  0.000000 -0.535268 -0.844682  0.077240 0.611422 1 64 1.000000
0  -3.551423 2.039525 -6.385533  -0.000000 -0.535269 -0.844682  0.077240 0.611421 1 64 1.000000
gun_tex
0  -3.655834 2.055925 -6.482498  0.000007 -0.985996 -0.166769  0.077238 0.611335 1 64 1.000000
0  -3.655834 2.085539 -6.657578  0.000000 -0.985994 -0.166778  0.077238 0.611336 1 64 1.000000
0  -3.551423 2.085539 -6.657578  -0.000000 -0.985995 -0.166776  0.077237 0.611336 1 64 1.000000
gun_tex
0  -3.807246 2.996663 -7.023336  0.000000 0.996117 0.088044  0.077251 0.611388 1 64 1.000000
0  -4.029663 2.992475 -6.975952  0.000000 0.996114 0.088069  0.077250 0.611390 1 64 1.000000
0  -3.807246 2.992475 -6.975952  0.000000 0.996114 0.088070  0.077250 0.611388 1 64 1.000000
gun_tex
0  -4.029663 2.880075 -6.241621  -1.000000 0.000002 0.000001  0.077238 0.611250 1 64 1.000000
0  -4.029663 2.888009 -6.419313  -1.000000 0.000005 0.000002  0.077238 0.611251 1 64 1.000000
0  -4.029663 2.753604 -6.444155  -1.000000 0.000001 0.000001  0.077237 0.611252 1 64 1.000000
gun_tex
0  -3.655835 2.742002 -9.607943  0.000000 0.124307 -0.992244  0.077138 0.611392 1 64 1.000000
0  -3.551424 2.894401 -9.588850  0.000000 0.124298 -0.992245  0.077137 0.611390 1 64 1.000000
0  -3.551424 2.742000 -9.607943  0.000000 0.124306 -0.992244  0.077138 0.611390 1 64 1.000000
gun_tex
0  -3.807245 2.067177 -5.928693  -1.000000 0.000000 0.000001  0.077132 0.611380 1 64 1.000000
0  -3.807245 2.161558 -6.037344  -1.000000 -0.000003 0.000002  0.077131 0.611380 1 64 1.000000
0  -3.807246 2.099578 -6.005871  -1.000000 0.000013 0.000010  0.077132 0.611380 1 64 1.000000
gun_tex
0  -3.551422 1.486712 -5.958499  0.000000 -0.683150 -0.730278  0.077099 0.611416 1 64 1.000000
0  -3.655834 1.496853 -5.967986  -0.000002 -0.683126 -0.730300  0.077099 0.611415 1 64 1.000000
0  -3.551422 1.586924 -6.052246  -0.000000 -0.683154 -0.730274  0.077100 0.611416 1 64 1.000000
gun_tex
0  -3.551422 2.924051 -5.884692  0.000000 1.000000 -0.000004  0.077157 0.611392 1 64 1.000000
0  -3.807246 2.924051 -5.898502  0.000000 1.000000 -0.000005  0.077157 0.611395 1 64 1.000000
0  -3.807246 2.924051 -5.884692  0.000000 1.000000 -0.000004  0.077157 0.611395 1 64 1.000000
gun_tex
0  -3.807246 2.924051 -5.884692  -1.000000 -0.000005 0.000001  0.077133 0.611385 1 64 1.000000
0  -3.807245 2.228907 -6.035597  -1.000000 -0.000001 0.000001  0.077131 0.611380 1 64 1.000000
0  -3.807245 2.067177 -5.928693  -1.000000 0.000000 0.000001  0.077132 0.611380 1 64 1.000000
gun_tex
0  -4.029663 2.806451 -6.978841  -1.000000 -0.000002 0.000000  0.077237 0.611256 1 64 1.000000
0  -4.029663 2.785610 -6.705246  -1.000000 0.000001 0.000000  0.077237 0.611254 1 64 1.000000
0  -4.029663 2.934698 -6.868636  -1.000000 -0.000001 0.000000  0.077238 0.611255 1 64 1.000000
gun_tex
0  -4.029664 3.051889 -8.300357  -1.000000 0.000003 0.000000  0.077238 0.611267 1 64 1.000000
0  -4.029664 3.071267 -8.436172  -1.000000 0.000001 0.000000  0.077238 0.611268 1 64 1.000000
0  -4.029664 3.079205 -8.613864  -1.000000 0.000004 0.000000  0.077238 0.611269 1 64 1.000000
gun_tex
0  -4.029663 2.597713 -6.021885  -0.447237 -0.033114 0.893802  0.077092 0.611421 1 64 1.000000
0  -3.807246 2.924051 -5.898502  -0.447237 -0.033114 0.893802  0.077094 0.611418 1 64 1.000000
0  -4.029663 2.924051 -6.009795  -0.447237 -0.033114 0.893802  0.077094 0.611421 1 64 1.000000
gun_tex
0  -3.808753 2.608870 -6.686878  -0.616990 -0.781120 -0.095787  0.077127 0.611338 1 64 1.000000
0  -3.807246 2.601344 -6.635189  -0.616981 -0.781130 -0.095760  0.077127 0.611338 1 64 1.000000
0  -4.029663 2.785610 -6.705246  -0.616984 -0.781128 -0.095758  0.077130 0.611338 1 64 1.000000
gun_tex
0  -4.029663 2.649022 -6.200720  -0.577424 -0.750150 -0.322268  0.077130 0.611334 1 64 1.000000
0  -3.807246 2.576139 -6.429585  -0.577424 -0.750150 -0.322268  0.077127 0.611336 1 64 1.000000
0  -3.807246 2.477460 -6.199888  -0.577420 -0.750153 -0.322267  0.077127 0.611334 1 64 1.000000
gun_tex
0  -4.029663 2.806451 -6.978841  -0.619965 -0.782363 -0.059587  0.077130 0.611341 1 64 1.000000
0  -3.808589 2.609499 -6.693054  -0.619965 -0.782363 -0.059587  0.077127 0.611338 1 64 1.000000
0  -4.029663 2.785610 -6.705246  -0.619960 -0.782367 -0.059595  0.077130 0.611338 1 64 1.000000
gun_tex
0  -4.029664 3.055188 -9.435450  -0.619273 -0.781182 -0.079097  0.077130 0.611361 1 64 1.000000
0  -3.817881 2.638825 -6.981445  -0.619275 -0.781180 -0.079096  0.077127 0.611341 1 64 1.000000
0  -4.029663 2.806451 -6.978841  -0.619276 -0.781180 -0.079096  0.077130 0.611341 1 64 1.000000
gun_tex
0  -4.029663 2.597713 -6.021885  -1.000000 -0.000000 0.000000  0.077236 0.611248 1 64 1.000000
0  -4.029663 2.860697 -6.105806  -1.000000 -0.000000 0.000000  0.077238 0.611249 1 64 1.000000
0  -4.029663 2.649022 -6.200720  -1.000000 -0.000000 0.000001  0.077236 0.611250 1 64 1.000000
gun_tex
0  -3.807247 2.903858 -9.587667  -0.511011 0.106863 -0.852905  0.077137 0.611393 1 64 1.000000
0  -3.819327 2.903135 -9.580521  -0.511007 0.106894 -0.852904  0.077137 0.611393 1 64 1.000000
0  -4.029664 3.055188 -9.435450  -0.509643 0.104205 -0.854052  0.077136 0.611396 1 64 1.000000
gun_tex
0  -3.807245 2.547202 -5.916578  -0.442197 -0.645985 0.622227  0.077126 0.611420 1 64 1.000000
0  -4.029663 2.512823 -6.110693  -0.440064 -0.647314 0.622357  0.077124 0.611423 1 64 1.000000
0  -3.807246 2.351571 -6.116676  -0.446924 -0.639658 0.625378  0.077124 0.611420 1 64 1.000000
gun_tex
0  -3.810554 2.474496 -6.196255  -0.388983 -0.507876 -0.768605  0.077077 0.611412 1 64 1.000000
0  -3.807246 2.463563 -6.190704  -0.388976 -0.507990 -0.768534  0.077077 0.611412 1 64 1.000000
0  -4.029663 2.512823 -6.110693  -0.388972 -0.507996 -0.768532  0.077080 0.611412 1 64 1.000000
gun_tex
0  -3.551423 2.956373 -6.567621  0.000000 0.996116 0.088049  0.077249 0.611289 1 64 1.000000
0  -3.807246 2.968958 -6.709994  0.000000 0.996116 0.088048  0.077251 0.611292 1 64 1.000000
0  -3.807246 2.956373 -6.567621  0.000000 0.996116 0.088048  0.077249 0.611292 1 64 1.000000
gun_tex
0  -3.807246 3.011825 -7.194846  0.000000 0.996115 0.088064  0.077250 0.611235 1 64 1.000000
0  -3.551423 3.024364 -7.336678  0.000000 0.996115 0.088066  0.077251 0.611232 1 64 1.000000
0  -3.807246 3.024364 -7.336678  0.000000 0.996115 0.088063  0.077251 0.611235 1 64 1.000000
gun_tex
0  -3.551423 3.039554 -7.508458  0.000000 0.996115 0.088067  0.077251 0.611278 1 64 1.000000
0  -3.807246 3.052069 -7.650018  -0.000000 0.996115 0.088066  0.077252 0.611281 1 64 1.000000
0  -3.807246 3.039554 -7.508458  -0.000000 0.996115 0.088065  0.077251 0.611281 1 64 1.000000
gun_tex
0  -3.551423 3.067279 -7.822071  0.000000 0.996114 0.088069  0.077251 0.611289 1 64 1.000000
0  -3.807246 3.079770 -7.963361  0.000000 0.996115 0.088067  0.077252 0.611292 1 64 1.000000
0  -3.807246 3.067279 -7.822071  0.000000 0.996114 0.088067  0.077251 0.611292 1 64 1.000000
gun_tex
0  -3.551423 3.095005 -8.135684  0.000000 0.996114 0.088072  0.077251 0.611372 1 64 1.000000
0  -3.807247 3.107473 -8.276703  0.000000 0.996114 0.088071  0.077252 0.611376 1 64 1.000000
0  -3.807246 3.095005 -8.135684  0.000000 0.996114 0.088069  0.077251 0.611376 1 64 1.000000
gun_tex
0  -3.551424 3.122732 -8.449297  0.000000 0.996114 0.088072  0.077251 0.611400 1 64 1.000000
0  -3.807247 3.135176 -8.590044  0.000000 0.996114 0.088071  0.077252 0.611403 1 64 1.000000
0  -3.807247 3.122732 -8.449297  0.000000 0.996114 0.088072  0.077251 0.611403 1 64 1.000000
gun_tex
0  -3.551424 3.150459 -8.762908  0.000000 0.996114 0.088074  0.077251 0.611323 1 64 1.000000
0  -3.807247 3.162880 -8.903386  0.000000 0.996114 0.088074  0.077252 0.611326 1 64 1.000000
0  -3.807247 3.150459 -8.762908  0.000000 0.996114 0.088074  0.077251 0.611326 1 64 1.000000
gun_tex
0  -3.551424 3.178184 -9.076523  -0.000000 0.996113 0.088090  0.077232 0.611414 1 64 1.000000
0  -3.807247 3.190583 -9.216726  -0.000000 0.996113 0.088089  0.077233 0.611417 1 64 1.000000
0  -3.807247 3.178184 -9.076522  -0.000000 0.996113 0.088090  0.077232 0.611417 1 64 1.000000
gun_tex
0  -3.551424 3.205913 -9.390135  0.000000 0.996114 0.088069  0.077249 0.611251 1 64 1.000000
0  -3.807247 3.219877 -9.548079  -0.000001 0.996114 0.088070  0.077250 0.611254 1 64 1.000000
0  -3.807247 3.205913 -9.390135  -0.000001 0.996114 0.088069  0.077249 0.611254 1 64 1.000000
gun_tex
0  -3.551423 2.928646 -6.254009  0.000000 0.996114 0.088074  0.077249 0.611339 1 64 1.000000
0  -3.807246 2.941258 -6.396652  0.000000 0.996114 0.088074  0.077250 0.611342 1 64 1.000000
0  -3.807246 2.928646 -6.254009  0.000000 0.996114 0.088073  0.077249 0.611342 1 64 1.000000
gun_tex
0  -3.807246 2.928646 -6.254009  0.000000 0.996114 0.088073  0.077249 0.611342 1 64 1.000000
0  -4.029663 2.941258 -6.396652  0.000000 0.996114 0.088074  0.077250 0.611344 1 64 1.000000
0  -4.029663 2.928646 -6.254009  0.000000 0.996114 0.088073  0.077249 0.611344 1 64 1.000000
gun_tex
0  -4.029663 2.956373 -6.567621  0.000000 0.996116 0.088049  0.077249 0.611295 1 64 1.000000
0  -3.807246 2.968958 -6.709994  0.000000 0.996116 0.088048  0.077251 0.611292 1 64 1.000000
0  -4.029663 2.968958 -6.709994  0.000000 0.996116 0.088049  0.077251 0.611295 1 64 1.000000
gun_tex
0  -3.807246 3.011825 -7.194846  0.000000 0.996115 0.088064  0.077250 0.611235 1 64 1.000000
0  -4.029663 3.024364 -7.336678  0.000000 0.996115 0.088064  0.077251 0.611237 1 64 1.000000
0  -4.029663 3.011825 -7.194846  0.000000 0.996115 0.088064  0.077250 0.611237 1 64 1.000000
gun_tex
0  -4.029663 3.039554 -7.508459  -0.000000 0.996114 0.088067  0.077251 0.611284 1 64 1.000000
0  -3.807246 3.052069 -7.650018  -0.000000 0.996115 0.088066  0.077252 0.611281 1 64 1.000000
0  -4.029664 3.052069 -7.650018  0.000000 0.996114 0.088068  0.077252 0.611284 1 64 1.000000
gun_tex
0  -3.807246 3.067279 -7.822071  0.000000 0.996114 0.088067  0.077251 0.611292 1 64 1.000000
0  -4.029664 3.079770 -7.963361  0.000000 0.996114 0.088068  0.077252 0.611295 1 64 1.000000
0  -4.029664 3.067279 -7.822071  0.000000 0.996114 0.088069  0.077251 0.611295 1 64 1.000000
gun_tex
0  -3.807246 3.095005 -8.135684  0.000000 0.996114 0.088069  0.077251 0.611376 1 64 1.000000
0  -4.029664 3.107473 -8.276703  0.000000 0.996114 0.088070  0.077252 0.611378 1 64 1.000000
0  -4.029664 3.095005 -8.135684  0.000000 0.996114 0.088069  0.077251 0.611378 1 64 1.000000
gun_tex
0  -3.807247 3.122732 -8.449297  0.000000 0.996114 0.088072  0.077251 0.611403 1 64 1.000000
0  -4.029664 3.135176 -8.590044  0.000000 0.996114 0.088073  0.077252 0.611405 1 64 1.000000
0  -4.029664 3.122732 -8.449297  0.000000 0.996114 0.088075  0.077251 0.611405 1 64 1.000000
gun_tex
0  -3.807247 3.150459 -8.762908  0.000000 0.996114 0.088074  0.077251 0.611326 1 64 1.000000
0  -4.029664 3.162880 -8.903386  0.000000 0.996114 0.088073  0.077252 0.611329 1 64 1.000000
0  -4.029664 3.150459 -8.762908  0.000000 0.996114 0.088073  0.077251 0.611329 1 64 1.000000
gun_tex
0  -4.029664 3.178184 -9.076523  -0.000000 0.996113 0.088089  0.077232 0.611419 1 64 1.000000
0  -3.807247 3.190583 -9.216726  -0.000000 0.996113 0.088089  0.077233 0.611417 1 64 1.000000
0  -4.029664 3.190583 -9.216726  0.000000 0.996113 0.088090  0.077233 0.611419 1 64 1.000000
gun_tex
0  -3.807247 3.205913 -9.390135  -0.000001 0.996114 0.088069  0.077249 0.611254 1 64 1.000000
0  -4.029664 3.208314 -9.417304  -0.000001 0.996116 0.088046  0.077249 0.611256 1 64 1.000000
0  -4.029664 3.205913 -9.390135  0.000000 0.996117 0.088035  0.077249 0.611256 1 64 1.000000
gun_tex
0  -3.807246 2.984098 -6.881234  0.000000 0.996112 0.088096  0.077249 0.611388 1 64 1.000000
0  -4.029663 2.992475 -6.975952  0.000000 0.996114 0.088069  0.077250 0.611390 1 64 1.000000
0  -4.029663 2.984098 -6.881234  0.000000 0.996112 0.088095  0.077249 0.611390 1 64 1.000000
gun_tex
0  -3.551423 2.984098 -6.881234  0.000000 0.996112 0.088094  0.077249 0.611385 1 64 1.000000
0  -3.807246 2.992475 -6.975952  0.000000 0.996114 0.088070  0.077250 0.611388 1 64 1.000000
0  -3.807246 2.984098 -6.881234  0.000000 0.996112 0.088096  0.077249 0.611388 1 64 1.000000
gun_tex
0  -4.029664 3.133831 -9.240878  0.000000 0.989974 0.141251  0.077253 0.611390 1 64 1.000000
0  -3.551424 3.153208 -9.376693  0.000000 0.989974 0.141247  0.077254 0.611385 1 64 1.000000
0  -4.029664 3.153208 -9.376693  0.000000 0.989974 0.141253  0.077254 0.611390 1 64 1.000000
gun_tex
0  -3.807247 3.205913 -9.390135  0.000000 0.000000 1.000000  0.077215 0.611389 1 64 1.000000
0  -4.029664 3.205913 -9.390135  0.000000 0.000000 1.000000  0.077215 0.611391 1 64 1.000000
0  -3.551424 3.205913 -9.390135  0.000000 0.000000 1.000000  0.077215 0.611386 1 64 1.000000
gun_tex
0  -4.029664 3.190583 -9.216726  0.000000 0.000000 1.000000  0.077059 0.611424 1 64 1.000000
0  -3.807247 3.190583 -9.216726  0.000000 0.000000 1.000000  0.077059 0.611427 1 64 1.000000
0  -3.551424 3.190583 -9.216726  0.000000 0.000000 1.000000  0.077059 0.611430 1 64 1.000000
gun_tex
0  -4.029664 3.153208 -9.376693  0.000000 0.247134 0.968981  0.077214 0.611391 1 64 1.000000
0  -3.551424 3.205913 -9.390135  0.000000 0.247137 0.968981  0.077215 0.611386 1 64 1.000000
0  -4.029664 3.205913 -9.390135  0.000000 0.247134 0.968981  0.077215 0.611391 1 64 1.000000
gun_tex
0  -4.029664 3.190583 -9.216726  0.000000 0.391582 -0.920143  0.077248 0.611309 1 64 1.000000
0  -3.551424 3.133831 -9.240878  0.000000 0.391581 -0.920144  0.077248 0.611303 1 64 1.000000
0  -4.029664 3.133831 -9.240878  0.000000 0.391582 -0.920143  0.077248 0.611309 1 64 1.000000
gun_tex
0  -4.029664 3.125897 -9.063187  0.000000 0.247147 0.968978  0.077246 0.611275 1 64 1.000000
0  -3.551424 3.178184 -9.076523  0.000000 0.247142 0.968979  0.077247 0.611269 1 64 1.000000
0  -4.029664 3.178184 -9.076523  0.000000 0.247147 0.968978  0.077247 0.611275 1 64 1.000000
gun_tex
0  -4.029664 3.162880 -8.903386  0.000000 0.391600 -0.920136  0.077233 0.611419 1 64 1.000000
0  -3.551424 3.106521 -8.927372  0.000000 0.391601 -0.920135  0.077233 0.611413 1 64 1.000000
0  -4.029664 3.106521 -8.927372  0.000000 0.391600 -0.920136  0.077233 0.611419 1 64 1.000000
gun_tex
0  -3.807247 3.178184 -9.076522  0.000000 -0.886217 0.463270  0.077059 0.611427 1 64 1.000000
0  -4.029664 3.178184 -9.076523  0.000000 -0.886217 0.463270  0.077059 0.611424 1 64 1.000000
0  -3.551424 3.178184 -9.076523  0.000000 -0.886217 0.463270  0.077059 0.611430 1 64 1.000000
gun_tex
0  -4.029664 3.106521 -8.927372  0.000000 0.989976 0.141235  0.077253 0.611362 1 64 1.000000
0  -3.551424 3.125897 -9.063187  0.000000 0.989976 0.141235  0.077254 0.611356 1 64 1.000000
0  -4.029664 3.125897 -9.063187  0.000000 0.989976 0.141235  0.077254 0.611362 1 64 1.000000
gun_tex
0  -4.029664 3.162880 -8.903386  0.000000 0.000000 -1.000000  0.077059 0.611424 1 64 1.000000
0  -3.807247 3.162880 -8.903386  0.000000 0.000000 -1.000000  0.077059 0.611424 1 64 1.000000
0  -3.551424 3.162880 -8.903386  0.000000 0.000000 -1.000000  0.077059 0.611424 1 64 1.000000
gun_tex
0  -4.029664 3.079205 -8.613864  0.000000 0.989977 0.141232  0.077253 0.611405 1 64 1.000000
0  -3.551424 3.098581 -8.749679  0.000000 0.989976 0.141234  0.077254 0.611400 1 64 1.000000
0  -4.029664 3.098581 -8.749679  0.000000 0.989977 0.141231  0.077254 0.611405 1 64 1.000000
gun_tex
0  -4.029664 3.098581 -8.749679  0.000000 0.247098 0.968991  0.077080 0.611407 1 64 1.000000
0  -3.551424 3.150459 -8.762908  0.000000 0.247101 0.968990  0.077080 0.611413 1 64 1.000000
0  -4.029664 3.150459 -8.762908  0.000000 0.247097 0.968991  0.077080 0.611407 1 64 1.000000
gun_tex
0  -4.029664 3.135176 -8.590044  0.000000 0.000000 1.000000  0.077059 0.611424 1 64 1.000000
0  -3.807247 3.135176 -8.590044  0.000000 0.000000 1.000000  0.077059 0.611424 1 64 1.000000
0  -3.551424 3.135176 -8.590044  0.000000 0.000000 1.000000  0.077059 0.611424 1 64 1.000000
gun_tex
0  -4.029664 3.135176 -8.590044  0.000000 0.391588 -0.920141  0.077167 0.611420 1 64 1.000000
0  -3.551424 3.079205 -8.613864  0.000000 0.391587 -0.920141  0.077167 0.611414 1 64 1.000000
0  -4.029664 3.079205 -8.613864  0.000000 0.391588 -0.920141  0.077167 0.611420 1 64 1.000000
gun_tex
0  -3.807247 3.150459 -8.762908  0.000000 0.000000 -1.000000  0.077080 0.611410 1 64 1.000000
0  -4.029664 3.150459 -8.762908  0.000000 0.000000 -1.000000  0.077080 0.611407 1 64 1.000000
0  -3.551424 3.150459 -8.762908  0.000000 0.000000 -1.000000  0.077080 0.611413 1 64 1.000000
gun_tex
0  -4.029664 3.107473 -8.276703  0.000000 0.000000 1.000000  0.077059 0.611424 1 64 1.000000
0  -3.807247 3.107473 -8.276703  0.000000 0.000000 1.000000  0.077059 0.611424 1 64 1.000000
0  -3.551424 3.107473 -8.276703  0.000000 0.000000 1.000000  0.077059 0.611424 1 64 1.000000
gun_tex
0  -4.029664 3.051889 -8.300357  0.000000 0.989974 0.141247  0.077253 0.611306 1 64 1.000000
0  -3.551424 3.071267 -8.436172  0.000000 0.989974 0.141250  0.077254 0.611301 1 64 1.000000
0  -4.029664 3.071267 -8.436172  0.000000 0.989975 0.141246  0.077254 0.611306 1 64 1.000000
gun_tex
0  -3.807247 3.122732 -8.449297  0.000000 0.000000 -1.000000  0.077059 0.611424 1 64 1.000000
0  -4.029664 3.122732 -8.449297  0.000000 0.000000 -1.000000  0.077059 0.611424 1 64 1.000000
0  -3.551424 3.122732 -8.449297  0.000000 0.000000 -1.000000  0.077059 0.611424 1 64 1.000000
gun_tex
0  -4.029664 3.051889 -8.300357  0.000000 0.391572 -0.920148  0.077069 0.611422 1 64 1.000000
0  -3.551424 3.107473 -8.276703  0.000000 0.391571 -0.920148  0.077069 0.611417 1 64 1.000000
0  -3.551424 3.051889 -8.300357  0.000000 0.391571 -0.920148  0.077069 0.611417 1 64 1.000000
gun_tex
0  -4.029664 3.071267 -8.436172  0.000000 0.247125 0.968984  0.077092 0.611408 1 64 1.000000
0  -3.551424 3.122732 -8.449297  0.000000 0.247125 0.968984  0.077091 0.611413 1 64 1.000000
0  -4.029664 3.122732 -8.449297  0.000000 0.247125 0.968984  0.077091 0.611408 1 64 1.000000
gun_tex
0  -4.029664 3.043953 -8.122663  0.000000 0.247136 0.968981  0.077064 0.611421 1 64 1.000000
0  -3.551423 3.095005 -8.135684  0.000000 0.247132 0.968982  0.077064 0.611415 1 64 1.000000
0  -4.029664 3.095005 -8.135684  0.000000 0.247136 0.968981  0.077064 0.611421 1 64 1.000000
gun_tex
0  -4.029664 3.024575 -7.986849  0.000000 0.391569 -0.920149  0.077206 0.611423 1 64 1.000000
0  -3.551423 3.079770 -7.963361  0.000000 0.391568 -0.920149  0.077206 0.611417 1 64 1.000000
0  -3.551423 3.024575 -7.986849  0.000000 0.391568 -0.920149  0.077206 0.611417 1 64 1.000000
gun_tex
0  -4.029664 3.024575 -7.986849  0.000000 0.989974 0.141247  0.077253 0.611284 1 64 1.000000
0  -3.551423 3.043953 -8.122663  0.000000 0.989974 0.141251  0.077254 0.611278 1 64 1.000000
0  -4.029664 3.043953 -8.122663  0.000000 0.989975 0.141246  0.077254 0.611284 1 64 1.000000
gun_tex
0  -3.807246 3.095005 -8.135684  0.000000 0.000000 1.000000  0.077059 0.611424 1 64 1.000000
0  -4.029664 3.095005 -8.135684  0.000000 0.000000 1.000000  0.077059 0.611424 1 64 1.000000
0  -3.551423 3.095005 -8.135684  0.000000 0.000000 1.000000  0.077059 0.611424 1 64 1.000000
gun_tex
0  -4.029664 3.079770 -7.963361  0.000000 0.000000 1.000000  0.077059 0.611424 1 64 1.000000
0  -3.807246 3.079770 -7.963361  0.000000 0.000000 1.000000  0.077059 0.611424 1 64 1.000000
0  -3.551423 3.079770 -7.963361  0.000000 0.000000 1.000000  0.077059 0.611424 1 64 1.000000
gun_tex
0  -4.029663 2.997264 -7.673343  0.000000 0.391603 -0.920134  0.077252 0.611424 1 64 1.000000
0  -3.551423 3.052069 -7.650018  0.000000 0.391605 -0.920134  0.077251 0.611418 1 64 1.000000
0  -3.551423 2.997264 -7.673343  0.000000 0.391605 -0.920134  0.077252 0.611418 1 64 1.000000
gun_tex
0  -3.807246 3.067279 -7.822071  0.000000 0.000000 1.000000  0.077059 0.611424 1 64 1.000000
0  -4.029664 3.067279 -7.822071  0.000000 0.000000 1.000000  0.077059 0.611424 1 64 1.000000
0  -3.551423 3.067279 -7.822071  0.000000 0.000000 1.000000  0.077059 0.611424 1 64 1.000000
gun_tex
0  -4.029663 2.997264 -7.673343  0.000000 0.989976 0.141236  0.077063 0.611421 1 64 1.000000
0  -3.551423 3.016640 -7.809156  0.000000 0.989976 0.141239  0.077064 0.611415 1 64 1.000000
0  -4.029663 3.016640 -7.809156  0.000000 0.989976 0.141236  0.077064 0.611421 1 64 1.000000
gun_tex
0  -4.029664 3.052069 -7.650018  0.000000 0.000000 1.000000  0.077059 0.611424 1 64 1.000000
0  -3.807246 3.052069 -7.650018  0.000000 0.000000 1.000000  0.077059 0.611424 1 64 1.000000
0  -3.551423 3.052069 -7.650018  0.000000 0.000000 1.000000  0.077059 0.611424 1 64 1.000000
gun_tex
0  -4.029663 3.016640 -7.809156  0.000000 0.247117 0.968986  0.077198 0.611412 1 64 1.000000
0  -3.551423 3.067279 -7.822071  0.000000 0.247115 0.968986  0.077198 0.611418 1 64 1.000000
0  -4.029664 3.067279 -7.822071  0.000000 0.247117 0.968985  0.077198 0.611412 1 64 1.000000
gun_tex
0  -3.807246 3.039554 -7.508458  0.000000 -1.000000 0.000000  0.077059 0.611427 1 64 1.000000
0  -4.029663 3.039554 -7.508459  0.000000 -1.000000 0.000000  0.077059 0.611424 1 64 1.000000
0  -3.551423 3.039554 -7.508458  0.000000 -1.000000 0.000000  0.077059 0.611430 1 64 1.000000
gun_tex
0  -4.029663 3.024364 -7.336678  0.000000 0.000000 1.000000  0.077059 0.611424 1 64 1.000000
0  -3.807246 3.024364 -7.336678  0.000000 0.000000 1.000000  0.077059 0.611424 1 64 1.000000
0  -3.551423 3.024364 -7.336678  0.000000 0.000000 1.000000  0.077059 0.611424 1 64 1.000000
gun_tex
0  -4.029663 2.989330 -7.495649  -0.000004 0.247140 0.968980  0.077257 0.611236 1 64 1.000000
0  -3.551423 3.039554 -7.508458  0.000002 0.247117 0.968986  0.077257 0.611242 1 64 1.000000
0  -4.029663 3.039554 -7.508459  -0.000005 0.247142 0.968979  0.077257 0.611236 1 64 1.000000
gun_tex
0  -4.029663 2.969950 -7.359835  0.000000 0.989972 0.141264  0.077253 0.611237 1 64 1.000000
0  -3.551423 2.989330 -7.495649  0.000000 0.989972 0.141264  0.077254 0.611232 1 64 1.000000
0  -4.029663 2.989330 -7.495649  0.000000 0.989972 0.141264  0.077254 0.611237 1 64 1.000000
gun_tex
0  -4.029663 3.024364 -7.336678  0.000000 0.391592 -0.920139  0.077079 0.611424 1 64 1.000000
0  -3.551423 2.969950 -7.359835  0.000000 0.391594 -0.920138  0.077080 0.611418 1 64 1.000000
0  -4.029663 2.969950 -7.359835  0.000000 0.391592 -0.920139  0.077080 0.611424 1 64 1.000000
gun_tex
0  -4.029663 2.984098 -6.881234  0.000000 0.247123 0.968984  0.077257 0.611390 1 64 1.000000
0  -3.551423 2.934698 -6.868636  0.000000 0.247122 0.968984  0.077257 0.611385 1 64 1.000000
0  -3.551423 2.984098 -6.881234  0.000000 0.247122 0.968984  0.077257 0.611385 1 64 1.000000
gun_tex
0  -4.029663 2.952908 -6.716825  0.000000 0.391622 -0.920126  0.077257 0.611248 1 64 1.000000
0  -3.551423 2.915322 -6.732821  0.000000 0.391586 -0.920142  0.077257 0.611242 1 64 1.000000
0  -4.029663 2.915322 -6.732821  0.000000 0.391582 -0.920143  0.077257 0.611248 1 64 1.000000
gun_tex
0  -3.807246 2.984098 -6.881234  0.000000 0.000000 -1.000000  0.077257 0.611388 1 64 1.000000
0  -4.029663 2.984098 -6.881234  0.000000 0.000000 -1.000000  0.077257 0.611390 1 64 1.000000
0  -3.551423 2.984098 -6.881234  0.000000 0.000000 -1.000000  0.077257 0.611385 1 64 1.000000
gun_tex
0  -4.029663 2.968958 -6.709994  0.000000 0.391661 -0.920110  0.077257 0.611248 1 64 1.000000
0  -3.551423 2.952908 -6.716825  0.000000 0.391623 -0.920126  0.077257 0.611242 1 64 1.000000
0  -4.029663 2.952908 -6.716825  0.000000 0.391622 -0.920126  0.077257 0.611248 1 64 1.000000
gun_tex
0  -4.029663 2.962012 -7.182143  0.000000 0.989978 0.141219  0.077254 0.611268 1 64 1.000000
0  -3.551423 2.942638 -7.046327  0.000000 0.989978 0.141219  0.077252 0.611262 1 64 1.000000
0  -3.551423 2.962012 -7.182143  0.000000 0.989978 0.141219  0.077254 0.611262 1 64 1.000000
gun_tex
0  -3.807246 3.011825 -7.194846  0.000000 0.000000 -1.000000  0.077059 0.611424 1 64 1.000000
0  -4.029663 3.011825 -7.194846  0.000000 0.000000 -1.000000  0.077059 0.611424 1 64 1.000000
0  -3.551423 3.011825 -7.194846  0.000000 0.000000 -1.000000  0.077059 0.611424 1 64 1.000000
gun_tex
0  -4.029663 2.962012 -7.182143  0.000000 0.247096 0.968991  0.077257 0.611268 1 64 1.000000
0  -3.551423 3.011825 -7.194846  0.000000 0.247096 0.968991  0.077257 0.611262 1 64 1.000000
0  -4.029663 3.011825 -7.194846  0.000000 0.247096 0.968991  0.077257 0.611268 1 64 1.000000
gun_tex
0  -4.029663 2.915322 -6.732821  0.000000 0.989976 0.141238  0.077253 0.611378 1 64 1.000000
0  -3.551423 2.934698 -6.868636  0.000000 0.989976 0.141235  0.077254 0.611372 1 64 1.000000
0  -4.029663 2.934698 -6.868636  0.000000 0.989976 0.141238  0.077254 0.611378 1 64 1.000000
gun_tex
0  -4.029663 2.996663 -7.023336  0.000000 0.000000 1.000000  0.077059 0.611424 1 64 1.000000
0  -3.807246 2.996663 -7.023336  0.000000 0.000000 1.000000  0.077059 0.611424 1 64 1.000000
0  -3.551423 2.996663 -7.023336  0.000000 0.000000 1.000000  0.077059 0.611424 1 64 1.000000
gun_tex
0  -4.029663 2.968958 -6.709994  0.000000 0.000000 1.000000  0.077059 0.611424 1 64 1.000000
0  -3.807246 2.968958 -6.709994  0.000000 0.000000 1.000000  0.077059 0.611427 1 64 1.000000
0  -3.551423 2.968958 -6.709994  0.000000 0.000000 1.000000  0.077059 0.611430 1 64 1.000000
gun_tex
0  -4.029663 2.996663 -7.023336  0.000000 0.391582 -0.920143  0.077257 0.611284 1 64 1.000000
0  -3.551423 2.942638 -7.046327  0.000000 0.391584 -0.920142  0.077257 0.611278 1 64 1.000000
0  -4.029663 2.942638 -7.046327  0.000000 0.391581 -0.920143  0.077257 0.611284 1 64 1.000000
gun_tex
0  -4.029663 2.893189 -6.455613  0.000000 0.989972 0.141263  0.077253 0.611419 1 64 1.000000
0  -3.551423 2.907387 -6.555128  0.000000 0.989976 0.141239  0.077254 0.611413 1 64 1.000000
0  -4.029663 2.907387 -6.555128  0.000000 0.989976 0.141235  0.077254 0.611419 1 64 1.000000
gun_tex
0  -4.029663 2.941258 -6.396652  0.000000 0.391580 -0.920144  0.077257 0.611324 1 64 1.000000
0  -3.551423 2.888009 -6.419313  0.000000 0.391580 -0.920144  0.077257 0.611318 1 64 1.000000
0  -4.029663 2.888009 -6.419313  0.000000 0.391580 -0.920144  0.077257 0.611324 1 64 1.000000
gun_tex
0  -3.807246 2.956373 -6.567621  0.000000 0.000000 1.000000  0.077059 0.611424 1 64 1.000000
0  -4.029663 2.956373 -6.567621  0.000000 0.000000 1.000000  0.077059 0.611424 1 64 1.000000
0  -3.551423 2.956373 -6.567621  0.000000 0.000000 1.000000  0.077059 0.611424 1 64 1.000000
gun_tex
0  -4.029663 2.888009 -6.419313  0.000000 0.989968 0.141289  0.077253 0.611419 1 64 1.000000
0  -3.551423 2.893189 -6.455613  0.000000 0.989973 0.141258  0.077253 0.611413 1 64 1.000000
0  -4.029663 2.893189 -6.455613  0.000000 0.989972 0.141263  0.077253 0.611419 1 64 1.000000
gun_tex
0  -4.029663 2.941258 -6.396652  0.000000 0.000000 -1.000000  0.077059 0.611424 1 64 1.000000
0  -3.807246 2.941258 -6.396652  0.000000 0.000000 -1.000000  0.077059 0.611424 1 64 1.000000
0  -3.551423 2.941258 -6.396652  0.000000 0.000000 -1.000000  0.077059 0.611424 1 64 1.000000
gun_tex
0  -4.029663 2.907387 -6.555128  0.000000 0.247132 0.968982  0.077257 0.611306 1 64 1.000000
0  -3.551423 2.956373 -6.567621  0.000000 0.247132 0.968982  0.077257 0.611300 1 64 1.000000
0  -4.029663 2.956373 -6.567621  0.000000 0.247132 0.968982  0.077257 0.611306 1 64 1.000000
gun_tex
0  -3.807246 2.928646 -6.254009  0.000000 0.000000 1.000000  0.077059 0.611424 1 64 1.000000
0  -4.029663 2.928646 -6.254009  0.000000 0.000000 1.000000  0.077059 0.611424 1 64 1.000000
0  -3.551423 2.928646 -6.254009  0.000000 0.000000 1.000000  0.077059 0.611424 1 64 1.000000
gun_tex
0  -4.029663 2.924049 -6.078844  0.000000 0.000000 1.000000  0.077059 0.611424 1 64 1.000000
0  -3.807246 2.924049 -6.078844  0.000000 0.000000 1.000000  0.077059 0.611424 1 64 1.000000
0  -3.551423 2.924049 -6.078844  0.000000 0.000000 1.000000  0.077059 0.611424 1 64 1.000000
gun_tex
0  -4.029663 2.874394 -6.201813  0.000000 0.989973 0.141255  0.077254 0.611344 1 64 1.000000
0  -3.551423 2.880075 -6.241621  0.000000 0.989972 0.141266  0.077254 0.611339 1 64 1.000000
0  -4.029663 2.880075 -6.241621  0.000000 0.989971 0.141273  0.077254 0.611344 1 64 1.000000
gun_tex
0  -4.029663 2.880075 -6.241621  0.000000 0.247130 0.968982  0.077160 0.611424 1 64 1.000000
0  -3.551423 2.928646 -6.254009  0.000000 0.247130 0.968982  0.077160 0.611419 1 64 1.000000
0  -4.029663 2.928646 -6.254009  0.000000 0.247130 0.968982  0.077160 0.611424 1 64 1.000000
gun_tex
0  -4.029663 2.924049 -6.078844  0.000000 0.391598 -0.920137  0.077117 0.611398 1 64 1.000000
0  -3.551423 2.860697 -6.105806  0.000000 0.391597 -0.920137  0.077117 0.611392 1 64 1.000000
0  -4.029663 2.860697 -6.105806  0.000000 0.391598 -0.920137  0.077117 0.611398 1 64 1.000000
gun_tex
0  -4.029663 2.860697 -6.105806  0.000000 0.989976 0.141239  0.077253 0.611344 1 64 1.000000
0  -3.551423 2.874394 -6.201813  0.000000 0.989973 0.141255  0.077254 0.611339 1 64 1.000000
0  -4.029663 2.874394 -6.201813  0.000000 0.989973 0.141255  0.077254 0.611344 1 64 1.000000
gun_tex
0  -3.807245 0.504890 -5.556959  -1.000000 0.000000 0.000002  0.077135 0.611370 1 64 1.000000
0  -3.807245 1.166891 -5.786288  -1.000000 -0.000000 -0.000000  0.077133 0.611374 1 64 1.000000
0  -3.807245 0.504892 -5.786289  -1.000000 -0.000000 0.000000  0.077133 0.611370 1 64 1.000000
gun_tex
0  -3.807245 0.504891 -5.327629  -1.000000 -0.000000 0.000001  0.077137 0.611370 1 64 1.000000
0  -3.807245 1.166891 -5.556958  -1.000000 -0.000000 0.000000  0.077135 0.611374 1 64 1.000000
0  -3.807245 0.504890 -5.556959  -1.000000 0.000000 0.000002  0.077135 0.611370 1 64 1.000000
gun_tex
0  -3.807245 1.166891 -5.556958  -1.000000 -0.000000 0.000000  0.077135 0.611374 1 64 1.000000
0  -3.807246 2.924051 -5.884692  -1.000000 -0.000005 0.000001  0.077133 0.611385 1 64 1.000000
0  -3.807245 1.166891 -5.786288  -1.000000 -0.000000 -0.000000  0.077133 0.611374 1 64 1.000000
gun_tex
0  -3.807245 1.166890 -5.327629  -1.000000 -0.000000 0.000001  0.077137 0.611374 1 64 1.000000
0  -3.807245 2.924053 -5.622561  -1.000000 -0.000000 0.000001  0.077135 0.611385 1 64 1.000000
0  -3.807245 1.166891 -5.556958  -1.000000 -0.000000 0.000000  0.077135 0.611374 1 64 1.000000
gun_tex
0  -3.807245 2.924053 -5.622561  0.000000 1.000000 -0.000000  0.077155 0.611395 1 64 1.000000
0  -3.551422 2.924051 -5.884692  0.000000 1.000000 -0.000004  0.077157 0.611392 1 64 1.000000
0  -3.807246 2.924051 -5.884692  0.000000 1.000000 -0.000004  0.077157 0.611395 1 64 1.000000
gun_tex
0  -3.807245 2.924051 -5.360428  0.000000 1.000000 0.000007  0.077152 0.611395 1 64 1.000000
0  -3.551422 2.924053 -5.622561  0.000000 1.000000 0.000000  0.077155 0.611392 1 64 1.000000
0  -3.807245 2.924053 -5.622561  0.000000 1.000000 -0.000000  0.077155 0.611395 1 64 1.000000
gun_tex
0  -3.807245 0.086663 -5.588453  -1.000000 -0.000000 0.000001  0.077135 0.611368 1 64 1.000000
0  -3.807245 0.504892 -5.786289  -1.000000 -0.000000 0.000000  0.077133 0.611370 1 64 1.000000
0  -3.807245 0.086664 -5.782366  -1.000000 -0.000001 0.000000  0.077133 0.611368 1 64 1.000000
gun_tex
0  -3.807245 0.086662 -5.394542  -1.000000 -0.000000 0.000001  0.077137 0.611368 1 64 1.000000
0  -3.807245 0.504890 -5.556959  -1.000000 0.000000 0.000002  0.077135 0.611370 1 64 1.000000
0  -3.807245 0.086663 -5.588453  -1.000000 -0.000000 0.000001  0.077135 0.611368 1 64 1.000000
gun_tex
0  -3.807244 -6.217021 -5.588461  -1.000000 -0.000000 -0.000000  0.077226 0.611269 1 64 1.000000
0  -3.807245 -2.188771 -5.782368  -1.000000 -0.000000 0.000000  0.077224 0.611293 1 64 1.000000
0  -3.807244 -6.217019 -5.782373  -1.000000 0.000001 -0.000000  0.077224 0.611269 1 64 1.000000
gun_tex
0  -3.807245 0.086663 -5.588453  0.000010 -0.000001 1.000000  0.077067 0.611422 1 64 1.000000
0  -3.720961 -0.996097 -5.588456  -0.000002 -0.000002 1.000000  0.077068 0.611416 1 64 1.000000
0  -3.720961 -0.009188 -5.588454  0.000011 -0.000001 1.000000  0.077068 0.611422 1 64 1.000000
gun_tex
0  -3.551421 -6.742584 -5.588462  0.000000 -1.000000 0.000000  0.077098 0.611400 1 64 1.000000
0  -3.807244 -6.742584 -5.782373  0.000000 -1.000000 0.000000  0.077096 0.611403 1 64 1.000000
0  -3.551421 -6.742584 -5.782373  0.000000 -1.000000 -0.000086  0.077096 0.611400 1 64 1.000000
gun_tex
0  -3.551421 -6.742584 -5.394550  0.000000 -1.000000 0.000000  0.077099 0.611400 1 64 1.000000
0  -3.807244 -6.742584 -5.588462  0.000000 -1.000000 0.000000  0.077098 0.611403 1 64 1.000000
0  -3.551421 -6.742584 -5.588462  0.000000 -1.000000 0.000000  0.077098 0.611400 1 64 1.000000
gun_tex
0  -3.807244 -6.319463 -5.394550  0.000000 1.000000 0.000006  0.077088 0.611403 1 64 1.000000
0  -4.064806 -6.319465 -5.200638  0.000000 1.000000 0.000012  0.077087 0.611406 1 64 1.000000
0  -3.807244 -6.319465 -5.200638  0.000000 1.000000 0.000014  0.077087 0.611403 1 64 1.000000
gun_tex
0  -3.807244 -6.319465 -5.200638  0.000001 -0.000002 1.000000  0.077176 0.611271 1 64 1.000000
0  -4.064806 -6.742584 -5.200638  0.000003 -0.000001 1.000000  0.077173 0.611269 1 64 1.000000
0  -3.807244 -6.742584 -5.200639  0.000002 -0.000001 1.000000  0.077176 0.611269 1 64 1.000000
gun_tex
0  -3.551421 -6.319465 -5.200638  0.000000 -0.000003 1.000000  0.077179 0.611271 1 64 1.000000
0  -3.807244 -6.742584 -5.200639  0.000002 -0.000001 1.000000  0.077176 0.611269 1 64 1.000000
0  -3.551421 -6.742584 -5.200639  0.000000 -0.000001 1.000000  0.077179 0.611269 1 64 1.000000
gun_tex
0  -3.551421 -6.319463 -5.782373  0.000000 -0.000005 -1.000000  0.077090 0.611285 1 64 1.000000
0  -3.807244 -6.217019 -5.782373  0.000000 -0.000002 -1.000000  0.077093 0.611285 1 64 1.000000
0  -3.551421 -6.217019 -5.782373  0.000000 -0.000002 -1.000000  0.077090 0.611285 1 64 1.000000
gun_tex
0  -3.807244 -6.319463 -5.782373  0.000000 1.000000 0.000000  0.077091 0.611403 1 64 1.000000
0  -4.064806 -6.319463 -5.588461  0.000000 1.000000 0.000000  0.077090 0.611406 1 64 1.000000
0  -3.807244 -6.319463 -5.588461  0.000000 1.000000 0.000000  0.077090 0.611403 1 64 1.000000
gun_tex
0  -3.551421 -6.217019 -5.782373  0.000000 -0.000002 -1.000000  0.077090 0.611285 1 64 1.000000
0  -3.717445 -2.126084 -5.782368  -0.000000 0.000001 -1.000000  0.077092 0.611310 1 64 1.000000
0  -3.551422 -2.010185 -5.782368  0.000065 0.000001 -1.000000  0.077090 0.611310 1 64 1.000000
gun_tex
0  -3.807244 -6.319463 -5.394550  -1.000000 0.000000 0.000000  0.077227 0.611269 1 64 1.000000
0  -3.807244 -6.217021 -5.588461  -1.000000 -0.000000 -0.000000  0.077226 0.611269 1 64 1.000000
0  -3.807244 -6.319463 -5.588461  -1.000000 0.000000 0.000000  0.077226 0.611269 1 64 1.000000
gun_tex
0  -3.807244 -6.319463 -5.588461  -1.000000 0.000000 0.000000  0.077226 0.611269 1 64 1.000000
0  -3.807244 -6.217019 -5.782373  -1.000000 0.000001 -0.000000  0.077224 0.611269 1 64 1.000000
0  -3.807244 -6.319463 -5.782373  -1.000000 0.000003 0.000000  0.077224 0.611269 1 64 1.000000
gun_tex
0  -3.551421 -6.217021 -5.200638  0.000000 -0.000003 1.000000  0.077179 0.611272 1 64 1.000000
0  -3.807244 -6.319465 -5.200638  0.000001 -0.000002 1.000000  0.077176 0.611271 1 64 1.000000
0  -3.551421 -6.319465 -5.200638  0.000000 -0.000003 1.000000  0.077179 0.611271 1 64 1.000000
gun_tex
0  -3.807244 -6.319465 -5.200638  -1.000000 0.000000 0.000000  0.077229 0.611269 1 64 1.000000
0  -3.807244 -6.217023 -5.394550  -1.000000 -0.000000 0.000000  0.077227 0.611269 1 64 1.000000
0  -3.807244 -6.319463 -5.394550  -1.000000 0.000000 0.000000  0.077227 0.611269 1 64 1.000000
gun_tex
0  -3.720960 -6.121169 -5.394550  -1.000000 -0.000000 0.000002  0.077160 0.611372 1 64 1.000000
0  -3.720961 -2.128537 -5.588457  -1.000000 -0.000000 0.000007  0.077159 0.611395 1 64 1.000000
0  -3.720960 -6.121169 -5.588461  -1.000000 -0.000000 0.000002  0.077159 0.611372 1 64 1.000000
gun_tex
0  -3.807244 -6.217023 -5.394550  -0.743231 0.669034 0.000002  0.077251 0.611271 1 64 1.000000
0  -3.720960 -6.121169 -5.588461  -0.743229 0.669037 0.000003  0.077252 0.611272 1 64 1.000000
0  -3.807244 -6.217021 -5.588461  -0.743226 0.669040 0.000005  0.077251 0.611272 1 64 1.000000
gun_tex
0  -3.807245 0.086663 -5.588453  -0.743221 -0.669046 -0.000000  0.077085 0.611413 1 64 1.000000
0  -3.720961 -0.009188 -5.394543  -0.743221 -0.669046 -0.000000  0.077084 0.611411 1 64 1.000000
0  -3.807245 0.086662 -5.394542  -0.743220 -0.669047 -0.000001  0.077085 0.611411 1 64 1.000000
gun_tex
0  -3.807245 0.086662 -5.394542  -0.000019 0.000001 -1.000000  0.077075 0.611412 1 64 1.000000
0  -3.792893 -0.945883 -5.394544  0.000021 0.000001 -1.000000  0.077075 0.611406 1 64 1.000000
0  -3.807245 -0.935865 -5.394544  0.000064 0.000001 -1.000000  0.077075 0.611406 1 64 1.000000
gun_tex
0  -3.655834 2.099578 -6.005871  -1.000000 0.000000 0.000000  0.077225 0.611227 1 64 1.000000
0  -3.655834 1.845441 -6.262544  -1.000000 -0.000000 0.000000  0.077223 0.611229 1 64 1.000000
0  -3.655834 1.740930 -6.196315  -1.000000 0.000011 0.000000  0.077223 0.611228 1 64 1.000000
gun_tex
0  -3.807246 2.476006 -6.199880  -1.000000 0.000000 0.000000  0.077059 0.611424 1 64 1.000000
0  -3.807246 2.475458 -6.198565  -1.000000 0.000000 0.000000  0.077059 0.611424 1 64 1.000000
0  -3.807246 2.477460 -6.199888  -1.000000 0.000000 0.000000  0.077059 0.611424 1 64 1.000000
gun_tex
0  -3.807246 2.463563 -6.190704  -1.000000 -0.000000 0.000003  0.077130 0.611382 1 64 1.000000
0  -3.807245 2.161558 -6.037344  -1.000000 -0.000003 0.000002  0.077131 0.611380 1 64 1.000000
0  -3.807245 2.228907 -6.035597  -1.000000 -0.000001 0.000001  0.077131 0.611380 1 64 1.000000
gun_tex
0  -3.807245 2.228907 -6.035597  -1.000000 -0.000001 0.000001  0.077131 0.611380 1 64 1.000000
0  -3.807246 2.351571 -6.116676  -0.978467 0.153729 -0.137731  0.077131 0.611381 1 64 1.000000
0  -3.807246 2.463563 -6.190704  -1.000000 -0.000000 0.000003  0.077130 0.611382 1 64 1.000000
gun_tex
0  -3.807246 2.463563 -6.190704  -0.388802 -0.507997 -0.768617  0.077077 0.611412 1 64 1.000000
0  -3.810554 2.474496 -6.196255  -0.388802 -0.507997 -0.768617  0.077077 0.611412 1 64 1.000000
0  -3.807246 2.475458 -6.198565  -0.388802 -0.507997 -0.768617  0.077077 0.611412 1 64 1.000000
gun_tex
0  -3.655834 2.474496 -6.196255  -1.000000 0.000000 0.000001  0.077227 0.611229 1 64 1.000000
0  -3.655834 2.055925 -6.482498  -1.000000 0.000001 0.000002  0.077224 0.611231 1 64 1.000000
0  -3.655834 2.039525 -6.385533  -1.000000 0.000000 0.000002  0.077224 0.611230 1 64 1.000000
gun_tex
0  -3.808589 2.609499 -6.693054  -0.000002 -0.994863 -0.101233  0.077127 0.611338 1 64 1.000000
0  -3.817881 2.638825 -6.981445  0.000003 -0.994869 -0.101170  0.077127 0.611341 1 64 1.000000
0  -3.655834 2.608870 -6.686878  -0.000001 -0.994869 -0.101170  0.077125 0.611338 1 64 1.000000
gun_tex
0  -3.655834 2.608870 -6.686878  -1.000000 0.000000 0.000001  0.077227 0.611233 1 64 1.000000
0  -3.655834 2.055312 -6.745214  -1.000000 -0.000000 0.000000  0.077223 0.611233 1 64 1.000000
0  -3.655834 2.085539 -6.657578  -1.000000 0.000000 0.000000  0.077224 0.611232 1 64 1.000000
gun_tex
0  -3.655834 2.608870 -6.686878  -1.000000 0.000000 0.000001  0.077227 0.611233 1 64 1.000000
0  -3.655834 2.434226 -7.158487  -1.000000 0.000006 0.000000  0.077225 0.611237 1 64 1.000000
0  -3.655834 2.318211 -7.091505  -1.000000 0.000001 0.000000  0.077224 0.611236 1 64 1.000000
gun_tex
0  -3.655834 2.099578 -6.005871  -1.000000 0.000000 0.000000  0.077225 0.611227 1 64 1.000000
0  -3.655834 1.586924 -6.052246  -1.000000 0.000000 0.000000  0.077222 0.611227 1 64 1.000000
0  -3.655834 1.496853 -5.967986  -1.000000 0.000000 0.000000  0.077222 0.611226 1 64 1.000000
gun_tex
0  -3.655835 2.742002 -9.607943  -1.000000 0.000000 0.000000  0.077222 0.611257 1 64 1.000000
0  -3.655834 2.202194 -7.292453  -1.000000 0.000003 0.000000  0.077223 0.611238 1 64 1.000000
0  -3.655834 2.318213 -7.359434  -1.000000 0.000004 0.000000  0.077224 0.611238 1 64 1.000000
gun_tex
0  -3.655834 2.318211 -7.091505  0.000000 0.499999 -0.866026  0.077166 0.611423 1 64 1.000000
0  -3.551423 2.202194 -7.158487  0.000000 0.499999 -0.866026  0.077167 0.611421 1 64 1.000000
0  -3.655834 2.202194 -7.158487  0.000000 0.500000 -0.866025  0.077167 0.611423 1 64 1.000000
gun_tex
0  -3.655834 2.318213 -7.359434  0.000000 -0.499992 0.866030  0.077115 0.611423 1 64 1.000000
0  -3.551423 2.434230 -7.292453  0.000000 -0.499992 0.866030  0.077116 0.611421 1 64 1.000000
0  -3.655834 2.434230 -7.292453  0.000000 -0.499992 0.866030  0.077116 0.611423 1 64 1.000000
gun_tex
0  -3.655834 2.202194 -7.158487  0.000000 1.000000 -0.000000  0.077246 0.611423 1 64 1.000000
0  -3.551423 2.202194 -7.292453  0.000000 1.000000 -0.000000  0.077247 0.611422 1 64 1.000000
0  -3.655834 2.202194 -7.292453  0.000000 1.000000 0.000000  0.077247 0.611423 1 64 1.000000
gun_tex
0  -3.655834 2.434230 -7.292453  0.000000 -1.000000 -0.000031  0.077069 0.611421 1 64 1.000000
0  -3.551423 2.434226 -7.158487  0.000000 -1.000000 -0.000029  0.077068 0.611422 1 64 1.000000
0  -3.655834 2.434226 -7.158487  0.000000 -1.000000 -0.000030  0.077068 0.611421 1 64 1.000000
gun_tex
0  -3.655834 2.434226 -7.158487  0.000000 -0.500007 -0.866022  0.077166 0.611423 1 64 1.000000
0  -3.551423 2.318211 -7.091505  0.000000 -0.500006 -0.866022  0.077166 0.611421 1 64 1.000000
0  -3.655834 2.318211 -7.091505  0.000000 -0.500007 -0.866022  0.077166 0.611423 1 64 1.000000
gun_tex
0  -3.655834 2.202194 -7.292453  0.000000 0.499985 0.866034  0.077115 0.611423 1 64 1.000000
0  -3.551423 2.318213 -7.359434  0.000000 0.499985 0.866034  0.077115 0.611421 1 64 1.000000
0  -3.655834 2.318213 -7.359434  0.000000 0.499985 0.866034  0.077115 0.611423 1 64 1.000000
gun_tex
0  -3.295599 2.601344 -6.635189  0.031209 -0.992086 -0.121617  0.077083 0.611370 1 64 1.000000
0  -3.295599 2.576139 -6.429585  0.031209 -0.992086 -0.121617  0.077083 0.611368 1 64 1.000000
0  -3.447011 2.571205 -6.428196  0.031209 -0.992086 -0.121617  0.077084 0.611368 1 64 1.000000
gun_tex
0  -3.295599 2.476006 -6.199880  -0.000003 -0.923037 -0.384712  0.077083 0.611367 1 64 1.000000
0  -3.295599 2.475458 -6.198565  0.000000 -0.923083 -0.384600  0.077083 0.611367 1 64 1.000000
0  -3.447011 2.474496 -6.196255  -0.000006 -0.922984 -0.384838  0.077084 0.611367 1 64 1.000000
gun_tex
0  -3.295599 2.161558 -6.037344  0.000001 -0.452768 -0.891628  0.077244 0.611375 1 64 1.000000
0  -3.295599 2.099578 -6.005871  0.000000 -0.452763 -0.891631  0.077244 0.611375 1 64 1.000000
0  -3.447011 2.099578 -6.005871  0.000003 -0.452769 -0.891628  0.077246 0.611375 1 64 1.000000
gun_tex
0  -3.295599 2.099578 -6.005871  0.000000 -0.062733 -0.998030  0.077244 0.611375 1 64 1.000000
0  -3.447011 1.496853 -5.967986  0.000000 -0.062733 -0.998030  0.077246 0.611371 1 64 1.000000
0  -3.447011 2.099578 -6.005871  0.000000 -0.062732 -0.998030  0.077246 0.611375 1 64 1.000000
gun_tex
0  -3.295598 -6.742584 -5.394550  0.000000 -1.000000 0.000000  0.077099 0.611397 1 64 1.000000
0  -3.551421 -6.742584 -5.200639  0.000000 -1.000000 0.000000  0.077101 0.611400 1 64 1.000000
0  -3.551421 -6.742584 -5.394550  0.000000 -1.000000 0.000000  0.077099 0.611400 1 64 1.000000
gun_tex
0  -3.295599 0.086662 -5.394542  1.000000 0.000000 -0.000000  0.077145 0.611321 1 64 1.000000
0  -3.295598 -6.217021 -5.200638  1.000000 -0.000001 -0.000002  0.077147 0.611359 1 64 1.000000
0  -3.295598 -6.217023 -5.394550  1.000000 -0.000000 -0.000002  0.077145 0.611359 1 64 1.000000
gun_tex
0  -3.295598 -6.217021 -5.200638  -0.000000 -0.000003 1.000000  0.077182 0.611272 1 64 1.000000
0  -3.537738 -1.124004 -5.200632  -0.000003 -0.000001 1.000000  0.077179 0.611302 1 64 1.000000
0  -3.537738 -2.000634 -5.200633  -0.000014 -0.000002 1.000000  0.077179 0.611297 1 64 1.000000
gun_tex
0  -3.295599 0.504891 -5.327629  1.000000 -0.000000 0.000000  0.077146 0.611318 1 64 1.000000
0  -3.295599 0.086662 -5.200631  1.000000 0.000001 0.000000  0.077147 0.611321 1 64 1.000000
0  -3.295599 0.086662 -5.394542  1.000000 0.000000 -0.000000  0.077145 0.611321 1 64 1.000000
gun_tex
0  -3.295599 1.166891 -5.098299  0.000000 -0.000001 1.000000  0.077182 0.611315 1 64 1.000000
0  -3.551422 2.752493 -5.098296  0.000000 -0.000002 1.000000  0.077179 0.611325 1 64 1.000000
0  -3.551422 1.166891 -5.098299  0.000000 -0.000001 1.000000  0.077179 0.611315 1 64 1.000000
gun_tex
0  -3.295599 0.504889 -5.098300  0.000000 -0.237668 0.971346  0.077182 0.611311 1 64 1.000000
0  -3.551422 0.086662 -5.200631  0.000000 -0.237667 0.971347  0.077179 0.611309 1 64 1.000000
0  -3.295599 0.086662 -5.200631  0.000000 -0.237667 0.971347  0.077182 0.611309 1 64 1.000000
gun_tex
0  -3.551422 0.504892 -5.786289  0.000000 -0.008003 -0.999968  0.077090 0.611325 1 64 1.000000
0  -3.295599 0.086664 -5.782366  0.000000 -0.004690 -0.999989  0.077087 0.611323 1 64 1.000000
0  -3.551422 0.086664 -5.782366  0.000000 -0.004690 -0.999989  0.077090 0.611323 1 64 1.000000
gun_tex
0  -3.551422 2.924051 -5.360428  0.000000 0.836731 0.547615  0.077152 0.611392 1 64 1.000000
0  -3.295599 2.752493 -5.098296  0.000000 0.836731 0.547614  0.077150 0.611390 1 64 1.000000
0  -3.295599 2.924051 -5.360428  0.000000 0.836731 0.547614  0.077152 0.611389 1 64 1.000000
gun_tex
0  -3.073182 2.924051 -6.009795  -0.000002 1.000000 -0.000019  0.077158 0.611387 1 64 1.000000
0  -3.295599 2.924049 -6.078844  -0.000000 1.000000 -0.000014  0.077158 0.611390 1 64 1.000000
0  -3.295599 2.924051 -5.898502  -0.000000 1.000000 -0.000006  0.077157 0.611390 1 64 1.000000
gun_tex
0  -3.295599 1.166890 -5.327629  1.000000 0.000000 -0.000000  0.077146 0.611315 1 64 1.000000
0  -3.295599 2.752493 -5.098296  1.000000 -0.000000 -0.000002  0.077148 0.611305 1 64 1.000000
0  -3.295599 1.166891 -5.098299  1.000000 0.000000 0.000000  0.077148 0.611315 1 64 1.000000
gun_tex
0  -3.295599 1.166890 -5.327629  1.000000 0.000000 -0.000000  0.077146 0.611315 1 64 1.000000
0  -3.295599 0.504889 -5.098300  1.000000 -0.000000 0.000000  0.077148 0.611318 1 64 1.000000
0  -3.295599 0.504891 -5.327629  1.000000 -0.000000 0.000000  0.077146 0.611318 1 64 1.000000
gun_tex
0  -3.551422 1.166891 -5.786288  0.000000 0.000001 -1.000000  0.077090 0.611329 1 64 1.000000
0  -3.295599 0.504892 -5.786289  -0.000000 -0.001375 -0.999999  0.077087 0.611325 1 64 1.000000
0  -3.551422 0.504892 -5.786289  0.000000 -0.008003 -0.999968  0.077090 0.611325 1 64 1.000000
gun_tex
0  -3.295599 1.166891 -5.098299  0.000000 -0.000001 1.000000  0.077182 0.611315 1 64 1.000000
0  -3.551422 0.504889 -5.098300  0.000000 -0.000001 1.000000  0.077179 0.611311 1 64 1.000000
0  -3.295599 0.504889 -5.098300  0.000000 -0.000001 1.000000  0.077182 0.611311 1 64 1.000000
gun_tex
0  -3.551423 1.972467 -6.985386  -0.000000 -0.959544 -0.281557  0.077237 0.611339 1 64 1.000000
0  -3.447013 2.742002 -9.607943  0.000020 -0.959544 -0.281559  0.077236 0.611361 1 64 1.000000
0  -3.447012 1.972467 -6.985386  0.000000 -0.959545 -0.281557  0.077236 0.611339 1 64 1.000000
gun_tex
0  -3.295599 2.924049 -6.078844  -0.000000 1.000000 -0.000014  0.077158 0.611390 1 64 1.000000
0  -3.551422 2.924051 -6.009795  0.000000 1.000000 -0.000014  0.077158 0.611392 1 64 1.000000
0  -3.295599 2.924051 -5.898502  -0.000000 1.000000 -0.000006  0.077157 0.611390 1 64 1.000000
gun_tex
0  -3.551422 1.740930 -6.196315  -0.000000 -0.683160 -0.730269  0.077101 0.611416 1 64 1.000000
0  -3.447011 1.740930 -6.196315  0.000000 -0.683192 -0.730239  0.077101 0.611417 1 64 1.000000
0  -3.447011 1.727529 -6.183777  0.000002 -0.683171 -0.730259  0.077101 0.611417 1 64 1.000000
gun_tex
0  -3.551422 1.486712 -5.958499  0.000000 -0.474099 -0.880471  0.077090 0.611331 1 64 1.000000
0  -3.295599 1.166891 -5.786288  0.000000 -0.474099 -0.880472  0.077087 0.611329 1 64 1.000000
0  -3.551422 1.166891 -5.786288  0.000000 -0.474099 -0.880472  0.077090 0.611329 1 64 1.000000
gun_tex
0  -3.295601 3.219877 -9.548079  0.000000 0.124299 -0.992245  0.077135 0.611387 1 64 1.000000
0  -3.295601 2.903858 -9.587667  0.000000 0.124299 -0.992245  0.077137 0.611387 1 64 1.000000
0  -3.447013 2.903858 -9.587667  -0.000004 0.124258 -0.992250  0.077137 0.611389 1 64 1.000000
gun_tex
0  -3.295599 1.166891 -5.786288  1.000000 -0.000000 -0.000002  0.077142 0.611315 1 64 1.000000
0  -3.295599 2.067177 -5.928693  1.000000 -0.000001 0.000000  0.077141 0.611309 1 64 1.000000
0  -3.295599 2.924051 -5.884692  1.000000 0.000001 -0.000000  0.077141 0.611304 1 64 1.000000
gun_tex
0  -3.073182 2.907387 -6.555128  1.000000 -0.000001 -0.000002  0.077234 0.611367 1 64 1.000000
0  -3.073183 2.952908 -6.716825  1.000000 0.000000 0.000001  0.077233 0.611368 1 64 1.000000
0  -3.073182 2.956373 -6.567621  1.000000 0.000000 -0.000003  0.077233 0.611367 1 64 1.000000
gun_tex
0  -3.295599 2.996663 -7.023336  0.000000 0.996117 0.088044  0.077251 0.611382 1 64 1.000000
0  -3.551423 2.992475 -6.975952  0.000000 0.996114 0.088069  0.077250 0.611385 1 64 1.000000
0  -3.295599 2.992475 -6.975952  0.000000 0.996114 0.088070  0.077250 0.611382 1 64 1.000000
gun_tex
0  -3.551423 1.972467 -6.985386  0.000000 -0.945341 0.326083  0.077237 0.611339 1 64 1.000000
0  -3.447012 1.972467 -6.985386  0.000000 -0.945341 0.326084  0.077236 0.611339 1 64 1.000000
0  -3.447011 2.055312 -6.745214  0.000008 -0.945344 0.326076  0.077236 0.611337 1 64 1.000000
gun_tex
0  -3.551423 2.039525 -6.385533  -0.000000 -0.535269 -0.844682  0.077240 0.611421 1 64 1.000000
0  -3.447011 2.039525 -6.385533  0.000000 -0.535269 -0.844682  0.077240 0.611420 1 64 1.000000
0  -3.447011 1.845441 -6.262544  -0.000004 -0.535270 -0.844681  0.077241 0.611420 1 64 1.000000
gun_tex
0  -3.551423 2.085539 -6.657578  -0.000000 -0.985995 -0.166776  0.077237 0.611336 1 64 1.000000
0  -3.447011 2.085539 -6.657578  0.000000 -0.985994 -0.166778  0.077236 0.611336 1 64 1.000000
0  -3.447011 2.055925 -6.482498  -0.000007 -0.985996 -0.166769  0.077236 0.611335 1 64 1.000000
gun_tex
0  -3.073183 2.992475 -6.975952  0.000000 0.996114 0.088069  0.077250 0.611379 1 64 1.000000
0  -3.295599 2.996663 -7.023336  0.000000 0.996117 0.088044  0.077251 0.611382 1 64 1.000000
0  -3.295599 2.992475 -6.975952  0.000000 0.996114 0.088070  0.077250 0.611382 1 64 1.000000
gun_tex
0  -3.073182 2.753604 -6.444155  1.000000 -0.000002 -0.000000  0.077234 0.611366 1 64 1.000000
0  -3.073182 2.888009 -6.419313  1.000000 -0.000002 0.000000  0.077234 0.611365 1 64 1.000000
0  -3.073182 2.880075 -6.241621  1.000000 -0.000001 0.000000  0.077234 0.611364 1 64 1.000000
gun_tex
0  -3.551424 2.894401 -9.588850  0.000000 0.124298 -0.992245  0.077137 0.611390 1 64 1.000000
0  -3.447013 2.742002 -9.607943  0.000001 0.124308 -0.992244  0.077138 0.611389 1 64 1.000000
0  -3.551424 2.742000 -9.607943  0.000000 0.124306 -0.992244  0.077138 0.611390 1 64 1.000000
gun_tex
0  -3.295599 2.067177 -5.928693  1.000000 -0.000001 0.000000  0.077141 0.611309 1 64 1.000000
0  -3.295599 1.496853 -5.967986  1.000000 0.000001 0.000000  0.077141 0.611313 1 64 1.000000
0  -3.295599 2.099578 -6.005871  1.000000 -0.000011 0.000000  0.077140 0.611309 1 64 1.000000
gun_tex
0  -3.551422 1.486712 -5.958499  0.000000 -0.683150 -0.730278  0.077099 0.611416 1 64 1.000000
0  -3.447011 1.496853 -5.967986  0.000002 -0.683130 -0.730297  0.077099 0.611417 1 64 1.000000
0  -3.295599 1.486712 -5.958499  0.000000 -0.683113 -0.730312  0.077099 0.611419 1 64 1.000000
gun_tex
0  -3.295599 2.924051 -5.898502  -0.000000 1.000000 -0.000006  0.077157 0.611390 1 64 1.000000
0  -3.551422 2.924051 -5.884692  0.000000 1.000000 -0.000004  0.077157 0.611392 1 64 1.000000
0  -3.295599 2.924051 -5.884692  0.000000 1.000000 -0.000004  0.077157 0.611390 1 64 1.000000
gun_tex
0  -3.295599 2.228907 -6.035597  1.000000 0.000002 0.000000  0.077140 0.611308 1 64 1.000000
0  -3.295599 2.924051 -5.884692  1.000000 0.000001 -0.000000  0.077141 0.611304 1 64 1.000000
0  -3.295599 2.067177 -5.928693  1.000000 -0.000001 0.000000  0.077141 0.611309 1 64 1.000000
gun_tex
0  -3.073183 2.785610 -6.705246  1.000000 -0.000002 -0.000001  0.077234 0.611368 1 64 1.000000
0  -3.073183 2.934698 -6.868636  1.000000 -0.000001 -0.000001  0.077234 0.611369 1 64 1.000000
0  -3.073182 2.915322 -6.732821  1.000000 -0.000003 0.000013  0.077234 0.611368 1 64 1.000000
gun_tex
0  -3.073183 3.024575 -7.986849  1.000000 0.000002 0.000000  0.077234 0.611378 1 64 1.000000
0  -3.073183 2.806451 -6.978841  1.000000 -0.000001 -0.000000  0.077234 0.611370 1 64 1.000000
0  -3.073183 3.051889 -8.300357  1.000000 -0.000004 -0.000001  0.077234 0.611381 1 64 1.000000
gun_tex
0  -3.295599 2.924051 -5.898502  0.447237 -0.033114 0.893803  0.077249 0.611419 1 64 1.000000
0  -3.073182 2.597713 -6.021885  0.447237 -0.033114 0.893803  0.077251 0.611421 1 64 1.000000
0  -3.073182 2.924051 -6.009795  0.447237 -0.033114 0.893803  0.077249 0.611421 1 64 1.000000
gun_tex
0  -3.294093 2.608870 -6.686878  0.616996 -0.781115 -0.095787  0.077083 0.611371 1 64 1.000000
0  -3.294256 2.609499 -6.693054  0.617017 -0.781095 -0.095821  0.077083 0.611371 1 64 1.000000
0  -3.073183 2.785610 -6.705246  0.616984 -0.781128 -0.095757  0.077080 0.611371 1 64 1.000000
gun_tex
0  -3.073182 2.649022 -6.200720  0.577424 -0.750149 -0.322270  0.077080 0.611367 1 64 1.000000
0  -3.295599 2.576139 -6.429585  0.577423 -0.750150 -0.322270  0.077083 0.611368 1 64 1.000000
0  -3.073182 2.753604 -6.444155  0.577427 -0.750145 -0.322272  0.077080 0.611369 1 64 1.000000
gun_tex
0  -3.294256 2.609499 -6.693054  0.619966 -0.782363 -0.059588  0.077083 0.611371 1 64 1.000000
0  -3.073183 2.806451 -6.978841  0.619966 -0.782363 -0.059588  0.077080 0.611373 1 64 1.000000
0  -3.073183 2.785610 -6.705246  0.619960 -0.782367 -0.059596  0.077080 0.611371 1 64 1.000000
gun_tex
0  -3.284965 2.638825 -6.981445  0.619278 -0.781178 -0.079097  0.077083 0.611373 1 64 1.000000
0  -3.073184 3.055188 -9.435450  0.619271 -0.781183 -0.079097  0.077080 0.611393 1 64 1.000000
0  -3.073183 2.806451 -6.978841  0.619279 -0.781177 -0.079097  0.077080 0.611373 1 64 1.000000
gun_tex
0  -3.073182 2.597713 -6.021885  1.000000 -0.000000 0.000000  0.077235 0.611362 1 64 1.000000
0  -3.073182 2.649022 -6.200720  1.000000 -0.000000 0.000000  0.077235 0.611364 1 64 1.000000
0  -3.073182 2.860697 -6.105806  1.000000 0.000000 0.000000  0.077234 0.611363 1 64 1.000000
gun_tex
0  -3.295601 2.903858 -9.587667  0.511011 0.106872 -0.852905  0.077137 0.611387 1 64 1.000000
0  -3.073184 3.055188 -9.435450  0.509642 0.104205 -0.854053  0.077136 0.611385 1 64 1.000000
0  -3.283521 2.903135 -9.580521  0.511005 0.106919 -0.852902  0.077137 0.611387 1 64 1.000000
gun_tex
0  -3.295599 2.547202 -5.916578  0.442195 -0.645983 0.622229  0.077203 0.611420 1 64 1.000000
0  -3.073182 2.512823 -6.110693  0.440063 -0.647313 0.622358  0.077205 0.611423 1 64 1.000000
0  -3.073182 2.597713 -6.021885  0.440971 -0.648792 0.620173  0.077204 0.611423 1 64 1.000000
gun_tex
0  -3.073182 2.512823 -6.110693  0.388973 -0.507995 -0.768532  0.077242 0.611377 1 64 1.000000
0  -3.292291 2.474496 -6.196255  0.388985 -0.507869 -0.768609  0.077244 0.611377 1 64 1.000000
0  -3.295599 2.477460 -6.199888  0.389035 -0.507826 -0.768612  0.077244 0.611377 1 64 1.000000
gun_tex
0  -3.295599 2.968958 -6.709994  0.000000 0.996116 0.088049  0.077251 0.611286 1 64 1.000000
0  -3.551423 2.956373 -6.567621  0.000000 0.996116 0.088049  0.077249 0.611289 1 64 1.000000
0  -3.295599 2.956373 -6.567621  0.000000 0.996116 0.088050  0.077249 0.611286 1 64 1.000000
gun_tex
0  -3.295600 3.011825 -7.194846  0.000000 0.996115 0.088064  0.077250 0.611229 1 64 1.000000
0  -3.551423 3.024364 -7.336678  0.000000 0.996115 0.088066  0.077251 0.611232 1 64 1.000000
0  -3.551423 3.011825 -7.194846  0.000000 0.996114 0.088068  0.077250 0.611232 1 64 1.000000
gun_tex
0  -3.295600 3.052069 -7.650018  0.000000 0.996115 0.088066  0.077252 0.611275 1 64 1.000000
0  -3.551423 3.039554 -7.508458  0.000000 0.996115 0.088067  0.077251 0.611278 1 64 1.000000
0  -3.295600 3.039554 -7.508458  0.000000 0.996115 0.088065  0.077251 0.611275 1 64 1.000000
gun_tex
0  -3.295600 3.079770 -7.963361  0.000000 0.996114 0.088069  0.077252 0.611286 1 64 1.000000
0  -3.551423 3.067279 -7.822071  0.000000 0.996114 0.088069  0.077251 0.611289 1 64 1.000000
0  -3.295600 3.067279 -7.822071  0.000000 0.996114 0.088068  0.077251 0.611286 1 64 1.000000
gun_tex
0  -3.295601 3.107473 -8.276703  0.000000 0.996114 0.088071  0.077252 0.611369 1 64 1.000000
0  -3.551423 3.095005 -8.135684  0.000000 0.996114 0.088072  0.077251 0.611372 1 64 1.000000
0  -3.295601 3.095005 -8.135684  0.000000 0.996114 0.088070  0.077251 0.611369 1 64 1.000000
gun_tex
0  -3.295601 3.135176 -8.590044  0.000000 0.996114 0.088072  0.077252 0.611397 1 64 1.000000
0  -3.551424 3.122732 -8.449297  0.000000 0.996114 0.088072  0.077251 0.611400 1 64 1.000000
0  -3.295601 3.122732 -8.449297  0.000000 0.996114 0.088074  0.077251 0.611397 1 64 1.000000
gun_tex
0  -3.295601 3.162880 -8.903386  0.000000 0.996114 0.088074  0.077252 0.611320 1 64 1.000000
0  -3.551424 3.150459 -8.762908  0.000000 0.996114 0.088074  0.077251 0.611323 1 64 1.000000
0  -3.295601 3.150459 -8.762908  0.000000 0.996114 0.088074  0.077251 0.611320 1 64 1.000000
gun_tex
0  -3.295601 3.190583 -9.216726  0.000000 0.996112 0.088090  0.077233 0.611411 1 64 1.000000
0  -3.551424 3.178184 -9.076523  -0.000000 0.996113 0.088090  0.077232 0.611414 1 64 1.000000
0  -3.295601 3.178184 -9.076522  0.000000 0.996113 0.088090  0.077232 0.611411 1 64 1.000000
gun_tex
0  -3.295601 3.219877 -9.548079  0.000001 0.996114 0.088069  0.077250 0.611248 1 64 1.000000
0  -3.551424 3.205913 -9.390135  0.000000 0.996114 0.088069  0.077249 0.611251 1 64 1.000000
0  -3.295601 3.205913 -9.390135  0.000002 0.996115 0.088067  0.077249 0.611248 1 64 1.000000
gun_tex
0  -3.295599 2.941258 -6.396652  0.000000 0.996114 0.088074  0.077250 0.611336 1 64 1.000000
0  -3.551423 2.928646 -6.254009  0.000000 0.996114 0.088074  0.077249 0.611339 1 64 1.000000
0  -3.295599 2.928646 -6.254009  0.000000 0.996114 0.088072  0.077249 0.611336 1 64 1.000000
gun_tex
0  -3.073182 2.941258 -6.396652  0.000000 0.996114 0.088071  0.077250 0.611333 1 64 1.000000
0  -3.295599 2.928646 -6.254009  0.000000 0.996114 0.088072  0.077249 0.611336 1 64 1.000000
0  -3.073182 2.928646 -6.254009  0.000000 0.996114 0.088069  0.077249 0.611333 1 64 1.000000
gun_tex
0  -3.073182 2.956373 -6.567621  0.000000 0.996116 0.088049  0.077249 0.611284 1 64 1.000000
0  -3.295599 2.968958 -6.709994  0.000000 0.996116 0.088049  0.077251 0.611286 1 64 1.000000
0  -3.295599 2.956373 -6.567621  0.000000 0.996116 0.088050  0.077249 0.611286 1 64 1.000000
gun_tex
0  -3.073183 3.024364 -7.336678  0.000000 0.996115 0.088065  0.077251 0.611226 1 64 1.000000
0  -3.295600 3.011825 -7.194846  0.000000 0.996115 0.088064  0.077250 0.611229 1 64 1.000000
0  -3.073183 3.011825 -7.194846  0.000000 0.996114 0.088068  0.077250 0.611226 1 64 1.000000
gun_tex
0  -3.073183 3.039554 -7.508459  0.000000 0.996115 0.088067  0.077251 0.611272 1 64 1.000000
0  -3.295600 3.052069 -7.650018  0.000000 0.996115 0.088066  0.077252 0.611275 1 64 1.000000
0  -3.295600 3.039554 -7.508458  0.000000 0.996115 0.088065  0.077251 0.611275 1 64 1.000000
gun_tex
0  -3.073183 3.079770 -7.963361  0.000000 0.996115 0.088067  0.077252 0.611284 1 64 1.000000
0  -3.295600 3.067279 -7.822071  0.000000 0.996114 0.088068  0.077251 0.611286 1 64 1.000000
0  -3.073183 3.067279 -7.822071  0.000000 0.996115 0.088066  0.077251 0.611284 1 64 1.000000
gun_tex
0  -3.073183 3.107473 -8.276703  0.000000 0.996114 0.088070  0.077252 0.611367 1 64 1.000000
0  -3.295601 3.095005 -8.135684  0.000000 0.996114 0.088070  0.077251 0.611369 1 64 1.000000
0  -3.073183 3.095005 -8.135684  0.000000 0.996114 0.088068  0.077251 0.611367 1 64 1.000000
gun_tex
0  -3.073184 3.135176 -8.590044  0.000000 0.996114 0.088074  0.077252 0.611394 1 64 1.000000
0  -3.295601 3.122732 -8.449297  0.000000 0.996114 0.088074  0.077251 0.611397 1 64 1.000000
0  -3.073183 3.122732 -8.449297  0.000000 0.996114 0.088075  0.077251 0.611394 1 64 1.000000
gun_tex
0  -3.073184 3.162880 -8.903386  0.000000 0.996114 0.088073  0.077252 0.611318 1 64 1.000000
0  -3.295601 3.150459 -8.762908  0.000000 0.996114 0.088074  0.077251 0.611320 1 64 1.000000
0  -3.073184 3.150459 -8.762908  0.000000 0.996114 0.088073  0.077251 0.611318 1 64 1.000000
gun_tex
0  -3.073184 3.178184 -9.076523  0.000000 0.996113 0.088089  0.077232 0.611408 1 64 1.000000
0  -3.295601 3.190583 -9.216726  0.000000 0.996112 0.088090  0.077233 0.611411 1 64 1.000000
0  -3.295601 3.178184 -9.076522  0.000000 0.996113 0.088090  0.077232 0.611411 1 64 1.000000
gun_tex
0  -3.073184 3.208314 -9.417304  0.000001 0.996116 0.088045  0.077249 0.611245 1 64 1.000000
0  -3.295601 3.205913 -9.390135  0.000002 0.996115 0.088067  0.077249 0.611248 1 64 1.000000
0  -3.073184 3.205913 -9.390135  0.000000 0.996117 0.088034  0.077249 0.611245 1 64 1.000000
gun_tex
0  -3.073183 2.992475 -6.975952  0.000000 0.996114 0.088069  0.077250 0.611379 1 64 1.000000
0  -3.295599 2.984098 -6.881234  0.000000 0.996112 0.088096  0.077249 0.611382 1 64 1.000000
0  -3.073183 2.984098 -6.881234  0.000000 0.996112 0.088095  0.077249 0.611379 1 64 1.000000
gun_tex
0  -3.295599 2.992475 -6.975952  0.000000 0.996114 0.088070  0.077250 0.611382 1 64 1.000000
0  -3.551423 2.984098 -6.881234  0.000000 0.996112 0.088094  0.077249 0.611385 1 64 1.000000
0  -3.295599 2.984098 -6.881234  0.000000 0.996112 0.088096  0.077249 0.611382 1 64 1.000000
gun_tex
0  -3.551424 3.153208 -9.376693  0.000000 0.989974 0.141247  0.077254 0.611385 1 64 1.000000
0  -3.073184 3.133831 -9.240878  0.000000 0.989974 0.141251  0.077253 0.611379 1 64 1.000000
0  -3.073184 3.153208 -9.376693  0.000000 0.989974 0.141253  0.077254 0.611379 1 64 1.000000
gun_tex
0  -3.295601 3.205913 -9.390135  0.000000 0.000000 1.000000  0.077059 0.611424 1 64 1.000000
0  -3.551424 3.205913 -9.390135  0.000000 0.000000 1.000000  0.077059 0.611424 1 64 1.000000
0  -3.073184 3.205913 -9.390135  0.000000 0.000000 1.000000  0.077059 0.611424 1 64 1.000000
gun_tex
0  -3.073184 3.190583 -9.216726  0.000000 0.000000 1.000000  0.077059 0.611424 1 64 1.000000
0  -3.551424 3.190583 -9.216726  0.000000 0.000000 1.000000  0.077059 0.611424 1 64 1.000000
0  -3.295601 3.190583 -9.216726  0.000000 0.000000 1.000000  0.077059 0.611424 1 64 1.000000
gun_tex
0  -3.551424 3.205913 -9.390135  0.000000 0.247137 0.968981  0.077215 0.611386 1 64 1.000000
0  -3.073184 3.153208 -9.376693  0.000000 0.247135 0.968981  0.077214 0.611380 1 64 1.000000
0  -3.073184 3.205913 -9.390135  0.000000 0.247135 0.968981  0.077215 0.611380 1 64 1.000000
gun_tex
0  -3.551424 3.133831 -9.240878  0.000000 0.391581 -0.920144  0.077248 0.611303 1 64 1.000000
0  -3.073184 3.190583 -9.216726  0.000000 0.391583 -0.920143  0.077248 0.611297 1 64 1.000000
0  -3.073184 3.133831 -9.240878  0.000000 0.391583 -0.920143  0.077248 0.611297 1 64 1.000000
gun_tex
0  -3.551424 3.178184 -9.076523  0.000000 0.247142 0.968979  0.077247 0.611269 1 64 1.000000
0  -3.073184 3.125897 -9.063187  0.000000 0.247144 0.968979  0.077246 0.611264 1 64 1.000000
0  -3.073184 3.178184 -9.076523  0.000000 0.247144 0.968979  0.077247 0.611264 1 64 1.000000
gun_tex
0  -3.551424 3.106521 -8.927372  0.000000 0.391601 -0.920135  0.077233 0.611413 1 64 1.000000
0  -3.073184 3.162880 -8.903386  0.000000 0.391600 -0.920136  0.077233 0.611408 1 64 1.000000
0  -3.073184 3.106521 -8.927372  0.000000 0.391600 -0.920136  0.077233 0.611408 1 64 1.000000
gun_tex
0  -3.295601 3.178184 -9.076522  0.000000 -1.000000 0.000000  0.077059 0.611427 1 64 1.000000
0  -3.551424 3.178184 -9.076523  0.000000 -1.000000 0.000000  0.077059 0.611424 1 64 1.000000
0  -3.073184 3.178184 -9.076523  0.000000 -1.000000 0.000000  0.077059 0.611430 1 64 1.000000
gun_tex
0  -3.073184 3.125897 -9.063187  0.000000 0.989976 0.141235  0.077254 0.611351 1 64 1.000000
0  -3.551424 3.106521 -8.927372  0.000000 0.989976 0.141235  0.077253 0.611356 1 64 1.000000
0  -3.073184 3.106521 -8.927372  0.000000 0.989976 0.141235  0.077253 0.611351 1 64 1.000000
gun_tex
0  -3.073184 3.162880 -8.903386  0.000000 0.000000 1.000000  0.077059 0.611424 1 64 1.000000
0  -3.551424 3.162880 -8.903386  0.000000 0.000000 1.000000  0.077059 0.611424 1 64 1.000000
0  -3.295601 3.162880 -8.903386  0.000000 0.000000 1.000000  0.077059 0.611424 1 64 1.000000
gun_tex
0  -3.551424 3.098581 -8.749679  0.000000 0.989976 0.141234  0.077254 0.611400 1 64 1.000000
0  -3.073184 3.079205 -8.613864  0.000000 0.989977 0.141232  0.077253 0.611394 1 64 1.000000
0  -3.073184 3.098581 -8.749679  0.000000 0.989977 0.141231  0.077254 0.611394 1 64 1.000000
gun_tex
0  -3.551424 3.150459 -8.762908  0.000000 0.247101 0.968990  0.077080 0.611413 1 64 1.000000
0  -3.073184 3.098581 -8.749679  0.000000 0.247100 0.968990  0.077080 0.611419 1 64 1.000000
0  -3.073184 3.150459 -8.762908  0.000000 0.247099 0.968990  0.077080 0.611419 1 64 1.000000
gun_tex
0  -3.073184 3.135176 -8.590044  0.000000 0.000000 -1.000000  0.077059 0.611424 1 64 1.000000
0  -3.551424 3.135176 -8.590044  0.000000 0.000000 -1.000000  0.077059 0.611424 1 64 1.000000
0  -3.295601 3.135176 -8.590044  0.000000 0.000000 -1.000000  0.077059 0.611424 1 64 1.000000
gun_tex
0  -3.551424 3.079205 -8.613864  0.000000 0.391587 -0.920141  0.077167 0.611414 1 64 1.000000
0  -3.073184 3.135176 -8.590044  0.000000 0.391588 -0.920141  0.077167 0.611409 1 64 1.000000
0  -3.073184 3.079205 -8.613864  0.000000 0.391588 -0.920141  0.077167 0.611409 1 64 1.000000
gun_tex
0  -3.295601 3.150459 -8.762908  0.000000 0.000000 -1.000000  0.077080 0.611416 1 64 1.000000
0  -3.551424 3.150459 -8.762908  0.000000 0.000000 -1.000000  0.077080 0.611413 1 64 1.000000
0  -3.073184 3.150459 -8.762908  0.000000 0.000000 -1.000000  0.077080 0.611419 1 64 1.000000
gun_tex
0  -3.073183 3.107473 -8.276703  0.000000 0.000000 1.000000  0.077059 0.611424 1 64 1.000000
0  -3.551424 3.107473 -8.276703  0.000000 0.000000 1.000000  0.077059 0.611424 1 64 1.000000
0  -3.295601 3.107473 -8.276703  0.000000 0.000000 1.000000  0.077059 0.611424 1 64 1.000000
gun_tex
0  -3.551424 3.071267 -8.436172  0.000000 0.989974 0.141250  0.077254 0.611301 1 64 1.000000
0  -3.073183 3.051889 -8.300357  0.000000 0.989974 0.141249  0.077253 0.611295 1 64 1.000000
0  -3.073183 3.071267 -8.436172  0.000000 0.989974 0.141249  0.077254 0.611295 1 64 1.000000
gun_tex
0  -3.295601 3.122732 -8.449297  0.000000 0.000000 1.000000  0.077059 0.611424 1 64 1.000000
0  -3.551424 3.122732 -8.449297  0.000000 0.000000 1.000000  0.077059 0.611424 1 64 1.000000
0  -3.073183 3.122732 -8.449297  0.000000 0.000000 1.000000  0.077059 0.611424 1 64 1.000000
gun_tex
0  -3.551424 3.051889 -8.300357  0.000000 0.391571 -0.920148  0.077069 0.611417 1 64 1.000000
0  -3.073183 3.107473 -8.276703  0.000000 0.391570 -0.920148  0.077069 0.611411 1 64 1.000000
0  -3.073183 3.051889 -8.300357  0.000000 0.391570 -0.920148  0.077069 0.611411 1 64 1.000000
gun_tex
0  -3.551424 3.122732 -8.449297  0.000000 0.247125 0.968984  0.077091 0.611413 1 64 1.000000
0  -3.073183 3.071267 -8.436172  0.000000 0.247126 0.968983  0.077092 0.611419 1 64 1.000000
0  -3.073183 3.122732 -8.449297  0.000000 0.247126 0.968983  0.077091 0.611419 1 64 1.000000
gun_tex
0  -3.551423 3.095005 -8.135684  0.000000 0.247132 0.968982  0.077064 0.611415 1 64 1.000000
0  -3.073183 3.043953 -8.122663  0.000000 0.247136 0.968981  0.077064 0.611410 1 64 1.000000
0  -3.073183 3.095005 -8.135684  0.000000 0.247136 0.968981  0.077064 0.611410 1 64 1.000000
gun_tex
0  -3.551423 3.024575 -7.986849  0.000000 0.391568 -0.920149  0.077206 0.611417 1 64 1.000000
0  -3.073183 3.079770 -7.963361  0.000000 0.391566 -0.920150  0.077206 0.611411 1 64 1.000000
0  -3.073183 3.024575 -7.986849  0.000000 0.391566 -0.920150  0.077206 0.611411 1 64 1.000000
gun_tex
0  -3.551423 3.043953 -8.122663  0.000000 0.989974 0.141251  0.077254 0.611278 1 64 1.000000
0  -3.073183 3.024575 -7.986849  0.000000 0.989974 0.141247  0.077253 0.611272 1 64 1.000000
0  -3.073183 3.043953 -8.122663  0.000000 0.989975 0.141246  0.077254 0.611272 1 64 1.000000
gun_tex
0  -3.295601 3.095005 -8.135684  0.000000 0.000000 1.000000  0.077059 0.611424 1 64 1.000000
0  -3.551423 3.095005 -8.135684  0.000000 0.000000 1.000000  0.077059 0.611424 1 64 1.000000
0  -3.073183 3.095005 -8.135684  0.000000 0.000000 1.000000  0.077059 0.611424 1 64 1.000000
gun_tex
0  -3.073183 3.079770 -7.963361  0.000000 0.000000 -1.000000  0.077059 0.611430 1 64 1.000000
0  -3.551423 3.079770 -7.963361  0.000000 0.000000 -1.000000  0.077059 0.611424 1 64 1.000000
0  -3.295600 3.079770 -7.963361  0.000000 0.000000 -1.000000  0.077059 0.611427 1 64 1.000000
gun_tex
0  -3.073183 2.997264 -7.673343  0.000000 0.391605 -0.920133  0.077252 0.611413 1 64 1.000000
0  -3.551423 3.052069 -7.650018  0.000000 0.391605 -0.920134  0.077251 0.611418 1 64 1.000000
0  -3.073183 3.052069 -7.650018  0.000000 0.391606 -0.920133  0.077251 0.611413 1 64 1.000000
gun_tex
0  -3.295600 3.067279 -7.822071  0.000000 0.000000 1.000000  0.077059 0.611424 1 64 1.000000
0  -3.551423 3.067279 -7.822071  0.000000 0.000000 1.000000  0.077059 0.611424 1 64 1.000000
0  -3.073183 3.067279 -7.822071  0.000000 0.000000 1.000000  0.077059 0.611424 1 64 1.000000
gun_tex
0  -3.551423 3.016640 -7.809156  0.000000 0.989976 0.141239  0.077064 0.611415 1 64 1.000000
0  -3.073183 2.997264 -7.673343  0.000000 0.989976 0.141236  0.077063 0.611410 1 64 1.000000
0  -3.073183 3.016640 -7.809156  0.000000 0.989976 0.141236  0.077064 0.611410 1 64 1.000000
gun_tex
0  -3.073183 3.052069 -7.650018  0.000000 0.000000 1.000000  0.077059 0.611424 1 64 1.000000
0  -3.551423 3.052069 -7.650018  0.000000 0.000000 1.000000  0.077059 0.611424 1 64 1.000000
0  -3.295600 3.052069 -7.650018  0.000000 0.000000 1.000000  0.077059 0.611424 1 64 1.000000
gun_tex
0  -3.551423 3.067279 -7.822071  0.000000 0.247115 0.968986  0.077198 0.611418 1 64 1.000000
0  -3.073183 3.016640 -7.809156  0.000000 0.247117 0.968986  0.077198 0.611424 1 64 1.000000
0  -3.073183 3.067279 -7.822071  0.000000 0.247117 0.968985  0.077198 0.611424 1 64 1.000000
gun_tex
0  -3.295600 3.039554 -7.508458  0.000000 -1.000000 0.000000  0.077059 0.611427 1 64 1.000000
0  -3.551423 3.039554 -7.508458  0.000000 -1.000000 0.000000  0.077059 0.611424 1 64 1.000000
0  -3.073183 3.039554 -7.508459  0.000000 -1.000000 0.000000  0.077059 0.611430 1 64 1.000000
gun_tex
0  -3.073183 3.024364 -7.336678  0.000000 0.000000 1.000000  0.077059 0.611430 1 64 1.000000
0  -3.551423 3.024364 -7.336678  0.000000 0.000000 1.000000  0.077059 0.611424 1 64 1.000000
0  -3.295600 3.024364 -7.336678  0.000000 0.000000 1.000000  0.077059 0.611427 1 64 1.000000
gun_tex
0  -3.073183 3.039554 -7.508459  0.000000 0.247141 0.968980  0.077257 0.611248 1 64 1.000000
0  -3.551423 2.989330 -7.495649  0.000002 0.247117 0.968986  0.077257 0.611242 1 64 1.000000
0  -3.073183 2.989330 -7.495649  0.000000 0.247142 0.968979  0.077257 0.611248 1 64 1.000000
gun_tex
0  -3.551423 2.989330 -7.495649  0.000000 0.989972 0.141264  0.077254 0.611232 1 64 1.000000
0  -3.073183 2.969950 -7.359835  0.000000 0.989972 0.141264  0.077253 0.611226 1 64 1.000000
0  -3.073183 2.989330 -7.495649  0.000000 0.989972 0.141264  0.077254 0.611226 1 64 1.000000
gun_tex
0  -3.551423 2.969950 -7.359835  0.000000 0.391594 -0.920138  0.077080 0.611418 1 64 1.000000
0  -3.073183 3.024364 -7.336678  0.000000 0.391592 -0.920139  0.077079 0.611413 1 64 1.000000
0  -3.073183 2.969950 -7.359835  0.000000 0.391592 -0.920139  0.077080 0.611413 1 64 1.000000
gun_tex
0  -3.073183 2.984098 -6.881234  0.000000 0.247122 0.968984  0.077257 0.611379 1 64 1.000000
0  -3.551423 2.934698 -6.868636  0.000000 0.247122 0.968984  0.077257 0.611385 1 64 1.000000
0  -3.073183 2.934698 -6.868636  0.000000 0.247122 0.968984  0.077257 0.611379 1 64 1.000000
gun_tex
0  -3.551423 2.915322 -6.732821  0.000000 0.391586 -0.920142  0.077257 0.611242 1 64 1.000000
0  -3.073183 2.952908 -6.716825  0.000000 0.391622 -0.920126  0.077257 0.611236 1 64 1.000000
0  -3.073182 2.915322 -6.732821  0.000000 0.391583 -0.920143  0.077257 0.611236 1 64 1.000000
gun_tex
0  -3.295599 2.984098 -6.881234  0.000000 0.000000 -1.000000  0.077059 0.611424 1 64 1.000000
0  -3.551423 2.984098 -6.881234  0.000000 0.000000 -1.000000  0.077059 0.611424 1 64 1.000000
0  -3.073183 2.984098 -6.881234  0.000000 0.000000 -1.000000  0.077059 0.611424 1 64 1.000000
gun_tex
0  -3.551423 2.952908 -6.716825  0.000000 0.391623 -0.920126  0.077257 0.611242 1 64 1.000000
0  -3.073183 2.968958 -6.709994  0.000000 0.391660 -0.920110  0.077257 0.611236 1 64 1.000000
0  -3.073183 2.952908 -6.716825  0.000000 0.391622 -0.920126  0.077257 0.611236 1 64 1.000000
gun_tex
0  -3.073183 2.962012 -7.182143  0.000000 0.989979 0.141216  0.077254 0.611256 1 64 1.000000
0  -3.551423 2.942638 -7.046327  0.000000 0.989978 0.141219  0.077252 0.611262 1 64 1.000000
0  -3.073183 2.942638 -7.046327  0.000000 0.989979 0.141216  0.077252 0.611256 1 64 1.000000
gun_tex
0  -3.295600 3.011825 -7.194846  0.000000 0.000000 -1.000000  0.077257 0.611259 1 64 1.000000
0  -3.551423 3.011825 -7.194846  0.000000 0.000000 -1.000000  0.077257 0.611262 1 64 1.000000
0  -3.073183 3.011825 -7.194846  0.000000 0.000000 -1.000000  0.077257 0.611256 1 64 1.000000
gun_tex
0  -3.551423 3.011825 -7.194846  0.000000 0.247096 0.968991  0.077257 0.611262 1 64 1.000000
0  -3.073183 2.962012 -7.182143  0.000000 0.247096 0.968991  0.077257 0.611256 1 64 1.000000
0  -3.073183 3.011825 -7.194846  0.000000 0.247096 0.968991  0.077257 0.611256 1 64 1.000000
gun_tex
0  -3.551423 2.934698 -6.868636  0.000000 0.989976 0.141235  0.077254 0.611372 1 64 1.000000
0  -3.073182 2.915322 -6.732821  0.000000 0.989976 0.141237  0.077253 0.611367 1 64 1.000000
0  -3.073183 2.934698 -6.868636  0.000000 0.989976 0.141237  0.077254 0.611367 1 64 1.000000
gun_tex
0  -3.073183 2.996663 -7.023336  0.000000 0.000000 1.000000  0.077059 0.611430 1 64 1.000000
0  -3.551423 2.996663 -7.023336  0.000000 0.000000 1.000000  0.077059 0.611424 1 64 1.000000
0  -3.295599 2.996663 -7.023336  0.000000 0.000000 1.000000  0.077059 0.611427 1 64 1.000000
gun_tex
0  -3.073183 2.968958 -6.709994  0.000000 0.000000 1.000000  0.077059 0.611424 1 64 1.000000
0  -3.551423 2.968958 -6.709994  0.000000 0.000000 1.000000  0.077059 0.611424 1 64 1.000000
0  -3.295599 2.968958 -6.709994  0.000000 0.000000 1.000000  0.077059 0.611424 1 64 1.000000
gun_tex
0  -3.551423 2.942638 -7.046327  0.000000 0.391584 -0.920142  0.077257 0.611278 1 64 1.000000
0  -3.073183 2.996663 -7.023336  0.000000 0.391584 -0.920142  0.077257 0.611272 1 64 1.000000
0  -3.073183 2.942638 -7.046327  0.000000 0.391584 -0.920142  0.077257 0.611272 1 64 1.000000
gun_tex
0  -3.551423 2.907387 -6.555128  0.000000 0.989976 0.141239  0.077254 0.611413 1 64 1.000000
0  -3.073182 2.893189 -6.455613  0.000000 0.989972 0.141263  0.077253 0.611407 1 64 1.000000
0  -3.073182 2.907387 -6.555128  0.000000 0.989976 0.141235  0.077254 0.611407 1 64 1.000000
gun_tex
0  -3.551423 2.888009 -6.419313  0.000000 0.391580 -0.920144  0.077257 0.611318 1 64 1.000000
0  -3.073182 2.941258 -6.396652  0.000000 0.391581 -0.920144  0.077257 0.611312 1 64 1.000000
0  -3.073182 2.888009 -6.419313  0.000000 0.391580 -0.920144  0.077257 0.611312 1 64 1.000000
gun_tex
0  -3.295599 2.956373 -6.567621  0.000000 0.000000 1.000000  0.077059 0.611424 1 64 1.000000
0  -3.551423 2.956373 -6.567621  0.000000 0.000000 1.000000  0.077059 0.611424 1 64 1.000000
0  -3.073182 2.956373 -6.567621  0.000000 0.000000 1.000000  0.077059 0.611424 1 64 1.000000
gun_tex
0  -3.551423 2.893189 -6.455613  0.000000 0.989973 0.141258  0.077253 0.611413 1 64 1.000000
0  -3.073182 2.888009 -6.419313  0.000000 0.989968 0.141289  0.077253 0.611407 1 64 1.000000
0  -3.073182 2.893189 -6.455613  0.000000 0.989972 0.141263  0.077253 0.611407 1 64 1.000000
gun_tex
0  -3.073182 2.941258 -6.396652  0.000000 0.000000 1.000000  0.077059 0.611424 1 64 1.000000
0  -3.551423 2.941258 -6.396652  0.000000 0.000000 1.000000  0.077059 0.611424 1 64 1.000000
0  -3.295599 2.941258 -6.396652  0.000000 0.000000 1.000000  0.077059 0.611424 1 64 1.000000
gun_tex
0  -3.551423 2.956373 -6.567621  0.000000 0.247132 0.968982  0.077257 0.611300 1 64 1.000000
0  -3.073182 2.907387 -6.555128  0.000000 0.247132 0.968982  0.077257 0.611295 1 64 1.000000
0  -3.073182 2.956373 -6.567621  0.000000 0.247132 0.968982  0.077257 0.611295 1 64 1.000000
gun_tex
0  -3.295599 2.928646 -6.254009  0.000000 0.000000 1.000000  0.077059 0.611424 1 64 1.000000
0  -3.551423 2.928646 -6.254009  0.000000 0.000000 1.000000  0.077059 0.611424 1 64 1.000000
0  -3.073182 2.928646 -6.254009  0.000000 0.000000 1.000000  0.077059 0.611424 1 64 1.000000
gun_tex
0  -3.073182 2.924049 -6.078844  0.000000 0.000000 1.000000  0.077059 0.611424 1 64 1.000000
0  -3.551423 2.924049 -6.078844  0.000000 0.000000 1.000000  0.077059 0.611424 1 64 1.000000
0  -3.295599 2.924049 -6.078844  0.000000 0.000000 1.000000  0.077059 0.611424 1 64 1.000000
gun_tex
0  -3.551423 2.880075 -6.241621  0.000000 0.989972 0.141266  0.077254 0.611339 1 64 1.000000
0  -3.073182 2.874394 -6.201813  0.000000 0.989974 0.141250  0.077254 0.611333 1 64 1.000000
0  -3.073182 2.880075 -6.241621  0.000000 0.989973 0.141260  0.077254 0.611333 1 64 1.000000
gun_tex
0  -3.551423 2.928646 -6.254009  0.000000 0.247130 0.968982  0.077160 0.611419 1 64 1.000000
0  -3.073182 2.880075 -6.241621  0.000000 0.247131 0.968982  0.077160 0.611413 1 64 1.000000
0  -3.073182 2.928646 -6.254009  0.000000 0.247131 0.968982  0.077160 0.611413 1 64 1.000000
gun_tex
0  -3.551423 2.860697 -6.105806  0.000000 0.391597 -0.920137  0.077117 0.611392 1 64 1.000000
0  -3.073182 2.924049 -6.078844  0.000000 0.391598 -0.920136  0.077117 0.611387 1 64 1.000000
0  -3.073182 2.860697 -6.105806  0.000000 0.391598 -0.920136  0.077117 0.611387 1 64 1.000000
gun_tex
0  -3.551423 2.874394 -6.201813  0.000000 0.989973 0.141255  0.077254 0.611339 1 64 1.000000
0  -3.073182 2.860697 -6.105806  0.000000 0.989975 0.141239  0.077253 0.611333 1 64 1.000000
0  -3.073182 2.874394 -6.201813  0.000000 0.989974 0.141250  0.077254 0.611333 1 64 1.000000
gun_tex
0  -3.295599 1.166891 -5.786288  1.000000 -0.000000 -0.000002  0.077142 0.611315 1 64 1.000000
0  -3.295599 0.504890 -5.556959  1.000000 0.000000 -0.000001  0.077144 0.611318 1 64 1.000000
0  -3.295599 0.504892 -5.786289  1.000000 0.000001 -0.000002  0.077142 0.611318 1 64 1.000000
gun_tex
0  -3.295599 1.166891 -5.556958  1.000000 -0.000000 -0.000001  0.077144 0.611315 1 64 1.000000
0  -3.295599 0.504891 -5.327629  1.000000 -0.000000 0.000000  0.077146 0.611318 1 64 1.000000
0  -3.295599 0.504890 -5.556959  1.000000 0.000000 -0.000001  0.077144 0.611318 1 64 1.000000
gun_tex
0  -3.295599 2.924051 -5.884692  1.000000 0.000001 -0.000000  0.077141 0.611304 1 64 1.000000
0  -3.295599 1.166891 -5.556958  1.000000 -0.000000 -0.000001  0.077144 0.611315 1 64 1.000000
0  -3.295599 1.166891 -5.786288  1.000000 -0.000000 -0.000002  0.077142 0.611315 1 64 1.000000
gun_tex
0  -3.295599 2.924053 -5.622561  1.000000 0.000000 -0.000000  0.077144 0.611304 1 64 1.000000
0  -3.295599 1.166890 -5.327629  1.000000 0.000000 -0.000000  0.077146 0.611315 1 64 1.000000
0  -3.295599 1.166891 -5.556958  1.000000 -0.000000 -0.000001  0.077144 0.611315 1 64 1.000000
gun_tex
0  -3.551422 2.924051 -5.884692  0.000000 1.000000 -0.000004  0.077157 0.611392 1 64 1.000000
0  -3.295599 2.924053 -5.622561  0.000000 1.000000 -0.000000  0.077155 0.611390 1 64 1.000000
0  -3.295599 2.924051 -5.884692  0.000000 1.000000 -0.000004  0.077157 0.611390 1 64 1.000000
gun_tex
0  -3.551422 2.924053 -5.622561  0.000000 1.000000 0.000000  0.077155 0.611392 1 64 1.000000
0  -3.295599 2.924051 -5.360428  0.000000 1.000000 0.000007  0.077152 0.611389 1 64 1.000000
0  -3.295599 2.924053 -5.622561  0.000000 1.000000 -0.000000  0.077155 0.611390 1 64 1.000000
gun_tex
0  -3.295599 0.504892 -5.786289  1.000000 0.000001 -0.000002  0.077142 0.611318 1 64 1.000000
0  -3.295599 0.086663 -5.588453  1.000000 0.000000 -0.000000  0.077144 0.611321 1 64 1.000000
0  -3.295599 0.086664 -5.782366  1.000000 0.000001 0.000000  0.077142 0.611321 1 64 1.000000
gun_tex
0  -3.295599 0.504890 -5.556959  1.000000 0.000000 -0.000001  0.077144 0.611318 1 64 1.000000
0  -3.295599 0.086662 -5.394542  1.000000 0.000000 -0.000000  0.077145 0.611321 1 64 1.000000
0  -3.295599 0.086663 -5.588453  1.000000 0.000000 -0.000000  0.077144 0.611321 1 64 1.000000
gun_tex
0  -3.295599 0.086664 -5.782366  1.000000 0.000001 0.000000  0.077142 0.611321 1 64 1.000000
0  -3.295598 -6.217021 -5.588461  1.000000 0.000000 0.000000  0.077144 0.611359 1 64 1.000000
0  -3.295598 -6.217019 -5.782373  1.000000 0.000000 0.000000  0.077142 0.611359 1 64 1.000000
gun_tex
0  -3.295599 0.086663 -5.588453  -0.000028 -0.000001 1.000000  0.077242 0.611263 1 64 1.000000
0  -3.381882 -6.121169 -5.588461  -0.000004 -0.000001 1.000000  0.077241 0.611227 1 64 1.000000
0  -3.295598 -6.217021 -5.588461  -0.000004 -0.000001 1.000000  0.077242 0.611226 1 64 1.000000
gun_tex
0  -3.295598 -6.742584 -5.782373  0.000000 -1.000000 -0.000001  0.077096 0.611397 1 64 1.000000
0  -3.551421 -6.742584 -5.588462  0.000000 -1.000000 0.000000  0.077098 0.611400 1 64 1.000000
0  -3.551421 -6.742584 -5.782373  0.000000 -1.000000 -0.000086  0.077096 0.611400 1 64 1.000000
gun_tex
0  -3.295598 -6.742584 -5.588462  0.000000 -1.000000 0.000000  0.077098 0.611397 1 64 1.000000
0  -3.551421 -6.742584 -5.394550  0.000000 -1.000000 0.000000  0.077099 0.611400 1 64 1.000000
0  -3.551421 -6.742584 -5.588462  0.000000 -1.000000 0.000000  0.077098 0.611400 1 64 1.000000
gun_tex
0  -3.295598 -6.319463 -5.588461  1.000000 0.000000 -0.000000  0.077144 0.611359 1 64 1.000000
0  -3.295598 -6.742584 -5.394550  1.000000 0.000001 -0.000001  0.077145 0.611362 1 64 1.000000
0  -3.295598 -6.742584 -5.588462  1.000000 0.000000 -0.000001  0.077144 0.611362 1 64 1.000000
gun_tex
0  -3.295598 -6.319463 -5.782373  1.000000 -0.000000 0.000000  0.077142 0.611359 1 64 1.000000
0  -3.295598 -6.742584 -5.588462  1.000000 0.000000 -0.000001  0.077144 0.611362 1 64 1.000000
0  -3.295598 -6.742584 -5.782373  1.000000 -0.000001 0.000000  0.077142 0.611362 1 64 1.000000
gun_tex
0  -3.295598 -6.742584 -5.200639  0.000000 -0.000001 1.000000  0.077182 0.611269 1 64 1.000000
0  -3.551421 -6.319465 -5.200638  0.000000 -0.000003 1.000000  0.077179 0.611271 1 64 1.000000
0  -3.551421 -6.742584 -5.200639  0.000000 -0.000001 1.000000  0.077179 0.611269 1 64 1.000000
gun_tex
0  -3.295598 -6.217019 -5.782373  0.000000 -0.000002 -1.000000  0.077087 0.611285 1 64 1.000000
0  -3.551421 -6.319463 -5.782373  0.000000 -0.000005 -1.000000  0.077090 0.611285 1 64 1.000000
0  -3.551421 -6.217019 -5.782373  0.000000 -0.000002 -1.000000  0.077090 0.611285 1 64 1.000000
gun_tex
0  -3.295598 -6.319463 -5.394550  1.000000 0.000000 -0.000001  0.077145 0.611359 1 64 1.000000
0  -3.295598 -6.742584 -5.200639  1.000000 0.000001 -0.000001  0.077147 0.611362 1 64 1.000000
0  -3.295598 -6.742584 -5.394550  1.000000 0.000001 -0.000001  0.077145 0.611362 1 64 1.000000
gun_tex
0  -3.295599 0.086664 -5.782366  0.000000 -0.004690 -0.999989  0.077087 0.611323 1 64 1.000000
0  -3.537738 -2.000631 -5.782368  0.000019 0.000001 -1.000000  0.077090 0.611310 1 64 1.000000
0  -3.537738 -1.124002 -5.782367  0.000014 0.000001 -1.000000  0.077090 0.611316 1 64 1.000000
gun_tex
0  -3.295598 -6.217021 -5.588461  1.000000 0.000000 0.000000  0.077144 0.611359 1 64 1.000000
0  -3.295598 -6.319463 -5.394550  1.000000 0.000000 -0.000001  0.077145 0.611359 1 64 1.000000
0  -3.295598 -6.319463 -5.588461  1.000000 0.000000 -0.000000  0.077144 0.611359 1 64 1.000000
gun_tex
0  -3.295598 -6.217019 -5.782373  1.000000 0.000000 0.000000  0.077142 0.611359 1 64 1.000000
0  -3.295598 -6.319463 -5.588461  1.000000 0.000000 -0.000000  0.077144 0.611359 1 64 1.000000
0  -3.295598 -6.319463 -5.782373  1.000000 -0.000000 0.000000  0.077142 0.611359 1 64 1.000000
gun_tex
0  -3.295598 -6.319465 -5.200638  0.000000 -0.000003 1.000000  0.077182 0.611271 1 64 1.000000
0  -3.551421 -6.217021 -5.200638  0.000000 -0.000003 1.000000  0.077179 0.611272 1 64 1.000000
0  -3.551421 -6.319465 -5.200638  0.000000 -0.000003 1.000000  0.077179 0.611271 1 64 1.000000
gun_tex
0  -3.295598 -6.217023 -5.394550  1.000000 -0.000000 -0.000002  0.077145 0.611359 1 64 1.000000
0  -3.295598 -6.319465 -5.200638  1.000000 -0.000001 -0.000002  0.077147 0.611359 1 64 1.000000
0  -3.295598 -6.319463 -5.394550  1.000000 0.000000 -0.000001  0.077145 0.611359 1 64 1.000000
gun_tex
0  -3.381883 -0.009188 -5.588454  1.000000 0.000000 0.000000  0.077238 0.611334 1 64 1.000000
0  -3.381882 -6.121169 -5.394550  1.000000 0.000000 0.000000  0.077240 0.611371 1 64 1.000000
0  -3.381882 -6.121169 -5.588461  1.000000 0.000000 0.000000  0.077238 0.611371 1 64 1.000000
gun_tex
0  -3.381882 -6.121169 -5.588461  0.743229 0.669037 0.000006  0.077253 0.611407 1 64 1.000000
0  -3.295598 -6.217023 -5.394550  0.743231 0.669035 0.000004  0.077254 0.611406 1 64 1.000000
0  -3.295598 -6.217021 -5.588461  0.743226 0.669041 0.000010  0.077254 0.611407 1 64 1.000000
gun_tex
0  -3.381883 -0.009188 -5.394543  0.743218 -0.669049 -0.000002  0.077255 0.611305 1 64 1.000000
0  -3.295599 0.086663 -5.588453  0.743220 -0.669047 -0.000001  0.077254 0.611306 1 64 1.000000
0  -3.295599 0.086662 -5.394542  0.743216 -0.669051 -0.000003  0.077254 0.611305 1 64 1.000000
gun_tex
0  -3.381882 -6.121169 -5.394550  0.000014 0.000001 -1.000000  0.077241 0.611334 1 64 1.000000
0  -3.295599 0.086662 -5.394542  0.000003 0.000001 -1.000000  0.077240 0.611371 1 64 1.000000
0  -3.295598 -6.217023 -5.394550  0.000014 0.000001 -1.000000  0.077240 0.611333 1 64 1.000000
gun_tex
0  -3.447011 1.845441 -6.262544  1.000000 -0.000001 0.000000  0.077224 0.611337 1 64 1.000000
0  -3.447011 2.474496 -6.196255  1.000000 -0.000001 0.000000  0.077220 0.611337 1 64 1.000000
0  -3.447011 2.099578 -6.005871  1.000000 -0.000000 -0.000000  0.077222 0.611335 1 64 1.000000
gun_tex
0  -3.295599 2.476006 -6.199880  1.000000 0.000027 -0.000001  0.077110 0.611283 1 64 1.000000
0  -3.295599 2.477460 -6.199888  1.000000 0.000056 -0.000002  0.077110 0.611283 1 64 1.000000
0  -3.295599 2.475458 -6.198565  1.000000 0.000000 0.000000  0.077110 0.611283 1 64 1.000000
gun_tex
0  -3.295599 2.463563 -6.190704  1.000000 0.000004 0.000000  0.077139 0.611307 1 64 1.000000
0  -3.295599 2.228907 -6.035597  1.000000 0.000002 0.000000  0.077140 0.611308 1 64 1.000000
0  -3.295599 2.161558 -6.037344  1.000000 -0.000001 0.000000  0.077140 0.611309 1 64 1.000000
gun_tex
0  -3.295599 2.351571 -6.116676  1.000000 0.000000 0.000000  0.077140 0.611308 1 64 1.000000
0  -3.295599 2.228907 -6.035597  1.000000 0.000000 0.000000  0.077140 0.611308 1 64 1.000000
0  -3.295599 2.463563 -6.190704  1.000000 0.000000 0.000000  0.077139 0.611307 1 64 1.000000
gun_tex
0  -3.295599 2.463563 -6.190704  0.388820 -0.507929 -0.768653  0.077244 0.611377 1 64 1.000000
0  -3.295599 2.475458 -6.198565  0.388820 -0.507929 -0.768653  0.077244 0.611377 1 64 1.000000
0  -3.292291 2.474496 -6.196255  0.388820 -0.507929 -0.768653  0.077244 0.611377 1 64 1.000000
gun_tex
0  -3.447011 2.055925 -6.482498  1.000000 -0.000002 0.000000  0.077223 0.611339 1 64 1.000000
0  -3.447011 2.571205 -6.428196  1.000000 -0.000001 0.000000  0.077220 0.611339 1 64 1.000000
0  -3.447011 2.474496 -6.196255  1.000000 -0.000001 0.000000  0.077220 0.611337 1 64 1.000000
gun_tex
0  -3.295599 2.576139 -6.429585  1.000000 0.000072 -0.000002  0.077110 0.611285 1 64 1.000000
0  -3.295599 2.477460 -6.199888  1.000000 0.000056 -0.000002  0.077110 0.611283 1 64 1.000000
0  -3.295599 2.476006 -6.199880  1.000000 0.000027 -0.000001  0.077110 0.611283 1 64 1.000000
gun_tex
0  -3.284965 2.638825 -6.981445  -0.000003 -0.994869 -0.101170  0.077083 0.611373 1 64 1.000000
0  -3.294256 2.609499 -6.693054  0.000002 -0.994864 -0.101223  0.077083 0.611371 1 64 1.000000
0  -3.447011 2.608870 -6.686878  0.000001 -0.994869 -0.101169  0.077084 0.611371 1 64 1.000000
gun_tex
0  -3.447011 2.085539 -6.657578  1.000000 -0.000000 0.000000  0.077224 0.611340 1 64 1.000000
0  -3.447011 2.608870 -6.686878  1.000000 0.000000 -0.000001  0.077221 0.611341 1 64 1.000000
0  -3.447011 2.571205 -6.428196  1.000000 -0.000001 0.000000  0.077220 0.611339 1 64 1.000000
gun_tex
0  -3.447012 2.318211 -7.091505  1.000000 0.000000 -0.000001  0.077223 0.611344 1 64 1.000000
0  -3.447012 2.434226 -7.158487  1.000000 0.000000 -0.000000  0.077223 0.611345 1 64 1.000000
0  -3.447011 2.608870 -6.686878  1.000000 0.000000 -0.000001  0.077221 0.611341 1 64 1.000000
gun_tex
0  -3.447011 1.586924 -6.052246  1.000000 0.000000 0.000000  0.077225 0.611335 1 64 1.000000
0  -3.447011 2.099578 -6.005871  1.000000 -0.000000 -0.000000  0.077222 0.611335 1 64 1.000000
0  -3.447011 1.496853 -5.967986  1.000000 0.000001 0.000001  0.077226 0.611334 1 64 1.000000
gun_tex
0  -3.447012 2.202194 -7.292453  1.000000 -0.000002 -0.000001  0.077224 0.611346 1 64 1.000000
0  -3.447012 2.202194 -7.158487  1.000000 0.000002 -0.000001  0.077224 0.611344 1 64 1.000000
0  -3.447012 1.972467 -6.985386  1.000000 -0.000001 -0.000001  0.077225 0.611343 1 64 1.000000
gun_tex
0  -3.551423 2.202194 -7.158487  0.000000 0.499999 -0.866026  0.077167 0.611421 1 64 1.000000
0  -3.447012 2.318211 -7.091505  0.000000 0.500000 -0.866025  0.077166 0.611420 1 64 1.000000
0  -3.447012 2.202194 -7.158487  0.000000 0.499998 -0.866027  0.077167 0.611420 1 64 1.000000
gun_tex
0  -3.551423 2.434230 -7.292453  0.000000 -0.499992 0.866030  0.077116 0.611421 1 64 1.000000
0  -3.447012 2.318213 -7.359434  0.000000 -0.499992 0.866030  0.077115 0.611420 1 64 1.000000
0  -3.447012 2.434230 -7.292453  0.000000 -0.499993 0.866030  0.077116 0.611420 1 64 1.000000
gun_tex
0  -3.551423 2.202194 -7.292453  0.000000 1.000000 -0.000000  0.077247 0.611422 1 64 1.000000
0  -3.447012 2.202194 -7.158487  0.000000 1.000000 0.000000  0.077246 0.611420 1 64 1.000000
0  -3.447012 2.202194 -7.292453  0.000000 1.000000 0.000000  0.077247 0.611420 1 64 1.000000
gun_tex
0  -3.447012 2.434226 -7.158487  0.000000 -1.000000 -0.000029  0.077068 0.611423 1 64 1.000000
0  -3.551423 2.434230 -7.292453  0.000000 -1.000000 -0.000030  0.077069 0.611422 1 64 1.000000
0  -3.447012 2.434230 -7.292453  0.000000 -1.000000 -0.000030  0.077069 0.611423 1 64 1.000000
gun_tex
0  -3.551423 2.318211 -7.091505  0.000000 -0.500006 -0.866022  0.077166 0.611421 1 64 1.000000
0  -3.447012 2.434226 -7.158487  0.000000 -0.500006 -0.866022  0.077166 0.611420 1 64 1.000000
0  -3.447012 2.318211 -7.091505  0.000000 -0.500004 -0.866023  0.077166 0.611420 1 64 1.000000
gun_tex
0  -3.551423 2.318213 -7.359434  0.000000 0.499985 0.866034  0.077115 0.611421 1 64 1.000000
0  -3.447012 2.202194 -7.292453  0.000000 0.499985 0.866034  0.077115 0.611420 1 64 1.000000
0  -3.447012 2.318213 -7.359434  0.000000 0.499986 0.866034  0.077115 0.611420 1 64 1.000000
gun_tex
0  -4.064806 -6.319465 -5.200638  0.000003 -0.000001 1.000000  0.077173 0.611271 1 64 1.000000
0  -4.229611 -6.644916 -5.200638  0.000000 -0.000001 1.000000  0.077171 0.611269 1 64 1.000000
0  -4.064806 -6.742584 -5.200638  0.000003 -0.000001 1.000000  0.077173 0.611269 1 64 1.000000
gun_tex
0  -4.064806 -6.319463 -5.782372  -0.509844 0.860267 0.000000  0.077091 0.611406 1 64 1.000000
0  -4.229611 -6.417136 -5.588461  -0.509843 0.860268 0.000000  0.077090 0.611408 1 64 1.000000
0  -4.064806 -6.319463 -5.588461  -0.509843 0.860267 0.000000  0.077090 0.611406 1 64 1.000000
gun_tex
0  -3.807244 -6.319463 -5.782373  0.000000 1.000000 0.000000  0.077091 0.611403 1 64 1.000000
0  -3.761078 -6.319463 -5.787776  0.000000 1.000000 0.000000  0.077092 0.611402 1 64 1.000000
0  -3.807244 -6.319463 -5.828512  0.000000 1.000000 0.000000  0.077092 0.611403 1 64 1.000000
gun_tex
0  -3.807244 -6.742584 -5.394550  0.000000 -1.000000 0.000000  0.077099 0.611403 1 64 1.000000
0  -4.064806 -6.742584 -5.588462  0.000000 -1.000000 0.000000  0.077098 0.611406 1 64 1.000000
0  -3.807244 -6.742584 -5.588462  0.000000 -1.000000 0.000000  0.077098 0.611403 1 64 1.000000
gun_tex
0  -3.807244 -6.742584 -5.588462  0.000000 -1.000000 0.000000  0.077098 0.611403 1 64 1.000000
0  -4.064806 -6.742584 -5.782373  0.000000 -1.000000 0.000000  0.077096 0.611406 1 64 1.000000
0  -3.807244 -6.742584 -5.782373  0.000000 -1.000000 0.000000  0.077096 0.611403 1 64 1.000000
gun_tex
0  -3.807244 -6.319463 -5.588461  0.000000 1.000000 0.000000  0.077090 0.611403 1 64 1.000000
0  -4.064806 -6.319463 -5.394550  0.000000 1.000000 0.000005  0.077088 0.611406 1 64 1.000000
0  -3.807244 -6.319463 -5.394550  0.000000 1.000000 0.000006  0.077088 0.611403 1 64 1.000000
gun_tex
0  -3.807244 -6.319463 -5.782373  0.000000 1.000000 0.000000  0.077091 0.611403 1 64 1.000000
0  -4.064806 -6.319463 -5.828512  0.000000 1.000000 0.000000  0.077092 0.611406 1 64 1.000000
0  -4.064806 -6.319463 -5.782372  0.000000 1.000000 0.000000  0.077091 0.611406 1 64 1.000000
gun_tex
0  -3.807244 -6.742584 -5.200639  0.000000 -1.000000 0.000000  0.077101 0.611403 1 64 1.000000
0  -4.064806 -6.742584 -5.394550  0.000000 -1.000000 0.000000  0.077100 0.611406 1 64 1.000000
0  -3.807244 -6.742584 -5.394550  0.000000 -1.000000 0.000000  0.077099 0.611403 1 64 1.000000
gun_tex
0  -4.229611 -6.644914 -5.394550  -1.000000 0.000000 0.000000  0.077071 0.611419 1 64 1.000000
0  -4.229611 -6.417136 -5.588461  -1.000000 0.000000 0.000000  0.077072 0.611420 1 64 1.000000
0  -4.229611 -6.644916 -5.588461  -1.000000 0.000000 0.000000  0.077071 0.611420 1 64 1.000000
gun_tex
0  -4.229611 -6.644916 -5.588461  -1.000000 0.000000 0.000000  0.077071 0.611420 1 64 1.000000
0  -4.229611 -6.417136 -5.782373  -1.000000 0.000000 0.000000  0.077072 0.611422 1 64 1.000000
0  -4.229611 -6.644914 -5.782373  -1.000000 -0.000000 0.000000  0.077071 0.611422 1 64 1.000000
gun_tex
0  -4.229611 -6.644916 -5.200638  -1.000000 0.000000 0.000000  0.077071 0.611417 1 64 1.000000
0  -4.229611 -6.417136 -5.394550  -1.000000 0.000000 0.000000  0.077072 0.611419 1 64 1.000000
0  -4.229611 -6.644914 -5.394550  -1.000000 0.000000 0.000000  0.077071 0.611419 1 64 1.000000
gun_tex
0  -4.064806 -6.742584 -5.200638  -0.509829 -0.860276 -0.000003  0.077101 0.611406 1 64 1.000000
0  -4.229611 -6.644914 -5.394550  -0.509831 -0.860275 0.000002  0.077099 0.611408 1 64 1.000000
0  -4.064806 -6.742584 -5.394550  -0.509832 -0.860274 0.000005  0.077100 0.611406 1 64 1.000000
gun_tex
0  -4.064806 -6.742584 -5.588462  -0.509828 -0.860276 -0.000002  0.077098 0.611406 1 64 1.000000
0  -4.229611 -6.644914 -5.782373  -0.509834 -0.860273 -0.000002  0.077096 0.611408 1 64 1.000000
0  -4.064806 -6.742584 -5.782373  -0.509832 -0.860274 0.000000  0.077096 0.611406 1 64 1.000000
gun_tex
0  -4.064806 -6.319463 -5.394550  -0.509840 0.860269 0.000002  0.077088 0.611406 1 64 1.000000
0  -4.229611 -6.417136 -5.200638  -0.509838 0.860270 0.000003  0.077087 0.611408 1 64 1.000000
0  -4.064806 -6.319465 -5.200638  -0.509834 0.860273 0.000006  0.077087 0.611406 1 64 1.000000
gun_tex
0  -4.064806 -6.319463 -5.588461  -0.509843 0.860267 0.000000  0.077090 0.611406 1 64 1.000000
0  -4.229611 -6.417136 -5.394550  -0.509843 0.860267 0.000000  0.077088 0.611408 1 64 1.000000
0  -4.064806 -6.319463 -5.394550  -0.509840 0.860269 0.000002  0.077088 0.611406 1 64 1.000000
gun_tex
0  -4.064806 -6.742584 -5.394550  -0.509832 -0.860274 0.000005  0.077100 0.611406 1 64 1.000000
0  -4.229611 -6.644916 -5.588461  -0.509828 -0.860276 -0.000002  0.077098 0.611408 1 64 1.000000
0  -4.064806 -6.742584 -5.588462  -0.509828 -0.860276 -0.000002  0.077098 0.611406 1 64 1.000000
gun_tex
0  -3.761078 -6.742584 -5.787777  0.661634 0.000000 -0.749827  0.077139 0.611408 1 64 1.000000
0  -3.807244 -6.319463 -5.828512  0.661633 0.000001 -0.749828  0.077136 0.611408 1 64 1.000000
0  -3.761078 -6.319463 -5.787776  0.661633 0.000001 -0.749828  0.077136 0.611408 1 64 1.000000
gun_tex
0  -3.761078 -6.319463 -5.787776  0.011607 0.000002 -0.999933  0.077136 0.611408 1 64 1.000000
0  -3.295598 -6.742584 -5.782373  0.011607 0.000002 -0.999933  0.077139 0.611403 1 64 1.000000
0  -3.761078 -6.742584 -5.787777  0.011608 0.000002 -0.999933  0.077139 0.611408 1 64 1.000000
gun_tex
0  -4.064806 -6.742584 -5.828512  -0.000002 0.000001 -1.000000  0.077139 0.611412 1 64 1.000000
0  -4.229611 -6.417136 -5.828512  -0.000004 0.000001 -1.000000  0.077137 0.611413 1 64 1.000000
0  -4.064806 -6.319463 -5.828512  -0.000001 0.000001 -1.000000  0.077136 0.611412 1 64 1.000000
gun_tex
0  -3.807244 -6.742584 -5.828512  0.000000 0.000001 -1.000000  0.077139 0.611408 1 64 1.000000
0  -4.064806 -6.319463 -5.828512  -0.000001 0.000001 -1.000000  0.077136 0.611412 1 64 1.000000
0  -3.807244 -6.319463 -5.828512  0.000000 0.000000 -1.000000  0.077136 0.611408 1 64 1.000000
gun_tex
0  -4.229611 -6.644914 -5.782373  -1.000000 -0.000000 0.000000  0.077071 0.611422 1 64 1.000000
0  -4.229611 -6.417136 -5.828512  -1.000000 -0.000000 0.000000  0.077072 0.611422 1 64 1.000000
0  -4.229611 -6.644914 -5.828512  -1.000000 -0.000001 0.000000  0.077071 0.611422 1 64 1.000000
gun_tex
0  -3.807244 -6.742584 -5.782373  0.000000 -1.000000 0.000000  0.077096 0.611403 1 64 1.000000
0  -3.761078 -6.742584 -5.787777  0.000000 -1.000000 -0.000001  0.077096 0.611403 1 64 1.000000
0  -3.551421 -6.742584 -5.782373  0.000000 -1.000000 -0.000086  0.077096 0.611400 1 64 1.000000
gun_tex
0  -3.551421 -6.319463 -5.782373  0.000000 1.000000 0.000000  0.077091 0.611400 1 64 1.000000
0  -3.295598 -6.319463 -5.782373  0.000000 1.000000 0.000000  0.077091 0.611397 1 64 1.000000
0  -3.761078 -6.319463 -5.787776  0.000000 1.000000 0.000000  0.077092 0.611402 1 64 1.000000
gun_tex
0  -4.064806 -6.742584 -5.782373  0.000000 -1.000000 0.000000  0.077096 0.611406 1 64 1.000000
0  -3.807244 -6.742584 -5.828512  0.000000 -1.000000 0.000000  0.077096 0.611403 1 64 1.000000
0  -3.807244 -6.742584 -5.782373  0.000000 -1.000000 0.000000  0.077096 0.611403 1 64 1.000000
gun_tex
0  -4.229611 -6.417136 -5.782373  -0.509843 0.860267 0.000000  0.077091 0.611408 1 64 1.000000
0  -4.064806 -6.319463 -5.828512  -0.509845 0.860266 0.000000  0.077092 0.611406 1 64 1.000000
0  -4.229611 -6.417136 -5.828512  -0.509844 0.860267 0.000000  0.077092 0.611408 1 64 1.000000
gun_tex
0  -3.808753 2.608870 -6.686878  0.000000 -0.989563 -0.144103  0.077127 0.611338 1 64 1.000000
0  -3.655834 2.608870 -6.686878  0.000003 -0.989565 -0.144085  0.077125 0.611338 1 64 1.000000
0  -3.807246 2.601344 -6.635189  0.000002 -0.989564 -0.144091  0.077127 0.611338 1 64 1.000000
gun_tex
0  -3.655834 2.608870 -6.686878  0.000003 -0.989565 -0.144085  0.077125 0.611338 1 64 1.000000
0  -3.655834 2.571205 -6.428196  0.000004 -0.989566 -0.144080  0.077125 0.611336 1 64 1.000000
0  -3.807246 2.601344 -6.635189  0.000002 -0.989564 -0.144091  0.077127 0.611338 1 64 1.000000
gun_tex
0  -3.807246 2.576139 -6.429585  -0.026192 -0.916373 -0.399468  0.077127 0.611336 1 64 1.000000
0  -3.655834 2.571205 -6.428196  -0.026192 -0.916373 -0.399468  0.077125 0.611336 1 64 1.000000
0  -3.807246 2.476006 -6.199880  -0.026192 -0.916373 -0.399468  0.077127 0.611334 1 64 1.000000
gun_tex
0  -3.655834 2.571205 -6.428196  0.000008 -0.922982 -0.384843  0.077125 0.611336 1 64 1.000000
0  -3.655834 2.474496 -6.196255  0.000008 -0.922984 -0.384838  0.077125 0.611334 1 64 1.000000
0  -3.807246 2.476006 -6.199880  0.000004 -0.923037 -0.384710  0.077127 0.611334 1 64 1.000000
gun_tex
0  -3.655834 2.474496 -6.196255  0.000008 -0.922984 -0.384838  0.077125 0.611334 1 64 1.000000
0  -3.810554 2.474496 -6.196255  0.000000 -0.923110 -0.384536  0.077127 0.611334 1 64 1.000000
0  -3.807246 2.475458 -6.198565  0.000001 -0.923096 -0.384569  0.077127 0.611334 1 64 1.000000
gun_tex
0  -3.810554 2.474496 -6.196255  0.000000 -0.452729 -0.891648  0.077077 0.611412 1 64 1.000000
0  -3.655834 2.474496 -6.196255  0.000002 -0.452771 -0.891627  0.077075 0.611412 1 64 1.000000
0  -3.807246 2.463563 -6.190704  0.000002 -0.452751 -0.891637  0.077077 0.611412 1 64 1.000000
gun_tex
0  -3.655834 2.474496 -6.196255  0.000002 -0.452771 -0.891627  0.077075 0.611412 1 64 1.000000
0  -3.655834 2.099578 -6.005871  -0.000002 -0.452769 -0.891628  0.077075 0.611409 1 64 1.000000
0  -3.807245 2.161558 -6.037344  -0.000001 -0.452769 -0.891628  0.077077 0.611410 1 64 1.000000
gun_tex
0  -3.807246 2.463563 -6.190704  0.000002 -0.452751 -0.891637  0.077077 0.611412 1 64 1.000000
0  -3.655834 2.474496 -6.196255  0.000002 -0.452771 -0.891627  0.077075 0.611412 1 64 1.000000
0  -3.807245 2.161558 -6.037344  -0.000001 -0.452769 -0.891628  0.077077 0.611410 1 64 1.000000
gun_tex
0  -3.655834 1.496853 -5.967986  0.000000 -0.062733 -0.998030  0.077075 0.611406 1 64 1.000000
0  -3.807245 1.496853 -5.967986  0.000000 -0.062733 -0.998030  0.077077 0.611406 1 64 1.000000
0  -3.807246 2.099578 -6.005871  0.000000 -0.062733 -0.998030  0.077077 0.611409 1 64 1.000000
gun_tex
0  -3.551421 -6.742584 -5.200639  0.000000 -1.000000 0.000000  0.077101 0.611400 1 64 1.000000
0  -3.807244 -6.742584 -5.200639  0.000000 -1.000000 0.000000  0.077101 0.611403 1 64 1.000000
0  -3.807244 -6.742584 -5.394550  0.000000 -1.000000 0.000000  0.077099 0.611403 1 64 1.000000
gun_tex
0  -3.807244 -6.217021 -5.200638  -1.000000 -0.000000 0.000000  0.077229 0.611269 1 64 1.000000
0  -3.807245 -2.188771 -5.200634  -1.000000 -0.000000 0.000000  0.077229 0.611293 1 64 1.000000
0  -3.807245 -2.188772 -5.324549  -1.000000 -0.000000 -0.000000  0.077228 0.611293 1 64 1.000000
gun_tex
0  -4.064806 -6.742584 -5.782373  -0.509832 -0.860274 0.000000  0.077096 0.611406 1 64 1.000000
0  -4.229611 -6.644914 -5.782373  -0.509834 -0.860273 -0.000002  0.077096 0.611408 1 64 1.000000
0  -4.229611 -6.644914 -5.828512  -0.509838 -0.860270 0.000000  0.077096 0.611408 1 64 1.000000
gun_tex
0  -3.551422 0.086662 -5.200631  -0.000000 -0.000001 1.000000  0.077179 0.611309 1 64 1.000000
0  -3.807245 -0.935864 -5.200632  -0.000001 -0.000001 1.000000  0.077176 0.611303 1 64 1.000000
0  -3.598824 -1.081361 -5.200632  -0.000006 -0.000001 1.000000  0.077178 0.611302 1 64 1.000000
gun_tex
0  -3.807245 0.086662 -5.200631  -1.000000 -0.000000 0.000000  0.077138 0.611368 1 64 1.000000
0  -3.807245 0.504889 -5.098300  -1.000000 -0.000000 0.000000  0.077139 0.611370 1 64 1.000000
0  -3.807245 0.504891 -5.327629  -1.000000 -0.000000 0.000001  0.077137 0.611370 1 64 1.000000
gun_tex
0  -3.551422 1.166891 -5.098299  0.000000 -0.000001 1.000000  0.077179 0.611315 1 64 1.000000
0  -3.551422 2.752493 -5.098296  0.000000 -0.000002 1.000000  0.077179 0.611325 1 64 1.000000
0  -3.807245 2.752493 -5.098296  0.000000 -0.000002 1.000000  0.077176 0.611325 1 64 1.000000
gun_tex
0  -3.551422 0.086662 -5.200631  0.000000 -0.237667 0.971347  0.077179 0.611309 1 64 1.000000
0  -3.551422 0.504889 -5.098300  0.000000 -0.237668 0.971347  0.077179 0.611311 1 64 1.000000
0  -3.807245 0.504889 -5.098300  0.000000 -0.237667 0.971347  0.077176 0.611311 1 64 1.000000
gun_tex
0  -3.807245 0.086664 -5.782366  -0.000000 -0.004690 -0.999989  0.077093 0.611323 1 64 1.000000
0  -3.807245 0.504892 -5.786289  0.000000 -0.001327 -0.999999  0.077093 0.611325 1 64 1.000000
0  -3.551422 0.504892 -5.786289  0.000000 -0.008003 -0.999968  0.077090 0.611325 1 64 1.000000
gun_tex
0  -3.807245 2.924051 -5.360428  0.000000 0.836731 0.547615  0.077152 0.611395 1 64 1.000000
0  -3.807245 2.752493 -5.098296  0.000000 0.836731 0.547613  0.077150 0.611395 1 64 1.000000
0  -3.551422 2.752493 -5.098296  0.000000 0.836731 0.547614  0.077150 0.611392 1 64 1.000000
gun_tex
0  -3.807246 2.924049 -6.078844  0.000000 1.000000 -0.000013  0.077158 0.611395 1 64 1.000000
0  -4.029663 2.924049 -6.078844  0.000000 1.000000 -0.000031  0.077158 0.611398 1 64 1.000000
0  -4.029663 2.924051 -6.009795  0.000002 1.000000 -0.000023  0.077158 0.611398 1 64 1.000000
gun_tex
0  -3.807245 1.166890 -5.327629  -1.000000 -0.000000 0.000001  0.077137 0.611374 1 64 1.000000
0  -3.807245 1.166891 -5.098299  -1.000000 -0.000000 0.000003  0.077139 0.611374 1 64 1.000000
0  -3.807245 2.752493 -5.098296  -1.000000 -0.000000 0.000000  0.077139 0.611384 1 64 1.000000
gun_tex
0  -3.807245 0.504889 -5.098300  -1.000000 -0.000000 0.000000  0.077139 0.611370 1 64 1.000000
0  -3.807245 1.166891 -5.098299  -1.000000 -0.000000 0.000003  0.077139 0.611374 1 64 1.000000
0  -3.807245 1.166890 -5.327629  -1.000000 -0.000000 0.000001  0.077137 0.611374 1 64 1.000000
gun_tex
0  -3.807245 0.504892 -5.786289  0.000000 -0.001327 -0.999999  0.077093 0.611325 1 64 1.000000
0  -3.807245 1.166891 -5.786288  0.000000 0.000001 -1.000000  0.077093 0.611329 1 64 1.000000
0  -3.551422 1.166891 -5.786288  0.000000 0.000001 -1.000000  0.077090 0.611329 1 64 1.000000
gun_tex
0  -3.551422 0.504889 -5.098300  0.000000 -0.000001 1.000000  0.077179 0.611311 1 64 1.000000
0  -3.551422 1.166891 -5.098299  0.000000 -0.000001 1.000000  0.077179 0.611315 1 64 1.000000
0  -3.807245 1.166891 -5.098299  0.000000 -0.000001 1.000000  0.077176 0.611315 1 64 1.000000
gun_tex
0  -3.551423 1.972467 -6.985386  -0.000000 -0.959544 -0.281557  0.077237 0.611339 1 64 1.000000
0  -3.655834 1.972467 -6.985386  0.000000 -0.959544 -0.281557  0.077238 0.611339 1 64 1.000000
0  -3.655835 2.742002 -9.607943  -0.000020 -0.959544 -0.281558  0.077238 0.611361 1 64 1.000000
gun_tex
0  -3.551422 2.924051 -6.009795  0.000000 1.000000 -0.000014  0.077158 0.611392 1 64 1.000000
0  -3.551423 2.924049 -6.078844  0.000000 1.000000 -0.000028  0.077158 0.611392 1 64 1.000000
0  -3.807246 2.924049 -6.078844  0.000000 1.000000 -0.000013  0.077158 0.611395 1 64 1.000000
gun_tex
0  -3.551422 1.740930 -6.196315  -0.000000 -0.683160 -0.730269  0.077101 0.611416 1 64 1.000000
0  -3.551422 1.586924 -6.052246  -0.000000 -0.683154 -0.730274  0.077100 0.611416 1 64 1.000000
0  -3.655834 1.727529 -6.183777  -0.000002 -0.683170 -0.730259  0.077101 0.611415 1 64 1.000000
gun_tex
0  -3.551422 1.586924 -6.052246  -0.000000 -0.683154 -0.730274  0.077100 0.611416 1 64 1.000000
0  -3.655834 1.586924 -6.052246  0.000000 -0.683155 -0.730273  0.077100 0.611415 1 64 1.000000
0  -3.655834 1.727529 -6.183777  -0.000002 -0.683170 -0.730259  0.077101 0.611415 1 64 1.000000
gun_tex
0  -3.807245 1.166891 -5.786288  0.000000 -0.474099 -0.880472  0.077093 0.611329 1 64 1.000000
0  -3.807245 1.486712 -5.958499  0.000000 -0.474100 -0.880471  0.077093 0.611331 1 64 1.000000
0  -3.551422 1.486712 -5.958499  0.000000 -0.474099 -0.880471  0.077090 0.611331 1 64 1.000000
gun_tex
0  -3.551424 3.219877 -9.548079  0.000000 0.124299 -0.992245  0.077135 0.611390 1 64 1.000000
0  -3.551424 2.894401 -9.588850  0.000000 0.124298 -0.992245  0.077137 0.611390 1 64 1.000000
0  -3.655835 2.903858 -9.587667  0.000004 0.124258 -0.992250  0.077137 0.611392 1 64 1.000000
gun_tex
0  -3.551424 2.894401 -9.588850  0.000000 0.124298 -0.992245  0.077137 0.611390 1 64 1.000000
0  -3.655835 2.894401 -9.588850  0.000000 0.124240 -0.992252  0.077137 0.611392 1 64 1.000000
0  -3.655835 2.903858 -9.587667  0.000004 0.124258 -0.992250  0.077137 0.611392 1 64 1.000000
gun_tex
0  -3.655835 2.903858 -9.587667  0.000004 0.124258 -0.992250  0.077137 0.611392 1 64 1.000000
0  -3.807247 2.903858 -9.587667  0.000000 0.124300 -0.992245  0.077137 0.611393 1 64 1.000000
0  -3.807247 3.219877 -9.548079  0.000000 0.124300 -0.992245  0.077135 0.611393 1 64 1.000000
gun_tex
0  -3.807245 1.166891 -5.786288  -1.000000 -0.000000 -0.000000  0.077133 0.611374 1 64 1.000000
0  -3.807246 2.924051 -5.884692  -1.000000 -0.000005 0.000001  0.077133 0.611385 1 64 1.000000
0  -3.807245 2.067177 -5.928693  -1.000000 0.000000 0.000001  0.077132 0.611380 1 64 1.000000
gun_tex
0  -4.029663 2.785610 -6.705246  -1.000000 0.000001 0.000000  0.077237 0.611254 1 64 1.000000
0  -4.029663 2.753604 -6.444155  -1.000000 0.000001 0.000001  0.077237 0.611252 1 64 1.000000
0  -4.029663 2.907387 -6.555128  -1.000000 -0.000003 0.000000  0.077238 0.611253 1 64 1.000000
gun_tex
0  -4.029663 2.753604 -6.444155  -1.000000 0.000001 0.000001  0.077237 0.611252 1 64 1.000000
0  -4.029663 2.893189 -6.455613  -1.000000 0.000001 0.000000  0.077238 0.611252 1 64 1.000000
0  -4.029663 2.907387 -6.555128  -1.000000 -0.000003 0.000000  0.077238 0.611253 1 64 1.000000
gun_tex
0  -4.029663 2.907387 -6.555128  -1.000000 -0.000003 0.000000  0.077238 0.611253 1 64 1.000000
0  -4.029663 2.956373 -6.567621  -1.000000 -0.000015 0.000000  0.077238 0.611253 1 64 1.000000
0  -4.029663 2.952908 -6.716825  -1.000000 0.000001 0.000000  0.077238 0.611254 1 64 1.000000
gun_tex
0  -4.029663 2.956373 -6.567621  -1.000000 -0.000015 0.000000  0.077238 0.611253 1 64 1.000000
0  -4.029663 2.968958 -6.709994  -1.000000 0.000006 0.000000  0.077238 0.611254 1 64 1.000000
0  -4.029663 2.952908 -6.716825  -1.000000 0.000001 0.000000  0.077238 0.611254 1 64 1.000000
gun_tex
0  -3.551423 2.992475 -6.975952  0.000000 0.996114 0.088069  0.077250 0.611385 1 64 1.000000
0  -3.551423 2.996663 -7.023336  0.000000 0.996116 0.088046  0.077251 0.611385 1 64 1.000000
0  -3.807246 2.996663 -7.023336  0.000000 0.996117 0.088044  0.077251 0.611388 1 64 1.000000
gun_tex
0  -3.551423 1.972467 -6.985386  0.000000 -0.945341 0.326083  0.077237 0.611339 1 64 1.000000
0  -3.551423 2.085539 -6.657578  0.000000 -0.945345 0.326072  0.077237 0.611336 1 64 1.000000
0  -3.655834 2.055312 -6.745214  -0.000007 -0.945344 0.326076  0.077238 0.611337 1 64 1.000000
gun_tex
0  -3.551423 2.085539 -6.657578  0.000000 -0.945345 0.326072  0.077237 0.611336 1 64 1.000000
0  -3.655834 2.085539 -6.657578  0.000000 -0.945348 0.326063  0.077238 0.611336 1 64 1.000000
0  -3.655834 2.055312 -6.745214  -0.000007 -0.945344 0.326076  0.077238 0.611337 1 64 1.000000
gun_tex
0  -3.551423 2.039525 -6.385533  -0.000000 -0.535269 -0.844682  0.077240 0.611421 1 64 1.000000
0  -3.551422 1.740930 -6.196315  -0.000000 -0.535273 -0.844679  0.077242 0.611421 1 64 1.000000
0  -3.655834 1.845441 -6.262544  0.000004 -0.535272 -0.844680  0.077241 0.611422 1 64 1.000000
gun_tex
0  -3.551422 1.740930 -6.196315  -0.000000 -0.535273 -0.844679  0.077242 0.611421 1 64 1.000000
0  -3.655834 1.740930 -6.196315  0.000000 -0.535276 -0.844677  0.077242 0.611422 1 64 1.000000
0  -3.655834 1.845441 -6.262544  0.000004 -0.535272 -0.844680  0.077241 0.611422 1 64 1.000000
gun_tex
0  -3.551423 2.085539 -6.657578  -0.000000 -0.985995 -0.166776  0.077237 0.611336 1 64 1.000000
0  -3.551423 2.039525 -6.385533  -0.000000 -0.985997 -0.166765  0.077237 0.611334 1 64 1.000000
0  -3.655834 2.055925 -6.482498  0.000007 -0.985996 -0.166769  0.077238 0.611335 1 64 1.000000
gun_tex
0  -3.551423 2.039525 -6.385533  -0.000000 -0.985997 -0.166765  0.077237 0.611334 1 64 1.000000
0  -3.655834 2.039525 -6.385533  0.000000 -0.985998 -0.166760  0.077238 0.611334 1 64 1.000000
0  -3.655834 2.055925 -6.482498  0.000007 -0.985996 -0.166769  0.077238 0.611335 1 64 1.000000
gun_tex
0  -3.807246 2.996663 -7.023336  0.000000 0.996117 0.088044  0.077251 0.611388 1 64 1.000000
0  -4.029663 2.996663 -7.023336  0.000000 0.996117 0.088042  0.077251 0.611390 1 64 1.000000
0  -4.029663 2.992475 -6.975952  0.000000 0.996114 0.088069  0.077250 0.611390 1 64 1.000000
gun_tex
0  -4.029663 2.753604 -6.444155  -1.000000 0.000001 0.000001  0.077237 0.611252 1 64 1.000000
0  -4.029663 2.649022 -6.200720  -1.000000 -0.000000 0.000001  0.077236 0.611250 1 64 1.000000
0  -4.029663 2.880075 -6.241621  -1.000000 0.000002 0.000001  0.077238 0.611250 1 64 1.000000
gun_tex
0  -4.029663 2.649022 -6.200720  -1.000000 -0.000000 0.000001  0.077236 0.611250 1 64 1.000000
0  -4.029663 2.874394 -6.201813  -1.000000 -0.000000 0.000000  0.077238 0.611250 1 64 1.000000
0  -4.029663 2.880075 -6.241621  -1.000000 0.000002 0.000001  0.077238 0.611250 1 64 1.000000
gun_tex
0  -4.029663 2.880075 -6.241621  -1.000000 0.000002 0.000001  0.077238 0.611250 1 64 1.000000
0  -4.029663 2.928646 -6.254009  -1.000000 0.000000 0.000000  0.077238 0.611250 1 64 1.000000
0  -4.029663 2.941258 -6.396652  -1.000000 0.000014 0.000003  0.077238 0.611251 1 64 1.000000
gun_tex
0  -4.029663 2.888009 -6.419313  -1.000000 0.000005 0.000002  0.077238 0.611251 1 64 1.000000
0  -4.029663 2.893189 -6.455613  -1.000000 0.000001 0.000000  0.077238 0.611252 1 64 1.000000
0  -4.029663 2.753604 -6.444155  -1.000000 0.000001 0.000001  0.077237 0.611252 1 64 1.000000
gun_tex
0  -4.029663 2.880075 -6.241621  -1.000000 0.000002 0.000001  0.077238 0.611250 1 64 1.000000
0  -4.029663 2.941258 -6.396652  -1.000000 0.000014 0.000003  0.077238 0.611251 1 64 1.000000
0  -4.029663 2.888009 -6.419313  -1.000000 0.000005 0.000002  0.077238 0.611251 1 64 1.000000
gun_tex
0  -3.655835 2.742002 -9.607943  0.000000 0.124307 -0.992244  0.077138 0.611392 1 64 1.000000
0  -3.655835 2.894401 -9.588850  0.000000 0.124240 -0.992252  0.077137 0.611392 1 64 1.000000
0  -3.551424 2.894401 -9.588850  0.000000 0.124298 -0.992245  0.077137 0.611390 1 64 1.000000
gun_tex
0  -3.807245 1.496853 -5.967986  -1.000000 0.000002 0.000000  0.077132 0.611376 1 64 1.000000
0  -3.807245 1.486712 -5.958499  -1.000000 0.000001 0.000000  0.077132 0.611376 1 64 1.000000
0  -3.807245 2.067177 -5.928693  -1.000000 0.000000 0.000001  0.077132 0.611380 1 64 1.000000
gun_tex
0  -3.807245 2.067177 -5.928693  -1.000000 0.000000 0.000001  0.077132 0.611380 1 64 1.000000
0  -3.807245 2.228907 -6.035597  -1.000000 -0.000001 0.000001  0.077131 0.611380 1 64 1.000000
0  -3.807245 2.161558 -6.037344  -1.000000 -0.000003 0.000002  0.077131 0.611380 1 64 1.000000
gun_tex
0  -3.807246 2.099578 -6.005871  -1.000000 0.000013 0.000010  0.077132 0.611380 1 64 1.000000
0  -3.807245 1.496853 -5.967986  -1.000000 0.000002 0.000000  0.077132 0.611376 1 64 1.000000
0  -3.807245 2.067177 -5.928693  -1.000000 0.000000 0.000001  0.077132 0.611380 1 64 1.000000
gun_tex
0  -3.551422 1.486712 -5.958499  0.000000 -0.683150 -0.730278  0.077099 0.611416 1 64 1.000000
0  -3.807245 1.486712 -5.958499  0.000000 -0.683113 -0.730313  0.077099 0.611413 1 64 1.000000
0  -3.655834 1.496853 -5.967986  -0.000002 -0.683126 -0.730300  0.077099 0.611415 1 64 1.000000
gun_tex
0  -3.807245 1.486712 -5.958499  0.000000 -0.683113 -0.730313  0.077099 0.611413 1 64 1.000000
0  -3.807245 1.496853 -5.967986  0.000000 -0.683113 -0.730312  0.077099 0.611413 1 64 1.000000
0  -3.655834 1.496853 -5.967986  -0.000002 -0.683126 -0.730300  0.077099 0.611415 1 64 1.000000
gun_tex
0  -3.655834 1.496853 -5.967986  -0.000002 -0.683126 -0.730300  0.077099 0.611415 1 64 1.000000
0  -3.655834 1.586924 -6.052246  0.000000 -0.683155 -0.730273  0.077100 0.611415 1 64 1.000000
0  -3.551422 1.586924 -6.052246  -0.000000 -0.683154 -0.730274  0.077100 0.611416 1 64 1.000000
gun_tex
0  -3.551422 2.924051 -5.884692  0.000000 1.000000 -0.000004  0.077157 0.611392 1 64 1.000000
0  -3.551422 2.924051 -6.009795  0.000000 1.000000 -0.000014  0.077158 0.611392 1 64 1.000000
0  -3.807246 2.924051 -5.898502  0.000000 1.000000 -0.000005  0.077157 0.611395 1 64 1.000000
gun_tex
0  -3.807246 2.924051 -5.884692  -1.000000 -0.000005 0.000001  0.077133 0.611385 1 64 1.000000
0  -3.807246 2.924051 -5.898502  -1.000000 -0.000012 0.000000  0.077132 0.611385 1 64 1.000000
0  -3.807245 2.228907 -6.035597  -1.000000 -0.000001 0.000001  0.077131 0.611380 1 64 1.000000
gun_tex
0  -4.029663 2.785610 -6.705246  -1.000000 0.000001 0.000000  0.077237 0.611254 1 64 1.000000
0  -4.029663 2.952908 -6.716825  -1.000000 0.000001 0.000000  0.077238 0.611254 1 64 1.000000
0  -4.029663 2.915322 -6.732821  -1.000000 0.000003 0.000000  0.077238 0.611254 1 64 1.000000
gun_tex
0  -4.029663 2.934698 -6.868636  -1.000000 -0.000001 0.000000  0.077238 0.611255 1 64 1.000000
0  -4.029663 2.984098 -6.881234  -1.000000 0.000000 0.000000  0.077238 0.611255 1 64 1.000000
0  -4.029663 2.992475 -6.975952  -1.000000 0.000000 0.000000  0.077238 0.611256 1 64 1.000000
gun_tex
0  -4.029663 2.785610 -6.705246  -1.000000 0.000001 0.000000  0.077237 0.611254 1 64 1.000000
0  -4.029663 2.915322 -6.732821  -1.000000 0.000003 0.000000  0.077238 0.611254 1 64 1.000000
0  -4.029663 2.934698 -6.868636  -1.000000 -0.000001 0.000000  0.077238 0.611255 1 64 1.000000
gun_tex
0  -4.029663 2.992475 -6.975952  -1.000000 0.000000 0.000000  0.077238 0.611256 1 64 1.000000
0  -4.029663 2.806451 -6.978841  -1.000000 -0.000002 0.000000  0.077237 0.611256 1 64 1.000000
0  -4.029663 2.934698 -6.868636  -1.000000 -0.000001 0.000000  0.077238 0.611255 1 64 1.000000
gun_tex
0  -4.029663 2.806451 -6.978841  -1.000000 -0.000002 0.000000  0.077237 0.611256 1 64 1.000000
0  -4.029663 2.992475 -6.975952  -1.000000 0.000000 0.000000  0.077238 0.611256 1 64 1.000000
0  -4.029663 2.942638 -7.046327  -1.000000 -0.000003 0.000000  0.077238 0.611256 1 64 1.000000
gun_tex
0  -4.029663 2.992475 -6.975952  -1.000000 0.000000 0.000000  0.077238 0.611256 1 64 1.000000
0  -4.029663 2.996663 -7.023336  -1.000000 0.000006 0.000000  0.077238 0.611256 1 64 1.000000
0  -4.029663 2.942638 -7.046327  -1.000000 -0.000003 0.000000  0.077238 0.611256 1 64 1.000000
gun_tex
0  -4.029664 3.205913 -9.390135  -1.000000 0.000000 0.000000  0.077238 0.611276 1 64 1.000000
0  -4.029664 3.208314 -9.417304  -1.000000 0.000000 0.000000  0.077238 0.611276 1 64 1.000000
0  -4.029664 3.153208 -9.376693  -1.000000 0.000000 0.000000  0.077238 0.611276 1 64 1.000000
gun_tex
0  -4.029664 3.208314 -9.417304  -1.000000 0.000000 0.000000  0.077238 0.611276 1 64 1.000000
0  -4.029664 3.055188 -9.435450  -1.000000 0.000002 0.000000  0.077237 0.611276 1 64 1.000000
0  -4.029664 3.153208 -9.376693  -1.000000 0.000000 0.000000  0.077238 0.611276 1 64 1.000000
gun_tex
0  -4.029664 3.055188 -9.435450  -1.000000 0.000002 0.000000  0.077237 0.611276 1 64 1.000000
0  -4.029663 2.806451 -6.978841  -1.000000 -0.000002 0.000000  0.077237 0.611256 1 64 1.000000
0  -4.029664 3.051889 -8.300357  -1.000000 0.000003 0.000000  0.077238 0.611267 1 64 1.000000
gun_tex
0  -4.029663 2.806451 -6.978841  -1.000000 -0.000002 0.000000  0.077237 0.611256 1 64 1.000000
0  -4.029663 2.942638 -7.046327  -1.000000 -0.000003 0.000000  0.077238 0.611256 1 64 1.000000
0  -4.029663 2.962012 -7.182143  -1.000000 -0.000002 0.000000  0.077238 0.611258 1 64 1.000000
gun_tex
0  -4.029663 2.962012 -7.182143  -1.000000 -0.000002 0.000000  0.077238 0.611258 1 64 1.000000
0  -4.029663 3.011825 -7.194846  -1.000000 -0.000017 0.000000  0.077238 0.611258 1 64 1.000000
0  -4.029663 3.024364 -7.336678  -1.000000 -0.000000 0.000000  0.077238 0.611259 1 64 1.000000
gun_tex
0  -4.029663 2.806451 -6.978841  -1.000000 -0.000002 0.000000  0.077237 0.611256 1 64 1.000000
0  -4.029663 2.962012 -7.182143  -1.000000 -0.000002 0.000000  0.077238 0.611258 1 64 1.000000
0  -4.029663 2.969950 -7.359835  -1.000000 -0.000009 0.000000  0.077238 0.611259 1 64 1.000000
gun_tex
0  -4.029664 3.133831 -9.240878  -1.000000 0.000002 0.000002  0.077238 0.611274 1 64 1.000000
0  -4.029664 3.153208 -9.376693  -1.000000 0.000000 0.000000  0.077238 0.611276 1 64 1.000000
0  -4.029664 3.055188 -9.435450  -1.000000 0.000002 0.000000  0.077237 0.611276 1 64 1.000000
gun_tex
0  -4.029664 3.178184 -9.076523  -1.000000 0.000017 -0.000001  0.077238 0.611273 1 64 1.000000
0  -4.029664 3.190583 -9.216726  -1.000000 -0.000007 0.000002  0.077238 0.611274 1 64 1.000000
0  -4.029664 3.125897 -9.063187  -1.000000 0.000003 0.000001  0.077238 0.611273 1 64 1.000000
gun_tex
0  -4.029664 3.190583 -9.216726  -1.000000 -0.000007 0.000002  0.077238 0.611274 1 64 1.000000
0  -4.029664 3.133831 -9.240878  -1.000000 0.000002 0.000002  0.077238 0.611274 1 64 1.000000
0  -4.029664 3.125897 -9.063187  -1.000000 0.000003 0.000001  0.077238 0.611273 1 64 1.000000
gun_tex
0  -4.029663 2.962012 -7.182143  -1.000000 -0.000002 0.000000  0.077238 0.611258 1 64 1.000000
0  -4.029663 3.024364 -7.336678  -1.000000 -0.000000 0.000000  0.077238 0.611259 1 64 1.000000
0  -4.029663 2.969950 -7.359835  -1.000000 -0.000009 0.000000  0.077238 0.611259 1 64 1.000000
gun_tex
0  -4.029663 2.989330 -7.495649  -1.000000 -0.000001 0.000001  0.077238 0.611260 1 64 1.000000
0  -4.029663 3.039554 -7.508459  -1.000000 0.000000 0.000003  0.077238 0.611260 1 64 1.000000
0  -4.029664 3.052069 -7.650018  -1.000000 0.000000 0.000000  0.077238 0.611261 1 64 1.000000
gun_tex
0  -4.029663 2.806451 -6.978841  -1.000000 -0.000002 0.000000  0.077237 0.611256 1 64 1.000000
0  -4.029663 2.969950 -7.359835  -1.000000 -0.000009 0.000000  0.077238 0.611259 1 64 1.000000
0  -4.029663 2.989330 -7.495649  -1.000000 -0.000001 0.000001  0.077238 0.611260 1 64 1.000000
gun_tex
0  -4.029663 2.989330 -7.495649  -1.000000 -0.000001 0.000001  0.077238 0.611260 1 64 1.000000
0  -4.029664 3.052069 -7.650018  -1.000000 0.000000 0.000000  0.077238 0.611261 1 64 1.000000
0  -4.029663 2.997264 -7.673343  -1.000000 -0.000001 0.000001  0.077238 0.611262 1 64 1.000000
gun_tex
0  -4.029663 2.806451 -6.978841  -1.000000 -0.000002 0.000000  0.077237 0.611256 1 64 1.000000
0  -4.029663 2.989330 -7.495649  -1.000000 -0.000001 0.000001  0.077238 0.611260 1 64 1.000000
0  -4.029663 2.997264 -7.673343  -1.000000 -0.000001 0.000001  0.077238 0.611262 1 64 1.000000
gun_tex
0  -4.029664 3.125897 -9.063187  -1.000000 0.000003 0.000001  0.077238 0.611273 1 64 1.000000
0  -4.029664 3.133831 -9.240878  -1.000000 0.000002 0.000002  0.077238 0.611274 1 64 1.000000
0  -4.029664 3.055188 -9.435450  -1.000000 0.000002 0.000000  0.077237 0.611276 1 64 1.000000
gun_tex
0  -4.029664 3.150459 -8.762908  -1.000000 0.000000 0.000000  0.077238 0.611271 1 64 1.000000
0  -4.029664 3.162880 -8.903386  -1.000000 0.000000 0.000000  0.077238 0.611272 1 64 1.000000
0  -4.029664 3.098581 -8.749679  -1.000000 0.000000 0.000000  0.077238 0.611270 1 64 1.000000
gun_tex
0  -4.029664 3.162880 -8.903386  -1.000000 0.000000 0.000000  0.077238 0.611272 1 64 1.000000
0  -4.029664 3.106521 -8.927372  -1.000000 0.000011 0.000000  0.077238 0.611272 1 64 1.000000
0  -4.029664 3.098581 -8.749679  -1.000000 0.000000 0.000000  0.077238 0.611270 1 64 1.000000
gun_tex
0  -4.029664 3.106521 -8.927372  -1.000000 0.000011 0.000000  0.077238 0.611272 1 64 1.000000
0  -4.029664 3.125897 -9.063187  -1.000000 0.000003 0.000001  0.077238 0.611273 1 64 1.000000
0  -4.029664 3.055188 -9.435450  -1.000000 0.000002 0.000000  0.077237 0.611276 1 64 1.000000
gun_tex
0  -4.029663 2.806451 -6.978841  -1.000000 -0.000002 0.000000  0.077237 0.611256 1 64 1.000000
0  -4.029663 2.997264 -7.673343  -1.000000 -0.000001 0.000001  0.077238 0.611262 1 64 1.000000
0  -4.029664 3.024575 -7.986849  -1.000000 -0.000002 0.000001  0.077238 0.611264 1 64 1.000000
gun_tex
0  -4.029663 3.016640 -7.809156  -1.000000 -0.000040 0.000003  0.077238 0.611263 1 64 1.000000
0  -4.029664 3.067279 -7.822071  -1.000000 -0.000017 -0.000001  0.077238 0.611263 1 64 1.000000
0  -4.029664 3.079770 -7.963361  -1.000000 -0.000006 0.000002  0.077238 0.611264 1 64 1.000000
gun_tex
0  -4.029663 2.806451 -6.978841  -1.000000 -0.000002 0.000000  0.077237 0.611256 1 64 1.000000
0  -4.029664 3.024575 -7.986849  -1.000000 -0.000002 0.000001  0.077238 0.611264 1 64 1.000000
0  -4.029664 3.051889 -8.300357  -1.000000 0.000003 0.000000  0.077238 0.611267 1 64 1.000000
gun_tex
0  -4.029663 2.997264 -7.673343  -1.000000 -0.000001 0.000001  0.077238 0.611262 1 64 1.000000
0  -4.029663 3.016640 -7.809156  -1.000000 -0.000040 0.000003  0.077238 0.611263 1 64 1.000000
0  -4.029664 3.024575 -7.986849  -1.000000 -0.000002 0.000001  0.077238 0.611264 1 64 1.000000
gun_tex
0  -4.029663 3.016640 -7.809156  -1.000000 -0.000040 0.000003  0.077238 0.611263 1 64 1.000000
0  -4.029664 3.079770 -7.963361  -1.000000 -0.000006 0.000002  0.077238 0.611264 1 64 1.000000
0  -4.029664 3.024575 -7.986849  -1.000000 -0.000002 0.000001  0.077238 0.611264 1 64 1.000000
gun_tex
0  -4.029664 3.043953 -8.122663  -1.000000 0.000000 0.000000  0.077238 0.611265 1 64 1.000000
0  -4.029664 3.095005 -8.135684  -1.000000 0.000000 0.000000  0.077238 0.611265 1 64 1.000000
0  -4.029664 3.107473 -8.276703  -1.000000 0.000001 0.000000  0.077238 0.611267 1 64 1.000000
gun_tex
0  -4.029664 3.043953 -8.122663  -1.000000 0.000000 0.000000  0.077238 0.611265 1 64 1.000000
0  -4.029664 3.107473 -8.276703  -1.000000 0.000001 0.000000  0.077238 0.611267 1 64 1.000000
0  -4.029664 3.051889 -8.300357  -1.000000 0.000003 0.000000  0.077238 0.611267 1 64 1.000000
gun_tex
0  -4.029664 3.024575 -7.986849  -1.000000 -0.000002 0.000001  0.077238 0.611264 1 64 1.000000
0  -4.029664 3.043953 -8.122663  -1.000000 0.000000 0.000000  0.077238 0.611265 1 64 1.000000
0  -4.029664 3.051889 -8.300357  -1.000000 0.000003 0.000000  0.077238 0.611267 1 64 1.000000
gun_tex
0  -4.029664 3.098581 -8.749679  -1.000000 0.000000 0.000000  0.077238 0.611270 1 64 1.000000
0  -4.029664 3.106521 -8.927372  -1.000000 0.000011 0.000000  0.077238 0.611272 1 64 1.000000
0  -4.029664 3.079205 -8.613864  -1.000000 0.000004 0.000000  0.077238 0.611269 1 64 1.000000
gun_tex
0  -4.029664 3.106521 -8.927372  -1.000000 0.000011 0.000000  0.077238 0.611272 1 64 1.000000
0  -4.029664 3.055188 -9.435450  -1.000000 0.000002 0.000000  0.077237 0.611276 1 64 1.000000
0  -4.029664 3.079205 -8.613864  -1.000000 0.000004 0.000000  0.077238 0.611269 1 64 1.000000
gun_tex
0  -4.029664 3.122732 -8.449297  -1.000000 0.000000 0.000000  0.077238 0.611268 1 64 1.000000
0  -4.029664 3.135176 -8.590044  -1.000000 0.000010 0.000000  0.077238 0.611269 1 64 1.000000
0  -4.029664 3.071267 -8.436172  -1.000000 0.000001 0.000000  0.077238 0.611268 1 64 1.000000
gun_tex
0  -4.029664 3.135176 -8.590044  -1.000000 0.000010 0.000000  0.077238 0.611269 1 64 1.000000
0  -4.029664 3.079205 -8.613864  -1.000000 0.000004 0.000000  0.077238 0.611269 1 64 1.000000
0  -4.029664 3.071267 -8.436172  -1.000000 0.000001 0.000000  0.077238 0.611268 1 64 1.000000
gun_tex
0  -4.029664 3.055188 -9.435450  -1.000000 0.000002 0.000000  0.077237 0.611276 1 64 1.000000
0  -4.029664 3.051889 -8.300357  -1.000000 0.000003 0.000000  0.077238 0.611267 1 64 1.000000
0  -4.029664 3.079205 -8.613864  -1.000000 0.000004 0.000000  0.077238 0.611269 1 64 1.000000
gun_tex
0  -4.029663 2.597713 -6.021885  -0.435508 -0.043128 0.899151  0.077092 0.611421 1 64 1.000000
0  -3.807245 2.547202 -5.916578  -0.435508 -0.043128 0.899151  0.077092 0.611418 1 64 1.000000
0  -3.807246 2.924051 -5.898502  -0.435508 -0.043128 0.899151  0.077094 0.611418 1 64 1.000000
gun_tex
0  -3.807246 2.576139 -6.429585  -0.616982 -0.781129 -0.095757  0.077127 0.611336 1 64 1.000000
0  -4.029663 2.753604 -6.444155  -0.616984 -0.781129 -0.095756  0.077130 0.611336 1 64 1.000000
0  -3.807246 2.601344 -6.635189  -0.616981 -0.781130 -0.095760  0.077127 0.611338 1 64 1.000000
gun_tex
0  -4.029663 2.753604 -6.444155  -0.616984 -0.781129 -0.095756  0.077130 0.611336 1 64 1.000000
0  -4.029663 2.785610 -6.705246  -0.616984 -0.781128 -0.095758  0.077130 0.611338 1 64 1.000000
0  -3.807246 2.601344 -6.635189  -0.616981 -0.781130 -0.095760  0.077127 0.611338 1 64 1.000000
gun_tex
0  -4.029663 2.785610 -6.705246  -0.616984 -0.781128 -0.095758  0.077130 0.611338 1 64 1.000000
0  -3.808589 2.609499 -6.693054  -0.617006 -0.781104 -0.095811  0.077127 0.611338 1 64 1.000000
0  -3.808753 2.608870 -6.686878  -0.616990 -0.781120 -0.095787  0.077127 0.611338 1 64 1.000000
gun_tex
0  -4.029663 2.649022 -6.200720  -0.577424 -0.750150 -0.322268  0.077130 0.611334 1 64 1.000000
0  -4.029663 2.753604 -6.444155  -0.577427 -0.750147 -0.322269  0.077130 0.611336 1 64 1.000000
0  -3.807246 2.576139 -6.429585  -0.577424 -0.750150 -0.322268  0.077127 0.611336 1 64 1.000000
gun_tex
0  -4.029663 2.806451 -6.978841  -0.619965 -0.782363 -0.059587  0.077130 0.611341 1 64 1.000000
0  -3.817881 2.638825 -6.981445  -0.619971 -0.782359 -0.059579  0.077127 0.611341 1 64 1.000000
0  -3.808589 2.609499 -6.693054  -0.619965 -0.782363 -0.059587  0.077127 0.611338 1 64 1.000000
gun_tex
0  -4.029664 3.055188 -9.435450  -0.619273 -0.781182 -0.079097  0.077130 0.611361 1 64 1.000000
0  -3.819327 2.903135 -9.580521  -0.619272 -0.781182 -0.079097  0.077127 0.611362 1 64 1.000000
0  -3.817881 2.638825 -6.981445  -0.619275 -0.781180 -0.079096  0.077127 0.611341 1 64 1.000000
gun_tex
0  -4.029663 2.649022 -6.200720  -1.000000 -0.000000 0.000001  0.077236 0.611250 1 64 1.000000
0  -4.029663 2.512823 -6.110693  -1.000000 0.000000 0.000000  0.077236 0.611249 1 64 1.000000
0  -4.029663 2.597713 -6.021885  -1.000000 -0.000000 0.000000  0.077236 0.611248 1 64 1.000000
gun_tex
0  -4.029663 2.597713 -6.021885  -1.000000 -0.000000 0.000000  0.077236 0.611248 1 64 1.000000
0  -4.029663 2.924051 -6.009795  -1.000000 -0.000001 0.000000  0.077238 0.611248 1 64 1.000000
0  -4.029663 2.860697 -6.105806  -1.000000 -0.000000 0.000000  0.077238 0.611249 1 64 1.000000
gun_tex
0  -4.029663 2.924051 -6.009795  -1.000000 -0.000001 0.000000  0.077238 0.611248 1 64 1.000000
0  -4.029663 2.924049 -6.078844  -1.000000 -0.000007 0.000000  0.077238 0.611249 1 64 1.000000
0  -4.029663 2.860697 -6.105806  -1.000000 -0.000000 0.000000  0.077238 0.611249 1 64 1.000000
gun_tex
0  -4.029663 2.860697 -6.105806  -1.000000 -0.000000 0.000000  0.077238 0.611249 1 64 1.000000
0  -4.029663 2.874394 -6.201813  -1.000000 -0.000000 0.000000  0.077238 0.611250 1 64 1.000000
0  -4.029663 2.649022 -6.200720  -1.000000 -0.000000 0.000001  0.077236 0.611250 1 64 1.000000
gun_tex
0  -4.029664 3.208314 -9.417304  -0.508155 0.101350 -0.855282  0.077136 0.611396 1 64 1.000000
0  -3.807247 3.219877 -9.548079  -0.510041 0.104971 -0.853721  0.077135 0.611393 1 64 1.000000
0  -4.029664 3.055188 -9.435450  -0.509643 0.104205 -0.854052  0.077136 0.611396 1 64 1.000000
gun_tex
0  -3.807247 3.219877 -9.548079  -0.510041 0.104971 -0.853721  0.077135 0.611393 1 64 1.000000
0  -3.807247 2.903858 -9.587667  -0.511011 0.106863 -0.852905  0.077137 0.611393 1 64 1.000000
0  -4.029664 3.055188 -9.435450  -0.509643 0.104205 -0.854052  0.077136 0.611396 1 64 1.000000
gun_tex
0  -3.807245 2.547202 -5.916578  -0.442197 -0.645985 0.622227  0.077126 0.611420 1 64 1.000000
0  -4.029663 2.597713 -6.021885  -0.440971 -0.648793 0.620172  0.077125 0.611423 1 64 1.000000
0  -4.029663 2.512823 -6.110693  -0.440064 -0.647314 0.622357  0.077124 0.611423 1 64 1.000000
gun_tex
0  -3.807246 2.351571 -6.116676  -0.388975 -0.507999 -0.768528  0.077077 0.611411 1 64 1.000000
0  -4.029663 2.512823 -6.110693  -0.388972 -0.507996 -0.768532  0.077080 0.611412 1 64 1.000000
0  -3.807246 2.463563 -6.190704  -0.388976 -0.507990 -0.768534  0.077077 0.611412 1 64 1.000000
gun_tex
0  -4.029663 2.512823 -6.110693  -0.388972 -0.507996 -0.768532  0.077080 0.611412 1 64 1.000000
0  -4.029663 2.649022 -6.200720  -0.388972 -0.507997 -0.768531  0.077080 0.611413 1 64 1.000000
0  -3.807246 2.477460 -6.199888  -0.389034 -0.507828 -0.768611  0.077077 0.611412 1 64 1.000000
gun_tex
0  -3.810554 2.474496 -6.196255  -0.388983 -0.507876 -0.768605  0.077077 0.611412 1 64 1.000000
0  -4.029663 2.512823 -6.110693  -0.388972 -0.507996 -0.768532  0.077080 0.611412 1 64 1.000000
0  -3.807246 2.477460 -6.199888  -0.389034 -0.507828 -0.768611  0.077077 0.611412 1 64 1.000000
gun_tex
0  -3.807246 2.477460 -6.199888  -0.389034 -0.507828 -0.768611  0.077077 0.611412 1 64 1.000000
0  -3.807246 2.475458 -6.198565  -0.389185 -0.507670 -0.768640  0.077077 0.611412 1 64 1.000000
0  -3.810554 2.474496 -6.196255  -0.388983 -0.507876 -0.768605  0.077077 0.611412 1 64 1.000000
gun_tex
0  -3.551423 2.956373 -6.567621  0.000000 0.996116 0.088049  0.077249 0.611289 1 64 1.000000
0  -3.551423 2.968958 -6.709994  0.000000 0.996116 0.088049  0.077251 0.611289 1 64 1.000000
0  -3.807246 2.968958 -6.709994  0.000000 0.996116 0.088048  0.077251 0.611292 1 64 1.000000
gun_tex
0  -3.807246 3.011825 -7.194846  0.000000 0.996115 0.088064  0.077250 0.611235 1 64 1.000000
0  -3.551423 3.011825 -7.194846  0.000000 0.996114 0.088068  0.077250 0.611232 1 64 1.000000
0  -3.551423 3.024364 -7.336678  0.000000 0.996115 0.088066  0.077251 0.611232 1 64 1.000000
gun_tex
0  -3.551423 3.039554 -7.508458  0.000000 0.996115 0.088067  0.077251 0.611278 1 64 1.000000
0  -3.551423 3.052069 -7.650018  0.000000 0.996115 0.088067  0.077252 0.611278 1 64 1.000000
0  -3.807246 3.052069 -7.650018  -0.000000 0.996115 0.088066  0.077252 0.611281 1 64 1.000000
gun_tex
0  -3.551423 3.067279 -7.822071  0.000000 0.996114 0.088069  0.077251 0.611289 1 64 1.000000
0  -3.551423 3.079770 -7.963361  0.000000 0.996114 0.088069  0.077252 0.611289 1 64 1.000000
0  -3.807246 3.079770 -7.963361  0.000000 0.996115 0.088067  0.077252 0.611292 1 64 1.000000
gun_tex
0  -3.551423 3.095005 -8.135684  0.000000 0.996114 0.088072  0.077251 0.611372 1 64 1.000000
0  -3.551424 3.107473 -8.276703  0.000000 0.996114 0.088074  0.077252 0.611372 1 64 1.000000
0  -3.807247 3.107473 -8.276703  0.000000 0.996114 0.088071  0.077252 0.611376 1 64 1.000000
gun_tex
0  -3.551424 3.122732 -8.449297  0.000000 0.996114 0.088072  0.077251 0.611400 1 64 1.000000
0  -3.551424 3.135176 -8.590044  0.000000 0.996114 0.088071  0.077252 0.611400 1 64 1.000000
0  -3.807247 3.135176 -8.590044  0.000000 0.996114 0.088071  0.077252 0.611403 1 64 1.000000
gun_tex
0  -3.551424 3.150459 -8.762908  0.000000 0.996114 0.088074  0.077251 0.611323 1 64 1.000000
0  -3.551424 3.162880 -8.903386  0.000000 0.996114 0.088074  0.077252 0.611323 1 64 1.000000
0  -3.807247 3.162880 -8.903386  0.000000 0.996114 0.088074  0.077252 0.611326 1 64 1.000000
gun_tex
0  -3.551424 3.178184 -9.076523  -0.000000 0.996113 0.088090  0.077232 0.611414 1 64 1.000000
0  -3.551424 3.190583 -9.216726  0.000000 0.996113 0.088090  0.077233 0.611414 1 64 1.000000
0  -3.807247 3.190583 -9.216726  -0.000000 0.996113 0.088089  0.077233 0.611417 1 64 1.000000
gun_tex
0  -3.551424 3.205913 -9.390135  0.000000 0.996114 0.088069  0.077249 0.611251 1 64 1.000000
0  -3.551424 3.219877 -9.548079  0.000000 0.996114 0.088069  0.077250 0.611251 1 64 1.000000
0  -3.807247 3.219877 -9.548079  -0.000001 0.996114 0.088070  0.077250 0.611254 1 64 1.000000
gun_tex
0  -3.551423 2.928646 -6.254009  0.000000 0.996114 0.088074  0.077249 0.611339 1 64 1.000000
0  -3.551423 2.941258 -6.396652  0.000000 0.996114 0.088075  0.077250 0.611339 1 64 1.000000
0  -3.807246 2.941258 -6.396652  0.000000 0.996114 0.088074  0.077250 0.611342 1 64 1.000000
gun_tex
0  -3.807246 2.928646 -6.254009  0.000000 0.996114 0.088073  0.077249 0.611342 1 64 1.000000
0  -3.807246 2.941258 -6.396652  0.000000 0.996114 0.088074  0.077250 0.611342 1 64 1.000000
0  -4.029663 2.941258 -6.396652  0.000000 0.996114 0.088074  0.077250 0.611344 1 64 1.000000
gun_tex
0  -4.029663 2.956373 -6.567621  0.000000 0.996116 0.088049  0.077249 0.611295 1 64 1.000000
0  -3.807246 2.956373 -6.567621  0.000000 0.996116 0.088048  0.077249 0.611292 1 64 1.000000
0  -3.807246 2.968958 -6.709994  0.000000 0.996116 0.088048  0.077251 0.611292 1 64 1.000000
gun_tex
0  -3.807246 3.011825 -7.194846  0.000000 0.996115 0.088064  0.077250 0.611235 1 64 1.000000
0  -3.807246 3.024364 -7.336678  0.000000 0.996115 0.088063  0.077251 0.611235 1 64 1.000000
0  -4.029663 3.024364 -7.336678  0.000000 0.996115 0.088064  0.077251 0.611237 1 64 1.000000
gun_tex
0  -4.029663 3.039554 -7.508459  -0.000000 0.996114 0.088067  0.077251 0.611284 1 64 1.000000
0  -3.807246 3.039554 -7.508458  -0.000000 0.996115 0.088065  0.077251 0.611281 1 64 1.000000
0  -3.807246 3.052069 -7.650018  -0.000000 0.996115 0.088066  0.077252 0.611281 1 64 1.000000
gun_tex
0  -3.807246 3.067279 -7.822071  0.000000 0.996114 0.088067  0.077251 0.611292 1 64 1.000000
0  -3.807246 3.079770 -7.963361  0.000000 0.996115 0.088067  0.077252 0.611292 1 64 1.000000
0  -4.029664 3.079770 -7.963361  0.000000 0.996114 0.088068  0.077252 0.611295 1 64 1.000000
gun_tex
0  -3.807246 3.095005 -8.135684  0.000000 0.996114 0.088069  0.077251 0.611376 1 64 1.000000
0  -3.807247 3.107473 -8.276703  0.000000 0.996114 0.088071  0.077252 0.611376 1 64 1.000000
0  -4.029664 3.107473 -8.276703  0.000000 0.996114 0.088070  0.077252 0.611378 1 64 1.000000
gun_tex
0  -3.807247 3.122732 -8.449297  0.000000 0.996114 0.088072  0.077251 0.611403 1 64 1.000000
0  -3.807247 3.135176 -8.590044  0.000000 0.996114 0.088071  0.077252 0.611403 1 64 1.000000
0  -4.029664 3.135176 -8.590044  0.000000 0.996114 0.088073  0.077252 0.611405 1 64 1.000000
gun_tex
0  -3.807247 3.150459 -8.762908  0.000000 0.996114 0.088074  0.077251 0.611326 1 64 1.000000
0  -3.807247 3.162880 -8.903386  0.000000 0.996114 0.088074  0.077252 0.611326 1 64 1.000000
0  -4.029664 3.162880 -8.903386  0.000000 0.996114 0.088073  0.077252 0.611329 1 64 1.000000
gun_tex
0  -4.029664 3.178184 -9.076523  -0.000000 0.996113 0.088089  0.077232 0.611419 1 64 1.000000
0  -3.807247 3.178184 -9.076522  -0.000000 0.996113 0.088090  0.077232 0.611417 1 64 1.000000
0  -3.807247 3.190583 -9.216726  -0.000000 0.996113 0.088089  0.077233 0.611417 1 64 1.000000
gun_tex
0  -3.807247 3.205913 -9.390135  -0.000001 0.996114 0.088069  0.077249 0.611254 1 64 1.000000
0  -3.807247 3.219877 -9.548079  -0.000001 0.996114 0.088070  0.077250 0.611254 1 64 1.000000
0  -4.029664 3.208314 -9.417304  -0.000001 0.996116 0.088046  0.077249 0.611256 1 64 1.000000
gun_tex
0  -3.807246 2.984098 -6.881234  0.000000 0.996112 0.088096  0.077249 0.611388 1 64 1.000000
0  -3.807246 2.992475 -6.975952  0.000000 0.996114 0.088070  0.077250 0.611388 1 64 1.000000
0  -4.029663 2.992475 -6.975952  0.000000 0.996114 0.088069  0.077250 0.611390 1 64 1.000000
gun_tex
0  -3.551423 2.984098 -6.881234  0.000000 0.996112 0.088094  0.077249 0.611385 1 64 1.000000
0  -3.551423 2.992475 -6.975952  0.000000 0.996114 0.088069  0.077250 0.611385 1 64 1.000000
0  -3.807246 2.992475 -6.975952  0.000000 0.996114 0.088070  0.077250 0.611388 1 64 1.000000
gun_tex
0  -4.029664 3.133831 -9.240878  0.000000 0.989974 0.141251  0.077253 0.611390 1 64 1.000000
0  -3.551424 3.133831 -9.240878  0.000000 0.989975 0.141246  0.077253 0.611385 1 64 1.000000
0  -3.551424 3.153208 -9.376693  0.000000 0.989974 0.141247  0.077254 0.611385 1 64 1.000000
gun_tex
0  -4.029664 3.153208 -9.376693  0.000000 0.247134 0.968981  0.077214 0.611391 1 64 1.000000
0  -3.551424 3.153208 -9.376693  0.000000 0.247137 0.968981  0.077214 0.611386 1 64 1.000000
0  -3.551424 3.205913 -9.390135  0.000000 0.247137 0.968981  0.077215 0.611386 1 64 1.000000
gun_tex
0  -4.029664 3.190583 -9.216726  0.000000 0.391582 -0.920143  0.077248 0.611309 1 64 1.000000
0  -3.551424 3.190583 -9.216726  0.000000 0.391581 -0.920144  0.077248 0.611303 1 64 1.000000
0  -3.551424 3.133831 -9.240878  0.000000 0.391581 -0.920144  0.077248 0.611303 1 64 1.000000
gun_tex
0  -4.029664 3.125897 -9.063187  0.000000 0.247147 0.968978  0.077246 0.611275 1 64 1.000000
0  -3.551424 3.125897 -9.063187  0.000000 0.247142 0.968979  0.077246 0.611269 1 64 1.000000
0  -3.551424 3.178184 -9.076523  0.000000 0.247142 0.968979  0.077247 0.611269 1 64 1.000000
gun_tex
0  -4.029664 3.162880 -8.903386  0.000000 0.391600 -0.920136  0.077233 0.611419 1 64 1.000000
0  -3.551424 3.162880 -8.903386  0.000000 0.391601 -0.920135  0.077233 0.611413 1 64 1.000000
0  -3.551424 3.106521 -8.927372  0.000000 0.391601 -0.920135  0.077233 0.611413 1 64 1.000000
gun_tex
0  -4.029664 3.106521 -8.927372  0.000000 0.989976 0.141235  0.077253 0.611362 1 64 1.000000
0  -3.551424 3.106521 -8.927372  0.000000 0.989976 0.141235  0.077253 0.611356 1 64 1.000000
0  -3.551424 3.125897 -9.063187  0.000000 0.989976 0.141235  0.077254 0.611356 1 64 1.000000
gun_tex
0  -4.029664 3.079205 -8.613864  0.000000 0.989977 0.141232  0.077253 0.611405 1 64 1.000000
0  -3.551424 3.079205 -8.613864  0.000000 0.989976 0.141235  0.077253 0.611400 1 64 1.000000
0  -3.551424 3.098581 -8.749679  0.000000 0.989976 0.141234  0.077254 0.611400 1 64 1.000000
gun_tex
0  -4.029664 3.098581 -8.749679  0.000000 0.247098 0.968991  0.077080 0.611407 1 64 1.000000
0  -3.551424 3.098581 -8.749679  0.000000 0.247101 0.968990  0.077080 0.611413 1 64 1.000000
0  -3.551424 3.150459 -8.762908  0.000000 0.247101 0.968990  0.077080 0.611413 1 64 1.000000
gun_tex
0  -4.029664 3.135176 -8.590044  0.000000 0.391588 -0.920141  0.077167 0.611420 1 64 1.000000
0  -3.551424 3.135176 -8.590044  0.000000 0.391587 -0.920141  0.077167 0.611414 1 64 1.000000
0  -3.551424 3.079205 -8.613864  0.000000 0.391587 -0.920141  0.077167 0.611414 1 64 1.000000
gun_tex
0  -4.029664 3.051889 -8.300357  0.000000 0.989974 0.141247  0.077253 0.611306 1 64 1.000000
0  -3.551424 3.051889 -8.300357  0.000000 0.989974 0.141251  0.077253 0.611301 1 64 1.000000
0  -3.551424 3.071267 -8.436172  0.000000 0.989974 0.141250  0.077254 0.611301 1 64 1.000000
gun_tex
0  -4.029664 3.051889 -8.300357  0.000000 0.391572 -0.920148  0.077069 0.611422 1 64 1.000000
0  -4.029664 3.107473 -8.276703  0.000000 0.391572 -0.920147  0.077069 0.611422 1 64 1.000000
0  -3.551424 3.107473 -8.276703  0.000000 0.391571 -0.920148  0.077069 0.611417 1 64 1.000000
gun_tex
0  -4.029664 3.071267 -8.436172  0.000000 0.247125 0.968984  0.077092 0.611408 1 64 1.000000
0  -3.551424 3.071267 -8.436172  0.000000 0.247125 0.968984  0.077092 0.611413 1 64 1.000000
0  -3.551424 3.122732 -8.449297  0.000000 0.247125 0.968984  0.077091 0.611413 1 64 1.000000
gun_tex
0  -4.029664 3.043953 -8.122663  0.000000 0.247136 0.968981  0.077064 0.611421 1 64 1.000000
0  -3.551423 3.043953 -8.122663  0.000000 0.247132 0.968982  0.077064 0.611415 1 64 1.000000
0  -3.551423 3.095005 -8.135684  0.000000 0.247132 0.968982  0.077064 0.611415 1 64 1.000000
gun_tex
0  -4.029664 3.024575 -7.986849  0.000000 0.391569 -0.920149  0.077206 0.611423 1 64 1.000000
0  -4.029664 3.079770 -7.963361  0.000000 0.391569 -0.920149  0.077206 0.611423 1 64 1.000000
0  -3.551423 3.079770 -7.963361  0.000000 0.391568 -0.920149  0.077206 0.611417 1 64 1.000000
gun_tex
0  -4.029664 3.024575 -7.986849  0.000000 0.989974 0.141247  0.077253 0.611284 1 64 1.000000
0  -3.551423 3.024575 -7.986849  0.000000 0.989974 0.141253  0.077253 0.611278 1 64 1.000000
0  -3.551423 3.043953 -8.122663  0.000000 0.989974 0.141251  0.077254 0.611278 1 64 1.000000
gun_tex
0  -4.029663 2.997264 -7.673343  0.000000 0.391603 -0.920134  0.077252 0.611424 1 64 1.000000
0  -4.029664 3.052069 -7.650018  0.000000 0.391603 -0.920134  0.077251 0.611424 1 64 1.000000
0  -3.551423 3.052069 -7.650018  0.000000 0.391605 -0.920134  0.077251 0.611418 1 64 1.000000
gun_tex
0  -4.029663 2.997264 -7.673343  0.000000 0.989976 0.141236  0.077063 0.611421 1 64 1.000000
0  -3.551423 2.997264 -7.673343  0.000000 0.989975 0.141240  0.077063 0.611415 1 64 1.000000
0  -3.551423 3.016640 -7.809156  0.000000 0.989976 0.141239  0.077064 0.611415 1 64 1.000000
gun_tex
0  -4.029663 3.016640 -7.809156  0.000000 0.247117 0.968986  0.077198 0.611412 1 64 1.000000
0  -3.551423 3.016640 -7.809156  0.000000 0.247115 0.968986  0.077198 0.611418 1 64 1.000000
0  -3.551423 3.067279 -7.822071  0.000000 0.247115 0.968986  0.077198 0.611418 1 64 1.000000
gun_tex
0  -4.029663 2.989330 -7.495649  -0.000004 0.247140 0.968980  0.077257 0.611236 1 64 1.000000
0  -3.551423 2.989330 -7.495649  0.000002 0.247117 0.968986  0.077257 0.611242 1 64 1.000000
0  -3.551423 3.039554 -7.508458  0.000002 0.247117 0.968986  0.077257 0.611242 1 64 1.000000
gun_tex
0  -4.029663 2.969950 -7.359835  0.000000 0.989972 0.141264  0.077253 0.611237 1 64 1.000000
0  -3.551423 2.969950 -7.359835  0.000000 0.989972 0.141264  0.077253 0.611232 1 64 1.000000
0  -3.551423 2.989330 -7.495649  0.000000 0.989972 0.141264  0.077254 0.611232 1 64 1.000000
gun_tex
0  -4.029663 3.024364 -7.336678  0.000000 0.391592 -0.920139  0.077079 0.611424 1 64 1.000000
0  -3.551423 3.024364 -7.336678  0.000000 0.391594 -0.920138  0.077079 0.611418 1 64 1.000000
0  -3.551423 2.969950 -7.359835  0.000000 0.391594 -0.920138  0.077080 0.611418 1 64 1.000000
gun_tex
0  -4.029663 2.984098 -6.881234  0.000000 0.247123 0.968984  0.077257 0.611390 1 64 1.000000
0  -4.029663 2.934698 -6.868636  0.000000 0.247123 0.968984  0.077257 0.611390 1 64 1.000000
0  -3.551423 2.934698 -6.868636  0.000000 0.247122 0.968984  0.077257 0.611385 1 64 1.000000
gun_tex
0  -4.029663 2.952908 -6.716825  0.000000 0.391622 -0.920126  0.077257 0.611248 1 64 1.000000
0  -3.551423 2.952908 -6.716825  0.000000 0.391623 -0.920126  0.077257 0.611242 1 64 1.000000
0  -3.551423 2.915322 -6.732821  0.000000 0.391586 -0.920142  0.077257 0.611242 1 64 1.000000
gun_tex
0  -4.029663 2.968958 -6.709994  0.000000 0.391661 -0.920110  0.077257 0.611248 1 64 1.000000
0  -3.551423 2.968958 -6.709994  0.000000 0.391660 -0.920110  0.077257 0.611242 1 64 1.000000
0  -3.551423 2.952908 -6.716825  0.000000 0.391623 -0.920126  0.077257 0.611242 1 64 1.000000
gun_tex
0  -4.029663 2.962012 -7.182143  0.000000 0.989978 0.141219  0.077254 0.611268 1 64 1.000000
0  -4.029663 2.942638 -7.046327  0.000000 0.989978 0.141219  0.077252 0.611268 1 64 1.000000
0  -3.551423 2.942638 -7.046327  0.000000 0.989978 0.141219  0.077252 0.611262 1 64 1.000000
gun_tex
0  -4.029663 2.962012 -7.182143  0.000000 0.247096 0.968991  0.077257 0.611268 1 64 1.000000
0  -3.551423 2.962012 -7.182143  0.000000 0.247096 0.968991  0.077257 0.611262 1 64 1.000000
0  -3.551423 3.011825 -7.194846  0.000000 0.247096 0.968991  0.077257 0.611262 1 64 1.000000
gun_tex
0  -4.029663 2.915322 -6.732821  0.000000 0.989976 0.141238  0.077253 0.611378 1 64 1.000000
0  -3.551423 2.915322 -6.732821  0.000000 0.989976 0.141235  0.077253 0.611372 1 64 1.000000
0  -3.551423 2.934698 -6.868636  0.000000 0.989976 0.141235  0.077254 0.611372 1 64 1.000000
gun_tex
0  -4.029663 2.996663 -7.023336  0.000000 0.391582 -0.920143  0.077257 0.611284 1 64 1.000000
0  -3.551423 2.996663 -7.023336  0.000000 0.391584 -0.920142  0.077257 0.611278 1 64 1.000000
0  -3.551423 2.942638 -7.046327  0.000000 0.391584 -0.920142  0.077257 0.611278 1 64 1.000000
gun_tex
0  -4.029663 2.893189 -6.455613  0.000000 0.989972 0.141263  0.077253 0.611419 1 64 1.000000
0  -3.551423 2.893189 -6.455613  0.000000 0.989973 0.141258  0.077253 0.611413 1 64 1.000000
0  -3.551423 2.907387 -6.555128  0.000000 0.989976 0.141239  0.077254 0.611413 1 64 1.000000
gun_tex
0  -4.029663 2.941258 -6.396652  0.000000 0.391580 -0.920144  0.077257 0.611324 1 64 1.000000
0  -3.551423 2.941258 -6.396652  0.000000 0.391580 -0.920144  0.077257 0.611318 1 64 1.000000
0  -3.551423 2.888009 -6.419313  0.000000 0.391580 -0.920144  0.077257 0.611318 1 64 1.000000
gun_tex
0  -4.029663 2.888009 -6.419313  0.000000 0.989968 0.141289  0.077253 0.611419 1 64 1.000000
0  -3.551423 2.888009 -6.419313  0.000000 0.989970 0.141277  0.077253 0.611413 1 64 1.000000
0  -3.551423 2.893189 -6.455613  0.000000 0.989973 0.141258  0.077253 0.611413 1 64 1.000000
gun_tex
0  -4.029663 2.907387 -6.555128  0.000000 0.247132 0.968982  0.077257 0.611306 1 64 1.000000
0  -3.551423 2.907387 -6.555128  0.000000 0.247132 0.968982  0.077257 0.611300 1 64 1.000000
0  -3.551423 2.956373 -6.567621  0.000000 0.247132 0.968982  0.077257 0.611300 1 64 1.000000
gun_tex
0  -4.029663 2.874394 -6.201813  0.000000 0.989973 0.141255  0.077254 0.611344 1 64 1.000000
0  -3.551423 2.874394 -6.201813  0.000000 0.989973 0.141255  0.077254 0.611339 1 64 1.000000
0  -3.551423 2.880075 -6.241621  0.000000 0.989972 0.141266  0.077254 0.611339 1 64 1.000000
gun_tex
0  -4.029663 2.880075 -6.241621  0.000000 0.247130 0.968982  0.077160 0.611424 1 64 1.000000
0  -3.551423 2.880075 -6.241621  0.000000 0.247130 0.968982  0.077160 0.611419 1 64 1.000000
0  -3.551423 2.928646 -6.254009  0.000000 0.247130 0.968982  0.077160 0.611419 1 64 1.000000
gun_tex
0  -4.029663 2.924049 -6.078844  0.000000 0.391598 -0.920137  0.077117 0.611398 1 64 1.000000
0  -3.551423 2.924049 -6.078844  0.000000 0.391597 -0.920137  0.077117 0.611392 1 64 1.000000
0  -3.551423 2.860697 -6.105806  0.000000 0.391597 -0.920137  0.077117 0.611392 1 64 1.000000
gun_tex
0  -4.029663 2.860697 -6.105806  0.000000 0.989976 0.141239  0.077253 0.611344 1 64 1.000000
0  -3.551423 2.860697 -6.105806  0.000000 0.989975 0.141244  0.077253 0.611339 1 64 1.000000
0  -3.551423 2.874394 -6.201813  0.000000 0.989973 0.141255  0.077254 0.611339 1 64 1.000000
gun_tex
0  -3.807245 0.504890 -5.556959  -1.000000 0.000000 0.000002  0.077135 0.611370 1 64 1.000000
0  -3.807245 1.166891 -5.556958  -1.000000 -0.000000 0.000000  0.077135 0.611374 1 64 1.000000
0  -3.807245 1.166891 -5.786288  -1.000000 -0.000000 -0.000000  0.077133 0.611374 1 64 1.000000
gun_tex
0  -3.807245 0.504891 -5.327629  -1.000000 -0.000000 0.000001  0.077137 0.611370 1 64 1.000000
0  -3.807245 1.166890 -5.327629  -1.000000 -0.000000 0.000001  0.077137 0.611374 1 64 1.000000
0  -3.807245 1.166891 -5.556958  -1.000000 -0.000000 0.000000  0.077135 0.611374 1 64 1.000000
gun_tex
0  -3.807245 1.166891 -5.556958  -1.000000 -0.000000 0.000000  0.077135 0.611374 1 64 1.000000
0  -3.807245 2.924053 -5.622561  -1.000000 -0.000000 0.000001  0.077135 0.611385 1 64 1.000000
0  -3.807246 2.924051 -5.884692  -1.000000 -0.000005 0.000001  0.077133 0.611385 1 64 1.000000
gun_tex
0  -3.807245 1.166890 -5.327629  -1.000000 -0.000000 0.000001  0.077137 0.611374 1 64 1.000000
0  -3.807245 2.924051 -5.360428  -1.000000 -0.000000 0.000000  0.077137 0.611385 1 64 1.000000
0  -3.807245 2.924053 -5.622561  -1.000000 -0.000000 0.000001  0.077135 0.611385 1 64 1.000000
gun_tex
0  -3.807245 2.924053 -5.622561  0.000000 1.000000 -0.000000  0.077155 0.611395 1 64 1.000000
0  -3.551422 2.924053 -5.622561  0.000000 1.000000 0.000000  0.077155 0.611392 1 64 1.000000
0  -3.551422 2.924051 -5.884692  0.000000 1.000000 -0.000004  0.077157 0.611392 1 64 1.000000
gun_tex
0  -3.807245 2.924051 -5.360428  0.000000 1.000000 0.000007  0.077152 0.611395 1 64 1.000000
0  -3.551422 2.924051 -5.360428  0.000000 1.000000 0.000007  0.077152 0.611392 1 64 1.000000
0  -3.551422 2.924053 -5.622561  0.000000 1.000000 0.000000  0.077155 0.611392 1 64 1.000000
gun_tex
0  -3.807245 0.086663 -5.588453  -1.000000 -0.000000 0.000001  0.077135 0.611368 1 64 1.000000
0  -3.807245 0.504890 -5.556959  -1.000000 0.000000 0.000002  0.077135 0.611370 1 64 1.000000
0  -3.807245 0.504892 -5.786289  -1.000000 -0.000000 0.000000  0.077133 0.611370 1 64 1.000000
gun_tex
0  -3.807245 0.086662 -5.394542  -1.000000 -0.000000 0.000001  0.077137 0.611368 1 64 1.000000
0  -3.807245 0.504891 -5.327629  -1.000000 -0.000000 0.000001  0.077137 0.611370 1 64 1.000000
0  -3.807245 0.504890 -5.556959  -1.000000 0.000000 0.000002  0.077135 0.611370 1 64 1.000000
gun_tex
0  -3.807244 -6.217021 -5.588461  -1.000000 -0.000000 -0.000000  0.077226 0.611269 1 64 1.000000
0  -3.807245 -2.188771 -5.588457  -1.000000 -0.000000 -0.000000  0.077226 0.611293 1 64 1.000000
0  -3.807245 -2.188771 -5.712372  -1.000000 -0.000000 0.000000  0.077225 0.611293 1 64 1.000000
gun_tex
0  -3.807245 0.086663 -5.588453  0.000010 -0.000001 1.000000  0.077067 0.611422 1 64 1.000000
0  -3.807245 -0.935864 -5.588455  0.000011 -0.000002 1.000000  0.077067 0.611416 1 64 1.000000
0  -3.792893 -0.945883 -5.588455  0.000001 -0.000002 1.000000  0.077067 0.611416 1 64 1.000000
gun_tex
0  -3.551421 -6.742584 -5.588462  0.000000 -1.000000 0.000000  0.077098 0.611400 1 64 1.000000
0  -3.807244 -6.742584 -5.588462  0.000000 -1.000000 0.000000  0.077098 0.611403 1 64 1.000000
0  -3.807244 -6.742584 -5.782373  0.000000 -1.000000 0.000000  0.077096 0.611403 1 64 1.000000
gun_tex
0  -3.551421 -6.742584 -5.394550  0.000000 -1.000000 0.000000  0.077099 0.611400 1 64 1.000000
0  -3.807244 -6.742584 -5.394550  0.000000 -1.000000 0.000000  0.077099 0.611403 1 64 1.000000
0  -3.807244 -6.742584 -5.588462  0.000000 -1.000000 0.000000  0.077098 0.611403 1 64 1.000000
gun_tex
0  -3.807244 -6.319463 -5.394550  0.000000 1.000000 0.000006  0.077088 0.611403 1 64 1.000000
0  -4.064806 -6.319463 -5.394550  0.000000 1.000000 0.000005  0.077088 0.611406 1 64 1.000000
0  -4.064806 -6.319465 -5.200638  0.000000 1.000000 0.000012  0.077087 0.611406 1 64 1.000000
gun_tex
0  -3.807244 -6.319465 -5.200638  0.000001 -0.000002 1.000000  0.077176 0.611271 1 64 1.000000
0  -4.064806 -6.319465 -5.200638  0.000003 -0.000001 1.000000  0.077173 0.611271 1 64 1.000000
0  -4.064806 -6.742584 -5.200638  0.000003 -0.000001 1.000000  0.077173 0.611269 1 64 1.000000
gun_tex
0  -3.551421 -6.319465 -5.200638  0.000000 -0.000003 1.000000  0.077179 0.611271 1 64 1.000000
0  -3.807244 -6.319465 -5.200638  0.000001 -0.000002 1.000000  0.077176 0.611271 1 64 1.000000
0  -3.807244 -6.742584 -5.200639  0.000002 -0.000001 1.000000  0.077176 0.611269 1 64 1.000000
gun_tex
0  -3.551421 -6.319463 -5.782373  0.000000 -0.000005 -1.000000  0.077090 0.611285 1 64 1.000000
0  -3.807244 -6.319463 -5.782373  0.000000 -0.000005 -1.000000  0.077093 0.611285 1 64 1.000000
0  -3.807244 -6.217019 -5.782373  0.000000 -0.000002 -1.000000  0.077093 0.611285 1 64 1.000000
gun_tex
0  -3.807244 -6.319463 -5.782373  0.000000 1.000000 0.000000  0.077091 0.611403 1 64 1.000000
0  -4.064806 -6.319463 -5.782372  0.000000 1.000000 0.000000  0.077091 0.611406 1 64 1.000000
0  -4.064806 -6.319463 -5.588461  0.000000 1.000000 0.000000  0.077090 0.611406 1 64 1.000000
gun_tex
0  -3.551421 -6.217019 -5.782373  0.000000 -0.000002 -1.000000  0.077090 0.611285 1 64 1.000000
0  -3.807245 -2.188771 -5.782368  0.000002 0.000001 -1.000000  0.077093 0.611309 1 64 1.000000
0  -3.717445 -2.126084 -5.782368  -0.000000 0.000001 -1.000000  0.077092 0.611310 1 64 1.000000
gun_tex
0  -3.807244 -6.319463 -5.394550  -1.000000 0.000000 0.000000  0.077227 0.611269 1 64 1.000000
0  -3.807244 -6.217023 -5.394550  -1.000000 -0.000000 0.000000  0.077227 0.611269 1 64 1.000000
0  -3.807244 -6.217021 -5.588461  -1.000000 -0.000000 -0.000000  0.077226 0.611269 1 64 1.000000
gun_tex
0  -3.807244 -6.319463 -5.588461  -1.000000 0.000000 0.000000  0.077226 0.611269 1 64 1.000000
0  -3.807244 -6.217021 -5.588461  -1.000000 -0.000000 -0.000000  0.077226 0.611269 1 64 1.000000
0  -3.807244 -6.217019 -5.782373  -1.000000 0.000001 -0.000000  0.077224 0.611269 1 64 1.000000
gun_tex
0  -3.551421 -6.217021 -5.200638  0.000000 -0.000003 1.000000  0.077179 0.611272 1 64 1.000000
0  -3.807244 -6.217021 -5.200638  -0.000000 -0.000003 1.000000  0.077176 0.611272 1 64 1.000000
0  -3.807244 -6.319465 -5.200638  0.000001 -0.000002 1.000000  0.077176 0.611271 1 64 1.000000
gun_tex
0  -3.807244 -6.319465 -5.200638  -1.000000 0.000000 0.000000  0.077229 0.611269 1 64 1.000000
0  -3.807244 -6.217021 -5.200638  -1.000000 -0.000000 0.000000  0.077229 0.611269 1 64 1.000000
0  -3.807244 -6.217023 -5.394550  -1.000000 -0.000000 0.000000  0.077227 0.611269 1 64 1.000000
gun_tex
0  -3.720960 -6.121169 -5.394550  -1.000000 -0.000000 0.000002  0.077160 0.611372 1 64 1.000000
0  -3.720960 -2.128537 -5.394545  -1.000000 -0.000000 -0.000000  0.077160 0.611395 1 64 1.000000
0  -3.720960 -2.128536 -5.521217  -1.000000 -0.000000 0.000004  0.077159 0.611395 1 64 1.000000
gun_tex
0  -3.807244 -6.217023 -5.394550  -0.743231 0.669034 0.000002  0.077251 0.611271 1 64 1.000000
0  -3.720960 -6.121169 -5.394550  -0.743235 0.669031 0.000000  0.077252 0.611271 1 64 1.000000
0  -3.720960 -6.121169 -5.588461  -0.743229 0.669037 0.000003  0.077252 0.611272 1 64 1.000000
gun_tex
0  -3.807245 0.086663 -5.588453  -0.743221 -0.669046 -0.000000  0.077085 0.611413 1 64 1.000000
0  -3.720961 -0.009188 -5.588454  -0.743222 -0.669045 0.000000  0.077084 0.611413 1 64 1.000000
0  -3.720961 -0.009188 -5.394543  -0.743221 -0.669046 -0.000000  0.077084 0.611411 1 64 1.000000
gun_tex
0  -3.807245 0.086662 -5.394542  -0.000019 0.000001 -1.000000  0.077075 0.611412 1 64 1.000000
0  -3.720961 -0.996097 -5.394544  0.000000 0.000001 -1.000000  0.077074 0.611406 1 64 1.000000
0  -3.792893 -0.945883 -5.394544  0.000021 0.000001 -1.000000  0.077075 0.611406 1 64 1.000000
gun_tex
0  -3.655834 1.740930 -6.196315  -1.000000 0.000011 0.000000  0.077223 0.611228 1 64 1.000000
0  -3.655834 1.727529 -6.183777  -1.000000 0.000006 0.000000  0.077223 0.611228 1 64 1.000000
0  -3.655834 2.099578 -6.005871  -1.000000 0.000000 0.000000  0.077225 0.611227 1 64 1.000000
gun_tex
0  -3.655834 2.099578 -6.005871  -1.000000 0.000000 0.000000  0.077225 0.611227 1 64 1.000000
0  -3.655834 2.474496 -6.196255  -1.000000 0.000000 0.000001  0.077227 0.611229 1 64 1.000000
0  -3.655834 1.845441 -6.262544  -1.000000 -0.000000 0.000000  0.077223 0.611229 1 64 1.000000
gun_tex
0  -3.807245 2.228907 -6.035597  -1.000000 -0.000001 0.000001  0.077131 0.611380 1 64 1.000000
0  -3.807245 2.547202 -5.916578  -1.000000 0.000000 0.000004  0.077132 0.611382 1 64 1.000000
0  -3.807246 2.351571 -6.116676  -0.978467 0.153729 -0.137731  0.077131 0.611381 1 64 1.000000
gun_tex
0  -3.655834 2.039525 -6.385533  -1.000000 0.000000 0.000002  0.077224 0.611230 1 64 1.000000
0  -3.655834 1.845441 -6.262544  -1.000000 -0.000000 0.000000  0.077223 0.611229 1 64 1.000000
0  -3.655834 2.474496 -6.196255  -1.000000 0.000000 0.000001  0.077227 0.611229 1 64 1.000000
gun_tex
0  -3.655834 2.474496 -6.196255  -1.000000 0.000000 0.000001  0.077227 0.611229 1 64 1.000000
0  -3.655834 2.571205 -6.428196  -1.000000 0.000000 0.000001  0.077227 0.611231 1 64 1.000000
0  -3.655834 2.055925 -6.482498  -1.000000 0.000001 0.000002  0.077224 0.611231 1 64 1.000000
gun_tex
0  -3.807246 2.476006 -6.199880  -1.000000 0.000000 0.000000  0.077059 0.611424 1 64 1.000000
0  -3.807246 2.477460 -6.199888  -1.000000 0.000000 0.000000  0.077059 0.611424 1 64 1.000000
0  -3.807246 2.576139 -6.429585  -1.000000 0.000000 0.000000  0.077059 0.611426 1 64 1.000000
gun_tex
0  -3.807247 2.903858 -9.587667  0.000000 -0.994913 -0.100739  0.077127 0.611362 1 64 1.000000
0  -3.655835 2.903858 -9.587667  -0.000019 -0.994870 -0.101160  0.077125 0.611362 1 64 1.000000
0  -3.819327 2.903135 -9.580521  -0.000015 -0.994879 -0.101071  0.077127 0.611362 1 64 1.000000
gun_tex
0  -3.655835 2.903858 -9.587667  -0.000019 -0.994870 -0.101160  0.077125 0.611362 1 64 1.000000
0  -3.655834 2.608870 -6.686878  -0.000001 -0.994869 -0.101170  0.077125 0.611338 1 64 1.000000
0  -3.817881 2.638825 -6.981445  0.000003 -0.994869 -0.101170  0.077127 0.611341 1 64 1.000000
gun_tex
0  -3.819327 2.903135 -9.580521  -0.000015 -0.994879 -0.101071  0.077127 0.611362 1 64 1.000000
0  -3.655835 2.903858 -9.587667  -0.000019 -0.994870 -0.101160  0.077125 0.611362 1 64 1.000000
0  -3.817881 2.638825 -6.981445  0.000003 -0.994869 -0.101170  0.077127 0.611341 1 64 1.000000
gun_tex
0  -3.655834 2.608870 -6.686878  -0.000001 -0.994869 -0.101170  0.077125 0.611338 1 64 1.000000
0  -3.808753 2.608870 -6.686878  0.000000 -0.994855 -0.101305  0.077127 0.611338 1 64 1.000000
0  -3.808589 2.609499 -6.693054  -0.000002 -0.994863 -0.101233  0.077127 0.611338 1 64 1.000000
gun_tex
0  -3.655834 2.085539 -6.657578  -1.000000 0.000000 0.000000  0.077224 0.611232 1 64 1.000000
0  -3.655834 2.055925 -6.482498  -1.000000 0.000001 0.000002  0.077224 0.611231 1 64 1.000000
0  -3.655834 2.571205 -6.428196  -1.000000 0.000000 0.000001  0.077227 0.611231 1 64 1.000000
gun_tex
0  -3.655834 2.571205 -6.428196  -1.000000 0.000000 0.000001  0.077227 0.611231 1 64 1.000000
0  -3.655834 2.608870 -6.686878  -1.000000 0.000000 0.000001  0.077227 0.611233 1 64 1.000000
0  -3.655834 2.085539 -6.657578  -1.000000 0.000000 0.000000  0.077224 0.611232 1 64 1.000000
gun_tex
0  -3.655834 1.972467 -6.985386  -1.000000 -0.000002 0.000000  0.077222 0.611235 1 64 1.000000
0  -3.655834 2.055312 -6.745214  -1.000000 -0.000000 0.000000  0.077223 0.611233 1 64 1.000000
0  -3.655834 2.202194 -7.158487  -1.000000 0.000003 0.000000  0.077223 0.611236 1 64 1.000000
gun_tex
0  -3.655834 2.055312 -6.745214  -1.000000 -0.000000 0.000000  0.077223 0.611233 1 64 1.000000
0  -3.655834 2.608870 -6.686878  -1.000000 0.000000 0.000001  0.077227 0.611233 1 64 1.000000
0  -3.655834 2.318211 -7.091505  -1.000000 0.000001 0.000000  0.077224 0.611236 1 64 1.000000
gun_tex
0  -3.655834 2.608870 -6.686878  -1.000000 0.000000 0.000001  0.077227 0.611233 1 64 1.000000
0  -3.655834 2.434230 -7.292453  -1.000000 0.000003 0.000000  0.077225 0.611238 1 64 1.000000
0  -3.655834 2.434226 -7.158487  -1.000000 0.000006 0.000000  0.077225 0.611237 1 64 1.000000
gun_tex
0  -3.655834 2.318211 -7.091505  -1.000000 0.000001 0.000000  0.077224 0.611236 1 64 1.000000
0  -3.655834 2.202194 -7.158487  -1.000000 0.000003 0.000000  0.077223 0.611236 1 64 1.000000
0  -3.655834 2.055312 -6.745214  -1.000000 -0.000000 0.000000  0.077223 0.611233 1 64 1.000000
gun_tex
0  -3.655834 2.099578 -6.005871  -1.000000 0.000000 0.000000  0.077225 0.611227 1 64 1.000000
0  -3.655834 1.727529 -6.183777  -1.000000 0.000006 0.000000  0.077223 0.611228 1 64 1.000000
0  -3.655834 1.586924 -6.052246  -1.000000 0.000000 0.000000  0.077222 0.611227 1 64 1.000000
gun_tex
0  -3.655834 1.972467 -6.985386  -1.000000 -0.000002 0.000000  0.077222 0.611235 1 64 1.000000
0  -3.655834 2.202194 -7.158487  -1.000000 0.000003 0.000000  0.077223 0.611236 1 64 1.000000
0  -3.655834 2.202194 -7.292453  -1.000000 0.000003 0.000000  0.077223 0.611238 1 64 1.000000
gun_tex
0  -3.655835 2.742002 -9.607943  -1.000000 0.000000 0.000000  0.077222 0.611257 1 64 1.000000
0  -3.655834 1.972467 -6.985386  -1.000000 -0.000002 0.000000  0.077222 0.611235 1 64 1.000000
0  -3.655834 2.202194 -7.292453  -1.000000 0.000003 0.000000  0.077223 0.611238 1 64 1.000000
gun_tex
0  -3.655834 2.608870 -6.686878  -1.000000 0.000000 0.000001  0.077227 0.611233 1 64 1.000000
0  -3.655835 2.903858 -9.587667  -1.000000 -0.000079 0.000000  0.077223 0.611257 1 64 1.000000
0  -3.655834 2.434230 -7.292453  -1.000000 0.000003 0.000000  0.077225 0.611238 1 64 1.000000
gun_tex
0  -3.655835 2.903858 -9.587667  -1.000000 -0.000079 0.000000  0.077223 0.611257 1 64 1.000000
0  -3.655835 2.894401 -9.588850  -1.000000 -0.000047 0.000000  0.077223 0.611257 1 64 1.000000
0  -3.655834 2.318213 -7.359434  -1.000000 0.000004 0.000000  0.077224 0.611238 1 64 1.000000
gun_tex
0  -3.655834 2.434230 -7.292453  -1.000000 0.000003 0.000000  0.077225 0.611238 1 64 1.000000
0  -3.655835 2.903858 -9.587667  -1.000000 -0.000079 0.000000  0.077223 0.611257 1 64 1.000000
0  -3.655834 2.318213 -7.359434  -1.000000 0.000004 0.000000  0.077224 0.611238 1 64 1.000000
gun_tex
0  -3.655835 2.894401 -9.588850  -1.000000 -0.000047 0.000000  0.077223 0.611257 1 64 1.000000
0  -3.655835 2.742002 -9.607943  -1.000000 0.000000 0.000000  0.077222 0.611257 1 64 1.000000
0  -3.655834 2.318213 -7.359434  -1.000000 0.000004 0.000000  0.077224 0.611238 1 64 1.000000
gun_tex
0  -3.655834 2.318211 -7.091505  0.000000 0.499999 -0.866026  0.077166 0.611423 1 64 1.000000
0  -3.551423 2.318211 -7.091505  0.000000 0.500000 -0.866026  0.077166 0.611421 1 64 1.000000
0  -3.551423 2.202194 -7.158487  0.000000 0.499999 -0.866026  0.077167 0.611421 1 64 1.000000
gun_tex
0  -3.655834 2.318213 -7.359434  0.000000 -0.499992 0.866030  0.077115 0.611423 1 64 1.000000
0  -3.551423 2.318213 -7.359434  0.000000 -0.499991 0.866031  0.077115 0.611421 1 64 1.000000
0  -3.551423 2.434230 -7.292453  0.000000 -0.499992 0.866030  0.077116 0.611421 1 64 1.000000
gun_tex
0  -3.655834 2.202194 -7.158487  0.000000 1.000000 -0.000000  0.077246 0.611423 1 64 1.000000
0  -3.551423 2.202194 -7.158487  0.000000 1.000000 -0.000000  0.077246 0.611422 1 64 1.000000
0  -3.551423 2.202194 -7.292453  0.000000 1.000000 -0.000000  0.077247 0.611422 1 64 1.000000
gun_tex
0  -3.655834 2.434230 -7.292453  0.000000 -1.000000 -0.000031  0.077069 0.611421 1 64 1.000000
0  -3.551423 2.434230 -7.292453  0.000000 -1.000000 -0.000030  0.077069 0.611422 1 64 1.000000
0  -3.551423 2.434226 -7.158487  0.000000 -1.000000 -0.000029  0.077068 0.611422 1 64 1.000000
gun_tex
0  -3.655834 2.434226 -7.158487  0.000000 -0.500007 -0.866022  0.077166 0.611423 1 64 1.000000
0  -3.551423 2.434226 -7.158487  0.000000 -0.500008 -0.866021  0.077166 0.611421 1 64 1.000000
0  -3.551423 2.318211 -7.091505  0.000000 -0.500006 -0.866022  0.077166 0.611421 1 64 1.000000
gun_tex
0  -3.655834 2.202194 -7.292453  0.000000 0.499985 0.866034  0.077115 0.611423 1 64 1.000000
0  -3.551423 2.202194 -7.292453  0.000000 0.499985 0.866034  0.077115 0.611421 1 64 1.000000
0  -3.551423 2.318213 -7.359434  0.000000 0.499985 0.866034  0.077115 0.611421 1 64 1.000000
gun_tex
0  -3.447011 2.571205 -6.428196  -0.000004 -0.989566 -0.144083  0.077084 0.611368 1 64 1.000000
0  -3.447011 2.608870 -6.686878  -0.000003 -0.989565 -0.144086  0.077084 0.611371 1 64 1.000000
0  -3.295599 2.601344 -6.635189  -0.000002 -0.989564 -0.144091  0.077083 0.611370 1 64 1.000000
gun_tex
0  -3.447011 2.608870 -6.686878  -0.000003 -0.989565 -0.144086  0.077084 0.611371 1 64 1.000000
0  -3.294093 2.608870 -6.686878  0.000000 -0.989563 -0.144100  0.077083 0.611371 1 64 1.000000
0  -3.295599 2.601344 -6.635189  -0.000002 -0.989564 -0.144091  0.077083 0.611370 1 64 1.000000
gun_tex
0  -3.447011 2.474496 -6.196255  -0.000006 -0.922984 -0.384838  0.077084 0.611367 1 64 1.000000
0  -3.447011 2.571205 -6.428196  -0.000006 -0.922983 -0.384842  0.077084 0.611368 1 64 1.000000
0  -3.295599 2.476006 -6.199880  -0.000003 -0.923037 -0.384712  0.077083 0.611367 1 64 1.000000
gun_tex
0  -3.447011 2.571205 -6.428196  0.026192 -0.916373 -0.399468  0.077084 0.611368 1 64 1.000000
0  -3.295599 2.576139 -6.429585  0.026192 -0.916373 -0.399468  0.077083 0.611368 1 64 1.000000
0  -3.295599 2.476006 -6.199880  0.026192 -0.916373 -0.399468  0.077083 0.611367 1 64 1.000000
gun_tex
0  -3.295599 2.475458 -6.198565  0.000000 -0.923083 -0.384600  0.077083 0.611367 1 64 1.000000
0  -3.292291 2.474496 -6.196255  0.000000 -0.923090 -0.384584  0.077083 0.611367 1 64 1.000000
0  -3.447011 2.474496 -6.196255  -0.000006 -0.922984 -0.384838  0.077084 0.611367 1 64 1.000000
gun_tex
0  -3.447011 2.099578 -6.005871  0.000003 -0.452769 -0.891628  0.077246 0.611375 1 64 1.000000
0  -3.447011 2.474496 -6.196255  -0.000002 -0.452770 -0.891627  0.077246 0.611377 1 64 1.000000
0  -3.295599 2.161558 -6.037344  0.000001 -0.452768 -0.891628  0.077244 0.611375 1 64 1.000000
gun_tex
0  -3.447011 2.474496 -6.196255  -0.000002 -0.452770 -0.891627  0.077246 0.611377 1 64 1.000000
0  -3.292291 2.474496 -6.196255  0.000000 -0.452722 -0.891651  0.077244 0.611377 1 64 1.000000
0  -3.295599 2.463563 -6.190704  -0.000002 -0.452747 -0.891639  0.077244 0.611377 1 64 1.000000
gun_tex
0  -3.447011 2.474496 -6.196255  -0.000002 -0.452770 -0.891627  0.077246 0.611377 1 64 1.000000
0  -3.295599 2.463563 -6.190704  -0.000002 -0.452747 -0.891639  0.077244 0.611377 1 64 1.000000
0  -3.295599 2.161558 -6.037344  0.000001 -0.452768 -0.891628  0.077244 0.611375 1 64 1.000000
gun_tex
0  -3.295599 2.099578 -6.005871  0.000000 -0.062733 -0.998030  0.077244 0.611375 1 64 1.000000
0  -3.295599 1.496853 -5.967986  0.000000 -0.062733 -0.998030  0.077244 0.611371 1 64 1.000000
0  -3.447011 1.496853 -5.967986  0.000000 -0.062733 -0.998030  0.077246 0.611371 1 64 1.000000
gun_tex
0  -3.295598 -6.742584 -5.394550  0.000000 -1.000000 0.000000  0.077099 0.611397 1 64 1.000000
0  -3.295598 -6.742584 -5.200639  0.000000 -1.000000 0.000000  0.077101 0.611397 1 64 1.000000
0  -3.551421 -6.742584 -5.200639  0.000000 -1.000000 0.000000  0.077101 0.611400 1 64 1.000000
gun_tex
0  -3.295599 0.086662 -5.394542  1.000000 0.000000 -0.000000  0.077145 0.611321 1 64 1.000000
0  -3.295599 0.086662 -5.200631  1.000000 0.000001 0.000000  0.077147 0.611321 1 64 1.000000
0  -3.295598 -6.217021 -5.200638  1.000000 -0.000001 -0.000002  0.077147 0.611359 1 64 1.000000
gun_tex
0  -3.295598 -6.742584 -5.782373  0.000000 -1.000000 -0.000001  0.077096 0.611397 1 64 1.000000
0  -3.551421 -6.742584 -5.782373  0.000000 -1.000000 -0.000086  0.077096 0.611400 1 64 1.000000
0  -3.761078 -6.742584 -5.787777  0.000000 -1.000000 -0.000001  0.077096 0.611403 1 64 1.000000
gun_tex
0  -3.295598 -6.217021 -5.200638  -0.000000 -0.000003 1.000000  0.077182 0.611272 1 64 1.000000
0  -3.295599 0.086662 -5.200631  0.000000 -0.000001 1.000000  0.077182 0.611309 1 64 1.000000
0  -3.551422 0.086662 -5.200631  -0.000000 -0.000001 1.000000  0.077179 0.611309 1 64 1.000000
gun_tex
0  -3.295599 0.504891 -5.327629  1.000000 -0.000000 0.000000  0.077146 0.611318 1 64 1.000000
0  -3.295599 0.504889 -5.098300  1.000000 -0.000000 0.000000  0.077148 0.611318 1 64 1.000000
0  -3.295599 0.086662 -5.200631  1.000000 0.000001 0.000000  0.077147 0.611321 1 64 1.000000
gun_tex
0  -3.295599 1.166891 -5.098299  0.000000 -0.000001 1.000000  0.077182 0.611315 1 64 1.000000
0  -3.295599 2.752493 -5.098296  0.000000 -0.000002 1.000000  0.077182 0.611325 1 64 1.000000
0  -3.551422 2.752493 -5.098296  0.000000 -0.000002 1.000000  0.077179 0.611325 1 64 1.000000
gun_tex
0  -3.295599 0.504889 -5.098300  0.000000 -0.237668 0.971346  0.077182 0.611311 1 64 1.000000
0  -3.551422 0.504889 -5.098300  0.000000 -0.237668 0.971347  0.077179 0.611311 1 64 1.000000
0  -3.551422 0.086662 -5.200631  0.000000 -0.237667 0.971347  0.077179 0.611309 1 64 1.000000
gun_tex
0  -3.551422 0.504892 -5.786289  0.000000 -0.008003 -0.999968  0.077090 0.611325 1 64 1.000000
0  -3.295599 0.504892 -5.786289  -0.000000 -0.001375 -0.999999  0.077087 0.611325 1 64 1.000000
0  -3.295599 0.086664 -5.782366  0.000000 -0.004690 -0.999989  0.077087 0.611323 1 64 1.000000
gun_tex
0  -3.551422 2.924051 -5.360428  0.000000 0.836731 0.547615  0.077152 0.611392 1 64 1.000000
0  -3.551422 2.752493 -5.098296  0.000000 0.836731 0.547614  0.077150 0.611392 1 64 1.000000
0  -3.295599 2.752493 -5.098296  0.000000 0.836731 0.547614  0.077150 0.611390 1 64 1.000000
gun_tex
0  -3.073182 2.924051 -6.009795  -0.000002 1.000000 -0.000019  0.077158 0.611387 1 64 1.000000
0  -3.073182 2.924049 -6.078844  0.000000 1.000000 -0.000023  0.077158 0.611387 1 64 1.000000
0  -3.295599 2.924049 -6.078844  -0.000000 1.000000 -0.000014  0.077158 0.611390 1 64 1.000000
gun_tex
0  -3.295599 1.166890 -5.327629  1.000000 0.000000 -0.000000  0.077146 0.611315 1 64 1.000000
0  -3.295599 2.924051 -5.360428  1.000000 0.000000 -0.000001  0.077146 0.611304 1 64 1.000000
0  -3.295599 2.752493 -5.098296  1.000000 -0.000000 -0.000002  0.077148 0.611305 1 64 1.000000
gun_tex
0  -3.295599 1.166890 -5.327629  1.000000 0.000000 -0.000000  0.077146 0.611315 1 64 1.000000
0  -3.295599 1.166891 -5.098299  1.000000 0.000000 0.000000  0.077148 0.611315 1 64 1.000000
0  -3.295599 0.504889 -5.098300  1.000000 -0.000000 0.000000  0.077148 0.611318 1 64 1.000000
gun_tex
0  -3.551422 1.166891 -5.786288  0.000000 0.000001 -1.000000  0.077090 0.611329 1 64 1.000000
0  -3.295599 1.166891 -5.786288  0.000000 0.000001 -1.000000  0.077087 0.611329 1 64 1.000000
0  -3.295599 0.504892 -5.786289  -0.000000 -0.001375 -0.999999  0.077087 0.611325 1 64 1.000000
gun_tex
0  -3.295599 1.166891 -5.098299  0.000000 -0.000001 1.000000  0.077182 0.611315 1 64 1.000000
0  -3.551422 1.166891 -5.098299  0.000000 -0.000001 1.000000  0.077179 0.611315 1 64 1.000000
0  -3.551422 0.504889 -5.098300  0.000000 -0.000001 1.000000  0.077179 0.611311 1 64 1.000000
gun_tex
0  -3.551423 1.972467 -6.985386  -0.000000 -0.959544 -0.281557  0.077237 0.611339 1 64 1.000000
0  -3.551424 2.742000 -9.607943  -0.000000 -0.959544 -0.281558  0.077237 0.611361 1 64 1.000000
0  -3.447013 2.742002 -9.607943  0.000020 -0.959544 -0.281559  0.077236 0.611361 1 64 1.000000
gun_tex
0  -3.295599 2.924049 -6.078844  -0.000000 1.000000 -0.000014  0.077158 0.611390 1 64 1.000000
0  -3.551423 2.924049 -6.078844  0.000000 1.000000 -0.000028  0.077158 0.611392 1 64 1.000000
0  -3.551422 2.924051 -6.009795  0.000000 1.000000 -0.000014  0.077158 0.611392 1 64 1.000000
gun_tex
0  -3.447011 1.586924 -6.052246  0.000000 -0.683154 -0.730274  0.077100 0.611417 1 64 1.000000
0  -3.551422 1.586924 -6.052246  -0.000000 -0.683154 -0.730274  0.077100 0.611416 1 64 1.000000
0  -3.447011 1.727529 -6.183777  0.000002 -0.683171 -0.730259  0.077101 0.611417 1 64 1.000000
gun_tex
0  -3.551422 1.586924 -6.052246  -0.000000 -0.683154 -0.730274  0.077100 0.611416 1 64 1.000000
0  -3.551422 1.740930 -6.196315  -0.000000 -0.683160 -0.730269  0.077101 0.611416 1 64 1.000000
0  -3.447011 1.727529 -6.183777  0.000002 -0.683171 -0.730259  0.077101 0.611417 1 64 1.000000
gun_tex
0  -3.551422 1.486712 -5.958499  0.000000 -0.474099 -0.880471  0.077090 0.611331 1 64 1.000000
0  -3.295599 1.486712 -5.958499  0.000000 -0.474099 -0.880472  0.077087 0.611331 1 64 1.000000
0  -3.295599 1.166891 -5.786288  0.000000 -0.474099 -0.880472  0.077087 0.611329 1 64 1.000000
gun_tex
0  -3.447013 2.894401 -9.588850  0.000000 0.124240 -0.992252  0.077137 0.611389 1 64 1.000000
0  -3.551424 2.894401 -9.588850  0.000000 0.124298 -0.992245  0.077137 0.611390 1 64 1.000000
0  -3.447013 2.903858 -9.587667  -0.000004 0.124258 -0.992250  0.077137 0.611389 1 64 1.000000
gun_tex
0  -3.551424 2.894401 -9.588850  0.000000 0.124298 -0.992245  0.077137 0.611390 1 64 1.000000
0  -3.551424 3.219877 -9.548079  0.000000 0.124299 -0.992245  0.077135 0.611390 1 64 1.000000
0  -3.447013 2.903858 -9.587667  -0.000004 0.124258 -0.992250  0.077137 0.611389 1 64 1.000000
gun_tex
0  -3.551424 3.219877 -9.548079  0.000000 0.124299 -0.992245  0.077135 0.611390 1 64 1.000000
0  -3.295601 3.219877 -9.548079  0.000000 0.124299 -0.992245  0.077135 0.611387 1 64 1.000000
0  -3.447013 2.903858 -9.587667  -0.000004 0.124258 -0.992250  0.077137 0.611389 1 64 1.000000
gun_tex
0  -3.295599 1.166891 -5.786288  1.000000 -0.000000 -0.000002  0.077142 0.611315 1 64 1.000000
0  -3.295599 1.486712 -5.958499  1.000000 0.000000 0.000000  0.077141 0.611313 1 64 1.000000
0  -3.295599 2.067177 -5.928693  1.000000 -0.000001 0.000000  0.077141 0.611309 1 64 1.000000
gun_tex
0  -3.073182 2.893189 -6.455613  1.000000 0.000000 0.000000  0.077234 0.611366 1 64 1.000000
0  -3.073182 2.753604 -6.444155  1.000000 -0.000002 -0.000000  0.077234 0.611366 1 64 1.000000
0  -3.073182 2.907387 -6.555128  1.000000 -0.000001 -0.000002  0.077234 0.611367 1 64 1.000000
gun_tex
0  -3.073182 2.753604 -6.444155  1.000000 -0.000002 -0.000000  0.077234 0.611366 1 64 1.000000
0  -3.073183 2.785610 -6.705246  1.000000 -0.000002 -0.000001  0.077234 0.611368 1 64 1.000000
0  -3.073182 2.907387 -6.555128  1.000000 -0.000001 -0.000002  0.077234 0.611367 1 64 1.000000
gun_tex
0  -3.073183 2.785610 -6.705246  1.000000 -0.000002 -0.000001  0.077234 0.611368 1 64 1.000000
0  -3.073183 2.952908 -6.716825  1.000000 0.000000 0.000001  0.077233 0.611368 1 64 1.000000
0  -3.073182 2.907387 -6.555128  1.000000 -0.000001 -0.000002  0.077234 0.611367 1 64 1.000000
gun_tex
0  -3.073183 2.952908 -6.716825  1.000000 0.000000 0.000001  0.077233 0.611368 1 64 1.000000
0  -3.073183 2.968958 -6.709994  1.000000 0.000000 -0.000003  0.077233 0.611368 1 64 1.000000
0  -3.073182 2.956373 -6.567621  1.000000 0.000000 -0.000003  0.077233 0.611367 1 64 1.000000
gun_tex
0  -3.295599 2.996663 -7.023336  0.000000 0.996117 0.088044  0.077251 0.611382 1 64 1.000000
0  -3.551423 2.996663 -7.023336  0.000000 0.996116 0.088046  0.077251 0.611385 1 64 1.000000
0  -3.551423 2.992475 -6.975952  0.000000 0.996114 0.088069  0.077250 0.611385 1 64 1.000000
gun_tex
0  -3.447011 2.085539 -6.657578  0.000000 -0.945348 0.326064  0.077236 0.611336 1 64 1.000000
0  -3.551423 2.085539 -6.657578  0.000000 -0.945345 0.326072  0.077237 0.611336 1 64 1.000000
0  -3.447011 2.055312 -6.745214  0.000008 -0.945344 0.326076  0.077236 0.611337 1 64 1.000000
gun_tex
0  -3.551423 2.085539 -6.657578  0.000000 -0.945345 0.326072  0.077237 0.611336 1 64 1.000000
0  -3.551423 1.972467 -6.985386  0.000000 -0.945341 0.326083  0.077237 0.611339 1 64 1.000000
0  -3.447011 2.055312 -6.745214  0.000008 -0.945344 0.326076  0.077236 0.611337 1 64 1.000000
gun_tex
0  -3.447011 1.740930 -6.196315  0.000000 -0.535275 -0.844678  0.077242 0.611420 1 64 1.000000
0  -3.551422 1.740930 -6.196315  -0.000000 -0.535273 -0.844679  0.077242 0.611421 1 64 1.000000
0  -3.447011 1.845441 -6.262544  -0.000004 -0.535270 -0.844681  0.077241 0.611420 1 64 1.000000
gun_tex
0  -3.551422 1.740930 -6.196315  -0.000000 -0.535273 -0.844679  0.077242 0.611421 1 64 1.000000
0  -3.551423 2.039525 -6.385533  -0.000000 -0.535269 -0.844682  0.077240 0.611421 1 64 1.000000
0  -3.447011 1.845441 -6.262544  -0.000004 -0.535270 -0.844681  0.077241 0.611420 1 64 1.000000
gun_tex
0  -3.447011 2.039525 -6.385533  0.000000 -0.985998 -0.166758  0.077236 0.611334 1 64 1.000000
0  -3.551423 2.039525 -6.385533  -0.000000 -0.985997 -0.166765  0.077237 0.611334 1 64 1.000000
0  -3.447011 2.055925 -6.482498  -0.000007 -0.985996 -0.166769  0.077236 0.611335 1 64 1.000000
gun_tex
0  -3.551423 2.039525 -6.385533  -0.000000 -0.985997 -0.166765  0.077237 0.611334 1 64 1.000000
0  -3.551423 2.085539 -6.657578  -0.000000 -0.985995 -0.166776  0.077237 0.611336 1 64 1.000000
0  -3.447011 2.055925 -6.482498  -0.000007 -0.985996 -0.166769  0.077236 0.611335 1 64 1.000000
gun_tex
0  -3.073183 2.992475 -6.975952  0.000000 0.996114 0.088069  0.077250 0.611379 1 64 1.000000
0  -3.073183 2.996663 -7.023336  0.000000 0.996117 0.088042  0.077251 0.611379 1 64 1.000000
0  -3.295599 2.996663 -7.023336  0.000000 0.996117 0.088044  0.077251 0.611382 1 64 1.000000
gun_tex
0  -3.073182 2.874394 -6.201813  1.000000 -0.000002 0.000000  0.077234 0.611364 1 64 1.000000
0  -3.073182 2.649022 -6.200720  1.000000 -0.000000 0.000000  0.077235 0.611364 1 64 1.000000
0  -3.073182 2.880075 -6.241621  1.000000 -0.000001 0.000000  0.077234 0.611364 1 64 1.000000
gun_tex
0  -3.073182 2.649022 -6.200720  1.000000 -0.000000 0.000000  0.077235 0.611364 1 64 1.000000
0  -3.073182 2.753604 -6.444155  1.000000 -0.000002 -0.000000  0.077234 0.611366 1 64 1.000000
0  -3.073182 2.880075 -6.241621  1.000000 -0.000001 0.000000  0.077234 0.611364 1 64 1.000000
gun_tex
0  -3.073182 2.753604 -6.444155  1.000000 -0.000002 -0.000000  0.077234 0.611366 1 64 1.000000
0  -3.073182 2.893189 -6.455613  1.000000 0.000000 0.000000  0.077234 0.611366 1 64 1.000000
0  -3.073182 2.888009 -6.419313  1.000000 -0.000002 0.000000  0.077234 0.611365 1 64 1.000000
gun_tex
0  -3.073182 2.888009 -6.419313  1.000000 -0.000002 0.000000  0.077234 0.611365 1 64 1.000000
0  -3.073182 2.941258 -6.396652  1.000000 0.000000 0.000000  0.077233 0.611365 1 64 1.000000
0  -3.073182 2.880075 -6.241621  1.000000 -0.000001 0.000000  0.077234 0.611364 1 64 1.000000
gun_tex
0  -3.073182 2.941258 -6.396652  1.000000 0.000000 0.000000  0.077233 0.611365 1 64 1.000000
0  -3.073182 2.928646 -6.254009  1.000000 0.000001 0.000000  0.077233 0.611364 1 64 1.000000
0  -3.073182 2.880075 -6.241621  1.000000 -0.000001 0.000000  0.077234 0.611364 1 64 1.000000
gun_tex
0  -3.551424 2.894401 -9.588850  0.000000 0.124298 -0.992245  0.077137 0.611390 1 64 1.000000
0  -3.447013 2.894401 -9.588850  0.000000 0.124240 -0.992252  0.077137 0.611389 1 64 1.000000
0  -3.447013 2.742002 -9.607943  0.000001 0.124308 -0.992244  0.077138 0.611389 1 64 1.000000
gun_tex
0  -3.295599 2.067177 -5.928693  1.000000 -0.000001 0.000000  0.077141 0.611309 1 64 1.000000
0  -3.295599 1.486712 -5.958499  1.000000 0.000000 0.000000  0.077141 0.611313 1 64 1.000000
0  -3.295599 1.496853 -5.967986  1.000000 0.000001 0.000000  0.077141 0.611313 1 64 1.000000
gun_tex
0  -3.295599 2.099578 -6.005871  1.000000 -0.000011 0.000000  0.077140 0.611309 1 64 1.000000
0  -3.295599 2.161558 -6.037344  1.000000 -0.000001 0.000000  0.077140 0.611309 1 64 1.000000
0  -3.295599 2.067177 -5.928693  1.000000 -0.000001 0.000000  0.077141 0.611309 1 64 1.000000
gun_tex
0  -3.295599 2.161558 -6.037344  1.000000 -0.000001 0.000000  0.077140 0.611309 1 64 1.000000
0  -3.295599 2.228907 -6.035597  1.000000 0.000002 0.000000  0.077140 0.611308 1 64 1.000000
0  -3.295599 2.067177 -5.928693  1.000000 -0.000001 0.000000  0.077141 0.611309 1 64 1.000000
gun_tex
0  -3.551422 1.486712 -5.958499  0.000000 -0.683150 -0.730278  0.077099 0.611416 1 64 1.000000
0  -3.551422 1.586924 -6.052246  -0.000000 -0.683154 -0.730274  0.077100 0.611416 1 64 1.000000
0  -3.447011 1.496853 -5.967986  0.000002 -0.683130 -0.730297  0.077099 0.611417 1 64 1.000000
gun_tex
0  -3.551422 1.586924 -6.052246  -0.000000 -0.683154 -0.730274  0.077100 0.611416 1 64 1.000000
0  -3.447011 1.586924 -6.052246  0.000000 -0.683154 -0.730274  0.077100 0.611417 1 64 1.000000
0  -3.447011 1.496853 -5.967986  0.000002 -0.683130 -0.730297  0.077099 0.611417 1 64 1.000000
gun_tex
0  -3.447011 1.496853 -5.967986  0.000002 -0.683130 -0.730297  0.077099 0.611417 1 64 1.000000
0  -3.295599 1.496853 -5.967986  0.000000 -0.683113 -0.730312  0.077099 0.611419 1 64 1.000000
0  -3.295599 1.486712 -5.958499  0.000000 -0.683113 -0.730312  0.077099 0.611419 1 64 1.000000
gun_tex
0  -3.295599 2.924051 -5.898502  -0.000000 1.000000 -0.000006  0.077157 0.611390 1 64 1.000000
0  -3.551422 2.924051 -6.009795  0.000000 1.000000 -0.000014  0.077158 0.611392 1 64 1.000000
0  -3.551422 2.924051 -5.884692  0.000000 1.000000 -0.000004  0.077157 0.611392 1 64 1.000000
gun_tex
0  -3.295599 2.228907 -6.035597  1.000000 0.000002 0.000000  0.077140 0.611308 1 64 1.000000
0  -3.295599 2.924051 -5.898502  1.000000 0.000002 0.000000  0.077141 0.611304 1 64 1.000000
0  -3.295599 2.924051 -5.884692  1.000000 0.000001 -0.000000  0.077141 0.611304 1 64 1.000000
gun_tex
0  -3.073183 2.785610 -6.705246  1.000000 -0.000002 -0.000001  0.077234 0.611368 1 64 1.000000
0  -3.073183 2.806451 -6.978841  1.000000 -0.000001 -0.000000  0.077234 0.611370 1 64 1.000000
0  -3.073183 2.934698 -6.868636  1.000000 -0.000001 -0.000001  0.077234 0.611369 1 64 1.000000
gun_tex
0  -3.073183 2.806451 -6.978841  1.000000 -0.000001 -0.000000  0.077234 0.611370 1 64 1.000000
0  -3.073183 2.992475 -6.975952  1.000000 -0.000000 0.000000  0.077233 0.611370 1 64 1.000000
0  -3.073183 2.934698 -6.868636  1.000000 -0.000001 -0.000001  0.077234 0.611369 1 64 1.000000
gun_tex
0  -3.073183 2.992475 -6.975952  1.000000 -0.000000 0.000000  0.077233 0.611370 1 64 1.000000
0  -3.073183 2.984098 -6.881234  1.000000 -0.000002 0.000000  0.077233 0.611369 1 64 1.000000
0  -3.073183 2.934698 -6.868636  1.000000 -0.000001 -0.000001  0.077234 0.611369 1 64 1.000000
gun_tex
0  -3.073182 2.915322 -6.732821  1.000000 -0.000003 0.000013  0.077234 0.611368 1 64 1.000000
0  -3.073183 2.952908 -6.716825  1.000000 0.000000 0.000001  0.077233 0.611368 1 64 1.000000
0  -3.073183 2.785610 -6.705246  1.000000 -0.000002 -0.000001  0.077234 0.611368 1 64 1.000000
gun_tex
0  -3.073184 3.055188 -9.435450  1.000000 -0.000005 -0.000001  0.077234 0.611390 1 64 1.000000
0  -3.073184 3.208314 -9.417304  1.000000 -0.000007 -0.000002  0.077233 0.611390 1 64 1.000000
0  -3.073184 3.153208 -9.376693  1.000000 -0.000006 -0.000002  0.077234 0.611390 1 64 1.000000
gun_tex
0  -3.073184 3.208314 -9.417304  1.000000 -0.000007 -0.000002  0.077233 0.611390 1 64 1.000000
0  -3.073184 3.205913 -9.390135  1.000000 -0.000011 0.000000  0.077233 0.611390 1 64 1.000000
0  -3.073184 3.153208 -9.376693  1.000000 -0.000006 -0.000002  0.077234 0.611390 1 64 1.000000
gun_tex
0  -3.073183 2.996663 -7.023336  1.000000 0.000000 0.000000  0.077233 0.611370 1 64 1.000000
0  -3.073183 2.992475 -6.975952  1.000000 -0.000000 0.000000  0.077233 0.611370 1 64 1.000000
0  -3.073183 2.942638 -7.046327  1.000000 -0.000001 0.000000  0.077234 0.611371 1 64 1.000000
gun_tex
0  -3.073183 2.992475 -6.975952  1.000000 -0.000000 0.000000  0.077233 0.611370 1 64 1.000000
0  -3.073183 2.806451 -6.978841  1.000000 -0.000001 -0.000000  0.077234 0.611370 1 64 1.000000
0  -3.073183 2.942638 -7.046327  1.000000 -0.000001 0.000000  0.077234 0.611371 1 64 1.000000
gun_tex
0  -3.073183 2.806451 -6.978841  1.000000 -0.000001 -0.000000  0.077234 0.611370 1 64 1.000000
0  -3.073184 3.055188 -9.435450  1.000000 -0.000005 -0.000001  0.077234 0.611390 1 64 1.000000
0  -3.073183 3.051889 -8.300357  1.000000 -0.000004 -0.000001  0.077234 0.611381 1 64 1.000000
gun_tex
0  -3.073184 3.055188 -9.435450  1.000000 -0.000005 -0.000001  0.077234 0.611390 1 64 1.000000
0  -3.073184 3.153208 -9.376693  1.000000 -0.000006 -0.000002  0.077234 0.611390 1 64 1.000000
0  -3.073184 3.133831 -9.240878  1.000000 -0.000006 -0.000000  0.077234 0.611388 1 64 1.000000
gun_tex
0  -3.073184 3.133831 -9.240878  1.000000 -0.000006 -0.000000  0.077234 0.611388 1 64 1.000000
0  -3.073184 3.190583 -9.216726  1.000000 -0.000000 0.000000  0.077233 0.611388 1 64 1.000000
0  -3.073184 3.125897 -9.063187  1.000000 -0.000001 -0.000000  0.077234 0.611387 1 64 1.000000
gun_tex
0  -3.073184 3.190583 -9.216726  1.000000 -0.000000 0.000000  0.077233 0.611388 1 64 1.000000
0  -3.073184 3.178184 -9.076523  1.000000 -0.000001 0.000000  0.077233 0.611387 1 64 1.000000
0  -3.073184 3.125897 -9.063187  1.000000 -0.000001 -0.000000  0.077234 0.611387 1 64 1.000000
gun_tex
0  -3.073184 3.055188 -9.435450  1.000000 -0.000005 -0.000001  0.077234 0.611390 1 64 1.000000
0  -3.073184 3.133831 -9.240878  1.000000 -0.000006 -0.000000  0.077234 0.611388 1 64 1.000000
0  -3.073184 3.125897 -9.063187  1.000000 -0.000001 -0.000000  0.077234 0.611387 1 64 1.000000
gun_tex
0  -3.073184 3.106521 -8.927372  1.000000 -0.000006 -0.000000  0.077234 0.611386 1 64 1.000000
0  -3.073184 3.055188 -9.435450  1.000000 -0.000005 -0.000001  0.077234 0.611390 1 64 1.000000
0  -3.073184 3.125897 -9.063187  1.000000 -0.000001 -0.000000  0.077234 0.611387 1 64 1.000000
gun_tex
0  -3.073183 2.962012 -7.182143  1.000000 0.000001 0.000000  0.077234 0.611372 1 64 1.000000
0  -3.073183 2.942638 -7.046327  1.000000 -0.000001 0.000000  0.077234 0.611371 1 64 1.000000
0  -3.073183 2.806451 -6.978841  1.000000 -0.000001 -0.000000  0.077234 0.611370 1 64 1.000000
gun_tex
0  -3.073183 3.024364 -7.336678  1.000000 0.000004 0.000000  0.077233 0.611373 1 64 1.000000
0  -3.073183 3.011825 -7.194846  1.000000 -0.000008 0.000000  0.077233 0.611372 1 64 1.000000
0  -3.073183 2.962012 -7.182143  1.000000 0.000001 0.000000  0.077234 0.611372 1 64 1.000000
gun_tex
0  -3.073183 2.969950 -7.359835  1.000000 -0.000008 0.000000  0.077234 0.611373 1 64 1.000000
0  -3.073183 3.024364 -7.336678  1.000000 0.000004 0.000000  0.077233 0.611373 1 64 1.000000
0  -3.073183 2.962012 -7.182143  1.000000 0.000001 0.000000  0.077234 0.611372 1 64 1.000000
gun_tex
0  -3.073184 3.106521 -8.927372  1.000000 -0.000006 -0.000000  0.077234 0.611386 1 64 1.000000
0  -3.073184 3.162880 -8.903386  1.000000 0.000006 0.000000  0.077233 0.611386 1 64 1.000000
0  -3.073184 3.098581 -8.749679  1.000000 0.000002 0.000000  0.077234 0.611384 1 64 1.000000
gun_tex
0  -3.073184 3.162880 -8.903386  1.000000 0.000006 0.000000  0.077233 0.611386 1 64 1.000000
0  -3.073184 3.150459 -8.762908  1.000000 0.000005 0.000000  0.077233 0.611385 1 64 1.000000
0  -3.073184 3.098581 -8.749679  1.000000 0.000002 0.000000  0.077234 0.611384 1 64 1.000000
gun_tex
0  -3.073183 2.969950 -7.359835  1.000000 -0.000008 0.000000  0.077234 0.611373 1 64 1.000000
0  -3.073183 2.962012 -7.182143  1.000000 0.000001 0.000000  0.077234 0.611372 1 64 1.000000
0  -3.073183 2.806451 -6.978841  1.000000 -0.000001 -0.000000  0.077234 0.611370 1 64 1.000000
gun_tex
0  -3.073183 3.052069 -7.650018  1.000000 -0.000004 -0.000003  0.077233 0.611375 1 64 1.000000
0  -3.073183 3.039554 -7.508459  1.000000 0.000005 -0.000003  0.077233 0.611374 1 64 1.000000
0  -3.073183 2.989330 -7.495649  1.000000 -0.000006 -0.000003  0.077234 0.611374 1 64 1.000000
gun_tex
0  -3.073183 2.989330 -7.495649  1.000000 -0.000006 -0.000003  0.077234 0.611374 1 64 1.000000
0  -3.073183 2.969950 -7.359835  1.000000 -0.000008 0.000000  0.077234 0.611373 1 64 1.000000
0  -3.073183 2.806451 -6.978841  1.000000 -0.000001 -0.000000  0.077234 0.611370 1 64 1.000000
gun_tex
0  -3.073184 3.055188 -9.435450  1.000000 -0.000005 -0.000001  0.077234 0.611390 1 64 1.000000
0  -3.073184 3.106521 -8.927372  1.000000 -0.000006 -0.000000  0.077234 0.611386 1 64 1.000000
0  -3.073184 3.079205 -8.613864  1.000000 0.000022 -0.000002  0.077234 0.611383 1 64 1.000000
gun_tex
0  -3.073184 3.079205 -8.613864  1.000000 0.000022 -0.000002  0.077234 0.611383 1 64 1.000000
0  -3.073184 3.135176 -8.590044  1.000000 -0.000005 -0.000004  0.077233 0.611383 1 64 1.000000
0  -3.073183 3.071267 -8.436172  1.000000 -0.000018 -0.000006  0.077234 0.611382 1 64 1.000000
gun_tex
0  -3.073184 3.135176 -8.590044  1.000000 -0.000005 -0.000004  0.077233 0.611383 1 64 1.000000
0  -3.073183 3.122732 -8.449297  1.000000 0.000000 -0.000005  0.077233 0.611382 1 64 1.000000
0  -3.073183 3.071267 -8.436172  1.000000 -0.000018 -0.000006  0.077234 0.611382 1 64 1.000000
gun_tex
0  -3.073184 3.106521 -8.927372  1.000000 -0.000006 -0.000000  0.077234 0.611386 1 64 1.000000
0  -3.073184 3.098581 -8.749679  1.000000 0.000002 0.000000  0.077234 0.611384 1 64 1.000000
0  -3.073184 3.079205 -8.613864  1.000000 0.000022 -0.000002  0.077234 0.611383 1 64 1.000000
gun_tex
0  -3.073183 2.997264 -7.673343  1.000000 -0.000002 -0.000001  0.077234 0.611376 1 64 1.000000
0  -3.073183 3.052069 -7.650018  1.000000 -0.000004 -0.000003  0.077233 0.611375 1 64 1.000000
0  -3.073183 2.989330 -7.495649  1.000000 -0.000006 -0.000003  0.077234 0.611374 1 64 1.000000
gun_tex
0  -3.073183 3.079770 -7.963361  1.000000 0.000004 0.000000  0.077233 0.611378 1 64 1.000000
0  -3.073183 3.067279 -7.822071  1.000000 -0.000006 0.000000  0.077233 0.611377 1 64 1.000000
0  -3.073183 3.016640 -7.809156  1.000000 -0.000001 0.000000  0.077234 0.611377 1 64 1.000000
gun_tex
0  -3.073183 2.997264 -7.673343  1.000000 -0.000002 -0.000001  0.077234 0.611376 1 64 1.000000
0  -3.073183 2.989330 -7.495649  1.000000 -0.000006 -0.000003  0.077234 0.611374 1 64 1.000000
0  -3.073183 2.806451 -6.978841  1.000000 -0.000001 -0.000000  0.077234 0.611370 1 64 1.000000
gun_tex
0  -3.073183 3.024575 -7.986849  1.000000 0.000002 0.000000  0.077234 0.611378 1 64 1.000000
0  -3.073183 3.079770 -7.963361  1.000000 0.000004 0.000000  0.077233 0.611378 1 64 1.000000
0  -3.073183 3.016640 -7.809156  1.000000 -0.000001 0.000000  0.077234 0.611377 1 64 1.000000
gun_tex
0  -3.073183 3.016640 -7.809156  1.000000 -0.000001 0.000000  0.077234 0.611377 1 64 1.000000
0  -3.073183 2.997264 -7.673343  1.000000 -0.000002 -0.000001  0.077234 0.611376 1 64 1.000000
0  -3.073183 3.024575 -7.986849  1.000000 0.000002 0.000000  0.077234 0.611378 1 64 1.000000
gun_tex
0  -3.073183 2.997264 -7.673343  1.000000 -0.000002 -0.000001  0.077234 0.611376 1 64 1.000000
0  -3.073183 2.806451 -6.978841  1.000000 -0.000001 -0.000000  0.077234 0.611370 1 64 1.000000
0  -3.073183 3.024575 -7.986849  1.000000 0.000002 0.000000  0.077234 0.611378 1 64 1.000000
gun_tex
0  -3.073184 3.055188 -9.435450  1.000000 -0.000005 -0.000001  0.077234 0.611390 1 64 1.000000
0  -3.073184 3.079205 -8.613864  1.000000 0.000022 -0.000002  0.077234 0.611383 1 64 1.000000
0  -3.073183 3.051889 -8.300357  1.000000 -0.000004 -0.000001  0.077234 0.611381 1 64 1.000000
gun_tex
0  -3.073183 3.051889 -8.300357  1.000000 -0.000004 -0.000001  0.077234 0.611381 1 64 1.000000
0  -3.073183 3.107473 -8.276703  1.000000 0.000004 0.000000  0.077233 0.611381 1 64 1.000000
0  -3.073183 3.043953 -8.122663  1.000000 -0.000001 0.000000  0.077234 0.611379 1 64 1.000000
gun_tex
0  -3.073183 3.107473 -8.276703  1.000000 0.000004 0.000000  0.077233 0.611381 1 64 1.000000
0  -3.073183 3.095005 -8.135684  1.000000 -0.000005 0.000000  0.077233 0.611379 1 64 1.000000
0  -3.073183 3.043953 -8.122663  1.000000 -0.000001 0.000000  0.077234 0.611379 1 64 1.000000
gun_tex
0  -3.073184 3.079205 -8.613864  1.000000 0.000022 -0.000002  0.077234 0.611383 1 64 1.000000
0  -3.073183 3.071267 -8.436172  1.000000 -0.000018 -0.000006  0.077234 0.611382 1 64 1.000000
0  -3.073183 3.051889 -8.300357  1.000000 -0.000004 -0.000001  0.077234 0.611381 1 64 1.000000
gun_tex
0  -3.073183 3.043953 -8.122663  1.000000 -0.000001 0.000000  0.077234 0.611379 1 64 1.000000
0  -3.073183 3.024575 -7.986849  1.000000 0.000002 0.000000  0.077234 0.611378 1 64 1.000000
0  -3.073183 3.051889 -8.300357  1.000000 -0.000004 -0.000001  0.077234 0.611381 1 64 1.000000
gun_tex
0  -3.295599 2.924051 -5.898502  0.435509 -0.043127 0.899151  0.077249 0.611419 1 64 1.000000
0  -3.295599 2.547202 -5.916578  0.435509 -0.043127 0.899151  0.077251 0.611418 1 64 1.000000
0  -3.073182 2.597713 -6.021885  0.435509 -0.043127 0.899151  0.077251 0.611421 1 64 1.000000
gun_tex
0  -3.073183 2.785610 -6.705246  0.616984 -0.781128 -0.095757  0.077080 0.611371 1 64 1.000000
0  -3.073182 2.753604 -6.444155  0.616984 -0.781128 -0.095756  0.077080 0.611369 1 64 1.000000
0  -3.295599 2.601344 -6.635189  0.616982 -0.781130 -0.095757  0.077083 0.611370 1 64 1.000000
gun_tex
0  -3.073182 2.753604 -6.444155  0.616984 -0.781128 -0.095756  0.077080 0.611369 1 64 1.000000
0  -3.295599 2.576139 -6.429585  0.616983 -0.781129 -0.095757  0.077083 0.611368 1 64 1.000000
0  -3.295599 2.601344 -6.635189  0.616982 -0.781130 -0.095757  0.077083 0.611370 1 64 1.000000
gun_tex
0  -3.295599 2.601344 -6.635189  0.616982 -0.781130 -0.095757  0.077083 0.611370 1 64 1.000000
0  -3.294093 2.608870 -6.686878  0.616996 -0.781115 -0.095787  0.077083 0.611371 1 64 1.000000
0  -3.073183 2.785610 -6.705246  0.616984 -0.781128 -0.095757  0.077080 0.611371 1 64 1.000000
gun_tex
0  -3.073182 2.649022 -6.200720  0.577424 -0.750149 -0.322270  0.077080 0.611367 1 64 1.000000
0  -3.295599 2.477460 -6.199888  0.577419 -0.750153 -0.322268  0.077083 0.611367 1 64 1.000000
0  -3.295599 2.576139 -6.429585  0.577423 -0.750150 -0.322270  0.077083 0.611368 1 64 1.000000
gun_tex
0  -3.294256 2.609499 -6.693054  0.619966 -0.782363 -0.059588  0.077083 0.611371 1 64 1.000000
0  -3.284965 2.638825 -6.981445  0.619972 -0.782359 -0.059581  0.077083 0.611373 1 64 1.000000
0  -3.073183 2.806451 -6.978841  0.619966 -0.782363 -0.059588  0.077080 0.611373 1 64 1.000000
gun_tex
0  -3.284965 2.638825 -6.981445  0.619278 -0.781178 -0.079097  0.077083 0.611373 1 64 1.000000
0  -3.283521 2.903135 -9.580521  0.619270 -0.781184 -0.079098  0.077082 0.611394 1 64 1.000000
0  -3.073184 3.055188 -9.435450  0.619271 -0.781183 -0.079097  0.077080 0.611393 1 64 1.000000
gun_tex
0  -3.073182 2.597713 -6.021885  1.000000 -0.000000 0.000000  0.077235 0.611362 1 64 1.000000
0  -3.073182 2.512823 -6.110693  1.000000 0.000000 0.000000  0.077236 0.611363 1 64 1.000000
0  -3.073182 2.649022 -6.200720  1.000000 -0.000000 0.000000  0.077235 0.611364 1 64 1.000000
gun_tex
0  -3.073182 2.649022 -6.200720  1.000000 -0.000000 0.000000  0.077235 0.611364 1 64 1.000000
0  -3.073182 2.874394 -6.201813  1.000000 -0.000002 0.000000  0.077234 0.611364 1 64 1.000000
0  -3.073182 2.860697 -6.105806  1.000000 0.000000 0.000000  0.077234 0.611363 1 64 1.000000
gun_tex
0  -3.073182 2.860697 -6.105806  1.000000 0.000000 0.000000  0.077234 0.611363 1 64 1.000000
0  -3.073182 2.924049 -6.078844  1.000000 0.000007 0.000000  0.077233 0.611363 1 64 1.000000
0  -3.073182 2.924051 -6.009795  1.000000 0.000001 0.000000  0.077233 0.611362 1 64 1.000000
gun_tex
0  -3.073182 2.924051 -6.009795  1.000000 0.000001 0.000000  0.077233 0.611362 1 64 1.000000
0  -3.073182 2.597713 -6.021885  1.000000 -0.000000 0.000000  0.077235 0.611362 1 64 1.000000
0  -3.073182 2.860697 -6.105806  1.000000 0.000000 0.000000  0.077234 0.611363 1 64 1.000000
gun_tex
0  -3.295601 2.903858 -9.587667  0.511011 0.106872 -0.852905  0.077137 0.611387 1 64 1.000000
0  -3.295601 3.219877 -9.548079  0.510041 0.104971 -0.853721  0.077135 0.611387 1 64 1.000000
0  -3.073184 3.055188 -9.435450  0.509642 0.104205 -0.854053  0.077136 0.611385 1 64 1.000000
gun_tex
0  -3.295601 3.219877 -9.548079  0.510041 0.104971 -0.853721  0.077135 0.611387 1 64 1.000000
0  -3.073184 3.208314 -9.417304  0.508154 0.101350 -0.855282  0.077136 0.611385 1 64 1.000000
0  -3.073184 3.055188 -9.435450  0.509642 0.104205 -0.854053  0.077136 0.611385 1 64 1.000000
gun_tex
0  -3.295599 2.547202 -5.916578  0.442195 -0.645983 0.622229  0.077203 0.611420 1 64 1.000000
0  -3.295599 2.351571 -6.116676  0.446923 -0.639657 0.625379  0.077205 0.611420 1 64 1.000000
0  -3.073182 2.512823 -6.110693  0.440063 -0.647313 0.622358  0.077205 0.611423 1 64 1.000000
gun_tex
0  -3.073182 2.649022 -6.200720  0.388973 -0.507997 -0.768531  0.077242 0.611378 1 64 1.000000
0  -3.073182 2.512823 -6.110693  0.388973 -0.507995 -0.768532  0.077242 0.611377 1 64 1.000000
0  -3.295599 2.477460 -6.199888  0.389035 -0.507826 -0.768612  0.077244 0.611377 1 64 1.000000
gun_tex
0  -3.073182 2.512823 -6.110693  0.388973 -0.507995 -0.768532  0.077242 0.611377 1 64 1.000000
0  -3.295599 2.351571 -6.116676  0.388974 -0.507998 -0.768529  0.077244 0.611376 1 64 1.000000
0  -3.295599 2.463563 -6.190704  0.388977 -0.507982 -0.768538  0.077244 0.611377 1 64 1.000000
gun_tex
0  -3.292291 2.474496 -6.196255  0.388985 -0.507869 -0.768609  0.077244 0.611377 1 64 1.000000
0  -3.073182 2.512823 -6.110693  0.388973 -0.507995 -0.768532  0.077242 0.611377 1 64 1.000000
0  -3.295599 2.463563 -6.190704  0.388977 -0.507982 -0.768538  0.077244 0.611377 1 64 1.000000
gun_tex
0  -3.292291 2.474496 -6.196255  0.388985 -0.507869 -0.768609  0.077244 0.611377 1 64 1.000000
0  -3.295599 2.475458 -6.198565  0.389185 -0.507670 -0.768640  0.077244 0.611377 1 64 1.000000
0  -3.295599 2.477460 -6.199888  0.389035 -0.507826 -0.768612  0.077244 0.611377 1 64 1.000000
gun_tex
0  -3.295599 2.968958 -6.709994  0.000000 0.996116 0.088049  0.077251 0.611286 1 64 1.000000
0  -3.551423 2.968958 -6.709994  0.000000 0.996116 0.088049  0.077251 0.611289 1 64 1.000000
0  -3.551423 2.956373 -6.567621  0.000000 0.996116 0.088049  0.077249 0.611289 1 64 1.000000
gun_tex
0  -3.295600 3.011825 -7.194846  0.000000 0.996115 0.088064  0.077250 0.611229 1 64 1.000000
0  -3.295600 3.024364 -7.336678  0.000000 0.996115 0.088061  0.077251 0.611229 1 64 1.000000
0  -3.551423 3.024364 -7.336678  0.000000 0.996115 0.088066  0.077251 0.611232 1 64 1.000000
gun_tex
0  -3.295600 3.052069 -7.650018  0.000000 0.996115 0.088066  0.077252 0.611275 1 64 1.000000
0  -3.551423 3.052069 -7.650018  0.000000 0.996115 0.088067  0.077252 0.611278 1 64 1.000000
0  -3.551423 3.039554 -7.508458  0.000000 0.996115 0.088067  0.077251 0.611278 1 64 1.000000
gun_tex
0  -3.295600 3.079770 -7.963361  0.000000 0.996114 0.088069  0.077252 0.611286 1 64 1.000000
0  -3.551423 3.079770 -7.963361  0.000000 0.996114 0.088069  0.077252 0.611289 1 64 1.000000
0  -3.551423 3.067279 -7.822071  0.000000 0.996114 0.088069  0.077251 0.611289 1 64 1.000000
gun_tex
0  -3.295601 3.107473 -8.276703  0.000000 0.996114 0.088071  0.077252 0.611369 1 64 1.000000
0  -3.551424 3.107473 -8.276703  0.000000 0.996114 0.088074  0.077252 0.611372 1 64 1.000000
0  -3.551423 3.095005 -8.135684  0.000000 0.996114 0.088072  0.077251 0.611372 1 64 1.000000
gun_tex
0  -3.295601 3.135176 -8.590044  0.000000 0.996114 0.088072  0.077252 0.611397 1 64 1.000000
0  -3.551424 3.135176 -8.590044  0.000000 0.996114 0.088071  0.077252 0.611400 1 64 1.000000
0  -3.551424 3.122732 -8.449297  0.000000 0.996114 0.088072  0.077251 0.611400 1 64 1.000000
gun_tex
0  -3.295601 3.162880 -8.903386  0.000000 0.996114 0.088074  0.077252 0.611320 1 64 1.000000
0  -3.551424 3.162880 -8.903386  0.000000 0.996114 0.088074  0.077252 0.611323 1 64 1.000000
0  -3.551424 3.150459 -8.762908  0.000000 0.996114 0.088074  0.077251 0.611323 1 64 1.000000
gun_tex
0  -3.295601 3.190583 -9.216726  0.000000 0.996112 0.088090  0.077233 0.611411 1 64 1.000000
0  -3.551424 3.190583 -9.216726  0.000000 0.996113 0.088090  0.077233 0.611414 1 64 1.000000
0  -3.551424 3.178184 -9.076523  -0.000000 0.996113 0.088090  0.077232 0.611414 1 64 1.000000
gun_tex
0  -3.295601 3.219877 -9.548079  0.000001 0.996114 0.088069  0.077250 0.611248 1 64 1.000000
0  -3.551424 3.219877 -9.548079  0.000000 0.996114 0.088069  0.077250 0.611251 1 64 1.000000
0  -3.551424 3.205913 -9.390135  0.000000 0.996114 0.088069  0.077249 0.611251 1 64 1.000000
gun_tex
0  -3.295599 2.941258 -6.396652  0.000000 0.996114 0.088074  0.077250 0.611336 1 64 1.000000
0  -3.551423 2.941258 -6.396652  0.000000 0.996114 0.088075  0.077250 0.611339 1 64 1.000000
0  -3.551423 2.928646 -6.254009  0.000000 0.996114 0.088074  0.077249 0.611339 1 64 1.000000
gun_tex
0  -3.073182 2.941258 -6.396652  0.000000 0.996114 0.088071  0.077250 0.611333 1 64 1.000000
0  -3.295599 2.941258 -6.396652  0.000000 0.996114 0.088074  0.077250 0.611336 1 64 1.000000
0  -3.295599 2.928646 -6.254009  0.000000 0.996114 0.088072  0.077249 0.611336 1 64 1.000000
gun_tex
0  -3.073182 2.956373 -6.567621  0.000000 0.996116 0.088049  0.077249 0.611284 1 64 1.000000
0  -3.073183 2.968958 -6.709994  0.000000 0.996116 0.088049  0.077251 0.611284 1 64 1.000000
0  -3.295599 2.968958 -6.709994  0.000000 0.996116 0.088049  0.077251 0.611286 1 64 1.000000
gun_tex
0  -3.073183 3.024364 -7.336678  0.000000 0.996115 0.088065  0.077251 0.611226 1 64 1.000000
0  -3.295600 3.024364 -7.336678  0.000000 0.996115 0.088061  0.077251 0.611229 1 64 1.000000
0  -3.295600 3.011825 -7.194846  0.000000 0.996115 0.088064  0.077250 0.611229 1 64 1.000000
gun_tex
0  -3.073183 3.039554 -7.508459  0.000000 0.996115 0.088067  0.077251 0.611272 1 64 1.000000
0  -3.073183 3.052069 -7.650018  0.000000 0.996114 0.088069  0.077252 0.611272 1 64 1.000000
0  -3.295600 3.052069 -7.650018  0.000000 0.996115 0.088066  0.077252 0.611275 1 64 1.000000
gun_tex
0  -3.073183 3.079770 -7.963361  0.000000 0.996115 0.088067  0.077252 0.611284 1 64 1.000000
0  -3.295600 3.079770 -7.963361  0.000000 0.996114 0.088069  0.077252 0.611286 1 64 1.000000
0  -3.295600 3.067279 -7.822071  0.000000 0.996114 0.088068  0.077251 0.611286 1 64 1.000000
gun_tex
0  -3.073183 3.107473 -8.276703  0.000000 0.996114 0.088070  0.077252 0.611367 1 64 1.000000
0  -3.295601 3.107473 -8.276703  0.000000 0.996114 0.088071  0.077252 0.611369 1 64 1.000000
0  -3.295601 3.095005 -8.135684  0.000000 0.996114 0.088070  0.077251 0.611369 1 64 1.000000
gun_tex
0  -3.073184 3.135176 -8.590044  0.000000 0.996114 0.088074  0.077252 0.611394 1 64 1.000000
0  -3.295601 3.135176 -8.590044  0.000000 0.996114 0.088072  0.077252 0.611397 1 64 1.000000
0  -3.295601 3.122732 -8.449297  0.000000 0.996114 0.088074  0.077251 0.611397 1 64 1.000000
gun_tex
0  -3.073184 3.162880 -8.903386  0.000000 0.996114 0.088073  0.077252 0.611318 1 64 1.000000
0  -3.295601 3.162880 -8.903386  0.000000 0.996114 0.088074  0.077252 0.611320 1 64 1.000000
0  -3.295601 3.150459 -8.762908  0.000000 0.996114 0.088074  0.077251 0.611320 1 64 1.000000
gun_tex
0  -3.073184 3.178184 -9.076523  0.000000 0.996113 0.088089  0.077232 0.611408 1 64 1.000000
0  -3.073184 3.190583 -9.216726  0.000000 0.996113 0.088089  0.077233 0.611408 1 64 1.000000
0  -3.295601 3.190583 -9.216726  0.000000 0.996112 0.088090  0.077233 0.611411 1 64 1.000000
gun_tex
0  -3.073184 3.208314 -9.417304  0.000001 0.996116 0.088045  0.077249 0.611245 1 64 1.000000
0  -3.295601 3.219877 -9.548079  0.000001 0.996114 0.088069  0.077250 0.611248 1 64 1.000000
0  -3.295601 3.205913 -9.390135  0.000002 0.996115 0.088067  0.077249 0.611248 1 64 1.000000
gun_tex
0  -3.073183 2.992475 -6.975952  0.000000 0.996114 0.088069  0.077250 0.611379 1 64 1.000000
0  -3.295599 2.992475 -6.975952  0.000000 0.996114 0.088070  0.077250 0.611382 1 64 1.000000
0  -3.295599 2.984098 -6.881234  0.000000 0.996112 0.088096  0.077249 0.611382 1 64 1.000000
gun_tex
0  -3.295599 2.992475 -6.975952  0.000000 0.996114 0.088070  0.077250 0.611382 1 64 1.000000
0  -3.551423 2.992475 -6.975952  0.000000 0.996114 0.088069  0.077250 0.611385 1 64 1.000000
0  -3.551423 2.984098 -6.881234  0.000000 0.996112 0.088094  0.077249 0.611385 1 64 1.000000
gun_tex
0  -3.551424 3.153208 -9.376693  0.000000 0.989974 0.141247  0.077254 0.611385 1 64 1.000000
0  -3.551424 3.133831 -9.240878  0.000000 0.989975 0.141246  0.077253 0.611385 1 64 1.000000
0  -3.073184 3.133831 -9.240878  0.000000 0.989974 0.141251  0.077253 0.611379 1 64 1.000000
gun_tex
0  -3.551424 3.205913 -9.390135  0.000000 0.247137 0.968981  0.077215 0.611386 1 64 1.000000
0  -3.551424 3.153208 -9.376693  0.000000 0.247137 0.968981  0.077214 0.611386 1 64 1.000000
0  -3.073184 3.153208 -9.376693  0.000000 0.247135 0.968981  0.077214 0.611380 1 64 1.000000
gun_tex
0  -3.551424 3.133831 -9.240878  0.000000 0.391581 -0.920144  0.077248 0.611303 1 64 1.000000
0  -3.551424 3.190583 -9.216726  0.000000 0.391581 -0.920144  0.077248 0.611303 1 64 1.000000
0  -3.073184 3.190583 -9.216726  0.000000 0.391583 -0.920143  0.077248 0.611297 1 64 1.000000
gun_tex
0  -3.551424 3.178184 -9.076523  0.000000 0.247142 0.968979  0.077247 0.611269 1 64 1.000000
0  -3.551424 3.125897 -9.063187  0.000000 0.247142 0.968979  0.077246 0.611269 1 64 1.000000
0  -3.073184 3.125897 -9.063187  0.000000 0.247144 0.968979  0.077246 0.611264 1 64 1.000000
gun_tex
0  -3.551424 3.106521 -8.927372  0.000000 0.391601 -0.920135  0.077233 0.611413 1 64 1.000000
0  -3.551424 3.162880 -8.903386  0.000000 0.391601 -0.920135  0.077233 0.611413 1 64 1.000000
0  -3.073184 3.162880 -8.903386  0.000000 0.391600 -0.920136  0.077233 0.611408 1 64 1.000000
gun_tex
0  -3.073184 3.125897 -9.063187  0.000000 0.989976 0.141235  0.077254 0.611351 1 64 1.000000
0  -3.551424 3.125897 -9.063187  0.000000 0.989976 0.141235  0.077254 0.611356 1 64 1.000000
0  -3.551424 3.106521 -8.927372  0.000000 0.989976 0.141235  0.077253 0.611356 1 64 1.000000
gun_tex
0  -3.551424 3.098581 -8.749679  0.000000 0.989976 0.141234  0.077254 0.611400 1 64 1.000000
0  -3.551424 3.079205 -8.613864  0.000000 0.989976 0.141235  0.077253 0.611400 1 64 1.000000
0  -3.073184 3.079205 -8.613864  0.000000 0.989977 0.141232  0.077253 0.611394 1 64 1.000000
gun_tex
0  -3.551424 3.150459 -8.762908  0.000000 0.247101 0.968990  0.077080 0.611413 1 64 1.000000
0  -3.551424 3.098581 -8.749679  0.000000 0.247101 0.968990  0.077080 0.611413 1 64 1.000000
0  -3.073184 3.098581 -8.749679  0.000000 0.247100 0.968990  0.077080 0.611419 1 64 1.000000
gun_tex
0  -3.551424 3.079205 -8.613864  0.000000 0.391587 -0.920141  0.077167 0.611414 1 64 1.000000
0  -3.551424 3.135176 -8.590044  0.000000 0.391587 -0.920141  0.077167 0.611414 1 64 1.000000
0  -3.073184 3.135176 -8.590044  0.000000 0.391588 -0.920141  0.077167 0.611409 1 64 1.000000
gun_tex
0  -3.551424 3.071267 -8.436172  0.000000 0.989974 0.141250  0.077254 0.611301 1 64 1.000000
0  -3.551424 3.051889 -8.300357  0.000000 0.989974 0.141251  0.077253 0.611301 1 64 1.000000
0  -3.073183 3.051889 -8.300357  0.000000 0.989974 0.141249  0.077253 0.611295 1 64 1.000000
gun_tex
0  -3.551424 3.051889 -8.300357  0.000000 0.391571 -0.920148  0.077069 0.611417 1 64 1.000000
0  -3.551424 3.107473 -8.276703  0.000000 0.391571 -0.920148  0.077069 0.611417 1 64 1.000000
0  -3.073183 3.107473 -8.276703  0.000000 0.391570 -0.920148  0.077069 0.611411 1 64 1.000000
gun_tex
0  -3.551424 3.122732 -8.449297  0.000000 0.247125 0.968984  0.077091 0.611413 1 64 1.000000
0  -3.551424 3.071267 -8.436172  0.000000 0.247125 0.968984  0.077092 0.611413 1 64 1.000000
0  -3.073183 3.071267 -8.436172  0.000000 0.247126 0.968983  0.077092 0.611419 1 64 1.000000
gun_tex
0  -3.551423 3.095005 -8.135684  0.000000 0.247132 0.968982  0.077064 0.611415 1 64 1.000000
0  -3.551423 3.043953 -8.122663  0.000000 0.247132 0.968982  0.077064 0.611415 1 64 1.000000
0  -3.073183 3.043953 -8.122663  0.000000 0.247136 0.968981  0.077064 0.611410 1 64 1.000000
gun_tex
0  -3.551423 3.024575 -7.986849  0.000000 0.391568 -0.920149  0.077206 0.611417 1 64 1.000000
0  -3.551423 3.079770 -7.963361  0.000000 0.391568 -0.920149  0.077206 0.611417 1 64 1.000000
0  -3.073183 3.079770 -7.963361  0.000000 0.391566 -0.920150  0.077206 0.611411 1 64 1.000000
gun_tex
0  -3.551423 3.043953 -8.122663  0.000000 0.989974 0.141251  0.077254 0.611278 1 64 1.000000
0  -3.551423 3.024575 -7.986849  0.000000 0.989974 0.141253  0.077253 0.611278 1 64 1.000000
0  -3.073183 3.024575 -7.986849  0.000000 0.989974 0.141247  0.077253 0.611272 1 64 1.000000
gun_tex
0  -3.073183 2.997264 -7.673343  0.000000 0.391605 -0.920133  0.077252 0.611413 1 64 1.000000
0  -3.551423 2.997264 -7.673343  0.000000 0.391605 -0.920134  0.077252 0.611418 1 64 1.000000
0  -3.551423 3.052069 -7.650018  0.000000 0.391605 -0.920134  0.077251 0.611418 1 64 1.000000
gun_tex
0  -3.551423 3.016640 -7.809156  0.000000 0.989976 0.141239  0.077064 0.611415 1 64 1.000000
0  -3.551423 2.997264 -7.673343  0.000000 0.989975 0.141240  0.077063 0.611415 1 64 1.000000
0  -3.073183 2.997264 -7.673343  0.000000 0.989976 0.141236  0.077063 0.611410 1 64 1.000000
gun_tex
0  -3.551423 3.067279 -7.822071  0.000000 0.247115 0.968986  0.077198 0.611418 1 64 1.000000
0  -3.551423 3.016640 -7.809156  0.000000 0.247115 0.968986  0.077198 0.611418 1 64 1.000000
0  -3.073183 3.016640 -7.809156  0.000000 0.247117 0.968986  0.077198 0.611424 1 64 1.000000
gun_tex
0  -3.073183 3.039554 -7.508459  0.000000 0.247141 0.968980  0.077257 0.611248 1 64 1.000000
0  -3.551423 3.039554 -7.508458  0.000002 0.247117 0.968986  0.077257 0.611242 1 64 1.000000
0  -3.551423 2.989330 -7.495649  0.000002 0.247117 0.968986  0.077257 0.611242 1 64 1.000000
gun_tex
0  -3.551423 2.989330 -7.495649  0.000000 0.989972 0.141264  0.077254 0.611232 1 64 1.000000
0  -3.551423 2.969950 -7.359835  0.000000 0.989972 0.141264  0.077253 0.611232 1 64 1.000000
0  -3.073183 2.969950 -7.359835  0.000000 0.989972 0.141264  0.077253 0.611226 1 64 1.000000
gun_tex
0  -3.551423 2.969950 -7.359835  0.000000 0.391594 -0.920138  0.077080 0.611418 1 64 1.000000
0  -3.551423 3.024364 -7.336678  0.000000 0.391594 -0.920138  0.077079 0.611418 1 64 1.000000
0  -3.073183 3.024364 -7.336678  0.000000 0.391592 -0.920139  0.077079 0.611413 1 64 1.000000
gun_tex
0  -3.073183 2.984098 -6.881234  0.000000 0.247122 0.968984  0.077257 0.611379 1 64 1.000000
0  -3.551423 2.984098 -6.881234  0.000000 0.247122 0.968984  0.077257 0.611385 1 64 1.000000
0  -3.551423 2.934698 -6.868636  0.000000 0.247122 0.968984  0.077257 0.611385 1 64 1.000000
gun_tex
0  -3.551423 2.915322 -6.732821  0.000000 0.391586 -0.920142  0.077257 0.611242 1 64 1.000000
0  -3.551423 2.952908 -6.716825  0.000000 0.391623 -0.920126  0.077257 0.611242 1 64 1.000000
0  -3.073183 2.952908 -6.716825  0.000000 0.391622 -0.920126  0.077257 0.611236 1 64 1.000000
gun_tex
0  -3.551423 2.952908 -6.716825  0.000000 0.391623 -0.920126  0.077257 0.611242 1 64 1.000000
0  -3.551423 2.968958 -6.709994  0.000000 0.391660 -0.920110  0.077257 0.611242 1 64 1.000000
0  -3.073183 2.968958 -6.709994  0.000000 0.391660 -0.920110  0.077257 0.611236 1 64 1.000000
gun_tex
0  -3.073183 2.962012 -7.182143  0.000000 0.989979 0.141216  0.077254 0.611256 1 64 1.000000
0  -3.551423 2.962012 -7.182143  0.000000 0.989978 0.141219  0.077254 0.611262 1 64 1.000000
0  -3.551423 2.942638 -7.046327  0.000000 0.989978 0.141219  0.077252 0.611262 1 64 1.000000
gun_tex
0  -3.551423 3.011825 -7.194846  0.000000 0.247096 0.968991  0.077257 0.611262 1 64 1.000000
0  -3.551423 2.962012 -7.182143  0.000000 0.247096 0.968991  0.077257 0.611262 1 64 1.000000
0  -3.073183 2.962012 -7.182143  0.000000 0.247096 0.968991  0.077257 0.611256 1 64 1.000000
gun_tex
0  -3.551423 2.934698 -6.868636  0.000000 0.989976 0.141235  0.077254 0.611372 1 64 1.000000
0  -3.551423 2.915322 -6.732821  0.000000 0.989976 0.141235  0.077253 0.611372 1 64 1.000000
0  -3.073182 2.915322 -6.732821  0.000000 0.989976 0.141237  0.077253 0.611367 1 64 1.000000
gun_tex
0  -3.551423 2.942638 -7.046327  0.000000 0.391584 -0.920142  0.077257 0.611278 1 64 1.000000
0  -3.551423 2.996663 -7.023336  0.000000 0.391584 -0.920142  0.077257 0.611278 1 64 1.000000
0  -3.073183 2.996663 -7.023336  0.000000 0.391584 -0.920142  0.077257 0.611272 1 64 1.000000
gun_tex
0  -3.551423 2.907387 -6.555128  0.000000 0.989976 0.141239  0.077254 0.611413 1 64 1.000000
0  -3.551423 2.893189 -6.455613  0.000000 0.989973 0.141258  0.077253 0.611413 1 64 1.000000
0  -3.073182 2.893189 -6.455613  0.000000 0.989972 0.141263  0.077253 0.611407 1 64 1.000000
gun_tex
0  -3.551423 2.888009 -6.419313  0.000000 0.391580 -0.920144  0.077257 0.611318 1 64 1.000000
0  -3.551423 2.941258 -6.396652  0.000000 0.391580 -0.920144  0.077257 0.611318 1 64 1.000000
0  -3.073182 2.941258 -6.396652  0.000000 0.391581 -0.920144  0.077257 0.611312 1 64 1.000000
gun_tex
0  -3.551423 2.893189 -6.455613  0.000000 0.989973 0.141258  0.077253 0.611413 1 64 1.000000
0  -3.551423 2.888009 -6.419313  0.000000 0.989970 0.141277  0.077253 0.611413 1 64 1.000000
0  -3.073182 2.888009 -6.419313  0.000000 0.989968 0.141289  0.077253 0.611407 1 64 1.000000
gun_tex
0  -3.551423 2.956373 -6.567621  0.000000 0.247132 0.968982  0.077257 0.611300 1 64 1.000000
0  -3.551423 2.907387 -6.555128  0.000000 0.247132 0.968982  0.077257 0.611300 1 64 1.000000
0  -3.073182 2.907387 -6.555128  0.000000 0.247132 0.968982  0.077257 0.611295 1 64 1.000000
gun_tex
0  -3.551423 2.880075 -6.241621  0.000000 0.989972 0.141266  0.077254 0.611339 1 64 1.000000
0  -3.551423 2.874394 -6.201813  0.000000 0.989973 0.141255  0.077254 0.611339 1 64 1.000000
0  -3.073182 2.874394 -6.201813  0.000000 0.989974 0.141250  0.077254 0.611333 1 64 1.000000
gun_tex
0  -3.551423 2.928646 -6.254009  0.000000 0.247130 0.968982  0.077160 0.611419 1 64 1.000000
0  -3.551423 2.880075 -6.241621  0.000000 0.247130 0.968982  0.077160 0.611419 1 64 1.000000
0  -3.073182 2.880075 -6.241621  0.000000 0.247131 0.968982  0.077160 0.611413 1 64 1.000000
gun_tex
0  -3.551423 2.860697 -6.105806  0.000000 0.391597 -0.920137  0.077117 0.611392 1 64 1.000000
0  -3.551423 2.924049 -6.078844  0.000000 0.391597 -0.920137  0.077117 0.611392 1 64 1.000000
0  -3.073182 2.924049 -6.078844  0.000000 0.391598 -0.920136  0.077117 0.611387 1 64 1.000000
gun_tex
0  -3.551423 2.874394 -6.201813  0.000000 0.989973 0.141255  0.077254 0.611339 1 64 1.000000
0  -3.551423 2.860697 -6.105806  0.000000 0.989975 0.141244  0.077253 0.611339 1 64 1.000000
0  -3.073182 2.860697 -6.105806  0.000000 0.989975 0.141239  0.077253 0.611333 1 64 1.000000
gun_tex
0  -3.295599 1.166891 -5.786288  1.000000 -0.000000 -0.000002  0.077142 0.611315 1 64 1.000000
0  -3.295599 1.166891 -5.556958  1.000000 -0.000000 -0.000001  0.077144 0.611315 1 64 1.000000
0  -3.295599 0.504890 -5.556959  1.000000 0.000000 -0.000001  0.077144 0.611318 1 64 1.000000
gun_tex
0  -3.295599 1.166891 -5.556958  1.000000 -0.000000 -0.000001  0.077144 0.611315 1 64 1.000000
0  -3.295599 1.166890 -5.327629  1.000000 0.000000 -0.000000  0.077146 0.611315 1 64 1.000000
0  -3.295599 0.504891 -5.327629  1.000000 -0.000000 0.000000  0.077146 0.611318 1 64 1.000000
gun_tex
0  -3.295599 2.924051 -5.884692  1.000000 0.000001 -0.000000  0.077141 0.611304 1 64 1.000000
0  -3.295599 2.924053 -5.622561  1.000000 0.000000 -0.000000  0.077144 0.611304 1 64 1.000000
0  -3.295599 1.166891 -5.556958  1.000000 -0.000000 -0.000001  0.077144 0.611315 1 64 1.000000
gun_tex
0  -3.295599 2.924053 -5.622561  1.000000 0.000000 -0.000000  0.077144 0.611304 1 64 1.000000
0  -3.295599 2.924051 -5.360428  1.000000 0.000000 -0.000001  0.077146 0.611304 1 64 1.000000
0  -3.295599 1.166890 -5.327629  1.000000 0.000000 -0.000000  0.077146 0.611315 1 64 1.000000
gun_tex
0  -3.551422 2.924051 -5.884692  0.000000 1.000000 -0.000004  0.077157 0.611392 1 64 1.000000
0  -3.551422 2.924053 -5.622561  0.000000 1.000000 0.000000  0.077155 0.611392 1 64 1.000000
0  -3.295599 2.924053 -5.622561  0.000000 1.000000 -0.000000  0.077155 0.611390 1 64 1.000000
gun_tex
0  -3.551422 2.924053 -5.622561  0.000000 1.000000 0.000000  0.077155 0.611392 1 64 1.000000
0  -3.551422 2.924051 -5.360428  0.000000 1.000000 0.000007  0.077152 0.611392 1 64 1.000000
0  -3.295599 2.924051 -5.360428  0.000000 1.000000 0.000007  0.077152 0.611389 1 64 1.000000
gun_tex
0  -3.295599 0.504892 -5.786289  1.000000 0.000001 -0.000002  0.077142 0.611318 1 64 1.000000
0  -3.295599 0.504890 -5.556959  1.000000 0.000000 -0.000001  0.077144 0.611318 1 64 1.000000
0  -3.295599 0.086663 -5.588453  1.000000 0.000000 -0.000000  0.077144 0.611321 1 64 1.000000
gun_tex
0  -3.295599 0.504890 -5.556959  1.000000 0.000000 -0.000001  0.077144 0.611318 1 64 1.000000
0  -3.295599 0.504891 -5.327629  1.000000 -0.000000 0.000000  0.077146 0.611318 1 64 1.000000
0  -3.295599 0.086662 -5.394542  1.000000 0.000000 -0.000000  0.077145 0.611321 1 64 1.000000
gun_tex
0  -3.295599 0.086664 -5.782366  1.000000 0.000001 0.000000  0.077142 0.611321 1 64 1.000000
0  -3.295599 0.086663 -5.588453  1.000000 0.000000 -0.000000  0.077144 0.611321 1 64 1.000000
0  -3.295598 -6.217021 -5.588461  1.000000 0.000000 0.000000  0.077144 0.611359 1 64 1.000000
gun_tex
0  -3.295599 0.086663 -5.588453  -0.000028 -0.000001 1.000000  0.077242 0.611263 1 64 1.000000
0  -3.381883 -0.009188 -5.588454  -0.000029 -0.000001 1.000000  0.077241 0.611263 1 64 1.000000
0  -3.381882 -6.121169 -5.588461  -0.000004 -0.000001 1.000000  0.077241 0.611227 1 64 1.000000
gun_tex
0  -3.295598 -6.742584 -5.782373  0.000000 -1.000000 -0.000001  0.077096 0.611397 1 64 1.000000
0  -3.295598 -6.742584 -5.588462  0.000000 -1.000000 0.000000  0.077098 0.611397 1 64 1.000000
0  -3.551421 -6.742584 -5.588462  0.000000 -1.000000 0.000000  0.077098 0.611400 1 64 1.000000
gun_tex
0  -3.295598 -6.742584 -5.588462  0.000000 -1.000000 0.000000  0.077098 0.611397 1 64 1.000000
0  -3.295598 -6.742584 -5.394550  0.000000 -1.000000 0.000000  0.077099 0.611397 1 64 1.000000
0  -3.551421 -6.742584 -5.394550  0.000000 -1.000000 0.000000  0.077099 0.611400 1 64 1.000000
gun_tex
0  -3.295598 -6.319463 -5.588461  1.000000 0.000000 -0.000000  0.077144 0.611359 1 64 1.000000
0  -3.295598 -6.319463 -5.394550  1.000000 0.000000 -0.000001  0.077145 0.611359 1 64 1.000000
0  -3.295598 -6.742584 -5.394550  1.000000 0.000001 -0.000001  0.077145 0.611362 1 64 1.000000
gun_tex
0  -3.295598 -6.319463 -5.782373  1.000000 -0.000000 0.000000  0.077142 0.611359 1 64 1.000000
0  -3.295598 -6.319463 -5.588461  1.000000 0.000000 -0.000000  0.077144 0.611359 1 64 1.000000
0  -3.295598 -6.742584 -5.588462  1.000000 0.000000 -0.000001  0.077144 0.611362 1 64 1.000000
gun_tex
0  -3.295598 -6.742584 -5.200639  0.000000 -0.000001 1.000000  0.077182 0.611269 1 64 1.000000
0  -3.295598 -6.319465 -5.200638  0.000000 -0.000003 1.000000  0.077182 0.611271 1 64 1.000000
0  -3.551421 -6.319465 -5.200638  0.000000 -0.000003 1.000000  0.077179 0.611271 1 64 1.000000
gun_tex
0  -3.295598 -6.217019 -5.782373  0.000000 -0.000002 -1.000000  0.077087 0.611285 1 64 1.000000
0  -3.295598 -6.319463 -5.782373  0.000000 -0.000005 -1.000000  0.077087 0.611285 1 64 1.000000
0  -3.551421 -6.319463 -5.782373  0.000000 -0.000005 -1.000000  0.077090 0.611285 1 64 1.000000
gun_tex
0  -3.295598 -6.319463 -5.394550  1.000000 0.000000 -0.000001  0.077145 0.611359 1 64 1.000000
0  -3.295598 -6.319465 -5.200638  1.000000 -0.000001 -0.000002  0.077147 0.611359 1 64 1.000000
0  -3.295598 -6.742584 -5.200639  1.000000 0.000001 -0.000001  0.077147 0.611362 1 64 1.000000
gun_tex
0  -3.295599 0.086664 -5.782366  0.000000 -0.004690 -0.999989  0.077087 0.611323 1 64 1.000000
0  -3.295598 -6.217019 -5.782373  0.000000 -0.000002 -1.000000  0.077087 0.611285 1 64 1.000000
0  -3.551421 -6.217019 -5.782373  0.000000 -0.000002 -1.000000  0.077090 0.611285 1 64 1.000000
gun_tex
0  -3.295598 -6.217021 -5.588461  1.000000 0.000000 0.000000  0.077144 0.611359 1 64 1.000000
0  -3.295598 -6.217023 -5.394550  1.000000 -0.000000 -0.000002  0.077145 0.611359 1 64 1.000000
0  -3.295598 -6.319463 -5.394550  1.000000 0.000000 -0.000001  0.077145 0.611359 1 64 1.000000
gun_tex
0  -3.295598 -6.217019 -5.782373  1.000000 0.000000 0.000000  0.077142 0.611359 1 64 1.000000
0  -3.295598 -6.217021 -5.588461  1.000000 0.000000 0.000000  0.077144 0.611359 1 64 1.000000
0  -3.295598 -6.319463 -5.588461  1.000000 0.000000 -0.000000  0.077144 0.611359 1 64 1.000000
gun_tex
0  -3.295598 -6.319465 -5.200638  0.000000 -0.000003 1.000000  0.077182 0.611271 1 64 1.000000
0  -3.295598 -6.217021 -5.200638  -0.000000 -0.000003 1.000000  0.077182 0.611272 1 64 1.000000
0  -3.551421 -6.217021 -5.200638  0.000000 -0.000003 1.000000  0.077179 0.611272 1 64 1.000000
gun_tex
0  -3.295598 -6.217023 -5.394550  1.000000 -0.000000 -0.000002  0.077145 0.611359 1 64 1.000000
0  -3.295598 -6.217021 -5.200638  1.000000 -0.000001 -0.000002  0.077147 0.611359 1 64 1.000000
0  -3.295598 -6.319465 -5.200638  1.000000 -0.000001 -0.000002  0.077147 0.611359 1 64 1.000000
gun_tex
0  -3.381883 -0.009188 -5.588454  1.000000 0.000000 0.000000  0.077238 0.611334 1 64 1.000000
0  -3.381883 -0.009188 -5.394543  1.000000 0.000000 0.000000  0.077240 0.611334 1 64 1.000000
0  -3.381882 -6.121169 -5.394550  1.000000 0.000000 0.000000  0.077240 0.611371 1 64 1.000000
gun_tex
0  -3.381882 -6.121169 -5.588461  0.743229 0.669037 0.000006  0.077253 0.611407 1 64 1.000000
0  -3.381882 -6.121169 -5.394550  0.743235 0.669031 0.000000  0.077253 0.611406 1 64 1.000000
0  -3.295598 -6.217023 -5.394550  0.743231 0.669035 0.000004  0.077254 0.611406 1 64 1.000000
gun_tex
0  -3.381883 -0.009188 -5.394543  0.743218 -0.669049 -0.000002  0.077255 0.611305 1 64 1.000000
0  -3.381883 -0.009188 -5.588454  0.743223 -0.669044 0.000000  0.077255 0.611306 1 64 1.000000
0  -3.295599 0.086663 -5.588453  0.743220 -0.669047 -0.000001  0.077254 0.611306 1 64 1.000000
gun_tex
0  -3.381882 -6.121169 -5.394550  0.000014 0.000001 -1.000000  0.077241 0.611334 1 64 1.000000
0  -3.381883 -0.009188 -5.394543  0.000003 0.000001 -1.000000  0.077241 0.611370 1 64 1.000000
0  -3.295599 0.086662 -5.394542  0.000003 0.000001 -1.000000  0.077240 0.611371 1 64 1.000000
gun_tex
0  -3.447011 2.099578 -6.005871  1.000000 -0.000000 -0.000000  0.077222 0.611335 1 64 1.000000
0  -3.447011 1.727529 -6.183777  1.000000 0.000006 -0.000001  0.077225 0.611336 1 64 1.000000
0  -3.447011 1.740930 -6.196315  1.000000 0.000009 0.000000  0.077225 0.611336 1 64 1.000000
gun_tex
0  -3.447011 1.740930 -6.196315  1.000000 0.000009 0.000000  0.077225 0.611336 1 64 1.000000
0  -3.447011 1.845441 -6.262544  1.000000 -0.000001 0.000000  0.077224 0.611337 1 64 1.000000
0  -3.447011 2.099578 -6.005871  1.000000 -0.000000 -0.000000  0.077222 0.611335 1 64 1.000000
gun_tex
0  -3.295599 2.351571 -6.116676  1.000000 -0.000001 0.000000  0.077140 0.611308 1 64 1.000000
0  -3.295599 2.547202 -5.916578  1.000000 -0.000001 0.000000  0.077141 0.611306 1 64 1.000000
0  -3.295599 2.228907 -6.035597  1.000000 -0.000001 0.000000  0.077140 0.611308 1 64 1.000000
gun_tex
0  -3.447011 2.474496 -6.196255  1.000000 -0.000001 0.000000  0.077220 0.611337 1 64 1.000000
0  -3.447011 1.845441 -6.262544  1.000000 -0.000001 0.000000  0.077224 0.611337 1 64 1.000000
0  -3.447011 2.039525 -6.385533  1.000000 -0.000001 0.000000  0.077223 0.611338 1 64 1.000000
gun_tex
0  -3.447011 2.039525 -6.385533  1.000000 -0.000001 0.000000  0.077223 0.611338 1 64 1.000000
0  -3.447011 2.055925 -6.482498  1.000000 -0.000002 0.000000  0.077223 0.611339 1 64 1.000000
0  -3.447011 2.474496 -6.196255  1.000000 -0.000001 0.000000  0.077220 0.611337 1 64 1.000000
gun_tex
0  -3.447011 2.608870 -6.686878  0.000001 -0.994869 -0.101169  0.077084 0.611371 1 64 1.000000
0  -3.447013 2.903858 -9.587667  0.000018 -0.994870 -0.101159  0.077084 0.611394 1 64 1.000000
0  -3.284965 2.638825 -6.981445  -0.000003 -0.994869 -0.101170  0.077083 0.611373 1 64 1.000000
gun_tex
0  -3.447013 2.903858 -9.587667  0.000018 -0.994870 -0.101159  0.077084 0.611394 1 64 1.000000
0  -3.295601 2.903858 -9.587667  0.000000 -0.994916 -0.100711  0.077083 0.611394 1 64 1.000000
0  -3.283521 2.903135 -9.580521  0.000015 -0.994880 -0.101065  0.077082 0.611394 1 64 1.000000
gun_tex
0  -3.284965 2.638825 -6.981445  -0.000003 -0.994869 -0.101170  0.077083 0.611373 1 64 1.000000
0  -3.447013 2.903858 -9.587667  0.000018 -0.994870 -0.101159  0.077084 0.611394 1 64 1.000000
0  -3.283521 2.903135 -9.580521  0.000015 -0.994880 -0.101065  0.077082 0.611394 1 64 1.000000
gun_tex
0  -3.294256 2.609499 -6.693054  0.000002 -0.994864 -0.101223  0.077083 0.611371 1 64 1.000000
0  -3.294093 2.608870 -6.686878  0.000000 -0.994858 -0.101284  0.077083 0.611371 1 64 1.000000
0  -3.447011 2.608870 -6.686878  0.000001 -0.994869 -0.101169  0.077084 0.611371 1 64 1.000000
gun_tex
0  -3.447011 2.571205 -6.428196  1.000000 -0.000001 0.000000  0.077220 0.611339 1 64 1.000000
0  -3.447011 2.055925 -6.482498  1.000000 -0.000002 0.000000  0.077223 0.611339 1 64 1.000000
0  -3.447011 2.085539 -6.657578  1.000000 -0.000000 0.000000  0.077224 0.611340 1 64 1.000000
gun_tex
0  -3.447011 2.085539 -6.657578  1.000000 -0.000000 0.000000  0.077224 0.611340 1 64 1.000000
0  -3.447011 2.055312 -6.745214  1.000000 -0.000000 -0.000001  0.077224 0.611341 1 64 1.000000
0  -3.447011 2.608870 -6.686878  1.000000 0.000000 -0.000001  0.077221 0.611341 1 64 1.000000
gun_tex
0  -3.447011 2.608870 -6.686878  1.000000 0.000000 -0.000001  0.077221 0.611341 1 64 1.000000
0  -3.447011 2.055312 -6.745214  1.000000 -0.000000 -0.000001  0.077224 0.611341 1 64 1.000000
0  -3.447012 2.318211 -7.091505  1.000000 0.000000 -0.000001  0.077223 0.611344 1 64 1.000000
gun_tex
0  -3.447011 2.055312 -6.745214  1.000000 -0.000000 -0.000001  0.077224 0.611341 1 64 1.000000
0  -3.447012 1.972467 -6.985386  1.000000 -0.000001 -0.000001  0.077225 0.611343 1 64 1.000000
0  -3.447012 2.202194 -7.158487  1.000000 0.000002 -0.000001  0.077224 0.611344 1 64 1.000000
gun_tex
0  -3.447012 2.318211 -7.091505  1.000000 0.000000 -0.000001  0.077223 0.611344 1 64 1.000000
0  -3.447011 2.055312 -6.745214  1.000000 -0.000000 -0.000001  0.077224 0.611341 1 64 1.000000
0  -3.447012 2.202194 -7.158487  1.000000 0.000002 -0.000001  0.077224 0.611344 1 64 1.000000
gun_tex
0  -3.447012 2.434226 -7.158487  1.000000 0.000000 -0.000000  0.077223 0.611345 1 64 1.000000
0  -3.447012 2.434230 -7.292453  1.000000 0.000000 -0.000001  0.077223 0.611346 1 64 1.000000
0  -3.447011 2.608870 -6.686878  1.000000 0.000000 -0.000001  0.077221 0.611341 1 64 1.000000
gun_tex
0  -3.447011 1.586924 -6.052246  1.000000 0.000000 0.000000  0.077225 0.611335 1 64 1.000000
0  -3.447011 1.727529 -6.183777  1.000000 0.000006 -0.000001  0.077225 0.611336 1 64 1.000000
0  -3.447011 2.099578 -6.005871  1.000000 -0.000000 -0.000000  0.077222 0.611335 1 64 1.000000
gun_tex
0  -3.447012 1.972467 -6.985386  1.000000 -0.000001 -0.000001  0.077225 0.611343 1 64 1.000000
0  -3.447013 2.742002 -9.607943  1.000000 -0.000000 -0.000001  0.077226 0.611365 1 64 1.000000
0  -3.447012 2.202194 -7.292453  1.000000 -0.000002 -0.000001  0.077224 0.611346 1 64 1.000000
gun_tex
0  -3.447013 2.742002 -9.607943  1.000000 -0.000000 -0.000001  0.077226 0.611365 1 64 1.000000
0  -3.447013 2.894401 -9.588850  1.000000 0.000000 -0.000001  0.077225 0.611365 1 64 1.000000
0  -3.447012 2.318213 -7.359434  1.000000 -0.000003 -0.000001  0.077224 0.611346 1 64 1.000000
gun_tex
0  -3.447012 2.202194 -7.292453  1.000000 -0.000002 -0.000001  0.077224 0.611346 1 64 1.000000
0  -3.447013 2.742002 -9.607943  1.000000 -0.000000 -0.000001  0.077226 0.611365 1 64 1.000000
0  -3.447012 2.318213 -7.359434  1.000000 -0.000003 -0.000001  0.077224 0.611346 1 64 1.000000
gun_tex
0  -3.447013 2.894401 -9.588850  1.000000 0.000000 -0.000001  0.077225 0.611365 1 64 1.000000
0  -3.447013 2.903858 -9.587667  1.000000 0.000000 -0.000001  0.077225 0.611365 1 64 1.000000
0  -3.447012 2.318213 -7.359434  1.000000 -0.000003 -0.000001  0.077224 0.611346 1 64 1.000000
gun_tex
0  -3.447013 2.903858 -9.587667  1.000000 0.000000 -0.000001  0.077225 0.611365 1 64 1.000000
0  -3.447011 2.608870 -6.686878  1.000000 0.000000 -0.000001  0.077221 0.611341 1 64 1.000000
0  -3.447012 2.434230 -7.292453  1.000000 0.000000 -0.000001  0.077223 0.611346 1 64 1.000000
gun_tex
0  -3.447013 2.903858 -9.587667  1.000000 0.000000 -0.000001  0.077225 0.611365 1 64 1.000000
0  -3.447012 2.434230 -7.292453  1.000000 0.000000 -0.000001  0.077223 0.611346 1 64 1.000000
0  -3.447012 2.318213 -7.359434  1.000000 -0.000003 -0.000001  0.077224 0.611346 1 64 1.000000
gun_tex
0  -3.551423 2.202194 -7.158487  0.000000 0.499999 -0.866026  0.077167 0.611421 1 64 1.000000
0  -3.551423 2.318211 -7.091505  0.000000 0.500000 -0.866026  0.077166 0.611421 1 64 1.000000
0  -3.447012 2.318211 -7.091505  0.000000 0.500000 -0.866025  0.077166 0.611420 1 64 1.000000
gun_tex
0  -3.551423 2.434230 -7.292453  0.000000 -0.499992 0.866030  0.077116 0.611421 1 64 1.000000
0  -3.551423 2.318213 -7.359434  0.000000 -0.499991 0.866031  0.077115 0.611421 1 64 1.000000
0  -3.447012 2.318213 -7.359434  0.000000 -0.499992 0.866030  0.077115 0.611420 1 64 1.000000
gun_tex
0  -3.551423 2.202194 -7.292453  0.000000 1.000000 -0.000000  0.077247 0.611422 1 64 1.000000
0  -3.551423 2.202194 -7.158487  0.000000 1.000000 -0.000000  0.077246 0.611422 1 64 1.000000
0  -3.447012 2.202194 -7.158487  0.000000 1.000000 0.000000  0.077246 0.611420 1 64 1.000000
gun_tex
0  -3.447012 2.434226 -7.158487  0.000000 -1.000000 -0.000029  0.077068 0.611423 1 64 1.000000
0  -3.551423 2.434226 -7.158487  0.000000 -1.000000 -0.000029  0.077068 0.611422 1 64 1.000000
0  -3.551423 2.434230 -7.292453  0.000000 -1.000000 -0.000030  0.077069 0.611422 1 64 1.000000
gun_tex
0  -3.551423 2.318211 -7.091505  0.000000 -0.500006 -0.866022  0.077166 0.611421 1 64 1.000000
0  -3.551423 2.434226 -7.158487  0.000000 -0.500008 -0.866021  0.077166 0.611421 1 64 1.000000
0  -3.447012 2.434226 -7.158487  0.000000 -0.500006 -0.866022  0.077166 0.611420 1 64 1.000000
gun_tex
0  -3.551423 2.318213 -7.359434  0.000000 0.499985 0.866034  0.077115 0.611421 1 64 1.000000
0  -3.551423 2.202194 -7.292453  0.000000 0.499985 0.866034  0.077115 0.611421 1 64 1.000000
0  -3.447012 2.202194 -7.292453  0.000000 0.499985 0.866034  0.077115 0.611420 1 64 1.000000
gun_tex
0  -4.064806 -6.319465 -5.200638  0.000003 -0.000001 1.000000  0.077173 0.611271 1 64 1.000000
0  -4.229611 -6.417136 -5.200638  0.000000 -0.000002 1.000000  0.077171 0.611271 1 64 1.000000
0  -4.229611 -6.644916 -5.200638  0.000000 -0.000001 1.000000  0.077171 0.611269 1 64 1.000000
gun_tex
0  -4.064806 -6.319463 -5.782372  -0.509844 0.860267 0.000000  0.077091 0.611406 1 64 1.000000
0  -4.229611 -6.417136 -5.782373  -0.509843 0.860267 0.000000  0.077091 0.611408 1 64 1.000000
0  -4.229611 -6.417136 -5.588461  -0.509843 0.860268 0.000000  0.077090 0.611408 1 64 1.000000
gun_tex
0  -3.807244 -6.319463 -5.782373  0.000000 1.000000 0.000000  0.077091 0.611403 1 64 1.000000
0  -3.551421 -6.319463 -5.782373  0.000000 1.000000 0.000000  0.077091 0.611400 1 64 1.000000
0  -3.761078 -6.319463 -5.787776  0.000000 1.000000 0.000000  0.077092 0.611402 1 64 1.000000
gun_tex
0  -3.807244 -6.742584 -5.394550  0.000000 -1.000000 0.000000  0.077099 0.611403 1 64 1.000000
0  -4.064806 -6.742584 -5.394550  0.000000 -1.000000 0.000000  0.077100 0.611406 1 64 1.000000
0  -4.064806 -6.742584 -5.588462  0.000000 -1.000000 0.000000  0.077098 0.611406 1 64 1.000000
gun_tex
0  -3.807244 -6.742584 -5.588462  0.000000 -1.000000 0.000000  0.077098 0.611403 1 64 1.000000
0  -4.064806 -6.742584 -5.588462  0.000000 -1.000000 0.000000  0.077098 0.611406 1 64 1.000000
0  -4.064806 -6.742584 -5.782373  0.000000 -1.000000 0.000000  0.077096 0.611406 1 64 1.000000
gun_tex
0  -3.807244 -6.319463 -5.588461  0.000000 1.000000 0.000000  0.077090 0.611403 1 64 1.000000
0  -4.064806 -6.319463 -5.588461  0.000000 1.000000 0.000000  0.077090 0.611406 1 64 1.000000
0  -4.064806 -6.319463 -5.394550  0.000000 1.000000 0.000005  0.077088 0.611406 1 64 1.000000
gun_tex
0  -3.807244 -6.319463 -5.782373  0.000000 1.000000 0.000000  0.077091 0.611403 1 64 1.000000
0  -3.807244 -6.319463 -5.828512  0.000000 1.000000 0.000000  0.077092 0.611403 1 64 1.000000
0  -4.064806 -6.319463 -5.828512  0.000000 1.000000 0.000000  0.077092 0.611406 1 64 1.000000
gun_tex
0  -3.807244 -6.742584 -5.200639  0.000000 -1.000000 0.000000  0.077101 0.611403 1 64 1.000000
0  -4.064806 -6.742584 -5.200638  0.000000 -1.000000 0.000000  0.077101 0.611406 1 64 1.000000
0  -4.064806 -6.742584 -5.394550  0.000000 -1.000000 0.000000  0.077100 0.611406 1 64 1.000000
gun_tex
0  -4.229611 -6.644914 -5.394550  -1.000000 0.000000 0.000000  0.077071 0.611419 1 64 1.000000
0  -4.229611 -6.417136 -5.394550  -1.000000 0.000000 0.000000  0.077072 0.611419 1 64 1.000000
0  -4.229611 -6.417136 -5.588461  -1.000000 0.000000 0.000000  0.077072 0.611420 1 64 1.000000
gun_tex
0  -4.229611 -6.644916 -5.588461  -1.000000 0.000000 0.000000  0.077071 0.611420 1 64 1.000000
0  -4.229611 -6.417136 -5.588461  -1.000000 0.000000 0.000000  0.077072 0.611420 1 64 1.000000
0  -4.229611 -6.417136 -5.782373  -1.000000 0.000000 0.000000  0.077072 0.611422 1 64 1.000000
gun_tex
0  -4.229611 -6.644916 -5.200638  -1.000000 0.000000 0.000000  0.077071 0.611417 1 64 1.000000
0  -4.229611 -6.417136 -5.200638  -1.000000 0.000000 0.000000  0.077072 0.611417 1 64 1.000000
0  -4.229611 -6.417136 -5.394550  -1.000000 0.000000 0.000000  0.077072 0.611419 1 64 1.000000
gun_tex
0  -4.064806 -6.742584 -5.200638  -0.509829 -0.860276 -0.000003  0.077101 0.611406 1 64 1.000000
0  -4.229611 -6.644916 -5.200638  -0.509824 -0.860279 -0.000013  0.077101 0.611408 1 64 1.000000
0  -4.229611 -6.644914 -5.394550  -0.509831 -0.860275 0.000002  0.077099 0.611408 1 64 1.000000
gun_tex
0  -4.064806 -6.742584 -5.588462  -0.509828 -0.860276 -0.000002  0.077098 0.611406 1 64 1.000000
0  -4.229611 -6.644916 -5.588461  -0.509828 -0.860276 -0.000002  0.077098 0.611408 1 64 1.000000
0  -4.229611 -6.644914 -5.782373  -0.509834 -0.860273 -0.000002  0.077096 0.611408 1 64 1.000000
gun_tex
0  -4.064806 -6.319463 -5.394550  -0.509840 0.860269 0.000002  0.077088 0.611406 1 64 1.000000
0  -4.229611 -6.417136 -5.394550  -0.509843 0.860267 0.000000  0.077088 0.611408 1 64 1.000000
0  -4.229611 -6.417136 -5.200638  -0.509838 0.860270 0.000003  0.077087 0.611408 1 64 1.000000
gun_tex
0  -4.064806 -6.319463 -5.588461  -0.509843 0.860267 0.000000  0.077090 0.611406 1 64 1.000000
0  -4.229611 -6.417136 -5.588461  -0.509843 0.860268 0.000000  0.077090 0.611408 1 64 1.000000
0  -4.229611 -6.417136 -5.394550  -0.509843 0.860267 0.000000  0.077088 0.611408 1 64 1.000000
gun_tex
0  -4.064806 -6.742584 -5.394550  -0.509832 -0.860274 0.000005  0.077100 0.611406 1 64 1.000000
0  -4.229611 -6.644914 -5.394550  -0.509831 -0.860275 0.000002  0.077099 0.611408 1 64 1.000000
0  -4.229611 -6.644916 -5.588461  -0.509828 -0.860276 -0.000002  0.077098 0.611408 1 64 1.000000
gun_tex
0  -3.761078 -6.742584 -5.787777  0.661634 0.000000 -0.749827  0.077139 0.611408 1 64 1.000000
0  -3.807244 -6.742584 -5.828512  0.661634 0.000000 -0.749827  0.077139 0.611408 1 64 1.000000
0  -3.807244 -6.319463 -5.828512  0.661633 0.000001 -0.749828  0.077136 0.611408 1 64 1.000000
gun_tex
0  -3.761078 -6.319463 -5.787776  0.011607 0.000002 -0.999933  0.077136 0.611408 1 64 1.000000
0  -3.295598 -6.319463 -5.782373  0.011606 0.000001 -0.999933  0.077136 0.611403 1 64 1.000000
0  -3.295598 -6.742584 -5.782373  0.011607 0.000002 -0.999933  0.077139 0.611403 1 64 1.000000
gun_tex
0  -4.064806 -6.742584 -5.828512  -0.000002 0.000001 -1.000000  0.077139 0.611412 1 64 1.000000
0  -4.229611 -6.644914 -5.828512  -0.000006 0.000002 -1.000000  0.077138 0.611413 1 64 1.000000
0  -4.229611 -6.417136 -5.828512  -0.000004 0.000001 -1.000000  0.077137 0.611413 1 64 1.000000
gun_tex
0  -3.807244 -6.742584 -5.828512  0.000000 0.000001 -1.000000  0.077139 0.611408 1 64 1.000000
0  -4.064806 -6.742584 -5.828512  -0.000002 0.000001 -1.000000  0.077139 0.611412 1 64 1.000000
0  -4.064806 -6.319463 -5.828512  -0.000001 0.000001 -1.000000  0.077136 0.611412 1 64 1.000000
gun_tex
0  -4.229611 -6.644914 -5.782373  -1.000000 -0.000000 0.000000  0.077071 0.611422 1 64 1.000000
0  -4.229611 -6.417136 -5.782373  -1.000000 0.000000 0.000000  0.077072 0.611422 1 64 1.000000
0  -4.229611 -6.417136 -5.828512  -1.000000 -0.000000 0.000000  0.077072 0.611422 1 64 1.000000
gun_tex
0  -3.807244 -6.742584 -5.782373  0.000000 -1.000000 0.000000  0.077096 0.611403 1 64 1.000000
0  -3.807244 -6.742584 -5.828512  0.000000 -1.000000 0.000000  0.077096 0.611403 1 64 1.000000
0  -3.761078 -6.742584 -5.787777  0.000000 -1.000000 -0.000001  0.077096 0.611403 1 64 1.000000
gun_tex
0  -4.064806 -6.742584 -5.782373  0.000000 -1.000000 0.000000  0.077096 0.611406 1 64 1.000000
0  -4.064806 -6.742584 -5.828512  0.000000 -1.000000 0.000000  0.077096 0.611406 1 64 1.000000
0  -3.807244 -6.742584 -5.828512  0.000000 -1.000000 0.000000  0.077096 0.611403 1 64 1.000000
gun_tex
0  -4.229611 -6.417136 -5.782373  -0.509843 0.860267 0.000000  0.077091 0.611408 1 64 1.000000
0  -4.064806 -6.319463 -5.782372  -0.509844 0.860267 0.000000  0.077091 0.611406 1 64 1.000000
0  -4.064806 -6.319463 -5.828512  -0.509845 0.860266 0.000000  0.077092 0.611406 1 64 1.000000
gun_tex
0  -3.720961 -2.128537 -5.588457  0.000000 -0.000001 1.000000  0.077248 0.611357 1 64 1.000000
0  -3.775922 -2.166904 -5.588456  -0.000009 -0.000001 1.000000  0.077247 0.611357 1 64 1.000000
0  -3.720960 -6.121169 -5.588461  0.000006 -0.000001 1.000000  0.077248 0.611334 1 64 1.000000
gun_tex
0  -3.764538 -0.965676 -5.782367  -0.000006 0.000001 -1.000000  0.077092 0.611317 1 64 1.000000
0  -3.807245 -0.935864 -5.782367  -0.000022 0.000001 -1.000000  0.077093 0.611317 1 64 1.000000
0  -3.807245 0.086664 -5.782366  -0.000000 -0.004690 -0.999989  0.077093 0.611323 1 64 1.000000
gun_tex
0  -3.807245 -2.188771 -5.712372  -0.572407 0.819969 -0.000005  0.265725 0.527431 1 64 1.000000
0  -3.775922 -2.166904 -5.588456  -0.572417 0.819963 -0.000002  0.265725 0.527430 1 64 1.000000
0  -3.720961 -2.128537 -5.588457  -0.572410 0.819968 -0.000006  0.265726 0.527430 1 64 1.000000
gun_tex
0  -3.720961 -0.996099 -5.557144  -1.000000 0.000000 0.000000  0.077202 0.611416 1 64 1.000000
0  -3.720961 -0.009188 -5.394543  -1.000000 0.000000 0.000000  0.077203 0.611422 1 64 1.000000
0  -3.720961 -0.009188 -5.588454  -1.000000 0.000000 0.000000  0.077202 0.611422 1 64 1.000000
gun_tex
0  -3.807245 -0.935865 -5.394544  -1.000000 0.000000 0.000000  0.077137 0.611362 1 64 1.000000
0  -3.807245 -0.935865 -5.363089  -1.000000 0.000000 0.000000  0.077137 0.611362 1 64 1.000000
0  -3.807245 0.086662 -5.394542  -1.000000 -0.000000 0.000001  0.077137 0.611368 1 64 1.000000
gun_tex
0  -3.775922 -2.166904 -5.588456  -0.000009 -0.000001 1.000000  0.077247 0.611357 1 64 1.000000
0  -3.807244 -6.217021 -5.588461  0.000005 -0.000001 1.000000  0.077247 0.611333 1 64 1.000000
0  -3.720960 -6.121169 -5.588461  0.000006 -0.000001 1.000000  0.077248 0.611334 1 64 1.000000
gun_tex
0  -3.807245 -0.935865 -5.363089  -1.000000 0.000000 0.000000  0.077137 0.611362 1 64 1.000000
0  -3.807245 0.086662 -5.200631  -1.000000 -0.000000 0.000000  0.077138 0.611368 1 64 1.000000
0  -3.807245 0.086662 -5.394542  -1.000000 -0.000000 0.000001  0.077137 0.611368 1 64 1.000000
gun_tex
0  -3.720961 -0.996097 -5.588456  -1.000000 0.000000 0.000000  0.077202 0.611416 1 64 1.000000
0  -3.720961 -0.996099 -5.557144  -1.000000 0.000000 0.000000  0.077202 0.611416 1 64 1.000000
0  -3.720961 -0.009188 -5.588454  -1.000000 0.000000 0.000000  0.077202 0.611422 1 64 1.000000
gun_tex
0  -3.775922 -2.166905 -5.394545  -0.000009 0.000001 -1.000000  0.077248 0.611297 1 64 1.000000
0  -3.720960 -2.128537 -5.394545  0.000000 0.000001 -1.000000  0.077247 0.611297 1 64 1.000000
0  -3.720960 -6.121169 -5.394550  0.000010 0.000001 -1.000000  0.077247 0.611273 1 64 1.000000
gun_tex
0  -3.807245 -0.935864 -5.750913  -1.000000 -0.000000 0.000002  0.077134 0.611362 1 64 1.000000
0  -3.807245 0.086663 -5.588453  -1.000000 -0.000000 0.000001  0.077135 0.611368 1 64 1.000000
0  -3.807245 0.086664 -5.782366  -1.000000 -0.000001 0.000000  0.077133 0.611368 1 64 1.000000
gun_tex
0  -3.551422 -2.010185 -5.200634  -0.000126 -0.000004 1.000000  0.077179 0.611297 1 64 1.000000
0  -3.807244 -6.217021 -5.200638  -0.000000 -0.000003 1.000000  0.077176 0.611272 1 64 1.000000
0  -3.551421 -6.217021 -5.200638  0.000000 -0.000003 1.000000  0.077179 0.611272 1 64 1.000000
gun_tex
0  -3.720961 -0.996097 -5.588456  -0.572427 -0.819955 -0.000026  0.265821 0.527430 1 64 1.000000
0  -3.807245 -0.935864 -5.750913  -0.572398 -0.819976 -0.000003  0.265822 0.527431 1 64 1.000000
0  -3.764538 -0.965676 -5.782367  -0.572401 -0.819974 -0.000003  0.265822 0.527431 1 64 1.000000
gun_tex
0  -3.807245 -2.188771 -5.394544  -0.000030 0.000001 -1.000000  0.077248 0.611296 1 64 1.000000
0  -3.720960 -6.121169 -5.394550  0.000010 0.000001 -1.000000  0.077247 0.611273 1 64 1.000000
0  -3.807244 -6.217023 -5.394550  0.000010 0.000001 -1.000000  0.077248 0.611272 1 64 1.000000
gun_tex
0  -3.807245 -0.935864 -5.782367  -1.000000 0.000000 0.000000  0.077133 0.611362 1 64 1.000000
0  -3.807245 -0.935864 -5.750913  -1.000000 -0.000000 0.000002  0.077134 0.611362 1 64 1.000000
0  -3.807245 0.086664 -5.782366  -1.000000 -0.000001 0.000000  0.077133 0.611368 1 64 1.000000
gun_tex
0  -3.638999 -2.071322 -5.200633  0.000006 -0.000001 1.000000  0.077178 0.611296 1 64 1.000000
0  -3.807245 -2.188771 -5.200634  -0.000006 -0.000001 1.000000  0.077176 0.611296 1 64 1.000000
0  -3.807244 -6.217021 -5.200638  -0.000000 -0.000003 1.000000  0.077176 0.611272 1 64 1.000000
gun_tex
0  -3.551422 -1.114449 -5.782367  0.000032 0.000001 -1.000000  0.077090 0.611316 1 64 1.000000
0  -3.807245 0.086664 -5.782366  -0.000000 -0.004690 -0.999989  0.077093 0.611323 1 64 1.000000
0  -3.551422 0.086664 -5.782366  0.000000 -0.004690 -0.999989  0.077090 0.611323 1 64 1.000000
gun_tex
0  -3.537738 -2.000634 -5.200633  -1.000000 0.000000 0.000000  0.265677 0.527424 1 64 1.000000
0  -3.537738 -1.124002 -5.782367  -1.000000 0.000000 0.000000  0.265673 0.527429 1 64 1.000000
0  -3.537738 -2.000631 -5.782368  -1.000000 0.000001 0.000000  0.265673 0.527424 1 64 1.000000
gun_tex
0  -3.551422 -2.010185 -5.200634  -0.572383 0.819986 -0.000015  0.265728 0.527427 1 64 1.000000
0  -3.537738 -2.000634 -5.200633  -0.572394 0.819979 -0.000006  0.265728 0.527427 1 64 1.000000
0  -3.720960 -2.128537 -5.394545  -0.572410 0.819968 0.000005  0.265726 0.527428 1 64 1.000000
gun_tex
0  -3.537738 -2.000634 -5.200633  -0.572394 0.819979 -0.000006  0.265728 0.527427 1 64 1.000000
0  -3.537738 -2.000631 -5.782368  -0.572423 0.819958 -0.000032  0.265728 0.527431 1 64 1.000000
0  -3.720960 -2.128536 -5.521217  -0.572410 0.819968 0.000002  0.265726 0.527429 1 64 1.000000
gun_tex
0  -3.551422 -2.010185 -5.782368  -0.572434 0.819951 -0.000057  0.265728 0.527431 1 64 1.000000
0  -3.717445 -2.126084 -5.782368  -0.572408 0.819969 -0.000004  0.265726 0.527431 1 64 1.000000
0  -3.720961 -2.128537 -5.588457  -0.572410 0.819968 -0.000006  0.265726 0.527430 1 64 1.000000
gun_tex
0  -3.717445 -2.126084 -5.782368  -0.572408 0.819969 -0.000004  0.265726 0.527431 1 64 1.000000
0  -3.807245 -2.188771 -5.782368  -0.572406 0.819971 -0.000012  0.265725 0.527431 1 64 1.000000
0  -3.807245 -2.188771 -5.712372  -0.572407 0.819969 -0.000005  0.265725 0.527431 1 64 1.000000
gun_tex
0  -3.537738 -2.000634 -5.200633  -0.572394 0.819979 -0.000006  0.265728 0.527427 1 64 1.000000
0  -3.720960 -2.128536 -5.521217  -0.572410 0.819968 0.000002  0.265726 0.527429 1 64 1.000000
0  -3.720960 -2.128537 -5.394545  -0.572410 0.819968 0.000005  0.265726 0.527428 1 64 1.000000
gun_tex
0  -3.537738 -2.000631 -5.782368  -0.572423 0.819958 -0.000032  0.265728 0.527431 1 64 1.000000
0  -3.551422 -2.010185 -5.782368  -0.572434 0.819951 -0.000057  0.265728 0.527431 1 64 1.000000
0  -3.720961 -2.128537 -5.588457  -0.572410 0.819968 -0.000006  0.265726 0.527430 1 64 1.000000
gun_tex
0  -3.720960 -2.128536 -5.521217  -0.572410 0.819968 0.000002  0.265726 0.527429 1 64 1.000000
0  -3.537738 -2.000631 -5.782368  -0.572423 0.819958 -0.000032  0.265728 0.527431 1 64 1.000000
0  -3.720961 -2.128537 -5.588457  -0.572410 0.819968 -0.000006  0.265726 0.527430 1 64 1.000000
gun_tex
0  -3.807245 -2.188771 -5.200634  -0.572413 0.819965 -0.000002  0.265725 0.527427 1 64 1.000000
0  -3.638999 -2.071322 -5.200633  -0.572408 0.819969 -0.000002  0.265727 0.527427 1 64 1.000000
0  -3.720960 -2.128537 -5.394545  -0.572410 0.819968 0.000005  0.265726 0.527428 1 64 1.000000
gun_tex
0  -3.638999 -2.071322 -5.200633  -0.572408 0.819969 -0.000002  0.265727 0.527427 1 64 1.000000
0  -3.551422 -2.010185 -5.200634  -0.572383 0.819986 -0.000015  0.265728 0.527427 1 64 1.000000
0  -3.720960 -2.128537 -5.394545  -0.572410 0.819968 0.000005  0.265726 0.527428 1 64 1.000000
gun_tex
0  -3.807245 -2.188771 -5.200634  -0.572413 0.819965 -0.000002  0.265725 0.527427 1 64 1.000000
0  -3.720960 -2.128537 -5.394545  -0.572410 0.819968 0.000005  0.265726 0.527428 1 64 1.000000
0  -3.807245 -2.188772 -5.324549  -0.572416 0.819963 0.000000  0.265725 0.527428 1 64 1.000000
gun_tex
0  -3.807245 -2.188771 -5.394544  -0.572427 0.819955 0.000011  0.265725 0.527428 1 64 1.000000
0  -3.807245 -2.188772 -5.324549  -0.572416 0.819963 0.000000  0.265725 0.527428 1 64 1.000000
0  -3.775922 -2.166905 -5.394545  -0.572414 0.819965 0.000016  0.265725 0.527428 1 64 1.000000
gun_tex
0  -3.775922 -2.166905 -5.394545  -0.572414 0.819965 0.000016  0.265725 0.527428 1 64 1.000000
0  -3.807245 -2.188772 -5.324549  -0.572416 0.819963 0.000000  0.265725 0.527428 1 64 1.000000
0  -3.720960 -2.128537 -5.394545  -0.572410 0.819968 0.000005  0.265726 0.527428 1 64 1.000000
gun_tex
0  -3.717445 -2.126084 -5.782368  -0.572408 0.819969 -0.000004  0.265726 0.527431 1 64 1.000000
0  -3.807245 -2.188771 -5.712372  -0.572407 0.819969 -0.000005  0.265725 0.527431 1 64 1.000000
0  -3.720961 -2.128537 -5.588457  -0.572410 0.819968 -0.000006  0.265726 0.527430 1 64 1.000000
gun_tex
0  -3.807245 -2.188771 -5.712372  -0.572407 0.819969 -0.000005  0.265725 0.527431 1 64 1.000000
0  -3.807245 -2.188771 -5.588457  -0.572443 0.819945 0.000006  0.265725 0.527430 1 64 1.000000
0  -3.775922 -2.166904 -5.588456  -0.572417 0.819963 -0.000002  0.265725 0.527430 1 64 1.000000
gun_tex
0  -3.551422 -1.114449 -5.782367  -0.572426 -0.819956 -0.000031  0.265819 0.527431 1 64 1.000000
0  -3.537738 -1.124002 -5.782367  -0.572417 -0.819963 -0.000021  0.265819 0.527431 1 64 1.000000
0  -3.720961 -0.996099 -5.557144  -0.572417 -0.819962 -0.000012  0.265821 0.527430 1 64 1.000000
gun_tex
0  -3.537738 -1.124002 -5.782367  -0.572417 -0.819963 -0.000021  0.265819 0.527431 1 64 1.000000
0  -3.537738 -1.124004 -5.200632  -0.572442 -0.819945 0.000039  0.265819 0.527427 1 64 1.000000
0  -3.720961 -0.996099 -5.557144  -0.572417 -0.819962 -0.000012  0.265821 0.527430 1 64 1.000000
gun_tex
0  -3.537738 -1.124004 -5.200632  -0.572442 -0.819945 0.000039  0.265819 0.527427 1 64 1.000000
0  -3.551422 -1.114450 -5.200632  -0.572462 -0.819931 0.000057  0.265819 0.527427 1 64 1.000000
0  -3.720961 -0.996097 -5.394544  -0.572412 -0.819966 0.000003  0.265821 0.527428 1 64 1.000000
gun_tex
0  -3.551422 -1.114450 -5.200632  -0.572462 -0.819931 0.000057  0.265819 0.527427 1 64 1.000000
0  -3.598824 -1.081361 -5.200632  -0.572399 -0.819975 -0.000018  0.265820 0.527427 1 64 1.000000
0  -3.720961 -0.996097 -5.394544  -0.572412 -0.819966 0.000003  0.265821 0.527428 1 64 1.000000
gun_tex
0  -3.598824 -1.081361 -5.200632  -0.572399 -0.819975 -0.000018  0.265820 0.527427 1 64 1.000000
0  -3.807245 -0.935864 -5.200632  -0.572406 -0.819971 -0.000001  0.265822 0.527427 1 64 1.000000
0  -3.720961 -0.996097 -5.394544  -0.572412 -0.819966 0.000003  0.265821 0.527428 1 64 1.000000
gun_tex
0  -3.807245 -0.935864 -5.200632  -0.572406 -0.819971 -0.000001  0.265822 0.527427 1 64 1.000000
0  -3.807245 -0.935865 -5.363089  -0.572400 -0.819975 -0.000001  0.265822 0.527428 1 64 1.000000
0  -3.720961 -0.996097 -5.394544  -0.572412 -0.819966 0.000003  0.265821 0.527428 1 64 1.000000
gun_tex
0  -3.807245 -0.935865 -5.363089  -0.572400 -0.819975 -0.000001  0.265822 0.527428 1 64 1.000000
0  -3.807245 -0.935865 -5.394544  -0.572390 -0.819981 0.000000  0.265822 0.527428 1 64 1.000000
0  -3.792893 -0.945883 -5.394544  -0.572405 -0.819971 -0.000011  0.265822 0.527428 1 64 1.000000
gun_tex
0  -3.807245 -0.935865 -5.363089  -0.572400 -0.819975 -0.000001  0.265822 0.527428 1 64 1.000000
0  -3.792893 -0.945883 -5.394544  -0.572405 -0.819971 -0.000011  0.265822 0.527428 1 64 1.000000
0  -3.720961 -0.996097 -5.394544  -0.572412 -0.819966 0.000003  0.265821 0.527428 1 64 1.000000
gun_tex
0  -3.764538 -0.965676 -5.782367  -0.572401 -0.819974 -0.000003  0.265822 0.527431 1 64 1.000000
0  -3.551422 -1.114449 -5.782367  -0.572426 -0.819956 -0.000031  0.265819 0.527431 1 64 1.000000
0  -3.720961 -0.996097 -5.588456  -0.572427 -0.819955 -0.000026  0.265821 0.527430 1 64 1.000000
gun_tex
0  -3.720961 -0.996097 -5.588456  -0.572427 -0.819955 -0.000026  0.265821 0.527430 1 64 1.000000
0  -3.551422 -1.114449 -5.782367  -0.572426 -0.819956 -0.000031  0.265819 0.527431 1 64 1.000000
0  -3.720961 -0.996099 -5.557144  -0.572417 -0.819962 -0.000012  0.265821 0.527430 1 64 1.000000
gun_tex
0  -3.807245 -0.935864 -5.750913  -0.572398 -0.819976 -0.000003  0.265822 0.527431 1 64 1.000000
0  -3.807245 -0.935864 -5.782367  -0.572398 -0.819976 0.000000  0.265822 0.527431 1 64 1.000000
0  -3.764538 -0.965676 -5.782367  -0.572401 -0.819974 -0.000003  0.265822 0.527431 1 64 1.000000
gun_tex
0  -3.792893 -0.945883 -5.588455  -0.572405 -0.819971 0.000001  0.265822 0.527430 1 64 1.000000
0  -3.807245 -0.935864 -5.588455  -0.572409 -0.819968 0.000003  0.265822 0.527430 1 64 1.000000
0  -3.807245 -0.935864 -5.750913  -0.572398 -0.819976 -0.000003  0.265822 0.527431 1 64 1.000000
gun_tex
0  -3.720961 -0.996097 -5.588456  -0.572427 -0.819955 -0.000026  0.265821 0.527430 1 64 1.000000
0  -3.792893 -0.945883 -5.588455  -0.572405 -0.819971 0.000001  0.265822 0.527430 1 64 1.000000
0  -3.807245 -0.935864 -5.750913  -0.572398 -0.819976 -0.000003  0.265822 0.527431 1 64 1.000000
gun_tex
0  -3.537738 -1.124004 -5.200632  -0.572442 -0.819945 0.000039  0.265819 0.527427 1 64 1.000000
0  -3.720961 -0.996097 -5.394544  -0.572412 -0.819966 0.000003  0.265821 0.527428 1 64 1.000000
0  -3.720961 -0.996099 -5.557144  -0.572417 -0.819962 -0.000012  0.265821 0.527430 1 64 1.000000
gun_tex
0  -3.537738 -2.000634 -5.200633  -1.000000 0.000000 0.000000  0.265677 0.527424 1 64 1.000000
0  -3.537738 -1.124004 -5.200632  -1.000000 0.000000 0.000000  0.265677 0.527429 1 64 1.000000
0  -3.537738 -1.124002 -5.782367  -1.000000 0.000000 0.000000  0.265673 0.527429 1 64 1.000000
gun_tex
0  -3.807244 -6.217021 -5.200638  -1.000000 -0.000000 0.000000  0.077229 0.611269 1 64 1.000000
0  -3.807245 -2.188772 -5.324549  -1.000000 -0.000000 -0.000000  0.077228 0.611293 1 64 1.000000
0  -3.807245 -2.188771 -5.394544  -1.000000 -0.000000 -0.000000  0.077227 0.611293 1 64 1.000000
gun_tex
0  -3.807244 -6.217021 -5.588461  -1.000000 -0.000000 -0.000000  0.077226 0.611269 1 64 1.000000
0  -3.807245 -2.188771 -5.712372  -1.000000 -0.000000 0.000000  0.077225 0.611293 1 64 1.000000
0  -3.807245 -2.188771 -5.782368  -1.000000 -0.000000 0.000000  0.077224 0.611293 1 64 1.000000
gun_tex
0  -3.807245 0.086663 -5.588453  0.000010 -0.000001 1.000000  0.077067 0.611422 1 64 1.000000
0  -3.792893 -0.945883 -5.588455  0.000001 -0.000002 1.000000  0.077067 0.611416 1 64 1.000000
0  -3.720961 -0.996097 -5.588456  -0.000002 -0.000002 1.000000  0.077068 0.611416 1 64 1.000000
gun_tex
0  -3.720960 -6.121169 -5.394550  -1.000000 -0.000000 0.000002  0.077160 0.611372 1 64 1.000000
0  -3.720960 -2.128536 -5.521217  -1.000000 -0.000000 0.000004  0.077159 0.611395 1 64 1.000000
0  -3.720961 -2.128537 -5.588457  -1.000000 -0.000000 0.000007  0.077159 0.611395 1 64 1.000000
gun_tex
0  -3.551422 0.086662 -5.200631  -0.000000 -0.000001 1.000000  0.077179 0.611309 1 64 1.000000
0  -3.551422 -1.114450 -5.200632  0.000027 -0.000001 1.000000  0.077179 0.611302 1 64 1.000000
0  -3.537738 -1.124004 -5.200632  -0.000003 -0.000001 1.000000  0.077179 0.611302 1 64 1.000000
gun_tex
0  -3.537738 -2.000634 -5.200633  -0.000014 -0.000002 1.000000  0.077179 0.611297 1 64 1.000000
0  -3.551422 -2.010185 -5.200634  -0.000126 -0.000004 1.000000  0.077179 0.611297 1 64 1.000000
0  -3.295598 -6.217021 -5.200638  -0.000000 -0.000003 1.000000  0.077182 0.611272 1 64 1.000000
gun_tex
0  -3.551422 -2.010185 -5.200634  -0.000126 -0.000004 1.000000  0.077179 0.611297 1 64 1.000000
0  -3.551421 -6.217021 -5.200638  0.000000 -0.000003 1.000000  0.077179 0.611272 1 64 1.000000
0  -3.295598 -6.217021 -5.200638  -0.000000 -0.000003 1.000000  0.077182 0.611272 1 64 1.000000
gun_tex
0  -3.295598 -6.217021 -5.200638  -0.000000 -0.000003 1.000000  0.077182 0.611272 1 64 1.000000
0  -3.551422 0.086662 -5.200631  -0.000000 -0.000001 1.000000  0.077179 0.611309 1 64 1.000000
0  -3.537738 -1.124004 -5.200632  -0.000003 -0.000001 1.000000  0.077179 0.611302 1 64 1.000000
gun_tex
0  -3.551421 -6.217019 -5.782373  0.000000 -0.000002 -1.000000  0.077090 0.611285 1 64 1.000000
0  -3.551422 -2.010185 -5.782368  0.000065 0.000001 -1.000000  0.077090 0.611310 1 64 1.000000
0  -3.537738 -2.000631 -5.782368  0.000019 0.000001 -1.000000  0.077090 0.611310 1 64 1.000000
gun_tex
0  -3.537738 -1.124002 -5.782367  0.000014 0.000001 -1.000000  0.077090 0.611316 1 64 1.000000
0  -3.551422 -1.114449 -5.782367  0.000032 0.000001 -1.000000  0.077090 0.611316 1 64 1.000000
0  -3.295599 0.086664 -5.782366  0.000000 -0.004690 -0.999989  0.077087 0.611323 1 64 1.000000
gun_tex
0  -3.551422 -1.114449 -5.782367  0.000032 0.000001 -1.000000  0.077090 0.611316 1 64 1.000000
0  -3.551422 0.086664 -5.782366  0.000000 -0.004690 -0.999989  0.077090 0.611323 1 64 1.000000
0  -3.295599 0.086664 -5.782366  0.000000 -0.004690 -0.999989  0.077087 0.611323 1 64 1.000000
gun_tex
0  -3.295599 0.086664 -5.782366  0.000000 -0.004690 -0.999989  0.077087 0.611323 1 64 1.000000
0  -3.551421 -6.217019 -5.782373  0.000000 -0.000002 -1.000000  0.077090 0.611285 1 64 1.000000
0  -3.537738 -2.000631 -5.782368  0.000019 0.000001 -1.000000  0.077090 0.611310 1 64 1.000000
gun_tex
0  -3.551422 0.086662 -5.200631  -0.000000 -0.000001 1.000000  0.077179 0.611309 1 64 1.000000
0  -3.807245 0.086662 -5.200631  0.000000 -0.000001 1.000000  0.077176 0.611309 1 64 1.000000
0  -3.807245 -0.935864 -5.200632  -0.000001 -0.000001 1.000000  0.077176 0.611303 1 64 1.000000
gun_tex
0  -3.551421 -6.217019 -5.782373  0.000000 -0.000002 -1.000000  0.077090 0.611285 1 64 1.000000
0  -3.807244 -6.217019 -5.782373  0.000000 -0.000002 -1.000000  0.077093 0.611285 1 64 1.000000
0  -3.807245 -2.188771 -5.782368  0.000002 0.000001 -1.000000  0.077093 0.611309 1 64 1.000000
gun_tex
0  -3.807245 0.086662 -5.394542  -0.000019 0.000001 -1.000000  0.077075 0.611412 1 64 1.000000
0  -3.720961 -0.009188 -5.394543  -0.000022 0.000001 -1.000000  0.077074 0.611412 1 64 1.000000
0  -3.720961 -0.996097 -5.394544  0.000000 0.000001 -1.000000  0.077074 0.611406 1 64 1.000000
gun_tex
0  -3.720961 -0.996099 -5.557144  -1.000000 0.000000 0.000000  0.077202 0.611416 1 64 1.000000
0  -3.720961 -0.996097 -5.394544  -1.000000 0.000000 0.000000  0.077203 0.611416 1 64 1.000000
0  -3.720961 -0.009188 -5.394543  -1.000000 0.000000 0.000000  0.077203 0.611422 1 64 1.000000
gun_tex
0  -3.775922 -2.166904 -5.588456  -0.000009 -0.000001 1.000000  0.077247 0.611357 1 64 1.000000
0  -3.807245 -2.188771 -5.588457  -0.000030 -0.000001 1.000000  0.077247 0.611357 1 64 1.000000
0  -3.807244 -6.217021 -5.588461  0.000005 -0.000001 1.000000  0.077247 0.611333 1 64 1.000000
gun_tex
0  -3.807245 -0.935865 -5.363089  -1.000000 0.000000 0.000000  0.077137 0.611362 1 64 1.000000
0  -3.807245 -0.935864 -5.200632  -1.000000 0.000000 0.000000  0.077138 0.611362 1 64 1.000000
0  -3.807245 0.086662 -5.200631  -1.000000 -0.000000 0.000000  0.077138 0.611368 1 64 1.000000
gun_tex
0  -3.807245 -0.935864 -5.750913  -1.000000 -0.000000 0.000002  0.077134 0.611362 1 64 1.000000
0  -3.807245 -0.935864 -5.588455  -1.000000 -0.000000 0.000004  0.077135 0.611362 1 64 1.000000
0  -3.807245 0.086663 -5.588453  -1.000000 -0.000000 0.000001  0.077135 0.611368 1 64 1.000000
gun_tex
0  -3.551422 -2.010185 -5.200634  -0.000126 -0.000004 1.000000  0.077179 0.611297 1 64 1.000000
0  -3.638999 -2.071322 -5.200633  0.000006 -0.000001 1.000000  0.077178 0.611296 1 64 1.000000
0  -3.807244 -6.217021 -5.200638  -0.000000 -0.000003 1.000000  0.077176 0.611272 1 64 1.000000
gun_tex
0  -3.807245 -2.188771 -5.394544  -0.000030 0.000001 -1.000000  0.077248 0.611296 1 64 1.000000
0  -3.775922 -2.166905 -5.394545  -0.000009 0.000001 -1.000000  0.077248 0.611297 1 64 1.000000
0  -3.720960 -6.121169 -5.394550  0.000010 0.000001 -1.000000  0.077247 0.611273 1 64 1.000000
gun_tex
0  -3.551422 -1.114449 -5.782367  0.000032 0.000001 -1.000000  0.077090 0.611316 1 64 1.000000
0  -3.764538 -0.965676 -5.782367  -0.000006 0.000001 -1.000000  0.077092 0.611317 1 64 1.000000
0  -3.807245 0.086664 -5.782366  -0.000000 -0.004690 -0.999989  0.077093 0.611323 1 64 1.000000
end
