version 1
nodes
0 "ValveBiped.Bip01_Spine4" -1
1 "ValveBiped.Bip01_L_Clavicle" 0
2 "ValveBiped.Bip01_L_UpperArm" 1
3 "ValveBiped.Bip01_L_Forearm" 2
4 "ValveBiped.Bip01_L_Hand" 3
5 "ValveBiped.Bip01_L_Finger4" 4
6 "ValveBiped.Bip01_L_Finger41" 5
7 "ValveBiped.Bip01_L_Finger42" 6
8 "ValveBiped.Bip01_L_Finger3" 4
9 "ValveBiped.Bip01_L_Finger31" 8
10 "ValveBiped.Bip01_L_Finger32" 9
11 "ValveBiped.Bip01_L_Finger2" 4
12 "ValveBiped.Bip01_L_Finger21" 11
13 "ValveBiped.Bip01_L_Finger22" 12
14 "ValveBiped.Bip01_L_Finger1" 4
15 "ValveBiped.Bip01_L_Finger11" 14
16 "ValveBiped.Bip01_L_Finger12" 15
17 "ValveBiped.Bip01_L_Finger0" 4
18 "ValveBiped.Bip01_L_Finger01" 17
19 "ValveBiped.Bip01_L_Finger02" 18
20 "ValveBiped.Bip01_L_Ulna" 3
21 "ValveBiped.Bip01_L_Wrist" 3
22 "rig_l_upperarm" 1
23 "rig_l_forearm" 22
24 "rig_d_l_forearm" 23
25 "rig_d_l_upperarm" 22
26 "ValveBiped.Bip01_R_Clavicle" 0
27 "ValveBiped.Bip01_R_UpperArm" 26
28 "ValveBiped.Bip01_R_Forearm" 27
29 "ValveBiped.Bip01_R_Hand" 28
30 "ValveBiped.Bip01_R_Finger4" 29
31 "ValveBiped.Bip01_R_Finger41" 30
32 "ValveBiped.Bip01_R_Finger42" 31
33 "ValveBiped.Bip01_R_Finger3" 29
34 "ValveBiped.Bip01_R_Finger31" 33
35 "ValveBiped.Bip01_R_Finger32" 34
36 "ValveBiped.Bip01_R_Finger2" 29
37 "ValveBiped.Bip01_R_Finger21" 36
38 "ValveBiped.Bip01_R_Finger22" 37
39 "ValveBiped.Bip01_R_Finger1" 29
40 "ValveBiped.Bip01_R_Finger11" 39
41 "ValveBiped.Bip01_R_Finger12" 40
42 "ValveBiped.Bip01_R_Finger0" 29
43 "ValveBiped.Bip01_R_Finger01" 42
44 "ValveBiped.Bip01_R_Finger02" 43
45 "ValveBiped.Bip01_R_Ulna" 28
46 "ValveBiped.Bip01_R_Wrist" 28
47 "rig_r_upperarm" 26
48 "rig_r_forearm" 47
49 "rig_d_r_forearm" 48
50 "rig_d_r_upperarm" 47
51 "rig_r_hand" -1
52 "rig_d_r_hand" 51
53 "rig_d_r_wrist" 52
54 "rig_l_hand" -1
55 "rig_d_l_hand" 54
56 "rig_d_l_wrist" 54
57 "rig_l_pole" -1
58 "rig_r_pole" -1
59 "rig_l_clavicle" -1
60 "rig_d_l_clavicle" 59
61 "rig_r_clavicle" -1
62 "rig_d_r_clavicle" 61
63 "Camera" -1
64 "body" -1
65 "trigger" 64
66 "barrel" 64
67 "boltfollower" 64
68 "bolt" 67
69 "hammer" 67
70 "brass" 64
71 "clip" -1
72 "bullet1" -1
73 "bullet2" -1
74 "bullet3" -1
75 "bullet4" -1
76 "bullet5" -1
end
skeleton
time 0
0  0.000006 0.000000 0.000000  -1.570800 -1.391899 -1.570792
1  -5.247190 1.140902 2.232071  -1.544956 -1.855077 -0.198630
2  6.027524 -0.000323 0.000193  -0.655136 -0.991394 -1.586255
3  11.692110 0.000643 -0.000740  -0.890213 -0.000019 -1.452005
4  11.479503 0.000089 -0.001053  1.188697 -0.695329 0.374507
5  3.859509 -0.142880 -1.192049  -0.564874 -0.363952 -1.824543
6  1.312590 0.000013 0.000008  -0.136228 -0.000981 -0.208342
7  0.729355 0.000054 0.000049  -0.007524 -0.009754 -0.114047
8  3.942143 0.046271 -0.431512  -0.498774 0.109385 -1.203070
9  1.539111 0.000087 0.000006  0.016536 -0.136924 -1.019669
10  1.196333 0.000145 0.000029  0.014917 0.002603 -0.521648
11  3.883505 -0.047270 0.431381  -0.286619 0.410095 -0.604649
12  1.719574 -0.000026 0.000016  0.078190 -0.160916 -1.549411
13  1.209181 0.000090 0.000012  -0.001081 -0.002986 -0.400010
14  4.085222 -0.082717 1.151041  0.124883 0.563536 0.134737
15  1.719448 -0.000013 0.000023  0.026136 -0.076896 -1.034307
16  1.099676 0.000048 0.000005  -0.076371 0.028724 -1.554212
17  0.869831 -1.165542 1.469030  -1.184629 -0.527547 -0.152332
18  1.789818 -0.000004 -0.000019  0.000002 -0.000027 0.636397
19  1.207013 -0.000012 -0.000043  0.000006 -0.000006 -0.137933
20  5.740636 0.000411 -0.000703  -0.131816 0.000003 0.000071
21  11.480907 0.000230 -0.000868  -0.044150 -0.127794 0.034791
22  6.027524 -0.000329 0.000203  1.540259 -0.578773 1.611136
23  0.000000 11.692101 -0.000006  -1.000966 -0.449640 -0.792002
24  0.000001 0.000009 -0.000002  -0.021116 -0.000031 1.570738
25  -0.000001 -0.000011 0.000000  0.868957 0.000002 1.570712
26  -4.636372 -9.409594 0.376269  1.473120 1.855075 -0.198639
27  6.027504 -0.000263 -0.000229  1.632288 0.741401 -0.124465
28  11.691994 0.000242 0.000855  0.448825 0.000072 -1.844125
29  11.479295 -0.000637 0.001226  -0.433471 0.199669 1.161499
30  3.452861 -0.227595 1.051754  0.688145 -0.092338 -2.215292
31  1.312558 0.000026 -0.000000  0.019465 -0.206537 -0.412540
32  0.729346 0.000065 -0.000028  0.032310 -0.009584 -0.430519
33  3.942046 0.050108 0.430997  0.414610 -0.126882 -1.945155
34  1.539097 0.000010 0.000000  -0.000118 -0.146012 -0.613617
35  1.196299 0.000075 -0.000004  0.013148 -0.006182 -0.773855
36  3.883411 -0.050502 -0.431087  0.307637 -0.325784 -1.518997
37  1.719564 -0.000079 -0.000003  -0.020757 -0.109980 -1.118764
38  1.209197 0.000035 0.000011  0.013405 -0.002577 -0.641606
39  3.806436 -0.112148 -1.295330  -0.252144 -0.345601 -0.351983
40  1.719411 -0.000100 -0.000034  0.060652 -0.014316 -0.897916
41  1.099674 0.000025 0.000007  0.004025 -0.004480 -1.057257
42  0.628173 -1.014298 -1.514441  1.035874 -0.067939 -0.796683
43  1.789779 -0.000009 -0.000042  0.044883 0.176382 -0.013217
44  1.206997 -0.000006 0.000005  -0.016941 0.001364 1.321994
45  5.740571 0.000056 0.000724  0.259241 -0.000014 0.000021
46  11.480803 -0.000091 0.000995  0.192557 0.128726 0.176273
47  6.027514 -0.000273 -0.000239  -0.851555 -0.456381 -1.229122
48  -0.000001 11.691976 -0.000007  -1.231685 0.676584 0.922724
49  0.000003 -0.000002 0.000001  2.721351 -0.000041 1.570856
50  -0.000006 -0.000014 0.000004  2.272644 -0.000030 1.570865
51  -4.275181 -3.902619 -4.546614  0.195655 2.854302 1.542062
52  -0.000000 -0.000001 -0.000000  0.008153 -0.000259 0.000009
53  0.000000 -0.000001 -0.000000  1.565115 0.043565 -0.106862
54  -1.119464 -14.886917 -5.739540  -0.755929 -0.139050 -1.950540
55  -0.000000 -0.000001 -0.000000  0.000000 -0.000000 -0.000002
56  0.000030 0.000027 0.000001  -1.571901 -0.044449 -0.106509
57  4.016433 -16.292767 -15.830059  1.570796 -0.000000 0.000000
58  -21.599098 7.001666 -12.508070  1.570796 -0.000000 0.000000
59  2.236387 -0.189356 -5.367696  1.570796 -0.000000 0.000000
60  -0.004311 0.001230 -0.000371  0.006898 -0.005534 -0.284229
61  0.376268 10.084437 -2.887995  1.570796 -0.000000 0.000000
62  0.000000 0.000000 0.000000  -0.078727 -3.136056 0.284226
63  0.000000 0.000000 0.000000  1.570796 -0.000000 0.000000
64  -3.090041 -13.698201 -2.372757  1.570796 -0.000000 0.000000
65  0.020864 -0.834790 -4.400273  0.000000 -0.000000 0.000000
66  0.020868 0.023235 30.873932  0.000000 -0.000000 0.000000
67  0.020865 -0.185995 -5.439825  0.000000 -0.000000 0.000000
68  0.000000 0.209231 3.187962  0.000000 -0.000000 0.000000
69  -0.000036 -0.016645 1.512751  0.000000 -0.000000 0.000000
70  0.020865 -0.110953 -1.554708  0.000000 -0.000000 0.000000
71  -3.894284 10.434156 -8.923967  1.570796 -0.000000 0.000000
72  -3.894285 9.043628 -7.873164  1.570796 -0.000000 0.000000
73  -3.894284 9.043628 -8.399811  1.570796 -0.000000 0.000000
74  -3.894284 9.043628 -8.926967  1.570796 -0.000000 0.000000
75  -3.894285 9.043628 -9.459123  1.570796 -0.000000 0.000000
76  -3.894285 9.043628 -9.990499  1.570796 -0.000000 0.000000
time 1
0  0.000006 0.000000 0.000000  -1.570800 -1.391899 -1.570792
1  -5.247190 1.140902 2.232071  -1.544956 -1.855077 -0.198630
2  6.027524 -0.000323 0.000193  -0.656065 -0.989975 -1.593142
3  11.692109 0.000644 -0.000738  -0.888006 -0.000019 -1.445944
4  11.479614 0.000129 -0.001002  1.205446 -0.687385 0.362799
5  3.859509 -0.142880 -1.192049  -0.564874 -0.363952 -1.824543
6  1.312590 0.000012 0.000007  -0.136228 -0.000981 -0.208342
7  0.729355 0.000054 0.000051  -0.007524 -0.009754 -0.114047
8  3.942142 0.046272 -0.431512  -0.498774 0.109385 -1.203070
9  1.539111 0.000085 0.000005  0.016536 -0.136924 -1.019669
10  1.196333 0.000144 0.000028  0.014917 0.002603 -0.521648
11  3.883504 -0.047270 0.431381  -0.286619 0.410095 -0.604649
12  1.719574 -0.000026 0.000015  0.078190 -0.160916 -1.549411
13  1.209181 0.000092 0.000010  -0.001081 -0.002986 -0.400010
14  4.085223 -0.082715 1.151041  0.124883 0.563536 0.134737
15  1.719446 -0.000011 0.000021  0.026136 -0.076896 -1.034307
16  1.099675 0.000047 0.000007  -0.076371 0.028724 -1.554212
17  0.869831 -1.165541 1.469029  -1.184629 -0.527547 -0.152332
18  1.789820 -0.000003 -0.000018  0.000002 -0.000027 0.636397
19  1.207015 -0.000012 -0.000043  0.000006 -0.000006 -0.137933
20  5.740638 0.000410 -0.000704  -0.128046 0.000003 0.000071
21  11.480930 0.000239 -0.000859  -0.042132 -0.125547 0.034073
22  6.027524 -0.000329 0.000203  1.540773 -0.580218 1.603191
23  0.000002 11.692100 -0.000006  -0.997354 -0.446349 -0.789653
24  0.000002 0.000008 0.000000  -0.018909 -0.000031 1.570738
25  -0.000001 -0.000011 -0.000001  0.868957 0.000002 1.570712
26  -4.636372 -9.409594 0.376269  1.473120 1.855075 -0.198639
27  6.027503 -0.000263 -0.000230  1.662672 0.649391 -0.129560
28  11.691992 0.000242 0.000856  0.448945 0.000079 -1.927927
29  11.478557 -0.000974 0.001386  -0.545901 0.193841 1.140574
30  3.454712 -0.227162 1.052397  0.729864 -0.239256 -1.380247
31  1.312558 0.000026 0.000000  0.166703 -0.071814 -0.286864
32  0.729345 0.000065 -0.000027  0.015920 -0.005555 -0.337363
33  3.942056 0.049964 0.430943  0.449287 -0.188509 -1.244674
34  1.539096 0.000010 0.000000  0.030397 -0.065327 -0.332632
35  1.196298 0.000076 -0.000005  0.003340 -0.005873 -0.646949
36  3.883412 -0.050501 -0.431086  0.275218 -0.377670 -0.872566
37  1.719563 -0.000079 -0.000003  0.030847 -0.005198 -0.764241
38  1.209197 0.000035 0.000012  0.001112 -0.002533 -0.467327
39  3.806437 -0.112146 -1.295329  -0.252166 -0.232731 -0.244528
40  1.719412 -0.000099 -0.000035  0.073566 0.010084 -0.627038
41  1.099674 0.000025 0.000006  -0.001725 -0.002416 -0.551798
42  0.628173 -1.014296 -1.514441  1.029368 0.087085 -0.757597
43  1.789779 -0.000010 -0.000042  0.042302 0.092333 -0.059814
44  1.206997 -0.000006 0.000005  -0.010385 -0.003001 0.772701
45  5.740571 0.000054 0.000723  0.244852 -0.000014 0.000021
46  11.480655 -0.000159 0.001026  0.174523 0.114911 0.178603
47  6.027514 -0.000273 -0.000239  -0.747155 -0.473815 -1.300566
48  -0.000003 11.691977 -0.000007  -1.281548 0.728031 0.944620
49  0.000004 -0.000001 -0.000000  2.721470 -0.000041 1.570856
50  -0.000007 -0.000015 0.000004  2.272644 -0.000030 1.570865
51  -5.114172 -3.158834 -4.507817  0.113009 2.882790 1.548052
52  -0.000000 -0.000000 -0.000001  0.008153 -0.000259 0.000009
53  0.000001 0.000001 0.000000  1.565115 0.043565 -0.106862
54  -1.114544 -14.944687 -5.735082  -0.751665 -0.147314 -1.949554
55  -0.000000 0.000000 -0.000000  0.000000 -0.000000 -0.000002
56  0.000030 0.000029 0.000001  -1.571901 -0.044449 -0.106509
57  3.948004 -16.292645 -15.832500  1.570796 -0.000000 0.000000
58  -21.262270 6.973412 -12.624828  1.570796 -0.000000 0.000000
59  2.236387 -0.189356 -5.367696  1.570796 -0.000000 0.000000
60  -0.004311 0.001230 -0.000371  0.006898 -0.005534 -0.284229
61  0.376268 10.084437 -2.887995  1.570796 -0.000000 0.000000
62  0.000000 0.000000 0.000000  -0.078727 -3.136056 0.284226
63  0.000000 0.000000 0.000000  1.570565 -0.000004 0.000027
64  -3.089932 -13.728071 -2.381110  1.561557 -0.000854 0.001599
65  0.020864 -0.834790 -4.400273  -0.000000 0.000000 0.000000
66  0.020868 0.023235 30.873932  -0.000000 0.000000 0.000000
67  0.020865 -0.185995 -5.439826  -0.000000 0.000000 0.000000
68  -0.000000 0.209231 3.187961  -0.000000 0.000000 0.000000
69  -0.000036 -0.016645 1.512749  -0.000000 0.000000 0.000000
70  0.020865 -0.110953 -1.554708  -0.000000 0.000000 0.000000
71  -3.894284 10.434156 -8.923967  1.570796 -0.000000 0.000000
72  -3.894285 9.043628 -7.873164  1.570796 -0.000000 0.000000
73  -3.894284 9.043628 -8.399811  1.570796 -0.000000 0.000000
74  -3.894284 9.043628 -8.926967  1.570796 -0.000000 0.000000
75  -3.894285 9.043628 -9.459123  1.570796 -0.000000 0.000000
76  -3.894285 9.043628 -9.990499  1.570796 -0.000000 0.000000
time 2
0  0.000006 0.000000 0.000000  -1.570800 -1.391899 -1.570792
1  -5.247190 1.140902 2.232071  -1.544956 -1.855077 -0.198630
2  6.027524 -0.000323 0.000193  -0.658935 -0.985350 -1.612641
3  11.692109 0.000644 -0.000739  -0.881180 -0.000018 -1.429926
4  11.479698 0.000148 -0.000969  1.249364 -0.665058 0.333290
5  3.859509 -0.142879 -1.192049  -0.564874 -0.363952 -1.824543
6  1.312588 0.000012 0.000008  -0.136228 -0.000981 -0.208342
7  0.729353 0.000054 0.000050  -0.007524 -0.009754 -0.114047
8  3.942143 0.046273 -0.431512  -0.498774 0.109385 -1.203070
9  1.539110 0.000084 0.000005  0.016536 -0.136924 -1.019669
10  1.196332 0.000145 0.000030  0.014917 0.002603 -0.521648
11  3.883504 -0.047269 0.431382  -0.286619 0.410095 -0.604649
12  1.719573 -0.000025 0.000015  0.078190 -0.160916 -1.549411
13  1.209178 0.000090 0.000011  -0.001081 -0.002986 -0.400010
14  4.085223 -0.082715 1.151041  0.124883 0.563536 0.134737
15  1.719447 -0.000011 0.000022  0.026135 -0.076896 -1.034307
16  1.099676 0.000047 0.000005  -0.076371 0.028724 -1.554212
17  0.869831 -1.165540 1.469029  -1.187922 -0.537132 -0.156976
18  1.789818 -0.000003 -0.000019  0.000214 -0.001756 0.626587
19  1.207014 -0.000013 -0.000044  0.000197 -0.000005 -0.139823
20  5.740638 0.000411 -0.000703  -0.117821 0.000003 0.000071
21  11.480947 0.000242 -0.000851  -0.036695 -0.119462 0.032316
22  6.027524 -0.000329 0.000203  1.542369 -0.584921 1.580418
23  0.000002 11.692100 -0.000006  -0.987796 -0.437690 -0.783401
24  0.000002 0.000009 -0.000001  -0.012084 -0.000030 1.570739
25  -0.000001 -0.000011 -0.000000  0.868957 0.000002 1.570712
26  -4.636372 -9.409594 0.376269  1.473120 1.855075 -0.198639
27  6.027503 -0.000263 -0.000230  1.673415 0.536841 -0.180220
28  11.691992 0.000242 0.000856  0.447324 0.000084 -1.994553
29  11.480538 0.000106 0.000867  -0.736559 0.238651 1.049351
30  3.460304 -0.225860 1.054341  0.642556 -0.367099 -0.512163
31  1.312559 0.000025 0.000000  0.330321 0.041423 -0.142171
32  0.729345 0.000064 -0.000027  -0.000023 -0.000019 -0.244285
33  3.942082 0.049520 0.430780  0.433736 -0.256953 -0.533434
34  1.539097 0.000009 -0.000000  0.082002 0.003744 -0.050016
35  1.196300 0.000077 -0.000004  -0.006348 -0.004326 -0.520053
36  3.883411 -0.050502 -0.431087  0.212604 -0.388605 -0.210750
37  1.719564 -0.000079 -0.000003  0.115818 0.074950 -0.403776
38  1.209196 0.000035 0.000011  -0.010988 -0.000357 -0.293063
39  3.806436 -0.112148 -1.295329  -0.238990 -0.120705 -0.139293
40  1.719412 -0.000099 -0.000034  0.092547 0.030135 -0.355750
41  1.099673 0.000025 0.000006  -0.005758 0.002174 -0.046359
42  0.628173 -1.014298 -1.514441  1.029723 0.253759 -0.691372
43  1.789780 -0.000008 -0.000043  0.044274 0.004529 -0.106078
44  1.206996 -0.000007 0.000006  -0.002100 -0.002755 0.222914
45  5.740570 0.000056 0.000724  0.208357 -0.000014 0.000021
46  11.481050 0.000058 0.000923  0.138816 0.098007 0.166557
47  6.027514 -0.000273 -0.000239  -0.624492 -0.506022 -1.415024
48  -0.000001 11.691975 -0.000006  -1.321809 0.769493 0.960230
49  0.000003 -0.000001 0.000000  2.719851 -0.000041 1.570856
50  -0.000006 -0.000015 0.000006  2.272644 -0.000030 1.570865
51  -6.141716 -2.498959 -4.846990  -0.001966 2.965104 1.546648
52  -0.000000 -0.000000 0.000001  0.008153 -0.000259 0.000009
53  0.000000 -0.000000 0.000001  1.565115 0.043565 -0.106862
54  -1.100821 -15.096280 -5.724171  -0.740419 -0.169106 -1.947085
55  -0.000001 0.000000 0.000001  0.000000 -0.000000 -0.000002
56  0.000029 0.000029 0.000002  -1.571901 -0.044449 -0.106509
57  3.743749 -16.292213 -15.839956  1.570796 -0.000000 0.000000
58  -20.265787 6.889822 -12.970251  1.570796 -0.000000 0.000000
59  2.236387 -0.189356 -5.367696  1.570796 -0.000000 0.000000
60  -0.004311 0.001230 -0.000371  0.006898 -0.005534 -0.284229
61  0.376268 10.084437 -2.887995  1.570796 -0.000000 0.000000
62  0.000000 0.000000 0.000000  -0.078727 -3.136056 0.284226
63  0.000000 0.000000 0.000000  1.569955 -0.000033 0.000103
64  -3.089168 -13.806819 -2.405254  1.537197 -0.003054 0.005887
65  0.020864 -0.834790 -4.400274  0.000000 -0.000000 -0.000000
66  0.020868 0.023235 30.873926  0.000000 -0.000000 -0.000000
67  0.020865 -0.185995 -5.439826  0.000000 -0.000000 -0.000000
68  -0.000000 0.209232 3.187961  0.000000 -0.000000 -0.000000
69  -0.000036 -0.016645 1.512750  0.000000 -0.000000 -0.000000
70  0.020865 -0.110953 -1.554709  0.000000 -0.000000 -0.000000
71  -3.894284 10.434156 -8.923967  1.570796 -0.000000 0.000000
72  -3.894285 9.043628 -7.873164  1.570796 -0.000000 0.000000
73  -3.894284 9.043628 -8.399811  1.570796 -0.000000 0.000000
74  -3.894284 9.043628 -8.926967  1.570796 -0.000000 0.000000
75  -3.894285 9.043628 -9.459123  1.570796 -0.000000 0.000000
76  -3.894285 9.043628 -9.990499  1.570796 -0.000000 0.000000
time 3
0  0.000006 0.000000 0.000000  -1.570800 -1.391899 -1.570792
1  -5.247190 1.140902 2.232071  -1.544956 -1.855077 -0.198630
2  6.027524 -0.000323 0.000193  -0.663901 -0.977594 -1.642276
3  11.692110 0.000644 -0.000739  -0.869834 -0.000017 -1.407251
4  11.479823 0.000180 -0.000923  1.309893 -0.630661 0.294783
5  3.859507 -0.142880 -1.192049  -0.564874 -0.363952 -1.824543
6  1.312588 0.000011 0.000008  -0.136228 -0.000981 -0.208342
7  0.729354 0.000053 0.000050  -0.007524 -0.009754 -0.114047
8  3.942141 0.046272 -0.431512  -0.498774 0.109385 -1.203070
9  1.539110 0.000082 0.000004  0.016536 -0.136924 -1.019669
10  1.196333 0.000145 0.000030  0.014917 0.002603 -0.521648
11  3.883504 -0.047270 0.431382  -0.286619 0.410095 -0.604649
12  1.719573 -0.000026 0.000016  0.078190 -0.160916 -1.549411
13  1.209179 0.000093 0.000011  -0.001081 -0.002986 -0.400010
14  4.085220 -0.082716 1.151041  0.124883 0.563536 0.134737
15  1.719447 -0.000011 0.000022  0.026136 -0.076896 -1.034307
16  1.099675 0.000050 0.000008  -0.076371 0.028724 -1.554212
17  0.869830 -1.165540 1.469029  -1.195087 -0.564602 -0.173286
18  1.789820 -0.000003 -0.000018  0.000852 -0.006269 0.600921
19  1.207017 -0.000012 -0.000043  0.000698 -0.000002 -0.144767
20  5.740638 0.000410 -0.000703  -0.102898 0.000003 0.000070
21  11.480974 0.000248 -0.000843  -0.028876 -0.110571 0.030036
22  6.027524 -0.000329 0.000203  1.545231 -0.592801 1.545065
23  0.000001 11.692099 -0.000006  -0.974228 -0.425525 -0.774438
24  0.000002 0.000008 0.000001  -0.000739 -0.000030 1.570738
25  -0.000001 -0.000012 -0.000000  0.868957 0.000002 1.570712
26  -4.636372 -9.409594 0.376269  1.473120 1.855075 -0.198639
27  6.027504 -0.000262 -0.000230  1.643858 0.581174 -0.262498
28  11.691993 0.000242 0.000855  0.439800 0.000072 -1.840581
29  11.479327 -0.000631 0.001209  -0.878982 0.375804 0.799371
30  3.469662 -0.223678 1.057593  0.597505 -0.326906 -0.648013
31  1.312557 0.000025 -0.000001  0.293467 0.052822 -0.333163
32  0.729345 0.000066 -0.000026  0.001780 -0.000140 -0.279511
33  3.942127 0.048778 0.430505  0.410528 -0.226551 -0.630469
34  1.539096 0.000009 -0.000000  0.076936 -0.062423 -0.280420
35  1.196299 0.000076 -0.000004  0.002981 -0.005117 -0.573573
36  3.883411 -0.050502 -0.431087  0.183831 -0.362496 -0.307499
37  1.719563 -0.000079 -0.000004  0.094611 0.047895 -0.646862
38  1.209197 0.000036 0.000012  -0.005972 -0.001276 -0.333744
39  3.806435 -0.112148 -1.295329  -0.244851 -0.166308 -0.169890
40  1.719412 -0.000099 -0.000035  0.086272 0.017393 -0.496107
41  1.099673 0.000023 0.000007  -0.003194 0.000250 -0.284313
42  0.628172 -1.014298 -1.514442  1.032362 0.244966 -0.647412
43  1.789780 -0.000009 -0.000042  0.045495 -0.000519 -0.106166
44  1.206996 -0.000005 0.000005  -0.001543 -0.002081 0.226367
45  5.740571 0.000056 0.000723  0.164441 -0.000014 0.000021
46  11.480810 -0.000090 0.000991  0.107837 0.097082 0.115632
47  6.027514 -0.000273 -0.000239  -0.682127 -0.513967 -1.453479
48  -0.000002 11.691977 -0.000005  -1.229590 0.674427 0.921746
49  0.000002 -0.000001 -0.000000  2.712326 -0.000041 1.570856
50  -0.000008 -0.000015 0.000004  2.272644 -0.000030 1.570865
51  -6.434086 -3.911920 -5.524250  0.000156 -3.130951 1.527731
52  -0.000000 0.000001 -0.000000  0.008153 -0.000259 0.000009
53  -0.000000 -0.000000 0.000000  1.565115 0.043565 -0.106862
54  -1.079705 -15.308775 -5.709355  -0.724476 -0.199920 -1.943928
55  -0.000000 -0.000000 -0.000001  0.000000 -0.000000 -0.000002
56  0.000030 0.000028 0.000001  -1.571901 -0.044449 -0.106509
57  3.422189 -16.291355 -15.852582  1.570796 -0.000000 0.000000
58  -18.747532 6.762464 -13.496542  1.570796 -0.000000 0.000000
59  2.236387 -0.189356 -5.367696  1.570796 -0.000000 0.000000
60  -0.004311 0.001230 -0.000371  0.006898 -0.005534 -0.284229
61  0.376268 10.084437 -2.887995  1.570796 -0.000000 0.000000
62  0.000000 0.000000 0.000000  -0.078727 -3.136056 0.284226
63  0.000000 0.000000 0.000000  1.569093 -0.000112 0.000218
64  -3.087095 -13.918152 -2.443166  1.502757 -0.006052 0.012127
65  0.020864 -0.834791 -4.400273  0.000000 0.000000 -0.000000
66  0.020868 0.023234 30.873936  0.000000 0.000000 -0.000000
67  0.020865 -0.185995 -5.439826  0.000000 0.000000 -0.000000
68  -0.000000 0.209231 3.187962  0.000000 0.000000 -0.000000
69  -0.000036 -0.016645 1.512750  0.000000 0.000000 -0.000000
70  0.020865 -0.110953 -1.554708  0.000000 0.000000 -0.000000
71  -3.894284 10.434156 -8.923967  1.570796 -0.000000 0.000000
72  -3.894285 9.043628 -7.873164  1.570796 -0.000000 0.000000
73  -3.894284 9.043628 -8.399811  1.570796 -0.000000 0.000000
74  -3.894284 9.043628 -8.926967  1.570796 -0.000000 0.000000
75  -3.894285 9.043628 -9.459123  1.570796 -0.000000 0.000000
76  -3.894285 9.043628 -9.990499  1.570796 -0.000000 0.000000
time 4
0  0.000006 0.000000 0.000000  -1.570800 -1.391899 -1.570792
1  -5.247190 1.140902 2.232071  -1.544956 -1.855077 -0.198630
2  6.027524 -0.000322 0.000193  -0.670828 -0.967846 -1.677967
3  11.692110 0.000644 -0.000741  -0.854877 -0.000015 -1.381235
4  11.479975 0.000219 -0.000862  1.375920 -0.587712 0.255074
5  3.859509 -0.142879 -1.192050  -0.564874 -0.363952 -1.824543
6  1.312591 0.000014 0.000008  -0.136228 -0.000981 -0.208342
7  0.729355 0.000053 0.000051  -0.007524 -0.009754 -0.114047
8  3.942142 0.046273 -0.431512  -0.498774 0.109385 -1.203070
9  1.539111 0.000082 0.000005  0.016536 -0.136924 -1.019669
10  1.196333 0.000144 0.000028  0.014917 0.002603 -0.521648
11  3.883504 -0.047269 0.431381  -0.286619 0.410095 -0.604649
12  1.719573 -0.000027 0.000015  0.078190 -0.160916 -1.549411
13  1.209178 0.000091 0.000013  -0.001081 -0.002986 -0.400010
14  4.085223 -0.082715 1.151040  0.124883 0.563536 0.134737
15  1.719449 -0.000013 0.000023  0.026136 -0.076896 -1.034307
16  1.099675 0.000048 0.000007  -0.076371 0.028724 -1.554212
17  0.869830 -1.165541 1.469029  -1.198014 -0.598452 -0.201228
18  1.789821 -0.000004 -0.000018  0.001604 -0.010764 0.575251
19  1.207015 -0.000012 -0.000044  0.001198 0.000004 -0.149712
20  5.740637 0.000409 -0.000702  -0.085431 0.000003 0.000071
21  11.481003 0.000255 -0.000830  -0.019928 -0.100057 0.027583
22  6.027524 -0.000329 0.000203  1.549453 -0.602703 1.501273
23  0.000002 11.692100 -0.000008  -0.958605 -0.411705 -0.763993
24  0.000003 0.000007 -0.000002  0.014217 -0.000031 1.570739
25  -0.000000 -0.000011 -0.000001  0.868957 0.000002 1.570712
26  -4.636372 -9.409594 0.376269  1.473120 1.855075 -0.198639
27  6.027507 -0.000262 -0.000228  1.647857 0.765405 -0.345062
28  11.691991 0.000244 0.000855  0.421400 0.000045 -1.465711
29  11.480562 0.000088 0.000865  -1.032028 0.472786 0.351279
30  3.482747 -0.220627 1.062141  0.471524 -0.254110 -1.012486
31  1.312559 0.000024 -0.000000  0.187895 0.052420 -0.803203
32  0.729346 0.000065 -0.000027  0.005652 -0.000130 -0.374617
33  3.942191 0.047743 0.430122  0.351137 -0.165746 -0.895336
34  1.539097 0.000009 0.000000  0.115513 -0.202778 -0.797498
35  1.196299 0.000076 -0.000004  0.023115 -0.004826 -0.714771
36  3.883412 -0.050502 -0.431087  0.133676 -0.340837 -0.574374
37  1.719564 -0.000080 -0.000003  0.067778 -0.031162 -1.182851
38  1.209196 0.000035 0.000012  0.005601 -0.002607 -0.442720
39  3.806437 -0.112148 -1.295330  -0.249722 -0.286314 -0.290367
40  1.719411 -0.000100 -0.000035  0.078038 -0.017229 -0.853575
41  1.099674 0.000024 0.000007  0.004586 -0.001756 -0.850257
42  0.628173 -1.014298 -1.514441  1.035296 0.188362 -0.608824
43  1.789779 -0.000010 -0.000043  0.046791 -0.002465 -0.106006
44  1.206996 -0.000005 0.000005  -0.001336 -0.001842 0.254343
45  5.740572 0.000055 0.000724  0.123677 -0.000014 0.000021
46  11.481055 0.000053 0.000923  0.088116 0.088880 0.031332
47  6.027514 -0.000273 -0.000239  -0.869698 -0.435471 -1.452545
48  -0.000002 11.691974 -0.000006  -1.009066 0.457086 0.797319
49  0.000004 -0.000000 -0.000002  2.693931 -0.000041 1.570856
50  -0.000007 -0.000014 0.000005  2.272644 -0.000030 1.570865
51  -6.598540 -7.075312 -5.968862  0.086878 -2.849037 1.490655
52  0.000000 -0.000000 0.000000  0.008153 -0.000259 0.000009
53  0.000001 -0.000000 0.000000  1.565115 0.043565 -0.106862
54  -1.052918 -15.549607 -5.693317  -0.706130 -0.235252 -1.940805
55  -0.000001 0.000000 -0.000000  0.000000 -0.000000 -0.000002
56  0.000030 0.000029 0.000001  -1.571902 -0.044449 -0.106509
57  3.030479 -16.289921 -15.870459  1.570796 -0.000000 0.000000
58  -17.025442 6.618008 -14.093490  1.570796 -0.000000 0.000000
59  2.236387 -0.189356 -5.367696  1.570796 -0.000000 0.000000
60  -0.004311 0.001230 -0.000371  0.006898 -0.005534 -0.284229
61  0.376268 10.084437 -2.887995  1.570796 -0.000000 0.000000
62  0.000000 0.000000 0.000000  -0.078727 -3.136056 0.284226
63  0.000000 0.000000 0.000000  1.568105 -0.000266 0.000365
64  -3.083057 -14.045778 -2.491992  1.463274 -0.009292 0.019514
65  0.020864 -0.834790 -4.400273  -0.000000 -0.000000 -0.000000
66  0.020868 0.023235 30.873934  -0.000000 -0.000000 -0.000000
67  0.020865 -0.185994 -5.439825  -0.000000 -0.000000 -0.000000
68  0.000000 0.209232 3.187961  -0.000000 -0.000000 -0.000000
69  -0.000036 -0.016645 1.512749  -0.000000 -0.000000 -0.000000
70  0.020865 -0.110952 -1.554708  -0.000000 -0.000000 -0.000000
71  -3.894284 10.434156 -8.923967  1.570796 -0.000000 0.000000
72  -3.894285 9.043628 -7.873164  1.570796 -0.000000 0.000000
73  -3.894284 9.043628 -8.399811  1.570796 -0.000000 0.000000
74  -3.894284 9.043628 -8.926967  1.570796 -0.000000 0.000000
75  -3.894285 9.043628 -9.459123  1.570796 -0.000000 0.000000
76  -3.894285 9.043628 -9.990499  1.570796 -0.000000 0.000000
time 5
0  0.000006 0.000000 0.000000  -1.570800 -1.391899 -1.570792
1  -5.247190 1.140902 2.232071  -1.544956 -1.855077 -0.198630
2  6.027524 -0.000322 0.000193  -0.678957 -0.958073 -1.713981
3  11.692109 0.000643 -0.000739  -0.838053 -0.000014 -1.355262
4  11.480135 0.000266 -0.000801  1.436900 -0.541653 0.219757
5  3.859510 -0.142879 -1.192049  -0.564874 -0.363952 -1.824543
6  1.312590 0.000013 0.000008  -0.136228 -0.000981 -0.208342
7  0.729354 0.000054 0.000050  -0.007524 -0.009754 -0.114047
8  3.942143 0.046273 -0.431512  -0.498774 0.109385 -1.203070
9  1.539111 0.000084 0.000006  0.016536 -0.136924 -1.019669
10  1.196334 0.000146 0.000028  0.014917 0.002603 -0.521648
11  3.883505 -0.047269 0.431381  -0.286619 0.410095 -0.604649
12  1.719573 -0.000028 0.000014  0.078190 -0.160916 -1.549411
13  1.209177 0.000091 0.000010  -0.001081 -0.002986 -0.400010
14  4.085224 -0.082716 1.151040  0.124883 0.563536 0.134737
15  1.719452 -0.000011 0.000023  0.026136 -0.076896 -1.034307
16  1.099675 0.000046 0.000006  -0.076371 0.028724 -1.554212
17  0.869832 -1.165540 1.469029  -1.190574 -0.623848 -0.235663
18  1.789819 -0.000003 -0.000018  0.001922 -0.012476 0.565438
19  1.207015 -0.000012 -0.000043  0.001390 0.000007 -0.151602
20  5.740638 0.000410 -0.000703  -0.068109 0.000003 0.000071
21  11.481037 0.000264 -0.000817  -0.011299 -0.089305 0.025149
22  6.027524 -0.000329 0.000203  1.554715 -0.612623 1.455582
23  0.000002 11.692098 -0.000006  -0.942944 -0.398059 -0.753393
24  0.000002 0.000009 -0.000003  0.031040 -0.000030 1.570739
25  -0.000000 -0.000012 -0.000001  0.868957 0.000002 1.570712
26  -4.636372 -9.409594 0.376269  1.473120 1.855075 -0.198639
27  6.027510 -0.000262 -0.000227  1.674208 0.953707 -0.412044
28  11.691991 0.000244 0.000855  0.388460 0.000022 -1.105335
29  11.480647 0.000163 0.000823  -1.127321 0.435404 0.019645
30  3.499443 -0.216733 1.067943  0.376093 -0.230413 -1.341826
31  1.312559 0.000026 0.000000  0.101555 0.030130 -1.130131
32  0.729344 0.000066 -0.000027  0.007455 0.000193 -0.470617
33  3.942271 0.046420 0.429633  0.308107 -0.134772 -1.163461
34  1.539097 0.000009 0.000000  0.145783 -0.260046 -1.039531
35  1.196297 0.000074 -0.000004  0.032561 -0.002592 -0.850038
36  3.883412 -0.050502 -0.431087  0.139493 -0.331311 -0.868886
37  1.719563 -0.000078 -0.000004  0.055875 -0.087696 -1.424981
38  1.209196 0.000035 0.000011  0.012961 -0.002655 -0.550840
39  3.806436 -0.112148 -1.295330  -0.219812 -0.397828 -0.497976
40  1.719412 -0.000099 -0.000034  0.079069 -0.046169 -1.156767
41  1.099672 0.000022 0.000007  0.010664 -0.001001 -1.201334
42  0.628172 -1.014298 -1.514442  1.037606 0.132156 -0.571958
43  1.789779 -0.000009 -0.000042  0.047730 -0.002570 -0.105511
44  1.206996 -0.000005 0.000005  -0.001374 -0.001606 0.322339
45  5.740573 0.000056 0.000723  0.100153 -0.000014 0.000021
46  11.481073 0.000068 0.000913  0.081742 0.068462 -0.026965
47  6.027514 -0.000273 -0.000239  -1.040588 -0.332119 -1.475371
48  -0.000003 11.691975 -0.000007  -0.788242 0.275226 0.642852
49  0.000004 -0.000001 -0.000000  2.661005 -0.000041 1.570856
50  -0.000006 -0.000015 0.000004  2.272644 -0.000030 1.570865
51  -6.643089 -9.571858 -6.134573  0.144558 -2.690315 1.471287
52  0.000000 -0.000000 0.000000  0.008153 -0.000259 0.000009
53  -0.000001 -0.000000 -0.000000  1.565115 0.043565 -0.106862
54  -1.022874 -15.787371 -5.680265  -0.687752 -0.270621 -1.938225
55  -0.000001 -0.000001 -0.000000  0.000000 -0.000000 -0.000002
56  0.000029 0.000027 0.000001  -1.571901 -0.044449 -0.106509
57  2.638769 -16.287766 -15.893560  1.570796 -0.000000 0.000000
58  -15.507186 6.490649 -14.619781  1.570796 -0.000000 0.000000
59  2.236387 -0.189356 -5.367696  1.570796 -0.000000 0.000000
60  -0.004311 0.001230 -0.000371  0.006898 -0.005534 -0.284229
61  0.376268 10.084437 -2.887995  1.570796 -0.000000 0.000000
62  0.000000 0.000000 0.000000  -0.078727 -3.136056 0.284226
63  0.000000 0.000000 0.000000  1.567117 -0.000519 0.000535
64  -3.076400 -14.173404 -2.548240  1.423789 -0.012223 0.027118
65  0.020864 -0.834791 -4.400272  -0.000000 0.000000 -0.000000
66  0.020868 0.023234 30.873936  -0.000000 0.000000 -0.000000
67  0.020865 -0.185995 -5.439824  -0.000000 0.000000 -0.000000
68  -0.000000 0.209232 3.187962  -0.000000 0.000000 -0.000000
69  -0.000036 -0.016645 1.512751  -0.000000 0.000000 -0.000000
70  0.020865 -0.110953 -1.554706  -0.000000 0.000000 -0.000000
71  -3.894284 10.434156 -8.923967  1.570796 -0.000000 0.000000
72  -3.894285 9.043628 -7.873164  1.570796 -0.000000 0.000000
73  -3.894284 9.043628 -8.399811  1.570796 -0.000000 0.000000
74  -3.894284 9.043628 -8.926967  1.570796 -0.000000 0.000000
75  -3.894285 9.043628 -9.459123  1.570796 -0.000000 0.000000
76  -3.894285 9.043628 -9.990499  1.570796 -0.000000 0.000000
time 6
0  0.000006 0.000000 0.000000  -1.570800 -1.391899 -1.570792
1  -5.247190 1.140902 2.232071  -1.544956 -1.855077 -0.198630
2  6.027524 -0.000322 0.000193  -0.687017 -0.950103 -1.744110
3  11.692110 0.000644 -0.000740  -0.821427 -0.000013 -1.332780
4  11.480288 0.000309 -0.000746  1.484077 -0.499367 0.192191
5  3.859507 -0.142879 -1.192048  -0.564874 -0.363952 -1.824543
6  1.312592 0.000011 0.000007  -0.136228 -0.000981 -0.208342
7  0.729354 0.000054 0.000051  -0.007524 -0.009754 -0.114047
8  3.942142 0.046273 -0.431512  -0.498774 0.109385 -1.203070
9  1.539110 0.000084 0.000005  0.016536 -0.136924 -1.019669
10  1.196334 0.000144 0.000030  0.014917 0.002603 -0.521648
11  3.883503 -0.047269 0.431382  -0.286619 0.410095 -0.604649
12  1.719572 -0.000028 0.000014  0.078190 -0.160916 -1.549411
13  1.209182 0.000091 0.000013  -0.001081 -0.002986 -0.400010
14  4.085224 -0.082714 1.151041  0.124883 0.563536 0.134737
15  1.719447 -0.000013 0.000023  0.026136 -0.076896 -1.034307
16  1.099675 0.000048 0.000007  -0.076371 0.028724 -1.554212
17  0.869830 -1.165540 1.469030  -1.164416 -0.642637 -0.290628
18  1.789820 -0.000002 -0.000017  0.001491 -0.011041 0.595280
19  1.207014 -0.000012 -0.000044  0.001226 -0.000002 -0.141838
20  5.740637 0.000410 -0.000702  -0.053782 0.000003 0.000071
21  11.481068 0.000272 -0.000806  -0.004442 -0.079810 0.022901
22  6.027524 -0.000329 0.000203  1.560201 -0.620699 1.415704
23  0.000002 11.692100 -0.000005  -0.929333 -0.386371 -0.744081
24  0.000003 0.000008 -0.000001  0.047665 -0.000031 1.570739
25  -0.000000 -0.000011 -0.000000  0.868957 0.000002 1.570712
26  -4.636372 -9.409594 0.376269  1.473120 1.855075 -0.198639
27  6.027512 -0.000262 -0.000226  1.697907 1.037974 -0.457574
28  11.691991 0.000245 0.000856  0.340294 0.000015 -0.975875
29  11.480652 0.000152 0.000821  -1.137204 0.341044 -0.063342
30  3.519542 -0.212045 1.074930  0.365592 -0.230748 -1.645047
31  1.312559 0.000024 0.000000  0.031592 0.022621 -1.253095
32  0.729346 0.000065 -0.000027  0.001773 0.000355 -0.577822
33  3.942368 0.044830 0.429045  0.328449 -0.155845 -1.478548
34  1.539097 0.000012 0.000000  0.114749 -0.252924 -1.036865
35  1.196300 0.000075 -0.000004  0.030496 0.000527 -0.985997
36  3.883411 -0.050501 -0.431087  0.228088 -0.339103 -1.254053
37  1.719563 -0.000078 -0.000003  0.025842 -0.115344 -1.387209
38  1.209196 0.000035 0.000011  0.015163 -0.001908 -0.667615
39  3.806436 -0.112147 -1.295329  -0.075746 -0.503076 -0.899372
40  1.719412 -0.000100 -0.000034  0.080332 -0.064339 -1.381148
41  1.099674 0.000024 0.000006  0.014034 -0.001010 -1.304827
42  0.628173 -1.014297 -1.514441  1.040562 0.081972 -0.536729
43  1.789780 -0.000009 -0.000043  0.047747 0.002489 -0.095959
44  1.206996 -0.000006 0.000006  -0.001735 -0.001239 0.598833
45  5.740572 0.000055 0.000724  0.093358 -0.000014 0.000021
46  11.481074 0.000067 0.000914  0.083255 0.047035 -0.039607
47  6.027514 -0.000273 -0.000239  -1.111203 -0.279835 -1.519520
48  -0.000002 11.691975 -0.000006  -0.704781 0.218473 0.579615
49  0.000004 -0.000001 0.000000  2.612846 -0.000041 1.570856
50  -0.000007 -0.000015 0.000006  2.272644 -0.000030 1.570865
51  -6.462407 -10.345567 -5.933345  0.137738 -2.662054 1.530998
52  0.000000 -0.000000 0.000000  0.008153 -0.000259 0.000009
53  0.000001 0.000001 0.000001  1.565115 0.043565 -0.106862
54  -0.992748 -15.992271 -5.676551  -0.671856 -0.301576 -1.936423
55  -0.000000 -0.000000 -0.000000  0.000000 -0.000000 -0.000002
56  0.000031 0.000029 0.000001  -1.571902 -0.044449 -0.106509
57  2.317209 -16.284714 -15.921732  1.570796 -0.000000 0.000000
58  -14.510703 6.407060 -14.965202  1.570796 -0.000000 0.000000
59  2.236387 -0.189356 -5.367696  1.570796 -0.000000 0.000000
60  -0.004311 0.001230 -0.000371  0.006898 -0.005534 -0.284229
61  0.376268 10.084437 -2.887995  1.570796 -0.000000 0.000000
62  0.000000 0.000000 0.000000  -0.078727 -3.136056 0.284226
63  0.000000 0.000000 0.000000  1.566255 -0.000898 0.000719
64  -3.066469 -14.284737 -2.608092  1.389342 -0.014319 0.033865
65  0.020864 -0.834790 -4.400273  -0.000000 0.000000 0.000000
66  0.020868 0.023235 30.873926  -0.000000 0.000000 0.000000
67  0.020865 -0.185995 -5.439825  -0.000000 0.000000 0.000000
68  -0.000000 0.209231 3.187961  -0.000000 0.000000 0.000000
69  -0.000036 -0.016645 1.512748  -0.000000 0.000000 0.000000
70  0.020865 -0.110953 -1.554708  -0.000000 0.000000 0.000000
71  -3.894284 10.434156 -8.923967  1.570796 -0.000000 0.000000
72  -3.894285 9.043628 -7.873164  1.570796 -0.000000 0.000000
73  -3.894284 9.043628 -8.399811  1.570796 -0.000000 0.000000
74  -3.894284 9.043628 -8.926967  1.570796 -0.000000 0.000000
75  -3.894285 9.043628 -9.459123  1.570796 -0.000000 0.000000
76  -3.894285 9.043628 -9.990499  1.570796 -0.000000 0.000000
time 7
0  0.000006 0.000000 0.000000  -1.570800 -1.391899 -1.570792
1  -5.247190 1.140902 2.232071  -1.544956 -1.855077 -0.198630
2  6.027524 -0.000322 0.000193  -0.693859 -0.944630 -1.763102
3  11.692110 0.000644 -0.000740  -0.806666 -0.000012 -1.317282
4  11.480392 0.000340 -0.000705  1.511078 -0.467937 0.174582
5  3.859509 -0.142880 -1.192050  -0.564874 -0.363952 -1.824543
6  1.312591 0.000012 0.000007  -0.136228 -0.000981 -0.208342
7  0.729355 0.000053 0.000049  -0.007524 -0.009754 -0.114047
8  3.942143 0.046272 -0.431512  -0.498774 0.109385 -1.203070
9  1.539111 0.000085 0.000005  0.016536 -0.136924 -1.019669
10  1.196334 0.000146 0.000030  0.014917 0.002603 -0.521648
11  3.883505 -0.047271 0.431381  -0.286619 0.410095 -0.604649
12  1.719572 -0.000026 0.000015  0.078190 -0.160916 -1.549411
13  1.209178 0.000091 0.000012  -0.001081 -0.002986 -0.400010
14  4.085224 -0.082717 1.151040  0.124883 0.563536 0.134737
15  1.719451 -0.000010 0.000022  0.026136 -0.076896 -1.034307
16  1.099675 0.000050 0.000006  -0.076371 0.028724 -1.554212
17  0.869831 -1.165541 1.469029  -1.125501 -0.655437 -0.359906
18  1.789819 -0.000003 -0.000018  0.000706 -0.007928 0.661349
19  1.207015 -0.000012 -0.000044  0.000876 -0.000018 -0.120943
20  5.740638 0.000410 -0.000702  -0.044831 0.000003 0.000071
21  11.481090 0.000278 -0.000798  -0.000571 -0.072993 0.021136
22  6.027524 -0.000329 0.000203  1.565026 -0.626228 1.388341
23  0.000002 11.692099 -0.000007  -0.919920 -0.378384 -0.737588
24  0.000004 0.000008 -0.000002  0.062425 -0.000031 1.570739
25  -0.000001 -0.000011 -0.000001  0.868957 0.000002 1.570712
26  -4.636372 -9.409594 0.376269  1.473120 1.855075 -0.198639
27  6.027513 -0.000262 -0.000226  1.677432 1.069607 -0.493923
28  11.691992 0.000246 0.000856  0.278736 0.000012 -0.916194
29  11.480366 0.000016 0.000853  -1.065678 0.378402 -0.161653
30  3.542727 -0.206639 1.082988  0.382100 -0.229671 -1.813403
31  1.312558 0.000026 -0.000000  -0.003697 0.023167 -1.276270
32  0.729345 0.000066 -0.000027  -0.003891 -0.000000 -0.638474
33  3.942479 0.042994 0.428366  0.364137 -0.177028 -1.670773
34  1.539097 0.000010 -0.000000  0.093472 -0.241894 -1.033169
35  1.196300 0.000076 -0.000004  0.028248 0.002466 -1.059431
36  3.883411 -0.050501 -0.431087  0.294584 -0.341565 -1.494772
37  1.719564 -0.000077 -0.000003  0.008264 -0.125615 -1.349318
38  1.209196 0.000033 0.000011  0.015602 -0.001353 -0.732759
39  3.806437 -0.112148 -1.295329  0.100000 -0.536203 -1.259536
40  1.719411 -0.000100 -0.000034  0.080397 -0.071692 -1.483471
41  1.099674 0.000024 0.000006  0.015257 -0.001348 -1.323978
42  0.628173 -1.014297 -1.514441  1.042844 0.043505 -0.501032
43  1.789778 -0.000009 -0.000044  0.047451 0.007318 -0.079491
44  1.206997 -0.000007 0.000006  -0.001952 -0.000505 0.953378
45  5.740572 0.000056 0.000725  0.106538 -0.000014 0.000021
46  11.481017 0.000039 0.000921  0.099022 0.050711 -0.063120
47  6.027514 -0.000273 -0.000239  -1.144947 -0.272823 -1.528862
48  -0.000002 11.691974 -0.000006  -0.665441 0.194093 0.549137
49  0.000003 -0.000002 -0.000000  2.551291 -0.000041 1.570856
50  -0.000007 -0.000016 0.000005  2.272644 -0.000030 1.570865
51  -6.257429 -10.655515 -6.149279  0.206527 -2.576860 1.513359
52  0.000001 0.000001 0.000000  0.008153 -0.000259 0.000009
53  -0.000001 0.000000 0.000000  1.565115 0.043565 -0.106862
54  -0.966283 -16.136021 -5.690498  -0.661112 -0.323703 -1.935369
55  -0.000001 -0.000000 -0.000000  0.000000 -0.000000 -0.000002
56  0.000029 0.000029 0.000001  -1.571901 -0.044449 -0.106509
57  2.112954 -16.280582 -15.954658  1.570796 -0.000000 0.000000
58  -14.173876 6.378805 -15.081961  1.570796 -0.000000 0.000000
59  2.236387 -0.189356 -5.367696  1.570796 -0.000000 0.000000
60  -0.004311 0.001230 -0.000371  0.006898 -0.005534 -0.284229
61  0.376268 10.084437 -2.887995  1.570796 -0.000000 0.000000
62  0.000000 0.000000 0.000000  -0.078727 -3.136056 0.284226
63  0.000000 0.000000 0.000000  1.565645 -0.001426 0.000909
64  -3.052610 -14.363484 -2.667785  1.364978 -0.015086 0.038581
65  0.020863 -0.834790 -4.400273  0.000000 -0.000000 0.000000
66  0.020868 0.023236 30.873930  0.000000 -0.000000 0.000000
67  0.020865 -0.185995 -5.439825  0.000000 -0.000000 0.000000
68  -0.000000 0.209231 3.187960  0.000000 -0.000000 0.000000
69  -0.000036 -0.016645 1.512749  0.000000 -0.000000 0.000000
70  0.020865 -0.110953 -1.554708  0.000000 -0.000000 0.000000
71  -3.894284 10.434156 -8.923967  1.570796 -0.000000 0.000000
72  -3.894285 9.043628 -7.873164  1.570796 -0.000000 0.000000
73  -3.894284 9.043628 -8.399811  1.570796 -0.000000 0.000000
74  -3.894284 9.043628 -8.926967  1.570796 -0.000000 0.000000
75  -3.894285 9.043628 -9.459123  1.570796 -0.000000 0.000000
76  -3.894285 9.043628 -9.990499  1.570796 -0.000000 0.000000
time 8
0  0.000006 0.000000 0.000000  -1.570800 -1.391899 -1.570792
1  -5.247190 1.140902 2.232071  -1.544956 -1.855077 -0.198630
2  6.027524 -0.000322 0.000193  -0.683221 -0.943738 -1.769996
3  11.692110 0.000644 -0.000739  -0.794712 -0.000011 -1.300033
4  11.480516 0.000381 -0.000661  1.475775 -0.449427 0.138349
5  3.859509 -0.142878 -1.192050  -0.564874 -0.363952 -1.824543
6  1.312588 0.000011 0.000006  -0.136228 -0.000981 -0.208342
7  0.729354 0.000054 0.000049  -0.007524 -0.009754 -0.114047
8  3.942142 0.046274 -0.431513  -0.498774 0.109385 -1.203070
9  1.539112 0.000082 0.000005  0.016536 -0.136924 -1.019669
10  1.196333 0.000145 0.000029  0.014917 0.002603 -0.521648
11  3.883502 -0.047269 0.431381  -0.286619 0.410095 -0.604649
12  1.719573 -0.000029 0.000014  0.078190 -0.160916 -1.549411
13  1.209178 0.000091 0.000012  -0.001081 -0.002986 -0.400010
14  4.085220 -0.082715 1.151040  0.124883 0.563536 0.134737
15  1.719448 -0.000011 0.000022  0.026135 -0.076896 -1.034307
16  1.099675 0.000048 0.000006  -0.076371 0.028724 -1.554212
17  0.869829 -1.165540 1.469029  -1.108794 -0.658161 -0.389978
18  1.789818 -0.000003 -0.000018  0.000391 -0.006460 0.697921
19  1.207016 -0.000012 -0.000045  0.000712 -0.000022 -0.111179
20  5.740638 0.000411 -0.000704  -0.053598 0.000003 0.000070
21  11.481114 0.000287 -0.000790  -0.008721 -0.069745 0.012426
22  6.027524 -0.000329 0.000203  1.557308 -0.627016 1.394590
23  0.000001 11.692099 -0.000005  -0.909413 -0.369560 -0.730290
24  0.000002 0.000008 -0.000002  0.074378 -0.000030 1.570738
25  -0.000001 -0.000011 0.000000  0.868957 0.000002 1.570712
26  -4.636372 -9.409594 0.376269  1.473120 1.855075 -0.198639
27  6.027512 -0.000263 -0.000225  1.754978 1.067609 -0.429254
28  11.691992 0.000245 0.000856  0.152434 0.000014 -0.962803
29  11.480726 0.000028 0.000832  -1.199287 0.318155 -0.154020
30  3.568570 -0.200613 1.091969  0.382100 -0.229671 -1.813403
31  1.312559 0.000027 0.000000  -0.003697 0.023167 -1.276270
32  0.729346 0.000066 -0.000029  -0.003891 -0.000000 -0.638474
33  3.942605 0.040948 0.427610  0.364137 -0.177028 -1.670773
34  1.539096 0.000011 0.000000  0.093472 -0.241894 -1.033169
35  1.196300 0.000076 -0.000005  0.028248 0.002466 -1.059431
36  3.883411 -0.050501 -0.431087  0.294584 -0.341565 -1.494772
37  1.719564 -0.000077 -0.000004  0.008264 -0.125616 -1.349318
38  1.209195 0.000034 0.000011  0.015602 -0.001353 -0.732759
39  3.806436 -0.112148 -1.295329  0.167915 -0.531509 -1.382641
40  1.719413 -0.000098 -0.000034  0.079481 -0.070894 -1.471380
41  1.099672 0.000023 0.000007  0.015017 -0.001356 -1.323414
42  0.628173 -1.014297 -1.514441  1.043613 0.035124 -0.452304
43  1.789780 -0.000007 -0.000044  0.052455 -0.100046 -0.067664
44  1.206996 -0.000007 0.000006  0.007946 -0.000225 1.136084
45  5.740571 0.000055 0.000724  0.075024 -0.000014 0.000021
46  11.481089 0.000042 0.000916  0.072970 0.039893 -0.054496
47  6.027514 -0.000273 -0.000239  -1.124660 -0.241015 -1.537328
48  -0.000001 11.691974 -0.000007  -0.696212 0.213033 0.573011
49  0.000003 -0.000002 -0.000000  2.424987 -0.000041 1.570856
50  -0.000007 -0.000016 0.000005  2.272644 -0.000030 1.570865
51  -6.494276 -10.448952 -5.239026  -0.103866 -2.511803 1.620701
52  0.000001 0.000001 -0.000001  0.008153 -0.000259 0.000009
53  0.000000 -0.000000 0.000000  1.565115 0.043565 -0.106862
54  -1.093344 -16.214405 -5.814004  -0.699736 -0.349069 -1.930307
55  0.000001 -0.000001 0.000001  0.000000 -0.000000 -0.000002
56  0.000031 0.000028 0.000001  -1.571901 -0.044449 -0.106509
57  2.044525 -16.275196 -15.991848  1.570796 -0.000000 0.000000
58  -14.257771 6.440506 -15.013575  1.570796 -0.000000 0.000000
59  2.236387 -0.189356 -5.367696  1.570796 -0.000000 0.000000
60  -0.004311 0.001230 -0.000371  0.006898 -0.005534 -0.284229
61  0.376268 10.084437 -2.887995  1.570796 -0.000000 0.000000
62  0.000000 0.000000 0.000000  -0.078727 -3.136056 0.284226
63  0.000000 0.000000 0.000000  1.565413 -0.002129 0.001097
64  -3.034168 -14.393354 -2.723953  1.355674 0.028342 0.030831
65  0.020863 -0.834790 -4.400273  -0.000000 0.000000 -0.000000
66  0.020868 0.023235 30.873934  -0.000000 0.000000 -0.000000
67  0.020865 -0.185995 -5.439825  -0.000000 0.000000 -0.000000
68  0.000000 0.209231 3.187962  0.000000 0.000000 -0.391692
69  -0.000027 -0.012330 1.265601  -0.000000 0.000000 -0.000000
70  0.020865 -0.110953 -1.554706  -0.000000 0.000000 -0.000000
71  -3.894284 10.434156 -8.923967  1.570796 -0.000000 0.000000
72  -3.894285 9.043628 -7.873164  1.570796 -0.000000 0.000000
73  -3.894284 9.043628 -8.399811  1.570796 -0.000000 0.000000
74  -3.894284 9.043628 -8.926967  1.570796 -0.000000 0.000000
75  -3.894285 9.043628 -9.459123  1.570796 -0.000000 0.000000
76  -3.894285 9.043628 -9.990499  1.570796 -0.000000 0.000000
time 9
0  0.000006 0.000000 0.000000  -1.570800 -1.391899 -1.570792
1  -5.247190 1.140902 2.232071  -1.544956 -1.855077 -0.198630
2  6.027524 -0.000322 0.000193  -0.655786 -0.944886 -1.768831
3  11.692109 0.000644 -0.000739  -0.784428 -0.000010 -1.283834
4  11.480635 0.000422 -0.000616  1.381526 -0.449487 0.094945
5  3.859508 -0.142881 -1.192049  -0.564874 -0.363952 -1.824543
6  1.312591 0.000011 0.000007  -0.136228 -0.000981 -0.208342
7  0.729356 0.000054 0.000049  -0.007524 -0.009754 -0.114047
8  3.942140 0.046270 -0.431512  -0.498774 0.109385 -1.203070
9  1.539110 0.000082 0.000005  0.016536 -0.136924 -1.019669
10  1.196333 0.000145 0.000031  0.014917 0.002603 -0.521648
11  3.883502 -0.047271 0.431381  -0.286619 0.410095 -0.604649
12  1.719573 -0.000027 0.000013  0.078190 -0.160916 -1.549411
13  1.209180 0.000091 0.000011  -0.001081 -0.002986 -0.400010
14  4.085222 -0.082717 1.151041  0.124883 0.563536 0.134737
15  1.719448 -0.000012 0.000022  0.026136 -0.076896 -1.034307
16  1.099675 0.000045 0.000006  -0.076371 0.028724 -1.554212
17  0.869828 -1.165543 1.469030  -1.110478 -0.646796 -0.388367
18  1.789819 -0.000004 -0.000019  0.000421 -0.007063 0.705111
19  1.207016 -0.000012 -0.000042  0.000778 -0.000022 -0.111687
20  5.740636 0.000411 -0.000703  -0.077656 0.000003 0.000071
21  11.481136 0.000296 -0.000780  -0.027961 -0.070638 -0.000706
22  6.027524 -0.000329 0.000203  1.537530 -0.625228 1.429571
23  0.000003 11.692101 -0.000007  -0.899515 -0.361340 -0.723370
24  0.000005 0.000009 -0.000001  0.084661 -0.000030 1.570739
25  -0.000000 -0.000012 -0.000001  0.868957 0.000002 1.570712
26  -4.636372 -9.409594 0.376269  1.473120 1.855075 -0.198639
27  6.027513 -0.000264 -0.000224  1.881857 1.155934 -0.289981
28  11.691992 0.000245 0.000855  -0.018941 0.000011 -0.894472
29  11.480569 -0.000155 0.000823  -1.464169 0.287748 -0.301803
30  3.596528 -0.194094 1.101688  0.382100 -0.229671 -1.813403
31  1.312559 0.000027 -0.000001  -0.003697 0.023167 -1.276270
32  0.729344 0.000066 -0.000027  -0.003891 -0.000000 -0.638474
33  3.942740 0.038734 0.426794  0.364137 -0.177028 -1.670773
34  1.539096 0.000012 -0.000001  0.093472 -0.241894 -1.033169
35  1.196299 0.000076 -0.000004  0.028248 0.002466 -1.059431
36  3.883411 -0.050500 -0.431086  0.294584 -0.341565 -1.494772
37  1.719563 -0.000078 -0.000003  0.008264 -0.125615 -1.349318
38  1.209194 0.000034 0.000011  0.015602 -0.001353 -0.732759
39  3.806436 -0.112147 -1.295328  0.205606 -0.521452 -1.455164
40  1.719412 -0.000100 -0.000034  0.077129 -0.068754 -1.439751
41  1.099672 0.000023 0.000007  0.014390 -0.001378 -1.321939
42  0.628173 -1.014298 -1.514440  1.044328 0.042790 -0.418309
43  1.789781 -0.000008 -0.000044  0.059169 -0.260847 -0.064651
44  1.206997 -0.000007 0.000006  0.021243 -0.001199 1.195335
45  5.740572 0.000055 0.000724  0.011497 -0.000014 0.000021
46  11.481058 0.000005 0.000914  0.023163 0.034338 -0.073921
47  6.027514 -0.000273 -0.000239  -1.184107 -0.154207 -1.500254
48  -0.000001 11.691974 -0.000006  -0.650984 0.185515 0.537841
49  0.000002 -0.000001 0.000001  2.253616 -0.000041 1.570856
50  -0.000006 -0.000016 0.000005  2.272644 -0.000030 1.570865
51  -6.165704 -10.810997 -3.713730  2.480528 -0.789816 -1.286042
52  -0.000000 0.000000 0.000000  0.008153 -0.000259 0.000009
53  -0.000000 0.000000 0.000001  1.565115 0.043565 -0.106862
54  -1.366976 -16.202095 -6.025651  -0.784233 -0.368896 -1.922570
55  -0.000000 -0.000000 0.000000  0.000000 -0.000000 -0.000002
56  0.000029 0.000029 0.000001  -1.571901 -0.044449 -0.106509
57  2.044555 -16.268387 -16.032648  1.570796 -0.000000 0.000000
58  -14.516796 6.631906 -14.798838  1.570796 -0.000000 0.000000
59  2.236387 -0.189356 -5.367696  1.570796 -0.000000 0.000000
60  -0.004311 0.001230 -0.000371  0.006898 -0.005534 -0.284229
61  0.376268 10.084437 -2.887995  1.570796 -0.000000 0.000000
62  0.000000 0.000000 0.000000  -0.078727 -3.136056 0.284226
63  0.000000 0.000000 0.000000  1.565610 -0.003032 0.001272
64  -3.010487 -14.370138 -2.773844  1.366304 0.109204 0.009595
65  0.020864 -0.834790 -4.400274  0.000000 -0.000000 -0.000000
66  0.020868 0.023235 30.873934  0.000000 -0.000000 -0.000000
67  0.020865 -0.185995 -5.439826  0.000000 -0.000000 -0.000000
68  -0.000000 0.209231 3.187962  0.000000 0.000000 -1.179105
69  -0.000010 -0.004315 0.806607  0.000000 -0.000000 -0.000000
70  0.020865 -0.110952 -1.554708  0.000000 -0.000000 -0.000000
71  -3.894284 10.434156 -8.923967  1.570796 -0.000000 0.000000
72  -3.894285 9.043628 -7.873164  1.570796 -0.000000 0.000000
73  -3.894284 9.043628 -8.399811  1.570796 -0.000000 0.000000
74  -3.894284 9.043628 -8.926967  1.570796 -0.000000 0.000000
75  -3.894285 9.043628 -9.459123  1.570796 -0.000000 0.000000
76  -3.894285 9.043628 -9.990499  1.570796 -0.000000 0.000000
time 10
0  0.000006 0.000000 0.000000  -1.570800 -1.391899 -1.570792
1  -5.247190 1.140902 2.232071  -1.544956 -1.855077 -0.198630
2  6.027524 -0.000322 0.000193  -0.642058 -0.941971 -1.760469
3  11.692109 0.000644 -0.000740  -0.774420 -0.000010 -1.285744
4  11.480620 0.000409 -0.000625  1.307590 -0.460398 0.091732
5  3.859507 -0.142879 -1.192049  -0.564874 -0.363952 -1.824543
6  1.312588 0.000012 0.000009  -0.136228 -0.000981 -0.208342
7  0.729355 0.000054 0.000051  -0.007524 -0.009754 -0.114047
8  3.942142 0.046273 -0.431512  -0.498774 0.109385 -1.203070
9  1.539111 0.000085 0.000005  0.016536 -0.136924 -1.019669
10  1.196329 0.000146 0.000030  0.014917 0.002603 -0.521648
11  3.883503 -0.047270 0.431381  -0.286619 0.410095 -0.604649
12  1.719573 -0.000026 0.000015  0.078190 -0.160916 -1.549411
13  1.209180 0.000091 0.000012  -0.001081 -0.002986 -0.400010
14  4.085221 -0.082716 1.151041  0.124883 0.563536 0.134737
15  1.719448 -0.000012 0.000024  0.026136 -0.076896 -1.034307
16  1.099674 0.000049 0.000005  -0.076371 0.028724 -1.554212
17  0.869831 -1.165540 1.469029  -1.114338 -0.618654 -0.379699
18  1.789821 -0.000003 -0.000017  0.000544 -0.008668 0.708834
19  1.207015 -0.000012 -0.000043  0.000955 -0.000022 -0.113016
20  5.740636 0.000410 -0.000703  -0.095008 0.000003 0.000070
21  11.481132 0.000293 -0.000783  -0.041967 -0.073625 -0.005179
22  6.027524 -0.000329 0.000203  1.527369 -0.627610 1.455003
23  0.000002 11.692098 -0.000007  -0.900683 -0.362306 -0.724189
24  0.000002 0.000009 0.000001  0.094670 -0.000031 1.570738
25  -0.000000 -0.000012 -0.000001  0.868957 0.000002 1.570712
26  -4.636372 -9.409594 0.376269  1.473120 1.855075 -0.198639
27  6.027514 -0.000265 -0.000223  1.994991 1.204073 -0.139767
28  11.691990 0.000245 0.000856  -0.088597 0.000009 -0.849085
29  11.480757 -0.000139 0.000818  -1.504123 0.073234 -0.380006
30  3.625959 -0.187231 1.111916  0.382100 -0.229671 -1.813403
31  1.312559 0.000028 0.000002  -0.003697 0.023167 -1.276270
32  0.729345 0.000066 -0.000026  -0.003891 -0.000000 -0.638473
33  3.942881 0.036404 0.425931  0.364137 -0.177028 -1.670773
34  1.539095 0.000010 0.000001  0.093472 -0.241894 -1.033169
35  1.196299 0.000075 -0.000004  0.028248 0.002466 -1.059431
36  3.883411 -0.050500 -0.431086  0.294584 -0.341565 -1.494772
37  1.719564 -0.000077 -0.000005  0.008264 -0.125615 -1.349318
38  1.209194 0.000033 0.000011  0.015602 -0.001353 -0.732759
39  3.806435 -0.112148 -1.295330  0.216826 -0.514112 -1.480320
40  1.719413 -0.000099 -0.000034  0.074846 -0.066541 -1.408131
41  1.099673 0.000022 0.000006  0.013764 -0.001398 -1.320465
42  0.628171 -1.014297 -1.514442  1.044591 0.046319 -0.409388
43  1.789779 -0.000009 -0.000045  0.061866 -0.336899 -0.067186
44  1.206996 -0.000006 0.000006  0.025294 -0.001433 1.196904
45  5.740571 0.000056 0.000724  -0.022178 -0.000014 0.000021
46  11.481095 0.000008 0.000914  0.011289 -0.008258 -0.087344
47  6.027514 -0.000273 -0.000239  -1.216983 -0.098504 -1.450547
48  -0.000001 11.691975 -0.000005  -0.620533 0.168116 0.513892
49  0.000003 -0.000001 -0.000000  2.183962 -0.000041 1.570856
50  -0.000007 -0.000015 0.000006  2.272644 -0.000030 1.570865
51  -5.910604 -10.977143 -2.722678  2.132269 -0.663085 -0.960083
52  0.000000 -0.000000 0.000000  0.008153 -0.000259 0.000009
53  -0.000000 -0.000000 0.000000  1.565115 0.043565 -0.106862
54  -1.519680 -16.104824 -6.173351  -0.836297 -0.364706 -1.923900
55  -0.000001 0.000000 0.000000  0.000000 -0.000000 -0.000002
56  0.000029 0.000029 0.000001  -1.571902 -0.044449 -0.106509
57  2.044781 -16.260021 -16.076244  1.570796 -0.000000 0.000000
58  -14.955370 6.957997 -14.427193  1.570796 -0.000000 0.000000
59  2.236387 -0.189356 -5.367696  1.570796 -0.000000 0.000000
60  -0.004311 0.001230 -0.000371  0.006898 -0.005534 -0.284229
61  0.376268 10.084437 -2.887995  1.570796 -0.000000 0.000000
62  0.000000 0.000000 0.000000  -0.078727 -3.136056 0.284226
63  0.000000 0.000000 0.000000  1.566138 -0.004160 0.001427
64  -2.980914 -14.310264 -2.815406  1.387232 0.153352 -0.007670
65  0.020863 -0.834790 -4.400272  0.000000 0.000000 -0.000000
66  0.020867 0.023234 30.873930  0.000000 0.000000 -0.000000
67  0.020865 -0.185995 -5.439825  0.000000 0.000000 -0.000000
68  -0.000000 0.209231 3.187962  0.000000 0.000000 -1.570796
69  0.000000 0.000000 0.559456  0.000000 0.000000 -0.000000
70  0.020865 -0.110953 -1.554707  0.000000 0.000000 -0.000000
71  -3.894284 10.434156 -8.923967  1.570796 -0.000000 0.000000
72  -3.894285 9.043628 -7.873164  1.570796 -0.000000 0.000000
73  -3.894284 9.043628 -8.399811  1.570796 -0.000000 0.000000
74  -3.894284 9.043628 -8.926967  1.570796 -0.000000 0.000000
75  -3.894285 9.043628 -9.459123  1.570796 -0.000000 0.000000
76  -3.894285 9.043628 -9.990499  1.570796 -0.000000 0.000000
time 11
0  0.000006 0.000000 0.000000  -1.570800 -1.391899 -1.570792
1  -5.247190 1.140902 2.232071  -1.544956 -1.855077 -0.198630
2  6.027524 -0.000322 0.000193  -0.646641 -0.936370 -1.749547
3  11.692110 0.000644 -0.000740  -0.764726 -0.000011 -1.299362
4  11.480522 0.000360 -0.000669  1.278951 -0.462112 0.114981
5  3.859508 -0.142879 -1.192049  -0.564874 -0.363952 -1.824543
6  1.312590 0.000013 0.000007  -0.136228 -0.000981 -0.208342
7  0.729354 0.000054 0.000049  -0.007524 -0.009754 -0.114047
8  3.942142 0.046274 -0.431512  -0.498774 0.109385 -1.203070
9  1.539111 0.000084 0.000005  0.016536 -0.136924 -1.019669
10  1.196334 0.000144 0.000029  0.014917 0.002603 -0.521648
11  3.883504 -0.047268 0.431381  -0.286619 0.410095 -0.604649
12  1.719573 -0.000026 0.000015  0.078190 -0.160916 -1.549411
13  1.209180 0.000092 0.000012  -0.001081 -0.002986 -0.400010
14  4.085221 -0.082716 1.151040  0.124883 0.563536 0.134737
15  1.719449 -0.000012 0.000023  0.026136 -0.076896 -1.034307
16  1.099676 0.000049 0.000005  -0.076371 0.028724 -1.554213
17  0.869830 -1.165540 1.469029  -1.117745 -0.590800 -0.370451
18  1.789820 -0.000003 -0.000018  0.000676 -0.010351 0.710267
19  1.207017 -0.000012 -0.000045  0.001139 -0.000022 -0.114344
20  5.740637 0.000410 -0.000703  -0.100010 0.000003 0.000071
21  11.481115 0.000283 -0.000792  -0.046697 -0.074776 -0.002078
22  6.027524 -0.000329 0.000203  1.530217 -0.633390 1.460547
23  0.000002 11.692100 -0.000007  -0.909004 -0.369219 -0.730005
24  0.000002 0.000010 -0.000002  0.104364 -0.000031 1.570738
25  -0.000001 -0.000012 -0.000002  0.868957 0.000002 1.570712
26  -4.636372 -9.409594 0.376269  1.473120 1.855075 -0.198639
27  6.027513 -0.000265 -0.000223  1.986534 1.186432 -0.089030
28  11.691992 0.000245 0.000855  -0.088596 0.000010 -0.870722
29  11.480661 -0.000177 0.000815  -1.470110 0.112220 -0.348234
30  3.656148 -0.180191 1.122407  0.382100 -0.229671 -1.813403
31  1.312560 0.000026 -0.000001  -0.003697 0.023167 -1.276270
32  0.729346 0.000066 -0.000028  -0.003891 -0.000000 -0.638474
33  3.943028 0.034013 0.425048  0.364137 -0.177028 -1.670773
34  1.539096 0.000011 0.000000  0.093472 -0.241894 -1.033169
35  1.196299 0.000075 -0.000005  0.028248 0.002466 -1.059431
36  3.883410 -0.050500 -0.431088  0.294584 -0.341565 -1.494772
37  1.719564 -0.000076 -0.000004  0.008264 -0.125615 -1.349318
38  1.209193 0.000033 0.000010  0.015602 -0.001353 -0.732759
39  3.806436 -0.112148 -1.295330  0.217459 -0.511896 -1.483313
40  1.719412 -0.000101 -0.000034  0.073992 -0.065677 -1.396049
41  1.099672 0.000023 0.000007  0.013524 -0.001405 -1.319901
42  0.628172 -1.014298 -1.514442  1.044632 0.046882 -0.408137
43  1.789779 -0.000010 -0.000044  0.062339 -0.359591 -0.068556
44  1.206996 -0.000006 0.000007  0.025873 -0.001467 1.197128
45  5.740572 0.000056 0.000724  -0.010605 -0.000014 0.000021
46  11.481076 0.000001 0.000913  0.018995 -0.001056 -0.081909
47  6.027514 -0.000273 -0.000239  -1.200671 -0.106088 -1.393608
48  -0.000001 11.691976 -0.000004  -0.635091 0.176321 0.525367
49  0.000003 -0.000001 -0.000001  2.183962 -0.000041 1.570856
50  -0.000007 -0.000016 0.000006  2.272644 -0.000030 1.570865
51  -5.861548 -10.872443 -2.713853  2.129894 -0.653799 -0.971610
52  0.000000 -0.000001 0.000000  0.008153 -0.000259 0.000009
53  -0.000000 -0.000000 -0.000000  1.565115 0.043565 -0.106862
54  -1.508631 -16.003193 -6.226461  -0.840881 -0.353739 -1.936030
55  0.000001 -0.000000 0.000000  0.000000 -0.000000 -0.000002
56  0.000030 0.000029 0.000001  -1.571902 -0.044449 -0.106509
57  2.045465 -16.249989 -16.121721  1.570796 -0.000000 0.000000
58  -15.564580 7.414453 -13.897011  1.570796 -0.000000 0.000000
59  2.236387 -0.189356 -5.367696  1.570796 -0.000000 0.000000
60  -0.004311 0.001230 -0.000371  0.006898 -0.005534 -0.284229
61  0.376268 10.084437 -2.887995  1.570796 -0.000000 0.000000
62  0.000000 0.000000 0.000000  -0.078727 -3.136056 0.284226
63  0.000000 0.000000 0.000000  1.566902 -0.005538 0.001551
64  -2.944792 -14.228395 -2.847265  1.399145 0.153675 -0.019590
65  0.020864 -0.834790 -4.400272  0.000000 -0.000000 0.000000
66  0.020868 0.023235 30.873930  0.000000 -0.000000 0.000000
67  0.020865 -0.185994 -5.439823  0.000000 -0.000000 0.000000
68  -0.000000 0.209231 3.187962  0.000000 0.000000 -1.570796
69  0.000000 0.000001 0.559457  0.000000 -0.000000 0.000000
70  0.020865 -0.110952 -1.554706  0.000000 -0.000000 0.000000
71  -3.894284 10.434156 -8.923967  1.570796 -0.000000 0.000000
72  -3.894285 9.043628 -7.873164  1.570796 -0.000000 0.000000
73  -3.894284 9.043628 -8.399811  1.570796 -0.000000 0.000000
74  -3.894284 9.043628 -8.926967  1.570796 -0.000000 0.000000
75  -3.894285 9.043628 -9.459123  1.570796 -0.000000 0.000000
76  -3.894285 9.043628 -9.990499  1.570796 -0.000000 0.000000
time 12
0  0.000006 0.000000 0.000000  -1.570800 -1.391899 -1.570792
1  -5.247190 1.140902 2.232071  -1.544956 -1.855077 -0.198630
2  6.027524 -0.000322 0.000193  -0.640960 -0.934823 -1.747056
3  11.692110 0.000645 -0.000739  -0.755375 -0.000011 -1.301677
4  11.480504 0.000349 -0.000681  1.245306 -0.453761 0.108551
5  3.859510 -0.142880 -1.192049  -0.564874 -0.363952 -1.824543
6  1.312588 0.000012 0.000009  -0.136228 -0.000981 -0.208342
7  0.729356 0.000054 0.000050  -0.007524 -0.009754 -0.114047
8  3.942142 0.046273 -0.431512  -0.498774 0.109385 -1.203070
9  1.539111 0.000081 0.000004  0.016536 -0.136924 -1.019669
10  1.196333 0.000145 0.000029  0.014917 0.002603 -0.521648
11  3.883505 -0.047269 0.431382  -0.286619 0.410095 -0.604649
12  1.719573 -0.000025 0.000016  0.078190 -0.160916 -1.549411
13  1.209180 0.000092 0.000013  -0.001081 -0.002986 -0.400010
14  4.085222 -0.082715 1.151041  0.124883 0.563536 0.134737
15  1.719449 -0.000011 0.000023  0.026136 -0.076896 -1.034307
16  1.099675 0.000047 0.000005  -0.076371 0.028724 -1.554213
17  0.869831 -1.165540 1.469029  -1.118936 -0.580194 -0.366868
18  1.789819 -0.000004 -0.000017  0.000725 -0.011149 0.711677
19  1.207013 -0.000012 -0.000045  0.001227 -0.000022 -0.114852
20  5.740638 0.000410 -0.000703  -0.106974 0.000003 0.000070
21  11.481111 0.000282 -0.000794  -0.053509 -0.073420 -0.004770
22  6.027524 -0.000329 0.000203  1.525906 -0.634690 1.470164
23  0.000001 11.692099 -0.000006  -0.910416 -0.370398 -0.730989
24  0.000002 0.000008 -0.000002  0.113715 -0.000031 1.570739
25  -0.000001 -0.000012 -0.000001  0.868957 0.000002 1.570712
26  -4.636372 -9.409594 0.376269  1.473120 1.855075 -0.198639
27  6.027512 -0.000265 -0.000224  1.977571 1.165950 -0.024356
28  11.691992 0.000245 0.000856  -0.088594 0.000011 -0.895817
29  11.480565 -0.000212 0.000812  -1.445232 0.154187 -0.320760
30  3.686338 -0.173152 1.132900  0.382100 -0.229671 -1.813403
31  1.312559 0.000027 0.000001  -0.003697 0.023167 -1.276270
32  0.729344 0.000066 -0.000027  -0.003891 -0.000000 -0.638474
33  3.943174 0.031623 0.424163  0.364137 -0.177028 -1.670773
34  1.539096 0.000010 -0.000000  0.093472 -0.241894 -1.033169
35  1.196297 0.000074 -0.000002  0.028248 0.002466 -1.059430
36  3.883411 -0.050500 -0.431088  0.294584 -0.341565 -1.494772
37  1.719564 -0.000076 -0.000005  0.008264 -0.125615 -1.349318
38  1.209194 0.000032 0.000010  0.015602 -0.001353 -0.732759
39  3.806437 -0.112148 -1.295329  0.217459 -0.511896 -1.483313
40  1.719412 -0.000100 -0.000034  0.073992 -0.065677 -1.396049
41  1.099671 0.000023 0.000007  0.013524 -0.001405 -1.319901
42  0.628173 -1.014298 -1.514441  1.044632 0.046882 -0.408137
43  1.789779 -0.000010 -0.000045  0.062339 -0.359591 -0.068556
44  1.206996 -0.000005 0.000007  0.025873 -0.001467 1.197128
45  5.740572 0.000055 0.000725  -0.001234 -0.000014 0.000021
46  11.481058 -0.000006 0.000913  0.024722 0.007063 -0.077320
47  6.027514 -0.000273 -0.000239  -1.181728 -0.114859 -1.322747
48  -0.000002 11.691975 -0.000006  -0.651882 0.186041 0.538543
49  0.000003 -0.000001 -0.000002  2.183962 -0.000041 1.570856
50  -0.000007 -0.000015 0.000005  2.272644 -0.000030 1.570865
51  -5.788774 -10.747030 -2.691954  2.098310 -0.643994 -0.967445
52  -0.000000 -0.000000 0.000001  0.008153 -0.000259 0.000009
53  0.000001 0.000000 -0.000000  1.565115 0.043565 -0.106862
54  -1.569916 -15.949310 -6.271837  -0.861895 -0.365759 -1.944078
55  -0.000000 -0.000000 -0.000000  0.000000 -0.000000 -0.000002
56  0.000030 0.000028 0.000001  -1.571901 -0.044449 -0.106509
57  2.046940 -16.238232 -16.168114  1.570796 -0.000000 0.000000
58  -16.317593 7.984036 -13.220188  1.570796 -0.000000 0.000000
59  2.236387 -0.189356 -5.367696  1.570796 -0.000000 0.000000
60  -0.004311 0.001230 -0.000371  0.006898 -0.005534 -0.284229
61  0.376268 10.084437 -2.887995  1.570796 -0.000000 0.000000
62  0.000000 0.000000 0.000000  -0.078727 -3.136056 0.284226
63  0.000000 0.000000 0.000000  1.567808 -0.007192 0.001637
64  -2.901469 -14.139195 -2.868619  1.394343 0.176233 -0.035825
65  0.020864 -0.834789 -4.400273  0.000000 -0.000000 0.000000
66  0.020868 0.023236 30.873928  0.000000 -0.000000 0.000000
67  0.020865 -0.185994 -5.439826  0.000000 -0.000000 0.000000
68  0.000000 0.209231 3.187962  0.000000 0.000000 -1.570796
69  0.000000 0.000000 0.559457  0.000000 -0.000000 0.000000
70  0.020865 -0.110952 -1.554708  0.000000 -0.000000 0.000000
71  -3.894284 10.434156 -8.923967  1.570796 -0.000000 0.000000
72  -3.894285 9.043628 -7.873164  1.570796 -0.000000 0.000000
73  -3.894284 9.043628 -8.399811  1.570796 -0.000000 0.000000
74  -3.894284 9.043628 -8.926967  1.570796 -0.000000 0.000000
75  -3.894285 9.043628 -9.459123  1.570796 -0.000000 0.000000
76  -3.894285 9.043628 -9.990499  1.570796 -0.000000 0.000000
time 13
0  0.000006 0.000000 0.000000  -1.570800 -1.391899 -1.570792
1  -5.247190 1.140902 2.232071  -1.544956 -1.855077 -0.198630
2  6.027524 -0.000322 0.000193  -0.623874 -0.936724 -1.751180
3  11.692110 0.000644 -0.000738  -0.746376 -0.000011 -1.294526
4  11.480556 0.000362 -0.000664  1.197959 -0.447816 0.074747
5  3.859510 -0.142880 -1.192049  -0.564874 -0.363952 -1.824543
6  1.312591 0.000012 0.000008  -0.136228 -0.000981 -0.208342
7  0.729354 0.000054 0.000049  -0.007524 -0.009754 -0.114047
8  3.942143 0.046272 -0.431511  -0.498774 0.109385 -1.203070
9  1.539110 0.000084 0.000004  0.016536 -0.136924 -1.019669
10  1.196334 0.000145 0.000030  0.014917 0.002603 -0.521648
11  3.883505 -0.047270 0.431382  -0.286619 0.410095 -0.604649
12  1.719573 -0.000023 0.000016  0.078190 -0.160916 -1.549411
13  1.209179 0.000090 0.000012  -0.001080 -0.002986 -0.400010
14  4.085222 -0.082716 1.151041  0.124883 0.563536 0.134737
15  1.719450 -0.000010 0.000022  0.026136 -0.076896 -1.034307
16  1.099675 0.000045 0.000005  -0.076371 0.028724 -1.554212
17  0.869831 -1.165541 1.469030  -1.118924 -0.580246 -0.366882
18  1.789819 -0.000003 -0.000019  0.000721 -0.011343 0.713311
19  1.207015 -0.000012 -0.000044  0.001248 -0.000022 -0.114824
20  5.740637 0.000410 -0.000704  -0.118643 0.000003 0.000071
21  11.481122 0.000285 -0.000791  -0.063697 -0.071935 -0.013516
22  6.027524 -0.000329 0.000203  1.513582 -0.631924 1.487090
23  0.000002 11.692099 -0.000007  -0.906051 -0.366758 -0.727945
24  0.000002 0.000010 -0.000002  0.122714 -0.000030 1.570739
25  -0.000000 -0.000012 -0.000001  0.868957 0.000002 1.570712
26  -4.636372 -9.409594 0.376269  1.473120 1.855075 -0.198639
27  6.027511 -0.000265 -0.000224  1.964038 1.132015 0.043626
28  11.691992 0.000245 0.000855  -0.070329 0.000014 -0.951626
29  11.480794 -0.000131 0.000822  -1.451395 0.170731 -0.290092
30  3.715769 -0.166289 1.143129  0.382100 -0.229671 -1.813403
31  1.312560 0.000026 0.000000  -0.003697 0.023167 -1.276270
32  0.729345 0.000066 -0.000027  -0.003891 -0.000000 -0.638474
33  3.943315 0.029293 0.423302  0.364137 -0.177028 -1.670773
34  1.539096 0.000011 0.000001  0.093472 -0.241894 -1.033169
35  1.196298 0.000075 -0.000004  0.028248 0.002466 -1.059431
36  3.883410 -0.050499 -0.431088  0.294584 -0.341565 -1.494772
37  1.719564 -0.000076 -0.000004  0.008264 -0.125616 -1.349318
38  1.209193 0.000033 0.000011  0.015602 -0.001353 -0.732759
39  3.806435 -0.112148 -1.295330  0.217459 -0.511896 -1.483313
40  1.719411 -0.000100 -0.000034  0.073992 -0.065677 -1.396049
41  1.099671 0.000020 0.000006  0.013524 -0.001405 -1.319901
42  0.628171 -1.014297 -1.514443  1.044632 0.046882 -0.408137
43  1.789780 -0.000008 -0.000045  0.062339 -0.359591 -0.068556
44  1.206995 -0.000006 0.000007  0.025873 -0.001467 1.197128
45  5.740572 0.000056 0.000724  0.000518 -0.000014 0.000021
46  11.481104 0.000010 0.000914  0.023653 0.010778 -0.071179
47  6.027514 -0.000273 -0.000239  -1.150364 -0.129460 -1.246239
48  -0.000002 11.691975 -0.000005  -0.688864 0.208425 0.567331
49  0.000003 -0.000002 -0.000001  2.202224 -0.000041 1.570856
50  -0.000007 -0.000016 0.000005  2.272644 -0.000030 1.570865
51  -5.683404 -10.451476 -2.605810  2.029538 -0.618459 -0.935175
52  -0.000000 0.000000 0.000001  0.008153 -0.000259 0.000009
53  -0.000000 -0.000000 -0.000000  1.565115 0.043565 -0.106862
54  -1.717213 -15.920204 -6.324789  -0.907896 -0.393598 -1.940878
55  0.000001 -0.000001 0.000000  0.000000 -0.000000 -0.000002
56  0.000031 0.000029 0.000001  -1.571901 -0.044449 -0.106509
57  2.049576 -16.224735 -16.214472  1.570796 -0.000000 0.000000
58  -17.169504 8.636050 -12.424027  1.570796 -0.000000 0.000000
59  2.236387 -0.189356 -5.367696  1.570796 -0.000000 0.000000
60  -0.004311 0.001230 -0.000371  0.006898 -0.005534 -0.284229
61  0.376268 10.084437 -2.887995  1.570796 -0.000000 0.000000
62  0.000000 0.000000 0.000000  -0.078727 -3.136056 0.284226
63  0.000000 0.000000 0.000000  1.568760 -0.009536 0.001675
64  -2.852346 -14.057327 -2.879125  1.381482 0.225644 -0.052245
65  0.020863 -0.834790 -4.400273  0.000000 -0.000000 -0.000000
66  0.020868 0.023234 30.873932  0.000000 -0.000000 -0.000000
67  0.020865 -0.185995 -5.640927  0.000000 -0.000000 -0.000000
68  0.000000 0.209231 3.187962  0.000000 0.000000 -1.570796
69  0.000000 0.000000 0.559456  0.000000 -0.000000 -0.000000
70  0.020865 -0.110953 -1.554708  0.000000 -0.000000 -0.000000
71  -3.894284 10.434156 -8.923967  1.570796 -0.000000 0.000000
72  -3.894285 9.043628 -7.873164  1.570796 -0.000000 0.000000
73  -3.894284 9.043628 -8.399811  1.570796 -0.000000 0.000000
74  -3.894284 9.043628 -8.926967  1.570796 -0.000000 0.000000
75  -3.894285 9.043628 -9.459123  1.570796 -0.000000 0.000000
76  -3.894285 9.043628 -9.990499  1.570796 -0.000000 0.000000
time 14
0  0.000006 0.000000 0.000000  -1.570800 -1.391899 -1.570792
1  -5.247190 1.140902 2.232071  -1.544956 -1.855077 -0.198630
2  6.027524 -0.000322 0.000193  -0.606494 -0.937661 -1.752797
3  11.692109 0.000644 -0.000739  -0.737709 -0.000010 -1.282880
4  11.480643 0.000396 -0.000633  1.156957 -0.442968 0.028050
5  3.859509 -0.142879 -1.192050  -0.564874 -0.363952 -1.824543
6  1.312589 0.000012 0.000007  -0.136228 -0.000981 -0.208342
7  0.729354 0.000055 0.000048  -0.007524 -0.009754 -0.114047
8  3.942146 0.046274 -0.431512  -0.498774 0.109385 -1.203070
9  1.539110 0.000084 0.000005  0.016536 -0.136924 -1.019669
10  1.196334 0.000144 0.000030  0.014917 0.002603 -0.521648
11  3.883505 -0.047269 0.431382  -0.286619 0.410095 -0.604649
12  1.719574 -0.000026 0.000015  0.078190 -0.160916 -1.549411
13  1.209178 0.000091 0.000010  -0.001081 -0.002986 -0.400010
14  4.085223 -0.082715 1.151041  0.124883 0.563536 0.134737
15  1.719447 -0.000012 0.000022  0.026135 -0.076896 -1.034307
16  1.099675 0.000046 0.000005  -0.076371 0.028724 -1.554212
17  0.869831 -1.165540 1.469029  -1.118896 -0.580362 -0.366913
18  1.789819 -0.000004 -0.000018  0.000718 -0.011489 0.714599
19  1.207016 -0.000011 -0.000045  0.001264 -0.000023 -0.114762
20  5.740637 0.000411 -0.000703  -0.128762 0.000003 0.000071
21  11.481138 0.000292 -0.000785  -0.073018 -0.069972 -0.024464
22  6.027524 -0.000329 0.000203  1.501037 -0.629889 1.506880
23  0.000001 11.692099 -0.000006  -0.898930 -0.360857 -0.722960
24  0.000003 0.000009 -0.000001  0.131380 -0.000031 1.570739
25  -0.000001 -0.000011 -0.000001  0.868957 0.000002 1.570712
26  -4.636372 -9.409594 0.376269  1.473120 1.855075 -0.198639
27  6.027507 -0.000265 -0.000225  1.832613 0.930179 -0.013236
28  11.691993 0.000246 0.000855  -0.015146 0.000037 -1.350338
29  11.480045 -0.000536 0.000818  -1.502264 0.188224 -0.111264
30  3.743727 -0.159768 1.152848  0.382100 -0.229671 -1.813403
31  1.312560 0.000027 -0.000001  -0.003697 0.023167 -1.276270
32  0.729344 0.000066 -0.000027  -0.003891 -0.000000 -0.638474
33  3.943450 0.027080 0.422486  0.364137 -0.177028 -1.670773
34  1.539095 0.000010 -0.000000  0.093472 -0.241894 -1.033169
35  1.196298 0.000075 -0.000003  0.028248 0.002466 -1.059431
36  3.883410 -0.050498 -0.431087  0.294584 -0.341565 -1.494772
37  1.719563 -0.000077 -0.000004  0.008264 -0.125615 -1.349318
38  1.209192 0.000033 0.000011  0.015602 -0.001353 -0.732759
39  3.806436 -0.112147 -1.295328  0.217459 -0.511896 -1.483313
40  1.719413 -0.000100 -0.000034  0.073992 -0.065677 -1.396049
41  1.099670 0.000023 0.000006  0.013524 -0.001405 -1.319901
42  0.628172 -1.014297 -1.514441  1.043890 0.046203 -0.407243
43  1.789779 -0.000009 -0.000045  0.063252 -0.367191 -0.069117
44  1.206996 -0.000004 0.000007  0.026709 -0.001514 1.198921
45  5.740572 0.000057 0.000724  0.001799 -0.000014 0.000021
46  11.480953 -0.000071 0.000913  0.012694 0.016058 -0.034205
47  6.027514 -0.000273 -0.000239  -0.977420 -0.257488 -1.223139
48  -0.000001 11.691975 -0.000006  -0.939916 0.395465 0.751400
49  0.000004 -0.000001 0.000001  2.257389 -0.000041 1.570856
50  -0.000006 -0.000015 0.000005  2.272644 -0.000030 1.570865
51  -5.587998 -7.974293 -3.081092  1.958476 -0.592401 -0.896358
52  0.000000 0.000000 0.000000  0.008153 -0.000259 0.000009
53  -0.000000 0.000001 0.000001  1.565115 0.043565 -0.106862
54  -1.879594 -15.920008 -6.456034  -0.952896 -0.425220 -1.931160
55  0.000000 0.000001 0.000000  0.000000 -0.000000 -0.000002
56  0.000031 0.000030 0.000001  -1.571901 -0.044449 -0.106509
57  2.053742 -16.209534 -16.259911  1.570796 -0.000000 0.000000
58  -18.063978 9.330707 -11.547899  1.570796 -0.000000 0.000000
59  2.236387 -0.189356 -5.367696  1.570796 -0.000000 0.000000
60  -0.004311 0.001230 -0.000371  0.006898 -0.005534 -0.284229
61  0.376268 10.084437 -2.887995  1.570796 -0.000000 0.000000
62  0.000000 0.000000 0.000000  -0.078727 -3.136056 0.284226
63  0.000000 0.000000 0.000000  1.569665 -0.012525 0.001683
64  -2.826795 -13.997453 -2.986447  1.363235 0.274546 -0.064963
65  0.020864 -0.834790 -4.400273  -0.000000 0.000000 -0.000000
66  0.020868 0.023236 30.873928  -0.000000 0.000000 -0.000000
67  0.020865 -0.185994 -8.110703  -0.000000 0.000000 -0.000000
68  0.000000 0.209231 3.187962  0.000000 -0.000000 -1.570796
69  0.000001 0.000000 0.559456  -0.000000 0.000000 -0.000000
70  0.020865 -0.110953 -1.554707  -0.000000 0.000000 -0.000000
71  -3.894284 10.434156 -8.923967  1.570796 -0.000000 0.000000
72  -3.894285 9.043628 -7.873164  1.570796 -0.000000 0.000000
73  -3.894284 9.043628 -8.399811  1.570796 -0.000000 0.000000
74  -3.894284 9.043628 -8.926967  1.570796 -0.000000 0.000000
75  -3.894285 9.043628 -9.459123  1.570796 -0.000000 0.000000
76  -3.894285 9.043628 -9.990499  1.570796 -0.000000 0.000000
time 15
0  0.000006 0.000000 0.000000  -1.570800 -1.391899 -1.570792
1  -5.247190 1.140902 2.232071  -1.544956 -1.855077 -0.198630
2  6.027524 -0.000322 0.000193  -0.599812 -0.934717 -1.745602
3  11.692112 0.000645 -0.000739  -0.729327 -0.000010 -1.271690
4  11.480731 0.000423 -0.000605  1.140768 -0.433297 -0.012613
5  3.859510 -0.142879 -1.192050  -0.564874 -0.363952 -1.824543
6  1.312590 0.000012 0.000008  -0.136228 -0.000981 -0.208342
7  0.729356 0.000053 0.000049  -0.007524 -0.009754 -0.114047
8  3.942142 0.046273 -0.431512  -0.498774 0.109385 -1.203070
9  1.539110 0.000085 0.000003  0.016536 -0.136924 -1.019669
10  1.196330 0.000146 0.000028  0.014917 0.002603 -0.521648
11  3.883504 -0.047269 0.431381  -0.286619 0.410095 -0.604649
12  1.719573 -0.000027 0.000015  0.078190 -0.160916 -1.549411
13  1.209181 0.000091 0.000011  -0.001081 -0.002986 -0.400010
14  4.085224 -0.082714 1.151040  0.124883 0.563536 0.134737
15  1.719451 -0.000011 0.000024  0.026136 -0.076896 -1.034307
16  1.099675 0.000047 0.000006  -0.076371 0.028724 -1.554212
17  0.869831 -1.165540 1.469029  -1.118860 -0.580512 -0.366953
18  1.789819 -0.000003 -0.000019  0.000715 -0.011608 0.715699
19  1.207015 -0.000012 -0.000044  0.001277 -0.000023 -0.114682
20  5.740638 0.000410 -0.000702  -0.131555 0.000003 0.000070
21  11.481157 0.000297 -0.000779  -0.077464 -0.066863 -0.032852
22  6.027524 -0.000329 0.000203  1.495722 -0.632329 1.522593
23  0.000003 11.692099 -0.000006  -0.892074 -0.355219 -0.718138
24  0.000003 0.000009 -0.000002  0.139761 -0.000031 1.570739
25  -0.000001 -0.000012 -0.000002  0.868957 0.000002 1.570712
26  -4.636372 -9.409594 0.376269  1.473120 1.855075 -0.198639
27  6.027504 -0.000264 -0.000228  1.748700 0.773281 -0.012523
28  11.691992 0.000245 0.000855  0.069352 0.000056 -1.627191
29  11.479346 -0.000938 0.000894  -1.581361 0.259069 -0.018084
30  3.769570 -0.153743 1.161830  0.382100 -0.229671 -1.813403
31  1.312559 0.000026 -0.000001  -0.003697 0.023167 -1.276270
32  0.729344 0.000067 -0.000027  -0.003891 -0.000000 -0.638474
33  3.943575 0.025033 0.421728  0.364137 -0.177028 -1.670773
34  1.539095 0.000010 0.000000  0.093472 -0.241894 -1.033169
35  1.196298 0.000075 -0.000003  0.028248 0.002466 -1.059431
36  3.883410 -0.050498 -0.431086  0.294584 -0.341565 -1.494772
37  1.719564 -0.000076 -0.000005  0.008264 -0.125616 -1.349318
38  1.209192 0.000033 0.000011  0.015602 -0.001353 -0.732759
39  3.806436 -0.112147 -1.295328  0.217459 -0.511896 -1.483313
40  1.719412 -0.000101 -0.000033  0.073992 -0.065676 -1.396049
41  1.099671 0.000022 0.000006  0.013524 -0.001405 -1.319901
42  0.628172 -1.014297 -1.514441  1.042999 0.045351 -0.403765
43  1.789779 -0.000009 -0.000045  0.064690 -0.383543 -0.069883
44  1.206995 -0.000006 0.000007  0.028497 -0.001619 1.202757
45  5.740572 0.000056 0.000724  -0.004654 -0.000014 0.000021
46  11.480814 -0.000152 0.000929  -0.003823 0.030356 -0.013294
47  6.027514 -0.000273 -0.000239  -0.845170 -0.366203 -1.199768
48  -0.000002 11.691975 -0.000006  -1.104318 0.547832 0.855760
49  0.000004 0.000001 -0.000000  2.341880 -0.000041 1.570856
50  -0.000006 -0.000016 0.000005  2.272644 -0.000030 1.570865
51  -5.590858 -5.846021 -3.820066  1.919631 -0.588161 -0.872951
52  0.000000 0.000000 -0.000001  0.008153 -0.000259 0.000009
53  0.000000 0.000000 0.000001  1.565115 0.043565 -0.106862
54  -1.976470 -15.957456 -6.687652  -0.969616 -0.449355 -1.924851
55  -0.000000 0.000001 0.000000  0.000000 -0.000000 -0.000002
56  0.000029 0.000031 0.000001  -1.571902 -0.044449 -0.106509
57  2.059735 -16.192696 -16.303661  1.570796 -0.000000 0.000000
58  -18.944620 10.027147 -10.635294  1.570796 -0.000000 0.000000
59  2.236387 -0.189356 -5.367696  1.570796 -0.000000 0.000000
60  -0.004311 0.001230 -0.000371  0.006898 -0.005534 -0.284229
61  0.376268 10.084437 -2.887995  1.570796 -0.000000 0.000000
62  0.000000 0.000000 0.000000  -0.078727 -3.136056 0.284226
63  0.000000 0.000000 0.000000  1.570428 -0.015488 0.001684
64  -2.843794 -13.974236 -3.231349  1.343628 0.295945 -0.071253
65  0.020864 -0.834790 -4.400273  0.000000 0.000000 -0.000000
66  0.020867 0.023236 30.873930  0.000000 0.000000 -0.000000
67  0.020865 -0.185995 -10.278831  0.000000 0.000000 -0.000000
68  0.000000 0.209231 3.187962  -0.000000 0.000000 -1.570796
69  0.000000 0.000000 0.559456  0.000000 0.000000 -0.000000
70  0.020865 -0.110953 -1.554709  0.000000 0.000000 -0.000000
71  -3.894284 10.434156 -8.923967  1.570796 -0.000000 0.000000
72  -3.894285 9.043628 -7.873164  1.570796 -0.000000 0.000000
73  -3.894284 9.043628 -8.399811  1.570796 -0.000000 0.000000
74  -3.894284 9.043628 -8.926967  1.570796 -0.000000 0.000000
75  -3.894285 9.043628 -9.459123  1.570796 -0.000000 0.000000
76  -3.894285 9.043628 -9.990499  1.570796 -0.000000 0.000000
time 16
0  0.000006 0.000000 0.000000  -1.570800 -1.391899 -1.570792
1  -5.247190 1.140902 2.232071  -1.544956 -1.855077 -0.198630
2  6.027524 -0.000322 0.000193  -0.602229 -0.932919 -1.744030
3  11.692112 0.000646 -0.000739  -0.721156 -0.000009 -1.264407
4  11.480786 0.000441 -0.000587  1.153624 -0.420662 -0.029319
5  3.859510 -0.142880 -1.192050  -0.564874 -0.363952 -1.824543
6  1.312590 0.000011 0.000007  -0.136228 -0.000981 -0.208342
7  0.729357 0.000053 0.000049  -0.007524 -0.009754 -0.114047
8  3.942144 0.046273 -0.431512  -0.498774 0.109385 -1.203070
9  1.539111 0.000083 0.000005  0.016536 -0.136924 -1.019669
10  1.196335 0.000146 0.000029  0.014917 0.002603 -0.521648
11  3.883505 -0.047270 0.431381  -0.286619 0.410095 -0.604649
12  1.719573 -0.000028 0.000015  0.078190 -0.160916 -1.549411
13  1.209180 0.000092 0.000010  -0.001081 -0.002986 -0.400010
14  4.085222 -0.082716 1.151040  0.124883 0.563536 0.134737
15  1.719448 -0.000010 0.000023  0.026136 -0.076896 -1.034307
16  1.099674 0.000047 0.000004  -0.076371 0.028724 -1.554212
17  0.869832 -1.165540 1.469029  -1.118818 -0.580683 -0.366999
18  1.789819 -0.000004 -0.000018  0.000712 -0.011710 0.716673
19  1.207015 -0.000012 -0.000043  0.001288 -0.000023 -0.114590
20  5.740637 0.000410 -0.000702  -0.127463 0.000003 0.000071
21  11.481167 0.000300 -0.000775  -0.075644 -0.063788 -0.035106
22  6.027524 -0.000329 0.000203  1.497213 -0.634292 1.521339
23  0.000003 11.692100 -0.000006  -0.887604 -0.351566 -0.714984
24  0.000002 0.000007 -0.000002  0.147932 -0.000031 1.570738
25  -0.000000 -0.000011 -0.000001  0.868957 0.000002 1.570712
26  -4.636372 -9.409594 0.376269  1.473120 1.855075 -0.198639
27  6.027503 -0.000266 -0.000228  1.724985 0.755064 0.047170
28  11.691991 0.000244 0.000856  0.163524 0.000056 -1.623560
29  11.479370 -0.000837 0.000975  -1.644296 0.334924 -0.073618
30  3.792755 -0.148336 1.169887  0.382100 -0.229671 -1.813403
31  1.312560 0.000026 -0.000001  -0.003697 0.023167 -1.276270
32  0.729345 0.000066 -0.000027  -0.003891 -0.000000 -0.638474
33  3.943687 0.023198 0.421049  0.364137 -0.177028 -1.670773
34  1.539095 0.000010 -0.000000  0.093472 -0.241894 -1.033169
35  1.196297 0.000075 -0.000004  0.028248 0.002466 -1.059431
36  3.883410 -0.050498 -0.431087  0.294584 -0.341565 -1.494772
37  1.719563 -0.000076 -0.000005  0.008264 -0.125616 -1.349318
38  1.209192 0.000031 0.000010  0.015602 -0.001353 -0.732759
39  3.806436 -0.112147 -1.295329  0.217459 -0.511896 -1.483313
40  1.719412 -0.000100 -0.000034  0.073992 -0.065676 -1.396049
41  1.099671 0.000022 0.000006  0.013524 -0.001405 -1.319901
42  0.628172 -1.014297 -1.514442  1.044413 0.046513 -0.398051
43  1.789779 -0.000009 -0.000045  0.063952 -0.391418 -0.069026
44  1.206995 -0.000006 0.000008  0.029333 -0.001671 1.204550
45  5.740572 0.000055 0.000724  -0.015820 -0.000014 0.000021
46  11.480818 -0.000131 0.000945  -0.015342 0.045646 -0.021722
47  6.027514 -0.000273 -0.000239  -0.834041 -0.388961 -1.127768
48  -0.000001 11.691975 -0.000005  -1.102188 0.545739 0.854523
49  0.000004 -0.000003 0.000000  2.436051 -0.000041 1.570856
50  -0.000006 -0.000015 0.000005  2.272644 -0.000030 1.570865
51  -5.687916 -5.886615 -4.117725  1.912745 -0.606222 -0.861504
52  -0.000000 0.000001 0.000000  0.008153 -0.000259 0.000009
53  -0.000001 -0.000000 0.000000  1.565115 0.043565 -0.106862
54  -1.976554 -16.018591 -6.781716  -0.955211 -0.463191 -1.923624
55  0.000001 0.000001 -0.000000  0.000000 -0.000000 -0.000002
56  0.000032 0.000030 0.000001  -1.571902 -0.044449 -0.106509
57  2.067719 -16.174309 -16.345104  1.570796 -0.000000 0.000000
58  -19.765285 10.691064 -9.725318  1.570796 -0.000000 0.000000
59  2.236387 -0.189356 -5.367696  1.570796 -0.000000 0.000000
60  -0.004311 0.001230 -0.000371  0.006898 -0.005534 -0.284229
61  0.376268 10.084437 -2.887995  1.570796 -0.000000 0.000000
62  0.000000 0.000000 0.000000  -0.078727 -3.136056 0.284226
63  0.000000 0.000000 0.000000  1.570955 -0.017757 0.001681
64  -2.884329 -13.982120 -3.367016  1.325983 0.287399 -0.068753
65  0.020864 -0.834790 -4.400272  -0.000000 -0.000000 -0.000000
66  0.020868 0.023234 30.873934  -0.000000 -0.000000 -0.000000
67  0.020865 -0.185995 -10.278831  -0.000000 -0.000000 -0.000000
68  0.000000 0.209231 3.187962  -0.000000 -0.000000 -1.570796
69  0.000001 0.000001 0.559457  -0.000000 -0.000000 -0.000000
70  0.020865 -0.110953 -1.554706  -0.000000 -0.000000 -0.000000
71  -3.894284 10.434156 -8.923967  1.570796 -0.000000 0.000000
72  -3.894285 9.043628 -7.873164  1.570796 -0.000000 0.000000
73  -3.894284 9.043628 -8.399811  1.570796 -0.000000 0.000000
74  -3.894284 9.043628 -8.926967  1.570796 -0.000000 0.000000
75  -3.894285 9.043628 -9.459123  1.570796 -0.000000 0.000000
76  -3.894285 9.043628 -9.990499  1.570796 -0.000000 0.000000
time 17
0  0.000006 0.000000 0.000000  -1.570800 -1.391899 -1.570792
1  -5.247190 1.140902 2.232071  -1.544956 -1.855077 -0.198630
2  6.027524 -0.000322 0.000193  -0.607998 -0.932553 -1.747218
3  11.692112 0.000645 -0.000741  -0.713114 -0.000009 -1.259975
4  11.479221 -0.000160 -0.001107  1.178584 -0.409368 -0.031446
5  3.859509 -0.142881 -1.192049  -0.564874 -0.363952 -1.824543
6  1.312590 0.000012 0.000006  -0.136228 -0.000981 -0.208342
7  0.729357 0.000053 0.000050  -0.007524 -0.009754 -0.114047
8  3.942146 0.046272 -0.431512  -0.498774 0.109385 -1.203070
9  1.539111 0.000081 0.000005  0.016536 -0.136924 -1.019669
10  1.196331 0.000145 0.000030  0.014917 0.002603 -0.521648
11  3.883505 -0.047271 0.431381  -0.286619 0.410095 -0.604649
12  1.719573 -0.000027 0.000014  0.078190 -0.160916 -1.549411
13  1.209180 0.000091 0.000011  -0.001081 -0.002986 -0.400010
14  4.085223 -0.082718 1.151041  0.124883 0.563536 0.134737
15  1.719448 -0.000011 0.000022  0.026136 -0.076896 -1.034307
16  1.099675 0.000047 0.000006  -0.076371 0.028724 -1.554212
17  0.869832 -1.165541 1.469029  -1.118773 -0.580870 -0.367049
18  1.789819 -0.000004 -0.000019  0.000709 -0.011798 0.717556
19  1.207015 -0.000011 -0.000044  0.001298 -0.000024 -0.114490
20  5.740637 0.000410 -0.000703  -0.120977 0.000003 0.000070
21  11.480855 0.000180 -0.000880  -0.071044 -0.061422 -0.034038
22  6.027524 -0.000329 0.000203  1.501395 -0.635067 1.511037
23  0.000001 11.692099 -0.000006  -0.884881 -0.349350 -0.713057
24  0.000002 0.000008 -0.000002  0.155974 -0.000031 1.570739
25  -0.000001 -0.000012 -0.000002  0.868957 0.000002 1.570712
26  -4.636372 -9.409594 0.376269  1.473120 1.855075 -0.198639
27  6.027503 -0.000266 -0.000228  1.716394 0.733880 0.108723
28  11.691992 0.000245 0.000855  0.245140 0.000055 -1.608763
29  11.479471 -0.000702 0.001029  -1.848886 0.363355 -0.130085
30  3.812854 -0.143649 1.176871  0.381677 -0.293850 -1.484770
31  1.312561 0.000027 -0.000000  -0.001000 0.003008 -1.170808
32  0.729345 0.000066 -0.000027  -0.000167 -0.001624 -1.170339
33  3.943784 0.021607 0.420459  0.275164 -0.231912 -1.258169
34  1.539095 0.000011 -0.000001  0.151040 -0.305931 -1.128678
35  1.196298 0.000073 -0.000005  0.035560 0.011670 -1.448035
36  3.883410 -0.050498 -0.431088  0.159166 -0.320008 -1.070989
37  1.719564 -0.000076 -0.000005  0.044633 -0.126018 -1.431315
38  1.209191 0.000032 0.000010  0.016782 0.003177 -1.055268
39  3.806436 -0.112147 -1.295330  0.034883 -0.401516 -1.053481
40  1.719412 -0.000100 -0.000033  0.046692 -0.041205 -1.065387
41  1.099671 0.000020 0.000006  0.007964 -0.003953 -1.056643
42  0.660796 -0.911423 -1.581842  1.121328 0.157528 -0.421698
43  1.789779 -0.000010 -0.000045  0.042101 -0.300019 -0.036578
44  1.206995 -0.000005 0.000009  0.023223 0.002079 0.864304
45  5.740571 0.000055 0.000724  -0.053249 -0.000014 0.000021
46  11.480837 -0.000105 0.000955  -0.053791 0.052647 -0.024018
47  6.027514 -0.000273 -0.000239  -0.815487 -0.402949 -1.067550
48  -0.000002 11.691974 -0.000005  -1.093505 0.537235 0.849445
49  0.000004 -0.000002 0.000001  2.517668 -0.000041 1.570856
50  -0.000007 -0.000016 0.000005  2.272644 -0.000030 1.570865
51  -6.005538 -6.005493 -4.258427  1.746662 -0.595422 -0.851863
52  -0.000000 -0.000000 0.000001  0.008153 -0.000259 0.000009
53  -0.000000 0.000000 -0.000000  1.565115 0.043565 -0.106862
54  -1.931329 -16.080688 -6.772514  -0.928077 -0.470370 -1.923708
55  -0.000000 -0.000002 -0.000000  0.000000 -0.000000 -0.000002
56  0.000030 0.000029 0.000001  -1.571901 -0.044449 -0.106509
57  2.077710 -16.154503 -16.383751  1.570796 -0.000000 0.000000
58  -20.494921 11.298554 -8.847531  1.570796 -0.000000 0.000000
59  2.236387 -0.189356 -5.367696  1.570796 -0.000000 0.000000
60  -0.004311 0.001230 -0.000371  0.006898 -0.005534 -0.284229
61  0.376268 10.084437 -2.887995  1.570796 -0.000000 0.000000
62  0.000000 0.000000 0.000000  -0.078727 -3.136056 0.284226
63  0.000000 0.000000 0.000000  1.571152 -0.018662 0.001680
64  -2.932710 -14.004576 -3.408226  1.311668 0.266207 -0.060537
65  0.020864 -0.834791 -4.400273  0.000000 -0.000000 0.000000
66  0.020868 0.023234 30.873930  0.000000 -0.000000 0.000000
67  0.020865 -0.185995 -10.278831  0.000000 -0.000000 0.000000
68  0.000000 0.209230 3.187962  0.000000 -0.000000 -1.570796
69  0.000000 -0.000001 0.559457  0.000000 -0.000000 0.000000
70  0.020865 -0.110953 -1.554707  0.000000 -0.000000 0.000000
71  -3.894284 10.434156 -8.923967  1.570796 -0.000000 0.000000
72  -3.894285 9.043628 -7.873164  1.570796 -0.000000 0.000000
73  -3.894284 9.043628 -8.399811  1.570796 -0.000000 0.000000
74  -3.894284 9.043628 -8.926967  1.570796 -0.000000 0.000000
75  -3.894285 9.043628 -9.459123  1.570796 -0.000000 0.000000
76  -3.894285 9.043628 -9.990499  1.570796 -0.000000 0.000000
time 18
0  0.000006 0.000000 0.000000  -1.570800 -1.391899 -1.570792
1  -5.247190 1.140902 2.232071  -1.544956 -1.855077 -0.198630
2  6.027524 -0.000322 0.000193  -0.620341 -0.930448 -1.746544
3  11.692111 0.000645 -0.000740  -0.705124 -0.000009 -1.260822
4  11.480816 0.000445 -0.000585  1.210351 -0.400718 -0.022562
5  3.859510 -0.142879 -1.192049  -0.564874 -0.363952 -1.824543
6  1.312592 0.000011 0.000008  -0.136228 -0.000981 -0.208342
7  0.729355 0.000054 0.000049  -0.007524 -0.009754 -0.114047
8  3.942143 0.046272 -0.431512  -0.498774 0.109385 -1.203070
9  1.539109 0.000085 0.000005  0.016536 -0.136924 -1.019669
10  1.196336 0.000144 0.000028  0.014917 0.002602 -0.521648
11  3.883506 -0.047270 0.431382  -0.286619 0.410095 -0.604649
12  1.719573 -0.000026 0.000016  0.078190 -0.160916 -1.549411
13  1.209177 0.000091 0.000013  -0.001081 -0.002986 -0.400010
14  4.085222 -0.082716 1.151041  0.124883 0.563536 0.134737
15  1.719450 -0.000012 0.000021  0.026136 -0.076896 -1.034308
16  1.099676 0.000048 0.000006  -0.076371 0.028724 -1.554212
17  0.869830 -1.165541 1.469029  -1.118726 -0.581069 -0.367102
18  1.789818 -0.000004 -0.000016  0.000706 -0.011878 0.718370
19  1.207016 -0.000012 -0.000043  0.001306 -0.000024 -0.114384
20  5.740638 0.000410 -0.000702  -0.113045 0.000003 0.000071
21  11.481174 0.000301 -0.000775  -0.064798 -0.059869 -0.030628
22  6.027524 -0.000329 0.000203  1.510213 -0.637962 1.496565
23  0.000002 11.692100 -0.000007  -0.885402 -0.349773 -0.713426
24  0.000003 0.000008 0.000000  0.163964 -0.000031 1.570739
25  -0.000001 -0.000012 -0.000002  0.868957 0.000002 1.570712
26  -4.636372 -9.409594 0.376269  1.473120 1.855075 -0.198639
27  6.027501 -0.000266 -0.000232  1.652461 0.527147 0.108741
28  11.691994 0.000245 0.000855  0.301311 0.000066 -1.754806
29  11.480089 -0.000343 0.000975  -1.895297 0.452232 -0.160450
30  3.829550 -0.139756 1.182674  0.361592 -0.304518 -0.744666
31  1.312559 0.000026 -0.000000  0.000066 -0.000790 -0.459176
32  0.729343 0.000066 -0.000026  0.000179 -0.000706 -0.583989
33  3.943865 0.020285 0.419972  0.177689 -0.131334 -0.582564
34  1.539096 0.000010 0.000000  0.018130 -0.175242 -0.408035
35  1.196298 0.000074 -0.000005  0.019317 0.000193 -0.883544
36  3.883410 -0.050498 -0.431088  -0.004683 -0.108738 -0.365356
37  1.719563 -0.000075 -0.000005  0.004020 -0.075505 -0.626350
38  1.209191 0.000031 0.000010  0.009336 -0.003193 -0.490765
39  3.806437 -0.112147 -1.295329  -0.142363 0.047177 -0.168448
40  1.719412 -0.000100 -0.000033  0.019401 0.055199 -0.304201
41  1.099671 0.000021 0.000006  -0.007449 -0.002540 -0.439748
42  0.732945 -0.693661 -1.728730  1.281441 0.399363 -0.454359
43  1.789780 -0.000009 -0.000047  0.007379 -0.102176 0.055052
44  1.206995 -0.000005 0.000008  0.006944 0.001847 0.076790
45  5.740571 0.000057 0.000725  -0.058056 -0.000014 0.000021
46  11.480961 -0.000032 0.000945  -0.060672 0.071278 -0.025456
47  6.027514 -0.000273 -0.000239  -0.620919 -0.526280 -1.117198
48  -0.000003 11.691977 -0.000006  -1.179109 0.622734 0.896856
49  0.000004 -0.000001 -0.000001  2.573838 -0.000041 1.570856
50  -0.000009 -0.000015 0.000005  2.272644 -0.000030 1.570865
51  -7.760075 -4.558369 -5.211037  1.776660 -0.608896 -0.942889
52  0.000000 -0.000000 -0.000001  0.008153 -0.000259 0.000009
53  0.000000 -0.000000 -0.000000  1.565115 0.043565 -0.106862
54  -1.838032 -16.133825 -6.757139  -0.892142 -0.469614 -1.924335
55  0.000001 -0.000000 0.000000  0.000000 -0.000000 -0.000002
56  0.000031 0.000029 0.000001  -1.571902 -0.044449 -0.106509
57  2.089597 -16.133392 -16.419262  1.570796 -0.000000 0.000000
58  -21.116919 11.836017 -8.021008  1.570796 -0.000000 0.000000
59  2.236387 -0.189356 -5.367696  1.570796 -0.000000 0.000000
60  -0.004311 0.001230 -0.000371  0.006898 -0.005534 -0.284229
61  0.376268 10.084437 -2.887995  1.570796 -0.000000 0.000000
62  0.000000 0.000000 0.000000  -0.078727 -3.136056 0.284226
63  0.000000 0.000000 0.000000  1.570737 -0.018383 0.001660
64  -2.973245 -14.039809 -3.446879  1.302660 0.235371 -0.047124
65  0.020864 -0.834790 -4.400272  0.000000 -0.000000 -0.000000
66  0.020868 0.023235 30.873928  0.000000 -0.000000 -0.000000
67  0.020865 -0.185995 -10.278829  0.000000 -0.000000 -0.000000
68  0.000000 0.209231 3.187961  0.000000 0.000000 -1.570796
69  0.000000 -0.000000 0.559457  0.000000 -0.000000 -0.000000
70  0.020865 -0.110953 -1.554706  0.000000 -0.000000 -0.000000
71  -3.894284 10.434156 -8.923967  1.570796 -0.000000 0.000000
72  -3.894285 9.043628 -7.873164  1.570796 -0.000000 0.000000
73  -3.894284 9.043628 -8.399811  1.570796 -0.000000 0.000000
74  -3.894284 9.043628 -8.926967  1.570796 -0.000000 0.000000
75  -3.894285 9.043628 -9.459123  1.570796 -0.000000 0.000000
76  -3.894285 9.043628 -9.990499  1.570796 -0.000000 0.000000
time 19
0  0.000006 0.000000 0.000000  -1.570800 -1.391899 -1.570792
1  -5.247190 1.140902 2.232071  -1.544956 -1.855077 -0.198630
2  6.027524 -0.000322 0.000193  -0.638312 -0.926578 -1.742094
3  11.692112 0.000645 -0.000739  -0.697121 -0.000009 -1.266790
4  11.480768 0.000421 -0.000606  1.243433 -0.396238 -0.003122
5  3.859509 -0.142880 -1.192050  -0.564874 -0.363952 -1.824543
6  1.312593 0.000012 0.000008  -0.136228 -0.000981 -0.208342
7  0.729356 0.000053 0.000049  -0.007524 -0.009754 -0.114047
8  3.942143 0.046272 -0.431512  -0.498774 0.109385 -1.203070
9  1.539110 0.000083 0.000005  0.016536 -0.136924 -1.019669
10  1.196332 0.000145 0.000029  0.014917 0.002603 -0.521648
11  3.883505 -0.047270 0.431381  -0.286619 0.410095 -0.604649
12  1.719573 -0.000029 0.000015  0.078190 -0.160916 -1.549411
13  1.209179 0.000091 0.000011  -0.001081 -0.002986 -0.400010
14  4.085223 -0.082716 1.151040  0.124883 0.563536 0.134737
15  1.719450 -0.000012 0.000022  0.026136 -0.076896 -1.034307
16  1.099675 0.000047 0.000006  -0.076371 0.028724 -1.554212
17  0.869833 -1.165540 1.469029  -1.118676 -0.581277 -0.367158
18  1.789820 -0.000003 -0.000017  0.000703 -0.011949 0.719128
19  1.207016 -0.000012 -0.000045  0.001314 -0.000024 -0.114273
20  5.740636 0.000410 -0.000703  -0.104901 0.000003 0.000070
21  11.481162 0.000296 -0.000779  -0.057984 -0.059352 -0.025228
22  6.027524 -0.000329 0.000203  1.523146 -0.642788 1.478897
23  0.000003 11.692100 -0.000006  -0.889067 -0.352760 -0.716017
24  0.000002 0.000008 -0.000000  0.171967 -0.000031 1.570738
25  -0.000000 -0.000011 -0.000001  0.868957 0.000002 1.570712
26  -4.636372 -9.409594 0.376269  1.473120 1.855075 -0.198639
27  6.027499 -0.000267 -0.000233  1.676205 0.382860 0.169979
28  11.691993 0.000245 0.000855  0.342325 0.000072 -1.840080
29  11.479332 -0.000743 0.001144  -1.465496 0.074150 0.177182
30  3.842635 -0.136705 1.187222  0.381690 -0.189612 -0.242242
31  1.312560 0.000026 -0.000001  -0.000376 -0.001260 0.098726
32  0.729344 0.000066 -0.000027  0.000179 -0.000030 0.004439
33  3.943928 0.019248 0.419590  0.182182 0.027509 -0.168660
34  1.539095 0.000010 0.000000  0.001084 0.009723 0.282403
35  1.196298 0.000075 -0.000003  -0.000724 -0.000770 -0.313798
36  3.883411 -0.050499 -0.431088  -0.033341 0.134825 0.031236
37  1.719564 -0.000074 -0.000005  0.000118 -0.007963 0.174379
38  1.209190 0.000031 0.000009  -0.002503 -0.004997 0.078066
39  3.806436 -0.112148 -1.295329  -0.158261 0.273326 0.182545
40  1.719412 -0.000101 -0.000033  0.030412 0.141070 0.030361
41  1.099670 0.000020 0.000007  -0.017359 0.005811 -0.091740
42  0.772777 -0.598113 -1.804333  1.358229 0.512096 -0.456637
43  1.789780 -0.000008 -0.000046  -0.002872 -0.009356 0.180158
44  1.206995 -0.000005 0.000009  0.000854 -0.002126 -0.263148
45  5.740573 0.000057 0.000724  0.022417 -0.000014 0.000021
46  11.480811 -0.000111 0.000978  0.020374 -0.004567 0.023335
47  6.027514 -0.000273 -0.000239  -0.453008 -0.548091 -1.152499
48  0.000000 11.691976 -0.000005  -1.229294 0.674122 0.921607
49  0.000003 -0.000000 0.000000  2.614850 -0.000041 1.570856
50  -0.000005 -0.000015 0.000005  2.272644 -0.000030 1.570865
51  -9.047531 -3.503260 -4.865842  2.133006 -0.099704 -1.101069
52  -0.000000 -0.000000 -0.000001  0.008153 -0.000259 0.000009
53  -0.000000 -0.000000 0.000000  1.565115 0.043565 -0.106862
54  -1.700682 -16.169910 -6.741591  -0.853158 -0.460311 -1.924409
55  0.000001 0.000001 -0.000001  0.000000 -0.000000 -0.000002
56  0.000032 0.000030 0.000000  -1.571901 -0.044449 -0.106509
57  2.103189 -16.111111 -16.451416  1.570796 -0.000000 0.000000
58  -21.703341 12.363050 -7.160655  1.570796 -0.000000 0.000000
59  2.236387 -0.189356 -5.367696  1.570796 -0.000000 0.000000
60  -0.004311 0.001230 -0.000371  0.006898 -0.005534 -0.284229
61  0.376268 10.084437 -2.887995  1.570796 -0.000000 0.000000
62  0.000000 0.000000 0.000000  -0.078727 -3.136056 0.284226
63  0.000000 0.000000 0.000000  1.569643 -0.017617 0.001607
64  -2.990244 -14.086029 -3.481851  1.300664 0.199359 -0.030147
65  0.020864 -0.834791 -4.400274  0.000000 0.000000 -0.000000
66  0.020868 0.023235 30.873928  0.000000 0.000000 -0.000000
67  0.020865 -0.185995 -10.278831  0.000000 0.000000 -0.000000
68  -0.000000 0.209231 3.187961  0.000000 0.000000 -1.570796
69  0.000000 0.000000 0.559456  0.000000 0.000000 -0.000000
70  0.020865 -0.110953 -1.554709  0.000000 0.000000 -0.000000
71  -3.894284 10.434156 -8.923967  1.570796 -0.000000 0.000000
72  -3.894285 9.043628 -7.873164  1.570796 -0.000000 0.000000
73  -3.894284 9.043628 -8.399811  1.570796 -0.000000 0.000000
74  -3.894284 9.043628 -8.926967  1.570796 -0.000000 0.000000
75  -3.894285 9.043628 -9.459123  1.570796 -0.000000 0.000000
76  -3.894285 9.043628 -9.990499  1.570796 -0.000000 0.000000
time 20
0  0.000006 0.000000 0.000000  -1.570800 -1.391899 -1.570792
1  -5.247190 1.140902 2.232071  -1.544956 -1.855077 -0.198630
2  6.027524 -0.000322 0.000193  -0.656527 -0.922226 -1.736475
3  11.692110 0.000644 -0.000739  -0.689058 -0.000010 -1.273919
4  11.480714 0.000394 -0.000626  1.268188 -0.395418 0.018596
5  3.859508 -0.142879 -1.192050  -0.564874 -0.363952 -1.824543
6  1.312591 0.000013 0.000007  -0.136228 -0.000981 -0.208342
7  0.729354 0.000053 0.000049  -0.007524 -0.009754 -0.114047
8  3.942145 0.046274 -0.431513  -0.498774 0.109385 -1.203070
9  1.539112 0.000085 0.000006  0.016536 -0.136924 -1.019669
10  1.196332 0.000145 0.000028  0.014917 0.002603 -0.521648
11  3.883506 -0.047268 0.431381  -0.286619 0.410095 -0.604649
12  1.719573 -0.000027 0.000014  0.078190 -0.160916 -1.549411
13  1.209180 0.000091 0.000012  -0.001081 -0.002986 -0.400010
14  4.085220 -0.082715 1.151040  0.124883 0.563536 0.134737
15  1.719447 -0.000012 0.000022  0.026136 -0.076896 -1.034307
16  1.099675 0.000048 0.000005  -0.076371 0.028724 -1.554212
17  0.869831 -1.165540 1.469029  -1.118624 -0.581492 -0.367215
18  1.789819 -0.000003 -0.000017  0.000701 -0.012015 0.719839
19  1.207015 -0.000012 -0.000044  0.001321 -0.000024 -0.114158
20  5.740636 0.000410 -0.000702  -0.098697 0.000003 0.000070
21  11.481152 0.000291 -0.000783  -0.052681 -0.059565 -0.019844
22  6.027524 -0.000329 0.000203  1.536477 -0.647877 1.461958
23  0.000002 11.692099 -0.000006  -0.893442 -0.356340 -0.719101
24  0.000002 0.000009 -0.000002  0.180030 -0.000031 1.570738
25  -0.000000 -0.000011 -0.000001  0.868957 0.000002 1.570712
26  -4.636372 -9.409594 0.376269  1.473120 1.855075 -0.198639
27  6.027499 -0.000267 -0.000236  1.496034 0.318467 0.138961
28  11.691994 0.000244 0.000856  0.381250 0.000063 -1.716542
29  11.480437 -0.000045 0.000910  -1.314911 0.049489 0.197501
30  3.851993 -0.134524 1.190476  0.441137 0.012286 -0.229856
31  1.312560 0.000027 -0.000002  -0.001746 0.001713 0.043991
32  0.729344 0.000066 -0.000028  -0.000398 -0.000098 -0.038582
33  3.943974 0.018507 0.419317  0.105975 0.161690 -0.129755
34  1.539097 0.000010 -0.000000  -0.009853 0.012174 0.038146
35  1.196297 0.000072 -0.000005  0.000135 -0.000933 -0.570943
36  3.883411 -0.050498 -0.431085  -0.092130 0.255116 0.000174
37  1.719564 -0.000075 -0.000005  0.001774 -0.012504 -0.111880
38  1.209190 0.000031 0.000009  -0.004065 -0.007412 -0.190545
39  3.806437 -0.112147 -1.295327  -0.338995 0.289409 0.068034
40  1.719411 -0.000100 -0.000032  0.006561 0.215978 -0.120906
41  1.099670 0.000020 0.000006  -0.022202 0.015991 -0.005083
42  0.777895 -0.655238 -1.792185  1.272454 0.509582 -0.500904
43  1.789778 -0.000009 -0.000045  -0.004196 -0.009185 0.385752
44  1.206995 -0.000004 0.000008  0.000940 -0.001642 -0.211230
45  5.740571 0.000055 0.000725  0.049407 -0.000014 0.000021
46  11.481030 0.000028 0.000931  0.050842 -0.005980 0.025049
47  6.027514 -0.000273 -0.000239  -0.432934 -0.728357 -1.133453
48  -0.000001 11.691977 -0.000007  -1.156676 0.600009 0.885028
49  0.000003 -0.000002 -0.000001  2.653776 -0.000041 1.570856
50  -0.000007 -0.000015 0.000004  2.272644 -0.000030 1.570865
51  -10.816980 -3.834024 -7.311003  2.349471 0.133908 -1.267372
52  0.000000 -0.000000 -0.000000  0.008153 -0.000259 0.000009
53  0.000000 0.000000 0.000001  1.565115 0.043565 -0.106862
54  -1.561317 -16.196682 -6.735044  -0.822119 -0.447499 -1.922592
55  -0.000000 0.000000 -0.000001  0.000000 -0.000000 -0.000002
56  0.000029 0.000029 -0.000000  -1.571902 -0.044449 -0.106509
57  2.118263 -16.087772 -16.480097  1.570796 -0.000000 0.000000
58  -22.329311 12.942349 -6.175503  1.570796 -0.000000 0.000000
59  2.236387 -0.189356 -5.367696  1.570796 -0.000000 0.000000
60  -0.004311 0.001230 -0.000371  0.006898 -0.005534 -0.284229
61  0.376268 10.084437 -2.887995  1.570796 -0.000000 0.000000
62  0.000000 0.000000 0.000000  -0.078727 -3.136056 0.284226
63  0.000000 0.000000 0.000000  1.568098 -0.016472 0.001524
64  -2.982021 -14.141441 -3.511842  1.303779 0.168815 -0.014149
65  0.020864 -0.834790 -4.400273  -0.000000 0.000000 0.000000
66  0.020868 0.023236 30.873926  -0.000000 0.000000 0.000000
67  0.020865 -0.185995 -10.278832  -0.000000 0.000000 0.000000
68  -0.000000 0.209231 3.187962  0.000000 0.000000 -1.570796
69  0.000000 0.000000 0.559457  -0.000000 0.000000 0.000000
70  0.020865 -0.110953 -1.554708  -0.000000 0.000000 0.000000
71  -3.894284 10.434156 -8.923967  1.570796 -0.000000 0.000000
72  -3.894285 9.043628 -7.873164  1.570796 -0.000000 0.000000
73  -3.894284 9.043628 -8.399811  1.570796 -0.000000 0.000000
74  -3.894284 9.043628 -8.926967  1.570796 -0.000000 0.000000
75  -3.894285 9.043628 -9.459123  1.570796 -0.000000 0.000000
76  -3.894285 9.043628 -9.990499  1.570796 -0.000000 0.000000
time 21
0  0.000006 0.000000 0.000000  -1.570800 -1.391899 -1.570792
1  -5.247190 1.140902 2.232071  -1.544956 -1.855077 -0.198630
2  6.027524 -0.000322 0.000193  -0.667194 -0.919893 -1.733330
3  11.692112 0.000645 -0.000739  -0.680456 -0.000010 -1.275595
4  11.480700 0.000381 -0.000636  1.273612 -0.396199 0.030630
5  3.859508 -0.142881 -1.192049  -0.564874 -0.363952 -1.824543
6  1.312591 0.000012 0.000007  -0.136228 -0.000981 -0.208342
7  0.729353 0.000054 0.000049  -0.007524 -0.009754 -0.114047
8  3.942143 0.046272 -0.431512  -0.498774 0.109385 -1.203070
9  1.539112 0.000082 0.000004  0.016536 -0.136924 -1.019669
10  1.196332 0.000145 0.000028  0.014917 0.002603 -0.521648
11  3.883504 -0.047270 0.431381  -0.286619 0.410095 -0.604649
12  1.719573 -0.000026 0.000014  0.078190 -0.160916 -1.549411
13  1.209180 0.000092 0.000011  -0.001081 -0.002986 -0.400010
14  4.085223 -0.082716 1.151041  0.124883 0.563536 0.134737
15  1.719447 -0.000012 0.000021  0.026136 -0.076896 -1.034307
16  1.099674 0.000047 0.000006  -0.076371 0.028724 -1.554212
17  0.869831 -1.165541 1.469029  -1.118571 -0.581713 -0.367275
18  1.789821 -0.000002 -0.000019  0.000698 -0.012075 0.720512
19  1.207014 -0.000012 -0.000045  0.001328 -0.000025 -0.114040
20  5.740638 0.000411 -0.000703  -0.096957 0.000003 0.000070
21  11.481152 0.000288 -0.000786  -0.051327 -0.059952 -0.017253
22  6.027524 -0.000329 0.000203  1.544421 -0.650530 1.451805
23  0.000002 11.692098 -0.000008  -0.894469 -0.357184 -0.719824
24  0.000001 0.000007 -0.000000  0.188633 -0.000030 1.570739
25  -0.000000 -0.000011 -0.000002  0.868957 0.000002 1.570712
26  -4.636372 -9.409594 0.376269  1.473120 1.855075 -0.198639
27  6.027499 -0.000267 -0.000236  1.334900 0.347293 0.107231
28  11.691994 0.000244 0.000856  0.417776 0.000053 -1.585124
29  11.479642 -0.000425 0.001096  -1.247910 0.096352 0.310115
30  3.857585 -0.133218 1.192421  0.490513 0.196349 -0.300219
31  1.312560 0.000025 -0.000000  -0.004959 0.007788 -0.065464
32  0.729342 0.000066 -0.000029  -0.001622 -0.000326 -0.128530
33  3.944000 0.018064 0.419155  -0.109143 0.282531 -0.144354
34  1.539095 0.000010 0.000000  -0.025194 0.007861 -0.500413
35  1.196297 0.000074 -0.000004  0.001996 -0.000508 -1.138260
36  3.883410 -0.050498 -0.431085  -0.179206 0.315931 -0.055199
37  1.719564 -0.000076 -0.000002  0.009555 -0.019850 -0.754352
38  1.209190 0.000030 0.000011  -0.000830 -0.010637 -0.786079
39  3.806436 -0.112147 -1.295327  -0.576570 0.242381 -0.138781
40  1.719411 -0.000101 -0.000032  -0.058966 0.273373 -0.452630
41  1.099670 0.000021 0.000006  -0.024793 0.027224 0.030667
42  0.775762 -0.764180 -1.751297  1.090119 0.493152 -0.593700
43  1.789777 -0.000009 -0.000045  -0.005542 -0.008853 0.643927
44  1.206996 -0.000001 0.000008  0.001224 -0.000646 -0.108776
45  5.740573 0.000056 0.000724  0.052148 -0.000014 0.000021
46  11.480873 -0.000048 0.000969  0.062785 0.007655 0.045172
47  6.027514 -0.000273 -0.000239  -0.549035 -0.860417 -1.029366
48  -0.000001 11.691976 -0.000005  -1.079619 0.523728 0.841209
49  0.000003 -0.000001 0.000001  2.690304 -0.000041 1.570856
50  -0.000007 -0.000015 0.000005  2.272644 -0.000030 1.570865
51  -11.474898 -4.210962 -9.520296  2.398513 0.324193 -1.466732
52  -0.000000 0.000000 0.000001  0.008153 -0.000259 0.000009
53  -0.000000 -0.000000 0.000002  1.565115 0.043565 -0.106862
54  -1.480258 -16.231833 -6.749071  -0.810401 -0.438983 -1.918258
55  0.000001 -0.000001 -0.000000  0.000000 -0.000000 -0.000002
56  0.000030 0.000028 0.000001  -1.571902 -0.044449 -0.106509
57  2.143065 -16.060982 -16.508039  1.570796 -0.000000 0.000000
58  -22.989922 13.569504 -5.072753  1.570796 -0.000000 0.000000
59  2.236387 -0.189356 -5.367696  1.570796 -0.000000 0.000000
60  -0.004311 0.001230 -0.000371  0.006898 -0.005534 -0.284229
61  0.376268 10.084437 -2.887995  1.570796 -0.000000 0.000000
62  0.000000 0.000000 0.000000  -0.078727 -3.136056 0.284226
63  0.000000 0.000000 0.000000  1.566326 -0.015057 0.001419
64  -2.961465 -14.204252 -3.535603  1.308331 0.155993 -0.004053
65  0.020864 -0.834790 -4.400273  -0.000000 -0.000000 -0.000000
66  0.020868 0.023235 30.873928  -0.000000 -0.000000 -0.000000
67  0.020865 -0.185995 -10.278831  -0.000000 -0.000000 -0.000000
68  0.000000 0.209231 3.187962  0.000000 0.000000 -1.570796
69  0.000000 0.000000 0.559457  -0.000000 -0.000000 -0.000000
70  0.020865 -0.110953 -1.554708  -0.000000 -0.000000 -0.000000
71  -3.894284 10.434156 -8.923967  1.570796 -0.000000 0.000000
72  -3.894285 9.043628 -7.873164  1.570796 -0.000000 0.000000
73  -3.894284 9.043628 -8.399811  1.570796 -0.000000 0.000000
74  -3.894284 9.043628 -8.926967  1.570796 -0.000000 0.000000
75  -3.894285 9.043628 -9.459123  1.570796 -0.000000 0.000000
76  -3.894285 9.043628 -9.990499  1.570796 -0.000000 0.000000
time 22
0  0.000006 0.000000 0.000000  -1.570800 -1.391899 -1.570792
1  -5.247190 1.140902 2.232071  -1.544956 -1.855077 -0.198630
2  6.027524 -0.000322 0.000193  -0.669226 -0.920221 -1.732854
3  11.692111 0.000646 -0.000740  -0.670955 -0.000010 -1.270753
4  11.480737 0.000392 -0.000627  1.258386 -0.397609 0.031846
5  3.859510 -0.142878 -1.192049  -0.564874 -0.363952 -1.824543
6  1.312590 0.000013 0.000008  -0.136228 -0.000981 -0.208342
7  0.729355 0.000053 0.000050  -0.007524 -0.009754 -0.114047
8  3.942143 0.046274 -0.431512  -0.498774 0.109385 -1.203070
9  1.539112 0.000087 0.000004  0.016536 -0.136924 -1.019669
10  1.196332 0.000145 0.000029  0.014917 0.002603 -0.521648
11  3.883506 -0.047267 0.431381  -0.286619 0.410095 -0.604649
12  1.719573 -0.000027 0.000015  0.078190 -0.160916 -1.549411
13  1.209180 0.000091 0.000012  -0.001081 -0.002986 -0.400010
14  4.085223 -0.082714 1.151041  0.124883 0.563536 0.134737
15  1.719449 -0.000011 0.000022  0.026136 -0.076896 -1.034307
16  1.099675 0.000050 0.000006  -0.076371 0.028724 -1.554212
17  0.869830 -1.165539 1.469029  -1.118516 -0.581939 -0.367335
18  1.789819 -0.000003 -0.000018  0.000696 -0.012130 0.721152
19  1.207016 -0.000012 -0.000045  0.001333 -0.000025 -0.113919
20  5.740637 0.000410 -0.000705  -0.099933 0.000003 0.000071
21  11.481157 0.000291 -0.000786  -0.054214 -0.060372 -0.017718
22  6.027524 -0.000329 0.000203  1.545984 -0.650255 1.449718
23  0.000002 11.692100 -0.000006  -0.891500 -0.354749 -0.717733
24  0.000003 0.000009 -0.000001  0.198133 -0.000031 1.570739
25  -0.000000 -0.000011 -0.000001  0.868957 0.000002 1.570712
26  -4.636372 -9.409594 0.376269  1.473120 1.855075 -0.198639
27  6.027498 -0.000267 -0.000238  1.216645 0.324242 0.096909
28  11.691993 0.000245 0.000855  0.451587 0.000060 -1.676140
29  11.479023 -0.000681 0.001252  -1.567587 0.201226 0.408371
30  3.859436 -0.132788 1.193061  0.503240 0.263615 -0.342299
31  1.312560 0.000026 0.000000  -0.006675 0.010517 -0.116346
32  0.729344 0.000066 -0.000027  -0.002189 -0.000470 -0.170547
33  3.944009 0.017918 0.419098  -0.216639 0.322079 -0.164810
34  1.539095 0.000010 -0.000001  -0.030212 0.003439 -0.744235
35  1.196297 0.000073 -0.000003  0.002690 0.000004 -1.391898
36  3.883410 -0.050498 -0.431087  -0.216667 0.327071 -0.079976
37  1.719564 -0.000074 -0.000005  0.014183 -0.021242 -1.040574
38  1.209191 0.000031 0.000010  0.001403 -0.011064 -1.051647
39  3.806436 -0.112148 -1.295329  -0.669876 0.204032 -0.226620
40  1.719412 -0.000102 -0.000033  -0.092816 0.285149 -0.607996
41  1.099669 0.000021 0.000005  -0.025439 0.031566 0.034962
42  0.773673 -0.813979 -1.730947  1.006623 0.480538 -0.635094
43  1.789776 -0.000009 -0.000044  -0.006027 -0.008660 0.748673
44  1.206998 -0.000002 0.000010  0.001394 -0.000191 -0.061286
45  5.740572 0.000056 0.000724  -0.029059 -0.000014 0.000021
46  11.480749 -0.000100 0.001001  -0.004114 0.018517 0.071426
47  6.027514 -0.000273 -0.000239  -0.598928 -0.970309 -0.961063
48  -0.000001 11.691975 -0.000006  -1.133007 0.576257 0.872075
49  0.000001 -0.000001 0.000000  2.724113 -0.000041 1.570856
50  -0.000007 -0.000016 0.000005  2.272644 -0.000030 1.570865
51  -10.719559 -3.173414 -10.672102  2.053359 0.398141 -1.522069
52  0.000000 -0.000000 0.000001  0.008153 -0.000259 0.000009
53  -0.000000 0.000000 -0.000001  1.565115 0.043565 -0.106862
54  -1.465884 -16.279785 -6.784226  -0.818004 -0.435978 -1.912424
55  0.000000 0.000001 0.000000  0.000000 -0.000000 -0.000002
56  0.000029 0.000030 0.000002  -1.571901 -0.044449 -0.106509
57  2.185873 -16.028210 -16.537676  1.570796 -0.000000 0.000000
58  -23.677551 14.237066 -3.865971  1.570796 -0.000000 0.000000
59  2.236387 -0.189356 -5.367696  1.570796 -0.000000 0.000000
60  -0.004311 0.001230 -0.000371  0.006898 -0.005534 -0.284229
61  0.376268 10.084437 -2.887995  1.570796 -0.000000 0.000000
62  0.000000 0.000000 0.000000  -0.078727 -3.136056 0.284226
63  0.000000 0.000000 0.000000  1.564553 -0.013480 0.001297
64  -2.934742 -14.272669 -3.552295  1.313537 0.161472 -0.000618
65  0.020864 -0.834790 -4.400274  0.000000 0.000000 -0.000000
66  0.020868 0.023234 30.873932  0.000000 0.000000 -0.000000
67  0.020865 -0.185995 -10.278831  0.000000 0.000000 -0.000000
68  0.000000 0.209231 3.187961  -0.000000 0.000000 -1.570796
69  0.000000 -0.000001 0.559456  0.000000 0.000000 -0.000000
70  0.020865 -0.110953 -1.554709  0.000000 0.000000 -0.000000
71  -8.194395 -5.853494 -13.367807  1.264014 -0.104892 0.175356
72  -8.165060 -6.872270 -11.953949  1.264014 -0.104892 0.175356
73  -8.085554 -7.019704 -12.453247  1.264014 -0.104892 0.175356
74  -8.005972 -7.167280 -12.953029  1.264014 -0.104892 0.175356
75  -7.925635 -7.316257 -13.457550  1.264014 -0.104892 0.175356
76  -7.845416 -7.465015 -13.961332  1.264014 -0.104892 0.175356
time 23
0  0.000006 0.000000 0.000000  -1.570800 -1.391899 -1.570792
1  -5.247190 1.140902 2.232071  -1.544956 -1.855077 -0.198630
2  6.027524 -0.000322 0.000193  -0.667088 -0.922246 -1.733874
3  11.692112 0.000644 -0.000739  -0.660824 -0.000009 -1.262775
4  11.480801 0.000412 -0.000609  1.233887 -0.398231 0.030172
5  3.859508 -0.142879 -1.192049  -0.564874 -0.363952 -1.824543
6  1.312591 0.000012 0.000007  -0.136228 -0.000981 -0.208342
7  0.729354 0.000053 0.000050  -0.007524 -0.009754 -0.114047
8  3.942142 0.046272 -0.431512  -0.498774 0.109385 -1.203070
9  1.539110 0.000083 0.000006  0.016536 -0.136924 -1.019669
10  1.196333 0.000145 0.000027  0.014917 0.002603 -0.521648
11  3.883503 -0.047269 0.431381  -0.286619 0.410095 -0.604649
12  1.719574 -0.000025 0.000016  0.078190 -0.160916 -1.549411
13  1.209179 0.000090 0.000012  -0.001081 -0.002986 -0.400010
14  4.085219 -0.082715 1.151041  0.124883 0.563536 0.134737
15  1.719449 -0.000013 0.000023  0.026136 -0.076896 -1.034307
16  1.099675 0.000050 0.000006  -0.076371 0.028724 -1.554212
17  0.869830 -1.165539 1.469029  -1.118461 -0.582169 -0.367397
18  1.789820 -0.000004 -0.000017  0.000693 -0.012181 0.721762
19  1.207017 -0.000011 -0.000044  0.001339 -0.000025 -0.113796
20  5.740638 0.000411 -0.000703  -0.104753 0.000003 0.000071
21  11.481171 0.000294 -0.000781  -0.058974 -0.060634 -0.019142
22  6.027524 -0.000329 0.000203  1.544469 -0.648177 1.451317
23  0.000001 11.692099 -0.000007  -0.886601 -0.350749 -0.714274
24  0.000001 0.000009 -0.000001  0.208264 -0.000031 1.570738
25  -0.000001 -0.000011 -0.000000  0.868957 0.000002 1.570712
26  -4.636372 -9.409594 0.376269  1.473120 1.855075 -0.198639
27  6.027498 -0.000268 -0.000235  1.266619 0.460600 0.149159
28  11.691992 0.000245 0.000857  0.482360 0.000048 -1.515987
29  11.480156 -0.000082 0.000979  -1.542021 0.171387 0.376606
30  3.859437 -0.132787 1.193060  0.503240 0.263615 -0.342299
31  1.312559 0.000026 -0.000002  -0.006675 0.010517 -0.116346
32  0.729344 0.000066 -0.000027  -0.002189 -0.000470 -0.170547
33  3.944009 0.017919 0.419096  -0.216639 0.322079 -0.164810
34  1.539095 0.000010 -0.000000  -0.030212 0.003439 -0.744236
35  1.196297 0.000075 -0.000005  0.002690 0.000004 -1.391898
36  3.883410 -0.050497 -0.431089  -0.216667 0.327071 -0.079975
37  1.719563 -0.000075 -0.000005  0.014183 -0.021242 -1.040574
38  1.209192 0.000030 0.000010  0.001403 -0.011064 -1.051647
39  3.806437 -0.112148 -1.295331  -0.669876 0.204032 -0.226620
40  1.719413 -0.000100 -0.000034  -0.092816 0.285149 -0.607996
41  1.099671 0.000020 0.000006  -0.025440 0.031566 0.034962
42  0.773674 -0.813978 -1.730949  1.006623 0.480538 -0.635093
43  1.789776 -0.000009 -0.000045  -0.006027 -0.008660 0.748673
44  1.206997 -0.000001 0.000008  0.001394 -0.000191 -0.061286
45  5.740572 0.000057 0.000725  -0.018812 -0.000014 0.000021
46  11.480974 0.000021 0.000946  0.002189 0.013550 0.064438
47  6.027514 -0.000273 -0.000239  -0.747552 -0.858267 -0.809978
48  -0.000000 11.691975 -0.000006  -1.038871 0.484810 0.816257
49  0.000005 -0.000001 0.000000  2.754889 -0.000041 1.570856
50  -0.000006 -0.000015 0.000005  2.272644 -0.000030 1.570865
51  -10.651344 -5.016008 -9.935198  2.039360 0.362496 -1.530027
52  0.000001 0.000001 0.000001  0.008153 -0.000259 0.000009
53  0.000000 0.000000 -0.000001  1.565115 0.043565 -0.106862
54  -1.480538 -16.335340 -6.821553  -0.832266 -0.434868 -1.907908
55  -0.000001 -0.000001 -0.000001  0.000000 -0.000000 -0.000002
56  0.000029 0.000028 0.000000  -1.571902 -0.044449 -0.106509
57  2.245131 -15.989831 -16.568169  1.570796 -0.000000 0.000000
58  -24.381516 14.934052 -2.576359  1.570796 -0.000000 0.000000
59  2.236387 -0.189356 -5.367696  1.570796 -0.000000 0.000000
60  -0.004311 0.001230 -0.000371  0.006898 -0.005534 -0.284229
61  0.376268 10.084437 -2.887995  1.570796 -0.000000 0.000000
62  0.000000 0.000000 0.000000  -0.078727 -3.136056 0.284226
63  0.000000 0.000000 0.000000  1.563008 -0.011850 0.001166
64  -2.908019 -14.343424 -3.561798  1.318954 0.173301 -0.001215
65  0.020864 -0.834790 -4.400271  -0.000000 -0.000000 0.000000
66  0.020868 0.023235 30.873932  -0.000000 -0.000000 0.000000
67  0.020865 -0.185995 -10.278830  -0.000000 -0.000000 0.000000
68  -0.000000 0.209232 3.187961  0.000000 -0.000000 -1.570796
69  -0.000000 0.000001 0.559456  -0.000000 -0.000000 0.000000
70  0.020865 -0.110953 -1.554706  -0.000000 -0.000000 0.000000
71  -8.164036 -7.799305 -12.560585  1.230215 -0.087351 0.175839
72  -8.121132 -8.766363 -11.111200  1.230215 -0.087351 0.175839
73  -8.047720 -8.931993 -11.605704  1.230215 -0.087351 0.175839
74  -7.974236 -9.097784 -12.100686  1.230215 -0.087351 0.175839
75  -7.900057 -9.265146 -12.600363  1.230215 -0.087351 0.175839
76  -7.825985 -9.432264 -13.099307  1.230215 -0.087351 0.175839
time 24
0  0.000006 0.000000 0.000000  -1.570800 -1.391899 -1.570792
1  -5.247190 1.140902 2.232071  -1.544956 -1.855077 -0.198630
2  6.027524 -0.000322 0.000193  -0.662797 -0.925321 -1.735755
3  11.692111 0.000644 -0.000739  -0.650516 -0.000009 -1.253900
4  11.479465 -0.000120 -0.001014  1.206905 -0.397711 0.029176
5  3.859507 -0.142879 -1.192049  -0.564874 -0.363952 -1.824543
6  1.312590 0.000013 0.000006  -0.136228 -0.000981 -0.208342
7  0.729356 0.000054 0.000047  -0.007524 -0.009754 -0.114047
8  3.942142 0.046273 -0.431512  -0.498774 0.109385 -1.203070
9  1.539111 0.000081 0.000004  0.016536 -0.136924 -1.019669
10  1.196332 0.000145 0.000030  0.014917 0.002603 -0.521648
11  3.883504 -0.047269 0.431382  -0.286619 0.410095 -0.604649
12  1.719574 -0.000028 0.000015  0.078190 -0.160916 -1.549411
13  1.209181 0.000092 0.000011  -0.001081 -0.002986 -0.400010
14  4.085222 -0.082714 1.151041  0.124883 0.563536 0.134737
15  1.719448 -0.000012 0.000022  0.026136 -0.076896 -1.034307
16  1.099675 0.000049 0.000006  -0.076371 0.028724 -1.554212
17  0.869829 -1.165540 1.469029  -1.118405 -0.582402 -0.367460
18  1.789819 -0.000004 -0.000018  0.000691 -0.012229 0.722346
19  1.207016 -0.000011 -0.000043  0.001344 -0.000025 -0.113671
20  5.740637 0.000410 -0.000705  -0.109852 0.000003 0.000071
21  11.480902 0.000188 -0.000864  -0.064217 -0.060699 -0.020509
22  6.027524 -0.000329 0.000203  1.541410 -0.644986 1.454703
23  0.000002 11.692100 -0.000007  -0.881144 -0.346320 -0.710409
24  0.000003 0.000009 -0.000002  0.218572 -0.000031 1.570739
25  -0.000000 -0.000011 -0.000001  0.868957 0.000002 1.570712
26  -4.636372 -9.409594 0.376269  1.473120 1.855075 -0.198639
27  6.027499 -0.000269 -0.000234  1.316243 0.538047 0.227412
28  11.691991 0.000245 0.000856  0.509825 0.000043 -1.439686
29  11.479212 -0.000467 0.001214  -1.515586 0.149032 0.380157
30  3.859436 -0.132788 1.193060  0.503240 0.263615 -0.342300
31  1.312559 0.000025 -0.000001  -0.006675 0.010517 -0.116346
32  0.729343 0.000065 -0.000027  -0.002189 -0.000470 -0.170547
33  3.944009 0.017918 0.419095  -0.216639 0.322079 -0.164810
34  1.539096 0.000010 -0.000000  -0.030212 0.003439 -0.744236
35  1.196298 0.000074 -0.000004  0.002690 0.000004 -1.391898
36  3.883411 -0.050498 -0.431089  -0.216667 0.327071 -0.079976
37  1.719564 -0.000075 -0.000004  0.014183 -0.021242 -1.040574
38  1.209191 0.000030 0.000011  0.001403 -0.011064 -1.051647
39  3.806437 -0.112148 -1.295330  -0.669876 0.204032 -0.226620
40  1.719414 -0.000101 -0.000033  -0.092816 0.285148 -0.607996
41  1.099672 0.000020 0.000005  -0.025440 0.031566 0.034962
42  0.773673 -0.813980 -1.730949  1.006623 0.480538 -0.635094
43  1.789777 -0.000010 -0.000045  -0.006027 -0.008660 0.748673
44  1.206996 -0.000001 0.000009  0.001394 -0.000191 -0.061286
45  5.740573 0.000055 0.000724  -0.011445 -0.000014 0.000021
46  11.480787 -0.000057 0.000993  0.008158 0.010078 0.064554
47  6.027514 -0.000273 -0.000239  -0.802694 -0.777790 -0.715228
48  -0.000003 11.691975 -0.000007  -0.993567 0.442936 0.787258
49  0.000004 -0.000001 -0.000000  2.782357 -0.000041 1.570856
50  -0.000009 -0.000014 0.000004  2.272644 -0.000030 1.570865
51  -10.479431 -6.031706 -8.958345  2.014873 0.341868 -1.545807
52  -0.000001 0.000000 -0.000000  0.008153 -0.000259 0.000009
53  -0.000000 -0.000001 -0.000002  1.565115 0.043565 -0.106862
54  -1.506580 -16.388927 -6.850762  -0.846339 -0.434172 -1.905964
55  0.000000 0.000000 0.000000  0.000000 -0.000000 -0.000002
56  0.000030 0.000030 0.000001  -1.571902 -0.044449 -0.106509
57  2.316898 -15.946937 -16.598236  1.570796 -0.000000 0.000000
58  -25.088009 15.645759 -1.233324  1.570796 -0.000000 0.000000
59  2.236387 -0.189356 -5.367696  1.570796 -0.000000 0.000000
60  -0.004311 0.001230 -0.000371  0.006898 -0.005534 -0.284229
61  0.376268 10.084437 -2.887995  1.570796 -0.000000 0.000000
62  0.000000 0.000000 0.000000  -0.078727 -3.136056 0.284226
63  0.000000 0.000000 0.000000  1.561915 -0.010274 0.001035
64  -2.887463 -14.407353 -3.564735  1.323868 0.185136 -0.004319
65  0.020864 -0.834791 -4.400274  -0.000000 0.000000 0.000000
66  0.020868 0.023234 30.873930  -0.000000 0.000000 0.000000
67  0.020865 -0.185995 -10.278831  -0.000000 0.000000 0.000000
68  0.000001 0.209231 3.187962  0.000000 0.000000 -1.570796
69  0.000001 0.000000 0.559457  -0.000000 0.000000 0.000000
70  0.020865 -0.110953 -1.554709  -0.000000 0.000000 0.000000
71  -8.071274 -8.888999 -11.578032  1.212948 -0.061713 0.169793
72  -8.002818 -9.825285 -10.109549  1.212948 -0.061713 0.169793
73  -7.941662 -10.001954 -10.601895  1.212948 -0.061713 0.169793
74  -7.880447 -10.178795 -11.094717  1.212948 -0.061713 0.169793
75  -7.818653 -10.357313 -11.592213  1.212948 -0.061713 0.169793
76  -7.756948 -10.535568 -12.088982  1.212948 -0.061713 0.169793
time 25
0  0.000006 0.000000 0.000000  -1.570800 -1.391899 -1.570792
1  -5.247190 1.140902 2.232071  -1.544956 -1.855077 -0.198630
2  6.027524 -0.000322 0.000193  -0.659299 -0.928277 -1.736910
3  11.692112 0.000644 -0.000739  -0.640650 -0.000009 -1.247643
4  11.479723 -0.000018 -0.000928  1.185216 -0.396494 0.032242
5  3.859508 -0.142881 -1.192049  -0.564874 -0.363952 -1.824543
6  1.312589 0.000013 0.000007  -0.136228 -0.000981 -0.208342
7  0.729353 0.000054 0.000049  -0.007524 -0.009754 -0.114047
8  3.942143 0.046272 -0.431511  -0.498774 0.109385 -1.203070
9  1.539111 0.000083 0.000005  0.016536 -0.136924 -1.019669
10  1.196331 0.000145 0.000029  0.014917 0.002603 -0.521648
11  3.883506 -0.047269 0.431382  -0.286619 0.410095 -0.604649
12  1.719573 -0.000026 0.000015  0.078190 -0.160916 -1.549411
13  1.209180 0.000091 0.000009  -0.001081 -0.002986 -0.400010
14  4.085223 -0.082716 1.151042  0.124883 0.563536 0.134737
15  1.719446 -0.000012 0.000022  0.026136 -0.076896 -1.034307
16  1.099675 0.000047 0.000006  -0.076371 0.028724 -1.554213
17  0.869831 -1.165540 1.469030  -1.118348 -0.582638 -0.367524
18  1.789819 -0.000003 -0.000017  0.000688 -0.012274 0.722907
19  1.207015 -0.000011 -0.000043  0.001349 -0.000026 -0.113545
20  5.740635 0.000410 -0.000703  -0.113681 0.000003 0.000070
21  11.480952 0.000208 -0.000844  -0.068349 -0.060701 -0.020819
22  6.027524 -0.000329 0.000203  1.538977 -0.641927 1.457804
23  0.000002 11.692099 -0.000007  -0.877290 -0.343208 -0.707672
24  0.000003 0.000008 -0.000001  0.228437 -0.000031 1.570739
25  -0.000000 -0.000011 -0.000002  0.868957 0.000002 1.570712
26  -4.636372 -9.409594 0.376269  1.473120 1.855075 -0.198639
27  6.027498 -0.000270 -0.000233  1.374788 0.568675 0.324635
28  11.691992 0.000243 0.000856  0.533779 0.000042 -1.433516
29  11.479481 -0.000294 0.001139  -1.479807 0.132227 0.410036
30  3.859436 -0.132788 1.193061  0.503240 0.263615 -0.342299
31  1.312560 0.000027 -0.000002  -0.006675 0.010517 -0.116346
32  0.729345 0.000068 -0.000028  -0.002189 -0.000470 -0.170547
33  3.944010 0.017918 0.419096  -0.216639 0.322079 -0.164810
34  1.539094 0.000010 0.000000  -0.030212 0.003439 -0.744236
35  1.196298 0.000075 -0.000005  0.002690 0.000004 -1.391898
36  3.883410 -0.050498 -0.431087  -0.216667 0.327071 -0.079976
37  1.719564 -0.000076 -0.000006  0.014183 -0.021242 -1.040574
38  1.209190 0.000032 0.000010  0.001403 -0.011064 -1.051647
39  3.806436 -0.112148 -1.295329  -0.669876 0.204032 -0.226620
40  1.719412 -0.000100 -0.000035  -0.092816 0.285148 -0.607996
41  1.099672 0.000019 0.000006  -0.025439 0.031566 0.034962
42  0.773673 -0.813979 -1.730947  1.006623 0.480538 -0.635093
43  1.789775 -0.000010 -0.000045  -0.006027 -0.008660 0.748673
44  1.206997 -0.000002 0.000009  0.001394 -0.000191 -0.061286
45  5.740572 0.000056 0.000724  -0.004152 -0.000014 0.000021
46  11.480841 -0.000022 0.000977  0.015703 0.008234 0.069760
47  6.027514 -0.000273 -0.000239  -0.797912 -0.719429 -0.652039
48  -0.000001 11.691976 -0.000006  -0.989886 0.439602 0.784848
49  0.000004 -0.000001 0.000000  2.806311 -0.000041 1.570856
50  -0.000006 -0.000015 0.000005  2.272644 -0.000030 1.570865
51  -10.211227 -6.433058 -7.805341  1.992099 0.326447 -1.561724
52  0.000000 -0.000000 0.000001  0.008153 -0.000259 0.000009
53  0.000000 -0.000000 -0.000000  1.565115 0.043565 -0.106862
54  -1.523899 -16.428467 -6.862882  -0.853339 -0.432462 -1.906887
55  0.000001 0.000000 0.000000  0.000000 -0.000000 -0.000002
56  0.000030 0.000028 0.000001  -1.571902 -0.044449 -0.106509
57  2.394658 -15.901469 -16.626238  1.570796 -0.000000 0.000000
58  -25.780636 16.354223 0.126183  1.570796 -0.000000 0.000000
59  2.236387 -0.189356 -5.367696  1.570796 -0.000000 0.000000
60  -0.004311 0.001230 -0.000371  0.006898 -0.005534 -0.284229
61  0.376268 10.084437 -2.887995  1.570796 -0.000000 0.000000
62  0.000000 0.000000 0.000000  -0.078727 -3.136056 0.284226
63  0.000000 0.000000 0.000000  1.561501 -0.008861 0.000914
64  -2.879241 -14.453816 -3.562087  1.327608 0.190593 -0.007483
65  0.020864 -0.834790 -4.400273  0.000000 -0.000000 0.000000
66  0.020868 0.023236 30.873924  0.000000 -0.000000 0.000000
67  0.020865 -0.185994 -10.278831  0.000000 -0.000000 0.000000
68  0.000000 0.209231 3.187961  0.000000 0.000000 -1.570796
69  -0.000000 0.000000 0.559456  0.000000 -0.000000 0.000000
70  0.020865 -0.110952 -1.554709  0.000000 -0.000000 0.000000
71  -7.883184 -9.351748 -10.429758  1.200873 -0.038150 0.161948
72  -7.791201 -10.265429 -8.948378  1.200873 -0.038150 0.161948
73  -7.742016 -10.450323 -9.439042  1.200873 -0.038150 0.161948
74  -7.692785 -10.635397 -9.930182  1.200873 -0.038150 0.161948
75  -7.643086 -10.822226 -10.425979  1.200873 -0.038150 0.161948
76  -7.593460 -11.008780 -10.921049  1.200873 -0.038150 0.161948
time 26
0  0.000006 0.000000 0.000000  -1.570800 -1.391899 -1.570792
1  -5.247190 1.140902 2.232071  -1.544956 -1.855077 -0.198630
2  6.027524 -0.000322 0.000193  -0.657617 -0.930512 -1.736794
3  11.692111 0.000645 -0.000739  -0.631901 -0.000008 -1.245375
4  11.479815 0.000015 -0.000898  1.171665 -0.394789 0.038702
5  3.859508 -0.142879 -1.192050  -0.564874 -0.363952 -1.824543
6  1.312591 0.000011 0.000008  -0.136228 -0.000981 -0.208342
7  0.729354 0.000054 0.000049  -0.007524 -0.009754 -0.114047
8  3.942144 0.046273 -0.431513  -0.498774 0.109385 -1.203070
9  1.539110 0.000085 0.000005  0.016536 -0.136924 -1.019669
10  1.196334 0.000144 0.000028  0.014917 0.002603 -0.521648
11  3.883504 -0.047268 0.431381  -0.286619 0.410095 -0.604649
12  1.719573 -0.000026 0.000014  0.078190 -0.160916 -1.549411
13  1.209178 0.000091 0.000010  -0.001081 -0.002986 -0.400010
14  4.085222 -0.082714 1.151040  0.124883 0.563536 0.134737
15  1.719448 -0.000013 0.000022  0.026136 -0.076896 -1.034307
16  1.099675 0.000048 0.000006  -0.076371 0.028724 -1.554212
17  0.869830 -1.165540 1.469028  -1.118290 -0.582877 -0.367588
18  1.789819 -0.000003 -0.000018  0.000686 -0.012316 0.723447
19  1.207013 -0.000012 -0.000047  0.001354 -0.000026 -0.113418
20  5.740636 0.000410 -0.000703  -0.115830 0.000003 0.000071
21  11.480972 0.000215 -0.000839  -0.070836 -0.060656 -0.020087
22  6.027524 -0.000329 0.000203  1.537874 -0.639641 1.459928
23  0.000002 11.692100 -0.000007  -0.875892 -0.342083 -0.706677
24  0.000002 0.000008 -0.000002  0.237186 -0.000031 1.570739
25  -0.000000 -0.000012 -0.000002  0.868957 0.000002 1.570712
26  -4.636372 -9.409594 0.376269  1.473120 1.855075 -0.198639
27  6.027499 -0.000271 -0.000232  1.445198 0.564968 0.434301
28  11.691991 0.000244 0.000855  0.554127 0.000045 -1.472144
29  11.480514 0.000176 0.000867  -1.431274 0.118187 0.450990
30  3.859436 -0.132788 1.193061  0.503240 0.263615 -0.342299
31  1.312560 0.000026 -0.000000  -0.006675 0.010517 -0.116346
32  0.729345 0.000065 -0.000026  -0.002188 -0.000470 -0.170547
33  3.944009 0.017918 0.419097  -0.216639 0.322079 -0.164810
34  1.539095 0.000010 -0.000000  -0.030212 0.003439 -0.744236
35  1.196297 0.000075 -0.000004  0.002690 0.000004 -1.391898
36  3.883410 -0.050497 -0.431087  -0.216667 0.327071 -0.079976
37  1.719563 -0.000076 -0.000005  0.014183 -0.021242 -1.040574
38  1.209191 0.000032 0.000012  0.001403 -0.011064 -1.051647
39  3.806436 -0.112146 -1.295328  -0.669876 0.204032 -0.226620
40  1.719411 -0.000102 -0.000034  -0.092816 0.285149 -0.607996
41  1.099671 0.000021 0.000006  -0.025440 0.031566 0.034962
42  0.773673 -0.813979 -1.730947  1.006623 0.480538 -0.635093
43  1.789775 -0.000009 -0.000045  -0.006027 -0.008660 0.748673
44  1.206998 -0.000001 0.000009  0.001394 -0.000191 -0.061286
45  5.740573 0.000055 0.000723  0.005119 -0.000014 0.000021
46  11.481048 0.000071 0.000923  0.025671 0.007762 0.076945
47  6.027514 -0.000273 -0.000239  -0.752695 -0.671090 -0.609168
48  -0.000001 11.691975 -0.000006  -1.012890 0.460605 0.799779
49  0.000002 -0.000002 0.000000  2.826658 -0.000041 1.570856
50  -0.000006 -0.000015 0.000005  2.272644 -0.000030 1.570865
51  -9.880880 -6.418649 -6.500176  1.977221 0.306762 -1.573659
52  -0.000000 -0.000000 0.000001  0.008153 -0.000259 0.000009
53  -0.000001 0.000000 0.000001  1.565115 0.043565 -0.106862
54  -1.525691 -16.445255 -6.856668  -0.852374 -0.430481 -1.909979
55  0.000001 0.000001 0.000000  0.000000 -0.000000 -0.000002
56  0.000031 0.000029 0.000002  -1.571902 -0.044449 -0.106509
57  2.470233 -15.855939 -16.650501  1.570796 -0.000000 0.000000
58  -26.441547 17.039391 1.459939  1.570796 -0.000000 0.000000
59  2.236387 -0.189356 -5.367696  1.570796 -0.000000 0.000000
60  -0.004311 0.001230 -0.000371  0.006898 -0.005534 -0.284229
61  0.376268 10.084437 -2.887995  1.570796 -0.000000 0.000000
62  0.000000 0.000000 0.000000  -0.078727 -3.136056 0.284226
63  0.000000 0.000000 0.000000  1.561863 -0.007718 0.000813
64  -2.880621 -14.472176 -3.554765  1.329229 0.189124 -0.009865
65  0.020864 -0.834791 -4.400272  -0.000000 -0.000000 -0.000000
66  0.020868 0.023235 30.873928  -0.000000 -0.000000 -0.000000
67  0.020865 -0.185995 -10.278831  -0.000000 -0.000000 -0.000000
68  0.000000 0.209231 3.187961  0.000000 -0.000000 -1.570796
69  0.000000 0.000001 0.559456  -0.000000 -0.000000 -0.000000
70  0.020865 -0.110953 -1.554706  -0.000000 -0.000000 -0.000000
71  -7.611167 -9.405649 -9.098702  1.183608 -0.021134 0.155157
72  -7.504780 -10.290667 -7.600975  1.183608 -0.021134 0.155157
73  -7.463868 -10.485540 -8.088528  1.183608 -0.021134 0.155157
74  -7.422917 -10.680601 -8.576551  1.183608 -0.021134 0.155157
75  -7.381578 -10.877512 -9.069204  1.183608 -0.021134 0.155157
76  -7.340300 -11.074137 -9.561134  1.183608 -0.021134 0.155157
time 27
0  0.000006 0.000000 0.000000  -1.570800 -1.391899 -1.570792
1  -5.247190 1.140902 2.232071  -1.544956 -1.855077 -0.198630
2  6.027524 -0.000322 0.000193  -0.657204 -0.932176 -1.736409
3  11.692111 0.000645 -0.000739  -0.624831 -0.000008 -1.245274
4  11.479819 0.000011 -0.000896  1.164756 -0.392486 0.045054
5  3.859508 -0.142880 -1.192049  -0.564874 -0.363952 -1.824543
6  1.312592 0.000012 0.000007  -0.136228 -0.000981 -0.208342
7  0.729359 0.000053 0.000049  -0.007524 -0.009754 -0.114047
8  3.942144 0.046273 -0.431511  -0.498774 0.109385 -1.203070
9  1.539109 0.000086 0.000005  0.016536 -0.136924 -1.019669
10  1.196334 0.000145 0.000028  0.014917 0.002603 -0.521648
11  3.883506 -0.047268 0.431382  -0.286619 0.410095 -0.604649
12  1.719573 -0.000029 0.000014  0.078190 -0.160916 -1.549411
13  1.209177 0.000091 0.000012  -0.001081 -0.002986 -0.400010
14  4.085223 -0.082714 1.151041  0.124883 0.563536 0.134737
15  1.719448 -0.000011 0.000021  0.026136 -0.076896 -1.034307
16  1.099675 0.000048 0.000006  -0.076371 0.028724 -1.554212
17  0.869831 -1.165540 1.469030  -1.118232 -0.583118 -0.367653
18  1.789820 -0.000004 -0.000017  0.000684 -0.012355 0.723968
19  1.207014 -0.000012 -0.000043  0.001358 -0.000026 -0.113289
20  5.740636 0.000410 -0.000704  -0.116710 0.000003 0.000071
21  11.480974 0.000214 -0.000838  -0.072056 -0.060448 -0.019062
22  6.027524 -0.000329 0.000203  1.537682 -0.637965 1.460758
23  0.000001 11.692098 -0.000008  -0.875830 -0.342033 -0.706633
24  0.000002 0.000007 -0.000000  0.244256 -0.000031 1.570739
25  -0.000001 -0.000012 -0.000002  0.868957 0.000002 1.570712
26  -4.636372 -9.409594 0.376269  1.473120 1.855075 -0.198639
27  6.027498 -0.000273 -0.000231  1.528351 0.539964 0.550813
28  11.691991 0.000244 0.000855  0.570904 0.000049 -1.523837
29  11.480095 -0.000025 0.001004  -1.371750 0.102794 0.486879
30  3.859437 -0.132788 1.193060  0.503240 0.263615 -0.342299
31  1.312560 0.000027 -0.000001  -0.006675 0.010517 -0.116346
32  0.729344 0.000067 -0.000027  -0.002189 -0.000470 -0.170547
33  3.944011 0.017917 0.419097  -0.216639 0.322079 -0.164810
34  1.539094 0.000010 -0.000000  -0.030212 0.003439 -0.744236
35  1.196298 0.000076 -0.000004  0.002690 0.000004 -1.391898
36  3.883410 -0.050498 -0.431087  -0.216667 0.327071 -0.079976
37  1.719563 -0.000075 -0.000006  0.014183 -0.021242 -1.040574
38  1.209191 0.000033 0.000010  0.001403 -0.011064 -1.051647
39  3.806438 -0.112148 -1.295330  -0.669876 0.204032 -0.226620
40  1.719414 -0.000100 -0.000034  -0.092816 0.285148 -0.607995
41  1.099672 0.000020 0.000005  -0.025440 0.031566 0.034962
42  0.773673 -0.813979 -1.730949  1.006622 0.480538 -0.635093
43  1.789776 -0.000008 -0.000045  -0.006027 -0.008660 0.748673
44  1.206995 -0.000002 0.000007  0.001394 -0.000191 -0.061286
45  5.740572 0.000055 0.000724  0.017665 -0.000014 0.000021
46  11.480964 0.000031 0.000950  0.037913 0.007790 0.082983
47  6.027514 -0.000273 -0.000239  -0.683727 -0.620085 -0.577836
48  -0.000002 11.691975 -0.000006  -1.043510 0.489184 0.819154
49  0.000004 -0.000002 -0.000000  2.843433 -0.000041 1.570856
50  -0.000007 -0.000016 0.000005  2.272644 -0.000030 1.570865
51  -9.532085 -6.193292 -5.034255  1.971786 0.274277 -1.579754
52  -0.000000 -0.000000 -0.000001  0.008153 -0.000259 0.000009
53  0.000000 -0.000001 -0.000001  1.565115 0.043565 -0.106862
54  -1.517863 -16.450413 -6.838149  -0.847522 -0.429691 -1.913504
55  0.000000 -0.000002 -0.000000  0.000000 -0.000000 -0.000002
56  0.000029 0.000027 0.000001  -1.571902 -0.044449 -0.106509
57  2.535665 -15.812863 -16.669729  1.570796 -0.000000 0.000000
58  -27.053112 17.680925 2.724173  1.570796 -0.000000 0.000000
59  2.236387 -0.189356 -5.367696  1.570796 -0.000000 0.000000
60  -0.004311 0.001230 -0.000371  0.006898 -0.005534 -0.284229
61  0.376268 10.084437 -2.887995  1.570796 -0.000000 0.000000
62  0.000000 0.000000 0.000000  -0.078727 -3.136056 0.284226
63  0.000000 0.000000 0.000000  1.562658 -0.006953 0.000743
64  -2.884406 -14.472879 -3.543704  1.328534 0.184696 -0.011497
65  0.020864 -0.834791 -4.400275  0.000000 -0.000000 -0.000000
66  0.020868 0.023234 30.873928  0.000000 -0.000000 -0.000000
67  0.020865 -0.185995 -10.278831  0.000000 -0.000000 -0.000000
68  -0.000000 0.209231 3.187961  0.000000 0.000000 -1.570796
69  0.000000 0.000001 0.559456  0.000000 -0.000000 -0.000000
70  0.020865 -0.110953 -1.554709  0.000000 -0.000000 -0.000000
71  -7.289937 -9.273468 -7.546501  1.152354 -0.010846 0.151119
72  -7.179295 -10.109921 -6.021423  1.152354 -0.010846 0.151119
73  -7.141918 -10.320692 -6.502604  1.152354 -0.010846 0.151119
74  -7.104507 -10.531668 -6.984250  1.152354 -0.010846 0.151119
75  -7.066740 -10.744644 -7.470465  1.152354 -0.010846 0.151119
76  -7.029029 -10.957310 -7.955966  1.152354 -0.010846 0.151119
time 28
0  0.000006 0.000000 0.000000  -1.570800 -1.391899 -1.570792
1  -5.247190 1.140902 2.232071  -1.544956 -1.855077 -0.198630
2  6.027524 -0.000322 0.000193  -0.658233 -0.933402 -1.736657
3  11.692111 0.000646 -0.000739  -0.619774 -0.000008 -1.245732
4  11.479801 -0.000002 -0.000901  1.165147 -0.389715 0.050691
5  3.859509 -0.142878 -1.192049  -0.564874 -0.363952 -1.824543
6  1.312592 0.000010 0.000008  -0.136228 -0.000981 -0.208342
7  0.729356 0.000053 0.000048  -0.007524 -0.009754 -0.114047
8  3.942144 0.046275 -0.431511  -0.498774 0.109385 -1.203070
9  1.539111 0.000082 0.000005  0.016536 -0.136924 -1.019669
10  1.196334 0.000145 0.000028  0.014917 0.002603 -0.521648
11  3.883507 -0.047268 0.431382  -0.286619 0.410095 -0.604649
12  1.719573 -0.000027 0.000015  0.078190 -0.160916 -1.549411
13  1.209181 0.000091 0.000013  -0.001081 -0.002986 -0.400010
14  4.085224 -0.082713 1.151041  0.124883 0.563536 0.134737
15  1.719449 -0.000011 0.000023  0.026136 -0.076896 -1.034307
16  1.099675 0.000046 0.000006  -0.076371 0.028724 -1.554213
17  0.869831 -1.165539 1.469030  -1.118174 -0.583361 -0.367719
18  1.789819 -0.000003 -0.000017  0.000681 -0.012392 0.724472
19  1.207014 -0.000012 -0.000044  0.001362 -0.000026 -0.113159
20  5.740637 0.000410 -0.000702  -0.116154 0.000003 0.000071
21  11.480968 0.000212 -0.000839  -0.071896 -0.060068 -0.017844
22  6.027524 -0.000329 0.000203  1.538527 -0.636774 1.459182
23  0.000002 11.692099 -0.000006  -0.876113 -0.342260 -0.706834
24  0.000004 0.000007 -0.000002  0.249313 -0.000031 1.570739
25  -0.000000 -0.000012 -0.000001  0.868957 0.000002 1.570712
26  -4.636372 -9.409594 0.376269  1.473120 1.855075 -0.198639
27  6.027499 -0.000275 -0.000231  1.621287 0.507597 0.667824
28  11.691992 0.000244 0.000855  0.584282 0.000051 -1.555402
29  11.479855 -0.000135 0.001087  -1.302712 0.085229 0.500397
30  3.859436 -0.132787 1.193061  0.503240 0.263615 -0.342299
31  1.312562 0.000026 -0.000001  -0.006675 0.010517 -0.116346
32  0.729344 0.000067 -0.000027  -0.002189 -0.000470 -0.170547
33  3.944010 0.017918 0.419097  -0.216639 0.322079 -0.164810
34  1.539095 0.000010 -0.000001  -0.030212 0.003439 -0.744236
35  1.196298 0.000074 -0.000002  0.002690 0.000004 -1.391898
36  3.883410 -0.050498 -0.431087  -0.216667 0.327071 -0.079976
37  1.719564 -0.000074 -0.000005  0.014183 -0.021242 -1.040574
38  1.209191 0.000032 0.000011  0.001403 -0.011064 -1.051647
39  3.806436 -0.112148 -1.295329  -0.669876 0.204032 -0.226620
40  1.719411 -0.000100 -0.000034  -0.092816 0.285149 -0.607996
41  1.099671 0.000022 0.000006  -0.025440 0.031566 0.034962
42  0.773673 -0.813979 -1.730947  1.006622 0.480538 -0.635093
43  1.789775 -0.000009 -0.000045  -0.006026 -0.008660 0.748673
44  1.206998 -0.000002 0.000009  0.001394 -0.000191 -0.061286
45  5.740572 0.000055 0.000724  0.034671 -0.000014 0.000021
46  11.480916 0.000009 0.000967  0.052193 0.007761 0.084514
47  6.027514 -0.000273 -0.000239  -0.610321 -0.558434 -0.548166
48  -0.000002 11.691977 -0.000006  -1.062130 0.506889 0.830638
49  0.000004 -0.000001 -0.000000  2.856810 -0.000041 1.570856
50  -0.000007 -0.000015 0.000005  2.272644 -0.000030 1.570865
51  -9.207137 -5.975403 -3.423158  1.980850 0.221437 -1.576699
52  0.000000 0.000000 0.000001  0.008153 -0.000259 0.000009
53  0.000000 -0.000000 -0.000000  1.565115 0.043565 -0.106862
54  -1.499426 -16.457222 -6.810438  -0.839516 -0.429359 -1.916234
55  0.000001 0.000001 -0.000000  0.000000 -0.000000 -0.000002
56  0.000030 0.000029 0.000001  -1.571901 -0.044449 -0.106509
57  2.585008 -15.774196 -16.683264  1.570796 -0.000000 0.000000
58  -27.599720 18.260288 3.877952  1.570796 -0.000000 0.000000
59  2.236387 -0.189356 -5.367696  1.570796 -0.000000 0.000000
60  -0.004311 0.001230 -0.000371  0.006898 -0.005534 -0.284229
61  0.376268 10.084437 -2.887995  1.570796 -0.000000 0.000000
62  0.000000 0.000000 0.000000  -0.078727 -3.136056 0.284226
63  0.000000 0.000000 0.000000  1.563452 -0.006674 0.000716
64  -2.890061 -14.473476 -3.529839  1.326436 0.177708 -0.011271
65  0.020864 -0.834790 -4.400272  0.000000 -0.000000 0.000000
66  0.020868 0.023235 30.873930  0.000000 -0.000000 0.000000
67  0.020865 -0.185994 -10.278831  0.000000 -0.000000 0.000000
68  0.000000 0.209232 3.187962  0.000000 0.000000 -1.570796
69  0.000000 0.000000 0.559456  0.000000 -0.000000 0.000000
70  0.020865 -0.110953 -1.554708  0.000000 -0.000000 0.000000
71  -6.942058 -9.181744 -5.750151  1.098786 -0.011143 0.152539
72  -6.843741 -9.936274 -4.182102  1.098786 -0.011143 0.152539
73  -6.802190 -10.172153 -4.651134  1.098786 -0.011143 0.152539
74  -6.760599 -10.408260 -5.120619  1.098786 -0.011143 0.152539
75  -6.718615 -10.646608 -5.594558  1.098786 -0.011143 0.152539
76  -6.676690 -10.884605 -6.067801  1.098786 -0.011143 0.152539
time 29
0  0.000006 0.000000 0.000000  -1.570800 -1.391899 -1.570792
1  -5.247190 1.140902 2.232071  -1.544956 -1.855077 -0.198630
2  6.027524 -0.000322 0.000193  -0.660652 -0.934057 -1.737506
3  11.692112 0.000645 -0.000739  -0.616819 -0.000008 -1.246796
4  11.479759 -0.000023 -0.000918  1.172335 -0.386670 0.055766
5  3.859507 -0.142880 -1.192049  -0.564874 -0.363952 -1.824543
6  1.312591 0.000013 0.000008  -0.136228 -0.000981 -0.208342
7  0.729354 0.000054 0.000048  -0.007524 -0.009754 -0.114047
8  3.942144 0.046273 -0.431512  -0.498774 0.109385 -1.203070
9  1.539110 0.000086 0.000004  0.016536 -0.136924 -1.019669
10  1.196332 0.000145 0.000029  0.014917 0.002603 -0.521648
11  3.883505 -0.047269 0.431381  -0.286619 0.410095 -0.604649
12  1.719573 -0.000026 0.000015  0.078190 -0.160916 -1.549411
13  1.209178 0.000091 0.000012  -0.001081 -0.002986 -0.400010
14  4.085222 -0.082715 1.151040  0.124883 0.563536 0.134737
15  1.719448 -0.000010 0.000022  0.026136 -0.076896 -1.034307
16  1.099675 0.000048 0.000005  -0.076371 0.028724 -1.554213
17  0.869831 -1.165540 1.469029  -1.118115 -0.583605 -0.367785
18  1.789819 -0.000002 -0.000018  0.000679 -0.012427 0.724960
19  1.207016 -0.000012 -0.000044  0.001366 -0.000026 -0.113029
20  5.740639 0.000411 -0.000703  -0.114261 0.000003 0.000071
21  11.480963 0.000207 -0.000842  -0.070444 -0.059555 -0.016434
22  6.027524 -0.000329 0.000203  1.540357 -0.636196 1.455300
23  0.000002 11.692100 -0.000007  -0.876768 -0.342788 -0.707300
24  0.000002 0.000007 -0.000001  0.252268 -0.000031 1.570739
25  -0.000001 -0.000011 -0.000002  0.868957 0.000002 1.570712
26  -4.636372 -9.409594 0.376269  1.473120 1.855075 -0.198639
27  6.027499 -0.000276 -0.000231  1.715331 0.491498 0.778871
28  11.691991 0.000243 0.000856  0.594548 0.000051 -1.544616
29  11.479934 -0.000083 0.001060  -1.209769 0.070975 0.487774
30  3.859436 -0.132788 1.193062  0.503240 0.263615 -0.342299
31  1.312560 0.000026 -0.000001  -0.006675 0.010517 -0.116346
32  0.729345 0.000068 -0.000027  -0.002189 -0.000470 -0.170547
33  3.944009 0.017918 0.419098  -0.216639 0.322079 -0.164810
34  1.539095 0.000010 0.000000  -0.030212 0.003439 -0.744236
35  1.196297 0.000074 -0.000003  0.002690 0.000004 -1.391898
36  3.883411 -0.050497 -0.431087  -0.216667 0.327071 -0.079976
37  1.719562 -0.000075 -0.000006  0.014183 -0.021242 -1.040574
38  1.209190 0.000029 0.000011  0.001403 -0.011064 -1.051647
39  3.806435 -0.112147 -1.295329  -0.669876 0.204032 -0.226620
40  1.719412 -0.000100 -0.000034  -0.092816 0.285148 -0.607996
41  1.099670 0.000020 0.000005  -0.025439 0.031566 0.034962
42  0.773673 -0.813979 -1.730947  1.006623 0.480538 -0.635093
43  1.789776 -0.000009 -0.000045  -0.006027 -0.008660 0.748673
44  1.206997 -0.000002 0.000009  0.001394 -0.000191 -0.061286
45  5.740572 0.000055 0.000724  0.058272 -0.000014 0.000021
46  11.480930 0.000020 0.000961  0.071026 0.008968 0.080427
47  6.027514 -0.000273 -0.000239  -0.562731 -0.485139 -0.505934
48  -0.000001 11.691975 -0.000006  -1.055774 0.500818 0.826744
49  0.000003 -0.000000 -0.000000  2.867077 -0.000041 1.570856
50  -0.000006 -0.000016 0.000005  2.272644 -0.000030 1.570865
51  -8.778136 -5.966430 -1.822631  2.023444 0.151669 -1.558644
52  0.000000 0.000000 -0.000001  0.008153 -0.000259 0.000009
53  -0.000000 0.000000 0.000000  1.565115 0.043565 -0.106862
54  -1.471648 -16.464525 -6.775600  -0.828891 -0.429207 -1.918203
55  0.000001 -0.000000 -0.000001  0.000000 -0.000000 -0.000002
56  0.000031 0.000029 0.000000  -1.571901 -0.044449 -0.106509
57  2.615054 -15.741059 -16.691071  1.570796 -0.000000 0.000000
58  -28.069233 18.762466 4.887096  1.570796 -0.000000 0.000000
59  2.236387 -0.189356 -5.367696  1.570796 -0.000000 0.000000
60  -0.004311 0.001230 -0.000371  0.006898 -0.005534 -0.284229
61  0.376268 10.084437 -2.887995  1.570796 -0.000000 0.000000
62  0.000000 0.000000 0.000000  -0.078727 -3.136056 0.284226
63  0.000000 0.000000 0.000000  1.563813 -0.006808 0.000788
64  -2.897053 -14.473973 -3.514104  1.323347 0.168537 -0.009349
65  0.020864 -0.834791 -4.400273  -0.000000 -0.000000 -0.000000
66  0.020868 0.023234 30.873932  -0.000000 -0.000000 -0.000000
67  0.020865 -0.185995 -10.278831  -0.000000 -0.000000 -0.000000
68  0.000000 0.209232 3.187962  0.000000 0.000000 -1.570796
69  0.000001 0.000001 0.559456  -0.000000 -0.000000 -0.000000
70  0.020865 -0.110953 -1.554708  -0.000000 -0.000000 -0.000000
71  -6.388753 -9.299915 -3.823837  1.023364 -0.041714 0.164681
72  -6.350454 -9.942715 -2.204238  1.023364 -0.041714 0.164681
73  -6.287017 -10.210051 -2.653532  1.023364 -0.041714 0.164681
74  -6.223518 -10.477644 -3.103260  1.023364 -0.041714 0.164681
75  -6.159418 -10.747774 -3.557254  1.023364 -0.041714 0.164681
76  -6.095411 -11.017509 -4.010582  1.023364 -0.041714 0.164681
time 30
0  0.000006 0.000000 0.000000  -1.570800 -1.391899 -1.570792
1  -5.247190 1.140902 2.232071  -1.544956 -1.855077 -0.198630
2  6.027524 -0.000322 0.000193  -0.664168 -0.934143 -1.739021
3  11.692110 0.000646 -0.000740  -0.615874 -0.000008 -1.248285
4  11.479695 -0.000053 -0.000937  1.185090 -0.383005 0.060680
5  3.859508 -0.142879 -1.192049  -0.564874 -0.363952 -1.824543
6  1.312592 0.000013 0.000008  -0.136228 -0.000981 -0.208342
7  0.729353 0.000054 0.000050  -0.007524 -0.009754 -0.114047
8  3.942143 0.046274 -0.431512  -0.498774 0.109385 -1.203070
9  1.539111 0.000084 0.000006  0.016536 -0.136924 -1.019669
10  1.196334 0.000145 0.000028  0.014917 0.002603 -0.521648
11  3.883505 -0.047268 0.431382  -0.286619 0.410095 -0.604649
12  1.719571 -0.000029 0.000014  0.078190 -0.160916 -1.549411
13  1.209179 0.000091 0.000011  -0.001081 -0.002986 -0.400010
14  4.085222 -0.082716 1.151041  0.124883 0.563536 0.134737
15  1.719450 -0.000012 0.000022  0.026136 -0.076896 -1.034308
16  1.099675 0.000047 0.000006  -0.076371 0.028724 -1.554212
17  0.869829 -1.165540 1.469030  -1.118056 -0.583851 -0.367851
18  1.789819 -0.000004 -0.000019  0.000677 -0.012461 0.725433
19  1.207014 -0.000012 -0.000043  0.001369 -0.000026 -0.112897
20  5.740637 0.000410 -0.000702  -0.111187 0.000003 0.000070
21  11.480949 0.000201 -0.000846  -0.067935 -0.058854 -0.014799
22  6.027524 -0.000329 0.000203  1.542958 -0.636212 1.449412
23  0.000002 11.692099 -0.000005  -0.877686 -0.343527 -0.707953
24  0.000002 0.000008 -0.000001  0.253213 -0.000030 1.570739
25  -0.000001 -0.000012 -0.000000  0.868957 0.000002 1.570712
26  -4.636372 -9.409594 0.376269  1.473120 1.855075 -0.198639
27  6.027500 -0.000277 -0.000230  1.796660 0.510190 0.878368
28  11.691993 0.000244 0.000856  0.602071 0.000047 -1.489057
29  11.480369 0.000145 0.000911  -1.110496 0.036619 0.467972
30  3.859436 -0.132787 1.193063  0.503240 0.263615 -0.342300
31  1.312561 0.000026 -0.000000  -0.006675 0.010517 -0.116346
32  0.729344 0.000068 -0.000028  -0.002189 -0.000470 -0.170547
33  3.944010 0.017918 0.419098  -0.216639 0.322079 -0.164810
34  1.539094 0.000010 -0.000000  -0.030212 0.003439 -0.744236
35  1.196298 0.000076 -0.000003  0.002690 0.000004 -1.391898
36  3.883409 -0.050498 -0.431086  -0.216667 0.327071 -0.079976
37  1.719563 -0.000075 -0.000005  0.014183 -0.021242 -1.040574
38  1.209191 0.000032 0.000010  0.001403 -0.011064 -1.051647
39  3.806436 -0.112147 -1.295329  -0.669876 0.204032 -0.226620
40  1.719412 -0.000101 -0.000034  -0.092816 0.285148 -0.607996
41  1.099670 0.000021 0.000006  -0.025439 0.031566 0.034962
42  0.773673 -0.813979 -1.730947  1.006623 0.480538 -0.635093
43  1.789774 -0.000009 -0.000045  -0.006027 -0.008660 0.748673
44  1.206997 -0.000001 0.000009  0.001394 -0.000191 -0.061286
45  5.740573 0.000056 0.000724  0.083650 -0.000014 0.000021
46  11.481019 0.000066 0.000932  0.092063 0.006180 0.075689
47  6.027514 -0.000273 -0.000239  -0.561900 -0.411401 -0.445867
48  -0.000000 11.691974 -0.000005  -1.022927 0.469897 0.806195
49  0.000003 -0.000001 -0.000000  2.874601 -0.000041 1.570856
50  -0.000006 -0.000016 0.000005  2.272644 -0.000030 1.570865
51  -8.152492 -6.273123 -0.527768  2.082234 0.112183 -1.535441
52  -0.000001 -0.000000 0.000000  0.008153 -0.000259 0.000009
53  0.000000 0.000000 0.000001  1.565115 0.043565 -0.106862
54  -1.437172 -16.472137 -6.735695  -0.816182 -0.428958 -1.920135
55  0.000001 -0.000001 0.000000  0.000000 -0.000000 -0.000002
56  0.000030 0.000028 0.000001  -1.571901 -0.044449 -0.106509
57  2.624968 -15.713841 -16.693546  1.570796 -0.000000 0.000000
58  -28.453735 19.177004 5.726622  1.570796 -0.000000 0.000000
59  2.236387 -0.189356 -5.367696  1.570796 -0.000000 0.000000
60  -0.004311 0.001230 -0.000371  0.006898 -0.005534 -0.284229
61  0.376268 10.084437 -2.887995  1.570796 -0.000000 0.000000
62  0.000000 0.000000 0.000000  -0.078727 -3.136056 0.284226
63  0.000000 0.000000 0.000000  1.563724 -0.007057 0.000969
64  -2.904845 -14.474380 -3.497435  1.319675 0.157560 -0.006590
65  0.020864 -0.834791 -4.400273  0.000000 -0.000000 -0.000000
66  0.020868 0.023236 30.873928  0.000000 -0.000000 -0.000000
67  0.020865 -0.185995 -10.278830  0.000000 -0.000000 -0.000000
68  -0.000000 0.209231 3.187961  0.000000 0.000000 -1.570796
69  -0.000000 0.000000 0.559456  0.000000 -0.000000 -0.000000
70  0.020865 -0.110953 -1.554708  0.000000 -0.000000 -0.000000
71  -5.600878 -9.639418 -2.255029  0.975505 -0.093439 0.183382
72  -5.649726 -10.220163 -0.612437  0.975505 -0.093439 0.183382
73  -5.555869 -10.503109 -1.046591  0.975505 -0.093439 0.183382
74  -5.461923 -10.786329 -1.481164  0.975505 -0.093439 0.183382
75  -5.367085 -11.072235 -1.919859  0.975505 -0.093439 0.183382
76  -5.272387 -11.357723 -2.357911  0.975505 -0.093439 0.183382
time 31
0  0.000006 0.000000 0.000000  -1.570800 -1.391899 -1.570792
1  -5.247190 1.140902 2.232071  -1.544956 -1.855077 -0.198630
2  6.027524 -0.000322 0.000193  -0.668495 -0.933881 -1.740667
3  11.692111 0.000646 -0.000739  -0.615876 -0.000009 -1.250289
4  11.479614 -0.000091 -0.000961  1.201035 -0.379302 0.066006
5  3.859510 -0.142877 -1.192049  -0.564874 -0.363952 -1.824543
6  1.312590 0.000012 0.000008  -0.136228 -0.000981 -0.208342
7  0.729356 0.000054 0.000050  -0.007524 -0.009754 -0.114047
8  3.942142 0.046274 -0.431512  -0.498774 0.109385 -1.203070
9  1.539111 0.000085 0.000005  0.016536 -0.136924 -1.019669
10  1.196332 0.000145 0.000028  0.014917 0.002603 -0.521648
11  3.883507 -0.047267 0.431381  -0.286619 0.410095 -0.604649
12  1.719573 -0.000026 0.000015  0.078190 -0.160916 -1.549411
13  1.209179 0.000090 0.000013  -0.001081 -0.002986 -0.400010
14  4.085223 -0.082713 1.151040  0.124883 0.563536 0.134737
15  1.719450 -0.000011 0.000022  0.026136 -0.076896 -1.034307
16  1.099675 0.000047 0.000007  -0.076371 0.028724 -1.554213
17  0.869829 -1.165540 1.469029  -1.117996 -0.584097 -0.367918
18  1.789819 -0.000004 -0.000019  0.000675 -0.012492 0.725892
19  1.207015 -0.000013 -0.000044  0.001373 -0.000027 -0.112766
20  5.740636 0.000409 -0.000702  -0.107438 0.000003 0.000070
21  11.480934 0.000192 -0.000850  -0.064801 -0.058114 -0.012951
22  6.027524 -0.000329 0.000203  1.546140 -0.636588 1.442397
23  0.000002 11.692100 -0.000006  -0.878920 -0.344523 -0.708830
24  0.000001 0.000008 -0.000000  0.253211 -0.000030 1.570739
25  -0.000001 -0.000011 -0.000002  0.868957 0.000002 1.570712
26  -4.636372 -9.409594 0.376269  1.473120 1.855075 -0.198639
27  6.027501 -0.000278 -0.000229  1.850206 0.566587 0.956575
28  11.691992 0.000242 0.000855  0.607257 0.000040 -1.398704
29  11.479757 -0.000081 0.001071  -1.055540 -0.036849 0.445743
30  3.859436 -0.132788 1.193061  0.503240 0.263615 -0.342300
31  1.312561 0.000028 0.000000  -0.006675 0.010517 -0.116346
32  0.729343 0.000067 -0.000027  -0.002188 -0.000470 -0.170547
33  3.944009 0.017918 0.419097  -0.216639 0.322079 -0.164810
34  1.539094 0.000010 0.000000  -0.030212 0.003439 -0.744236
35  1.196298 0.000074 -0.000003  0.002690 0.000004 -1.391898
36  3.883411 -0.050498 -0.431088  -0.216667 0.327071 -0.079976
37  1.719564 -0.000075 -0.000004  0.014183 -0.021242 -1.040574
38  1.209190 0.000031 0.000010  0.001403 -0.011064 -1.051647
39  3.806436 -0.112148 -1.295330  -0.669876 0.204032 -0.226620
40  1.719412 -0.000101 -0.000034  -0.092816 0.285148 -0.607996
41  1.099670 0.000020 0.000006  -0.025439 0.031566 0.034962
42  0.773673 -0.813979 -1.730948  1.006623 0.480538 -0.635093
43  1.789775 -0.000010 -0.000045  -0.006027 -0.008660 0.748673
44  1.206997 -0.000001 0.000009  0.001394 -0.000191 -0.061286
45  5.740571 0.000056 0.000724  0.100152 -0.000014 0.000021
46  11.480895 0.000020 0.000964  0.106129 -0.006488 0.073188
47  6.027514 -0.000273 -0.000239  -0.609040 -0.353259 -0.377535
48  -0.000003 11.691975 -0.000005  -0.969049 0.420944 0.771063
49  0.000004 -0.000001 -0.000000  2.879789 -0.000041 1.570856
50  -0.000007 -0.000015 0.000006  2.272644 -0.000030 1.570865
51  -7.457305 -6.912166 0.164637  2.112408 0.141276 -1.516073
52  -0.000000 0.000000 -0.000000  0.008153 -0.000259 0.000009
53  -0.000000 -0.000000 -0.000001  1.565115 0.043565 -0.106862
54  -1.396986 -16.478752 -6.692810  -0.801930 -0.428338 -1.921916
55  0.000001 0.000000 -0.000001  0.000000 -0.000000 -0.000002
56  0.000030 0.000029 0.000000  -1.571901 -0.044449 -0.106509
57  2.623163 -15.691375 -16.690031  1.570796 -0.000000 0.000000
58  -28.749535 19.498131 6.381346  1.570796 -0.000000 0.000000
59  2.236387 -0.189356 -5.367696  1.570796 -0.000000 0.000000
60  -0.004311 0.001230 -0.000371  0.006898 -0.005534 -0.284229
61  0.376268 10.084437 -2.887995  1.570796 -0.000000 0.000000
62  0.000000 0.000000 0.000000  -0.078727 -3.136056 0.284226
63  0.000000 0.000000 0.000000  1.563488 -0.007190 0.001205
64  -2.912905 -14.474706 -3.480765  1.315825 0.145153 -0.003027
65  0.020864 -0.834790 -4.400274  -0.000000 0.000000 -0.000000
66  0.020868 0.023234 30.873932  -0.000000 0.000000 -0.000000
67  0.020865 -0.185995 -10.278831  -0.000000 0.000000 -0.000000
68  -0.000000 0.209231 3.187962  -0.000000 0.000000 -1.570796
69  0.000000 -0.000000 0.559456  -0.000000 0.000000 -0.000000
70  0.020865 -0.110953 -1.554707  -0.000000 0.000000 -0.000000
71  -4.804286 -10.185048 -1.589167  1.000122 -0.127258 0.196223
72  -4.890391 -10.816492 0.033061  1.000122 -0.127258 0.196223
73  -4.779756 -11.084559 -0.406549  1.000122 -0.127258 0.196223
74  -4.669014 -11.352887 -0.846582  1.000122 -0.127258 0.196223
75  -4.557222 -11.623760 -1.290790  1.000122 -0.127258 0.196223
76  -4.445594 -11.894236 -1.734347  1.000122 -0.127258 0.196223
time 32
0  0.000006 0.000000 0.000000  -1.570800 -1.391899 -1.570792
1  -5.247190 1.140902 2.232071  -1.544956 -1.855077 -0.198630
2  6.027524 -0.000322 0.000193  -0.673364 -0.933479 -1.741909
3  11.692112 0.000644 -0.000740  -0.615894 -0.000009 -1.252893
4  11.479505 -0.000140 -0.000997  1.217958 -0.376107 0.072234
5  3.859509 -0.142880 -1.192049  -0.564874 -0.363952 -1.824543
6  1.312590 0.000012 0.000008  -0.136228 -0.000981 -0.208342
7  0.729356 0.000054 0.000047  -0.007524 -0.009754 -0.114047
8  3.942143 0.046273 -0.431511  -0.498774 0.109385 -1.203070
9  1.539110 0.000081 0.000004  0.016536 -0.136924 -1.019669
10  1.196331 0.000146 0.000028  0.014917 0.002603 -0.521648
11  3.883503 -0.047271 0.431382  -0.286619 0.410095 -0.604649
12  1.719573 -0.000025 0.000016  0.078190 -0.160916 -1.549411
13  1.209179 0.000091 0.000011  -0.001081 -0.002986 -0.400010
14  4.085220 -0.082717 1.151042  0.124883 0.563536 0.134737
15  1.719448 -0.000012 0.000023  0.026136 -0.076896 -1.034307
16  1.099675 0.000047 0.000005  -0.076371 0.028724 -1.554212
17  0.869831 -1.165540 1.469030  -1.117936 -0.584345 -0.367985
18  1.789820 -0.000002 -0.000018  0.000672 -0.012521 0.726338
19  1.207016 -0.000011 -0.000044  0.001376 -0.000027 -0.112633
20  5.740636 0.000411 -0.000703  -0.103495 0.000003 0.000070
21  11.480909 0.000184 -0.000858  -0.061447 -0.057475 -0.010907
22  6.027524 -0.000329 0.000203  1.549720 -0.637101 1.435112
23  0.000002 11.692099 -0.000006  -0.880524 -0.345818 -0.709969
24  0.000002 0.000008 -0.000001  0.253193 -0.000031 1.570739
25  -0.000000 -0.000011 -0.000000  0.868957 0.000002 1.570712
26  -4.636372 -9.409594 0.376269  1.473120 1.855075 -0.198639
27  6.027502 -0.000278 -0.000228  1.890468 0.639038 1.021828
28  11.691992 0.000243 0.000855  0.610514 0.000034 -1.304158
29  11.480344 0.000180 0.000889  -1.055667 -0.138785 0.450219
30  3.859436 -0.132787 1.193061  0.503240 0.263615 -0.342299
31  1.312561 0.000027 -0.000000  -0.006675 0.010517 -0.116346
32  0.729344 0.000068 -0.000027  -0.002189 -0.000470 -0.170547
33  3.944010 0.017919 0.419097  -0.216639 0.322079 -0.164810
34  1.539094 0.000009 0.000001  -0.030212 0.003439 -0.744236
35  1.196298 0.000075 -0.000004  0.002690 0.000004 -1.391898
36  3.883410 -0.050498 -0.431087  -0.216667 0.327071 -0.079976
37  1.719564 -0.000074 -0.000003  0.014183 -0.021242 -1.040574
38  1.209191 0.000031 0.000010  0.001403 -0.011064 -1.051647
39  3.806437 -0.112147 -1.295330  -0.669876 0.204032 -0.226620
40  1.719411 -0.000101 -0.000033  -0.092816 0.285149 -0.607996
41  1.099671 0.000021 0.000006  -0.025439 0.031566 0.034962
42  0.773674 -0.813978 -1.730947  1.006623 0.480538 -0.635093
43  1.789775 -0.000010 -0.000045  -0.006027 -0.008660 0.748673
44  1.206995 -0.000001 0.000009  0.001394 -0.000191 -0.061286
45  5.740571 0.000056 0.000724  0.105354 -0.000014 0.000021
46  11.481012 0.000072 0.000927  0.110575 -0.026133 0.077906
47  6.027514 -0.000273 -0.000239  -0.675257 -0.304052 -0.313740
48  -0.000001 11.691976 -0.000005  -0.911880 0.371639 0.732076
49  0.000002 -0.000001 -0.000000  2.883050 -0.000041 1.570856
50  -0.000006 -0.000015 0.000005  2.272644 -0.000030 1.570865
51  -6.691679 -7.626184 0.431571  2.094789 0.220398 -1.522323
52  -0.000000 -0.000000 -0.000000  0.008153 -0.000259 0.000009
53  0.000000 0.000000 -0.000000  1.565115 0.043565 -0.106862
54  -1.352071 -16.483105 -6.649085  -0.786675 -0.427077 -1.923436
55  -0.000001 0.000001 -0.000000  0.000000 -0.000000 -0.000002
56  0.000029 0.000030 0.000000  -1.571902 -0.044449 -0.106509
57  2.617707 -15.672555 -16.679314  1.570796 -0.000000 0.000000
58  -28.956539 19.724228 6.845008  1.570796 -0.000000 0.000000
59  2.236387 -0.189356 -5.367696  1.570796 -0.000000 0.000000
60  -0.004311 0.001230 -0.000371  0.006898 -0.005534 -0.284229
61  0.376268 10.084437 -2.887995  1.570796 -0.000000 0.000000
62  0.000000 0.000000 0.000000  -0.078727 -3.136056 0.284226
63  0.000000 0.000000 0.000000  1.563156 -0.006982 0.001440
64  -2.920698 -14.474959 -3.465030  1.312202 0.131685 0.001281
65  0.020864 -0.834791 -4.400272  -0.000000 -0.000000 -0.000000
66  0.020868 0.023235 30.873928  -0.000000 -0.000000 -0.000000
67  0.020865 -0.185995 -10.278830  -0.000000 -0.000000 -0.000000
68  -0.000000 0.209231 3.187961  0.000000 0.000000 -1.570796
69  0.000000 -0.000000 0.559456  -0.000000 -0.000000 -0.000000
70  0.020865 -0.110953 -1.554708  -0.000000 -0.000000 -0.000000
71  -4.089338 -10.758089 -1.628790  1.081501 -0.120970 0.183065
72  -4.143417 -11.514054 -0.059284  1.081501 -0.120970 0.183065
73  -4.043198 -11.747231 -0.520740  1.081501 -0.120970 0.183065
74  -3.942881 -11.980636 -0.982641  1.081501 -0.120970 0.183065
75  -3.841613 -12.216252 -1.448924  1.081501 -0.120970 0.183065
76  -3.740494 -12.451524 -1.914523  1.081501 -0.120970 0.183065
time 33
0  0.000006 0.000000 0.000000  -1.570800 -1.391899 -1.570792
1  -5.247190 1.140902 2.232071  -1.544956 -1.855077 -0.198630
2  6.027524 -0.000322 0.000193  -0.678722 -0.932855 -1.742585
3  11.692110 0.000645 -0.000739  -0.615947 -0.000009 -1.256178
4  11.479372 -0.000198 -0.001039  1.235230 -0.373734 0.079457
5  3.859508 -0.142879 -1.192050  -0.564874 -0.363952 -1.824543
6  1.312592 0.000012 0.000008  -0.136228 -0.000981 -0.208342
7  0.729356 0.000053 0.000049  -0.007524 -0.009754 -0.114047
8  3.942141 0.046273 -0.431512  -0.498774 0.109385 -1.203070
9  1.539112 0.000084 0.000005  0.016536 -0.136924 -1.019669
10  1.196333 0.000145 0.000030  0.014917 0.002603 -0.521648
11  3.883505 -0.047268 0.431381  -0.286619 0.410095 -0.604649
12  1.719573 -0.000028 0.000015  0.078190 -0.160916 -1.549411
13  1.209177 0.000091 0.000012  -0.001081 -0.002986 -0.400010
14  4.085221 -0.082715 1.151040  0.124883 0.563536 0.134737
15  1.719449 -0.000011 0.000022  0.026136 -0.076896 -1.034307
16  1.099675 0.000050 0.000005  -0.076371 0.028724 -1.554212
17  0.869830 -1.165539 1.469028  -1.117877 -0.584593 -0.368053
18  1.789819 -0.000003 -0.000018  0.000670 -0.012549 0.726772
19  1.207015 -0.000012 -0.000042  0.001379 -0.000027 -0.112501
20  5.740637 0.000411 -0.000703  -0.099510 0.000003 0.000070
21  11.480885 0.000172 -0.000867  -0.057988 -0.057003 -0.008683
22  6.027524 -0.000329 0.000203  1.553663 -0.637827 1.427784
23  0.000001 11.692099 -0.000007  -0.882546 -0.347455 -0.711403
24  0.000002 0.000007 -0.000001  0.253140 -0.000030 1.570738
25  -0.000000 -0.000012 -0.000001  0.868957 0.000002 1.570712
26  -4.636372 -9.409594 0.376269  1.473120 1.855075 -0.198639
27  6.027503 -0.000278 -0.000228  1.938663 0.700197 1.089498
28  11.691989 0.000245 0.000856  0.612224 0.000029 -1.221092
29  11.480019 0.000096 0.000951  -1.087879 -0.261509 0.491486
30  3.859436 -0.132788 1.193062  0.503240 0.263615 -0.342299
31  1.312560 0.000027 0.000000  -0.006675 0.010517 -0.116346
32  0.729344 0.000067 -0.000028  -0.002188 -0.000470 -0.170547
33  3.944008 0.017918 0.419098  -0.216639 0.322079 -0.164810
34  1.539095 0.000010 0.000000  -0.030212 0.003439 -0.744236
35  1.196298 0.000075 -0.000004  0.002690 0.000004 -1.391898
36  3.883410 -0.050498 -0.431087  -0.216667 0.327071 -0.079976
37  1.719562 -0.000075 -0.000005  0.014183 -0.021242 -1.040574
38  1.209190 0.000031 0.000011  0.001403 -0.011064 -1.051647
39  3.806436 -0.112148 -1.295329  -0.669876 0.204032 -0.226620
40  1.719410 -0.000101 -0.000032  -0.092816 0.285149 -0.607996
41  1.099670 0.000020 0.000006  -0.025440 0.031566 0.034962
42  0.773673 -0.813979 -1.730947  1.006623 0.480538 -0.635094
43  1.789776 -0.000010 -0.000045  -0.006027 -0.008660 0.748673
44  1.206997 -0.000001 0.000008  0.001394 -0.000191 -0.061286
45  5.740572 0.000056 0.000724  0.105781 -0.000014 0.000021
46  11.480947 0.000055 0.000940  0.110291 -0.049868 0.090124
47  6.027514 -0.000273 -0.000239  -0.728343 -0.253426 -0.261387
48  0.000000 11.691973 -0.000006  -0.860839 0.330093 0.695979
49  0.000002 -0.000000 -0.000000  2.884763 -0.000041 1.570856
50  -0.000006 -0.000016 0.000004  2.272644 -0.000030 1.570865
51  -5.905001 -8.175116 0.715103  2.045247 0.317730 -1.564095
52  -0.000000 -0.000000 0.000000  0.008153 -0.000259 0.000009
53  -0.000000 -0.000000 0.000000  1.565115 0.043565 -0.106862
54  -1.303397 -16.484015 -6.606729  -0.770960 -0.424909 -1.924589
55  -0.000001 -0.000001 0.000000  0.000000 -0.000000 -0.000002
56  0.000028 0.000028 0.000001  -1.571901 -0.044449 -0.106509
57  2.608603 -15.657365 -16.661232  1.570796 -0.000000 0.000000
58  -29.077372 19.856911 7.118467  1.570796 -0.000000 0.000000
59  2.236387 -0.189356 -5.367696  1.570796 -0.000000 0.000000
60  -0.004311 0.001230 -0.000371  0.006898 -0.005534 -0.284229
61  0.376268 10.084437 -2.887995  1.570796 -0.000000 0.000000
62  0.000000 0.000000 0.000000  -0.078727 -3.136056 0.284226
63  0.000000 0.000000 0.000000  1.562777 -0.006415 0.001619
64  -2.927689 -14.475150 -3.451165  1.309209 0.117519 0.006249
65  0.020864 -0.834790 -4.400274  0.000000 -0.000000 -0.000000
66  0.020868 0.023233 30.873932  0.000000 -0.000000 -0.000000
67  0.020865 -0.185994 -10.278831  0.000000 -0.000000 -0.000000
68  0.000000 0.209231 3.187961  -0.000000 0.000000 -1.570796
69  0.000000 -0.000000 0.559456  0.000000 -0.000000 -0.000000
70  0.020865 -0.110953 -1.554709  0.000000 -0.000000 -0.000000
71  -3.504748 -11.160428 -1.765380  1.184939 -0.086778 0.143744
72  -3.505247 -12.062622 -0.274136  1.184939 -0.086778 0.143744
73  -3.435002 -12.252726 -0.760226  1.184939 -0.086778 0.143744
74  -3.364689 -12.443014 -1.246785  1.184939 -0.086778 0.143744
75  -3.293710 -12.635107 -1.737960  1.184939 -0.086778 0.143744
76  -3.222834 -12.826918 -2.228415  1.184939 -0.086778 0.143744
time 34
0  0.000006 0.000000 0.000000  -1.570800 -1.391899 -1.570792
1  -5.247190 1.140902 2.232071  -1.544956 -1.855077 -0.198630
2  6.027524 -0.000322 0.000193  -0.684526 -0.931922 -1.742532
3  11.692110 0.000646 -0.000739  -0.616059 -0.000009 -1.260218
4  11.479212 -0.000270 -0.001088  1.252232 -0.372474 0.087756
5  3.859511 -0.142880 -1.192049  -0.564874 -0.363952 -1.824543
6  1.312590 0.000011 0.000007  -0.136228 -0.000981 -0.208342
7  0.729355 0.000054 0.000049  -0.007524 -0.009754 -0.114047
8  3.942145 0.046273 -0.431511  -0.498774 0.109385 -1.203070
9  1.539111 0.000084 0.000006  0.016536 -0.136924 -1.019669
10  1.196334 0.000145 0.000029  0.014917 0.002603 -0.521648
11  3.883507 -0.047269 0.431382  -0.286619 0.410095 -0.604649
12  1.719573 -0.000027 0.000015  0.078190 -0.160916 -1.549411
13  1.209178 0.000090 0.000013  -0.001081 -0.002986 -0.400010
14  4.085226 -0.082715 1.151041  0.124883 0.563536 0.134737
15  1.719451 -0.000010 0.000022  0.026135 -0.076896 -1.034308
16  1.099675 0.000048 0.000005  -0.076371 0.028724 -1.554212
17  0.869831 -1.165541 1.469030  -1.117816 -0.584842 -0.368121
18  1.789819 -0.000004 -0.000019  0.000668 -0.012576 0.727194
19  1.207014 -0.000012 -0.000044  0.001382 -0.000027 -0.112368
20  5.740636 0.000410 -0.000703  -0.095632 0.000003 0.000070
21  11.480851 0.000158 -0.000876  -0.054535 -0.056760 -0.006292
22  6.027524 -0.000329 0.000203  1.557939 -0.638847 1.420628
23  0.000001 11.692099 -0.000007  -0.885030 -0.349471 -0.713163
24  0.000003 0.000009 -0.000001  0.253029 -0.000030 1.570739
25  -0.000001 -0.000012 -0.000002  0.868957 0.000002 1.570712
26  -4.636372 -9.409594 0.376269  1.473120 1.855075 -0.198639
27  6.027503 -0.000278 -0.000227  1.979594 0.740976 1.142324
28  11.691991 0.000243 0.000856  0.612725 0.000026 -1.167520
29  11.480273 0.000197 0.000878  -1.140295 -0.359270 0.560708
30  3.859436 -0.132787 1.193062  0.503240 0.263615 -0.342299
31  1.312560 0.000028 0.000000  -0.006675 0.010517 -0.116346
32  0.729344 0.000067 -0.000027  -0.002189 -0.000470 -0.170547
33  3.944010 0.017918 0.419098  -0.216639 0.322079 -0.164810
34  1.539095 0.000010 -0.000000  -0.030212 0.003439 -0.744236
35  1.196298 0.000074 -0.000003  0.002690 0.000004 -1.391898
36  3.883410 -0.050498 -0.431087  -0.216667 0.327071 -0.079976
37  1.719563 -0.000076 -0.000005  0.014183 -0.021242 -1.040574
38  1.209190 0.000031 0.000010  0.001403 -0.011064 -1.051647
39  3.806436 -0.112147 -1.295329  -0.669876 0.204032 -0.226620
40  1.719413 -0.000101 -0.000034  -0.092816 0.285148 -0.607996
41  1.099671 0.000021 0.000006  -0.025439 0.031566 0.034962
42  0.773673 -0.813979 -1.730947  1.006623 0.480538 -0.635093
43  1.789776 -0.000009 -0.000045  -0.006027 -0.008660 0.748673
44  1.206996 -0.000001 0.000009  0.001394 -0.000191 -0.061286
45  5.740571 0.000055 0.000724  0.102375 -0.000014 0.000021
46  11.480998 0.000075 0.000925  0.106436 -0.068921 0.105742
47  6.027514 -0.000273 -0.000239  -0.762729 -0.214829 -0.227596
48  -0.000001 11.691975 -0.000005  -0.827465 0.304243 0.671797
49  0.000003 -0.000001 -0.000000  2.885267 -0.000041 1.570856
50  -0.000007 -0.000015 0.000005  2.272644 -0.000030 1.570865
51  -5.268591 -8.490472 0.902141  1.979929 0.396571 -1.630753
52  0.000001 -0.000000 0.000000  0.008153 -0.000259 0.000009
53  0.000000 0.000000 -0.000000  1.565115 0.043565 -0.106862
54  -1.251922 -16.480381 -6.568020  -0.755329 -0.421575 -1.925280
55  -0.000002 0.000000 0.000001  0.000000 -0.000000 -0.000002
56  0.000028 0.000029 0.000002  -1.571901 -0.044449 -0.106509
57  2.595971 -15.645665 -16.635815  1.570796 -0.000000 0.000000
58  -29.116474 19.900032 7.207697  1.570796 -0.000000 0.000000
59  2.236387 -0.189356 -5.367696  1.570796 -0.000000 0.000000
60  -0.004311 0.001230 -0.000371  0.006898 -0.005534 -0.284229
61  0.376268 10.084437 -2.887995  1.570796 -0.000000 0.000000
62  0.000000 0.000000 0.000000  -0.078727 -3.136056 0.284226
63  0.000000 0.000000 0.000000  1.562398 -0.005573 0.001689
64  -2.933344 -14.475286 -3.440104  1.307252 0.103013 0.011763
65  0.020864 -0.834791 -4.400272  -0.000000 0.000000 -0.000000
66  0.020868 0.023235 30.873930  -0.000000 0.000000 -0.000000
67  0.020865 -0.185994 -10.278831  -0.000000 0.000000 -0.000000
68  -0.000000 0.209232 3.187962  -0.000000 -0.000000 -1.570796
69  -0.000000 0.000001 0.559456  -0.000000 0.000000 -0.000000
70  0.020865 -0.110953 -1.554707  -0.000000 0.000000 -0.000000
71  -3.154227 -11.360129 -1.947531  1.271964 -0.037632 0.094532
72  -3.110940 -12.380138 -0.534922  1.271964 -0.037632 0.094532
73  -3.077453 -12.532707 -1.037871  1.271964 -0.037632 0.094532
74  -3.043934 -12.685421 -1.541307  1.271964 -0.037632 0.094532
75  -3.010098 -12.839584 -2.049520  1.271964 -0.037632 0.094532
76  -2.976310 -12.993523 -2.556986  1.271964 -0.037632 0.094532
time 35
0  0.000006 0.000000 0.000000  -1.570800 -1.391899 -1.570792
1  -5.247190 1.140902 2.232071  -1.544956 -1.855077 -0.198630
2  6.027524 -0.000322 0.000193  -0.690903 -0.930488 -1.741386
3  11.692110 0.000645 -0.000739  -0.616256 -0.000009 -1.265362
4  11.480781 0.000377 -0.000632  1.268332 -0.372672 0.097314
5  3.859508 -0.142879 -1.192049  -0.564874 -0.363952 -1.824543
6  1.312592 0.000011 0.000007  -0.136228 -0.000981 -0.208342
7  0.729355 0.000053 0.000050  -0.007524 -0.009753 -0.114047
8  3.942142 0.046273 -0.431512  -0.498774 0.109385 -1.203070
9  1.539111 0.000083 0.000005  0.016536 -0.136924 -1.019669
10  1.196332 0.000146 0.000030  0.014917 0.002603 -0.521648
11  3.883504 -0.047269 0.431382  -0.286619 0.410095 -0.604649
12  1.719573 -0.000026 0.000015  0.078190 -0.160916 -1.549411
13  1.209177 0.000090 0.000013  -0.001081 -0.002986 -0.400010
14  4.085222 -0.082715 1.151041  0.124883 0.563536 0.134737
15  1.719452 -0.000011 0.000022  0.026136 -0.076896 -1.034307
16  1.099675 0.000048 0.000005  -0.076371 0.028724 -1.554212
17  0.869829 -1.165541 1.469029  -1.117756 -0.585091 -0.368189
18  1.789819 -0.000004 -0.000019  0.000666 -0.012601 0.727606
19  1.207015 -0.000012 -0.000043  0.001385 -0.000027 -0.112235
20  5.740637 0.000412 -0.000703  -0.092024 0.000003 0.000070
21  11.481166 0.000288 -0.000785  -0.051198 -0.056822 -0.003730
22  6.027524 -0.000329 0.000203  1.562651 -0.640348 1.413845
23  0.000002 11.692099 -0.000006  -0.888191 -0.352045 -0.715398
24  0.000003 0.000008 -0.000001  0.252832 -0.000030 1.570739
25  -0.000000 -0.000011 -0.000001  0.868957 0.000002 1.570712
26  -4.636372 -9.409594 0.376269  1.473120 1.855075 -0.198639
27  6.027504 -0.000278 -0.000227  2.003219 0.760403 1.171098
28  11.691991 0.000243 0.000855  0.612725 0.000025 -1.153456
29  11.480352 0.000226 0.000859  -1.190642 -0.392096 0.638114
30  3.859437 -0.132787 1.193062  0.503240 0.263615 -0.342299
31  1.312560 0.000026 -0.000000  -0.006675 0.010517 -0.116346
32  0.729344 0.000066 -0.000028  -0.002189 -0.000470 -0.170547
33  3.944011 0.017919 0.419098  -0.216639 0.322079 -0.164810
34  1.539094 0.000010 0.000000  -0.030212 0.003439 -0.744236
35  1.196298 0.000075 -0.000004  0.002690 0.000004 -1.391898
36  3.883412 -0.050497 -0.431087  -0.216667 0.327071 -0.079975
37  1.719564 -0.000075 -0.000005  0.014183 -0.021242 -1.040574
38  1.209190 0.000031 0.000010  0.001403 -0.011064 -1.051647
39  3.806436 -0.112147 -1.295329  -0.669876 0.204032 -0.226620
40  1.719414 -0.000100 -0.000034  -0.092816 0.285148 -0.607996
41  1.099670 0.000020 0.000005  -0.025440 0.031566 0.034962
42  0.773674 -0.813979 -1.730947  1.006623 0.480538 -0.635093
43  1.789776 -0.000010 -0.000045  -0.006027 -0.008660 0.748673
44  1.206996 -0.000001 0.000009  0.001394 -0.000191 -0.061286
45  5.740572 0.000055 0.000724  0.096285 -0.000014 0.000021
46  11.481014 0.000081 0.000921  0.100951 -0.075308 0.120627
47  6.027514 -0.000273 -0.000239  -0.778785 -0.194125 -0.211679
48  -0.000001 11.691975 -0.000006  -0.818642 0.297586 0.665333
49  0.000003 -0.000001 -0.000001  2.885267 -0.000041 1.570856
50  -0.000006 -0.000014 0.000004  2.272644 -0.000030 1.570865
51  -4.828878 -8.568106 0.926105  1.918903 0.423643 -1.697867
52  0.000001 0.000000 0.000000  0.008153 -0.000259 0.000009
53  0.000000 -0.000000 0.000000  1.565115 0.043565 -0.106862
54  -1.198584 -16.471203 -6.535295  -0.740322 -0.416818 -1.925424
55  -0.000000 0.000001 -0.000001  0.000000 -0.000000 -0.000002
56  0.000029 0.000029 0.000000  -1.571902 -0.044449 -0.106509
57  2.580080 -15.637166 -16.603340  1.570796 -0.000000 0.000000
58  -29.116474 19.900032 7.207697  1.570796 -0.000000 0.000000
59  2.236387 -0.189356 -5.367696  1.570796 -0.000000 0.000000
60  -0.004311 0.001230 -0.000371  0.006898 -0.005534 -0.284229
61  0.376268 10.084437 -2.887995  1.570796 -0.000000 0.000000
62  0.000000 0.000000 0.000000  -0.078727 -3.136056 0.284226
63  0.000000 0.000000 0.000000  1.562067 -0.004539 0.001682
64  -2.937129 -14.475378 -3.432782  1.306738 0.088512 0.017679
65  0.020864 -0.834791 -4.400272  -0.000000 -0.000000 -0.000000
66  0.020868 0.023234 30.873932  -0.000000 -0.000000 -0.000000
67  0.020865 -0.185995 -10.278830  -0.000000 -0.000000 -0.000000
68  0.000000 0.209232 3.187962  0.000000 -0.000000 -1.570796
69  0.000000 0.000001 0.559456  -0.000000 -0.000000 -0.000000
70  0.020865 -0.110953 -1.554707  -0.000000 -0.000000 -0.000000
71  -2.993973 -11.427335 -2.120866  1.307924 0.013082 0.051317
72  -2.921128 -12.494708 -0.744942  1.307924 0.013082 0.051317
73  -2.920752 -12.631721 -1.253454  1.307924 0.013082 0.051317
74  -2.920375 -12.768867 -1.762457  1.307924 0.013082 0.051317
75  -2.919996 -12.907313 -2.276289  1.307924 0.013082 0.051317
76  -2.919617 -13.045556 -2.789366  1.307924 0.013082 0.051317
time 36
0  0.000006 0.000000 0.000000  -1.570800 -1.391899 -1.570792
1  -5.247190 1.140902 2.232071  -1.544956 -1.855077 -0.198630
2  6.027524 -0.000322 0.000193  -0.697767 -0.928107 -1.738210
3  11.692111 0.000646 -0.000739  -0.616571 -0.000010 -1.272399
4  11.480724 0.000351 -0.000651  1.280433 -0.376880 0.110775
5  3.859507 -0.142880 -1.192049  -0.564874 -0.363952 -1.824543
6  1.312591 0.000011 0.000008  -0.136228 -0.000981 -0.208342
7  0.729355 0.000053 0.000048  -0.007524 -0.009754 -0.114047
8  3.942141 0.046273 -0.431511  -0.498774 0.109385 -1.203070
9  1.539111 0.000082 0.000004  0.016536 -0.136924 -1.019669
10  1.196330 0.000146 0.000030  0.014917 0.002603 -0.521648
11  3.883501 -0.047270 0.431382  -0.286619 0.410095 -0.604649
12  1.719573 -0.000027 0.000014  0.078190 -0.160916 -1.549411
13  1.209178 0.000092 0.000011  -0.001081 -0.002986 -0.400010
14  4.085219 -0.082716 1.151041  0.124883 0.563536 0.134737
15  1.719448 -0.000012 0.000022  0.026136 -0.076896 -1.034308
16  1.099675 0.000044 0.000005  -0.076371 0.028724 -1.554212
17  0.869828 -1.165540 1.469030  -1.117696 -0.585340 -0.368257
18  1.789819 -0.000004 -0.000019  0.000664 -0.012625 0.728007
19  1.207013 -0.000012 -0.000044  0.001387 -0.000027 -0.112102
20  5.740637 0.000411 -0.000702  -0.089485 0.000003 0.000070
21  11.481155 0.000282 -0.000788  -0.048459 -0.057793 -0.000664
22  6.027524 -0.000329 0.000203  1.567749 -0.642767 1.408471
23  0.000001 11.692100 -0.000007  -0.892509 -0.355576 -0.718445
24  0.000003 0.000007 -0.000001  0.252518 -0.000031 1.570739
25  -0.000000 -0.000012 -0.000002  0.868957 0.000002 1.570712
26  -4.636372 -9.409594 0.376269  1.473120 1.855075 -0.198639
27  6.027504 -0.000278 -0.000226  2.013244 0.769198 1.183477
28  11.691992 0.000243 0.000856  0.612725 0.000025 -1.152214
29  11.480359 0.000229 0.000856  -1.226702 -0.388892 0.684894
30  3.859437 -0.132787 1.193062  0.503240 0.263615 -0.342299
31  1.312560 0.000025 -0.000000  -0.006675 0.010517 -0.116346
32  0.729344 0.000066 -0.000028  -0.002189 -0.000470 -0.170547
33  3.944010 0.017919 0.419098  -0.216639 0.322079 -0.164810
34  1.539096 0.000011 0.000000  -0.030212 0.003439 -0.744236
35  1.196297 0.000074 -0.000005  0.002690 0.000004 -1.391898
36  3.883411 -0.050497 -0.431086  -0.216667 0.327071 -0.079976
37  1.719564 -0.000074 -0.000005  0.014183 -0.021242 -1.040574
38  1.209190 0.000030 0.000010  0.001403 -0.011064 -1.051647
39  3.806438 -0.112147 -1.295329  -0.669876 0.204032 -0.226620
40  1.719413 -0.000100 -0.000033  -0.092816 0.285148 -0.607995
41  1.099670 0.000021 0.000006  -0.025439 0.031566 0.034962
42  0.773674 -0.813979 -1.730947  1.006623 0.480538 -0.635093
43  1.789775 -0.000009 -0.000044  -0.006027 -0.008660 0.748673
44  1.206996 -0.000001 0.000009  0.001394 -0.000191 -0.061286
45  5.740572 0.000055 0.000724  0.090020 -0.000014 0.000021
46  11.481016 0.000081 0.000921  0.095459 -0.075275 0.129038
47  6.027514 -0.000273 -0.000239  -0.786231 -0.185395 -0.204837
48  -0.000000 11.691976 -0.000006  -0.817860 0.297000 0.664760
49  0.000003 -0.000000 -0.000000  2.885267 -0.000041 1.570856
50  -0.000007 -0.000015 0.000005  2.272644 -0.000030 1.570865
51  -4.598636 -8.578199 0.890469  1.876326 0.420162 -1.736689
52  -0.000000 -0.000000 0.000000  0.008153 -0.000259 0.000009
53  0.000001 -0.000000 0.000000  1.565115 0.043565 -0.106862
54  -1.144737 -16.445482 -6.517646  -0.727853 -0.407374 -1.924403
55  0.000000 -0.000000 0.000000  0.000000 -0.000000 -0.000002
56  0.000030 0.000028 0.000001  -1.571901 -0.044449 -0.106509
57  2.561373 -15.631396 -16.564404  1.570796 -0.000000 0.000000
58  -29.116474 19.900032 7.207697  1.570796 -0.000000 0.000000
59  2.236387 -0.189356 -5.367696  1.570796 -0.000000 0.000000
60  -0.004311 0.001230 -0.000371  0.006898 -0.005534 -0.284229
61  0.376268 10.084437 -2.887995  1.570796 -0.000000 0.000000
62  0.000000 0.000000 0.000000  -0.078727 -3.136056 0.284226
63  0.000000 0.000000 0.000000  1.561834 -0.003396 0.001655
64  -2.938510 -14.475433 -3.430134  1.311356 0.074422 0.024069
65  0.020863 -0.834791 -4.400272  -0.000000 0.000000 -0.000000
66  0.020868 0.023235 30.873934  -0.000000 0.000000 -0.000000
67  0.020865 -0.185995 -10.278830  -0.000000 0.000000 -0.000000
68  0.000000 0.209231 3.187962  -0.000000 -0.000000 -1.570796
69  0.000000 0.000001 0.559456  -0.000000 0.000000 -0.000000
70  0.020865 -0.110953 -1.554706  -0.000000 0.000000 -0.000000
71  -2.945308 -11.467864 -2.230822  1.311734 0.051895 0.030055
72  -2.841873 -12.540180 -0.860712  1.311734 0.051895 0.030055
73  -2.864212 -12.675825 -1.369100  1.311734 0.051895 0.030055
74  -2.886575 -12.811604 -1.877979  1.311734 0.051895 0.030055
75  -2.909148 -12.948668 -2.391685  1.311734 0.051895 0.030055
76  -2.931689 -13.085531 -2.904638  1.311734 0.051895 0.030055
time 37
0  0.000006 0.000000 0.000000  -1.570800 -1.391899 -1.570792
1  -5.247190 1.140902 2.232071  -1.544956 -1.855077 -0.198630
2  6.027524 -0.000322 0.000193  -0.707155 -0.923462 -1.730508
3  11.692109 0.000645 -0.000740  -0.617034 -0.000010 -1.282231
4  11.480649 0.000318 -0.000675  1.288255 -0.384292 0.127112
5  3.859509 -0.142881 -1.192048  -0.564874 -0.363952 -1.824543
6  1.312590 0.000012 0.000007  -0.136228 -0.000981 -0.208342
7  0.729355 0.000054 0.000050  -0.007524 -0.009754 -0.114047
8  3.942144 0.046273 -0.431512  -0.498774 0.109385 -1.203070
9  1.539110 0.000086 0.000005  0.016536 -0.136924 -1.019669
10  1.196332 0.000146 0.000030  0.014917 0.002603 -0.521648
11  3.883505 -0.047270 0.431382  -0.286619 0.410095 -0.604649
12  1.719572 -0.000029 0.000015  0.078190 -0.160916 -1.549411
13  1.209180 0.000091 0.000011  -0.001081 -0.002986 -0.400010
14  4.085223 -0.082715 1.151041  0.124883 0.563536 0.134737
15  1.719448 -0.000010 0.000022  0.026136 -0.076896 -1.034307
16  1.099675 0.000048 0.000006  -0.076371 0.028724 -1.554212
17  0.869832 -1.165541 1.469030  -1.117636 -0.585590 -0.368325
18  1.789819 -0.000004 -0.000018  0.000662 -0.012648 0.728399
19  1.207016 -0.000012 -0.000044  0.001390 -0.000028 -0.111968
20  5.740636 0.000411 -0.000704  -0.087940 0.000003 0.000070
21  11.481141 0.000276 -0.000793  -0.046398 -0.059494 0.002712
22  6.027524 -0.000329 0.000203  1.574818 -0.647408 1.404421
23  0.000001 11.692099 -0.000007  -0.898534 -0.360530 -0.722681
24  0.000004 0.000007 -0.000002  0.252055 -0.000031 1.570739
25  -0.000001 -0.000011 -0.000002  0.868957 0.000002 1.570712
26  -4.636372 -9.409594 0.376269  1.473120 1.855075 -0.198639
27  6.027504 -0.000278 -0.000226  2.008054 0.781549 1.179616
28  11.691991 0.000244 0.000856  0.612724 0.000024 -1.145228
29  11.480396 0.000245 0.000846  -1.239084 -0.387723 0.689092
30  3.859435 -0.132788 1.193061  0.503240 0.263615 -0.342299
31  1.312558 0.000028 0.000000  -0.006675 0.010517 -0.116346
32  0.729343 0.000064 -0.000027  -0.002189 -0.000470 -0.170547
33  3.944009 0.017918 0.419097  -0.216639 0.322079 -0.164810
34  1.539097 0.000012 0.000000  -0.030212 0.003439 -0.744236
35  1.196297 0.000074 -0.000004  0.002690 0.000004 -1.391898
36  3.883411 -0.050497 -0.431087  -0.216667 0.327071 -0.079976
37  1.719565 -0.000074 -0.000005  0.014183 -0.021242 -1.040574
38  1.209190 0.000031 0.000010  0.001403 -0.011064 -1.051647
39  3.806436 -0.112147 -1.295329  -0.669876 0.204032 -0.226620
40  1.719412 -0.000100 -0.000033  -0.092816 0.285148 -0.607996
41  1.099671 0.000021 0.000006  -0.025439 0.031566 0.034962
42  0.773673 -0.813979 -1.730948  1.006623 0.480538 -0.635093
43  1.789776 -0.000009 -0.000046  -0.006027 -0.008660 0.748673
44  1.206997 -0.000001 0.000009  0.001394 -0.000191 -0.061286
45  5.740571 0.000055 0.000724  0.086864 -0.000014 0.000021
46  11.481023 0.000085 0.000919  0.093151 -0.075702 0.129625
47  6.027514 -0.000273 -0.000239  -0.799279 -0.186761 -0.202650
48  -0.000001 11.691972 -0.000006  -0.813466 0.293716 0.661529
49  0.000004 -0.000001 -0.000001  2.885267 -0.000041 1.570856
50  -0.000006 -0.000016 0.000005  2.272644 -0.000030 1.570865
51  -4.566226 -8.673731 0.713030  1.864483 0.427490 -1.741558
52  -0.000000 -0.000000 0.000001  0.008153 -0.000259 0.000009
53  -0.000001 -0.000000 -0.000000  1.565115 0.043565 -0.106862
54  -1.081506 -16.403849 -6.542555  -0.718249 -0.393413 -1.922289
55  0.000002 -0.000001 0.000000  0.000000 -0.000000 -0.000002
56  0.000031 0.000028 0.000001  -1.571901 -0.044449 -0.106509
57  2.540480 -15.627700 -16.519938  1.570796 -0.000000 0.000000
58  -29.116474 19.900032 7.207697  1.570796 -0.000000 0.000000
59  2.236387 -0.189356 -5.367696  1.570796 -0.000000 0.000000
60  -0.004311 0.001230 -0.000371  0.006898 -0.005534 -0.284229
61  0.376268 10.084437 -2.887995  1.570796 -0.000000 0.000000
62  0.000000 0.000000 0.000000  -0.078727 -3.136056 0.284226
63  0.000000 0.000000 0.000000  1.561746 -0.002227 0.001590
64  -2.927184 -14.475462 -3.459336  1.321064 0.061031 0.030584
65  0.020864 -0.834791 -4.400273  0.000000 -0.000000 -0.000000
66  0.020868 0.023236 30.873928  0.000000 -0.000000 -0.000000
67  0.020865 -0.185995 -10.278831  0.000000 -0.000000 -0.000000
68  -0.000000 0.209230 3.187961  0.000000 0.000000 -1.570796
69  0.000000 -0.000000 0.559456  0.000000 -0.000000 -0.000000
70  0.020865 -0.110953 -1.554707  0.000000 -0.000000 -0.000000
71  -2.942473 -11.535007 -2.449663  1.321064 0.061031 0.030584
72  -2.826188 -12.619652 -1.090330  1.321064 0.061031 0.030584
73  -2.853318 -12.750700 -1.599690  1.321064 0.061031 0.030584
74  -2.880475 -12.881876 -2.109542  1.321064 0.061031 0.030584
75  -2.907890 -13.014296 -2.624230  1.321064 0.061031 0.030584
76  -2.935264 -13.146523 -3.138163  1.321064 0.061031 0.030584
time 38
0  0.000006 0.000000 0.000000  -1.570800 -1.391899 -1.570792
1  -5.247190 1.140902 2.232071  -1.544956 -1.855077 -0.198630
2  6.027524 -0.000322 0.000193  -0.719041 -0.917130 -1.719863
3  11.692111 0.000645 -0.000739  -0.617677 -0.000011 -1.292981
4  11.480569 0.000281 -0.000700  1.295564 -0.390715 0.141713
5  3.859509 -0.142880 -1.192049  -0.564874 -0.363952 -1.824543
6  1.312592 0.000011 0.000007  -0.136228 -0.000981 -0.208342
7  0.729354 0.000054 0.000049  -0.007524 -0.009754 -0.114047
8  3.942145 0.046273 -0.431512  -0.498774 0.109385 -1.203070
9  1.539111 0.000080 0.000004  0.016536 -0.136924 -1.019669
10  1.196334 0.000144 0.000028  0.014917 0.002603 -0.521648
11  3.883506 -0.047270 0.431382  -0.286619 0.410095 -0.604649
12  1.719574 -0.000028 0.000015  0.078190 -0.160916 -1.549411
13  1.209177 0.000091 0.000011  -0.001081 -0.002986 -0.400010
14  4.085225 -0.082715 1.151041  0.124883 0.563536 0.134737
15  1.719450 -0.000013 0.000022  0.026135 -0.076896 -1.034307
16  1.099676 0.000048 0.000006  -0.076371 0.028724 -1.554212
17  0.869832 -1.165541 1.469030  -1.117576 -0.585839 -0.368393
18  1.789820 -0.000003 -0.000017  0.000660 -0.012670 0.728781
19  1.207016 -0.000012 -0.000044  0.001392 -0.000028 -0.111835
20  5.740638 0.000411 -0.000702  -0.086312 0.000003 0.000071
21  11.481124 0.000269 -0.000798  -0.044485 -0.060950 0.005754
22  6.027524 -0.000329 0.000203  1.583975 -0.653637 1.400062
23  0.000002 11.692099 -0.000007  -0.905108 -0.365974 -0.727286
24  0.000003 0.000009 0.000000  0.251413 -0.000031 1.570739
25  -0.000000 -0.000012 -0.000002  0.868957 0.000002 1.570712
26  -4.636372 -9.409594 0.376269  1.473120 1.855075 -0.198639
27  6.027504 -0.000277 -0.000226  1.982339 0.804411 1.154530
28  11.691991 0.000242 0.000856  0.612724 0.000024 -1.140487
29  11.480426 0.000256 0.000835  -1.231524 -0.371615 0.676952
30  3.859435 -0.132787 1.193062  0.503240 0.263615 -0.342299
31  1.312560 0.000026 0.000000  -0.006675 0.010517 -0.116346
32  0.729346 0.000066 -0.000027  -0.002189 -0.000470 -0.170547
33  3.944009 0.017918 0.419098  -0.216639 0.322079 -0.164810
34  1.539094 0.000011 -0.000000  -0.030212 0.003439 -0.744236
35  1.196297 0.000073 -0.000004  0.002690 0.000004 -1.391898
36  3.883410 -0.050497 -0.431087  -0.216667 0.327071 -0.079976
37  1.719565 -0.000075 -0.000006  0.014183 -0.021242 -1.040574
38  1.209190 0.000031 0.000010  0.001403 -0.011064 -1.051647
39  3.806435 -0.112147 -1.295329  -0.669876 0.204032 -0.226620
40  1.719412 -0.000100 -0.000033  -0.092816 0.285148 -0.607996
41  1.099670 0.000020 0.000006  -0.025439 0.031566 0.034962
42  0.773673 -0.813979 -1.730947  1.006623 0.480538 -0.635094
43  1.789776 -0.000009 -0.000045  -0.006027 -0.008660 0.748673
44  1.206996 -0.000001 0.000010  0.001394 -0.000191 -0.061286
45  5.740571 0.000054 0.000724  0.084560 -0.000014 0.000021
46  11.481029 0.000086 0.000917  0.093250 -0.072488 0.127194
47  6.027514 -0.000273 -0.000239  -0.825765 -0.199899 -0.204325
48  -0.000002 11.691974 -0.000006  -0.810480 0.291495 0.659329
49  0.000003 -0.000001 -0.000000  2.885267 -0.000041 1.570856
50  -0.000007 -0.000016 0.000005  2.272644 -0.000030 1.570865
51  -4.632477 -8.845364 0.197435  1.875841 0.439386 -1.731246
52  -0.000000 0.000001 0.000000  0.008153 -0.000259 0.000009
53  -0.000001 0.000000 -0.000000  1.565115 0.043565 -0.106862
54  -1.005248 -16.362583 -6.603266  -0.709668 -0.379827 -1.919984
55  -0.000001 -0.000001 -0.000000  0.000000 -0.000000 -0.000002
56  0.000029 0.000028 0.000001  -1.571901 -0.044449 -0.106509
57  2.518195 -15.625257 -16.471218  1.570796 -0.000000 0.000000
58  -29.116474 19.900032 7.207697  1.570796 -0.000000 0.000000
59  2.236387 -0.189356 -5.367696  1.570796 -0.000000 0.000000
60  -0.004311 0.001230 -0.000371  0.006898 -0.005534 -0.284229
61  0.376268 10.084437 -2.887995  1.570796 -0.000000 0.000000
62  0.000000 0.000000 0.000000  -0.078727 -3.136056 0.284226
63  0.000000 0.000000 0.000000  1.561754 -0.001117 0.001467
64  -2.898869 -14.475472 -3.523581  1.330698 0.048573 0.036652
65  0.020864 -0.834790 -4.400274  0.000000 0.000000 0.000000
66  0.020868 0.023235 30.873928  0.000000 0.000000 0.000000
67  0.020865 -0.185995 -10.278831  0.000000 0.000000 0.000000
68  0.000000 0.209231 3.187962  0.000000 -0.000000 -1.570796
69  0.000000 0.000001 0.559457  0.000000 0.000000 0.000000
70  0.020865 -0.110952 -1.554708  0.000000 0.000000 0.000000
71  -2.954575 -11.665717 -2.973739  1.330698 0.048573 0.036652
72  -2.848671 -12.763334 -1.624005  1.330698 0.048573 0.036652
73  -2.868902 -12.889395 -2.134942  1.330698 0.048573 0.036652
74  -2.889153 -13.015579 -2.646372  1.330698 0.048573 0.036652
75  -2.909596 -13.142960 -3.162653  1.330698 0.048573 0.036652
76  -2.930009 -13.270153 -3.678177  1.330698 0.048573 0.036652
time 39
0  0.000006 0.000000 0.000000  -1.570800 -1.391899 -1.570792
1  -5.247190 1.140902 2.232071  -1.544956 -1.855077 -0.198630
2  6.027524 -0.000322 0.000194  -0.730861 -0.911410 -1.711026
3  11.692109 0.000644 -0.000740  -0.618526 -0.000011 -1.301814
4  11.480502 0.000252 -0.000723  1.306217 -0.393057 0.151212
5  3.859509 -0.142880 -1.192049  -0.564874 -0.363952 -1.824543
6  1.312589 0.000013 0.000008  -0.136228 -0.000981 -0.208342
7  0.729351 0.000054 0.000051  -0.007524 -0.009754 -0.114047
8  3.942142 0.046273 -0.431513  -0.498774 0.109385 -1.203070
9  1.539110 0.000084 0.000005  0.016536 -0.136924 -1.019669
10  1.196331 0.000147 0.000029  0.014917 0.002602 -0.521648
11  3.883506 -0.047269 0.431381  -0.286619 0.410095 -0.604649
12  1.719573 -0.000027 0.000016  0.078190 -0.160916 -1.549411
13  1.209178 0.000092 0.000013  -0.001081 -0.002986 -0.400010
14  4.085223 -0.082715 1.151040  0.124883 0.563536 0.134737
15  1.719450 -0.000011 0.000023  0.026136 -0.076896 -1.034307
16  1.099676 0.000048 0.000005  -0.076371 0.028724 -1.554212
17  0.869830 -1.165541 1.469029  -1.117515 -0.586089 -0.368461
18  1.789819 -0.000005 -0.000018  0.000658 -0.012690 0.729154
19  1.207014 -0.000012 -0.000045  0.001394 -0.000028 -0.111702
20  5.740636 0.000410 -0.000703  -0.083719 0.000003 0.000070
21  11.481111 0.000262 -0.000803  -0.042145 -0.061426 0.008042
22  6.027524 -0.000329 0.000203  1.593288 -0.659144 1.393852
23  0.000001 11.692100 -0.000007  -0.910499 -0.370468 -0.731047
24  0.000001 0.000009 -0.000001  0.250564 -0.000031 1.570738
25  -0.000001 -0.000012 -0.000001  0.868957 0.000002 1.570712
26  -4.636372 -9.409594 0.376269  1.473120 1.855075 -0.198639
27  6.027504 -0.000277 -0.000226  1.978280 0.806754 1.150386
28  11.691991 0.000243 0.000855  0.612724 0.000024 -1.138686
29  11.480435 0.000262 0.000833  -1.222287 -0.374931 0.665539
30  3.859435 -0.132788 1.193062  0.503240 0.263615 -0.342299
31  1.312560 0.000028 -0.000000  -0.006675 0.010517 -0.116346
32  0.729344 0.000066 -0.000027  -0.002188 -0.000470 -0.170547
33  3.944009 0.017918 0.419098  -0.216639 0.322079 -0.164810
34  1.539094 0.000010 -0.000001  -0.030212 0.003439 -0.744235
35  1.196297 0.000074 -0.000004  0.002690 0.000004 -1.391898
36  3.883411 -0.050497 -0.431087  -0.216667 0.327071 -0.079976
37  1.719564 -0.000074 -0.000005  0.014183 -0.021242 -1.040574
38  1.209191 0.000032 0.000011  0.001403 -0.011064 -1.051647
39  3.806436 -0.112148 -1.295329  -0.669876 0.204032 -0.226620
40  1.719412 -0.000101 -0.000033  -0.092816 0.285148 -0.607996
41  1.099671 0.000021 0.000006  -0.025439 0.031566 0.034962
42  0.773673 -0.813979 -1.730947  1.006623 0.480538 -0.635094
43  1.789776 -0.000009 -0.000045  -0.006027 -0.008660 0.748673
44  1.206997 -0.000001 0.000009  0.001394 -0.000191 -0.061286
45  5.740571 0.000055 0.000724  0.086089 -0.000014 0.000021
46  11.481031 0.000088 0.000916  0.094835 -0.072939 0.125165
47  6.027514 -0.000273 -0.000239  -0.828710 -0.202149 -0.204953
48  -0.000001 11.691976 -0.000007  -0.809345 0.290653 0.658492
49  0.000004 -0.000001 -0.000000  2.885267 -0.000041 1.570856
50  -0.000006 -0.000015 0.000005  2.272644 -0.000030 1.570865
51  -4.665593 -8.872511 0.140923  1.887066 0.445883 -1.721302
52  0.000001 -0.000000 0.000000  0.008153 -0.000259 0.000009
53  0.000000 -0.000000 -0.000000  1.565115 0.043565 -0.106862
54  -0.924916 -16.337843 -6.655478  -0.700305 -0.371506 -1.918283
55  0.000001 0.000000 0.000001  0.000000 -0.000000 -0.000002
56  0.000030 0.000029 0.000002  -1.571901 -0.044449 -0.106509
57  2.495432 -15.623134 -16.419777  1.570796 -0.000000 0.000000
58  -29.116474 19.900032 7.207697  1.570796 -0.000000 0.000000
59  2.236387 -0.189356 -5.367696  1.570796 -0.000000 0.000000
60  -0.004311 0.001230 -0.000371  0.006898 -0.005534 -0.284229
61  0.376268 10.084437 -2.887995  1.570796 -0.000000 0.000000
62  0.000000 0.000000 0.000000  -0.078727 -3.136056 0.284226
63  0.000000 0.000000 0.000000  1.561804 -0.000147 0.001269
64  -2.862060 -14.475474 -3.587826  1.335113 0.037364 0.041979
65  0.020864 -0.834790 -4.400275  -0.000000 -0.000000 0.000000
66  0.020868 0.023234 30.873926  -0.000000 -0.000000 0.000000
67  0.020865 -0.185995 -10.278831  -0.000000 -0.000000 0.000000
68  -0.000000 0.209231 3.187962  0.000000 0.000000 -1.570796
69  -0.000000 0.000001 0.559457  -0.000000 -0.000000 0.000000
70  0.020865 -0.110953 -1.554709  -0.000000 -0.000000 0.000000
71  -2.938325 -11.668756 -3.025094  1.335113 0.037364 0.041979
72  -2.841628 -12.772388 -1.679581  1.335113 0.037364 0.041979
73  -2.855579 -12.896058 -2.191311  1.335113 0.037364 0.041979
74  -2.869544 -13.019847 -2.703537  1.335113 0.037364 0.041979
75  -2.883641 -13.144811 -3.220620  1.335113 0.037364 0.041979
76  -2.897718 -13.269591 -3.736946  1.335113 0.037364 0.041979
time 40
0  0.000006 0.000000 0.000000  -1.570800 -1.391899 -1.570792
1  -5.247190 1.140902 2.232071  -1.544956 -1.855077 -0.198630
2  6.027524 -0.000322 0.000194  -0.740523 -0.908181 -1.707449
3  11.692112 0.000644 -0.000739  -0.619602 -0.000011 -1.307297
4  11.480461 0.000234 -0.000734  1.322138 -0.390326 0.154732
5  3.859509 -0.142880 -1.192049  -0.564874 -0.363952 -1.824543
6  1.312592 0.000011 0.000007  -0.136228 -0.000981 -0.208342
7  0.729356 0.000053 0.000050  -0.007524 -0.009754 -0.114047
8  3.942145 0.046273 -0.431511  -0.498774 0.109385 -1.203070
9  1.539110 0.000085 0.000005  0.016536 -0.136924 -1.019669
10  1.196331 0.000145 0.000029  0.014917 0.002603 -0.521648
11  3.883506 -0.047270 0.431382  -0.286619 0.410095 -0.604649
12  1.719573 -0.000027 0.000015  0.078190 -0.160916 -1.549411
13  1.209178 0.000091 0.000012  -0.001081 -0.002986 -0.400010
14  4.085223 -0.082716 1.151041  0.124883 0.563536 0.134737
15  1.719449 -0.000012 0.000021  0.026136 -0.076896 -1.034307
16  1.099675 0.000047 0.000006  -0.076371 0.028724 -1.554212
17  0.869832 -1.165541 1.469030  -1.117455 -0.586338 -0.368530
18  1.789820 -0.000004 -0.000018  0.000656 -0.012710 0.729519
19  1.207016 -0.000012 -0.000043  0.001396 -0.000028 -0.111569
20  5.740636 0.000410 -0.000701  -0.079828 0.000003 0.000071
21  11.481102 0.000259 -0.000803  -0.039063 -0.060684 0.009503
22  6.027524 -0.000329 0.000203  1.600969 -0.662116 1.385089
23  0.000002 11.692101 -0.000006  -0.913842 -0.373267 -0.733372
24  0.000003 0.000008 -0.000002  0.249489 -0.000031 1.570739
25  -0.000000 -0.000011 -0.000001  0.868957 0.000002 1.570712
26  -4.636372 -9.409594 0.376269  1.473120 1.855075 -0.198639
27  6.027504 -0.000277 -0.000226  1.973596 0.807007 1.145288
28  11.691990 0.000244 0.000856  0.612724 0.000024 -1.141964
29  11.480420 0.000255 0.000838  -1.211923 -0.369173 0.656764
30  3.859436 -0.132787 1.193061  0.524791 0.073009 -0.242631
31  1.312560 0.000027 0.000000  -0.022424 0.106449 -0.212949
32  0.729345 0.000068 -0.000028  -0.019955 0.002585 0.051874
33  3.944009 0.017918 0.419097  0.053381 0.191125 -0.052419
34  1.539095 0.000010 0.000000  -0.018926 0.011169 -0.410160
35  1.196296 0.000075 -0.000004  0.000507 -0.001286 -0.726718
36  3.883410 -0.050498 -0.431087  -0.051100 0.291742 0.081418
37  1.719564 -0.000075 -0.000005  0.008726 -0.014068 -0.643272
38  1.209190 0.000031 0.000011  -0.003834 -0.008729 -0.433453
39  3.806436 -0.112147 -1.295329  -0.395312 0.225595 0.022509
40  1.719413 -0.000101 -0.000034  -0.058188 0.214430 -0.509592
41  1.099671 0.000019 0.000005  -0.015939 0.013950 0.027878
42  0.773674 -0.813979 -1.730947  1.329636 0.451681 -0.453284
43  1.789776 -0.000010 -0.000045  -0.001942 -0.010530 0.492499
44  1.206995 -0.000001 0.000009  0.001524 -0.000060 -0.143187
45  5.740573 0.000056 0.000724  0.087206 -0.000014 0.000021
46  11.481029 0.000087 0.000917  0.096217 -0.071474 0.123539
47  6.027514 -0.000273 -0.000239  -0.829675 -0.205259 -0.206474
48  -0.000001 11.691976 -0.000006  -0.811410 0.292186 0.660015
49  0.000004 -0.000001 -0.000001  2.885267 -0.000041 1.570856
50  -0.000006 -0.000015 0.000004  2.272644 -0.000030 1.570865
51  -4.691871 -8.868210 0.076998  1.898367 0.444386 -1.711718
52  0.000000 0.000000 0.000001  0.008153 -0.000259 0.000009
53  0.000000 0.000000 0.000000  1.565115 0.043565 -0.106862
54  -0.849150 -16.335699 -6.659843  -0.689260 -0.370932 -1.917571
55  -0.000001 -0.000000 0.000000  0.000000 -0.000000 -0.000002
56  0.000029 0.000029 0.000001  -1.571901 -0.044449 -0.106509
57  2.473147 -15.620351 -16.367290  1.570796 -0.000000 0.000000
58  -29.116474 19.900032 7.207697  1.570796 -0.000000 0.000000
59  2.236387 -0.189356 -5.367696  1.570796 -0.000000 0.000000
60  -0.004311 0.001230 -0.000371  0.006898 -0.005534 -0.284229
61  0.376268 10.084437 -2.887995  1.570796 -0.000000 0.000000
62  0.000000 0.000000 0.000000  -0.078727 -3.136056 0.284226
63  0.000000 0.000000 0.000000  1.561937 0.000598 0.000976
64  -2.825250 -14.473512 -3.617028  1.331715 0.027630 0.046586
65  0.020864 -0.834790 -4.400271  -0.000000 0.000000 0.000000
66  0.020868 0.023234 30.873932  -0.000000 0.000000 0.000000
67  0.020865 -0.185994 -10.278831  -0.000000 0.000000 0.000000
68  -0.000000 0.209232 3.187962  -0.000000 -0.000000 -1.570796
69  -0.000000 0.000000 0.559456  -0.000000 0.000000 0.000000
70  0.020865 -0.110953 -1.554706  -0.000000 0.000000 0.000000
71  -2.920271 -11.665543 -3.063459  1.331715 0.027630 0.046586
72  -2.831685 -12.764742 -1.713768  1.331715 0.027630 0.046586
73  -2.839997 -12.889980 -2.225239  1.331715 0.027630 0.046586
74  -2.848318 -13.015341 -2.737205  1.331715 0.027630 0.046586
75  -2.856717 -13.141890 -3.254028  1.331715 0.027630 0.046586
76  -2.865104 -13.268251 -3.770091  1.331715 0.027630 0.046586
time 41
0  0.000006 0.000000 0.000000  -1.570800 -1.391899 -1.570792
1  -5.247190 1.140902 2.232071  -1.544956 -1.855077 -0.198630
2  6.027524 -0.000322 0.000194  -0.747235 -0.907466 -1.708687
3  11.692110 0.000644 -0.000739  -0.620914 -0.000012 -1.310329
4  11.480440 0.000227 -0.000738  1.340954 -0.385244 0.155259
5  3.859510 -0.142879 -1.192049  -0.564874 -0.363952 -1.824543
6  1.312591 0.000012 0.000008  -0.136228 -0.000981 -0.208342
7  0.729356 0.000053 0.000050  -0.007524 -0.009754 -0.114047
8  3.942145 0.046273 -0.431512  -0.498774 0.109385 -1.203070
9  1.539110 0.000082 0.000005  0.016536 -0.136924 -1.019669
10  1.196332 0.000147 0.000029  0.014917 0.002603 -0.521648
11  3.883506 -0.047268 0.431381  -0.286619 0.410095 -0.604649
12  1.719573 -0.000025 0.000015  0.078190 -0.160916 -1.549411
13  1.209179 0.000091 0.000012  -0.001081 -0.002986 -0.400010
14  4.085224 -0.082715 1.151041  0.124883 0.563536 0.134737
15  1.719449 -0.000011 0.000023  0.026136 -0.076896 -1.034307
16  1.099675 0.000049 0.000005  -0.076371 0.028724 -1.554212
17  0.869832 -1.165539 1.469029  -1.117395 -0.586586 -0.368598
18  1.789820 -0.000005 -0.000018  0.000654 -0.012728 0.729876
19  1.207015 -0.000012 -0.000044  0.001398 -0.000028 -0.111436
20  5.740637 0.000412 -0.000701  -0.075325 0.000003 0.000070
21  11.481098 0.000257 -0.000804  -0.035550 -0.059369 0.010542
22  6.027524 -0.000329 0.000203  1.606249 -0.662610 1.375313
23  0.000003 11.692099 -0.000007  -0.915688 -0.374818 -0.734655
24  0.000002 0.000008 -0.000002  0.248176 -0.000030 1.570738
25  -0.000000 -0.000012 -0.000002  0.868957 0.000002 1.570712
26  -4.636372 -9.409594 0.376269  1.473120 1.855075 -0.198639
27  6.027503 -0.000278 -0.000227  1.961750 0.780468 1.129241
28  11.691990 0.000244 0.000855  0.617160 0.000026 -1.169258
29  11.480267 0.000196 0.000881  -1.115241 -0.363728 0.562986
30  3.859436 -0.132787 1.193062  0.527366 -0.118716 -0.146515
31  1.312560 0.000026 0.000000  -0.047759 0.200384 -0.312507
32  0.729346 0.000067 -0.000027  -0.036583 0.009581 0.274212
33  3.944010 0.017918 0.419098  0.302628 0.035628 0.018533
34  1.539096 0.000010 0.000000  -0.005271 0.014729 -0.075962
35  1.196297 0.000074 -0.000005  -0.002007 -0.000949 -0.060681
36  3.883411 -0.050497 -0.431087  0.105292 0.222256 0.232558
37  1.719563 -0.000075 -0.000005  0.006406 -0.004607 -0.228789
38  1.209189 0.000031 0.000011  -0.006731 -0.003779 0.185454
39  3.806436 -0.112147 -1.295329  -0.109244 0.174020 0.268132
40  1.719413 -0.000101 -0.000034  -0.021359 0.101653 -0.395534
41  1.099671 0.000020 0.000006  -0.003599 -0.003994 -0.020731
42  0.773674 -0.813978 -1.730947  1.655827 0.373756 -0.256146
43  1.789775 -0.000010 -0.000045  0.003937 -0.011932 0.236305
44  1.206997 -0.000001 0.000009  0.001729 0.000108 -0.225088
45  5.740572 0.000055 0.000724  0.103926 -0.000014 0.000021
46  11.480997 0.000075 0.000926  0.111601 -0.068308 0.106664
47  6.027514 -0.000273 -0.000239  -0.805046 -0.219174 -0.219262
48  -0.000003 11.691974 -0.000006  -0.828554 0.305070 0.672593
49  0.000004 -0.000000 -0.000000  2.889701 -0.000041 1.570856
50  -0.000007 -0.000014 0.000005  2.272644 -0.000030 1.570865
51  -4.956993 -8.672797 0.178439  2.007253 0.442485 -1.614736
52  -0.000001 -0.000000 0.000000  0.008153 -0.000259 0.000009
53  0.000000 0.000000 0.000000  1.565115 0.043565 -0.106862
54  -0.785289 -16.345119 -6.614887  -0.677311 -0.375182 -1.917516
55  0.000002 0.000000 0.000000  0.000000 -0.000000 -0.000002
56  0.000032 0.000029 0.000001  -1.571902 -0.044449 -0.106509
57  2.452254 -15.615985 -16.315432  1.570796 -0.000000 0.000000
58  -29.016148 19.834728 7.175909  1.570796 -0.000000 0.000000
59  2.236387 -0.189356 -5.367696  1.570796 -0.000000 0.000000
60  -0.004311 0.001230 -0.000371  0.006898 -0.005534 -0.284229
61  0.376268 10.084437 -2.887995  1.570796 -0.000000 0.000000
62  0.000000 0.000000 0.000000  -0.078727 -3.136056 0.284226
63  0.000000 0.000000 0.000000  1.562196 0.001065 0.000571
64  -2.796935 -14.468184 -3.604599  1.323504 0.018999 0.050805
65  0.020864 -0.834790 -4.400273  -0.000000 -0.000000 -0.000000
66  0.020868 0.023233 30.873934  -0.000000 -0.000000 -0.000000
67  0.020865 -0.185995 -10.278831  -0.000000 -0.000000 -0.000000
68  0.000000 0.209232 3.187961  0.000000 -0.000000 -1.570796
69  0.000000 0.000001 0.559457  -0.000000 -0.000000 -0.000000
70  0.020865 -0.110953 -1.554707  -0.000000 -0.000000 -0.000000
71  -2.909239 -11.656455 -3.073821  1.323504 0.018999 0.050805
72  -2.828046 -12.744749 -1.714856  1.323504 0.018999 0.050805
73  -2.831187 -12.873987 -2.225390  1.323504 0.018999 0.050805
74  -2.834332 -13.003351 -2.736417  1.323504 0.018999 0.050805
75  -2.837507 -13.133940 -3.252291  1.323504 0.018999 0.050805
76  -2.840677 -13.264339 -3.767409  1.323504 0.018999 0.050805
time 42
0  0.000006 0.000000 0.000000  -1.570800 -1.391899 -1.570792
1  -5.247190 1.140902 2.232071  -1.544956 -1.855077 -0.198630
2  6.027524 -0.000322 0.000194  -0.750958 -0.908291 -1.712455
3  11.692112 0.000643 -0.000739  -0.622466 -0.000012 -1.311696
4  11.480433 0.000221 -0.000743  1.360024 -0.380223 0.154403
5  3.859509 -0.142880 -1.192050  -0.564874 -0.363952 -1.824543
6  1.312589 0.000012 0.000007  -0.136228 -0.000981 -0.208342
7  0.729356 0.000053 0.000048  -0.007524 -0.009754 -0.114047
8  3.942144 0.046272 -0.431512  -0.498774 0.109385 -1.203070
9  1.539111 0.000085 0.000005  0.016536 -0.136924 -1.019669
10  1.196332 0.000146 0.000030  0.014917 0.002603 -0.521648
11  3.883505 -0.047269 0.431381  -0.286619 0.410095 -0.604649
12  1.719572 -0.000029 0.000015  0.078190 -0.160916 -1.549411
13  1.209177 0.000091 0.000011  -0.001081 -0.002986 -0.400010
14  4.085222 -0.082716 1.151040  0.124883 0.563536 0.134737
15  1.719448 -0.000012 0.000022  0.026136 -0.076896 -1.034307
16  1.099675 0.000048 0.000006  -0.076371 0.028724 -1.554212
17  0.869831 -1.165540 1.469029  -1.117335 -0.586834 -0.368666
18  1.789819 -0.000005 -0.000018  0.000652 -0.012746 0.730224
19  1.207016 -0.000011 -0.000044  0.001400 -0.000028 -0.111304
20  5.740636 0.000409 -0.000702  -0.070876 0.000003 0.000071
21  11.481097 0.000254 -0.000807  -0.032015 -0.058037 0.011302
22  6.027524 -0.000329 0.000203  1.609086 -0.661649 1.366867
23  0.000002 11.692099 -0.000005  -0.916521 -0.375518 -0.735233
24  0.000004 0.000008 -0.000002  0.246625 -0.000031 1.570739
25  -0.000000 -0.000012 -0.000000  0.868957 0.000002 1.570712
26  -4.636372 -9.409594 0.376269  1.473120 1.855075 -0.198639
27  6.027503 -0.000278 -0.000227  1.938048 0.753747 1.101069
28  11.691990 0.000246 0.000855  0.630557 0.000027 -1.196981
29  11.480131 0.000153 0.000919  -0.953041 -0.306085 0.399476
30  3.859436 -0.132788 1.193062  0.527664 -0.116080 -0.146357
31  1.312561 0.000027 -0.000001  -0.046433 0.196725 -0.308870
32  0.729344 0.000066 -0.000027  -0.035940 0.009257 0.256646
33  3.944009 0.017918 0.419098  0.301938 0.034645 0.015110
34  1.539095 0.000010 -0.000000  -0.004609 0.014414 -0.076761
35  1.196298 0.000074 -0.000004  -0.001967 -0.000960 -0.069899
36  3.883410 -0.050498 -0.431087  0.105406 0.204185 0.229073
37  1.719562 -0.000075 -0.000005  0.006319 -0.003429 -0.201971
38  1.209191 0.000031 0.000010  -0.006731 -0.003832 0.176372
39  3.806436 -0.112147 -1.295329  -0.094957 0.169534 0.216074
40  1.719412 -0.000101 -0.000034  -0.007511 0.037783 -0.369402
41  1.099671 0.000020 0.000005  0.000717 -0.003772 -0.192918
42  0.773674 -0.813979 -1.730948  1.681276 0.402391 -0.202015
43  1.789775 -0.000009 -0.000045  0.005688 -0.013391 0.263219
44  1.206996 -0.000001 0.000009  0.001906 0.000079 -0.182173
45  5.740572 0.000056 0.000724  0.130623 -0.000014 0.000021
46  11.480971 0.000067 0.000933  0.136144 -0.056632 0.074981
47  6.027514 -0.000273 -0.000239  -0.782271 -0.241834 -0.236185
48  -0.000001 11.691974 -0.000005  -0.845865 0.318364 0.685183
49  0.000004 -0.000001 -0.000000  2.903097 -0.000041 1.570856
50  -0.000007 -0.000016 0.000005  2.272644 -0.000030 1.570865
51  -5.363595 -8.499229 0.154831  2.201660 0.396168 -1.448255
52  0.000000 0.000000 -0.000000  0.008153 -0.000259 0.000009
53  -0.000000 -0.000000 0.000000  1.565115 0.043565 -0.106862
54  -0.740291 -16.356642 -6.548269  -0.665202 -0.381035 -1.917772
55  0.000000 -0.000000 -0.000000  0.000000 -0.000000 -0.000002
56  0.000031 0.000028 0.000001  -1.571902 -0.044449 -0.106509
57  2.433547 -15.609241 -16.265718  1.570796 -0.000000 0.000000
58  -28.712822 19.635748 7.074912  1.570796 -0.000000 0.000000
59  2.236387 -0.189356 -5.367696  1.570796 -0.000000 0.000000
60  -0.004311 0.001230 -0.000371  0.006898 -0.005534 -0.284229
61  0.376268 10.084437 -2.887995  1.570796 -0.000000 0.000000
62  0.000000 0.000000 0.000000  -0.078727 -3.136056 0.284226
63  0.000000 0.000000 0.000000  1.562623 0.001315 0.000033
64  -2.785609 -14.460333 -3.573016  1.313733 0.010909 0.054874
65  0.020863 -0.834791 -4.400271  0.000000 0.000000 0.000000
66  0.020868 0.023234 30.873930  0.000000 0.000000 0.000000
67  0.020865 -0.185995 -10.278830  0.000000 0.000000 0.000000
68  0.000000 0.209231 3.187961  -0.000000 0.000000 -1.570796
69  0.000000 0.000001 0.559456  0.000000 0.000000 0.000000
70  0.020865 -0.110954 -1.554707  0.000000 0.000000 0.000000
71  -2.914217 -11.644287 -3.069526  1.313733 0.010909 0.054874
72  -2.840190 -12.719522 -1.699803  1.313733 0.010909 0.054874
73  -2.838394 -12.853521 -2.209114  1.313733 0.010909 0.054874
74  -2.836597 -12.987650 -2.718917  1.313733 0.010909 0.054874
75  -2.834783 -13.123051 -3.233557  1.313733 0.010909 0.054874
76  -2.832972 -13.258253 -3.747442  1.313733 0.010909 0.054874
time 43
0  0.000006 0.000000 0.000000  -1.570800 -1.391899 -1.570792
1  -5.247190 1.140902 2.232071  -1.544956 -1.855077 -0.198630
2  6.027524 -0.000322 0.000194  -0.752274 -0.909826 -1.717095
3  11.692111 0.000645 -0.000739  -0.624250 -0.000012 -1.312658
4  11.480426 0.000222 -0.000748  1.377254 -0.377467 0.154794
5  3.859512 -0.142879 -1.192048  -0.564874 -0.363952 -1.824543
6  1.312590 0.000012 0.000009  -0.136228 -0.000981 -0.208342
7  0.729355 0.000054 0.000049  -0.007524 -0.009754 -0.114047
8  3.942146 0.046274 -0.431511  -0.498774 0.109385 -1.203070
9  1.539110 0.000084 0.000006  0.016536 -0.136924 -1.019669
10  1.196332 0.000146 0.000031  0.014917 0.002603 -0.521648
11  3.883507 -0.047268 0.431382  -0.286619 0.410095 -0.604649
12  1.719573 -0.000027 0.000015  0.078190 -0.160916 -1.549411
13  1.209180 0.000092 0.000012  -0.001081 -0.002986 -0.400010
14  4.085223 -0.082716 1.151042  0.124883 0.563536 0.134737
15  1.719448 -0.000013 0.000021  0.026136 -0.076896 -1.034308
16  1.099675 0.000047 0.000006  -0.076371 0.028724 -1.554212
17  0.869833 -1.165539 1.469030  -1.117275 -0.587082 -0.368734
18  1.789819 -0.000003 -0.000019  0.000650 -0.012763 0.730564
19  1.207016 -0.000012 -0.000043  0.001402 -0.000028 -0.111171
20  5.740639 0.000411 -0.000705  -0.067018 0.000003 0.000071
21  11.481097 0.000256 -0.000809  -0.028748 -0.057204 0.012174
22  6.027524 -0.000329 0.000203  1.609985 -0.660066 1.360637
23  0.000003 11.692101 -0.000006  -0.917107 -0.376011 -0.735639
24  0.000003 0.000008 -0.000003  0.244840 -0.000030 1.570738
25  0.000000 -0.000011 -0.000000  0.868957 0.000002 1.570712
26  -4.636372 -9.409594 0.376269  1.473120 1.855075 -0.198639
27  6.027503 -0.000277 -0.000227  1.881253 0.767908 1.044563
28  11.691991 0.000244 0.000856  0.652731 0.000026 -1.176407
29  11.480230 0.000215 0.000885  -0.846708 -0.167135 0.260736
30  3.859436 -0.132788 1.193061  0.528456 -0.108162 -0.146400
31  1.312560 0.000026 0.000000  -0.042480 0.185469 -0.297988
32  0.729345 0.000066 -0.000027  -0.034001 0.007999 0.203667
33  3.944011 0.017919 0.419098  0.301784 0.034855 0.008332
34  1.539094 0.000010 0.000000  -0.004177 0.013584 -0.079057
35  1.196297 0.000074 -0.000004  -0.001864 -0.000998 -0.094799
36  3.883409 -0.050498 -0.431087  0.102806 0.184397 0.218576
37  1.719564 -0.000075 -0.000005  0.006246 -0.002409 -0.180023
38  1.209190 0.000031 0.000010  -0.006801 -0.003972 0.153294
39  3.806436 -0.112148 -1.295330  -0.095035 0.194969 0.093628
40  1.719412 -0.000100 -0.000033  0.000903 -0.005495 -0.358910
41  1.099669 0.000020 0.000006  0.003266 -0.001906 -0.516201
42  0.773673 -0.813979 -1.730948  1.690116 0.465140 -0.173801
43  1.789775 -0.000010 -0.000045  0.006136 -0.015047 0.320847
44  1.206996 -0.000001 0.000008  0.002072 -0.000055 -0.090247
45  5.740572 0.000055 0.000724  0.146457 -0.000014 0.000021
46  11.480991 0.000080 0.000926  0.149995 -0.033220 0.041705
47  6.027514 -0.000273 -0.000239  -0.807230 -0.278035 -0.247108
48  -0.000004 11.691974 -0.000006  -0.833028 0.308478 0.675858
49  0.000003 -0.000001 -0.000001  2.925272 -0.000041 1.570856
50  -0.000008 -0.000016 0.000005  2.272644 -0.000030 1.570865
51  -5.980814 -8.773588 -0.461358  2.368111 0.282751 -1.336730
52  0.000001 0.000000 0.000000  0.008153 -0.000259 0.000009
53  -0.000000 -0.000000 -0.000000  1.565115 0.043565 -0.106862
54  -0.713036 -16.361149 -6.473917  -0.653715 -0.385277 -1.917948
55  0.000002 -0.000001 0.000001  0.000000 -0.000000 -0.000002
56  0.000032 0.000028 0.000002  -1.571901 -0.044449 -0.106509
57  2.417656 -15.599492 -16.219418  1.570796 -0.000000 0.000000
58  -28.206707 19.300463 6.896673  1.570796 -0.000000 0.000000
59  2.236387 -0.189356 -5.367696  1.570796 -0.000000 0.000000
60  -0.004311 0.001230 -0.000371  0.006898 -0.005534 -0.284229
61  0.376268 10.084437 -2.887995  1.570796 -0.000000 0.000000
62  0.000000 0.000000 0.000000  -0.078727 -3.136056 0.284226
63  0.000000 0.000000 0.000000  1.563260 0.001440 -0.000657
64  -2.791569 -14.450800 -3.530839  1.305644 0.002781 0.058936
65  0.020864 -0.834790 -4.400274  -0.000000 0.000000 -0.000000
66  0.020868 0.023235 30.873928  -0.000000 0.000000 -0.000000
67  0.020865 -0.185995 -10.278831  -0.000000 0.000000 -0.000000
68  0.000000 0.209232 3.187962  0.000000 0.000000 -1.570796
69  0.000000 0.000001 0.559456  -0.000000 0.000000 -0.000000
70  0.020865 -0.110953 -1.554708  -0.000000 0.000000 -0.000000
71  -2.936000 -11.631570 -3.049973  1.305644 0.002781 0.058936
72  -2.869352 -12.696055 -1.671500  1.305644 0.002781 0.058936
73  -2.862633 -12.833911 -2.179740  1.305644 0.002781 0.058936
74  -2.855908 -12.971898 -2.688471  1.305644 0.002781 0.058936
75  -2.849120 -13.111196 -3.202028  1.305644 0.002781 0.058936
76  -2.842341 -13.250289 -3.714832  1.305644 0.002781 0.058936
time 44
0  0.000006 0.000000 0.000000  -1.570800 -1.391899 -1.570792
1  -5.247190 1.140902 2.232071  -1.544956 -1.855077 -0.198630
2  6.027524 -0.000322 0.000194  -0.752691 -0.911099 -1.720949
3  11.692111 0.000643 -0.000738  -0.626256 -0.000012 -1.314638
4  11.480410 0.000215 -0.000751  1.391643 -0.378158 0.158633
5  3.859509 -0.142880 -1.192049  -0.564874 -0.363952 -1.824543
6  1.312591 0.000013 0.000007  -0.136228 -0.000981 -0.208342
7  0.729355 0.000053 0.000049  -0.007524 -0.009754 -0.114047
8  3.942143 0.046273 -0.431511  -0.498774 0.109385 -1.203070
9  1.539110 0.000087 0.000005  0.016536 -0.136924 -1.019669
10  1.196333 0.000145 0.000027  0.014917 0.002603 -0.521648
11  3.883505 -0.047270 0.431382  -0.286619 0.410095 -0.604649
12  1.719574 -0.000025 0.000014  0.078190 -0.160916 -1.549411
13  1.209178 0.000093 0.000012  -0.001081 -0.002986 -0.400010
14  4.085223 -0.082716 1.151041  0.124883 0.563536 0.134737
15  1.719449 -0.000013 0.000022  0.026136 -0.076896 -1.034307
16  1.099675 0.000049 0.000006  -0.076371 0.028724 -1.554212
17  0.869831 -1.165540 1.469029  -1.117216 -0.587329 -0.368803
18  1.789819 -0.000003 -0.000017  0.000649 -0.012779 0.730897
19  1.207016 -0.000012 -0.000043  0.001404 -0.000028 -0.111040
20  5.740638 0.000409 -0.000705  -0.063954 0.000003 0.000070
21  11.481093 0.000254 -0.000809  -0.025870 -0.057145 0.013540
22  6.027524 -0.000329 0.000203  1.610205 -0.658779 1.356319
23  0.000002 11.692101 -0.000007  -0.918311 -0.377026 -0.736474
24  0.000003 0.000009 -0.000001  0.242835 -0.000031 1.570739
25  -0.000001 -0.000012 -0.000001  0.868957 0.000002 1.570712
26  -4.636372 -9.409594 0.376269  1.473120 1.855075 -0.198639
27  6.027503 -0.000276 -0.000227  1.807560 0.788704 0.972470
28  11.691990 0.000243 0.000855  0.682920 0.000024 -1.135729
29  11.480459 0.000326 0.000807  -0.803911 -0.041295 0.116715
30  3.859436 -0.132787 1.193061  0.529588 -0.095404 -0.146614
31  1.312561 0.000028 0.000000  -0.036266 0.166703 -0.280621
32  0.729344 0.000067 -0.000027  -0.030638 0.006054 0.117863
33  3.944010 0.017918 0.419098  0.302051 0.036178 -0.001461
34  1.539095 0.000010 -0.000000  -0.003970 0.012222 -0.082713
35  1.196297 0.000074 -0.000004  -0.001697 -0.001057 -0.135544
36  3.883410 -0.050498 -0.431087  0.097768 0.163393 0.201157
37  1.719564 -0.000075 -0.000004  0.006175 -0.001577 -0.163281
38  1.209191 0.000031 0.000010  -0.006927 -0.004204 0.116695
39  3.806436 -0.112148 -1.295329  -0.087992 0.261419 0.008271
40  1.719412 -0.000100 -0.000033  0.004420 -0.017887 -0.357736
41  1.099670 0.000019 0.000005  0.003976 -0.000544 -0.789558
42  0.773673 -0.813979 -1.730948  1.690501 0.494889 -0.167905
43  1.789776 -0.000010 -0.000045  0.006596 -0.015727 0.347795
44  1.206996 -0.000001 0.000009  0.002128 -0.000126 -0.047331
45  5.740571 0.000055 0.000724  0.153658 -0.000014 0.000021
46  11.481035 0.000100 0.000911  0.154000 -0.016386 0.006138
47  6.027514 -0.000273 -0.000239  -0.844726 -0.321652 -0.256369
48  -0.000000 11.691974 -0.000006  -0.807480 0.289273 0.657117
49  0.000002 -0.000000 -0.000001  2.955463 -0.000041 1.570856
50  -0.000007 -0.000016 0.000005  2.272644 -0.000030 1.570865
51  -6.789131 -9.151888 -1.263185  2.488381 0.171874 -1.250638
52  0.000001 0.000001 -0.000000  0.008153 -0.000259 0.000009
53  -0.000000 0.000000 0.000000  1.565115 0.043565 -0.106862
54  -0.694508 -16.352545 -6.404060  -0.643276 -0.385547 -1.917763
55  0.000000 -0.000000 -0.000000  0.000000 -0.000000 -0.000002
56  0.000031 0.000029 0.000001  -1.571901 -0.044449 -0.106509
57  2.405025 -15.586297 -16.177498  1.570796 -0.000000 0.000000
58  -27.504452 18.829807 6.634764  1.570796 -0.000000 0.000000
59  2.236387 -0.189356 -5.367696  1.570796 -0.000000 0.000000
60  -0.004311 0.001230 -0.000371  0.006898 -0.005534 -0.284229
61  0.376268 10.084437 -2.887995  1.570796 -0.000000 0.000000
62  0.000000 0.000000 0.000000  -0.078727 -3.136056 0.284226
63  0.000000 0.000000 0.000000  1.564149 0.001531 -0.001518
64  -2.807281 -14.440426 -3.486624  1.301558 -0.005991 0.063052
65  0.020863 -0.834789 -4.400274  -0.000000 -0.000000 0.000000
66  0.020867 0.023235 30.873930  -0.000000 -0.000000 0.000000
67  0.020864 -0.185994 -10.278831  -0.000000 -0.000000 0.000000
68  -0.000000 0.209231 3.187962  0.000000 -0.000000 -1.570796
69  -0.000000 0.000001 0.559457  -0.000000 -0.000000 0.000000
70  0.020865 -0.110953 -1.554709  -0.000000 -0.000000 0.000000
71  -2.967581 -11.620137 -3.017123  1.301558 -0.005991 0.063052
72  -2.908999 -12.679474 -1.634322  1.301558 -0.005991 0.063052
73  -2.897137 -12.819090 -2.141988  1.301558 -0.005991 0.063052
74  -2.885263 -12.958841 -2.650142  1.301558 -0.005991 0.063052
75  -2.873277 -13.099918 -3.163118  1.301558 -0.005991 0.063052
76  -2.861308 -13.240789 -3.675341  1.301558 -0.005991 0.063052
time 45
0  0.000006 0.000000 0.000000  -1.570800 -1.391899 -1.570792
1  -5.247190 1.140902 2.232071  -1.544956 -1.855077 -0.198630
2  6.027524 -0.000322 0.000194  -0.752833 -0.911972 -1.723887
3  11.692111 0.000643 -0.000738  -0.628465 -0.000012 -1.317340
4  11.480392 0.000209 -0.000755  1.404562 -0.380974 0.164751
5  3.859508 -0.142878 -1.192049  -0.564874 -0.363952 -1.824543
6  1.312590 0.000013 0.000010  -0.136228 -0.000981 -0.208342
7  0.729355 0.000054 0.000049  -0.007524 -0.009754 -0.114047
8  3.942143 0.046275 -0.431511  -0.498774 0.109385 -1.203070
9  1.539110 0.000084 0.000006  0.016536 -0.136924 -1.019669
10  1.196330 0.000146 0.000029  0.014917 0.002603 -0.521648
11  3.883505 -0.047268 0.431382  -0.286619 0.410095 -0.604649
12  1.719573 -0.000027 0.000015  0.078190 -0.160916 -1.549411
13  1.209177 0.000091 0.000012  -0.001081 -0.002986 -0.400010
14  4.085222 -0.082714 1.151041  0.124883 0.563536 0.134737
15  1.719449 -0.000011 0.000021  0.026136 -0.076896 -1.034307
16  1.099675 0.000047 0.000005  -0.076371 0.028724 -1.554212
17  0.869830 -1.165540 1.469030  -1.117156 -0.587575 -0.368870
18  1.789818 -0.000005 -0.000019  0.000647 -0.012794 0.731223
19  1.207015 -0.000012 -0.000044  0.001405 -0.000029 -0.110908
20  5.740637 0.000410 -0.000703  -0.061275 0.000003 0.000071
21  11.481089 0.000253 -0.000809  -0.023175 -0.057552 0.015263
22  6.027524 -0.000329 0.000203  1.610244 -0.657903 1.353245
23  0.000003 11.692099 -0.000007  -0.919955 -0.378413 -0.737612
24  0.000003 0.000008 -0.000001  0.240626 -0.000031 1.570739
25  -0.000000 -0.000012 -0.000001  0.868957 0.000002 1.570712
26  -4.636372 -9.409594 0.376269  1.473120 1.855075 -0.198639
27  6.027502 -0.000276 -0.000227  1.749777 0.797081 0.916842
28  11.691991 0.000244 0.000856  0.719627 0.000022 -1.111378
29  11.480608 0.000413 0.000746  -0.813139 0.015992 -0.023053
30  3.859436 -0.132787 1.193062  0.530790 -0.079096 -0.146943
31  1.312560 0.000026 -0.000000  -0.028613 0.141559 -0.258726
32  0.729343 0.000065 -0.000027  -0.025907 0.003907 0.007824
33  3.944008 0.017918 0.419098  0.302520 0.038358 -0.013376
34  1.539093 0.000010 0.000000  -0.003947 0.010376 -0.087347
35  1.196298 0.000076 -0.000004  -0.001472 -0.001127 -0.190384
36  3.883410 -0.050497 -0.431087  0.090920 0.142054 0.177801
37  1.719564 -0.000075 -0.000004  0.006099 -0.000952 -0.151578
38  1.209191 0.000031 0.000010  -0.007082 -0.004520 0.068943
39  3.806434 -0.112148 -1.295329  -0.055139 0.415530 -0.030325
40  1.719412 -0.000100 -0.000033  0.006559 -0.009395 -0.460692
41  1.099671 0.000021 0.000005  0.003796 -0.001256 -1.000818
42  0.773672 -0.813979 -1.730947  1.688963 0.471001 -0.170962
43  1.789775 -0.000009 -0.000044  0.007955 -0.013644 0.283761
44  1.206997 -0.000001 0.000009  0.001961 -0.000028 -0.093393
45  5.740572 0.000055 0.000724  0.154038 -0.000014 0.000021
46  11.481067 0.000118 0.000899  0.150556 -0.013933 -0.024523
47  6.027514 -0.000273 -0.000239  -0.868422 -0.356509 -0.262944
48  -0.000002 11.691975 -0.000006  -0.792077 0.277998 0.645706
49  0.000004 -0.000001 -0.000000  2.992171 -0.000041 1.570856
50  -0.000007 -0.000016 0.000005  2.272644 -0.000030 1.570865
51  -7.415621 -9.345197 -1.874974  2.554993 0.108955 -1.160018
52  -0.000001 0.000000 0.000000  0.008153 -0.000259 0.000009
53  -0.000001 -0.000000 0.000000  1.565115 0.043565 -0.106862
54  -0.680425 -16.335751 -6.342673  -0.633049 -0.382973 -1.917490
55  0.000000 -0.000000 0.000001  0.000000 -0.000000 -0.000002
56  0.000031 0.000029 0.000002  -1.571901 -0.044449 -0.106509
57  2.395920 -15.569407 -16.140619  1.570796 -0.000000 0.000000
58  -26.620987 18.229496 6.285947  1.570796 -0.000000 0.000000
59  2.236387 -0.189356 -5.367696  1.570796 -0.000000 0.000000
60  -0.004311 0.001230 -0.000371  0.006898 -0.005534 -0.284229
61  0.376268 10.084437 -2.887995  1.570796 -0.000000 0.000000
62  0.000000 0.000000 0.000000  -0.078727 -3.136056 0.284226
63  0.000000 0.000000 0.000000  1.565331 0.001681 -0.002569
64  -2.829496 -14.430052 -3.447635  1.300120 -0.015710 0.067175
65  0.020864 -0.834791 -4.400272  0.000000 0.000000 0.000000
66  0.020868 0.023234 30.873934  0.000000 0.000000 0.000000
67  0.020865 -0.185994 -10.278831  0.000000 0.000000 0.000000
68  -0.000000 0.209232 3.187963  0.000000 -0.000000 -1.570796
69  -0.000000 0.000001 0.559457  0.000000 0.000000 0.000000
70  0.020865 -0.110953 -1.554708  0.000000 0.000000 0.000000
71  -3.005955 -11.610079 -2.982043  1.300120 -0.015710 0.067175
72  -2.957946 -12.673293 -1.492926  1.212521 -0.015457 0.067623
73  -2.938416 -12.814086 -2.127176  1.300120 -0.015710 0.067175
74  -2.920993 -12.954185 -2.635074  1.300120 -0.015710 0.067175
75  -2.903405 -13.095613 -3.147791  1.300120 -0.015710 0.067175
76  -2.885843 -13.236831 -3.659746  1.300120 -0.015710 0.067175
time 46
0  0.000006 0.000000 0.000000  -1.570800 -1.391899 -1.570792
1  -5.247190 1.140902 2.232071  -1.544956 -1.855077 -0.198630
2  6.027524 -0.000322 0.000193  -0.752670 -0.912731 -1.726501
3  11.692109 0.000645 -0.000739  -0.630858 -0.000012 -1.319755
4  11.480376 0.000204 -0.000761  1.416985 -0.383928 0.170630
5  3.859509 -0.142880 -1.192049  -0.564874 -0.363952 -1.824543
6  1.312590 0.000013 0.000008  -0.136228 -0.000981 -0.208342
7  0.729357 0.000054 0.000049  -0.007524 -0.009754 -0.114047
8  3.942144 0.046273 -0.431512  -0.498774 0.109385 -1.203070
9  1.539111 0.000083 0.000005  0.016536 -0.136924 -1.019669
10  1.196334 0.000144 0.000029  0.014917 0.002603 -0.521648
11  3.883505 -0.047269 0.431382  -0.286619 0.410095 -0.604649
12  1.719573 -0.000030 0.000015  0.078190 -0.160916 -1.549411
13  1.209180 0.000091 0.000014  -0.001081 -0.002986 -0.400010
14  4.085222 -0.082716 1.151041  0.124883 0.563536 0.134737
15  1.719447 -0.000012 0.000022  0.026136 -0.076896 -1.034307
16  1.099675 0.000047 0.000005  -0.076371 0.028724 -1.554212
17  0.869831 -1.165541 1.469029  -1.117097 -0.587820 -0.368938
18  1.789818 -0.000004 -0.000020  0.000645 -0.012808 0.731542
19  1.207016 -0.000012 -0.000044  0.001407 -0.000029 -0.110777
20  5.740637 0.000410 -0.000703  -0.058673 0.000003 0.000070
21  11.481086 0.000253 -0.000810  -0.020577 -0.057981 0.016920
22  6.027524 -0.000329 0.000203  1.610056 -0.657151 1.350875
23  0.000002 11.692100 -0.000007  -0.921424 -0.379654 -0.738628
24  0.000003 0.000007 -0.000001  0.238233 -0.000030 1.570738
25  0.000000 -0.000012 -0.000003  0.868957 0.000002 1.570712
26  -4.636372 -9.409594 0.376269  1.473120 1.855075 -0.198639
27  6.027502 -0.000276 -0.000227  1.721612 0.799747 0.891648
28  11.691991 0.000245 0.000856  0.760581 0.000022 -1.098621
29  11.480693 0.000471 0.000701  -0.843545 0.029892 -0.094753
30  3.859435 -0.132788 1.193062  0.531711 -0.061367 -0.147309
31  1.312560 0.000028 0.000000  -0.020623 0.112420 -0.235355
32  0.729344 0.000066 -0.000027  -0.020221 0.002127 -0.111300
33  3.944009 0.017917 0.419097  0.302891 0.040940 -0.025978
34  1.539093 0.000011 -0.000000  -0.004032 0.008170 -0.092337
35  1.196298 0.000074 -0.000004  -0.001204 -0.001194 -0.255143
36  3.883410 -0.050499 -0.431087  0.083195 0.121592 0.150512
37  1.719564 -0.000075 -0.000005  0.006018 -0.000531 -0.144048
38  1.209190 0.000032 0.000010  -0.007230 -0.004898 0.014622
39  3.806435 -0.112148 -1.295329  -0.034979 0.520419 -0.048911
40  1.719411 -0.000101 -0.000033  0.006723 -0.000839 -0.563628
41  1.099671 0.000020 0.000006  0.003621 -0.002579 -1.099986
42  0.773673 -0.813979 -1.730947  1.685676 0.412098 -0.177540
43  1.789775 -0.000010 -0.000045  0.009256 -0.008947 0.146403
44  1.206996 -0.000001 0.000008  0.001590 0.000155 -0.192074
45  5.740572 0.000056 0.000724  0.149726 -0.000014 0.000021
46  11.481083 0.000130 0.000890  0.144086 -0.015623 -0.039009
47  6.027514 -0.000273 -0.000239  -0.879299 -0.373543 -0.264081
48  -0.000001 11.691975 -0.000006  -0.783974 0.272159 0.639670
49  0.000003 -0.000001 -0.000000  3.033125 -0.000041 1.570856
50  -0.000007 -0.000016 0.000005  2.272644 -0.000030 1.570865
51  -7.728681 -9.426627 -2.159215  2.582448 0.083359 -1.115591
52  -0.000000 0.000000 0.000001  0.008153 -0.000259 0.000009
53  -0.000000 -0.000000 -0.000000  1.565115 0.043565 -0.106862
54  -0.670500 -16.319126 -6.289074  -0.623001 -0.380010 -1.917451
55  0.000001 -0.000001 0.000001  0.000000 -0.000000 -0.000002
56  0.000031 0.000028 0.000002  -1.571902 -0.044449 -0.106509
57  2.390464 -15.548713 -16.109175  1.570796 -0.000000 0.000000
58  -25.581005 17.511112 5.851774  1.570796 -0.000000 0.000000
59  2.236387 -0.189356 -5.367696  1.570796 -0.000000 0.000000
60  -0.004311 0.001230 -0.000371  0.006898 -0.005534 -0.284229
61  0.376268 10.084437 -2.887995  1.570796 -0.000000 0.000000
62  0.000000 0.000000 0.000000  -0.078727 -3.136056 0.284226
63  0.000000 0.000000 0.000000  1.566850 0.001980 -0.003830
64  -2.854961 -14.420519 -3.415948  1.299065 -0.025438 0.070977
65  0.020864 -0.834790 -4.400273  -0.000000 -0.000000 0.000000
66  0.020868 0.023233 30.873932  -0.000000 -0.000000 0.000000
67  0.020865 -0.185994 -10.278831  -0.000000 -0.000000 0.000000
68  0.000000 0.209231 3.187962  0.000000 0.000000 -1.570796
69  0.000000 0.000001 0.559456  -0.000000 -0.000000 0.000000
70  0.020865 -0.110953 -1.554707  -0.000000 -0.000000 0.000000
71  -3.046618 -11.601065 -2.953232  1.299065 -0.025438 0.070977
72  -3.009463 -12.702630 -1.348911  1.088963 -0.024434 0.072521
73  -2.980883 -12.816800 -2.141795  1.299065 -0.025438 0.070977
74  -2.957965 -12.957017 -2.649444  1.299065 -0.025438 0.070977
75  -2.934830 -13.098563 -3.161908  1.299065 -0.025438 0.070977
76  -2.911730 -13.239894 -3.673589  1.299065 -0.025438 0.070977
time 47
0  0.000006 0.000000 0.000000  -1.570800 -1.391899 -1.570792
1  -5.247190 1.140902 2.232071  -1.544956 -1.855077 -0.198630
2  6.027524 -0.000322 0.000193  -0.752035 -0.913720 -1.729463
3  11.692110 0.000643 -0.000739  -0.633417 -0.000012 -1.320798
4  11.480369 0.000201 -0.000761  1.429644 -0.385016 0.173612
5  3.859509 -0.142879 -1.192049  -0.564874 -0.363952 -1.824543
6  1.312590 0.000011 0.000009  -0.136228 -0.000981 -0.208342
7  0.729354 0.000055 0.000050  -0.007524 -0.009754 -0.114047
8  3.942144 0.046274 -0.431512  -0.498774 0.109385 -1.203070
9  1.539110 0.000083 0.000005  0.016536 -0.136924 -1.019669
10  1.196334 0.000144 0.000028  0.014917 0.002603 -0.521648
11  3.883505 -0.047268 0.431382  -0.286619 0.410095 -0.604649
12  1.719573 -0.000027 0.000015  0.078190 -0.160916 -1.549411
13  1.209180 0.000091 0.000011  -0.001081 -0.002986 -0.400010
14  4.085225 -0.082714 1.151041  0.124883 0.563536 0.134737
15  1.719450 -0.000011 0.000022  0.026136 -0.076896 -1.034307
16  1.099675 0.000048 0.000005  -0.076371 0.028724 -1.554212
17  0.869829 -1.165541 1.469029  -1.117038 -0.588064 -0.369006
18  1.789819 -0.000003 -0.000019  0.000643 -0.012822 0.731853
19  1.207015 -0.000012 -0.000044  0.001408 -0.000029 -0.110647
20  5.740638 0.000411 -0.000702  -0.055918 0.000003 0.000071
21  11.481084 0.000252 -0.000809  -0.018045 -0.057995 0.018046
22  6.027524 -0.000329 0.000203  1.609488 -0.656189 1.348761
23  0.000002 11.692101 -0.000007  -0.922058 -0.380190 -0.739066
24  0.000003 0.000008 -0.000002  0.235674 -0.000031 1.570739
25  -0.000000 -0.000011 -0.000002  0.868957 0.000002 1.570712
26  -4.636372 -9.409594 0.376269  1.473120 1.855075 -0.198639
27  6.027502 -0.000275 -0.000228  1.724622 0.783252 0.896266
28  11.691990 0.000243 0.000856  0.802926 0.000023 -1.119077
29  11.480559 0.000458 0.000727  -0.884744 0.022680 -0.076592
30  3.859437 -0.132788 1.193063  0.532005 -0.044729 -0.147638
31  1.312559 0.000029 -0.000000  -0.013305 0.082483 -0.213926
32  0.729344 0.000067 -0.000028  -0.014305 0.001068 -0.221367
33  3.944009 0.017918 0.419099  0.302862 0.043371 -0.037601
34  1.539095 0.000012 0.000000  -0.004134 0.005787 -0.096957
35  1.196298 0.000075 -0.000004  -0.000919 -0.001246 -0.323846
36  3.883411 -0.050498 -0.431086  0.075604 0.103272 0.121924
37  1.719563 -0.000075 -0.000005  0.005939 -0.000286 -0.139221
38  1.209190 0.000032 0.000010  -0.007335 -0.005300 -0.040298
39  3.806437 -0.112148 -1.295328  -0.044325 0.510191 -0.065758
40  1.719413 -0.000101 -0.000033  0.006585 -0.003682 -0.517101
41  1.099671 0.000019 0.000006  0.003868 -0.002671 -1.105753
42  0.773672 -0.813979 -1.730947  1.683534 0.364247 -0.181169
43  1.789775 -0.000009 -0.000045  0.009701 -0.006701 0.082378
44  1.206996 -0.000001 0.000009  0.001411 0.000228 -0.238137
45  5.740571 0.000056 0.000724  0.141071 -0.000014 0.000021
46  11.481055 0.000129 0.000895  0.135956 -0.016100 -0.034554
47  6.027514 -0.000273 -0.000239  -0.862133 -0.378192 -0.267905
48  -0.000001 11.691973 -0.000006  -0.796956 0.281544 0.649329
49  0.000004 -0.000001 -0.000000  3.075469 -0.000041 1.570856
50  -0.000007 -0.000015 0.000005  2.272644 -0.000030 1.570865
51  -7.767681 -9.280026 -2.041153  2.576959 0.093099 -1.127438
52  0.000000 -0.000000 -0.000000  0.008153 -0.000259 0.000009
53  -0.000000 -0.000000 0.000001  1.565115 0.043565 -0.106862
54  -0.665373 -16.311142 -6.242044  -0.613388 -0.379234 -1.917953
55  0.000000 0.000001 0.000001  0.000000 -0.000000 -0.000002
56  0.000029 0.000029 0.000002  -1.571902 -0.044449 -0.106509
57  2.388659 -15.524228 -16.083338  1.570796 -0.000000 0.000000
58  -24.419445 16.692680 5.339458  1.570796 -0.000000 0.000000
59  2.236387 -0.189356 -5.367696  1.570796 -0.000000 0.000000
60  -0.004311 0.001230 -0.000371  0.006898 -0.005534 -0.284229
61  0.376268 10.084437 -2.887995  1.570796 -0.000000 0.000000
62  0.000000 0.000000 0.000000  -0.078727 -3.136056 0.284226
63  0.000000 0.000000 0.000000  1.568745 0.002522 -0.005319
64  -2.880427 -14.412668 -3.392346  1.296136 -0.033909 0.074124
65  0.020864 -0.834791 -4.400273  0.000000 0.000000 0.000000
66  0.020868 0.023234 30.873930  0.000000 0.000000 0.000000
67  0.020865 -0.185996 -10.278831  0.000000 0.000000 0.000000
68  0.000000 0.209232 3.187962  0.000000 0.000000 -1.570796
69  0.000001 0.000000 0.559457  0.000000 0.000000 0.000000
70  0.020865 -0.110954 -1.554708  0.000000 0.000000 0.000000
71  -3.084685 -11.592764 -2.937846  1.296136 -0.033909 0.074124
72  -3.054124 -12.753455 -1.315245  1.036847 -0.031833 0.077134
73  -3.020335 -12.816302 -2.158492  1.296136 -0.033909 0.074124
74  -2.992592 -12.957610 -2.665596  1.296136 -0.033909 0.074124
75  -2.964586 -13.100261 -3.177512  1.296136 -0.033909 0.074124
76  -2.936624 -13.242686 -3.688627  1.296136 -0.033909 0.074124
time 48
0  0.000006 0.000000 0.000000  -1.570800 -1.391899 -1.570792
1  -5.247190 1.140902 2.232071  -1.544956 -1.855077 -0.198630
2  6.027524 -0.000322 0.000193  -0.750177 -0.916299 -1.731858
3  11.692111 0.000644 -0.000738  -0.636955 -0.000012 -1.319405
4  11.480374 0.000208 -0.000759  1.442007 -0.383155 0.170696
5  3.859508 -0.142879 -1.192049  -0.564874 -0.363952 -1.824543
6  1.312589 0.000013 0.000007  -0.136228 -0.000981 -0.208342
7  0.729355 0.000054 0.000050  -0.007524 -0.009754 -0.114047
8  3.942142 0.046274 -0.431512  -0.498774 0.109385 -1.203070
9  1.539110 0.000085 0.000004  0.016536 -0.136924 -1.019669
10  1.196334 0.000145 0.000029  0.014917 0.002603 -0.521648
11  3.883503 -0.047268 0.431382  -0.286619 0.410095 -0.604649
12  1.719573 -0.000025 0.000015  0.078190 -0.160916 -1.549411
13  1.209180 0.000092 0.000012  -0.001081 -0.002986 -0.400010
14  4.085219 -0.082714 1.151041  0.124883 0.563536 0.134737
15  1.719449 -0.000013 0.000022  0.026136 -0.076896 -1.034307
16  1.099675 0.000048 0.000005  -0.076371 0.028724 -1.554212
17  0.869829 -1.165539 1.469029  -1.116979 -0.588306 -0.369073
18  1.789820 -0.000003 -0.000019  0.000642 -0.012835 0.732158
19  1.207014 -0.000012 -0.000044  0.001410 -0.000029 -0.110518
20  5.740636 0.000410 -0.000703  -0.053239 0.000003 0.000070
21  11.481084 0.000252 -0.000810  -0.015773 -0.057373 0.018033
22  6.027524 -0.000329 0.000203  1.607860 -0.653685 1.348832
23  0.000002 11.692100 -0.000008  -0.921211 -0.379474 -0.738481
24  0.000001 0.000008 0.000000  0.232136 -0.000031 1.570738
25  -0.000001 -0.000011 -0.000003  0.868957 0.000002 1.570712
26  -4.636372 -9.409594 0.376269  1.473120 1.855075 -0.198639
27  6.027501 -0.000276 -0.000228  1.735343 0.750166 0.905774
28  11.691991 0.000244 0.000856  0.843607 0.000025 -1.164828
29  11.480294 0.000397 0.000804  -0.944733 0.010189 -0.022784
30  3.859437 -0.132789 1.193062  0.531436 -0.031339 -0.147879
31  1.312561 0.000026 -0.000001  -0.007258 0.054817 -0.197243
32  0.729345 0.000067 -0.000027  -0.008896 0.000710 -0.307206
33  3.944010 0.017916 0.419098  0.302222 0.045150 -0.046827
34  1.539095 0.000011 0.000000  -0.004169 0.003417 -0.100585
35  1.196297 0.000074 -0.000004  -0.000645 -0.001277 -0.390439
36  3.883411 -0.050499 -0.431087  0.068950 0.088055 0.094551
37  1.719564 -0.000074 -0.000005  0.005869 -0.000170 -0.135444
38  1.209190 0.000031 0.000010  -0.007375 -0.005684 -0.090168
39  3.806435 -0.112150 -1.295329  -0.052003 0.491316 -0.073776
40  1.719413 -0.000101 -0.000033  0.006301 -0.010519 -0.470586
41  1.099671 0.000021 0.000005  0.004455 -0.002550 -1.106576
42  0.773674 -0.813980 -1.730947  1.687086 0.335564 -0.171046
43  1.789776 -0.000009 -0.000045  0.010122 -0.011068 0.094389
44  1.206995 -0.000001 0.000008  0.001874 0.000222 -0.233847
45  5.740572 0.000053 0.000724  0.127957 -0.000014 0.000021
46  11.481004 0.000114 0.000910  0.124315 -0.016027 -0.022629
47  6.027514 -0.000273 -0.000239  -0.826042 -0.383837 -0.279259
48  -0.000001 11.691975 -0.000006  -0.825779 0.302965 0.670564
49  0.000003 -0.000001 -0.000001  3.116148 -0.000041 1.570856
50  -0.000007 -0.000015 0.000006  2.272644 -0.000030 1.570865
51  -7.770198 -8.952902 -1.788240  2.544698 0.120419 -1.158505
52  -0.000000 -0.000000 0.000000  0.008153 -0.000259 0.000009
53  0.000001 -0.000001 0.000000  1.565115 0.043565 -0.106862
54  -0.665596 -16.320126 -6.200434  -0.604447 -0.383221 -1.919327
55  -0.000000 0.000000 0.000001  0.000000 -0.000000 -0.000002
56  0.000030 0.000029 0.000002  -1.571901 -0.044449 -0.106509
57  2.418695 -15.493091 -16.062176  1.570796 -0.000000 0.000000
58  -23.180538 15.798401 4.761421  1.570796 -0.000000 0.000000
59  2.236387 -0.189356 -5.367696  1.570796 -0.000000 0.000000
60  -0.004311 0.001230 -0.000371  0.006898 -0.005534 -0.284229
61  0.376268 10.084437 -2.887995  1.570796 -0.000000 0.000000
62  0.000000 0.000000 0.000000  -0.078727 -3.136056 0.284226
63  0.000000 0.000000 0.000000  1.573646 0.003281 -0.007144
64  -2.902641 -14.407341 -3.377611  1.289088 -0.039839 0.076336
65  0.020863 -0.834789 -4.400273  0.000000 -0.000000 0.000000
66  0.020867 0.023235 30.873926  0.000000 -0.000000 0.000000
67  0.020865 -0.185994 -10.278830  0.000000 -0.000000 0.000000
68  0.000000 0.209232 3.187960  0.000000 0.000000 -1.570796
69  0.000000 0.000001 0.559456  0.000000 -0.000000 0.000000
70  0.020864 -0.110952 -1.554708  0.000000 -0.000000 0.000000
71  -3.115270 -11.584918 -2.943009  1.289088 -0.039839 0.076336
72  -3.088905 -12.789660 -1.312740  1.011535 -0.036565 0.080922
73  -3.052442 -12.808461 -2.173699  1.289088 -0.039839 0.076336
74  -3.021157 -12.953044 -2.679673  1.289088 -0.039839 0.076336
75  -2.989575 -13.098998 -3.190446  1.289088 -0.039839 0.076336
76  -2.958042 -13.244727 -3.700433  1.289088 -0.039839 0.076336
time 49
0  0.000006 0.000000 0.000000  -1.570800 -1.391899 -1.570792
1  -5.247190 1.140902 2.232071  -1.544956 -1.855077 -0.198630
2  6.027524 -0.000322 0.000193  -0.745850 -0.922304 -1.733646
3  11.692111 0.000643 -0.000738  -0.642334 -0.000012 -1.313401
4  11.480420 0.000231 -0.000743  1.454084 -0.374797 0.157901
5  3.859510 -0.142880 -1.192049  -0.564874 -0.363952 -1.824543
6  1.312590 0.000012 0.000008  -0.136228 -0.000981 -0.208342
7  0.729359 0.000053 0.000049  -0.007524 -0.009753 -0.114047
8  3.942144 0.046272 -0.431512  -0.498774 0.109385 -1.203070
9  1.539110 0.000084 0.000005  0.016536 -0.136924 -1.019669
10  1.196334 0.000144 0.000028  0.014917 0.002603 -0.521648
11  3.883505 -0.047270 0.431382  -0.286619 0.410095 -0.604649
12  1.719572 -0.000026 0.000015  0.078190 -0.160916 -1.549411
13  1.209178 0.000092 0.000012  -0.001081 -0.002986 -0.400010
14  4.085224 -0.082716 1.151040  0.124883 0.563536 0.134737
15  1.719447 -0.000013 0.000022  0.026136 -0.076896 -1.034307
16  1.099675 0.000047 0.000006  -0.076371 0.028724 -1.554212
17  0.869830 -1.165542 1.469029  -1.116921 -0.588548 -0.369141
18  1.789819 -0.000004 -0.000018  0.000640 -0.012847 0.732456
19  1.207015 -0.000011 -0.000044  0.001411 -0.000029 -0.110389
20  5.740637 0.000411 -0.000704  -0.050484 0.000003 0.000070
21  11.481095 0.000257 -0.000807  -0.013916 -0.055391 0.016124
22  6.027524 -0.000329 0.000203  1.604130 -0.647843 1.352743
23  0.000002 11.692098 -0.000006  -0.917559 -0.376392 -0.735952
24  0.000002 0.000010 -0.000001  0.226756 -0.000031 1.570739
25  -0.000001 -0.000011 -0.000001  0.868957 0.000002 1.570712
26  -4.636372 -9.409594 0.376269  1.473120 1.855075 -0.198639
27  6.027502 -0.000277 -0.000228  1.736661 0.734152 0.905415
28  11.691992 0.000245 0.000856  0.879841 0.000027 -1.191520
29  11.480156 0.000386 0.000842  -1.018990 0.013824 0.004441
30  3.859437 -0.132787 1.193062  0.529908 -0.022531 -0.148001
31  1.312560 0.000028 -0.000001  -0.002645 0.031586 -0.186928
32  0.729344 0.000067 -0.000027  -0.004470 0.000779 -0.360207
33  3.944010 0.017918 0.419097  0.300876 0.045958 -0.052796
34  1.539095 0.000011 0.000000  -0.004084 0.001205 -0.102842
35  1.196297 0.000075 -0.000004  -0.000403 -0.001287 -0.450361
36  3.883412 -0.050497 -0.431087  0.063677 0.076401 0.070178
37  1.719564 -0.000074 -0.000005  0.005816 -0.000135 -0.131324
38  1.209192 0.000030 0.000010  -0.007344 -0.006018 -0.131054
39  3.806436 -0.112147 -1.295329  -0.047419 0.482110 -0.064142
40  1.719413 -0.000101 -0.000033  0.007278 -0.021321 -0.515505
41  1.099671 0.000020 0.000006  0.005685 -0.002226 -1.105105
42  0.773674 -0.813979 -1.730947  1.691190 0.325201 -0.160409
43  1.789775 -0.000009 -0.000047  0.010344 -0.015449 0.106400
44  1.206997 -0.000001 0.000009  0.002338 0.000214 -0.229557
45  5.740572 0.000058 0.000724  0.112514 -0.000014 0.000021
46  11.480976 0.000115 0.000918  0.109591 -0.014619 -0.016543
47  6.027514 -0.000273 -0.000239  -0.809611 -0.388909 -0.286701
48  -0.000000 11.691975 -0.000006  -0.842463 0.315729 0.682718
49  0.000003 -0.000001 -0.000000  -3.130804 -0.000041 1.570856
50  -0.000007 -0.000016 0.000005  2.272644 -0.000030 1.570865
51  -7.767455 -8.771147 -1.741680  2.502842 0.129823 -1.175124
52  0.000001 -0.000000 0.000001  0.008153 -0.000259 0.000009
53  0.000000 0.000000 -0.000000  1.565115 0.043565 -0.106862
54  -0.673909 -16.361856 -6.159299  -0.595638 -0.396097 -1.923533
55  -0.000000 0.000000 0.000000  0.000000 -0.000000 -0.000002
56  0.000030 0.000029 0.000001  -1.571902 -0.044449 -0.106509
57  2.509093 -15.452573 -16.044899  1.570796 -0.000000 0.000000
58  -21.915060 14.857309 4.133453  1.570796 -0.000000 0.000000
59  2.236387 -0.189356 -5.367696  1.570796 -0.000000 0.000000
60  -0.004311 0.001230 -0.000371  0.006898 -0.005534 -0.284229
61  0.376268 10.084437 -2.887995  1.570796 -0.000000 0.000000
62  0.000000 0.000000 0.000000  -0.078727 -3.136056 0.284226
63  0.000000 0.000000 0.000000  1.579994 0.003706 -0.008157
64  -2.918354 -14.405378 -3.372525  1.273981 -0.041926 0.076094
65  0.020864 -0.834790 -4.400273  -0.000000 0.000000 0.000000
66  0.020868 0.023235 30.873932  -0.000000 0.000000 0.000000
67  0.020865 -0.185995 -10.278831  -0.000000 0.000000 0.000000
68  -0.000000 0.209231 3.187961  -0.000000 0.000000 -1.570796
69  -0.000000 0.000001 0.559456  -0.000000 0.000000 0.000000
70  0.020865 -0.110953 -1.554707  -0.000000 0.000000 0.000000
71  -3.129890 -11.576621 -2.980689  1.273981 -0.041926 0.076094
72  -3.104943 -12.806533 -1.360951  0.993716 -0.037498 0.082088
73  -3.064874 -12.815300 -2.281368  1.273981 -0.041926 0.076094
74  -3.032085 -12.967428 -2.785029  1.273981 -0.041926 0.076094
75  -2.998986 -13.120998 -3.293468  1.273981 -0.041926 0.076094
76  -2.965931 -13.274361 -3.801211  1.273981 -0.041926 0.076094
time 50
0  0.000006 0.000000 0.000000  -1.570800 -1.391899 -1.570792
1  -5.247190 1.140902 2.232071  -1.544956 -1.855077 -0.198630
2  6.027524 -0.000322 0.000193  -0.739045 -0.930973 -1.733817
3  11.692110 0.000645 -0.000739  -0.649501 -0.000011 -1.304095
4  11.480488 0.000267 -0.000718  1.460442 -0.362954 0.139379
5  3.859510 -0.142880 -1.192050  -0.564874 -0.363952 -1.824543
6  1.312590 0.000011 0.000007  -0.136228 -0.000981 -0.208342
7  0.729355 0.000054 0.000049  -0.007524 -0.009754 -0.114047
8  3.942143 0.046272 -0.431512  -0.498774 0.109385 -1.203070
9  1.539110 0.000085 0.000005  0.016536 -0.136924 -1.019669
10  1.196331 0.000145 0.000028  0.014917 0.002603 -0.521648
11  3.883505 -0.047270 0.431381  -0.286619 0.410095 -0.604649
12  1.719573 -0.000029 0.000014  0.078190 -0.160916 -1.549411
13  1.209178 0.000093 0.000013  -0.001081 -0.002986 -0.400010
14  4.085223 -0.082716 1.151041  0.124883 0.563536 0.134737
15  1.719448 -0.000012 0.000022  0.026136 -0.076896 -1.034307
16  1.099675 0.000048 0.000005  -0.076371 0.028724 -1.554212
17  0.869831 -1.165540 1.469028  -1.116863 -0.588788 -0.369208
18  1.789819 -0.000004 -0.000019  0.000638 -0.012858 0.732747
19  1.207017 -0.000011 -0.000044  0.001412 -0.000029 -0.110261
20  5.740637 0.000410 -0.000702  -0.048866 0.000003 0.000071
21  11.481108 0.000263 -0.000802  -0.013330 -0.052786 0.012857
22  6.027524 -0.000329 0.000203  1.598478 -0.639392 1.361405
23  0.000001 11.692098 -0.000007  -0.911890 -0.371632 -0.732016
24  0.000004 0.000009 0.000000  0.219589 -0.000031 1.570739
25  -0.000001 -0.000012 -0.000002  0.868957 0.000002 1.570712
26  -4.636372 -9.409594 0.376269  1.473120 1.855075 -0.198639
27  6.027502 -0.000275 -0.000228  1.679389 0.806263 0.855570
28  11.691991 0.000243 0.000855  0.909478 0.000022 -1.102765
29  11.480662 0.000562 0.000634  -1.139217 0.035937 -0.088965
30  3.859436 -0.132788 1.193062  0.527441 -0.018806 -0.147986
31  1.312559 0.000027 -0.000000  0.000636 0.013871 -0.183499
32  0.729345 0.000066 -0.000027  -0.001207 0.000973 -0.377770
33  3.944010 0.017918 0.419098  0.298825 0.045665 -0.055211
34  1.539095 0.000010 0.000000  -0.003852 -0.000762 -0.103591
35  1.196298 0.000075 -0.000004  -0.000204 -0.001283 -0.501069
36  3.883410 -0.050498 -0.431087  0.059924 0.068329 0.049740
37  1.719563 -0.000075 -0.000005  0.005781 -0.000138 -0.125939
38  1.209192 0.000032 0.000010  -0.007248 -0.006281 -0.161042
39  3.806436 -0.112148 -1.295328  -0.028336 0.458284 -0.007066
40  1.719413 -0.000100 -0.000034  0.008885 -0.027873 -0.620645
41  1.099670 0.000020 0.000006  0.006735 -0.002605 -1.094812
42  0.773674 -0.813979 -1.730947  1.691189 0.325201 -0.160409
43  1.789776 -0.000010 -0.000044  0.010344 -0.015449 0.106400
44  1.206996 -0.000001 0.000009  0.002338 0.000214 -0.229557
45  5.740571 0.000055 0.000724  0.090909 -0.000014 0.000021
46  11.481075 0.000148 0.000877  0.084969 -0.014459 -0.034321
47  6.027514 -0.000273 -0.000239  -0.898984 -0.397411 -0.262377
48  -0.000001 11.691975 -0.000005  -0.786608 0.274050 0.641635
49  0.000002 -0.000001 -0.000000  -3.101163 -0.000041 1.570856
50  -0.000007 -0.000015 0.000006  2.272644 -0.000030 1.570865
51  -7.918377 -9.440969 -2.738652  2.449805 0.094437 -1.138862
52  -0.000001 0.000000 -0.000001  0.008153 -0.000259 0.000009
53  -0.000000 -0.000001 -0.000000  1.565115 0.043565 -0.106862
54  -0.693489 -16.424217 -6.127482  -0.590392 -0.413345 -1.930370
55  0.000001 0.000000 0.000000  0.000000 -0.000000 -0.000002
56  0.000030 0.000029 0.000001  -1.571901 -0.044449 -0.106509
57  2.656074 -15.403710 -16.031590  1.570796 -0.000000 0.000000
58  -20.676153 13.900959 3.472185  1.570796 -0.000000 0.000000
59  2.236387 -0.189356 -5.367696  1.570796 -0.000000 0.000000
60  -0.004311 0.001230 -0.000371  0.006898 -0.005534 -0.284229
61  0.376268 10.084437 -2.887995  1.570796 -0.000000 0.000000
62  0.000000 0.000000 0.000000  -0.078727 -3.136056 0.284226
63  0.000000 0.000000 0.000000  1.582983 0.002472 -0.008070
64  -2.924314 -14.407612 -3.372820  1.256279 -0.039115 0.072040
65  0.020864 -0.834790 -4.400273  0.000000 0.000000 0.000000
66  0.020868 0.023237 30.873924  0.000000 0.000000 0.000000
67  0.020865 -0.185994 -10.278831  0.000000 0.000000 0.000000
68  0.000000 0.209231 3.187962  0.000000 0.000000 -1.570796
69  0.000000 0.000000 0.559456  0.000000 0.000000 0.000000
70  0.020865 -0.110952 -1.554708  0.000000 0.000000 0.000000
71  -3.121786 -11.571333 -3.031228  1.256279 -0.039115 0.072040
72  -3.041200 -13.086437 -2.286069  1.038090 -0.033990 0.079173
73  -3.001674 -13.170085 -3.152011  1.256279 -0.039115 0.072040
74  -2.970384 -13.331328 -3.652924  1.256279 -0.039115 0.072040
75  -2.938797 -13.494105 -4.158589  1.256279 -0.039115 0.072040
76  -2.907250 -13.656669 -4.663601  1.256279 -0.039115 0.072040
time 51
0  0.000006 0.000000 0.000000  -1.570800 -1.391899 -1.570792
1  -5.247190 1.140902 2.232071  -1.544956 -1.855077 -0.198630
2  6.027524 -0.000322 0.000193  -0.732542 -0.939583 -1.728588
3  11.692109 0.000643 -0.000740  -0.658191 -0.000011 -1.296896
4  11.480538 0.000296 -0.000698  1.454594 -0.356707 0.125620
5  3.859510 -0.142879 -1.192050  -0.564874 -0.363952 -1.824543
6  1.312592 0.000013 0.000008  -0.136228 -0.000981 -0.208342
7  0.729355 0.000053 0.000051  -0.007524 -0.009754 -0.114047
8  3.942143 0.046273 -0.431512  -0.498774 0.109385 -1.203070
9  1.539110 0.000083 0.000005  0.016536 -0.136924 -1.019669
10  1.196331 0.000146 0.000028  0.014917 0.002603 -0.521648
11  3.883505 -0.047269 0.431381  -0.286619 0.410095 -0.604649
12  1.719574 -0.000026 0.000014  0.078190 -0.160916 -1.549411
13  1.209180 0.000091 0.000011  -0.001081 -0.002986 -0.400010
14  4.085223 -0.082716 1.151040  0.124883 0.563536 0.134737
15  1.719451 -0.000013 0.000022  0.026136 -0.076896 -1.034307
16  1.099675 0.000048 0.000005  -0.076371 0.028724 -1.554212
17  0.869831 -1.165540 1.469029  -1.116805 -0.589026 -0.369274
18  1.789819 -0.000003 -0.000017  0.000637 -0.012869 0.733032
19  1.207016 -0.000012 -0.000043  0.001413 -0.000029 -0.110133
20  5.740637 0.000411 -0.000703  -0.050181 0.000003 0.000070
21  11.481120 0.000270 -0.000797  -0.014868 -0.051525 0.009955
22  6.027524 -0.000329 0.000203  1.593235 -0.630953 1.374979
23  0.000001 11.692101 -0.000007  -0.907498 -0.367963 -0.728955
24  0.000003 0.000008 -0.000002  0.210898 -0.000031 1.570739
25  -0.000001 -0.000012 -0.000001  0.868957 0.000002 1.570712
26  -4.636372 -9.409594 0.376269  1.473120 1.855075 -0.198639
27  6.027502 -0.000274 -0.000228  1.619655 0.887689 0.799438
28  11.691992 0.000244 0.000855  0.931154 0.000017 -1.011792
29  11.480470 0.000543 0.000666  -1.170629 0.024005 -0.103860
30  3.857564 -0.133552 1.196850  0.520940 -0.025464 -0.142499
31  1.312559 0.000027 -0.000001  0.003219 -0.000691 -0.185325
32  0.729347 0.000066 -0.000028  0.001330 0.001014 -0.361638
33  3.943888 0.019908 0.419833  0.277017 0.042505 -0.055796
34  1.539094 0.000010 0.000000  -0.003458 -0.002884 -0.102604
35  1.196298 0.000075 -0.000004  -0.000015 -0.001262 -0.551949
36  3.883410 -0.050496 -0.431086  0.053444 0.063646 0.029396
37  1.719564 -0.000075 -0.000005  0.005800 -0.001180 -0.120284
38  1.209189 0.000030 0.000009  -0.006853 -0.006517 -0.183542
39  3.806435 -0.112146 -1.295328  0.007982 0.393491 0.152290
40  1.719413 -0.000101 -0.000033  -0.013748 0.025041 -0.770822
41  1.099670 0.000021 0.000005  0.003092 -0.011583 -1.017886
42  0.773672 -0.813979 -1.730947  1.691190 0.325201 -0.160409
43  1.789777 -0.000008 -0.000045  0.010344 -0.015449 0.106400
44  1.206995 -0.000001 0.000009  0.002338 0.000214 -0.229557
45  5.740571 0.000056 0.000724  0.086154 -0.000014 0.000021
46  11.481038 0.000145 0.000882  0.078625 -0.017319 -0.036460
47  6.027514 -0.000273 -0.000239  -0.996979 -0.393638 -0.235926
48  -0.000003 11.691976 -0.000006  -0.728189 0.233701 0.597557
49  0.000004 -0.000001 0.000000  -3.079482 -0.000041 1.570856
50  -0.000006 -0.000014 0.000005  2.272644 -0.000030 1.570865
51  -7.831873 -10.059976 -3.833277  2.468198 0.122234 -1.151024
52  -0.000001 -0.000001 -0.000000  0.008153 -0.000259 0.000009
53  -0.000001 0.000000 0.000000  1.565115 0.043565 -0.106862
54  -0.711614 -16.471777 -6.124596  -0.593019 -0.423762 -1.936835
55  0.000000 -0.000001 -0.000001  0.000000 -0.000000 -0.000002
56  0.000031 0.000028 0.000000  -1.571902 -0.044449 -0.106509
57  2.848317 -15.348874 -16.021946  1.570796 -0.000000 0.000000
58  -19.514595 12.960605 2.792876  1.570796 -0.000000 0.000000
59  2.236387 -0.189356 -5.367696  1.570796 -0.000000 0.000000
60  -0.004311 0.001230 -0.000371  0.006898 -0.005534 -0.284229
61  0.376268 10.084437 -2.887995  1.570796 -0.000000 0.000000
62  0.000000 0.000000 0.000000  -0.078727 -3.136056 0.284226
63  0.000000 0.000000 0.000000  1.583543 -0.000269 -0.007704
64  -2.910743 -14.414027 -3.374880  1.247813 -0.032580 0.064811
65  0.020864 -0.834789 -4.400273  -0.000000 0.000000 0.000000
66  0.020868 0.023236 30.873928  -0.000000 0.000000 0.000000
67  0.020865 -0.185994 -10.278831  -0.000000 0.000000 0.000000
68  -0.000000 0.209233 3.187962  -0.000000 0.000000 -1.570796
69  0.000000 0.000001 0.559457  -0.000000 0.000000 0.000000
70  0.020865 -0.110952 -1.554707  -0.000000 0.000000 0.000000
71  -3.084878 -11.573421 -3.057413  1.247813 -0.032580 0.064811
72  -2.950514 -13.452450 -3.386912  1.091756 -0.027330 0.072478
73  -2.922032 -13.575052 -4.065893  1.247813 -0.032580 0.064811
74  -2.894946 -13.740965 -4.565526  1.247813 -0.032580 0.064811
75  -2.867603 -13.908451 -5.069897  1.247813 -0.032580 0.064811
76  -2.840297 -14.075708 -5.573585  1.247813 -0.032580 0.064811
time 52
0  0.000006 0.000000 0.000000  -1.570800 -1.391899 -1.570792
1  -5.247190 1.140902 2.232071  -1.544956 -1.855077 -0.198630
2  6.027524 -0.000322 0.000193  -0.727853 -0.947053 -1.718154
3  11.692110 0.000645 -0.000740  -0.667896 -0.000011 -1.293072
4  11.480568 0.000316 -0.000681  1.439552 -0.356920 0.118184
5  3.859509 -0.142879 -1.192050  -0.564874 -0.363952 -1.824543
6  1.312590 0.000012 0.000009  -0.136228 -0.000981 -0.208342
7  0.729358 0.000054 0.000049  -0.007524 -0.009754 -0.114047
8  3.942142 0.046272 -0.431512  -0.498774 0.109385 -1.203070
9  1.539110 0.000083 0.000005  0.016536 -0.136924 -1.019669
10  1.196332 0.000145 0.000028  0.014917 0.002603 -0.521648
11  3.883503 -0.047270 0.431381  -0.286619 0.410095 -0.604649
12  1.719571 -0.000031 0.000015  0.078190 -0.160916 -1.549411
13  1.209180 0.000091 0.000012  -0.001081 -0.002986 -0.400010
14  4.085220 -0.082716 1.151040  0.124883 0.563536 0.134737
15  1.719448 -0.000012 0.000023  0.026136 -0.076896 -1.034307
16  1.099675 0.000047 0.000007  -0.076371 0.028724 -1.554212
17  0.869830 -1.165540 1.469029  -1.116748 -0.589263 -0.369340
18  1.789819 -0.000003 -0.000017  0.000635 -0.012879 0.733310
19  1.207015 -0.000013 -0.000044  0.001415 -0.000029 -0.110007
20  5.740638 0.000412 -0.000701  -0.053777 0.000003 0.000071
21  11.481125 0.000275 -0.000793  -0.017930 -0.051722 0.007858
22  6.027524 -0.000329 0.000203  1.589514 -0.623584 1.391392
23  0.000002 11.692100 -0.000006  -0.905163 -0.366020 -0.727324
24  0.000003 0.000010 -0.000000  0.201193 -0.000031 1.570739
25  0.000000 -0.000011 -0.000001  0.868957 0.000002 1.570712
26  -4.636372 -9.409594 0.376269  1.473120 1.855075 -0.198639
27  6.027502 -0.000274 -0.000228  1.625148 0.888431 0.796820
28  11.691992 0.000244 0.000855  0.944214 0.000018 -1.022422
29  11.480427 0.000536 0.000676  -1.196857 0.021934 -0.075151
30  3.852120 -0.135784 1.207870  0.507464 -0.047016 -0.126488
31  1.312558 0.000025 -0.000001  0.005556 -0.014086 -0.190661
32  0.729346 0.000067 -0.000028  0.003485 0.000717 -0.314631
33  3.943536 0.025694 0.421972  0.218083 0.034935 -0.055943
34  1.539093 0.000010 -0.000000  -0.002916 -0.005481 -0.099737
35  1.196299 0.000074 -0.000004  0.000189 -0.001216 -0.610756
36  3.883411 -0.050498 -0.431087  0.040392 0.062264 0.006020
37  1.719564 -0.000074 -0.000005  0.005896 -0.004188 -0.115970
38  1.209188 0.000029 0.000011  -0.005952 -0.006752 -0.201469
39  3.806436 -0.112147 -1.295328  0.040231 0.298734 0.372977
40  1.719412 -0.000102 -0.000033  -0.077850 0.130591 -0.954873
41  1.099672 0.000022 0.000006  -0.007627 -0.028117 -0.845192
42  0.773673 -0.813979 -1.730947  1.691190 0.325201 -0.160409
43  1.789775 -0.000010 -0.000045  0.010344 -0.015449 0.106400
44  1.206997 -0.000002 0.000010  0.002338 0.000214 -0.229557
45  5.740572 0.000054 0.000724  0.080074 -0.000014 0.000021
46  11.481030 0.000142 0.000885  0.073550 -0.016858 -0.030350
47  6.027514 -0.000273 -0.000239  -0.995765 -0.390276 -0.243269
48  -0.000002 11.691976 -0.000006  -0.735079 0.238286 0.602810
49  0.000004 -0.000001 -0.000000  -3.066422 -0.000041 1.570856
50  -0.000006 -0.000015 0.000005  2.272644 -0.000030 1.570865
51  -7.699520 -10.015682 -3.851134  2.458819 0.136520 -1.163752
52  -0.000000 -0.000000 -0.000000  0.008153 -0.000259 0.000009
53  0.000001 0.000001 0.000000  1.565115 0.043565 -0.106862
54  -0.720382 -16.498913 -6.149949  -0.601900 -0.426131 -1.941858
55  0.000002 0.000000 -0.000000  0.000000 -0.000000 -0.000002
56  0.000033 0.000029 0.000001  -1.571901 -0.044449 -0.106509
57  3.066097 -15.291804 -16.015177  1.570796 -0.000000 0.000000
58  -18.474609 12.064560 2.108089  1.570796 -0.000000 0.000000
59  2.236387 -0.189356 -5.367696  1.570796 -0.000000 0.000000
60  -0.004311 0.001230 -0.000371  0.006898 -0.005534 -0.284229
61  0.376268 10.084437 -2.887995  1.570796 -0.000000 0.000000
62  0.000000 0.000000 0.000000  -0.078727 -3.136056 0.284226
63  0.000000 0.000000 0.000000  1.584033 -0.003014 -0.006880
64  -2.878383 -14.424191 -3.380472  1.249025 -0.024237 0.056092
65  0.020864 -0.834790 -4.400273  -0.000000 -0.000000 0.000000
66  0.020868 0.023235 30.873928  -0.000000 -0.000000 0.000000
67  0.020864 -0.185995 -10.278830  -0.000000 -0.000000 0.000000
68  0.000000 0.209232 3.187962  0.000000 0.000000 -1.570796
69  0.000000 0.000001 0.559457  -0.000000 -0.000000 0.000000
70  0.020865 -0.110953 -1.554708  -0.000000 -0.000000 0.000000
71  -3.025163 -11.582417 -3.059653  1.249025 -0.024237 0.056092
72  -2.899036 -13.546251 -3.644732  1.093032 -0.018996 0.063764
73  -2.881092 -13.639464 -4.236161  1.249025 -0.024237 0.056092
74  -2.859645 -13.805234 -4.736115  1.249025 -0.024237 0.056092
75  -2.837995 -13.972577 -5.240810  1.249025 -0.024237 0.056092
76  -2.816374 -14.139691 -5.744822  1.249025 -0.024237 0.056092
time 53
0  0.000006 0.000000 0.000000  -1.570800 -1.391899 -1.570792
1  -5.247190 1.140902 2.232071  -1.544956 -1.855077 -0.198630
2  6.027524 -0.000322 0.000193  -0.724548 -0.953542 -1.705748
3  11.692110 0.000645 -0.000739  -0.677925 -0.000010 -1.290903
4  11.480581 0.000330 -0.000674  1.422552 -0.359958 0.113389
5  3.859508 -0.142880 -1.192049  -0.564874 -0.363952 -1.824543
6  1.312589 0.000013 0.000008  -0.136228 -0.000981 -0.208342
7  0.729352 0.000053 0.000051  -0.007524 -0.009754 -0.114047
8  3.942144 0.046274 -0.431512  -0.498774 0.109385 -1.203070
9  1.539111 0.000085 0.000005  0.016536 -0.136924 -1.019669
10  1.196333 0.000144 0.000029  0.014917 0.002603 -0.521648
11  3.883505 -0.047269 0.431381  -0.286619 0.410095 -0.604649
12  1.719572 -0.000025 0.000014  0.078190 -0.160916 -1.549411
13  1.209179 0.000091 0.000012  -0.001081 -0.002986 -0.400010
14  4.085222 -0.082715 1.151040  0.124883 0.563536 0.134737
15  1.719451 -0.000010 0.000022  0.026136 -0.076896 -1.034307
16  1.099675 0.000048 0.000005  -0.076371 0.028724 -1.554212
17  0.869831 -1.165540 1.469029  -1.116691 -0.589498 -0.369406
18  1.789819 -0.000004 -0.000017  0.000633 -0.012889 0.733581
19  1.207015 -0.000012 -0.000045  0.001416 -0.000030 -0.109882
20  5.740636 0.000411 -0.000702  -0.057892 0.000003 0.000070
21  11.481127 0.000277 -0.000792  -0.021266 -0.052518 0.006165
22  6.027524 -0.000329 0.000203  1.586914 -0.617155 1.407999
23  0.000001 11.692097 -0.000006  -0.903838 -0.364919 -0.726398
24  0.000003 0.000008 -0.000000  0.191164 -0.000031 1.570739
25  -0.000001 -0.000012 -0.000000  0.868957 0.000002 1.570712
26  -4.636372 -9.409594 0.376269  1.473120 1.855075 -0.198639
27  6.027502 -0.000274 -0.000228  1.636363 0.885736 0.792357
28  11.691991 0.000244 0.000856  0.948532 0.000018 -1.033887
29  11.480376 0.000528 0.000690  -1.224594 0.008497 -0.043261
30  3.844289 -0.138994 1.223715  0.489054 -0.078316 -0.102996
31  1.312558 0.000024 -0.000001  0.007496 -0.025102 -0.198333
32  0.729343 0.000068 -0.000027  0.005068 0.000109 -0.246942
33  3.943027 0.034013 0.425048  0.134481 0.024537 -0.055065
34  1.539093 0.000011 -0.000000  -0.002316 -0.008201 -0.095619
35  1.196300 0.000074 -0.000004  0.000383 -0.001151 -0.670040
36  3.883410 -0.050499 -0.431086  0.023183 0.063515 -0.017467
37  1.719565 -0.000073 -0.000005  0.006040 -0.008507 -0.113215
38  1.209190 0.000029 0.000010  -0.004727 -0.006955 -0.213736
39  3.806435 -0.112148 -1.295328  0.038412 0.241173 0.465421
40  1.719411 -0.000102 -0.000034  -0.113321 0.175992 -1.031539
41  1.099670 0.000022 0.000007  -0.014998 -0.034544 -0.691815
42  0.773673 -0.813979 -1.730947  1.691189 0.325201 -0.160409
43  1.789776 -0.000009 -0.000045  0.010344 -0.015449 0.106400
44  1.206996 -0.000001 0.000008  0.002338 0.000214 -0.229557
45  5.740572 0.000055 0.000724  0.073674 -0.000014 0.000021
46  11.481019 0.000142 0.000887  0.068255 -0.018695 -0.023273
47  6.027514 -0.000273 -0.000239  -0.989409 -0.385498 -0.258831
48  -0.000002 11.691975 -0.000006  -0.742491 0.243270 0.608444
49  0.000004 -0.000001 -0.000001  -3.062105 -0.000041 1.570856
50  -0.000006 -0.000016 0.000004  2.272644 -0.000030 1.570865
51  -7.598450 -9.958910 -3.791574  2.443658 0.156847 -1.172809
52  0.000000 -0.000000 -0.000000  0.008153 -0.000259 0.000009
53  -0.000001 -0.000000 0.000000  1.565115 0.043565 -0.106862
54  -0.722620 -16.517033 -6.188760  -0.612518 -0.424962 -1.945648
55  0.000001 -0.000001 -0.000001  0.000000 -0.000000 -0.000002
56  0.000030 0.000028 0.000001  -1.571901 -0.044449 -0.106509
57  3.283878 -15.237071 -16.010063  1.570796 -0.000000 0.000000
58  -17.591148 11.236298 1.427327  1.570796 -0.000000 0.000000
59  2.236387 -0.189356 -5.367696  1.570796 -0.000000 0.000000
60  -0.004311 0.001230 -0.000371  0.006898 -0.005534 -0.284229
61  0.376268 10.084437 -2.887995  1.570796 -0.000000 0.000000
62  0.000000 0.000000 0.000000  -0.078727 -3.136056 0.284226
63  0.000000 0.000000 0.000000  1.586814 -0.004262 -0.005422
64  -2.839760 -14.437675 -3.391362  1.254078 -0.015908 0.047817
65  0.020864 -0.834790 -4.400272  0.000000 -0.000000 0.000000
66  0.020868 0.023234 30.873930  0.000000 -0.000000 0.000000
67  0.020865 -0.185995 -10.278831  0.000000 -0.000000 0.000000
68  0.000000 0.209232 3.187961  0.000000 0.000000 -1.570796
69  0.000001 0.000001 0.559457  0.000000 -0.000000 0.000000
70  0.020865 -0.110953 -1.554707  0.000000 -0.000000 0.000000
71  -2.960498 -11.596320 -3.056288  1.254078 -0.015908 0.047817
72  -2.854337 -13.570215 -3.687654  1.098148 -0.010705 0.055514
73  -2.842618 -13.656716 -4.267063  1.254078 -0.015908 0.047817
74  -2.826811 -13.820331 -4.767936  1.254078 -0.015908 0.047817
75  -2.810854 -13.985496 -5.273560  1.254078 -0.015908 0.047817
76  -2.794919 -14.150437 -5.778498  1.254078 -0.015908 0.047817
time 54
0  0.000006 0.000000 0.000000  -1.570800 -1.391899 -1.570792
1  -5.247190 1.140902 2.232071  -1.544956 -1.855077 -0.198630
2  6.027524 -0.000322 0.000193  -0.723712 -0.956893 -1.689844
3  11.692109 0.000645 -0.000739  -0.687560 -0.000011 -1.291703
4  11.480577 0.000334 -0.000676  1.404397 -0.367993 0.112647
5  3.859509 -0.142880 -1.192049  -0.564874 -0.363952 -1.824543
6  1.312590 0.000012 0.000007  -0.136228 -0.000981 -0.208342
7  0.729354 0.000054 0.000049  -0.007524 -0.009754 -0.114047
8  3.942145 0.046273 -0.431512  -0.498774 0.109385 -1.203070
9  1.539111 0.000085 0.000005  0.016536 -0.136924 -1.019669
10  1.196334 0.000145 0.000028  0.014917 0.002603 -0.521648
11  3.883506 -0.047269 0.431381  -0.286619 0.410095 -0.604649
12  1.719573 -0.000024 0.000015  0.078190 -0.160916 -1.549411
13  1.209179 0.000090 0.000012  -0.001081 -0.002986 -0.400010
14  4.085225 -0.082714 1.151040  0.124883 0.563536 0.134737
15  1.719449 -0.000012 0.000022  0.026136 -0.076896 -1.034307
16  1.099675 0.000047 0.000006  -0.076371 0.028724 -1.554212
17  0.869831 -1.165541 1.469029  -1.116635 -0.589731 -0.369472
18  1.789819 -0.000003 -0.000017  0.000632 -0.012898 0.733847
19  1.207014 -0.000012 -0.000044  0.001417 -0.000030 -0.109757
20  5.740635 0.000411 -0.000702  -0.062457 0.000003 0.000071
21  11.481125 0.000278 -0.000794  -0.024645 -0.054360 0.005143
22  6.027524 -0.000329 0.000203  1.586211 -0.613819 1.424991
23  0.000002 11.692098 -0.000006  -0.904326 -0.365325 -0.726739
24  0.000003 0.000007 -0.000001  0.181530 -0.000031 1.570738
25  -0.000000 -0.000012 -0.000001  0.868957 0.000002 1.570712
26  -4.636372 -9.409594 0.376269  1.473120 1.855075 -0.198639
27  6.027502 -0.000274 -0.000228  1.660989 0.890493 0.782091
28  11.691992 0.000243 0.000855  0.907190 0.000018 -1.031020
29  11.480389 0.000503 0.000707  -1.236490 -0.008977 0.028712
30  3.836461 -0.142202 1.239558  0.470521 -0.109447 -0.078912
31  1.312559 0.000024 0.000000  0.008873 -0.032733 -0.206002
32  0.729346 0.000068 -0.000027  0.005995 -0.000584 -0.179252
33  3.942520 0.042334 0.428122  0.051420 0.014457 -0.053209
34  1.539092 0.000011 -0.000000  -0.001794 -0.010506 -0.091503
35  1.196301 0.000076 -0.000003  0.000534 -0.001086 -0.718992
36  3.883409 -0.050500 -0.431087  0.006548 0.065948 -0.036857
37  1.719567 -0.000073 -0.000004  0.006186 -0.012823 -0.111876
38  1.209191 0.000029 0.000012  -0.003533 -0.007103 -0.220460
39  3.806434 -0.112148 -1.295328  -0.010658 0.214209 0.349955
40  1.719413 -0.000102 -0.000034  -0.060236 0.147065 -0.813146
41  1.099671 0.000024 0.000006  -0.011600 -0.021095 -0.562512
42  0.773673 -0.813979 -1.730948  1.703277 0.407470 -0.171789
43  1.789776 -0.000009 -0.000046  0.007433 -0.033642 0.299457
44  1.206998 -0.000001 0.000009  0.004143 -0.000168 -0.105837
45  5.740572 0.000055 0.000723  0.069436 -0.000014 0.000021
46  11.481020 0.000136 0.000890  0.066538 -0.020301 -0.008351
47  6.027514 -0.000273 -0.000239  -0.985727 -0.369615 -0.289561
48  -0.000001 11.691976 -0.000006  -0.740639 0.242020 0.607038
49  0.000002 -0.000001 -0.000001  -3.103447 -0.000041 1.570856
50  -0.000006 -0.000014 0.000005  2.272644 -0.000030 1.570865
51  -7.463069 -9.982920 -3.633170  2.405505 0.186041 -1.216130
52  0.000000 0.000000 0.000000  0.008153 -0.000259 0.000009
53  -0.000001 -0.000001 -0.000001  1.565116 0.043565 -0.106862
54  -0.722180 -16.515137 -6.271697  -0.623969 -0.417273 -1.946998
55  -0.000000 0.000001 0.000000  0.000000 -0.000000 -0.000002
56  0.000030 0.000030 0.000001  -1.571901 -0.044449 -0.106509
57  3.476122 -15.189008 -16.005215  1.570796 -0.000000 0.000000
58  -16.888891 10.493545 0.637233  1.570796 -0.000000 0.000000
59  2.236387 -0.189356 -5.367696  1.570796 -0.000000 0.000000
60  -0.004311 0.001230 -0.000371  0.006898 -0.005534 -0.284229
61  0.376268 10.084437 -2.887995  1.570796 -0.000000 0.000000
62  0.000000 0.000000 0.000000  -0.078727 -3.136056 0.284226
63  0.000000 0.000000 0.000000  1.592687 -0.001609 -0.003373
64  -2.807400 -14.454048 -3.437053  1.265363 -0.009504 0.041643
65  0.020864 -0.834791 -4.400272  0.000000 -0.000000 0.000000
66  0.020868 0.023235 30.873930  0.000000 -0.000000 0.000000
67  0.020865 -0.185994 -10.278831  0.000000 -0.000000 0.000000
68  0.000000 0.209231 3.187962  0.000000 0.000000 -1.570796
69  0.000000 0.000000 0.559456  0.000000 -0.000000 0.000000
70  0.020865 -0.110953 -1.554707  0.000000 -0.000000 0.000000
71  -2.908590 -11.615880 -3.070014  1.265363 -0.009504 0.041643
72  -2.806671 -13.591959 -4.107248  1.252517 -0.003030 0.052384
73  -2.806432 -13.724833 -4.537560  1.265363 -0.009504 0.041643
74  -2.795059 -13.883015 -5.040295  1.265363 -0.009504 0.041643
75  -2.783578 -14.042699 -5.547799  1.265363 -0.009504 0.041643
76  -2.772114 -14.202147 -6.054557  1.265363 -0.009504 0.041643
time 55
0  0.000006 0.000000 0.000000  -1.570800 -1.391899 -1.570792
1  -5.247190 1.140902 2.232071  -1.544956 -1.855077 -0.198630
2  6.027524 -0.000322 0.000193  -0.724904 -0.956605 -1.671643
3  11.692110 0.000644 -0.000739  -0.696222 -0.000011 -1.296461
4  11.480540 0.000326 -0.000686  1.385720 -0.383721 0.119486
5  3.859510 -0.142880 -1.192050  -0.564874 -0.363952 -1.824543
6  1.312592 0.000013 0.000008  -0.136228 -0.000981 -0.208342
7  0.729355 0.000054 0.000049  -0.007524 -0.009753 -0.114047
8  3.942143 0.046273 -0.431512  -0.498774 0.109385 -1.203070
9  1.539111 0.000084 0.000005  0.016536 -0.136924 -1.019669
10  1.196332 0.000145 0.000031  0.014917 0.002603 -0.521648
11  3.883506 -0.047269 0.431381  -0.286619 0.410095 -0.604649
12  1.719573 -0.000029 0.000015  0.078190 -0.160916 -1.549411
13  1.209177 0.000092 0.000012  -0.001081 -0.002986 -0.400010
14  4.085222 -0.082716 1.151040  0.124883 0.563536 0.134737
15  1.719450 -0.000010 0.000022  0.026136 -0.076896 -1.034307
16  1.099675 0.000046 0.000005  -0.076371 0.028724 -1.554212
17  0.869832 -1.165539 1.469028  -1.116580 -0.589961 -0.369537
18  1.789820 -0.000004 -0.000017  0.000630 -0.012906 0.734106
19  1.207014 -0.000012 -0.000043  0.001417 -0.000030 -0.109634
20  5.740636 0.000411 -0.000702  -0.067491 0.000003 0.000071
21  11.481118 0.000277 -0.000795  -0.027793 -0.057836 0.005447
22  6.027524 -0.000329 0.000203  1.587061 -0.614088 1.441729
23  0.000002 11.692097 -0.000007  -0.907233 -0.367742 -0.728770
24  0.000004 0.000008 -0.000001  0.172867 -0.000031 1.570739
25  -0.000000 -0.000012 -0.000001  0.868957 0.000002 1.570712
26  -4.636372 -9.409594 0.376269  1.473120 1.855075 -0.198639
27  6.027503 -0.000273 -0.000226  1.701107 0.904190 0.756895
28  11.691992 0.000243 0.000856  0.790847 0.000017 -1.012299
29  11.480472 0.000442 0.000736  -1.222101 -0.041159 0.130001
30  3.831017 -0.144433 1.250579  0.457396 -0.130916 -0.061802
31  1.312556 0.000026 0.000001  0.009629 -0.036826 -0.211334
32  0.729347 0.000068 -0.000027  0.006392 -0.001089 -0.132244
33  3.942169 0.048122 0.430261  -0.006026 0.007645 -0.051394
34  1.539093 0.000012 -0.000000  -0.001461 -0.011960 -0.088640
35  1.196301 0.000074 -0.000003  0.000624 -0.001040 -0.749346
36  3.883412 -0.050500 -0.431088  -0.004840 0.068028 -0.048897
37  1.719567 -0.000071 -0.000003  0.006290 -0.015825 -0.111452
38  1.209188 0.000028 0.000010  -0.002713 -0.007187 -0.223149
39  3.806436 -0.112148 -1.295330  -0.090973 0.177802 0.100819
40  1.719412 -0.000102 -0.000034  0.026486 0.048978 -0.342833
41  1.099670 0.000025 0.000006  0.000998 0.005516 -0.444483
42  0.773675 -0.813979 -1.730948  1.703016 0.482536 -0.183502
43  1.789775 -0.000010 -0.000046  0.002118 -0.043405 0.489073
44  1.206996 -0.000001 0.000008  0.005056 0.000230 -0.173997
45  5.740572 0.000057 0.000723  0.070757 -0.000014 0.000021
46  11.481039 0.000125 0.000896  0.070761 -0.023711 0.012484
47  6.027514 -0.000273 -0.000239  -0.986251 -0.341096 -0.345936
48  -0.000001 11.691974 -0.000007  -0.728518 0.233919 0.597809
49  0.000003 -0.000001 -0.000001  3.063396 -0.000041 1.570856
50  -0.000007 -0.000016 0.000004  2.272644 -0.000030 1.570865
51  -7.315140 -10.091217 -3.387294  2.339742 0.214704 -1.288039
52  -0.000000 -0.000000 0.000000  0.008153 -0.000259 0.000009
53  0.000001 0.000000 -0.000001  1.565115 0.043565 -0.106862
54  -0.722900 -16.482189 -6.389010  -0.635267 -0.400072 -1.944831
55  0.000001 0.000000 -0.000000  0.000000 -0.000000 -0.000002
56  0.000031 0.000029 0.000001  -1.571901 -0.044449 -0.106509
57  3.623102 -15.150748 -15.999411  1.570796 -0.000000 0.000000
58  -16.382774 9.848323 -0.345728  1.570796 -0.000000 0.000000
59  2.236387 -0.189356 -5.367696  1.570796 -0.000000 0.000000
60  -0.004311 0.001230 -0.000371  0.006898 -0.005534 -0.284229
61  0.376268 10.084437 -2.887995  1.570796 -0.000000 0.000000
62  0.000000 0.000000 0.000000  -0.078727 -3.136056 0.284226
63  0.000000 0.000000 0.000000  1.596206 0.001037 -0.001769
64  -2.793829 -14.472878 -3.507108  1.285286 -0.006961 0.039155
65  0.020864 -0.834790 -4.400273  0.000000 -0.000000 0.000000
66  0.020868 0.023235 30.873928  0.000000 -0.000000 0.000000
67  0.020865 -0.185995 -10.278831  0.000000 -0.000000 0.000000
68  0.000000 0.209231 3.187962  0.000000 0.000000 -1.570796
69  0.000000 0.000000 0.559456  0.000000 -0.000000 0.000000
70  0.020865 -0.110952 -1.554707  0.000000 -0.000000 0.000000
71  -2.887112 -11.642310 -3.083612  1.285286 -0.006961 0.039155
72  -2.792889 -13.604624 -4.180275  1.278703 -0.001384 0.048910
73  -2.794421 -13.728000 -4.613396  1.285286 -0.006961 0.039155
74  -2.785091 -13.876221 -5.119199  1.285286 -0.006961 0.039155
75  -2.775673 -14.025846 -5.629800  1.285286 -0.006961 0.039155
76  -2.766259 -14.175395 -6.140136  1.285286 -0.006961 0.039155
time 56
0  0.000006 0.000000 0.000000  -1.570800 -1.391899 -1.570792
1  -5.247190 1.140902 2.232071  -1.544956 -1.855077 -0.198630
2  6.027523 -0.000323 0.000193  -0.728499 -0.954215 -1.656024
3  11.692109 0.000644 -0.000739  -0.703555 -0.000011 -1.306066
4  11.480471 0.000301 -0.000707  1.373521 -0.406773 0.139549
5  3.859510 -0.142879 -1.192051  -0.564874 -0.363952 -1.824543
6  1.312590 0.000010 0.000008  -0.136228 -0.000981 -0.208342
7  0.729356 0.000054 0.000050  -0.007524 -0.009754 -0.114047
8  3.942146 0.046273 -0.431513  -0.498774 0.109385 -1.203070
9  1.539110 0.000082 0.000005  0.016536 -0.136924 -1.019669
10  1.196333 0.000146 0.000029  0.014917 0.002602 -0.521648
11  3.883505 -0.047270 0.431380  -0.286619 0.410095 -0.604649
12  1.719572 -0.000025 0.000015  0.078190 -0.160916 -1.549411
13  1.209177 0.000091 0.000013  -0.001081 -0.002986 -0.400010
14  4.085225 -0.082716 1.151040  0.124883 0.563536 0.134737
15  1.719450 -0.000012 0.000023  0.026136 -0.076896 -1.034307
16  1.099675 0.000048 0.000005  -0.076371 0.028724 -1.554212
17  0.869833 -1.165540 1.469028  -1.116525 -0.590190 -0.369601
18  1.789819 -0.000003 -0.000018  0.000629 -0.012914 0.734358
19  1.207015 -0.000012 -0.000045  0.001418 -0.000030 -0.109513
20  5.740636 0.000411 -0.000702  -0.071370 0.000003 0.000071
21  11.481104 0.000272 -0.000798  -0.029172 -0.062868 0.008466
22  6.027524 -0.000329 0.000203  1.589690 -0.616413 1.452894
23  0.000003 11.692097 -0.000007  -0.913091 -0.372638 -0.732851
24  0.000003 0.000009 -0.000002  0.165535 -0.000031 1.570739
25  -0.000001 -0.000012 -0.000002  0.868957 0.000002 1.570712
26  -4.636372 -9.409594 0.376269  1.473120 1.855075 -0.198639
27  6.027503 -0.000273 -0.000226  1.735633 0.916955 0.709458
28  11.691992 0.000245 0.000855  0.652422 0.000016 -0.994519
29  11.480556 0.000367 0.000767  -1.177288 -0.114915 0.183724
30  3.829143 -0.145200 1.254366  0.452842 -0.138254 -0.055856
31  1.312556 0.000024 0.000001  0.009850 -0.038003 -0.213164
32  0.729346 0.000068 -0.000027  0.006481 -0.001264 -0.116119
33  3.942046 0.050111 0.430996  -0.025682 0.005350 -0.050675
34  1.539092 0.000011 -0.000001  -0.001352 -0.012432 -0.087656
35  1.196302 0.000075 -0.000003  0.000652 -0.001024 -0.759078
36  3.883411 -0.050500 -0.431088  -0.008719 0.068822 -0.052761
37  1.719567 -0.000071 -0.000004  0.006327 -0.016856 -0.111403
38  1.209188 0.000027 0.000011  -0.002434 -0.007213 -0.223697
39  3.806435 -0.112147 -1.295329  -0.123593 0.157843 -0.013685
40  1.719412 -0.000103 -0.000034  0.048786 -0.006562 -0.132507
41  1.099672 0.000026 0.000006  0.007855 0.017466 -0.402370
42  0.773674 -0.813978 -1.730947  1.693416 0.520679 -0.186233
43  1.789776 -0.000009 -0.000045  -0.001537 -0.045818 0.581729
44  1.206997 -0.000001 0.000008  0.005280 0.000583 -0.260668
45  5.740572 0.000055 0.000724  0.081225 -0.000014 0.000021
46  11.481055 0.000110 0.000903  0.081803 -0.035767 0.024918
47  6.027514 -0.000273 -0.000239  -0.988541 -0.316468 -0.419907
48  -0.000002 11.691976 -0.000006  -0.716956 0.226326 0.588967
49  0.000003 -0.000001 0.000000  2.924972 -0.000041 1.570856
50  -0.000006 -0.000015 0.000005  2.272644 -0.000030 1.570865
51  -7.284260 -10.184473 -3.237100  2.314521 0.250210 -1.313666
52  0.000001 0.000000 0.000000  0.008153 -0.000259 0.000009
53  -0.000000 0.000000 -0.000001  1.565115 0.043565 -0.106862
54  -0.706253 -16.417484 -6.466657  -0.640250 -0.373033 -1.939323
55  0.000002 0.000001 0.000000  0.000000 -0.000000 -0.000002
56  0.000031 0.000029 0.000001  -1.571901 -0.044449 -0.106509
57  3.713499 -15.123874 -15.991794  1.570796 -0.000000 0.000000
58  -16.079453 9.307590 -1.353043  1.570796 -0.000000 0.000000
59  2.236387 -0.189356 -5.367696  1.570796 -0.000000 0.000000
60  -0.004311 0.001230 -0.000371  0.006898 -0.005534 -0.284229
61  0.376268 10.084437 -2.887995  1.570796 -0.000000 0.000000
62  0.000000 0.000000 0.000000  -0.078727 -3.136056 0.284226
63  0.000000 0.000000 0.000000  1.596041 0.000820 -0.001019
64  -2.800310 -14.493732 -3.543381  1.311911 -0.013563 0.042511
65  0.020864 -0.834790 -4.400273  -0.000000 0.000000 0.000000
66  0.020868 0.023235 30.873932  -0.000000 0.000000 0.000000
67  0.020865 -0.185995 -10.278831  -0.000000 0.000000 0.000000
68  -0.000000 0.209231 3.187962  0.000000 -0.000000 -1.570796
69  0.000000 0.000000 0.559457  -0.000000 0.000000 0.000000
70  0.020865 -0.110953 -1.554708  -0.000000 0.000000 0.000000
71  -2.906383 -11.675920 -3.044540  1.311911 -0.013563 0.042511
72  -2.797990 -13.618155 -4.231136  1.309068 -0.009732 0.049679
73  -2.796672 -13.729492 -4.667485  1.311911 -0.013563 0.042511
74  -2.784032 -13.864029 -5.177025  1.311911 -0.013563 0.042511
75  -2.771272 -13.999845 -5.691405  1.311911 -0.013563 0.042511
76  -2.758497 -14.135826 -6.206414  1.311911 -0.013563 0.042511
time 57
0  0.000006 0.000000 0.000000  -1.570800 -1.391899 -1.570792
1  -5.247190 1.140902 2.232071  -1.544956 -1.855077 -0.198630
2  6.027523 -0.000323 0.000193  -0.733101 -0.952975 -1.650504
3  11.692111 0.000645 -0.000739  -0.709408 -0.000012 -1.313254
4  11.480422 0.000281 -0.000724  1.381737 -0.422038 0.157146
5  3.859510 -0.142879 -1.192050  -0.564874 -0.363952 -1.824543
6  1.312590 0.000012 0.000007  -0.136228 -0.000981 -0.208342
7  0.729355 0.000053 0.000049  -0.007524 -0.009754 -0.114047
8  3.942143 0.046273 -0.431512  -0.498774 0.109385 -1.203070
9  1.539110 0.000086 0.000005  0.016536 -0.136924 -1.019669
10  1.196331 0.000145 0.000028  0.014917 0.002603 -0.521648
11  3.883505 -0.047269 0.431381  -0.286619 0.410095 -0.604649
12  1.719573 -0.000026 0.000015  0.078190 -0.160916 -1.549411
13  1.209179 0.000092 0.000013  -0.001081 -0.002986 -0.400010
14  4.085222 -0.082715 1.151040  0.124883 0.563536 0.134737
15  1.719450 -0.000011 0.000023  0.026136 -0.076896 -1.034307
16  1.099674 0.000048 0.000006  -0.076371 0.028724 -1.554212
17  0.869830 -1.165540 1.469028  -1.116470 -0.590415 -0.369665
18  1.789820 -0.000004 -0.000018  0.000627 -0.012922 0.734604
19  1.207018 -0.000011 -0.000043  0.001419 -0.000030 -0.109392
20  5.740638 0.000410 -0.000700  -0.070315 0.000003 0.000070
21  11.481093 0.000268 -0.000803  -0.026793 -0.066000 0.012039
22  6.027524 -0.000329 0.000203  1.593007 -0.617558 1.452743
23  0.000000 11.692099 -0.000007  -0.917469 -0.376316 -0.735890
24  0.000002 0.000008 -0.000002  0.159682 -0.000031 1.570739
25  -0.000001 -0.000011 -0.000002  0.868957 0.000002 1.570712
26  -4.636372 -9.409594 0.376269  1.473120 1.855075 -0.198639
27  6.027503 -0.000271 -0.000226  1.752607 0.929063 0.649622
28  11.691990 0.000245 0.000855  0.554911 0.000016 -0.983374
29  11.480616 0.000313 0.000786  -1.138890 -0.179565 0.184837
30  3.829144 -0.145200 1.254367  0.452842 -0.138254 -0.055856
31  1.312555 0.000025 0.000000  0.009850 -0.038003 -0.213164
32  0.729346 0.000067 -0.000027  0.006481 -0.001264 -0.116119
33  3.942045 0.050110 0.430997  -0.025682 0.005350 -0.050676
34  1.539092 0.000011 -0.000002  -0.001352 -0.012432 -0.087656
35  1.196300 0.000074 -0.000004  0.000652 -0.001024 -0.759078
36  3.883410 -0.050501 -0.431086  -0.008719 0.068822 -0.052761
37  1.719569 -0.000071 -0.000004  0.006327 -0.016856 -0.111403
38  1.209189 0.000029 0.000011  -0.002434 -0.007213 -0.223697
39  3.806435 -0.112147 -1.295328  -0.123593 0.157843 -0.013685
40  1.719413 -0.000102 -0.000035  0.048786 -0.006562 -0.132507
41  1.099672 0.000025 0.000006  0.007855 0.017466 -0.402370
42  0.773673 -0.813979 -1.730947  1.688566 0.523496 -0.183206
43  1.789776 -0.000009 -0.000045  -0.002105 -0.040489 0.558222
44  1.206997 -0.000001 0.000008  0.004692 0.000708 -0.287837
45  5.740572 0.000056 0.000724  0.090756 -0.000014 0.000021
46  11.481068 0.000098 0.000907  0.090801 -0.047611 0.027091
47  6.027514 -0.000273 -0.000239  -0.995526 -0.302072 -0.491152
48  0.000000 11.691974 -0.000005  -0.709685 0.221618 0.583386
49  0.000003 -0.000000 -0.000001  2.827462 -0.000041 1.570856
50  -0.000006 -0.000015 0.000006  2.272644 -0.000030 1.570865
51  -7.300411 -10.248115 -3.289682  2.331935 0.274229 -1.294063
52  -0.000001 -0.000000 0.000001  0.008153 -0.000259 0.000009
53  -0.000000 -0.000000 0.000000  1.565115 0.043565 -0.106862
54  -0.668107 -16.379944 -6.456362  -0.632048 -0.354351 -1.934216
55  -0.000001 0.000001 0.000001  0.000000 -0.000000 -0.000002
56  0.000029 0.000029 0.000001  -1.571901 -0.044449 -0.106509
57  3.743536 -15.108655 -15.981900  1.570796 -0.000000 0.000000
58  -15.979124 8.874224 -2.204621  1.570796 -0.000000 0.000000
59  2.236387 -0.189356 -5.367696  1.570796 -0.000000 0.000000
60  -0.004311 0.001230 -0.000371  0.006898 -0.005534 -0.284229
61  0.376268 10.084437 -2.887995  1.570796 -0.000000 0.000000
62  0.000000 0.000000 0.000000  -0.078727 -3.136056 0.284226
63  0.000000 0.000000 0.000000  1.595558 0.000224 -0.000570
64  -2.817819 -14.516184 -3.534620  1.325957 -0.028073 0.050243
65  0.020864 -0.834789 -4.400275  0.000000 0.000000 -0.000000
66  0.020868 0.023235 30.873932  0.000000 0.000000 -0.000000
67  0.020866 -0.185994 -10.278832  0.000000 0.000000 -0.000000
68  0.000000 0.209231 3.187962  0.000000 -0.000000 -1.570796
69  0.000000 -0.000001 0.559457  0.000000 0.000000 -0.000000
70  0.020865 -0.110952 -1.554709  0.000000 0.000000 -0.000000
71  -2.953650 -11.706968 -2.996091  1.325957 -0.028073 0.050243
72  -2.812411 -13.635752 -4.230041  1.325033 -0.026051 0.054169
73  -2.804059 -13.740562 -4.667909  1.325957 -0.028073 0.050243
74  -2.783304 -13.867462 -5.179139  1.325957 -0.028073 0.050243
75  -2.762353 -13.995567 -5.695226  1.325957 -0.028073 0.050243
76  -2.741355 -14.123950 -6.212432  1.325957 -0.028073 0.050243
time 58
0  0.000006 0.000000 0.000000  -1.570800 -1.391899 -1.570792
1  -5.247190 1.140902 2.232071  -1.544956 -1.855077 -0.198630
2  6.027523 -0.000323 0.000193  -0.735696 -0.954002 -1.653352
3  11.692110 0.000645 -0.000738  -0.714461 -0.000012 -1.314085
4  11.480415 0.000284 -0.000726  1.404664 -0.426002 0.161288
5  3.859509 -0.142880 -1.192049  -0.564874 -0.363952 -1.824543
6  1.312592 0.000014 0.000009  -0.136228 -0.000981 -0.208342
7  0.729357 0.000054 0.000048  -0.007524 -0.009754 -0.114047
8  3.942143 0.046273 -0.431512  -0.498774 0.109385 -1.203070
9  1.539110 0.000084 0.000004  0.016536 -0.136924 -1.019669
10  1.196333 0.000146 0.000030  0.014917 0.002603 -0.521648
11  3.883504 -0.047269 0.431382  -0.286619 0.410095 -0.604649
12  1.719573 -0.000025 0.000016  0.078190 -0.160916 -1.549411
13  1.209178 0.000090 0.000011  -0.001081 -0.002986 -0.400010
14  4.085223 -0.082715 1.151041  0.124883 0.563536 0.134737
15  1.719451 -0.000011 0.000022  0.026136 -0.076896 -1.034307
16  1.099675 0.000048 0.000006  -0.076371 0.028724 -1.554212
17  0.869831 -1.165540 1.469029  -1.116416 -0.590638 -0.369729
18  1.789818 -0.000003 -0.000018  0.000626 -0.012929 0.734844
19  1.207016 -0.000012 -0.000043  0.001420 -0.000030 -0.109273
20  5.740637 0.000411 -0.000704  -0.065632 0.000003 0.000071
21  11.481093 0.000268 -0.000803  -0.022199 -0.066447 0.013859
22  6.027524 -0.000329 0.000203  1.594798 -0.616472 1.446742
23  0.000001 11.692100 -0.000006  -0.917975 -0.376743 -0.736241
24  0.000001 0.000007 -0.000001  0.154629 -0.000031 1.570738
25  -0.000001 -0.000011 -0.000002  0.868957 0.000002 1.570712
26  -4.636372 -9.409594 0.376269  1.473120 1.855075 -0.198639
27  6.027503 -0.000271 -0.000226  1.729831 0.909716 0.568565
28  11.691993 0.000245 0.000856  0.487264 0.000016 -0.996030
29  11.480549 0.000233 0.000817  -1.116876 -0.141269 0.079505
30  3.829144 -0.145200 1.254367  0.452842 -0.138254 -0.055856
31  1.312558 0.000025 -0.000000  0.009850 -0.038003 -0.213164
32  0.729346 0.000068 -0.000028  0.006481 -0.001264 -0.116119
33  3.942046 0.050110 0.430997  -0.025682 0.005350 -0.050676
34  1.539092 0.000011 -0.000001  -0.001352 -0.012432 -0.087656
35  1.196301 0.000075 -0.000004  0.000652 -0.001024 -0.759078
36  3.883410 -0.050501 -0.431087  -0.008719 0.068822 -0.052761
37  1.719568 -0.000072 -0.000003  0.006327 -0.016856 -0.111403
38  1.209189 0.000027 0.000011  -0.002434 -0.007213 -0.223697
39  3.806434 -0.112149 -1.295328  -0.123593 0.157843 -0.013685
40  1.719411 -0.000102 -0.000036  0.048786 -0.006562 -0.132507
41  1.099672 0.000026 0.000007  0.007855 0.017466 -0.402370
42  0.773674 -0.813979 -1.730947  1.689002 0.524297 -0.177799
43  1.789776 -0.000009 -0.000044  -0.001672 -0.026950 0.496641
44  1.206997 -0.000001 0.000009  0.003215 0.000743 -0.303895
45  5.740572 0.000055 0.000724  0.093195 -0.000014 0.000021
46  11.481053 0.000082 0.000913  0.092589 -0.043434 0.005057
47  6.027514 -0.000273 -0.000239  -0.983252 -0.322774 -0.557869
48  -0.000002 11.691976 -0.000006  -0.717941 0.226968 0.589721
49  0.000003 -0.000001 -0.000000  2.759815 -0.000041 1.570856
50  -0.000008 -0.000015 0.000005  2.272644 -0.000030 1.570865
51  -7.790428 -10.144583 -3.620860  2.350629 0.190673 -1.220045
52  0.000000 -0.000001 -0.000000  0.008153 -0.000259 0.000009
53  0.000000 0.000000 -0.000000  1.565115 0.043565 -0.106862
54  -0.635223 -16.388712 -6.400231  -0.616984 -0.350625 -1.930645
55  0.000000 -0.000001 0.000000  0.000000 -0.000000 -0.000002
56  0.000031 0.000028 0.000001  -1.571902 -0.044449 -0.106509
57  3.742459 -15.099736 -15.970245  1.570796 -0.000000 0.000000
58  -16.038778 8.568150 -2.859912  1.570796 -0.000000 0.000000
59  2.236387 -0.189356 -5.367696  1.570796 -0.000000 0.000000
60  -0.004311 0.001230 -0.000371  0.006898 -0.005534 -0.284229
61  0.376268 10.084437 -2.887995  1.570796 -0.000000 0.000000
62  0.000000 0.000000 0.000000  -0.078727 -3.136056 0.284226
63  0.000000 0.000000 0.000000  1.594776 -0.000701 -0.000347
64  -2.843459 -14.539659 -3.512994  1.323646 -0.042510 0.059097
65  0.020864 -0.834790 -4.400272  -0.000000 0.000000 0.000000
66  0.020868 0.023234 30.873936  -0.000000 0.000000 0.000000
67  0.020865 -0.185995 -10.278831  -0.000000 0.000000 0.000000
68  0.000000 0.209231 3.187962  -0.000000 -0.000000 -1.570796
69  0.000000 0.000000 0.559456  -0.000000 0.000000 0.000000
70  0.020865 -0.110953 -1.554708  -0.000000 0.000000 0.000000
71  -3.011716 -11.730965 -2.980938  1.323646 -0.042510 0.059097
72  -2.840885 -13.656296 -4.201587  1.323495 -0.041911 0.060257
73  -2.820506 -13.763435 -4.638535  1.323646 -0.042510 0.059097
74  -2.791205 -13.890892 -5.149212  1.323646 -0.042510 0.059097
75  -2.761626 -14.019555 -5.664726  1.323646 -0.042510 0.059097
76  -2.732228 -14.147432 -6.177089  1.323646 -0.042510 0.059097
time 59
0  0.000006 0.000000 0.000000  -1.570800 -1.391899 -1.570792
1  -5.247190 1.140902 2.232071  -1.544956 -1.855077 -0.198630
2  6.027523 -0.000323 0.000193  -0.733941 -0.956574 -1.658985
3  11.692109 0.000646 -0.000738  -0.719401 -0.000012 -1.310714
4  11.480438 0.000295 -0.000716  1.422646 -0.426901 0.157145
5  3.859509 -0.142879 -1.192050  -0.564874 -0.363952 -1.824543
6  1.312589 0.000012 0.000009  -0.136228 -0.000981 -0.208342
7  0.729354 0.000054 0.000050  -0.007524 -0.009754 -0.114047
8  3.942142 0.046273 -0.431512  -0.498774 0.109385 -1.203070
9  1.539112 0.000081 0.000005  0.016536 -0.136924 -1.019669
10  1.196329 0.000145 0.000030  0.014917 0.002603 -0.521648
11  3.883505 -0.047270 0.431381  -0.286619 0.410095 -0.604649
12  1.719574 -0.000024 0.000016  0.078190 -0.160916 -1.549411
13  1.209180 0.000091 0.000012  -0.001081 -0.002986 -0.400010
14  4.085222 -0.082715 1.151040  0.124883 0.563536 0.134737
15  1.719452 -0.000011 0.000023  0.026136 -0.076896 -1.034307
16  1.099675 0.000047 0.000005  -0.076371 0.028724 -1.554212
17  0.869830 -1.165540 1.469029  -1.116364 -0.590858 -0.369791
18  1.789819 -0.000004 -0.000018  0.000625 -0.012935 0.735076
19  1.207016 -0.000012 -0.000045  0.001421 -0.000030 -0.109156
20  5.740637 0.000409 -0.000703  -0.062107 0.000003 0.000070
21  11.481098 0.000269 -0.000803  -0.018844 -0.066275 0.013872
22  6.027524 -0.000329 0.000203  1.593431 -0.613943 1.443332
23  0.000001 11.692099 -0.000007  -0.915923 -0.375015 -0.734818
24  0.000004 0.000010 -0.000001  0.149690 -0.000030 1.570739
25  -0.000001 -0.000011 -0.000002  0.868957 0.000002 1.570712
26  -4.636372 -9.409594 0.376269  1.473120 1.855075 -0.198639
27  6.027502 -0.000270 -0.000226  1.677594 0.854782 0.479781
28  11.691994 0.000244 0.000857  0.419224 0.000018 -1.034325
29  11.480375 0.000107 0.000861  -1.111291 0.001666 -0.154168
30  3.829143 -0.145201 1.254367  0.452842 -0.138254 -0.055856
31  1.312555 0.000024 0.000000  0.009850 -0.038003 -0.213164
32  0.729346 0.000068 -0.000027  0.006481 -0.001264 -0.116119
33  3.942045 0.050110 0.430997  -0.025682 0.005350 -0.050676
34  1.539092 0.000011 0.000000  -0.001352 -0.012432 -0.087656
35  1.196301 0.000075 -0.000002  0.000653 -0.001024 -0.759078
36  3.883408 -0.050501 -0.431087  -0.008719 0.068822 -0.052761
37  1.719567 -0.000071 -0.000004  0.006327 -0.016856 -0.111403
38  1.209188 0.000029 0.000011  -0.002434 -0.007213 -0.223697
39  3.806433 -0.112148 -1.295328  -0.123593 0.157843 -0.013685
40  1.719411 -0.000102 -0.000033  0.048786 -0.006562 -0.132507
41  1.099672 0.000025 0.000005  0.007854 0.017466 -0.402370
42  0.773672 -0.813979 -1.730947  1.687773 0.524898 -0.172162
43  1.789776 -0.000009 -0.000046  -0.001591 -0.013459 0.435079
44  1.206996 0.000000 0.000008  0.001751 0.000720 -0.309440
45  5.740571 0.000056 0.000724  0.091846 -0.000014 0.000021
46  11.481019 0.000057 0.000922  0.090124 -0.023633 -0.046366
47  6.027514 -0.000273 -0.000239  -0.946460 -0.376843 -0.618912
48  -0.000001 11.691975 -0.000006  -0.742773 0.243461 0.608659
49  0.000003 -0.000001 -0.000001  2.691772 -0.000041 1.570856
50  -0.000006 -0.000017 0.000006  2.272644 -0.000030 1.570865
51  -8.708088 -9.815794 -4.210648  2.337175 -0.009404 -1.069826
52  -0.000000 -0.000000 0.000001  0.008153 -0.000259 0.000009
53  -0.000001 -0.000000 0.000001  1.565115 0.043565 -0.106862
54  -0.635383 -16.413475 -6.347467  -0.608257 -0.353020 -1.927668
55  0.000001 0.000000 -0.000000  0.000000 -0.000000 -0.000002
56  0.000031 0.000029 0.000001  -1.571901 -0.044449 -0.106509
57  3.739205 -15.092052 -15.957508  1.570796 -0.000000 0.000000
58  -16.215258 8.405955 -3.342007  1.570796 -0.000000 0.000000
59  2.236387 -0.189356 -5.367696  1.570796 -0.000000 0.000000
60  -0.004311 0.001230 -0.000371  0.006898 -0.005534 -0.284229
61  0.376268 10.084437 -2.887995  1.570796 -0.000000 0.000000
62  0.000000 0.000000 0.000000  -0.078727 -3.136056 0.284226
63  0.000000 0.000000 0.000000  1.593716 -0.001904 -0.000274
64  -2.874331 -14.563022 -3.484885  1.318110 -0.049011 0.065335
65  0.020864 -0.834790 -4.400273  -0.000000 -0.000000 0.000000
66  0.020868 0.023234 30.873930  -0.000000 -0.000000 0.000000
67  0.020865 -0.185994 -10.278831  -0.000000 -0.000000 0.000000
68  -0.000000 0.209231 3.187961  0.000000 -0.000000 -1.570796
69  0.000000 0.000000 0.559457  -0.000000 -0.000000 0.000000
70  0.020865 -0.110953 -1.554708  -0.000000 -0.000000 0.000000
71  -3.062984 -11.752713 -2.968420  1.318110 -0.049011 0.065335
72  -2.877547 -13.679237 -4.169956  1.318110 -0.049011 0.065335
73  -2.848872 -13.790217 -4.605577  1.318110 -0.049011 0.065335
74  -2.815315 -13.920096 -5.115384  1.318110 -0.049011 0.065335
75  -2.781440 -14.051203 -5.630009  1.318110 -0.049011 0.065335
76  -2.748053 -14.180422 -6.137223  1.318110 -0.049011 0.065335
time 60
0  0.000006 0.000000 0.000000  -1.570800 -1.391899 -1.570792
1  -5.247190 1.140902 2.232071  -1.544956 -1.855077 -0.198630
2  6.027523 -0.000323 0.000193  -0.717584 -0.962173 -1.669404
3  11.692110 0.000645 -0.000738  -0.724203 -0.000011 -1.295021
4  11.480552 0.000347 -0.000673  1.409345 -0.422572 0.126561
5  3.859510 -0.142879 -1.192050  -0.564874 -0.363952 -1.824543
6  1.312590 0.000011 0.000008  -0.136228 -0.000981 -0.208342
7  0.729356 0.000053 0.000048  -0.007524 -0.009754 -0.114047
8  3.942145 0.046273 -0.431512  -0.498774 0.109385 -1.203070
9  1.539110 0.000082 0.000005  0.016536 -0.136924 -1.019669
10  1.196333 0.000145 0.000031  0.014917 0.002603 -0.521648
11  3.883507 -0.047269 0.431381  -0.286619 0.410095 -0.604649
12  1.719574 -0.000026 0.000015  0.078190 -0.160916 -1.549411
13  1.209180 0.000089 0.000013  -0.001081 -0.002986 -0.400010
14  4.085223 -0.082715 1.151040  0.124883 0.563536 0.134737
15  1.719451 -0.000010 0.000022  0.026136 -0.076896 -1.034308
16  1.099675 0.000048 0.000006  -0.076371 0.028724 -1.554212
17  0.869831 -1.165540 1.469029  -1.116311 -0.591074 -0.369853
18  1.789819 -0.000004 -0.000018  0.000623 -0.012941 0.735303
19  1.207016 -0.000011 -0.000045  0.001421 -0.000030 -0.109041
20  5.740637 0.000410 -0.000705  -0.066053 0.000003 0.000071
21  11.481119 0.000280 -0.000793  -0.022292 -0.065302 0.007283
22  6.027524 -0.000329 0.000203  1.581770 -0.608621 1.452999
23  0.000002 11.692099 -0.000006  -0.906353 -0.367010 -0.728156
24  0.000002 0.000009 -0.000002  0.144886 -0.000031 1.570739
25  -0.000001 -0.000012 -0.000001  0.868957 0.000002 1.570712
26  -4.636372 -9.409594 0.376269  1.473120 1.855075 -0.198639
27  6.027502 -0.000270 -0.000227  1.671062 0.811702 0.436187
28  11.691993 0.000244 0.000855  0.351152 0.000020 -1.079321
29  11.479401 -0.000381 0.001023  -1.150979 0.089981 -0.274164
30  3.829144 -0.145200 1.254367  0.452842 -0.138254 -0.055855
31  1.312557 0.000025 0.000000  0.009850 -0.038003 -0.213164
32  0.729346 0.000065 -0.000028  0.006481 -0.001264 -0.116119
33  3.942046 0.050110 0.430997  -0.025682 0.005350 -0.050676
34  1.539090 0.000011 0.000000  -0.001352 -0.012432 -0.087656
35  1.196301 0.000075 -0.000004  0.000652 -0.001024 -0.759078
36  3.883410 -0.050501 -0.431087  -0.008719 0.068822 -0.052761
37  1.719567 -0.000070 -0.000002  0.006327 -0.016856 -0.111403
38  1.209189 0.000028 0.000011  -0.002434 -0.007213 -0.223697
39  3.806435 -0.112147 -1.295328  -0.123593 0.157843 -0.013685
40  1.719412 -0.000103 -0.000034  0.048786 -0.006562 -0.132507
41  1.099671 0.000025 0.000007  0.007855 0.017466 -0.402370
42  0.773673 -0.813978 -1.730947  1.678684 0.527275 -0.168597
43  1.789775 -0.000010 -0.000045  -0.001711 -0.008317 0.411572
44  1.206995 -0.000002 0.000009  0.001193 0.000705 -0.310070
45  5.740572 0.000056 0.000723  0.083723 -0.000014 0.000021
46  11.480824 -0.000041 0.000955  0.082305 -0.009868 -0.072737
47  6.027514 -0.000273 -0.000239  -0.907034 -0.400166 -0.672609
48  -0.000001 11.691976 -0.000005  -0.771670 0.263415 0.630466
49  0.000003 -0.000001 -0.000000  2.623698 -0.000041 1.570856
50  -0.000006 -0.000015 0.000006  2.272644 -0.000030 1.570865
51  -9.141823 -9.472249 -4.340072  2.261241 -0.132559 -0.977050
52  -0.000001 0.000000 0.000000  0.008153 -0.000259 0.000009
53  -0.000000 -0.000000 0.000000  1.565115 0.043565 -0.106862
54  -0.759860 -16.472607 -6.362178  -0.633114 -0.370820 -1.924492
55  0.000000 -0.000000 0.000000  0.000000 -0.000000 -0.000002
56  0.000031 0.000029 0.000001  -1.571901 -0.044449 -0.106509
57  3.733763 -15.085607 -15.943731  1.570796 -0.000000 0.000000
58  -16.484144 8.357567 -3.713193  1.570796 -0.000000 0.000000
59  2.236387 -0.189356 -5.367696  1.570796 -0.000000 0.000000
60  -0.004311 0.001230 -0.000371  0.006898 -0.005534 -0.284229
61  0.376268 10.084437 -2.887995  1.570796 -0.000000 0.000000
62  0.000000 0.000000 0.000000  -0.078727 -3.136056 0.284226
63  0.000000 0.000000 0.000000  1.592397 -0.003336 -0.000276
64  -2.907538 -14.584997 -3.454283  1.311274 -0.020541 0.059947
65  0.020863 -0.834790 -4.400275  0.000000 -0.000000 0.000000
66  0.020867 0.023236 30.873924  0.000000 -0.000000 0.000000
67  0.020865 -0.185995 -10.278831  0.000000 -0.000000 0.000000
68  0.000000 0.209232 3.187962  0.000000 0.000000 -1.570796
69  0.000000 0.000000 0.559456  0.000000 -0.000000 0.000000
70  0.020865 -0.110952 -1.554710  0.000000 -0.000000 0.000000
71  -3.066180 -11.769353 -2.957155  1.311274 -0.020541 0.059947
72  -2.925074 -13.707079 -4.146641  1.311274 -0.020541 0.059947
73  -2.909222 -13.821929 -4.581915  1.311274 -0.020541 0.059947
74  -2.890672 -13.956339 -5.091314  1.311274 -0.020541 0.059947
75  -2.871946 -14.092018 -5.605527  1.311274 -0.020541 0.059947
76  -2.853490 -14.225744 -6.112337  1.311274 -0.020541 0.059947
time 61
0  0.000006 0.000000 0.000000  -1.570800 -1.391899 -1.570792
1  -5.247190 1.140902 2.232071  -1.544956 -1.855077 -0.198630
2  6.027524 -0.000322 0.000193  -0.699751 -0.968163 -1.681366
3  11.692110 0.000643 -0.000740  -0.728845 -0.000010 -1.277956
4  11.480682 0.000405 -0.000622  1.393799 -0.415092 0.097252
5  3.859510 -0.142880 -1.192050  -0.564874 -0.363952 -1.824543
6  1.312591 0.000012 0.000008  -0.136228 -0.000981 -0.208342
7  0.729355 0.000053 0.000048  -0.007524 -0.009754 -0.114047
8  3.942144 0.046273 -0.431512  -0.498774 0.109385 -1.203070
9  1.539111 0.000086 0.000005  0.016536 -0.136924 -1.019669
10  1.196331 0.000146 0.000030  0.014917 0.002603 -0.521648
11  3.883505 -0.047269 0.431381  -0.286619 0.410095 -0.604649
12  1.719573 -0.000026 0.000015  0.078190 -0.160916 -1.549411
13  1.209179 0.000091 0.000012  -0.001081 -0.002986 -0.400010
14  4.085223 -0.082716 1.151041  0.124883 0.563536 0.134737
15  1.719448 -0.000013 0.000023  0.026136 -0.076896 -1.034307
16  1.099675 0.000049 0.000006  -0.076371 0.028724 -1.554212
17  0.869832 -1.165540 1.469029  -1.116260 -0.591287 -0.369915
18  1.789819 -0.000003 -0.000017  0.000622 -0.012947 0.735522
19  1.207017 -0.000012 -0.000044  0.001422 -0.000030 -0.108927
20  5.740637 0.000411 -0.000703  -0.069866 0.000003 0.000070
21  11.481147 0.000292 -0.000783  -0.026181 -0.063678 0.000899
22  6.027524 -0.000329 0.000203  1.569362 -0.602716 1.462762
23  0.000002 11.692100 -0.000006  -0.895916 -0.358373 -0.720842
24  0.000002 0.000008 -0.000002  0.140244 -0.000031 1.570738
25  0.000000 -0.000012 0.000000  0.868957 0.000002 1.570712
26  -4.636372 -9.409594 0.376269  1.473120 1.855075 -0.198639
27  6.027502 -0.000270 -0.000227  1.714069 0.793427 0.427105
28  11.691992 0.000245 0.000855  0.283432 0.000024 -1.140351
29  11.480430 -0.000026 0.000874  -1.209415 0.118382 -0.239958
30  3.833334 -0.143484 1.245891  0.395022 -0.123027 -0.067076
31  1.312556 0.000025 -0.000000  0.008593 -0.040877 -0.356476
32  0.729346 0.000067 -0.000027  0.007108 -0.001355 -0.282319
33  3.942046 0.050110 0.430998  -0.035528 0.004546 -0.087186
34  1.539091 0.000011 0.000000  -0.003917 -0.018055 -0.247821
35  1.196301 0.000075 -0.000003  0.001399 -0.001310 -0.895087
36  3.883411 -0.050501 -0.431085  -0.024798 0.052891 -0.069020
37  1.719568 -0.000071 -0.000004  0.000698 -0.027961 -0.297749
38  1.209190 0.000029 0.000014  -0.000190 -0.008216 -0.352987
39  3.806435 -0.112148 -1.295327  -0.198164 0.162441 -0.037115
40  1.719411 -0.000103 -0.000035  0.044247 0.001632 -0.263942
41  1.099671 0.000025 0.000006  0.006005 0.018236 -0.460859
42  0.809576 -0.806463 -1.674126  1.651866 0.528447 -0.174024
43  1.789776 -0.000010 -0.000045  -0.001341 -0.010882 0.418421
44  1.206997 -0.000001 0.000009  0.001475 0.000706 -0.307672
45  5.740571 0.000055 0.000724  0.069795 -0.000014 0.000021
46  11.481030 0.000031 0.000924  0.070958 -0.002350 -0.065729
47  6.027514 -0.000273 -0.000239  -0.875382 -0.380925 -0.724673
48  -0.000001 11.691975 -0.000005  -0.810394 0.291432 0.659266
49  0.000003 -0.000001 0.000001  2.555974 -0.000041 1.570856
50  -0.000007 -0.000015 0.000006  2.272644 -0.000030 1.570865
51  -8.831576 -9.142039 -3.920269  2.155522 -0.181266 -0.964855
52  0.000001 0.000000 -0.000001  0.008153 -0.000259 0.000009
53  0.000000 -0.000000 0.000001  1.565115 0.043565 -0.106862
54  -0.892024 -16.536556 -6.374651  -0.658120 -0.388564 -1.924490
55  -0.000000 -0.000000 0.000000  0.000000 -0.000000 -0.000002
56  0.000029 0.000028 0.000001  -1.571902 -0.044449 -0.106509
57  3.726159 -15.080382 -15.928989  1.570796 -0.000000 0.000000
58  -16.789131 8.353639 -4.089527  1.570796 -0.000000 0.000000
59  2.236387 -0.189356 -5.367696  1.570796 -0.000000 0.000000
60  -0.004311 0.001230 -0.000371  0.006898 -0.005534 -0.284229
61  0.376268 10.084437 -2.887995  1.570796 -0.000000 0.000000
62  0.000000 0.000000 0.000000  -0.078727 -3.136056 0.284226
63  0.000000 0.000000 0.000000  1.590787 -0.004906 -0.000545
64  -2.940180 -14.604311 -3.424579  1.304231 0.007826 0.050725
65  0.020864 -0.834791 -4.400273  0.000000 -0.000000 0.000000
66  0.020868 0.023235 30.873932  0.000000 -0.000000 0.000000
67  0.020865 -0.185995 -10.278831  0.000000 -0.000000 0.000000
68  -0.000001 0.209231 3.187962  0.000000 0.000000 -1.570796
69  0.000000 -0.000000 0.559456  0.000000 -0.000000 0.000000
70  0.020865 -0.110954 -1.554707  0.000000 -0.000000 0.000000
71  -3.059101 -11.783192 -2.947816  1.304231 0.007826 0.050725
72  -2.969044 -13.732163 -4.123816  1.304231 0.007826 0.050725
73  -2.966424 -13.850841 -4.558343  1.304231 0.007826 0.050725
74  -2.963358 -13.989728 -5.066869  1.304231 0.007826 0.050725
75  -2.960262 -14.129928 -5.580200  1.304231 0.007826 0.050725
76  -2.957211 -14.268108 -6.086141  1.304231 0.007826 0.050725
time 62
0  0.000006 0.000000 0.000000  -1.570800 -1.391899 -1.570792
1  -5.247190 1.140902 2.232071  -1.544956 -1.855077 -0.198630
2  6.027524 -0.000322 0.000193  -0.697433 -0.970934 -1.688261
3  11.692111 0.000645 -0.000740  -0.733298 -0.000010 -1.273422
4  11.480717 0.000422 -0.000611  1.409646 -0.408279 0.098554
5  3.859509 -0.142880 -1.192050  -0.564874 -0.363952 -1.824543
6  1.312592 0.000012 0.000007  -0.136228 -0.000981 -0.208342
7  0.729358 0.000053 0.000048  -0.007524 -0.009754 -0.114047
8  3.942143 0.046273 -0.431512  -0.498774 0.109385 -1.203070
9  1.539111 0.000084 0.000005  0.016536 -0.136924 -1.019669
10  1.196334 0.000146 0.000030  0.014917 0.002603 -0.521648
11  3.883504 -0.047270 0.431381  -0.286619 0.410095 -0.604649
12  1.719574 -0.000029 0.000016  0.078190 -0.160916 -1.549411
13  1.209177 0.000092 0.000011  -0.001081 -0.002986 -0.400010
14  4.085221 -0.082716 1.151040  0.124883 0.563536 0.134737
15  1.719447 -0.000013 0.000023  0.026136 -0.076896 -1.034307
16  1.099675 0.000050 0.000006  -0.076371 0.028724 -1.554212
17  0.869830 -1.165541 1.469029  -1.116210 -0.591496 -0.369975
18  1.789820 -0.000003 -0.000018  0.000621 -0.012952 0.735735
19  1.207015 -0.000012 -0.000044  0.001422 -0.000031 -0.108816
20  5.740637 0.000411 -0.000705  -0.065541 0.000003 0.000070
21  11.481154 0.000295 -0.000781  -0.023224 -0.062140 0.001983
22  6.027524 -0.000329 0.000203  1.567785 -0.599940 1.458670
23  0.000002 11.692100 -0.000006  -0.893137 -0.356090 -0.718887
24  0.000002 0.000008 -0.000001  0.135791 -0.000031 1.570738
25  -0.000000 -0.000011 -0.000001  0.868957 0.000002 1.570712
26  -4.636372 -9.409594 0.376269  1.473120 1.855075 -0.198639
27  6.027503 -0.000270 -0.000227  1.774159 0.797950 0.420983
28  11.691992 0.000244 0.000855  0.216457 0.000027 -1.196468
29  11.480130 -0.000228 0.000901  -1.263541 0.142251 -0.157283
30  3.844290 -0.138993 1.223714  0.242287 -0.086234 -0.100596
31  1.312556 0.000025 -0.000000  0.007364 -0.049293 -0.747368
32  0.729347 0.000066 -0.000028  0.008825 -0.001062 -0.742842
33  3.942046 0.050110 0.430999  -0.061148 0.000736 -0.182891
34  1.539091 0.000011 -0.000001  -0.006060 -0.034845 -0.689713
35  1.196301 0.000075 -0.000003  0.003545 -0.001552 -1.264325
36  3.883411 -0.050501 -0.431086  -0.065633 0.009965 -0.110341
37  1.719566 -0.000071 -0.000003  -0.003222 -0.062496 -0.823504
38  1.209193 0.000031 0.000011  0.006321 -0.009409 -0.702659
39  3.806436 -0.112147 -1.295327  -0.395798 0.166184 -0.100119
40  1.719411 -0.000102 -0.000034  0.027040 0.020115 -0.620126
41  1.099672 0.000025 0.000006  0.000952 0.019736 -0.614857
42  0.903486 -0.786801 -1.525499  1.605438 0.524869 -0.191890
43  1.789775 -0.000010 -0.000044  -0.000455 -0.017603 0.436336
44  1.206997 -0.000001 0.000009  0.002215 0.000707 -0.301400
45  5.740571 0.000055 0.000724  0.056859 -0.000014 0.000021
46  11.480970 -0.000009 0.000930  0.060156 0.005086 -0.048734
47  6.027514 -0.000273 -0.000239  -0.862537 -0.340378 -0.778262
48  -0.000001 11.691977 -0.000004  -0.845546 0.318116 0.684952
49  0.000004 -0.000001 -0.000000  2.488997 -0.000041 1.570856
50  -0.000006 -0.000015 0.000005  2.272644 -0.000030 1.570865
51  -8.167375 -8.856930 -3.342170  2.059440 -0.235550 -0.981562
52  0.000000 -0.000000 -0.000000  0.008153 -0.000259 0.000009
53  0.000000 0.000001 0.000000  1.565115 0.043565 -0.106862
54  -0.893872 -16.568817 -6.318658  -0.645947 -0.389643 -1.930264
55  -0.000000 0.000000 -0.000000  0.000000 -0.000000 -0.000002
56  0.000029 0.000029 0.000001  -1.571902 -0.044449 -0.106509
57  3.716474 -15.076337 -15.913391  1.570796 -0.000000 0.000000
58  -17.058018 8.305251 -4.603470  1.570796 -0.000000 0.000000
59  2.236387 -0.189356 -5.367696  1.570796 -0.000000 0.000000
60  -0.004311 0.001230 -0.000371  0.006898 -0.005534 -0.284229
61  0.376268 10.084437 -2.887995  1.570796 -0.000000 0.000000
62  0.000000 0.000000 0.000000  -0.078727 -3.136056 0.284226
63  0.000000 0.000000 0.000000  1.588643 -0.006370 -0.001478
64  -2.969654 -14.619685 -3.399163  1.298785 -0.002092 0.049553
65  0.020864 -0.834790 -4.400272  0.000000 0.000000 0.000000
66  0.020868 0.023234 30.873932  0.000000 0.000000 0.000000
67  0.020865 -0.185994 -10.278831  0.000000 0.000000 0.000000
68  -0.000000 0.209232 3.187961  -0.000000 0.000000 -1.570796
69  -0.000000 0.000001 0.559457  0.000000 0.000000 0.000000
70  0.020865 -0.110953 -1.554706  0.000000 0.000000 0.000000
71  -3.090088 -11.796109 -2.937568  1.298785 -0.002092 0.049553
72  -2.990373 -13.750976 -4.102954  1.298785 -0.002092 0.049553
73  -2.983471 -13.871804 -4.536841  1.298785 -0.002092 0.049553
74  -2.975396 -14.013209 -5.044618  1.298785 -0.002092 0.049553
75  -2.967243 -14.155951 -5.557192  1.298785 -0.002092 0.049553
76  -2.959208 -14.296638 -6.062388  1.298785 -0.002092 0.049553
time 63
0  0.000006 0.000000 0.000000  -1.570800 -1.391899 -1.570792
1  -5.247190 1.140902 2.232071  -1.544956 -1.855077 -0.198630
2  6.027524 -0.000322 0.000193  -0.699481 -0.972109 -1.692095
3  11.692112 0.000645 -0.000740  -0.737534 -0.000010 -1.273476
4  11.480717 0.000423 -0.000604  1.429958 -0.403976 0.109162
5  3.859509 -0.142880 -1.192049  -0.564874 -0.363952 -1.824543
6  1.312591 0.000013 0.000008  -0.136228 -0.000981 -0.208342
7  0.729356 0.000054 0.000050  -0.007524 -0.009754 -0.114047
8  3.942144 0.046273 -0.431512  -0.498774 0.109385 -1.203070
9  1.539110 0.000086 0.000005  0.016536 -0.136924 -1.019669
10  1.196332 0.000145 0.000029  0.014917 0.002603 -0.521648
11  3.883506 -0.047268 0.431381  -0.286619 0.410095 -0.604649
12  1.719573 -0.000027 0.000016  0.078190 -0.160916 -1.549411
13  1.209178 0.000092 0.000012  -0.001081 -0.002986 -0.400010
14  4.085224 -0.082715 1.151041  0.124883 0.563536 0.134737
15  1.719447 -0.000013 0.000022  0.026135 -0.076896 -1.034307
16  1.099675 0.000049 0.000006  -0.076371 0.028724 -1.554212
17  0.869832 -1.165540 1.469029  -1.116161 -0.591701 -0.370034
18  1.789819 -0.000004 -0.000018  0.000619 -0.012956 0.735940
19  1.207015 -0.000012 -0.000044  0.001423 -0.000031 -0.108707
20  5.740638 0.000410 -0.000701  -0.060018 0.000003 0.000071
21  11.481153 0.000295 -0.000778  -0.019130 -0.061133 0.005055
22  6.027524 -0.000329 0.000203  1.569189 -0.598770 1.452354
23  0.000002 11.692100 -0.000005  -0.893170 -0.356117 -0.718910
24  0.000003 0.000009 -0.000001  0.131555 -0.000031 1.570739
25  0.000000 -0.000012 -0.000001  0.868957 0.000002 1.570712
26  -4.636372 -9.409594 0.376269  1.473120 1.855075 -0.198639
27  6.027503 -0.000269 -0.000227  1.809283 0.809994 0.381935
28  11.691992 0.000245 0.000856  0.150630 0.000028 -1.214643
29  11.480052 -0.000324 0.000889  -1.270294 0.129599 -0.113060
30  3.855247 -0.134504 1.201539  0.088777 -0.054957 -0.139250
31  1.312557 0.000025 -0.000000  0.009439 -0.057542 -1.138427
32  0.729345 0.000066 -0.000028  0.010233 -0.000037 -1.203363
33  3.942046 0.050110 0.430997  -0.086287 -0.005503 -0.278467
34  1.539091 0.000011 0.000001  -0.000809 -0.050939 -1.131888
35  1.196300 0.000076 -0.000002  0.005634 -0.001004 -1.633563
36  3.883412 -0.050501 -0.431087  -0.104682 -0.034576 -0.149898
37  1.719566 -0.000071 -0.000004  0.010785 -0.094324 -1.350535
38  1.209196 0.000034 0.000011  0.012846 -0.008298 -1.052332
39  3.806435 -0.112147 -1.295329  -0.593202 0.157654 -0.162618
40  1.719411 -0.000103 -0.000035  0.004459 0.031434 -0.976705
41  1.099672 0.000025 0.000006  -0.004271 0.020443 -0.768864
42  0.997396 -0.767141 -1.376873  1.563785 0.519455 -0.210161
43  1.789776 -0.000010 -0.000045  0.000309 -0.024339 0.454248
44  1.206997 -0.000001 0.000009  0.002954 0.000704 -0.295127
45  5.740571 0.000056 0.000724  0.054144 -0.000014 0.000021
46  11.480954 -0.000028 0.000928  0.058674 0.003639 -0.039473
47  6.027514 -0.000273 -0.000239  -0.865390 -0.313330 -0.841688
48  -0.000000 11.691975 -0.000006  -0.856842 0.326941 0.693106
49  0.000002 -0.000001 -0.000001  2.423169 -0.000041 1.570856
50  -0.000006 -0.000014 0.000005  2.272644 -0.000030 1.570865
51  -7.881878 -8.759494 -3.116951  2.032967 -0.261807 -0.995597
52  -0.000000 0.000001 0.000000  0.008153 -0.000259 0.000009
53  0.000000 0.000000 0.000000  1.565115 0.043565 -0.106862
54  -0.864222 -16.581745 -6.259496  -0.626792 -0.384323 -1.936986
55  0.000000 0.000001 -0.000000  0.000000 -0.000000 -0.000002
56  0.000030 0.000030 0.000001  -1.571902 -0.044449 -0.106510
57  3.704848 -15.073390 -15.897087  1.570796 -0.000000 0.000000
58  -17.234497 8.143057 -5.345586  1.570796 -0.000000 0.000000
59  2.236387 -0.189356 -5.367696  1.570796 -0.000000 0.000000
60  -0.004311 0.001230 -0.000371  0.006898 -0.005534 -0.284229
61  0.376268 10.084437 -2.887995  1.570796 -0.000000 0.000000
62  0.000000 0.000000 0.000000  -0.078727 -3.136056 0.284226
63  0.000000 0.000000 0.000000  1.585667 -0.007447 -0.003308
64  -2.994539 -14.629846 -3.381428  1.296545 -0.020475 0.050085
65  0.020864 -0.834790 -4.400273  0.000000 -0.000000 -0.000000
66  0.020868 0.023234 30.873934  0.000000 -0.000000 -0.000000
67  0.020865 -0.185994 -10.278831  0.000000 -0.000000 -0.000000
68  -0.000000 0.209231 3.187961  0.000000 0.000000 -1.570796
69  0.000000 -0.000000 0.559456  0.000000 -0.000000 -0.000000
70  0.020865 -0.110953 -1.554709  0.000000 -0.000000 -0.000000
71  -3.124874 -11.805727 -2.925880  1.296545 -0.020475 0.050085
72  -3.002684 -13.762075 -4.086633  1.296545 -0.020475 0.050085
73  -2.987710 -13.883471 -4.520158  1.296545 -0.020475 0.050085
74  -2.970186 -14.025541 -5.027511  1.296545 -0.020475 0.050085
75  -2.952497 -14.168953 -5.539657  1.296545 -0.020475 0.050085
76  -2.935062 -14.310301 -6.044431  1.296545 -0.020475 0.050085
time 64
0  0.000006 0.000000 0.000000  -1.570800 -1.391899 -1.570792
1  -5.247190 1.140902 2.232071  -1.544956 -1.855077 -0.198630
2  6.027524 -0.000322 0.000193  -0.703023 -0.967067 -1.682061
3  11.692111 0.000645 -0.000740  -0.741524 -0.000010 -1.286338
4  11.480618 0.000385 -0.000643  1.412721 -0.428625 0.144287
5  3.859507 -0.142881 -1.192050  -0.564874 -0.363952 -1.824543
6  1.312590 0.000012 0.000007  -0.136228 -0.000981 -0.208342
7  0.729354 0.000054 0.000051  -0.007524 -0.009754 -0.114047
8  3.942143 0.046272 -0.431512  -0.498774 0.109385 -1.203070
9  1.539110 0.000083 0.000005  0.016536 -0.136924 -1.019669
10  1.196333 0.000145 0.000029  0.014917 0.002603 -0.521648
11  3.883505 -0.047269 0.431381  -0.286619 0.410095 -0.604649
12  1.719574 -0.000025 0.000016  0.078190 -0.160916 -1.549411
13  1.209178 0.000093 0.000011  -0.001081 -0.002986 -0.400010
14  4.085223 -0.082716 1.151040  0.124883 0.563536 0.134737
15  1.719448 -0.000012 0.000021  0.026135 -0.076896 -1.034307
16  1.099675 0.000048 0.000006  -0.076371 0.028724 -1.554212
17  0.869831 -1.165540 1.469029  -1.116113 -0.591901 -0.370093
18  1.789820 -0.000003 -0.000019  0.000618 -0.012960 0.736138
19  1.207015 -0.000012 -0.000044  0.001423 -0.000031 -0.108600
20  5.740636 0.000411 -0.000703  -0.064090 0.000003 0.000071
21  11.481133 0.000289 -0.000786  -0.021050 -0.066647 0.010844
22  6.027524 -0.000329 0.000203  1.571615 -0.603813 1.458095
23  0.000002 11.692099 -0.000007  -0.901047 -0.362606 -0.724444
24  0.000004 0.000009 -0.000002  0.127565 -0.000031 1.570739
25  -0.000000 -0.000012 -0.000002  0.868957 0.000002 1.570712
26  -4.636372 -9.409594 0.376269  1.473120 1.855075 -0.198639
27  6.027503 -0.000268 -0.000226  1.844834 0.823308 0.322050
28  11.691992 0.000243 0.000856  0.086351 0.000028 -1.210696
29  11.480065 -0.000373 0.000865  -1.241522 0.046695 -0.095285
30  3.859436 -0.132787 1.193062  0.030284 -0.044695 -0.155090
31  1.312556 0.000024 0.000001  0.010982 -0.060274 -1.281878
32  0.729345 0.000065 -0.000026  0.010606 0.000476 -1.369562
33  3.942047 0.050110 0.430997  -0.095697 -0.008510 -0.314863
34  1.539091 0.000011 0.000001  0.002768 -0.055982 -1.292282
35  1.196299 0.000075 -0.000005  0.006332 -0.000614 -1.769572
36  3.883412 -0.050502 -0.431087  -0.119138 -0.051977 -0.164553
37  1.719568 -0.000071 -0.000003  0.019499 -0.103256 -1.537866
38  1.209197 0.000034 0.000011  0.015102 -0.007323 -1.181622
39  3.806435 -0.112148 -1.295328  -0.667573 0.151289 -0.185599
40  1.719412 -0.000103 -0.000034  -0.004685 0.033484 -1.108448
41  1.099673 0.000024 0.000006  -0.006274 0.020500 -0.827361
42  1.033298 -0.759624 -1.320053  1.548585 0.517055 -0.217148
43  1.789776 -0.000008 -0.000045  0.000570 -0.026918 0.461094
44  1.206997 -0.000002 0.000009  0.003237 0.000701 -0.292729
45  5.740571 0.000055 0.000724  0.058053 -0.000014 0.000021
46  11.480957 -0.000038 0.000923  0.064480 -0.012504 -0.034414
47  6.027514 -0.000273 -0.000239  -0.870177 -0.285966 -0.926073
48  -0.000000 11.691976 -0.000005  -0.854392 0.325017 0.691342
49  0.000003 -0.000001 -0.000001  2.358891 -0.000041 1.570856
50  -0.000006 -0.000016 0.000006  2.272644 -0.000030 1.570865
51  -7.896465 -8.769445 -2.940669  2.060328 -0.236140 -1.003623
52  0.000001 0.000000 0.000001  0.008153 -0.000259 0.000009
53  0.000000 0.000000 0.000000  1.565115 0.043565 -0.106862
54  -0.861345 -16.483849 -6.303081  -0.632124 -0.347756 -1.936361
55  0.000001 -0.000001 -0.000000  0.000000 -0.000000 -0.000002
56  0.000032 0.000027 0.000001  -1.571901 -0.044449 -0.106509
57  3.691493 -15.071424 -15.880272  1.570796 -0.000000 0.000000
58  -17.294149 7.836982 -6.343186  1.570796 -0.000000 0.000000
59  2.236387 -0.189356 -5.367696  1.570796 -0.000000 0.000000
60  -0.004311 0.001230 -0.000371  0.006898 -0.005534 -0.284229
61  0.376268 10.084437 -2.887995  1.570796 -0.000000 0.000000
62  0.000000 0.000000 0.000000  -0.078727 -3.136056 0.284226
63  0.000000 0.000000 0.000000  1.581563 -0.007863 -0.006269
64  -3.013709 -14.633516 -3.374762  1.332028 -0.030658 0.047895
65  0.020864 -0.834790 -4.400273  0.000000 0.000000 -0.000000
66  0.020868 0.023234 30.873930  0.000000 0.000000 -0.000000
67  0.020865 -0.185995 -10.278831  0.000000 0.000000 -0.000000
68  -0.000000 0.209231 3.187962  -0.000000 0.000000 -1.570796
69  0.000000 0.000000 0.559457  0.000000 0.000000 -0.000000
70  0.020865 -0.110953 -1.554708  0.000000 0.000000 -0.000000
71  -3.144696 -11.827395 -2.819165  1.332028 -0.030658 0.047895
72  -3.014910 -13.740968 -4.048380  1.332028 -0.030658 0.047895
73  -2.996408 -13.846737 -4.485845  1.332028 -0.030658 0.047895
74  -2.974757 -13.970519 -4.997809  1.332028 -0.030658 0.047895
75  -2.952901 -14.095470 -5.514611  1.332028 -0.030658 0.047895
76  -2.931359 -14.218623 -6.023972  1.332028 -0.030658 0.047895
time 65
0  0.000006 0.000000 0.000000  -1.570800 -1.391899 -1.570792
1  -5.247190 1.140902 2.232071  -1.544956 -1.855077 -0.198630
2  6.027523 -0.000323 0.000193  -0.703823 -0.960839 -1.669005
3  11.692109 0.000644 -0.000739  -0.745239 -0.000011 -1.298596
4  11.480526 0.000350 -0.000676  1.380396 -0.456259 0.172200
5  3.859509 -0.142879 -1.192049  -0.564874 -0.363952 -1.824543
6  1.312590 0.000012 0.000007  -0.136228 -0.000981 -0.208342
7  0.729358 0.000054 0.000047  -0.007524 -0.009754 -0.114047
8  3.942145 0.046272 -0.431512  -0.498774 0.109385 -1.203070
9  1.539111 0.000085 0.000005  0.016536 -0.136924 -1.019669
10  1.196331 0.000145 0.000030  0.014917 0.002603 -0.521648
11  3.883504 -0.047271 0.431381  -0.286619 0.410095 -0.604649
12  1.719572 -0.000027 0.000015  0.078190 -0.160916 -1.549411
13  1.209179 0.000091 0.000012  -0.001081 -0.002986 -0.400010
14  4.085224 -0.082717 1.151041  0.124883 0.563536 0.134737
15  1.719448 -0.000012 0.000021  0.026136 -0.076896 -1.034308
16  1.099676 0.000047 0.000005  -0.076371 0.028724 -1.554212
17  0.869831 -1.165541 1.469030  -1.116067 -0.592096 -0.370150
18  1.789819 -0.000003 -0.000019  0.000617 -0.012964 0.736328
19  1.207016 -0.000012 -0.000043  0.001424 -0.000031 -0.108496
20  5.740638 0.000411 -0.000703  -0.071950 0.000003 0.000071
21  11.481114 0.000282 -0.000794  -0.025800 -0.073001 0.014312
22  6.027524 -0.000329 0.000203  1.572185 -0.610040 1.470168
23  0.000001 11.692100 -0.000006  -0.908536 -0.368828 -0.729679
24  0.000003 0.000008 -0.000000  0.123850 -0.000031 1.570738
25  -0.000001 -0.000012 -0.000001  0.868957 0.000002 1.570712
26  -4.636372 -9.409594 0.376269  1.473120 1.855075 -0.198639
27  6.027504 -0.000267 -0.000226  1.945495 0.844196 0.267425
28  11.691991 0.000244 0.000855  0.024014 0.000028 -1.213810
29  11.480051 -0.000431 0.000840  -1.242756 -0.105446 -0.065028
30  3.859436 -0.132788 1.193063  0.030284 -0.044695 -0.155090
31  1.312556 0.000024 0.000001  0.010982 -0.060274 -1.281878
32  0.729345 0.000065 -0.000026  0.010606 0.000476 -1.369562
33  3.942045 0.050110 0.430999  -0.095697 -0.008510 -0.314863
34  1.539091 0.000010 0.000000  0.002768 -0.055981 -1.292282
35  1.196299 0.000077 -0.000005  0.006332 -0.000614 -1.769572
36  3.883411 -0.050502 -0.431086  -0.119138 -0.051977 -0.164553
37  1.719568 -0.000071 -0.000001  0.019499 -0.103256 -1.537866
38  1.209197 0.000036 0.000012  0.015102 -0.007323 -1.181622
39  3.806435 -0.112148 -1.295327  -0.667573 0.151289 -0.185599
40  1.719412 -0.000103 -0.000034  -0.004685 0.033484 -1.108448
41  1.099674 0.000024 0.000006  -0.006274 0.020500 -0.827361
42  1.033298 -0.759625 -1.320051  1.548585 0.517055 -0.217148
43  1.789776 -0.000009 -0.000045  0.000570 -0.026918 0.461094
44  1.206996 -0.000002 0.000009  0.003237 0.000701 -0.292729
45  5.740572 0.000056 0.000723  0.055059 -0.000014 0.000021
46  11.480954 -0.000050 0.000917  0.064681 -0.042033 -0.024381
47  6.027514 -0.000273 -0.000239  -0.871177 -0.215188 -1.055017
48  -0.000002 11.691977 -0.000006  -0.856324 0.326534 0.692734
49  0.000003 -0.000001 0.000000  2.296554 -0.000041 1.570856
50  -0.000007 -0.000014 0.000006  2.272644 -0.000030 1.570865
51  -7.916142 -8.649176 -2.065809  2.077434 -0.200855 -1.009681
52  -0.000001 0.000000 0.000001  0.008153 -0.000259 0.000009
53  -0.000000 -0.000000 0.000000  1.565115 0.043565 -0.106862
54  -0.892004 -16.373755 -6.406323  -0.651389 -0.313233 -1.932457
55  0.000001 -0.000001 0.000000  0.000000 -0.000000 -0.000002
56  0.000031 0.000028 0.000001  -1.571902 -0.044449 -0.106509
57  3.676691 -15.070275 -15.863177  1.570796 -0.000000 0.000000
58  -17.135479 5.548532 -7.452580  1.570796 -0.000000 0.000000
59  2.236387 -0.189356 -5.367696  1.570796 -0.000000 0.000000
60  -0.004311 0.001230 -0.000371  0.006898 -0.005534 -0.284229
61  0.376268 10.084437 -2.887995  1.570796 -0.000000 0.000000
62  0.000000 0.000000 0.000000  -0.078727 -3.136056 0.284226
63  0.000000 0.000000 0.000000  1.576409 -0.006360 -0.010269
64  -3.026037 -14.633410 -3.398244  1.370969 -0.027696 0.044410
65  0.020864 -0.834790 -4.400272  -0.000000 0.000000 -0.000000
66  0.020868 0.023235 30.873934  -0.000000 0.000000 -0.000000
67  0.020865 -0.185995 -10.278831  -0.000000 0.000000 -0.000000
68  -0.000001 0.209231 3.187962  -0.000000 -0.000000 -1.570796
69  -0.000000 0.000000 0.559457  -0.000000 0.000000 -0.000000
70  0.020865 -0.110953 -1.554708  -0.000000 0.000000 -0.000000
71  -3.171327 -11.720245 -2.085637  1.370969 -0.027696 0.044410
72  -3.028232 -13.715435 -4.036775  1.370969 -0.027696 0.044410
73  -3.012048 -13.804218 -4.478091  1.370969 -0.027696 0.044410
74  -2.993109 -13.908122 -4.994563  1.370969 -0.027696 0.044410
75  -2.973991 -14.013006 -5.515916  1.370969 -0.027696 0.044410
76  -2.955148 -14.116382 -6.029761  1.370969 -0.027696 0.044410
time 66
0  0.000006 0.000000 0.000000  -1.570800 -1.391899 -1.570792
1  -5.247190 1.140902 2.232071  -1.544956 -1.855077 -0.198630
2  6.027523 -0.000323 0.000193  -0.702499 -0.958765 -1.665233
3  11.692112 0.000644 -0.000738  -0.748655 -0.000011 -1.298839
4  11.480524 0.000352 -0.000672  1.375325 -0.461693 0.164691
5  3.859508 -0.142879 -1.192050  -0.564874 -0.363952 -1.824543
6  1.312590 0.000012 0.000006  -0.136228 -0.000981 -0.208342
7  0.729355 0.000053 0.000049  -0.007524 -0.009754 -0.114047
8  3.942143 0.046272 -0.431512  -0.498774 0.109385 -1.203070
9  1.539111 0.000083 0.000005  0.016536 -0.136924 -1.019669
10  1.196331 0.000145 0.000027  0.014917 0.002603 -0.521648
11  3.883504 -0.047269 0.431381  -0.286619 0.410095 -0.604649
12  1.719573 -0.000028 0.000015  0.078190 -0.160916 -1.549411
13  1.209178 0.000092 0.000012  -0.001081 -0.002986 -0.400010
14  4.085224 -0.082715 1.151040  0.124883 0.563536 0.134737
15  1.719449 -0.000011 0.000023  0.026136 -0.076896 -1.034307
16  1.099675 0.000046 0.000005  -0.076371 0.028724 -1.554212
17  0.869831 -1.165540 1.469028  -1.116022 -0.592285 -0.370206
18  1.789820 -0.000003 -0.000018  0.000616 -0.012967 0.736510
19  1.207013 -0.000012 -0.000044  0.001424 -0.000031 -0.108396
20  5.740637 0.000410 -0.000702  -0.073844 0.000003 0.000070
21  11.481113 0.000282 -0.000792  -0.026852 -0.074069 0.012482
22  6.027524 -0.000329 0.000203  1.571262 -0.612115 1.475555
23  0.000003 11.692099 -0.000007  -0.908684 -0.368952 -0.729782
24  0.000005 0.000008 -0.000002  0.120435 -0.000031 1.570739
25  -0.000001 -0.000011 -0.000002  0.868957 0.000002 1.570712
26  -4.636372 -9.409594 0.376269  1.473120 1.855075 -0.198639
27  6.027505 -0.000266 -0.000226  1.982480 0.811079 0.056869
28  11.691992 0.000245 0.000855  -0.036002 0.000034 -1.314644
29  11.480272 -0.000428 0.000813  -1.277351 -0.024215 -0.054140
30  3.859436 -0.132788 1.193061  0.030284 -0.044694 -0.155090
31  1.312557 0.000025 0.000000  0.010982 -0.060274 -1.281878
32  0.729345 0.000066 -0.000027  0.010606 0.000476 -1.369562
33  3.942046 0.050110 0.430997  -0.095698 -0.008510 -0.314863
34  1.539093 0.000011 -0.000001  0.002768 -0.055982 -1.292282
35  1.196299 0.000076 -0.000003  0.006333 -0.000614 -1.769572
36  3.883412 -0.050502 -0.431087  -0.119138 -0.051977 -0.164553
37  1.719567 -0.000071 -0.000003  0.019499 -0.103256 -1.537866
38  1.209197 0.000035 0.000010  0.015102 -0.007323 -1.181622
39  3.806435 -0.112148 -1.295329  -0.667573 0.151289 -0.185599
40  1.719412 -0.000103 -0.000035  -0.004685 0.033484 -1.108448
41  1.099673 0.000025 0.000006  -0.006274 0.020500 -0.827361
42  1.033298 -0.759625 -1.320053  1.548585 0.517055 -0.217148
43  1.789776 -0.000009 -0.000045  0.000570 -0.026917 0.461094
44  1.206996 -0.000002 0.000009  0.003237 0.000701 -0.292729
45  5.740572 0.000056 0.000725  0.043271 -0.000014 0.000021
46  11.480998 -0.000049 0.000912  0.057731 -0.025668 -0.024022
47  6.027514 -0.000273 -0.000239  -0.832393 -0.198397 -1.300776
48  -0.000002 11.691975 -0.000005  -0.918266 0.377005 0.736511
49  0.000003 -0.000000 0.000000  2.236533 -0.000041 1.570856
50  -0.000007 -0.000015 0.000006  2.272644 -0.000030 1.570865
51  -8.530502 -7.864068 -2.167331  2.160928 -0.430827 -1.059212
52  0.000000 -0.000000 -0.000000  0.008153 -0.000259 0.000009
53  -0.000000 -0.000001 -0.000000  1.565115 0.043565 -0.106862
54  -0.919011 -16.359455 -6.473637  -0.660815 -0.312760 -1.928285
55  -0.000001 0.000000 -0.000000  0.000000 -0.000000 -0.000002
56  0.000029 0.000029 0.000001  -1.571901 -0.044449 -0.106509
57  3.660794 -15.069747 -15.846074  1.570796 -0.000000 0.000000
58  -16.714157 3.482349 -9.649444  1.570796 -0.000000 0.000000
59  2.236387 -0.189356 -5.367696  1.570796 -0.000000 0.000000
60  -0.004311 0.001230 -0.000371  0.006898 -0.005534 -0.284229
61  0.376268 10.084437 -2.887995  1.570796 -0.000000 0.000000
62  0.000000 0.000000 0.000000  -0.078727 -3.136056 0.284226
63  0.000000 0.000000 0.000000  1.571826 -0.003581 -0.013932
64  -3.030397 -14.632671 -3.441853  1.374935 -0.019639 0.045585
65  0.020864 -0.834789 -4.400274  0.000000 -0.000000 -0.000000
66  0.020868 0.023235 30.873932  0.000000 -0.000000 -0.000000
67  0.020865 -0.185994 -10.278832  0.000000 -0.000000 -0.000000
68  0.000000 0.209231 3.187962  -0.000000 0.000000 -1.570796
69  0.000001 0.000000 0.559456  0.000000 -0.000000 -0.000000
70  0.020865 -0.110952 -1.554709  0.000000 -0.000000 -0.000000
71  -3.980249 -10.940417 -0.834512  1.205386 -0.207094 0.040515
72  -3.038997 -13.712410 -4.077032  1.374935 -0.019639 0.045585
73  -3.026335 -13.799587 -4.518784  1.374935 -0.019639 0.045585
74  -3.011517 -13.901609 -5.035766  1.374935 -0.019639 0.045585
75  -2.996559 -14.004596 -5.557631  1.374935 -0.019639 0.045585
76  -2.981815 -14.106099 -6.071984  1.374935 -0.019639 0.045585
time 67
0  0.000006 0.000000 0.000000  -1.570800 -1.391899 -1.570792
1  -5.247190 1.140902 2.232071  -1.544956 -1.855077 -0.198630
2  6.027523 -0.000323 0.000193  -0.703535 -0.956686 -1.661900
3  11.692110 0.000644 -0.000739  -0.751750 -0.000011 -1.300167
4  11.480513 0.000350 -0.000675  1.373683 -0.467155 0.153825
5  3.859508 -0.142881 -1.192050  -0.564874 -0.363952 -1.824543
6  1.312589 0.000011 0.000009  -0.136228 -0.000981 -0.208342
7  0.729355 0.000054 0.000049  -0.007524 -0.009754 -0.114047
8  3.942143 0.046272 -0.431512  -0.498774 0.109385 -1.203070
9  1.539111 0.000084 0.000005  0.016536 -0.136924 -1.019669
10  1.196331 0.000143 0.000027  0.014917 0.002603 -0.521648
11  3.883506 -0.047270 0.431381  -0.286619 0.410095 -0.604649
12  1.719574 -0.000026 0.000015  0.078190 -0.160916 -1.549411
13  1.209180 0.000091 0.000012  -0.001081 -0.002986 -0.400010
14  4.085224 -0.082716 1.151040  0.124883 0.563536 0.134737
15  1.719446 -0.000012 0.000022  0.026136 -0.076896 -1.034307
16  1.099676 0.000047 0.000006  -0.076371 0.028724 -1.554212
17  0.869832 -1.165540 1.469029  -1.115978 -0.592467 -0.370260
18  1.789819 -0.000002 -0.000018  0.000615 -0.012970 0.736684
19  1.207016 -0.000012 -0.000044  0.001424 -0.000031 -0.108298
20  5.740635 0.000410 -0.000704  -0.075441 0.000003 0.000071
21  11.481112 0.000281 -0.000793  -0.027357 -0.075036 0.010163
22  6.027524 -0.000329 0.000203  1.571994 -0.614193 1.477619
23  0.000003 11.692099 -0.000008  -0.909494 -0.369629 -0.730347
24  0.000002 0.000008 0.000000  0.117340 -0.000031 1.570738
25  -0.000001 -0.000012 -0.000002  0.868957 0.000002 1.570712
26  -4.636372 -9.409594 0.376269  1.473120 1.855075 -0.198639
27  6.027506 -0.000262 -0.000229  2.016885 0.579031 -0.351903
28  11.691990 0.000243 0.000855  -0.093343 0.000062 -1.699393
29  11.480595 -0.000344 0.000796  -1.388353 0.022099 -0.088955
30  3.852456 -0.134517 1.191998  0.037133 -0.158412 -0.462697
31  1.312557 0.000024 0.000001  -0.061517 -0.000080 -0.000806
32  0.729345 0.000066 -0.000027  0.000002 0.000100 -1.567034
33  3.942046 0.050110 0.430998  -0.116612 -0.040734 -0.298484
34  1.539093 0.000011 0.000000  -0.001876 -0.077140 -1.201468
35  1.196299 0.000075 -0.000003  0.008437 -0.000672 -1.758726
36  3.883412 -0.050502 -0.431086  -0.128983 -0.079362 -0.132372
37  1.719568 -0.000071 -0.000003  -0.004391 -0.110197 -1.139888
38  1.209196 0.000035 0.000011  0.015203 -0.007611 -1.154823
39  3.806436 -0.112148 -1.295328  -0.553858 -0.068397 -0.091181
40  1.719412 -0.000103 -0.000034  -0.003153 -0.032539 -0.673727
41  1.099673 0.000024 0.000007  0.019821 0.017410 -0.036605
42  1.033298 -0.759624 -1.320051  1.487593 0.499052 -0.417914
43  1.789776 -0.000009 -0.000044  0.027011 -0.031557 0.065828
44  1.206996 -0.000002 0.000009  0.001475 -0.005046 -0.416350
45  5.740572 0.000054 0.000724  0.005163 -0.000014 0.000021
46  11.481063 -0.000033 0.000909  0.035174 -0.017195 -0.030521
47  6.027514 -0.000273 -0.000239  -0.594294 -0.213396 -1.780633
48  -0.000002 11.691975 -0.000005  -1.146629 0.589896 0.879587
49  0.000003 -0.000000 -0.000000  2.179183 -0.000041 1.570856
50  -0.000007 -0.000015 0.000005  2.272644 -0.000030 1.570865
51  -10.293251 -4.402274 -3.429551  2.236420 -0.767186 -1.153842
52  0.000000 -0.000001 -0.000000  0.008153 -0.000259 0.000009
53  0.000000 -0.000000 0.000001  1.565115 0.043565 -0.106862
54  -0.922932 -16.348209 -6.519351  -0.671224 -0.316320 -1.920793
55  0.000000 -0.000000 -0.000001  0.000000 -0.000000 -0.000002
56  0.000031 0.000029 0.000000  -1.571902 -0.044449 -0.106509
57  3.644215 -15.069604 -15.829258  1.570796 -0.000000 0.000000
58  -16.041105 3.753156 -14.318092  1.570796 -0.000000 0.000000
59  2.236387 -0.189356 -5.367696  1.570796 -0.000000 0.000000
60  -0.004311 0.001230 -0.000371  0.006898 -0.005534 -0.284229
61  0.376268 10.084437 -2.887995  1.570796 -0.000000 0.000000
62  0.000000 0.000000 0.000000  -0.078727 -3.136056 0.284226
63  0.000000 0.000000 0.000000  1.569843 -0.002088 -0.015538
64  -3.009668 -14.630664 -3.465334  1.375525 -0.009136 0.049849
65  0.020864 -0.834790 -4.400274  -0.000000 -0.000000 0.000000
66  0.020868 0.023235 30.873928  -0.000000 -0.000000 0.000000
67  0.020865 -0.185995 -10.278831  -0.000000 -0.000000 0.000000
68  0.000000 0.209231 3.187961  -0.000000 0.000000 -1.570796
69  0.000000 0.000000 0.559456  -0.000000 -0.000000 0.000000
70  0.020865 -0.110953 -1.554708  -0.000000 -0.000000 0.000000
71  -5.923415 -8.754179 0.517469  0.631560 -0.383683 0.037522
72  -3.028880 -13.710406 -4.100286  1.375525 -0.009136 0.049849
73  -3.020493 -13.797499 -4.542156  1.375525 -0.009136 0.049849
74  -3.010677 -13.899422 -5.059276  1.375525 -0.009136 0.049849
75  -3.000769 -14.002309 -5.581283  1.375525 -0.009136 0.049849
76  -2.991004 -14.103714 -6.095773  1.375525 -0.009136 0.049849
time 68
0  0.000006 0.000000 0.000000  -1.570800 -1.391899 -1.570792
1  -5.247190 1.140902 2.232071  -1.544956 -1.855077 -0.198630
2  6.027523 -0.000323 0.000193  -0.706778 -0.954944 -1.659860
3  11.692110 0.000644 -0.000739  -0.754513 -0.000011 -1.303219
4  11.480491 0.000341 -0.000685  1.373069 -0.472136 0.146387
5  3.859509 -0.142879 -1.192049  -0.564874 -0.363952 -1.824543
6  1.312590 0.000013 0.000008  -0.136228 -0.000981 -0.208342
7  0.729355 0.000054 0.000048  -0.007524 -0.009754 -0.114047
8  3.942142 0.046272 -0.431512  -0.498774 0.109385 -1.203070
9  1.539111 0.000084 0.000006  0.016536 -0.136924 -1.019669
10  1.196332 0.000145 0.000029  0.014917 0.002603 -0.521648
11  3.883505 -0.047269 0.431382  -0.286619 0.410095 -0.604649
12  1.719572 -0.000025 0.000015  0.078190 -0.160916 -1.549411
13  1.209180 0.000092 0.000012  -0.001081 -0.002986 -0.400010
14  4.085221 -0.082716 1.151041  0.124883 0.563536 0.134737
15  1.719450 -0.000011 0.000023  0.026135 -0.076896 -1.034307
16  1.099676 0.000047 0.000006  -0.076371 0.028724 -1.554212
17  0.869830 -1.165541 1.469029  -1.115937 -0.592643 -0.370313
18  1.789818 -0.000005 -0.000019  0.000614 -0.012973 0.736848
19  1.207014 -0.000012 -0.000043  0.001425 -0.000031 -0.108205
20  5.740638 0.000410 -0.000704  -0.076793 0.000003 0.000071
21  11.481109 0.000280 -0.000794  -0.027581 -0.075934 0.008577
22  6.027524 -0.000329 0.000203  1.574294 -0.615927 1.475682
23  0.000002 11.692100 -0.000007  -0.911356 -0.371184 -0.731644
24  0.000003 0.000008 -0.000001  0.114577 -0.000030 1.570739
25  -0.000001 -0.000012 -0.000002  0.868957 0.000002 1.570712
26  -4.636372 -9.409594 0.376269  1.473120 1.855075 -0.198639
27  6.027510 -0.000261 -0.000227  2.019109 0.678519 -0.539963
28  11.691993 0.000243 0.000855  -0.147697 0.000054 -1.597972
29  11.479544 -0.000997 0.000685  -1.290953 0.222257 -0.317047
30  3.836475 -0.138614 1.191432  0.055080 -0.200605 -0.588234
31  1.312555 0.000024 0.000001  -0.061447 -0.002019 -0.016386
32  0.729344 0.000065 -0.000029  0.000006 0.000396 -1.448539
33  3.942045 0.050110 0.430998  -0.121730 -0.074043 -0.332440
34  1.539092 0.000012 0.000001  -0.015668 -0.078522 -1.031698
35  1.196299 0.000075 -0.000003  0.007218 -0.001323 -1.583967
36  3.883411 -0.050501 -0.431086  -0.133300 -0.104272 -0.151965
37  1.719567 -0.000072 -0.000005  -0.019930 -0.111120 -0.960031
38  1.209195 0.000034 0.000011  0.013152 -0.008207 -0.989686
39  3.806435 -0.112148 -1.295328  -0.545442 -0.099857 -0.120492
40  1.719412 -0.000104 -0.000035  -0.010774 -0.030157 -0.442681
41  1.099673 0.000025 0.000006  0.019511 0.018287 -0.085497
42  1.033297 -0.759624 -1.320051  1.490474 0.513151 -0.415844
43  1.789776 -0.000010 -0.000045  0.027001 -0.048400 0.097136
44  1.206997 -0.000002 0.000009  0.002766 -0.005959 -0.385324
45  5.740572 0.000054 0.000723  0.012212 -0.000014 0.000021
46  11.480853 -0.000165 0.000887  0.056412 0.017760 -0.081624
47  6.027514 -0.000273 -0.000239  -0.694467 -0.196576 -1.949595
48  -0.000002 11.691976 -0.000007  -1.087168 0.531057 0.845704
49  0.000004 -0.000001 -0.000000  2.124831 -0.000041 1.570856
50  -0.000006 -0.000015 0.000004  2.272644 -0.000030 1.570865
51  -10.247956 -5.359913 -4.071270  -0.573261 -2.026119 1.833838
52  -0.000000 0.000001 0.000000  0.008153 -0.000259 0.000009
53  -0.000000 0.000000 0.000001  1.565115 0.043565 -0.106862
54  -0.902243 -16.335358 -6.525898  -0.681650 -0.319869 -1.913254
55  -0.000001 -0.000001 -0.000001  0.000000 -0.000000 -0.000002
56  0.000030 0.000028 0.000000  -1.571902 -0.044449 -0.106509
57  3.627404 -15.069592 -15.813030  1.570796 -0.000000 0.000000
58  -15.223322 4.416288 -20.173733  1.570796 -0.000000 0.000000
59  2.236387 -0.189356 -5.367696  1.570796 -0.000000 0.000000
60  -0.004311 0.001230 -0.000371  0.006898 -0.005534 -0.284229
61  0.376268 10.084437 -2.887995  1.570796 -0.000000 0.000000
62  0.000000 0.000000 0.000000  -0.078727 -3.136056 0.284226
63  0.000000 0.000000 0.000000  1.570845 -0.002700 -0.015036
64  -2.964064 -14.626756 -3.450022  1.376095 0.001369 0.054124
65  0.020864 -0.834790 -4.400272  0.000000 -0.000000 0.000000
66  0.020868 0.023235 30.873932  0.000000 -0.000000 0.000000
67  0.020865 -0.185994 -10.278831  0.000000 -0.000000 0.000000
68  -0.000000 0.209232 3.187962  -0.000000 0.000000 -1.570796
69  0.000000 0.000000 0.559456  0.000000 -0.000000 0.000000
70  0.020865 -0.110953 -1.554708  0.000000 -0.000000 0.000000
71  -8.385830 -5.266982 1.642693  -0.390647 -0.246405 0.358072
72  -2.993891 -13.706589 -4.084694  1.376095 0.001369 0.054124
73  -2.989780 -13.793644 -4.526632  1.376095 0.001369 0.054124
74  -2.984969 -13.895525 -5.043832  1.376095 0.001369 0.054124
75  -2.980113 -13.998368 -5.565918  1.376095 0.001369 0.054124
76  -2.975327 -14.099731 -6.080487  1.376095 0.001369 0.054124
time 69
0  0.000006 0.000000 0.000000  -1.570800 -1.391899 -1.570792
1  -5.247190 1.140902 2.232071  -1.544956 -1.855077 -0.198630
2  6.027523 -0.000323 0.000193  -0.709862 -0.953484 -1.658533
3  11.692110 0.000644 -0.000740  -0.756937 -0.000011 -1.307166
4  11.480463 0.000334 -0.000694  1.369584 -0.476840 0.145950
5  3.859511 -0.142877 -1.192049  -0.564874 -0.363952 -1.824543
6  1.312588 0.000012 0.000008  -0.136228 -0.000981 -0.208342
7  0.729356 0.000054 0.000047  -0.007524 -0.009754 -0.114047
8  3.942143 0.046274 -0.431512  -0.498774 0.109385 -1.203070
9  1.539111 0.000085 0.000004  0.016536 -0.136924 -1.019669
10  1.196334 0.000145 0.000029  0.014917 0.002603 -0.521648
11  3.883507 -0.047267 0.431382  -0.286619 0.410095 -0.604649
12  1.719573 -0.000027 0.000016  0.078190 -0.160916 -1.549411
13  1.209178 0.000090 0.000011  -0.001081 -0.002986 -0.400010
14  4.085224 -0.082714 1.151041  0.124883 0.563536 0.134737
15  1.719446 -0.000011 0.000021  0.026136 -0.076896 -1.034308
16  1.099675 0.000051 0.000006  -0.076371 0.028724 -1.554212
17  0.869831 -1.165539 1.469029  -1.115897 -0.592811 -0.370364
18  1.789819 -0.000003 -0.000018  0.000613 -0.012975 0.737003
19  1.207015 -0.000012 -0.000044  0.001425 -0.000031 -0.108116
20  5.740635 0.000411 -0.000703  -0.078308 0.000003 0.000070
21  11.481100 0.000278 -0.000797  -0.028147 -0.076916 0.008224
22  6.027524 -0.000329 0.000203  1.576494 -0.617374 1.473221
23  0.000001 11.692099 -0.000007  -0.913762 -0.373200 -0.733317
24  0.000003 0.000008 0.000000  0.112154 -0.000030 1.570739
25  -0.000001 -0.000012 -0.000002  0.868957 0.000002 1.570712
26  -4.636372 -9.409594 0.376269  1.473120 1.855075 -0.198639
27  6.027511 -0.000261 -0.000226  1.963155 0.721008 -0.610823
28  11.691995 0.000245 0.000855  -0.198752 0.000047 -1.496955
29  11.480302 -0.000587 0.000723  -1.225687 0.372285 -0.481559
30  3.815221 -0.144211 1.192644  0.069427 -0.224500 -0.663281
31  1.312557 0.000024 -0.000000  -0.061545 -0.007120 -0.054645
32  0.729346 0.000065 -0.000028  0.000408 0.000713 -1.114046
33  3.942046 0.050110 0.430997  -0.119332 -0.109260 -0.421754
34  1.539091 0.000011 -0.000000  -0.030515 -0.072743 -0.815317
35  1.196301 0.000075 -0.000004  0.003605 -0.001865 -1.155053
36  3.883411 -0.050502 -0.431087  -0.133749 -0.130495 -0.208174
37  1.719568 -0.000071 -0.000004  -0.031102 -0.109845 -0.883994
38  1.209195 0.000033 0.000011  0.008106 -0.007679 -0.665313
39  3.806435 -0.112148 -1.295328  -0.547022 -0.137954 -0.181673
40  1.719412 -0.000102 -0.000035  -0.014862 -0.022603 -0.302170
41  1.099673 0.000025 0.000007  0.018377 0.020577 -0.213428
42  1.033298 -0.759625 -1.320053  1.497927 0.552806 -0.408854
43  1.789776 -0.000009 -0.000045  0.023732 -0.072436 0.185966
44  1.206997 -0.000002 0.000009  0.005016 -0.005688 -0.302350
45  5.740572 0.000056 0.000724  0.032576 -0.000014 0.000021
46  11.481005 -0.000081 0.000895  0.074684 0.042041 -0.119609
47  6.027514 -0.000273 -0.000239  -0.745229 -0.230867 -1.973634
48  -0.000002 11.691975 -0.000006  -1.027608 0.474256 0.809166
49  0.000003 -0.000001 -0.000001  2.073778 -0.000041 1.570856
50  -0.000007 -0.000016 0.000005  2.272644 -0.000030 1.570865
51  -9.900065 -6.319439 -4.946198  -0.348842 -1.882119 1.714309
52  -0.000000 0.000000 -0.000000  0.008153 -0.000259 0.000009
53  0.000000 -0.000001 -0.000000  1.565115 0.043565 -0.106862
54  -0.880007 -16.315517 -6.515112  -0.691103 -0.319366 -1.908974
55  0.000001 0.000000 0.000001  0.000000 -0.000000 -0.000002
56  0.000032 0.000029 0.000002  -1.571901 -0.044449 -0.106509
57  3.610826 -15.069449 -15.797688  1.570796 -0.000000 0.000000
58  -14.893137 4.944915 -22.564905  1.570796 -0.000000 0.000000
59  2.236387 -0.189356 -5.367696  1.570796 -0.000000 0.000000
60  -0.004311 0.001230 -0.000371  0.006898 -0.005534 -0.284229
61  0.376268 10.084437 -2.887995  1.570796 -0.000000 0.000000
62  0.000000 0.000000 0.000000  -0.078727 -3.136056 0.284226
63  0.000000 0.000000 0.000000  1.573486 -0.004314 -0.013665
64  -2.918459 -14.620312 -3.416334  1.380013 0.009457 0.055455
65  0.020864 -0.834790 -4.400274  -0.000000 -0.000000 0.000000
66  0.020868 0.023235 30.873928  -0.000000 -0.000000 0.000000
67  0.020865 -0.185995 -10.278831  -0.000000 -0.000000 0.000000
68  0.000000 0.209231 3.187961  0.000000 0.000000 -1.570796
69  0.000000 0.000001 0.559457  -0.000000 -0.000000 0.000000
70  0.020865 -0.110953 -1.554708  -0.000000 -0.000000 0.000000
71  -10.871760 -1.123398 1.774415  -0.873354 -0.016972 0.634469
72  -2.954741 -13.697991 -4.047536  1.380013 0.009457 0.055455
73  -2.954182 -13.783510 -4.489793  1.380013 0.009457 0.055455
74  -2.953529 -13.883593 -5.007365  1.380013 0.009457 0.055455
75  -2.952869 -13.984621 -5.529828  1.380013 0.009457 0.055455
76  -2.952219 -14.084194 -6.044768  1.380013 0.009457 0.055455
time 70
0  0.000006 0.000000 0.000000  -1.570800 -1.391899 -1.570792
1  -5.247190 1.140902 2.232071  -1.544956 -1.855077 -0.198630
2  6.027523 -0.000323 0.000193  -0.711524 -0.951062 -1.654696
3  11.692111 0.000645 -0.000740  -0.759024 -0.000012 -1.314620
4  11.480411 0.000314 -0.000712  1.355822 -0.488928 0.160314
5  3.859507 -0.142881 -1.192049  -0.564874 -0.363952 -1.824543
6  1.312591 0.000011 0.000008  -0.136228 -0.000981 -0.208342
7  0.729356 0.000053 0.000049  -0.007524 -0.009754 -0.114047
8  3.942143 0.046272 -0.431511  -0.498774 0.109385 -1.203070
9  1.539110 0.000083 0.000005  0.016536 -0.136924 -1.019669
10  1.196333 0.000144 0.000028  0.014917 0.002603 -0.521648
11  3.883505 -0.047269 0.431382  -0.286619 0.410095 -0.604649
12  1.719573 -0.000028 0.000016  0.078190 -0.160916 -1.549411
13  1.209180 0.000090 0.000012  -0.001081 -0.002986 -0.400010
14  4.085221 -0.082717 1.151041  0.124883 0.563536 0.134737
15  1.719446 -0.000012 0.000021  0.026136 -0.076896 -1.034307
16  1.099675 0.000045 0.000006  -0.076371 0.028724 -1.554213
17  0.869829 -1.165541 1.469029  -1.115860 -0.592969 -0.370413
18  1.789820 -0.000002 -0.000017  0.000612 -0.012977 0.737148
19  1.207017 -0.000011 -0.000044  0.001425 -0.000031 -0.108032
20  5.740638 0.000410 -0.000702  -0.081735 0.000003 0.000071
21  11.481092 0.000275 -0.000798  -0.030014 -0.079733 0.010091
22  6.027524 -0.000329 0.000203  1.577709 -0.619785 1.474999
23  0.000002 11.692099 -0.000007  -0.918300 -0.377017 -0.736466
24  0.000003 0.000008 -0.000002  0.110067 -0.000031 1.570739
25  -0.000000 -0.000012 -0.000002  0.868957 0.000002 1.570712
26  -4.636372 -9.409594 0.376269  1.473120 1.855075 -0.198639
27  6.027511 -0.000261 -0.000227  1.906525 0.708867 -0.628307
28  11.691991 0.000244 0.000856  -0.246237 0.000050 -1.537726
29  11.479984 -0.000807 0.000646  -1.231204 0.373845 -0.393300
30  3.790900 -0.150683 1.194967  0.078025 -0.232802 -0.689377
31  1.312556 0.000025 0.000000  -0.060350 -0.012741 -0.101892
32  0.729346 0.000066 -0.000027  0.000937 0.000771 -0.731506
33  3.942046 0.050111 0.430998  -0.112085 -0.133990 -0.511502
34  1.539092 0.000010 -0.000001  -0.042107 -0.060623 -0.599664
35  1.196301 0.000075 -0.000003  0.000106 -0.000862 -0.735581
36  3.883410 -0.050500 -0.431086  -0.130133 -0.149342 -0.265604
37  1.719567 -0.000071 -0.000003  -0.040196 -0.105318 -0.836447
38  1.209193 0.000032 0.000012  0.002981 -0.005612 -0.352526
39  3.806435 -0.112146 -1.295327  -0.545505 -0.168981 -0.240404
40  1.719412 -0.000102 -0.000034  -0.015816 -0.013053 -0.236282
41  1.099673 0.000025 0.000006  0.016485 0.022691 -0.341503
42  1.033298 -0.759624 -1.320052  1.502512 0.605484 -0.402300
43  1.789777 -0.000009 -0.000044  0.017621 -0.092402 0.292155
44  1.206997 -0.000001 0.000008  0.007211 -0.005428 -0.214868
45  5.740571 0.000057 0.000723  0.035485 -0.000014 0.000021
46  11.480941 -0.000123 0.000879  0.071814 0.044936 -0.101982
47  6.027514 -0.000273 -0.000239  -0.742922 -0.275261 -1.954565
48  -0.000001 11.691975 -0.000005  -1.051710 0.496951 0.824240
49  0.000002 0.000000 -0.000000  2.026293 -0.000041 1.570856
50  -0.000007 -0.000015 0.000005  2.272644 -0.000030 1.570865
51  -9.247659 -6.145123 -5.130741  -0.423675 -1.948057 1.745778
52  0.000000 0.000000 0.000000  0.008153 -0.000259 0.000009
53  -0.000000 0.000000 0.000001  1.565115 0.043565 -0.106862
54  -0.874707 -16.258257 -6.517031  -0.700886 -0.305425 -1.907424
55  -0.000002 0.000000 0.000000  0.000000 -0.000000 -0.000002
56  0.000029 0.000029 0.000002  -1.571902 -0.044449 -0.106509
57  3.594929 -15.068921 -15.783499  1.570796 -0.000000 0.000000
58  -15.015899 5.277668 -22.380802  1.570796 -0.000000 0.000000
59  2.236387 -0.189356 -5.367696  1.570796 -0.000000 0.000000
60  -0.004311 0.001230 -0.000371  0.006898 -0.005534 -0.284229
61  0.376268 10.084437 -2.887995  1.570796 -0.000000 0.000000
62  0.000000 0.000000 0.000000  -0.078727 -3.136056 0.284226
63  0.000000 0.000000 0.000000  1.577216 -0.006603 -0.011627
64  -2.897730 -14.610699 -3.382646  1.396455 0.012731 0.054181
65  0.020864 -0.834790 -4.400273  -0.000000 0.000000 0.000000
66  0.020868 0.023234 30.873934  -0.000000 0.000000 0.000000
67  0.020865 -0.185994 -10.278831  -0.000000 0.000000 0.000000
68  0.000000 0.209231 3.187962  0.000000 -0.000000 -1.570796
69  0.000000 0.000000 0.559456  -0.000000 0.000000 0.000000
70  0.020865 -0.110953 -1.554708  -0.000000 0.000000 0.000000
71  -3.894284 10.434156 -8.923967  1.570796 -0.000000 0.000000
72  -2.935261 -13.678199 -3.998635  1.396455 0.012731 0.054181
73  -2.936668 -13.756525 -4.442221  1.396455 0.012731 0.054181
74  -2.938316 -13.848190 -4.961348  1.396455 0.012731 0.054181
75  -2.939979 -13.940721 -5.485380  1.396455 0.012731 0.054181
76  -2.941618 -14.031919 -6.001867  1.396455 0.012731 0.054181
time 71
0  0.000006 0.000000 0.000000  -1.570800 -1.391899 -1.570792
1  -5.247190 1.140902 2.232071  -1.544956 -1.855077 -0.198630
2  6.027523 -0.000323 0.000193  -0.712810 -0.946201 -1.644983
3  11.692110 0.000643 -0.000739  -0.760784 -0.000013 -1.329099
4  11.480309 0.000273 -0.000753  1.329997 -0.511655 0.189908
5  3.859507 -0.142879 -1.192050  -0.564874 -0.363952 -1.824543
6  1.312589 0.000012 0.000010  -0.136228 -0.000981 -0.208342
7  0.729357 0.000053 0.000049  -0.007524 -0.009754 -0.114047
8  3.942143 0.046273 -0.431512  -0.498774 0.109385 -1.203070
9  1.539110 0.000083 0.000005  0.016536 -0.136924 -1.019669
10  1.196330 0.000145 0.000029  0.014917 0.002603 -0.521648
11  3.883505 -0.047268 0.431381  -0.286619 0.410095 -0.604649
12  1.719574 -0.000024 0.000016  0.078190 -0.160916 -1.549411
13  1.209181 0.000091 0.000012  -0.001081 -0.002986 -0.400010
14  4.085221 -0.082715 1.151040  0.124883 0.563536 0.134737
15  1.719449 -0.000011 0.000022  0.026136 -0.076896 -1.034307
16  1.099675 0.000050 0.000005  -0.076371 0.028724 -1.554212
17  0.869829 -1.165541 1.469029  -1.115826 -0.593117 -0.370459
18  1.789820 -0.000003 -0.000019  0.000611 -0.012978 0.737281
19  1.207013 -0.000012 -0.000043  0.001425 -0.000031 -0.107953
20  5.740636 0.000410 -0.000704  -0.087841 0.000003 0.000071
21  11.481071 0.000266 -0.000809  -0.033308 -0.085127 0.014010
22  6.027524 -0.000329 0.000203  1.578707 -0.624636 1.483085
23  0.000002 11.692100 -0.000007  -0.927100 -0.384469 -0.742544
24  0.000003 0.000008 0.000000  0.108308 -0.000030 1.570739
25  -0.000000 -0.000011 -0.000002  0.868957 0.000002 1.570712
26  -4.636372 -9.409594 0.376269  1.473120 1.855075 -0.198639
27  6.027511 -0.000261 -0.000227  1.843507 0.688937 -0.630075
28  11.691991 0.000244 0.000855  -0.289910 0.000056 -1.627079
29  11.479342 -0.001191 0.000505  -1.289605 0.292113 -0.190650
30  3.765393 -0.157418 1.196650  0.084782 -0.234298 -0.692467
31  1.312557 0.000024 0.000001  -0.057257 -0.015842 -0.139719
32  0.729345 0.000067 -0.000027  0.001173 0.000673 -0.490568
33  3.942046 0.050110 0.430997  -0.108224 -0.141838 -0.545850
34  1.539092 0.000010 -0.000001  -0.048789 -0.046555 -0.426549
35  1.196302 0.000074 -0.000005  -0.001021 -0.000148 -0.583820
36  3.883410 -0.050501 -0.431087  -0.125772 -0.155789 -0.287894
37  1.719568 -0.000071 -0.000003  -0.049891 -0.095309 -0.728208
38  1.209191 0.000031 0.000012  0.000002 -0.004460 -0.216413
39  3.806435 -0.112147 -1.295328  -0.531591 -0.181626 -0.263793
40  1.719412 -0.000102 -0.000034  -0.015588 -0.004529 -0.192462
41  1.099672 0.000025 0.000006  0.014735 0.023349 -0.390253
42  1.033297 -0.759624 -1.320053  1.497029 0.652274 -0.402545
43  1.789776 -0.000009 -0.000045  0.013062 -0.099427 0.366632
44  1.206996 -0.000002 0.000008  0.008220 -0.006111 -0.172473
45  5.740571 0.000055 0.000725  0.033884 -0.000014 0.000021
46  11.480812 -0.000203 0.000851  0.055826 0.034484 -0.057930
47  6.027514 -0.000273 -0.000239  -0.735953 -0.327028 -1.917846
48  -0.000002 11.691975 -0.000007  -1.104252 0.547767 0.855722
49  0.000003 -0.000002 0.000001  1.982617 -0.000041 1.570856
50  -0.000007 -0.000015 0.000004  2.272644 -0.000030 1.570865
51  -8.347672 -5.585561 -5.044295  -0.592456 -2.115559 1.789718
52  0.000000 -0.000001 -0.000000  0.008153 -0.000259 0.000009
53  -0.000000 -0.000000 0.000000  1.565115 0.043565 -0.106862
54  -0.883344 -16.136496 -6.550565  -0.711652 -0.277400 -1.906862
55  -0.000001 0.000000 0.000000  0.000000 -0.000000 -0.000002
56  0.000030 0.000030 0.000001  -1.571901 -0.044449 -0.106509
57  3.580127 -15.067773 -15.770690  1.570796 -0.000000 0.000000
58  -15.386060 5.597747 -21.825676  1.570796 -0.000000 0.000000
59  2.236387 -0.189356 -5.367696  1.570796 -0.000000 0.000000
60  -0.004311 0.001230 -0.000371  0.006898 -0.005534 -0.284229
61  0.376268 10.084437 -2.887995  1.570796 -0.000000 0.000000
62  0.000000 0.000000 0.000000  -0.078727 -3.136056 0.284226
63  0.000000 0.000000 0.000000  1.581485 -0.009238 -0.009124
64  -2.900773 -14.578144 -3.367333  1.426298 0.011631 0.052013
65  0.020864 -0.834790 -4.400274  0.000000 -0.000000 0.000000
66  0.020868 0.023234 30.873930  0.000000 -0.000000 0.000000
67  0.020865 -0.185994 -10.278831  0.000000 -0.000000 0.000000
68  -0.000000 0.209231 3.187962  -0.000000 0.000000 -1.570796
69  0.000000 -0.000000 0.559456  0.000000 -0.000000 0.000000
70  0.020865 -0.110953 -1.554709  0.000000 -0.000000 0.000000
71  -3.894284 10.434156 -8.923967  1.570796 -0.000000 0.000000
72  -2.936213 -13.627579 -3.955191  1.426298 0.011631 0.052013
73  -2.938018 -13.692624 -4.400916  1.426298 0.011631 0.052013
74  -2.940131 -13.768745 -4.922547  1.426298 0.011631 0.052013
75  -2.942264 -13.845586 -5.449107  1.426298 0.011631 0.052013
76  -2.944366 -13.921320 -5.968085  1.426298 0.011631 0.052013
time 72
0  0.000006 0.000000 0.000000  -1.570800 -1.391899 -1.570792
1  -5.247190 1.140902 2.232071  -1.544956 -1.855077 -0.198630
2  6.027523 -0.000322 0.000193  -0.714526 -0.939316 -1.630395
3  11.692108 0.000643 -0.000740  -0.762232 -0.000014 -1.348491
4  11.480181 0.000224 -0.000800  1.297181 -0.537029 0.226311
5  3.859510 -0.142879 -1.192049  -0.564874 -0.363952 -1.824543
6  1.312588 0.000012 0.000009  -0.136228 -0.000981 -0.208342
7  0.729353 0.000054 0.000049  -0.007524 -0.009754 -0.114047
8  3.942143 0.046274 -0.431511  -0.498774 0.109385 -1.203070
9  1.539111 0.000086 0.000005  0.016536 -0.136924 -1.019669
10  1.196337 0.000144 0.000028  0.014917 0.002602 -0.521648
11  3.883506 -0.047268 0.431382  -0.286619 0.410095 -0.604649
12  1.719572 -0.000027 0.000014  0.078190 -0.160916 -1.549411
13  1.209180 0.000091 0.000011  -0.001081 -0.002986 -0.400010
14  4.085223 -0.082715 1.151041  0.124883 0.563536 0.134737
15  1.719450 -0.000013 0.000023  0.026136 -0.076896 -1.034307
16  1.099674 0.000047 0.000004  -0.076371 0.028724 -1.554212
17  0.869831 -1.165540 1.469029  -1.115794 -0.593254 -0.370503
18  1.789821 -0.000003 -0.000019  0.000610 -0.012980 0.737402
19  1.207013 -0.000012 -0.000043  0.001425 -0.000031 -0.107881
20  5.740636 0.000412 -0.000703  -0.095232 0.000003 0.000071
21  11.481045 0.000258 -0.000818  -0.037411 -0.091382 0.018654
22  6.027524 -0.000329 0.000203  1.580077 -0.631506 1.495481
23  0.000000 11.692100 -0.000007  -0.938850 -0.394527 -0.750602
24  0.000003 0.000009 -0.000002  0.106860 -0.000031 1.570739
25  -0.000001 -0.000012 -0.000001  0.868957 0.000002 1.570712
26  -4.636372 -9.409594 0.376269  1.473120 1.855075 -0.198639
27  6.027511 -0.000260 -0.000228  1.787682 0.678772 -0.604132
28  11.691993 0.000243 0.000856  -0.329560 0.000064 -1.732232
29  11.480289 -0.000719 0.000625  -1.385137 0.176065 0.075041
30  3.740277 -0.163860 1.195783  0.163152 -0.151654 -0.557579
31  1.312557 0.000024 0.000001  -0.043996 -0.010892 -0.170169
32  0.729346 0.000067 -0.000027  0.000595 0.000223 -0.370374
33  3.942045 0.050110 0.430998  -0.108927 -0.068041 -0.427037
34  1.539092 0.000011 -0.000000  -0.040421 -0.026345 -0.267529
35  1.196302 0.000074 -0.000004  -0.000998 -0.000199 -0.622358
36  3.883410 -0.050501 -0.431087  -0.101840 -0.082855 -0.232181
37  1.719567 -0.000071 -0.000004  -0.046155 -0.061351 -0.499675
38  1.209189 0.000029 0.000011  -0.002128 -0.005107 -0.197643
39  3.806435 -0.112147 -1.295328  -0.431357 -0.077773 -0.214032
40  1.719411 -0.000102 -0.000035  -0.000319 0.003580 -0.154499
41  1.099671 0.000025 0.000006  0.011654 0.022896 -0.387311
42  1.033297 -0.759624 -1.320053  1.453290 0.699004 -0.453676
43  1.789777 -0.000009 -0.000044  0.012501 -0.081644 0.412397
44  1.206997 -0.000003 0.000008  0.005834 -0.007943 -0.161582
45  5.740570 0.000056 0.000723  0.041159 -0.000014 0.000021
46  11.481001 -0.000108 0.000874  0.034730 0.015884 -0.000040
47  6.027514 -0.000273 -0.000239  -0.739289 -0.371365 -1.855487
48  -0.000001 11.691975 -0.000006  -1.165871 0.609301 0.889930
49  0.000003 -0.000001 -0.000001  1.942966 -0.000041 1.570856
50  -0.000007 -0.000015 0.000006  2.272644 -0.000030 1.570865
51  -7.345793 -4.834335 -4.695746  2.376179 -0.819575 -1.360575
52  -0.000000 0.000000 -0.000001  0.008153 -0.000259 0.000009
53  -0.000000 0.000001 0.000000  1.565115 0.043565 -0.106862
54  -0.895196 -15.971600 -6.615773  -0.722119 -0.244621 -1.908563
55  -0.000000 -0.000000 -0.000000  0.000000 -0.000000 -0.000002
56  0.000030 0.000028 0.000001  -1.571901 -0.044449 -0.106509
57  3.566772 -15.065806 -15.759439  1.570796 -0.000000 0.000000
58  -15.992952 5.898561 -20.915527  1.570796 -0.000000 0.000000
59  2.236387 -0.189356 -5.367696  1.570796 -0.000000 0.000000
60  -0.004311 0.001230 -0.000371  0.006898 -0.005534 -0.284229
61  0.376268 10.084437 -2.887995  1.570796 -0.000000 0.000000
62  0.000000 0.000000 0.000000  -0.078727 -3.136056 0.284226
63  0.000000 0.000000 0.000000  1.585746 -0.011885 -0.006352
64  -2.910131 -14.514343 -3.383454  1.460472 0.008629 0.047957
65  0.020864 -0.834790 -4.400272  0.000000 0.000000 -0.000000
66  0.020868 0.023235 30.873924  0.000000 0.000000 -0.000000
67  0.020865 -0.185995 -10.278830  0.000000 0.000000 -0.000000
68  -0.000000 0.209231 3.187961  -0.000000 0.000000 -1.570796
69  0.000000 0.000000 0.559457  0.000000 0.000000 -0.000000
70  0.020865 -0.110953 -1.554707  0.000000 0.000000 -0.000000
71  -3.894284 10.434156 -8.923967  1.570796 -0.000000 0.000000
72  -2.940604 -13.544043 -3.938428  1.460472 0.008629 0.047957
73  -2.942085 -13.593766 -4.386123  1.460472 0.008629 0.047957
74  -2.943819 -13.651957 -4.910058  1.460472 0.008629 0.047957
75  -2.945569 -13.710697 -5.438945  1.460472 0.008629 0.047957
76  -2.947294 -13.768593 -5.960217  1.460472 0.008629 0.047957
time 73
0  0.000006 0.000000 0.000000  -1.570800 -1.391899 -1.570792
1  -5.247190 1.140902 2.232071  -1.544956 -1.855077 -0.198630
2  6.027523 -0.000322 0.000193  -0.715452 -0.932591 -1.615703
3  11.692111 0.000644 -0.000740  -0.763391 -0.000015 -1.366883
4  11.480061 0.000175 -0.000846  1.265956 -0.556747 0.260361
5  3.859509 -0.142879 -1.192050  -0.564874 -0.363952 -1.824543
6  1.312590 0.000012 0.000007  -0.136228 -0.000981 -0.208342
7  0.729356 0.000053 0.000047  -0.007524 -0.009754 -0.114047
8  3.942143 0.046273 -0.431512  -0.498774 0.109385 -1.203070
9  1.539111 0.000082 0.000005  0.016536 -0.136924 -1.019669
10  1.196333 0.000145 0.000029  0.014917 0.002603 -0.521648
11  3.883506 -0.047268 0.431381  -0.286619 0.410095 -0.604649
12  1.719573 -0.000028 0.000015  0.078190 -0.160916 -1.549411
13  1.209179 0.000093 0.000011  -0.001081 -0.002986 -0.400010
14  4.085223 -0.082714 1.151041  0.124883 0.563536 0.134737
15  1.719448 -0.000012 0.000021  0.026136 -0.076896 -1.034307
16  1.099675 0.000050 0.000007  -0.076371 0.028724 -1.554212
17  0.869829 -1.165540 1.469029  -1.115767 -0.593376 -0.370543
18  1.789819 -0.000003 -0.000017  0.000609 -0.012980 0.737508
19  1.207015 -0.000012 -0.000044  0.001425 -0.000031 -0.107816
20  5.740636 0.000410 -0.000703  -0.101743 0.000003 0.000071
21  11.481020 0.000247 -0.000827  -0.041279 -0.096568 0.022911
22  6.027524 -0.000329 0.000203  1.580896 -0.638221 1.508940
23  0.000001 11.692101 -0.000007  -0.949959 -0.404145 -0.758156
24  0.000004 0.000009 -0.000002  0.105702 -0.000031 1.570739
25  -0.000000 -0.000012 -0.000001  0.868957 0.000002 1.570712
26  -4.636372 -9.409594 0.376269  1.473120 1.855075 -0.198639
27  6.027509 -0.000260 -0.000228  1.755427 0.689709 -0.543589
28  11.691992 0.000243 0.000855  -0.364999 0.000070 -1.810064
29  11.479591 -0.001161 0.000440  -1.462105 0.100679 0.312420
30  3.716617 -0.169640 1.191082  0.356833 -0.009926 -0.246819
31  1.312557 0.000025 0.000000  -0.017940 0.001629 -0.197035
32  0.729347 0.000067 -0.000029  -0.000736 -0.000571 -0.320978
33  3.942045 0.050110 0.430998  -0.073710 0.086294 -0.168958
34  1.539092 0.000011 0.000000  -0.014790 -0.005131 -0.133219
35  1.196302 0.000075 -0.000003  -0.000803 -0.000505 -0.704891
36  3.883409 -0.050501 -0.431086  -0.041963 0.069955 -0.106686
37  1.719568 -0.000071 -0.000003  -0.014679 -0.012905 -0.221028
38  1.209188 0.000028 0.000011  -0.004045 -0.006512 -0.195799
39  3.806434 -0.112147 -1.295327  -0.224114 0.132716 -0.072319
40  1.719412 -0.000103 -0.000034  0.031786 0.010176 -0.138373
41  1.099670 0.000025 0.000007  0.007311 0.020865 -0.362696
42  1.033297 -0.759624 -1.320052  1.329027 0.732334 -0.606519
43  1.789776 -0.000010 -0.000045  0.016258 -0.041917 0.439802
44  1.206996 -0.000003 0.000008  -0.000745 -0.011226 -0.157077
45  5.740571 0.000057 0.000724  0.061709 -0.000014 0.000021
46  11.480862 -0.000195 0.000837  0.020460 0.001892 0.050093
47  6.027514 -0.000273 -0.000239  -0.759233 -0.391405 -1.767130
48  -0.000000 11.691975 -0.000006  -1.211587 0.655922 0.913155
49  0.000003 -0.000002 0.000000  1.907527 -0.000041 1.570856
50  -0.000006 -0.000015 0.000005  2.272644 -0.000030 1.570865
51  -6.489035 -4.215693 -4.205573  2.241805 -0.674452 -1.403479
52  0.000001 -0.000000 0.000000  0.008153 -0.000259 0.000009
53  -0.000001 -0.000000 0.000000  1.565115 0.043565 -0.106862
54  -0.911087 -15.810361 -6.691614  -0.729414 -0.215738 -1.913568
55  0.000000 -0.000000 -0.000000  0.000000 -0.000000 -0.000002
56  0.000031 0.000029 0.000001  -1.571902 -0.044449 -0.106509
57  3.555145 -15.062860 -15.749876  1.570796 -0.000000 0.000000
58  -16.801609 6.172456 -19.702795  1.570796 -0.000000 0.000000
59  2.236387 -0.189356 -5.367696  1.570796 -0.000000 0.000000
60  -0.004311 0.001230 -0.000371  0.006898 -0.005534 -0.284229
61  0.376268 10.084437 -2.887995  1.570796 -0.000000 0.000000
62  0.000000 0.000000 0.000000  -0.078727 -3.136056 0.284226
63  0.000000 0.000000 0.000000  1.589453 -0.014208 -0.003503
64  -2.926146 -14.435870 -3.423319  1.489908 0.004364 0.041478
65  0.020864 -0.834790 -4.400273  0.000000 -0.000000 0.000000
66  0.020868 0.023235 30.873932  0.000000 -0.000000 0.000000
67  0.020865 -0.185995 -10.278830  0.000000 -0.000000 0.000000
68  -0.000000 0.209231 3.187962  0.000000 0.000000 -1.570796
69  0.000000 0.000000 0.559457  0.000000 -0.000000 0.000000
70  0.020864 -0.110953 -1.554707  0.000000 -0.000000 0.000000
71  -3.894284 10.434156 -8.923967  1.570796 -0.000000 0.000000
72  -2.948503 -13.449395 -3.949411  1.489908 0.004364 0.041478
73  -2.948951 -13.485841 -4.398384  1.489908 0.004364 0.041478
74  -2.949476 -13.528494 -4.923816  1.489908 0.004364 0.041478
75  -2.950006 -13.571550 -5.454212  1.489908 0.004364 0.041478
76  -2.950529 -13.613986 -5.976972  1.489908 0.004364 0.041478
time 74
0  0.000006 0.000000 0.000000  -1.570800 -1.391899 -1.570792
1  -5.247190 1.140902 2.232071  -1.544956 -1.855077 -0.198630
2  6.027523 -0.000323 0.000193  -0.714743 -0.928103 -1.605664
3  11.692110 0.000644 -0.000739  -0.764282 -0.000015 -1.378519
4  11.479990 0.000149 -0.000874  1.246741 -0.563640 0.281628
5  3.859509 -0.142880 -1.192049  -0.564874 -0.363952 -1.824543
6  1.312590 0.000010 0.000008  -0.136228 -0.000981 -0.208342
7  0.729354 0.000055 0.000050  -0.007524 -0.009754 -0.114047
8  3.942144 0.046272 -0.431512  -0.498774 0.109385 -1.203070
9  1.539111 0.000085 0.000004  0.016536 -0.136924 -1.019669
10  1.196331 0.000145 0.000030  0.014917 0.002603 -0.521648
11  3.883508 -0.047269 0.431381  -0.286619 0.410095 -0.604649
12  1.719574 -0.000026 0.000015  0.078190 -0.160916 -1.549411
13  1.209180 0.000090 0.000013  -0.001081 -0.002986 -0.400010
14  4.085225 -0.082716 1.151041  0.124883 0.563536 0.134737
15  1.719449 -0.000012 0.000022  0.026136 -0.076896 -1.034307
16  1.099674 0.000051 0.000006  -0.076371 0.028724 -1.554212
17  0.869831 -1.165542 1.469029  -1.115744 -0.593481 -0.370579
18  1.789819 -0.000003 -0.000018  0.000609 -0.012981 0.737598
19  1.207013 -0.000012 -0.000043  0.001425 -0.000031 -0.107761
20  5.740636 0.000411 -0.000703  -0.105100 0.000003 0.000071
21  11.481006 0.000242 -0.000833  -0.043764 -0.098795 0.025689
22  6.027524 -0.000329 0.000203  1.580460 -0.642715 1.519809
23  0.000001 11.692099 -0.000007  -0.956970 -0.410270 -0.762892
24  0.000003 0.000008 -0.000001  0.104811 -0.000031 1.570739
25  -0.000000 -0.000011 -0.000001  0.868957 0.000002 1.570712
26  -4.636372 -9.409594 0.376269  1.473120 1.855075 -0.198639
27  6.027508 -0.000261 -0.000228  1.749161 0.709956 -0.453739
28  11.691991 0.000242 0.000855  -0.396058 0.000072 -1.843015
29  11.479301 -0.001332 0.000337  -1.473220 0.109514 0.455612
30  3.694945 -0.174585 1.182106  0.457405 0.033391 -0.096660
31  1.312556 0.000024 0.000000  0.002415 0.006966 -0.214588
32  0.729346 0.000067 -0.000027  -0.001363 -0.000932 -0.315243
33  3.942045 0.050110 0.430997  -0.024459 0.145852 -0.043564
34  1.539092 0.000011 -0.000001  -0.002081 0.002287 -0.087733
35  1.196302 0.000075 -0.000003  -0.000329 -0.001154 -0.743429
36  3.883410 -0.050500 -0.431087  -0.007797 0.138225 -0.044695
37  1.719568 -0.000071 -0.000002  0.003971 0.004949 -0.109265
38  1.209188 0.000028 0.000011  -0.004839 -0.007125 -0.177025
39  3.806435 -0.112147 -1.295328  -0.118828 0.219016 0.008743
40  1.719411 -0.000103 -0.000034  0.046739 0.012390 -0.136229
41  1.099671 0.000026 0.000006  0.005910 0.016698 -0.302879
42  1.033298 -0.759624 -1.320052  1.169531 0.710703 -0.790467
43  1.789777 -0.000010 -0.000044  0.020167 -0.019363 0.446815
44  1.206997 -0.000003 0.000007  -0.006691 -0.015458 -0.156510
45  5.740572 0.000056 0.000724  0.081896 -0.000014 0.000021
46  11.480804 -0.000230 0.000817  0.017836 0.004343 0.078890
47  6.027514 -0.000273 -0.000239  -0.781565 -0.388892 -1.664751
48  -0.000001 11.691973 -0.000007  -1.231028 0.675908 0.922418
49  0.000003 -0.000000 -0.000001  1.876468 -0.000041 1.570856
50  -0.000006 -0.000016 0.000004  2.272644 -0.000030 1.570865
51  -5.927543 -3.926388 -3.777258  2.162641 -0.645751 -1.446355
52  -0.000000 0.000000 0.000000  0.008153 -0.000259 0.000009
53  0.000000 0.000000 0.000000  1.565115 0.043565 -0.106862
54  -0.932658 -15.700639 -6.755335  -0.730809 -0.199425 -1.922510
55  0.000000 -0.000000 0.000000  0.000000 -0.000000 -0.000002
56  0.000030 0.000028 0.000001  -1.571902 -0.044449 -0.106509
57  3.545460 -15.058816 -15.742067  1.570796 -0.000000 0.000000
58  -17.748186 6.411752 -18.283230  1.570796 -0.000000 0.000000
59  2.236387 -0.189356 -5.367696  1.570796 -0.000000 0.000000
60  -0.004311 0.001230 -0.000371  0.006898 -0.005534 -0.284229
61  0.376268 10.084437 -2.887995  1.570796 -0.000000 0.000000
62  0.000000 0.000000 0.000000  -0.078727 -3.136056 0.284226
63  0.000000 0.000000 0.000000  1.592066 -0.015865 -0.000764
64  -2.949163 -14.359300 -3.474184  1.505544 -0.000484 0.032279
65  0.020864 -0.834790 -4.400272  -0.000000 -0.000000 0.000000
66  0.020868 0.023235 30.873932  -0.000000 -0.000000 0.000000
67  0.020865 -0.185995 -10.278831  -0.000000 -0.000000 0.000000
68  -0.000000 0.209231 3.187962  -0.000000 -0.000000 -1.570796
69  0.000000 0.000001 0.559457  -0.000000 -0.000000 0.000000
70  0.020865 -0.110953 -1.554708  -0.000000 -0.000000 0.000000
71  -3.894284 10.434156 -8.923967  1.570796 -0.000000 0.000000
72  -2.960164 -13.364479 -3.984690  1.505544 -0.000484 0.032279
73  -2.958998 -13.393828 -4.434182  1.505544 -0.000484 0.032279
74  -2.957635 -13.428177 -4.960220  1.505544 -0.000484 0.032279
75  -2.956258 -13.462849 -5.491229  1.505544 -0.000484 0.032279
76  -2.954901 -13.497022 -6.014592  1.505544 -0.000484 0.032279
time 75
0  0.000006 0.000000 0.000000  -1.570800 -1.391899 -1.570792
1  -5.247190 1.140902 2.232071  -1.544956 -1.855077 -0.198630
2  6.027523 -0.000323 0.000193  -0.712004 -0.926604 -1.602086
3  11.692111 0.000644 -0.000739  -0.764933 -0.000015 -1.381319
4  11.479974 0.000141 -0.000880  1.240661 -0.557299 0.288860
5  3.859510 -0.142880 -1.192049  -0.564874 -0.363952 -1.824543
6  1.312587 0.000012 0.000009  -0.136228 -0.000981 -0.208342
7  0.729355 0.000054 0.000048  -0.007524 -0.009754 -0.114047
8  3.942144 0.046272 -0.431512  -0.498774 0.109385 -1.203070
9  1.539111 0.000082 0.000005  0.016536 -0.136924 -1.019669
10  1.196332 0.000145 0.000030  0.014917 0.002603 -0.521648
11  3.883507 -0.047269 0.431382  -0.286619 0.410095 -0.604649
12  1.719573 -0.000029 0.000015  0.078190 -0.160916 -1.549411
13  1.209179 0.000093 0.000013  -0.001081 -0.002986 -0.400010
14  4.085224 -0.082716 1.151041  0.124883 0.563536 0.134737
15  1.719450 -0.000012 0.000021  0.026136 -0.076896 -1.034307
16  1.099675 0.000051 0.000007  -0.076371 0.028724 -1.554212
17  0.869831 -1.165541 1.469029  -1.115726 -0.593565 -0.370611
18  1.789819 -0.000002 -0.000019  0.000608 -0.012981 0.737669
19  1.207015 -0.000012 -0.000044  0.001425 -0.000031 -0.107716
20  5.740636 0.000411 -0.000703  -0.105087 0.000003 0.000070
21  11.481005 0.000241 -0.000832  -0.044867 -0.097859 0.026943
22  6.027524 -0.000329 0.000203  1.578433 -0.644237 1.526795
23  0.000001 11.692100 -0.000007  -0.958655 -0.411749 -0.764026
24  0.000004 0.000010 -0.000001  0.104161 -0.000031 1.570739
25  -0.000001 -0.000011 -0.000001  0.868957 0.000002 1.570712
26  -4.636372 -9.409594 0.376269  1.473120 1.855075 -0.198639
27  6.027508 -0.000262 -0.000228  1.763028 0.806994 -0.332314
28  11.691993 0.000243 0.000855  -0.422590 0.000059 -1.666314
29  11.479084 -0.001368 0.000292  -1.408979 0.311216 0.326193
30  3.674416 -0.179080 1.171053  0.173131 -0.154066 -0.376227
31  1.312557 0.000024 -0.000001  0.014744 0.005851 -0.223605
32  0.729346 0.000067 -0.000027  -0.001110 -0.000127 -0.464210
33  3.942045 0.050110 0.430997  -0.047481 -0.093549 -0.225884
34  1.539092 0.000011 -0.000000  -0.017340 -0.047407 -0.245637
35  1.196302 0.000075 -0.000004  0.003583 -0.004639 -0.498289
36  3.883410 -0.050500 -0.431086  -0.116528 -0.066630 -0.133037
37  1.719567 -0.000071 -0.000003  -0.061041 -0.048693 -0.357378
38  1.209188 0.000028 0.000010  -0.002242 -0.005380 0.035255
39  3.806435 -0.112147 -1.295329  -0.269338 0.036824 -0.109697
40  1.719412 -0.000102 -0.000034  0.011601 -0.031465 -0.219110
41  1.099670 0.000026 0.000006  0.006905 0.003076 -0.047048
42  0.830735 -0.886961 -1.417247  1.063986 0.331302 -0.871574
43  1.789777 -0.000009 -0.000044  0.030030 -0.014576 0.351085
44  1.206996 -0.000003 0.000007  -0.011578 -0.022514 -0.174168
45  5.740571 0.000056 0.000724  0.059544 -0.000014 0.000021
46  11.480761 -0.000237 0.000808  0.023704 0.045254 0.048757
47  6.027514 -0.000273 -0.000239  -0.874489 -0.344235 -1.519540
48  -0.000002 11.691976 -0.000004  -1.127250 0.570520 0.868854
49  0.000003 -0.000002 -0.000000  1.849936 -0.000041 1.570856
50  -0.000007 -0.000015 0.000006  2.272644 -0.000030 1.570865
51  -5.617060 -5.493576 -3.498227  2.088385 -0.824233 -1.374495
52  0.000000 0.000000 0.000000  0.008153 -0.000259 0.000009
53  0.000000 0.000000 0.000001  1.565115 0.043565 -0.106862
54  -0.963395 -15.659686 -6.797896  -0.727095 -0.195769 -1.935236
55  -0.000000 0.000000 0.000000  0.000000 -0.000000 -0.000002
56  0.000030 0.000029 0.000002  -1.571901 -0.044449 -0.106509
57  3.537856 -15.053590 -15.736050  1.570796 -0.000000 0.000000
58  -18.744049 6.610357 -16.789745  1.570796 -0.000000 0.000000
59  2.236387 -0.189356 -5.367696  1.570796 -0.000000 0.000000
60  -0.004311 0.001230 -0.000371  0.006898 -0.005534 -0.284229
61  0.376268 10.084437 -2.887995  1.570796 -0.000000 0.000000
62  0.000000 0.000000 0.000000  -0.078727 -3.136056 0.284226
63  0.000000 0.000000 0.000000  1.593044 -0.016511 0.001682
64  -2.979086 -14.301204 -3.523304  1.507568 -0.005231 0.020277
65  0.020864 -0.834791 -4.400273  -0.000000 0.000000 0.000000
66  0.020868 0.023234 30.873932  -0.000000 0.000000 0.000000
67  0.020865 -0.185995 -10.278831  -0.000000 0.000000 0.000000
68  -0.000000 0.209231 3.187961  0.000000 0.000000 -1.570796
69  0.000000 0.000000 0.559456  -0.000000 0.000000 0.000000
70  0.020865 -0.110953 -1.554708  -0.000000 0.000000 0.000000
71  -3.894284 10.434156 -8.923967  1.570796 -0.000000 0.000000
72  -2.975756 -13.305243 -4.031690  1.507568 -0.005231 0.020277
73  -2.972827 -13.333651 -4.481234  1.507568 -0.005231 0.020277
74  -2.969401 -13.366898 -5.007333  1.507568 -0.005231 0.020277
75  -2.965942 -13.400458 -5.538404  1.507568 -0.005231 0.020277
76  -2.962533 -13.433536 -6.061828  1.507568 -0.005231 0.020277
time 76
0  0.000006 0.000000 0.000000  -1.570800 -1.391899 -1.570792
1  -5.247190 1.140902 2.232071  -1.544956 -1.855077 -0.198630
2  6.027523 -0.000323 0.000193  -0.707955 -0.925254 -1.598207
3  11.692109 0.000644 -0.000741  -0.765367 -0.000015 -1.384124
4  11.479956 0.000136 -0.000883  1.219756 -0.555518 0.309831
5  3.859509 -0.142879 -1.192049  -0.564874 -0.363952 -1.824543
6  1.312589 0.000013 0.000009  -0.136228 -0.000981 -0.208342
7  0.729355 0.000053 0.000051  -0.007524 -0.009753 -0.114047
8  3.942144 0.046273 -0.431511  -0.498774 0.109385 -1.203070
9  1.539110 0.000085 0.000004  0.016536 -0.136924 -1.019669
10  1.196332 0.000145 0.000029  0.014917 0.002603 -0.521648
11  3.883502 -0.047269 0.431382  -0.286619 0.410095 -0.604649
12  1.719573 -0.000026 0.000015  0.078190 -0.160916 -1.549411
13  1.209180 0.000091 0.000012  -0.001081 -0.002986 -0.400010
14  4.085223 -0.082714 1.151041  0.124883 0.563536 0.134737
15  1.719452 -0.000011 0.000022  0.026136 -0.076896 -1.034307
16  1.099675 0.000048 0.000007  -0.076371 0.028724 -1.554212
17  0.869829 -1.165540 1.469030  -1.115715 -0.593623 -0.370637
18  1.789817 -0.000004 -0.000018  0.000608 -0.012982 0.737717
19  1.207014 -0.000012 -0.000044  0.001425 -0.000031 -0.107686
20  5.740637 0.000411 -0.000703  -0.107598 0.000003 0.000070
21  11.481000 0.000240 -0.000833  -0.048011 -0.098505 0.029844
22  6.027524 -0.000329 0.000203  1.575405 -0.645613 1.535730
23  0.000001 11.692101 -0.000007  -0.960343 -0.413232 -0.765161
24  0.000002 0.000008 -0.000002  0.103727 -0.000031 1.570738
25  -0.000001 -0.000011 -0.000002  0.868957 0.000002 1.570712
26  -4.636372 -9.409594 0.376269  1.473120 1.855075 -0.198639
27  6.027507 -0.000263 -0.000227  1.767240 0.815019 -0.232570
28  11.691992 0.000243 0.000856  -0.444458 0.000059 -1.666093
29  11.479084 -0.001370 0.000261  -1.201712 0.367314 0.422085
30  3.654138 -0.183521 1.160133  -0.063562 -0.407158 -0.606764
31  1.312557 0.000024 -0.000000  0.019201 0.005410 -0.224889
32  0.729347 0.000067 -0.000027  -0.000979 0.000707 -0.613177
33  3.942046 0.050110 0.430997  -0.003992 -0.413119 -0.536456
34  1.539091 0.000011 -0.000001  -0.034324 -0.099630 -0.402875
35  1.196302 0.000075 -0.000003  0.006316 -0.008438 -0.253155
36  3.883410 -0.050500 -0.431086  -0.206403 -0.324455 -0.270812
37  1.719568 -0.000071 -0.000003  -0.109156 -0.119134 -0.631604
38  1.209190 0.000028 0.000011  0.000743 -0.004235 0.227878
39  3.806435 -0.112147 -1.295328  -0.402661 -0.225041 -0.275958
40  1.719412 -0.000102 -0.000034  -0.033952 -0.077613 -0.300114
41  1.099671 0.000025 0.000006  0.005194 -0.008219 0.165003
42  0.628173 -1.014297 -1.514441  1.020283 -0.016243 -0.844737
43  1.789777 -0.000010 -0.000044  0.038199 -0.012587 0.255346
44  1.206996 -0.000004 0.000007  -0.013821 -0.027044 -0.191849
45  5.740571 0.000057 0.000724  0.093200 -0.000014 0.000021
46  11.480760 -0.000237 0.000802  0.059094 0.065010 0.057814
47  6.027514 -0.000273 -0.000239  -0.881237 -0.338544 -1.420592
48  -0.000001 11.691973 -0.000006  -1.127121 0.570391 0.868781
49  0.000003 -0.000001 0.000000  1.828068 -0.000041 1.570856
50  -0.000007 -0.000015 0.000005  2.272644 -0.000030 1.570865
51  -5.315557 -5.485387 -3.347600  2.211726 -0.850411 -1.404751
52  0.000000 0.000000 0.000000  0.008153 -0.000259 0.000009
53  0.000000 0.000000 0.000000  1.565115 0.043565 -0.106862
54  -1.005052 -15.612080 -6.846695  -0.729488 -0.179347 -1.948933
55  0.000000 0.000001 -0.000001  0.000000 -0.000000 -0.000002
56  0.000030 0.000030 0.000000  -1.571902 -0.044449 -0.106509
57  3.532413 -15.047143 -15.731808  1.570796 -0.000000 0.000000
58  -19.690624 6.765302 -15.370180  1.570796 -0.000000 0.000000
59  2.236387 -0.189356 -5.367696  1.570796 -0.000000 0.000000
60  -0.004311 0.001230 -0.000371  0.006898 -0.005534 -0.284229
61  0.376268 10.084437 -2.887995  1.570796 -0.000000 0.000000
62  0.000000 0.000000 0.000000  -0.078727 -3.136056 0.284226
63  0.000000 0.000000 0.000000  1.593009 -0.013413 0.003701
64  -3.014064 -14.278155 -3.557933  1.523674 -0.009210 0.006017
65  0.020863 -0.834790 -4.400272  -0.000000 -0.000000 -0.000000
66  0.020868 0.023235 30.873928  -0.000000 -0.000000 -0.000000
67  0.020864 -0.185995 -10.278830  -0.000000 -0.000000 -0.000000
68  -0.000000 0.209231 3.187961  0.000000 -0.000000 -1.570796
69  0.000000 0.000001 0.559456  -0.000000 -0.000000 -0.000000
70  0.020865 -0.110953 -1.554708  -0.000000 -0.000000 -0.000000
71  -3.894284 10.434156 -8.923967  1.570796 -0.000000 0.000000
72  -2.994706 -13.274271 -4.050121  1.523674 -0.009210 0.006017
73  -2.990434 -13.295465 -4.500051  1.523674 -0.009210 0.006017
74  -2.985435 -13.320267 -5.026605  1.523674 -0.009210 0.006017
75  -2.980390 -13.345304 -5.558133  1.523674 -0.009210 0.006017
76  -2.975416 -13.369979 -6.082008  1.523674 -0.009210 0.006017
time 77
0  0.000006 0.000000 0.000000  -1.570800 -1.391899 -1.570792
1  -5.247190 1.140902 2.232071  -1.544956 -1.855077 -0.198630
2  6.027523 -0.000323 0.000193  -0.703133 -0.925951 -1.599095
3  11.692111 0.000645 -0.000740  -0.765611 -0.000015 -1.378480
4  11.479993 0.000149 -0.000871  1.190943 -0.554678 0.338241
5  3.859509 -0.142880 -1.192050  -0.564874 -0.363952 -1.824543
6  1.312589 0.000012 0.000009  -0.136228 -0.000981 -0.208342
7  0.729355 0.000054 0.000047  -0.007524 -0.009753 -0.114047
8  3.942141 0.046272 -0.431512  -0.498774 0.109385 -1.203070
9  1.539110 0.000087 0.000006  0.016536 -0.136924 -1.019669
10  1.196335 0.000145 0.000027  0.014917 0.002603 -0.521648
11  3.883504 -0.047270 0.431381  -0.286619 0.410095 -0.604649
12  1.719574 -0.000023 0.000017  0.078190 -0.160916 -1.549411
13  1.209180 0.000092 0.000011  -0.001081 -0.002986 -0.400010
14  4.085221 -0.082716 1.151041  0.124883 0.563536 0.134737
15  1.719451 -0.000011 0.000025  0.026136 -0.076896 -1.034307
16  1.099675 0.000050 0.000006  -0.076371 0.028724 -1.554212
17  0.869831 -1.165541 1.469030  -1.115713 -0.593646 -0.370654
18  1.789820 -0.000005 -0.000019  0.000608 -0.012982 0.737735
19  1.207017 -0.000012 -0.000044  0.001425 -0.000031 -0.107675
20  5.740637 0.000411 -0.000701  -0.110788 0.000003 0.000070
21  11.481006 0.000242 -0.000831  -0.052285 -0.099795 0.033684
22  6.027524 -0.000329 0.000203  1.571772 -0.644929 1.540880
23  0.000001 11.692102 -0.000008  -0.956947 -0.410250 -0.762876
24  0.000003 0.000008 -0.000001  0.103483 -0.000031 1.570739
25  -0.000001 -0.000011 -0.000002  0.868957 0.000002 1.570712
26  -4.636372 -9.409594 0.376269  1.473120 1.855075 -0.198639
27  6.027507 -0.000264 -0.000225  1.826139 0.957403 -0.085638
28  11.691994 0.000244 0.000854  -0.461548 0.000037 -1.353035
29  11.480026 -0.000847 0.000502  -1.135691 0.425440 0.323255
30  3.634237 -0.187879 1.149417  -0.063562 -0.407158 -0.606764
31  1.312557 0.000024 -0.000001  0.019201 0.005410 -0.224889
32  0.729346 0.000067 -0.000027  -0.000979 0.000707 -0.613177
33  3.942045 0.050110 0.430997  0.074969 -0.459660 -0.722531
34  1.539093 0.000011 -0.000000  -0.056434 -0.022248 -0.145088
35  1.196301 0.000074 -0.000003  -0.000884 -0.007852 -0.682580
36  3.883410 -0.050501 -0.431087  -0.165610 -0.366315 -0.388567
37  1.719568 -0.000072 -0.000003  -0.106866 -0.120707 -0.650905
38  1.209189 0.000028 0.000012  0.000691 -0.004225 0.216449
39  3.806435 -0.112147 -1.295328  -0.374925 -0.291627 -0.380177
40  1.719412 -0.000102 -0.000034  -0.044092 -0.035033 -0.209951
41  1.099669 0.000025 0.000007  0.000393 -0.007625 -0.084206
42  0.628172 -1.014297 -1.514442  0.993037 -0.009232 -0.827210
43  1.789778 -0.000010 -0.000044  0.038182 -0.012822 0.256902
44  1.206997 -0.000004 0.000007  -0.013773 -0.026819 -0.175429
45  5.740571 0.000056 0.000724  0.085288 -0.000014 0.000021
46  11.480949 -0.000133 0.000850  0.071656 0.075747 0.033214
47  6.027514 -0.000273 -0.000239  -1.005085 -0.251265 -1.283335
48  -0.000002 11.691975 -0.000006  -0.941547 0.396872 0.752512
49  0.000005 -0.000001 0.000001  1.810986 -0.000041 1.570856
50  -0.000007 -0.000015 0.000005  2.272644 -0.000030 1.570865
51  -5.278179 -7.948994 -3.009783  2.129218 -0.837839 -1.356596
52  -0.000000 -0.000000 0.000000  0.008153 -0.000259 0.000009
53  -0.000000 0.000000 0.000000  1.565115 0.043565 -0.106862
54  -1.050239 -15.634472 -6.894543  -0.737800 -0.152225 -1.959767
55  0.000001 0.000002 0.000001  0.000000 -0.000000 -0.000002
56  0.000030 0.000031 0.000002  -1.571901 -0.044449 -0.106509
57  3.529160 -15.039460 -15.729307  1.570796 -0.000000 0.000000
58  -20.499283 6.877345 -14.157448  1.570796 -0.000000 0.000000
59  2.236387 -0.189356 -5.367696  1.570796 -0.000000 0.000000
60  -0.004311 0.001230 -0.000371  0.006898 -0.005534 -0.284229
61  0.376268 10.084437 -2.887995  1.570796 -0.000000 0.000000
62  0.000000 0.000000 0.000000  -0.078727 -3.136056 0.284226
63  0.000000 0.000000 0.000000  1.592846 -0.005987 0.005282
64  -3.051807 -14.369329 -3.574215  1.551895 -0.011751 -0.006485
65  0.020864 -0.834790 -4.400273  -0.000000 0.000000 -0.000000
66  0.020868 0.023235 30.873934  -0.000000 0.000000 -0.000000
67  0.020865 -0.185995 -7.859328  -0.000000 0.000000 -0.000000
68  -0.000000 0.209231 3.187962  -0.000000 0.000000 -1.570796
69  0.000000 0.000000 0.559456  -0.000000 0.000000 -0.000000
70  0.020865 -0.110953 -1.554708  -0.000000 0.000000 -0.000000
71  -3.894284 10.434156 -8.923967  1.570796 -0.000000 0.000000
72  -3.035317 -15.559381 -3.858594  1.427302 -0.011751 -0.006485
73  -3.013660 -13.360826 -4.488157  1.551895 -0.011751 -0.006485
74  -3.007533 -13.370830 -5.015187  1.551895 -0.011751 -0.006485
75  -3.001347 -13.380927 -5.547196  1.551895 -0.011751 -0.006485
76  -2.995249 -13.390880 -6.071547  1.551895 -0.011751 -0.006485
time 78
0  0.000006 0.000000 0.000000  -1.570800 -1.391899 -1.570792
1  -5.247190 1.140902 2.232071  -1.544956 -1.855077 -0.198630
2  6.027523 -0.000323 0.000193  -0.698877 -0.929122 -1.606515
3  11.692109 0.000643 -0.000740  -0.765687 -0.000014 -1.362413
4  11.480090 0.000187 -0.000833  1.169703 -0.552636 0.361127
5  3.859508 -0.142879 -1.192050  -0.564874 -0.363952 -1.824543
6  1.312591 0.000012 0.000006  -0.136228 -0.000981 -0.208342
7  0.729355 0.000054 0.000049  -0.007524 -0.009754 -0.114047
8  3.942144 0.046273 -0.431512  -0.498774 0.109385 -1.203070
9  1.539111 0.000084 0.000005  0.016536 -0.136924 -1.019669
10  1.196330 0.000146 0.000028  0.014917 0.002602 -0.521648
11  3.883507 -0.047268 0.431382  -0.286619 0.410095 -0.604649
12  1.719573 -0.000027 0.000016  0.078190 -0.160916 -1.549411
13  1.209181 0.000093 0.000011  -0.001081 -0.002986 -0.400010
14  4.085222 -0.082715 1.151041  0.124883 0.563536 0.134737
15  1.719447 -0.000012 0.000022  0.026136 -0.076896 -1.034307
16  1.099675 0.000051 0.000005  -0.076371 0.028724 -1.554212
17  0.869831 -1.165540 1.469029  -1.115243 -0.592698 -0.372022
18  1.789819 -0.000002 -0.000019  0.000604 -0.012766 0.737582
19  1.207017 -0.000012 -0.000044  0.001402 -0.000031 -0.107712
20  5.740636 0.000410 -0.000702  -0.112059 0.000003 0.000071
21  11.481026 0.000251 -0.000823  -0.055415 -0.100594 0.036940
22  6.027524 -0.000329 0.000203  1.568585 -0.641755 1.538777
23  0.000001 11.692101 -0.000006  -0.947262 -0.401801 -0.756328
24  0.000003 0.000009 -0.000001  0.103406 -0.000031 1.570739
25  -0.000001 -0.000011 -0.000001  0.868957 0.000002 1.570712
26  -4.636372 -9.409594 0.376269  1.473120 1.855075 -0.198639
27  6.027510 -0.000265 -0.000224  1.920268 1.125356 0.083409
28  11.691990 0.000243 0.000856  -0.473744 0.000014 -0.962391
29  11.480730 -0.000465 0.000693  -0.932674 0.458407 0.260893
30  3.614835 -0.192127 1.138969  -0.054087 -0.414595 -0.630980
31  1.312556 0.000025 0.000000  0.019418 0.003617 -0.220090
32  0.729348 0.000067 -0.000027  -0.000701 0.000701 -0.637886
33  3.942045 0.050110 0.430996  0.101534 -0.476340 -0.781739
34  1.539093 0.000011 0.000000  -0.057229 -0.017136 -0.118374
35  1.196302 0.000075 -0.000003  -0.001172 -0.007911 -0.792088
36  3.883410 -0.050501 -0.431087  -0.156260 -0.362895 -0.404970
37  1.719568 -0.000072 -0.000004  -0.110934 -0.112632 -0.620054
38  1.209188 0.000029 0.000012  0.000466 -0.004053 0.104475
39  3.806435 -0.112148 -1.295329  -0.368772 -0.307775 -0.400959
40  1.719413 -0.000103 -0.000034  -0.046694 -0.021188 -0.166278
41  1.099670 0.000025 0.000006  -0.001103 -0.007690 -0.220293
42  0.628172 -1.014298 -1.514442  0.982377 0.019771 -0.794521
43  1.789778 -0.000009 -0.000043  0.038040 -0.013853 0.270372
44  1.206997 -0.000004 0.000007  -0.013617 -0.026189 -0.129129
45  5.740572 0.000055 0.000724  0.112288 -0.000014 0.000021
46  11.481091 -0.000058 0.000889  0.110636 0.085130 0.009446
47  6.027514 -0.000273 -0.000239  -1.149544 -0.149316 -1.167009
48  -0.000001 11.691975 -0.000006  -0.695941 0.212862 0.572801
49  0.000003 -0.000001 0.000001  1.798808 -0.000041 1.570856
50  -0.000006 -0.000016 0.000005  2.272644 -0.000030 1.570865
51  -5.372794 -10.422072 -2.903716  2.250803 -0.765438 -1.425512
52  -0.000000 0.000000 -0.000001  0.008153 -0.000259 0.000009
53  -0.000000 0.000000 -0.000000  1.565115 0.043565 -0.106862
54  -1.085583 -15.750793 -6.929717  -0.746139 -0.124926 -1.963813
55  -0.000000 0.000000 -0.000000  0.000000 -0.000000 -0.000002
56  0.000030 0.000029 0.000001  -1.571902 -0.044449 -0.106509
57  3.528083 -15.030541 -15.728490  1.570796 -0.000000 0.000000
58  -21.106174 6.950321 -13.247299  1.570796 -0.000000 0.000000
59  2.236387 -0.189356 -5.367696  1.570796 -0.000000 0.000000
60  -0.004311 0.001230 -0.000371  0.006898 -0.005534 -0.284229
61  0.376268 10.084437 -2.887995  1.570796 -0.000000 0.000000
62  0.000000 0.000000 0.000000  -0.078727 -3.136056 0.284226
63  0.000000 0.000000 0.000000  1.592406 0.002885 0.006416
64  -3.090026 -14.569913 -3.580213  1.580308 -0.014255 -0.012052
65  0.020864 -0.834790 -4.400274  -0.000000 0.000000 -0.000000
66  0.020868 0.023235 30.873926  -0.000000 0.000000 -0.000000
67  0.020865 -0.185994 -5.439827  -0.000000 0.000000 -0.000000
68  0.000000 0.209232 3.187962  -0.000000 -0.000000 -1.570796
69  0.000000 0.000001 0.559455  -0.000000 0.000000 -0.000000
70  0.020865 -0.110952 -1.554709  -0.000000 0.000000 -0.000000
71  -3.894284 10.434156 -8.923967  1.570796 -0.000000 0.000000
72  -3.119181 -18.044230 -3.826715  1.580308 -0.014255 -0.012052
73  -3.044083 -13.536096 -4.465051  1.580308 -0.014255 -0.012052
74  -3.036509 -13.531172 -4.992134  1.580308 -0.014255 -0.012052
75  -3.028863 -13.526202 -5.524197  1.580308 -0.014255 -0.012052
76  -3.021328 -13.521304 -6.048600  1.580308 -0.014255 -0.012052
time 79
0  0.000006 0.000000 0.000000  -1.570800 -1.391899 -1.570792
1  -5.247190 1.140902 2.232071  -1.544956 -1.855077 -0.198630
2  6.027523 -0.000323 0.000193  -0.693064 -0.944650 -1.598210
3  11.692110 0.000644 -0.000740  -0.748079 -0.000013 -1.346961
4  11.480191 0.000214 -0.000801  1.126086 -0.549991 0.389162
5  3.859510 -0.142880 -1.192049  -0.564874 -0.363952 -1.824543
6  1.312589 0.000012 0.000010  -0.136228 -0.000981 -0.208342
7  0.729355 0.000054 0.000048  -0.007524 -0.009754 -0.114047
8  3.942142 0.046272 -0.431512  -0.498774 0.109385 -1.203070
9  1.539112 0.000082 0.000006  0.016536 -0.136924 -1.019669
10  1.196334 0.000146 0.000031  0.014917 0.002603 -0.521648
11  3.883504 -0.047270 0.431381  -0.286619 0.410095 -0.604649
12  1.719572 -0.000028 0.000017  0.078190 -0.160916 -1.549411
13  1.209179 0.000090 0.000012  -0.001081 -0.002986 -0.400010
14  4.085221 -0.082716 1.151041  0.124883 0.563536 0.134737
15  1.719447 -0.000012 0.000020  0.026135 -0.076896 -1.034307
16  1.099675 0.000052 0.000007  -0.076371 0.028724 -1.554212
17  0.869831 -1.165541 1.469029  -1.113867 -0.589646 -0.375957
18  1.789818 -0.000003 -0.000018  0.000594 -0.012126 0.736454
19  1.207015 -0.000012 -0.000043  0.001332 -0.000029 -0.108011
20  5.740637 0.000410 -0.000703  -0.119537 0.000003 0.000071
21  11.481046 0.000256 -0.000818  -0.062508 -0.102198 0.039895
22  6.027524 -0.000329 0.000203  1.564452 -0.626203 1.554213
23  0.000001 11.692100 -0.000008  -0.937925 -0.393730 -0.749970
24  0.000004 0.000009 -0.000001  0.121014 -0.000031 1.570738
25  -0.000001 -0.000011 -0.000002  0.868957 0.000002 1.570712
26  -4.636372 -9.409594 0.376269  1.473120 1.855075 -0.198639
27  6.027509 -0.000266 -0.000224  1.930743 1.126232 0.130016
28  11.691991 0.000245 0.000855  -0.480908 0.000013 -0.939392
29  11.479605 -0.000850 0.000488  -0.811182 0.390072 0.298239
30  3.596034 -0.196244 1.128847  -0.033050 -0.429790 -0.683337
31  1.312557 0.000024 0.000000  0.019853 -0.000222 -0.209823
32  0.729347 0.000067 -0.000027  -0.000106 0.000712 -0.690776
33  3.942045 0.050110 0.430997  0.112803 -0.482998 -0.806338
34  1.539092 0.000011 -0.000000  -0.057545 -0.015036 -0.107332
35  1.196301 0.000075 -0.000004  -0.001287 -0.007972 -0.838284
36  3.883411 -0.050501 -0.431086  -0.151295 -0.351767 -0.413100
37  1.719567 -0.000072 -0.000003  -0.118782 -0.094947 -0.554199
38  1.209188 0.000029 0.000011  0.000121 -0.003781 -0.095408
39  3.806435 -0.112147 -1.295328  -0.366091 -0.313918 -0.409714
40  1.719413 -0.000102 -0.000034  -0.047610 -0.015472 -0.148246
41  1.099672 0.000025 0.000007  -0.001634 -0.007786 -0.289525
42  0.628172 -1.014297 -1.514441  0.993269 0.083162 -0.740665
43  1.789778 -0.000009 -0.000043  0.037547 -0.016160 0.312122
44  1.206996 -0.000005 0.000007  -0.013374 -0.025392 -0.069641
45  5.740572 0.000056 0.000723  0.138010 -0.000014 0.000021
46  11.480865 -0.000133 0.000847  0.135723 0.077098 0.014875
47  6.027514 -0.000273 -0.000239  -1.148971 -0.144759 -1.129940
48  -0.000002 11.691973 -0.000005  -0.680799 0.203430 0.561082
49  0.000003 -0.000001 -0.000000  1.791646 -0.000041 1.570856
50  -0.000007 -0.000016 0.000005  2.272644 -0.000030 1.570865
51  -5.459036 -10.542084 -2.889887  2.330834 -0.688247 -1.451563
52  -0.000001 0.000000 -0.000002  0.008153 -0.000259 0.000009
53  0.000000 0.000000 0.000000  1.565115 0.043565 -0.106862
54  -1.075312 -15.886762 -6.924467  -0.740961 -0.104893 -1.959871
55  0.000001 -0.000001 0.000001  0.000000 -0.000000 -0.000002
56  0.000031 0.000028 0.000002  -1.571901 -0.044449 -0.106509
57  3.940275 -14.993451 -15.899899  1.570796 -0.000000 0.000000
58  -21.476334 6.989779 -12.692175  1.570796 -0.000000 0.000000
59  2.236387 -0.189356 -5.367696  1.570796 -0.000000 0.000000
60  -0.004311 0.001230 -0.000371  0.006898 -0.005534 -0.284229
61  0.376268 10.084437 -2.887995  1.570796 -0.000000 0.000000
62  0.000000 0.000000 0.000000  -0.078727 -3.136056 0.284226
63  0.000000 0.000000 0.000000  1.591529 0.010323 0.007095
64  -3.126431 -14.770496 -3.581070  1.596994 -0.026481 -0.007856
65  0.020864 -0.834790 -4.400273  0.000000 0.000000 0.000000
66  0.020868 0.023235 30.873928  0.000000 0.000000 0.000000
67  0.020865 -0.185995 -5.439826  0.000000 0.000000 0.000000
68  -0.000000 0.209232 3.187960  -0.000000 0.000000 -1.570796
69  -0.000000 0.000001 0.559454  0.000000 0.000000 0.000000
70  0.020865 -0.110953 -1.554707  0.000000 0.000000 0.000000
71  -3.894284 10.434156 -8.923967  1.570796 -0.000000 0.000000
72  -3.136426 -18.240345 -3.885314  1.596994 -0.026481 -0.007856
73  -3.074355 -13.721951 -4.448059  1.596994 -0.026481 -0.007856
74  -3.060295 -13.708252 -4.974853  1.596994 -0.026481 -0.007856
75  -3.046101 -13.694424 -5.506625  1.596994 -0.026481 -0.007856
76  -3.032111 -13.680796 -6.030741  1.596994 -0.026481 -0.007856
time 80
0  0.000006 0.000000 0.000000  -1.570800 -1.391899 -1.570792
1  -5.247190 1.140902 2.232071  -1.544956 -1.855077 -0.198630
2  6.027524 -0.000323 0.000193  -0.688281 -0.976503 -1.555897
3  11.692110 0.000645 -0.000740  -0.697831 -0.000014 -1.345462
4  11.480199 0.000178 -0.000807  1.034171 -0.540405 0.444592
5  3.859509 -0.142879 -1.192049  -0.564874 -0.363952 -1.824543
6  1.312588 0.000011 0.000008  -0.136228 -0.000981 -0.208342
7  0.729356 0.000054 0.000048  -0.007524 -0.009754 -0.114047
8  3.942143 0.046274 -0.431512  -0.498774 0.109385 -1.203070
9  1.539110 0.000085 0.000006  0.016536 -0.136924 -1.019669
10  1.196331 0.000146 0.000029  0.014917 0.002603 -0.521648
11  3.883505 -0.047269 0.431381  -0.286619 0.410095 -0.604649
12  1.719573 -0.000026 0.000016  0.078190 -0.160916 -1.549411
13  1.209180 0.000092 0.000011  -0.001081 -0.002986 -0.400010
14  4.085223 -0.082715 1.151041  0.124883 0.563536 0.134737
15  1.719450 -0.000012 0.000022  0.026136 -0.076896 -1.034307
16  1.099676 0.000048 0.000004  -0.076371 0.028724 -1.554212
17  0.869830 -1.165540 1.469029  -1.111832 -0.584380 -0.381711
18  1.789818 -0.000003 -0.000018  0.000589 -0.011153 0.733030
19  1.207014 -0.000012 -0.000044  0.001227 -0.000026 -0.108944
20  5.740637 0.000410 -0.000704  -0.138689 0.000003 0.000071
21  11.481047 0.000250 -0.000820  -0.077771 -0.105256 0.045598
22  6.027524 -0.000329 0.000203  1.561636 -0.594315 1.602060
23  0.000002 11.692099 -0.000006  -0.937017 -0.392950 -0.749349
24  0.000003 0.000008 -0.000001  0.171262 -0.000031 1.570739
25  -0.000001 -0.000012 0.000001  0.868957 0.000002 1.570712
26  -4.636372 -9.409594 0.376269  1.473120 1.855075 -0.198639
27  6.027509 -0.000265 -0.000224  1.921122 1.121570 0.133298
28  11.691991 0.000244 0.000857  -0.482944 0.000013 -0.927628
29  11.479983 -0.000716 0.000559  -0.753120 0.355092 0.293859
30  3.577933 -0.200208 1.119101  -0.022878 -0.436538 -0.708039
31  1.312557 0.000025 0.000001  0.020043 -0.002018 -0.205026
32  0.729349 0.000067 -0.000028  0.000171 0.000728 -0.715484
33  3.942045 0.050110 0.430997  0.114117 -0.483852 -0.809206
34  1.539092 0.000010 -0.000001  -0.057593 -0.014794 -0.106019
35  1.196302 0.000075 -0.000003  -0.001300 -0.007991 -0.844287
36  3.883410 -0.050501 -0.431086  -0.150036 -0.344549 -0.414892
37  1.719565 -0.000073 -0.000003  -0.122038 -0.086520 -0.523526
38  1.209192 0.000029 0.000011  -0.000039 -0.003679 -0.185037
39  3.806435 -0.112147 -1.295328  -0.365741 -0.314258 -0.410867
40  1.719413 -0.000102 -0.000035  -0.047720 -0.014807 -0.146105
41  1.099671 0.000025 0.000006  -0.001660 -0.007803 -0.303334
42  0.628171 -1.014297 -1.514442  1.027386 0.183099 -0.663175
43  1.789778 -0.000009 -0.000043  0.036391 -0.019820 0.392329
44  1.206997 -0.000005 0.000007  -0.013153 -0.024782 -0.023343
45  5.740573 0.000054 0.000724  0.150444 -0.000014 0.000021
46  11.480942 -0.000108 0.000861  0.148651 0.071854 0.013777
47  6.027514 -0.000273 -0.000239  -1.145791 -0.150156 -1.118449
48  -0.000001 11.691975 -0.000004  -0.673021 0.198672 0.555040
49  0.000004 -0.000001 -0.000001  1.789610 -0.000041 1.570856
50  -0.000007 -0.000016 0.000006  2.272644 -0.000030 1.570865
51  -5.610006 -10.614140 -3.030668  2.371912 -0.642730 -1.450964
52  -0.000001 -0.000001 -0.000001  0.008153 -0.000259 0.000009
53  0.000000 -0.000000 0.000000  1.565115 0.043565 -0.106862
54  -0.985238 -15.950474 -6.856355  -0.710331 -0.090122 -1.953319
55  0.000001 0.000000 0.000000  0.000000 -0.000000 -0.000002
56  0.000031 0.000029 0.000002  -1.571901 -0.044449 -0.106509
57  5.101295 -14.906959 -16.382706  1.570796 -0.000000 0.000000
58  -21.599098 7.001666 -12.508070  1.570796 -0.000000 0.000000
59  2.236387 -0.189356 -5.367696  1.570796 -0.000000 0.000000
60  -0.004311 0.001230 -0.000371  0.006898 -0.005534 -0.284229
61  0.376268 10.084437 -2.887995  1.570796 -0.000000 0.000000
62  0.000000 0.000000 0.000000  -0.078727 -3.136056 0.284226
63  0.000000 0.000000 0.000000  1.590050 0.013447 0.007312
64  -3.158731 -14.861670 -3.581927  1.599315 -0.060277 0.001577
65  0.020864 -0.834790 -4.400273  -0.000000 -0.000000 0.000000
66  0.020868 0.023235 30.873932  -0.000000 -0.000000 0.000000
67  0.020865 -0.185995 -5.439825  -0.000000 -0.000000 0.000000
68  -0.000000 0.209232 3.187963  0.000000 -0.000000 -1.570796
69  0.000000 0.000001 0.559458  -0.000000 -0.000000 0.000000
70  0.020865 -0.110953 -1.554708  -0.000000 -0.000000 0.000000
71  -3.894284 10.434156 -8.923967  1.570796 -0.000000 0.000000
72  -3.125240 -18.330725 -3.893452  1.599315 -0.060277 0.001577
73  -3.087430 -13.810624 -4.444506  1.599315 -0.060277 0.001577
74  -3.055711 -13.795542 -4.970495  1.599315 -0.060277 0.001577
75  -3.023691 -13.780317 -5.501453  1.599315 -0.060277 0.001577
76  -2.992133 -13.765312 -6.024768  1.599315 -0.060277 0.001577
time 81
0  0.000006 0.000000 0.000000  -1.570800 -1.391899 -1.570792
1  -5.247190 1.140902 2.232071  -1.544956 -1.855077 -0.198630
2  6.027523 -0.000323 0.000193  -0.708150 -1.006225 -1.491702
3  11.692110 0.000643 -0.000739  -0.631948 -0.000015 -1.369334
4  11.480049 0.000057 -0.000866  0.950191 -0.515005 0.561124
5  3.859509 -0.142879 -1.192049  -0.564874 -0.363952 -1.824543
6  1.312591 0.000011 0.000008  -0.136228 -0.000981 -0.208342
7  0.729354 0.000054 0.000049  -0.007524 -0.009754 -0.114047
8  3.942143 0.046273 -0.431512  -0.498774 0.109385 -1.203070
9  1.539111 0.000085 0.000005  0.016536 -0.136924 -1.019669
10  1.196334 0.000145 0.000030  0.014917 0.002603 -0.521648
11  3.883504 -0.047269 0.431382  -0.286619 0.410095 -0.604649
12  1.719573 -0.000026 0.000013  0.078190 -0.160916 -1.549411
13  1.209178 0.000093 0.000011  -0.001081 -0.002986 -0.400010
14  4.085224 -0.082715 1.151040  0.124883 0.563536 0.134737
15  1.719449 -0.000012 0.000021  0.026135 -0.076896 -1.034308
16  1.099676 0.000048 0.000006  -0.076371 0.028724 -1.554212
17  0.869830 -1.165540 1.469029  -1.109638 -0.577232 -0.387791
18  1.789820 -0.000003 -0.000017  0.000594 -0.010049 0.725869
19  1.207013 -0.000012 -0.000043  0.001106 -0.000022 -0.110920
20  5.740638 0.000410 -0.000704  -0.155982 0.000003 0.000071
21  11.481017 0.000226 -0.000832  -0.090056 -0.108327 0.064436
22  6.027524 -0.000329 0.000203  1.574795 -0.564643 1.642421
23  0.000001 11.692101 -0.000007  -0.951437 -0.405433 -0.759157
24  0.000004 0.000009 -0.000000  0.237146 -0.000030 1.570739
25  -0.000001 -0.000011 -0.000002  0.868957 0.000002 1.570712
26  -4.636372 -9.409594 0.376269  1.473120 1.855075 -0.198639
27  6.027509 -0.000266 -0.000224  1.942452 1.093937 0.145447
28  11.691992 0.000245 0.000856  -0.455443 0.000012 -0.906004
29  11.480529 -0.000502 0.000675  -0.896392 0.277322 0.144252
30  3.560629 -0.203997 1.109783  -0.041863 -0.437113 -0.668724
31  1.312557 0.000026 0.000001  0.019426 -0.000205 -0.214975
32  0.729347 0.000067 -0.000028  -0.000408 0.000700 -0.678317
33  3.942047 0.050109 0.430998  0.097354 -0.483020 -0.777744
34  1.539094 0.000010 0.000000  -0.057493 -0.018500 -0.125548
35  1.196301 0.000075 -0.000004  -0.001029 -0.007920 -0.779806
36  3.883411 -0.050501 -0.431087  -0.182417 -0.331764 -0.331779
37  1.719565 -0.000074 -0.000003  -0.112841 -0.113720 -0.635162
38  1.209192 0.000030 0.000012  0.000815 -0.003889 0.042423
39  3.806436 -0.112147 -1.295328  -0.377782 -0.293009 -0.372119
40  1.719413 -0.000101 -0.000034  -0.046778 -0.039618 -0.214898
41  1.099672 0.000025 0.000006  0.000989 -0.007788 -0.107544
42  0.628173 -1.014298 -1.514441  1.084526 0.308764 -0.562674
43  1.789777 -0.000009 -0.000043  0.034305 -0.024358 0.507252
44  1.206998 -0.000005 0.000006  -0.013068 -0.024568 -0.006923
45  5.740572 0.000056 0.000724  0.125429 -0.000014 0.000021
46  11.481050 -0.000065 0.000884  0.127570 0.045347 -0.004826
47  6.027514 -0.000273 -0.000239  -1.116241 -0.149433 -1.129796
48  -0.000001 11.691975 -0.000005  -0.658669 0.190049 0.543851
49  0.000004 -0.000001 -0.000000  1.817113 -0.000041 1.570856
50  -0.000006 -0.000016 0.000005  2.272644 -0.000030 1.570865
51  -6.422902 -10.701049 -3.016211  2.219124 -0.553923 -1.343715
52  0.000000 0.000000 0.000000  0.008153 -0.000259 0.000009
53  -0.000000 0.000000 -0.000000  1.565115 0.043565 -0.106862
54  -0.726885 -15.893456 -6.674274  -0.634169 -0.046308 -1.951040
55  0.000001 -0.000001 0.000000  0.000000 -0.000000 -0.000002
56  0.000031 0.000027 0.000001  -1.571902 -0.044449 -0.106509
57  6.592037 -14.800412 -17.002628  1.570796 -0.000000 0.000000
58  -21.599098 7.001666 -12.508070  1.570796 -0.000000 0.000000
59  2.236387 -0.189356 -5.367696  1.570796 -0.000000 0.000000
60  -0.004311 0.001230 -0.000371  0.006898 -0.005534 -0.284229
61  0.376268 10.084437 -2.887995  1.570796 -0.000000 0.000000
62  0.000000 0.000000 0.000000  -0.078727 -3.136056 0.284226
63  0.000000 0.000000 0.000000  1.587716 0.013175 0.006340
64  -3.184638 -14.861301 -3.587925  1.611330 -0.147165 0.007807
65  0.020864 -0.834790 -4.400272  0.000000 -0.000000 -0.000000
66  0.020868 0.023235 30.873930  0.000000 -0.000000 -0.000000
67  0.020865 -0.185994 -5.439824  0.000000 -0.000000 -0.000000
68  0.000000 0.209231 3.187962  0.000000 -0.000000 -1.440904
69  0.000000 0.000001 0.559458  0.000000 -0.000000 -0.000000
70  0.020865 -0.110952 -1.554707  0.000000 -0.000000 -0.000000
71  -3.894284 10.434156 -8.923967  1.570796 -0.000000 0.000000
72  -3.096532 -18.325815 -3.937051  1.611330 -0.147165 0.007807
73  -3.047250 -13.798942 -4.428367  1.611330 -0.147165 0.007807
74  -2.970183 -13.776978 -4.949401  1.611330 -0.147165 0.007807
75  -2.892388 -13.754806 -5.475358  1.611330 -0.147165 0.007807
76  -2.815713 -13.732953 -5.993742  1.611330 -0.147165 0.007807
time 82
0  0.000006 0.000000 0.000000  -1.570800 -1.391899 -1.570792
1  -5.247190 1.140902 2.232071  -1.544956 -1.855077 -0.198630
2  6.027523 -0.000323 0.000193  -0.725624 -1.025549 -1.442025
3  11.692109 0.000643 -0.000740  -0.579628 -0.000016 -1.389092
4  11.479927 -0.000042 -0.000902  0.878846 -0.481000 0.657663
5  3.859508 -0.142881 -1.192050  -0.564874 -0.363952 -1.824543
6  1.312590 0.000013 0.000006  -0.136228 -0.000981 -0.208342
7  0.729355 0.000054 0.000051  -0.007524 -0.009754 -0.114047
8  3.942146 0.046273 -0.431512  -0.498774 0.109385 -1.203070
9  1.539110 0.000086 0.000006  0.016536 -0.136924 -1.019669
10  1.196332 0.000147 0.000027  0.014917 0.002603 -0.521648
11  3.883505 -0.047270 0.431381  -0.286619 0.410095 -0.604649
12  1.719573 -0.000027 0.000014  0.078190 -0.160916 -1.549411
13  1.209179 0.000092 0.000013  -0.001081 -0.002986 -0.400010
14  4.085223 -0.082716 1.151041  0.124883 0.563536 0.134737
15  1.719450 -0.000011 0.000021  0.026135 -0.076896 -1.034307
16  1.099675 0.000049 0.000006  -0.076371 0.028724 -1.554212
17  0.869832 -1.165540 1.469029  -1.107865 -0.568985 -0.392430
18  1.789819 -0.000005 -0.000017  0.000618 -0.009075 0.714084
19  1.207016 -0.000012 -0.000043  0.001001 -0.000018 -0.114194
20  5.740636 0.000411 -0.000702  -0.171832 0.000003 0.000071
21  11.480991 0.000207 -0.000838  -0.101668 -0.109805 0.080923
22  6.027524 -0.000329 0.000203  1.585224 -0.545160 1.671750
23  0.000001 11.692100 -0.000007  -0.963330 -0.415863 -0.767165
24  0.000002 0.000010 -0.000001  0.289467 -0.000030 1.570739
25  -0.000001 -0.000011 -0.000001  0.868957 0.000002 1.570712
26  -4.636372 -9.409594 0.376269  1.473120 1.855075 -0.198639
27  6.027507 -0.000264 -0.000226  1.686252 1.035788 -0.068977
28  11.691991 0.000247 0.000856  -0.375959 0.000012 -0.902260
29  11.480541 -0.000444 0.000713  -0.459156 0.266169 0.262012
30  3.544215 -0.207592 1.100945  -0.063562 -0.407158 -0.606764
31  1.312557 0.000025 0.000000  0.019201 0.005410 -0.224889
32  0.729347 0.000067 -0.000027  -0.000979 0.000707 -0.613177
33  3.942046 0.050109 0.430997  0.074969 -0.459660 -0.722531
34  1.539093 0.000010 0.000001  -0.056434 -0.022248 -0.145088
35  1.196301 0.000073 -0.000004  -0.000884 -0.007852 -0.682580
36  3.883410 -0.050502 -0.431086  -0.213419 -0.316499 -0.249536
37  1.719566 -0.000074 -0.000003  -0.093424 -0.138372 -0.747940
38  1.209190 0.000030 0.000012  0.001600 -0.004286 0.269883
39  3.806435 -0.112148 -1.295328  -0.388364 -0.265259 -0.333023
40  1.719413 -0.000102 -0.000035  -0.037093 -0.064585 -0.283996
41  1.099671 0.000025 0.000006  0.003648 -0.007948 0.088247
42  0.628173 -1.014297 -1.514441  1.408821 0.469345 -0.401952
43  1.789779 -0.000009 -0.000043  0.028083 -0.031330 0.729831
44  1.206996 -0.000005 0.000006  -0.013068 -0.024568 -0.006923
45  5.740572 0.000055 0.000724  0.211410 -0.000014 0.000021
46  11.481053 -0.000053 0.000893  0.210385 0.061138 0.003105
47  6.027514 -0.000273 -0.000239  -1.112259 -0.286074 -1.120596
48  -0.000000 11.691974 -0.000005  -0.656176 0.188572 0.541903
49  0.000003 -0.000001 0.000000  1.896597 -0.000041 1.570856
50  -0.000006 -0.000016 0.000005  2.272644 -0.000030 1.570865
51  -6.972999 -10.708992 -5.796410  2.771143 -0.384703 -1.523348
52  0.000001 0.000000 0.000001  0.008153 -0.000259 0.000009
53  0.000000 -0.000001 0.000000  1.565115 0.043565 -0.106862
54  -0.554535 -15.818808 -6.554011  -0.584693 -0.002259 -1.950678
55  0.000000 -0.000001 0.000000  0.000000 -0.000000 -0.000002
56  0.000031 0.000028 0.000001  -1.571901 -0.044449 -0.106509
57  7.753057 -14.718837 -17.485435  1.570796 -0.000000 0.000000
58  -21.599098 7.001666 -12.508070  1.570796 -0.000000 0.000000
59  2.236387 -0.189356 -5.367696  1.570796 -0.000000 0.000000
60  -0.004311 0.001230 -0.000371  0.006898 -0.005534 -0.284229
61  0.376268 10.084437 -2.887995  1.570796 -0.000000 0.000000
62  0.000000 0.000000 0.000000  -0.078727 -3.136056 0.284226
63  0.000000 0.000000 0.000000  1.584580 0.012402 0.004037
64  -3.201860 -14.858721 -3.604207  1.633819 -0.209588 0.005378
65  0.020864 -0.834790 -4.400271  -0.000000 0.000000 -0.000000
66  0.020868 0.023235 30.873934  -0.000000 0.000000 -0.000000
67  0.020865 -0.185995 -5.439825  -0.000000 0.000000 -0.000000
68  -0.000000 0.209231 3.187962  -0.000000 0.000000 -0.000000
69  0.000000 0.000001 0.559456  -0.000000 0.000000 -0.000000
70  0.020865 -0.110953 -1.554706  -0.000000 0.000000 -0.000000
71  -3.894284 10.434156 -8.923967  1.570796 -0.000000 0.000000
72  -3.084363 -18.314392 -4.024972  1.633819 -0.209588 0.005378
73  -3.014860 -13.777536 -4.410371  1.633819 -0.209588 0.005378
74  -2.905579 -13.743747 -4.924972  1.633819 -0.209588 0.005378
75  -2.795265 -13.709639 -5.444434  1.633819 -0.209588 0.005378
76  -2.686539 -13.676021 -5.956419  1.633819 -0.209588 0.005378
time 83
0  0.000006 0.000000 0.000000  -1.570800 -1.391899 -1.570792
1  -5.247190 1.140902 2.232071  -1.544956 -1.855077 -0.198630
2  6.027523 -0.000323 0.000193  -0.718999 -1.028303 -1.422592
3  11.692112 0.000645 -0.000740  -0.560850 -0.000016 -1.392449
4  11.479910 -0.000070 -0.000908  0.808004 -0.464531 0.679157
5  3.859511 -0.142880 -1.192049  -0.564874 -0.363952 -1.824543
6  1.312590 0.000011 0.000008  -0.136228 -0.000981 -0.208342
7  0.729355 0.000053 0.000050  -0.007524 -0.009754 -0.114047
8  3.942144 0.046273 -0.431512  -0.498774 0.109385 -1.203070
9  1.539111 0.000083 0.000007  0.016536 -0.136924 -1.019669
10  1.196332 0.000146 0.000027  0.014917 0.002603 -0.521648
11  3.883506 -0.047269 0.431382  -0.286619 0.410095 -0.604649
12  1.719573 -0.000026 0.000017  0.078190 -0.160916 -1.549411
13  1.209181 0.000091 0.000013  -0.001081 -0.002986 -0.400010
14  4.085224 -0.082715 1.151040  0.124883 0.563536 0.134737
15  1.719450 -0.000012 0.000023  0.026136 -0.076896 -1.034307
16  1.099675 0.000048 0.000005  -0.076371 0.028724 -1.554212
17  0.869832 -1.165541 1.469029  -1.106906 -0.560522 -0.394377
18  1.789819 -0.000004 -0.000018  0.000664 -0.008434 0.697724
19  1.207016 -0.000012 -0.000044  0.000931 -0.000015 -0.118756
20  5.740637 0.000412 -0.000703  -0.185838 0.000003 0.000070
21  11.480989 0.000202 -0.000840  -0.115013 -0.111684 0.082080
22  6.027524 -0.000329 0.000203  1.581142 -0.542489 1.698964
23  0.000001 11.692100 -0.000007  -0.965347 -0.417643 -0.768516
24  0.000002 0.000008 0.000000  0.308244 -0.000030 1.570738
25  -0.000001 -0.000012 -0.000001  0.868957 0.000002 1.570712
26  -4.636372 -9.409594 0.376269  1.473120 1.855075 -0.198639
27  6.027507 -0.000264 -0.000226  1.691316 1.011410 -0.067024
28  11.691992 0.000245 0.000856  -0.273343 0.000014 -0.956267
29  11.480762 -0.000304 0.000773  -0.652630 0.260448 0.313033
30  3.528788 -0.210969 1.092637  -0.026460 -0.321639 -0.573318
31  1.312558 0.000025 0.000000  0.038272 0.010875 -0.222421
32  0.729347 0.000066 -0.000027  -0.000435 0.000796 -0.568723
33  3.942047 0.050110 0.430997  0.086021 -0.373497 -0.680821
34  1.539096 0.000010 -0.000000  -0.047055 -0.021841 -0.142784
35  1.196299 0.000074 -0.000004  -0.001228 -0.007646 -0.636973
36  3.883411 -0.050502 -0.431087  -0.177531 -0.299387 -0.291221
37  1.719567 -0.000074 -0.000004  -0.085482 -0.110704 -0.602467
38  1.209195 0.000033 0.000011  0.000348 -0.003949 0.120594
39  3.806437 -0.112148 -1.295329  -0.373434 -0.257174 -0.335804
40  1.719413 -0.000102 -0.000034  -0.022364 -0.052363 -0.249668
41  1.099673 0.000026 0.000006  0.002309 -0.006781 -0.014806
42  0.628173 -1.014299 -1.514442  1.413892 0.507437 -0.397871
43  1.789779 -0.000010 -0.000043  0.027133 -0.030458 0.728093
44  1.206996 -0.000005 0.000006  -0.014868 -0.023909 0.070689
45  5.740571 0.000057 0.000724  0.176931 -0.000014 0.000021
46  11.481095 -0.000024 0.000904  0.172124 0.058321 0.020342
47  6.027514 -0.000273 -0.000239  -1.088743 -0.295759 -1.129714
48  -0.000003 11.691976 -0.000005  -0.691918 0.210334 0.569693
49  0.000003 -0.000000 0.000001  1.999210 -0.000041 1.570856
50  -0.000008 -0.000016 0.000005  2.272644 -0.000030 1.570865
51  -6.948742 -10.436815 -5.664567  2.687209 -0.356648 -1.572738
52  -0.000001 0.000000 0.000001  0.008153 -0.000259 0.000009
53  0.000001 -0.000001 -0.000000  1.565115 0.043565 -0.106862
54  -0.615440 -15.760506 -6.692451  -0.608430 0.014105 -1.958626
55  -0.000000 -0.000000 -0.000001  0.000000 -0.000000 -0.000002
56  0.000030 0.000029 0.000001  -1.571902 -0.044449 -0.106509
57  8.165251 -14.690116 -17.656845  1.570796 -0.000000 0.000000
58  -21.599098 7.001666 -12.508070  1.570796 -0.000000 0.000000
59  2.236387 -0.189356 -5.367696  1.570796 -0.000000 0.000000
60  -0.004311 0.001230 -0.000371  0.006898 -0.005534 -0.284229
61  0.376268 10.084437 -2.887995  1.570796 -0.000000 0.000000
62  0.000000 0.000000 0.000000  -0.078727 -3.136056 0.284226
63  0.000000 0.000000 0.000000  1.580933 0.011216 0.001290
64  -3.208110 -14.851717 -3.678550  1.658363 -0.193682 -0.007345
65  0.020864 -0.834790 -4.400272  -0.000000 -0.000000 -0.000000
66  0.020868 0.023235 30.873936  -0.000000 -0.000000 -0.000000
67  0.020865 -0.185995 -5.439825  -0.000000 -0.000000 -0.000000
68  0.000000 0.209232 3.187963  -0.000000 -0.000000 -0.000000
69  0.000001 0.000001 0.559457  -0.000000 -0.000000 -0.000000
70  0.020865 -0.110953 -1.554708  -0.000000 -0.000000 -0.000000
71  -3.894284 10.434156 -8.923967  1.570796 -0.000000 0.000000
72  -3.124907 -18.297028 -4.183941  1.658363 -0.193682 -0.007345
73  -3.025219 -13.752858 -4.461421  1.658363 -0.193682 -0.007345
74  -2.923808 -13.707500 -4.976743  1.658363 -0.193682 -0.007345
75  -2.821438 -13.661712 -5.496933  1.658363 -0.193682 -0.007345
76  -2.720542 -13.616584 -6.009634  1.658363 -0.193682 -0.007345
time 84
0  0.000006 0.000000 0.000000  -1.570800 -1.391899 -1.570792
1  -5.247190 1.140902 2.232071  -1.544956 -1.855077 -0.198630
2  6.027523 -0.000323 0.000193  -0.706097 -1.017162 -1.433176
3  11.692110 0.000643 -0.000739  -0.574020 -0.000016 -1.388693
4  11.479930 -0.000048 -0.000903  0.782033 -0.464242 0.660555
5  3.859509 -0.142880 -1.192048  -0.564874 -0.363952 -1.824543
6  1.312589 0.000013 0.000008  -0.136228 -0.000981 -0.208342
7  0.729356 0.000054 0.000049  -0.007524 -0.009754 -0.114047
8  3.942144 0.046271 -0.431511  -0.498774 0.109385 -1.203070
9  1.539111 0.000085 0.000005  0.016536 -0.136924 -1.019669
10  1.196332 0.000147 0.000031  0.014917 0.002603 -0.521648
11  3.883504 -0.047271 0.431382  -0.286619 0.410095 -0.604649
12  1.719573 -0.000025 0.000014  0.078190 -0.160916 -1.549411
13  1.209179 0.000091 0.000011  -0.001081 -0.002986 -0.400010
14  4.085221 -0.082717 1.151042  0.124883 0.563536 0.134737
15  1.719449 -0.000012 0.000023  0.026136 -0.076896 -1.034307
16  1.099676 0.000047 0.000008  -0.076371 0.028724 -1.554212
17  0.869830 -1.165542 1.469030  -1.106873 -0.552482 -0.393207
18  1.789819 -0.000004 -0.000018  0.000738 -0.008213 0.677505
19  1.207016 -0.000012 -0.000044  0.000908 -0.000012 -0.124405
20  5.740637 0.000411 -0.000702  -0.189216 0.000003 0.000071
21  11.480991 0.000206 -0.000839  -0.120535 -0.112033 0.077067
22  6.027524 -0.000329 0.000203  1.573430 -0.553713 1.703412
23  0.000000 11.692100 -0.000007  -0.963090 -0.415651 -0.767004
24  0.000004 0.000009 -0.000001  0.295075 -0.000030 1.570739
25  -0.000001 -0.000011 -0.000001  0.868957 0.000002 1.570712
26  -4.636372 -9.409594 0.376269  1.473120 1.855075 -0.198639
27  6.027507 -0.000264 -0.000226  1.702665 0.965505 -0.062628
28  11.691993 0.000244 0.000854  -0.186931 0.000019 -1.059736
29  11.480120 -0.000517 0.000745  -0.861965 0.278456 0.371636
30  3.514443 -0.214111 1.084912  0.080217 -0.215941 -0.544612
31  1.312558 0.000025 0.000001  0.088952 0.014919 -0.214485
32  0.729345 0.000065 -0.000026  0.000719 0.000897 -0.527143
33  3.942046 0.050110 0.430996  0.136545 -0.244117 -0.639374
34  1.539096 0.000011 0.000000  -0.024252 -0.019920 -0.134693
35  1.196302 0.000076 -0.000005  -0.001846 -0.007128 -0.610890
36  3.883411 -0.050501 -0.431088  -0.088405 -0.263486 -0.379067
37  1.719565 -0.000076 -0.000003  -0.063816 -0.048856 -0.287176
38  1.209194 0.000032 0.000011  -0.003022 -0.003853 -0.203083
39  3.806436 -0.112148 -1.295330  -0.337297 -0.251668 -0.344147
40  1.719412 -0.000101 -0.000033  -0.001259 -0.023131 -0.175496
41  1.099673 0.000025 0.000007  -0.001186 -0.005286 -0.236614
42  0.628172 -1.014297 -1.514442  1.407926 0.513997 -0.396488
43  1.789780 -0.000009 -0.000043  0.027922 -0.026258 0.715790
44  1.206999 -0.000005 0.000006  -0.017229 -0.022253 0.148298
45  5.740572 0.000055 0.000724  0.139522 -0.000014 0.000021
46  11.480968 -0.000067 0.000899  0.129644 0.058335 0.038212
47  6.027514 -0.000273 -0.000239  -1.043328 -0.312142 -1.148394
48  -0.000002 11.691975 -0.000005  -0.759130 0.254655 0.621033
49  0.000002 -0.000001 -0.000000  2.085616 -0.000041 1.570856
50  -0.000007 -0.000015 0.000005  2.272644 -0.000030 1.570865
51  -6.895271 -9.871988 -5.387704  2.571377 -0.361831 -1.604213
52  0.000000 -0.000001 0.000000  0.008153 -0.000259 0.000009
53  0.000001 -0.000000 -0.000001  1.565115 0.043565 -0.106862
54  -0.741439 -15.725172 -6.880047  -0.655250 0.016044 -1.974954
55  -0.000001 0.000000 0.000001  0.000000 -0.000000 -0.000002
56  0.000029 0.000029 0.000002  -1.571901 -0.044449 -0.106509
57  7.753057 -14.694509 -17.485435  1.570796 -0.000000 0.000000
58  -21.599098 7.001666 -12.508070  1.570796 -0.000000 0.000000
59  2.236387 -0.189356 -5.367696  1.570796 -0.000000 0.000000
60  -0.004311 0.001230 -0.000371  0.006898 -0.005534 -0.284229
61  0.376268 10.084437 -2.887995  1.570796 -0.000000 0.000000
62  0.000000 0.000000 0.000000  -0.078727 -3.136056 0.284226
63  0.000000 0.000000 0.000000  1.577069 0.009713 -0.001013
64  -3.189484 -14.838077 -3.741324  1.677778 -0.150910 -0.026296
65  0.020864 -0.834791 -4.400273  -0.000000 -0.000000 0.000000
66  0.020868 0.023234 30.873930  -0.000000 -0.000000 0.000000
67  0.020865 -0.185995 -5.439824  -0.000000 -0.000000 0.000000
68  -0.000000 0.209231 3.187961  -0.000000 -0.000000 0.000000
69  0.000000 0.000001 0.559456  -0.000000 -0.000000 0.000000
70  0.020865 -0.110953 -1.554708  -0.000000 -0.000000 0.000000
71  -3.894284 10.434156 -8.923967  1.570796 -0.000000 0.000000
72  -3.182972 -18.273357 -4.316913  1.677778 -0.150910 -0.026296
73  -3.022254 -13.726555 -4.509688  1.677778 -0.150910 -0.026296
74  -2.942003 -13.672358 -5.027878  1.677778 -0.150910 -0.026296
75  -2.860993 -13.617647 -5.550963  1.677778 -0.150910 -0.026296
76  -2.781149 -13.563725 -6.066518  1.677778 -0.150910 -0.026296
time 85
0  0.000006 0.000000 0.000000  -1.570800 -1.391899 -1.570792
1  -5.247190 1.140902 2.232071  -1.544956 -1.855077 -0.198630
2  6.027523 -0.000323 0.000193  -0.691307 -0.995044 -1.476548
3  11.692110 0.000644 -0.000739  -0.613263 -0.000015 -1.380168
4  11.479982 0.000010 -0.000888  0.807622 -0.484203 0.609723
5  3.859510 -0.142879 -1.192049  -0.564874 -0.363952 -1.824543
6  1.312589 0.000011 0.000009  -0.136228 -0.000981 -0.208342
7  0.729354 0.000054 0.000050  -0.007524 -0.009754 -0.114047
8  3.942144 0.046273 -0.431511  -0.498774 0.109385 -1.203070
9  1.539111 0.000084 0.000006  0.016536 -0.136924 -1.019669
10  1.196332 0.000145 0.000030  0.014917 0.002603 -0.521648
11  3.883504 -0.047269 0.431382  -0.286619 0.410095 -0.604649
12  1.719574 -0.000026 0.000016  0.078190 -0.160916 -1.549411
13  1.209180 0.000091 0.000010  -0.001081 -0.002986 -0.400010
14  4.085223 -0.082715 1.151041  0.124883 0.563536 0.134737
15  1.719447 -0.000013 0.000024  0.026136 -0.076896 -1.034307
16  1.099675 0.000051 0.000008  -0.076371 0.028724 -1.554212
17  0.869831 -1.165540 1.469029  -1.105250 -0.543517 -0.388037
18  1.789819 -0.000003 -0.000018  0.000946 -0.008692 0.640708
19  1.207015 -0.000012 -0.000044  0.000962 -0.000007 -0.134721
20  5.740636 0.000409 -0.000704  -0.182613 0.000003 0.000070
21  11.481005 0.000217 -0.000837  -0.116396 -0.111609 0.067412
22  6.027524 -0.000329 0.000203  1.563962 -0.575801 1.677603
23  0.000001 11.692099 -0.000007  -0.957963 -0.411141 -0.763560
24  0.000003 0.000010 -0.000002  0.255831 -0.000031 1.570739
25  -0.000001 -0.000012 -0.000001  0.868957 0.000002 1.570712
26  -4.636372 -9.409594 0.376269  1.473120 1.855075 -0.198639
27  6.027506 -0.000264 -0.000226  1.705972 0.899989 -0.066732
28  11.691992 0.000245 0.000856  -0.109230 0.000026 -1.180138
29  11.480214 -0.000460 0.000779  -1.006434 0.280317 0.395826
30  3.501284 -0.216991 1.077828  0.190772 -0.186840 -0.522923
31  1.312559 0.000026 -0.000001  0.140965 0.019641 -0.203629
32  0.729346 0.000065 -0.000027  0.001281 0.000833 -0.479805
33  3.942047 0.050110 0.430998  0.194499 -0.194459 -0.608841
34  1.539094 0.000010 -0.000001  -0.001117 -0.016584 -0.122681
35  1.196300 0.000076 -0.000003  -0.002600 -0.006574 -0.589474
36  3.883411 -0.050501 -0.431086  -0.006824 -0.247772 -0.423244
37  1.719565 -0.000077 -0.000004  -0.025216 -0.007235 -0.142086
38  1.209193 0.000033 0.000011  -0.006027 -0.004230 -0.352463
39  3.806437 -0.112147 -1.295328  -0.306102 -0.242831 -0.349605
40  1.719413 -0.000100 -0.000035  0.020706 -0.001631 -0.140609
41  1.099672 0.000025 0.000007  -0.003583 -0.004155 -0.339670
42  0.628172 -1.014297 -1.514441  1.379687 0.357885 -0.382615
43  1.789778 -0.000009 -0.000042  0.032693 -0.009835 0.373488
44  1.206998 -0.000006 0.000006  -0.017584 -0.020461 0.088533
45  5.740572 0.000057 0.000724  0.115117 -0.000014 0.000021
46  11.480988 -0.000054 0.000905  0.101286 0.054625 0.048290
47  6.027514 -0.000273 -0.000239  -0.980832 -0.340285 -1.175190
48  -0.000002 11.691975 -0.000005  -0.835360 0.310262 0.677557
49  0.000003 -0.000001 -0.000000  2.163311 -0.000041 1.570856
50  -0.000006 -0.000016 0.000006  2.272644 -0.000030 1.570865
51  -7.015309 -9.123981 -5.254216  2.503875 -0.354124 -1.593288
52  0.000001 -0.000000 0.000000  0.008153 -0.000259 0.000009
53  0.000001 0.000001 0.000001  1.565115 0.043565 -0.106862
54  -0.910753 -15.702032 -6.991679  -0.716774 -0.000430 -1.988168
55  0.000000 -0.000000 -0.000000  0.000000 -0.000000 -0.000002
56  0.000030 0.000029 0.000001  -1.571901 -0.044449 -0.106509
57  6.592037 -14.718190 -17.002628  1.570796 -0.000000 0.000000
58  -21.599098 7.001666 -12.508070  1.570796 -0.000000 0.000000
59  2.236387 -0.189356 -5.367696  1.570796 -0.000000 0.000000
60  -0.004311 0.001230 -0.000371  0.006898 -0.005534 -0.284229
61  0.376268 10.084437 -2.887995  1.570796 -0.000000 0.000000
62  0.000000 0.000000 0.000000  -0.078727 -3.136056 0.284226
63  0.000000 0.000000 0.000000  1.573275 0.007994 -0.001988
64  -3.144840 -14.815588 -3.697061  1.685207 -0.087649 -0.039915
65  0.020864 -0.834790 -4.400274  -0.000000 0.000000 -0.000000
66  0.020868 0.023234 30.873928  -0.000000 0.000000 -0.000000
67  0.020865 -0.185995 -5.439826  -0.000000 0.000000 -0.000000
68  0.000000 0.209231 3.187959  -0.000000 0.000000 -0.000000
69  0.000000 0.000001 0.559454  -0.000000 0.000000 -0.000000
70  0.020865 -0.110953 -1.554709  -0.000000 0.000000 -0.000000
71  -3.894284 10.434156 -8.923967  1.570796 -0.000000 0.000000
72  -3.219258 -18.244843 -4.303015  1.685207 -0.087649 -0.039915
73  -3.011797 -13.698708 -4.464332  1.685207 -0.087649 -0.039915
74  -2.963589 -13.640404 -4.986035  1.685207 -0.087649 -0.039915
75  -2.914924 -13.581549 -5.512668  1.685207 -0.087649 -0.039915
76  -2.866960 -13.523541 -6.031719  1.685207 -0.087649 -0.039915
time 86
0  0.000006 0.000000 0.000000  -1.570800 -1.391899 -1.570792
1  -5.247190 1.140902 2.232071  -1.544956 -1.855077 -0.198630
2  6.027523 -0.000323 0.000193  -0.678381 -0.965268 -1.538777
3  11.692108 0.000644 -0.000741  -0.669338 -0.000015 -1.370353
4  11.480042 0.000085 -0.000865  0.873052 -0.522050 0.533975
5  3.859509 -0.142880 -1.192050  -0.564874 -0.363952 -1.824543
6  1.312590 0.000012 0.000008  -0.136228 -0.000981 -0.208342
7  0.729355 0.000054 0.000051  -0.007524 -0.009754 -0.114047
8  3.942143 0.046272 -0.431512  -0.498774 0.109385 -1.203070
9  1.539111 0.000084 0.000005  0.016536 -0.136924 -1.019669
10  1.196331 0.000144 0.000029  0.014917 0.002603 -0.521648
11  3.883505 -0.047270 0.431382  -0.286619 0.410095 -0.604649
12  1.719573 -0.000026 0.000015  0.078190 -0.160916 -1.549411
13  1.209178 0.000090 0.000011  -0.001081 -0.002986 -0.400010
14  4.085223 -0.082716 1.151040  0.124883 0.563536 0.134737
15  1.719449 -0.000013 0.000022  0.026135 -0.076896 -1.034308
16  1.099675 0.000051 0.000005  -0.076371 0.028724 -1.554212
17  0.869832 -1.165540 1.469029  -1.102760 -0.534194 -0.374930
18  1.789817 -0.000003 -0.000019  0.001302 -0.009716 0.592280
19  1.207015 -0.000012 -0.000045  0.001079 0.000000 -0.148319
20  5.740636 0.000410 -0.000703  -0.169506 0.000003 0.000071
21  11.481015 0.000232 -0.000830  -0.104824 -0.111772 0.054203
22  6.027524 -0.000329 0.000203  1.554561 -0.605421 1.631347
23  0.000001 11.692100 -0.000006  -0.952051 -0.405969 -0.759572
24  0.000004 0.000008 -0.000001  0.199756 -0.000031 1.570738
25  -0.000001 -0.000011 0.000000  0.868957 0.000002 1.570712
26  -4.636372 -9.409594 0.376269  1.473120 1.855075 -0.198639
27  6.027504 -0.000263 -0.000228  1.685509 0.747048 -0.094765
28  11.691991 0.000243 0.000855  -0.019662 0.000045 -1.474185
29  11.480495 -0.000334 0.000821  -0.946237 0.256224 0.531581
30  3.489421 -0.219590 1.071440  0.315445 -0.217266 -0.507268
31  1.312558 0.000026 -0.000001  0.195276 0.026619 -0.188137
32  0.729346 0.000067 -0.000027  0.001124 0.000689 -0.414089
33  3.942046 0.050109 0.430996  0.261880 -0.215302 -0.589020
34  1.539095 0.000010 0.000000  0.022852 -0.011154 -0.104603
35  1.196299 0.000074 -0.000003  -0.003605 -0.005953 -0.564326
36  3.883412 -0.050501 -0.431087  0.067126 -0.278537 -0.400471
37  1.719564 -0.000076 -0.000003  0.018708 0.017678 -0.149885
38  1.209195 0.000033 0.000011  -0.008187 -0.003760 -0.344166
39  3.806436 -0.112148 -1.295329  -0.283959 -0.218018 -0.321919
40  1.719412 -0.000099 -0.000034  0.043537 0.009697 -0.147602
41  1.099672 0.000024 0.000007  -0.004653 -0.002540 -0.299175
42  0.628172 -1.014298 -1.514442  1.305572 0.351162 -0.452167
43  1.789780 -0.000009 -0.000043  0.034178 -0.004370 0.160065
44  1.206995 -0.000005 0.000005  -0.015693 -0.016019 0.090435
45  5.740572 0.000056 0.000724  0.135756 -0.000014 0.000021
46  11.481044 -0.000030 0.000913  0.111397 0.058589 0.073868
47  6.027514 -0.000273 -0.000239  -0.838562 -0.418619 -1.240985
48  -0.000001 11.691975 -0.000006  -1.014102 0.461724 0.800557
49  0.000003 -0.000000 0.000001  2.252869 -0.000041 1.570856
50  -0.000006 -0.000015 0.000004  2.272644 -0.000030 1.570865
51  -6.983922 -7.021351 -5.247190  2.644197 -0.295732 -1.587235
52  0.000001 -0.000000 0.000000  0.008153 -0.000259 0.000009
53  -0.000000 -0.000000 -0.000000  1.565115 0.043565 -0.106862
54  -1.114228 -15.666986 -7.033944  -0.786629 -0.030681 -1.987400
55  0.000001 -0.000001 -0.000000  0.000000 -0.000000 -0.000002
56  0.000031 0.000028 0.000000  -1.571901 -0.044449 -0.106509
57  5.101296 -14.778956 -16.382706  1.570796 -0.000000 0.000000
58  -21.599098 7.001666 -12.508070  1.570796 -0.000000 0.000000
59  2.236387 -0.189356 -5.367696  1.570796 -0.000000 0.000000
60  -0.004311 0.001230 -0.000371  0.006898 -0.005534 -0.284229
61  0.376268 10.084437 -2.887995  1.570796 -0.000000 0.000000
62  0.000000 0.000000 0.000000  -0.078727 -3.136056 0.284226
63  0.000000 0.000000 0.000000  1.569832 0.006170 -0.001806
64  -3.091030 -14.782041 -3.578433  1.682802 -0.011573 -0.040115
65  0.020864 -0.834790 -4.400273  -0.000000 0.000000 -0.000000
66  0.020868 0.023235 30.873932  -0.000000 0.000000 -0.000000
67  0.020865 -0.185995 -5.439825  -0.000000 0.000000 -0.000000
68  -0.000000 0.209231 3.187962  -0.000000 0.000000 -0.000000
69  0.000000 0.000000 0.559457  -0.000000 0.000000 -0.000000
70  0.020865 -0.110953 -1.554706  -0.000000 0.000000 -0.000000
71  -3.894284 10.434156 -8.923967  1.570796 -0.000000 0.000000
72  -3.212481 -18.210878 -4.179133  1.682802 -0.011573 -0.040115
73  -3.016330 -13.664698 -4.352895  1.682802 -0.011573 -0.040115
74  -3.007910 -13.606067 -4.876717  1.682802 -0.011573 -0.040115
75  -2.999410 -13.546882 -5.405488  1.682802 -0.011573 -0.040115
76  -2.991033 -13.488548 -5.926647  1.682802 -0.011573 -0.040115
time 87
0  0.000006 0.000000 0.000000  -1.570800 -1.391899 -1.570792
1  -5.247190 1.140902 2.232071  -1.544956 -1.855077 -0.198630
2  6.027523 -0.000323 0.000193  -0.665406 -0.942389 -1.594289
3  11.692108 0.000644 -0.000738  -0.724487 -0.000014 -1.362010
4  11.480091 0.000157 -0.000840  0.937094 -0.560590 0.454946
5  3.859508 -0.142879 -1.192049  -0.564874 -0.363952 -1.824543
6  1.312588 0.000012 0.000007  -0.136228 -0.000981 -0.208342
7  0.729354 0.000053 0.000049  -0.007524 -0.009754 -0.114047
8  3.942143 0.046274 -0.431512  -0.498774 0.109385 -1.203070
9  1.539111 0.000081 0.000005  0.016536 -0.136924 -1.019669
10  1.196333 0.000146 0.000030  0.014917 0.002603 -0.521648
11  3.883503 -0.047268 0.431381  -0.286619 0.410095 -0.604649
12  1.719572 -0.000025 0.000015  0.078190 -0.160916 -1.549411
13  1.209179 0.000091 0.000011  -0.001081 -0.002986 -0.400010
14  4.085221 -0.082715 1.151041  0.124883 0.563536 0.134737
15  1.719449 -0.000011 0.000022  0.026136 -0.076896 -1.034307
16  1.099675 0.000047 0.000005  -0.076371 0.028724 -1.554212
17  0.869829 -1.165540 1.469029  -1.105602 -0.528495 -0.354026
18  1.789821 -0.000002 -0.000016  0.001473 -0.010190 0.572188
19  1.207016 -0.000012 -0.000044  0.001134 0.000004 -0.153965
20  5.740636 0.000410 -0.000703  -0.159104 0.000003 0.000070
21  11.481024 0.000246 -0.000825  -0.093925 -0.112902 0.040542
22  6.027524 -0.000329 0.000203  1.544334 -0.628010 1.592333
23  0.000000 11.692099 -0.000007  -0.947019 -0.401589 -0.756163
24  0.000002 0.000008 -0.000001  0.144607 -0.000031 1.570739
25  -0.000001 -0.000011 -0.000002  0.868957 0.000002 1.570712
26  -4.636372 -9.409594 0.376269  1.473120 1.855075 -0.198639
27  6.027503 -0.000263 -0.000231  1.644116 0.580854 -0.128547
28  11.691993 0.000242 0.000855  0.078235 0.000068 -1.787866
29  11.479791 -0.000741 0.000886  -0.596893 0.189024 0.722585
30  3.478970 -0.221878 1.065812  0.477489 -0.269224 -0.498062
31  1.312557 0.000024 0.000000  0.261239 0.034470 -0.166608
32  0.729345 0.000066 -0.000027  0.000650 0.000550 -0.331823
33  3.942046 0.050109 0.430996  0.349971 -0.258713 -0.576827
34  1.539096 0.000010 0.000000  0.051692 -0.003859 -0.079255
35  1.196300 0.000075 -0.000004  -0.004920 -0.005171 -0.540603
36  3.883412 -0.050502 -0.431087  0.146796 -0.354867 -0.331185
37  1.719564 -0.000077 -0.000003  0.069618 0.041769 -0.186694
38  1.209196 0.000032 0.000012  -0.009866 -0.002360 -0.322699
39  3.806436 -0.112147 -1.295330  -0.262376 -0.173970 -0.245633
40  1.719412 -0.000099 -0.000035  0.068857 0.018023 -0.180365
41  1.099674 0.000025 0.000007  -0.005461 -0.000329 -0.193088
42  0.628172 -1.014298 -1.514442  1.187389 0.328441 -0.573395
43  1.789779 -0.000009 -0.000043  0.036401 -0.001035 -0.000374
44  1.206996 -0.000006 0.000005  -0.010059 -0.009758 0.105893
45  5.740571 0.000055 0.000724  0.215355 -0.000014 0.000021
46  11.480902 -0.000113 0.000927  0.177896 0.077693 0.102309
47  6.027514 -0.000273 -0.000239  -0.681694 -0.513885 -1.319883
48  -0.000000 11.691976 -0.000006  -1.198524 0.642539 0.906721
49  0.000004 -0.000001 0.000000  2.350761 -0.000041 1.570856
50  -0.000006 -0.000016 0.000005  2.272644 -0.000030 1.570865
51  -6.783463 -4.366708 -5.524569  -0.088581 -3.007825 1.571261
52  -0.000000 -0.000000 0.000000  0.008153 -0.000259 0.000009
53  -0.000000 -0.000000 -0.000000  1.565115 0.043565 -0.106862
54  -1.321278 -15.614055 -6.998021  -0.854114 -0.062887 -1.976005
55  0.000001 0.000000 0.000000  0.000000 -0.000000 -0.000002
56  0.000030 0.000029 0.000001  -1.571901 -0.044449 -0.106509
57  3.940276 -14.885377 -15.899899  1.570796 -0.000000 0.000000
58  -21.599098 7.001666 -12.508070  1.570796 -0.000000 0.000000
59  2.236387 -0.189356 -5.367696  1.570796 -0.000000 0.000000
60  -0.004311 0.001230 -0.000371  0.006898 -0.005534 -0.284229
61  0.376268 10.084437 -2.887995  1.570796 -0.000000 0.000000
62  0.000000 0.000000 0.000000  -0.078727 -3.136056 0.284226
63  0.000000 0.000000 0.000000  1.567021 0.004346 -0.001307
64  -3.042157 -14.735222 -3.406688  1.677525 0.062947 -0.032013
65  0.020864 -0.834790 -4.400274  0.000000 0.000000 0.000000
66  0.020868 0.023235 30.873930  0.000000 0.000000 0.000000
67  0.020865 -0.185995 -5.439826  0.000000 0.000000 0.000000
68  0.000000 0.209232 3.187962  0.000000 0.000000 0.000000
69  0.000000 0.000001 0.559456  0.000000 0.000000 0.000000
70  0.020865 -0.110953 -1.554708  0.000000 0.000000 0.000000
71  -3.894284 10.434156 -8.923967  1.570796 -0.000000 0.000000
72  -3.179532 -18.166653 -3.988846  1.677525 0.062947 -0.032013
73  -3.034727 -13.619553 -4.187107  1.677525 0.062947 -0.032013
74  -3.065885 -13.562369 -4.710229  1.677525 0.062947 -0.032013
75  -3.097338 -13.504646 -5.238295  1.677525 0.062947 -0.032013
76  -3.128337 -13.447754 -5.758758  1.677525 0.062947 -0.032013
time 88
0  0.000006 0.000000 0.000000  -1.570800 -1.391899 -1.570792
1  -5.247190 1.140902 2.232071  -1.544956 -1.855077 -0.198630
2  6.027523 -0.000323 0.000193  -0.647321 -0.941546 -1.622141
3  11.692110 0.000644 -0.000739  -0.765686 -0.000014 -1.356238
4  11.480129 0.000205 -0.000818  0.962311 -0.587656 0.395960
5  3.859510 -0.142879 -1.192049  -0.564874 -0.363952 -1.824543
6  1.312590 0.000011 0.000007  -0.136228 -0.000981 -0.208342
7  0.729354 0.000054 0.000049  -0.007524 -0.009754 -0.114047
8  3.942144 0.046273 -0.431512  -0.498774 0.109385 -1.203070
9  1.539111 0.000086 0.000005  0.016536 -0.136924 -1.019669
10  1.196331 0.000144 0.000029  0.014917 0.002603 -0.521648
11  3.883505 -0.047269 0.431381  -0.286619 0.410095 -0.604649
12  1.719571 -0.000028 0.000014  0.078190 -0.160916 -1.549411
13  1.209180 0.000089 0.000010  -0.001081 -0.002986 -0.400010
14  4.085226 -0.082714 1.151041  0.124883 0.563536 0.134737
15  1.719450 -0.000012 0.000021  0.026136 -0.076896 -1.034307
16  1.099675 0.000050 0.000007  -0.076371 0.028724 -1.554212
17  0.869831 -1.165540 1.469029  -1.115216 -0.526055 -0.323798
18  1.789820 -0.000002 -0.000017  0.001363 -0.009565 0.576155
19  1.207017 -0.000012 -0.000043  0.001064 0.000002 -0.152975
20  5.740637 0.000410 -0.000702  -0.158312 0.000003 0.000071
21  11.481033 0.000255 -0.000822  -0.090274 -0.114723 0.029242
22  6.027524 -0.000329 0.000203  1.531149 -0.628254 1.586855
23  0.000001 11.692101 -0.000007  -0.943534 -0.398569 -0.753794
24  0.000004 0.000009 -0.000001  0.103406 -0.000030 1.570738
25  -0.000001 -0.000011 -0.000002  0.868957 0.000002 1.570712
26  -4.636372 -9.409594 0.376269  1.473120 1.855075 -0.198639
27  6.027503 -0.000263 -0.000231  1.615511 0.519372 -0.142641
28  11.691992 0.000243 0.000856  0.177978 0.000077 -1.909415
29  11.478724 -0.001236 0.001062  -0.447017 0.145122 0.823180
30  3.470057 -0.223830 1.061014  0.607707 -0.335821 -0.510154
31  1.312558 0.000026 0.000000  0.312706 0.039786 -0.148569
32  0.729345 0.000065 -0.000028  0.000166 0.000343 -0.266724
33  3.942046 0.050109 0.430996  0.421954 -0.311781 -0.576623
34  1.539096 0.000010 -0.000001  0.074175 0.001824 -0.057909
35  1.196299 0.000074 -0.000003  -0.005979 -0.004544 -0.524913
36  3.883412 -0.050502 -0.431087  0.201699 -0.434751 -0.260819
37  1.719565 -0.000079 -0.000003  0.106795 0.061884 -0.272263
38  1.209196 0.000035 0.000012  -0.010761 -0.000916 -0.301259
39  3.806436 -0.112148 -1.295329  -0.245219 -0.134836 -0.168721
40  1.719413 -0.000099 -0.000035  0.087271 0.024412 -0.251538
41  1.099674 0.000025 0.000006  -0.005737 0.001517 -0.087073
42  0.628172 -1.014297 -1.514442  1.076133 0.287856 -0.702172
43  1.789779 -0.000010 -0.000042  0.039987 0.001418 -0.084623
44  1.206997 -0.000006 0.000006  -0.004294 -0.004575 0.149538
45  5.740572 0.000055 0.000722  0.249943 -0.000014 0.000021
46  11.480689 -0.000211 0.000961  0.206882 0.088870 0.119539
47  6.027514 -0.000273 -0.000239  -0.625407 -0.558992 -1.347795
48  -0.000000 11.691974 -0.000005  -1.270471 0.716596 0.939993
49  0.000003 -0.000002 -0.000000  2.450504 -0.000041 1.570856
50  -0.000006 -0.000015 0.000005  2.272644 -0.000030 1.570865
51  -6.583905 -3.236469 -5.731721  -3.026478 0.015124 -1.543231
52  -0.000000 0.000000 -0.000000  0.008153 -0.000259 0.000009
53  -0.000000 -0.000000 -0.000000  1.565115 0.043565 -0.106862
54  -1.481988 -15.563991 -6.881252  -0.904315 -0.090742 -1.965906
55  0.000001 0.000001 -0.000000  0.000000 -0.000000 -0.000002
56  0.000031 0.000030 0.000001  -1.571901 -0.044449 -0.106509
57  3.528083 -15.030541 -15.728490  1.570796 -0.000000 0.000000
58  -21.599098 7.001666 -12.508070  1.570796 -0.000000 0.000000
59  2.236387 -0.189356 -5.367696  1.570796 -0.000000 0.000000
60  -0.004311 0.001230 -0.000371  0.006898 -0.005534 -0.284229
61  0.376268 10.084437 -2.887995  1.570796 -0.000000 0.000000
62  0.000000 0.000000 0.000000  -0.078727 -3.136056 0.284226
63  0.000000 0.000000 0.000000  1.565126 0.002625 -0.000617
64  -3.001339 -14.672918 -3.203073  1.669681 0.119692 -0.026483
65  0.020863 -0.834790 -4.400273  0.000000 -0.000000 -0.000000
66  0.020868 0.023234 30.873930  0.000000 -0.000000 -0.000000
67  0.020865 -0.185995 -5.439826  0.000000 -0.000000 -0.000000
68  0.000000 0.209231 3.187962  0.000000 -0.000000 -0.000000
69  0.000000 0.000000 0.559457  0.000000 -0.000000 -0.000000
70  0.020865 -0.110953 -1.554707  0.000000 -0.000000 -0.000000
71  -3.894284 10.434156 -8.923967  1.570796 -0.000000 0.000000
72  -3.149600 -18.108734 -3.755976  1.669681 0.119692 -0.026483
73  -3.045484 -13.562182 -3.989294  1.669681 0.119692 -0.026483
74  -3.106723 -13.508499 -4.510125  1.669681 0.119692 -0.026483
75  -3.168540 -13.454308 -5.035878  1.669681 0.119692 -0.026483
76  -3.229468 -13.400897 -5.554062  1.669681 0.119692 -0.026483
time 89
0  0.000006 0.000000 0.000000  -1.570800 -1.391899 -1.570792
1  -5.247190 1.140902 2.232071  -1.544956 -1.855077 -0.198630
2  6.027524 -0.000323 0.000193  -0.633723 -0.954524 -1.627460
3  11.692109 0.000644 -0.000739  -0.800132 -0.000014 -1.357998
4  11.480119 0.000228 -0.000817  0.978776 -0.608529 0.365284
5  3.859509 -0.142880 -1.192050  -0.564874 -0.363952 -1.824543
6  1.312590 0.000012 0.000009  -0.136228 -0.000981 -0.208342
7  0.729357 0.000053 0.000050  -0.007524 -0.009754 -0.114047
8  3.942143 0.046272 -0.431513  -0.498774 0.109385 -1.203070
9  1.539111 0.000084 0.000005  0.016536 -0.136924 -1.019669
10  1.196333 0.000145 0.000028  0.014917 0.002603 -0.521648
11  3.883506 -0.047270 0.431381  -0.286619 0.410095 -0.604649
12  1.719572 -0.000026 0.000014  0.078190 -0.160916 -1.549411
13  1.209179 0.000091 0.000010  -0.001081 -0.002986 -0.400010
14  4.085223 -0.082716 1.151040  0.124883 0.563536 0.134737
15  1.719449 -0.000011 0.000023  0.026136 -0.076896 -1.034307
16  1.099674 0.000046 0.000005  -0.076371 0.028724 -1.554212
17  0.869831 -1.165541 1.469028  -1.131017 -0.525486 -0.281250
18  1.789819 -0.000003 -0.000018  0.001058 -0.007744 0.587699
19  1.207015 -0.000012 -0.000043  0.000861 -0.000000 -0.150093
20  5.740638 0.000410 -0.000704  -0.159041 0.000003 0.000071
21  11.481032 0.000259 -0.000822  -0.087456 -0.116966 0.023236
22  6.027524 -0.000329 0.000203  1.522624 -0.614714 1.597546
23  0.000002 11.692100 -0.000006  -0.944597 -0.399489 -0.754517
24  0.000002 0.000009 -0.000000  0.068961 -0.000031 1.570739
25  -0.000000 -0.000012 -0.000001  0.868957 0.000002 1.570712
26  -4.636372 -9.409594 0.376269  1.473120 1.855075 -0.198639
27  6.027503 -0.000263 -0.000231  1.619703 0.596837 -0.137640
28  11.691993 0.000243 0.000855  0.270890 0.000077 -1.901508
29  11.478792 -0.001101 0.001163  -0.453127 0.106370 0.999457
30  3.462824 -0.225413 1.057119  0.653863 -0.403884 -0.542226
31  1.312558 0.000024 0.000000  0.330321 0.041423 -0.142171
32  0.729345 0.000065 -0.000026  -0.000023 -0.000019 -0.244285
33  3.942046 0.050109 0.430997  0.448945 -0.358212 -0.583594
34  1.539097 0.000009 -0.000001  0.082002 0.003745 -0.050016
35  1.196300 0.000075 -0.000004  -0.006348 -0.004326 -0.520052
36  3.883411 -0.050502 -0.431087  0.220890 -0.470691 -0.230626
37  1.719565 -0.000078 -0.000004  0.115818 0.074950 -0.403776
38  1.209196 0.000035 0.000012  -0.010988 -0.000357 -0.293062
39  3.806436 -0.112147 -1.295330  -0.238990 -0.120705 -0.139293
40  1.719412 -0.000100 -0.000034  0.092547 0.030135 -0.355750
41  1.099674 0.000025 0.000008  -0.005758 0.002174 -0.046359
42  0.628172 -1.014297 -1.514441  1.015960 0.248328 -0.794574
43  1.789779 -0.000010 -0.000042  0.044274 0.004529 -0.106077
44  1.206996 -0.000007 0.000006  -0.002100 -0.002755 0.222914
45  5.740573 0.000054 0.000724  0.259524 -0.000014 0.000021
46  11.480703 -0.000185 0.000982  0.204838 0.097493 0.156435
47  6.027514 -0.000273 -0.000239  -0.707663 -0.526526 -1.302507
48  -0.000003 11.691975 -0.000007  -1.265751 0.711723 0.937979
49  0.000003 -0.000001 -0.000000  2.543416 -0.000041 1.570856
50  -0.000007 -0.000015 0.000004  2.272644 -0.000030 1.570865
51  -5.707190 -3.390547 -5.292030  0.137455 2.964146 1.570461
52  -0.000000 -0.000000 0.000000  0.008153 -0.000259 0.000009
53  -0.000000 0.000000 0.000000  1.565115 0.043565 -0.106862
54  -1.531207 -15.514962 -6.692102  -0.921859 -0.108462 -1.960913
55  -0.000000 0.000000 -0.000000  0.000000 -0.000000 -0.000002
56  0.000030 0.000030 0.000001  -1.571902 -0.044449 -0.106509
57  3.571491 -15.257644 -15.737518  1.570796 -0.000000 0.000000
58  -21.599098 7.001666 -12.508070  1.570796 -0.000000 0.000000
59  2.236387 -0.189356 -5.367696  1.570796 -0.000000 0.000000
60  -0.004311 0.001230 -0.000371  0.006898 -0.005534 -0.284229
61  0.376268 10.084437 -2.887995  1.570796 -0.000000 0.000000
62  0.000000 0.000000 0.000000  -0.078727 -3.136056 0.284226
63  0.000000 0.000000 0.000000  1.564431 0.001092 0.000137
64  -2.968948 -14.592920 -2.988835  1.659319 0.142346 -0.024589
65  0.020863 -0.834790 -4.400273  -0.000000 0.000000 0.000000
66  0.020868 0.023234 30.873930  -0.000000 0.000000 0.000000
67  0.020865 -0.185995 -5.439826  -0.000000 0.000000 0.000000
68  -0.000000 0.209231 3.187961  -0.000000 0.000000 0.000000
69  0.000000 0.000001 0.559456  -0.000000 0.000000 0.000000
70  0.020865 -0.110953 -1.554708  -0.000000 0.000000 0.000000
71  -3.894284 10.434156 -8.923967  1.570796 -0.000000 0.000000
72  -3.118283 -18.034399 -3.504999  1.659319 0.142346 -0.024589
73  -3.034809 -13.490028 -3.784524  1.659319 0.142346 -0.024589
74  -3.108135 -13.441607 -4.304309  1.659319 0.142346 -0.024589
75  -3.182153 -13.392728 -4.829005  1.659319 0.142346 -0.024589
76  -3.255105 -13.344552 -5.346148  1.659319 0.142346 -0.024589
time 90
0  0.000006 0.000000 0.000000  -1.570800 -1.391899 -1.570792
1  -5.247190 1.140902 2.232071  -1.544956 -1.855077 -0.198630
2  6.027524 -0.000323 0.000193  -0.647880 -0.966354 -1.617563
3  11.692109 0.000643 -0.000739  -0.835669 -0.000015 -1.376144
4  11.480002 0.000216 -0.000854  1.044980 -0.621327 0.380715
5  3.859508 -0.142879 -1.192050  -0.564874 -0.363952 -1.824543
6  1.312589 0.000013 0.000008  -0.136228 -0.000981 -0.208342
7  0.729354 0.000054 0.000050  -0.007524 -0.009753 -0.114047
8  3.942142 0.046273 -0.431513  -0.498774 0.109385 -1.203070
9  1.539112 0.000084 0.000005  0.016536 -0.136924 -1.019669
10  1.196333 0.000145 0.000029  0.014917 0.002603 -0.521648
11  3.883504 -0.047269 0.431381  -0.286619 0.410095 -0.604649
12  1.719573 -0.000026 0.000016  0.078190 -0.160916 -1.549411
13  1.209178 0.000092 0.000012  -0.001081 -0.002986 -0.400010
14  4.085221 -0.082715 1.151040  0.124883 0.563536 0.134737
15  1.719450 -0.000011 0.000021  0.026136 -0.076896 -1.034307
16  1.099676 0.000051 0.000006  -0.076371 0.028724 -1.554212
17  0.869829 -1.165540 1.469029  -1.150386 -0.526038 -0.232899
18  1.789817 -0.000004 -0.000018  0.000656 -0.005120 0.604295
19  1.207015 -0.000012 -0.000044  0.000570 -0.000003 -0.145949
20  5.740634 0.000410 -0.000702  -0.146293 0.000003 0.000071
21  11.481007 0.000257 -0.000828  -0.073913 -0.118019 0.029749
22  6.027524 -0.000329 0.000203  1.533563 -0.603521 1.589582
23  0.000003 11.692100 -0.000007  -0.955540 -0.409018 -0.761928
24  0.000003 0.000008 -0.000001  0.033425 -0.000030 1.570739
25  -0.000000 -0.000011 -0.000001  0.868957 0.000002 1.570712
26  -4.636372 -9.409594 0.376269  1.473120 1.855075 -0.198639
27  6.027504 -0.000263 -0.000229  1.635635 0.717964 -0.123946
28  11.691993 0.000243 0.000854  0.348466 0.000074 -1.863742
29  11.479123 -0.000845 0.001188  -0.413627 0.090987 1.175918
30  3.457427 -0.226595 1.054212  0.721181 -0.380054 -0.968864
31  1.312558 0.000026 0.000000  0.249824 -0.010251 -0.213855
32  0.729345 0.000066 -0.000027  0.007616 -0.003110 -0.289215
33  3.942047 0.050109 0.430997  0.476891 -0.324630 -0.917747
34  1.539097 0.000010 -0.000000  0.054858 -0.027641 -0.186057
35  1.196299 0.000075 -0.000004  -0.001697 -0.005226 -0.581290
36  3.883412 -0.050501 -0.431087  0.262728 -0.451717 -0.542360
37  1.719563 -0.000080 -0.000003  0.069859 0.043002 -0.654771
38  1.209196 0.000036 0.000012  -0.005202 -0.001669 -0.377079
39  3.806436 -0.112148 -1.295329  -0.246556 -0.174612 -0.190004
40  1.719413 -0.000099 -0.000035  0.082074 0.023593 -0.546654
41  1.099674 0.000025 0.000007  -0.004140 -0.000255 -0.286452
42  0.628172 -1.014297 -1.514441  1.006121 0.154956 -0.829727
43  1.789779 -0.000009 -0.000042  0.045254 0.047899 -0.083664
44  1.206996 -0.000007 0.000005  -0.005947 -0.003181 0.528708
45  5.740572 0.000055 0.000723  0.277547 -0.000014 0.000021
46  11.480768 -0.000133 0.000987  0.208434 0.115029 0.189072
47  6.027514 -0.000273 -0.000239  -0.826872 -0.464540 -1.241804
48  -0.000002 11.691975 -0.000005  -1.243298 0.688551 0.928064
49  0.000003 -0.000000 0.000001  2.620992 -0.000041 1.570856
50  -0.000007 -0.000015 0.000005  2.272644 -0.000030 1.570865
51  -4.482333 -3.735606 -4.586541  0.175855 2.837532 1.539889
52  -0.000000 0.000000 0.000000  0.008153 -0.000259 0.000009
53  0.000000 0.000000 0.000000  1.565115 0.043565 -0.106862
54  -1.339033 -15.467991 -6.404696  -0.873403 -0.103390 -1.967634
55  -0.000001 -0.000001 0.000000  0.000000 -0.000000 -0.000002
56  0.000029 0.000028 0.000001  -1.571901 -0.044449 -0.106509
57  3.693762 -15.594857 -15.762949  1.570796 -0.000000 0.000000
58  -21.599098 7.001666 -12.508070  1.570796 -0.000000 0.000000
59  2.236387 -0.189356 -5.367696  1.570796 -0.000000 0.000000
60  -0.004311 0.001230 -0.000371  0.006898 -0.005534 -0.284229
61  0.376268 10.084437 -2.887995  1.570796 -0.000000 0.000000
62  0.000000 0.000000 0.000000  -0.078727 -3.136056 0.284226
63  0.000000 0.000000 0.000000  1.564538 -0.000230 0.000831
64  -2.945352 -14.493015 -2.785221  1.646658 0.095554 -0.027688
65  0.020864 -0.834790 -4.400272  0.000000 0.000000 0.000000
66  0.020868 0.023235 30.873936  0.000000 0.000000 0.000000
67  0.020865 -0.185995 -5.439824  0.000000 0.000000 0.000000
68  -0.000000 0.209231 3.187961  0.000000 0.000000 0.000000
69  0.000000 0.000000 0.559456  0.000000 0.000000 0.000000
70  0.020865 -0.110953 -1.554707  0.000000 0.000000 0.000000
71  -3.894284 10.434156 -8.923967  1.570796 -0.000000 0.000000
72  -3.077162 -17.941109 -3.260399  1.646658 0.095554 -0.027688
73  -2.972094 -13.401145 -3.598197  1.646658 0.095554 -0.027688
74  -3.021121 -13.359819 -4.121443  1.646658 0.095554 -0.027688
75  -3.070610 -13.318103 -4.649633  1.646658 0.095554 -0.027688
76  -3.119386 -13.276986 -5.170218  1.646658 0.095554 -0.027688
time 91
0  0.000006 0.000000 0.000000  -1.570800 -1.391899 -1.570792
1  -5.247190 1.140902 2.232071  -1.544956 -1.855077 -0.198630
2  6.027524 -0.000323 0.000193  -0.677688 -0.975357 -1.598909
3  11.692109 0.000643 -0.000740  -0.865790 -0.000017 -1.407519
4  11.479822 0.000175 -0.000923  1.131447 -0.635467 0.429020
5  3.859509 -0.142879 -1.192049  -0.564874 -0.363952 -1.824543
6  1.312591 0.000011 0.000007  -0.136228 -0.000981 -0.208342
7  0.729355 0.000053 0.000050  -0.007524 -0.009754 -0.114047
8  3.942144 0.046273 -0.431512  -0.498774 0.109385 -1.203070
9  1.539111 0.000084 0.000005  0.016536 -0.136924 -1.019669
10  1.196333 0.000144 0.000029  0.014917 0.002603 -0.521648
11  3.883504 -0.047269 0.431381  -0.286619 0.410095 -0.604649
12  1.719573 -0.000026 0.000014  0.078190 -0.160916 -1.549411
13  1.209179 0.000090 0.000011  -0.001081 -0.002986 -0.400010
14  4.085221 -0.082716 1.151041  0.124883 0.563536 0.134737
15  1.719451 -0.000010 0.000021  0.026135 -0.076896 -1.034307
16  1.099674 0.000048 0.000003  -0.076371 0.028724 -1.554212
17  0.869829 -1.165540 1.469029  -1.168446 -0.526821 -0.189771
18  1.789819 -0.000003 -0.000018  0.000297 -0.002490 0.620890
19  1.207014 -0.000012 -0.000042  0.000278 -0.000005 -0.141806
20  5.740638 0.000411 -0.000701  -0.127266 0.000003 0.000071
21  11.480972 0.000248 -0.000842  -0.055092 -0.119426 0.043934
22  6.027524 -0.000329 0.000203  1.554439 -0.595326 1.571856
23  0.000002 11.692099 -0.000006  -0.974389 -0.425668 -0.774545
24  0.000003 0.000009 -0.000002  0.003305 -0.000031 1.570739
25  -0.000001 -0.000012 -0.000000  0.868957 0.000002 1.570712
26  -4.636372 -9.409594 0.376269  1.473120 1.855075 -0.198639
27  6.027505 -0.000263 -0.000228  1.642730 0.784271 -0.116157
28  11.691993 0.000243 0.000855  0.404939 0.000070 -1.818663
29  11.479522 -0.000570 0.001144  -0.377628 0.118420 1.222018
30  3.454039 -0.227337 1.052388  0.739851 -0.174824 -1.854086
31  1.312558 0.000025 -0.000000  0.088766 -0.139539 -0.354055
32  0.729345 0.000066 -0.000027  0.024358 -0.007938 -0.385534
33  3.942046 0.050109 0.430997  0.456812 -0.181341 -1.638217
34  1.539097 0.000010 0.000000  0.011732 -0.106259 -0.478801
35  1.196300 0.000076 -0.000004  0.008410 -0.006189 -0.712611
36  3.883411 -0.050501 -0.431087  0.309327 -0.367989 -1.227484
37  1.719564 -0.000077 -0.000004  0.000467 -0.057205 -0.984621
38  1.209197 0.000036 0.000012  0.007477 -0.002823 -0.557579
39  3.806436 -0.112148 -1.295329  -0.253477 -0.291191 -0.299741
40  1.719412 -0.000100 -0.000034  0.065954 -0.001206 -0.795604
41  1.099673 0.000025 0.000006  0.001166 -0.003864 -0.817546
42  0.628172 -1.014298 -1.514441  1.025417 0.000623 -0.811639
43  1.789779 -0.000009 -0.000042  0.044369 0.135774 -0.035726
44  1.206997 -0.000007 0.000005  -0.013949 -0.000927 1.082014
45  5.740573 0.000056 0.000724  0.282355 -0.000014 0.000021
46  11.480849 -0.000078 0.000979  0.209794 0.127534 0.193070
47  6.027514 -0.000273 -0.000239  -0.890057 -0.430205 -1.211514
48  -0.000001 11.691977 -0.000006  -1.216654 0.661124 0.915606
49  0.000003 -0.000001 0.000001  2.677464 -0.000041 1.570856
50  -0.000006 -0.000015 0.000006  2.272644 -0.000030 1.570865
51  -3.898963 -4.099366 -4.283014  0.220420 2.800774 1.532072
52  -0.000001 -0.000000 0.000000  0.008153 -0.000259 0.000009
53  0.000000 -0.000000 0.000000  1.565115 0.043565 -0.106862
54  -1.020152 -15.369625 -6.064353  -0.786993 -0.084061 -1.978067
55  -0.000001 0.000000 -0.000000  0.000000 -0.000000 -0.000002
56  0.000029 0.000029 0.000001  -1.571902 -0.044449 -0.106509
57  3.850755 -15.951959 -15.795601  1.570796 -0.000000 0.000000
58  -21.599098 7.001666 -12.508070  1.570796 -0.000000 0.000000
59  2.236387 -0.189356 -5.367696  1.570796 -0.000000 0.000000
60  -0.004311 0.001230 -0.000371  0.006898 -0.005534 -0.284229
61  0.376268 10.084437 -2.887995  1.570796 -0.000000 0.000000
62  0.000000 0.000000 0.000000  -0.078727 -3.136056 0.284226
63  0.000000 0.000000 0.000000  1.564836 -0.001332 0.001338
64  -2.930923 -14.334330 -2.613476  1.633296 0.008396 -0.030723
65  0.020864 -0.834790 -4.400273  -0.000000 0.000000 0.000000
66  0.020868 0.023235 30.873930  -0.000000 0.000000 0.000000
67  0.020865 -0.185995 -5.439825  -0.000000 0.000000 0.000000
68  -0.000000 0.209232 3.187961  -0.000000 0.000000 0.000000
69  0.000000 0.000001 0.559455  -0.000000 0.000000 0.000000
70  0.020865 -0.110953 -1.554709  -0.000000 0.000000 0.000000
71  -3.894284 10.434156 -8.923967  1.570796 -0.000000 0.000000
72  -3.031514 -17.789349 -3.043865  1.633296 0.008396 -0.030723
73  -2.883859 -13.255538 -3.442825  1.633296 0.008396 -0.030723
74  -2.887264 -13.222492 -3.968938  1.633296 0.008396 -0.030723
75  -2.890700 -13.189134 -4.500021  1.633296 0.008396 -0.030723
76  -2.894086 -13.156256 -5.023458  1.633296 0.008396 -0.030723
time 92
0  0.000006 0.000000 0.000000  -1.570800 -1.391899 -1.570792
1  -5.247190 1.140902 2.232071  -1.544956 -1.855077 -0.198630
2  6.027524 -0.000323 0.000193  -0.692091 -0.981391 -1.582076
3  11.692109 0.000643 -0.000740  -0.884412 -0.000019 -1.437498
4  11.479658 0.000139 -0.000987  1.175267 -0.656898 0.454564
5  3.859510 -0.142879 -1.192050  -0.564874 -0.363952 -1.824543
6  1.312590 0.000012 0.000006  -0.136228 -0.000981 -0.208342
7  0.729355 0.000054 0.000048  -0.007524 -0.009754 -0.114047
8  3.942142 0.046273 -0.431512  -0.498774 0.109385 -1.203070
9  1.539111 0.000083 0.000005  0.016536 -0.136924 -1.019669
10  1.196334 0.000145 0.000029  0.014917 0.002603 -0.521648
11  3.883505 -0.047268 0.431381  -0.286619 0.410095 -0.604649
12  1.719573 -0.000025 0.000015  0.078190 -0.160916 -1.549411
13  1.209180 0.000090 0.000011  -0.001081 -0.002986 -0.400010
14  4.085223 -0.082715 1.151041  0.124883 0.563536 0.134737
15  1.719449 -0.000012 0.000023  0.026136 -0.076896 -1.034307
16  1.099675 0.000048 0.000004  -0.076371 0.028724 -1.554212
17  0.869830 -1.165540 1.469029  -1.180554 -0.527357 -0.161643
18  1.789820 -0.000003 -0.000018  0.000074 -0.000657 0.632431
19  1.207013 -0.000012 -0.000044  0.000075 -0.000006 -0.138923
20  5.740638 0.000410 -0.000704  -0.120192 0.000003 0.000070
21  11.480939 0.000240 -0.000856  -0.044691 -0.122636 0.050760
22  6.027524 -0.000329 0.000203  1.564280 -0.589458 1.571245
23  0.000001 11.692099 -0.000007  -0.992317 -0.441777 -0.786365
24  0.000003 0.000010 -0.000001  -0.015315 -0.000031 1.570739
25  -0.000000 -0.000012 -0.000001  0.868957 0.000002 1.570712
26  -4.636372 -9.409594 0.376269  1.473120 1.855075 -0.198639
27  6.027505 -0.000263 -0.000228  1.643423 0.798847 -0.114878
28  11.691992 0.000242 0.000855  0.438172 0.000070 -1.807098
29  11.479623 -0.000474 0.001135  -0.371401 0.155624 1.224928
30  3.452862 -0.227595 1.051754  0.688145 -0.092339 -2.215292
31  1.312559 0.000026 0.000000  0.019465 -0.206537 -0.412540
32  0.729344 0.000066 -0.000027  0.032310 -0.009584 -0.430519
33  3.942046 0.050109 0.430996  0.414610 -0.126882 -1.945155
34  1.539096 0.000010 0.000000  -0.000118 -0.146012 -0.613617
35  1.196299 0.000076 -0.000004  0.013147 -0.006182 -0.773856
36  3.883412 -0.050502 -0.431087  0.307637 -0.325784 -1.518997
37  1.719564 -0.000080 -0.000003  -0.020757 -0.109980 -1.118764
38  1.209196 0.000036 0.000011  0.013405 -0.002577 -0.641606
39  3.806436 -0.112148 -1.295330  -0.252144 -0.345601 -0.351983
40  1.719412 -0.000099 -0.000034  0.060652 -0.014316 -0.897916
41  1.099673 0.000025 0.000006  0.004025 -0.004480 -1.057257
42  0.628172 -1.014298 -1.514441  1.035874 -0.067939 -0.796683
43  1.789779 -0.000009 -0.000042  0.044883 0.176382 -0.013217
44  1.206996 -0.000006 0.000005  -0.016941 0.001364 1.321994
45  5.740572 0.000056 0.000724  0.278701 -0.000014 0.000021
46  11.480868 -0.000059 0.000977  0.206120 0.134162 0.189321
47  6.027514 -0.000273 -0.000239  -0.904028 -0.423066 -1.204946
48  -0.000002 11.691974 -0.000007  -1.209840 0.654129 0.912304
49  0.000003 -0.000001 0.000001  2.710698 -0.000041 1.570856
50  -0.000007 -0.000015 0.000006  2.272644 -0.000030 1.570865
51  -3.771269 -4.190228 -4.228245  0.235058 2.804199 1.527481
52  -0.000000 0.000000 -0.000000  0.008153 -0.000259 0.000009
53  -0.000000 -0.000000 -0.000000  1.565115 0.043565 -0.106862
54  -0.853898 -15.187309 -5.837460  -0.738260 -0.078988 -1.979158
55  0.000000 -0.000001 0.000000  0.000000 -0.000000 -0.000002
56  0.000030 0.000028 0.000001  -1.571901 -0.044449 -0.106509
57  3.973024 -16.206436 -15.821031  1.570796 -0.000000 0.000000
58  -21.599098 7.001666 -12.508070  1.570796 -0.000000 0.000000
59  2.236387 -0.189356 -5.367696  1.570796 -0.000000 0.000000
60  -0.004311 0.001230 -0.000371  0.006898 -0.005534 -0.284229
61  0.376268 10.084437 -2.887995  1.570796 -0.000000 0.000000
62  0.000000 0.000000 0.000000  -0.078727 -3.136056 0.284226
63  0.000000 0.000000 0.000000  1.565290 -0.002206 0.001535
64  -2.926031 -14.108118 -2.494849  1.620054 -0.038611 -0.027645
65  0.020864 -0.834790 -4.400273  0.000000 -0.000000 -0.000000
66  0.020868 0.023235 30.873932  0.000000 -0.000000 -0.000000
67  0.020865 -0.185995 -5.439826  0.000000 -0.000000 -0.000000
68  -0.000000 0.209231 3.187963  0.000000 -0.000000 -0.000000
69  0.000000 0.000001 0.559457  0.000000 -0.000000 -0.000000
70  0.020864 -0.110953 -1.554707  0.000000 -0.000000 -0.000000
71  -3.894284 10.434156 -8.923967  1.570796 -0.000000 0.000000
72  -2.997694 -17.569334 -2.878728  1.620054 -0.038611 -0.027645
73  -2.843105 -13.041349 -3.336843  1.620054 -0.038611 -0.027645
74  -2.822072 -13.015965 -3.862971  1.620054 -0.038611 -0.027645
75  -2.800838 -12.990340 -4.394070  1.620054 -0.038611 -0.027645
76  -2.779912 -12.965085 -4.917524  1.620054 -0.038611 -0.027645
time 93
0  0.000006 0.000000 0.000000  -1.570800 -1.391899 -1.570792
1  -5.247190 1.140902 2.232071  -1.544956 -1.855077 -0.198630
2  6.027524 -0.000323 0.000193  -0.686575 -0.982238 -1.569633
3  11.692107 0.000643 -0.000739  -0.890213 -0.000020 -1.459727
4  11.479160 -0.000047 -0.001222  1.170698 -0.680258 0.439216
5  3.859510 -0.142879 -1.192049  -0.564874 -0.363952 -1.824543
6  1.312590 0.000013 0.000008  -0.136228 -0.000981 -0.208342
7  0.729353 0.000053 0.000049  -0.007524 -0.009754 -0.114047
8  3.942144 0.046273 -0.431512  -0.498774 0.109385 -1.203070
9  1.539111 0.000083 0.000004  0.016536 -0.136924 -1.019669
10  1.196333 0.000147 0.000027  0.014917 0.002603 -0.521648
11  3.883506 -0.047270 0.431381  -0.286619 0.410095 -0.604649
12  1.719573 -0.000027 0.000015  0.078190 -0.160916 -1.549411
13  1.209180 0.000092 0.000013  -0.001081 -0.002986 -0.400010
14  4.085224 -0.082716 1.151041  0.124883 0.563536 0.134737
15  1.719448 -0.000012 0.000022  0.026136 -0.076896 -1.034307
16  1.099675 0.000050 0.000005  -0.076371 0.028724 -1.554212
17  0.869832 -1.165540 1.469029  -1.184629 -0.527547 -0.152332
18  1.789818 -0.000005 -0.000018  0.000002 -0.000027 0.636397
19  1.207014 -0.000012 -0.000043  0.000006 -0.000006 -0.137933
20  5.740638 0.000410 -0.000702  -0.127367 0.000003 0.000070
21  11.480839 0.000202 -0.000902  -0.044922 -0.126890 0.046469
22  6.027524 -0.000329 0.000203  1.560610 -0.588564 1.590313
23  0.000002 11.692099 -0.000007  -1.005563 -0.453844 -0.794981
24  0.000003 0.000009 -0.000001  -0.021116 -0.000031 1.570739
25  -0.000000 -0.000012 -0.000001  0.868957 0.000002 1.570712
26  -4.636372 -9.409594 0.376269  1.473120 1.855075 -0.198639
27  6.027505 -0.000263 -0.000228  1.640052 0.778868 -0.118029
28  11.691994 0.000244 0.000857  0.448825 0.000071 -1.832585
29  11.479398 -0.000586 0.001199  -0.387685 0.175794 1.217858
30  3.452861 -0.227595 1.051754  0.688145 -0.092339 -2.215292
31  1.312558 0.000026 0.000000  0.019465 -0.206537 -0.412540
32  0.729345 0.000066 -0.000028  0.032310 -0.009584 -0.430519
33  3.942046 0.050108 0.430996  0.414610 -0.126882 -1.945155
34  1.539096 0.000009 -0.000000  -0.000118 -0.146012 -0.613617
35  1.196299 0.000076 -0.000004  0.013147 -0.006182 -0.773856
36  3.883412 -0.050502 -0.431087  0.307637 -0.325784 -1.518997
37  1.719563 -0.000079 -0.000003  -0.020757 -0.109980 -1.118764
38  1.209197 0.000036 0.000011  0.013405 -0.002577 -0.641606
39  3.806436 -0.112148 -1.295330  -0.252144 -0.345601 -0.351983
40  1.719412 -0.000099 -0.000035  0.060652 -0.014316 -0.897916
41  1.099673 0.000026 0.000007  0.004025 -0.004480 -1.057257
42  0.628173 -1.014298 -1.514442  1.035874 -0.067939 -0.796683
43  1.789780 -0.000009 -0.000043  0.044883 0.176382 -0.013217
44  1.206997 -0.000006 0.000005  -0.016941 0.001364 1.321994
45  5.740573 0.000054 0.000723  0.273312 -0.000014 0.000021
46  11.480824 -0.000082 0.000989  0.201105 0.134830 0.186711
47  6.027514 -0.000273 -0.000239  -0.885725 -0.434368 -1.213315
48  -0.000001 11.691975 -0.000004  -1.224867 0.669566 0.919523
49  0.000004 -0.000000 -0.000001  2.721351 -0.000041 1.570856
50  -0.000007 -0.000015 0.000007  2.272644 -0.000030 1.570865
51  -3.885942 -3.969782 -4.298607  0.223273 2.817299 1.532214
52  0.000000 -0.000000 0.000000  0.008153 -0.000259 0.000009
53  0.000000 -0.000000 -0.000000  1.565115 0.043565 -0.106862
54  -0.892617 -14.961232 -5.803421  -0.744052 -0.095192 -1.970093
55  0.000001 0.000000 0.000000  0.000000 -0.000000 -0.000002
56  0.000032 0.000029 0.000001  -1.571901 -0.044449 -0.106509
57  4.016433 -16.292767 -15.830059  1.570796 -0.000000 0.000000
58  -21.599098 7.001666 -12.508070  1.570796 -0.000000 0.000000
59  2.236387 -0.189356 -5.367696  1.570796 -0.000000 0.000000
60  -0.004311 0.001230 -0.000371  0.006898 -0.005534 -0.284229
61  0.376268 10.084437 -2.887995  1.570796 -0.000000 0.000000
62  0.000000 0.000000 0.000000  -0.078727 -3.136056 0.284226
63  0.000000 0.000000 0.000000  1.565866 -0.002842 0.001494
64  -2.935016 -13.857360 -2.450584  1.607147 -0.027233 -0.018659
65  0.020864 -0.834790 -4.400275  0.000000 0.000000 0.000000
66  0.020868 0.023235 30.873924  0.000000 0.000000 0.000000
67  0.020865 -0.185995 -5.439827  0.000000 0.000000 0.000000
68  -0.000000 0.209231 3.187961  0.000000 0.000000 0.000000
69  0.000000 0.000001 0.559456  0.000000 0.000000 0.000000
70  0.020865 -0.110953 -1.554709  0.000000 0.000000 0.000000
71  -3.894284 10.434156 -8.923967  1.570796 -0.000000 0.000000
72  -2.981246 -17.323647 -2.790015  1.607147 -0.027233 -0.018659
73  -2.871093 -12.800690 -3.306849  1.607147 -0.027233 -0.018659
74  -2.856393 -12.781803 -3.833465  1.607147 -0.027233 -0.018659
75  -2.841555 -12.762737 -4.365058  1.607147 -0.027233 -0.018659
76  -2.826930 -12.743945 -4.888997  1.607147 -0.027233 -0.018659
time 94
0  0.000006 0.000000 0.000000  -1.570800 -1.391899 -1.570792
1  -5.247190 1.140902 2.232071  -1.544956 -1.855077 -0.198630
2  6.027524 -0.000323 0.000193  -0.675966 -0.980228 -1.560222
3  11.692108 0.000645 -0.000740  -0.890214 -0.000021 -1.477386
4  11.480657 0.000468 -0.000585  1.156813 -0.702755 0.412460
5  3.859509 -0.142880 -1.192049  -0.564874 -0.363952 -1.824543
6  1.312590 0.000011 0.000008  -0.136228 -0.000981 -0.208342
7  0.729356 0.000053 0.000050  -0.007524 -0.009754 -0.114047
8  3.942144 0.046273 -0.431512  -0.498774 0.109385 -1.203070
9  1.539110 0.000084 0.000005  0.016536 -0.136924 -1.019669
10  1.196333 0.000146 0.000029  0.014917 0.002603 -0.521648
11  3.883506 -0.047269 0.431382  -0.286619 0.410095 -0.604649
12  1.719572 -0.000026 0.000015  0.078190 -0.160916 -1.549411
13  1.209178 0.000092 0.000011  -0.001081 -0.002986 -0.400010
14  4.085224 -0.082716 1.151041  0.124883 0.563536 0.134737
15  1.719449 -0.000012 0.000022  0.026136 -0.076896 -1.034307
16  1.099675 0.000049 0.000007  -0.076371 0.028724 -1.554212
17  0.869832 -1.165541 1.469030  -1.184629 -0.527547 -0.152332
18  1.789819 -0.000002 -0.000019  0.000002 -0.000027 0.636396
19  1.207016 -0.000012 -0.000043  0.000006 -0.000006 -0.137933
20  5.740637 0.000410 -0.000703  -0.136955 0.000003 0.000071
21  11.481138 0.000306 -0.000774  -0.047506 -0.131006 0.039383
22  6.027524 -0.000329 0.000203  1.553456 -0.590428 1.612519
23  0.000001 11.692099 -0.000006  -1.016059 -0.463502 -0.801734
24  0.000003 0.000009 -0.000000  -0.021116 -0.000031 1.570739
25  -0.000001 -0.000012 0.000000  0.868957 0.000002 1.570712
26  -4.636372 -9.409594 0.376269  1.473120 1.855075 -0.198639
27  6.027504 -0.000263 -0.000229  1.637271 0.754837 -0.120982
28  11.691993 0.000244 0.000856  0.448825 0.000073 -1.856184
29  11.479187 -0.000689 0.001248  -0.416155 0.185334 1.207906
30  3.452862 -0.227595 1.051754  0.688145 -0.092339 -2.215292
31  1.312558 0.000026 0.000000  0.019465 -0.206537 -0.412540
32  0.729345 0.000065 -0.000027  0.032310 -0.009584 -0.430519
33  3.942047 0.050109 0.430997  0.414610 -0.126882 -1.945155
34  1.539096 0.000010 0.000000  -0.000118 -0.146012 -0.613617
35  1.196300 0.000076 -0.000003  0.013147 -0.006182 -0.773856
36  3.883412 -0.050502 -0.431087  0.307637 -0.325784 -1.518997
37  1.719563 -0.000078 -0.000003  -0.020757 -0.109980 -1.118764
38  1.209196 0.000036 0.000010  0.013405 -0.002577 -0.641606
39  3.806436 -0.112148 -1.295330  -0.252144 -0.345601 -0.351983
40  1.719412 -0.000100 -0.000034  0.060652 -0.014316 -0.897916
41  1.099673 0.000024 0.000006  0.004025 -0.004480 -1.057257
42  0.628173 -1.014298 -1.514441  1.035874 -0.067939 -0.796683
43  1.789779 -0.000009 -0.000042  0.044883 0.176382 -0.013217
44  1.206997 -0.000007 0.000005  -0.016941 0.001364 1.321994
45  5.740571 0.000055 0.000723  0.266701 -0.000014 0.000021
46  11.480781 -0.000103 0.000999  0.195462 0.132391 0.185374
47  6.027514 -0.000273 -0.000239  -0.863062 -0.447071 -1.224006
48  -0.000001 11.691974 -0.000006  -1.238820 0.683935 0.926021
49  0.000003 -0.000001 0.000001  2.721351 -0.000041 1.570856
50  -0.000006 -0.000015 0.000005  2.272644 -0.000030 1.570865
51  -4.060988 -3.770102 -4.390356  0.197181 2.829755 1.534619
52  0.000000 -0.000000 -0.000001  0.008153 -0.000259 0.000009
53  0.000000 -0.000000 -0.000000  1.565115 0.043565 -0.106862
54  -0.988962 -14.746560 -5.845156  -0.763053 -0.115497 -1.957530
55  0.000000 -0.000001 0.000001  0.000000 -0.000000 -0.000002
56  0.000031 0.000028 0.000002  -1.571901 -0.044449 -0.106509
57  4.016433 -16.292767 -15.830059  1.570796 -0.000000 0.000000
58  -21.599098 7.001666 -12.508070  1.570796 -0.000000 0.000000
59  2.236387 -0.189356 -5.367696  1.570796 -0.000000 0.000000
60  -0.004311 0.001230 -0.000371  0.006898 -0.005534 -0.284229
61  0.376268 10.084437 -2.887995  1.570796 -0.000000 0.000000
62  0.000000 0.000000 0.000000  -0.078727 -3.136056 0.284226
63  0.000000 0.000000 0.000000  1.566530 -0.003230 0.001377
64  -2.958034 -13.625034 -2.454525  1.595292 -0.002156 -0.007920
65  0.020864 -0.834790 -4.400274  0.000000 -0.000000 0.000000
66  0.020868 0.023235 30.873924  0.000000 -0.000000 0.000000
67  0.020865 -0.185994 -5.439824  0.000000 -0.000000 0.000000
68  -0.000000 0.209231 3.187963  0.000000 -0.000000 0.000000
69  0.000000 0.000000 0.559456  0.000000 -0.000000 0.000000
70  0.020865 -0.110953 -1.554708  0.000000 -0.000000 0.000000
71  -3.894284 10.434156 -8.923967  1.570796 -0.000000 0.000000
72  -2.975672 -17.095337 -2.753194  1.595292 -0.002156 -0.007920
73  -2.926999 -12.577804 -3.324107  1.595292 -0.002156 -0.007920
74  -2.925761 -12.564901 -3.851108  1.595292 -0.002156 -0.007920
75  -2.924511 -12.551877 -4.383088  1.595292 -0.002156 -0.007920
76  -2.923279 -12.539040 -4.907409  1.595292 -0.002156 -0.007920
time 95
0  0.000006 0.000000 0.000000  -1.570800 -1.391899 -1.570792
1  -5.247190 1.140902 2.232071  -1.544956 -1.855077 -0.198630
2  6.027524 -0.000323 0.000193  -0.663492 -0.980026 -1.554993
3  11.692108 0.000643 -0.000740  -0.890214 -0.000022 -1.487447
4  11.480571 0.000435 -0.000629  1.145328 -0.721763 0.383458
5  3.859509 -0.142880 -1.192049  -0.564874 -0.363952 -1.824543
6  1.312590 0.000011 0.000008  -0.136228 -0.000981 -0.208342
7  0.729355 0.000054 0.000049  -0.007524 -0.009754 -0.114047
8  3.942143 0.046272 -0.431512  -0.498774 0.109385 -1.203070
9  1.539111 0.000085 0.000005  0.016536 -0.136924 -1.019669
10  1.196332 0.000145 0.000029  0.014917 0.002603 -0.521648
11  3.883504 -0.047270 0.431381  -0.286619 0.410095 -0.604649
12  1.719573 -0.000026 0.000016  0.078190 -0.160916 -1.549411
13  1.209181 0.000092 0.000010  -0.001081 -0.002986 -0.400010
14  4.085222 -0.082716 1.151041  0.124883 0.563536 0.134737
15  1.719448 -0.000013 0.000021  0.026136 -0.076896 -1.034307
16  1.099676 0.000046 0.000006  -0.076371 0.028724 -1.554212
17  0.869829 -1.165541 1.469029  -1.184629 -0.527547 -0.152332
18  1.789822 -0.000003 -0.000018  0.000002 -0.000027 0.636396
19  1.207018 -0.000012 -0.000043  0.000006 -0.000006 -0.137933
20  5.740637 0.000409 -0.000703  -0.144974 0.000003 0.000071
21  11.481121 0.000299 -0.000783  -0.050041 -0.134283 0.032191
22  6.027524 -0.000329 0.000203  1.545091 -0.590362 1.632766
23  0.000002 11.692099 -0.000008  -1.022029 -0.469033 -0.805545
24  0.000002 0.000008 -0.000000  -0.021116 -0.000031 1.570739
25  0.000000 -0.000012 -0.000002  0.868957 0.000002 1.570712
26  -4.636372 -9.409594 0.376269  1.473120 1.855075 -0.198639
27  6.027504 -0.000263 -0.000229  1.636237 0.733508 -0.122751
28  11.691991 0.000244 0.000856  0.448825 0.000075 -1.872910
29  11.479042 -0.000760 0.001283  -0.446281 0.192169 1.195160
30  3.452861 -0.227596 1.051754  0.688145 -0.092339 -2.215292
31  1.312559 0.000026 -0.000000  0.019465 -0.206537 -0.412540
32  0.729346 0.000066 -0.000027  0.032310 -0.009584 -0.430519
33  3.942046 0.050109 0.430996  0.414610 -0.126882 -1.945155
34  1.539096 0.000010 -0.000000  -0.000118 -0.146012 -0.613617
35  1.196300 0.000076 -0.000004  0.013147 -0.006182 -0.773856
36  3.883411 -0.050502 -0.431087  0.307637 -0.325784 -1.518997
37  1.719564 -0.000078 -0.000003  -0.020757 -0.109980 -1.118764
38  1.209198 0.000035 0.000012  0.013405 -0.002577 -0.641606
39  3.806436 -0.112148 -1.295330  -0.252144 -0.345601 -0.351983
40  1.719411 -0.000100 -0.000034  0.060652 -0.014316 -0.897916
41  1.099674 0.000023 0.000007  0.004025 -0.004480 -1.057257
42  0.628172 -1.014298 -1.514442  1.035874 -0.067939 -0.796683
43  1.789779 -0.000009 -0.000042  0.044883 0.176382 -0.013217
44  1.206997 -0.000006 0.000005  -0.016941 0.001364 1.321994
45  5.740572 0.000055 0.000724  0.259902 -0.000014 0.000021
46  11.480753 -0.000116 0.001006  0.189965 0.129196 0.183898
47  6.027514 -0.000273 -0.000239  -0.842231 -0.457289 -1.234177
48  -0.000002 11.691974 -0.000006  -1.248736 0.694161 0.930515
49  0.000004 -0.000002 0.000000  2.721351 -0.000041 1.570856
50  -0.000007 -0.000015 0.000005  2.272644 -0.000030 1.570865
51  -4.239968 -3.630941 -4.469263  0.171222 2.840773 1.536783
52  -0.000000 0.000000 -0.000000  0.008153 -0.000259 0.000009
53  -0.000000 -0.000000 -0.000000  1.565115 0.043565 -0.106862
54  -1.094471 -14.590923 -5.890908  -0.782764 -0.134245 -1.945082
55  -0.000001 0.000000 0.000000  0.000000 -0.000000 -0.000002
56  0.000029 0.000029 0.000001  -1.571902 -0.044449 -0.106509
57  4.016433 -16.292767 -15.830059  1.570796 -0.000000 0.000000
58  -21.599098 7.001666 -12.508070  1.570796 -0.000000 0.000000
59  2.236387 -0.189356 -5.367696  1.570796 -0.000000 0.000000
60  -0.004311 0.001230 -0.000371  0.006898 -0.005534 -0.284229
61  0.376268 10.084437 -2.887995  1.570796 -0.000000 0.000000
62  0.000000 0.000000 0.000000  -0.078727 -3.136056 0.284226
63  0.000000 0.000000 0.000000  1.567245 -0.003363 0.001205
64  -2.989177 -13.454121 -2.463196  1.585074 0.022935 0.001967
65  0.020864 -0.834790 -4.400271  0.000000 0.000000 0.000000
66  0.020868 0.023234 30.873932  0.000000 0.000000 0.000000
67  0.020865 -0.185995 -5.439825  0.000000 0.000000 0.000000
68  -0.000000 0.209231 3.187962  0.000000 0.000000 0.000000
69  0.000000 0.000000 0.559457  0.000000 0.000000 0.000000
70  0.020865 -0.110953 -1.554707  0.000000 0.000000 0.000000
71  -3.894284 10.434156 -8.923967  1.570796 -0.000000 0.000000
72  -2.979183 -16.927311 -2.726552  1.585074 0.022935 0.001967
73  -2.990548 -12.415619 -3.343729  1.585074 0.022935 0.001967
74  -3.002651 -12.408116 -3.870696  1.585074 0.022935 0.001967
75  -3.014869 -12.400542 -4.402643  1.585074 0.022935 0.001967
76  -3.026911 -12.393078 -4.926931  1.585074 0.022935 0.001967
time 96
0  0.000006 0.000000 0.000000  -1.570800 -1.391899 -1.570792
1  -5.247190 1.140902 2.232071  -1.544956 -1.855077 -0.198630
2  6.027524 -0.000323 0.000193  -0.655548 -0.981003 -1.554941
3  11.692108 0.000643 -0.000740  -0.890214 -0.000022 -1.488765
4  11.480557 0.000429 -0.000632  1.146425 -0.730767 0.362963
5  3.859508 -0.142880 -1.192050  -0.564874 -0.363952 -1.824543
6  1.312590 0.000012 0.000006  -0.136228 -0.000981 -0.208342
7  0.729355 0.000054 0.000050  -0.007524 -0.009754 -0.114047
8  3.942143 0.046273 -0.431512  -0.498774 0.109385 -1.203070
9  1.539111 0.000085 0.000005  0.016536 -0.136924 -1.019669
10  1.196331 0.000145 0.000029  0.014917 0.002603 -0.521648
11  3.883503 -0.047270 0.431381  -0.286619 0.410095 -0.604649
12  1.719573 -0.000027 0.000016  0.078190 -0.160916 -1.549411
13  1.209179 0.000092 0.000012  -0.001081 -0.002986 -0.400010
14  4.085223 -0.082716 1.151041  0.124883 0.563536 0.134737
15  1.719448 -0.000011 0.000022  0.026136 -0.076896 -1.034307
16  1.099674 0.000049 0.000005  -0.076371 0.028724 -1.554212
17  0.869829 -1.165540 1.469029  -1.184629 -0.527547 -0.152332
18  1.789819 -0.000003 -0.000018  0.000002 -0.000027 0.636397
19  1.207017 -0.000012 -0.000044  0.000006 -0.000006 -0.137933
20  5.740636 0.000409 -0.000702  -0.147636 0.000003 0.000071
21  11.481117 0.000298 -0.000783  -0.050465 -0.135483 0.027990
22  6.027524 -0.000329 0.000203  1.539837 -0.589160 1.642339
23  0.000001 11.692100 -0.000007  -1.022811 -0.469759 -0.806043
24  0.000002 0.000009 -0.000002  -0.021116 -0.000031 1.570738
25  -0.000001 -0.000011 -0.000001  0.868957 0.000002 1.570712
26  -4.636372 -9.409594 0.376269  1.473120 1.855075 -0.198639
27  6.027504 -0.000263 -0.000229  1.634137 0.720349 -0.124604
28  11.691992 0.000243 0.000855  0.448825 0.000075 -1.878318
29  11.478992 -0.000783 0.001295  -0.463557 0.196706 1.178944
30  3.452861 -0.227595 1.051754  0.688145 -0.092339 -2.215292
31  1.312558 0.000025 0.000000  0.019465 -0.206537 -0.412540
32  0.729345 0.000065 -0.000028  0.032310 -0.009584 -0.430519
33  3.942046 0.050109 0.430996  0.414610 -0.126882 -1.945155
34  1.539096 0.000010 0.000000  -0.000118 -0.146012 -0.613617
35  1.196299 0.000075 -0.000005  0.013147 -0.006182 -0.773856
36  3.883411 -0.050502 -0.431087  0.307637 -0.325784 -1.518997
37  1.719564 -0.000079 -0.000003  -0.020757 -0.109980 -1.118764
38  1.209197 0.000036 0.000011  0.013405 -0.002577 -0.641606
39  3.806435 -0.112147 -1.295330  -0.252144 -0.345601 -0.351983
40  1.719411 -0.000100 -0.000034  0.060652 -0.014316 -0.897916
41  1.099673 0.000025 0.000007  0.004025 -0.004480 -1.057257
42  0.628172 -1.014297 -1.514442  1.035874 -0.067939 -0.796683
43  1.789780 -0.000009 -0.000043  0.044883 0.176382 -0.013217
44  1.206996 -0.000006 0.000005  -0.016941 0.001364 1.321994
45  5.740570 0.000056 0.000724  0.255294 -0.000014 0.000021
46  11.480742 -0.000120 0.001009  0.187067 0.126739 0.181343
47  6.027514 -0.000273 -0.000239  -0.829822 -0.464507 -1.240153
48  -0.000001 11.691975 -0.000006  -1.251947 0.697474 0.931948
49  0.000002 0.000000 0.000000  2.721351 -0.000041 1.570856
50  -0.000006 -0.000016 0.000005  2.272644 -0.000030 1.570865
51  -4.368147 -3.590987 -4.545364  0.159628 2.849510 1.540699
52  -0.000000 0.000000 -0.000000  0.008153 -0.000259 0.000009
53  -0.000000 0.000000 -0.000000  1.565115 0.043565 -0.106862
54  -1.158491 -14.539440 -5.911347  -0.790402 -0.146165 -1.936712
55  -0.000000 -0.000001 -0.000000  0.000000 -0.000000 -0.000002
56  0.000030 0.000028 0.000001  -1.571901 -0.044449 -0.106509
57  4.016433 -16.292767 -15.830059  1.570796 -0.000000 0.000000
58  -21.599098 7.001666 -12.508070  1.570796 -0.000000 0.000000
59  2.236387 -0.189356 -5.367696  1.570796 -0.000000 0.000000
60  -0.004311 0.001230 -0.000371  0.006898 -0.005534 -0.284229
61  0.376268 10.084437 -2.887995  1.570796 -0.000000 0.000000
62  0.000000 0.000000 0.000000  -0.078727 -3.136056 0.284226
63  0.000000 0.000000 0.000000  1.567979 -0.003177 0.000995
64  -3.022539 -13.387598 -2.471866  1.576756 0.034343 0.009031
65  0.020864 -0.834790 -4.400274  -0.000000 -0.000000 -0.000000
66  0.020867 0.023235 30.873922  -0.000000 -0.000000 -0.000000
67  0.020865 -0.185995 -5.439826  -0.000000 -0.000000 -0.000000
68  -0.000000 0.209232 3.187960  -0.000000 -0.000000 -0.000000
69  -0.000000 0.000001 0.559456  -0.000000 -0.000000 -0.000000
70  0.020865 -0.110953 -1.554709  -0.000000 -0.000000 -0.000000
71  -3.894284 10.434156 -8.923967  1.570796 -0.000000 0.000000
72  -2.990002 -16.862719 -2.706359  1.576756 0.034343 0.009031
73  -3.041521 -12.356583 -3.360952  1.576756 0.034343 0.009031
74  -3.059649 -12.353604 -3.887791  1.576756 0.034343 0.009031
75  -3.077949 -12.350598 -4.419610  1.576756 0.034343 0.009031
76  -3.095985 -12.347635 -4.943771  1.576756 0.034343 0.009031
time 97
0  0.000006 0.000000 0.000000  -1.570800 -1.391899 -1.570792
1  -5.247190 1.140902 2.232071  -1.544956 -1.855077 -0.198630
2  6.027524 -0.000323 0.000193  -0.654483 -0.983829 -1.563218
3  11.692109 0.000644 -0.000739  -0.890214 -0.000021 -1.475226
4  11.480677 0.000476 -0.000576  1.164441 -0.722042 0.353343
5  3.859510 -0.142880 -1.192050  -0.564874 -0.363952 -1.824543
6  1.312590 0.000013 0.000008  -0.136228 -0.000981 -0.208342
7  0.729354 0.000054 0.000051  -0.007524 -0.009754 -0.114047
8  3.942144 0.046273 -0.431512  -0.498774 0.109385 -1.203070
9  1.539110 0.000085 0.000007  0.016536 -0.136924 -1.019669
10  1.196334 0.000145 0.000027  0.014917 0.002603 -0.521648
11  3.883505 -0.047270 0.431381  -0.286619 0.410095 -0.604649
12  1.719572 -0.000026 0.000015  0.078190 -0.160916 -1.549411
13  1.209178 0.000092 0.000012  -0.001081 -0.002986 -0.400010
14  4.085223 -0.082715 1.151041  0.124883 0.563536 0.134737
15  1.719448 -0.000011 0.000023  0.026136 -0.076896 -1.034307
16  1.099675 0.000048 0.000007  -0.076371 0.028724 -1.554212
17  0.869831 -1.165540 1.469029  -1.184629 -0.527547 -0.152332
18  1.789820 -0.000003 -0.000018  0.000002 -0.000027 0.636397
19  1.207013 -0.000012 -0.000044  0.000006 -0.000006 -0.137933
20  5.740638 0.000410 -0.000702  -0.142621 0.000003 0.000071
21  11.481144 0.000307 -0.000771  -0.048224 -0.133111 0.027890
22  6.027524 -0.000329 0.000203  1.539318 -0.586305 1.635236
23  0.000002 11.692100 -0.000007  -1.014776 -0.462317 -0.800912
24  0.000003 0.000010 -0.000003  -0.021116 -0.000031 1.570738
25  -0.000001 -0.000011 -0.000001  0.868957 0.000002 1.570712
26  -4.636372 -9.409594 0.376269  1.473120 1.855075 -0.198639
27  6.027504 -0.000263 -0.000229  1.630065 0.720955 -0.126723
28  11.691992 0.000244 0.000855  0.448825 0.000074 -1.865467
29  11.479108 -0.000728 0.001268  -0.463513 0.199531 1.158678
30  3.452861 -0.227595 1.051754  0.688145 -0.092338 -2.215292
31  1.312559 0.000025 -0.000000  0.019465 -0.206537 -0.412540
32  0.729345 0.000066 -0.000027  0.032310 -0.009584 -0.430519
33  3.942045 0.050109 0.430997  0.414610 -0.126882 -1.945155
34  1.539096 0.000011 -0.000001  -0.000118 -0.146012 -0.613617
35  1.196300 0.000075 -0.000004  0.013147 -0.006182 -0.773856
36  3.883410 -0.050502 -0.431087  0.307637 -0.325784 -1.518997
37  1.719564 -0.000078 -0.000004  -0.020757 -0.109981 -1.118764
38  1.209198 0.000036 0.000012  0.013405 -0.002577 -0.641606
39  3.806435 -0.112148 -1.295330  -0.252144 -0.345601 -0.351983
40  1.719411 -0.000099 -0.000035  0.060652 -0.014316 -0.897916
41  1.099674 0.000025 0.000007  0.004025 -0.004480 -1.057257
42  0.628171 -1.014298 -1.514441  1.035874 -0.067939 -0.796683
43  1.789779 -0.000009 -0.000043  0.044883 0.176383 -0.013217
44  1.206997 -0.000006 0.000004  -0.016941 0.001364 1.321994
45  5.740572 0.000056 0.000724  0.253421 -0.000014 0.000021
46  11.480764 -0.000109 0.001003  0.187502 0.125459 0.177316
47  6.027514 -0.000273 -0.000239  -0.831943 -0.466985 -1.238632
48  -0.000001 11.691975 -0.000006  -1.244321 0.689606 0.928527
49  0.000003 -0.000000 0.000000  2.721351 -0.000041 1.570856
50  -0.000006 -0.000015 0.000005  2.272644 -0.000030 1.570865
51  -4.411499 -3.714501 -4.618332  0.166727 2.855459 1.545549
52  -0.000001 -0.000000 -0.000000  0.008153 -0.000259 0.000009
53  -0.000001 -0.000000 -0.000000  1.565115 0.043565 -0.106862
54  -1.162124 -14.661935 -5.895715  -0.781920 -0.149526 -1.935134
55  0.000000 -0.000001 -0.000000  0.000000 -0.000000 -0.000002
56  0.000031 0.000028 0.000001  -1.571902 -0.044449 -0.106509
57  4.016433 -16.292767 -15.830059  1.570796 -0.000000 0.000000
58  -21.599098 7.001666 -12.508070  1.570796 -0.000000 0.000000
59  2.236387 -0.189356 -5.367696  1.570796 -0.000000 0.000000
60  -0.004311 0.001230 -0.000371  0.006898 -0.005534 -0.284229
61  0.376268 10.084437 -2.887995  1.570796 -0.000000 0.000000
62  0.000000 0.000000 0.000000  -0.078727 -3.136056 0.284226
63  0.000000 0.000000 0.000000  1.568695 -0.002697 0.000768
64  -3.052213 -13.494358 -2.475807  1.570550 0.027770 0.011665
65  0.020864 -0.834790 -4.400273  0.000000 0.000000 -0.000000
66  0.020868 0.023235 30.873934  0.000000 0.000000 -0.000000
67  0.020865 -0.185994 -5.439826  0.000000 0.000000 -0.000000
68  0.000000 0.209232 3.187962  0.000000 0.000000 -0.000000
69  0.000001 0.000001 0.559457  0.000000 0.000000 -0.000000
70  0.020865 -0.110953 -1.554707  0.000000 0.000000 -0.000000
71  -3.894284 10.434156 -8.923967  1.570796 -0.000000 0.000000
72  -3.008366 -16.970745 -2.688723  1.570550 0.027770 0.011665
73  -3.068179 -12.468866 -3.371317  1.570550 0.027770 0.011665
74  -3.082814 -12.469168 -3.898274  1.570550 0.027770 0.011665
75  -3.097588 -12.469471 -4.430210  1.570550 0.027770 0.011665
76  -3.112148 -12.469770 -4.954487  1.570550 0.027770 0.011665
time 98
0  0.000006 0.000000 0.000000  -1.570800 -1.391899 -1.570792
1  -5.247190 1.140902 2.232071  -1.544956 -1.855077 -0.198630
2  6.027524 -0.000323 0.000193  -0.656244 -0.988197 -1.577016
3  11.692108 0.000643 -0.000740  -0.890213 -0.000019 -1.453354
4  11.479445 0.000064 -0.001084  1.188133 -0.703116 0.351378
5  3.859509 -0.142879 -1.192050  -0.564874 -0.363952 -1.824543
6  1.312589 0.000012 0.000008  -0.136228 -0.000981 -0.208342
7  0.729356 0.000054 0.000050  -0.007524 -0.009754 -0.114047
8  3.942145 0.046274 -0.431512  -0.498774 0.109385 -1.203070
9  1.539110 0.000083 0.000005  0.016536 -0.136924 -1.019669
10  1.196334 0.000144 0.000028  0.014917 0.002603 -0.521648
11  3.883505 -0.047268 0.431381  -0.286619 0.410095 -0.604649
12  1.719573 -0.000026 0.000017  0.078190 -0.160916 -1.549411
13  1.209179 0.000092 0.000012  -0.001081 -0.002986 -0.400010
14  4.085221 -0.082715 1.151040  0.124883 0.563536 0.134737
15  1.719449 -0.000011 0.000022  0.026135 -0.076896 -1.034307
16  1.099675 0.000047 0.000007  -0.076371 0.028724 -1.554213
17  0.869832 -1.165540 1.469029  -1.184629 -0.527547 -0.152332
18  1.789820 -0.000003 -0.000018  0.000002 -0.000027 0.636396
19  1.207016 -0.000011 -0.000044  0.000006 -0.000006 -0.137933
20  5.740637 0.000411 -0.000703  -0.134036 0.000003 0.000071
21  11.480896 0.000225 -0.000875  -0.045043 -0.128805 0.030038
22  6.027524 -0.000329 0.000203  1.540774 -0.581999 1.619167
23  0.000001 11.692101 -0.000006  -1.001769 -0.450373 -0.792523
24  0.000004 0.000008 -0.000001  -0.021116 -0.000030 1.570739
25  -0.000000 -0.000011 -0.000000  0.868957 0.000002 1.570712
26  -4.636372 -9.409594 0.376269  1.473120 1.855075 -0.198639
27  6.027504 -0.000263 -0.000229  1.626462 0.730990 -0.128143
28  11.691994 0.000244 0.000856  0.448826 0.000072 -1.843250
29  11.479303 -0.000632 0.001222  -0.454232 0.201172 1.141413
30  3.452861 -0.227595 1.051754  0.688145 -0.092338 -2.215292
31  1.312559 0.000026 0.000000  0.019465 -0.206537 -0.412540
32  0.729345 0.000065 -0.000027  0.032310 -0.009584 -0.430519
33  3.942046 0.050108 0.430997  0.414610 -0.126882 -1.945155
34  1.539097 0.000011 -0.000001  -0.000118 -0.146012 -0.613617
35  1.196299 0.000076 -0.000003  0.013147 -0.006182 -0.773856
36  3.883411 -0.050502 -0.431087  0.307637 -0.325784 -1.518997
37  1.719564 -0.000079 -0.000004  -0.020757 -0.109980 -1.118764
38  1.209197 0.000035 0.000011  0.013405 -0.002577 -0.641606
39  3.806436 -0.112148 -1.295330  -0.252144 -0.345601 -0.351983
40  1.719411 -0.000100 -0.000034  0.060652 -0.014316 -0.897916
41  1.099674 0.000026 0.000007  0.004025 -0.004479 -1.057257
42  0.628173 -1.014298 -1.514441  1.035874 -0.067939 -0.796683
43  1.789779 -0.000009 -0.000042  0.044883 0.176382 -0.013217
44  1.206996 -0.000006 0.000006  -0.016941 0.001364 1.321994
45  5.740573 0.000055 0.000724  0.253474 -0.000014 0.000021
46  11.480806 -0.000091 0.000994  0.189564 0.125160 0.173490
47  6.027514 -0.000273 -0.000239  -0.843340 -0.464917 -1.232541
48  -0.000001 11.691975 -0.000006  -1.231167 0.676051 0.922482
49  0.000003 -0.000001 -0.000000  2.721351 -0.000041 1.570856
50  -0.000006 -0.000015 0.000004  2.272644 -0.000030 1.570865
51  -4.388538 -3.919255 -4.663349  0.181926 2.858831 1.548632
52  -0.000000 0.000000 -0.000000  0.008153 -0.000259 0.000009
53  0.000000 -0.000000 -0.000000  1.565115 0.043565 -0.106862
54  -1.134221 -14.875116 -5.852869  -0.766880 -0.147804 -1.938544
55  0.000000 -0.000001 0.000001  0.000000 -0.000000 -0.000002
56  0.000030 0.000028 0.000003  -1.571901 -0.044449 -0.106509
57  4.016433 -16.292767 -15.830059  1.570796 -0.000000 0.000000
58  -21.599098 7.001666 -12.508070  1.570796 -0.000000 0.000000
59  2.236387 -0.189356 -5.367696  1.570796 -0.000000 0.000000
60  -0.004311 0.001230 -0.000371  0.006898 -0.005534 -0.284229
61  0.376268 10.084437 -2.887995  1.570796 -0.000000 0.000000
62  0.000000 0.000000 0.000000  -0.078727 -3.136056 0.284226
63  0.000000 0.000000 0.000000  1.569359 -0.002040 0.000540
64  -3.072291 -13.692627 -2.465090  1.566673 0.013308 0.010403
65  0.020864 -0.834790 -4.400274  0.000000 -0.000000 0.000000
66  0.020868 0.023235 30.873928  0.000000 -0.000000 0.000000
67  0.020865 -0.185994 -5.439826  0.000000 -0.000000 0.000000
68  -0.000000 0.209231 3.187961  0.000000 -0.000000 0.000000
69  0.000001 0.000000 0.559455  0.000000 -0.000000 0.000000
70  0.020865 -0.110953 -1.554709  0.000000 -0.000000 0.000000
71  -3.894284 10.434156 -8.923967  1.570796 -0.000000 0.000000
72  -3.029566 -17.169828 -2.664458  1.566673 0.013308 0.010403
73  -3.074029 -12.670459 -3.364533  1.566673 0.013308 0.010403
74  -3.081022 -12.672706 -3.891642  1.566673 0.013308 0.010403
75  -3.088081 -12.674973 -4.423731  1.566673 0.013308 0.010403
76  -3.095038 -12.677208 -4.948160  1.566673 0.013308 0.010403
time 99
0  0.000006 0.000000 0.000000  -1.570800 -1.391899 -1.570792
1  -5.247190 1.140902 2.232071  -1.544956 -1.855077 -0.198630
2  6.027524 -0.000323 0.000193  -0.658887 -0.990917 -1.585897
3  11.692108 0.000645 -0.000740  -0.890212 -0.000019 -1.442432
4  11.479633 0.000140 -0.000995  1.204035 -0.691138 0.358348
5  3.859512 -0.142879 -1.192049  -0.564874 -0.363952 -1.824543
6  1.312590 0.000012 0.000008  -0.136228 -0.000981 -0.208342
7  0.729356 0.000054 0.000050  -0.007524 -0.009754 -0.114047
8  3.942145 0.046273 -0.431512  -0.498774 0.109385 -1.203070
9  1.539111 0.000084 0.000005  0.016536 -0.136924 -1.019669
10  1.196332 0.000146 0.000029  0.014917 0.002603 -0.521648
11  3.883507 -0.047268 0.431381  -0.286619 0.410095 -0.604649
12  1.719574 -0.000026 0.000016  0.078190 -0.160916 -1.549411
13  1.209178 0.000091 0.000013  -0.001081 -0.002986 -0.400010
14  4.085222 -0.082716 1.151040  0.124883 0.563536 0.134737
15  1.719448 -0.000012 0.000022  0.026136 -0.076896 -1.034307
16  1.099674 0.000049 0.000005  -0.076371 0.028724 -1.554212
17  0.869832 -1.165540 1.469029  -1.184629 -0.527547 -0.152332
18  1.789819 -0.000002 -0.000017  0.000002 -0.000027 0.636396
19  1.207017 -0.000012 -0.000043  0.000006 -0.000006 -0.137933
20  5.740637 0.000412 -0.000703  -0.128081 0.000003 0.000070
21  11.480934 0.000242 -0.000857  -0.042423 -0.126217 0.032976
22  6.027524 -0.000329 0.000203  1.542679 -0.579360 1.607031
23  0.000003 11.692099 -0.000007  -0.995260 -0.444446 -0.788288
24  0.000002 0.000008 -0.000001  -0.021116 -0.000030 1.570739
25  -0.000000 -0.000011 -0.000001  0.868957 0.000002 1.570712
26  -4.636372 -9.409594 0.376269  1.473120 1.855075 -0.198639
27  6.027504 -0.000263 -0.000229  1.624805 0.739316 -0.128647
28  11.691990 0.000243 0.000855  0.448825 0.000071 -1.831401
29  11.479408 -0.000578 0.001195  -0.440890 0.201885 1.135908
30  3.452862 -0.227595 1.051754  0.688145 -0.092338 -2.215292
31  1.312558 0.000026 -0.000000  0.019465 -0.206537 -0.412540
32  0.729345 0.000066 -0.000027  0.032310 -0.009584 -0.430519
33  3.942047 0.050109 0.430997  0.414610 -0.126882 -1.945155
34  1.539097 0.000010 0.000000  -0.000118 -0.146012 -0.613617
35  1.196300 0.000076 -0.000004  0.013147 -0.006182 -0.773856
36  3.883412 -0.050502 -0.431087  0.307637 -0.325784 -1.518997
37  1.719564 -0.000080 -0.000004  -0.020757 -0.109980 -1.118764
38  1.209197 0.000035 0.000011  0.013405 -0.002577 -0.641606
39  3.806438 -0.112148 -1.295329  -0.252144 -0.345601 -0.351983
40  1.719411 -0.000099 -0.000034  0.060652 -0.014316 -0.897916
41  1.099673 0.000025 0.000008  0.004025 -0.004480 -1.057257
42  0.628173 -1.014297 -1.514441  1.035874 -0.067939 -0.796683
43  1.789780 -0.000009 -0.000042  0.044883 0.176382 -0.013217
44  1.206997 -0.000006 0.000005  -0.016941 0.001364 1.321994
45  5.740572 0.000055 0.000724  0.255395 -0.000014 0.000021
46  11.480826 -0.000081 0.000988  0.191998 0.126107 0.171721
47  6.027514 -0.000273 -0.000239  -0.852264 -0.462251 -1.227942
48  -0.000002 11.691977 -0.000006  -1.224168 0.668847 0.919193
49  0.000003 -0.000000 0.000001  2.721351 -0.000041 1.570856
50  -0.000007 -0.000016 0.000005  2.272644 -0.000030 1.570865
51  -4.339148 -4.025056 -4.668225  0.197019 2.859728 1.550012
52  -0.000000 0.000000 0.000000  0.008153 -0.000259 0.000009
53  0.000001 0.000000 -0.000000  1.565115 0.043565 -0.106862
54  -1.099020 -14.991493 -5.797497  -0.752801 -0.143694 -1.943415
55  0.000002 -0.000000 0.000001  0.000000 -0.000000 -0.000002
56  0.000032 0.000029 0.000001  -1.571901 -0.044449 -0.106509
57  4.016433 -16.292767 -15.830059  1.570796 -0.000000 0.000000
58  -21.599098 7.001666 -12.508070  1.570796 -0.000000 0.000000
59  2.236387 -0.189356 -5.367696  1.570796 -0.000000 0.000000
60  -0.004311 0.001230 -0.000371  0.006898 -0.005534 -0.284229
61  0.376268 10.084437 -2.887995  1.570796 -0.000000 0.000000
62  0.000000 0.000000 0.000000  -0.078727 -3.136056 0.284226
63  0.000000 0.000000 0.000000  1.569936 -0.001324 0.000331
64  -3.082553 -13.799387 -2.439533  1.565335 -0.001154 0.007570
65  0.020864 -0.834790 -4.400273  0.000000 -0.000000 0.000000
66  0.020868 0.023235 30.873928  0.000000 -0.000000 0.000000
67  0.020865 -0.185995 -5.439825  0.000000 -0.000000 0.000000
68  -0.000000 0.209231 3.187961  0.000000 -0.000000 0.000000
69  0.000000 0.000000 0.559456  0.000000 -0.000000 0.000000
70  0.020865 -0.110953 -1.554708  0.000000 -0.000000 0.000000
71  -3.894284 10.434156 -8.923967  1.570796 -0.000000 0.000000
72  -3.046801 -17.276937 -2.634131  1.565335 -0.001154 0.007570
73  -3.068378 -12.778325 -3.340121  1.565335 -0.001154 0.007570
74  -3.067748 -12.781200 -3.867273  1.565335 -0.001154 0.007570
75  -3.067112 -12.784101 -4.399406  1.565335 -0.001154 0.007570
76  -3.066485 -12.786962 -4.923878  1.565335 -0.001154 0.007570
time 100
0  0.000006 0.000000 0.000000  -1.570800 -1.391899 -1.570792
1  -5.247190 1.140902 2.232071  -1.544956 -1.855077 -0.198630
2  6.027524 -0.000323 0.000193  -0.659588 -0.991261 -1.587138
3  11.692108 0.000645 -0.000740  -0.890213 -0.000019 -1.445585
4  11.479616 0.000132 -0.001000  1.204437 -0.690628 0.368973
5  3.859510 -0.142880 -1.192049  -0.564874 -0.363952 -1.824543
6  1.312589 0.000013 0.000008  -0.136228 -0.000981 -0.208342
7  0.729355 0.000053 0.000050  -0.007524 -0.009754 -0.114047
8  3.942145 0.046273 -0.431512  -0.498774 0.109385 -1.203070
9  1.539111 0.000083 0.000006  0.016536 -0.136924 -1.019669
10  1.196331 0.000146 0.000029  0.014917 0.002603 -0.521648
11  3.883506 -0.047269 0.431381  -0.286619 0.410095 -0.604649
12  1.719573 -0.000026 0.000016  0.078190 -0.160916 -1.549411
13  1.209179 0.000092 0.000014  -0.001081 -0.002986 -0.400010
14  4.085224 -0.082716 1.151041  0.124883 0.563536 0.134737
15  1.719448 -0.000012 0.000023  0.026136 -0.076896 -1.034307
16  1.099675 0.000048 0.000006  -0.076371 0.028724 -1.554212
17  0.869831 -1.165541 1.469029  -1.184629 -0.527547 -0.152332
18  1.789820 -0.000003 -0.000018  0.000002 -0.000027 0.636396
19  1.207014 -0.000012 -0.000043  0.000006 -0.000006 -0.137933
20  5.740638 0.000410 -0.000702  -0.127554 0.000003 0.000070
21  11.480931 0.000239 -0.000856  -0.041838 -0.126327 0.035043
22  6.027524 -0.000329 0.000203  1.543158 -0.579036 1.604942
23  0.000002 11.692101 -0.000006  -0.997140 -0.446154 -0.789514
24  0.000002 0.000009 -0.000000  -0.021116 -0.000030 1.570739
25  -0.000000 -0.000011 0.000000  0.868957 0.000002 1.570712
26  -4.636372 -9.409594 0.376269  1.473120 1.855075 -0.198639
27  6.027504 -0.000263 -0.000229  1.626171 0.741690 -0.127791
28  11.691991 0.000243 0.000856  0.448825 0.000072 -1.834711
29  11.479377 -0.000594 0.001203  -0.431161 0.201662 1.143918
30  3.452861 -0.227595 1.051754  0.688146 -0.092338 -2.215292
31  1.312557 0.000026 -0.000000  0.019465 -0.206537 -0.412540
32  0.729346 0.000066 -0.000028  0.032310 -0.009584 -0.430519
33  3.942046 0.050109 0.430996  0.414610 -0.126882 -1.945155
34  1.539096 0.000010 -0.000000  -0.000118 -0.146012 -0.613617
35  1.196298 0.000076 -0.000004  0.013147 -0.006182 -0.773856
36  3.883412 -0.050502 -0.431087  0.307637 -0.325784 -1.518997
37  1.719564 -0.000079 -0.000003  -0.020757 -0.109980 -1.118764
38  1.209196 0.000036 0.000011  0.013405 -0.002577 -0.641606
39  3.806436 -0.112148 -1.295329  -0.252144 -0.345601 -0.351983
40  1.719412 -0.000099 -0.000034  0.060652 -0.014316 -0.897916
41  1.099674 0.000024 0.000006  0.004025 -0.004480 -1.057257
42  0.628172 -1.014298 -1.514442  1.035874 -0.067939 -0.796683
43  1.789779 -0.000009 -0.000042  0.044883 0.176382 -0.013217
44  1.206997 -0.000007 0.000005  -0.016941 0.001364 1.321994
45  5.740572 0.000055 0.000724  0.257905 -0.000014 0.000021
46  11.480820 -0.000083 0.000990  0.193399 0.127728 0.172717
47  6.027514 -0.000273 -0.000239  -0.854115 -0.460275 -1.227184
48  -0.000001 11.691974 -0.000007  -1.226122 0.670858 0.920116
49  0.000003 -0.000002 0.000000  2.721351 -0.000041 1.570856
50  -0.000006 -0.000015 0.000004  2.272644 -0.000030 1.570865
51  -4.296328 -3.991365 -4.631593  0.203822 2.858133 1.548485
52  0.000000 -0.000000 -0.000000  0.008153 -0.000259 0.000009
53  -0.000000 -0.000001 -0.000000  1.565115 0.043565 -0.106862
54  -1.086365 -14.967205 -5.755648  -0.747167 -0.139938 -1.947635
55  0.000000 -0.000000 0.000000  0.000000 -0.000000 -0.000002
56  0.000030 0.000028 0.000002  -1.571901 -0.044449 -0.106509
57  4.016433 -16.292767 -15.830059  1.570796 -0.000000 0.000000
58  -21.599098 7.001666 -12.508070  1.570796 -0.000000 0.000000
59  2.236387 -0.189356 -5.367696  1.570796 -0.000000 0.000000
60  -0.004311 0.001230 -0.000371  0.006898 -0.005534 -0.284229
61  0.376268 10.084437 -2.887995  1.570796 -0.000000 0.000000
62  0.000000 0.000000 0.000000  -0.078727 -3.136056 0.284226
63  0.000000 0.000000 0.000000  1.570391 -0.000667 0.000159
64  -3.087822 -13.773153 -2.409031  1.566750 -0.007727 0.004140
65  0.020864 -0.834790 -4.400273  0.000000 -0.000000 -0.000000
66  0.020868 0.023235 30.873926  0.000000 -0.000000 -0.000000
67  0.020865 -0.185995 -5.439826  0.000000 -0.000000 -0.000000
68  0.000000 0.209232 3.187962  0.000000 -0.000000 -0.000000
69  0.000001 0.000001 0.559457  0.000000 -0.000000 -0.000000
70  0.020865 -0.110953 -1.554709  0.000000 -0.000000 -0.000000
71  -3.894284 10.434156 -8.923967  1.570796 -0.000000 0.000000
72  -3.062682 -17.250523 -2.608485  1.566750 -0.007727 0.004140
73  -3.064242 -12.750848 -3.308009  1.566750 -0.007727 0.004140
74  -3.060160 -12.752963 -3.835149  1.566750 -0.007727 0.004140
75  -3.056039 -12.755099 -4.367270  1.566750 -0.007727 0.004140
76  -3.051978 -12.757205 -4.891729  1.566750 -0.007727 0.004140
time 101
0  0.000006 0.000000 0.000000  -1.570800 -1.391899 -1.570792
1  -5.247190 1.140902 2.232071  -1.544956 -1.855077 -0.198630
2  6.027524 -0.000323 0.000193  -0.657008 -0.991366 -1.586714
3  11.692109 0.000645 -0.000739  -0.890213 -0.000019 -1.449893
4  11.479593 0.000124 -0.001010  1.194956 -0.693429 0.373632
5  3.859509 -0.142881 -1.192050  -0.564874 -0.363952 -1.824543
6  1.312589 0.000011 0.000007  -0.136228 -0.000981 -0.208342
7  0.729354 0.000054 0.000050  -0.007524 -0.009754 -0.114047
8  3.942145 0.046272 -0.431512  -0.498774 0.109385 -1.203070
9  1.539110 0.000084 0.000006  0.016536 -0.136924 -1.019669
10  1.196333 0.000145 0.000029  0.014917 0.002603 -0.521648
11  3.883504 -0.047270 0.431381  -0.286619 0.410095 -0.604649
12  1.719573 -0.000027 0.000016  0.078190 -0.160916 -1.549411
13  1.209179 0.000094 0.000011  -0.001081 -0.002986 -0.400010
14  4.085225 -0.082716 1.151041  0.124883 0.563536 0.134737
15  1.719445 -0.000012 0.000021  0.026136 -0.076896 -1.034307
16  1.099675 0.000049 0.000006  -0.076371 0.028724 -1.554212
17  0.869831 -1.165541 1.469030  -1.184629 -0.527547 -0.152332
18  1.789820 -0.000003 -0.000018  0.000002 -0.000027 0.636396
19  1.207015 -0.000012 -0.000044  0.000006 -0.000006 -0.137933
20  5.740637 0.000409 -0.000703  -0.130073 0.000003 0.000070
21  11.480926 0.000237 -0.000859  -0.043166 -0.127232 0.035146
22  6.027524 -0.000329 0.000203  1.541479 -0.578857 1.608443
23  0.000002 11.692100 -0.000007  -0.999707 -0.448492 -0.791185
24  0.000003 0.000009 -0.000001  -0.021116 -0.000030 1.570739
25  -0.000000 -0.000011 -0.000001  0.868957 0.000002 1.570712
26  -4.636372 -9.409594 0.376269  1.473120 1.855075 -0.198639
27  6.027504 -0.000263 -0.000229  1.630030 0.741785 -0.125678
28  11.691991 0.000244 0.000855  0.448825 0.000072 -1.840837
29  11.479323 -0.000620 0.001216  -0.431360 0.200425 1.155532
30  3.452862 -0.227594 1.051755  0.688145 -0.092338 -2.215292
31  1.312559 0.000025 0.000000  0.019465 -0.206537 -0.412540
32  0.729346 0.000065 -0.000027  0.032310 -0.009584 -0.430519
33  3.942047 0.050110 0.430997  0.414610 -0.126882 -1.945155
34  1.539097 0.000009 -0.000001  -0.000118 -0.146012 -0.613617
35  1.196300 0.000076 -0.000004  0.013147 -0.006182 -0.773855
36  3.883413 -0.050501 -0.431087  0.307637 -0.325784 -1.518997
37  1.719564 -0.000079 -0.000004  -0.020757 -0.109980 -1.118764
38  1.209196 0.000036 0.000012  0.013405 -0.002577 -0.641606
39  3.806436 -0.112148 -1.295329  -0.252144 -0.345601 -0.351983
40  1.719411 -0.000099 -0.000035  0.060652 -0.014316 -0.897916
41  1.099673 0.000024 0.000007  0.004025 -0.004480 -1.057257
42  0.628173 -1.014297 -1.514441  1.035874 -0.067939 -0.796683
43  1.789779 -0.000009 -0.000042  0.044883 0.176382 -0.013217
44  1.206996 -0.000006 0.000005  -0.016941 0.001364 1.321994
45  5.740571 0.000055 0.000724  0.259018 -0.000014 0.000021
46  11.480808 -0.000088 0.000992  0.193062 0.128532 0.174989
47  6.027514 -0.000273 -0.000239  -0.852773 -0.457695 -1.228273
48  -0.000000 11.691974 -0.000005  -1.229741 0.674582 0.921816
49  0.000003 -0.000002 -0.000000  2.721351 -0.000041 1.570856
50  -0.000006 -0.000016 0.000005  2.272644 -0.000030 1.570865
51  -4.278382 -3.933383 -4.575762  0.199723 2.855608 1.544429
52  0.000000 -0.000000 -0.000000  0.008153 -0.000259 0.000009
53  0.000000 0.000000 0.000000  1.565115 0.043565 -0.106862
54  -1.104746 -14.915499 -5.740931  -0.751776 -0.138932 -1.949899
55  0.000000 -0.000000 -0.000000  0.000000 -0.000000 -0.000002
56  0.000030 0.000029 0.000001  -1.571901 -0.044449 -0.106509
57  4.016433 -16.292767 -15.830059  1.570796 -0.000000 0.000000
58  -21.599098 7.001666 -12.508070  1.570796 -0.000000 0.000000
59  2.236387 -0.189356 -5.367696  1.570796 -0.000000 0.000000
60  -0.004311 0.001230 -0.000371  0.006898 -0.005534 -0.284229
61  0.376268 10.084437 -2.887995  1.570796 -0.000000 0.000000
62  0.000000 0.000000 0.000000  -0.078727 -3.136056 0.284226
63  0.000000 0.000000 0.000000  1.570689 -0.000186 0.000043
64  -3.089764 -13.724435 -2.383474  1.569380 -0.003864 0.001219
65  0.020864 -0.834790 -4.400274  -0.000000 0.000000 0.000000
66  0.020868 0.023235 30.873932  -0.000000 0.000000 0.000000
67  0.020865 -0.185995 -5.439826  -0.000000 0.000000 0.000000
68  -0.000000 0.209232 3.187962  -0.000000 0.000000 0.000000
69  -0.000000 0.000001 0.559458  -0.000000 0.000000 0.000000
70  0.020865 -0.110953 -1.554708  -0.000000 0.000000 0.000000
71  -3.894284 10.434156 -8.923967  1.570796 -0.000000 0.000000
72  -3.075516 -17.201326 -2.592114  1.569380 -0.003864 0.001219
73  -3.066685 -12.699845 -3.279862  1.569380 -0.003864 0.001219
74  -3.064647 -12.700589 -3.807017  1.569380 -0.003864 0.001219
75  -3.062591 -12.701340 -4.339154  1.569380 -0.003864 0.001219
76  -3.060563 -12.702080 -4.863630  1.569380 -0.003864 0.001219
time 102
0  0.000006 0.000000 0.000000  -1.570800 -1.391899 -1.570792
1  -5.247190 1.140902 2.232071  -1.544956 -1.855077 -0.198630
2  6.027524 -0.000323 0.000193  -0.655136 -0.991394 -1.586255
3  11.692110 0.000643 -0.000740  -0.890213 -0.000019 -1.452005
4  11.479503 0.000089 -0.001053  1.188697 -0.695329 0.374507
5  3.859509 -0.142880 -1.192049  -0.564874 -0.363952 -1.824543
6  1.312590 0.000013 0.000008  -0.136228 -0.000981 -0.208342
7  0.729355 0.000054 0.000049  -0.007524 -0.009754 -0.114047
8  3.942143 0.046271 -0.431512  -0.498774 0.109385 -1.203070
9  1.539111 0.000087 0.000006  0.016536 -0.136924 -1.019669
10  1.196333 0.000145 0.000029  0.014917 0.002603 -0.521648
11  3.883505 -0.047270 0.431381  -0.286619 0.410095 -0.604649
12  1.719574 -0.000026 0.000016  0.078190 -0.160916 -1.549411
13  1.209181 0.000090 0.000012  -0.001081 -0.002986 -0.400010
14  4.085222 -0.082717 1.151041  0.124883 0.563536 0.134737
15  1.719448 -0.000013 0.000023  0.026136 -0.076896 -1.034307
16  1.099676 0.000048 0.000005  -0.076371 0.028724 -1.554212
17  0.869831 -1.165542 1.469030  -1.184629 -0.527547 -0.152332
18  1.789818 -0.000004 -0.000019  0.000002 -0.000027 0.636397
19  1.207013 -0.000012 -0.000043  0.000006 -0.000006 -0.137933
20  5.740636 0.000411 -0.000703  -0.131816 0.000003 0.000071
21  11.480907 0.000230 -0.000868  -0.044150 -0.127794 0.034791
22  6.027524 -0.000329 0.000203  1.540259 -0.578773 1.611136
23  0.000000 11.692101 -0.000006  -1.000966 -0.449640 -0.792002
24  0.000001 0.000009 -0.000002  -0.021116 -0.000031 1.570738
25  -0.000001 -0.000011 0.000000  0.868957 0.000002 1.570712
26  -4.636372 -9.409594 0.376269  1.473120 1.855075 -0.198639
27  6.027504 -0.000263 -0.000229  1.632288 0.741401 -0.124465
28  11.691994 0.000242 0.000855  0.448825 0.000072 -1.844125
29  11.479295 -0.000637 0.001226  -0.433471 0.199669 1.161499
30  3.452861 -0.227595 1.051754  0.688145 -0.092338 -2.215292
31  1.312558 0.000026 -0.000000  0.019465 -0.206537 -0.412540
32  0.729346 0.000065 -0.000028  0.032310 -0.009584 -0.430519
33  3.942046 0.050108 0.430997  0.414610 -0.126882 -1.945155
34  1.539097 0.000010 0.000000  -0.000118 -0.146012 -0.613617
35  1.196299 0.000075 -0.000004  0.013148 -0.006182 -0.773855
36  3.883411 -0.050502 -0.431087  0.307637 -0.325784 -1.518997
37  1.719564 -0.000079 -0.000003  -0.020757 -0.109980 -1.118764
38  1.209197 0.000035 0.000011  0.013405 -0.002577 -0.641606
39  3.806436 -0.112148 -1.295330  -0.252144 -0.345601 -0.351983
40  1.719411 -0.000100 -0.000034  0.060652 -0.014316 -0.897916
41  1.099674 0.000025 0.000007  0.004025 -0.004480 -1.057257
42  0.628173 -1.014298 -1.514441  1.035874 -0.067939 -0.796683
43  1.789779 -0.000009 -0.000042  0.044883 0.176382 -0.013217
44  1.206997 -0.000006 0.000005  -0.016941 0.001364 1.321994
45  5.740571 0.000056 0.000724  0.259241 -0.000014 0.000021
46  11.480803 -0.000091 0.000995  0.192557 0.128726 0.176273
47  6.027514 -0.000273 -0.000239  -0.851555 -0.456381 -1.229122
48  -0.000001 11.691976 -0.000007  -1.231685 0.676584 0.922724
49  0.000003 -0.000002 0.000001  2.721351 -0.000041 1.570856
50  -0.000006 -0.000014 0.000004  2.272644 -0.000030 1.570865
51  -4.275181 -3.902619 -4.546614  0.195655 2.854302 1.542062
52  -0.000000 -0.000001 -0.000000  0.008153 -0.000259 0.000009
53  0.000000 -0.000001 -0.000000  1.565115 0.043565 -0.106862
54  -1.119464 -14.886917 -5.739540  -0.755929 -0.139050 -1.950540
55  -0.000000 -0.000001 -0.000000  0.000000 -0.000000 -0.000002
56  0.000030 0.000027 0.000001  -1.571901 -0.044449 -0.106509
57  4.016433 -16.292767 -15.830059  1.570796 -0.000000 0.000000
58  -21.599098 7.001666 -12.508070  1.570796 -0.000000 0.000000
59  2.236387 -0.189356 -5.367696  1.570796 -0.000000 0.000000
60  -0.004311 0.001230 -0.000371  0.006898 -0.005534 -0.284229
61  0.376268 10.084437 -2.887995  1.570796 -0.000000 0.000000
62  0.000000 0.000000 0.000000  -0.078727 -3.136056 0.284226
63  0.000000 0.000000 0.000000  1.570796 -0.000000 0.000000
64  -3.090041 -13.698201 -2.372757  1.570796 -0.000000 0.000000
65  0.020864 -0.834790 -4.400273  0.000000 -0.000000 0.000000
66  0.020868 0.023235 30.873932  0.000000 -0.000000 0.000000
67  0.020865 -0.185995 -5.439825  0.000000 -0.000000 0.000000
68  0.000000 0.209231 3.187962  0.000000 -0.000000 0.000000
69  0.000000 0.000000 0.559457  0.000000 -0.000000 0.000000
70  0.020865 -0.110953 -1.554708  0.000000 -0.000000 0.000000
71  -3.894284 10.434156 -8.923967  1.570796 -0.000000 0.000000
72  -3.080839 -17.174809 -2.586357  1.570796 -0.000000 0.000000
73  -3.069176 -12.672372 -3.267780  1.570796 -0.000000 0.000000
74  -3.069177 -12.672372 -3.794940  1.570796 -0.000000 0.000000
75  -3.069177 -12.672372 -4.327082  1.570796 -0.000000 0.000000
76  -3.069177 -12.672372 -4.851562  1.570796 -0.000000 0.000000
end
