version 1
nodes
0 "ValveBiped.Bip01_Spine4" -1
1 "ValveBiped.Bip01_L_Clavicle" 0
2 "ValveBiped.Bip01_L_UpperArm" 1
3 "ValveBiped.Bip01_L_Forearm" 2
4 "ValveBiped.Bip01_L_Hand" 3
5 "ValveBiped.Bip01_L_Finger4" 4
6 "ValveBiped.Bip01_L_Finger41" 5
7 "ValveBiped.Bip01_L_Finger42" 6
8 "ValveBiped.Bip01_L_Finger3" 4
9 "ValveBiped.Bip01_L_Finger31" 8
10 "ValveBiped.Bip01_L_Finger32" 9
11 "ValveBiped.Bip01_L_Finger2" 4
12 "ValveBiped.Bip01_L_Finger21" 11
13 "ValveBiped.Bip01_L_Finger22" 12
14 "ValveBiped.Bip01_L_Finger1" 4
15 "ValveBiped.Bip01_L_Finger11" 14
16 "ValveBiped.Bip01_L_Finger12" 15
17 "ValveBiped.Bip01_L_Finger0" 4
18 "ValveBiped.Bip01_L_Finger01" 17
19 "ValveBiped.Bip01_L_Finger02" 18
20 "ValveBiped.Bip01_L_Ulna" 3
21 "ValveBiped.Bip01_L_Wrist" 3
22 "rig_l_upperarm" 1
23 "rig_l_forearm" 22
24 "rig_d_l_forearm" 23
25 "rig_d_l_upperarm" 22
26 "ValveBiped.Bip01_R_Clavicle" 0
27 "ValveBiped.Bip01_R_UpperArm" 26
28 "ValveBiped.Bip01_R_Forearm" 27
29 "ValveBiped.Bip01_R_Hand" 28
30 "ValveBiped.Bip01_R_Finger4" 29
31 "ValveBiped.Bip01_R_Finger41" 30
32 "ValveBiped.Bip01_R_Finger42" 31
33 "ValveBiped.Bip01_R_Finger3" 29
34 "ValveBiped.Bip01_R_Finger31" 33
35 "ValveBiped.Bip01_R_Finger32" 34
36 "ValveBiped.Bip01_R_Finger2" 29
37 "ValveBiped.Bip01_R_Finger21" 36
38 "ValveBiped.Bip01_R_Finger22" 37
39 "ValveBiped.Bip01_R_Finger1" 29
40 "ValveBiped.Bip01_R_Finger11" 39
41 "ValveBiped.Bip01_R_Finger12" 40
42 "ValveBiped.Bip01_R_Finger0" 29
43 "ValveBiped.Bip01_R_Finger01" 42
44 "ValveBiped.Bip01_R_Finger02" 43
45 "ValveBiped.Bip01_R_Ulna" 28
46 "ValveBiped.Bip01_R_Wrist" 28
47 "rig_r_upperarm" 26
48 "rig_r_forearm" 47
49 "rig_d_r_forearm" 48
50 "rig_d_r_upperarm" 47
51 "rig_r_hand" -1
52 "rig_d_r_hand" 51
53 "rig_d_r_wrist" 52
54 "rig_l_hand" -1
55 "rig_d_l_hand" 54
56 "rig_d_l_wrist" 54
57 "rig_l_pole" -1
58 "rig_r_pole" -1
59 "rig_l_clavicle" -1
60 "rig_d_l_clavicle" 59
61 "rig_r_clavicle" -1
62 "rig_d_r_clavicle" 61
63 "Camera" -1
64 "body" -1
65 "trigger" 64
66 "barrel" 64
67 "magrel" 64
68 "bullet1" 64
69 "magrel2" 64
70 "chandle2" 64
71 "chandle" 70
72 "bolt" 64
73 "boltrelease" 64
74 "mag" -1
75 "bullet2" 74
76 "bullet3" 74
end
skeleton
time 0
0  0.031807 0.000000 -0.000718  -1.570800 -1.391899 -1.570792
1  -3.676403 -0.238821 2.232071  -1.544956 -1.855077 -0.198630
2  6.027520 -0.000327 0.000201  -0.843527 -0.861795 -1.388416
3  11.692101 0.000483 -0.000739  -0.359645 -0.000036 -1.536904
4  11.480170 -0.000177 -0.000850  1.216732 -0.527814 0.445211
5  3.859505 -0.142876 -1.192066  -0.257656 0.299724 -1.807550
6  1.312590 0.000015 0.000005  -0.145714 0.036512 -0.457851
7  0.729357 0.000051 0.000048  -0.004438 -0.012266 -1.287785
8  3.942141 0.046276 -0.431529  -0.122558 0.360939 -1.502476
9  1.539110 0.000080 -0.000001  -0.026834 -0.042925 -0.786541
10  1.196333 0.000145 0.000024  0.001298 0.004424 -1.167554
11  3.883506 -0.047266 0.431364  0.018921 0.445806 -1.270099
12  1.719573 -0.000024 0.000010  -0.011908 -0.098744 -0.928545
13  1.209178 0.000092 0.000009  -0.006438 -0.007393 -0.971795
14  4.085227 -0.082713 1.151024  -0.050007 0.426011 -1.419411
15  1.719449 -0.000012 0.000021  -0.016497 -0.038367 -0.441031
16  1.099675 0.000047 0.000002  -0.056039 0.050834 -1.220791
17  1.053438 -1.095057 1.485679  -1.524754 -0.544197 -0.106461
18  1.789820 -0.000004 -0.000016  0.000001 -0.000027 0.636396
19  1.207015 -0.000013 -0.000043  0.000006 -0.000006 -0.137934
20  5.740637 0.000364 -0.000698  -0.118384 0.000003 0.000060
21  11.481042 0.000103 -0.000821  -0.044694 -0.096263 0.056921
22  6.027523 -0.000330 0.000207  1.691348 -0.700510 1.567387
23  0.000000 11.692097 -0.000006  -1.051274 -0.496505 -0.823892
24  0.000003 0.000007 -0.000001  0.509455 -0.000031 1.570738
25  -0.000002 -0.000007 -0.000002  0.868967 -0.000009 1.570721
26  -3.991760 -9.653395 0.826810  1.473120 1.855074 -0.198639
27  6.027513 -0.000263 -0.000225  1.370750 0.658094 -0.778435
28  11.691998 0.000244 0.000862  -0.063525 0.000058 -1.690209
29  11.478688 -0.001356 0.000740  -0.952093 0.405527 0.799875
30  3.859438 -0.132763 1.193064  0.467771 0.012166 -2.080742
31  1.312559 0.000026 -0.000002  -0.002591 -0.086818 -0.325533
32  0.729345 0.000065 -0.000028  -0.149107 -0.099773 -0.829530
33  3.942048 0.050135 0.430999  0.236316 -0.061191 -1.662361
34  1.539097 0.000007 -0.000005  0.035034 -0.043250 -1.002024
35  1.196300 0.000077 -0.000007  -0.022154 0.002073 -0.844399
36  3.883413 -0.050476 -0.431085  0.224120 -0.254107 -1.343752
37  1.719564 -0.000081 -0.000014  0.017488 -0.103675 -1.461475
38  1.209198 0.000036 0.000005  -0.001906 0.071048 -0.519937
39  3.859587 -0.149085 -1.331321  -0.228052 -0.068101 -0.339217
40  1.719410 -0.000097 -0.000048  -0.018416 0.003886 -1.114011
41  1.099674 0.000025 -0.000001  -0.048482 0.059604 -0.690076
42  0.805983 -0.359849 -1.318338  0.991673 0.166770 -0.799523
43  1.789781 -0.000008 -0.000030  0.000056 -0.002451 0.133096
44  1.206997 -0.000004 0.000014  0.000370 -0.000069 1.058782
45  5.740575 0.000118 0.000727  0.160909 -0.000013 0.000032
46  11.480684 -0.000134 0.000902  0.091921 0.097645 0.117644
47  6.027516 -0.000277 -0.000232  -0.894729 -0.669648 -1.690767
48  0.000000 11.691981 -0.000007  -1.141245 0.584495 0.876635
49  0.000004 -0.000004 0.000000  2.209001 -0.000036 1.570861
50  -0.000006 -0.000014 0.000004  2.272646 -0.000031 1.570865
51  -3.186544 -4.722886 -7.284200  -0.063314 -3.036520 1.365925
52  -0.000001 0.000000 0.000000  0.008153 -0.000259 0.000009
53  -0.000000 -0.000000 0.000000  1.565115 0.043565 -0.106862
54  0.215403 -13.833687 -5.919548  -0.321559 -0.267157 -1.814240
55  0.000001 -0.000000 0.000000  0.000000 -0.000000 -0.000002
56  0.000032 0.000029 0.000001  -1.571902 -0.044449 -0.106509
57  10.502192 -7.472973 -18.384617  1.570796 -0.000000 0.000000
58  -15.744420 4.745377 -21.059811  1.570796 -0.000000 0.000000
59  2.268188 0.888834 -3.577183  1.570796 -0.000000 0.000000
60  -0.004311 0.001230 -0.000371  0.006898 -0.005534 -0.284228
61  0.858610 10.209643 -2.211006  1.570796 -0.000000 0.000000
62  0.000000 0.000000 0.000000  -0.078728 -3.136056 0.284225
63  -2.323334 -2.221693 -0.426911  1.570796 -0.000000 0.000000
64  -2.283938 -8.962564 -1.827213  1.570796 -0.000000 0.000000
65  -0.039397 -3.107036 0.976860  0.000000 -0.000000 0.000000
66  -0.039396 -0.914783 9.564856  0.000000 -0.000000 0.000000
67  -0.039396 -3.172346 3.170215  0.000000 -0.000000 0.000000
68  -0.039397 -1.229303 3.715100  0.000000 -0.000000 0.000000
69  0.408672 -2.529140 3.193419  0.000000 -0.000000 0.000000
70  -0.039396 0.091155 10.882011  0.000000 -0.000000 0.000000
71  0.872713 0.008025 -1.510462  0.000000 -0.000000 0.000000
72  -0.039397 -0.788819 2.900786  0.000000 -0.000000 0.000000
73  0.595149 -1.458825 1.529925  0.000000 -0.000000 0.000000
74  -2.281458 -13.668951 -5.924387  1.570796 -0.000000 0.000000
75  -0.041877 2.867871 -0.991286  0.000000 -0.000000 0.000000
76  -0.168163 2.614667 -0.991286  0.000000 -0.000000 0.000000
time 1
0  0.031807 0.000000 -0.000718  -1.570800 -1.391899 -1.570792
1  -3.745819 -0.345887 2.230946  -1.544956 -1.855077 -0.198630
2  6.027520 -0.000327 0.000201  -0.866579 -0.859609 -1.346250
3  11.692102 0.000484 -0.000739  -0.335971 -0.000037 -1.544563
4  11.480112 -0.000232 -0.000862  1.208593 -0.496633 0.433358
5  3.859502 -0.142877 -1.192065  -0.460010 0.090068 -1.484861
6  1.312589 0.000016 0.000004  -0.135876 0.005836 -0.325519
7  0.729356 0.000052 0.000047  -0.000168 -0.009548 -0.991173
8  3.942139 0.046276 -0.431528  -0.307197 0.308655 -1.189574
9  1.539109 0.000082 -0.000000  -0.017227 -0.084869 -0.682828
10  1.196332 0.000145 0.000027  0.008249 0.003156 -0.781375
11  3.883504 -0.047267 0.431364  -0.067177 0.402779 -0.852955
12  1.719574 -0.000025 0.000011  -0.026969 -0.082136 -0.790293
13  1.209177 0.000089 0.000008  -0.007943 -0.004282 -0.683843
14  4.091681 -0.088787 1.157668  0.043578 0.412019 -0.815458
15  1.719447 -0.000014 0.000021  -0.026457 -0.009509 -0.430320
16  1.099675 0.000050 0.000002  -0.021996 0.033681 -0.732066
17  0.992131 -0.989721 1.326677  -1.364487 -0.571928 -0.196130
18  1.789819 -0.000006 -0.000017  0.010044 -0.004857 0.579272
19  1.207016 -0.000013 -0.000043  0.000369 -0.001439 -0.141147
20  5.740636 0.000365 -0.000699  -0.117125 0.000003 0.000060
21  11.481030 0.000093 -0.000825  -0.048282 -0.090294 0.055352
22  6.027523 -0.000330 0.000206  1.711173 -0.699653 1.579300
23  0.000002 11.692097 -0.000006  -1.055792 -0.500802 -0.826676
24  0.000003 0.000007 -0.000001  0.533130 -0.000031 1.570738
25  -0.000001 -0.000007 -0.000001  0.868967 -0.000009 1.570721
26  -3.991760 -9.653395 0.826810  1.473120 1.855074 -0.198639
27  6.027513 -0.000263 -0.000225  1.370151 0.658559 -0.778749
28  11.691998 0.000245 0.000860  -0.063525 0.000058 -1.689645
29  11.478715 -0.001338 0.000741  -0.950336 0.405752 0.800106
30  3.859437 -0.132762 1.193064  0.467771 0.012166 -2.080742
31  1.312559 0.000026 -0.000002  -0.002591 -0.086818 -0.325533
32  0.729345 0.000065 -0.000028  -0.149107 -0.099773 -0.829530
33  3.942047 0.050136 0.430999  0.236316 -0.061191 -1.662361
34  1.539097 0.000007 -0.000005  0.035034 -0.043250 -1.002024
35  1.196300 0.000077 -0.000008  -0.022154 0.002073 -0.844399
36  3.883414 -0.050476 -0.431085  0.224120 -0.254107 -1.343752
37  1.719564 -0.000080 -0.000014  0.017488 -0.103675 -1.461475
38  1.209198 0.000035 0.000006  -0.001906 0.071048 -0.519937
39  3.836421 -0.157987 -1.330293  -0.227447 -0.057246 -0.301540
40  1.719409 -0.000097 -0.000048  -0.013027 -0.007847 -1.109071
41  1.099673 0.000023 -0.000002  -0.043324 0.053525 -0.699238
42  0.805983 -0.359848 -1.318338  0.991673 0.166770 -0.799523
43  1.789781 -0.000007 -0.000030  0.000056 -0.002451 0.133096
44  1.206997 -0.000004 0.000013  0.000371 -0.000069 1.058782
45  5.740576 0.000117 0.000726  0.161194 -0.000013 0.000032
46  11.480692 -0.000131 0.000901  0.092214 0.097809 0.117581
47  6.027516 -0.000277 -0.000232  -0.895568 -0.669738 -1.690193
48  -0.000000 11.691981 -0.000005  -1.140915 0.584164 0.876453
49  0.000004 -0.000002 0.000001  2.209001 -0.000036 1.570861
50  -0.000007 -0.000014 0.000005  2.272646 -0.000031 1.570865
51  -3.178957 -4.726661 -7.286005  -0.061795 -3.036785 1.365955
52  -0.000001 0.000000 0.000001  0.008153 -0.000259 0.000009
53  -0.000000 0.000000 0.000000  1.565115 0.043565 -0.106862
54  0.452163 -13.761745 -6.148212  -0.288231 -0.284227 -1.832015
55  0.000001 -0.000000 -0.000001  0.000000 -0.000000 -0.000002
56  0.000031 0.000029 0.000001  -1.571902 -0.044449 -0.106509
57  10.730649 -7.552554 -18.280830  1.570796 -0.000000 0.000000
58  -15.744420 4.745377 -21.059811  1.570796 -0.000000 0.000000
59  2.267062 1.006544 -3.626439  1.570796 -0.000000 0.000000
60  -0.004311 0.001230 -0.000371  0.006898 -0.005534 -0.284228
61  0.858610 10.209643 -2.211006  1.570796 -0.000000 0.000000
62  0.000000 0.000000 0.000000  -0.078728 -3.136056 0.284225
63  -2.323334 -2.221693 -0.426911  1.570615 0.000378 0.000496
64  -2.283920 -8.965905 -1.827435  1.570748 -0.001534 0.000189
65  -0.039397 -3.107036 0.976859  0.000000 -0.000000 0.000000
66  -0.039396 -0.914783 9.564855  0.000000 -0.000000 0.000000
67  -0.039396 -3.172346 3.170213  0.000000 -0.000000 0.000000
68  -0.039396 -1.229303 3.715099  0.000000 -0.000000 0.000000
69  0.408672 -2.529140 3.193417  0.000000 -0.000000 0.000000
70  -0.039396 0.091155 10.882010  0.000000 -0.000000 0.000000
71  0.872713 0.008025 -1.510466  0.000000 -0.000000 0.000000
72  -0.039397 -0.788819 2.900785  0.000000 -0.000000 0.000000
73  0.595149 -1.458825 1.529924  0.000000 -0.000000 0.000000
74  -2.274268 -13.672488 -5.924372  1.570748 -0.001534 0.000189
75  -0.041876 2.867871 -0.991287  0.000000 -0.000000 0.000000
76  -0.168163 2.614667 -0.991287  0.000000 -0.000000 0.000000
time 2
0  0.031807 0.000000 -0.000718  -1.570800 -1.391899 -1.570792
1  -3.958127 -0.664546 2.227546  -1.544956 -1.855077 -0.198630
2  6.027519 -0.000327 0.000201  -0.925835 -0.852585 -1.225231
3  11.692106 0.000484 -0.000739  -0.264760 -0.000038 -1.561511
4  11.479977 -0.000372 -0.000861  1.184035 -0.419702 0.388360
5  3.859498 -0.142877 -1.192064  -0.713781 0.033869 -1.022619
6  1.312589 0.000010 0.000000  -0.117304 -0.027458 -0.193577
7  0.729357 0.000049 0.000044  0.004200 -0.008528 -0.575503
8  3.942138 0.046278 -0.431529  -0.472834 0.315498 -0.742701
9  1.539109 0.000081 -0.000000  -0.012490 -0.126740 -0.520240
10  1.196334 0.000144 0.000029  0.014210 -0.000637 -0.395189
11  3.883505 -0.047267 0.431364  -0.150549 0.391791 -0.373455
12  1.719573 -0.000028 0.000009  -0.042630 -0.052146 -0.587812
13  1.209179 0.000091 0.000008  -0.008512 0.000208 -0.347248
14  4.111045 -0.107014 1.177603  0.124784 0.320099 -0.106974
15  1.719449 -0.000012 0.000021  -0.036026 0.019617 -0.411980
16  1.099675 0.000049 0.000002  0.000002 0.002578 -0.244381
17  0.917276 -0.838852 1.144364  -1.169688 -0.602094 -0.346326
18  1.789820 -0.000007 -0.000016  0.020659 -0.008495 0.460785
19  1.207015 -0.000012 -0.000043  0.000706 -0.002879 -0.144360
20  5.740636 0.000364 -0.000699  -0.113311 0.000003 0.000060
21  11.481005 0.000066 -0.000824  -0.058173 -0.075190 0.048210
22  6.027523 -0.000329 0.000206  1.762542 -0.696653 1.622532
23  0.000001 11.692101 -0.000007  -1.065778 -0.510351 -0.832781
24  0.000002 0.000006 -0.000001  0.604340 -0.000031 1.570738
25  -0.000001 -0.000007 -0.000003  0.868967 -0.000009 1.570721
26  -3.991760 -9.653395 0.826810  1.473120 1.855074 -0.198639
27  6.027513 -0.000263 -0.000225  1.368486 0.659842 -0.779623
28  11.691998 0.000245 0.000862  -0.063525 0.000058 -1.688104
29  11.478786 -0.001287 0.000744  -0.945453 0.406373 0.800765
30  3.859438 -0.132762 1.193065  0.467771 0.012166 -2.080742
31  1.312559 0.000029 -0.000002  -0.002591 -0.086818 -0.325533
32  0.729345 0.000066 -0.000029  -0.149107 -0.099773 -0.829530
33  3.942048 0.050136 0.430999  0.236316 -0.061191 -1.662361
34  1.539097 0.000008 -0.000005  0.035034 -0.043250 -1.002024
35  1.196301 0.000077 -0.000008  -0.022154 0.002073 -0.844399
36  3.883414 -0.050476 -0.431085  0.224120 -0.254107 -1.343752
37  1.719564 -0.000081 -0.000015  0.017488 -0.103675 -1.461474
38  1.209198 0.000035 0.000004  -0.001906 0.071048 -0.519937
39  3.771167 -0.183064 -1.327400  -0.223407 -0.026046 -0.195050
40  1.719411 -0.000096 -0.000048  0.001470 -0.040759 -1.086352
41  1.099673 0.000026 -0.000001  -0.028496 0.036651 -0.725211
42  0.805983 -0.359849 -1.318338  0.991673 0.166770 -0.799523
43  1.789780 -0.000007 -0.000030  0.000056 -0.002451 0.133096
44  1.206997 -0.000005 0.000014  0.000370 -0.000069 1.058782
45  5.740574 0.000118 0.000727  0.161987 -0.000013 0.000032
46  11.480704 -0.000121 0.000903  0.093026 0.098266 0.117410
47  6.027516 -0.000277 -0.000232  -0.897891 -0.669990 -1.688605
48  -0.000001 11.691980 -0.000005  -1.140012 0.583260 0.875956
49  0.000003 -0.000002 0.000000  2.209001 -0.000036 1.570861
50  -0.000007 -0.000015 0.000005  2.272646 -0.000031 1.570865
51  -3.157860 -4.736921 -7.290944  -0.057572 -3.037521 1.366040
52  -0.000000 0.000000 0.000000  0.008153 -0.000259 0.000009
53  -0.000000 0.000000 0.000000  1.565115 0.043565 -0.106862
54  1.100835 -13.538345 -6.821876  -0.183784 -0.332971 -1.883789
55  -0.000000 -0.000000 -0.000000  0.000000 -0.000000 -0.000002
56  0.000030 0.000029 0.000001  -1.571901 -0.044449 -0.106509
57  11.435909 -7.790097 -17.959530  1.570796 -0.000000 0.000000
58  -15.744420 4.745377 -21.059811  1.570796 -0.000000 0.000000
59  2.263662 1.357896 -3.778655  1.570796 -0.000000 0.000000
60  -0.004311 0.001230 -0.000371  0.006898 -0.005534 -0.284228
61  0.858610 10.209643 -2.211006  1.570796 -0.000000 0.000000
62  0.000000 0.000000 0.000000  -0.078728 -3.136056 0.284225
63  -2.323334 -2.221693 -0.426911  1.570115 0.001323 0.001737
64  -2.283871 -8.974973 -1.828038  1.570613 -0.005795 0.000714
65  -0.039397 -3.107037 0.976860  0.000000 0.000000 0.000000
66  -0.039396 -0.914783 9.564856  0.000000 0.000000 0.000000
67  -0.039396 -3.172347 3.170214  0.000000 0.000000 0.000000
68  -0.039397 -1.229303 3.715100  0.000000 0.000000 0.000000
69  0.408672 -2.529141 3.193417  0.000000 0.000000 0.000000
70  -0.039396 0.091155 10.882011  0.000000 0.000000 0.000000
71  0.872713 0.008025 -1.510464  0.000000 0.000000 0.000000
72  -0.039397 -0.788819 2.900785  0.000000 0.000000 0.000000
73  0.595149 -1.458825 1.529925  0.000000 0.000000 0.000000
74  -2.254288 -13.682091 -5.924263  1.570613 -0.005795 0.000714
75  -0.041877 2.867871 -0.991285  0.000000 0.000000 0.000000
76  -0.168163 2.614667 -0.991284  0.000000 0.000000 0.000000
time 3
0  0.031807 0.000000 -0.000718  -1.570800 -1.391899 -1.570792
1  -4.304920 -1.163942 2.221855  -1.544956 -1.855077 -0.198630
2  6.027520 -0.000326 0.000201  -0.986925 -0.851033 -1.054884
3  11.692102 0.000484 -0.000738  -0.151342 -0.000038 -1.567826
4  11.479933 -0.000493 -0.000821  1.127560 -0.355278 0.313974
5  3.859503 -0.142877 -1.192065  -0.664307 0.167990 -0.823764
6  1.312589 0.000014 0.000001  -0.086577 -0.026912 -0.227841
7  0.729356 0.000050 -0.000426  0.002956 -0.007668 -0.395328
8  3.942140 0.046277 -0.431528  -0.390203 0.300981 -0.542382
9  1.539109 0.000081 0.000000  -0.012998 -0.108213 -0.418041
10  1.196334 0.000141 0.000029  0.012245 -0.000557 -0.395646
11  3.883509 -0.047268 0.431363  -0.099493 0.333530 -0.279259
12  1.719573 -0.000029 0.000011  -0.039526 -0.030923 -0.485969
13  1.209178 0.000086 0.000007  -0.007612 0.001822 -0.275306
14  4.142143 -0.136283 1.209614  0.160791 0.230772 0.018436
15  1.719449 -0.000011 0.000021  -0.032029 0.017688 -0.396493
16  1.099675 0.000048 0.000002  0.000002 0.002578 -0.244381
17  0.897459 -0.748463 1.122446  -1.165766 -0.640601 -0.436355
18  1.789820 -0.000008 -0.000015  0.018370 -0.004698 0.323002
19  1.207015 -0.000012 -0.000043  0.000486 -0.002528 -0.107219
20  5.740634 0.000365 -0.000699  -0.111515 0.000003 0.000060
21  11.480994 0.000042 -0.000816  -0.073782 -0.062298 0.033546
22  6.027524 -0.000328 0.000207  1.812537 -0.684975 1.715045
23  0.000001 11.692096 -0.000006  -1.069496 -0.513922 -0.835036
24  0.000003 0.000006 -0.000000  0.717759 -0.000031 1.570738
25  -0.000002 -0.000006 -0.000002  0.868967 -0.000009 1.570721
26  -3.991760 -9.653395 0.826810  1.473120 1.855074 -0.198639
27  6.027513 -0.000263 -0.000225  1.365949 0.661778 -0.780960
28  11.691998 0.000244 0.000862  -0.063525 0.000057 -1.685806
29  11.478894 -0.001207 0.000748  -0.938013 0.407306 0.801799
30  3.859438 -0.132762 1.193063  0.467771 0.012166 -2.080742
31  1.312559 0.000026 -0.000003  -0.002591 -0.086818 -0.325533
32  0.729345 0.000065 -0.000028  -0.149107 -0.099773 -0.829530
33  3.942048 0.050135 0.430998  0.236316 -0.061191 -1.662361
34  1.539097 0.000008 -0.000005  0.035034 -0.043250 -1.002024
35  1.196301 0.000078 -0.000008  -0.022154 0.002073 -0.844399
36  3.883414 -0.050477 -0.431086  0.224120 -0.254107 -1.343752
37  1.719564 -0.000082 -0.000015  0.017488 -0.103675 -1.461475
38  1.209196 0.000035 0.000005  -0.001906 0.071048 -0.519937
39  3.687381 -0.215261 -1.323685  -0.212948 0.014975 -0.058171
40  1.719412 -0.000096 -0.000049  0.017719 -0.083429 -1.033242
41  1.099673 0.000024 -0.000001  -0.008825 0.015553 -0.758921
42  0.805983 -0.359848 -1.318339  0.991673 0.166770 -0.799523
43  1.789780 -0.000008 -0.000030  0.000056 -0.002451 0.133096
44  1.206997 -0.000004 0.000014  0.000370 -0.000069 1.058782
45  5.740573 0.000119 0.000726  0.163200 -0.000013 0.000032
46  11.480725 -0.000103 0.000903  0.094262 0.098961 0.117153
47  6.027516 -0.000277 -0.000232  -0.901411 -0.670376 -1.686198
48  -0.000003 11.691980 -0.000006  -1.138666 0.581912 0.875213
49  0.000003 -0.000002 0.000001  2.209001 -0.000036 1.570861
50  -0.000007 -0.000015 0.000004  2.272646 -0.000031 1.570866
51  -3.125668 -4.752069 -7.298257  -0.051136 -3.038645 1.366175
52  0.000000 -0.000000 0.000001  0.008153 -0.000259 0.000009
53  -0.000000 -0.000000 -0.000000  1.565115 0.043565 -0.106862
54  1.891112 -13.198307 -7.764133  -0.020909 -0.396786 -1.954760
55  -0.000000 -0.000001 -0.000000  0.000000 -0.000000 -0.000002
56  0.000031 0.000029 0.000000  -1.571901 -0.044449 -0.106509
57  12.603580 -8.164062 -17.425404  1.570796 -0.000000 0.000000
58  -15.744420 4.745377 -21.059811  1.570796 -0.000000 0.000000
59  2.257971 1.911031 -4.031049  1.570796 -0.000000 0.000000
60  -0.004311 0.001230 -0.000371  0.006898 -0.005534 -0.284228
61  0.858610 10.209643 -2.211006  1.570796 -0.000000 0.000000
62  0.000000 0.000000 0.000000  -0.078728 -3.136056 0.284225
63  -2.323334 -2.221693 -0.426911  1.569361 0.002552 0.003349
64  -2.283797 -8.988335 -1.828926  1.570404 -0.012291 0.001517
65  -0.039397 -3.107036 0.976860  -0.000000 0.000000 0.000000
66  -0.039396 -0.914783 9.564855  -0.000000 0.000000 0.000000
67  -0.039396 -3.172347 3.170215  -0.000000 0.000000 0.000000
68  -0.039396 -1.229303 3.715100  -0.000000 0.000000 0.000000
69  0.408672 -2.529140 3.193418  -0.000000 0.000000 0.000000
70  -0.039395 0.091155 10.882010  -0.000000 0.000000 0.000000
71  0.872713 0.008025 -1.510460  -0.000000 0.000000 0.000000
72  -0.039397 -0.788819 2.900786  -0.000000 0.000000 0.000000
73  0.595149 -1.458825 1.529925  -0.000000 0.000000 0.000000
74  -2.223841 -13.696243 -5.923915  1.570404 -0.012291 0.001517
75  -0.041876 2.867871 -0.991286  -0.000000 0.000000 0.000000
76  -0.168163 2.614668 -0.991286  -0.000000 0.000000 0.000000
time 4
0  0.031807 0.000000 -0.000718  -1.570800 -1.391899 -1.570792
1  -4.751066 -1.768000 2.213886  -1.544956 -1.855077 -0.198630
2  6.027519 -0.000328 0.000201  -1.016462 -0.878403 -0.877293
3  11.692104 0.000483 -0.000739  -0.011925 -0.000037 -1.547081
4  11.480089 -0.000508 -0.000741  1.018495 -0.366623 0.266425
5  3.859499 -0.142878 -1.192065  -0.542840 0.281325 -0.621999
6  1.312591 0.000016 -0.000000  -0.044819 -0.018120 -0.317168
7  0.729356 0.000049 -0.001806  0.001478 -0.004518 -0.287415
8  3.942139 0.046277 -0.431527  -0.255422 0.248997 -0.411666
9  1.539110 0.000081 0.000000  -0.009918 -0.062335 -0.325420
10  1.196333 0.000142 0.000029  0.007110 -0.000334 -0.399639
11  3.883506 -0.047268 0.431366  -0.014754 0.188723 -0.221478
12  1.719572 -0.000027 0.000011  -0.023634 -0.011004 -0.412383
13  1.209178 0.000090 0.000008  -0.005163 0.002759 -0.232782
14  4.181699 -0.173516 1.250335  0.219788 0.069564 0.070530
15  1.719449 -0.000011 0.000021  -0.021203 0.012103 -0.379522
16  1.099676 0.000049 0.000002  0.000002 0.002578 -0.244381
17  0.876655 -0.648660 1.132583  -1.244882 -0.709797 -0.509051
18  1.789820 -0.000008 -0.000016  0.010475 0.002511 0.145853
19  1.207015 -0.000013 -0.000043  -0.000100 -0.001584 -0.002032
20  5.740633 0.000363 -0.000698  -0.119355 0.000003 0.000060
21  11.481024 0.000038 -0.000800  -0.095406 -0.065746 0.019040
22  6.027524 -0.000330 0.000207  1.822040 -0.652407 1.864265
23  0.000002 11.692098 -0.000007  -1.057276 -0.502217 -0.827587
24  0.000003 0.000005 -0.000001  0.857175 -0.000031 1.570738
25  -0.000001 -0.000007 -0.000002  0.868967 -0.000009 1.570721
26  -3.991760 -9.653395 0.826810  1.473120 1.855074 -0.198639
27  6.027513 -0.000263 -0.000225  1.362732 0.664206 -0.782664
28  11.691999 0.000244 0.000862  -0.063525 0.000057 -1.682967
29  11.478979 -0.001151 0.000753  -0.928585 0.408468 0.803156
30  3.859439 -0.132762 1.193064  0.467771 0.012166 -2.080742
31  1.312559 0.000027 -0.000002  -0.002591 -0.086818 -0.325533
32  0.729346 0.000064 -0.000028  -0.149107 -0.099773 -0.829530
33  3.942049 0.050135 0.431000  0.236316 -0.061191 -1.662361
34  1.539097 0.000008 -0.000005  0.035034 -0.043250 -1.002024
35  1.196301 0.000077 -0.000008  -0.022154 0.002073 -0.844399
36  3.883415 -0.050476 -0.431085  0.224120 -0.254107 -1.343752
37  1.719564 -0.000079 -0.000014  0.017488 -0.103675 -1.461475
38  1.209197 0.000034 0.000004  -0.001906 0.071048 -0.519937
39  3.622129 -0.240337 -1.320791  -0.200057 0.048963 0.047482
40  1.719413 -0.000096 -0.000049  0.025855 -0.118486 -0.943120
41  1.099675 0.000024 -0.000002  0.006973 -0.000403 -0.785443
42  0.805984 -0.359848 -1.318338  0.991673 0.166770 -0.799523
43  1.789780 -0.000008 -0.000030  0.000056 -0.002451 0.133096
44  1.206997 -0.000004 0.000014  0.000370 -0.000069 1.058782
45  5.740573 0.000119 0.000727  0.164746 -0.000013 0.000032
46  11.480742 -0.000092 0.000905  0.095826 0.099842 0.116834
47  6.027516 -0.000277 -0.000232  -0.905849 -0.670862 -1.683164
48  -0.000000 11.691980 -0.000007  -1.137003 0.580249 0.874293
49  0.000003 -0.000002 0.000000  2.209001 -0.000036 1.570861
50  -0.000006 -0.000014 0.000004  2.272646 -0.000031 1.570865
51  -3.084794 -4.770503 -7.307167  -0.042977 -3.040071 1.366357
52  -0.000000 0.000000 -0.000000  0.008153 -0.000259 0.000009
53  0.000000 0.000000 0.000001  1.565115 0.043565 -0.106862
54  2.427339 -12.832812 -8.651030  0.153031 -0.454565 -2.009727
55  -0.000000 0.000000 0.000001  0.000000 -0.000000 -0.000002
56  0.000030 0.000029 0.000002  -1.571901 -0.044449 -0.106509
57  14.134254 -8.619613 -16.721359  1.570796 -0.000000 0.000000
58  -15.744420 4.745377 -21.059811  1.570796 -0.000000 0.000000
59  2.250001 2.584838 -4.362586  1.570796 -0.000000 0.000000
60  -0.004311 0.001230 -0.000371  0.006898 -0.005534 -0.284228
61  0.858610 10.209643 -2.211006  1.570796 -0.000000 0.000000
62  0.000000 0.000000 0.000000  -0.078728 -3.136056 0.284225
63  -2.323334 -2.221693 -0.426911  1.568417 0.003783 0.004960
64  -2.283706 -9.004560 -1.830005  1.570136 -0.020527 0.002536
65  -0.039397 -3.107036 0.976860  -0.000000 -0.000000 -0.000000
66  -0.039396 -0.914783 9.564855  -0.000000 -0.000000 -0.000000
67  -0.039396 -3.172346 3.170216  -0.000000 -0.000000 -0.000000
68  -0.039397 -1.229303 3.715101  -0.000000 -0.000000 -0.000000
69  0.408672 -2.529140 3.193419  -0.000000 -0.000000 -0.000000
70  -0.039396 0.091156 10.882011  -0.000000 -0.000000 -0.000000
71  0.872713 0.008025 -1.510463  -0.000000 -0.000000 -0.000000
72  -0.039397 -0.788819 2.900787  -0.000000 -0.000000 -0.000000
73  0.595149 -1.458825 1.529924  -0.000000 -0.000000 -0.000000
74  -2.185252 -13.713415 -5.923158  1.570136 -0.020527 0.002536
75  -0.041876 2.867871 -0.991285  -0.000000 -0.000000 -0.000000
76  -0.168163 2.614667 -0.991285  -0.000000 -0.000000 -0.000000
time 5
0  0.031807 0.000000 -0.000718  -1.570800 -1.391899 -1.570792
1  -5.236492 -2.364953 2.203690  -1.544956 -1.855077 -0.198630
2  6.027519 -0.000329 0.000200  -1.012841 -0.943335 -0.729122
3  11.692102 0.000484 -0.000739  0.127607 -0.000034 -1.502633
4  11.480449 -0.000383 -0.000693  0.862196 -0.437492 0.315766
5  3.859501 -0.142877 -1.192064  -0.416028 0.337383 -0.475544
6  1.312590 0.000015 0.000002  -0.011406 -0.005528 -0.405993
7  0.729356 0.000048 -0.003908  0.000396 -0.001241 -0.249135
8  3.942138 0.046277 -0.431527  -0.140012 0.182407 -0.359204
9  1.539110 0.000083 -0.000002  -0.003755 -0.017136 -0.265955
10  1.196333 0.000144 0.000029  0.001974 -0.000100 -0.411202
11  3.883506 -0.047267 0.431364  0.059848 0.043689 -0.208159
12  1.719574 -0.000028 0.000010  -0.006589 0.001673 -0.375469
13  1.209177 0.000089 0.000008  -0.002219 0.003060 -0.218106
14  4.224376 -0.213686 1.294268  0.269954 -0.106010 0.056349
15  1.719449 -0.000012 0.000021  -0.008593 0.006319 -0.367109
16  1.099675 0.000048 0.000002  0.000002 0.002578 -0.244381
17  0.854752 -0.549913 1.169862  -1.333969 -0.790094 -0.561612
18  1.789821 -0.000008 -0.000017  0.001632 0.008179 0.004715
19  1.207014 -0.000015 -0.000043  -0.001002 -0.000628 0.124417
20  5.740636 0.000365 -0.000698  -0.136284 0.000003 0.000060
21  11.481096 0.000063 -0.000791  -0.120428 -0.085754 0.017366
22  6.027523 -0.000329 0.000206  1.789196 -0.593163 2.034467
23  0.000002 11.692097 -0.000006  -1.031018 -0.477412 -0.811244
24  0.000003 0.000005 -0.000000  0.996706 -0.000031 1.570738
25  -0.000001 -0.000006 -0.000002  0.868967 -0.000009 1.570721
26  -3.991760 -9.653395 0.826810  1.473120 1.855074 -0.198639
27  6.027513 -0.000263 -0.000225  1.359038 0.666961 -0.784633
28  11.692000 0.000243 0.000861  -0.063525 0.000057 -1.679807
29  11.479001 -0.001143 0.000754  -0.917759 0.409773 0.804778
30  3.859438 -0.132762 1.193064  0.467771 0.012166 -2.080742
31  1.312559 0.000025 -0.000002  -0.002591 -0.086818 -0.325533
32  0.729346 0.000065 -0.000028  -0.149107 -0.099773 -0.829530
33  3.942047 0.050135 0.430999  0.236316 -0.061191 -1.662361
34  1.539097 0.000007 -0.000005  0.035034 -0.043250 -1.002024
35  1.196300 0.000077 -0.000008  -0.022154 0.002073 -0.844399
36  3.883415 -0.050476 -0.431085  0.224120 -0.254107 -1.343752
37  1.719563 -0.000082 -0.000015  0.017488 -0.103675 -1.461475
38  1.209199 0.000034 0.000005  -0.001906 0.071048 -0.519937
39  3.598962 -0.249240 -1.319765  -0.192803 0.066716 0.083303
40  1.719413 -0.000096 -0.000049  0.021848 -0.133813 -0.818837
41  1.099675 0.000025 -0.000001  0.012679 -0.005963 -0.794914
42  0.805983 -0.359849 -1.318338  0.991673 0.166770 -0.799523
43  1.789780 -0.000008 -0.000029  0.000056 -0.002451 0.133096
44  1.206997 -0.000004 0.000014  0.000370 -0.000069 1.058782
45  5.740574 0.000118 0.000727  0.166530 -0.000013 0.000032
46  11.480748 -0.000091 0.000905  0.097620 0.100852 0.116479
47  6.027516 -0.000277 -0.000232  -0.910912 -0.671417 -1.679704
48  -0.000001 11.691980 -0.000007  -1.135152 0.578398 0.873266
49  0.000005 -0.000001 -0.000001  2.209001 -0.000036 1.570861
50  -0.000006 -0.000015 0.000004  2.272646 -0.000031 1.570865
51  -3.037765 -4.790620 -7.316899  -0.033608 -3.041713 1.366581
52  -0.000000 -0.000000 -0.000001  0.008153 -0.000259 0.000009
53  0.000000 -0.000000 0.000000  1.565115 0.043565 -0.106862
54  2.473347 -12.522400 -9.252059  0.288280 -0.501567 -2.017074
55  -0.000001 0.000000 -0.000000  0.000000 -0.000000 -0.000002
56  0.000029 0.000029 0.000001  -1.571901 -0.044449 -0.106509
57  15.844409 -9.075160 -15.928797  1.570796 -0.000000 0.000000
58  -15.744420 4.745377 -21.059811  1.570796 -0.000000 0.000000
59  2.239804 3.258644 -4.734041  1.570796 -0.000000 0.000000
60  -0.004311 0.001230 -0.000371  0.006898 -0.005534 -0.284228
61  0.858610 10.209643 -2.211006  1.570796 -0.000000 0.000000
62  0.000000 0.000000 0.000000  -0.078728 -3.136056 0.284225
63  -2.323334 -2.221693 -0.426911  1.567344 0.004732 0.006197
64  -2.283604 -9.022216 -1.831179  1.569823 -0.029987 0.003709
65  -0.039397 -3.107036 0.976859  0.000000 -0.000000 -0.000000
66  -0.039396 -0.914783 9.564856  0.000000 -0.000000 -0.000000
67  -0.039396 -3.172346 3.170215  0.000000 -0.000000 -0.000000
68  -0.039397 -1.229303 3.715101  0.000000 -0.000000 -0.000000
69  0.408671 -2.529140 3.193419  0.000000 -0.000000 -0.000000
70  -0.039396 0.091155 10.882010  0.000000 -0.000000 -0.000000
71  0.872713 0.008025 -1.510462  0.000000 -0.000000 -0.000000
72  -0.039397 -0.788819 2.900786  0.000000 -0.000000 -0.000000
73  0.595149 -1.458825 1.529924  0.000000 -0.000000 -0.000000
74  -2.140947 -13.732092 -5.921854  1.569823 -0.029987 0.003709
75  -0.041876 2.867871 -0.991286  0.000000 -0.000000 -0.000000
76  -0.168162 2.614668 -0.991287  0.000000 -0.000000 -0.000000
time 6
0  0.031807 0.000000 -0.000718  -1.570800 -1.391899 -1.570792
1  -5.695169 -2.844119 2.191361  -1.544956 -1.855077 -0.198630
2  6.027519 -0.000329 0.000201  -0.964376 -1.020867 -0.635513
3  11.692105 0.000484 -0.000739  0.241289 -0.000031 -1.449858
4  11.479601 -0.000860 -0.000547  0.727591 -0.561267 0.488478
5  3.859499 -0.142877 -1.192065  -0.353085 0.347671 -0.424196
6  1.312589 0.000015 0.000000  -0.000028 0.000045 -0.439735
7  0.729356 0.000050 -0.006288  0.000017 0.000021 -0.244319
8  3.942138 0.046277 -0.431528  -0.103282 0.133275 -0.348726
9  1.539110 0.000082 -0.000002  -0.000007 0.000021 -0.247842
10  1.196334 0.000143 0.000030  0.000010 0.000019 -0.430771
11  3.883506 -0.047267 0.431364  0.087890 -0.011406 -0.210685
12  1.719573 -0.000027 0.000011  0.000014 0.005518 -0.366532
13  1.209179 0.000090 0.000006  0.000003 0.003092 -0.216438
14  4.263931 -0.250919 1.334990  0.277802 -0.227067 0.021556
15  1.719448 -0.000012 0.000020  0.000028 0.004067 -0.363021
16  1.099675 0.000047 0.000001  0.000002 0.002578 -0.244381
17  0.834029 -0.463915 1.222200  -1.345743 -0.851325 -0.615593
18  1.789821 -0.000008 -0.000015  -0.001892 0.010001 -0.043858
19  1.207015 -0.000016 -0.000043  -0.002180 -0.000270 0.215344
20  5.740636 0.000365 -0.000698  -0.141660 0.000003 0.000060
21  11.480928 -0.000030 -0.000763  -0.130572 -0.122306 0.033704
22  6.027524 -0.000329 0.000207  1.728572 -0.529130 2.200700
23  0.000003 11.692099 -0.000007  -0.999677 -0.448465 -0.791167
24  0.000003 0.000008 0.000000  1.110386 -0.000031 1.570738
25  -0.000001 -0.000007 -0.000003  0.868967 -0.000009 1.570721
26  -3.991760 -9.653395 0.826810  1.473120 1.855074 -0.198639
27  6.027513 -0.000263 -0.000225  1.355084 0.669857 -0.786755
28  11.691998 0.000244 0.000859  -0.063525 0.000057 -1.676567
29  11.479020 -0.001133 0.000754  -0.906169 0.411136 0.806601
30  3.859437 -0.132762 1.193064  0.467771 0.012166 -2.080742
31  1.312559 0.000025 -0.000002  -0.002591 -0.086818 -0.325533
32  0.729346 0.000066 -0.000028  -0.149107 -0.099773 -0.829530
33  3.942048 0.050135 0.430999  0.236316 -0.061191 -1.662361
34  1.539097 0.000007 -0.000006  0.035034 -0.043250 -1.002024
35  1.196301 0.000077 -0.000008  -0.022154 0.002073 -0.844399
36  3.883414 -0.050476 -0.431085  0.224120 -0.254107 -1.343752
37  1.719565 -0.000081 -0.000015  0.017488 -0.103675 -1.461475
38  1.209197 0.000035 0.000005  -0.001906 0.071048 -0.519937
39  3.635003 -0.235390 -1.321361  -0.185132 0.063898 0.018204
40  1.719413 -0.000095 -0.000049  0.001972 -0.120109 -0.602028
41  1.099674 0.000024 -0.000002  0.009979 -0.006596 -0.686965
42  0.805983 -0.359849 -1.318338  0.991673 0.166770 -0.799523
43  1.789780 -0.000007 -0.000030  0.000056 -0.002451 0.133096
44  1.206997 -0.000004 0.000013  0.000370 -0.000069 1.058782
45  5.740574 0.000118 0.000726  0.168456 -0.000013 0.000032
46  11.480751 -0.000090 0.000904  0.099538 0.101932 0.116112
47  6.027516 -0.000277 -0.000232  -0.916281 -0.672015 -1.676033
48  -0.000002 11.691980 -0.000006  -1.133254 0.576503 0.872211
49  0.000003 -0.000003 0.000000  2.209001 -0.000036 1.570861
50  -0.000006 -0.000015 0.000005  2.272646 -0.000031 1.570865
51  -2.987299 -4.810817 -7.326716  -0.023574 -3.043477 1.366838
52  0.000000 -0.000000 0.000000  0.008153 -0.000259 0.000009
53  -0.000000 0.000000 0.000000  1.565115 0.043565 -0.106862
54  2.029979 -12.204636 -9.893700  0.404095 -0.574642 -1.936521
55  -0.000000 -0.000000 -0.000001  0.000000 -0.000000 -0.000002
56  0.000030 0.000029 -0.000000  -1.571901 -0.044449 -0.106509
57  17.523283 -9.449124 -15.142551  1.570796 -0.000000 0.000000
58  -15.744420 4.745377 -21.059811  1.570796 -0.000000 0.000000
59  2.227475 3.811780 -5.100132  1.570796 -0.000000 0.000000
60  -0.004311 0.001230 -0.000371  0.006898 -0.005534 -0.284228
61  0.858610 10.209643 -2.211006  1.570796 -0.000000 0.000000
62  0.000000 0.000000 0.000000  -0.078728 -3.136056 0.284225
63  -2.323334 -2.221693 -0.426911  1.566203 0.005114 0.006690
64  -2.283499 -9.039873 -1.832353  1.569482 -0.040121 0.004970
65  -0.039397 -3.107036 0.976859  0.000000 0.000000 0.000000
66  -0.039396 -0.914783 9.564855  0.000000 0.000000 0.000000
67  -0.039396 -3.172347 3.170214  0.000000 0.000000 0.000000
68  -0.039396 -1.229303 3.715099  0.000000 0.000000 0.000000
69  0.408672 -2.529140 3.193418  0.000000 0.000000 0.000000
70  -0.039395 0.091155 10.882010  0.000000 0.000000 0.000000
71  0.872714 0.008025 -1.510463  0.000000 0.000000 0.000000
72  -0.039397 -0.788819 2.900786  0.000000 0.000000 0.000000
73  0.595149 -1.458825 1.529925  0.000000 0.000000 0.000000
74  -2.093515 -13.750756 -5.919945  1.569482 -0.040121 0.004970
75  -0.041877 2.867871 -0.991287  0.000000 0.000000 0.000000
76  -0.168163 2.614667 -0.991287  0.000000 0.000000 0.000000
time 7
0  0.031807 0.000000 -0.000718  -1.570800 -1.391899 -1.570792
1  -6.077466 -3.132038 2.177050  -1.544956 -1.855077 -0.198630
2  6.027521 -0.000329 0.000200  -0.904629 -1.083323 -0.586781
3  11.692104 0.000483 -0.000739  0.312741 -0.000029 -1.410751
4  11.479814 -0.000798 -0.000517  0.561362 -0.638840 0.699711
5  3.859498 -0.142878 -1.192066  -0.413046 0.221008 -0.685995
6  1.312588 0.000015 0.000001  -0.000174 0.000024 -0.334015
7  0.729356 0.000049 -0.008389  0.000030 0.000024 -0.554585
8  3.942137 0.046276 -0.431530  -0.169783 0.079892 -0.540388
9  1.539109 0.000082 -0.000000  0.001180 -0.000495 -0.366186
10  1.196335 0.000144 0.000027  0.000075 0.000097 -0.713183
11  3.883506 -0.047268 0.431362  0.027632 0.017517 -0.359926
12  1.719573 -0.000027 0.000011  -0.002343 -0.004602 -0.542122
13  1.209177 0.000088 0.000007  0.001146 0.003045 -0.439098
14  4.295026 -0.280187 1.366999  0.244957 -0.280803 -0.126062
15  1.719448 -0.000011 0.000021  0.003836 0.006666 -0.592891
16  1.099674 0.000048 0.000000  -0.000875 0.002654 -0.401001
17  0.817997 -0.399687 1.273190  -1.295705 -0.891288 -0.679106
18  1.789819 -0.000009 -0.000015  0.001980 -0.020982 0.015430
19  1.207015 -0.000015 -0.000043  -0.003906 -0.011076 0.277693
20  5.740637 0.000365 -0.000699  -0.147533 0.000003 0.000060
21  11.480968 -0.000016 -0.000756  -0.141897 -0.155389 0.054090
22  6.027524 -0.000328 0.000206  1.677167 -0.476715 2.326139
23  0.000002 11.692098 -0.000006  -0.976315 -0.427387 -0.775826
24  0.000002 0.000006 0.000001  1.181837 -0.000031 1.570738
25  -0.000001 -0.000007 -0.000001  0.868967 -0.000009 1.570721
26  -3.991760 -9.653395 0.826810  1.473120 1.855074 -0.198639
27  6.027513 -0.000263 -0.000225  1.351098 0.672704 -0.788901
28  11.691998 0.000245 0.000862  -0.063525 0.000057 -1.673485
29  11.479040 -0.001121 0.000754  -0.894493 0.412476 0.808547
30  3.859438 -0.132762 1.193064  0.467771 0.012166 -2.080742
31  1.312559 0.000027 -0.000002  -0.002591 -0.086818 -0.325533
32  0.729346 0.000066 -0.000028  -0.149107 -0.099773 -0.829530
33  3.942047 0.050136 0.430999  0.236316 -0.061191 -1.662361
34  1.539097 0.000007 -0.000005  0.035034 -0.043250 -1.002024
35  1.196300 0.000077 -0.000008  -0.022154 0.002073 -0.844399
36  3.883414 -0.050476 -0.431085  0.224120 -0.254107 -1.343752
37  1.719564 -0.000081 -0.000014  0.017488 -0.103675 -1.461475
38  1.209198 0.000034 0.000005  -0.001906 0.071048 -0.519937
39  3.729274 -0.199162 -1.325543  -0.167156 0.042423 -0.149355
40  1.719414 -0.000095 -0.000049  -0.023256 -0.071126 -0.274586
41  1.099673 0.000024 -0.000002  0.002582 -0.006831 -0.398075
42  0.805983 -0.359848 -1.318338  0.991674 0.166770 -0.799523
43  1.789780 -0.000007 -0.000030  0.000056 -0.002451 0.133096
44  1.206996 -0.000004 0.000014  0.000370 -0.000069 1.058782
45  5.740573 0.000120 0.000727  0.170413 -0.000013 0.000032
46  11.480753 -0.000086 0.000905  0.101466 0.103021 0.115761
47  6.027516 -0.000277 -0.000232  -0.921622 -0.672633 -1.672374
48  -0.000000 11.691980 -0.000006  -1.131448 0.574701 0.871204
49  0.000002 -0.000002 0.000000  2.209001 -0.000036 1.570861
50  -0.000007 -0.000014 0.000005  2.272646 -0.000031 1.570865
51  -2.936350 -4.829487 -7.335949  -0.013464 -3.045261 1.367115
52  -0.000000 -0.000000 -0.000001  0.008153 -0.000259 0.000009
53  -0.000000 0.000000 0.000000  1.565115 0.043565 -0.106862
54  1.529096 -11.925486 -10.530563  0.429805 -0.640296 -1.842731
55  0.000001 0.000000 -0.000001  0.000000 -0.000000 -0.000002
56  0.000032 0.000029 0.000000  -1.571902 -0.044449 -0.106509
57  19.005245 -9.686667 -14.438189  1.570796 -0.000000 0.000000
58  -15.744420 4.745377 -21.059811  1.570796 -0.000000 0.000000
59  2.213163 4.163132 -5.425095  1.570796 -0.000000 0.000000
60  -0.004311 0.001230 -0.000371  0.006898 -0.005534 -0.284228
61  0.858610 10.209643 -2.211006  1.570796 -0.000000 0.000000
62  0.000000 0.000000 0.000000  -0.078728 -3.136056 0.284225
63  -2.323334 -2.221693 -0.426911  1.565053 0.004972 0.006610
64  -2.283397 -9.056098 -1.833432  1.569135 -0.050335 0.006244
65  -0.039397 -3.107036 0.976857  0.000000 0.000000 0.000000
66  -0.039396 -0.914783 9.564853  0.000000 0.000000 0.000000
67  -0.039396 -3.172346 3.170213  0.000000 0.000000 0.000000
68  -0.039397 -1.229303 3.715098  0.000000 0.000000 0.000000
69  0.408672 -2.529140 3.193417  0.000000 0.000000 0.000000
70  -0.039396 0.091155 10.882010  0.000000 0.000000 0.000000
71  0.872714 0.008025 -1.510460  0.000000 0.000000 0.000000
72  -0.039397 -0.788819 2.900784  0.000000 0.000000 0.000000
73  0.595149 -1.458825 1.529923  0.000000 0.000000 0.000000
74  -2.045743 -13.767895 -5.917476  1.569135 -0.050335 0.006244
75  -0.041877 2.867871 -0.991287  0.000000 0.000000 0.000000
76  -0.168163 2.614667 -0.991287  0.000000 0.000000 0.000000
time 8
0  0.031807 0.000000 -0.000718  -1.570800 -1.391899 -1.570792
1  -6.358497 -3.200837 2.160959  -1.544956 -1.855077 -0.198630
2  6.027520 -0.000330 0.000200  -0.873096 -1.137246 -0.565073
3  11.692103 0.000483 -0.000739  0.336510 -0.000029 -1.394354
4  11.479904 -0.000760 -0.000515  0.373954 -0.647131 0.826998
5  3.859499 -0.142878 -1.192065  -0.451244 -0.094802 -1.238185
6  1.312590 0.000015 -0.000001  -0.000490 0.000032 -0.106398
7  0.729356 0.000051 -0.009764  0.000052 0.000044 -1.257381
8  3.942138 0.046276 -0.431527  -0.276786 -0.021955 -0.956371
9  1.539110 0.000082 0.000000  0.001930 -0.001483 -0.621380
10  1.196334 0.000146 0.000029  0.000176 0.000222 -1.309703
11  3.883506 -0.047268 0.431364  -0.114017 0.047509 -0.688136
12  1.719573 -0.000028 0.000010  -0.001214 -0.027086 -0.924411
13  1.209178 0.000091 0.000006  0.001309 0.002996 -0.929106
14  4.314393 -0.298415 1.386936  0.201012 -0.287922 -0.404997
15  1.719449 -0.000011 0.000020  0.001949 0.012027 -1.099768
16  1.099675 0.000047 -0.000001  -0.002752 0.002348 -0.740725
17  0.808751 -0.361392 1.308747  -1.235629 -0.910296 -0.737511
18  1.789821 -0.000009 -0.000016  0.003366 -0.101391 0.167811
19  1.207015 -0.000014 -0.000043  -0.006446 -0.038194 0.321908
20  5.740635 0.000363 -0.000698  -0.167338 0.000003 0.000060
21  11.480985 -0.000010 -0.000757  -0.164886 -0.175035 0.061212
22  6.027523 -0.000329 0.000207  1.649524 -0.426864 2.388178
23  0.000000 11.692098 -0.000007  -0.966480 -0.418647 -0.769278
24  0.000005 0.000007 -0.000001  1.205604 -0.000031 1.570738
25  -0.000002 -0.000006 -0.000002  0.868967 -0.000008 1.570721
26  -3.991760 -9.653395 0.826810  1.473120 1.855074 -0.198639
27  6.027513 -0.000263 -0.000225  1.347328 0.675296 -0.790931
28  11.691999 0.000246 0.000861  -0.063525 0.000057 -1.670803
29  11.479057 -0.001114 0.000755  -0.883455 0.413712 0.810523
30  3.859438 -0.132762 1.193064  0.467771 0.012166 -2.080742
31  1.312560 0.000026 -0.000002  -0.002591 -0.086818 -0.325533
32  0.729345 0.000065 -0.000028  -0.149107 -0.099773 -0.829530
33  3.942048 0.050135 0.430999  0.236316 -0.061191 -1.662361
34  1.539096 0.000007 -0.000006  0.035034 -0.043250 -1.002024
35  1.196301 0.000077 -0.000007  -0.022154 0.002073 -0.844399
36  3.883413 -0.050476 -0.431085  0.224120 -0.254107 -1.343752
37  1.719565 -0.000080 -0.000014  0.017488 -0.103675 -1.461475
38  1.209198 0.000034 0.000005  -0.001906 0.071048 -0.519937
39  3.823548 -0.162936 -1.329723  -0.146181 0.021063 -0.316358
40  1.719413 -0.000095 -0.000049  -0.030940 -0.018258 0.000094
41  1.099674 0.000024 -0.000002  -0.004575 -0.004949 -0.109193
42  0.805983 -0.359849 -1.318338  0.991673 0.166770 -0.799523
43  1.789780 -0.000007 -0.000030  0.000056 -0.002451 0.133096
44  1.206997 -0.000004 0.000014  0.000370 -0.000069 1.058782
45  5.740573 0.000120 0.000726  0.172284 -0.000013 0.000032
46  11.480758 -0.000084 0.000904  0.103282 0.104054 0.115452
47  6.027516 -0.000277 -0.000232  -0.926577 -0.673255 -1.668963
48  -0.000002 11.691980 -0.000005  -1.129877 0.573135 0.870325
49  0.000005 -0.000003 -0.000001  2.209001 -0.000036 1.570861
50  -0.000007 -0.000014 0.000005  2.272646 -0.000031 1.570865
51  -2.888099 -4.845032 -7.344013  -0.003907 -3.046959 1.367395
52  0.000000 0.000000 -0.000000  0.008153 -0.000259 0.000009
53  0.000000 -0.000000 -0.000000  1.565115 0.043565 -0.106862
54  1.022697 -11.762201 -10.679408  0.335938 -0.671333 -1.801601
55  -0.000000 -0.000000 -0.000000  0.000000 -0.000000 -0.000002
56  0.000030 0.000029 0.000001  -1.571902 -0.044449 -0.106509
57  20.200592 -9.766250 -13.857543  1.570796 -0.000000 0.000000
58  -15.744420 4.745377 -21.059811  1.570796 -0.000000 0.000000
59  2.197072 4.280841 -5.689398  1.570796 -0.000000 0.000000
60  -0.004311 0.001230 -0.000371  0.006898 -0.005534 -0.284228
61  0.858610 10.209643 -2.211006  1.570796 -0.000000 0.000000
62  0.000000 0.000000 0.000000  -0.078728 -3.136056 0.284225
63  -2.323334 -2.221693 -0.426911  1.563937 0.004422 0.006396
64  -2.283305 -9.069460 -1.834321  1.568808 -0.059993 0.007453
65  -0.039397 -3.107036 0.976859  -0.000000 -0.000000 -0.000000
66  -0.039396 -0.914783 9.564857  -0.000000 -0.000000 -0.000000
67  -0.039396 -3.172346 3.170215  -0.000000 -0.000000 -0.000000
68  -0.039396 -1.229303 3.715100  -0.000000 -0.000000 -0.000000
69  0.408672 -2.529140 3.193419  -0.000000 -0.000000 -0.000000
70  -0.039395 0.091155 10.882010  -0.000000 -0.000000 -0.000000
71  0.872714 0.008025 -1.510463  -0.000000 -0.000000 -0.000000
72  -0.039397 -0.788819 2.900787  -0.000000 -0.000000 -0.000000
73  0.595149 -1.458825 1.529925  -0.000000 -0.000000 -0.000000
74  -2.000605 -13.782007 -5.914624  1.568808 -0.059993 0.007453
75  -0.041877 2.867871 -0.991286  -0.000000 -0.000000 -0.000000
76  -0.168163 2.614667 -0.991286  -0.000000 -0.000000 -0.000000
time 9
0  0.031807 0.000000 -0.000718  -1.570800 -1.391899 -1.570792
1  -6.592377 -3.152189 2.143353  -1.544956 -1.855077 -0.198630
2  6.027521 -0.000330 0.000200  -0.886682 -1.173536 -0.532539
3  11.692102 0.000483 -0.000740  0.319990 -0.000030 -1.394079
4  11.479907 -0.000750 -0.000530  0.292484 -0.649027 0.870840
5  3.859500 -0.142878 -1.192065  -0.413971 -0.232612 -1.486464
6  1.312589 0.000015 0.000002  -0.000635 0.000060 -0.000678
7  0.729356 0.000050 -0.010229  0.000056 0.000057 -1.567647
8  3.942138 0.046277 -0.431529  -0.310600 -0.077040 -1.144029
9  1.539110 0.000082 -0.000003  0.002197 -0.001910 -0.739725
10  1.196334 0.000144 0.000029  0.000199 0.000286 -1.574832
11  3.883507 -0.047268 0.431365  -0.181000 0.045387 -0.840171
12  1.719573 -0.000026 0.000010  0.002147 -0.036919 -1.100108
13  1.209178 0.000090 0.000008  0.001214 0.002914 -1.151766
14  4.320846 -0.304491 1.393580  0.180972 -0.285100 -0.531602
15  1.719449 -0.000011 0.000020  -0.000329 0.013694 -1.329664
16  1.099675 0.000047 0.000000  -0.003560 0.001998 -0.897345
17  0.806000 -0.349050 1.321249  -1.183939 -0.907281 -0.786683
18  1.789821 -0.000009 -0.000017  -0.006114 -0.173137 0.305162
19  1.207016 -0.000015 -0.000043  -0.007558 -0.061476 0.335180
20  5.740636 0.000364 -0.000700  -0.177067 0.000003 0.000060
21  11.480985 -0.000006 -0.000761  -0.175240 -0.183193 0.061880
22  6.027523 -0.000329 0.000206  1.647755 -0.390198 2.408983
23  0.000002 11.692098 -0.000006  -0.966314 -0.418502 -0.769169
24  0.000004 0.000006 0.000000  1.189084 -0.000031 1.570738
25  -0.000001 -0.000006 -0.000002  0.868967 -0.000009 1.570721
26  -3.991760 -9.653395 0.826810  1.473120 1.855074 -0.198639
27  6.027514 -0.000263 -0.000225  1.344028 0.677420 -0.792692
28  11.691998 0.000245 0.000862  -0.063525 0.000056 -1.668771
29  11.479072 -0.001106 0.000754  -0.873817 0.414774 0.812426
30  3.859438 -0.132762 1.193064  0.467771 0.012166 -2.080742
31  1.312559 0.000027 -0.000003  -0.002591 -0.086818 -0.325533
32  0.729345 0.000067 -0.000027  -0.149107 -0.099773 -0.829530
33  3.942048 0.050135 0.430999  0.236316 -0.061191 -1.662361
34  1.539097 0.000007 -0.000005  0.035034 -0.043250 -1.002024
35  1.196300 0.000077 -0.000008  -0.022154 0.002073 -0.844399
36  3.883414 -0.050477 -0.431085  0.224120 -0.254107 -1.343752
37  1.719564 -0.000081 -0.000014  0.017488 -0.103675 -1.461475
38  1.209199 0.000034 0.000004  -0.001906 0.071048 -0.519937
39  3.859588 -0.149086 -1.331322  -0.137372 0.013472 -0.379674
40  1.719413 -0.000096 -0.000050  -0.030071 0.001518 0.095502
41  1.099673 0.000024 -0.000002  -0.007066 -0.003729 -0.001250
42  0.805983 -0.359849 -1.318338  0.991673 0.166770 -0.799523
43  1.789780 -0.000007 -0.000030  0.000056 -0.002451 0.133096
44  1.206996 -0.000004 0.000014  0.000370 -0.000069 1.058782
45  5.740574 0.000120 0.000726  0.173944 -0.000013 0.000032
46  11.480762 -0.000083 0.000905  0.104861 0.104963 0.115214
47  6.027516 -0.000277 -0.000232  -0.930772 -0.673871 -1.666042
48  0.000000 11.691981 -0.000007  -1.128686 0.571948 0.869658
49  0.000004 -0.000003 0.000000  2.209001 -0.000036 1.570861
50  -0.000005 -0.000013 0.000005  2.272646 -0.000031 1.570865
51  -2.845910 -4.855857 -7.350422  0.004436 -3.048458 1.367653
52  0.000000 -0.000000 0.000000  0.008153 -0.000259 0.000009
53  -0.000000 -0.000000 0.000000  1.565115 0.043565 -0.106862
54  0.741216 -11.722078 -10.568725  0.272642 -0.685073 -1.789951
55  -0.000001 -0.000000 -0.000000  0.000000 -0.000000 -0.000002
56  0.000029 0.000029 0.000000  -1.571901 -0.044449 -0.106509
57  21.298058 -8.902652 -13.294804  1.570796 -0.000000 0.000000
58  -15.744420 4.745377 -21.059811  1.570796 -0.000000 0.000000
59  2.179466 4.274587 -5.928202  1.570796 -0.000000 0.000000
60  -0.004311 0.001230 -0.000371  0.006898 -0.005534 -0.284228
61  0.858610 10.209643 -2.211006  1.570796 -0.000000 0.000000
62  0.000000 0.000000 0.000000  -0.078728 -3.136056 0.284225
63  -2.323334 -2.221693 -0.426911  1.562891 0.003287 0.006073
64  -2.283231 -9.078527 -1.834923  1.568531 -0.068428 0.008511
65  -0.039397 -3.107036 0.976859  -0.000000 -0.000000 -0.000000
66  -0.039396 -0.914783 9.564857  -0.000000 -0.000000 -0.000000
67  -0.039396 -3.172347 3.170214  -0.000000 -0.000000 -0.000000
68  -0.039396 -1.229303 3.715099  -0.000000 -0.000000 -0.000000
69  0.408672 -2.529140 3.193418  -0.000000 -0.000000 -0.000000
70  -0.039395 0.091155 10.882011  -0.000000 -0.000000 -0.000000
71  0.872713 0.008025 -1.510463  -0.000000 -0.000000 -0.000000
72  -0.039397 -0.788819 2.900786  -0.000000 -0.000000 -0.000000
73  0.595149 -1.458825 1.529925  -0.000000 -0.000000 -0.000000
74  -1.961217 -13.791614 -5.911692  1.568531 -0.068428 0.008511
75  -0.041877 2.867871 -0.991285  -0.000000 -0.000000 -0.000000
76  -0.168162 2.614668 -0.991286  -0.000000 -0.000000 -0.000000
time 10
0  0.031807 0.000000 -0.000718  -1.570800 -1.391899 -1.570792
1  -6.838364 -3.089209 2.124551  -1.544956 -1.855077 -0.198630
2  6.027522 -0.000329 0.000200  -0.935523 -1.183050 -0.475446
3  11.692105 0.000483 -0.000740  0.271664 -0.000029 -1.406112
4  11.479838 -0.000760 -0.000554  0.322865 -0.665356 0.858831
5  3.859499 -0.142877 -1.192065  -0.413971 -0.232612 -1.486464
6  1.312589 0.000016 0.000001  -0.000635 0.000060 -0.000678
7  0.729356 0.000050 -0.010230  0.000056 0.000057 -1.567647
8  3.942138 0.046277 -0.431527  -0.310600 -0.077040 -1.144029
9  1.539109 0.000082 0.000001  0.002197 -0.001910 -0.739725
10  1.196334 0.000144 0.000031  0.000199 0.000286 -1.574833
11  3.883506 -0.047268 0.431363  -0.181000 0.045387 -0.840171
12  1.719572 -0.000026 0.000008  0.002147 -0.036919 -1.100107
13  1.209178 0.000088 0.000008  0.001214 0.002914 -1.151766
14  4.320848 -0.304491 1.393579  0.180972 -0.285100 -0.531602
15  1.719448 -0.000011 0.000021  -0.000329 0.013694 -1.329664
16  1.099675 0.000047 -0.000002  -0.003560 0.001998 -0.897345
17  0.805998 -0.349050 1.321249  -1.133030 -0.887909 -0.841066
18  1.789821 -0.000009 -0.000016  -0.023318 -0.233590 0.422571
19  1.207016 -0.000016 -0.000044  0.005336 -0.078639 0.170297
20  5.740636 0.000364 -0.000698  -0.171454 0.000003 0.000060
21  11.480970 -0.000010 -0.000764  -0.169028 -0.182884 0.060295
22  6.027524 -0.000328 0.000206  1.665089 -0.376745 2.414461
23  0.000001 11.692099 -0.000007  -0.973534 -0.424909 -0.773981
24  0.000004 0.000007 0.000000  1.140759 -0.000031 1.570738
25  -0.000001 -0.000007 -0.000002  0.868967 -0.000009 1.570721
26  -3.991760 -9.653395 0.826810  1.473120 1.855074 -0.198639
27  6.027514 -0.000263 -0.000225  1.341428 0.678869 -0.794040
28  11.691999 0.000245 0.000863  -0.063525 0.000056 -1.667627
29  11.479078 -0.001105 0.000755  -0.866259 0.415606 0.814170
30  3.859438 -0.132762 1.193065  0.467771 0.012166 -2.080742
31  1.312559 0.000027 -0.000002  -0.002591 -0.086818 -0.325533
32  0.729346 0.000066 -0.000028  -0.149107 -0.099773 -0.829530
33  3.942048 0.050135 0.430999  0.236316 -0.061191 -1.662361
34  1.539097 0.000007 -0.000006  0.035034 -0.043250 -1.002024
35  1.196301 0.000077 -0.000008  -0.022154 0.002073 -0.844399
36  3.883414 -0.050476 -0.431085  0.224120 -0.254107 -1.343752
37  1.719564 -0.000081 -0.000014  0.017488 -0.103675 -1.461475
38  1.209198 0.000035 0.000005  -0.001906 0.071048 -0.519937
39  3.859589 -0.149086 -1.331321  -0.137372 0.013472 -0.379674
40  1.719413 -0.000096 -0.000050  -0.030071 0.001518 0.095502
41  1.099674 0.000024 -0.000001  -0.007066 -0.003729 -0.001250
42  0.805983 -0.359848 -1.318337  0.991674 0.166770 -0.799523
43  1.789781 -0.000008 -0.000030  0.000056 -0.002451 0.133096
44  1.206996 -0.000004 0.000014  0.000370 -0.000069 1.058782
45  5.740574 0.000119 0.000726  0.175280 -0.000013 0.000032
46  11.480762 -0.000084 0.000904  0.106088 0.105688 0.115074
47  6.027516 -0.000277 -0.000232  -0.933860 -0.674487 -1.663831
48  -0.000000 11.691980 -0.000006  -1.128016 0.571281 0.869282
49  0.000003 -0.000003 -0.000000  2.209001 -0.000036 1.570861
50  -0.000006 -0.000014 0.000005  2.272646 -0.000031 1.570865
51  -2.812827 -4.860397 -7.354832  0.010967 -3.049657 1.367866
52  -0.000001 -0.000000 -0.000000  0.008153 -0.000259 0.000009
53  0.000000 0.000000 0.000000  1.565115 0.043565 -0.106862
54  0.801099 -11.724116 -10.548390  0.281006 -0.683754 -1.794423
55  -0.000000 0.000000 -0.000001  0.000000 -0.000001 -0.000002
56  0.000031 0.000029 0.000001  -1.571901 -0.044449 -0.106509
57  22.466551 -6.300730 -12.659163  1.570796 -0.000000 0.000000
58  -15.744420 4.745377 -21.059811  1.570796 -0.000000 0.000000
59  2.160664 4.256384 -6.181470  1.570796 -0.000000 0.000000
60  -0.004311 0.001230 -0.000371  0.006898 -0.005534 -0.284228
61  0.858610 10.209643 -2.211006  1.570796 -0.000000 0.000000
62  0.000000 0.000000 0.000000  -0.078728 -3.136056 0.284225
63  -2.323334 -2.221693 -0.426911  1.561950 0.001395 0.005668
64  -2.283182 -9.081867 -1.835145  1.568335 -0.075038 0.009342
65  -0.039397 -3.107036 0.976859  0.000000 -0.000000 -0.000000
66  -0.039396 -0.914783 9.564855  0.000000 -0.000000 -0.000000
67  -0.039396 -3.172346 3.170213  -0.112528 -0.000000 -0.000000
68  -0.039397 -1.229303 3.715099  0.000000 -0.000000 -0.000000
69  0.408671 -2.529140 3.193418  0.000000 -0.000000 -0.000000
70  -0.039396 0.091155 10.882010  0.000000 -0.000000 -0.000000
71  0.872713 0.008025 -1.510462  0.000000 -0.000000 -0.000000
72  -0.039397 -0.788819 2.900784  0.000000 -0.000000 -0.000000
73  0.595149 -1.458825 1.529923  0.000000 -0.000000 -0.000000
74  -1.930376 -13.795235 -5.909040  1.568335 -0.075038 0.009342
75  -0.041876 2.867871 -0.991287  0.000000 -0.000000 -0.000000
76  -0.168163 2.614667 -0.991287  0.000000 -0.000000 -0.000000
time 11
0  0.031807 0.000000 -0.000718  -1.570800 -1.391899 -1.570792
1  -7.095193 -3.016173 2.104923  -1.544956 -1.855077 -0.198630
2  6.027521 -0.000329 0.000201  -0.980374 -1.187653 -0.432212
3  11.692104 0.000481 -0.000740  0.201644 -0.000029 -1.421191
4  11.479753 -0.000765 -0.000594  0.384229 -0.699258 0.828241
5  3.859500 -0.142877 -1.192066  -0.413971 -0.232612 -1.486464
6  1.312589 0.000014 0.000003  -0.000635 0.000060 -0.000678
7  0.729356 0.000049 -0.010230  0.000056 0.000057 -1.567647
8  3.942138 0.046277 -0.431529  -0.310600 -0.077040 -1.144029
9  1.539110 0.000082 -0.000000  0.002197 -0.001910 -0.739725
10  1.196333 0.000145 0.000031  0.000199 0.000286 -1.574833
11  3.883506 -0.047268 0.431363  -0.181000 0.045387 -0.840171
12  1.719574 -0.000028 0.000009  0.002147 -0.036919 -1.100108
13  1.209178 0.000089 0.000006  0.001214 0.002914 -1.151766
14  4.320847 -0.304490 1.393580  0.180972 -0.285100 -0.531602
15  1.719447 -0.000012 0.000022  -0.000329 0.013694 -1.329664
16  1.099675 0.000047 -0.000000  -0.003560 0.001998 -0.897345
17  0.805999 -0.349050 1.321249  -1.114385 -0.863744 -0.860583
18  1.789820 -0.000008 -0.000016  -0.035120 -0.263043 0.481254
19  1.207016 -0.000016 -0.000043  0.020110 -0.083811 -0.016900
20  5.740635 0.000363 -0.000698  -0.160977 0.000003 0.000060
21  11.480953 -0.000013 -0.000771  -0.156887 -0.182262 0.056013
22  6.027524 -0.000328 0.000208  1.681165 -0.367730 2.410286
23  0.000002 11.692098 -0.000007  -0.982564 -0.432982 -0.779960
24  0.000004 0.000008 0.000000  1.070740 -0.000031 1.570738
25  -0.000002 -0.000007 -0.000001  0.868967 -0.000009 1.570721
26  -3.991760 -9.653395 0.826810  1.473120 1.855074 -0.198639
27  6.027514 -0.000263 -0.000225  1.339654 0.678180 -0.794582
28  11.691998 0.000243 0.000862  -0.063525 0.000056 -1.670317
29  11.479063 -0.001114 0.000753  -0.861339 0.416337 0.817140
30  3.859439 -0.132762 1.193064  0.467771 0.012166 -2.080742
31  1.312559 0.000027 -0.000003  -0.002591 -0.086818 -0.325533
32  0.729345 0.000066 -0.000028  -0.149107 -0.099773 -0.829530
33  3.942047 0.050135 0.430999  0.236316 -0.061191 -1.662361
34  1.539098 0.000008 -0.000006  0.035034 -0.043250 -1.002024
35  1.196301 0.000077 -0.000008  -0.022154 0.002073 -0.844399
36  3.883413 -0.050476 -0.431086  0.224120 -0.254107 -1.343752
37  1.719564 -0.000080 -0.000014  0.017488 -0.103675 -1.461475
38  1.209197 0.000036 0.000005  -0.001906 0.071048 -0.519937
39  3.859589 -0.149086 -1.331322  -0.137372 0.013472 -0.379674
40  1.719413 -0.000095 -0.000049  -0.030071 0.001518 0.095502
41  1.099673 0.000024 -0.000001  -0.007066 -0.003729 -0.001250
42  0.805983 -0.359848 -1.318338  0.991673 0.166770 -0.799523
43  1.789780 -0.000007 -0.000030  0.000056 -0.002451 0.133096
44  1.206996 -0.000005 0.000014  0.000370 -0.000069 1.058782
45  5.740576 0.000118 0.000727  0.176411 -0.000013 0.000032
46  11.480761 -0.000087 0.000905  0.106799 0.106283 0.115318
47  6.027516 -0.000277 -0.000232  -0.934328 -0.675987 -1.662967
48  0.000001 11.691980 -0.000007  -1.129592 0.572851 0.870166
49  0.000003 -0.000003 -0.000000  2.209001 -0.000036 1.570861
50  -0.000006 -0.000014 0.000005  2.272646 -0.000031 1.570865
51  -2.791438 -4.833779 -7.353354  0.015182 -3.050473 1.368010
52  -0.000000 -0.000000 -0.000000  0.008153 -0.000259 0.000009
53  0.000000 0.000000 -0.000000  1.565115 0.043565 -0.106862
54  0.839744 -11.695729 -10.531103  0.286394 -0.682846 -1.797295
55  0.000001 0.000000 0.000000  0.000000 -0.000000 -0.000002
56  0.000031 0.000029 0.000002  -1.571901 -0.044449 -0.106509
57  23.586269 -2.328884 -12.029879  1.570796 -0.000000 0.000000
58  -15.744420 4.745377 -21.059811  1.570796 -0.000000 0.000000
59  2.141035 4.230216 -6.447197  1.570796 -0.000000 0.000000
60  -0.004311 0.001230 -0.000371  0.006898 -0.005534 -0.284228
61  0.858610 10.209643 -2.211006  1.570796 -0.000000 0.000000
62  0.000000 0.000000 0.000000  -0.078728 -3.136056 0.284225
63  -2.323334 -2.221693 -0.426911  1.561152 -0.001430 0.005207
64  -2.283164 -9.054717 -1.831251  1.568247 -0.079313 0.009878
65  -0.039397 -3.107036 0.976860  -0.000000 -0.000000 -0.000000
66  -0.039396 -0.914783 9.564858  -0.000000 -0.000000 -0.000000
67  -0.039396 -3.172347 3.170215  -0.225054 -0.000000 -0.000000
68  -0.039396 -1.229303 3.715100  -0.000000 -0.000000 -0.000000
69  0.408672 -2.529140 3.193419  -0.000000 -0.000000 -0.000000
70  -0.039395 0.091155 10.882011  -0.000000 -0.000000 -0.000000
71  0.872713 0.008025 -1.510462  -0.000000 -0.000000 -0.000000
72  -0.039397 -0.788819 2.900787  -0.000000 -0.000000 -0.000000
73  0.595149 -1.458825 1.529925  -0.000000 -0.000000 -0.000000
74  -1.910447 -13.768082 -5.903374  1.568247 -0.079313 0.009878
75  -0.041877 2.867871 -0.991286  -0.000000 -0.000000 -0.000000
76  -0.168163 2.614667 -0.991286  -0.000000 -0.000000 -0.000000
time 12
0  0.031807 0.000000 -0.000718  -1.570800 -1.391899 -1.570792
1  -7.361293 -2.941462 2.084871  -1.544956 -1.855077 -0.198630
2  6.027522 -0.000330 0.000200  -1.020668 -1.190189 -0.398110
3  11.692104 0.000482 -0.000739  0.131127 -0.000032 -1.439536
4  11.479656 -0.000771 -0.000643  0.451767 -0.732294 0.796098
5  3.859499 -0.142878 -1.192065  -0.413971 -0.232612 -1.486464
6  1.312590 0.000014 0.000000  -0.000635 0.000060 -0.000678
7  0.729356 0.000048 -0.010228  0.000056 0.000057 -1.567647
8  3.942137 0.046277 -0.431529  -0.310600 -0.077040 -1.144029
9  1.539109 0.000082 -0.000000  0.002197 -0.001910 -0.739725
10  1.196333 0.000145 0.000028  0.000199 0.000286 -1.574833
11  3.883506 -0.047267 0.431363  -0.181000 0.045387 -0.840171
12  1.719572 -0.000028 0.000009  0.002147 -0.036919 -1.100107
13  1.209177 0.000090 0.000007  0.001214 0.002914 -1.151766
14  4.320846 -0.304491 1.393579  0.180972 -0.285100 -0.531602
15  1.719448 -0.000011 0.000021  -0.000329 0.013694 -1.329664
16  1.099674 0.000047 0.000001  -0.003560 0.001998 -0.897345
17  0.805999 -0.349050 1.321249  -1.146414 -0.845165 -0.816758
18  1.789820 -0.000008 -0.000017  -0.027554 -0.250700 0.445873
19  1.207016 -0.000015 -0.000044  0.018673 -0.083527 -0.031546
20  5.740635 0.000364 -0.000698  -0.150254 0.000003 0.000060
21  11.480935 -0.000011 -0.000781  -0.144027 -0.181582 0.052280
22  6.027524 -0.000328 0.000207  1.695562 -0.360595 2.401868
23  0.000000 11.692099 -0.000007  -0.993521 -0.442871 -0.787158
24  0.000002 0.000008 0.000001  1.000222 -0.000031 1.570738
25  -0.000004 -0.000006 -0.000001  0.868967 -0.000009 1.570721
26  -3.991760 -9.653395 0.826810  1.473120 1.855074 -0.198639
27  6.027514 -0.000262 -0.000225  1.339409 0.674747 -0.793896
28  11.691998 0.000245 0.000862  -0.063525 0.000057 -1.678344
29  11.479010 -0.001137 0.000753  -0.859650 0.415583 0.823160
30  3.859438 -0.132762 1.193064  0.467771 0.012166 -2.080742
31  1.312559 0.000026 -0.000003  -0.002591 -0.086818 -0.325533
32  0.729345 0.000065 -0.000028  -0.149107 -0.099773 -0.829530
33  3.942046 0.050135 0.430999  0.236316 -0.061191 -1.662361
34  1.539098 0.000008 -0.000005  0.035034 -0.043250 -1.002024
35  1.196300 0.000077 -0.000008  -0.022154 0.002073 -0.844399
36  3.883413 -0.050476 -0.431085  0.224120 -0.254107 -1.343752
37  1.719564 -0.000081 -0.000014  0.017488 -0.103675 -1.461475
38  1.209198 0.000035 0.000005  -0.001906 0.071048 -0.519937
39  3.859588 -0.149086 -1.331322  -0.137372 0.013472 -0.379674
40  1.719412 -0.000095 -0.000048  -0.030071 0.001518 0.095502
41  1.099673 0.000024 -0.000001  -0.007066 -0.003729 -0.001250
42  0.805982 -0.359849 -1.318338  0.991673 0.166770 -0.799523
43  1.789780 -0.000008 -0.000030  0.000056 -0.002451 0.133096
44  1.206997 -0.000003 0.000014  0.000370 -0.000069 1.058782
45  5.740575 0.000119 0.000727  0.177495 -0.000013 0.000032
46  11.480749 -0.000090 0.000904  0.106943 0.106551 0.116430
47  6.027516 -0.000277 -0.000232  -0.931121 -0.678349 -1.664137
48  -0.000001 11.691981 -0.000006  -1.134295 0.577542 0.872790
49  0.000004 -0.000003 -0.000001  2.209001 -0.000036 1.570861
50  -0.000007 -0.000014 0.000005  2.272646 -0.000031 1.570865
51  -2.788365 -4.765194 -7.338299  0.016256 -3.052258 1.368150
52  -0.000000 -0.000000 -0.000000  0.008153 -0.000259 0.000009
53  -0.000001 0.000000 0.000000  1.565115 0.043565 -0.106862
54  0.848915 -11.621408 -10.521451  0.287716 -0.681035 -1.797891
55  -0.000000 0.000000 0.000000  0.000000 -0.000000 -0.000002
56  0.000031 0.000029 0.000002  -1.571901 -0.044449 -0.106509
57  24.501698 2.091715 -11.517401  1.570796 -0.000000 0.000000
58  -15.744420 4.745377 -21.059811  1.570796 -0.000000 0.000000
59  2.120983 4.204048 -6.722344  1.570796 -0.000000 0.000000
60  -0.004311 0.001230 -0.000371  0.006898 -0.005534 -0.284228
61  0.858610 10.209643 -2.211006  1.570796 -0.000000 0.000000
62  0.000000 0.000000 0.000000  -0.078728 -3.136056 0.284225
63  -2.323334 -2.221693 -0.426911  1.560534 -0.005362 0.004717
64  -2.286856 -8.994474 -1.821964  1.569771 -0.080735 0.009993
65  -0.039397 -3.107036 0.976860  0.000000 -0.000000 -0.000000
66  -0.039396 -0.914783 9.564855  0.000000 -0.000000 -0.000000
67  -0.039396 -3.172346 3.170215  -0.225054 -0.000000 -0.000000
68  -0.039397 -1.229303 3.715100  0.000000 -0.000000 -0.000000
69  0.461049 -2.529140 3.193419  0.000000 -0.000000 -0.000000
70  -0.039396 0.091155 10.882011  0.000000 -0.000000 -0.000000
71  0.872714 0.008025 -1.510463  0.000000 -0.000000 -0.000000
72  -0.039397 -0.788819 2.900786  0.000000 -0.000000 -0.000000
73  0.595149 -1.458825 1.529925  0.000000 -0.000000 -0.000000
74  -1.907290 -13.701502 -5.900779  1.569771 -0.080735 0.009993
75  -0.041877 2.867872 -0.991286  0.000000 -0.000000 -0.000000
76  -0.168163 2.614668 -0.991287  0.000000 -0.000000 -0.000000
time 13
0  0.031807 0.000000 -0.000718  -1.570800 -1.391899 -1.570792
1  -7.633929 -2.873663 2.064819  -1.544956 -1.855077 -0.198630
2  6.027521 -0.000329 0.000200  -0.968567 -1.188083 -0.455637
3  11.692105 0.000483 -0.000738  0.081867 -0.000029 -1.434436
4  11.479678 -0.000724 -0.000683  0.490600 -0.785226 0.772159
5  3.859499 -0.142878 -1.192063  -0.436962 -0.177919 -1.389487
6  1.312589 0.000016 0.000002  -0.000549 0.000056 -0.014012
7  0.729356 0.000049 -0.010230  0.000056 0.000049 -1.356440
8  3.942138 0.046277 -0.431527  -0.293118 -0.040680 -1.042718
9  1.539110 0.000082 -0.000001  0.001816 -0.001763 -0.629027
10  1.196334 0.000145 0.000029  0.000201 0.000239 -1.383596
11  3.883504 -0.047268 0.431366  -0.179318 0.069131 -0.817418
12  1.719574 -0.000027 0.000009  -0.000707 -0.030823 -0.999049
13  1.209178 0.000088 0.000008  0.001829 0.003048 -0.764859
14  4.261745 -0.297861 1.391556  0.193108 -0.226643 -0.510551
15  1.719448 -0.000011 0.000021  0.005143 0.045418 -1.166670
16  1.099674 0.000046 -0.000003  -0.006408 0.002773 -0.675982
17  0.805998 -0.349050 1.321250  -1.154205 -0.721021 -0.719914
18  1.789821 -0.000010 -0.000016  -0.000826 -0.204387 0.313159
19  1.207017 -0.000016 -0.000043  0.011859 -0.084141 -0.115966
20  5.740634 0.000364 -0.000699  -0.140819 0.000003 0.000060
21  11.480937 -0.000004 -0.000791  -0.133175 -0.186263 0.045418
22  6.027524 -0.000328 0.000206  1.676505 -0.368592 2.399491
23  0.000004 11.692097 -0.000005  -0.990480 -0.440114 -0.785163
24  0.000003 0.000007 0.000000  0.950964 -0.000031 1.570738
25  -0.000000 -0.000007 -0.000001  0.868967 -0.000009 1.570721
26  -3.991760 -9.653395 0.826810  1.473120 1.855074 -0.198639
27  6.027513 -0.000263 -0.000225  1.348843 0.666642 -0.788444
28  11.691998 0.000244 0.000861  -0.063525 0.000058 -1.689584
29  11.478716 -0.001336 0.000741  -0.883137 0.408943 0.821928
30  3.859438 -0.132762 1.193065  0.467771 0.012166 -2.080742
31  1.312559 0.000026 -0.000002  -0.002591 -0.086818 -0.325533
32  0.729345 0.000066 -0.000028  -0.149107 -0.099773 -0.829530
33  3.942047 0.050135 0.431000  0.236316 -0.061191 -1.662361
34  1.539097 0.000007 -0.000006  0.035034 -0.043250 -1.002024
35  1.196301 0.000076 -0.000007  -0.022154 0.002073 -0.844399
36  3.883414 -0.050476 -0.431085  0.224120 -0.254107 -1.343752
37  1.719564 -0.000079 -0.000013  0.017488 -0.103675 -1.461475
38  1.209198 0.000035 0.000005  -0.001906 0.071048 -0.519937
39  3.859589 -0.149086 -1.331321  -0.137372 0.013472 -0.379674
40  1.719413 -0.000095 -0.000049  -0.030071 0.001518 0.095502
41  1.099673 0.000024 -0.000001  -0.007066 -0.003729 -0.001250
42  0.805983 -0.359848 -1.318338  0.991673 0.166770 -0.799523
43  1.789780 -0.000008 -0.000030  0.000056 -0.002451 0.133096
44  1.206997 -0.000004 0.000014  0.000370 -0.000069 1.058782
45  5.740574 0.000120 0.000725  0.174254 -0.000013 0.000032
46  11.480691 -0.000129 0.000902  0.103343 0.103760 0.117948
47  6.027516 -0.000277 -0.000232  -0.917052 -0.677843 -1.673374
48  -0.000001 11.691981 -0.000007  -1.140879 0.584128 0.876434
49  0.000003 -0.000003 -0.000000  2.209001 -0.000036 1.570861
50  -0.000007 -0.000015 0.000003  2.272646 -0.000031 1.570865
51  -2.906071 -4.688463 -7.304434  -0.004004 -3.050932 1.369805
52  -0.000000 0.000000 0.000000  0.008153 -0.000259 0.000009
53  0.000000 0.000000 0.000000  1.565115 0.043565 -0.106862
54  0.658332 -11.576749 -11.006311  0.261760 -0.682708 -1.781699
55  -0.000000 0.000000 -0.000001  0.000000 -0.000000 -0.000002
56  0.000030 0.000029 0.000001  -1.571901 -0.044449 -0.106509
57  25.108669 5.927097 -11.202808  1.570796 -0.000000 0.000000
58  -15.744420 4.745377 -21.059811  1.570796 -0.000000 0.000000
59  2.100931 4.185845 -7.002693  1.570796 -0.000000 0.000000
60  -0.004311 0.001230 -0.000371  0.006898 -0.005534 -0.284228
61  0.858610 10.209643 -2.211006  1.570796 -0.000000 0.000000
62  0.000000 0.000000 0.000000  -0.078728 -3.136056 0.284225
63  -2.323334 -2.221693 -0.426911  1.560132 -0.010346 0.004223
64  -2.294978 -8.932953 -1.810879  1.572721 -0.060729 0.009618
65  -0.039397 -3.107036 0.976860  -0.000000 -0.000000 0.000000
66  -0.039396 -0.914783 9.564857  -0.000000 -0.000000 0.000000
67  -0.039396 -3.172346 3.170215  -0.225054 -0.000000 0.000000
68  -0.039397 -1.229303 3.715100  -0.000000 -0.000000 0.000000
69  0.513427 -2.529140 3.193419  -0.000000 -0.000000 0.000000
70  -0.039396 0.091155 10.882011  -0.000000 -0.000000 0.000000
71  0.872713 0.008025 -1.510462  -0.000000 -0.000000 0.000000
72  -0.039397 -0.788819 2.900786  -0.000000 -0.000000 0.000000
73  0.595149 -1.458825 1.529925  -0.000000 -0.000000 0.000000
74  -2.005159 -13.669146 -6.337078  1.572721 -0.060729 0.009618
75  -0.041877 2.867872 -0.991286  -0.000000 -0.000000 0.000000
76  -0.168163 2.614668 -0.991286  -0.000000 -0.000000 0.000000
time 14
0  0.031807 0.000000 -0.000718  -1.570800 -1.391899 -1.570792
1  -7.908501 -2.817657 2.045190  -1.544956 -1.855077 -0.198630
2  6.027522 -0.000330 0.000201  -0.864387 -1.153687 -0.574109
3  11.692105 0.000482 -0.000741  0.064918 -0.000030 -1.410313
4  11.479814 -0.000645 -0.000698  0.734217 -0.952189 0.766522
5  3.859500 -0.142877 -1.192063  -0.471065 -0.018046 -1.127954
6  1.312590 0.000014 0.000002  -0.000323 0.000049 -0.048902
7  0.729357 0.000050 -0.010230  0.000049 0.000028 -0.742989
8  3.942138 0.046277 -0.431526  -0.229220 0.046027 -0.768304
9  1.539109 0.000081 -0.000001  0.000899 -0.001173 -0.330487
10  1.196334 0.000144 0.000027  0.000160 0.000115 -0.839739
11  3.883506 -0.047267 0.431364  -0.155154 0.098767 -0.687271
12  1.719573 -0.000028 0.000009  -0.004190 -0.018483 -0.748509
13  1.209179 0.000090 0.000008  0.002440 0.002822 -0.197672
14  4.202642 -0.291230 1.389532  0.228026 -0.146327 -0.447248
15  1.719449 -0.000010 0.000021  0.023055 0.074951 -0.822817
16  1.099674 0.000047 -0.000001  -0.008543 0.004810 -0.312591
17  0.805999 -0.349050 1.321251  -1.131039 -0.633627 -0.662587
18  1.789821 -0.000009 -0.000016  0.018523 -0.136885 0.156152
19  1.207016 -0.000014 -0.000044  0.006238 -0.081691 -0.178366
20  5.740635 0.000364 -0.000698  -0.084090 0.000003 0.000060
21  11.480966 0.000011 -0.000792  -0.074784 -0.201487 0.049535
22  6.027524 -0.000330 0.000208  1.642381 -0.411350 2.389983
23  0.000001 11.692100 -0.000008  -0.976052 -0.427153 -0.775652
24  0.000003 0.000007 0.000001  0.934013 -0.000031 1.570738
25  -0.000002 -0.000007 -0.000002  0.868967 -0.000009 1.570721
26  -3.991760 -9.653395 0.826810  1.473120 1.855074 -0.198639
27  6.027513 -0.000263 -0.000225  1.362072 0.658420 -0.781716
28  11.691998 0.000243 0.000862  -0.063525 0.000059 -1.698138
29  11.480613 -0.000235 0.000811  -0.917128 0.400970 0.814324
30  3.859438 -0.132762 1.193064  0.467771 0.012166 -2.080742
31  1.312559 0.000025 -0.000003  -0.002591 -0.086818 -0.325533
32  0.729346 0.000065 -0.000028  -0.149107 -0.099773 -0.829530
33  3.942049 0.050135 0.430999  0.236316 -0.061191 -1.662361
34  1.539097 0.000006 -0.000004  0.035034 -0.043250 -1.002024
35  1.196301 0.000078 -0.000008  -0.022154 0.002073 -0.844399
36  3.883415 -0.050477 -0.431086  0.224120 -0.254107 -1.343752
37  1.719564 -0.000081 -0.000015  0.017488 -0.103675 -1.461475
38  1.209199 0.000036 0.000005  -0.001906 0.071048 -0.519937
39  3.859589 -0.149086 -1.331322  -0.137372 0.013472 -0.379674
40  1.719414 -0.000095 -0.000049  -0.030071 0.001518 0.095502
41  1.099674 0.000024 -0.000002  -0.007066 -0.003729 -0.001250
42  0.805984 -0.359849 -1.318339  0.991673 0.166770 -0.799523
43  1.789780 -0.000008 -0.000031  0.000056 -0.002451 0.133096
44  1.206997 -0.000004 0.000014  0.000370 -0.000069 1.058782
45  5.740576 0.000118 0.000727  0.168747 -0.000013 0.000032
46  11.481071 0.000090 0.000917  0.098167 0.099743 0.118857
47  6.027516 -0.000277 -0.000232  -0.900457 -0.674859 -1.685171
48  -0.000001 11.691980 -0.000007  -1.145890 0.589154 0.879182
49  0.000003 -0.000002 0.000000  2.209001 -0.000036 1.570861
50  -0.000007 -0.000014 0.000004  2.272646 -0.000031 1.570865
51  -3.070137 -4.643291 -7.269270  -0.032750 -3.046559 1.371866
52  0.000000 -0.000000 -0.000000  0.008153 -0.000259 0.000009
53  0.000001 -0.000000 -0.000000  1.565115 0.043565 -0.106862
54  0.611418 -11.644257 -12.044600  0.416988 -0.776677 -1.677769
55  0.000002 -0.000000 -0.000001  0.000000 -0.000000 -0.000002
56  0.000031 0.000029 0.000001  -1.571901 -0.044449 -0.106509
57  25.397104 8.567831 -11.102633  1.570796 -0.000000 0.000000
58  -15.744420 4.745377 -21.059811  1.570796 -0.000000 0.000000
59  2.081302 4.179591 -7.282849  1.570796 -0.000000 0.000000
60  -0.004311 0.001230 -0.000371  0.006898 -0.005534 -0.284228
61  0.858610 10.209643 -2.211006  1.570796 -0.000000 0.000000
62  0.000000 0.000000 0.000000  -0.078728 -3.136056 0.284225
63  -2.323334 -2.221693 -0.426911  1.559987 -0.015403 0.003743
64  -2.303100 -8.895869 -1.801592  1.574390 -0.031823 0.008936
65  -0.039397 -3.107036 0.976859  0.000000 0.000000 -0.000000
66  -0.039396 -0.914783 9.564856  0.000000 0.000000 -0.000000
67  -0.039396 -3.172347 3.170214  0.000000 0.000000 -0.000000
68  -0.039397 -1.229303 3.715101  0.000000 0.000000 -0.000000
69  0.461050 -2.529140 3.193417  0.000000 0.000000 -0.000000
70  -0.039396 0.091155 10.882011  0.000000 0.000000 -0.000000
71  0.872713 0.008025 -1.510460  0.000000 0.000000 -0.000000
72  -0.039397 -0.788819 2.900786  0.000000 0.000000 -0.000000
73  0.595149 -1.458825 1.529925  0.000000 0.000000 -0.000000
74  -2.128042 -13.696681 -6.932022  1.574390 -0.031823 0.008936
75  -0.041877 2.867872 -0.991286  0.000000 0.000000 -0.000000
76  -0.168163 2.614668 -0.991286  0.000000 0.000000 -0.000000
time 15
0  0.031807 0.000000 -0.000718  -1.570800 -1.391899 -1.570792
1  -8.177736 -2.768971 2.026388  -1.544956 -1.855077 -0.198630
2  6.027521 -0.000332 0.000202  -1.386193 -0.989823 -0.034231
3  11.692104 0.000484 -0.000739  0.133612 -0.000046 -1.652438
4  11.479321 -0.001049 -0.000605  1.590869 -0.281296 0.598490
5  3.859500 -0.142877 -1.192064  -0.458372 0.159159 -0.841065
6  1.312591 0.000015 0.000001  -0.000097 0.000050 -0.083793
7  0.729354 0.000050 -0.010230  0.000030 0.000015 -0.124189
8  3.942139 0.046277 -0.431527  -0.143786 0.111873 -0.487457
9  1.539109 0.000082 0.000001  0.000194 -0.000339 -0.027181
10  1.196334 0.000143 0.000029  0.000060 0.000030 -0.290679
11  3.883508 -0.047266 0.431364  -0.015514 0.053804 -0.336749
12  1.719573 -0.000028 0.000011  -0.002572 -0.002970 -0.311558
13  1.209178 0.000089 0.000006  0.001713 0.002789 0.050727
14  4.205242 -0.292212 1.388505  0.248517 -0.207022 -0.079843
15  1.719447 -0.000011 0.000024  0.021213 0.036118 -0.330708
16  1.099673 0.000045 -0.000003  -0.003461 0.004211 -0.035265
17  0.806000 -0.349048 1.321250  -1.167582 -0.679841 -0.747121
18  1.789822 -0.000008 -0.000015  0.011711 -0.044501 -0.005065
19  1.207016 -0.000015 -0.000042  -0.000921 -0.039228 -0.030513
20  5.740636 0.000364 -0.000698  0.006632 0.000003 0.000060
21  11.480874 -0.000072 -0.000775  0.016947 -0.033218 0.109808
22  6.027524 -0.000330 0.000207  -1.177366 -2.702283 -0.807539
23  0.000001 11.692098 -0.000006  -1.119172 -0.562457 -0.864207
24  0.000003 0.000007 -0.000000  1.002713 -0.000031 1.570738
25  -0.000002 -0.000007 -0.000001  0.868967 -0.000008 1.570721
26  -3.991760 -9.653395 0.826810  1.473120 1.855074 -0.198639
27  6.027513 -0.000263 -0.000225  1.368822 0.654987 -0.778526
28  11.691998 0.000243 0.000861  -0.063525 0.000059 -1.700594
29  11.480586 -0.000253 0.000809  -0.935336 0.398086 0.808468
30  3.859438 -0.132762 1.193063  0.467771 0.012166 -2.080742
31  1.312560 0.000026 -0.000001  -0.002591 -0.086818 -0.325533
32  0.729345 0.000065 -0.000028  -0.149107 -0.099773 -0.829530
33  3.942047 0.050135 0.430999  0.236316 -0.061191 -1.662361
34  1.539097 0.000008 -0.000005  0.035034 -0.043250 -1.002024
35  1.196299 0.000078 -0.000008  -0.022154 0.002073 -0.844399
36  3.883413 -0.050477 -0.431085  0.224120 -0.254107 -1.343752
37  1.719563 -0.000082 -0.000014  0.017488 -0.103675 -1.461475
38  1.209196 0.000036 0.000004  -0.001906 0.071048 -0.519937
39  3.859588 -0.149086 -1.331322  -0.137372 0.013472 -0.379674
40  1.719414 -0.000095 -0.000048  -0.030071 0.001518 0.095502
41  1.099673 0.000024 -0.000002  -0.007066 -0.003729 -0.001250
42  0.805982 -0.359849 -1.318338  0.991673 0.166770 -0.799523
43  1.789780 -0.000008 -0.000030  0.000056 -0.002451 0.133096
44  1.206997 -0.000004 0.000014  0.000370 -0.000069 1.058782
45  5.740573 0.000120 0.000726  0.165508 -0.000013 0.000032
46  11.481064 0.000087 0.000916  0.095316 0.097770 0.118882
47  6.027516 -0.000277 -0.000232  -0.892784 -0.672757 -1.690890
48  -0.000001 11.691981 -0.000006  -1.147329 0.590599 0.879968
49  0.000003 -0.000001 0.000000  2.209001 -0.000036 1.570861
50  -0.000007 -0.000014 0.000004  2.272646 -0.000031 1.570865
51  -3.154808 -4.634681 -7.255502  -0.047937 -3.042873 1.372406
52  -0.000001 0.000000 -0.000000  0.008153 -0.000259 0.000009
53  -0.000000 -0.000000 -0.000000  1.565115 0.043565 -0.106862
54  3.753977 -10.982220 -10.222633  1.502237 -0.337553 -2.033360
55  0.000000 0.000001 0.000000  0.000000 -0.000000 -0.000002
56  0.000030 0.000029 0.000001  -1.571901 -0.044449 -0.106509
57  25.532570 10.461072 -11.406767  1.570796 -0.000000 0.000000
58  -15.744420 4.745377 -21.059811  1.570796 -0.000000 0.000000
59  2.062500 4.179591 -7.556452  1.570796 -0.000000 0.000000
60  -0.004311 0.001230 -0.000371  0.006898 -0.005534 -0.284228
61  0.858610 10.209643 -2.211006  1.570796 -0.000000 0.000000
62  0.000000 0.000000 0.000000  -0.078728 -3.136056 0.284225
63  -2.323334 -2.221693 -0.426911  1.562870 -0.019329 0.003264
64  -2.306792 -8.884564 -1.797697  1.573892 -0.016273 0.008020
65  -0.039397 -3.107037 0.976860  -0.000000 -0.000000 -0.000000
66  -0.039396 -0.914783 9.564856  -0.000000 -0.000000 -0.000000
67  -0.039396 -3.172347 3.170215  -0.000000 -0.000000 -0.000000
68  -0.039397 -1.229303 3.715099  -0.000000 -0.000000 -0.000000
69  0.408671 -2.529140 3.193419  -0.000000 -0.000000 -0.000000
70  -0.039396 0.091155 10.882012  -0.000000 -0.000000 -0.000000
71  0.872714 0.008025 -1.510459  -0.000000 -0.000000 -0.000000
72  -0.039397 -0.788819 2.900786  -0.000000 -0.000000 -0.000000
73  0.595149 -1.458825 1.529925  -0.000000 -0.000000 -0.000000
74  -1.076051 -14.698210 -9.691522  1.414657 -0.350794 0.032930
75  -0.041877 2.867871 -0.991287  0.000000 -0.000000 -0.000000
76  -0.168163 2.614668 -0.991287  0.000000 -0.000000 -0.000000
time 16
0  0.031807 0.000000 -0.000718  -1.570800 -1.391899 -1.570792
1  -8.433762 -2.722674 2.008782  -1.544956 -1.855077 -0.198630
2  6.027519 -0.000331 0.000201  -1.172195 -0.876504 -0.307932
3  11.692102 0.000484 -0.000738  0.325358 -0.000049 -1.718237
4  11.480676 -0.000391 -0.000646  1.740303 -0.147500 0.476894
5  3.859500 -0.142878 -1.192063  -0.427423 0.248108 -0.675942
6  1.312589 0.000014 0.000001  -0.000011 0.000052 -0.097127
7  0.729356 0.000050 -0.010229  0.000023 0.000014 0.098289
8  3.942139 0.046276 -0.431527  -0.107500 0.129904 -0.380865
9  1.539110 0.000083 0.000000  0.000000 0.000022 0.094767
10  1.196334 0.000143 0.000029  0.000016 0.000015 -0.088162
11  3.883507 -0.047267 0.431365  0.086144 -0.020848 -0.102546
12  1.719572 -0.000027 0.000010  0.001867 0.005192 -0.023918
13  1.209180 0.000090 0.000007  0.001041 0.002911 0.126172
14  4.213063 -0.295166 1.385418  0.219270 -0.283935 0.252100
15  1.719447 -0.000011 0.000023  0.001392 0.003822 -0.020410
16  1.099675 0.000046 -0.000003  0.000868 0.002427 0.098229
17  0.806000 -0.349049 1.321251  -1.200261 -0.728347 -0.832811
18  1.789821 -0.000008 -0.000016  -0.001945 0.008066 -0.089640
19  1.207016 -0.000015 -0.000044  -0.000965 0.000011 0.116924
20  5.740635 0.000364 -0.000698  0.027764 0.000003 0.000060
21  11.481145 0.000059 -0.000782  0.038649 -0.000861 0.089358
22  6.027523 -0.000330 0.000207  -1.209971 -2.534582 -0.892434
23  0.000001 11.692101 -0.000007  -1.157726 -0.601023 -0.885504
24  0.000002 0.000004 0.000001  1.194461 -0.000031 1.570738
25  -0.000002 -0.000007 -0.000002  0.868967 -0.000008 1.570721
26  -3.991760 -9.653395 0.826810  1.473120 1.855074 -0.198639
27  6.027513 -0.000263 -0.000225  1.373055 0.653466 -0.776675
28  11.691999 0.000244 0.000861  -0.063525 0.000059 -1.700260
29  11.480592 -0.000249 0.000809  -0.948212 0.397276 0.802755
30  3.859439 -0.132762 1.193064  0.467771 0.012166 -2.080742
31  1.312559 0.000026 -0.000003  -0.002591 -0.086818 -0.325533
32  0.729345 0.000066 -0.000029  -0.149107 -0.099773 -0.829530
33  3.942047 0.050135 0.430999  0.236316 -0.061191 -1.662361
34  1.539097 0.000007 -0.000005  0.035034 -0.043250 -1.002024
35  1.196301 0.000077 -0.000009  -0.022154 0.002073 -0.844399
36  3.883415 -0.050476 -0.431085  0.224120 -0.254107 -1.343752
37  1.719564 -0.000080 -0.000014  0.017488 -0.103675 -1.461475
38  1.209199 0.000035 0.000005  -0.001906 0.071048 -0.519937
39  3.859589 -0.149086 -1.331322  -0.137372 0.013472 -0.379674
40  1.719414 -0.000095 -0.000049  -0.030071 0.001518 0.095502
41  1.099675 0.000024 -0.000001  -0.007066 -0.003729 -0.001250
42  0.805984 -0.359848 -1.318338  0.991673 0.166770 -0.799523
43  1.789780 -0.000007 -0.000030  0.000056 -0.002451 0.133096
44  1.206996 -0.000004 0.000014  0.000370 -0.000069 1.058782
45  5.740573 0.000121 0.000727  0.162932 -0.000013 0.000032
46  11.481067 0.000089 0.000916  0.093241 0.096536 0.118509
47  6.027516 -0.000277 -0.000232  -0.888627 -0.671022 -1.694203
48  -0.000002 11.691981 -0.000005  -1.147133 0.590402 0.879861
49  0.000004 -0.000002 0.000001  2.209001 -0.000036 1.570861
50  -0.000007 -0.000014 0.000005  2.272646 -0.000031 1.570865
51  -3.209523 -4.644710 -7.252971  -0.058610 -3.039312 1.372403
52  -0.000000 0.000000 -0.000000  0.008153 -0.000259 0.000009
53  0.000000 0.000000 0.000000  1.565115 0.043565 -0.106862
54  3.900284 -10.196576 -12.320834  1.653553 -0.241637 -2.162571
55  0.000000 0.000001 -0.000001  0.000000 -0.000000 -0.000002
56  0.000031 0.000030 0.000001  -1.571901 -0.044449 -0.106509
57  25.651409 12.175701 -12.322083  1.570796 -0.000000 0.000000
58  -15.744420 4.745377 -21.059811  1.570796 -0.000000 0.000000
59  2.044894 4.179591 -7.816628  1.570796 -0.000000 0.000000
60  -0.004311 0.001230 -0.000371  0.006898 -0.005534 -0.284228
61  0.858610 10.209643 -2.211006  1.570796 -0.000000 0.000000
62  0.000000 0.000000 0.000000  -0.078728 -3.136056 0.284225
63  -2.323334 -2.221693 -0.426911  1.569221 -0.020914 0.002780
64  -2.305438 -8.887903 -1.798962  1.572576 -0.005150 0.006960
65  -0.039397 -3.107036 0.976860  0.000000 -0.000000 0.000000
66  -0.039395 -0.914783 9.564855  0.000000 -0.000000 0.000000
67  -0.039395 -3.172347 3.170214  0.000000 -0.000000 0.000000
68  -0.039396 -1.229303 3.715099  0.000000 -0.000000 0.000000
69  0.408672 -2.529140 3.193418  0.000000 -0.000000 0.000000
70  -0.039395 0.091155 10.882013  0.000000 -0.000000 0.000000
71  0.872713 0.008025 -1.510463  0.000000 -0.000000 0.000000
72  -0.039397 -0.788819 2.900785  0.000000 -0.000000 0.000000
73  0.595149 -1.458825 1.529926  0.000000 -0.000000 0.000000
74  -1.650309 -16.157681 -11.035376  1.148981 -0.475419 0.151379
75  -0.041876 2.867872 -0.991287  -0.000000 -0.000000 0.000000
76  -0.168162 2.614668 -0.991286  -0.000000 -0.000000 0.000000
time 17
0  0.031807 0.000000 -0.000718  -1.570800 -1.391899 -1.570792
1  -8.669943 -2.679965 1.992691  -1.544956 -1.855077 -0.198630
2  6.027518 -0.000327 0.000202  -0.999349 -0.779828 -0.590919
3  11.692102 0.000483 -0.000739  0.563714 -0.000045 -1.670219
4  11.479198 -0.001257 -0.000076  1.782223 -0.069086 0.313894
5  3.859499 -0.142878 -1.192062  -0.408648 0.279015 -0.603911
6  1.312589 0.000015 0.000001  -0.000011 0.000052 -0.094189
7  0.729357 0.000050 -0.010230  0.000023 0.000014 0.109619
8  3.942140 0.046276 -0.431527  -0.107654 0.129777 -0.382055
9  1.539109 0.000081 -0.000000  0.000001 0.000022 0.106179
10  1.196334 0.000142 0.000029  0.000016 0.000015 -0.076832
11  3.883507 -0.047269 0.431365  0.086193 -0.020646 -0.104890
12  1.719573 -0.000029 0.000010  0.001925 0.005171 -0.012588
13  1.209180 0.000088 0.000008  0.001075 0.002899 0.137773
14  4.225778 -0.299970 1.380399  0.233151 -0.272755 0.201589
15  1.719448 -0.000011 0.000021  0.001436 0.003806 -0.009080
16  1.099675 0.000047 -0.000003  0.000868 0.002427 0.098229
17  0.806000 -0.349049 1.321252  -1.205065 -0.714612 -0.825590
18  1.789822 -0.000009 -0.000017  -0.001897 0.007977 -0.089004
19  1.207017 -0.000016 -0.000042  -0.000522 0.000063 0.116438
20  5.740635 0.000365 -0.000697  0.035419 0.000003 0.000060
21  11.480851 -0.000115 -0.000668  0.044412 0.013759 0.056513
22  6.027524 -0.000328 0.000207  -1.282604 -2.394036 -1.002150
23  0.000002 11.692099 -0.000006  -1.129594 -0.572810 -0.870082
24  0.000002 0.000007 -0.000001  1.432818 -0.000031 1.570738
25  -0.000001 -0.000005 -0.000001  0.868967 -0.000009 1.570721
26  -3.991760 -9.653395 0.826810  1.473120 1.855074 -0.198639
27  6.027513 -0.000263 -0.000225  1.375445 0.653031 -0.775719
28  11.691998 0.000244 0.000862  -0.063525 0.000058 -1.698717
29  11.480606 -0.000240 0.000810  -0.956711 0.397753 0.797956
30  3.859438 -0.132762 1.193064  0.467771 0.012166 -2.080742
31  1.312559 0.000026 -0.000003  -0.002591 -0.086818 -0.325533
32  0.729346 0.000065 -0.000028  -0.149107 -0.099773 -0.829530
33  3.942049 0.050135 0.430999  0.236316 -0.061191 -1.662361
34  1.539097 0.000006 -0.000006  0.035034 -0.043250 -1.002024
35  1.196301 0.000076 -0.000007  -0.022154 0.002073 -0.844399
36  3.883413 -0.050476 -0.431085  0.224120 -0.254107 -1.343752
37  1.719564 -0.000082 -0.000014  0.017488 -0.103675 -1.461474
38  1.209198 0.000035 0.000005  -0.001906 0.071048 -0.519937
39  3.859588 -0.149086 -1.331321  -0.137372 0.013472 -0.379674
40  1.719414 -0.000095 -0.000049  -0.030071 0.001518 0.095502
41  1.099674 0.000024 -0.000002  -0.007066 -0.003729 -0.001250
42  0.805983 -0.359849 -1.318338  0.991673 0.166770 -0.799523
43  1.789780 -0.000008 -0.000030  0.000056 -0.002451 0.133096
44  1.206997 -0.000004 0.000014  0.000370 -0.000069 1.058782
45  5.740575 0.000119 0.000727  0.161038 -0.000013 0.000032
46  11.481069 0.000090 0.000916  0.091816 0.095867 0.117999
47  6.027516 -0.000277 -0.000232  -0.886716 -0.669778 -1.695886
48  -0.000001 11.691980 -0.000006  -1.146229 0.589494 0.879368
49  0.000002 -0.000002 -0.000000  2.209001 -0.000036 1.570861
50  -0.000008 -0.000014 0.000004  2.272646 -0.000031 1.570865
51  -3.241888 -4.661491 -7.256493  -0.065603 -3.036232 1.372032
52  0.000000 -0.000000 -0.000000  0.008153 -0.000259 0.000009
53  0.000000 -0.000000 -0.000000  1.565115 0.043565 -0.106862
54  3.443403 -10.049318 -14.351618  1.722021 -0.216974 -2.265182
55  0.000000 -0.000001 -0.000000  0.000000 -0.000000 -0.000002
56  0.000030 0.000029 0.000001  -1.571901 -0.044449 -0.106509
57  25.750803 13.669676 -13.810337  1.570796 -0.000000 0.000000
58  -15.744420 4.745377 -21.059811  1.570796 -0.000000 0.000000
59  2.028803 4.179591 -8.056641  1.570796 -0.000000 0.000000
60  -0.004311 0.001229 -0.000371  0.006898 -0.005534 -0.284228
61  0.858610 10.209643 -2.211006  1.570796 -0.000000 0.000000
62  0.000000 0.000000 0.000000  -0.078728 -3.136056 0.284225
63  -2.323334 -2.221693 -0.426911  1.575576 -0.020096 0.002347
64  -2.301947 -8.896714 -1.802351  1.570977 0.002287 0.005866
65  -0.039397 -3.107036 0.976859  0.000000 0.000000 -0.000000
66  -0.039396 -0.914783 9.564855  0.000000 0.000000 -0.000000
67  -0.039396 -3.172346 3.170214  0.000000 0.000000 -0.000000
68  -0.039396 -1.229303 3.715100  0.000000 0.000000 -0.000000
69  0.408672 -2.529140 3.193418  0.000000 0.000000 -0.000000
70  -0.039396 0.091155 10.882010  0.000000 0.000000 -0.000000
71  0.872713 0.008025 -1.510460  0.000000 0.000000 -0.000000
72  -0.039397 -0.788819 2.900786  0.000000 0.000000 -0.000000
73  0.595149 -1.458825 1.529924  0.000000 0.000000 -0.000000
74  -2.224566 -17.491743 -13.390783  0.675934 -0.552971 0.429853
75  -0.041876 2.867872 -0.991287  0.000000 -0.000000 0.000000
76  -0.168162 2.614668 -0.991286  0.000000 -0.000000 0.000000
time 18
0  0.031807 0.000000 -0.000718  -1.570800 -1.391899 -1.570792
1  -8.880461 -2.641897 1.978379  -1.544956 -1.855077 -0.198630
2  6.027519 -0.000328 0.000202  -1.006147 -0.733490 -0.687618
3  11.692102 0.000483 -0.000738  0.740986 -0.000042 -1.620275
4  11.479544 -0.001117 0.000021  1.633689 0.130844 0.283685
5  3.859500 -0.142876 -1.192064  -0.396392 0.296641 -0.560745
6  1.312590 0.000015 0.000003  -0.000011 0.000052 -0.086505
7  0.729356 0.000050 -0.010229  0.000023 0.000013 0.116375
8  3.942139 0.046277 -0.431527  -0.108718 0.128889 -0.390304
9  1.539111 0.000081 -0.000001  0.000001 0.000022 0.113103
10  1.196335 0.000144 0.000029  0.000016 0.000015 -0.070077
11  3.883507 -0.047267 0.431363  0.086498 -0.019325 -0.120153
12  1.719574 -0.000027 0.000010  0.001960 0.005158 -0.005833
13  1.209178 0.000089 0.000008  0.001095 0.002891 0.144509
14  4.242410 -0.306253 1.373833  0.268052 -0.238576 0.063807
15  1.719447 -0.000010 0.000022  0.001461 0.003796 -0.002324
16  1.099676 0.000046 -0.000005  0.000868 0.002427 0.098229
17  0.806000 -0.349049 1.321250  -1.217698 -0.675467 -0.805382
18  1.789819 -0.000008 -0.000015  -0.001667 0.007171 -0.083755
19  1.207014 -0.000016 -0.000042  -0.000258 0.000076 0.112163
20  5.740636 0.000364 -0.000697  -0.000121 0.000003 0.000060
21  11.480921 -0.000086 -0.000650  0.009592 0.048898 0.046527
22  6.027524 -0.000329 0.000207  1.891797 -0.787740 2.015285
23  0.000003 11.692097 -0.000007  -1.100314 -0.543861 -0.853348
24  0.000001 0.000006 -0.000000  1.610088 -0.000031 1.570738
25  -0.000002 -0.000007 -0.000002  0.868967 -0.000008 1.570721
26  -3.991760 -9.653395 0.826810  1.473120 1.855074 -0.198639
27  6.027513 -0.000263 -0.000225  1.376458 0.653316 -0.775405
28  11.691998 0.000244 0.000861  -0.063525 0.000059 -1.696637
29  11.480625 -0.000225 0.000813  -0.961632 0.398807 0.794488
30  3.859438 -0.132762 1.193063  0.467771 0.012166 -2.080742
31  1.312559 0.000026 -0.000002  -0.002591 -0.086818 -0.325533
32  0.729346 0.000065 -0.000028  -0.149107 -0.099773 -0.829530
33  3.942047 0.050135 0.430999  0.236316 -0.061191 -1.662361
34  1.539098 0.000008 -0.000005  0.035034 -0.043250 -1.002024
35  1.196300 0.000078 -0.000008  -0.022154 0.002073 -0.844399
36  3.883414 -0.050476 -0.431085  0.224120 -0.254107 -1.343752
37  1.719564 -0.000081 -0.000015  0.017488 -0.103675 -1.461475
38  1.209198 0.000036 0.000005  -0.001906 0.071048 -0.519937
39  3.859589 -0.149086 -1.331322  -0.137372 0.013472 -0.379674
40  1.719413 -0.000095 -0.000049  -0.030071 0.001518 0.095502
41  1.099673 0.000024 -0.000002  -0.007066 -0.003729 -0.001250
42  0.805983 -0.359849 -1.318338  0.991673 0.166770 -0.799523
43  1.789780 -0.000007 -0.000030  0.000056 -0.002451 0.133096
44  1.206997 -0.000004 0.000014  0.000370 -0.000069 1.058782
45  5.740574 0.000119 0.000726  0.159783 -0.000013 0.000032
46  11.481071 0.000093 0.000917  0.090947 0.095594 0.117522
47  6.027516 -0.000277 -0.000232  -0.886385 -0.668965 -1.696393
48  -0.000002 11.691980 -0.000005  -1.145011 0.588271 0.878702
49  0.000003 -0.000003 0.000001  2.209001 -0.000036 1.570861
50  -0.000008 -0.000014 0.000004  2.272646 -0.000031 1.570865
51  -3.256974 -4.680413 -7.262940  -0.069679 -3.034034 1.371476
52  -0.000000 0.000000 0.000000  0.008153 -0.000259 0.000009
53  0.000000 -0.000000 -0.000000  1.565115 0.043565 -0.106862
54  3.625177 -10.439672 -14.962978  1.648136 -0.075424 -2.206671
55  0.000001 -0.000000 0.000001  0.000000 -0.000000 -0.000002
56  0.000031 0.000030 0.000002  -1.571901 -0.044449 -0.106509
57  25.828739 14.905703 -15.756901  1.570796 -0.000000 0.000000
58  -15.744420 4.745377 -21.059811  1.570796 -0.000000 0.000000
59  2.014491 4.179591 -8.270572  1.570796 -0.000000 0.000000
60  -0.004311 0.001229 -0.000371  0.006898 -0.005534 -0.284228
61  0.858610 10.209643 -2.211006  1.570796 -0.000000 0.000000
62  0.000000 0.000000 0.000000  -0.078728 -3.136056 0.284225
63  -2.323334 -2.221693 -0.426911  1.578467 -0.017968 0.002025
64  -2.297173 -8.909193 -1.807257  1.569647 0.006702 0.004871
65  -0.039397 -3.107036 0.976861  -0.000000 0.000000 -0.000000
66  -0.039396 -0.914783 9.564855  -0.000000 0.000000 -0.000000
67  -0.039396 -3.172347 3.170215  -0.000000 0.000000 -0.000000
68  -0.039396 -1.229303 3.715101  -0.000000 0.000000 -0.000000
69  0.408672 -2.529140 3.193419  -0.000000 0.000000 -0.000000
70  -0.039395 0.091155 10.882012  -0.000000 0.000000 -0.000000
71  0.872713 0.008025 -1.510463  -0.000000 0.000000 -0.000000
72  -0.039397 -0.788819 2.900787  -0.000000 0.000000 -0.000000
73  0.595149 -1.458825 1.529926  -0.000000 0.000000 -0.000000
74  -2.798823 -18.725157 -16.365871  0.061136 -0.456694 0.796964
75  -0.041877 2.867871 -0.991288  0.000000 -0.000000 -0.000000
76  -0.168163 2.614668 -0.991289  0.000000 -0.000000 -0.000000
time 19
0  0.031807 0.000000 -0.000718  -1.570800 -1.391899 -1.570792
1  -9.060846 -2.609278 1.966051  -1.544956 -1.855077 -0.198630
2  6.027519 -0.000328 0.000203  -1.029367 -0.700377 -0.762226
3  11.692103 0.000484 -0.000739  0.804857 -0.000038 -1.573754
4  11.479886 -0.000974 -0.000048  1.564893 0.254567 0.257544
5  3.859499 -0.142876 -1.192064  -0.391653 0.303014 -0.544700
6  1.312591 0.000014 0.000003  -0.000010 0.000052 -0.078821
7  0.729357 0.000049 -0.010229  0.000023 0.000013 0.118899
8  3.942138 0.046276 -0.431527  -0.111534 0.126462 -0.412425
9  1.539108 0.000083 -0.000001  0.000001 0.000022 0.115654
10  1.196335 0.000145 0.000029  0.000016 0.000015 -0.067552
11  3.883506 -0.047268 0.431363  0.087201 -0.015845 -0.160123
12  1.719572 -0.000028 0.000010  0.001973 0.005153 -0.003308
13  1.209178 0.000089 0.000008  0.001101 0.002889 0.146867
14  4.261249 -0.313372 1.366397  0.301222 -0.194459 -0.090265
15  1.719448 -0.000010 0.000023  0.001471 0.003792 0.000200
16  1.099673 0.000049 -0.000003  0.000868 0.002427 0.098229
17  0.806000 -0.349050 1.321250  -1.231098 -0.627760 -0.781030
18  1.789822 -0.000009 -0.000015  -0.001178 0.004814 -0.068828
19  1.207015 -0.000015 -0.000042  -0.000161 0.000030 0.099780
20  5.740636 0.000363 -0.000700  -0.016647 0.000003 0.000060
21  11.480989 -0.000058 -0.000667  -0.006840 0.071624 0.040857
22  6.027523 -0.000329 0.000208  1.935410 -0.809583 1.894168
23  0.000004 11.692097 -0.000006  -1.072986 -0.517281 -0.837142
24  0.000003 0.000008 0.000000  1.673959 -0.000031 1.570738
25  -0.000000 -0.000007 -0.000002  0.868967 -0.000009 1.570721
26  -3.991760 -9.653395 0.826810  1.473120 1.855074 -0.198639
27  6.027513 -0.000263 -0.000225  1.376383 0.654047 -0.775573
28  11.691998 0.000245 0.000862  -0.063525 0.000058 -1.694680
29  11.480642 -0.000214 0.000812  -0.963355 0.399899 0.793104
30  3.859437 -0.132762 1.193063  0.467771 0.012166 -2.080742
31  1.312560 0.000026 -0.000003  -0.002591 -0.086818 -0.325533
32  0.729345 0.000067 -0.000028  -0.149107 -0.099773 -0.829530
33  3.942047 0.050135 0.430999  0.236316 -0.061191 -1.662361
34  1.539097 0.000007 -0.000005  0.035034 -0.043250 -1.002024
35  1.196300 0.000077 -0.000008  -0.022154 0.002073 -0.844399
36  3.883413 -0.050476 -0.431086  0.224120 -0.254107 -1.343752
37  1.719564 -0.000081 -0.000014  0.017488 -0.103675 -1.461475
38  1.209198 0.000034 0.000004  -0.001906 0.071048 -0.519937
39  3.859588 -0.149086 -1.331323  -0.137372 0.013472 -0.379674
40  1.719413 -0.000095 -0.000049  -0.030071 0.001518 0.095502
41  1.099674 0.000024 -0.000002  -0.007066 -0.003729 -0.001250
42  0.805982 -0.359848 -1.318339  0.991673 0.166770 -0.799523
43  1.789780 -0.000007 -0.000030  0.000056 -0.002451 0.133096
44  1.206996 -0.000004 0.000014  0.000370 -0.000069 1.058782
45  5.740574 0.000118 0.000726  0.159203 -0.000013 0.000032
46  11.481076 0.000095 0.000917  0.090587 0.095622 0.117279
47  6.027516 -0.000277 -0.000232  -0.887172 -0.668570 -1.696028
48  -0.000001 11.691980 -0.000006  -1.143864 0.587121 0.878074
49  0.000002 -0.000003 -0.000000  2.209001 -0.000036 1.570861
50  -0.000006 -0.000015 0.000005  2.272646 -0.000031 1.570865
51  -3.257430 -4.696642 -7.269048  -0.071300 -3.033234 1.370746
52  -0.000000 0.000000 -0.000000  0.008153 -0.000259 0.000009
53  -0.000001 0.000000 -0.000001  1.565115 0.043565 -0.106862
54  3.841042 -10.833577 -15.409216  1.561741 0.027203 -2.150397
55  -0.000001 -0.000002 -0.000000  0.000000 -0.000000 -0.000002
56  0.000028 0.000028 0.000002  -1.571901 -0.044449 -0.106509
57  25.884895 15.862841 -17.962044  1.570796 -0.000000 0.000000
58  -15.744420 4.745377 -21.059811  1.570796 -0.000000 0.000000
59  2.002162 4.179591 -8.453883  1.570796 -0.000000 0.000000
60  -0.004311 0.001229 -0.000371  0.006898 -0.005534 -0.284228
61  0.858610 10.209643 -2.211006  1.570796 -0.000000 0.000000
62  0.000000 0.000000 0.000000  -0.078728 -3.136056 0.284225
63  -2.323334 -2.221693 -0.426911  1.578318 -0.015054 0.001810
64  -2.291972 -8.923759 -1.813074  1.569191 0.008442 0.003963
65  -0.039397 -3.107036 0.976861  -0.000000 0.000000 0.000000
66  -0.039396 -0.914783 9.564856  -0.000000 0.000000 0.000000
67  -0.039396 -3.172347 3.170214  -0.000000 0.000000 0.000000
68  -0.039397 -1.229303 3.715100  -0.000000 0.000000 0.000000
69  0.408672 -2.529140 3.193418  -0.000000 0.000000 0.000000
70  -0.039396 0.091155 10.882014  -0.000000 0.000000 0.000000
71  0.872714 0.008025 -1.510460  -0.000000 0.000000 0.000000
72  -0.039397 -0.788819 2.900787  -0.000000 0.000000 0.000000
73  0.595149 -1.458825 1.529925  -0.000000 0.000000 0.000000
74  -3.373081 -19.858692 -19.780388  -0.467195 -0.186891 1.028669
75  -0.041875 2.867873 -0.991289  -0.000000 -0.000000 0.000000
76  -0.168159 2.614669 -0.991289  -0.000000 -0.000000 0.000000
time 20
0  0.031807 0.000000 -0.000718  -1.570800 -1.391899 -1.570792
1  -9.250816 -2.817989 1.955854  -1.544956 -1.855077 -0.198630
2  6.027519 -0.000327 0.000202  -1.039902 -0.620092 -0.823807
3  11.692103 0.000486 -0.000739  0.809646 -0.000037 -1.549344
4  11.480076 -0.000893 -0.000124  1.631962 0.154556 0.197831
5  3.859500 -0.142877 -1.192064  -0.390515 0.304511 -0.540896
6  1.312590 0.000014 0.000003  -0.000010 0.000052 -0.075884
7  0.729358 0.000050 -0.010228  0.000023 0.000013 0.119532
8  3.942139 0.046275 -0.431528  -0.116047 0.122338 -0.448792
9  1.539109 0.000083 0.000000  0.000001 0.000022 0.116010
10  1.196334 0.000142 0.000029  0.000016 0.000015 -0.066919
11  3.883507 -0.047269 0.431362  0.088049 -0.010104 -0.225458
12  1.719573 -0.000026 0.000010  0.001976 0.005151 -0.002675
13  1.209178 0.000090 0.000008  0.001103 0.002888 0.147415
14  4.280089 -0.320491 1.358959  0.318431 -0.164057 -0.186699
15  1.719447 -0.000010 0.000024  0.001473 0.003791 0.000833
16  1.099673 0.000047 -0.000005  0.000868 0.002427 0.098229
17  0.806001 -0.349049 1.321249  -1.239516 -0.592662 -0.761805
18  1.789822 -0.000008 -0.000017  -0.000535 0.000798 -0.043739
19  1.207014 -0.000017 -0.000043  -0.000137 -0.000065 0.078829
20  5.740636 0.000365 -0.000696  0.004805 0.000003 0.000060
21  11.481028 -0.000041 -0.000677  0.010408 0.053327 0.029314
22  6.027524 -0.000329 0.000206  2.005665 -0.875405 1.773651
23  0.000001 11.692096 -0.000005  -1.058610 -0.503490 -0.828406
24  0.000003 0.000005 0.000001  1.678747 -0.000031 1.570738
25  -0.000001 -0.000006 -0.000001  0.868967 -0.000009 1.570721
26  -3.991760 -9.653395 0.826810  1.473120 1.855074 -0.198639
27  6.027513 -0.000263 -0.000225  1.375965 0.654924 -0.775895
28  11.692000 0.000243 0.000861  -0.063525 0.000058 -1.692905
29  11.480658 -0.000202 0.000813  -0.963496 0.400354 0.792693
30  3.859438 -0.132762 1.193064  0.467771 0.012166 -2.080742
31  1.312559 0.000026 -0.000003  -0.002591 -0.086818 -0.325533
32  0.729344 0.000066 -0.000028  -0.149107 -0.099773 -0.829530
33  3.942047 0.050135 0.430999  0.236316 -0.061191 -1.662361
34  1.539098 0.000008 -0.000005  0.035034 -0.043250 -1.002024
35  1.196302 0.000077 -0.000007  -0.022154 0.002073 -0.844399
36  3.883414 -0.050477 -0.431085  0.224120 -0.254107 -1.343752
37  1.719564 -0.000080 -0.000014  0.017488 -0.103675 -1.461475
38  1.209197 0.000035 0.000005  -0.001906 0.071048 -0.519937
39  3.859589 -0.149086 -1.331322  -0.137372 0.013472 -0.379674
40  1.719413 -0.000095 -0.000050  -0.030071 0.001518 0.095502
41  1.099673 0.000024 -0.000001  -0.007066 -0.003729 -0.001250
42  0.805983 -0.359848 -1.318338  0.991673 0.166770 -0.799523
43  1.789780 -0.000008 -0.000030  0.000056 -0.002451 0.133096
44  1.206997 -0.000003 0.000014  0.000370 -0.000069 1.058782
45  5.740573 0.000119 0.000727  0.158998 -0.000013 0.000032
46  11.481078 0.000097 0.000917  0.090536 0.095678 0.117179
47  6.027516 -0.000277 -0.000232  -0.888317 -0.668303 -1.695387
48  -0.000001 11.691981 -0.000006  -1.142825 0.586078 0.877503
49  0.000003 -0.000003 0.000000  2.209001 -0.000036 1.570861
50  -0.000007 -0.000013 0.000004  2.272646 -0.000031 1.570865
51  -3.252707 -4.710929 -7.273857  -0.071675 -3.033397 1.370368
52  -0.000000 -0.000000 -0.000000  0.008153 -0.000259 0.000009
53  0.000000 0.000000 0.000000  1.565115 0.043565 -0.106862
54  4.234089 -10.549180 -16.510687  1.553061 -0.038493 -2.140869
55  -0.000001 0.000002 0.000001  0.000000 -0.000000 -0.000002
56  0.000029 0.000031 0.000002  -1.571901 -0.044449 -0.106509
57  25.921223 16.546577 -20.167187  1.570796 -0.000000 0.000000
58  -15.744420 4.745377 -21.059811  1.570796 -0.000000 0.000000
59  1.991965 4.418775 -8.603683  1.570796 -0.000000 0.000000
60  -0.004311 0.001229 -0.000371  0.006898 -0.005534 -0.284228
61  0.858610 10.209643 -2.211006  1.570796 -0.000000 0.000000
62  0.000000 0.000000 0.000000  -0.078728 -3.136056 0.284225
63  -2.323334 -2.221693 -0.426911  1.577897 -0.011880 0.001682
64  -2.287198 -8.939726 -1.819195  1.569426 0.008774 0.003547
65  -0.039397 -3.107036 0.976859  0.000000 -0.000000 -0.000000
66  -0.039396 -0.914783 9.564856  0.000000 -0.000000 -0.000000
67  -0.039396 -3.172347 3.170214  0.000000 -0.000000 -0.000000
68  -0.039397 -1.229303 3.715099  0.000000 -0.000000 -0.000000
69  0.408671 -2.529140 3.193418  0.000000 -0.000000 -0.000000
70  -0.039396 0.091155 10.882010  0.000000 -0.000000 -0.000000
71  0.872713 0.008025 -1.510462  0.000000 -0.000000 -0.000000
72  -0.039397 -0.788819 2.900786  0.000000 -0.000000 -0.000000
73  0.595149 -1.458825 1.529924  0.000000 -0.000000 -0.000000
74  -3.947338 -20.873495 -23.537708  -0.833257 0.080170 1.082566
75  -0.041874 2.867872 -0.991287  -0.000000 -0.000000 0.000000
76  -0.168161 2.614668 -0.991286  -0.000000 -0.000000 0.000000
time 21
0  0.031807 0.000000 -0.000718  -1.570800 -1.391899 -1.570792
1  -9.483886 -3.460478 1.947885  -1.544956 -1.855077 -0.198630
2  6.027517 -0.000326 0.000202  -1.043665 -0.543791 -0.858027
3  11.692102 0.000482 -0.000740  0.812981 -0.000035 -1.494277
4  11.480517 -0.000704 -0.000325  1.644878 -0.128654 0.116696
5  3.859499 -0.142874 -1.192064  -0.424221 0.237836 -0.676874
6  1.312588 0.000014 0.000002  -0.000176 -0.000913 -0.077095
7  0.729357 0.000050 -0.010229  -0.000199 0.000109 -0.029596
8  3.942138 0.046275 -0.431528  -0.157869 0.088012 -0.596598
9  1.539110 0.000081 -0.000002  -0.000697 -0.002870 0.036088
10  1.196335 0.000143 0.000029  0.000273 -0.000133 -0.259765
11  3.883507 -0.047267 0.431361  0.044875 -0.004099 -0.361796
12  1.719573 -0.000027 0.000010  -0.003201 -0.008317 -0.152188
13  1.209178 0.000089 0.000008  0.001874 0.002410 -0.024735
14  4.296720 -0.326773 1.352393  0.287590 -0.167987 -0.243066
15  1.719446 -0.000013 0.000023  -0.002231 -0.002106 -0.164587
16  1.099674 0.000048 -0.000006  0.000984 0.002364 -0.100013
17  0.806000 -0.349049 1.321249  -1.262658 -0.577478 -0.706133
18  1.789820 -0.000008 -0.000019  0.000920 -0.014514 0.023293
19  1.207016 -0.000016 -0.000042  -0.001707 -0.012269 0.018240
20  5.740636 0.000363 -0.000699  0.016714 0.000003 0.000060
21  11.481115 -0.000005 -0.000717  0.018747 -0.003234 0.014952
22  6.027522 -0.000329 0.000207  2.077090 -0.937835 1.681084
23  0.000002 11.692098 -0.000006  -1.026068 -0.472792 -0.808115
24  0.000002 0.000007 0.000002  1.682079 -0.000031 1.570738
25  -0.000001 -0.000009 -0.000001  0.868967 -0.000009 1.570721
26  -3.991760 -9.653395 0.826810  1.473120 1.855074 -0.198639
27  6.027513 -0.000263 -0.000225  1.375693 0.655956 -0.776195
28  11.691999 0.000244 0.000862  -0.063525 0.000058 -1.690868
29  11.478657 -0.001378 0.000739  -0.963482 0.400238 0.792054
30  3.859438 -0.132762 1.193064  0.467771 0.012166 -2.080742
31  1.312559 0.000027 -0.000003  -0.002591 -0.086818 -0.325533
32  0.729346 0.000065 -0.000028  -0.149107 -0.099773 -0.829530
33  3.942049 0.050135 0.430999  0.236316 -0.061191 -1.662361
34  1.539097 0.000008 -0.000005  0.035034 -0.043250 -1.002024
35  1.196301 0.000077 -0.000008  -0.022154 0.002073 -0.844399
36  3.883414 -0.050476 -0.431085  0.224120 -0.254107 -1.343752
37  1.719564 -0.000081 -0.000015  0.017488 -0.103675 -1.461475
38  1.209198 0.000035 0.000005  -0.001906 0.071048 -0.519937
39  3.859589 -0.149086 -1.331322  -0.137372 0.013472 -0.379674
40  1.719412 -0.000095 -0.000049  -0.030071 0.001518 0.095502
41  1.099673 0.000024 -0.000001  -0.007066 -0.003729 -0.001250
42  0.805984 -0.359849 -1.318338  0.991673 0.166770 -0.799523
43  1.789780 -0.000008 -0.000029  0.000056 -0.002451 0.133096
44  1.206997 -0.000005 0.000014  0.000370 -0.000069 1.058782
45  5.740575 0.000119 0.000727  0.158833 -0.000013 0.000032
46  11.480680 -0.000138 0.000901  0.090570 0.095632 0.117062
47  6.027516 -0.000277 -0.000232  -0.889528 -0.667848 -1.694769
48  -0.000001 11.691981 -0.000006  -1.141631 0.584882 0.876848
49  0.000003 -0.000002 0.000000  2.209001 -0.000036 1.570861
50  -0.000006 -0.000015 0.000004  2.272646 -0.000031 1.570865
51  -3.249822 -4.725644 -7.277870  -0.071862 -3.033770 1.370392
52  -0.000000 0.000000 -0.000000  0.008153 -0.000259 0.000009
53  0.000001 -0.000000 -0.000000  1.565115 0.043565 -0.106862
54  4.761705 -9.849442 -18.005474  1.511444 -0.247293 -2.112646
55  -0.000000 -0.000002 -0.000001  0.000000 -0.000000 -0.000002
56  0.000030 0.000027 0.000001  -1.571901 -0.044449 -0.106509
57  25.941673 16.989910 -22.113750  1.570796 -0.000000 0.000000
58  -15.744420 4.745377 -21.059811  1.570796 -0.000000 0.000000
59  1.983995 5.092484 -8.718705  1.570796 -0.000000 0.000000
60  -0.004311 0.001229 -0.000371  0.006898 -0.005534 -0.284228
61  0.858610 10.209643 -2.211006  1.570796 -0.000000 0.000000
62  0.000000 0.000000 0.000000  -0.078728 -3.136056 0.284225
63  -2.323334 -2.221693 -0.426911  1.577254 -0.008967 0.001646
64  -2.283707 -8.956631 -1.825012  1.569828 0.008881 0.003554
65  -0.039397 -3.107036 0.976860  -0.000000 0.000000 0.000000
66  -0.039396 -0.914783 9.564857  -0.000000 0.000000 0.000000
67  -0.039396 -3.172347 3.170215  -0.000000 0.000000 0.000000
68  -0.039396 -1.229303 3.715100  -0.000000 0.000000 0.000000
69  0.408672 -2.529140 3.193418  -0.000000 0.000000 0.000000
70  -0.039395 0.091155 10.882011  -0.000000 0.000000 0.000000
71  0.872713 0.008025 -1.510461  -0.000000 0.000000 0.000000
72  -0.039397 -0.788819 2.900787  -0.000000 0.000000 0.000000
73  0.595149 -1.458825 1.529925  -0.000000 0.000000 0.000000
74  -4.521595 -21.713531 -27.586361  -1.062349 0.238616 1.049973
75  -0.041878 2.867873 -0.991289  -0.000000 -0.000000 -0.000000
76  -0.168163 2.614668 -0.991287  -0.000000 -0.000000 -0.000000
time 22
0  0.031807 0.000000 -0.000718  -1.570800 -1.391899 -1.570792
1  -9.716890 -4.297410 1.942194  -1.544956 -1.855077 -0.198630
2  6.027519 -0.000328 0.000204  -1.043736 -0.510999 -0.877335
3  11.692105 0.000483 -0.000739  0.814719 -0.000029 -1.413287
4  11.479794 -0.000949 -0.000062  1.591226 -0.509363 0.034726
5  3.859498 -0.142877 -1.192064  -0.466560 0.038153 -1.035023
6  1.312589 0.000014 0.000003  -0.000606 -0.003440 -0.080260
7  0.729357 0.000050 -0.010228  -0.000852 0.000191 -0.438591
8  3.942137 0.046277 -0.431527  -0.240081 -0.015427 -0.911620
9  1.539111 0.000085 -0.000003  -0.001411 -0.010700 -0.175547
10  1.196333 0.000144 0.000030  0.001093 -0.000258 -0.807627
11  3.883508 -0.047266 0.431361  -0.069742 -0.018087 -0.588984
12  1.719573 -0.000027 0.000010  -0.006617 -0.047454 -0.562505
13  1.209179 0.000093 0.000008  0.004311 0.001843 -0.504854
14  4.309435 -0.331578 1.347374  0.191565 -0.214666 -0.286510
15  1.719447 -0.000011 0.000022  -0.006943 -0.020661 -0.623505
16  1.099675 0.000047 -0.000006  0.001352 0.002321 -0.665385
17  0.806001 -0.349048 1.321249  -1.314337 -0.578223 -0.586530
18  1.789821 -0.000009 -0.000014  0.000905 -0.046616 0.148405
19  1.207015 -0.000017 -0.000042  -0.003287 -0.044325 -0.098233
20  5.740636 0.000364 -0.000698  0.009929 0.000003 0.000060
21  11.480967 -0.000054 -0.000665  0.010962 -0.080192 -0.002355
22  6.027524 -0.000331 0.000207  2.109794 -0.964571 1.635111
23  0.000001 11.692098 -0.000006  -0.977834 -0.428744 -0.776832
24  0.000005 0.000006 -0.000001  1.683815 -0.000031 1.570738
25  -0.000002 -0.000007 -0.000001  0.868967 -0.000009 1.570721
26  -3.991760 -9.653395 0.826810  1.473120 1.855074 -0.198639
27  6.027513 -0.000263 -0.000225  1.375288 0.656924 -0.776531
28  11.691998 0.000244 0.000862  -0.063525 0.000058 -1.689115
29  11.478739 -0.001319 0.000742  -0.962486 0.400067 0.791971
30  3.859438 -0.132763 1.193064  0.467771 0.012166 -2.080742
31  1.312559 0.000028 -0.000001  -0.002591 -0.086818 -0.325533
32  0.729346 0.000065 -0.000029  -0.149107 -0.099773 -0.829530
33  3.942047 0.050135 0.430999  0.236316 -0.061191 -1.662361
34  1.539097 0.000006 -0.000004  0.035034 -0.043250 -1.002024
35  1.196300 0.000077 -0.000008  -0.022154 0.002073 -0.844399
36  3.883413 -0.050477 -0.431086  0.224120 -0.254107 -1.343752
37  1.719564 -0.000080 -0.000015  0.017488 -0.103675 -1.461475
38  1.209199 0.000034 0.000005  -0.001906 0.071048 -0.519937
39  3.859588 -0.149086 -1.331322  -0.137372 0.013472 -0.379674
40  1.719413 -0.000096 -0.000049  -0.030071 0.001518 0.095502
41  1.099675 0.000025 -0.000001  -0.007066 -0.003729 -0.001250
42  0.805982 -0.359849 -1.318338  0.991673 0.166770 -0.799523
43  1.789780 -0.000007 -0.000030  0.000056 -0.002451 0.133096
44  1.206997 -0.000003 0.000014  0.000370 -0.000069 1.058782
45  5.740575 0.000119 0.000727  0.158897 -0.000013 0.000032
46  11.480696 -0.000126 0.000901  0.090770 0.095662 0.117004
47  6.027516 -0.000277 -0.000232  -0.890756 -0.667515 -1.694099
48  -0.000001 11.691980 -0.000006  -1.140604 0.583853 0.876282
49  0.000002 0.000000 0.000000  2.209001 -0.000036 1.570861
50  -0.000007 -0.000014 0.000004  2.272646 -0.000031 1.570865
51  -3.244408 -4.740056 -7.281186  -0.071211 -3.034464 1.370359
52  -0.000000 0.000000 0.000000  0.008153 -0.000259 0.000009
53  -0.000000 -0.000000 -0.000000  1.565115 0.043565 -0.106862
54  5.193674 -9.158146 -19.235315  1.410744 -0.553003 -2.060322
55  0.000001 0.000000 0.000000  0.000000 -0.000000 -0.000002
56  0.000030 0.000030 0.000002  -1.571901 -0.044449 -0.106509
57  25.951118 17.243504 -23.602005  1.570796 -0.000000 0.000000
58  -15.744420 4.745377 -21.059811  1.570796 -0.000000 0.000000
59  1.978304 5.957520 -8.799065  1.570796 -0.000000 0.000000
60  -0.004311 0.001229 -0.000371  0.006898 -0.005534 -0.284228
61  0.858610 10.209643 -2.211006  1.570796 -0.000000 0.000000
62  0.000000 0.000000 0.000000  -0.078728 -3.136056 0.284225
63  -2.323334 -2.221693 -0.426911  1.576440 -0.006836 0.001768
64  -2.282353 -8.974014 -1.829918  1.570377 0.008106 0.003596
65  -0.039397 -3.107036 0.976859  -0.000000 -0.000000 0.000000
66  -0.039396 -0.914783 9.564854  -0.000000 -0.000000 0.000000
67  -0.039396 -3.172347 3.170213  -0.000000 -0.000000 0.000000
68  -0.039396 -1.229303 3.715101  -0.000000 -0.000000 0.000000
69  0.408672 -2.529140 3.193418  -0.000000 -0.000000 0.000000
70  -0.039395 0.091155 10.882010  -0.000000 -0.000000 0.000000
71  0.872714 0.008025 -1.510463  -0.000000 -0.000000 0.000000
72  -0.039397 -0.788819 2.900785  -0.000000 -0.000000 0.000000
73  0.595149 -1.458825 1.529925  -0.000000 -0.000000 0.000000
74  -5.095853 -22.165323 -31.915100  -1.156083 0.280242 1.021242
75  -0.041877 2.867871 -0.991283  0.000000 0.000000 0.000000
76  -0.168163 2.614668 -0.991283  0.000000 0.000000 0.000000
time 23
0  0.031807 0.000000 -0.000718  -1.570800 -1.391899 -1.570792
1  -9.882865 -4.952031 1.938794  -1.544956 -1.855077 -0.198630
2  6.027518 -0.000327 0.000203  -1.046011 -0.527710 -0.891859
3  11.692103 0.000482 -0.000739  0.815283 -0.000026 -1.342434
4  11.480225 -0.000787 -0.000233  1.468409 -0.849643 0.007836
5  3.859497 -0.142875 -1.192063  -0.436634 -0.162733 -1.387638
6  1.312590 0.000014 0.000003  -0.001027 -0.005968 -0.083425
7  0.729356 0.000050 -0.010231  -0.001482 0.000008 -0.847278
8  3.942137 0.046276 -0.431527  -0.287674 -0.135571 -1.204979
9  1.539111 0.000085 -0.000002  -0.000464 -0.018506 -0.387202
10  1.196337 0.000143 0.000027  0.001858 0.000062 -1.355006
11  3.883506 -0.047267 0.431362  -0.178408 -0.055993 -0.786491
12  1.719574 -0.000027 0.000011  0.005891 -0.084660 -0.973434
13  1.209178 0.000090 0.000010  0.006732 0.002464 -0.984578
14  4.317255 -0.334532 1.344289  0.092999 -0.269316 -0.305061
15  1.719446 -0.000010 0.000025  -0.002952 -0.039362 -1.082229
16  1.099674 0.000045 -0.000005  0.001686 0.002482 -1.230758
17  0.806000 -0.349050 1.321250  -1.365787 -0.582547 -0.470760
18  1.789821 -0.000009 -0.000015  -0.002715 -0.076912 0.263963
19  1.207017 -0.000016 -0.000042  -0.001445 -0.076331 -0.206763
20  5.740637 0.000363 -0.000700  -0.011558 0.000003 0.000060
21  11.481050 -0.000021 -0.000698  -0.009667 -0.148898 -0.017221
22  6.027524 -0.000331 0.000206  2.095623 -0.949854 1.631045
23  0.000000 11.692096 -0.000007  -0.935173 -0.391368 -0.748091
24  0.000004 0.000007 -0.000000  1.684376 -0.000031 1.570738
25  -0.000001 -0.000007 -0.000002  0.868967 -0.000008 1.570721
26  -3.991760 -9.653395 0.826810  1.473120 1.855074 -0.198639
27  6.027513 -0.000263 -0.000225  1.374473 0.658133 -0.777067
28  11.691998 0.000243 0.000861  -0.063525 0.000058 -1.687321
29  11.478823 -0.001258 0.000745  -0.959940 0.400033 0.792493
30  3.859438 -0.132762 1.193064  0.467771 0.012166 -2.080742
31  1.312560 0.000026 -0.000003  -0.002591 -0.086818 -0.325533
32  0.729345 0.000065 -0.000027  -0.149107 -0.099773 -0.829530
33  3.942047 0.050135 0.430999  0.236316 -0.061191 -1.662361
34  1.539097 0.000007 -0.000005  0.035034 -0.043250 -1.002024
35  1.196300 0.000077 -0.000008  -0.022154 0.002073 -0.844399
36  3.883414 -0.050476 -0.431086  0.224120 -0.254107 -1.343752
37  1.719564 -0.000081 -0.000014  0.017488 -0.103675 -1.461475
38  1.209198 0.000035 0.000005  -0.001906 0.071048 -0.519937
39  3.859589 -0.149086 -1.331322  -0.137372 0.013472 -0.379674
40  1.719412 -0.000095 -0.000049  -0.030071 0.001518 0.095502
41  1.099676 0.000024 -0.000002  -0.007066 -0.003729 -0.001250
42  0.805983 -0.359849 -1.318339  0.991674 0.166770 -0.799523
43  1.789780 -0.000008 -0.000030  0.000056 -0.002451 0.133096
44  1.206997 -0.000004 0.000014  0.000370 -0.000069 1.058782
45  5.740574 0.000119 0.000726  0.159273 -0.000013 0.000032
46  11.480711 -0.000114 0.000902  0.091219 0.095842 0.116973
47  6.027516 -0.000277 -0.000232  -0.892478 -0.667291 -1.693071
48  -0.000000 11.691981 -0.000007  -1.139553 0.582801 0.875703
49  0.000003 -0.000002 0.000000  2.209001 -0.000036 1.570861
50  -0.000007 -0.000014 0.000005  2.272646 -0.000031 1.570865
51  -3.233192 -4.754263 -7.284065  -0.069221 -3.035482 1.370252
52  0.000000 -0.000000 -0.000000  0.008153 -0.000259 0.000009
53  0.000000 0.000000 -0.000000  1.565115 0.043565 -0.106862
54  5.345263 -8.895059 -19.667944  1.228359 -0.853640 -1.959517
55  0.000001 -0.000002 -0.000001  0.000000 -0.000000 -0.000002
56  0.000029 0.000026 0.000001  -1.571901 -0.044449 -0.106509
57  25.954189 17.361710 -24.517319  1.570796 -0.000000 0.000000
58  -15.744420 4.745377 -21.059811  1.570796 -0.000000 0.000000
59  1.974904 6.631229 -8.845903  1.570796 -0.000000 0.000000
60  -0.004311 0.001229 -0.000371  0.006898 -0.005534 -0.284228
61  0.858610 10.209643 -2.211006  1.570796 -0.000000 0.000000
62  0.000000 0.000000 0.000000  -0.078728 -3.136056 0.284225
63  -2.323334 -2.221693 -0.426911  1.575508 -0.006010 0.002075
64  -2.282367 -8.991414 -1.833307  1.570973 0.005963 0.003704
65  -0.039397 -3.107036 0.976860  0.000000 0.000000 -0.000000
66  -0.039396 -0.914783 9.564856  0.000000 0.000000 -0.000000
67  -0.039396 -3.172347 3.170214  0.000000 0.000000 -0.000000
68  -0.039397 -1.229303 3.715100  0.000000 0.000000 -0.000000
69  0.408671 -2.529140 3.193418  0.000000 0.000000 -0.000000
70  -0.039396 0.091155 10.882013  0.000000 0.000000 -0.000000
71  0.872713 0.008025 -1.510465  0.000000 0.000000 -0.000000
72  -0.039397 -0.788819 2.900786  0.000000 0.000000 -0.000000
73  0.595149 -1.458825 1.529925  0.000000 0.000000 -0.000000
74  1.064594 -11.075438 -15.891667  1.451845 -0.437619 0.293487
75  -0.041876 2.867871 -0.991287  0.000000 -0.000000 -0.000000
76  -0.168163 2.614666 -0.991287  0.000000 -0.000000 -0.000000
time 24
0  0.031807 0.000000 -0.000718  -1.570800 -1.391899 -1.570792
1  -9.940324 -5.184705 1.937669  -1.544956 -1.855077 -0.198630
2  6.027519 -0.000326 0.000202  -1.060098 -0.672461 -0.916116
3  11.692108 0.000484 -0.000741  0.815356 -0.000016 -1.163638
4  11.480406 -0.000684 -0.000338  1.153583 -0.766456 -0.102988
5  3.859498 -0.142877 -1.192063  -0.407854 -0.231315 -1.520417
6  1.312590 0.000015 0.000001  -0.001186 -0.006935 -0.084635
7  0.729357 0.000051 -0.010228  -0.001686 -0.000120 -0.996432
8  3.942139 0.046276 -0.431527  -0.296384 -0.182462 -1.311654
9  1.539110 0.000081 -0.000003  0.000320 -0.021375 -0.467140
10  1.196335 0.000144 0.000029  0.002070 0.000267 -1.547771
11  3.883507 -0.047268 0.431361  -0.217147 -0.075382 -0.855920
12  1.719573 -0.000026 0.000008  0.014105 -0.096507 -1.123722
13  1.209178 0.000090 0.000006  0.007489 0.002958 -1.156699
14  4.319855 -0.335514 1.343263  0.054885 -0.291024 -0.307769
15  1.719447 -0.000011 0.000024  0.000519 -0.045385 -1.247780
16  1.099673 0.000045 -0.000005  0.001775 0.002580 -1.429000
17  0.806001 -0.349051 1.321249  -1.385593 -0.584121 -0.426973
18  1.789821 -0.000008 -0.000018  -0.004946 -0.088093 0.306688
19  1.207014 -0.000017 -0.000043  0.000122 -0.088447 -0.247064
20  5.740635 0.000364 -0.000698  -0.073840 0.000003 0.000060
21  11.481087 0.000001 -0.000716  -0.073406 -0.130284 -0.060603
22  6.027523 -0.000329 0.000206  1.985637 -0.822232 1.684212
23  0.000001 11.692097 -0.000006  -0.825066 -0.302419 -0.669987
24  0.000002 0.000007 0.000002  1.684441 -0.000031 1.570738
25  -0.000002 -0.000007 -0.000001  0.868967 -0.000009 1.570721
26  -3.991760 -9.653395 0.826810  1.473120 1.855074 -0.198639
27  6.027513 -0.000263 -0.000225  1.373294 0.659598 -0.777789
28  11.691998 0.000245 0.000862  -0.063525 0.000058 -1.685484
29  11.478911 -0.001197 0.000750  -0.956164 0.400141 0.793453
30  3.859438 -0.132762 1.193064  0.467771 0.012166 -2.080742
31  1.312559 0.000027 -0.000003  -0.002591 -0.086818 -0.325533
32  0.729345 0.000064 -0.000029  -0.149107 -0.099773 -0.829530
33  3.942048 0.050135 0.430998  0.236316 -0.061191 -1.662361
34  1.539098 0.000005 -0.000005  0.035034 -0.043250 -1.002024
35  1.196300 0.000077 -0.000009  -0.022154 0.002073 -0.844399
36  3.883415 -0.050477 -0.431086  0.224120 -0.254107 -1.343752
37  1.719564 -0.000080 -0.000014  0.017488 -0.103675 -1.461475
38  1.209198 0.000035 0.000005  -0.001906 0.071048 -0.519937
39  3.859588 -0.149086 -1.331323  -0.137372 0.013472 -0.379674
40  1.719414 -0.000095 -0.000049  -0.030071 0.001518 0.095502
41  1.099674 0.000024 -0.000002  -0.007066 -0.003729 -0.001250
42  0.805983 -0.359848 -1.318339  0.991674 0.166770 -0.799523
43  1.789780 -0.000008 -0.000030  0.000056 -0.002451 0.133096
44  1.206997 -0.000004 0.000014  0.000370 -0.000069 1.058782
45  5.740575 0.000119 0.000726  0.159900 -0.000013 0.000032
46  11.480729 -0.000102 0.000904  0.091866 0.096145 0.116954
47  6.027516 -0.000277 -0.000232  -0.894680 -0.667136 -1.691709
48  0.000000 11.691981 -0.000007  -1.138477 0.581724 0.875109
49  0.000003 -0.000002 -0.000000  2.209001 -0.000036 1.570861
50  -0.000006 -0.000014 0.000004  2.272646 -0.000031 1.570865
51  -3.216505 -4.768417 -7.286017  -0.066141 -3.036675 1.370132
52  -0.000000 0.000000 -0.000000  0.008153 -0.000259 0.000009
53  -0.000000 0.000000 -0.000001  1.565115 0.043565 -0.106862
54  5.350995 -10.411914 -19.005436  0.993844 -0.781381 -2.078334
55  0.000000 -0.000001 0.000000  0.000000 -0.000000 -0.000002
56  0.000030 0.000028 0.000001  -1.571901 -0.044449 -0.106509
57  25.954578 17.392267 -24.821453  1.570796 -0.000000 0.000000
58  -15.744420 4.745377 -21.059811  1.570796 -0.000000 0.000000
59  1.973778 6.870413 -8.861043  1.570796 -0.000000 0.000000
60  -0.004311 0.001229 -0.000371  0.006898 -0.005534 -0.284228
61  0.858610 10.209643 -2.211006  1.570796 -0.000000 0.000000
62  0.000000 0.000000 0.000000  -0.078728 -3.136056 0.284225
63  -2.323334 -2.221693 -0.426911  1.574507 -0.006013 0.002515
64  -2.282469 -9.008417 -1.834572  1.571519 0.002721 0.003911
65  -0.039397 -3.107036 0.976860  0.000000 -0.000000 -0.000000
66  -0.039396 -0.914783 9.564855  0.000000 -0.000000 -0.000000
67  -0.039396 -3.172347 3.170214  0.000000 -0.000000 -0.000000
68  -0.039397 -1.229303 3.715100  0.000000 -0.000000 -0.000000
69  0.408671 -2.529140 3.193419  0.000000 -0.000000 -0.000000
70  -0.039396 0.091155 10.882011  0.000000 -0.000000 -0.000000
71  0.872713 0.008025 -1.510463  0.000000 -0.000000 -0.000000
72  -0.039397 -0.788819 2.900787  0.000000 -0.000000 -0.000000
73  0.595149 -1.458825 1.529924  0.000000 -0.000000 -0.000000
74  1.095094 -12.147613 -14.893980  1.452789 -0.468369 0.252089
75  -0.041877 2.867870 -0.991285  -0.000000 -0.000000 -0.000000
76  -0.168163 2.614667 -0.991286  -0.000000 -0.000000 -0.000000
time 25
0  0.031807 0.000000 -0.000718  -1.570800 -1.391899 -1.570792
1  -9.870154 -4.796664 1.938794  -1.544956 -1.855077 -0.198630
2  6.027518 -0.000328 0.000202  -1.073290 -0.713413 -0.799897
3  11.692106 0.000485 -0.000739  0.774230 -0.000020 -1.245198
4  11.479830 -0.000879 -0.000163  1.123943 -0.702723 -0.021497
5  3.859498 -0.142875 -1.192063  -0.407854 -0.231315 -1.520417
6  1.312590 0.000015 0.000000  -0.001186 -0.006935 -0.084635
7  0.729357 0.000050 -0.010230  -0.001686 -0.000120 -0.996432
8  3.942138 0.046276 -0.431527  -0.296384 -0.182462 -1.311654
9  1.539111 0.000081 -0.000002  0.000320 -0.021375 -0.467140
10  1.196337 0.000142 0.000028  0.002070 0.000267 -1.547771
11  3.883507 -0.047267 0.431362  -0.217147 -0.075382 -0.855920
12  1.719574 -0.000026 0.000010  0.014105 -0.096507 -1.123722
13  1.209178 0.000089 0.000010  0.007489 0.002958 -1.156699
14  4.319855 -0.335514 1.343263  0.054885 -0.291024 -0.307769
15  1.719446 -0.000010 0.000025  0.000519 -0.045385 -1.247780
16  1.099676 0.000047 -0.000005  0.001775 0.002580 -1.429000
17  0.806000 -0.349049 1.321249  -1.385593 -0.584121 -0.426973
18  1.789821 -0.000009 -0.000013  -0.004946 -0.088093 0.306688
19  1.207015 -0.000015 -0.000043  0.000122 -0.088447 -0.247064
20  5.740635 0.000364 -0.000699  -0.073859 0.000003 0.000060
21  11.480971 -0.000037 -0.000684  -0.075730 -0.119944 -0.045130
22  6.027523 -0.000329 0.000206  1.967928 -0.781876 1.804734
23  0.000001 11.692099 -0.000005  -0.875773 -0.341989 -0.706596
24  0.000006 0.000007 -0.000001  1.643319 -0.000031 1.570738
25  -0.000001 -0.000007 -0.000001  0.868967 -0.000009 1.570721
26  -3.991760 -9.653395 0.826810  1.473120 1.855074 -0.198639
27  6.027513 -0.000263 -0.000225  1.371987 0.661384 -0.778626
28  11.691998 0.000244 0.000861  -0.063525 0.000057 -1.683650
29  11.478975 -0.001152 0.000751  -0.951533 0.400236 0.794738
30  3.859439 -0.132762 1.193064  0.467771 0.012166 -2.080742
31  1.312560 0.000028 -0.000002  -0.002591 -0.086818 -0.325533
32  0.729346 0.000065 -0.000028  -0.149107 -0.099773 -0.829530
33  3.942048 0.050135 0.430999  0.236316 -0.061191 -1.662361
34  1.539097 0.000006 -0.000005  0.035034 -0.043250 -1.002024
35  1.196302 0.000077 -0.000008  -0.022154 0.002073 -0.844399
36  3.883415 -0.050476 -0.431085  0.224120 -0.254107 -1.343752
37  1.719564 -0.000082 -0.000015  0.017488 -0.103675 -1.461475
38  1.209198 0.000035 0.000005  -0.001906 0.071048 -0.519937
39  3.859589 -0.149086 -1.331322  -0.137372 0.013472 -0.379674
40  1.719414 -0.000095 -0.000049  -0.030071 0.001518 0.095502
41  1.099675 0.000025 -0.000001  -0.007066 -0.003729 -0.001250
42  0.805983 -0.359849 -1.318339  0.991673 0.166770 -0.799523
43  1.789780 -0.000008 -0.000030  0.000056 -0.002451 0.133096
44  1.206997 -0.000005 0.000014  0.000370 -0.000069 1.058782
45  5.740575 0.000121 0.000727  0.160744 -0.000013 0.000032
46  11.480743 -0.000093 0.000904  0.092658 0.096516 0.116952
47  6.027516 -0.000277 -0.000232  -0.897281 -0.666861 -1.690134
48  -0.000001 11.691981 -0.000006  -1.137403 0.580648 0.874514
49  0.000003 -0.000003 -0.000000  2.209001 -0.000036 1.570861
50  -0.000007 -0.000014 0.000005  2.272646 -0.000031 1.570865
51  -3.196020 -4.782869 -7.284394  -0.062212 -3.037892 1.370062
52  -0.000000 0.000000 -0.000001  0.008153 -0.000259 0.000009
53  0.000000 0.000000 -0.000000  1.565115 0.043565 -0.106862
54  5.550297 -10.785894 -17.805859  1.070078 -0.755033 -2.137630
55  -0.000001 -0.000002 -0.000001  0.000000 -0.000000 -0.000002
56  0.000030 0.000028 0.000001  -1.571901 -0.044449 -0.106509
57  25.872448 12.896267 -23.557369  1.570796 -0.000000 0.000000
58  -15.744420 4.745377 -21.059811  1.570796 -0.000000 0.000000
59  1.974904 6.476079 -8.861043  1.570796 -0.000000 0.000000
60  -0.004311 0.001229 -0.000371  0.006898 -0.005534 -0.284228
61  0.858610 10.209643 -2.211006  1.570796 -0.000000 0.000000
62  0.000000 0.000000 0.000000  -0.078728 -3.136056 0.284225
63  -2.323334 -2.221693 -0.426911  1.573491 -0.006037 0.003036
64  -2.282746 -9.024811 -1.830943  1.571916 -0.001352 0.004251
65  -0.039397 -3.107036 0.976860  0.000000 0.000000 -0.000000
66  -0.039396 -0.914783 9.564855  0.000000 0.000000 -0.000000
67  -0.039396 -3.172346 3.170215  0.000000 0.000000 -0.000000
68  -0.039397 -1.229303 3.715101  0.000000 0.000000 -0.000000
69  0.408672 -2.529140 3.193419  0.000000 0.000000 -0.000000
70  -0.039395 0.091155 10.882012  0.000000 0.000000 -0.000000
71  0.872714 0.008025 -1.510460  0.000000 0.000000 -0.000000
72  -0.039397 -0.788819 2.900787  0.000000 0.000000 -0.000000
73  0.595149 -1.458825 1.529926  0.000000 0.000000 -0.000000
74  1.042245 -12.472319 -13.950620  1.429466 -0.525627 0.256906
75  -0.041877 2.867871 -0.991289  0.000000 0.000000 -0.000000
76  -0.168163 2.614667 -0.991288  0.000000 0.000000 -0.000000
time 26
0  0.031807 0.000000 -0.000718  -1.570800 -1.391899 -1.570792
1  -9.665934 -3.667310 1.942194  -1.544956 -1.855077 -0.198630
2  6.027518 -0.000326 0.000202  -1.073351 -0.737701 -0.559915
3  11.692104 0.000484 -0.000739  0.650565 -0.000032 -1.439993
4  11.479651 -0.000984 -0.000182  1.102269 -0.679013 0.156066
5  3.859499 -0.142876 -1.192063  -0.407854 -0.231315 -1.520417
6  1.312590 0.000015 0.000005  -0.001186 -0.006935 -0.084635
7  0.729357 0.000051 -0.010227  -0.001686 -0.000120 -0.996432
8  3.942139 0.046276 -0.431526  -0.296384 -0.182462 -1.311654
9  1.539111 0.000081 0.000000  0.000320 -0.021375 -0.467140
10  1.196337 0.000144 0.000029  0.002070 0.000267 -1.547771
11  3.883507 -0.047267 0.431363  -0.217147 -0.075382 -0.855920
12  1.719575 -0.000027 0.000011  0.014105 -0.096507 -1.123722
13  1.209179 0.000090 0.000006  0.007489 0.002958 -1.156699
14  4.319855 -0.335513 1.343264  0.054885 -0.291024 -0.307768
15  1.719446 -0.000012 0.000023  0.000519 -0.045385 -1.247780
16  1.099675 0.000047 -0.000007  0.001775 0.002580 -1.429000
17  0.806000 -0.349049 1.321250  -1.385593 -0.584121 -0.426973
18  1.789822 -0.000009 -0.000016  -0.004946 -0.088093 0.306688
19  1.207013 -0.000018 -0.000043  0.000121 -0.088447 -0.247064
20  5.740634 0.000365 -0.000700  -0.070371 0.000003 0.000060
21  11.480936 -0.000058 -0.000691  -0.071558 -0.120794 -0.011954
22  6.027522 -0.000327 0.000207  -1.190765 -2.380682 -1.084995
23  0.000003 11.692099 -0.000005  -0.993793 -0.443118 -0.787336
24  0.000002 0.000007 0.000002  1.519660 -0.000031 1.570738
25  -0.000001 -0.000006 -0.000001  0.868967 -0.000009 1.570721
26  -3.991760 -9.653395 0.826810  1.473120 1.855074 -0.198639
27  6.027513 -0.000263 -0.000225  1.370693 0.663466 -0.779521
28  11.691998 0.000244 0.000860  -0.063525 0.000057 -1.681797
29  11.478988 -0.001147 0.000752  -0.946381 0.400259 0.796109
30  3.859438 -0.132762 1.193064  0.467771 0.012166 -2.080742
31  1.312559 0.000027 -0.000002  -0.002591 -0.086818 -0.325533
32  0.729346 0.000064 -0.000028  -0.149107 -0.099773 -0.829530
33  3.942047 0.050135 0.430999  0.236316 -0.061191 -1.662361
34  1.539097 0.000007 -0.000005  0.035034 -0.043250 -1.002024
35  1.196301 0.000077 -0.000008  -0.022154 0.002073 -0.844399
36  3.883414 -0.050477 -0.431085  0.224120 -0.254107 -1.343752
37  1.719564 -0.000081 -0.000015  0.017488 -0.103675 -1.461475
38  1.209198 0.000035 0.000005  -0.001906 0.071048 -0.519937
39  3.859588 -0.149086 -1.331322  -0.137372 0.013472 -0.379674
40  1.719414 -0.000096 -0.000049  -0.030071 0.001518 0.095502
41  1.099673 0.000024 -0.000002  -0.007066 -0.003729 -0.001250
42  0.805983 -0.359849 -1.318338  0.991674 0.166770 -0.799523
43  1.789780 -0.000008 -0.000030  0.000056 -0.002451 0.133096
44  1.206997 -0.000003 0.000014  0.000370 -0.000069 1.058782
45  5.740573 0.000118 0.000727  0.161742 -0.000013 0.000032
46  11.480743 -0.000093 0.000904  0.093547 0.096912 0.116944
47  6.027516 -0.000277 -0.000232  -0.900169 -0.666390 -1.688447
48  -0.000000 11.691982 -0.000005  -1.136317 0.579563 0.873913
49  0.000003 -0.000004 0.000001  2.209001 -0.000036 1.570861
50  -0.000006 -0.000014 0.000004  2.272646 -0.000031 1.570865
51  -3.173387 -4.798019 -7.278790  -0.057671 -3.038984 1.370104
52  -0.000000 0.000000 -0.000000  0.008153 -0.000259 0.000009
53  -0.000000 -0.000000 -0.000000  1.565115 0.043565 -0.106862
54  5.597189 -10.931257 -16.508505  1.153612 -0.732864 -2.201379
55  -0.000000 0.000001 -0.000000  0.000000 -0.000000 -0.000002
56  0.000031 0.000030 0.000001  -1.571901 -0.044449 -0.106509
57  25.477579 3.275384 -20.852386  1.570796 -0.000000 0.000000
58  -15.744420 4.745377 -21.059811  1.570796 -0.000000 0.000000
59  1.978304 5.328409 -8.861043  1.570796 -0.000000 0.000000
60  -0.004311 0.001229 -0.000371  0.006898 -0.005534 -0.284228
61  0.858610 10.209643 -2.211006  1.570796 -0.000000 0.000000
62  0.000000 0.000000 0.000000  -0.078728 -3.136056 0.284225
63  -2.323334 -2.221693 -0.426911  1.572511 -0.006102 0.003584
64  -2.283284 -9.040427 -1.821871  1.572065 -0.005997 0.004760
65  -0.039397 -3.107036 0.976861  0.000000 0.000000 0.000000
66  -0.039396 -0.914783 9.564856  0.000000 0.000000 0.000000
67  -0.039396 -3.172346 3.170215  0.000000 0.000000 0.000000
68  -0.039396 -1.229303 3.715101  0.000000 0.000000 0.000000
69  0.408672 -2.529140 3.193419  0.000000 0.000000 0.000000
70  -0.039395 0.091155 10.882011  0.000000 0.000000 0.000000
71  0.872713 0.008025 -1.510460  0.000000 0.000000 0.000000
72  -0.039397 -0.788819 2.900787  0.000000 0.000000 0.000000
73  0.595149 -1.458825 1.529925  0.000000 0.000000 0.000000
74  0.841884 -12.523699 -12.919548  1.391564 -0.582455 0.269699
75  -0.041877 2.867871 -0.991287  0.000000 0.000000 -0.000000
76  -0.168164 2.614668 -0.991285  0.000000 0.000000 -0.000000
time 27
0  0.031807 0.000000 -0.000718  -1.570800 -1.391899 -1.570792
1  -9.372353 -2.043792 1.947884  -1.544956 -1.855077 -0.198630
2  6.027518 -0.000328 0.000202  -1.132045 -0.733857 -0.429042
3  11.692104 0.000483 -0.000741  0.463401 -0.000044 -1.634414
4  11.479448 -0.001127 -0.000261  1.285957 -0.631397 0.135571
5  3.859499 -0.142876 -1.192063  -0.407854 -0.231315 -1.520417
6  1.312590 0.000015 0.000004  -0.001186 -0.006935 -0.084635
7  0.729357 0.000052 -0.010226  -0.001686 -0.000120 -0.996432
8  3.942137 0.046276 -0.431527  -0.296384 -0.182462 -1.311654
9  1.539110 0.000083 -0.000000  0.000320 -0.021375 -0.467140
10  1.196337 0.000144 0.000029  0.002070 0.000267 -1.547771
11  3.883507 -0.047268 0.431361  -0.217147 -0.075382 -0.855920
12  1.719573 -0.000027 0.000009  0.014105 -0.096507 -1.123722
13  1.209180 0.000090 0.000009  0.007489 0.002958 -1.156699
14  4.319854 -0.335514 1.343262  0.054885 -0.291024 -0.307768
15  1.719446 -0.000011 0.000022  0.000519 -0.045385 -1.247780
16  1.099673 0.000046 -0.000003  0.001775 0.002580 -1.429000
17  0.806001 -0.349049 1.321249  -1.385593 -0.584121 -0.426973
18  1.789821 -0.000010 -0.000015  -0.004946 -0.088093 0.306688
19  1.207016 -0.000017 -0.000042  0.000121 -0.088447 -0.247064
20  5.740637 0.000364 -0.000698  -0.040831 0.000003 0.000060
21  11.480899 -0.000087 -0.000704  -0.040291 -0.108542 -0.002161
22  6.027523 -0.000328 0.000207  -1.137628 -2.400657 -1.029784
23  0.000000 11.692098 -0.000009  -1.108607 -0.552014 -0.858157
24  0.000002 0.000007 0.000000  1.332503 -0.000031 1.570738
25  -0.000002 -0.000007 -0.000003  0.868967 -0.000009 1.570721
26  -3.991760 -9.653395 0.826810  1.473120 1.855074 -0.198639
27  6.027513 -0.000263 -0.000225  1.369432 0.665657 -0.780431
28  11.691998 0.000242 0.000861  -0.063525 0.000057 -1.679938
29  11.479000 -0.001141 0.000753  -0.940972 0.400181 0.797338
30  3.859438 -0.132762 1.193064  0.467771 0.012166 -2.080742
31  1.312559 0.000026 -0.000002  -0.002591 -0.086818 -0.325533
32  0.729346 0.000065 -0.000028  -0.149107 -0.099773 -0.829530
33  3.942047 0.050135 0.430999  0.236316 -0.061191 -1.662361
34  1.539097 0.000008 -0.000004  0.035034 -0.043250 -1.002024
35  1.196300 0.000077 -0.000008  -0.022154 0.002073 -0.844399
36  3.883414 -0.050477 -0.431085  0.224120 -0.254107 -1.343752
37  1.719565 -0.000081 -0.000014  0.017488 -0.103675 -1.461475
38  1.209197 0.000035 0.000005  -0.001906 0.071048 -0.519937
39  3.859587 -0.149086 -1.331322  -0.137372 0.013472 -0.379673
40  1.719413 -0.000095 -0.000049  -0.030071 0.001518 0.095502
41  1.099675 0.000024 -0.000002  -0.007066 -0.003729 -0.001250
42  0.805983 -0.359849 -1.318338  0.991673 0.166770 -0.799523
43  1.789780 -0.000007 -0.000030  0.000056 -0.002451 0.133096
44  1.206996 -0.000004 0.000014  0.000370 -0.000069 1.058782
45  5.740575 0.000120 0.000725  0.162811 -0.000013 0.000032
46  11.480748 -0.000090 0.000904  0.094497 0.097301 0.116901
47  6.027516 -0.000277 -0.000232  -0.903143 -0.665823 -1.686742
48  -0.000001 11.691980 -0.000006  -1.135229 0.578475 0.873309
49  0.000003 -0.000003 0.000000  2.209001 -0.000036 1.570861
50  -0.000007 -0.000015 0.000005  2.272646 -0.000031 1.570865
51  -3.150241 -4.813500 -7.271489  -0.052780 -3.039940 1.370321
52  0.000000 -0.000000 -0.000000  0.008153 -0.000259 0.000009
53  0.000000 0.000000 -0.000000  1.565115 0.043565 -0.106862
54  5.375014 -11.357053 -15.088986  1.208681 -0.726351 -2.282541
55  0.000002 -0.000001 -0.000000  0.000000 -0.000000 -0.000002
56  0.000031 0.000029 0.000000  -1.571901 -0.044449 -0.106509
57  24.720013 -1.220615 -19.588299  1.570796 -0.000000 0.000000
58  -15.744420 4.745377 -21.059811  1.570796 -0.000000 0.000000
59  1.983995 3.678561 -8.861043  1.570796 -0.000000 0.000000
60  -0.004311 0.001229 -0.000371  0.006898 -0.005534 -0.284228
61  0.858610 10.209643 -2.211006  1.570796 -0.000000 0.000000
62  0.000000 0.000000 0.000000  -0.078728 -3.136056 0.284225
63  -2.323334 -2.221693 -0.426911  1.571619 -0.006230 0.004105
64  -2.284172 -9.055102 -1.810078  1.572007 -0.010955 0.005476
65  -0.039397 -3.107036 0.976861  0.000000 -0.000000 -0.000000
66  -0.039396 -0.914783 9.564858  0.000000 -0.000000 -0.000000
67  -0.039396 -3.172347 3.170216  0.000000 -0.000000 -0.000000
68  -0.039396 -1.229303 3.715100  0.000000 -0.000000 -0.000000
69  0.408672 -2.529140 3.193419  0.000000 -0.000000 -0.000000
70  -0.039396 0.091155 10.882013  0.000000 -0.000000 -0.000000
71  0.872714 0.008025 -1.510461  0.000000 -0.000000 -0.000000
72  -0.039397 -0.788819 2.900787  0.000000 -0.000000 -0.000000
73  0.595149 -1.458825 1.529926  0.000000 -0.000000 -0.000000
74  0.428001 -12.661976 -11.646071  1.356530 -0.612262 0.244959
75  -0.041876 2.867870 -0.991284  -0.000000 0.000000 0.000000
76  -0.168162 2.614667 -0.991286  -0.000000 0.000000 0.000000
time 28
0  0.031807 0.000000 -0.000718  -1.570800 -1.391899 -1.570792
1  -9.078771 -0.420275 1.955853  -1.544956 -1.855077 -0.198630
2  6.027518 -0.000329 0.000202  -1.161204 -0.759762 -0.492933
3  11.692104 0.000484 -0.000738  0.267293 -0.000050 -1.713335
4  11.478686 -0.001476 -0.000361  1.506049 -0.580897 -0.013434
5  3.859500 -0.142877 -1.192064  -0.407854 -0.231315 -1.520417
6  1.312590 0.000014 0.000003  -0.001186 -0.006935 -0.084635
7  0.729356 0.000050 -0.010227  -0.001686 -0.000120 -0.996432
8  3.942139 0.046276 -0.431527  -0.296384 -0.182462 -1.311654
9  1.539110 0.000082 -0.000001  0.000320 -0.021375 -0.467140
10  1.196335 0.000143 0.000029  0.002070 0.000267 -1.547771
11  3.883508 -0.047268 0.431361  -0.217147 -0.075382 -0.855920
12  1.719574 -0.000026 0.000010  0.014105 -0.096507 -1.123722
13  1.209179 0.000089 0.000009  0.007489 0.002958 -1.156699
14  4.319855 -0.335515 1.343261  0.054885 -0.291024 -0.307768
15  1.719448 -0.000011 0.000024  0.000519 -0.045385 -1.247780
16  1.099674 0.000046 -0.000004  0.001775 0.002580 -1.429000
17  0.806002 -0.349050 1.321250  -1.385593 -0.584121 -0.426973
18  1.789821 -0.000009 -0.000015  -0.004946 -0.088093 0.306688
19  1.207015 -0.000017 -0.000044  0.000122 -0.088447 -0.247064
20  5.740637 0.000364 -0.000698  -0.009279 0.000003 0.000060
21  11.480746 -0.000158 -0.000723  -0.006286 -0.094950 -0.016727
22  6.027523 -0.000329 0.000207  -1.134104 -2.434152 -1.115820
23  0.000002 11.692099 -0.000007  -1.154852 -0.598127 -0.883962
24  0.000004 0.000006 0.000000  1.136394 -0.000031 1.570738
25  -0.000001 -0.000005 -0.000002  0.868967 -0.000009 1.570721
26  -3.991760 -9.653395 0.826810  1.473120 1.855074 -0.198639
27  6.027513 -0.000263 -0.000225  1.368224 0.667778 -0.781312
28  11.691999 0.000244 0.000861  -0.063525 0.000057 -1.678067
29  11.479012 -0.001137 0.000755  -0.935570 0.399984 0.798176
30  3.859439 -0.132763 1.193065  0.467771 0.012166 -2.080742
31  1.312560 0.000027 -0.000002  -0.002591 -0.086818 -0.325533
32  0.729345 0.000065 -0.000029  -0.149107 -0.099773 -0.829530
33  3.942048 0.050135 0.430999  0.236316 -0.061191 -1.662361
34  1.539097 0.000008 -0.000005  0.035034 -0.043250 -1.002024
35  1.196299 0.000077 -0.000008  -0.022154 0.002073 -0.844399
36  3.883415 -0.050477 -0.431085  0.224120 -0.254107 -1.343752
37  1.719564 -0.000082 -0.000014  0.017488 -0.103675 -1.461475
38  1.209197 0.000035 0.000004  -0.001906 0.071048 -0.519937
39  3.859589 -0.149086 -1.331322  -0.137372 0.013472 -0.379674
40  1.719413 -0.000095 -0.000050  -0.030071 0.001518 0.095502
41  1.099674 0.000024 -0.000001  -0.007066 -0.003729 -0.001250
42  0.805984 -0.359849 -1.318338  0.991673 0.166770 -0.799523
43  1.789781 -0.000007 -0.000030  0.000056 -0.002451 0.133096
44  1.206997 -0.000004 0.000014  0.000370 -0.000069 1.058782
45  5.740575 0.000118 0.000728  0.163865 -0.000013 0.000032
46  11.480751 -0.000090 0.000905  0.095469 0.097652 0.116789
47  6.027516 -0.000277 -0.000232  -0.906009 -0.665260 -1.685106
48  -0.000002 11.691980 -0.000006  -1.134132 0.577380 0.872700
49  0.000002 -0.000002 0.000000  2.209001 -0.000036 1.570861
50  -0.000007 -0.000014 0.000005  2.272646 -0.000031 1.570865
51  -3.128222 -4.829025 -7.264864  -0.047795 -3.040735 1.370779
52  -0.000001 0.000000 -0.000001  0.008153 -0.000259 0.000009
53  0.000001 -0.000000 0.000001  1.565115 0.043565 -0.106862
54  4.577513 -12.449217 -13.931186  1.156593 -0.789240 -2.353265
55  0.000000 0.000000 0.000001  0.000000 -0.000000 -0.000002
56  0.000030 0.000029 0.000002  -1.571901 -0.044449 -0.106509
57  23.515182 -1.026481 -19.833378  1.570796 -0.000000 0.000000
58  -15.744420 4.745377 -21.059811  1.570796 -0.000000 0.000000
59  1.991965 2.028713 -8.861043  1.570796 -0.000000 0.000000
60  -0.004311 0.001229 -0.000371  0.006898 -0.005534 -0.284228
61  0.858610 10.209643 -2.211006  1.570796 -0.000000 0.000000
62  0.000000 0.000000 0.000000  -0.078728 -3.136056 0.284225
63  -2.323334 -2.221693 -0.426911  1.570865 -0.006442 0.004544
64  -2.285495 -9.068670 -1.798284  1.571769 -0.015972 0.006441
65  -0.039397 -3.107036 0.976860  -0.000000 0.000000 -0.000000
66  -0.039396 -0.914783 9.564857  -0.000000 0.000000 -0.000000
67  -0.039396 -3.172346 3.170215  -0.000000 0.000000 -0.000000
68  -0.039397 -1.229303 3.715100  -0.000000 0.000000 -0.000000
69  0.408671 -2.529140 3.193418  -0.000000 0.000000 -0.000000
70  -0.039396 0.091155 10.882012  -0.000000 0.000000 -0.000000
71  0.872713 0.008025 -1.510462  -0.000000 0.000000 -0.000000
72  -0.039397 -0.788819 2.900786  -0.000000 0.000000 -0.000000
73  0.595149 -1.458825 1.529925  -0.000000 0.000000 -0.000000
74  -0.221008 -13.160323 -10.123568  1.348831 -0.539167 0.142606
75  -0.041877 2.867871 -0.991286  0.000000 -0.000000 0.000000
76  -0.168163 2.614667 -0.991286  0.000000 -0.000000 0.000000
time 29
0  0.031807 0.000000 -0.000718  -1.570800 -1.391899 -1.570792
1  -8.874550 0.709080 1.966049  -1.544956 -1.855077 -0.198630
2  6.027518 -0.000328 0.000201  -1.098707 -0.831818 -0.675275
3  11.692102 0.000483 -0.000739  0.126956 -0.000046 -1.667912
4  11.479214 -0.001099 -0.000604  1.636701 -0.588257 -0.169836
5  3.859499 -0.142877 -1.192064  -0.407854 -0.231315 -1.520417
6  1.312591 0.000014 0.000002  -0.001186 -0.006935 -0.084635
7  0.729357 0.000051 -0.010231  -0.001686 -0.000120 -0.996432
8  3.942138 0.046276 -0.431527  -0.296384 -0.182462 -1.311654
9  1.539111 0.000082 -0.000001  0.000320 -0.021375 -0.467140
10  1.196336 0.000143 0.000029  0.002070 0.000267 -1.547772
11  3.883507 -0.047268 0.431361  -0.217147 -0.075382 -0.855920
12  1.719574 -0.000027 0.000012  0.014105 -0.096507 -1.123722
13  1.209180 0.000090 0.000007  0.007489 0.002958 -1.156699
14  4.319853 -0.335514 1.343261  0.054885 -0.291024 -0.307768
15  1.719446 -0.000010 0.000023  0.000519 -0.045385 -1.247780
16  1.099674 0.000048 -0.000002  0.001775 0.002580 -1.429000
17  0.806001 -0.349049 1.321249  -1.385593 -0.584121 -0.426973
18  1.789822 -0.000008 -0.000015  -0.004946 -0.088093 0.306688
19  1.207015 -0.000016 -0.000042  0.000121 -0.088447 -0.247064
20  5.740636 0.000364 -0.000698  0.006879 0.000003 0.000060
21  11.480850 -0.000084 -0.000772  0.012143 -0.096659 -0.039351
22  6.027522 -0.000329 0.000206  1.909461 -0.670320 1.950469
23  0.000000 11.692097 -0.000006  -1.128241 -0.571464 -0.869325
24  0.000004 0.000008 0.000001  0.996058 -0.000031 1.570738
25  -0.000003 -0.000008 -0.000002  0.868967 -0.000009 1.570721
26  -3.991760 -9.653395 0.826810  1.473120 1.855074 -0.198639
27  6.027513 -0.000263 -0.000225  1.367068 0.669670 -0.782131
28  11.691998 0.000246 0.000861  -0.063525 0.000057 -1.676066
29  11.479023 -0.001129 0.000753  -0.930450 0.399764 0.798163
30  3.859439 -0.132762 1.193063  0.467771 0.012166 -2.080742
31  1.312559 0.000028 -0.000002  -0.002591 -0.086818 -0.325533
32  0.729346 0.000064 -0.000029  -0.149107 -0.099773 -0.829530
33  3.942049 0.050135 0.430999  0.236316 -0.061191 -1.662361
34  1.539098 0.000008 -0.000005  0.035034 -0.043250 -1.002024
35  1.196300 0.000077 -0.000008  -0.022154 0.002073 -0.844399
36  3.883414 -0.050476 -0.431086  0.224120 -0.254107 -1.343752
37  1.719564 -0.000081 -0.000015  0.017488 -0.103675 -1.461475
38  1.209199 0.000034 0.000005  -0.001906 0.071048 -0.519937
39  3.859589 -0.149086 -1.331323  -0.137372 0.013472 -0.379674
40  1.719413 -0.000095 -0.000050  -0.030071 0.001518 0.095502
41  1.099674 0.000025 -0.000002  -0.007066 -0.003729 -0.001250
42  0.805983 -0.359849 -1.318339  0.991674 0.166770 -0.799523
43  1.789781 -0.000007 -0.000030  0.000056 -0.002451 0.133096
44  1.206997 -0.000004 0.000013  0.000370 -0.000069 1.058782
45  5.740574 0.000118 0.000726  0.164795 -0.000013 0.000032
46  11.480751 -0.000088 0.000905  0.096421 0.097945 0.116530
47  6.027516 -0.000277 -0.000232  -0.908610 -0.664799 -1.683604
48  -0.000002 11.691981 -0.000006  -1.132960 0.576210 0.872047
49  0.000003 -0.000002 0.000000  2.209001 -0.000036 1.570861
50  -0.000007 -0.000014 0.000004  2.272646 -0.000031 1.570865
51  -3.108979 -4.845154 -7.261970  -0.042943 -3.041191 1.371540
52  -0.000000 -0.000000 -0.000000  0.008153 -0.000259 0.000009
53  0.000000 -0.000000 -0.000001  1.565115 0.043565 -0.106862
54  3.194897 -13.777298 -13.282689  0.996155 -0.922320 -2.353123
55  -0.000000 0.000000 -0.000000  0.000000 -0.000000 -0.000002
56  0.000031 0.000029 0.000001  -1.571902 -0.044449 -0.106509
57  21.775404 -0.477524 -20.523693  1.570796 -0.000000 0.000000
58  -15.744420 4.745377 -21.059811  1.570796 -0.000000 0.000000
59  2.002162 0.881042 -8.861043  1.570796 -0.000000 0.000000
60  -0.004311 0.001229 -0.000371  0.006898 -0.005534 -0.284228
61  0.858610 10.209643 -2.211006  1.570796 -0.000000 0.000000
62  0.000000 0.000000 0.000000  -0.078728 -3.136056 0.284225
63  -2.323334 -2.221693 -0.426911  1.570260 -0.006758 0.004848
64  -2.287343 -9.080967 -1.789212  1.571224 -0.020791 0.007699
65  -0.039397 -3.107036 0.976861  0.000000 0.000000 -0.000000
66  -0.039396 -0.914783 9.564857  0.000000 0.000000 -0.000000
67  -0.039396 -3.172347 3.170216  0.000000 0.000000 -0.000000
68  -0.039396 -1.229303 3.715101  0.000000 0.000000 -0.000000
69  0.408672 -2.529140 3.193419  0.000000 0.000000 -0.000000
70  -0.039395 0.091155 10.882013  0.000000 0.000000 -0.000000
71  0.872714 0.008025 -1.510460  0.000000 0.000000 -0.000000
72  -0.039397 -0.788819 2.900787  0.000000 0.000000 -0.000000
73  0.595149 -1.458825 1.529926  0.000000 0.000000 -0.000000
74  -0.944487 -13.861327 -8.712364  1.342287 -0.369918 0.024108
75  -0.041877 2.867871 -0.991286  -0.000000 0.000000 0.000000
76  -0.168163 2.614668 -0.991287  -0.000000 0.000000 0.000000
time 30
0  0.031807 0.000000 -0.000718  -1.570800 -1.391899 -1.570792
1  -8.804380 1.097120 1.978378  -1.544956 -1.855077 -0.198630
2  6.027520 -0.000327 0.000201  -0.982459 -0.884566 -0.921983
3  11.692104 0.000484 -0.000740  0.077390 -0.000039 -1.552240
4  11.480053 -0.000598 -0.000693  1.720232 -0.606714 -0.319487
5  3.859498 -0.142876 -1.192060  -0.407854 -0.231315 -1.520417
6  1.312590 0.000015 0.000003  -0.001186 -0.006935 -0.084635
7  0.729356 0.000050 -0.010228  -0.001686 -0.000120 -0.996432
8  3.942139 0.046276 -0.431526  -0.296384 -0.182462 -1.311654
9  1.539111 0.000080 0.000001  0.000320 -0.021375 -0.467140
10  1.196336 0.000142 0.000032  0.002070 0.000267 -1.547771
11  3.883507 -0.047267 0.431364  -0.217147 -0.075382 -0.855920
12  1.719573 -0.000028 0.000010  0.014105 -0.096507 -1.123722
13  1.209178 0.000090 0.000005  0.007489 0.002958 -1.156699
14  4.319854 -0.335513 1.343266  0.054885 -0.291024 -0.307768
15  1.719447 -0.000010 0.000023  0.000519 -0.045385 -1.247780
16  1.099674 0.000046 -0.000006  0.001775 0.002580 -1.429000
17  0.806001 -0.349050 1.321250  -1.385593 -0.584121 -0.426973
18  1.789822 -0.000007 -0.000014  -0.004946 -0.088093 0.306688
19  1.207017 -0.000016 -0.000043  0.000122 -0.088447 -0.247064
20  5.740636 0.000364 -0.000699  0.012886 0.000003 0.000060
21  11.481018 0.000015 -0.000790  0.021423 -0.102363 -0.063010
22  6.027523 -0.000329 0.000206  1.793861 -0.654669 1.862951
23  0.000001 11.692101 -0.000006  -1.060315 -0.505121 -0.829453
24  0.000004 0.000005 -0.000001  0.946488 -0.000031 1.570738
25  -0.000000 -0.000006 -0.000001  0.868967 -0.000009 1.570721
26  -3.991760 -9.653395 0.826810  1.473120 1.855074 -0.198639
27  6.027513 -0.000263 -0.000225  1.366246 0.671071 -0.782728
28  11.691998 0.000245 0.000861  -0.063525 0.000057 -1.673779
29  11.479037 -0.001124 0.000755  -0.926099 0.398748 0.796032
30  3.859438 -0.132762 1.193065  0.467771 0.012166 -2.080742
31  1.312560 0.000026 -0.000002  -0.002591 -0.086818 -0.325533
32  0.729346 0.000066 -0.000028  -0.149107 -0.099773 -0.829530
33  3.942048 0.050135 0.430999  0.236316 -0.061191 -1.662361
34  1.539097 0.000008 -0.000005  0.035034 -0.043250 -1.002024
35  1.196302 0.000078 -0.000008  -0.022154 0.002073 -0.844399
36  3.883414 -0.050476 -0.431085  0.224120 -0.254107 -1.343752
37  1.719565 -0.000081 -0.000014  0.017488 -0.103675 -1.461475
38  1.209197 0.000034 0.000005  -0.001906 0.071048 -0.519937
39  3.859589 -0.149086 -1.331322  -0.137372 0.013472 -0.379674
40  1.719413 -0.000095 -0.000049  -0.030071 0.001518 0.095502
41  1.099673 0.000025 -0.000001  -0.007066 -0.003729 -0.001250
42  0.805983 -0.359848 -1.318339  0.991673 0.166770 -0.799523
43  1.789780 -0.000007 -0.000030  0.000056 -0.002451 0.133096
44  1.206998 -0.000004 0.000013  0.000370 -0.000069 1.058782
45  5.740574 0.000119 0.000727  0.165460 -0.000013 0.000032
46  11.480755 -0.000088 0.000905  0.097376 0.097953 0.115954
47  6.027516 -0.000277 -0.000232  -0.910513 -0.664434 -1.682516
48  -0.000001 11.691982 -0.000006  -1.131620 0.574873 0.871300
49  0.000004 -0.000002 -0.000001  2.209001 -0.000036 1.570861
50  -0.000007 -0.000013 0.000004  2.272646 -0.000031 1.570865
51  -3.097910 -4.863252 -7.265949  -0.038449 -3.041113 1.373545
52  -0.000000 0.000000 -0.000000  0.008153 -0.000259 0.000009
53  0.000000 0.000000 -0.000000  1.565115 0.043565 -0.106862
54  1.789360 -14.750124 -13.045817  0.794886 -1.049907 -2.250265
55  0.000000 0.000000 0.000001  0.000000 -0.000000 -0.000002
56  0.000030 0.000029 0.000002  -1.571901 -0.044449 -0.106509
57  19.923347 0.233085 -21.410053  1.570796 -0.000000 0.000000
58  -15.744420 4.745377 -21.059811  1.570796 -0.000000 0.000000
59  2.014491 0.486709 -8.861043  1.570796 -0.000000 0.000000
60  -0.004311 0.001229 -0.000371  0.006898 -0.005534 -0.284228
61  0.858610 10.209643 -2.211006  1.570796 -0.000000 0.000000
62  0.000000 0.000000 0.000000  -0.078728 -3.136056 0.284225
63  -2.323334 -2.221693 -0.426911  1.569646 -0.007201 0.004963
64  -2.289802 -9.091825 -1.785583  1.570228 -0.025151 0.010178
65  -0.039397 -3.107036 0.976860  0.000000 -0.000000 -0.000000
66  -0.039396 -0.914783 9.564857  0.000000 -0.000000 -0.000000
67  -0.039396 -3.172347 3.170216  0.000000 -0.000000 -0.000000
68  -0.039396 -1.229303 3.715100  0.000000 -0.000000 -0.000000
69  0.408672 -2.529140 3.193420  0.000000 -0.000000 -0.000000
70  -0.039395 0.091155 10.882012  0.000000 -0.000000 -0.000000
71  0.872714 0.008025 -1.510463  0.000000 -0.000000 -0.000000
72  -0.039397 -0.788819 2.900787  0.000000 -0.000000 -0.000000
73  0.595149 -1.458825 1.529925  0.000000 -0.000000 -0.000000
74  -1.524305 -14.489890 -7.851461  1.320040 -0.202572 -0.035079
75  -0.041876 2.867871 -0.991286  0.000000 0.000000 -0.000000
76  -0.168163 2.614667 -0.991286  0.000000 0.000000 -0.000000
time 31
0  0.031807 0.000000 -0.000718  -1.570800 -1.391899 -1.570792
1  -8.804380 1.097120 1.992690  -1.544956 -1.855077 -0.198630
2  6.027521 -0.000327 0.000201  -0.900297 -0.878603 -1.100176
3  11.692104 0.000484 -0.000738  0.076030 -0.000035 -1.491326
4  11.480545 -0.000292 -0.000715  1.858704 -0.656273 -0.397581
5  3.859499 -0.142876 -1.192064  -0.407854 -0.231315 -1.520417
6  1.312590 0.000015 0.000004  -0.001186 -0.006935 -0.084635
7  0.729356 0.000052 -0.010229  -0.001686 -0.000120 -0.996432
8  3.942138 0.046276 -0.431527  -0.296384 -0.182462 -1.311654
9  1.539111 0.000081 -0.000002  0.000320 -0.021375 -0.467140
10  1.196336 0.000143 0.000029  0.002070 0.000267 -1.547771
11  3.883507 -0.047268 0.431362  -0.217147 -0.075382 -0.855921
12  1.719573 -0.000027 0.000011  0.014105 -0.096507 -1.123722
13  1.209178 0.000089 0.000008  0.007489 0.002958 -1.156699
14  4.319855 -0.335514 1.343263  0.054885 -0.291024 -0.307769
15  1.719447 -0.000011 0.000023  0.000519 -0.045385 -1.247780
16  1.099674 0.000047 -0.000006  0.001775 0.002580 -1.429000
17  0.806002 -0.349049 1.321250  -1.385593 -0.584121 -0.426973
18  1.789821 -0.000010 -0.000016  -0.004946 -0.088093 0.306688
19  1.207016 -0.000016 -0.000043  0.000121 -0.088447 -0.247064
20  5.740636 0.000363 -0.000698  0.021028 0.000003 0.000060
21  11.481114 0.000075 -0.000795  0.042001 -0.115902 -0.067730
22  6.027524 -0.000329 0.000206  1.732822 -0.676101 1.785872
23  0.000003 11.692098 -0.000007  -1.024317 -0.471164 -0.807006
24  0.000003 0.000006 0.000000  0.945126 -0.000031 1.570738
25  0.000000 -0.000008 -0.000001  0.868967 -0.000009 1.570721
26  -3.991760 -9.653395 0.826810  1.473120 1.855074 -0.198639
27  6.027513 -0.000263 -0.000225  1.364768 0.671664 -0.783415
28  11.691998 0.000244 0.000862  -0.063525 0.000057 -1.670913
29  11.479057 -0.001115 0.000755  -0.922201 0.399288 0.792487
30  3.859438 -0.132762 1.193063  0.467771 0.012166 -2.080742
31  1.312559 0.000027 -0.000003  -0.002591 -0.086818 -0.325533
32  0.729346 0.000065 -0.000028  -0.149107 -0.099773 -0.829530
33  3.942048 0.050135 0.430998  0.236316 -0.061191 -1.662361
34  1.539097 0.000006 -0.000005  0.035034 -0.043250 -1.002024
35  1.196301 0.000076 -0.000007  -0.022154 0.002073 -0.844399
36  3.883414 -0.050476 -0.431086  0.224120 -0.254107 -1.343752
37  1.719565 -0.000079 -0.000014  0.017488 -0.103675 -1.461475
38  1.209198 0.000034 0.000005  -0.001906 0.071048 -0.519937
39  3.859588 -0.149086 -1.331323  -0.137372 0.013472 -0.379674
40  1.719412 -0.000095 -0.000049  -0.030071 0.001518 0.095502
41  1.099674 0.000024 -0.000001  -0.007066 -0.003729 -0.001250
42  0.805983 -0.359848 -1.318339  0.991673 0.166770 -0.799523
43  1.789780 -0.000008 -0.000030  0.000056 -0.002451 0.133096
44  1.206996 -0.000004 0.000014  0.000370 -0.000069 1.058782
45  5.740573 0.000119 0.000727  0.165686 -0.000013 0.000032
46  11.480759 -0.000086 0.000905  0.098164 0.098147 0.115030
47  6.027516 -0.000277 -0.000232  -0.912019 -0.664970 -1.681355
48  -0.000002 11.691982 -0.000007  -1.129941 0.573199 0.870361
49  0.000003 -0.000002 -0.000000  2.209001 -0.000036 1.570861
50  -0.000007 -0.000014 0.000004  2.272646 -0.000031 1.570865
51  -3.088773 -4.882335 -7.289343  -0.034556 -3.040329 1.374977
52  -0.000001 0.000000 -0.000000  0.008153 -0.000259 0.000009
53  -0.000000 0.000000 -0.000001  1.565115 0.043565 -0.106862
54  0.921429 -14.909170 -13.068155  0.620498 -1.126704 -2.016065
55  0.000000 0.000000 0.000001  0.000000 -0.000000 -0.000002
56  0.000030 0.000029 0.000002  -1.571902 -0.044449 -0.106509
57  18.540272 0.797715 -22.100368  1.570796 -0.000000 0.000000
58  -15.744420 4.745377 -21.059811  1.570796 -0.000000 0.000000
59  2.028803 0.486709 -8.861043  1.570796 -0.000000 0.000000
60  -0.004311 0.001229 -0.000371  0.006898 -0.005534 -0.284228
61  0.858610 10.209643 -2.211006  1.570796 -0.000000 0.000000
62  0.000000 0.000000 0.000000  -0.078728 -3.136056 0.284225
63  -2.323334 -2.221693 -0.426911  1.568825 -0.007790 0.004471
64  -2.292959 -9.101080 -1.799613  1.568663 -0.028779 0.012044
65  -0.039397 -3.107036 0.976859  0.000000 0.000000 0.000000
66  -0.039396 -0.914783 9.564853  0.000000 0.000000 0.000000
67  -0.039396 -3.172346 3.170214  0.000000 0.000000 0.000000
68  -0.039397 -1.229303 3.715099  0.000000 0.000000 0.000000
69  0.408671 -2.529140 3.193418  0.000000 0.000000 0.000000
70  -0.039396 0.091155 10.882009  0.000000 0.000000 0.000000
71  0.872713 0.008025 -1.510462  0.000000 0.000000 0.000000
72  -0.039397 -0.788819 2.900786  0.000000 0.000000 0.000000
73  0.595149 -1.458825 1.529925  0.000000 0.000000 0.000000
74  -1.821805 -14.773787 -7.546765  1.298871 -0.093231 0.047567
75  -0.041876 2.867871 -0.991288  -0.000000 -0.000000 -0.000000
76  -0.168163 2.614668 -0.991288  -0.000000 -0.000000 -0.000000
time 32
0  0.031807 0.000000 -0.000718  -1.570800 -1.391899 -1.570792
1  -8.804380 1.097120 2.008781  -1.544956 -1.855077 -0.198630
2  6.027520 -0.000326 0.000201  -0.868850 -0.866843 -1.171646
3  11.692106 0.000481 -0.000740  0.074931 -0.000033 -1.475030
4  11.480679 -0.000207 -0.000722  1.875340 -0.646888 -0.424891
5  3.859499 -0.142876 -1.192062  -0.407854 -0.231315 -1.520417
6  1.312590 0.000014 0.000006  -0.001186 -0.006935 -0.084635
7  0.729356 0.000050 -0.010229  -0.001686 -0.000120 -0.996432
8  3.942140 0.046276 -0.431526  -0.296384 -0.182462 -1.311654
9  1.539111 0.000080 0.000000  0.000320 -0.021375 -0.467140
10  1.196335 0.000142 0.000033  0.002070 0.000267 -1.547771
11  3.883507 -0.047268 0.431364  -0.217147 -0.075382 -0.855921
12  1.719574 -0.000027 0.000010  0.014105 -0.096507 -1.123722
13  1.209178 0.000091 0.000008  0.007489 0.002958 -1.156699
14  4.319854 -0.335514 1.343264  0.054885 -0.291024 -0.307768
15  1.719447 -0.000011 0.000023  0.000519 -0.045385 -1.247780
16  1.099674 0.000047 -0.000005  0.001775 0.002580 -1.429000
17  0.806002 -0.349049 1.321251  -1.385593 -0.584121 -0.426973
18  1.789822 -0.000009 -0.000014  -0.004946 -0.088093 0.306688
19  1.207016 -0.000015 -0.000042  0.000121 -0.088447 -0.247064
20  5.740634 0.000362 -0.000699  0.020534 0.000003 0.000060
21  11.481139 0.000090 -0.000796  0.044178 -0.114942 -0.072167
22  6.027523 -0.000328 0.000206  1.711023 -0.692270 1.752274
23  0.000001 11.692099 -0.000006  -1.014649 -0.462202 -0.800834
24  0.000001 0.000008 -0.000002  0.944027 -0.000031 1.570738
25  -0.000002 -0.000008 -0.000001  0.868967 -0.000009 1.570721
26  -3.991760 -9.653395 0.826810  1.473120 1.855074 -0.198639
27  6.027513 -0.000263 -0.000225  1.362201 0.671521 -0.784372
28  11.691998 0.000245 0.000860  -0.063525 0.000056 -1.667769
29  11.479076 -0.001105 0.000755  -0.918201 0.405379 0.791015
30  3.859438 -0.132762 1.193065  0.467771 0.012166 -2.080742
31  1.312558 0.000025 -0.000003  -0.002591 -0.086818 -0.325533
32  0.729346 0.000066 -0.000028  -0.149107 -0.099773 -0.829530
33  3.942048 0.050135 0.430999  0.236316 -0.061191 -1.662361
34  1.539097 0.000007 -0.000004  0.035034 -0.043250 -1.002024
35  1.196301 0.000077 -0.000008  -0.022154 0.002073 -0.844399
36  3.883413 -0.050476 -0.431085  0.224120 -0.254107 -1.343752
37  1.719564 -0.000081 -0.000014  0.017488 -0.103675 -1.461475
38  1.209198 0.000035 0.000005  -0.001906 0.071048 -0.519937
39  3.859589 -0.149086 -1.331321  -0.137372 0.013472 -0.379674
40  1.719413 -0.000095 -0.000049  -0.030071 0.001518 0.095502
41  1.099674 0.000024 -0.000002  -0.007066 -0.003729 -0.001250
42  0.805983 -0.359848 -1.318338  0.991673 0.166770 -0.799523
43  1.789780 -0.000008 -0.000030  0.000056 -0.002451 0.133096
44  1.206997 -0.000005 0.000014  0.000370 -0.000069 1.058782
45  5.740574 0.000119 0.000727  0.165541 -0.000013 0.000032
46  11.480762 -0.000084 0.000905  0.098418 0.099431 0.114141
47  6.027516 -0.000277 -0.000232  -0.913471 -0.666629 -1.679817
48  -0.000003 11.691981 -0.000006  -1.128099 0.571364 0.869329
49  0.000004 -0.000003 -0.000001  2.209001 -0.000036 1.570861
50  -0.000007 -0.000014 0.000004  2.272646 -0.000031 1.570865
51  -3.075668 -4.899089 -7.331468  -0.031518 -3.038710 1.371191
52  -0.000001 0.000000 -0.000000  0.008153 -0.000259 0.000009
53  0.000000 0.000000 0.000001  1.565115 0.043565 -0.106862
54  0.570318 -14.878414 -13.090663  0.538318 -1.136866 -1.956788
55  0.000001 -0.000000 0.000001  0.000000 -0.000000 -0.000002
56  0.000030 0.000029 0.000001  -1.571901 -0.044449 -0.106509
57  17.942347 1.018515 -22.345448  1.570796 -0.000000 0.000000
58  -15.744420 4.745377 -21.059811  1.570796 -0.000000 0.000000
59  2.044894 0.486709 -8.861043  1.570796 -0.000000 0.000000
60  -0.004311 0.001229 -0.000371  0.006898 -0.005534 -0.284228
61  0.858610 10.209643 -2.211006  1.570796 -0.000000 0.000000
62  0.000000 0.000000 0.000000  -0.078728 -3.136056 0.284225
63  -2.323334 -2.221693 -0.426911  1.567595 -0.009924 0.003201
64  -2.309039 -9.108565 -1.830480  1.566453 -0.031401 0.008634
65  -0.039397 -3.107036 0.976860  0.000000 0.000000 -0.000000
66  -0.039396 -0.914783 9.564855  0.000000 0.000000 -0.000000
67  -0.039396 -3.172346 3.170214  0.000000 0.000000 -0.000000
68  -0.039397 -1.229303 3.715100  0.000000 0.000000 -0.000000
69  0.408672 -2.529140 3.193418  0.000000 0.000000 -0.000000
70  -0.039396 0.091155 10.882013  0.000000 0.000000 -0.000000
71  0.872713 0.008025 -1.510460  0.000000 0.000000 -0.000000
72  -0.039397 -0.788819 2.900786  0.000000 0.000000 -0.000000
73  0.595149 -1.458825 1.529926  0.000000 0.000000 -0.000000
74  -1.969973 -14.729885 -7.473343  1.305129 -0.057402 0.031977
75  -0.041876 2.867872 -0.991288  0.000000 -0.000000 0.000000
76  -0.168163 2.614669 -0.991287  0.000000 -0.000000 0.000000
time 33
0  0.031807 0.000000 -0.000718  -1.570800 -1.391899 -1.570792
1  -8.804380 1.097120 2.026387  -1.544956 -1.855077 -0.198630
2  6.027521 -0.000326 0.000201  -0.855475 -0.856125 -1.190342
3  11.692101 0.000483 -0.000740  0.074143 -0.000035 -1.488489
4  11.480567 -0.000272 -0.000716  1.859100 -0.642809 -0.398919
5  3.859501 -0.142876 -1.192063  -0.407854 -0.231315 -1.520417
6  1.312590 0.000014 0.000004  -0.001186 -0.006935 -0.084635
7  0.729356 0.000049 -0.010230  -0.001686 -0.000120 -0.996432
8  3.942141 0.046276 -0.431528  -0.296384 -0.182462 -1.311654
9  1.539111 0.000080 -0.000003  0.000320 -0.021375 -0.467140
10  1.196336 0.000144 0.000028  0.002070 0.000267 -1.547771
11  3.883509 -0.047268 0.431363  -0.217147 -0.075382 -0.855921
12  1.719573 -0.000027 0.000008  0.014105 -0.096507 -1.123722
13  1.209179 0.000090 0.000006  0.007489 0.002958 -1.156699
14  4.319856 -0.335514 1.343263  0.054885 -0.291024 -0.307769
15  1.719446 -0.000011 0.000024  0.000519 -0.045385 -1.247780
16  1.099674 0.000047 -0.000005  0.001775 0.002580 -1.429000
17  0.806003 -0.349049 1.321250  -1.385593 -0.584121 -0.426973
18  1.789819 -0.000009 -0.000016  -0.004946 -0.088093 0.306688
19  1.207014 -0.000018 -0.000043  0.000122 -0.088447 -0.247064
20  5.740634 0.000367 -0.000698  0.017009 0.000003 0.000060
21  11.481117 0.000080 -0.000795  0.042533 -0.113294 -0.068412
22  6.027524 -0.000329 0.000206  1.702816 -0.704569 1.749004
23  0.000001 11.692099 -0.000007  -1.022635 -0.469600 -0.805937
24  0.000002 0.000007 -0.000001  0.943240 -0.000031 1.570738
25  -0.000001 -0.000007 -0.000001  0.868967 -0.000009 1.570721
26  -3.991760 -9.653395 0.826810  1.473120 1.855074 -0.198639
27  6.027513 -0.000263 -0.000225  1.360829 0.670755 -0.784740
28  11.691999 0.000245 0.000861  -0.063525 0.000056 -1.664581
29  11.479099 -0.001096 0.000756  -0.915935 0.411226 0.787844
30  3.859437 -0.132762 1.193063  0.467771 0.012166 -2.080742
31  1.312559 0.000027 -0.000002  -0.002591 -0.086818 -0.325533
32  0.729345 0.000066 -0.000028  -0.149107 -0.099773 -0.829530
33  3.942047 0.050135 0.430999  0.236316 -0.061191 -1.662361
34  1.539097 0.000008 -0.000005  0.035034 -0.043250 -1.002024
35  1.196301 0.000077 -0.000007  -0.022154 0.002073 -0.844399
36  3.883414 -0.050476 -0.431085  0.224120 -0.254107 -1.343752
37  1.719564 -0.000081 -0.000014  0.017488 -0.103675 -1.461475
38  1.209199 0.000035 0.000005  -0.001906 0.071048 -0.519937
39  3.859588 -0.149086 -1.331322  -0.137372 0.013472 -0.379674
40  1.719414 -0.000095 -0.000049  -0.030071 0.001518 0.095502
41  1.099675 0.000024 -0.000002  -0.007066 -0.003729 -0.001250
42  0.805982 -0.359849 -1.318338  0.991674 0.166770 -0.799523
43  1.789780 -0.000007 -0.000030  0.000056 -0.002451 0.133096
44  1.206997 -0.000004 0.000013  0.000370 -0.000069 1.058782
45  5.740574 0.000119 0.000727  0.165018 -0.000013 0.000032
46  11.480767 -0.000082 0.000906  0.098438 0.100482 0.113029
47  6.027516 -0.000277 -0.000232  -0.913566 -0.667947 -1.679274
48  -0.000001 11.691981 -0.000006  -1.126231 0.569505 0.868279
49  0.000003 -0.000003 0.000000  2.209001 -0.000036 1.570861
50  -0.000007 -0.000014 0.000003  2.272646 -0.000031 1.570865
51  -3.079519 -4.917767 -7.375410  -0.029631 -3.036162 1.367428
52  0.000000 -0.000000 -0.000000  0.008153 -0.000259 0.000009
53  -0.000001 0.000000 -0.000000  1.565115 0.043565 -0.106862
54  0.432790 -14.684170 -13.098453  0.501990 -1.118581 -1.939761
55  -0.000001 -0.000000 0.000000  0.000000 -0.000000 -0.000002
56  0.000030 0.000029 0.000001  -1.571901 -0.044449 -0.106509
57  17.778711 1.047130 -22.345314  1.570796 -0.000000 0.000000
58  -15.744420 4.745377 -21.059811  1.570796 -0.000000 0.000000
59  2.062500 0.486709 -8.861043  1.570796 -0.000000 0.000000
60  -0.004311 0.001229 -0.000371  0.006898 -0.005534 -0.284228
61  0.858610 10.209643 -2.211006  1.570796 -0.000000 0.000000
62  0.000000 0.000000 0.000000  -0.078728 -3.136056 0.284225
63  -2.323334 -2.221693 -0.426911  1.565762 -0.013750 0.001471
64  -2.335197 -9.114118 -1.861346  1.563570 -0.032710 0.005160
65  -0.039397 -3.107036 0.976860  0.000000 -0.000000 -0.000000
66  -0.039396 -0.914783 9.564856  0.000000 -0.000000 -0.000000
67  -0.039396 -3.172347 3.170214  0.000000 -0.000000 -0.000000
68  -0.039396 -1.229303 3.715100  0.000000 -0.000000 -0.000000
69  0.408672 -2.529140 3.193417  0.000000 -0.000000 -0.000000
70  -0.039395 0.091155 10.882009  0.000000 -0.000000 -0.000000
71  0.872713 0.008025 -1.510461  0.000000 -0.000000 -0.000000
72  -0.039397 -0.788819 2.900786  0.000000 -0.000000 -0.000000
73  0.595149 -1.458825 1.529925  0.000000 -0.000000 -0.000000
74  -2.062290 -14.623843 -7.459273  1.328073 -0.050198 0.014948
75  -0.041876 2.867871 -0.991286  0.000000 -0.000000 0.000000
76  -0.168163 2.614667 -0.991286  0.000000 -0.000000 0.000000
time 34
0  0.031807 0.000000 -0.000718  -1.570800 -1.391899 -1.570792
1  -8.804380 1.097120 2.045189  -1.544956 -1.855077 -0.198630
2  6.027521 -0.000325 0.000201  -0.843525 -0.843839 -1.204168
3  11.692106 0.000483 -0.000739  0.073667 -0.000036 -1.523727
4  11.480274 -0.000455 -0.000703  1.832120 -0.651354 -0.325418
5  3.859501 -0.142876 -1.192063  -0.407854 -0.231315 -1.520417
6  1.312590 0.000012 0.000005  -0.001186 -0.006935 -0.084635
7  0.729356 0.000050 -0.010229  -0.001686 -0.000120 -0.996432
8  3.942140 0.046276 -0.431527  -0.296384 -0.182462 -1.311654
9  1.539111 0.000082 -0.000000  0.000320 -0.021375 -0.467140
10  1.196335 0.000144 0.000028  0.002070 0.000267 -1.547771
11  3.883509 -0.047268 0.431363  -0.217147 -0.075382 -0.855921
12  1.719574 -0.000027 0.000009  0.014105 -0.096507 -1.123722
13  1.209178 0.000090 0.000010  0.007489 0.002958 -1.156699
14  4.319856 -0.335514 1.343264  0.054885 -0.291024 -0.307768
15  1.719446 -0.000011 0.000024  0.000519 -0.045385 -1.247780
16  1.099675 0.000047 -0.000006  0.001775 0.002580 -1.429000
17  0.806002 -0.349049 1.321251  -1.385593 -0.584121 -0.426973
18  1.789823 -0.000008 -0.000015  -0.004946 -0.088093 0.306688
19  1.207016 -0.000016 -0.000044  0.000121 -0.088447 -0.247064
20  5.740635 0.000365 -0.000699  0.009243 0.000003 0.000060
21  11.481059 0.000044 -0.000792  0.040579 -0.113178 -0.055829
22  6.027524 -0.000329 0.000206  1.695751 -0.718153 1.748768
23  0.000002 11.692099 -0.000008  -1.043493 -0.489138 -0.819067
24  0.000001 0.000006 0.000000  0.942765 -0.000031 1.570738
25  -0.000001 -0.000007 -0.000002  0.868967 -0.000009 1.570721
26  -3.991760 -9.653395 0.826810  1.473120 1.855074 -0.198639
27  6.027513 -0.000263 -0.000225  1.366312 0.668078 -0.782098
28  11.691998 0.000243 0.000862  -0.063525 0.000056 -1.662716
29  11.479112 -0.001089 0.000756  -0.928222 0.406645 0.774966
30  3.859438 -0.132762 1.193065  0.467771 0.012166 -2.080742
31  1.312560 0.000026 -0.000003  -0.002591 -0.086818 -0.325533
32  0.729347 0.000064 -0.000027  -0.149107 -0.099773 -0.829530
33  3.942047 0.050135 0.431000  0.236316 -0.061191 -1.662361
34  1.539097 0.000007 -0.000006  0.035034 -0.043250 -1.002024
35  1.196300 0.000077 -0.000007  -0.022154 0.002073 -0.844399
36  3.883414 -0.050477 -0.431085  0.224120 -0.254107 -1.343752
37  1.719564 -0.000081 -0.000015  0.017488 -0.103675 -1.461475
38  1.209200 0.000034 0.000005  -0.001906 0.071048 -0.519937
39  3.859589 -0.149086 -1.331321  -0.137372 0.013472 -0.379674
40  1.719413 -0.000096 -0.000049  -0.030071 0.001518 0.095502
41  1.099674 0.000024 -0.000001  -0.007066 -0.003729 -0.001250
42  0.805983 -0.359848 -1.318338  0.991673 0.166770 -0.799523
43  1.789780 -0.000008 -0.000030  0.000056 -0.002451 0.133096
44  1.206997 -0.000004 0.000014  0.000370 -0.000069 1.058782
45  5.740575 0.000118 0.000728  0.162261 -0.000013 0.000032
46  11.480770 -0.000080 0.000906  0.097053 0.098316 0.111503
47  6.027516 -0.000277 -0.000232  -0.907490 -0.666252 -1.683793
48  0.000001 11.691980 -0.000007  -1.125139 0.568419 0.867664
49  0.000004 -0.000003 0.000000  2.209001 -0.000036 1.570861
50  -0.000005 -0.000015 0.000004  2.272646 -0.000031 1.570865
51  -3.161964 -4.939871 -7.393896  -0.038378 -3.031511 1.372333
52  -0.000000 0.000000 -0.000001  0.008153 -0.000259 0.000009
53  -0.000000 -0.000000 0.000001  1.565115 0.043565 -0.106862
54  0.299011 -14.311966 -12.976623  0.445708 -1.080460 -1.891766
55  0.000000 -0.000000 0.000000  0.000000 -0.000000 -0.000002
56  0.000030 0.000029 0.000001  -1.571901 -0.044449 -0.106509
57  17.672970 1.071741 -22.344257  1.570796 -0.000000 0.000000
58  -15.744420 4.745377 -21.059811  1.570796 -0.000000 0.000000
59  2.081302 0.486709 -8.861043  1.570796 -0.000000 0.000000
60  -0.004311 0.001229 -0.000371  0.006898 -0.005534 -0.284228
61  0.858610 10.209643 -2.211006  1.570796 -0.000000 0.000000
62  0.000000 0.000000 0.000000  -0.078728 -3.136056 0.284225
63  -2.323334 -2.221693 -0.426911  1.563128 -0.017411 -0.000402
64  -2.348919 -9.117570 -1.875376  1.560816 -0.023241 0.009201
65  -0.039397 -3.107036 0.976860  -0.000000 -0.000000 -0.000000
66  -0.039396 -0.914783 9.564855  -0.000000 -0.000000 -0.000000
67  -0.039396 -3.172346 3.170214  -0.000000 -0.000000 -0.000000
68  -0.039396 -1.229303 3.715101  -0.000000 -0.000000 -0.000000
69  0.408672 -2.529140 3.193419  -0.000000 -0.000000 -0.000000
70  -0.039396 0.091155 10.882010  -0.000000 -0.000000 -0.000000
71  0.872713 0.008025 -1.510463  -0.000000 -0.000000 -0.000000
72  -0.039397 -0.788819 2.900786  -0.000000 -0.000000 -0.000000
73  0.595149 -1.458825 1.529925  -0.000000 -0.000000 -0.000000
74  -2.133121 -14.497867 -7.312737  1.372761 -0.039609 0.010779
75  -0.041877 2.867871 -0.991287  -0.000000 -0.000000 -0.000000
76  -0.168163 2.614666 -0.991287  -0.000000 -0.000000 -0.000000
time 35
0  0.031807 0.000000 -0.000718  -1.570800 -1.391899 -1.570792
1  -8.804380 1.097120 2.064818  -1.544956 -1.855077 -0.198630
2  6.027521 -0.000326 0.000201  -0.821999 -0.842176 -1.228472
3  11.692106 0.000486 -0.000741  0.073442 -0.000040 -1.577924
4  11.479853 -0.000710 -0.000684  1.784384 -0.674965 -0.197157
5  3.859500 -0.142877 -1.192063  -0.407854 -0.231315 -1.520417
6  1.312590 0.000017 0.000004  -0.001186 -0.006935 -0.084635
7  0.729356 0.000051 -0.010232  -0.001686 -0.000120 -0.996432
8  3.942140 0.046276 -0.431527  -0.296384 -0.182462 -1.311654
9  1.539111 0.000083 -0.000001  0.000320 -0.021375 -0.467140
10  1.196335 0.000144 0.000031  0.002070 0.000267 -1.547771
11  3.883508 -0.047268 0.431363  -0.217147 -0.075382 -0.855920
12  1.719572 -0.000028 0.000012  0.014105 -0.096507 -1.123722
13  1.209178 0.000090 0.000007  0.007489 0.002958 -1.156699
14  4.319855 -0.335514 1.343262  0.054885 -0.291024 -0.307769
15  1.719446 -0.000010 0.000023  0.000519 -0.045385 -1.247780
16  1.099674 0.000046 -0.000006  0.001775 0.002580 -1.429000
17  0.806002 -0.349050 1.321250  -1.385593 -0.584121 -0.426973
18  1.789821 -0.000007 -0.000015  -0.004946 -0.088093 0.306688
19  1.207016 -0.000016 -0.000042  0.000122 -0.088447 -0.247064
20  5.740635 0.000364 -0.000699  -0.006151 0.000003 0.000060
21  11.480976 -0.000007 -0.000788  0.037066 -0.115287 -0.033813
22  6.027524 -0.000329 0.000206  1.677375 -0.722278 1.752657
23  0.000001 11.692099 -0.000007  -1.075436 -0.519649 -0.838621
24  0.000003 0.000005 0.000000  0.942542 -0.000031 1.570738
25  -0.000001 -0.000007 -0.000002  0.868967 -0.000009 1.570721
26  -3.991760 -9.653395 0.826810  1.473120 1.855074 -0.198639
27  6.027513 -0.000263 -0.000225  1.376814 0.665703 -0.777656
28  11.691998 0.000245 0.000861  -0.063525 0.000056 -1.663730
29  11.479104 -0.001093 0.000757  -0.951510 0.397193 0.762906
30  3.859439 -0.132762 1.193065  0.467771 0.012166 -2.080742
31  1.312559 0.000026 -0.000003  -0.002591 -0.086818 -0.325533
32  0.729346 0.000066 -0.000028  -0.149107 -0.099773 -0.829530
33  3.942047 0.050135 0.430999  0.236316 -0.061191 -1.662361
34  1.539097 0.000008 -0.000005  0.035034 -0.043250 -1.002024
35  1.196300 0.000077 -0.000008  -0.022154 0.002073 -0.844399
36  3.883414 -0.050476 -0.431085  0.224120 -0.254107 -1.343752
37  1.719564 -0.000080 -0.000014  0.017488 -0.103675 -1.461474
38  1.209198 0.000036 0.000005  -0.001906 0.071048 -0.519937
39  3.859588 -0.149086 -1.331322  -0.137372 0.013472 -0.379674
40  1.719414 -0.000095 -0.000049  -0.030071 0.001518 0.095502
41  1.099674 0.000024 -0.000001  -0.007066 -0.003729 -0.001250
42  0.805982 -0.359848 -1.318339  0.991673 0.166770 -0.799523
43  1.789780 -0.000008 -0.000029  0.000056 -0.002451 0.133096
44  1.206997 -0.000005 0.000014  0.000371 -0.000069 1.058782
45  5.740575 0.000119 0.000727  0.158353 -0.000013 0.000032
46  11.480768 -0.000081 0.000906  0.094012 0.094634 0.110993
47  6.027516 -0.000277 -0.000232  -0.898666 -0.661211 -1.691283
48  -0.000001 11.691981 -0.000007  -1.125733 0.569009 0.867999
49  0.000003 -0.000002 0.000000  2.209001 -0.000036 1.570861
50  -0.000006 -0.000014 0.000003  2.272646 -0.000031 1.570865
51  -3.281628 -4.953368 -7.354846  -0.056355 -3.026380 1.378561
52  -0.000000 0.000000 -0.000000  0.008153 -0.000259 0.000009
53  -0.000000 0.000000 -0.000000  1.565115 0.043565 -0.106862
54  0.061633 -13.740456 -12.531065  0.361995 -1.027486 -1.816204
55  -0.000001 -0.000000 -0.000000  0.000000 -0.000000 -0.000002
56  0.000030 0.000029 0.000002  -1.571901 -0.044449 -0.106509
57  17.619822 1.091632 -22.340977  1.570796 -0.000000 0.000000
58  -15.744420 4.745377 -21.059811  1.570796 -0.000000 0.000000
59  2.100931 0.486709 -8.861043  1.570796 -0.000000 0.000000
60  -0.004311 0.001229 -0.000371  0.006898 -0.005534 -0.284228
61  0.858610 10.209643 -2.211006  1.570796 -0.000000 0.000000
62  0.000000 0.000000 0.000000  -0.078728 -3.136056 0.284225
63  -2.323334 -2.221693 -0.426911  1.559750 -0.019052 -0.002112
64  -2.348919 -9.118757 -1.845958  1.559459 -0.004705 0.013427
65  -0.039397 -3.107036 0.976860  0.000000 -0.000000 -0.000000
66  -0.039396 -0.914783 9.564855  0.000000 -0.000000 -0.000000
67  -0.039396 -3.172347 3.170213  0.000000 -0.000000 -0.000000
68  -0.039397 -1.229303 3.715099  0.000000 -0.000000 -0.000000
69  0.478736 -2.529140 3.193418  0.000000 -0.000000 -0.000000
70  -0.039396 0.091155 10.882011  0.000000 -0.000000 -0.000000
71  0.872713 0.008025 -1.510463  0.000000 -0.000000 -0.000000
72  -0.039397 -0.788819 2.900786  0.000000 -0.000000 -0.000000
73  0.595149 -1.458825 1.529924  0.000000 -0.000000 -0.000000
74  -2.227833 -14.287409 -6.831186  1.435441 -0.015385 0.011801
75  -0.041876 2.867871 -0.991286  -0.000000 -0.000000 -0.000000
76  -0.168163 2.614667 -0.991286  -0.000000 -0.000000 -0.000000
time 36
0  0.031807 0.000000 -0.000718  -1.570800 -1.391899 -1.570792
1  -8.804379 1.097120 2.084870  -1.544956 -1.855077 -0.198630
2  6.027521 -0.000325 0.000201  -0.796311 -0.818003 -1.245890
3  11.692103 0.000483 -0.000740  0.073371 -0.000045 -1.640486
4  11.479404 -0.000967 -0.000669  1.726936 -0.697476 -0.063051
5  3.859497 -0.142876 -1.192063  -0.407854 -0.231315 -1.520417
6  1.312590 0.000015 0.000003  -0.001186 -0.006935 -0.084635
7  0.729356 0.000049 -0.010230  -0.001686 -0.000120 -0.996432
8  3.942137 0.046276 -0.431527  -0.296384 -0.182462 -1.311654
9  1.539111 0.000082 -0.000003  0.000320 -0.021375 -0.467140
10  1.196335 0.000144 0.000028  0.002070 0.000267 -1.547771
11  3.883506 -0.047268 0.431363  -0.217147 -0.075382 -0.855920
12  1.719573 -0.000027 0.000009  0.014105 -0.096507 -1.123722
13  1.209179 0.000090 0.000010  0.007489 0.002958 -1.156699
14  4.319852 -0.335514 1.343264  0.054885 -0.291024 -0.307768
15  1.719447 -0.000011 0.000024  0.000518 -0.045385 -1.247780
16  1.099674 0.000046 -0.000004  0.001775 0.002580 -1.429000
17  0.806000 -0.349049 1.321250  -1.385593 -0.584121 -0.426973
18  1.789821 -0.000008 -0.000016  -0.004946 -0.088093 0.306688
19  1.207015 -0.000015 -0.000044  0.000121 -0.088447 -0.247064
20  5.740639 0.000364 -0.000699  -0.023956 0.000003 0.000060
21  11.480889 -0.000056 -0.000786  0.032556 -0.117872 -0.011639
22  6.027524 -0.000329 0.000206  1.658946 -0.748698 1.766564
23  0.000001 11.692099 -0.000007  -1.112165 -0.555526 -0.860206
24  0.000004 0.000007 0.000000  0.942471 -0.000031 1.570738
25  -0.000000 -0.000007 -0.000001  0.868967 -0.000009 1.570721
26  -3.991760 -9.653395 0.826810  1.473120 1.855074 -0.198639
27  6.027513 -0.000263 -0.000225  1.377846 0.661054 -0.776380
28  11.691999 0.000245 0.000861  -0.063525 0.000057 -1.680460
29  11.478995 -0.001145 0.000754  -0.960978 0.398247 0.785234
30  3.859439 -0.132762 1.193064  0.467771 0.012166 -2.080742
31  1.312559 0.000027 -0.000001  -0.002591 -0.086818 -0.325533
32  0.729345 0.000066 -0.000029  -0.149107 -0.099773 -0.829530
33  3.942048 0.050135 0.430999  0.236316 -0.061191 -1.662361
34  1.539097 0.000008 -0.000005  0.035034 -0.043250 -1.002024
35  1.196300 0.000077 -0.000008  -0.022154 0.002073 -0.844399
36  3.883413 -0.050476 -0.431085  0.224120 -0.254107 -1.343752
37  1.719564 -0.000081 -0.000014  0.017488 -0.103675 -1.461475
38  1.209198 0.000034 0.000005  -0.001906 0.071048 -0.519937
39  3.859589 -0.149086 -1.331322  -0.137372 0.013472 -0.379673
40  1.719413 -0.000095 -0.000049  -0.030071 0.001518 0.095502
41  1.099673 0.000024 -0.000001  -0.007066 -0.003729 -0.001250
42  0.805983 -0.359849 -1.318338  0.991673 0.166770 -0.799523
43  1.789780 -0.000008 -0.000030  0.000056 -0.002451 0.133096
44  1.206996 -0.000004 0.000013  0.000370 -0.000069 1.058782
45  5.740574 0.000118 0.000727  0.158700 -0.000013 0.000032
46  11.480746 -0.000091 0.000905  0.091431 0.095154 0.115735
47  6.027516 -0.000277 -0.000232  -0.893363 -0.663399 -1.693904
48  -0.000001 11.691980 -0.000007  -1.135534 0.578780 0.873479
49  0.000003 -0.000002 0.000000  2.209001 -0.000036 1.570861
50  -0.000007 -0.000015 0.000004  2.272646 -0.000031 1.570865
51  -3.267990 -4.820713 -7.278743  -0.068438 -3.032938 1.370978
52  0.000001 0.000000 0.000000  0.008153 -0.000259 0.000009
53  0.000000 -0.000000 0.000000  1.565115 0.043565 -0.106862
54  -0.138049 -13.023376 -12.417249  0.290762 -0.951921 -1.763516
55  0.000000 -0.000000 -0.000002  0.000000 -0.000000 -0.000002
56  0.000031 0.000029 -0.000000  -1.571902 -0.044449 -0.106509
57  17.604618 1.106385 -22.333872  1.570796 -0.000000 0.000000
58  -15.744420 4.745377 -21.059811  1.570796 -0.000000 0.000000
59  2.120983 0.486709 -8.861043  1.570796 -0.000000 0.000000
60  -0.004311 0.001229 -0.000371  0.006898 -0.005534 -0.284228
61  0.858610 10.209643 -2.211006  1.570796 -0.000000 0.000000
62  0.000000 0.000000 0.000000  -0.078728 -3.136056 0.284225
63  -2.323334 -2.221693 -0.426911  1.556718 -0.015045 -0.003390
64  -2.315141 -9.042642 -1.816539  1.568324 0.005716 0.004499
65  -0.039397 -3.107036 0.976859  0.000000 -0.000000 0.000000
66  -0.039396 -0.914783 9.564854  0.000000 -0.000000 0.000000
67  -0.039396 -3.172347 3.170214  0.000000 -0.000000 0.000000
68  -0.039396 -1.229303 3.715098  0.000000 -0.000000 0.000000
69  0.548800 -2.529140 3.193418  0.000000 -0.000000 0.000000
70  -0.039395 0.091155 10.882011  0.000000 -0.000000 0.000000
71  0.872713 0.008025 -1.510465  0.000000 -0.000000 0.000000
72  -0.039397 -0.788819 2.900785  0.000000 -0.000000 0.000000
73  0.595149 -1.458825 1.529925  0.000000 -0.000000 0.000000
74  -2.308916 -14.023216 -6.732437  1.517830 0.005716 0.004499
75  -0.041877 2.867871 -0.991286  -0.000000 0.000000 -0.000000
76  -0.168163 2.614667 -0.991284  -0.000000 0.000000 -0.000000
time 37
0  0.031807 0.000000 -0.000718  -1.570800 -1.391899 -1.570792
1  -8.804379 1.097120 2.104922  -1.544956 -1.855077 -0.198630
2  6.027521 -0.000327 0.000201  -0.788989 -0.832532 -1.259827
3  11.692103 0.000484 -0.000742  0.073361 -0.000050 -1.722944
4  11.480629 -0.000249 -0.000719  1.659664 -0.681379 0.114564
5  3.859498 -0.142877 -1.192063  -0.407854 -0.231315 -1.520417
6  1.312590 0.000014 0.000001  -0.001186 -0.006935 -0.084635
7  0.729356 0.000048 -0.010230  -0.001686 -0.000120 -0.996432
8  3.942137 0.046276 -0.431528  -0.296384 -0.182462 -1.311654
9  1.539110 0.000081 -0.000001  0.000320 -0.021375 -0.467140
10  1.196336 0.000143 0.000028  0.002070 0.000267 -1.547771
11  3.883507 -0.047268 0.431362  -0.217147 -0.075382 -0.855921
12  1.719573 -0.000027 0.000012  0.014105 -0.096507 -1.123722
13  1.209180 0.000090 0.000007  0.007489 0.002958 -1.156699
14  4.319853 -0.335514 1.343262  0.054885 -0.291024 -0.307769
15  1.719447 -0.000010 0.000022  0.000519 -0.045385 -1.247780
16  1.099674 0.000047 -0.000006  0.001775 0.002580 -1.429000
17  0.806001 -0.349049 1.321249  -1.385593 -0.584121 -0.426973
18  1.789822 -0.000008 -0.000016  -0.004946 -0.088093 0.306688
19  1.207015 -0.000017 -0.000043  0.000121 -0.088447 -0.247064
20  5.740635 0.000365 -0.000699  -0.045683 0.000003 0.000060
21  11.481132 0.000086 -0.000793  0.028524 -0.113383 0.017681
22  6.027523 -0.000329 0.000206  1.649835 -0.734891 1.764164
23  0.000001 11.692099 -0.000006  -1.160483 -0.603808 -0.886982
24  0.000003 0.000005 0.000000  0.942463 -0.000031 1.570738
25  -0.000000 -0.000007 -0.000000  0.868967 -0.000009 1.570721
26  -3.991760 -9.653395 0.826810  1.473120 1.855074 -0.198639
27  6.027513 -0.000263 -0.000225  1.371857 0.652753 -0.776971
28  11.691998 0.000244 0.000861  -0.063525 0.000059 -1.702884
29  11.480566 -0.000268 0.000809  -0.957022 0.404811 0.814363
30  3.859439 -0.132762 1.193065  0.467771 0.012166 -2.080742
31  1.312560 0.000027 -0.000002  -0.002591 -0.086818 -0.325533
32  0.729347 0.000065 -0.000028  -0.149107 -0.099773 -0.829530
33  3.942047 0.050135 0.430999  0.236316 -0.061191 -1.662361
34  1.539097 0.000006 -0.000005  0.035034 -0.043250 -1.002024
35  1.196300 0.000077 -0.000007  -0.022154 0.002073 -0.844399
36  3.883415 -0.050476 -0.431085  0.224120 -0.254107 -1.343752
37  1.719564 -0.000081 -0.000015  0.017488 -0.103675 -1.461475
38  1.209198 0.000035 0.000005  -0.001906 0.071048 -0.519937
39  3.859589 -0.149086 -1.331322  -0.137372 0.013472 -0.379674
40  1.719413 -0.000095 -0.000049  -0.030071 0.001518 0.095502
41  1.099674 0.000024 -0.000001  -0.007066 -0.003729 -0.001250
42  0.805983 -0.359849 -1.318338  0.991673 0.166770 -0.799523
43  1.789780 -0.000008 -0.000030  0.000056 -0.002451 0.133096
44  1.206997 -0.000004 0.000014  0.000370 -0.000069 1.058782
45  5.740573 0.000118 0.000725  0.161389 -0.000013 0.000032
46  11.481059 0.000084 0.000916  0.090578 0.097793 0.120746
47  6.027516 -0.000277 -0.000232  -0.888642 -0.672212 -1.693761
48  -0.000001 11.691981 -0.000006  -1.148670 0.591947 0.880698
49  0.000003 -0.000002 -0.000000  2.209001 -0.000036 1.570861
50  -0.000007 -0.000015 0.000005  2.272646 -0.000031 1.570865
51  -3.194147 -4.620185 -7.249066  -0.070326 -3.042002 1.361753
52  -0.000000 0.000000 0.000000  0.008153 -0.000259 0.000009
53  0.000000 0.000000 0.000000  1.565115 0.043565 -0.106862
54  -0.143094 -12.263197 -11.570743  0.272080 -0.893243 -1.758327
55  -0.000001 -0.000000 0.000002  0.000000 -0.000000 -0.000002
56  0.000030 0.000029 0.000003  -1.571901 -0.044449 -0.106509
57  17.603409 1.116141 -22.321388  1.570796 -0.000000 0.000000
58  -15.744420 4.745377 -21.059811  1.570796 -0.000000 0.000000
59  2.141035 0.486709 -8.861043  1.570796 -0.000000 0.000000
60  -0.004311 0.001229 -0.000371  0.006898 -0.005534 -0.284228
61  0.858610 10.209643 -2.211006  1.570796 -0.000000 0.000000
62  0.000000 0.000000 0.000000  -0.078728 -3.136056 0.284225
63  -2.323334 -2.221693 -0.426911  1.555390 -0.006211 -0.003944
64  -2.281362 -8.901283 -1.826217  1.577581 0.005717 -0.004869
65  -0.039397 -3.107036 0.976860  -0.000000 -0.000000 0.000000
66  -0.039396 -0.914783 9.564856  -0.000000 -0.000000 0.000000
67  -0.039396 -3.172347 3.170214  -0.000000 -0.000000 0.000000
68  -0.039397 -1.229303 3.715101  -0.000000 -0.000000 0.000000
69  0.408672 -2.529140 3.193419  -0.000000 -0.000000 0.000000
70  -0.039395 0.091155 10.882010  -0.000000 -0.000000 0.000000
71  0.872713 0.008025 -1.510460  -0.000000 -0.000000 0.000000
72  -0.039397 -0.788819 2.900786  -0.000000 -0.000000 0.000000
73  0.595149 -1.458825 1.529926  -0.000000 -0.000000 0.000000
74  -2.325266 -13.579605 -5.955173  1.577581 0.005717 -0.004869
75  -0.041877 2.867871 -0.991287  -0.000000 -0.000000 0.000000
76  -0.168163 2.614667 -0.991286  -0.000000 -0.000000 0.000000
time 38
0  0.031807 0.000000 -0.000718  -1.570800 -1.391899 -1.570792
1  -8.804379 1.097120 2.124551  -1.544956 -1.855077 -0.198630
2  6.027521 -0.000325 0.000201  -0.786996 -0.829209 -1.261695
3  11.692104 0.000485 -0.000742  0.073360 -0.000049 -1.727938
4  11.480583 -0.000285 -0.000715  1.673009 -0.686660 0.112061
5  3.859497 -0.142877 -1.192063  -0.407854 -0.231315 -1.520417
6  1.312590 0.000015 0.000002  -0.001186 -0.006935 -0.084635
7  0.729356 0.000051 -0.010229  -0.001686 -0.000120 -0.996432
8  3.942137 0.046275 -0.431528  -0.296384 -0.182462 -1.311654
9  1.539111 0.000081 -0.000003  0.000320 -0.021375 -0.467140
10  1.196335 0.000142 0.000029  0.002070 0.000267 -1.547771
11  3.883506 -0.047268 0.431361  -0.217147 -0.075382 -0.855920
12  1.719572 -0.000027 0.000011  0.014105 -0.096507 -1.123722
13  1.209179 0.000090 0.000007  0.007489 0.002958 -1.156699
14  4.319854 -0.335514 1.343263  0.054885 -0.291024 -0.307768
15  1.719448 -0.000010 0.000025  0.000519 -0.045385 -1.247780
16  1.099674 0.000048 -0.000004  0.001775 0.002580 -1.429000
17  0.806000 -0.349050 1.321250  -1.385593 -0.584121 -0.426973
18  1.789821 -0.000008 -0.000014  -0.004946 -0.088093 0.306688
19  1.207015 -0.000016 -0.000044  0.000122 -0.088447 -0.247064
20  5.740636 0.000363 -0.000698  -0.044550 0.000003 0.000060
21  11.481123 0.000079 -0.000793  0.030909 -0.114279 0.018127
22  6.027524 -0.000329 0.000206  1.648555 -0.738347 1.764627
23  -0.000002 11.692101 -0.000006  -1.163412 -0.606766 -0.888539
24  0.000002 0.000005 0.000001  0.942463 -0.000031 1.570738
25  -0.000002 -0.000007 -0.000001  0.868967 -0.000009 1.570721
26  -3.991760 -9.653395 0.826810  1.473120 1.855074 -0.198639
27  6.027513 -0.000263 -0.000225  1.374044 0.646095 -0.774871
28  11.691998 0.000245 0.000861  -0.063525 0.000059 -1.708205
29  11.480515 -0.000299 0.000806  -0.958844 0.399736 0.804237
30  3.859437 -0.132762 1.193065  0.467771 0.012166 -2.080742
31  1.312559 0.000026 -0.000002  -0.002591 -0.086818 -0.325533
32  0.729346 0.000065 -0.000028  -0.149107 -0.099773 -0.829530
33  3.942047 0.050135 0.430999  0.236316 -0.061191 -1.662361
34  1.539097 0.000008 -0.000005  0.035034 -0.043250 -1.002024
35  1.196301 0.000076 -0.000008  -0.022154 0.002073 -0.844399
36  3.883414 -0.050477 -0.431085  0.224120 -0.254107 -1.343752
37  1.719564 -0.000080 -0.000015  0.017488 -0.103675 -1.461475
38  1.209198 0.000035 0.000006  -0.001906 0.071048 -0.519937
39  3.859589 -0.149086 -1.331322  -0.137372 0.013472 -0.379674
40  1.719414 -0.000095 -0.000049  -0.030071 0.001518 0.095502
41  1.099675 0.000024 -0.000001  -0.007066 -0.003729 -0.001250
42  0.805983 -0.359849 -1.318338  0.991673 0.166770 -0.799523
43  1.789780 -0.000008 -0.000030  0.000056 -0.002451 0.133096
44  1.206996 -0.000004 0.000014  0.000370 -0.000069 1.058782
45  5.740572 0.000120 0.000726  0.160858 -0.000013 0.000032
46  11.481049 0.000079 0.000915  0.091040 0.096344 0.119202
47  6.027516 -0.000277 -0.000232  -0.880515 -0.674860 -1.698053
48  -0.000002 11.691980 -0.000007  -1.151787 0.595083 0.882390
49  0.000003 -0.000002 0.000001  2.209001 -0.000036 1.570861
50  -0.000008 -0.000014 0.000005  2.272646 -0.000031 1.570865
51  -3.249189 -4.570992 -7.282330  -0.069408 -3.038577 1.369939
52  0.000000 -0.000000 -0.000000  0.008153 -0.000259 0.000009
53  0.000000 -0.000000 0.000000  1.565115 0.043565 -0.106862
54  -0.134053 -12.203732 -11.576360  0.273424 -0.896688 -1.751097
55  0.000001 0.000000 -0.000001  0.000000 -0.000000 -0.000002
56  0.000031 0.000029 0.000002  -1.571902 -0.044449 -0.106509
57  17.588207 1.121693 -22.302509  1.570796 -0.000000 0.000000
58  -15.744420 4.745377 -21.059811  1.570796 -0.000000 0.000000
59  2.160664 0.486709 -8.861043  1.570796 -0.000000 0.000000
60  -0.004311 0.001229 -0.000371  0.006898 -0.005534 -0.284228
61  0.858610 10.209643 -2.211006  1.570796 -0.000000 0.000000
62  0.000000 0.000000 0.000000  -0.078728 -3.136056 0.284225
63  -2.323334 -2.221693 -0.426911  1.555442 0.002634 -0.003423
64  -2.302142 -8.825168 -1.844190  1.574041 0.005517 0.003390
65  -0.039397 -3.107036 0.976860  0.000000 0.000000 -0.000000
66  -0.039396 -0.914783 9.564856  0.000000 0.000000 -0.000000
67  -0.039396 -3.172347 3.170215  0.000000 0.000000 -0.000000
68  -0.039397 -1.229303 3.715100  0.000000 0.000000 -0.000000
69  0.408671 -2.529140 3.193419  0.000000 0.000000 -0.000000
70  -0.039396 0.091155 10.882011  0.000000 0.000000 -0.000000
71  0.872713 0.008025 -1.510460  0.000000 0.000000 -0.000000
72  -0.039397 -0.788819 2.900787  0.000000 0.000000 -0.000000
73  0.595149 -1.458825 1.529925  0.000000 0.000000 -0.000000
74  -2.306441 -13.518278 -5.956563  1.574041 0.005517 0.003390
75  -0.041876 2.867871 -0.991284  0.000000 0.000000 -0.000000
76  -0.168163 2.614667 -0.991285  0.000000 0.000000 -0.000000
time 39
0  0.031807 0.000000 -0.000718  -1.570800 -1.391899 -1.570792
1  -8.804379 1.097120 2.143353  -1.544956 -1.855077 -0.198630
2  6.027520 -0.000326 0.000201  -0.781397 -0.830937 -1.270718
3  11.692103 0.000486 -0.000741  0.073361 -0.000050 -1.719766
4  11.480660 -0.000230 -0.000721  1.686433 -0.693287 0.099504
5  3.859502 -0.142876 -1.192065  -0.416349 -0.226446 -1.492670
6  1.312590 0.000014 0.000003  -0.001149 -0.004251 -0.042656
7  0.729356 0.000049 -0.010071  -0.000804 -0.000045 -0.976362
8  3.942139 0.046276 -0.431527  -0.310343 -0.124107 -1.222461
9  1.539111 0.000083 -0.000002  0.001900 -0.014000 -0.603447
10  1.196334 0.000145 0.000030  0.001420 0.000145 -1.348119
11  3.883507 -0.047267 0.431361  -0.217421 -0.010065 -0.851010
12  1.719573 -0.000026 0.000011  0.003922 -0.070358 -1.017350
13  1.209179 0.000091 0.000008  0.004324 0.003195 -1.155385
14  4.305207 -0.273404 1.312839  0.072460 -0.198472 -0.368746
15  1.719446 -0.000010 0.000024  0.000916 -0.011036 -1.239036
16  1.099674 0.000047 -0.000004  -0.001508 0.001700 -1.255157
17  0.806001 -0.349049 1.321249  -1.385593 -0.584121 -0.426973
18  1.789822 -0.000009 -0.000014  -0.004946 -0.088093 0.306688
19  1.207015 -0.000015 -0.000044  0.000122 -0.088447 -0.247064
20  5.740633 0.000364 -0.000700  -0.042862 0.000003 0.000060
21  11.481139 0.000089 -0.000795  0.032841 -0.115551 0.016672
22  6.027523 -0.000329 0.000206  1.643221 -0.737050 1.763323
23  -0.000001 11.692100 -0.000007  -1.158620 -0.601927 -0.885986
24  0.000002 0.000007 0.000001  0.942463 -0.000031 1.570738
25  -0.000001 -0.000006 -0.000002  0.868967 -0.000009 1.570721
26  -3.991760 -9.653395 0.826810  1.473120 1.855074 -0.198639
27  6.027513 -0.000263 -0.000225  1.379670 0.643728 -0.772411
28  11.691998 0.000244 0.000861  -0.063525 0.000059 -1.703616
29  11.480557 -0.000273 0.000808  -0.965493 0.393814 0.784993
30  3.859438 -0.132762 1.193065  0.467771 0.012166 -2.080742
31  1.312559 0.000026 -0.000002  -0.002591 -0.086818 -0.325533
32  0.729345 0.000066 -0.000028  -0.149107 -0.099773 -0.829530
33  3.942047 0.050135 0.430999  0.236316 -0.061191 -1.662361
34  1.539097 0.000008 -0.000005  0.035034 -0.043250 -1.002024
35  1.196300 0.000077 -0.000009  -0.022154 0.002073 -0.844399
36  3.883413 -0.050476 -0.431085  0.224120 -0.254107 -1.343752
37  1.719565 -0.000081 -0.000015  0.017488 -0.103675 -1.461475
38  1.209198 0.000034 0.000005  -0.001906 0.071048 -0.519937
39  3.859588 -0.149086 -1.331321  -0.137372 0.013472 -0.379674
40  1.719413 -0.000095 -0.000049  -0.030071 0.001518 0.095502
41  1.099675 0.000024 -0.000001  -0.007066 -0.003729 -0.001250
42  0.805983 -0.359848 -1.318338  0.991673 0.166770 -0.799523
43  1.789780 -0.000007 -0.000030  0.000056 -0.002451 0.133096
44  1.206997 -0.000004 0.000013  0.000370 -0.000069 1.058782
45  5.740575 0.000119 0.000726  0.158701 -0.000013 0.000032
46  11.481059 0.000084 0.000916  0.090989 0.094054 0.116192
47  6.027516 -0.000277 -0.000232  -0.874638 -0.672686 -1.702642
48  0.000000 11.691981 -0.000006  -1.149099 0.592378 0.880932
49  0.000004 -0.000001 0.000000  2.209001 -0.000036 1.570861
50  -0.000006 -0.000014 0.000005  2.272646 -0.000031 1.570865
51  -3.339384 -4.614683 -7.315616  -0.071430 -3.031713 1.378078
52  -0.000001 -0.000000 0.000000  0.008153 -0.000259 0.000009
53  0.000000 0.000000 0.000000  1.565115 0.043565 -0.106862
54  -0.177924 -12.249652 -11.571657  0.269949 -0.903506 -1.740451
55  -0.000000 0.000000 0.000001  0.000000 -0.000000 -0.000002
56  0.000030 0.000029 0.000003  -1.571901 -0.044449 -0.106509
57  17.535059 1.124257 -22.277054  1.570796 -0.000000 0.000000
58  -15.744420 4.745377 -21.059811  1.570796 -0.000000 0.000000
59  2.179466 0.486709 -8.861043  1.570796 -0.000000 0.000000
60  -0.004311 0.001229 -0.000371  0.006898 -0.005534 -0.284228
61  0.858610 10.209643 -2.211006  1.570796 -0.000000 0.000000
62  0.000000 0.000000 0.000000  -0.078728 -3.136056 0.284225
63  -2.323334 -2.221693 -0.426911  1.555637 0.006663 -0.002051
64  -2.340733 -8.826605 -1.853868  1.567726 0.008877 0.011268
65  -0.039397 -3.107036 0.976859  -0.000000 0.000000 -0.000000
66  -0.039396 -0.914783 9.564855  -0.000000 0.000000 -0.000000
67  -0.039395 -3.172346 3.170214  -0.000000 0.000000 -0.000000
68  -0.039396 -1.229303 3.715099  -0.000000 0.000000 -0.000000
69  0.408672 -2.529140 3.193418  -0.000000 0.000000 -0.000000
70  -0.039395 0.091155 10.882009  -0.000000 0.000000 -0.000000
71  0.872713 0.008025 -1.510461  -0.000000 0.000000 -0.000000
72  -0.039397 -0.788819 2.900786  -0.000000 0.000000 -0.000000
73  0.595149 -1.458825 1.529924  -0.000000 0.000000 -0.000000
74  -2.321320 -13.545627 -5.936436  1.567726 0.008877 0.011268
75  -0.041876 2.867871 -0.991287  -0.000000 0.000000 -0.000000
76  -0.168163 2.614668 -0.991287  -0.000000 0.000000 -0.000000
time 40
0  0.031807 0.000000 -0.000718  -1.570800 -1.391899 -1.570792
1  -8.804379 1.097120 2.160959  -1.544956 -1.855077 -0.198630
2  6.027520 -0.000326 0.000201  -0.771993 -0.832565 -1.285919
3  11.692103 0.000486 -0.000742  0.073360 -0.000048 -1.709443
4  11.478871 -0.001245 -0.000643  1.693570 -0.696195 0.087784
5  3.859503 -0.142876 -1.192065  -0.441029 -0.172618 -1.352254
6  1.312590 0.000017 0.000003  -0.000635 0.000060 -0.000678
7  0.729356 0.000052 -0.009593  0.000079 0.000011 -0.911674
8  3.942137 0.046276 -0.431526  -0.318132 -0.032293 -1.006432
9  1.539111 0.000082 -0.000002  0.002197 -0.001910 -0.739725
10  1.196333 0.000144 0.000028  0.000316 0.000147 -1.047393
11  3.883507 -0.047267 0.431364  -0.173238 0.062913 -0.796259
12  1.719574 -0.000027 0.000010  -0.006128 -0.023963 -0.841956
13  1.209178 0.000091 0.000009  -0.000083 0.002910 -1.146180
14  4.263902 -0.186982 1.260792  0.085879 -0.061285 -0.417554
15  1.719447 -0.000010 0.000023  0.002300 0.023341 -1.177523
16  1.099675 0.000047 -0.000003  -0.004552 0.002005 -0.895655
17  0.806001 -0.349049 1.321251  -1.350435 -0.578177 -0.489237
18  1.789822 -0.000008 -0.000015  -0.004112 -0.087539 0.289706
19  1.207015 -0.000015 -0.000042  -0.000304 -0.088642 -0.253635
20  5.740635 0.000365 -0.000698  -0.042157 0.000003 0.000060
21  11.480781 -0.000114 -0.000780  0.033617 -0.116167 0.014936
22  6.027523 -0.000329 0.000206  1.634491 -0.736070 1.760938
23  -0.000000 11.692096 -0.000006  -1.152573 -0.595830 -0.882730
24  0.000003 0.000005 0.000000  0.942463 -0.000031 1.570738
25  -0.000001 -0.000008 -0.000001  0.868967 -0.000009 1.570721
26  -3.991760 -9.653395 0.826810  1.473120 1.855074 -0.198639
27  6.027513 -0.000263 -0.000225  1.384327 0.643684 -0.770754
28  11.691998 0.000244 0.000862  -0.063525 0.000059 -1.701392
29  11.480581 -0.000256 0.000808  -0.973683 0.392630 0.777725
30  3.859438 -0.132762 1.193064  0.467771 0.012166 -2.080742
31  1.312559 0.000027 -0.000001  -0.002591 -0.086818 -0.325533
32  0.729346 0.000065 -0.000028  -0.149107 -0.099773 -0.829530
33  3.942048 0.050135 0.430999  0.236316 -0.061191 -1.662361
34  1.539097 0.000008 -0.000004  0.035034 -0.043250 -1.002024
35  1.196301 0.000077 -0.000008  -0.022154 0.002073 -0.844399
36  3.883415 -0.050476 -0.431086  0.224120 -0.254107 -1.343752
37  1.719564 -0.000082 -0.000014  0.017488 -0.103675 -1.461474
38  1.209199 0.000035 0.000006  -0.001906 0.071048 -0.519937
39  3.859588 -0.149086 -1.331321  -0.137372 0.013472 -0.379674
40  1.719413 -0.000096 -0.000049  -0.030071 0.001518 0.095502
41  1.099673 0.000024 -0.000001  -0.007066 -0.003729 -0.001250
42  0.805983 -0.359849 -1.318338  0.991673 0.166770 -0.799523
43  1.789779 -0.000008 -0.000030  0.000056 -0.002451 0.133096
44  1.206997 -0.000004 0.000014  0.000370 -0.000069 1.058782
45  5.740576 0.000120 0.000727  0.157010 -0.000013 0.000032
46  11.481065 0.000086 0.000915  0.089834 0.093019 0.115280
47  6.027516 -0.000277 -0.000232  -0.871760 -0.669720 -1.705570
48  -0.000000 11.691982 -0.000007  -1.147796 0.591069 0.880223
49  0.000003 -0.000001 0.000000  2.209001 -0.000036 1.570861
50  -0.000006 -0.000013 0.000005  2.272646 -0.000031 1.570865
51  -3.393587 -4.642752 -7.305440  -0.076948 -3.027258 1.378541
52  -0.000000 -0.000000 -0.000000  0.008153 -0.000259 0.000009
53  0.000000 -0.000000 0.000000  1.565115 0.043565 -0.106862
54  -0.259819 -12.292343 -11.555704  0.260878 -0.907815 -1.733468
55  0.000000 -0.000000 -0.000001  0.000000 -0.000000 -0.000002
56  0.000031 0.000029 0.000001  -1.571901 -0.044449 -0.106509
57  17.429317 1.125082 -22.245560  1.570796 -0.000000 0.000000
58  -15.744420 4.745377 -21.059811  1.570796 -0.000000 0.000000
59  2.197072 0.486709 -8.861043  1.570796 -0.000000 0.000000
60  -0.004311 0.001229 -0.000371  0.006898 -0.005534 -0.284228
61  0.858610 10.209643 -2.211006  1.570796 -0.000000 0.000000
62  0.000000 0.000000 0.000000  -0.078728 -3.136056 0.284225
63  -2.323334 -2.221693 -0.426911  1.555960 0.006674 -0.000375
64  -2.361512 -8.836664 -1.836054  1.564472 0.015148 0.011075
65  -0.039397 -3.107036 0.976861  0.000000 0.000000 0.000000
66  -0.039396 -0.914783 9.564855  0.000000 0.000000 0.000000
67  -0.039396 -3.172346 3.170214  0.000000 0.000000 0.000000
68  -0.039396 -1.229303 3.715100  0.000000 0.000000 0.000000
69  0.408672 -2.529140 3.193418  0.000000 0.000000 0.000000
70  -0.039395 0.091155 10.882010  0.000000 0.000000 0.000000
71  0.872713 0.008025 -1.510460  0.000000 0.000000 0.000000
72  -0.039397 -0.788819 2.900786  0.000000 0.000000 0.000000
73  0.595149 -1.458825 1.529925  0.000000 0.000000 0.000000
74  -2.368230 -13.569231 -5.902955  1.564472 0.015148 0.011075
75  -0.041877 2.867871 -0.991287  0.000000 0.000000 0.000000
76  -0.168163 2.614667 -0.991286  0.000000 0.000000 0.000000
time 41
0  0.031807 0.000000 -0.000718  -1.570800 -1.391899 -1.570792
1  -8.626430 1.050760 2.177050  -1.544956 -1.855077 -0.198630
2  6.027521 -0.000324 0.000201  -0.827724 -0.807434 -1.236117
3  11.692101 0.000485 -0.000739  0.073361 -0.000051 -1.737226
4  11.480495 -0.000340 -0.000714  1.654473 -0.617146 0.110427
5  3.859503 -0.142875 -1.192065  -0.365510 0.052400 -0.887978
6  1.312591 0.000016 0.000004  0.004299 0.002795 -0.331014
7  0.729356 0.000049 -0.008807  -0.000274 0.000147 -0.813643
8  3.942142 0.046277 -0.431526  -0.216003 0.046167 -0.648153
9  1.539111 0.000081 -0.000001  0.002271 0.006200 -0.548836
10  1.196332 0.000144 0.000029  -0.000551 0.000102 -0.933442
11  3.883507 -0.047265 0.431367  -0.017272 0.041136 -0.417836
12  1.719574 -0.000027 0.000010  -0.006943 0.014618 -0.738185
13  1.209179 0.000091 0.000005  -0.000503 0.002969 -0.611350
14  4.208623 -0.145789 1.232302  0.201116 -0.060376 -0.258280
15  1.719447 -0.000010 0.000022  0.004014 0.019830 -0.692336
16  1.099674 0.000047 -0.000004  -0.001747 0.002875 -0.419417
17  0.806001 -0.349049 1.321251  -1.277369 -0.560681 -0.621017
18  1.789821 -0.000009 -0.000015  -0.002313 -0.082450 0.253368
19  1.207015 -0.000016 -0.000042  -0.001272 -0.088877 -0.267694
20  5.740634 0.000365 -0.000699  -0.040292 0.000003 0.000060
21  11.481106 0.000068 -0.000794  0.026647 -0.100659 0.016306
22  6.027524 -0.000328 0.000206  1.690370 -0.755891 1.732051
23  0.000001 11.692096 -0.000007  -1.168855 -0.612278 -0.891419
24  0.000003 0.000007 0.000001  0.942463 -0.000031 1.570738
25  -0.000001 -0.000007 -0.000002  0.868967 -0.000009 1.570721
26  -3.991760 -9.653395 0.826810  1.473120 1.855074 -0.198639
27  6.027513 -0.000263 -0.000225  1.384147 0.645581 -0.771170
28  11.691998 0.000245 0.000862  -0.063525 0.000059 -1.700365
29  11.480589 -0.000250 0.000809  -0.977065 0.390877 0.780180
30  3.859438 -0.132762 1.193065  0.467771 0.012166 -2.080742
31  1.312560 0.000025 -0.000003  -0.002591 -0.086818 -0.325533
32  0.729345 0.000065 -0.000028  -0.149107 -0.099773 -0.829530
33  3.942048 0.050135 0.430999  0.236316 -0.061191 -1.662361
34  1.539097 0.000008 -0.000005  0.035034 -0.043250 -1.002024
35  1.196302 0.000077 -0.000007  -0.022154 0.002073 -0.844399
36  3.883414 -0.050476 -0.431086  0.224120 -0.254107 -1.343752
37  1.719564 -0.000082 -0.000015  0.017488 -0.103675 -1.461475
38  1.209198 0.000036 0.000005  -0.001906 0.071048 -0.519937
39  3.859589 -0.149086 -1.331321  -0.137372 0.013472 -0.379674
40  1.719414 -0.000095 -0.000049  -0.030071 0.001518 0.095502
41  1.099674 0.000024 -0.000001  -0.007066 -0.003729 -0.001250
42  0.805983 -0.359848 -1.318338  0.991673 0.166770 -0.799523
43  1.789781 -0.000007 -0.000030  0.000056 -0.002451 0.133096
44  1.206997 -0.000004 0.000013  0.000370 -0.000069 1.058782
45  5.740574 0.000120 0.000727  0.156594 -0.000013 0.000032
46  11.481064 0.000089 0.000916  0.089280 0.092585 0.116034
47  6.027516 -0.000277 -0.000232  -0.873813 -0.668708 -1.704604
48  -0.000001 11.691980 -0.000005  -1.147195 0.590464 0.879895
49  0.000004 -0.000002 -0.000000  2.209001 -0.000036 1.570861
50  -0.000006 -0.000013 0.000006  2.272646 -0.000031 1.570865
51  -3.380507 -4.654256 -7.289604  -0.080912 -3.029427 1.378927
52  -0.000000 -0.000000 0.000000  0.008153 -0.000259 0.000009
53  0.000000 0.000000 0.000000  1.565115 0.043565 -0.106862
54  0.288765 -12.307880 -11.562555  0.319687 -0.871749 -1.821549
55  0.000000 0.000000 -0.000000  0.000000 -0.000000 -0.000002
56  0.000031 0.000029 0.000000  -1.571901 -0.044449 -0.106509
57  17.265682 1.125185 -22.208942  1.570796 -0.000000 0.000000
58  -15.744420 4.745377 -21.059811  1.570796 -0.000000 0.000000
59  2.213163 0.500663 -8.677683  1.570796 -0.000000 0.000000
60  -0.004311 0.001229 -0.000371  0.006898 -0.005534 -0.284228
61  0.858610 10.209643 -2.211006  1.570796 -0.000000 0.000000
62  0.000000 0.000000 0.000000  -0.078728 -3.136056 0.284225
63  -2.323334 -2.221693 -0.426911  1.556392 0.006671 0.001029
64  -2.329836 -8.863971 -1.835920  1.567393 0.018568 0.011062
65  -0.039397 -3.107037 0.976862  -0.000000 0.000000 0.000000
66  -0.039396 -0.914783 9.564857  -0.000000 0.000000 0.000000
67  -0.039396 -3.172346 3.170216  -0.000000 0.000000 0.000000
68  -0.039397 -1.229303 3.715102  -0.000000 0.000000 0.000000
69  0.408671 -2.529140 3.193419  -0.000000 0.000000 0.000000
70  -0.039396 0.091155 10.882014  -0.000000 0.000000 0.000000
71  0.872713 0.008025 -1.510461  -0.000000 0.000000 0.000000
72  -0.039397 -0.788819 2.900788  -0.000000 0.000000 0.000000
73  0.595149 -1.458825 1.529927  -0.000000 0.000000 0.000000
74  -2.350911 -13.584798 -5.916393  1.567393 0.018568 0.011062
75  -0.041877 2.867872 -0.991286  -0.000000 0.000000 0.000000
76  -0.168163 2.614668 -0.991285  -0.000000 0.000000 0.000000
time 42
0  0.031807 0.000000 -0.000718  -1.570800 -1.391899 -1.570792
1  -8.095261 0.912380 2.191362  -1.544956 -1.855077 -0.198630
2  6.027519 -0.000327 0.000201  -0.908749 -0.779775 -1.154845
3  11.692104 0.000484 -0.000738  0.053556 -0.000049 -1.754180
4  11.480335 -0.000439 -0.000710  1.529867 -0.517348 0.136405
5  3.859504 -0.142876 -1.192067  -0.223974 0.183649 -0.520785
6  1.312590 0.000016 0.000003  0.008264 0.005321 -0.661370
7  0.729356 0.000050 -0.007744  -0.000608 0.000326 -0.690783
8  3.942141 0.046277 -0.431530  -0.111580 0.069515 -0.417888
9  1.539111 0.000082 0.000000  0.003631 0.009495 -0.285000
10  1.196333 0.000146 0.000028  -0.000983 0.000059 -0.855055
11  3.883507 -0.047266 0.431364  0.078134 -0.019989 -0.096144
12  1.719573 -0.000027 0.000012  -0.004642 0.033993 -0.647504
13  1.209179 0.000090 0.000008  0.000533 0.003046 -0.066808
14  4.166036 -0.119654 1.216740  0.314817 -0.075733 -0.097989
15  1.719447 -0.000011 0.000024  0.003072 0.014692 -0.235304
16  1.099674 0.000047 -0.000002  0.000687 0.002505 -0.110967
17  0.806001 -0.349050 1.321249  -1.244079 -0.553092 -0.682576
18  1.789822 -0.000007 -0.000014  -0.001496 -0.069959 0.236390
19  1.207014 -0.000014 -0.000043  -0.001889 -0.088489 -0.274257
20  5.740633 0.000364 -0.000698  -0.050263 0.000003 0.000060
21  11.481072 0.000050 -0.000794  0.002777 -0.082436 0.014249
22  6.027523 -0.000329 0.000207  1.775657 -0.769750 1.696591
23  0.000001 11.692100 -0.000007  -1.178804 -0.622371 -0.896604
24  0.000001 0.000007 0.000002  0.922661 -0.000031 1.570738
25  -0.000001 -0.000007 -0.000002  0.868967 -0.000009 1.570721
26  -3.991760 -9.653395 0.826810  1.473120 1.855074 -0.198639
27  6.027513 -0.000263 -0.000225  1.381881 0.649774 -0.772765
28  11.691999 0.000244 0.000862  -0.063525 0.000059 -1.697970
29  11.480613 -0.000235 0.000811  -0.974497 0.388570 0.787478
30  3.859438 -0.132762 1.193064  0.467771 0.012166 -2.080742
31  1.312559 0.000025 -0.000002  -0.002591 -0.086818 -0.325533
32  0.729346 0.000065 -0.000028  -0.149107 -0.099773 -0.829530
33  3.942048 0.050135 0.430999  0.236316 -0.061191 -1.662361
34  1.539097 0.000006 -0.000005  0.035034 -0.043250 -1.002024
35  1.196301 0.000076 -0.000008  -0.022154 0.002073 -0.844399
36  3.883413 -0.050476 -0.431085  0.224120 -0.254107 -1.343752
37  1.719564 -0.000081 -0.000014  0.017488 -0.103675 -1.461474
38  1.209198 0.000035 0.000004  -0.001906 0.071048 -0.519937
39  3.859589 -0.149086 -1.331321  -0.137372 0.013472 -0.379674
40  1.719414 -0.000095 -0.000049  -0.030071 0.001518 0.095502
41  1.099674 0.000024 -0.000001  -0.007066 -0.003729 -0.001250
42  0.805983 -0.359849 -1.318339  0.991673 0.166770 -0.799523
43  1.789780 -0.000006 -0.000030  0.000056 -0.002451 0.133096
44  1.206998 -0.000005 0.000014  0.000370 -0.000069 1.058782
45  5.740575 0.000119 0.000726  0.157474 -0.000013 0.000032
46  11.481071 0.000090 0.000916  0.089701 0.092626 0.117452
47  6.027516 -0.000277 -0.000232  -0.879474 -0.667654 -1.701325
48  -0.000001 11.691981 -0.000007  -1.145792 0.589055 0.879129
49  0.000003 -0.000002 0.000000  2.209001 -0.000036 1.570861
50  -0.000006 -0.000014 0.000004  2.272646 -0.000031 1.570865
51  -3.333614 -4.676008 -7.266725  -0.080635 -3.035337 1.378768
52  -0.000001 -0.000000 -0.000000  0.008153 -0.000259 0.000009
53  -0.000000 0.000000 0.000000  1.565115 0.043565 -0.106862
54  1.109170 -12.512295 -11.358217  0.308778 -0.796593 -1.917043
55  0.000000 -0.000000 -0.000001  0.000000 -0.000000 -0.000002
56  0.000030 0.000029 0.000001  -1.571901 -0.044449 -0.106509
57  16.796841 1.063066 -21.231449  1.570796 -0.000000 0.000000
58  -15.744420 4.745377 -21.059811  1.570796 -0.000000 0.000000
59  2.227475 0.542316 -8.130367  1.570796 -0.000000 0.000000
60  -0.004311 0.001229 -0.000371  0.006898 -0.005534 -0.284228
61  0.858610 10.209643 -2.211006  1.570796 -0.000000 0.000000
62  0.000000 0.000000 0.000000  -0.078728 -3.136056 0.284225
63  -2.323334 -2.221693 -0.426911  1.556920 0.006640 0.001619
64  -2.291098 -8.917147 -1.835871  1.573127 0.017107 0.011035
65  -0.039397 -3.107036 0.976859  -0.000000 -0.000000 0.000000
66  -0.039396 -0.914783 9.564855  -0.000000 -0.000000 0.000000
67  -0.039396 -3.172346 3.170214  -0.000000 -0.000000 0.000000
68  -0.039397 -1.229303 3.715100  -0.000000 -0.000000 0.000000
69  0.408672 -2.529140 3.193418  -0.000000 -0.000000 0.000000
70  -0.039395 0.091155 10.882010  -0.000000 -0.000000 0.000000
71  0.872713 0.008025 -1.510460  -0.000000 -0.000000 0.000000
72  -0.039397 -0.788819 2.900786  -0.000000 -0.000000 0.000000
73  0.595149 -1.458825 1.529925  -0.000000 -0.000000 0.000000
74  -2.307057 -13.614435 -5.943443  1.573127 0.017107 0.011035
75  -0.041877 2.867871 -0.991286  -0.000000 -0.000000 0.000000
76  -0.168163 2.614668 -0.991286  -0.000000 -0.000000 0.000000
time 43
0  0.031807 0.000000 -0.000718  -1.570800 -1.391899 -1.570792
1  -7.259040 0.694528 2.203690  -1.544956 -1.855077 -0.198630
2  6.027520 -0.000327 0.000201  -0.930665 -0.803520 -1.111734
3  11.692104 0.000483 -0.000738  -0.005070 -0.000047 -1.682768
4  11.479115 -0.001061 -0.000742  1.302379 -0.488393 0.125254
5  3.859503 -0.142876 -1.192067  -0.239014 0.249414 -0.576851
6  1.312591 0.000018 0.000002  0.008359 0.004783 -0.623401
7  0.729356 0.000053 -0.006476  -0.000537 0.000374 -0.547292
8  3.942142 0.046276 -0.431530  -0.103883 0.144704 -0.441333
9  1.539111 0.000082 -0.000001  0.004127 0.009217 -0.173559
10  1.196333 0.000147 0.000026  -0.000972 0.000104 -0.720096
11  3.883506 -0.047266 0.431365  0.090395 0.052493 -0.107147
12  1.719574 -0.000026 0.000011  -0.002415 0.034203 -0.534969
13  1.209179 0.000092 0.000008  0.000587 0.003037 -0.040601
14  4.143528 -0.105313 1.202196  0.332441 0.029368 -0.061297
15  1.719448 -0.000011 0.000021  0.002566 0.012764 -0.199093
16  1.099675 0.000048 -0.000002  0.000769 0.002487 -0.077396
17  0.836164 -0.460795 1.283716  -1.222850 -0.571796 -0.638190
18  1.789820 -0.000010 -0.000017  -0.003422 -0.045878 0.258122
19  1.207016 -0.000015 -0.000043  -0.003279 -0.075945 -0.260269
20  5.740637 0.000365 -0.000698  -0.082426 0.000003 0.000060
21  11.480833 -0.000074 -0.000799  -0.041290 -0.079862 0.000452
22  6.027523 -0.000330 0.000207  1.786176 -0.742504 1.716890
23  0.000003 11.692099 -0.000007  -1.136945 -0.580149 -0.874177
24  0.000002 0.000005 0.000000  0.864032 -0.000031 1.570738
25  -0.000000 -0.000007 -0.000002  0.868967 -0.000009 1.570721
26  -3.991760 -9.653395 0.826810  1.473120 1.855074 -0.198639
27  6.027513 -0.000263 -0.000225  1.380826 0.655680 -0.774260
28  11.691998 0.000244 0.000862  -0.063525 0.000058 -1.691056
29  11.478646 -0.001383 0.000737  -0.969864 0.385633 0.791725
30  3.859439 -0.132762 1.193063  0.467771 0.012166 -2.080742
31  1.312559 0.000026 -0.000003  -0.002591 -0.086818 -0.325533
32  0.729345 0.000065 -0.000028  -0.149107 -0.099773 -0.829530
33  3.942048 0.050135 0.430999  0.236316 -0.061191 -1.662361
34  1.539097 0.000007 -0.000005  0.035034 -0.043250 -1.002024
35  1.196301 0.000077 -0.000007  -0.022154 0.002073 -0.844399
36  3.883414 -0.050477 -0.431085  0.224120 -0.254107 -1.343752
37  1.719564 -0.000081 -0.000015  0.017488 -0.103675 -1.461475
38  1.209200 0.000035 0.000006  -0.001906 0.071048 -0.519937
39  3.859588 -0.149086 -1.331322  -0.137372 0.013472 -0.379674
40  1.719414 -0.000095 -0.000050  -0.030071 0.001518 0.095502
41  1.099674 0.000024 -0.000001  -0.007066 -0.003729 -0.001250
42  0.805983 -0.359848 -1.318338  0.991673 0.166770 -0.799523
43  1.789780 -0.000007 -0.000030  0.000056 -0.002451 0.133096
44  1.206997 -0.000005 0.000013  0.000370 -0.000069 1.058782
45  5.740574 0.000119 0.000727  0.158419 -0.000013 0.000032
46  11.480677 -0.000139 0.000902  0.090656 0.092568 0.118212
47  6.027516 -0.000277 -0.000232  -0.886119 -0.664775 -1.698072
48  -0.000003 11.691980 -0.000005  -1.141741 0.584992 0.876908
49  0.000003 -0.000003 -0.000000  2.209001 -0.000036 1.570861
50  -0.000007 -0.000014 0.000004  2.272646 -0.000031 1.570865
51  -3.301988 -4.736215 -7.249130  -0.077971 -3.040974 1.378289
52  0.000000 -0.000000 0.000000  0.008153 -0.000259 0.000009
53  -0.000000 0.000000 0.000000  1.565115 0.043565 -0.106862
54  1.322307 -13.209888 -10.844346  0.114201 -0.722153 -1.948124
55  -0.000000 -0.000000 -0.000000  0.000000 -0.000000 -0.000002
56  0.000030 0.000028 0.000002  -1.571901 -0.044449 -0.106509
57  15.794179 0.835105 -18.551468  1.570796 -0.000000 0.000000
58  -15.744420 4.745377 -21.059811  1.570796 -0.000000 0.000000
59  2.239804 0.607891 -7.268727  1.570796 -0.000000 0.000000
60  -0.004311 0.001230 -0.000371  0.006898 -0.005534 -0.284228
61  0.858610 10.209643 -2.211006  1.570796 -0.000000 0.000000
62  0.000000 0.000000 0.000000  -0.078728 -3.136056 0.284225
63  -2.323334 -2.221693 -0.426911  1.557534 0.006571 0.001582
64  -2.280281 -9.004814 -1.835864  1.578113 0.013373 0.010908
65  -0.039397 -3.107036 0.976860  0.000000 -0.000000 -0.000000
66  -0.039396 -0.914783 9.564855  0.000000 -0.000000 -0.000000
67  -0.039396 -3.172347 3.170215  0.000000 -0.000000 -0.000000
68  -0.039397 -1.229303 3.715100  0.000000 -0.000000 -0.000000
69  0.408672 -2.529140 3.193419  0.000000 -0.000000 -0.000000
70  -0.039396 0.091155 10.882011  0.000000 -0.000000 -0.000000
71  0.872714 0.008025 -1.510463  0.000000 -0.000000 -0.000000
72  -0.039397 -0.788819 2.900786  0.000000 -0.000000 -0.000000
73  0.595149 -1.458825 1.529926  0.000000 -0.000000 -0.000000
74  -2.282040 -13.681396 -5.967025  1.578113 0.013373 0.010908
75  -0.041877 2.867871 -0.991287  0.000000 -0.000000 -0.000000
76  -0.168163 2.614667 -0.991286  0.000000 -0.000000 -0.000000
time 44
0  0.031807 0.000000 -0.000718  -1.570800 -1.391899 -1.570792
1  -6.240391 0.429150 2.213886  -1.544956 -1.855077 -0.198630
2  6.027520 -0.000328 0.000201  -0.912981 -0.877452 -1.087052
3  11.692101 0.000484 -0.000740  -0.094346 -0.000036 -1.548891
4  11.480079 -0.000448 -0.000780  1.011994 -0.467175 0.088423
5  3.859503 -0.142876 -1.192066  -0.305557 0.414023 -0.756000
6  1.312590 0.000015 0.000003  0.008201 0.003236 -0.516002
7  0.729355 0.000054 -0.005089  -0.000365 0.000406 -0.367433
8  3.942141 0.046276 -0.431529  -0.096771 0.338114 -0.521753
9  1.539111 0.000081 -0.000001  0.004232 0.008547 -0.096040
10  1.196332 0.000144 0.000027  -0.000905 0.000130 -0.546969
11  3.883507 -0.047266 0.431365  0.116978 0.246574 -0.155384
12  1.719573 -0.000026 0.000010  0.000255 0.032811 -0.399492
13  1.209180 0.000092 0.000007  0.000634 0.003028 -0.022337
14  4.124204 -0.094228 1.188573  0.354597 0.178973 -0.023756
15  1.719448 -0.000011 0.000022  0.002469 0.011825 -0.173773
16  1.099674 0.000047 -0.000001  0.000809 0.002475 -0.054011
17  0.920554 -0.758622 1.191833  -1.176983 -0.618077 -0.508448
18  1.789820 -0.000008 -0.000016  -0.007182 -0.009725 0.321036
19  1.207016 -0.000015 -0.000043  -0.005424 -0.044306 -0.222327
20  5.740636 0.000367 -0.000698  -0.126553 0.000003 0.000060
21  11.481026 0.000052 -0.000808  -0.098298 -0.078140 -0.020737
22  6.027524 -0.000329 0.000207  1.743229 -0.675101 1.782728
23  0.000000 11.692096 -0.000007  -1.058344 -0.503235 -0.828241
24  0.000001 0.000007 -0.000000  0.774754 -0.000031 1.570738
25  -0.000002 -0.000007 -0.000002  0.868967 -0.000009 1.570721
26  -3.991760 -9.653395 0.826810  1.473120 1.855074 -0.198639
27  6.027513 -0.000263 -0.000225  1.379689 0.664468 -0.776340
28  11.691999 0.000244 0.000861  -0.063525 0.000057 -1.678087
29  11.479010 -0.001136 0.000754  -0.963861 0.383311 0.792202
30  3.859437 -0.132762 1.193064  0.467771 0.012166 -2.080742
31  1.312559 0.000027 -0.000003  -0.002591 -0.086818 -0.325533
32  0.729346 0.000065 -0.000029  -0.149107 -0.099773 -0.829530
33  3.942047 0.050135 0.430999  0.236316 -0.061191 -1.662361
34  1.539097 0.000008 -0.000004  0.035034 -0.043250 -1.002024
35  1.196300 0.000077 -0.000008  -0.022154 0.002073 -0.844399
36  3.883413 -0.050476 -0.431085  0.224120 -0.254107 -1.343752
37  1.719564 -0.000082 -0.000015  0.017488 -0.103675 -1.461474
38  1.209196 0.000036 0.000005  -0.001906 0.071048 -0.519938
39  3.859587 -0.149086 -1.331322  -0.137372 0.013472 -0.379674
40  1.719413 -0.000095 -0.000049  -0.030071 0.001518 0.095502
41  1.099676 0.000024 -0.000001  -0.007066 -0.003729 -0.001250
42  0.805982 -0.359849 -1.318338  0.991673 0.166770 -0.799523
43  1.789780 -0.000007 -0.000029  0.000056 -0.002451 0.133096
44  1.206997 -0.000005 0.000014  0.000370 -0.000069 1.058782
45  5.740572 0.000119 0.000727  0.159097 -0.000013 0.000032
46  11.480748 -0.000091 0.000904  0.091935 0.092558 0.118137
47  6.027516 -0.000277 -0.000232  -0.895679 -0.660170 -1.693575
48  -0.000001 11.691981 -0.000005  -1.134144 0.577392 0.872706
49  0.000003 -0.000000 0.000000  2.209001 -0.000036 1.570861
50  -0.000006 -0.000014 0.000005  2.272646 -0.000031 1.570865
51  -3.267726 -4.850341 -7.240525  -0.073713 -3.045674 1.377565
52  0.000000 0.000000 0.000000  0.008153 -0.000259 0.000009
53  -0.000001 0.000000 0.000000  1.565115 0.043565 -0.106862
54  1.172880 -14.275174 -10.010766  -0.152903 -0.646220 -1.989703
55  -0.000001 -0.000001 -0.000001  0.000000 -0.000000 -0.000002
56  0.000029 0.000028 -0.000000  -1.571901 -0.044449 -0.106509
57  14.475721 0.400161 -15.128780  1.570796 -0.000000 0.000000
58  -15.744420 4.745377 -21.059811  1.570796 -0.000000 0.000000
59  2.250001 0.687771 -6.219112  1.570796 -0.000000 0.000000
60  -0.004311 0.001230 -0.000371  0.006898 -0.005534 -0.284228
61  0.858610 10.209643 -2.211006  1.570796 -0.000000 0.000000
62  0.000000 0.000000 0.000000  -0.078728 -3.136056 0.284225
63  -2.323334 -2.221693 -0.426911  1.558228 0.006457 0.001474
64  -2.274690 -9.139803 -1.838426  1.581859 0.008273 0.010643
65  -0.039397 -3.107036 0.976858  -0.000000 -0.000000 -0.000000
66  -0.039397 -0.914783 9.564854  -0.000000 -0.000000 -0.000000
67  -0.039396 -3.172347 3.170214  -0.000000 -0.000000 -0.000000
68  -0.039397 -1.229303 3.715099  -0.000000 -0.000000 -0.000000
69  0.408671 -2.529140 3.193417  -0.000000 -0.000000 -0.000000
70  -0.039396 0.091155 10.882009  -0.000000 -0.000000 -0.000000
71  0.872714 0.008025 -1.510462  -0.000000 -0.000000 -0.000000
72  -0.039397 -0.788819 2.900785  -0.000000 -0.000000 -0.000000
73  0.595149 -1.458825 1.529924  -0.000000 -0.000000 -0.000000
74  -2.256931 -13.800652 -5.987292  1.581859 0.008273 0.010643
75  -0.041877 2.867871 -0.991287  -0.000000 -0.000000 -0.000000
76  -0.168163 2.614668 -0.991287  -0.000000 -0.000000 -0.000000
time 45
0  0.031807 0.000000 -0.000718  -1.570800 -1.391899 -1.570792
1  -5.221743 0.163771 2.221855  -1.544956 -1.855077 -0.198630
2  6.027520 -0.000327 0.000201  -0.882084 -0.933099 -1.076041
3  11.692103 0.000483 -0.000736  -0.195135 -0.000031 -1.459514
4  11.479176 -0.000814 -0.000912  0.910000 -0.490177 0.049057
5  3.859504 -0.142876 -1.192066  -0.429141 0.546682 -1.015744
6  1.312590 0.000013 0.000004  0.006894 0.001310 -0.377564
7  0.729356 0.000048 -0.003706  -0.000156 0.000358 -0.192924
8  3.942142 0.046277 -0.431529  -0.121650 0.525959 -0.654622
9  1.539111 0.000083 -0.000001  0.003623 0.006964 -0.055627
10  1.196333 0.000146 0.000027  -0.000730 0.000122 -0.376801
11  3.883506 -0.047266 0.431365  0.123996 0.447888 -0.252356
12  1.719572 -0.000027 0.000009  0.002320 0.027864 -0.271500
13  1.209178 0.000090 0.000007  0.000662 0.003023 -0.012750
14  4.108795 -0.086723 1.176467  0.366579 0.317877 -0.024251
15  1.719450 -0.000009 0.000021  0.002454 0.010804 -0.160446
16  1.099675 0.000048 0.000000  0.000784 0.002477 -0.041744
17  1.019768 -1.071376 1.116933  -1.153649 -0.672300 -0.351468
18  1.789819 -0.000006 -0.000016  -0.008887 0.021508 0.400446
19  1.207014 -0.000014 -0.000042  -0.005565 -0.012649 -0.180519
20  5.740636 0.000364 -0.000698  -0.143228 0.000003 0.000060
21  11.480844 -0.000023 -0.000835  -0.118373 -0.081767 -0.034680
22  6.027524 -0.000329 0.000207  1.702863 -0.625819 1.842507
23  0.000000 11.692098 -0.000005  -1.005426 -0.453719 -0.794894
24  0.000004 0.000007 -0.000000  0.673962 -0.000031 1.570738
25  -0.000002 -0.000006 -0.000002  0.868967 -0.000009 1.570721
26  -3.991760 -9.653395 0.826810  1.473120 1.855074 -0.198639
27  6.027513 -0.000263 -0.000225  1.378541 0.675576 -0.778878
28  11.691998 0.000245 0.000861  -0.063525 0.000056 -1.660043
29  11.479128 -0.001080 0.000757  -0.957442 0.381537 0.789266
30  3.859438 -0.132762 1.193065  0.467771 0.012166 -2.080742
31  1.312559 0.000027 -0.000002  -0.002591 -0.086818 -0.325533
32  0.729346 0.000065 -0.000028  -0.149107 -0.099773 -0.829530
33  3.942047 0.050135 0.430999  0.236316 -0.061191 -1.662361
34  1.539097 0.000008 -0.000004  0.035034 -0.043250 -1.002024
35  1.196300 0.000077 -0.000008  -0.022154 0.002073 -0.844399
36  3.883414 -0.050476 -0.431085  0.224120 -0.254107 -1.343752
37  1.719564 -0.000080 -0.000014  0.017488 -0.103675 -1.461475
38  1.209198 0.000035 0.000005  -0.001906 0.071048 -0.519937
39  3.859589 -0.149086 -1.331321  -0.137372 0.013472 -0.379674
40  1.719413 -0.000096 -0.000049  -0.030071 0.001518 0.095502
41  1.099674 0.000024 -0.000002  -0.007066 -0.003729 -0.001250
42  0.805983 -0.359848 -1.318338  0.991673 0.166770 -0.799523
43  1.789780 -0.000008 -0.000029  0.000056 -0.002451 0.133096
44  1.206998 -0.000003 0.000014  0.000370 -0.000069 1.058782
45  5.740574 0.000120 0.000727  0.159397 -0.000013 0.000032
46  11.480773 -0.000078 0.000906  0.093356 0.092532 0.117349
47  6.027516 -0.000277 -0.000232  -0.907479 -0.654094 -1.688192
48  -0.000000 11.691981 -0.000008  -1.123573 0.566862 0.866780
49  0.000002 -0.000002 -0.000000  2.209001 -0.000036 1.570861
50  -0.000006 -0.000015 0.000003  2.272646 -0.000031 1.570865
51  -3.233505 -5.006386 -7.239769  -0.068789 -3.049434 1.376663
52  0.000000 0.000000 0.000000  0.008153 -0.000259 0.000009
53  0.000000 0.000000 0.000000  1.565115 0.043565 -0.106862
54  0.969442 -14.864492 -9.082449  -0.301389 -0.605715 -1.983057
55  -0.000001 -0.000001 0.000000  0.000000 -0.000000 -0.000002
56  0.000030 0.000028 0.000002  -1.571901 -0.044449 -0.106509
57  13.239408 -0.215447 -12.468854  1.570796 -0.000000 0.000000
58  -15.744420 4.745377 -21.059811  1.570796 -0.000000 0.000000
59  2.257971 0.767652 -5.169499  1.570796 -0.000000 0.000000
60  -0.004311 0.001230 -0.000371  0.006898 -0.005534 -0.284228
61  0.858610 10.209643 -2.211006  1.570796 -0.000000 0.000000
62  0.000000 0.000000 0.000000  -0.078728 -3.136056 0.284225
63  -2.323334 -2.221693 -0.426911  1.558989 0.006288 0.001308
64  -2.272237 -9.311104 -1.844063  1.584548 0.002710 0.010218
65  -0.039397 -3.107036 0.976861  -0.000000 0.000000 -0.000000
66  -0.039396 -0.914783 9.564857  -0.000000 0.000000 -0.000000
67  -0.039396 -3.172347 3.170215  -0.000000 0.000000 -0.000000
68  -0.039397 -1.229303 3.715102  -0.000000 0.000000 -0.000000
69  0.408672 -2.529140 3.193419  -0.000000 0.000000 -0.000000
70  -0.039396 0.091155 10.882013  -0.000000 0.000000 -0.000000
71  0.872713 0.008025 -1.510462  -0.000000 0.000000 -0.000000
72  -0.039397 -0.788819 2.900788  -0.000000 0.000000 -0.000000
73  0.595149 -1.458825 1.529927  -0.000000 0.000000 -0.000000
74  -2.233529 -13.960552 -6.005557  1.584548 0.002710 0.010218
75  -0.041876 2.867871 -0.991286  -0.000000 0.000000 -0.000000
76  -0.168163 2.614667 -0.991286  -0.000000 0.000000 -0.000000
time 46
0  0.031807 0.000000 -0.000718  -1.570800 -1.391899 -1.570792
1  -4.385523 -0.054081 2.227546  -1.544956 -1.855077 -0.198630
2  6.027519 -0.000328 0.000200  -0.865167 -0.947315 -1.128176
3  11.692104 0.000481 -0.000738  -0.283197 -0.000031 -1.443672
4  11.479630 -0.000453 -0.000896  0.964067 -0.504861 0.142245
5  3.859502 -0.142875 -1.192066  -0.517263 0.545190 -1.221939
6  1.312590 0.000016 0.000004  0.004037 0.000092 -0.270103
7  0.729354 0.000053 -0.002434  -0.000011 0.000217 -0.075341
8  3.942141 0.046277 -0.431529  -0.172522 0.586129 -0.806756
9  1.539110 0.000082 -0.000000  0.002163 0.004102 -0.042306
10  1.196331 0.000142 0.000025  -0.000420 0.000076 -0.261278
11  3.883506 -0.047265 0.431364  0.092253 0.538049 -0.397415
12  1.719572 -0.000026 0.000011  0.002605 0.018510 -0.186587
13  1.209178 0.000089 0.000008  0.000664 0.003022 -0.009511
14  4.097705 -0.082675 1.166503  0.350033 0.399812 -0.090185
15  1.719452 -0.000010 0.000022  0.002013 0.008390 -0.156040
16  1.099673 0.000048 0.000001  0.000686 0.002494 -0.037607
17  1.087347 -1.220801 1.122271  -1.181589 -0.701297 -0.241137
18  1.789819 -0.000006 -0.000016  -0.008412 0.032862 0.463959
19  1.207015 -0.000015 -0.000043  -0.003750 -0.000172 -0.156604
20  5.740634 0.000366 -0.000698  -0.141205 0.000003 0.000060
21  11.480933 0.000051 -0.000830  -0.104306 -0.088331 -0.014672
22  6.027523 -0.000329 0.000207  1.687212 -0.614017 1.813128
23  0.000001 11.692095 -0.000007  -0.995990 -0.445110 -0.788766
24  0.000003 0.000007 0.000002  0.585900 -0.000031 1.570738
25  -0.000001 -0.000007 -0.000002  0.868967 -0.000009 1.570721
26  -3.991760 -9.653395 0.826810  1.473120 1.855074 -0.198639
27  6.027513 -0.000263 -0.000224  1.377509 0.687345 -0.781511
28  11.691999 0.000245 0.000861  -0.063526 0.000054 -1.640212
29  11.479259 -0.001016 0.000761  -0.951592 0.380293 0.784459
30  3.859438 -0.132762 1.193064  0.467771 0.012166 -2.080742
31  1.312559 0.000026 -0.000002  -0.002591 -0.086818 -0.325533
32  0.729346 0.000064 -0.000028  -0.149107 -0.099773 -0.829530
33  3.942048 0.050135 0.430998  0.236316 -0.061191 -1.662361
34  1.539098 0.000007 -0.000005  0.035034 -0.043250 -1.002024
35  1.196301 0.000077 -0.000009  -0.022154 0.002073 -0.844399
36  3.883415 -0.050477 -0.431086  0.224120 -0.254107 -1.343752
37  1.719564 -0.000081 -0.000015  0.017488 -0.103675 -1.461475
38  1.209197 0.000035 0.000005  -0.001906 0.071048 -0.519937
39  3.859589 -0.149086 -1.331323  -0.137372 0.013472 -0.379674
40  1.719414 -0.000096 -0.000049  -0.030071 0.001518 0.095502
41  1.099674 0.000024 -0.000001  -0.007066 -0.003729 -0.001250
42  0.805983 -0.359849 -1.318339  0.991673 0.166770 -0.799523
43  1.789780 -0.000008 -0.000030  0.000056 -0.002451 0.133096
44  1.206998 -0.000004 0.000014  0.000370 -0.000069 1.058782
45  5.740574 0.000119 0.000727  0.159399 -0.000013 0.000032
46  11.480799 -0.000066 0.000906  0.094690 0.092484 0.116197
47  6.027516 -0.000277 -0.000232  -0.919737 -0.647457 -1.682748
48  0.000000 11.691981 -0.000007  -1.111950 0.555350 0.860162
49  0.000002 -0.000002 0.000001  2.209001 -0.000036 1.570861
50  -0.000005 -0.000014 0.000004  2.272646 -0.000031 1.570865
51  -3.202032 -5.176254 -7.242207  -0.064129 -3.052246 1.375642
52  0.000000 -0.000000 0.000000  0.008153 -0.000259 0.000009
53  0.000000 0.000000 -0.000001  1.565115 0.043565 -0.106862
54  0.739253 -14.871619 -7.873599  -0.342163 -0.503229 -1.914998
55  0.000000 -0.000000 -0.000000  0.000000 -0.000000 -0.000002
56  0.000031 0.000029 0.000001  -1.571901 -0.044449 -0.106509
57  12.373029 -0.937118 -11.525484  1.570796 -0.000000 0.000000
58  -15.744420 4.745377 -21.059811  1.570796 -0.000000 0.000000
59  2.263662 0.833227 -4.307859  1.570796 -0.000000 0.000000
60  -0.004311 0.001230 -0.000371  0.006898 -0.005534 -0.284228
61  0.858610 10.209643 -2.211006  1.570796 -0.000000 0.000000
62  0.000000 0.000000 0.000000  -0.078728 -3.136056 0.284225
63  -2.323334 -2.221693 -0.426911  1.559809 0.006052 0.001097
64  -2.270837 -9.491578 -1.849700  1.586358 -0.002404 0.009619
65  -0.039397 -3.107036 0.976859  0.000000 -0.000000 -0.000000
66  -0.039396 -0.914783 9.564854  0.000000 -0.000000 -0.000000
67  -0.039395 -3.172347 3.170214  0.000000 -0.000000 -0.000000
68  -0.039396 -1.229303 3.715100  0.000000 -0.000000 -0.000000
69  0.408672 -2.529140 3.193418  0.000000 -0.000000 -0.000000
70  -0.039396 0.091155 10.882010  0.000000 -0.000000 -0.000000
71  0.872713 0.008025 -1.510462  0.000000 -0.000000 -0.000000
72  -0.039397 -0.788819 2.900785  0.000000 -0.000000 -0.000000
73  0.595149 -1.458825 1.529924  0.000000 -0.000000 -0.000000
74  -2.213682 -14.133305 -6.019594  1.586358 -0.002404 0.009619
75  -0.041876 2.867871 -0.991287  0.000000 -0.000000 -0.000000
76  -0.168162 2.614667 -0.991288  0.000000 -0.000000 -0.000000
time 47
0  0.031807 0.000000 -0.000718  -1.570800 -1.391899 -1.570792
1  -3.854354 -0.192461 2.230946  -1.544956 -1.855077 -0.198630
2  6.027520 -0.000327 0.000200  -0.848024 -0.948315 -1.235042
3  11.692103 0.000483 -0.000739  -0.340422 -0.000031 -1.458737
4  11.479210 -0.000652 -0.001011  1.034755 -0.519441 0.367754
5  3.859503 -0.142875 -1.192066  -0.507273 0.458431 -1.393838
6  1.312589 0.000013 0.000005  -0.000018 0.000050 -0.232210
7  0.729355 0.000053 -0.001373  0.000021 0.000017 -0.036794
8  3.942139 0.046277 -0.431529  -0.204516 0.540738 -0.999336
9  1.539111 0.000084 -0.000000  -0.000003 0.000021 -0.040317
10  1.196333 0.000144 0.000024  0.000014 0.000017 -0.223246
11  3.883504 -0.047265 0.431365  0.046621 0.538209 -0.626397
12  1.719572 -0.000026 0.000011  0.001150 0.005396 -0.159003
13  1.209178 0.000090 0.000008  0.000640 0.003025 -0.008912
14  4.090736 -0.081355 1.159100  0.276911 0.459472 -0.334487
15  1.719448 -0.000012 0.000022  0.000865 0.003974 -0.155494
16  1.099674 0.000048 0.000001  0.000533 0.002522 -0.036855
17  1.111333 -1.232288 1.205378  -1.265543 -0.687339 -0.170270
18  1.789819 -0.000003 -0.000016  -0.006453 0.028501 0.519890
19  1.207015 -0.000013 -0.000043  -0.001769 0.000248 -0.146337
20  5.740636 0.000364 -0.000700  -0.140911 0.000003 0.000060
21  11.480849 0.000010 -0.000856  -0.081908 -0.098523 0.031937
22  6.027523 -0.000330 0.000206  1.674959 -0.614921 1.727249
23  0.000003 11.692097 -0.000007  -1.004964 -0.453296 -0.794595
24  0.000003 0.000006 0.000001  0.528676 -0.000031 1.570738
25  -0.000001 -0.000006 -0.000002  0.868967 -0.000009 1.570721
26  -3.991760 -9.653395 0.826810  1.473120 1.855074 -0.198639
27  6.027513 -0.000263 -0.000224  1.376756 0.698106 -0.783851
28  11.691998 0.000244 0.000861  -0.063526 0.000053 -1.621941
29  11.479383 -0.000948 0.000765  -0.947308 0.379556 0.779376
30  3.859438 -0.132762 1.193063  0.467771 0.012166 -2.080742
31  1.312559 0.000027 -0.000002  -0.002591 -0.086818 -0.325533
32  0.729345 0.000067 -0.000028  -0.149107 -0.099773 -0.829530
33  3.942047 0.050135 0.430998  0.236316 -0.061191 -1.662361
34  1.539097 0.000008 -0.000005  0.035034 -0.043250 -1.002024
35  1.196300 0.000078 -0.000008  -0.022154 0.002073 -0.844399
36  3.883414 -0.050477 -0.431086  0.224120 -0.254107 -1.343752
37  1.719564 -0.000082 -0.000015  0.017488 -0.103675 -1.461475
38  1.209197 0.000035 0.000005  -0.001906 0.071048 -0.519937
39  3.859589 -0.149086 -1.331323  -0.137050 -0.001446 -0.343409
40  1.719414 -0.000095 -0.000050  -0.033115 -0.005101 0.038084
41  1.099673 0.000024 -0.000001  -0.005768 -0.004809 -0.145969
42  0.805982 -0.359849 -1.318339  0.991673 0.166770 -0.799523
43  1.789780 -0.000009 -0.000030  0.000056 -0.002451 0.133096
44  1.206996 -0.000004 0.000014  0.000370 -0.000069 1.058782
45  5.740574 0.000121 0.000728  0.159175 -0.000013 0.000032
46  11.480824 -0.000051 0.000907  0.095704 0.092410 0.115042
47  6.027516 -0.000277 -0.000232  -0.930712 -0.641201 -1.678015
48  -0.000001 11.691979 -0.000006  -1.101235 0.544803 0.853967
49  0.000003 -0.000001 -0.000000  2.209001 -0.000036 1.570861
50  -0.000005 -0.000016 0.000004  2.272646 -0.000031 1.570865
51  -3.176062 -5.331867 -7.243259  -0.060672 -3.054096 1.374554
52  -0.000000 -0.000000 0.000000  0.008153 -0.000259 0.000009
53  -0.000000 -0.000000 -0.000001  1.565115 0.043565 -0.106862
54  0.431598 -14.626913 -6.531743  -0.332466 -0.324245 -1.836876
55  -0.000001 0.000001 -0.000000  0.000000 -0.000000 -0.000002
56  0.000030 0.000030 0.000001  -1.571902 -0.044449 -0.106509
57  11.763297 -1.915990 -11.949186  1.570796 -0.000000 0.000000
58  -15.744420 4.745377 -21.059811  1.570796 -0.000000 0.000000
59  2.267062 0.874880 -3.760543  1.570796 -0.000000 0.000000
60  -0.004311 0.001230 -0.000371  0.006898 -0.005534 -0.284228
61  0.858610 10.209643 -2.211006  1.570796 -0.000000 0.000000
62  0.000000 0.000000 0.000000  -0.078728 -3.136056 0.284225
63  -2.323334 -2.221693 -0.426911  1.560677 0.005739 0.000854
64  -2.268403 -9.654087 -1.852262  1.587469 -0.006153 0.008831
65  -0.039397 -3.107036 0.976858  -0.000000 -0.000000 -0.000000
66  -0.039396 -0.914783 9.564856  -0.000000 -0.000000 -0.000000
67  -0.039396 -3.172347 3.170213  -0.000000 -0.000000 -0.000000
68  -0.039396 -1.229303 3.715099  -0.000000 -0.000000 -0.000000
69  0.408672 -2.529140 3.193418  -0.000000 -0.000000 -0.000000
70  -0.039395 0.091155 10.882012  -0.000000 -0.000000 -0.000000
71  0.872713 0.008025 -1.510460  -0.000000 -0.000000 -0.000000
72  -0.039397 -0.788819 2.900785  -0.000000 -0.000000 -0.000000
73  0.595149 -1.458825 1.529924  -0.000000 -0.000000 -0.000000
74  -2.199282 -14.291082 -6.027236  1.587469 -0.006153 0.008831
75  -0.041877 2.867872 -0.991286  -0.000000 -0.000000 -0.000000
76  -0.168163 2.614668 -0.991287  -0.000000 -0.000000 -0.000000
time 48
0  0.031807 0.000000 -0.000718  -1.570800 -1.391899 -1.570792
1  -3.676403 -0.238821 2.232071  -1.544956 -1.855077 -0.198630
2  6.027520 -0.000328 0.000200  -0.840599 -0.933999 -1.313582
3  11.692102 0.000483 -0.000739  -0.359643 -0.000031 -1.460892
4  11.479113 -0.000686 -0.001041  1.103376 -0.524985 0.452044
5  3.859503 -0.142877 -1.192065  -0.409565 0.364733 -1.597675
6  1.312589 0.000014 0.000005  -0.036693 0.012015 -0.286164
7  0.729356 0.000051 -0.000587  -0.002381 -0.002318 -0.331064
8  3.942141 0.046275 -0.431528  -0.188172 0.454746 -1.245171
9  1.539110 0.000081 -0.000000  -0.010325 -0.010764 -0.218911
10  1.196332 0.000145 0.000025  0.000952 0.000925 -0.447979
11  3.883505 -0.047267 0.431364  0.016689 0.501861 -0.939054
12  1.719572 -0.000026 0.000010  -0.009608 -0.025876 -0.342916
13  1.209179 0.000090 0.000007  -0.001933 0.001250 -0.237948
14  4.087055 -0.081626 1.154294  0.119846 0.490278 -0.828529
15  1.719447 -0.000015 0.000020  -0.005109 -0.008599 -0.224418
16  1.099675 0.000048 0.000002  -0.006988 0.019542 -0.315806
17  1.096513 -1.184233 1.333902  -1.388765 -0.629770 -0.122133
18  1.789820 -0.000006 -0.000016  -0.003250 0.016632 0.579403
19  1.207014 -0.000014 -0.000043  -0.000539 0.000269 -0.140268
20  5.740635 0.000364 -0.000699  -0.132879 0.000003 0.000060
21  11.480828 0.000002 -0.000860  -0.065587 -0.100069 0.051850
22  6.027523 -0.000330 0.000207  1.672740 -0.629781 1.656005
23  0.000001 11.692097 -0.000008  -1.006247 -0.454471 -0.795424
24  0.000002 0.000006 0.000000  0.509455 -0.000031 1.570738
25  -0.000001 -0.000006 -0.000003  0.868967 -0.000009 1.570721
26  -3.991760 -9.653395 0.826810  1.473120 1.855074 -0.198639
27  6.027513 -0.000263 -0.000224  1.376482 0.706134 -0.785481
28  11.691999 0.000245 0.000862  -0.063526 0.000052 -1.608688
29  11.479472 -0.000902 0.000768  -0.945597 0.379300 0.775655
30  3.859437 -0.132762 1.193065  0.467771 0.012166 -2.080742
31  1.312559 0.000026 -0.000003  -0.002591 -0.086818 -0.325533
32  0.729345 0.000065 -0.000028  -0.149107 -0.099773 -0.829530
33  3.942047 0.050136 0.430999  0.236316 -0.061191 -1.662361
34  1.539097 0.000008 -0.000005  0.035034 -0.043250 -1.002024
35  1.196300 0.000077 -0.000007  -0.022154 0.002073 -0.844399
36  3.883413 -0.050476 -0.431085  0.224120 -0.254107 -1.343752
37  1.719565 -0.000080 -0.000015  0.017488 -0.103675 -1.461475
38  1.209197 0.000035 0.000004  -0.001906 0.071048 -0.519937
39  3.859588 -0.149086 -1.331321  -0.138776 -0.040537 -0.248240
40  1.719412 -0.000096 -0.000049  -0.039044 -0.023675 -0.131563
41  1.099673 0.000024 -0.000001  -0.001592 -0.006695 -0.540961
42  0.805982 -0.359849 -1.318337  0.991673 0.166770 -0.799523
43  1.789780 -0.000008 -0.000030  0.000056 -0.002451 0.133096
44  1.206997 -0.000003 0.000014  0.000370 -0.000069 1.058782
45  5.740573 0.000118 0.000727  0.158795 -0.000013 0.000032
46  11.480841 -0.000043 0.000908  0.096161 0.092314 0.114251
47  6.027516 -0.000277 -0.000232  -0.938657 -0.636322 -1.674732
48  -0.000001 11.691982 -0.000007  -1.093457 0.537188 0.849416
49  0.000003 -0.000001 0.000001  2.209001 -0.000036 1.570861
50  -0.000006 -0.000014 0.000004  2.272646 -0.000031 1.570865
51  -3.158407 -5.445146 -7.238616  -0.059360 -3.054970 1.373453
52  0.000000 -0.000000 0.000000  0.008153 -0.000259 0.000009
53  -0.000001 0.000000 0.000000  1.565115 0.043565 -0.106862
54  0.305754 -14.551264 -6.005569  -0.318231 -0.248569 -1.807182
55  0.000002 0.000000 -0.000001  0.000000 -0.000000 -0.000002
56  0.000033 0.000029 0.000000  -1.571901 -0.044449 -0.106509
57  11.250267 -3.296656 -13.182329  1.570796 -0.000000 0.000000
58  -15.744420 4.745377 -21.059811  1.570796 -0.000000 0.000000
59  2.268188 0.888834 -3.577183  1.570796 -0.000000 0.000000
60  -0.004311 0.001230 -0.000371  0.006898 -0.005534 -0.284228
61  0.858610 10.209643 -2.211006  1.570796 -0.000000 0.000000
62  0.000000 0.000000 0.000000  -0.078728 -3.136056 0.284225
63  -2.323334 -2.221693 -0.426911  1.561584 0.005337 0.000592
64  -2.262847 -9.771494 -1.848908  1.588058 -0.007611 0.007840
65  -0.039397 -3.107036 0.976859  0.000000 0.000000 0.000000
66  -0.039396 -0.914783 9.564856  0.000000 0.000000 0.000000
67  -0.039396 -3.172347 3.170213  0.000000 0.000000 0.000000
68  -0.039397 -1.229303 3.715099  0.000000 0.000000 0.000000
69  0.408672 -2.529140 3.193418  0.000000 0.000000 0.000000
70  -0.039395 0.091155 10.882011  0.000000 0.000000 0.000000
71  0.872713 0.008025 -1.510463  0.000000 0.000000 0.000000
72  -0.039397 -0.788819 2.900785  0.000000 0.000000 0.000000
73  0.595149 -1.458825 1.529924  0.000000 0.000000 0.000000
74  -2.192235 -14.406051 -6.026566  1.588058 -0.007611 0.007840
75  -0.041877 2.867871 -0.991286  0.000000 0.000000 0.000000
76  -0.168163 2.614668 -0.991286  0.000000 0.000000 0.000000
time 49
0  0.031807 0.000000 -0.000718  -1.570800 -1.391899 -1.570792
1  -3.676403 -0.238821 2.232071  -1.544956 -1.855077 -0.198630
2  6.027520 -0.000327 0.000200  -0.838954 -0.912929 -1.362465
3  11.692104 0.000484 -0.000740  -0.359643 -0.000031 -1.451787
4  11.479520 -0.000447 -0.000953  1.148125 -0.515477 0.426608
5  3.859501 -0.142877 -1.192066  -0.299854 0.312316 -1.754748
6  1.312590 0.000012 0.000004  -0.110952 0.030763 -0.402966
7  0.729353 0.000053 -0.000109  -0.004842 -0.009073 -0.993507
8  3.942141 0.046276 -0.431529  -0.143531 0.384067 -1.437169
9  1.539110 0.000080 -0.000000  -0.023748 -0.032286 -0.608191
10  1.196334 0.000145 0.000025  0.001502 0.003326 -0.942820
11  3.883506 -0.047267 0.431364  0.014878 0.460872 -1.186497
12  1.719573 -0.000026 0.000010  -0.015645 -0.077029 -0.744145
13  1.209178 0.000091 0.000007  -0.005740 -0.004373 -0.742955
14  4.085551 -0.082351 1.151759  -0.012131 0.451759 -1.270241
15  1.719449 -0.000013 0.000021  -0.013652 -0.029083 -0.372181
16  1.099674 0.000048 0.000002  -0.038130 0.046160 -0.941393
17  1.066872 -1.121250 1.445442  -1.489506 -0.568050 -0.107025
18  1.789819 -0.000005 -0.000017  -0.000799 0.004599 0.622333
19  1.207014 -0.000013 -0.000043  -0.000067 0.000090 -0.138172
20  5.740634 0.000365 -0.000698  -0.124298 0.000003 0.000060
21  11.480909 0.000051 -0.000841  -0.058790 -0.095904 0.049917
22  6.027523 -0.000330 0.000207  1.676027 -0.650709 1.606470
23  0.000002 11.692098 -0.000006  -1.000826 -0.449513 -0.791914
24  0.000002 0.000007 0.000000  0.509455 -0.000031 1.570738
25  -0.000001 -0.000007 -0.000002  0.868967 -0.000009 1.570721
26  -3.991760 -9.653395 0.826810  1.473120 1.855074 -0.198639
27  6.027513 -0.000263 -0.000224  1.382852 0.707155 -0.783016
28  11.691998 0.000244 0.000861  -0.063526 0.000052 -1.605140
29  11.479498 -0.000888 0.000769  -0.963358 0.376131 0.769300
30  3.859438 -0.132762 1.193064  0.467771 0.012166 -2.080742
31  1.312559 0.000027 -0.000003  -0.002591 -0.086818 -0.325533
32  0.729345 0.000064 -0.000028  -0.149107 -0.099773 -0.829530
33  3.942047 0.050135 0.430999  0.236316 -0.061191 -1.662361
34  1.539097 0.000007 -0.000004  0.035034 -0.043250 -1.002024
35  1.196301 0.000077 -0.000009  -0.022154 0.002073 -0.844399
36  3.883414 -0.050476 -0.431085  0.224120 -0.254107 -1.343752
37  1.719564 -0.000080 -0.000015  0.017488 -0.103675 -1.461475
38  1.209198 0.000035 0.000005  -0.001906 0.071048 -0.519937
39  3.859590 -0.149086 -1.331321  -0.144223 -0.079282 -0.152791
40  1.719412 -0.000096 -0.000049  -0.040528 -0.044093 -0.351455
41  1.099674 0.000024 -0.000002  0.002988 -0.006829 -0.935960
42  0.805983 -0.359848 -1.318338  0.991673 0.166770 -0.799523
43  1.789780 -0.000008 -0.000030  0.000056 -0.002451 0.133096
44  1.206997 -0.000004 0.000013  0.000370 -0.000069 1.058782
45  5.740576 0.000118 0.000726  0.155399 -0.000013 0.000032
46  11.480847 -0.000041 0.000907  0.093375 0.090339 0.114109
47  6.027516 -0.000277 -0.000232  -0.935868 -0.631910 -1.678054
48  -0.000002 11.691979 -0.000007  -1.091375 0.535155 0.848189
49  0.000003 -0.000002 -0.000000  2.209001 -0.000036 1.570861
50  -0.000006 -0.000015 0.000004  2.272646 -0.000031 1.570865
51  -3.227510 -5.488344 -7.214647  -0.074526 -3.052130 1.373692
52  0.000000 0.000000 0.000001  0.008153 -0.000259 0.000009
53  -0.000001 0.000000 0.000000  1.565115 0.043565 -0.106862
54  0.245219 -14.598467 -6.036515  -0.333703 -0.251977 -1.804444
55  -0.000001 0.000000 -0.000000  0.000000 -0.000000 -0.000002
56  0.000029 0.000029 0.000001  -1.571901 -0.044449 -0.106509
57  10.870878 -4.864642 -14.955051  1.570796 -0.000000 0.000000
58  -15.744420 4.745377 -21.059811  1.570796 -0.000000 0.000000
59  2.268188 0.888834 -3.577183  1.570796 -0.000000 0.000000
60  -0.004311 0.001230 -0.000371  0.006898 -0.005534 -0.284228
61  0.858610 10.209643 -2.211006  1.570796 -0.000000 0.000000
62  0.000000 0.000000 0.000000  -0.078728 -3.136056 0.284225
63  -2.323334 -2.221693 -0.426911  1.562518 0.004836 0.000323
64  -2.253951 -9.816660 -1.840065  1.588345 0.007759 0.006746
65  -0.039397 -3.107036 0.976860  -0.000000 -0.000000 -0.000000
66  -0.039396 -0.914783 9.564854  -0.000000 -0.000000 -0.000000
67  -0.039396 -3.172346 3.170213  -0.000000 -0.000000 -0.000000
68  -0.039397 -1.229303 3.715099  -0.000000 -0.000000 -0.000000
69  0.408671 -2.529140 3.193418  -0.000000 -0.000000 -0.000000
70  -0.039396 0.091155 10.882010  -0.000000 -0.000000 -0.000000
71  0.872713 0.008025 -1.510463  -0.000000 -0.000000 -0.000000
72  -0.039397 -0.788819 2.900786  -0.000000 -0.000000 -0.000000
73  0.595149 -1.458825 1.529925  -0.000000 -0.000000 -0.000000
74  -2.252636 -14.450520 -6.019089  1.588345 0.007759 0.006746
75  -0.041876 2.867870 -0.991286  -0.000000 -0.000000 -0.000000
76  -0.168163 2.614667 -0.991286  -0.000000 -0.000000 -0.000000
time 50
0  0.031807 0.000000 -0.000718  -1.570800 -1.391899 -1.570792
1  -3.676403 -0.238821 2.232071  -1.544956 -1.855077 -0.198630
2  6.027520 -0.000327 0.000201  -0.836773 -0.893772 -1.390708
3  11.692102 0.000482 -0.000738  -0.359643 -0.000031 -1.459698
4  11.479167 -0.000655 -0.001030  1.171053 -0.516862 0.415998
5  3.859504 -0.142875 -1.192066  -0.257656 0.299724 -1.807550
6  1.312590 0.000012 0.000005  -0.145714 0.036512 -0.457851
7  0.729353 0.000054 0.000048  -0.004438 -0.012266 -1.287785
8  3.942140 0.046277 -0.431529  -0.122558 0.360939 -1.502476
9  1.539110 0.000079 -0.000000  -0.026834 -0.042925 -0.786541
10  1.196335 0.000145 0.000024  0.001298 0.004424 -1.167554
11  3.883508 -0.047265 0.431364  0.018921 0.445806 -1.270099
12  1.719573 -0.000024 0.000011  -0.011908 -0.098744 -0.928545
13  1.209178 0.000091 0.000007  -0.006438 -0.007393 -0.971795
14  4.085228 -0.082711 1.151023  -0.050007 0.426011 -1.419411
15  1.719448 -0.000013 0.000020  -0.016497 -0.038367 -0.441031
16  1.099675 0.000049 0.000002  -0.056039 0.050834 -1.220791
17  1.053438 -1.095056 1.485678  -1.524754 -0.544197 -0.106461
18  1.789819 -0.000004 -0.000016  0.000001 -0.000027 0.636397
19  1.207015 -0.000013 -0.000043  0.000006 -0.000006 -0.137934
20  5.740635 0.000366 -0.000698  -0.120879 0.000003 0.000060
21  11.480841 0.000009 -0.000857  -0.054850 -0.095085 0.049095
22  6.027523 -0.000330 0.000207  1.678507 -0.669814 1.578419
23  0.000001 11.692098 -0.000006  -1.005536 -0.453820 -0.794965
24  0.000002 0.000007 0.000001  0.509455 -0.000031 1.570738
25  -0.000001 -0.000006 -0.000002  0.868967 -0.000009 1.570721
26  -3.991760 -9.653395 0.826810  1.473120 1.855074 -0.198639
27  6.027513 -0.000263 -0.000224  1.388489 0.698593 -0.779149
28  11.691999 0.000245 0.000862  -0.063526 0.000053 -1.619378
29  11.479401 -0.000941 0.000764  -0.980892 0.374556 0.771302
30  3.859438 -0.132762 1.193064  0.467771 0.012166 -2.080742
31  1.312559 0.000027 -0.000001  -0.002591 -0.086818 -0.325533
32  0.729345 0.000066 -0.000029  -0.149107 -0.099773 -0.829530
33  3.942048 0.050135 0.430999  0.236316 -0.061191 -1.662361
34  1.539097 0.000007 -0.000005  0.035034 -0.043250 -1.002024
35  1.196300 0.000077 -0.000008  -0.022154 0.002073 -0.844399
36  3.883414 -0.050476 -0.431085  0.224120 -0.254107 -1.343752
37  1.719564 -0.000080 -0.000015  0.017488 -0.103675 -1.461475
38  1.209197 0.000035 0.000005  -0.001906 0.071048 -0.519937
39  3.859587 -0.149085 -1.331322  -0.147277 -0.093886 -0.116274
40  1.719411 -0.000096 -0.000049  -0.036867 -0.053570 -0.533756
41  1.099673 0.000025 -0.000002  0.004628 -0.006427 -1.080685
42  0.805983 -0.359848 -1.318338  0.991673 0.166770 -0.799523
43  1.789780 -0.000007 -0.000030  0.000056 -0.002451 0.133096
44  1.206997 -0.000004 0.000013  0.000370 -0.000069 1.058782
45  5.740574 0.000119 0.000727  0.153142 -0.000013 0.000032
46  11.480827 -0.000050 0.000906  0.090222 0.089020 0.115467
47  6.027516 -0.000277 -0.000232  -0.924234 -0.633860 -1.684713
48  -0.000001 11.691981 -0.000006  -1.099731 0.543328 0.853091
49  0.000003 -0.000002 0.000000  2.209001 -0.000036 1.570861
50  -0.000007 -0.000014 0.000004  2.272646 -0.000031 1.570865
51  -3.299267 -5.379496 -7.186594  -0.089696 -3.049104 1.373699
52  0.000000 0.000000 0.000000  0.008153 -0.000259 0.000009
53  -0.000000 0.000000 -0.000000  1.565115 0.043565 -0.106862
54  0.178702 -14.494376 -6.061923  -0.349189 -0.255534 -1.801928
55  0.000001 0.000000 -0.000000  0.000000 -0.000000 -0.000002
56  0.000031 0.000029 0.000001  -1.571901 -0.044449 -0.106509
57  10.638525 -6.261499 -16.727772  1.570796 -0.000000 0.000000
58  -15.744420 4.745377 -21.059811  1.570796 -0.000000 0.000000
59  2.268188 0.888834 -3.577183  1.570796 -0.000000 0.000000
60  -0.004311 0.001230 -0.000371  0.006898 -0.005534 -0.284228
61  0.858610 10.209643 -2.211006  1.570796 -0.000000 0.000000
62  0.000000 0.000000 0.000000  -0.078728 -3.136056 0.284225
63  -2.323334 -2.221693 -0.426911  1.563471 0.004224 0.000061
64  -2.248960 -9.709151 -1.827562  1.588430 0.023166 0.005376
65  -0.039397 -3.107036 0.976861  -0.000000 -0.000000 -0.000000
66  -0.039396 -0.914783 9.564857  -0.000000 -0.000000 -0.000000
67  -0.039396 -3.172347 3.170215  -0.000000 -0.000000 -0.000000
68  -0.039396 -1.229303 3.715100  -0.000000 -0.000000 -0.000000
69  0.408672 -2.529140 3.193419  -0.000000 -0.000000 -0.000000
70  -0.039395 0.091155 10.882010  -0.000000 -0.000000 -0.000000
71  0.872714 0.008025 -1.510463  -0.000000 -0.000000 -0.000000
72  -0.039397 -0.788819 2.900788  -0.000000 -0.000000 -0.000000
73  0.595149 -1.458825 1.529926  -0.000000 -0.000000 -0.000000
74  -2.318384 -14.343002 -6.006020  1.588430 0.023166 0.005376
75  -0.041876 2.867871 -0.991286  -0.000000 -0.000000 -0.000000
76  -0.168163 2.614667 -0.991287  -0.000000 -0.000000 -0.000000
time 51
0  0.031807 0.000000 -0.000718  -1.570800 -1.391899 -1.570792
1  -3.676403 -0.238821 2.232071  -1.544956 -1.855077 -0.198630
2  6.027520 -0.000327 0.000201  -0.839865 -0.876767 -1.396610
3  11.692103 0.000483 -0.000739  -0.359644 -0.000033 -1.488125
4  11.480569 0.000058 -0.000763  1.189826 -0.520354 0.427278
5  3.859502 -0.142875 -1.192066  -0.257656 0.299724 -1.807550
6  1.312589 0.000016 0.000005  -0.145714 0.036512 -0.457851
7  0.729356 0.000052 0.000048  -0.004438 -0.012266 -1.287785
8  3.942139 0.046277 -0.431529  -0.122558 0.360939 -1.502476
9  1.539111 0.000082 -0.000000  -0.026834 -0.042925 -0.786541
10  1.196332 0.000142 0.000024  0.001298 0.004424 -1.167554
11  3.883507 -0.047265 0.431364  0.018921 0.445806 -1.270099
12  1.719573 -0.000025 0.000010  -0.011908 -0.098744 -0.928545
13  1.209178 0.000092 0.000008  -0.006438 -0.007393 -0.971795
14  4.085227 -0.082711 1.151023  -0.050007 0.426011 -1.419411
15  1.719449 -0.000015 0.000021  -0.016497 -0.038367 -0.441031
16  1.099674 0.000049 0.000002  -0.056039 0.050834 -1.220791
17  1.053438 -1.095056 1.485679  -1.524754 -0.544197 -0.106461
18  1.789820 -0.000004 -0.000016  0.000001 -0.000027 0.636397
19  1.207014 -0.000014 -0.000043  0.000006 -0.000006 -0.137934
20  5.740636 0.000365 -0.000698  -0.119370 0.000003 0.000060
21  11.481120 0.000152 -0.000804  -0.050757 -0.095382 0.052202
22  6.027523 -0.000330 0.000207  1.684798 -0.686215 1.566177
23  0.000003 11.692096 -0.000006  -1.022422 -0.469399 -0.805797
24  0.000000 0.000006 -0.000000  0.509455 -0.000031 1.570738
25  -0.000001 -0.000007 -0.000001  0.868967 -0.000009 1.570721
26  -3.991760 -9.653395 0.826810  1.473120 1.855074 -0.198639
27  6.027513 -0.000263 -0.000224  1.385011 0.683854 -0.777891
28  11.691999 0.000243 0.000861  -0.063525 0.000055 -1.648270
29  11.479206 -0.001041 0.000758  -0.975770 0.380514 0.787476
30  3.859438 -0.132762 1.193064  0.467771 0.012166 -2.080742
31  1.312559 0.000026 -0.000003  -0.002591 -0.086818 -0.325533
32  0.729346 0.000065 -0.000029  -0.149107 -0.099773 -0.829530
33  3.942048 0.050135 0.430998  0.236316 -0.061191 -1.662361
34  1.539097 0.000008 -0.000005  0.035034 -0.043250 -1.002024
35  1.196300 0.000077 -0.000007  -0.022154 0.002073 -0.844399
36  3.883414 -0.050477 -0.431086  0.224120 -0.254107 -1.343752
37  1.719564 -0.000080 -0.000015  0.017488 -0.103675 -1.461475
38  1.209197 0.000035 0.000005  -0.001906 0.071048 -0.519937
39  3.859588 -0.149085 -1.331322  -0.158069 -0.089268 -0.146953
40  1.719411 -0.000096 -0.000048  -0.029643 -0.047557 -0.708061
41  1.099674 0.000025 -0.000001  -0.004159 0.001359 -1.026710
42  0.805982 -0.359849 -1.318339  0.991673 0.166770 -0.799523
43  1.789781 -0.000007 -0.000030  0.000056 -0.002451 0.133096
44  1.206997 -0.000004 0.000014  0.000370 -0.000069 1.058782
45  5.740575 0.000119 0.000726  0.155897 -0.000013 0.000032
46  11.480788 -0.000070 0.000905  0.090146 0.091085 0.117994
47  6.027516 -0.000277 -0.000232  -0.911808 -0.645039 -1.688654
48  -0.000000 11.691982 -0.000008  -1.116673 0.560020 0.862864
49  0.000004 -0.000003 0.000000  2.209001 -0.000036 1.570861
50  -0.000006 -0.000014 0.000004  2.272646 -0.000031 1.570865
51  -3.274981 -5.127050 -7.181155  -0.085761 -3.048714 1.371142
52  -0.000000 -0.000000 -0.000000  0.008153 -0.000259 0.000009
53  -0.000000 -0.000000 -0.000001  1.565115 0.043565 -0.106862
54  0.178717 -14.248219 -6.032913  -0.345128 -0.255790 -1.805148
55  0.000000 -0.000001 -0.000000  0.000000 -0.000000 -0.000002
56  0.000031 0.000028 0.000000  -1.571902 -0.044449 -0.106509
57  10.529640 -7.171796 -17.960915  1.570796 -0.000000 0.000000
58  -15.744420 4.745377 -21.059811  1.570796 -0.000000 0.000000
59  2.268188 0.888834 -3.577183  1.570796 -0.000000 0.000000
60  -0.004311 0.001230 -0.000371  0.006898 -0.005534 -0.284228
61  0.858610 10.209643 -2.211006  1.570796 -0.000000 0.000000
62  0.000000 0.000000 0.000000  -0.078728 -3.136056 0.284225
63  -2.323334 -2.221693 -0.426911  1.564431 0.003491 -0.000181
64  -2.254353 -9.452784 -1.813230  1.587259 0.019407 0.003158
65  -0.039397 -3.107036 0.976860  0.000000 0.000000 0.000000
66  -0.039396 -0.914783 9.564855  0.000000 0.000000 0.000000
67  -0.039396 -3.172346 3.170214  0.000000 0.000000 0.000000
68  -0.039396 -1.229303 3.715100  0.000000 0.000000 0.000000
69  0.408672 -2.529140 3.193419  0.000000 0.000000 0.000000
70  -0.039395 0.091156 10.882012  0.000000 0.000000 0.000000
71  0.872713 0.008025 -1.510462  0.000000 0.000000 0.000000
72  -0.039397 -0.788819 2.900786  0.000000 0.000000 0.000000
73  0.595149 -1.458825 1.529925  0.000000 0.000000 0.000000
74  -2.318223 -14.091311 -5.986587  1.587259 0.019407 0.003158
75  -0.041877 2.867871 -0.991287  0.000000 0.000000 0.000000
76  -0.168163 2.614668 -0.991287  0.000000 0.000000 0.000000
time 52
0  0.031807 0.000000 -0.000718  -1.570800 -1.391899 -1.570792
1  -3.676403 -0.238821 2.232071  -1.544956 -1.855077 -0.198630
2  6.027520 -0.000327 0.000201  -0.841040 -0.864765 -1.392179
3  11.692101 0.000482 -0.000739  -0.359645 -0.000035 -1.520782
4  11.480300 -0.000104 -0.000822  1.199302 -0.526915 0.444955
5  3.859504 -0.142876 -1.192066  -0.257656 0.299724 -1.807550
6  1.312590 0.000014 0.000005  -0.145714 0.036512 -0.457851
7  0.729354 0.000053 0.000048  -0.004438 -0.012266 -1.287785
8  3.942141 0.046276 -0.431529  -0.122558 0.360939 -1.502476
9  1.539110 0.000081 -0.000000  -0.026834 -0.042925 -0.786541
10  1.196333 0.000143 0.000024  0.001298 0.004424 -1.167554
11  3.883508 -0.047265 0.431365  0.018921 0.445806 -1.270099
12  1.719573 -0.000026 0.000010  -0.011908 -0.098744 -0.928545
13  1.209178 0.000092 0.000008  -0.006438 -0.007393 -0.971795
14  4.085228 -0.082711 1.151023  -0.050007 0.426011 -1.419411
15  1.719448 -0.000010 0.000021  -0.016497 -0.038367 -0.441031
16  1.099675 0.000049 0.000001  -0.056039 0.050834 -1.220791
17  1.053439 -1.095056 1.485679  -1.524754 -0.544198 -0.106461
18  1.789819 -0.000005 -0.000016  0.000001 -0.000027 0.636396
19  1.207015 -0.000013 -0.000043  0.000006 -0.000006 -0.137934
20  5.740637 0.000364 -0.000698  -0.120219 0.000003 0.000060
21  11.481068 0.000119 -0.000815  -0.047984 -0.096723 0.055908
22  6.027523 -0.000330 0.000207  1.688562 -0.697885 1.567307
23  0.000002 11.692097 -0.000007  -1.041753 -0.487495 -0.817980
24  0.000003 0.000006 0.000000  0.509455 -0.000031 1.570738
25  -0.000001 -0.000007 -0.000002  0.868967 -0.000009 1.570721
26  -3.991760 -9.653395 0.826810  1.473120 1.855074 -0.198639
27  6.027513 -0.000263 -0.000225  1.379057 0.667107 -0.777077
28  11.691998 0.000244 0.000861  -0.063525 0.000057 -1.680746
29  11.478992 -0.001144 0.000754  -0.965134 0.390049 0.805810
30  3.859439 -0.132762 1.193065  0.467771 0.012166 -2.080742
31  1.312559 0.000027 -0.000003  -0.002591 -0.086818 -0.325533
32  0.729345 0.000065 -0.000029  -0.149107 -0.099773 -0.829530
33  3.942049 0.050136 0.430999  0.236316 -0.061191 -1.662361
34  1.539097 0.000008 -0.000005  0.035034 -0.043250 -1.002024
35  1.196301 0.000076 -0.000007  -0.022154 0.002073 -0.844399
36  3.883415 -0.050476 -0.431085  0.224120 -0.254107 -1.343752
37  1.719564 -0.000081 -0.000014  0.017488 -0.103675 -1.461475
38  1.209198 0.000035 0.000005  -0.001906 0.071048 -0.519938
39  3.859588 -0.149085 -1.331321  -0.186964 -0.078747 -0.227542
40  1.719410 -0.000096 -0.000048  -0.021793 -0.026787 -0.908811
41  1.099673 0.000025 -0.000001  -0.025152 0.023989 -0.885024
42  0.805983 -0.359849 -1.318338  0.991674 0.166770 -0.799523
43  1.789781 -0.000007 -0.000030  0.000056 -0.002451 0.133096
44  1.206997 -0.000005 0.000014  0.000370 -0.000069 1.058782
45  5.740573 0.000121 0.000726  0.159718 -0.000013 0.000032
46  11.480745 -0.000090 0.000904  0.090674 0.094251 0.120426
47  6.027516 -0.000277 -0.000232  -0.898711 -0.658957 -1.692064
48  -0.000002 11.691983 -0.000006  -1.135702 0.578948 0.873572
49  0.000003 -0.000001 0.000002  2.209001 -0.000036 1.570860
50  -0.000007 -0.000014 0.000005  2.272646 -0.000031 1.570865
51  -3.231047 -4.834200 -7.187962  -0.076964 -3.047460 1.367401
52  -0.000000 -0.000000 0.000000  0.008153 -0.000259 0.000009
53  0.000000 -0.000000 -0.000000  1.565115 0.043565 -0.106862
54  0.186213 -13.961893 -5.983901  -0.336034 -0.256732 -1.810373
55  0.000000 0.000000 0.000000  0.000000 -0.000000 -0.000002
56  0.000031 0.000029 0.000001  -1.571902 -0.044449 -0.106509
57  10.502192 -7.472973 -18.384617  1.570796 -0.000000 0.000000
58  -15.744420 4.745377 -21.059811  1.570796 -0.000000 0.000000
59  2.268188 0.888834 -3.577183  1.570796 -0.000000 0.000000
60  -0.004311 0.001230 -0.000371  0.006898 -0.005534 -0.284228
61  0.858610 10.209643 -2.211006  1.570796 -0.000000 0.000000
62  0.000000 0.000000 0.000000  -0.078728 -3.136056 0.284225
63  -2.323334 -2.221693 -0.426911  1.565387 0.002625 -0.000392
64  -2.267834 -9.146796 -1.798898  1.584264 0.011081 0.000193
65  -0.039397 -3.107035 0.976859  0.000000 -0.000000 0.000000
66  -0.039396 -0.914783 9.564854  0.000000 -0.000000 0.000000
67  -0.039396 -3.172347 3.170215  0.000000 -0.000000 0.000000
68  -0.039396 -1.229303 3.715099  0.000000 -0.000000 0.000000
69  0.408672 -2.529140 3.193418  0.000000 -0.000000 0.000000
70  -0.039395 0.091155 10.882009  0.000000 -0.000000 0.000000
71  0.872713 0.008025 -1.510463  0.000000 -0.000000 0.000000
72  -0.039397 -0.788819 2.900785  0.000000 -0.000000 0.000000
73  0.595149 -1.458825 1.529924  0.000000 -0.000000 0.000000
74  -2.310556 -13.797590 -5.958853  1.584264 0.011081 0.000193
75  -0.041877 2.867871 -0.991286  0.000000 -0.000000 0.000000
76  -0.168163 2.614668 -0.991285  0.000000 -0.000000 0.000000
time 53
0  0.031807 0.000000 -0.000718  -1.570800 -1.391899 -1.570792
1  -3.676403 -0.238821 2.232071  -1.544956 -1.855077 -0.198630
2  6.027520 -0.000327 0.000201  -0.840396 -0.857905 -1.386649
3  11.692102 0.000482 -0.000738  -0.359646 -0.000037 -1.546538
4  11.480094 -0.000221 -0.000868  1.204752 -0.532308 0.459715
5  3.859504 -0.142875 -1.192067  -0.257656 0.299724 -1.807550
6  1.312589 0.000014 0.000004  -0.145714 0.036512 -0.457851
7  0.729354 0.000052 0.000049  -0.004438 -0.012266 -1.287785
8  3.942141 0.046277 -0.431529  -0.122558 0.360939 -1.502476
9  1.539110 0.000083 -0.000001  -0.026834 -0.042925 -0.786541
10  1.196332 0.000146 0.000024  0.001298 0.004424 -1.167554
11  3.883507 -0.047265 0.431365  0.018921 0.445806 -1.270099
12  1.719573 -0.000027 0.000010  -0.011908 -0.098744 -0.928545
13  1.209180 0.000090 0.000008  -0.006438 -0.007393 -0.971795
14  4.085229 -0.082711 1.151024  -0.050007 0.426011 -1.419411
15  1.719449 -0.000015 0.000021  -0.016497 -0.038367 -0.441031
16  1.099675 0.000050 0.000002  -0.056039 0.050834 -1.220791
17  1.053437 -1.095056 1.485679  -1.524754 -0.544197 -0.106461
18  1.789819 -0.000004 -0.000016  0.000001 -0.000027 0.636397
19  1.207015 -0.000013 -0.000042  0.000006 -0.000006 -0.137934
20  5.740635 0.000363 -0.000698  -0.121494 0.000003 0.000060
21  11.481026 0.000095 -0.000824  -0.046119 -0.097896 0.058869
22  6.027523 -0.000330 0.000207  1.689650 -0.704708 1.572624
23  0.000002 11.692097 -0.000007  -1.056956 -0.501913 -0.827391
24  0.000003 0.000008 -0.000001  0.509455 -0.000031 1.570738
25  -0.000001 -0.000007 -0.000002  0.868967 -0.000009 1.570721
26  -3.991760 -9.653395 0.826810  1.473120 1.855074 -0.198639
27  6.027513 -0.000263 -0.000225  1.373369 0.653510 -0.776569
28  11.691998 0.000243 0.000862  -0.063525 0.000059 -1.706612
29  11.480534 -0.000291 0.000809  -0.954555 0.400079 0.819965
30  3.859438 -0.132762 1.193064  0.467771 0.012166 -2.080742
31  1.312560 0.000025 -0.000003  -0.002591 -0.086818 -0.325533
32  0.729345 0.000065 -0.000028  -0.149107 -0.099773 -0.829530
33  3.942048 0.050135 0.430999  0.236316 -0.061191 -1.662361
34  1.539097 0.000008 -0.000004  0.035034 -0.043250 -1.002024
35  1.196300 0.000078 -0.000008  -0.022154 0.002073 -0.844399
36  3.883414 -0.050476 -0.431085  0.224120 -0.254107 -1.343752
37  1.719564 -0.000080 -0.000014  0.017488 -0.103675 -1.461475
38  1.209196 0.000035 0.000005  -0.001906 0.071048 -0.519937
39  3.859587 -0.149085 -1.331321  -0.216594 -0.070583 -0.308345
40  1.719410 -0.000097 -0.000048  -0.018676 -0.004688 -1.062054
41  1.099674 0.000025 -0.000001  -0.042753 0.049352 -0.743716
42  0.805983 -0.359849 -1.318338  0.991673 0.166770 -0.799523
43  1.789780 -0.000007 -0.000029  0.000056 -0.002451 0.133096
44  1.206997 -0.000004 0.000013  0.000370 -0.000069 1.058782
45  5.740575 0.000119 0.000727  0.162979 -0.000013 0.000032
46  11.481053 0.000079 0.000916  0.091245 0.097339 0.121990
47  6.027516 -0.000277 -0.000232  -0.888478 -0.670798 -1.694380
48  -0.000002 11.691981 -0.000006  -1.150854 0.594143 0.881884
49  0.000003 -0.000001 0.000001  2.209001 -0.000036 1.570861
50  -0.000007 -0.000014 0.000004  2.272646 -0.000031 1.570865
51  -3.190090 -4.596973 -7.200820  -0.067929 -3.045162 1.363415
52  0.000000 -0.000000 -0.000000  0.008153 -0.000259 0.000009
53  0.000000 0.000000 0.000000  1.565115 0.043565 -0.106862
54  0.188316 -13.730238 -5.931143  -0.326651 -0.258696 -1.815890
55  -0.000001 0.000000 0.000000  0.000000 -0.000000 -0.000002
56  0.000030 0.000029 0.000001  -1.571901 -0.044449 -0.106509
57  10.502192 -7.472973 -18.384617  1.570796 -0.000000 0.000000
58  -15.744420 4.745377 -21.059811  1.570796 -0.000000 0.000000
59  2.268188 0.888834 -3.577183  1.570796 -0.000000 0.000000
60  -0.004311 0.001230 -0.000371  0.006898 -0.005534 -0.284228
61  0.858610 10.209643 -2.211006  1.570796 -0.000000 0.000000
62  0.000000 0.000000 0.000000  -0.078728 -3.136056 0.284225
63  -2.323334 -2.221693 -0.426911  1.566323 0.001532 -0.000558
64  -2.285359 -8.890429 -1.786396  1.580191 0.002739 -0.002961
65  -0.039397 -3.107036 0.976861  -0.000000 -0.000000 0.000000
66  -0.039396 -0.914783 9.564855  -0.000000 -0.000000 0.000000
67  -0.039396 -3.172347 3.170216  -0.000000 -0.000000 0.000000
68  -0.039396 -1.229303 3.715102  -0.000000 -0.000000 0.000000
69  0.408672 -2.529140 3.193419  -0.000000 -0.000000 0.000000
70  -0.039396 0.091155 10.882011  -0.000000 -0.000000 0.000000
71  0.872713 0.008025 -1.510459  -0.000000 -0.000000 0.000000
72  -0.039397 -0.788819 2.900787  -0.000000 -0.000000 0.000000
73  0.595149 -1.458825 1.529926  -0.000000 -0.000000 0.000000
74  -2.308046 -13.558070 -5.927594  1.580191 0.002739 -0.002961
75  -0.041877 2.867871 -0.991286  -0.000000 -0.000000 0.000000
76  -0.168163 2.614667 -0.991285  -0.000000 -0.000000 0.000000
time 54
0  0.031807 0.000000 -0.000718  -1.570800 -1.391899 -1.570792
1  -3.676403 -0.238821 2.232071  -1.544956 -1.855077 -0.198630
2  6.027520 -0.000327 0.000201  -0.838228 -0.856930 -1.386890
3  11.692101 0.000484 -0.000739  -0.359646 -0.000037 -1.554715
4  11.480029 -0.000255 -0.000880  1.209112 -0.532885 0.462782
5  3.859504 -0.142875 -1.192066  -0.257656 0.299724 -1.807550
6  1.312590 0.000014 0.000004  -0.145714 0.036512 -0.457851
7  0.729355 0.000054 0.000048  -0.004438 -0.012266 -1.287785
8  3.942142 0.046277 -0.431529  -0.122558 0.360939 -1.502476
9  1.539111 0.000083 -0.000001  -0.026834 -0.042925 -0.786541
10  1.196333 0.000145 0.000025  0.001298 0.004424 -1.167554
11  3.883507 -0.047265 0.431364  0.018921 0.445806 -1.270099
12  1.719573 -0.000026 0.000010  -0.011908 -0.098744 -0.928545
13  1.209176 0.000092 0.000008  -0.006438 -0.007393 -0.971795
14  4.085227 -0.082711 1.151023  -0.050007 0.426011 -1.419411
15  1.719448 -0.000013 0.000021  -0.016497 -0.038367 -0.441031
16  1.099674 0.000050 0.000002  -0.056039 0.050834 -1.220791
17  1.053439 -1.095056 1.485678  -1.524754 -0.544197 -0.106461
18  1.789818 -0.000005 -0.000016  0.000001 -0.000027 0.636396
19  1.207015 -0.000013 -0.000042  0.000006 -0.000006 -0.137934
20  5.740634 0.000366 -0.000699  -0.121544 0.000003 0.000060
21  11.481012 0.000089 -0.000827  -0.045162 -0.097912 0.059692
22  6.027523 -0.000330 0.000207  1.688047 -0.705923 1.575061
23  0.000002 11.692097 -0.000006  -1.061775 -0.506515 -0.830342
24  0.000003 0.000007 0.000001  0.509455 -0.000031 1.570738
25  -0.000001 -0.000007 -0.000002  0.868967 -0.000009 1.570721
26  -3.991760 -9.653395 0.826810  1.473120 1.855074 -0.198639
27  6.027513 -0.000263 -0.000225  1.370871 0.648317 -0.776449
28  11.691998 0.000243 0.000862  -0.063525 0.000060 -1.715589
29  11.480448 -0.000349 0.000805  -0.949781 0.407258 0.823477
30  3.859439 -0.132762 1.193065  0.467771 0.012166 -2.080742
31  1.312559 0.000026 -0.000002  -0.002591 -0.086818 -0.325533
32  0.729346 0.000064 -0.000028  -0.149107 -0.099773 -0.829530
33  3.942049 0.050136 0.430999  0.236316 -0.061191 -1.662361
34  1.539097 0.000007 -0.000005  0.035034 -0.043250 -1.002024
35  1.196301 0.000077 -0.000008  -0.022154 0.002073 -0.844399
36  3.883415 -0.050476 -0.431085  0.224120 -0.254107 -1.343752
37  1.719564 -0.000081 -0.000015  0.017488 -0.103675 -1.461474
38  1.209198 0.000034 0.000004  -0.001906 0.071048 -0.519937
39  3.859589 -0.149085 -1.331321  -0.228052 -0.068101 -0.339217
40  1.719411 -0.000097 -0.000048  -0.018416 0.003886 -1.114011
41  1.099673 0.000023 -0.000002  -0.048482 0.059604 -0.690076
42  0.805984 -0.359848 -1.318338  0.991673 0.166770 -0.799523
43  1.789780 -0.000007 -0.000030  0.000056 -0.002451 0.133096
44  1.206997 -0.000004 0.000013  0.000370 -0.000069 1.058782
45  5.740573 0.000120 0.000726  0.164046 -0.000013 0.000032
46  11.481036 0.000069 0.000915  0.091357 0.099090 0.121964
47  6.027516 -0.000277 -0.000232  -0.884745 -0.675530 -1.695074
48  -0.000001 11.691981 -0.000006  -1.156114 0.599442 0.884724
49  0.000002 -0.000002 -0.000000  2.209001 -0.000036 1.570860
50  -0.000006 -0.000015 0.000005  2.272646 -0.000031 1.570865
51  -3.175079 -4.511054 -7.214345  -0.063294 -3.041602 1.360144
52  0.000000 -0.000000 0.000000  0.008153 -0.000259 0.000009
53  0.000001 0.000000 -0.000000  1.565115 0.043565 -0.106862
54  0.172704 -13.648033 -5.891414  -0.321741 -0.262078 -1.819971
55  0.000002 -0.000000 0.000001  0.000000 -0.000000 -0.000002
56  0.000031 0.000029 0.000002  -1.571901 -0.044449 -0.106509
57  10.502192 -7.472973 -18.384617  1.570796 -0.000000 0.000000
58  -15.744420 4.745377 -21.059811  1.570796 -0.000000 0.000000
59  2.268188 0.888834 -3.577183  1.570796 -0.000000 0.000000
60  -0.004311 0.001230 -0.000371  0.006898 -0.005534 -0.284228
61  0.858610 10.209643 -2.211006  1.570796 -0.000000 0.000000
62  0.000000 0.000000 0.000000  -0.078728 -3.136056 0.284225
63  -2.323334 -2.221693 -0.426911  1.567219 0.000241 -0.000666
64  -2.302885 -8.782920 -1.777553  1.575767 -0.001053 -0.005782
65  -0.039397 -3.107035 0.976860  -0.000000 0.000000 0.000000
66  -0.039396 -0.914783 9.564856  -0.000000 0.000000 0.000000
67  -0.039396 -3.172346 3.170215  -0.000000 0.000000 0.000000
68  -0.039396 -1.229303 3.715100  -0.000000 0.000000 0.000000
69  0.408672 -2.529140 3.193419  -0.000000 0.000000 0.000000
70  -0.039396 0.091155 10.882010  -0.000000 0.000000 0.000000
71  0.872713 0.008025 -1.510464  -0.000000 0.000000 0.000000
72  -0.039397 -0.788819 2.900787  -0.000000 0.000000 0.000000
73  0.595149 -1.458825 1.529925  -0.000000 0.000000 0.000000
74  -2.323157 -13.468843 -5.898065  1.575767 -0.001053 -0.005782
75  -0.041877 2.867872 -0.991286  -0.000000 0.000000 0.000000
76  -0.168163 2.614668 -0.991287  -0.000000 0.000000 0.000000
time 55
0  0.031807 0.000000 -0.000718  -1.570800 -1.391899 -1.570792
1  -3.676403 -0.238821 2.232071  -1.544956 -1.855077 -0.198630
2  6.027520 -0.000327 0.000201  -0.835109 -0.862839 -1.393531
3  11.692102 0.000483 -0.000739  -0.359645 -0.000036 -1.541051
4  11.480138 -0.000197 -0.000860  1.211514 -0.527452 0.451578
5  3.859503 -0.142876 -1.192066  -0.257656 0.299724 -1.807550
6  1.312590 0.000014 0.000004  -0.145714 0.036512 -0.457851
7  0.729353 0.000052 0.000048  -0.004438 -0.012266 -1.287785
8  3.942142 0.046277 -0.431529  -0.122558 0.360939 -1.502476
9  1.539110 0.000083 -0.000000  -0.026834 -0.042925 -0.786541
10  1.196334 0.000145 0.000024  0.001298 0.004424 -1.167554
11  3.883505 -0.047266 0.431364  0.018921 0.445806 -1.270099
12  1.719573 -0.000024 0.000010  -0.011908 -0.098744 -0.928545
13  1.209176 0.000092 0.000008  -0.006438 -0.007393 -0.971795
14  4.085227 -0.082712 1.151023  -0.050007 0.426011 -1.419411
15  1.719449 -0.000012 0.000020  -0.016497 -0.038367 -0.441031
16  1.099675 0.000049 0.000002  -0.056039 0.050834 -1.220791
17  1.053438 -1.095056 1.485679  -1.524754 -0.544197 -0.106461
18  1.789818 -0.000003 -0.000015  0.000001 -0.000027 0.636397
19  1.207016 -0.000013 -0.000043  0.000006 -0.000006 -0.137934
20  5.740637 0.000363 -0.000698  -0.120037 0.000003 0.000060
21  11.481036 0.000100 -0.000822  -0.045440 -0.096527 0.057871
22  6.027523 -0.000330 0.000207  1.684055 -0.700465 1.573365
23  0.000001 11.692095 -0.000007  -1.053720 -0.498830 -0.825401
24  0.000003 0.000007 -0.000002  0.509455 -0.000031 1.570738
25  -0.000002 -0.000007 -0.000002  0.868967 -0.000009 1.570721
26  -3.991760 -9.653395 0.826810  1.473120 1.855074 -0.198639
27  6.027513 -0.000263 -0.000225  1.372627 0.653727 -0.776883
28  11.691998 0.000245 0.000861  -0.063525 0.000059 -1.703546
29  11.480561 -0.000271 0.000808  -0.952657 0.409746 0.814060
30  3.859439 -0.132762 1.193064  0.467771 0.012166 -2.080742
31  1.312560 0.000026 -0.000003  -0.002591 -0.086818 -0.325533
32  0.729345 0.000065 -0.000028  -0.149107 -0.099773 -0.829530
33  3.942047 0.050135 0.430999  0.236316 -0.061191 -1.662361
34  1.539097 0.000007 -0.000006  0.035034 -0.043250 -1.002024
35  1.196301 0.000077 -0.000007  -0.022154 0.002073 -0.844399
36  3.883413 -0.050476 -0.431086  0.224120 -0.254107 -1.343752
37  1.719564 -0.000081 -0.000015  0.017488 -0.103675 -1.461475
38  1.209197 0.000035 0.000005  -0.001906 0.071048 -0.519937
39  3.859587 -0.149085 -1.331321  -0.228052 -0.068101 -0.339217
40  1.719412 -0.000097 -0.000048  -0.018416 0.003886 -1.114011
41  1.099674 0.000025 -0.000002  -0.048482 0.059604 -0.690076
42  0.805982 -0.359848 -1.318338  0.991673 0.166770 -0.799523
43  1.789780 -0.000007 -0.000030  0.000056 -0.002451 0.133096
44  1.206997 -0.000004 0.000014  0.000370 -0.000069 1.058782
45  5.740573 0.000120 0.000726  0.162405 -0.000013 0.000032
46  11.481060 0.000084 0.000915  0.090951 0.098954 0.120147
47  6.027516 -0.000277 -0.000232  -0.889156 -0.671134 -1.693821
48  -0.000001 11.691981 -0.000006  -1.149058 0.592337 0.880910
49  0.000003 -0.000002 0.000000  2.209001 -0.000036 1.570861
50  -0.000007 -0.000015 0.000004  2.272646 -0.000031 1.570865
51  -3.191769 -4.619068 -7.226336  -0.064573 -3.037190 1.358254
52  -0.000001 -0.000000 0.000001  0.008153 -0.000259 0.000009
53  -0.000000 0.000000 -0.000000  1.565115 0.043565 -0.106862
54  0.140457 -13.757385 -5.873687  -0.322883 -0.266535 -1.821693
55  0.000001 0.000000 -0.000001  0.000000 -0.000000 -0.000002
56  0.000032 0.000029 0.000000  -1.571901 -0.044449 -0.106509
57  10.502192 -7.472973 -18.384617  1.570796 -0.000000 0.000000
58  -15.744420 4.745377 -21.059811  1.570796 -0.000000 0.000000
59  2.268188 0.888834 -3.577183  1.570796 -0.000000 0.000000
60  -0.004311 0.001230 -0.000371  0.006898 -0.005534 -0.284228
61  0.858610 10.209643 -2.211006  1.570796 -0.000000 0.000000
62  0.000000 0.000000 0.000000  -0.078728 -3.136056 0.284225
63  -2.323334 -2.221693 -0.426911  1.568056 -0.001072 -0.000704
64  -2.316366 -8.870672 -1.774199  1.571707 0.001090 -0.007802
65  -0.039397 -3.107036 0.976859  0.000000 -0.000000 -0.000000
66  -0.039396 -0.914783 9.564855  0.000000 -0.000000 -0.000000
67  -0.039396 -3.172347 3.170214  0.000000 -0.000000 -0.000000
68  -0.039397 -1.229303 3.715099  0.000000 -0.000000 -0.000000
69  0.408672 -2.529140 3.193417  0.000000 -0.000000 -0.000000
70  -0.039396 0.091155 10.882012  0.000000 -0.000000 -0.000000
71  0.872714 0.008025 -1.510463  0.000000 -0.000000 -0.000000
72  -0.039397 -0.788819 2.900786  0.000000 -0.000000 -0.000000
73  0.595149 -1.458825 1.529925  0.000000 -0.000000 -0.000000
74  -2.355046 -13.573170 -5.875656  1.571707 0.001090 -0.007802
75  -0.041877 2.867872 -0.991287  0.000000 -0.000000 -0.000000
76  -0.168163 2.614668 -0.991287  0.000000 -0.000000 -0.000000
time 56
0  0.031807 0.000000 -0.000718  -1.570800 -1.391899 -1.570792
1  -3.676403 -0.238821 2.232071  -1.544956 -1.855077 -0.198630
2  6.027520 -0.000327 0.000201  -0.832476 -0.870493 -1.401441
3  11.692103 0.000483 -0.000740  -0.359645 -0.000035 -1.520005
4  11.480304 -0.000097 -0.000821  1.212326 -0.520651 0.435792
5  3.859503 -0.142876 -1.192066  -0.257656 0.299724 -1.807550
6  1.312589 0.000014 0.000004  -0.145714 0.036512 -0.457851
7  0.729353 0.000054 0.000048  -0.004438 -0.012266 -1.287785
8  3.942141 0.046276 -0.431529  -0.122558 0.360939 -1.502476
9  1.539110 0.000083 -0.000000  -0.026834 -0.042925 -0.786541
10  1.196335 0.000145 0.000024  0.001298 0.004424 -1.167554
11  3.883507 -0.047265 0.431364  0.018921 0.445806 -1.270099
12  1.719573 -0.000028 0.000010  -0.011908 -0.098744 -0.928545
13  1.209178 0.000092 0.000008  -0.006438 -0.007393 -0.971795
14  4.085227 -0.082712 1.151023  -0.050007 0.426011 -1.419411
15  1.719449 -0.000012 0.000022  -0.016497 -0.038367 -0.441031
16  1.099675 0.000050 0.000002  -0.056039 0.050834 -1.220791
17  1.053438 -1.095057 1.485679  -1.524754 -0.544197 -0.106461
18  1.789820 -0.000005 -0.000016  0.000001 -0.000027 0.636397
19  1.207016 -0.000014 -0.000042  0.000006 -0.000006 -0.137934
20  5.740635 0.000365 -0.000698  -0.118169 0.000003 0.000060
21  11.481066 0.000120 -0.000815  -0.046244 -0.094835 0.055117
22  6.027523 -0.000330 0.000207  1.680153 -0.693217 1.569966
23  0.000001 11.692097 -0.000006  -1.041294 -0.487062 -0.817694
24  0.000002 0.000007 0.000000  0.509455 -0.000031 1.570738
25  -0.000001 -0.000007 -0.000001  0.868967 -0.000009 1.570721
26  -3.991760 -9.653395 0.826810  1.473120 1.855074 -0.198639
27  6.027513 -0.000263 -0.000225  1.375782 0.663202 -0.777563
28  11.691998 0.000246 0.000861  -0.063525 0.000057 -1.683486
29  11.478976 -0.001153 0.000752  -0.958738 0.409281 0.799819
30  3.859437 -0.132762 1.193064  0.467771 0.012166 -2.080742
31  1.312559 0.000026 -0.000002  -0.002591 -0.086818 -0.325533
32  0.729346 0.000065 -0.000028  -0.149107 -0.099773 -0.829530
33  3.942047 0.050135 0.430999  0.236316 -0.061191 -1.662361
34  1.539097 0.000006 -0.000004  0.035034 -0.043250 -1.002024
35  1.196301 0.000077 -0.000007  -0.022154 0.002073 -0.844399
36  3.883413 -0.050476 -0.431085  0.224120 -0.254107 -1.343752
37  1.719564 -0.000080 -0.000014  0.017488 -0.103675 -1.461475
38  1.209199 0.000036 0.000005  -0.001906 0.071048 -0.519937
39  3.859588 -0.149085 -1.331321  -0.228052 -0.068101 -0.339217
40  1.719411 -0.000097 -0.000048  -0.018416 0.003886 -1.114011
41  1.099673 0.000024 -0.000001  -0.048482 0.059604 -0.690076
42  0.805983 -0.359849 -1.318338  0.991673 0.166770 -0.799523
43  1.789781 -0.000008 -0.000030  0.000056 -0.002451 0.133096
44  1.206996 -0.000004 0.000013  0.000370 -0.000069 1.058782
45  5.740574 0.000119 0.000725  0.159730 -0.000013 0.000032
46  11.480743 -0.000093 0.000904  0.090390 0.097886 0.117754
47  6.027516 -0.000277 -0.000232  -0.896784 -0.663382 -1.691711
48  -0.000003 11.691981 -0.000006  -1.137307 0.580553 0.874461
49  0.000003 -0.000002 -0.000000  2.209001 -0.000036 1.570861
50  -0.000008 -0.000014 0.000004  2.272646 -0.000031 1.570865
51  -3.219732 -4.797351 -7.238506  -0.068596 -3.033329 1.357924
52  0.000000 -0.000000 0.000000  0.008153 -0.000259 0.000009
53  -0.000000 -0.000000 0.000000  1.565115 0.043565 -0.106862
54  0.111996 -13.934211 -5.874833  -0.326876 -0.270546 -1.821390
55  -0.000000 -0.000000 0.000000  0.000000 -0.000000 -0.000002
56  0.000030 0.000029 0.000001  -1.571901 -0.044449 -0.106509
57  10.502192 -7.472973 -18.384617  1.570796 -0.000000 0.000000
58  -15.744420 4.745377 -21.059811  1.570796 -0.000000 0.000000
59  2.268188 0.888834 -3.577183  1.570796 -0.000000 0.000000
60  -0.004311 0.001230 -0.000371  0.006898 -0.005534 -0.284228
61  0.858610 10.209643 -2.211006  1.570796 -0.000000 0.000000
62  0.000000 0.000000 0.000000  -0.078728 -3.136056 0.284225
63  -2.323334 -2.221693 -0.426911  1.568816 -0.002228 -0.000651
64  -2.321758 -9.033642 -1.778126  1.568739 0.005791 -0.008569
65  -0.039397 -3.107037 0.976859  0.000000 0.000000 -0.000000
66  -0.039396 -0.914783 9.564853  0.000000 0.000000 -0.000000
67  -0.039396 -3.172347 3.170214  0.000000 0.000000 -0.000000
68  -0.039397 -1.229303 3.715099  0.000000 0.000000 -0.000000
69  0.408671 -2.529140 3.193417  0.000000 0.000000 -0.000000
70  -0.039396 0.091155 10.882010  0.000000 0.000000 -0.000000
71  0.872713 0.008025 -1.510463  0.000000 0.000000 -0.000000
72  -0.039397 -0.788819 2.900785  0.000000 0.000000 -0.000000
73  0.595149 -1.458825 1.529925  0.000000 0.000000 -0.000000
74  -2.383350 -13.748096 -5.865552  1.568739 0.005791 -0.008569
75  -0.041877 2.867871 -0.991287  0.000000 0.000000 -0.000000
76  -0.168163 2.614667 -0.991287  0.000000 0.000000 -0.000000
time 57
0  0.031807 0.000000 -0.000718  -1.570800 -1.391899 -1.570792
1  -3.676403 -0.238821 2.232071  -1.544956 -1.855077 -0.198630
2  6.027520 -0.000327 0.000201  -0.831506 -0.873657 -1.404650
3  11.692102 0.000482 -0.000739  -0.359645 -0.000034 -1.509335
4  11.480392 -0.000045 -0.000803  1.211017 -0.519016 0.426677
5  3.859503 -0.142876 -1.192066  -0.257656 0.299724 -1.807550
6  1.312590 0.000013 0.000005  -0.145714 0.036512 -0.457851
7  0.729354 0.000053 0.000049  -0.004438 -0.012266 -1.287785
8  3.942141 0.046276 -0.431529  -0.122558 0.360939 -1.502476
9  1.539110 0.000080 -0.000000  -0.026834 -0.042925 -0.786541
10  1.196334 0.000144 0.000024  0.001298 0.004424 -1.167554
11  3.883506 -0.047266 0.431364  0.018921 0.445806 -1.270099
12  1.719573 -0.000027 0.000010  -0.011908 -0.098744 -0.928545
13  1.209178 0.000091 0.000008  -0.006438 -0.007393 -0.971795
14  4.085227 -0.082711 1.151023  -0.050007 0.426011 -1.419411
15  1.719449 -0.000012 0.000020  -0.016497 -0.038367 -0.441031
16  1.099676 0.000048 0.000002  -0.056039 0.050834 -1.220791
17  1.053438 -1.095057 1.485679  -1.524754 -0.544197 -0.106461
18  1.789818 -0.000004 -0.000017  0.000001 -0.000027 0.636397
19  1.207017 -0.000013 -0.000042  0.000006 -0.000006 -0.137934
20  5.740634 0.000365 -0.000698  -0.117631 0.000003 0.000060
21  11.481084 0.000131 -0.000812  -0.046910 -0.094360 0.053335
22  6.027523 -0.000330 0.000207  1.678662 -0.690203 1.568450
23  0.000001 11.692097 -0.000007  -1.034985 -0.481128 -0.813742
24  0.000003 0.000007 0.000000  0.509455 -0.000031 1.570738
25  -0.000001 -0.000007 -0.000002  0.868967 -0.000009 1.570721
26  -3.991760 -9.653395 0.826810  1.473120 1.855074 -0.198639
27  6.027513 -0.000263 -0.000225  1.378059 0.667620 -0.777552
28  11.691999 0.000246 0.000861  -0.063525 0.000057 -1.672909
29  11.479045 -0.001122 0.000754  -0.964570 0.407469 0.790534
30  3.859438 -0.132762 1.193065  0.467771 0.012166 -2.080742
31  1.312559 0.000027 -0.000003  -0.002591 -0.086818 -0.325533
32  0.729346 0.000064 -0.000027  -0.149107 -0.099773 -0.829530
33  3.942048 0.050135 0.430999  0.236316 -0.061191 -1.662361
34  1.539097 0.000008 -0.000005  0.035034 -0.043250 -1.002024
35  1.196301 0.000076 -0.000009  -0.022154 0.002073 -0.844399
36  3.883414 -0.050476 -0.431085  0.224120 -0.254107 -1.343752
37  1.719564 -0.000082 -0.000015  0.017488 -0.103675 -1.461474
38  1.209199 0.000035 0.000005  -0.001906 0.071048 -0.519937
39  3.859588 -0.149085 -1.331320  -0.228052 -0.068101 -0.339217
40  1.719411 -0.000097 -0.000047  -0.018416 0.003886 -1.114011
41  1.099673 0.000025 -0.000002  -0.048482 0.059604 -0.690076
42  0.805983 -0.359849 -1.318338  0.991673 0.166770 -0.799523
43  1.789781 -0.000007 -0.000030  0.000056 -0.002451 0.133096
44  1.206997 -0.000004 0.000013  0.000370 -0.000069 1.058782
45  5.740573 0.000118 0.000725  0.157787 -0.000013 0.000032
46  11.480755 -0.000087 0.000904  0.089809 0.096804 0.116384
47  6.027516 -0.000277 -0.000232  -0.899831 -0.659265 -1.691235
48  -0.000002 11.691981 -0.000006  -1.131111 0.574365 0.871015
49  0.000004 -0.000002 0.000000  2.209001 -0.000036 1.570861
50  -0.000007 -0.000014 0.000004  2.272646 -0.000031 1.570865
51  -3.245267 -4.891991 -7.248737  -0.072971 -3.031258 1.359316
52  0.000000 -0.000000 0.000000  0.008153 -0.000259 0.000009
53  -0.000000 0.000000 0.000000  1.565115 0.043565 -0.106862
54  0.101198 -14.024286 -5.890591  -0.331307 -0.272778 -1.819286
55  0.000000 0.000000 -0.000001  0.000000 -0.000000 -0.000002
56  0.000030 0.000029 0.000000  -1.571901 -0.044449 -0.106509
57  10.502192 -7.472973 -18.384617  1.570796 -0.000000 0.000000
58  -15.744420 4.745377 -21.059811  1.570796 -0.000000 0.000000
59  2.268188 0.888834 -3.577183  1.570796 -0.000000 0.000000
60  -0.004311 0.001230 -0.000371  0.006898 -0.005534 -0.284228
61  0.858610 10.209643 -2.211006  1.570796 -0.000000 0.000000
62  0.000000 0.000000 0.000000  -0.078728 -3.136056 0.284225
63  -2.323334 -2.221693 -0.426911  1.569479 -0.003051 -0.000521
64  -2.317825 -9.121394 -1.787943  1.567592 0.010469 -0.007664
65  -0.039397 -3.107036 0.976861  0.000000 -0.000000 -0.000000
66  -0.039396 -0.914783 9.564856  0.000000 -0.000000 -0.000000
67  -0.039396 -3.172347 3.170215  0.000000 -0.000000 -0.000000
68  -0.039396 -1.229303 3.715101  0.000000 -0.000000 -0.000000
69  0.408672 -2.529140 3.193418  0.000000 -0.000000 -0.000000
70  -0.039395 0.091155 10.882011  0.000000 -0.000000 -0.000000
71  0.872713 0.008025 -1.510463  0.000000 -0.000000 -0.000000
72  -0.039397 -0.788819 2.900787  0.000000 -0.000000 -0.000000
73  0.595149 -1.458825 1.529926  0.000000 -0.000000 -0.000000
74  -2.394247 -13.840437 -5.869818  1.567592 0.010469 -0.007664
75  -0.041877 2.867871 -0.991286  0.000000 -0.000000 -0.000000
76  -0.168163 2.614667 -0.991286  0.000000 -0.000000 -0.000000
time 58
0  0.031807 0.000000 -0.000718  -1.570800 -1.391899 -1.570792
1  -3.676403 -0.238821 2.232071  -1.544956 -1.855077 -0.198630
2  6.027520 -0.000327 0.000201  -0.832808 -0.871168 -1.401844
3  11.692103 0.000484 -0.000740  -0.359645 -0.000035 -1.513458
4  11.480358 -0.000072 -0.000809  1.209208 -0.522848 0.427579
5  3.859505 -0.142875 -1.192065  -0.257656 0.299724 -1.807550
6  1.312590 0.000016 0.000004  -0.145714 0.036512 -0.457851
7  0.729355 0.000054 0.000048  -0.004438 -0.012266 -1.287785
8  3.942142 0.046277 -0.431528  -0.122558 0.360939 -1.502476
9  1.539110 0.000084 -0.000000  -0.026834 -0.042925 -0.786541
10  1.196333 0.000144 0.000025  0.001298 0.004424 -1.167554
11  3.883509 -0.047265 0.431365  0.018921 0.445806 -1.270099
12  1.719573 -0.000025 0.000010  -0.011908 -0.098744 -0.928545
13  1.209179 0.000090 0.000007  -0.006438 -0.007393 -0.971795
14  4.085229 -0.082711 1.151024  -0.050007 0.426011 -1.419411
15  1.719449 -0.000013 0.000021  -0.016497 -0.038367 -0.441031
16  1.099674 0.000048 0.000002  -0.056039 0.050834 -1.220791
17  1.053439 -1.095056 1.485679  -1.524754 -0.544197 -0.106461
18  1.789819 -0.000005 -0.000016  0.000001 -0.000027 0.636396
19  1.207016 -0.000013 -0.000042  0.000006 -0.000006 -0.137934
20  5.740635 0.000362 -0.000698  -0.118391 0.000003 0.000060
21  11.481078 0.000122 -0.000812  -0.047014 -0.095182 0.053261
22  6.027523 -0.000330 0.000207  1.680278 -0.692516 1.569230
23  0.000002 11.692097 -0.000006  -1.037424 -0.483419 -0.815273
24  0.000001 0.000005 -0.000000  0.509455 -0.000031 1.570738
25  -0.000001 -0.000007 -0.000002  0.868967 -0.000009 1.570721
26  -3.991760 -9.653395 0.826810  1.473120 1.855074 -0.198639
27  6.027513 -0.000263 -0.000225  1.378289 0.665230 -0.777010
28  11.691999 0.000245 0.000862  -0.063525 0.000057 -1.675725
29  11.479027 -0.001131 0.000753  -0.967069 0.405669 0.789406
30  3.859439 -0.132763 1.193065  0.467771 0.012166 -2.080742
31  1.312559 0.000027 -0.000003  -0.002591 -0.086818 -0.325533
32  0.729345 0.000065 -0.000029  -0.149107 -0.099773 -0.829530
33  3.942048 0.050135 0.430999  0.236316 -0.061191 -1.662361
34  1.539097 0.000008 -0.000004  0.035034 -0.043250 -1.002024
35  1.196301 0.000077 -0.000008  -0.022154 0.002073 -0.844399
36  3.883415 -0.050477 -0.431084  0.224120 -0.254107 -1.343752
37  1.719564 -0.000080 -0.000014  0.017488 -0.103675 -1.461475
38  1.209199 0.000035 0.000005  -0.001906 0.071048 -0.519937
39  3.859588 -0.149085 -1.331320  -0.228052 -0.068101 -0.339217
40  1.719410 -0.000097 -0.000048  -0.018416 0.003886 -1.114011
41  1.099673 0.000024 -0.000001  -0.048482 0.059604 -0.690076
42  0.805983 -0.359849 -1.318338  0.991673 0.166770 -0.799523
43  1.789780 -0.000008 -0.000030  0.000056 -0.002451 0.133096
44  1.206997 -0.000005 0.000013  0.000370 -0.000069 1.058782
45  5.740574 0.000118 0.000726  0.157379 -0.000013 0.000032
46  11.480753 -0.000089 0.000904  0.089545 0.096273 0.116408
47  6.027516 -0.000277 -0.000232  -0.897294 -0.660580 -1.692391
48  -0.000001 11.691981 -0.000006  -1.132761 0.576011 0.871936
49  0.000003 -0.000001 0.000001  2.209001 -0.000036 1.570861
50  -0.000007 -0.000014 0.000005  2.272646 -0.000031 1.570865
51  -3.256342 -4.866319 -7.257324  -0.075145 -3.031331 1.361684
52  0.000000 -0.000000 0.000001  0.008153 -0.000259 0.000009
53  0.000000 -0.000000 0.000000  1.565115 0.043565 -0.106862
54  0.112388 -13.992175 -5.910989  -0.333552 -0.272785 -1.816553
55  -0.000001 0.000000 -0.000000  0.000000 -0.000000 -0.000002
56  0.000029 0.000029 0.000001  -1.571901 -0.044449 -0.106509
57  10.502192 -7.472973 -18.384617  1.570796 -0.000000 0.000000
58  -15.744420 4.745377 -21.059811  1.570796 -0.000000 0.000000
59  2.268188 0.888834 -3.577183  1.570796 -0.000000 0.000000
60  -0.004311 0.001230 -0.000371  0.006898 -0.005534 -0.284228
61  0.858610 10.209643 -2.211006  1.570796 -0.000000 0.000000
62  0.000000 0.000000 0.000000  -0.078728 -3.136056 0.284225
63  -2.323334 -2.221693 -0.426911  1.570028 -0.003365 -0.000352
64  -2.308446 -9.096577 -1.800706  1.568100 0.012570 -0.005530
65  -0.039397 -3.107036 0.976860  0.000000 -0.000000 -0.000000
66  -0.039396 -0.914783 9.564856  0.000000 -0.000000 -0.000000
67  -0.039396 -3.172347 3.170215  0.000000 -0.000000 -0.000000
68  -0.039397 -1.229303 3.715101  0.000000 -0.000000 -0.000000
69  0.408672 -2.529140 3.193419  0.000000 -0.000000 -0.000000
70  -0.039396 0.091155 10.882011  0.000000 -0.000000 -0.000000
71  0.872713 0.008025 -1.510461  0.000000 -0.000000 -0.000000
72  -0.039397 -0.788819 2.900787  0.000000 -0.000000 -0.000000
73  0.595149 -1.458825 1.529925  0.000000 -0.000000 -0.000000
74  -2.383393 -13.813650 -5.884885  1.568100 0.012570 -0.005530
75  -0.041877 2.867871 -0.991287  0.000000 -0.000000 -0.000000
76  -0.168163 2.614667 -0.991287  0.000000 -0.000000 -0.000000
time 59
0  0.031807 0.000000 -0.000718  -1.570800 -1.391899 -1.570792
1  -3.676403 -0.238821 2.232071  -1.544956 -1.855077 -0.198630
2  6.027520 -0.000327 0.000201  -0.836734 -0.867151 -1.396399
3  11.692102 0.000483 -0.000739  -0.359645 -0.000035 -1.522797
4  11.480284 -0.000112 -0.000825  1.210896 -0.525955 0.433795
5  3.859504 -0.142876 -1.192066  -0.257656 0.299724 -1.807550
6  1.312588 0.000016 0.000004  -0.145714 0.036512 -0.457851
7  0.729355 0.000052 0.000048  -0.004438 -0.012266 -1.287785
8  3.942140 0.046276 -0.431529  -0.122558 0.360939 -1.502476
9  1.539110 0.000085 -0.000001  -0.026834 -0.042925 -0.786541
10  1.196333 0.000144 0.000025  0.001298 0.004424 -1.167554
11  3.883507 -0.047266 0.431364  0.018921 0.445806 -1.270099
12  1.719573 -0.000026 0.000010  -0.011908 -0.098744 -0.928545
13  1.209178 0.000090 0.000008  -0.006438 -0.007393 -0.971795
14  4.085227 -0.082712 1.151024  -0.050007 0.426011 -1.419411
15  1.719449 -0.000015 0.000021  -0.016497 -0.038367 -0.441031
16  1.099674 0.000050 0.000001  -0.056039 0.050834 -1.220791
17  1.053438 -1.095057 1.485679  -1.524754 -0.544198 -0.106461
18  1.789819 -0.000006 -0.000016  0.000001 -0.000027 0.636397
19  1.207013 -0.000013 -0.000043  0.000006 -0.000006 -0.137934
20  5.740637 0.000364 -0.000698  -0.118702 0.000003 0.000060
21  11.481065 0.000117 -0.000815  -0.046305 -0.095861 0.054444
22  6.027523 -0.000330 0.000207  1.684428 -0.696035 1.569021
23  0.000003 11.692097 -0.000006  -1.042944 -0.488618 -0.818723
24  0.000004 0.000007 -0.000000  0.509455 -0.000031 1.570738
25  -0.000001 -0.000007 -0.000001  0.868967 -0.000009 1.570721
26  -3.991760 -9.653395 0.826810  1.473120 1.855074 -0.198639
27  6.027513 -0.000263 -0.000225  1.375954 0.661903 -0.777248
28  11.691999 0.000244 0.000860  -0.063525 0.000057 -1.681753
29  11.478989 -0.001148 0.000754  -0.963151 0.404961 0.792608
30  3.859439 -0.132762 1.193063  0.467771 0.012166 -2.080742
31  1.312559 0.000026 -0.000002  -0.002591 -0.086818 -0.325533
32  0.729345 0.000065 -0.000029  -0.149107 -0.099773 -0.829530
33  3.942048 0.050135 0.430999  0.236316 -0.061191 -1.662361
34  1.539097 0.000007 -0.000004  0.035034 -0.043250 -1.002024
35  1.196300 0.000078 -0.000007  -0.022154 0.002073 -0.844399
36  3.883415 -0.050476 -0.431085  0.224120 -0.254107 -1.343752
37  1.719563 -0.000082 -0.000015  0.017488 -0.103675 -1.461475
38  1.209197 0.000036 0.000005  -0.001906 0.071048 -0.519937
39  3.859587 -0.149085 -1.331320  -0.228052 -0.068101 -0.339217
40  1.719410 -0.000097 -0.000048  -0.018416 0.003886 -1.114011
41  1.099673 0.000024 -0.000002  -0.048482 0.059604 -0.690076
42  0.805983 -0.359848 -1.318339  0.991673 0.166770 -0.799523
43  1.789780 -0.000007 -0.000030  0.000056 -0.002451 0.133096
44  1.206996 -0.000004 0.000014  0.000370 -0.000069 1.058782
45  5.740575 0.000119 0.000727  0.158398 -0.000013 0.000032
46  11.480745 -0.000092 0.000905  0.090209 0.096528 0.116863
47  6.027516 -0.000277 -0.000232  -0.895372 -0.664067 -1.692372
48  -0.000000 11.691981 -0.000005  -1.136292 0.579537 0.873899
49  0.000004 -0.000002 -0.000000  2.209001 -0.000036 1.570861
50  -0.000007 -0.000014 0.000004  2.272646 -0.000031 1.570865
51  -3.237902 -4.808130 -7.268555  -0.072139 -3.033081 1.363879
52  -0.000000 -0.000000 0.000000  0.008153 -0.000259 0.000009
53  0.000000 0.000000 0.000000  1.565115 0.043565 -0.106862
54  0.149424 -13.926937 -5.921111  -0.330519 -0.270925 -1.814844
55  -0.000000 -0.000000 0.000000  0.000000 -0.000000 -0.000002
56  0.000030 0.000029 0.000001  -1.571902 -0.044449 -0.106509
57  10.502192 -7.472973 -18.384617  1.570796 -0.000000 0.000000
58  -15.744420 4.745377 -21.059811  1.570796 -0.000000 0.000000
59  2.268188 0.888834 -3.577183  1.570796 -0.000000 0.000000
60  -0.004311 0.001230 -0.000371  0.006898 -0.005534 -0.284228
61  0.858610 10.209643 -2.211006  1.570796 -0.000000 0.000000
62  0.000000 0.000000 0.000000  -0.078728 -3.136056 0.284225
63  -2.323334 -2.221693 -0.426911  1.570442 -0.002492 -0.000182
64  -2.297251 -9.041979 -1.813469  1.569210 0.009290 -0.002994
65  -0.039397 -3.107036 0.976859  -0.000000 -0.000000 0.000000
66  -0.039396 -0.914783 9.564857  -0.000000 -0.000000 0.000000
67  -0.039396 -3.172347 3.170214  -0.000000 -0.000000 0.000000
68  -0.039396 -1.229303 3.715100  -0.000000 -0.000000 0.000000
69  0.408672 -2.529140 3.193418  -0.000000 -0.000000 0.000000
70  -0.039395 0.091155 10.882010  -0.000000 -0.000000 0.000000
71  0.872714 0.008025 -1.510462  -0.000000 -0.000000 0.000000
72  -0.039397 -0.788819 2.900787  -0.000000 -0.000000 0.000000
73  0.595149 -1.458825 1.529925  -0.000000 -0.000000 0.000000
74  -2.346872 -13.754734 -5.903016  1.569210 0.009290 -0.002994
75  -0.041876 2.867872 -0.991287  -0.000000 -0.000000 0.000000
76  -0.168163 2.614668 -0.991287  -0.000000 -0.000000 0.000000
time 60
0  0.031807 0.000000 -0.000718  -1.570800 -1.391899 -1.570792
1  -3.676403 -0.238821 2.232071  -1.544956 -1.855077 -0.198630
2  6.027520 -0.000327 0.000201  -0.841329 -0.863430 -1.390905
3  11.692102 0.000482 -0.000739  -0.359645 -0.000036 -1.532461
4  11.480206 -0.000158 -0.000843  1.214653 -0.527435 0.441462
5  3.859506 -0.142875 -1.192066  -0.257656 0.299724 -1.807550
6  1.312590 0.000012 0.000005  -0.145714 0.036512 -0.457851
7  0.729353 0.000054 0.000048  -0.004438 -0.012266 -1.287785
8  3.942144 0.046277 -0.431528  -0.122558 0.360939 -1.502476
9  1.539111 0.000080 -0.000001  -0.026834 -0.042925 -0.786541
10  1.196334 0.000144 0.000025  0.001298 0.004424 -1.167554
11  3.883508 -0.047265 0.431365  0.018921 0.445806 -1.270099
12  1.719573 -0.000027 0.000011  -0.011908 -0.098744 -0.928545
13  1.209177 0.000091 0.000008  -0.006438 -0.007393 -0.971795
14  4.085229 -0.082711 1.151024  -0.050007 0.426011 -1.419411
15  1.719449 -0.000013 0.000021  -0.016497 -0.038367 -0.441031
16  1.099676 0.000048 0.000003  -0.056039 0.050834 -1.220791
17  1.053440 -1.095056 1.485679  -1.524754 -0.544197 -0.106461
18  1.789819 -0.000005 -0.000016  0.000001 -0.000027 0.636397
19  1.207014 -0.000014 -0.000042  0.000006 -0.000006 -0.137934
20  5.740636 0.000363 -0.000698  -0.118541 0.000003 0.000060
21  11.481049 0.000106 -0.000820  -0.045241 -0.096182 0.056089
22  6.027523 -0.000330 0.000207  1.689120 -0.699165 1.568002
23  0.000000 11.692097 -0.000006  -1.048652 -0.494017 -0.822269
24  0.000003 0.000006 -0.000000  0.509454 -0.000031 1.570738
25  -0.000002 -0.000006 -0.000001  0.868967 -0.000009 1.570721
26  -3.991760 -9.653395 0.826810  1.473120 1.855074 -0.198639
27  6.027513 -0.000263 -0.000225  1.372514 0.659201 -0.778001
28  11.691998 0.000245 0.000861  -0.063525 0.000058 -1.687594
29  11.478809 -0.001270 0.000744  -0.955956 0.405230 0.797406
30  3.859438 -0.132762 1.193065  0.467771 0.012166 -2.080742
31  1.312559 0.000027 -0.000002  -0.002591 -0.086818 -0.325533
32  0.729345 0.000066 -0.000028  -0.149107 -0.099773 -0.829530
33  3.942048 0.050135 0.431000  0.236316 -0.061191 -1.662361
34  1.539097 0.000008 -0.000005  0.035034 -0.043250 -1.002024
35  1.196300 0.000077 -0.000008  -0.022154 0.002073 -0.844399
36  3.883414 -0.050476 -0.431085  0.224120 -0.254107 -1.343752
37  1.719564 -0.000081 -0.000015  0.017488 -0.103675 -1.461475
38  1.209198 0.000035 0.000005  -0.001906 0.071048 -0.519937
39  3.859588 -0.149085 -1.331320  -0.228052 -0.068101 -0.339217
40  1.719411 -0.000097 -0.000048  -0.018416 0.003886 -1.114011
41  1.099674 0.000025 -0.000001  -0.048482 0.059604 -0.690076
42  0.805983 -0.359849 -1.318338  0.991673 0.166770 -0.799523
43  1.789780 -0.000006 -0.000030  0.000056 -0.002451 0.133096
44  1.206997 -0.000005 0.000014  0.000370 -0.000069 1.058782
45  5.740574 0.000119 0.000726  0.160047 -0.000013 0.000032
46  11.480710 -0.000117 0.000902  0.091330 0.097239 0.117391
47  6.027516 -0.000277 -0.000232  -0.894759 -0.667867 -1.691393
48  0.000001 11.691980 -0.000006  -1.139713 0.582961 0.875791
49  0.000004 -0.000003 0.000000  2.209001 -0.000036 1.570861
50  -0.000005 -0.000015 0.000004  2.272647 -0.000031 1.570865
51  -3.204458 -4.749579 -7.279399  -0.066410 -3.035379 1.365371
52  -0.000000 0.000000 0.000000  0.008153 -0.000259 0.000009
53  0.000000 0.000000 0.000000  1.565115 0.043565 -0.106862
54  0.193883 -13.862707 -5.921315  -0.324703 -0.268415 -1.814288
55  -0.000000 -0.000000 0.000000  0.000000 -0.000000 -0.000002
56  0.000031 0.000029 0.000001  -1.571901 -0.044449 -0.106509
57  10.502192 -7.472973 -18.384617  1.570796 -0.000000 0.000000
58  -15.744420 4.745377 -21.059811  1.570796 -0.000000 0.000000
59  2.268188 0.888834 -3.577183  1.570796 -0.000000 0.000000
60  -0.004311 0.001230 -0.000371  0.006898 -0.005534 -0.284228
61  0.858610 10.209643 -2.211006  1.570796 -0.000000 0.000000
62  0.000000 0.000000 0.000000  -0.078728 -3.136056 0.284225
63  -2.323334 -2.221693 -0.426911  1.570705 -0.000872 -0.000052
64  -2.287872 -8.987382 -1.823286  1.570304 0.003246 -0.000882
65  -0.039397 -3.107036 0.976860  -0.000000 -0.000000 0.000000
66  -0.039396 -0.914783 9.564856  -0.000000 -0.000000 0.000000
67  -0.039395 -3.172347 3.170216  -0.000000 -0.000000 0.000000
68  -0.039396 -1.229303 3.715101  -0.000000 -0.000000 0.000000
69  0.408672 -2.529140 3.193419  -0.000000 -0.000000 0.000000
70  -0.039396 0.091155 10.882012  -0.000000 -0.000000 0.000000
71  0.872714 0.008025 -1.510463  -0.000000 -0.000000 0.000000
72  -0.039397 -0.788819 2.900787  -0.000000 -0.000000 0.000000
73  0.595149 -1.458825 1.529926  -0.000000 -0.000000 0.000000
74  -2.302835 -13.695771 -5.918130  1.570304 0.003246 -0.000882
75  -0.041876 2.867871 -0.991286  -0.000000 -0.000000 0.000000
76  -0.168163 2.614667 -0.991286  -0.000000 -0.000000 0.000000
time 61
0  0.031807 0.000000 -0.000718  -1.570800 -1.391899 -1.570792
1  -3.676403 -0.238821 2.232071  -1.544956 -1.855077 -0.198630
2  6.027520 -0.000327 0.000201  -0.843527 -0.861795 -1.388416
3  11.692101 0.000483 -0.000739  -0.359645 -0.000036 -1.536904
4  11.480170 -0.000177 -0.000850  1.216732 -0.527814 0.445211
5  3.859505 -0.142876 -1.192066  -0.257656 0.299724 -1.807550
6  1.312590 0.000015 0.000005  -0.145714 0.036512 -0.457851
7  0.729357 0.000051 0.000048  -0.004438 -0.012266 -1.287785
8  3.942141 0.046276 -0.431529  -0.122558 0.360939 -1.502476
9  1.539110 0.000080 -0.000001  -0.026834 -0.042925 -0.786541
10  1.196333 0.000145 0.000024  0.001298 0.004424 -1.167554
11  3.883506 -0.047266 0.431364  0.018921 0.445806 -1.270099
12  1.719573 -0.000024 0.000010  -0.011908 -0.098744 -0.928545
13  1.209178 0.000092 0.000009  -0.006438 -0.007393 -0.971795
14  4.085227 -0.082713 1.151024  -0.050007 0.426011 -1.419411
15  1.719449 -0.000012 0.000021  -0.016497 -0.038367 -0.441031
16  1.099675 0.000047 0.000002  -0.056039 0.050834 -1.220791
17  1.053438 -1.095057 1.485679  -1.524754 -0.544197 -0.106461
18  1.789820 -0.000004 -0.000016  0.000001 -0.000027 0.636396
19  1.207015 -0.000013 -0.000043  0.000006 -0.000006 -0.137934
20  5.740637 0.000364 -0.000698  -0.118384 0.000003 0.000060
21  11.481042 0.000103 -0.000821  -0.044694 -0.096263 0.056921
22  6.027523 -0.000330 0.000207  1.691348 -0.700510 1.567387
23  0.000000 11.692097 -0.000006  -1.051274 -0.496505 -0.823892
24  0.000003 0.000007 -0.000001  0.509455 -0.000031 1.570738
25  -0.000002 -0.000007 -0.000002  0.868967 -0.000009 1.570721
26  -3.991760 -9.653395 0.826810  1.473120 1.855074 -0.198639
27  6.027513 -0.000263 -0.000225  1.370750 0.658094 -0.778435
28  11.691998 0.000244 0.000862  -0.063525 0.000058 -1.690209
29  11.478688 -0.001356 0.000740  -0.952093 0.405527 0.799875
30  3.859438 -0.132763 1.193064  0.467771 0.012166 -2.080742
31  1.312559 0.000026 -0.000002  -0.002591 -0.086818 -0.325533
32  0.729345 0.000065 -0.000028  -0.149107 -0.099773 -0.829530
33  3.942048 0.050135 0.430999  0.236316 -0.061191 -1.662361
34  1.539097 0.000007 -0.000005  0.035034 -0.043250 -1.002024
35  1.196300 0.000077 -0.000007  -0.022154 0.002073 -0.844399
36  3.883413 -0.050476 -0.431085  0.224120 -0.254107 -1.343752
37  1.719564 -0.000081 -0.000014  0.017488 -0.103675 -1.461475
38  1.209198 0.000036 0.000005  -0.001906 0.071048 -0.519937
39  3.859587 -0.149085 -1.331321  -0.228052 -0.068101 -0.339217
40  1.719410 -0.000097 -0.000048  -0.018416 0.003886 -1.114011
41  1.099674 0.000025 -0.000001  -0.048482 0.059604 -0.690076
42  0.805983 -0.359849 -1.318338  0.991673 0.166770 -0.799523
43  1.789781 -0.000008 -0.000030  0.000056 -0.002451 0.133096
44  1.206997 -0.000004 0.000014  0.000370 -0.000069 1.058782
45  5.740575 0.000118 0.000727  0.160909 -0.000013 0.000032
46  11.480684 -0.000134 0.000902  0.091921 0.097645 0.117644
47  6.027516 -0.000277 -0.000232  -0.894729 -0.669648 -1.690767
48  0.000000 11.691981 -0.000007  -1.141245 0.584495 0.876635
49  0.000004 -0.000004 0.000000  2.209001 -0.000036 1.570861
50  -0.000006 -0.000014 0.000004  2.272646 -0.000031 1.570865
51  -3.186544 -4.722886 -7.284200  -0.063314 -3.036520 1.365925
52  -0.000001 0.000000 0.000000  0.008153 -0.000259 0.000009
53  -0.000000 -0.000000 0.000000  1.565115 0.043565 -0.106862
54  0.215403 -13.833687 -5.919548  -0.321559 -0.267157 -1.814240
55  0.000001 -0.000000 0.000000  0.000000 -0.000000 -0.000002
56  0.000032 0.000029 0.000001  -1.571902 -0.044449 -0.106509
57  10.502192 -7.472973 -18.384617  1.570796 -0.000000 0.000000
58  -15.744420 4.745377 -21.059811  1.570796 -0.000000 0.000000
59  2.268188 0.888834 -3.577183  1.570796 -0.000000 0.000000
60  -0.004311 0.001230 -0.000371  0.006898 -0.005534 -0.284228
61  0.858610 10.209643 -2.211006  1.570796 -0.000000 0.000000
62  0.000000 0.000000 0.000000  -0.078728 -3.136056 0.284225
63  -2.323334 -2.221693 -0.426911  1.570796 -0.000000 0.000000
64  -2.283938 -8.962564 -1.827213  1.570796 -0.000000 0.000000
65  -0.039397 -3.107036 0.976860  0.000000 -0.000000 0.000000
66  -0.039396 -0.914783 9.564856  0.000000 -0.000000 0.000000
67  -0.039396 -3.172346 3.170215  0.000000 -0.000000 0.000000
68  -0.039397 -1.229303 3.715100  0.000000 -0.000000 0.000000
69  0.408672 -2.529140 3.193419  0.000000 -0.000000 0.000000
70  -0.039396 0.091155 10.882011  0.000000 -0.000000 0.000000
71  0.872713 0.008025 -1.510462  0.000000 -0.000000 0.000000
72  -0.039397 -0.788819 2.900786  0.000000 -0.000000 0.000000
73  0.595149 -1.458825 1.529925  0.000000 -0.000000 0.000000
74  -2.281458 -13.668951 -5.924387  1.570796 -0.000000 0.000000
75  -0.041877 2.867871 -0.991286  0.000000 -0.000000 0.000000
76  -0.168163 2.614667 -0.991286  0.000000 -0.000000 0.000000
end
