version 1
nodes
0 "ValveBiped.Bip01_Spine4" -1
1 "ValveBiped.Bip01_L_Clavicle" 0
2 "ValveBiped.Bip01_L_UpperArm" 1
3 "ValveBiped.Bip01_L_Forearm" 2
4 "ValveBiped.Bip01_L_Hand" 3
5 "ValveBiped.Bip01_L_Finger4" 4
6 "ValveBiped.Bip01_L_Finger41" 5
7 "ValveBiped.Bip01_L_Finger42" 6
8 "ValveBiped.Bip01_L_Finger3" 4
9 "ValveBiped.Bip01_L_Finger31" 8
10 "ValveBiped.Bip01_L_Finger32" 9
11 "ValveBiped.Bip01_L_Finger2" 4
12 "ValveBiped.Bip01_L_Finger21" 11
13 "ValveBiped.Bip01_L_Finger22" 12
14 "ValveBiped.Bip01_L_Finger1" 4
15 "ValveBiped.Bip01_L_Finger11" 14
16 "ValveBiped.Bip01_L_Finger12" 15
17 "ValveBiped.Bip01_L_Finger0" 4
18 "ValveBiped.Bip01_L_Finger01" 17
19 "ValveBiped.Bip01_L_Finger02" 18
20 "ValveBiped.Bip01_L_Ulna" 3
21 "ValveBiped.Bip01_L_Wrist" 3
22 "rig_l_upperarm" 1
23 "rig_l_forearm" 22
24 "rig_d_l_forearm" 23
25 "rig_d_l_upperarm" 22
26 "ValveBiped.Bip01_R_Clavicle" 0
27 "ValveBiped.Bip01_R_UpperArm" 26
28 "ValveBiped.Bip01_R_Forearm" 27
29 "ValveBiped.Bip01_R_Hand" 28
30 "ValveBiped.Bip01_R_Finger4" 29
31 "ValveBiped.Bip01_R_Finger41" 30
32 "ValveBiped.Bip01_R_Finger42" 31
33 "ValveBiped.Bip01_R_Finger3" 29
34 "ValveBiped.Bip01_R_Finger31" 33
35 "ValveBiped.Bip01_R_Finger32" 34
36 "ValveBiped.Bip01_R_Finger2" 29
37 "ValveBiped.Bip01_R_Finger21" 36
38 "ValveBiped.Bip01_R_Finger22" 37
39 "ValveBiped.Bip01_R_Finger1" 29
40 "ValveBiped.Bip01_R_Finger11" 39
41 "ValveBiped.Bip01_R_Finger12" 40
42 "ValveBiped.Bip01_R_Finger0" 29
43 "ValveBiped.Bip01_R_Finger01" 42
44 "ValveBiped.Bip01_R_Finger02" 43
45 "ValveBiped.Bip01_R_Ulna" 28
46 "ValveBiped.Bip01_R_Wrist" 28
47 "rig_r_upperarm" 26
48 "rig_r_forearm" 47
49 "rig_d_r_forearm" 48
50 "rig_d_r_upperarm" 47
51 "rig_r_hand" -1
52 "rig_d_r_hand" 51
53 "rig_d_r_wrist" 52
54 "rig_l_hand" -1
55 "rig_d_l_hand" 54
56 "rig_d_l_wrist" 54
57 "rig_l_pole" -1
58 "rig_r_pole" -1
59 "rig_l_clavicle" -1
60 "rig_d_l_clavicle" 59
61 "rig_r_clavicle" -1
62 "rig_d_r_clavicle" 61
63 "Camera" -1
64 "body" -1
65 "trigger" 64
66 "bolt" 64
67 "barrel" 64
68 "magrel" 64
69 "chandle" 64
70 "mag" -1
71 "bullet1" 70
72 "bullet2" 70
73 "bullet3" 70
end
skeleton
time 0
0  0.000006 0.000000 0.000000  -1.570800 -1.391899 -1.570792
1  -4.849906 3.337897 2.232070  -1.544956 -1.855077 -0.198630
2  6.027514 -0.000324 0.000203  -0.964101 0.062193 -0.437759
3  11.692105 0.000646 -0.000737  -0.918878 -0.000044 -1.830285
4  11.479644 0.000070 -0.001121  2.236609 0.005748 -0.391304
5  3.859509 -0.142880 -1.192049  -0.594267 -0.341671 -1.738468
6  1.312590 0.000012 0.000008  -0.135310 -0.001906 -0.184448
7  0.729355 0.000054 0.000051  -0.006988 -0.010440 -0.179359
8  3.942143 0.046271 -0.431509  -0.519801 -0.039195 -1.327153
9  1.539110 0.000083 0.000006  -0.019586 -0.123140 -0.648811
10  1.196332 0.000144 0.000031  0.012829 0.003485 -0.615451
11  3.883504 -0.047270 0.431383  -0.364427 0.396494 -0.747340
12  1.719573 -0.000027 0.000015  0.044637 -0.169444 -1.347913
13  1.209179 0.000091 0.000011  -0.001677 -0.002664 -0.276348
14  4.085221 -0.082718 1.151042  0.159309 0.519886 -0.041867
15  1.719448 -0.000012 0.000021  0.013257 -0.078009 -1.082673
16  1.099675 0.000048 0.000005  -0.073475 0.038338 -1.419726
17  0.770794 -0.901443 1.177688  -1.065715 -0.616025 -0.391703
18  1.789819 -0.000003 -0.000021  0.018890 0.045580 0.631952
19  1.207015 -0.000012 -0.000042  -0.005113 -0.003078 -0.030267
20  5.740637 0.000410 -0.000705  0.143477 0.000003 0.000071
21  11.480940 0.000218 -0.000886  0.139331 0.003960 -0.078124
22  6.027524 -0.000329 0.000203  0.236025 -1.840186 -2.236382
23  0.000002 11.692100 -0.000006  -1.223585 -0.668188 -0.918818
24  0.000002 0.000007 -0.000001  -0.049769 -0.000031 1.570739
25  -0.000000 -0.000011 0.000000  0.868957 0.000002 1.570712
26  -4.011518 -5.954122 0.376267  1.473120 1.855075 -0.198639
27  6.027503 -0.000260 -0.000234  0.916353 0.479503 -0.524814
28  11.691992 0.000244 0.000855  0.667115 0.000070 -1.807342
29  11.479618 -0.000208 0.001212  -1.114008 0.469510 0.100697
30  3.452864 -0.227595 1.051756  0.533352 -0.149658 -1.651757
31  1.312558 0.000027 -0.000000  -0.001011 0.013749 -0.916589
32  0.729346 0.000066 -0.000026  -0.019742 -0.002873 -0.520299
33  3.942050 0.050109 0.430998  0.518335 -0.132557 -1.624414
34  1.539094 0.000010 -0.000001  -0.006678 -0.030360 -0.846057
35  1.196299 0.000075 -0.000005  0.001767 -0.002530 -0.866091
36  3.883413 -0.050503 -0.431087  0.268299 -0.273603 -1.261072
37  1.719563 -0.000080 -0.000005  -0.029198 0.025493 -1.449554
38  1.209193 0.000036 0.000010  -0.002172 -0.002925 -0.376412
39  3.806437 -0.112147 -1.295329  0.138413 0.193100 0.412337
40  1.719412 -0.000100 -0.000034  0.120126 0.024136 -0.199374
41  1.099673 0.000023 0.000007  -0.007572 0.003508 0.039631
42  0.594009 -0.285202 -1.857798  1.075925 0.014236 -0.875502
43  1.789779 -0.000011 -0.000043  0.020386 0.054042 -0.056213
44  1.206997 -0.000007 0.000003  0.112046 0.059847 1.317350
45  5.740572 0.000057 0.000724  0.079195 -0.000014 0.000021
46  11.480868 -0.000004 0.000992  0.081053 0.077910 -0.013027
47  6.027514 -0.000272 -0.000236  -1.182224 -1.048994 -0.966051
48  -0.000001 11.691974 -0.000005  -1.209983 0.654277 0.912374
49  0.000003 -0.000002 -0.000000  2.939640 -0.000041 1.570856
50  -0.000007 -0.000015 0.000004  2.272644 -0.000030 1.570865
51  -2.867590 -4.814296 -12.956108  -2.866172 0.071698 -1.064772
52  0.000000 -0.000000 0.000001  0.008153 -0.000259 0.000009
53  0.000001 0.000001 0.000001  1.565115 0.043565 -0.106862
54  10.751060 -10.972639 -17.991159  0.419335 -0.095830 -2.058091
55  0.000001 0.000000 0.000000  0.000000 -0.000000 -0.000002
56  0.000031 0.000029 0.000000  -1.571901 -0.044449 -0.106509
57  18.918842 -2.433924 -17.410513  1.570796 -0.000000 0.000000
58  -21.599098 7.001666 -12.508070  1.570796 -0.000000 0.000000
59  2.236387 -2.421983 -5.367696  1.570796 -0.000000 0.000000
60  -0.004311 0.001230 -0.000371  0.006898 -0.005534 -0.284229
61  0.376268 6.572924 -2.887995  1.570796 -0.000000 0.000000
62  0.000000 0.000000 0.000000  -0.078727 -3.136056 0.284226
63  0.000000 0.000000 0.000000  1.570796 -0.000000 0.000000
64  -1.152359 -7.641937 -8.421475  1.842007 -0.215042 0.142244
65  0.000001 -2.755923 2.037235  0.000000 0.000000 0.000000
66  -0.000306 -1.332276 -1.998148  0.000000 0.000000 0.000000
67  -0.001517 -1.253476 20.838207  0.000000 0.000000 0.000000
68  0.585406 -2.133197 -6.588483  0.000000 0.000000 0.000000
69  0.000000 0.419706 7.832309  0.000000 0.000000 0.000000
70  -1.896437 -0.713494 -9.534165  1.842007 -0.215042 0.142244
71  -0.113746 1.326355 2.565981  0.000000 0.000000 0.000000
72  0.120338 1.215166 2.565981  0.000000 0.000000 0.000000
73  -0.096187 1.080565 2.565981  0.000000 0.000000 0.000000
time 1
0  0.000006 0.000000 0.000000  -1.570800 -1.391899 -1.570792
1  -4.868848 3.190535 2.229432  -1.544956 -1.855077 -0.198630
2  6.027514 -0.000325 0.000203  -1.000909 0.029895 -0.453306
3  11.692106 0.000646 -0.000738  -0.910598 -0.000046 -1.846571
4  11.479496 0.000008 -0.001188  2.261616 -0.020310 -0.366401
5  3.858563 -0.142425 -1.192177  -0.609137 -0.302005 -1.646787
6  1.312590 0.000012 0.000008  -0.123070 -0.003280 -0.181688
7  0.729355 0.000049 0.000051  -0.006173 -0.009336 -0.158915
8  3.941552 0.046563 -0.431478  -0.519161 -0.022254 -1.260626
9  1.539111 0.000084 0.000006  -0.021999 -0.114458 -0.596431
10  1.196332 0.000146 0.000031  0.012114 0.003010 -0.581648
11  3.883467 -0.047298 0.431380  -0.352353 0.377547 -0.715358
12  1.719573 -0.000026 0.000015  0.032699 -0.158825 -1.245885
13  1.209178 0.000093 0.000013  -0.001672 -0.002129 -0.245036
14  4.080032 -0.084026 1.154039  0.144661 0.470704 -0.047060
15  1.719447 -0.000012 0.000022  0.007560 -0.077323 -1.031428
16  1.099675 0.000047 0.000003  -0.066638 0.039767 -1.298167
17  0.764827 -0.891889 1.178429  -1.091030 -0.622086 -0.404444
18  1.789819 -0.000003 -0.000018  0.015295 0.040386 0.567512
19  1.207014 -0.000011 -0.000042  -0.004765 -0.002676 0.030511
20  5.740636 0.000409 -0.000704  0.146598 0.000003 0.000071
21  11.480912 0.000206 -0.000899  0.143358 -0.000500 -0.071404
22  6.027524 -0.000329 0.000203  0.101425 -1.871321 -2.121032
23  0.000002 11.692100 -0.000005  -1.233209 -0.678092 -0.923333
24  0.000003 0.000009 -0.000000  -0.041488 -0.000031 1.570739
25  -0.000000 -0.000012 -0.000000  0.868957 0.000002 1.570712
26  -4.011518 -5.954122 0.376267  1.473120 1.855075 -0.198639
27  6.027503 -0.000260 -0.000234  0.931540 0.487780 -0.521429
28  11.691992 0.000245 0.000854  0.666685 0.000070 -1.811076
29  11.479588 -0.000222 0.001225  -1.105381 0.473288 0.109998
30  3.452863 -0.227594 1.051755  0.533352 -0.149658 -1.651757
31  1.312558 0.000028 -0.000001  -0.001011 0.013749 -0.916589
32  0.729345 0.000066 -0.000027  -0.019742 -0.002873 -0.520299
33  3.942049 0.050109 0.430996  0.518335 -0.132557 -1.624414
34  1.539094 0.000008 -0.000000  -0.006678 -0.030360 -0.846057
35  1.196300 0.000076 -0.000005  0.001767 -0.002530 -0.866091
36  3.883412 -0.050503 -0.431089  0.268299 -0.273603 -1.261072
37  1.719563 -0.000080 -0.000004  -0.029198 0.025493 -1.449554
38  1.209195 0.000036 0.000012  -0.002172 -0.002925 -0.376412
39  3.806436 -0.112147 -1.295330  0.138413 0.193100 0.412337
40  1.719412 -0.000100 -0.000035  0.120126 0.024136 -0.199374
41  1.099674 0.000025 0.000005  -0.007572 0.003508 0.039631
42  0.594009 -0.285203 -1.857800  1.075925 0.014236 -0.875502
43  1.789779 -0.000011 -0.000043  0.020386 0.054042 -0.056213
44  1.206997 -0.000006 0.000003  0.112046 0.059847 1.317350
45  5.740573 0.000057 0.000725  0.081440 -0.000014 0.000021
46  11.480863 -0.000008 0.000994  0.082293 0.079058 -0.011793
47  6.027514 -0.000272 -0.000236  -1.165407 -1.035675 -0.984251
48  -0.000003 11.691974 -0.000005  -1.212183 0.656533 0.913444
49  0.000002 -0.000002 0.000000  2.939210 -0.000041 1.570856
50  -0.000007 -0.000015 0.000005  2.272644 -0.000030 1.570865
51  -2.867133 -4.925752 -12.743284  -2.865196 0.061591 -1.071757
52  -0.000000 -0.000001 -0.000001  0.008153 -0.000259 0.000009
53  -0.000000 0.000000 -0.000000  1.565115 0.043565 -0.106862
54  10.484340 -11.310938 -17.450466  0.456785 -0.128529 -2.051539
55  0.000000 0.000000 0.000002  0.000000 -0.000000 -0.000002
56  0.000031 0.000029 0.000003  -1.571902 -0.044449 -0.106509
57  18.847900 -2.433507 -17.299953  1.570796 -0.000000 0.000000
58  -21.566156 6.987623 -12.544212  1.570796 -0.000000 0.000000
59  2.233749 -2.273602 -5.360113  1.570796 -0.000000 0.000000
60  -0.004311 0.001230 -0.000371  0.006898 -0.005534 -0.284229
61  0.376268 6.572924 -2.887995  1.570796 -0.000000 0.000000
62  0.000000 0.000000 0.000000  -0.078727 -3.136056 0.284226
63  0.000000 0.000000 0.000000  1.570496 -0.000332 0.000014
64  -1.197781 -7.727143 -8.175358  1.832684 -0.219539 0.137204
65  0.000000 -2.755924 2.037237  0.000000 0.000000 -0.000000
66  -0.000306 -1.332276 -1.998147  0.000000 0.000000 -0.000000
67  -0.001517 -1.253476 20.838209  0.000000 0.000000 -0.000000
68  0.585406 -2.133196 -6.588482  0.000000 0.000000 -0.000000
69  -0.000000 0.419708 7.832312  0.000000 0.000000 -0.000000
70  -1.886487 -0.803245 -9.350250  1.832684 -0.219539 0.137204
71  -0.113746 1.326354 2.565982  0.000000 0.000000 -0.000000
72  0.120338 1.215166 2.565982  0.000000 0.000000 -0.000000
73  -0.096187 1.080566 2.565982  0.000000 0.000000 -0.000000
time 2
0  0.000006 0.000000 0.000000  -1.570800 -1.391899 -1.570792
1  -4.925765 2.747017 2.221375  -1.544956 -1.855077 -0.198630
2  6.027513 -0.000326 0.000202  -1.087290 -0.083210 -0.494867
3  11.692109 0.000646 -0.000736  -0.885474 -0.000047 -1.872077
4  11.479268 -0.000109 -0.001291  2.328163 -0.097706 -0.311766
5  3.855603 -0.141135 -1.192558  -0.626651 -0.179894 -1.387446
6  1.312590 0.000011 0.000009  -0.088571 -0.007158 -0.174009
7  0.729356 0.000054 0.000049  -0.003765 -0.006325 -0.101370
8  3.939746 0.047426 -0.431389  -0.508308 0.025024 -1.069384
9  1.539111 0.000085 0.000004  -0.026453 -0.087809 -0.447648
10  1.196332 0.000146 0.000029  0.009852 0.001796 -0.486029
11  3.883345 -0.047388 0.431366  -0.319756 0.318398 -0.626723
12  1.719572 -0.000026 0.000015  0.004767 -0.121433 -0.947499
13  1.209179 0.000092 0.000012  -0.001537 -0.000626 -0.156773
14  4.064357 -0.087927 1.163079  0.105936 0.329579 -0.057390
15  1.719447 -0.000010 0.000022  -0.008757 -0.072798 -0.882101
16  1.099676 0.000049 0.000007  -0.045476 0.039023 -0.930875
17  0.746830 -0.863081 1.180661  -1.162769 -0.640640 -0.439737
18  1.789821 -0.000003 -0.000018  0.006781 0.024367 0.383126
19  1.207016 -0.000012 -0.000043  -0.003642 -0.001650 0.204232
20  5.740637 0.000408 -0.000703  0.154623 0.000003 0.000071
21  11.480864 0.000181 -0.000919  0.154149 -0.014099 -0.054781
22  6.027524 -0.000331 0.000203  -0.218094 -1.964669 -1.863830
23  0.000003 11.692103 -0.000006  -1.248321 -0.693668 -0.930227
24  0.000002 0.000007 0.000000  -0.016364 -0.000031 1.570739
25  -0.000000 -0.000010 -0.000002  0.868957 0.000002 1.570712
26  -4.011518 -5.954122 0.376267  1.473120 1.855075 -0.198639
27  6.027504 -0.000259 -0.000233  0.972380 0.510483 -0.512865
28  11.691992 0.000243 0.000855  0.665386 0.000071 -1.818022
29  11.479523 -0.000255 0.001249  -1.083495 0.481898 0.132988
30  3.452863 -0.227595 1.051756  0.533352 -0.149658 -1.651757
31  1.312558 0.000027 -0.000001  -0.001011 0.013749 -0.916589
32  0.729345 0.000066 -0.000026  -0.019742 -0.002873 -0.520299
33  3.942049 0.050109 0.430998  0.518335 -0.132557 -1.624415
34  1.539094 0.000009 -0.000000  -0.006678 -0.030360 -0.846057
35  1.196299 0.000075 -0.000001  0.001767 -0.002530 -0.866091
36  3.883412 -0.050503 -0.431087  0.268299 -0.273603 -1.261072
37  1.719563 -0.000082 -0.000004  -0.029198 0.025493 -1.449554
38  1.209194 0.000036 0.000012  -0.002172 -0.002925 -0.376412
39  3.806437 -0.112147 -1.295329  0.138413 0.193100 0.412337
40  1.719411 -0.000100 -0.000033  0.120126 0.024136 -0.199374
41  1.099673 0.000025 0.000007  -0.007572 0.003508 0.039631
42  0.594009 -0.285202 -1.857800  1.075925 0.014236 -0.875502
43  1.789779 -0.000011 -0.000043  0.020386 0.054042 -0.056213
44  1.206997 -0.000005 0.000004  0.112046 0.059847 1.317350
45  5.740572 0.000055 0.000724  0.087363 -0.000014 0.000021
46  11.480848 -0.000016 0.000999  0.085446 0.081803 -0.008778
47  6.027514 -0.000272 -0.000236  -1.125517 -0.998774 -1.029178
48  -0.000002 11.691973 -0.000005  -1.216275 0.660735 0.915423
49  0.000004 -0.000002 0.000000  2.937911 -0.000041 1.570856
50  -0.000007 -0.000015 0.000005  2.272644 -0.000030 1.570865
51  -2.870318 -5.228233 -12.183851  -2.862586 0.033737 -1.090213
52  -0.000000 -0.000000 -0.000001  0.008153 -0.000259 0.000009
53  0.000000 0.000000 0.000001  1.565115 0.043565 -0.106862
54  9.651735 -12.186687 -15.939600  0.559562 -0.226223 -2.036557
55  0.000001 -0.000000 -0.000001  0.000000 -0.000000 -0.000002
56  0.000031 0.000029 -0.000001  -1.571901 -0.044449 -0.106509
57  18.634394 -2.432254 -16.967216  1.570796 -0.000000 0.000000
58  -21.466629 6.945192 -12.653410  1.570796 -0.000000 0.000000
59  2.225692 -1.827035 -5.337200  1.570796 -0.000000 0.000000
60  -0.004311 0.001230 -0.000371  0.006898 -0.005534 -0.284229
61  0.376268 6.572924 -2.887995  1.570796 -0.000000 0.000000
62  0.000000 0.000000 0.000000  -0.078727 -3.136056 0.284226
63  0.000000 0.000000 0.000000  1.569706 -0.001197 0.000058
64  -1.323361 -7.951778 -7.526630  1.806867 -0.231768 0.124402
65  0.000001 -2.755923 2.037235  0.000000 -0.000000 -0.000000
66  -0.000306 -1.332277 -1.998148  0.000000 -0.000000 -0.000000
67  -0.001517 -1.253477 20.838207  0.000000 -0.000000 -0.000000
68  0.585406 -2.133196 -6.588483  0.000000 -0.000000 -0.000000
69  0.000000 0.419706 7.832309  0.000000 -0.000000 -0.000000
70  -1.864168 -1.045893 -8.872493  1.806867 -0.231768 0.124402
71  -0.113746 1.326354 2.565981  0.000000 -0.000000 -0.000000
72  0.120338 1.215165 2.565982  0.000000 -0.000000 -0.000000
73  -0.096187 1.080565 2.565981  0.000000 -0.000000 -0.000000
time 3
0  0.000006 0.000000 0.000000  -1.570800 -1.391899 -1.570792
1  -5.017239 2.025690 2.207713  -1.544956 -1.855077 -0.198630
2  6.027515 -0.000327 0.000199  -1.178551 -0.289254 -0.542236
3  11.692107 0.000645 -0.000739  -0.843979 -0.000046 -1.852478
4  11.479445 -0.000094 -0.001207  2.398206 -0.195386 -0.256105
5  3.850486 -0.139126 -1.193122  -0.591862 -0.019090 -1.054447
6  1.312589 0.000010 0.000008  -0.044235 -0.012054 -0.164361
7  0.729355 0.000057 0.000048  -0.000439 -0.002686 -0.027520
8  3.936713 0.048859 -0.431235  -0.473803 0.079207 -0.818535
9  1.539111 0.000085 0.000006  -0.026246 -0.049161 -0.255875
10  1.196333 0.000144 0.000031  0.006370 0.000575 -0.362928
11  3.883139 -0.047540 0.431348  -0.280964 0.228100 -0.516356
12  1.719572 -0.000027 0.000015  -0.012967 -0.062732 -0.556625
13  1.209180 0.000093 0.000012  -0.001083 0.001263 -0.043516
14  4.038897 -0.094191 1.177998  0.059992 0.145235 -0.062730
15  1.719449 -0.000012 0.000023  -0.029273 -0.060580 -0.679398
16  1.099674 0.000050 0.000008  -0.019576 0.026280 -0.435659
17  0.717326 -0.815849 1.184324  -1.255474 -0.667465 -0.483332
18  1.789819 -0.000002 -0.000019  -0.000067 0.001681 0.144061
19  1.207015 -0.000010 -0.000044  -0.001953 -0.000636 0.429431
20  5.740637 0.000410 -0.000702  0.159946 0.000003 0.000071
21  11.480900 0.000184 -0.000901  0.165361 -0.030909 -0.035639
22  6.027525 -0.000331 0.000203  -0.575248 -2.122522 -1.608548
23  0.000002 11.692101 -0.000008  -1.236704 -0.681692 -0.924948
24  0.000003 0.000010 -0.000001  0.025131 -0.000031 1.570739
25  -0.000001 -0.000011 -0.000002  0.868957 0.000002 1.570712
26  -4.011518 -5.954122 0.376267  1.473120 1.855075 -0.198639
27  6.027504 -0.000259 -0.000232  1.031856 0.544828 -0.501333
28  11.691993 0.000244 0.000855  0.663212 0.000071 -1.820774
29  11.479502 -0.000270 0.001255  -1.054955 0.490840 0.161755
30  3.452863 -0.227596 1.051755  0.533352 -0.149658 -1.651757
31  1.312558 0.000026 -0.000000  -0.001011 0.013749 -0.916589
32  0.729345 0.000066 -0.000029  -0.019742 -0.002873 -0.520299
33  3.942048 0.050107 0.430997  0.518335 -0.132557 -1.624414
34  1.539094 0.000010 -0.000001  -0.006678 -0.030360 -0.846057
35  1.196300 0.000075 -0.000004  0.001767 -0.002530 -0.866091
36  3.883412 -0.050504 -0.431087  0.268299 -0.273603 -1.261072
37  1.719563 -0.000079 -0.000003  -0.029198 0.025493 -1.449554
38  1.209194 0.000036 0.000010  -0.002172 -0.002925 -0.376412
39  3.806435 -0.112148 -1.295328  0.138413 0.193100 0.412337
40  1.719413 -0.000099 -0.000034  0.120126 0.024136 -0.199374
41  1.099672 0.000023 0.000006  -0.007572 0.003508 0.039631
42  0.594008 -0.285203 -1.857798  1.075925 0.014236 -0.875502
43  1.789779 -0.000010 -0.000043  0.020386 0.054042 -0.056213
44  1.206998 -0.000007 0.000003  0.112046 0.059847 1.317350
45  5.740572 0.000055 0.000723  0.095670 -0.000014 0.000021
46  11.480844 -0.000017 0.001000  0.089591 0.084983 -0.005053
47  6.027514 -0.000272 -0.000236  -1.079741 -0.942626 -1.085399
48  -0.000002 11.691975 -0.000005  -1.217898 0.662402 0.916204
49  0.000002 -0.000001 0.000000  2.935738 -0.000041 1.570856
50  -0.000007 -0.000015 0.000005  2.272644 -0.000030 1.570865
51  -2.885288 -5.676207 -11.394403  -2.858764 -0.008170 -1.116284
52  -0.000000 -0.000001 -0.000001  0.008153 -0.000259 0.000009
53  -0.000000 -0.000000 0.000000  1.565115 0.043565 -0.106862
54  8.354939 -13.292564 -13.760925  0.692538 -0.366754 -2.032312
55  -0.000001 0.000000 0.000001  0.000000 -0.000000 -0.000002
56  0.000029 0.000029 0.000002  -1.571902 -0.044449 -0.106509
57  18.287241 -2.430216 -16.426203  1.570796 -0.000000 0.000000
58  -21.300049 6.874176 -12.836175  1.570796 -0.000000 0.000000
59  2.212030 -1.100942 -5.298858  1.570796 -0.000000 0.000000
60  -0.004311 0.001230 -0.000371  0.006898 -0.005534 -0.284229
61  0.376268 6.572924 -2.887995  1.570796 -0.000000 0.000000
62  0.000000 0.000000 0.000000  -0.078727 -3.136056 0.284226
63  0.000000 0.000000 0.000000  1.568588 -0.002400 0.000130
64  -1.513067 -8.269365 -6.609738  1.767711 -0.249788 0.107620
65  0.000001 -2.755923 2.037235  -0.000000 0.000000 0.000000
66  -0.000306 -1.332276 -1.998148  -0.000000 0.000000 0.000000
67  -0.001516 -1.253476 20.838207  -0.000000 0.000000 0.000000
68  0.585406 -2.133196 -6.588483  -0.000000 0.000000 0.000000
69  0.000000 0.419706 7.832308  -0.000000 0.000000 0.000000
70  -1.841151 -1.404732 -8.211058  1.767711 -0.249788 0.107620
71  -0.113746 1.326355 2.565981  -0.000000 0.000000 0.000000
72  0.120338 1.215165 2.565982  -0.000000 0.000000 0.000000
73  -0.096187 1.080565 2.565981  -0.000000 0.000000 0.000000
time 4
0  0.000006 0.000000 0.000000  -1.570800 -1.391899 -1.570792
1  -5.133474 1.081612 2.188323  -1.544956 -1.855077 -0.198630
2  6.027515 -0.000325 0.000197  -1.247912 -0.546747 -0.570744
3  11.692107 0.000645 -0.000740  -0.788515 -0.000040 -1.751583
4  11.480359 0.000253 -0.000786  2.413730 -0.261668 -0.214851
5  3.843141 -0.136511 -1.193726  -0.513598 0.089510 -0.797739
6  1.312588 0.000009 0.000007  -0.009621 -0.015248 -0.157010
7  0.729353 0.000052 0.000049  0.002325 -0.000039 0.030317
8  3.932486 0.050876 -0.431021  -0.425016 0.107611 -0.621806
9  1.539110 0.000084 0.000008  -0.020471 -0.012512 -0.107837
10  1.196333 0.000147 0.000030  0.002768 -0.000006 -0.267323
11  3.882857 -0.047750 0.431319  -0.248223 0.133932 -0.432152
12  1.719574 -0.000026 0.000014  -0.010625 -0.016283 -0.262234
13  1.209179 0.000090 0.000011  -0.000415 0.002661 0.044735
14  4.005868 -0.102296 1.198144  0.026325 0.001669 -0.062281
15  1.719450 -0.000010 0.000020  -0.044038 -0.042599 -0.503401
16  1.099674 0.000048 0.000005  -0.005019 0.009381 -0.066732
17  0.678013 -0.752916 1.189200  -1.327821 -0.690440 -0.515534
18  1.789819 -0.000004 -0.000018  -0.002359 -0.016720 -0.040028
19  1.207016 -0.000014 -0.000044  -0.000520 -0.000127 0.603154
20  5.740638 0.000410 -0.000703  0.154843 0.000003 0.000071
21  11.481083 0.000256 -0.000818  0.166936 -0.041193 -0.022583
22  6.027524 -0.000329 0.000203  -0.864343 -2.323219 -1.433931
23  0.000002 11.692099 -0.000006  -1.177288 -0.620831 -0.895821
24  0.000004 0.000008 -0.000001  0.080591 -0.000030 1.570739
25  -0.000001 -0.000011 -0.000001  0.868957 0.000002 1.570712
26  -4.011518 -5.954122 0.376267  1.473120 1.855075 -0.198639
27  6.027504 -0.000259 -0.000231  1.102304 0.587269 -0.488918
28  11.691992 0.000244 0.000858  0.660174 0.000070 -1.813187
29  11.479566 -0.000241 0.001231  -1.027557 0.496243 0.187386
30  3.452863 -0.227595 1.051755  0.533352 -0.149658 -1.651757
31  1.312559 0.000026 -0.000001  -0.001011 0.013749 -0.916589
32  0.729346 0.000066 -0.000027  -0.019742 -0.002873 -0.520299
33  3.942049 0.050109 0.430998  0.518335 -0.132557 -1.624415
34  1.539094 0.000008 -0.000001  -0.006678 -0.030360 -0.846057
35  1.196297 0.000075 -0.000005  0.001767 -0.002530 -0.866091
36  3.883412 -0.050503 -0.431087  0.268299 -0.273603 -1.261072
37  1.719563 -0.000079 -0.000005  -0.029198 0.025493 -1.449554
38  1.209194 0.000036 0.000011  -0.002172 -0.002925 -0.376412
39  3.806435 -0.112147 -1.295329  0.138413 0.193100 0.412337
40  1.719411 -0.000099 -0.000034  0.120126 0.024136 -0.199374
41  1.099673 0.000023 0.000006  -0.007572 0.003508 0.039631
42  0.594008 -0.285203 -1.857799  1.075925 0.014236 -0.875502
43  1.789779 -0.000009 -0.000043  0.020386 0.054042 -0.056213
44  1.206997 -0.000005 0.000003  0.112046 0.059847 1.317350
45  5.740572 0.000056 0.000724  0.104758 -0.000014 0.000021
46  11.480858 -0.000012 0.000997  0.093683 0.087436 -0.001776
47  6.027514 -0.000272 -0.000236  -1.040956 -0.873582 -1.141380
48  -0.000001 11.691974 -0.000005  -1.213426 0.657810 0.914047
49  0.000003 -0.000001 0.000001  2.932699 -0.000041 1.570856
50  -0.000007 -0.000015 0.000005  2.272644 -0.000030 1.570865
51  -2.920711 -6.222937 -10.490803  -2.854200 -0.060427 -1.146111
52  0.000000 -0.000000 -0.000001  0.008153 -0.000259 0.000009
53  -0.000000 0.000000 0.000000  1.565115 0.043565 -0.106862
54  6.910333 -14.307842 -11.362714  0.807725 -0.500222 -2.052696
55  0.000000 0.000000 0.000000  0.000000 -0.000000 -0.000002
56  0.000030 0.000029 0.000001  -1.571901 -0.044449 -0.106509
57  17.833183 -2.427550 -15.718584  1.570796 -0.000000 0.000000
58  -21.066936 6.774795 -13.091939  1.570796 -0.000000 0.000000
59  2.192639 -0.151248 -5.245245  1.570796 -0.000000 0.000000
60  -0.004311 0.001230 -0.000371  0.006898 -0.005534 -0.284229
61  0.376268 6.572924 -2.887995  1.570796 -0.000000 0.000000
62  0.000000 0.000000 0.000000  -0.078727 -3.136056 0.284226
63  0.000000 0.000000 0.000000  1.567306 -0.003744 0.000233
64  -1.750866 -8.633429 -5.559123  1.718307 -0.271542 0.090685
65  0.000000 -2.755923 2.037235  -0.000000 -0.000000 0.000000
66  -0.000306 -1.332276 -1.998148  -0.000000 -0.000000 0.000000
67  -0.001517 -1.253476 20.838209  -0.000000 -0.000000 0.000000
68  0.585406 -2.133196 -6.588483  -0.000000 -0.000000 0.000000
69  0.000000 0.419707 7.832312  -0.000000 -0.000000 0.000000
70  -1.829962 -1.842541 -7.475539  1.718307 -0.271542 0.090685
71  -0.113746 1.326355 2.565981  -0.000000 -0.000000 0.000000
72  0.120338 1.215165 2.565981  -0.000000 -0.000000 0.000000
73  -0.096187 1.080565 2.565981  -0.000000 -0.000000 0.000000
time 5
0  0.000006 0.000000 0.000000  -1.570800 -1.391899 -1.570792
1  -5.257596 0.010759 2.163162  -1.544956 -1.855077 -0.198630
2  6.027517 -0.000326 0.000195  -1.297491 -0.793831 -0.573024
3  11.692109 0.000643 -0.000740  -0.724103 -0.000029 -1.583753
4  11.479806 -0.000026 -0.001003  2.346668 -0.276941 -0.190237
5  3.833647 -0.133348 -1.194134  -0.449289 0.118792 -0.708192
6  1.312591 0.000012 0.000008  0.002893 -0.014786 -0.154429
7  0.729353 0.000052 0.000050  0.003354 0.000863 0.051889
8  3.927183 0.053532 -0.430737  -0.382809 0.102680 -0.549852
9  1.539112 0.000086 0.000002  -0.015822 0.013110 -0.055923
10  1.196333 0.000145 0.000030  0.000015 0.000016 -0.233490
11  3.882516 -0.048004 0.431287  -0.220933 0.060081 -0.399881
12  1.719572 -0.000026 0.000016  -0.006739 -0.000908 -0.162191
13  1.209178 0.000091 0.000013  0.000162 0.003095 0.077009
14  3.969077 -0.111399 1.222268  0.016172 -0.049061 -0.063325
15  1.719451 -0.000010 0.000019  -0.049233 -0.024952 -0.406235
16  1.099675 0.000048 0.000004  -0.000048 0.002490 0.054722
17  0.631995 -0.679248 1.194913  -1.353488 -0.698985 -0.526534
18  1.789819 -0.000003 -0.000018  -0.003797 -0.023589 -0.104294
19  1.207016 -0.000013 -0.000044  -0.000000 -0.000008 0.663933
20  5.740637 0.000412 -0.000703  0.139566 0.000003 0.000070
21  11.480971 0.000200 -0.000859  0.153814 -0.041771 -0.019405
22  6.027524 -0.000329 0.000203  2.074948 -0.619262 1.808476
23  0.000001 11.692101 -0.000006  -1.078874 -0.522971 -0.840681
24  0.000003 0.000009 -0.000001  0.144998 -0.000031 1.570739
25  -0.000000 -0.000011 -0.000000  0.868957 0.000002 1.570712
26  -4.011518 -5.954122 0.376267  1.473120 1.855075 -0.198639
27  6.027505 -0.000259 -0.000230  1.175072 0.632634 -0.478221
28  11.691991 0.000242 0.000857  0.656294 0.000069 -1.792679
29  11.479750 -0.000157 0.001161  -1.009495 0.495763 0.200803
30  3.452864 -0.227594 1.051754  0.533352 -0.149658 -1.651757
31  1.312558 0.000027 -0.000003  -0.001012 0.013749 -0.916589
32  0.729346 0.000066 -0.000027  -0.019742 -0.002873 -0.520299
33  3.942049 0.050109 0.430996  0.518335 -0.132557 -1.624415
34  1.539093 0.000008 -0.000001  -0.006678 -0.030360 -0.846057
35  1.196300 0.000075 -0.000003  0.001767 -0.002530 -0.866091
36  3.883412 -0.050503 -0.431087  0.268299 -0.273603 -1.261072
37  1.719563 -0.000079 -0.000003  -0.029198 0.025493 -1.449554
38  1.209194 0.000036 0.000010  -0.002172 -0.002925 -0.376412
39  3.806437 -0.112146 -1.295330  0.138413 0.193100 0.412337
40  1.719412 -0.000100 -0.000035  0.120126 0.024136 -0.199374
41  1.099671 0.000024 0.000007  -0.007572 0.003508 0.039632
42  0.594009 -0.285202 -1.857801  1.075925 0.014236 -0.875502
43  1.789779 -0.000011 -0.000043  0.020386 0.054042 -0.056213
44  1.206997 -0.000006 0.000003  0.112046 0.059847 1.317350
45  5.740571 0.000055 0.000724  0.112716 -0.000014 0.000021
46  11.480893 0.000005 0.000982  0.096635 0.088185 -0.000117
47  6.027514 -0.000272 -0.000236  -1.014612 -0.800759 -1.191970
48  -0.000002 11.691973 -0.000005  -1.201355 0.645435 0.908129
49  0.000005 0.000000 0.000000  2.928819 -0.000041 1.570856
50  -0.000007 -0.000015 0.000006  2.272644 -0.000030 1.570865
51  -2.983999 -6.816816 -9.590293  -2.849488 -0.119321 -1.175936
52  0.000000 -0.000000 -0.000001  0.008153 -0.000259 0.000009
53  0.000001 0.000001 -0.000001  1.565115 0.043565 -0.106862
54  5.628819 -15.059994 -9.136144  0.873519 -0.588367 -2.088879
55  0.000001 0.000000 -0.000000  0.000000 -0.000000 -0.000002
56  0.000030 0.000029 0.000001  -1.571901 -0.044449 -0.106509
57  17.318810 -2.424531 -14.916967  1.570796 -0.000000 0.000000
58  -20.769035 6.647794 -13.418783  1.570796 -0.000000 0.000000
59  2.167477 0.924602 -5.176834  1.570796 -0.000000 0.000000
60  -0.004311 0.001230 -0.000371  0.006898 -0.005534 -0.284229
61  0.376268 6.572924 -2.887995  1.570796 -0.000000 0.000000
62  0.000000 0.000000 0.000000  -0.078727 -3.136056 0.284226
63  0.000000 0.000000 0.000000  1.566024 -0.005035 0.000366
64  -2.020729 -8.997492 -4.509226  1.661764 -0.294850 0.077088
65  0.000000 -2.755924 2.037235  0.000000 0.000000 -0.000000
66  -0.000306 -1.332277 -1.998147  0.000000 0.000000 -0.000000
67  -0.001517 -1.253477 20.838211  0.000000 0.000000 -0.000000
68  0.585406 -2.133196 -6.588482  0.000000 0.000000 -0.000000
69  0.000000 0.419706 7.832309  0.000000 0.000000 -0.000000
70  -1.843674 -2.317152 -6.775670  1.661764 -0.294850 0.077088
71  -0.113746 1.326355 2.565982  0.000000 0.000000 -0.000000
72  0.120338 1.215165 2.565982  0.000000 0.000000 -0.000000
73  -0.096187 1.080565 2.565981  0.000000 0.000000 -0.000000
time 6
0  0.000006 0.000000 0.000000  -1.570800 -1.391899 -1.570792
1  -5.368000 -1.062575 2.132292  -1.544956 -1.855077 -0.198630
2  6.027520 -0.000327 0.000193  -1.327928 -1.005310 -0.563247
3  11.692109 0.000641 -0.000740  -0.658079 -0.000017 -1.399143
4  11.479872 0.000003 -0.000923  2.215449 -0.280608 -0.168167
5  3.822237 -0.129626 -1.194099  -0.403855 0.124899 -0.744923
6  1.312587 0.000008 0.000008  0.004368 -0.010403 -0.310095
7  0.729354 0.000052 0.000050  0.002902 0.001153 -0.160242
8  3.920969 0.056895 -0.430383  -0.341908 0.075349 -0.580242
9  1.539111 0.000085 0.000005  -0.017440 0.029597 -0.246786
10  1.196334 0.000146 0.000030  -0.002132 0.000314 -0.414347
11  3.882145 -0.048280 0.431249  -0.189199 -0.005685 -0.443505
12  1.719572 -0.000026 0.000016  -0.012248 -0.006935 -0.353611
13  1.209180 0.000090 0.000012  0.001025 0.002232 -0.057920
14  3.933177 -0.120436 1.248438  0.072125 -0.057722 -0.070284
15  1.719449 -0.000009 0.000019  -0.034590 -0.004988 -0.360961
16  1.099675 0.000047 0.000003  0.002252 0.003859 0.043455
17  0.583581 -0.601746 1.200920  -1.352993 -0.695833 -0.525314
18  1.789819 -0.000004 -0.000019  -0.006563 -0.024108 -0.045370
19  1.207015 -0.000010 -0.000044  -0.000021 -0.000011 0.625806
20  5.740637 0.000409 -0.000702  0.115221 0.000003 0.000070
21  11.480986 0.000205 -0.000843  0.128474 -0.039964 -0.019970
22  6.027525 -0.000330 0.000203  1.926840 -0.449223 1.870076
23  0.000002 11.692099 -0.000008  -0.969364 -0.421202 -0.771202
24  0.000003 0.000009 -0.000000  0.211015 -0.000031 1.570738
25  0.000000 -0.000012 -0.000000  0.868957 0.000002 1.570712
26  -4.011518 -5.954122 0.376267  1.473120 1.855075 -0.198639
27  6.027506 -0.000259 -0.000229  1.240804 0.674215 -0.473143
28  11.691992 0.000243 0.000856  0.651619 0.000066 -1.761219
29  11.480033 -0.000020 0.001053  -1.007465 0.488538 0.194659
30  3.452863 -0.227595 1.051755  0.533352 -0.149658 -1.651757
31  1.312558 0.000026 -0.000001  -0.001011 0.013749 -0.916589
32  0.729345 0.000065 -0.000027  -0.019742 -0.002873 -0.520299
33  3.942049 0.050107 0.430996  0.518335 -0.132557 -1.624415
34  1.539094 0.000009 -0.000001  -0.006678 -0.030360 -0.846057
35  1.196300 0.000076 -0.000004  0.001767 -0.002530 -0.866091
36  3.883412 -0.050504 -0.431087  0.268299 -0.273603 -1.261072
37  1.719563 -0.000080 -0.000004  -0.029198 0.025493 -1.449554
38  1.209193 0.000036 0.000012  -0.002172 -0.002925 -0.376412
39  3.806436 -0.112148 -1.295329  0.138413 0.193100 0.412337
40  1.719412 -0.000100 -0.000034  0.120126 0.024136 -0.199374
41  1.099674 0.000024 0.000007  -0.007572 0.003508 0.039631
42  0.594008 -0.285203 -1.857800  1.075925 0.014236 -0.875502
43  1.789779 -0.000011 -0.000043  0.020386 0.054042 -0.056213
44  1.206997 -0.000006 0.000002  0.112046 0.059847 1.317350
45  5.740572 0.000056 0.000725  0.117624 -0.000014 0.000021
46  11.480950 0.000032 0.000961  0.097516 0.086584 -0.001061
47  6.027514 -0.000272 -0.000236  -0.999891 -0.734884 -1.237100
48  -0.000001 11.691975 -0.000005  -1.182872 0.626563 0.898795
49  0.000003 -0.000000 0.000000  2.924144 -0.000041 1.570856
50  -0.000007 -0.000015 0.000005  2.272644 -0.000030 1.570865
51  -3.079345 -7.399843 -8.813232  -2.845370 -0.181125 -1.202165
52  -0.000000 -0.000000 0.000000  0.008153 -0.000259 0.000009
53  -0.000000 -0.000000 0.000000  1.565115 0.043565 -0.106862
54  4.458521 -15.415836 -7.208462  0.869598 -0.629424 -2.108439
55  -0.000000 0.000000 0.000001  0.000000 -0.000000 -0.000002
56  0.000030 0.000029 0.000003  -1.571901 -0.044449 -0.106509
57  16.804436 -2.421511 -14.115350  1.570796 -0.000000 0.000000
58  -20.409580 6.494551 -13.813165  1.570796 -0.000000 0.000000
59  2.136607 2.000451 -5.094482  1.570796 -0.000000 0.000000
60  -0.004311 0.001230 -0.000371  0.006898 -0.005534 -0.284229
61  0.376268 6.572924 -2.887995  1.570796 -0.000000 0.000000
62  0.000000 0.000000 0.000000  -0.078727 -3.136056 0.284226
63  0.000000 0.000000 0.000000  1.564905 -0.006077 0.000527
64  -2.306623 -9.315079 -3.594492  1.601300 -0.317494 0.069706
65  0.000000 -2.755923 2.037235  0.000000 -0.000000 -0.000000
66  -0.000306 -1.332277 -1.998147  0.000000 -0.000000 -0.000000
67  -0.001517 -1.253476 20.838209  0.000000 -0.000000 -0.000000
68  0.585406 -2.133196 -6.588482  0.000000 -0.000000 -0.000000
69  0.000000 0.419707 7.832309  0.000000 -0.000000 -0.000000
70  -1.894687 -2.778975 -6.222176  1.601300 -0.317494 0.069706
71  -0.113746 1.326355 2.565982  0.000000 -0.000000 -0.000000
72  0.120338 1.215165 2.565982  0.000000 -0.000000 -0.000000
73  -0.096187 1.080566 2.565982  0.000000 -0.000000 -0.000000
time 7
0  0.000006 0.000000 0.000000  -1.570800 -1.391899 -1.570792
1  -5.443510 -2.014018 2.095907  -1.544956 -1.855077 -0.198630
2  6.027520 -0.000327 0.000192  -1.327939 -1.170801 -0.564488
3  11.692110 0.000643 -0.000738  -0.598530 -0.000009 -1.248808
4  11.479674 -0.000078 -0.000942  2.038548 -0.307792 -0.117837
5  3.809277 -0.125298 -1.193412  -0.364531 0.142712 -0.869574
6  1.312588 0.000008 0.000009  0.005266 -0.002293 -0.738056
7  0.729353 0.000051 0.000049  0.001394 0.001226 -0.777788
8  3.914054 0.061007 -0.429951  -0.290859 0.032553 -0.695872
9  1.539111 0.000089 0.000003  -0.029239 0.037841 -0.787056
10  1.196333 0.000144 0.000031  -0.004309 0.000113 -0.921716
11  3.881777 -0.048554 0.431214  -0.140941 -0.071483 -0.595420
12  1.719573 -0.000026 0.000016  -0.020604 -0.028242 -0.895835
13  1.209180 0.000091 0.000011  0.003010 0.000477 -0.459958
14  3.902413 -0.128331 1.274273  0.216748 -0.074184 -0.099223
15  1.719448 -0.000008 0.000020  0.005248 0.019202 -0.333985
16  1.099674 0.000047 0.000003  0.003789 0.008195 -0.019392
17  0.537564 -0.528079 1.206633  -1.351583 -0.686280 -0.521624
18  1.789819 -0.000003 -0.000019  -0.010517 -0.024039 0.130135
19  1.207015 -0.000012 -0.000044  -0.000086 -0.000024 0.513789
20  5.740636 0.000411 -0.000702  0.080420 0.000003 0.000071
21  11.480946 0.000192 -0.000847  0.094260 -0.041978 -0.015711
22  6.027524 -0.000330 0.000203  1.813664 -0.321118 1.911474
23  0.000003 11.692100 -0.000006  -0.878009 -0.343787 -0.708183
24  0.000003 0.000009 0.000001  0.270558 -0.000031 1.570738
25  -0.000000 -0.000011 -0.000001  0.868957 0.000002 1.570712
26  -4.011518 -5.954122 0.376267  1.473120 1.855075 -0.198639
27  6.027506 -0.000260 -0.000228  1.290086 0.704279 -0.478897
28  11.691992 0.000245 0.000856  0.646215 0.000064 -1.724765
29  11.480366 0.000151 0.000919  -1.025019 0.474278 0.164780
30  3.452863 -0.227595 1.051755  0.533352 -0.149658 -1.651757
31  1.312559 0.000025 -0.000001  -0.001011 0.013749 -0.916589
32  0.729345 0.000066 -0.000027  -0.019742 -0.002873 -0.520299
33  3.942050 0.050108 0.430997  0.518335 -0.132557 -1.624414
34  1.539092 0.000009 -0.000000  -0.006678 -0.030360 -0.846057
35  1.196300 0.000075 -0.000004  0.001767 -0.002530 -0.866091
36  3.883413 -0.050503 -0.431087  0.268299 -0.273603 -1.261072
37  1.719563 -0.000080 -0.000003  -0.029198 0.025493 -1.449554
38  1.209195 0.000036 0.000011  -0.002172 -0.002925 -0.376412
39  3.806436 -0.112148 -1.295328  0.138413 0.193100 0.412337
40  1.719412 -0.000099 -0.000035  0.120126 0.024136 -0.199374
41  1.099673 0.000025 0.000006  -0.007572 0.003508 0.039631
42  0.594009 -0.285203 -1.857799  1.075925 0.014236 -0.875502
43  1.789779 -0.000009 -0.000044  0.020386 0.054042 -0.056213
44  1.206997 -0.000007 0.000002  0.112046 0.059847 1.317350
45  5.740573 0.000055 0.000724  0.117975 -0.000014 0.000021
46  11.481018 0.000065 0.000933  0.095739 0.082354 -0.005264
47  6.027514 -0.000272 -0.000236  -0.992243 -0.686757 -1.279193
48  -0.000001 11.691973 -0.000006  -1.161494 0.604874 0.887606
49  0.000004 -0.000001 0.000001  2.918741 -0.000041 1.570856
50  -0.000006 -0.000015 0.000005  2.272644 -0.000030 1.570865
51  -3.206186 -7.908082 -8.284310  -2.842711 -0.242104 -1.221394
52  -0.000000 0.000000 -0.000000  0.008153 -0.000259 0.000009
53  0.000000 0.000000 0.000000  1.565115 0.043565 -0.106862
54  3.293133 -15.286114 -5.685572  0.783321 -0.627829 -2.087715
55  0.000000 -0.000000 0.000000  0.000000 -0.000000 -0.000002
56  0.000030 0.000029 0.000001  -1.571902 -0.044449 -0.106509
57  16.350378 -2.418845 -13.407730  1.570796 -0.000000 0.000000
58  -19.993496 6.317165 -14.269680  1.570796 -0.000000 0.000000
59  2.100221 2.950146 -4.999483  1.570796 -0.000000 0.000000
60  -0.004311 0.001230 -0.000371  0.006898 -0.005534 -0.284229
61  0.376268 6.572924 -2.887995  1.570796 -0.000000 0.000000
62  0.000000 0.000000 0.000000  -0.078727 -3.136056 0.284226
63  0.000000 0.000000 0.000000  1.564113 -0.006674 0.000714
64  -2.592517 -9.539713 -2.949362  1.540350 -0.337361 0.070645
65  0.000001 -2.755923 2.037235  -0.000000 -0.000000 -0.000000
66  -0.000306 -1.332277 -1.998148  -0.000000 -0.000000 -0.000000
67  -0.001517 -1.253476 20.838209  -0.000000 -0.000000 -0.000000
68  0.585406 -2.133196 -6.588483  -0.000000 -0.000000 -0.000000
69  -0.000000 0.419707 7.832309  -0.000000 -0.000000 -0.000000
70  -1.993208 -3.170569 -5.927599  1.540350 -0.337361 0.070645
71  -0.113746 1.326355 2.565982  -0.000000 -0.000000 -0.000000
72  0.120338 1.215166 2.565982  -0.000000 -0.000000 -0.000000
73  -0.096187 1.080566 2.565982  -0.000000 -0.000000 -0.000000
time 8
0  0.000006 0.000000 0.000000  -1.570800 -1.391899 -1.570792
1  -5.468518 -2.747364 2.054343  -1.544956 -1.855077 -0.198630
2  6.027521 -0.000329 0.000191  -1.295794 -1.283342 -0.590092
3  11.692112 0.000643 -0.000739  -0.552245 -0.000005 -1.157967
4  11.480433 0.000211 -0.000731  1.834948 -0.344501 -0.022707
5  3.795151 -0.120339 -1.191979  -0.333089 0.145961 -1.076547
6  1.312590 0.000012 0.000008  0.002541 0.004487 -1.166013
7  0.729353 0.000055 0.000050  0.000337 0.000085 -1.392620
8  3.906628 0.065858 -0.429449  -0.234767 -0.014132 -0.889722
9  1.539111 0.000087 0.000004  -0.042696 0.037333 -1.327493
10  1.196333 0.000144 0.000032  -0.006064 -0.000801 -1.428959
11  3.881429 -0.048811 0.431181  -0.079756 -0.110127 -0.826285
12  1.719573 -0.000027 0.000017  -0.016759 -0.050804 -1.438357
13  1.209181 0.000090 0.000012  0.005312 -0.000282 -0.943453
14  3.879657 -0.134200 1.297397  0.366668 -0.072580 -0.167928
15  1.719447 -0.000008 0.000020  0.045267 0.039640 -0.323861
16  1.099674 0.000047 0.000006  0.003509 0.012943 -0.179216
17  0.498250 -0.465145 1.211511  -1.349626 -0.671550 -0.515962
18  1.789819 -0.000002 -0.000019  -0.014908 -0.022669 0.388864
19  1.207015 -0.000011 -0.000043  -0.000189 -0.000056 0.351133
20  5.740637 0.000409 -0.000702  0.038798 0.000003 0.000071
21  11.481098 0.000249 -0.000804  0.055965 -0.046501 -0.003969
22  6.027524 -0.000330 0.000203  1.734771 -0.237257 1.937954
23  0.000002 11.692099 -0.000007  -0.821518 -0.299741 -0.667386
24  0.000003 0.000010 -0.000000  0.316837 -0.000030 1.570739
25  -0.000001 -0.000012 -0.000001  0.868957 0.000002 1.570712
26  -4.011518 -5.954122 0.376267  1.473120 1.855075 -0.198639
27  6.027507 -0.000259 -0.000228  1.323708 0.719294 -0.495492
28  11.691991 0.000244 0.000856  0.640174 0.000061 -1.695102
29  11.480637 0.000300 0.000805  -1.056082 0.451814 0.121925
30  3.452863 -0.227595 1.051754  0.533352 -0.149658 -1.651757
31  1.312559 0.000028 -0.000000  -0.001011 0.013749 -0.916589
32  0.729345 0.000066 -0.000027  -0.019742 -0.002873 -0.520299
33  3.942049 0.050108 0.430996  0.518335 -0.132557 -1.624415
34  1.539094 0.000011 -0.000000  -0.006678 -0.030360 -0.846057
35  1.196298 0.000076 -0.000004  0.001767 -0.002530 -0.866091
36  3.883412 -0.050504 -0.431088  0.268299 -0.273603 -1.261072
37  1.719564 -0.000081 -0.000004  -0.029198 0.025493 -1.449554
38  1.209193 0.000036 0.000012  -0.002172 -0.002925 -0.376412
39  3.806436 -0.112147 -1.295330  0.138413 0.193100 0.412337
40  1.719412 -0.000100 -0.000034  0.120126 0.024136 -0.199374
41  1.099672 0.000024 0.000006  -0.007572 0.003508 0.039631
42  0.594008 -0.285203 -1.857800  1.075925 0.014236 -0.875502
43  1.789779 -0.000010 -0.000042  0.020386 0.054042 -0.056213
44  1.206997 -0.000005 0.000004  0.112046 0.059847 1.317350
45  5.740572 0.000056 0.000724  0.114569 -0.000014 0.000021
46  11.481071 0.000096 0.000910  0.091940 0.075902 -0.011038
47  6.027514 -0.000272 -0.000236  -0.983848 -0.657940 -1.322981
48  -0.000001 11.691974 -0.000005  -1.144115 0.587373 0.878213
49  0.000003 -0.000000 0.000001  2.912700 -0.000041 1.570856
50  -0.000006 -0.000015 0.000005  2.272644 -0.000030 1.570865
51  -3.358736 -8.273581 -7.981881  -2.842441 -0.298523 -1.230410
52  -0.000000 -0.000000 0.000000  0.008153 -0.000259 0.000009
53  0.000000 0.000000 -0.000001  1.565115 0.043565 -0.106862
54  2.252912 -14.825478 -4.609417  0.642577 -0.585508 -2.042118
55  0.000002 0.000000 0.000000  0.000000 -0.000000 -0.000002
56  0.000031 0.000029 0.000001  -1.571902 -0.044449 -0.106509
57  16.003227 -2.416807 -12.866718  1.570796 -0.000000 0.000000
58  -19.527540 6.118519 -14.780909  1.570796 -0.000000 0.000000
59  2.058657 3.676239 -4.893597  1.570796 -0.000000 0.000000
60  -0.004311 0.001230 -0.000371  0.006898 -0.005534 -0.284229
61  0.376268 6.572924 -2.887995  1.570796 -0.000000 0.000000
62  0.000000 0.000000 0.000000  -0.078727 -3.136056 0.284226
63  0.000000 0.000000 0.000000  1.563813 -0.006876 0.000923
64  -2.862380 -9.624919 -2.557124  1.482627 -0.352610 0.081228
65  0.000001 -2.755923 2.037235  0.000000 0.000000 0.000000
66  -0.000306 -1.332276 -1.998147  0.000000 0.000000 0.000000
67  -0.001516 -1.253476 20.838207  0.000000 0.000000 0.000000
68  0.585406 -2.133196 -6.588482  0.000000 0.000000 0.000000
69  0.000001 0.419707 7.832308  0.000000 0.000000 0.000000
70  -2.146224 -3.428069 -5.855796  1.482627 -0.352610 0.081228
71  -0.113746 1.326355 2.565981  0.000000 0.000000 0.000000
72  0.120339 1.215165 2.565981  0.000000 0.000000 0.000000
73  -0.096187 1.080565 2.565981  0.000000 0.000000 0.000000
time 9
0  0.000006 0.000000 0.000000  -1.570800 -1.391899 -1.570792
1  -5.435256 -3.207189 2.008096  -1.544956 -1.855077 -0.198630
2  6.027523 -0.000329 0.000192  -1.232643 -1.359277 -0.649736
3  11.692113 0.000642 -0.000741  -0.523471 -0.000003 -1.104278
4  11.480774 0.000333 -0.000653  1.649503 -0.363090 0.083794
5  3.780241 -0.114792 -1.189795  -0.298163 0.116249 -1.318902
6  1.312589 0.000012 0.000008  0.000018 0.006044 -1.321677
7  0.729353 0.000053 0.000050  0.000630 -0.001011 -1.603870
8  3.898879 0.071373 -0.428878  -0.183209 -0.051369 -1.113165
9  1.539111 0.000089 0.000003  -0.052185 0.042448 -1.518686
10  1.196332 0.000145 0.000030  -0.007636 -0.001455 -1.609762
11  3.881121 -0.049040 0.431152  -0.026594 -0.110237 -1.062786
12  1.719573 -0.000026 0.000015  -0.012584 -0.057825 -1.630026
13  1.209180 0.000092 0.000010  0.005943 -0.000001 -1.264300
14  3.866280 -0.137467 1.315921  0.431900 -0.038704 -0.270499
15  1.719451 -0.000008 0.000018  0.060627 0.050453 -0.322189
16  1.099677 0.000046 0.000006  0.001385 0.014885 -0.434767
17  0.468746 -0.417913 1.215173  -1.347825 -0.654888 -0.509606
18  1.789819 -0.000003 -0.000019  -0.018292 -0.020278 0.647569
19  1.207015 -0.000011 -0.000043  -0.000310 -0.000106 0.188476
20  5.740638 0.000411 -0.000703  0.000769 0.000003 0.000071
21  11.481166 0.000276 -0.000788  0.022115 -0.050177 0.009728
22  6.027525 -0.000330 0.000203  1.679077 -0.182145 1.951152
23  0.000001 11.692099 -0.000008  -0.787611 -0.274768 -0.642328
24  0.000003 0.000010 -0.000001  0.345608 -0.000031 1.570739
25  -0.000001 -0.000012 -0.000001  0.868957 0.000002 1.570712
26  -4.011518 -5.954122 0.376267  1.473120 1.855075 -0.198639
27  6.027507 -0.000259 -0.000228  1.349894 0.725031 -0.519060
28  11.691990 0.000244 0.000855  0.633611 0.000060 -1.674472
29  11.479035 -0.000439 0.001347  -1.090803 0.420723 0.082780
30  3.452864 -0.227595 1.051756  0.533352 -0.149658 -1.651757
31  1.312558 0.000026 -0.000001  -0.001011 0.013749 -0.916589
32  0.729346 0.000066 -0.000027  -0.019742 -0.002873 -0.520299
33  3.942050 0.050108 0.430997  0.518335 -0.132557 -1.624414
34  1.539093 0.000010 -0.000001  -0.006678 -0.030360 -0.846057
35  1.196300 0.000075 -0.000003  0.001767 -0.002530 -0.866091
36  3.883413 -0.050503 -0.431087  0.268299 -0.273603 -1.261072
37  1.719563 -0.000081 -0.000004  -0.029198 0.025493 -1.449554
38  1.209194 0.000036 0.000012  -0.002172 -0.002925 -0.376412
39  3.806437 -0.112148 -1.295329  0.138413 0.193100 0.412337
40  1.719413 -0.000099 -0.000034  0.120126 0.024136 -0.199374
41  1.099674 0.000024 0.000007  -0.007572 0.003508 0.039631
42  0.594010 -0.285203 -1.857799  1.075925 0.014236 -0.875502
43  1.789778 -0.000012 -0.000043  0.020386 0.054042 -0.056213
44  1.206997 -0.000006 0.000003  0.112046 0.059847 1.317350
45  5.740572 0.000055 0.000724  0.109310 -0.000014 0.000021
46  11.480751 -0.000051 0.001018  0.087305 0.067983 -0.015754
47  6.027514 -0.000272 -0.000236  -0.972738 -0.639483 -1.370571
48  -0.000002 11.691975 -0.000005  -1.132030 0.575282 0.871530
49  0.000004 -0.000001 -0.000001  2.906137 -0.000041 1.570856
50  -0.000007 -0.000015 0.000005  2.272644 -0.000030 1.570865
51  -3.521975 -8.521710 -7.781860  -2.845470 -0.346654 -1.230843
52  -0.000001 -0.000001 0.000000  0.008153 -0.000259 0.000009
53  0.000001 0.000000 0.000000  1.565115 0.043565 -0.106862
54  1.404662 -14.389046 -3.827918  0.503791 -0.525588 -2.003164
55  0.000001 0.000000 -0.000000  0.000000 -0.000000 -0.000002
56  0.000030 0.000029 0.000001  -1.571901 -0.044449 -0.106509
57  15.789719 -2.415553 -12.533980  1.570796 -0.000000 0.000000
58  -19.020334 5.902287 -15.337397  1.570796 -0.000000 0.000000
59  2.012410 4.122806 -4.779043  1.570796 -0.000000 0.000000
60  -0.004311 0.001230 -0.000371  0.006898 -0.005534 -0.284229
61  0.376268 6.572924 -2.887995  1.570796 -0.000000 0.000000
62  0.000000 0.000000 0.000000  -0.078727 -3.136056 0.284226
63  0.000000 0.000000 0.000000  1.564253 -0.006930 0.001137
64  -3.100180 -9.620846 -2.294195  1.432099 -0.361773 0.097503
65  0.000000 -2.755923 2.037235  -0.000000 0.000000 -0.000000
66  -0.000306 -1.332276 -1.998148  -0.000000 0.000000 -0.000000
67  -0.001517 -1.253476 20.838209  -0.000000 0.000000 -0.000000
68  0.585406 -2.133196 -6.588483  -0.000000 0.000000 -0.000000
69  -0.000000 0.419707 7.832309  -0.000000 0.000000 -0.000000
70  -2.329623 -3.584231 -5.866392  1.432099 -0.361773 0.097503
71  -0.113746 1.326355 2.565981  -0.000000 0.000000 -0.000000
72  0.120338 1.215166 2.565981  -0.000000 0.000000 -0.000000
73  -0.096187 1.080566 2.565981  -0.000000 0.000000 -0.000000
time 10
0  0.000006 0.000000 0.000000  -1.570800 -1.391899 -1.570792
1  -5.342991 -3.374661 1.957811  -1.544956 -1.855077 -0.198630
2  6.027523 -0.000329 0.000192  -1.119682 -1.413135 -0.766499
3  11.692111 0.000643 -0.000739  -0.513858 -0.000001 -1.060690
4  11.480342 0.000184 -0.000738  1.535283 -0.361998 0.149693
5  3.764667 -0.108877 -1.187377  -0.205117 0.019261 -1.762910
6  1.312590 0.000009 0.000007  0.000871 -0.007714 -1.066380
7  0.729352 0.000053 0.000049  0.003103 -0.001677 -1.451303
8  3.890785 0.077239 -0.428271  -0.136431 -0.064527 -1.505087
9  1.539111 0.000087 0.000004  -0.030763 0.080805 -1.327031
10  1.196334 0.000144 0.000032  -0.009785 -0.001733 -1.609179
11  3.880810 -0.049271 0.431124  -0.004933 -0.040396 -1.419911
12  1.719573 -0.000025 0.000015  -0.009160 -0.013278 -1.614389
13  1.209180 0.000092 0.000011  0.003187 0.000651 -1.442805
14  3.860618 -0.138318 1.328120  0.431220 0.006487 -0.501504
15  1.719450 -0.000008 0.000018  0.047751 0.060401 -0.544812
16  1.099674 0.000048 0.000006  -0.006738 0.012088 -1.011191
17  0.450752 -0.389106 1.217407  -1.346890 -0.640012 -0.504002
18  1.789819 -0.000004 -0.000019  -0.020015 -0.018232 0.823029
19  1.207014 -0.000012 -0.000043  -0.000427 -0.000157 0.076459
20  5.740637 0.000411 -0.000703  -0.022612 0.000003 0.000070
21  11.481078 0.000248 -0.000806  0.001339 -0.051424 0.018034
22  6.027524 -0.000330 0.000203  1.635223 -0.144082 1.952600
23  0.000002 11.692098 -0.000007  -0.759782 -0.255105 -0.621473
24  0.000003 0.000010 -0.000000  0.355217 -0.000031 1.570739
25  -0.000001 -0.000011 -0.000001  0.868957 0.000002 1.570712
26  -4.011518 -5.954122 0.376267  1.473120 1.855075 -0.198639
27  6.027508 -0.000259 -0.000228  1.370321 0.724780 -0.548541
28  11.691992 0.000244 0.000856  0.626663 0.000059 -1.660039
29  11.479126 -0.000412 0.001317  -1.126943 0.385014 0.054386
30  3.452863 -0.227596 1.051755  0.533352 -0.149658 -1.651757
31  1.312558 0.000025 -0.000001  -0.001011 0.013749 -0.916589
32  0.729346 0.000066 -0.000026  -0.019742 -0.002873 -0.520299
33  3.942049 0.050108 0.430996  0.518335 -0.132557 -1.624415
34  1.539094 0.000010 -0.000000  -0.006678 -0.030360 -0.846057
35  1.196299 0.000075 -0.000004  0.001767 -0.002530 -0.866091
36  3.883413 -0.050504 -0.431088  0.268299 -0.273603 -1.261072
37  1.719563 -0.000079 -0.000005  -0.029198 0.025493 -1.449554
38  1.209194 0.000036 0.000011  -0.002172 -0.002925 -0.376412
39  3.806435 -0.112149 -1.295331  0.138413 0.193100 0.412337
40  1.719412 -0.000099 -0.000034  0.120126 0.024136 -0.199374
41  1.099674 0.000026 0.000006  -0.007572 0.003508 0.039632
42  0.594009 -0.285204 -1.857800  1.075925 0.014236 -0.875502
43  1.789780 -0.000012 -0.000044  0.020386 0.054042 -0.056213
44  1.206997 -0.000006 0.000003  0.112046 0.059847 1.317350
45  5.740572 0.000057 0.000724  0.102690 -0.000014 0.000021
46  11.480769 -0.000045 0.001012  0.081915 0.059630 -0.018372
47  6.027514 -0.000272 -0.000236  -0.960151 -0.628039 -1.421051
48  -0.000002 11.691973 -0.000005  -1.123574 0.566864 0.866783
49  0.000003 -0.000001 -0.000000  2.899189 -0.000041 1.570856
50  -0.000007 -0.000016 0.000005  2.272644 -0.000030 1.570865
51  -3.680013 -8.693048 -7.660974  -2.852623 -0.382769 -1.228056
52  0.000000 0.000001 0.000000  0.008153 -0.000259 0.000009
53  0.000000 -0.000001 -0.000001  1.565115 0.043565 -0.106862
54  0.743067 -14.226139 -3.243056  0.409656 -0.482135 -1.986691
55  0.000002 0.000000 0.000000  0.000000 -0.000000 -0.000002
56  0.000033 0.000029 0.000002  -1.571901 -0.044449 -0.106509
57  15.718777 -2.415137 -12.423421  1.570796 -0.000000 0.000000
58  -18.482220 5.672876 -15.927797  1.570796 -0.000000 0.000000
59  1.962125 4.271187 -4.658450  1.570796 -0.000000 0.000000
60  -0.004311 0.001230 -0.000371  0.006898 -0.005534 -0.284229
61  0.376268 6.572924 -2.887995  1.570796 -0.000000 0.000000
62  0.000000 0.000000 0.000000  -0.078727 -3.136056 0.284226
63  0.000000 0.000000 0.000000  1.565449 -0.006934 0.001337
64  -3.289886 -9.592335 -2.134714  1.392870 -0.363748 0.111661
65  0.000000 -2.755924 2.037235  0.000000 -0.000000 0.000000
66  -0.000306 -1.332276 -1.998147  0.000000 -0.000000 0.000000
67  -0.001517 -1.253476 20.838207  0.000000 -0.000000 0.000000
68  0.585406 -2.133196 -6.588482  0.000000 -0.000000 0.000000
69  0.000000 0.419707 7.832311  0.000000 -0.000000 0.000000
70  -2.499427 -3.688956 -5.918940  1.392870 -0.363748 0.111661
71  -0.113746 1.326355 2.565981  0.000000 -0.000000 0.000000
72  0.120339 1.215165 2.565981  0.000000 -0.000000 0.000000
73  -0.096187 1.080566 2.565981  0.000000 -0.000000 0.000000
time 11
0  0.000006 0.000000 0.000000  -1.570800 -1.391899 -1.570792
1  -5.221270 -3.396672 1.904268  -1.544956 -1.855077 -0.198630
2  6.027524 -0.000330 0.000191  -1.013081 -1.454596 -0.886679
3  11.692113 0.000644 -0.000739  -0.513855 0.000002 -0.996309
4  11.480637 0.000297 -0.000674  1.504737 -0.335207 0.142330
5  3.748434 -0.102960 -1.185199  -0.118460 -0.030327 -2.072705
6  1.312590 0.000009 0.000007  -0.000914 -0.021079 -0.811053
7  0.729353 0.000053 0.000050  0.005114 -0.002141 -1.298737
8  3.882331 0.083114 -0.427665  -0.119038 -0.056775 -1.771204
9  1.539111 0.000086 0.000005  0.001239 0.106729 -1.133764
10  1.196334 0.000145 0.000030  -0.010898 -0.001845 -1.608597
11  3.880458 -0.049532 0.431087  -0.021348 0.017239 -1.651663
12  1.719573 -0.000027 0.000015  -0.005039 0.031210 -1.598593
13  1.209178 0.000091 0.000013  0.000600 0.000958 -1.498961
14  3.859660 -0.138477 1.332409  0.422560 0.023022 -0.665085
15  1.719451 -0.000009 0.000022  0.033641 0.064039 -0.767665
16  1.099676 0.000048 0.000004  -0.011838 0.006944 -1.424168
17  0.444782 -0.379552 1.218147  -1.347184 -0.629177 -0.500005
18  1.789819 -0.000002 -0.000019  -0.020489 -0.017485 0.881917
19  1.207013 -0.000012 -0.000042  -0.000535 -0.000189 0.038332
20  5.740637 0.000409 -0.000702  -0.026977 0.000003 0.000071
21  11.481138 0.000269 -0.000792  -0.005219 -0.046568 0.015497
22  6.027525 -0.000330 0.000203  1.606530 -0.110678 1.941694
23  0.000002 11.692099 -0.000006  -0.718162 -0.227112 -0.589840
24  0.000003 0.000009 -0.000002  0.355217 -0.000030 1.570739
25  -0.000000 -0.000011 0.000000  0.868957 0.000002 1.570712
26  -4.011518 -5.954122 0.376267  1.473120 1.855075 -0.198639
27  6.027508 -0.000259 -0.000227  1.384140 0.719126 -0.583475
28  11.691991 0.000243 0.000854  0.619483 0.000058 -1.654959
29  11.479160 -0.000409 0.001305  -1.163336 0.351538 0.038373
30  3.452864 -0.227595 1.051755  0.533352 -0.149658 -1.651757
31  1.312558 0.000026 -0.000002  -0.001011 0.013749 -0.916589
32  0.729347 0.000066 -0.000026  -0.019742 -0.002873 -0.520299
33  3.942049 0.050108 0.430997  0.518335 -0.132557 -1.624415
34  1.539093 0.000011 -0.000001  -0.006678 -0.030360 -0.846057
35  1.196300 0.000075 -0.000003  0.001767 -0.002530 -0.866091
36  3.883413 -0.050504 -0.431087  0.268299 -0.273603 -1.261072
37  1.719563 -0.000078 -0.000004  -0.029198 0.025493 -1.449554
38  1.209195 0.000036 0.000012  -0.002172 -0.002925 -0.376412
39  3.806437 -0.112147 -1.295330  0.138413 0.193100 0.412337
40  1.719411 -0.000100 -0.000035  0.120126 0.024136 -0.199374
41  1.099674 0.000024 0.000008  -0.007572 0.003508 0.039631
42  0.594010 -0.285203 -1.857799  1.075925 0.014236 -0.875502
43  1.789780 -0.000012 -0.000043  0.020386 0.054042 -0.056213
44  1.206997 -0.000006 0.000003  0.112046 0.059847 1.317350
45  5.740573 0.000055 0.000724  0.095494 -0.000014 0.000021
46  11.480777 -0.000046 0.001011  0.075895 0.052193 -0.018867
47  6.027514 -0.000272 -0.000236  -0.946627 -0.623636 -1.473040
48  -0.000003 11.691974 -0.000006  -1.120597 0.563909 0.865098
49  0.000003 0.000000 -0.000000  2.892009 -0.000041 1.570856
50  -0.000006 -0.000016 0.000005  2.272644 -0.000030 1.570865
51  -3.798293 -8.762411 -7.601477  -2.861033 -0.408166 -1.225183
52  0.000000 -0.000001 -0.000000  0.008153 -0.000259 0.000009
53  0.000000 0.000000 -0.000000  1.565115 0.043565 -0.106862
54  0.502498 -14.485979 -2.740125  0.377317 -0.475294 -1.989850
55  -0.000001 -0.000000 -0.000001  0.000000 -0.000000 -0.000002
56  0.000029 0.000029 0.000001  -1.571901 -0.044449 -0.106509
57  15.718777 -2.415137 -12.423421  1.570796 -0.000000 0.000000
58  -17.924936 5.435296 -16.539228  1.570796 -0.000000 0.000000
59  1.908582 4.271187 -4.534754  1.570796 -0.000000 0.000000
60  -0.004311 0.001230 -0.000371  0.006898 -0.005534 -0.284229
61  0.376268 6.572924 -2.887995  1.570796 -0.000000 0.000000
62  0.000000 0.000000 0.000000  -0.078727 -3.136056 0.284226
63  0.000000 0.000000 0.000000  1.567212 -0.006989 0.001504
64  -3.415465 -9.514947 -2.052818  1.364533 -0.361919 0.121352
65  0.000001 -2.755923 2.037234  -0.000000 0.000000 0.000000
66  -0.000306 -1.332276 -1.998147  -0.000000 0.000000 0.000000
67  -0.001517 -1.253477 20.838207  -0.000000 0.000000 0.000000
68  0.585406 -2.133196 -6.588482  -0.000000 0.000000 0.000000
69  0.000000 0.419707 7.832310  -0.000000 0.000000 0.000000
70  -2.617978 -3.714290 -5.991277  1.364533 -0.361919 0.121352
71  -0.113747 1.326354 2.565981  -0.000000 0.000000 0.000000
72  0.120338 1.215165 2.565981  -0.000000 0.000000 0.000000
73  -0.096188 1.080565 2.565981  -0.000000 0.000000 0.000000
time 12
0  0.000006 0.000000 0.000000  -1.570800 -1.391899 -1.570792
1  -5.099549 -3.418683 1.848343  -1.544956 -1.855077 -0.198630
2  6.027524 -0.000329 0.000192  -1.063899 -1.418156 -0.832581
3  11.692112 0.000644 -0.000739  -0.513860 -0.000001 -1.081428
4  11.479811 -0.000032 -0.000862  1.474475 -0.380805 0.146511
5  3.731749 -0.097378 -1.183220  -0.118460 -0.030327 -2.072705
6  1.312590 0.000010 0.000008  -0.000914 -0.021079 -0.811053
7  0.729354 0.000053 0.000050  0.005114 -0.002141 -1.298737
8  3.873711 0.088834 -0.427070  -0.119038 -0.056775 -1.771204
9  1.539110 0.000087 0.000004  0.001239 0.106729 -1.133764
10  1.196334 0.000145 0.000030  -0.010898 -0.001845 -1.608597
11  3.880067 -0.049823 0.431051  -0.021348 0.017239 -1.651663
12  1.719573 -0.000024 0.000015  -0.005039 0.031210 -1.598593
13  1.209180 0.000092 0.000013  0.000600 0.000958 -1.498961
14  3.859659 -0.138476 1.332411  0.422560 0.023022 -0.665085
15  1.719452 -0.000008 0.000019  0.033641 0.064039 -0.767665
16  1.099675 0.000049 0.000006  -0.011838 0.006944 -1.424168
17  0.444782 -0.379551 1.218148  -1.348087 -0.621336 -0.497335
18  1.789819 -0.000002 -0.000019  -0.020379 -0.017326 0.875739
19  1.207016 -0.000011 -0.000044  -0.000656 -0.000199 0.053710
20  5.740638 0.000410 -0.000702  -0.036418 0.000003 0.000071
21  11.480974 0.000205 -0.000829  -0.010114 -0.056162 0.014679
22  6.027525 -0.000330 0.000203  1.625234 -0.142759 1.943059
23  0.000002 11.692099 -0.000006  -0.773058 -0.264390 -0.631451
24  0.000003 0.000009 -0.000000  0.355217 -0.000031 1.570738
25  -0.000001 -0.000012 -0.000000  0.868957 0.000002 1.570712
26  -4.011518 -5.954122 0.376267  1.473120 1.855075 -0.198639
27  6.027509 -0.000259 -0.000228  1.410124 0.697954 -0.610283
28  11.691992 0.000244 0.000856  0.612236 0.000059 -1.663247
29  11.479105 -0.000441 0.001317  -1.236937 0.300173 0.047794
30  3.452863 -0.227595 1.051756  0.533352 -0.149658 -1.651757
31  1.312558 0.000026 -0.000001  -0.001011 0.013749 -0.916589
32  0.729345 0.000066 -0.000027  -0.019742 -0.002873 -0.520299
33  3.942049 0.050108 0.430997  0.518335 -0.132557 -1.624414
34  1.539093 0.000009 -0.000001  -0.006678 -0.030360 -0.846057
35  1.196301 0.000075 -0.000003  0.001767 -0.002530 -0.866091
36  3.883412 -0.050504 -0.431087  0.268299 -0.273603 -1.261072
37  1.719563 -0.000080 -0.000003  -0.029198 0.025493 -1.449554
38  1.209195 0.000036 0.000011  -0.002172 -0.002925 -0.376412
39  3.806436 -0.112148 -1.295329  0.138413 0.193100 0.412337
40  1.719413 -0.000099 -0.000034  0.120126 0.024136 -0.199374
41  1.099672 0.000024 0.000007  -0.007572 0.003508 0.039631
42  0.594008 -0.285203 -1.857800  1.075925 0.014236 -0.875502
43  1.789779 -0.000013 -0.000042  0.020386 0.054042 -0.056213
44  1.206996 -0.000006 0.000004  0.112046 0.059847 1.317350
45  5.740572 0.000054 0.000723  0.079318 -0.000014 0.000021
46  11.480766 -0.000052 0.001012  0.062270 0.041620 -0.012674
47  6.027514 -0.000272 -0.000236  -0.911146 -0.621099 -1.537443
48  -0.000002 11.691974 -0.000005  -1.125453 0.568732 0.867843
49  0.000004 -0.000001 0.000001  2.884763 -0.000041 1.570856
50  -0.000006 -0.000015 0.000005  2.272644 -0.000030 1.570865
51  -4.121531 -8.728696 -7.559802  -2.922436 -0.411352 -1.214134
52  -0.000000 0.000000 -0.000000  0.008153 -0.000259 0.000009
53  -0.000000 -0.000000 0.000000  1.565115 0.043565 -0.106862
54  0.380355 -13.962842 -2.818070  0.331615 -0.509029 -1.992017
55  0.000001 0.000000 -0.000000  0.000000 -0.000000 -0.000002
56  0.000032 0.000029 0.000000  -1.571901 -0.044449 -0.106509
57  15.718777 -2.415137 -12.423421  1.570796 -0.000000 0.000000
58  -17.361160 5.194946 -17.157784  1.570796 -0.000000 0.000000
59  1.852657 4.271187 -4.411059  1.570796 -0.000000 0.000000
60  -0.004311 0.001230 -0.000371  0.006898 -0.005534 -0.284229
61  0.376268 6.572924 -2.887995  1.570796 -0.000000 0.000000
62  0.000000 0.000000 0.000000  -0.078727 -3.136056 0.284226
63  0.000000 0.000000 0.000000  1.569352 -0.007193 0.001619
64  -3.460888 -9.364244 -2.022645  1.347446 -0.307868 0.113551
65  0.000001 -2.755923 2.037235  0.000000 -0.000000 -0.000000
66  -0.000306 -1.332276 -1.998148  0.000000 -0.000000 -0.000000
67  -0.001517 -1.253476 20.838209  0.000000 -0.000000 -0.000000
68  0.585406 -2.133196 -6.588482  0.000000 -0.000000 -0.000000
69  0.000000 0.419707 7.287578  0.000000 -0.000000 -0.000000
70  -2.794560 -3.663370 -6.127656  1.347446 -0.307868 0.113551
71  -0.113745 1.326354 2.565982  0.000000 -0.000000 -0.000000
72  0.120339 1.215165 2.565982  0.000000 -0.000000 -0.000000
73  -0.096187 1.080565 2.565981  0.000000 -0.000000 -0.000000
time 13
0  0.000006 0.000000 0.000000  -1.570800 -1.391899 -1.570792
1  -4.980881 -3.440141 1.790966  -1.544956 -1.855077 -0.198630
2  6.027522 -0.000328 0.000193  -1.119624 -1.281005 -0.738771
3  11.692106 0.000645 -0.000738  -0.513878 -0.000017 -1.414837
4  11.479783 -0.000171 -0.000941  1.417769 -0.541232 0.246579
5  3.714830 -0.092462 -1.181373  -0.118460 -0.030327 -2.072705
6  1.312590 0.000009 0.000009  -0.000914 -0.021079 -0.811053
7  0.729353 0.000053 0.000050  0.005114 -0.002141 -1.298737
8  3.865141 0.094250 -0.426505  -0.119038 -0.056775 -1.771204
9  1.539111 0.000086 0.000005  0.001239 0.106728 -1.133764
10  1.196333 0.000145 0.000031  -0.010898 -0.001845 -1.608597
11  3.879646 -0.050136 0.431010  -0.021348 0.017239 -1.651663
12  1.719573 -0.000027 0.000015  -0.005039 0.031210 -1.598593
13  1.209181 0.000092 0.000012  0.000600 0.000958 -1.498961
14  3.859660 -0.138477 1.332410  0.422560 0.023022 -0.665085
15  1.719451 -0.000010 0.000019  0.033641 0.064039 -0.767665
16  1.099676 0.000049 0.000005  -0.011838 0.006945 -1.424168
17  0.444783 -0.379552 1.218147  -1.348958 -0.614870 -0.495416
18  1.789819 -0.000002 -0.000019  -0.020031 -0.016907 0.856827
19  1.207016 -0.000011 -0.000042  -0.000805 -0.000190 0.096749
20  5.740638 0.000410 -0.000703  -0.060942 0.000003 0.000071
21  11.480966 0.000176 -0.000847  -0.013935 -0.089854 0.029309
22  6.027524 -0.000330 0.000204  1.691201 -0.264323 1.969008
23  0.000003 11.692098 -0.000005  -0.978772 -0.429582 -0.777451
24  0.000004 0.000009 -0.000002  0.355217 -0.000031 1.570739
25  -0.000000 -0.000011 -0.000000  0.868957 0.000002 1.570712
26  -4.011518 -5.954122 0.376267  1.473120 1.855075 -0.198639
27  6.027509 -0.000258 -0.000228  1.447334 0.660631 -0.630243
28  11.691992 0.000244 0.000857  0.605090 0.000061 -1.695981
29  11.480629 0.000266 0.000817  -1.346873 0.250002 0.089915
30  3.452863 -0.227595 1.051754  0.533352 -0.149658 -1.651757
31  1.312558 0.000026 -0.000002  -0.001011 0.013749 -0.916589
32  0.729346 0.000066 -0.000026  -0.019742 -0.002873 -0.520299
33  3.942049 0.050109 0.430996  0.518335 -0.132557 -1.624414
34  1.539093 0.000010 -0.000001  -0.006678 -0.030360 -0.846057
35  1.196299 0.000075 -0.000004  0.001767 -0.002530 -0.866091
36  3.883412 -0.050503 -0.431088  0.268299 -0.273603 -1.261072
37  1.719563 -0.000079 -0.000004  -0.029198 0.025493 -1.449554
38  1.209193 0.000036 0.000011  -0.002172 -0.002925 -0.376412
39  3.806437 -0.112148 -1.295331  0.138413 0.193100 0.412337
40  1.719412 -0.000099 -0.000036  0.120126 0.024136 -0.199374
41  1.099673 0.000024 0.000007  -0.007572 0.003508 0.039631
42  0.594008 -0.285202 -1.857801  1.075925 0.014236 -0.875502
43  1.789779 -0.000013 -0.000043  0.020386 0.054042 -0.056213
44  1.206997 -0.000006 0.000004  0.112046 0.059847 1.317350
45  5.740572 0.000055 0.000724  0.055717 -0.000014 0.000021
46  11.481070 0.000090 0.000912  0.040968 0.031301 0.000591
47  6.027514 -0.000272 -0.000236  -0.853168 -0.618988 -1.614481
48  -0.000001 11.691972 -0.000006  -1.144630 0.587890 0.878495
49  0.000003 -0.000002 -0.000001  2.877616 -0.000041 1.570856
50  -0.000006 -0.000016 0.000005  2.272644 -0.000030 1.570865
51  -4.593422 -8.490875 -7.477299  -3.028023 -0.394029 -1.208149
52  0.000000 -0.000001 -0.000000  0.008153 -0.000259 0.000009
53  -0.000001 0.000000 -0.000001  1.565115 0.043565 -0.106862
54  0.152224 -11.549797 -3.574534  0.251389 -0.557063 -1.996843
55  -0.000001 0.000000 -0.000000  0.000000 -0.000000 -0.000002
56  0.000030 0.000029 0.000001  -1.571901 -0.044449 -0.106509
57  15.718777 -2.415137 -12.423421  1.570796 -0.000000 0.000000
58  -16.803877 4.957365 -17.769213  1.570796 -0.000000 0.000000
59  1.795280 4.271187 -4.290466  1.570796 -0.000000 0.000000
60  -0.004311 0.001230 -0.000371  0.006898 -0.005534 -0.284229
61  0.376268 6.572924 -2.887995  1.570796 -0.000000 0.000000
62  0.000000 0.000000 0.000000  -0.078727 -3.136056 0.284226
63  0.000000 0.000000 0.000000  1.571682 -0.008260 0.001662
64  -3.420229 -9.059916 -2.018335  1.338644 -0.209571 0.080377
65  0.000000 -2.755923 2.037235  -0.000000 -0.000000 0.000000
66  -0.000306 -1.333156 -2.209443  -0.000000 -0.000000 0.000000
67  -0.001517 -1.253475 20.838209  -0.000000 -0.000000 0.000000
68  0.585406 -2.133196 -6.588483  -0.000000 -0.000000 0.000000
69  0.000000 0.419707 4.938910  -0.000000 -0.000000 0.000000
70  -2.959811 -3.454327 -6.279843  1.338644 -0.209571 0.080377
71  -0.113746 1.326354 2.565981  -0.000000 -0.000000 0.000000
72  0.120338 1.215165 2.565981  -0.000000 -0.000000 0.000000
73  -0.096187 1.080565 2.565981  -0.000000 -0.000000 0.000000
time 14
0  0.000006 0.000000 0.000000  -1.570800 -1.391899 -1.570792
1  -4.868155 -3.460526 1.733066  -1.544956 -1.855077 -0.198630
2  6.027522 -0.000327 0.000193  -1.101534 -1.191631 -0.722412
3  11.692106 0.000644 -0.000740  -0.513885 -0.000032 -1.627593
4  11.479486 -0.000392 -0.001067  1.406489 -0.636163 0.302053
5  3.697898 -0.088519 -1.179527  -0.118460 -0.030327 -2.072704
6  1.312589 0.000010 0.000007  -0.000914 -0.021079 -0.811053
7  0.729353 0.000053 0.000051  0.005114 -0.002141 -1.298737
8  3.856837 0.099244 -0.425984  -0.119038 -0.056775 -1.771204
9  1.539110 0.000087 0.000003  0.001239 0.106728 -1.133764
10  1.196333 0.000145 0.000031  -0.010898 -0.001845 -1.608597
11  3.879208 -0.050461 0.430968  -0.021348 0.017239 -1.651663
12  1.719573 -0.000025 0.000015  -0.005039 0.031210 -1.598593
13  1.209180 0.000092 0.000013  0.000600 0.000958 -1.498961
14  3.859659 -0.138477 1.332409  0.422560 0.023022 -0.665085
15  1.719451 -0.000009 0.000021  0.033641 0.064039 -0.767665
16  1.099675 0.000048 0.000005  -0.011838 0.006944 -1.424168
17  0.444782 -0.379552 1.218146  -1.349844 -0.609678 -0.494014
18  1.789819 -0.000001 -0.000018  -0.019502 -0.016337 0.825479
19  1.207016 -0.000010 -0.000042  -0.000964 -0.000161 0.158835
20  5.740636 0.000411 -0.000702  -0.069688 0.000003 0.000070
21  11.480905 0.000132 -0.000870  -0.010610 -0.109300 0.037515
22  6.027525 -0.000329 0.000203  1.724628 -0.348033 1.992387
23  0.000002 11.692098 -0.000008  -1.104616 -0.548085 -0.855848
24  0.000003 0.000009 0.000000  0.355217 -0.000031 1.570739
25  -0.000001 -0.000012 -0.000001  0.868957 0.000002 1.570712
26  -4.011518 -5.954122 0.376267  1.473120 1.855075 -0.198639
27  6.027509 -0.000259 -0.000228  1.461553 0.630254 -0.663065
28  11.691991 0.000243 0.000855  0.598205 0.000064 -1.734645
29  11.480272 0.000056 0.000958  -1.423175 0.228534 0.124607
30  3.452863 -0.227595 1.051755  0.533352 -0.149658 -1.651757
31  1.312558 0.000026 -0.000001  -0.001011 0.013749 -0.916589
32  0.729345 0.000066 -0.000027  -0.019742 -0.002873 -0.520299
33  3.942049 0.050109 0.430996  0.518335 -0.132557 -1.624414
34  1.539093 0.000010 -0.000000  -0.006678 -0.030360 -0.846057
35  1.196300 0.000075 -0.000004  0.001767 -0.002530 -0.866091
36  3.883412 -0.050503 -0.431088  0.268299 -0.273603 -1.261072
37  1.719563 -0.000080 -0.000004  -0.029198 0.025493 -1.449554
38  1.209192 0.000036 0.000011  -0.002172 -0.002925 -0.376412
39  3.806436 -0.112148 -1.295331  0.138413 0.193100 0.412337
40  1.719411 -0.000099 -0.000033  0.120126 0.024136 -0.199374
41  1.099672 0.000025 0.000006  -0.007572 0.003508 0.039631
42  0.594009 -0.285203 -1.857800  1.075925 0.014236 -0.875502
43  1.789780 -0.000010 -0.000043  0.020386 0.054042 -0.056213
44  1.206996 -0.000007 0.000003  0.112046 0.059847 1.317350
45  5.740572 0.000055 0.000722  0.040182 -0.000014 0.000021
46  11.480998 0.000047 0.000941  0.025971 0.026419 0.010248
47  6.027514 -0.000272 -0.000236  -0.814152 -0.625846 -1.678606
48  -0.000001 11.691974 -0.000006  -1.167285 0.610733 0.890678
49  0.000003 -0.000001 -0.000001  2.870731 -0.000041 1.570856
50  -0.000006 -0.000016 0.000005  2.272644 -0.000030 1.570865
51  -4.758625 -8.158696 -7.448515  -3.084948 -0.385786 -1.210274
52  0.000000 0.000000 -0.000002  0.008153 -0.000259 0.000009
53  -0.000000 0.000000 -0.000001  1.565115 0.043565 -0.106862
54  0.144491 -9.756596 -4.137525  0.222857 -0.583035 -2.016435
55  0.000000 -0.000001 0.000000  0.000000 -0.000000 -0.000002
56  0.000030 0.000028 0.000002  -1.571901 -0.044449 -0.106509
57  15.718777 -2.415137 -12.423421  1.570796 -0.000000 0.000000
58  -16.265760 4.727955 -18.359615  1.570796 -0.000000 0.000000
59  1.737380 4.271187 -4.175912  1.570796 -0.000000 0.000000
60  -0.004311 0.001230 -0.000371  0.006898 -0.005534 -0.284229
61  0.376268 6.572924 -2.887995  1.570796 -0.000000 0.000000
62  0.000000 0.000000 0.000000  -0.078727 -3.136056 0.284226
63  0.000000 0.000000 0.000000  1.574010 -0.010446 0.001656
64  -3.315408 -8.699550 -2.051749  1.331234 -0.156779 0.057960
65  0.000000 -2.755924 2.037236  0.000000 -0.000000 -0.000000
66  -0.000306 -1.332276 -5.672091  0.000000 -0.000000 -0.000000
67  -0.001517 -1.253477 20.838211  0.000000 -0.000000 -0.000000
68  0.585406 -2.133196 -6.588482  0.000000 -0.000000 -0.000000
69  -0.000000 0.419707 3.354275  0.000000 -0.000000 -0.000000
70  -2.946937 -3.150805 -6.395793  1.331234 -0.156779 0.057960
71  -0.113746 1.326355 2.565981  0.000000 -0.000000 -0.000000
72  0.120338 1.215165 2.565981  0.000000 -0.000000 -0.000000
73  -0.096187 1.080566 2.565981  0.000000 -0.000000 -0.000000
time 15
0  0.000006 0.000000 0.000000  -1.570800 -1.391899 -1.570792
1  -4.763958 -3.479367 1.675528  -1.544956 -1.855077 -0.198630
2  6.027521 -0.000328 0.000193  -1.126637 -1.166531 -0.699121
3  11.692107 0.000644 -0.000739  -0.513887 -0.000032 -1.645440
4  11.479364 -0.000455 -0.001100  1.429358 -0.615840 0.282988
5  3.681190 -0.085808 -1.177518  -0.118460 -0.030327 -2.072705
6  1.312589 0.000010 0.000007  -0.000914 -0.021079 -0.811053
7  0.729352 0.000053 0.000049  0.005114 -0.002141 -1.298737
8  3.849025 0.103732 -0.425510  -0.119038 -0.056775 -1.771204
9  1.539111 0.000088 0.000004  0.001239 0.106728 -1.133764
10  1.196334 0.000144 0.000031  -0.010898 -0.001845 -1.608597
11  3.878772 -0.050785 0.430927  -0.021348 0.017239 -1.651663
12  1.719573 -0.000026 0.000014  -0.005039 0.031210 -1.598593
13  1.209180 0.000091 0.000011  0.000601 0.000958 -1.498961
14  3.859660 -0.138477 1.332410  0.422560 0.023022 -0.665085
15  1.719450 -0.000009 0.000019  0.033641 0.064039 -0.767665
16  1.099676 0.000049 0.000005  -0.011838 0.006944 -1.424168
17  0.444782 -0.379552 1.218147  -1.350796 -0.605473 -0.492755
18  1.789819 -0.000001 -0.000018  -0.018889 -0.015789 0.783562
19  1.207016 -0.000010 -0.000042  -0.001109 -0.000116 0.225512
20  5.740637 0.000409 -0.000704  -0.064568 0.000003 0.000071
21  11.480882 0.000120 -0.000878  -0.007940 -0.104583 0.035699
22  6.027525 -0.000330 0.000203  1.745334 -0.366619 1.985231
23  0.000002 11.692100 -0.000007  -1.115083 -0.558404 -0.861870
24  0.000003 0.000009 -0.000001  0.355217 -0.000030 1.570739
25  0.000001 -0.000011 -0.000000  0.868957 0.000002 1.570712
26  -4.011518 -5.954122 0.376267  1.473120 1.855075 -0.198639
27  6.027510 -0.000258 -0.000228  1.451326 0.620543 -0.706888
28  11.691993 0.000243 0.000857  0.591730 0.000065 -1.746622
29  11.480162 -0.000011 0.001000  -1.450874 0.211587 0.128708
30  3.452863 -0.227595 1.051755  0.533352 -0.149658 -1.651757
31  1.312558 0.000027 -0.000001  -0.001011 0.013749 -0.916589
32  0.729345 0.000066 -0.000027  -0.019742 -0.002873 -0.520299
33  3.942048 0.050109 0.430997  0.518335 -0.132557 -1.624414
34  1.539093 0.000009 -0.000001  -0.006678 -0.030360 -0.846057
35  1.196298 0.000076 -0.000004  0.001767 -0.002530 -0.866091
36  3.883413 -0.050503 -0.431087  0.268299 -0.273603 -1.261072
37  1.719563 -0.000080 -0.000004  -0.029198 0.025493 -1.449554
38  1.209193 0.000036 0.000012  -0.002172 -0.002925 -0.376412
39  3.806436 -0.112147 -1.295329  0.138413 0.193100 0.412337
40  1.719413 -0.000099 -0.000034  0.120126 0.024136 -0.199374
41  1.099674 0.000023 0.000006  -0.007572 0.003508 0.039631
42  0.594009 -0.285202 -1.857800  1.075925 0.014236 -0.875502
43  1.789779 -0.000010 -0.000043  0.020386 0.054042 -0.056213
44  1.206997 -0.000006 0.000003  0.112046 0.059847 1.317350
45  5.740572 0.000056 0.000724  0.033660 -0.000014 0.000021
46  11.480977 0.000033 0.000950  0.020792 0.022652 0.012090
47  6.027514 -0.000272 -0.000236  -0.809366 -0.638017 -1.719268
48  -0.000001 11.691974 -0.000006  -1.174308 0.617855 0.894363
49  0.000007 -0.000001 -0.000001  2.864255 -0.000041 1.570856
50  -0.000006 -0.000015 0.000005  2.272644 -0.000030 1.570865
51  -4.620992 -8.026398 -7.534467  -3.084867 -0.391982 -1.202956
52  -0.000000 0.000000 0.000001  0.008153 -0.000259 0.000009
53  0.000000 0.000001 -0.000000  1.565115 0.043565 -0.106862
54  0.360119 -9.746140 -4.195118  0.244434 -0.585201 -2.035549
55  0.000000 0.000000 0.000001  0.000000 -0.000000 -0.000002
56  0.000030 0.000029 0.000002  -1.571901 -0.044449 -0.106509
57  15.718777 -2.415137 -12.423421  1.570796 -0.000000 0.000000
58  -15.758556 4.511723 -18.916103  1.570796 -0.000000 0.000000
59  1.679842 4.271187 -4.070025  1.570796 -0.000000 0.000000
60  -0.004311 0.001230 -0.000371  0.006898 -0.005534 -0.284229
61  0.376268 6.572924 -2.887995  1.570796 -0.000000 0.000000
62  0.000000 0.000000 0.000000  -0.078727 -3.136056 0.284226
63  0.000000 0.000000 0.000000  1.576149 -0.013165 0.001639
64  -3.186246 -8.525558 -2.131429  1.325267 -0.158693 0.066246
65  0.000000 -2.755924 2.037235  -0.000000 0.000000 0.000000
66  -0.000306 -1.332277 -5.672091  -0.000000 0.000000 0.000000
67  -0.001517 -1.253476 20.838209  -0.000000 0.000000 0.000000
68  0.585406 -2.133196 -6.588482  -0.000000 0.000000 0.000000
69  -0.000000 0.419707 3.499173  -0.000000 0.000000 0.000000
70  -2.848545 -2.999341 -6.506580  1.325267 -0.158693 0.066246
71  -0.113746 1.326354 2.565981  -0.000000 0.000000 0.000000
72  0.120338 1.215165 2.565982  -0.000000 0.000000 0.000000
73  -0.096187 1.080565 2.565982  -0.000000 0.000000 0.000000
time 16
0  0.000006 0.000000 0.000000  -1.570800 -1.391899 -1.570792
1  -4.670475 -3.496272 1.619149  -1.544956 -1.855077 -0.198630
2  6.027522 -0.000327 0.000193  -1.156436 -1.146662 -0.674751
3  11.692108 0.000643 -0.000739  -0.513887 -0.000031 -1.643677
4  11.479376 -0.000447 -0.001096  1.447139 -0.589125 0.261785
5  3.664936 -0.084529 -1.175165  -0.118460 -0.030327 -2.072705
6  1.312589 0.000010 0.000007  -0.000914 -0.021079 -0.811053
7  0.729352 0.000053 0.000050  0.005114 -0.002141 -1.298737
8  3.841914 0.107662 -0.425097  -0.119038 -0.056775 -1.771204
9  1.539111 0.000086 0.000005  0.001239 0.106729 -1.133764
10  1.196332 0.000145 0.000030  -0.010898 -0.001845 -1.608597
11  3.878357 -0.051093 0.430887  -0.021348 0.017239 -1.651663
12  1.719572 -0.000026 0.000014  -0.005039 0.031210 -1.598593
13  1.209181 0.000092 0.000012  0.000600 0.000958 -1.498961
14  3.859660 -0.138476 1.332411  0.422560 0.023022 -0.665085
15  1.719451 -0.000009 0.000019  0.033641 0.064039 -0.767665
16  1.099675 0.000048 0.000004  -0.011838 0.006944 -1.424168
17  0.444783 -0.379551 1.218146  -1.351856 -0.601775 -0.491165
18  1.789819 -0.000000 -0.000018  -0.018300 -0.015486 0.734632
19  1.207016 -0.000011 -0.000042  -0.001211 -0.000074 0.278272
20  5.740637 0.000409 -0.000702  -0.059660 0.000003 0.000070
21  11.480884 0.000121 -0.000876  -0.006390 -0.098748 0.033159
22  6.027525 -0.000329 0.000204  1.766538 -0.378808 1.974599
23  0.000002 11.692098 -0.000007  -1.114049 -0.557382 -0.861279
24  0.000004 0.000007 -0.000001  0.355217 -0.000031 1.570738
25  -0.000001 -0.000012 -0.000000  0.868957 0.000002 1.570712
26  -4.011518 -5.954122 0.376267  1.473120 1.855075 -0.198639
27  6.027511 -0.000258 -0.000229  1.437697 0.621802 -0.749344
28  11.691991 0.000242 0.000856  0.585793 0.000064 -1.738138
29  11.480238 0.000027 0.000970  -1.461283 0.187504 0.121543
30  3.452864 -0.227596 1.051755  0.533352 -0.149658 -1.651757
31  1.312559 0.000028 -0.000001  -0.001011 0.013749 -0.916589
32  0.729346 0.000066 -0.000026  -0.019742 -0.002873 -0.520299
33  3.942049 0.050107 0.430997  0.518335 -0.132557 -1.624415
34  1.539094 0.000010 -0.000000  -0.006678 -0.030360 -0.846057
35  1.196300 0.000075 -0.000004  0.001767 -0.002530 -0.866091
36  3.883412 -0.050504 -0.431089  0.268299 -0.273603 -1.261072
37  1.719563 -0.000078 -0.000003  -0.029198 0.025493 -1.449554
38  1.209193 0.000036 0.000012  -0.002172 -0.002925 -0.376412
39  3.806435 -0.112148 -1.295331  0.138413 0.193100 0.412337
40  1.719411 -0.000099 -0.000035  0.120126 0.024136 -0.199374
41  1.099674 0.000025 0.000006  -0.007572 0.003508 0.039631
42  0.594009 -0.285203 -1.857800  1.075925 0.014236 -0.875502
43  1.789779 -0.000011 -0.000043  0.020386 0.054042 -0.056213
44  1.206997 -0.000005 0.000003  0.112046 0.059847 1.317350
45  5.740572 0.000055 0.000724  0.029435 -0.000014 0.000021
46  11.480993 0.000041 0.000943  0.019217 0.017635 0.011179
47  6.027514 -0.000272 -0.000236  -0.818106 -0.646704 -1.748556
48  -0.000001 11.691973 -0.000007  -1.169333 0.612808 0.891757
49  0.000004 -0.000001 -0.000001  2.858319 -0.000041 1.570856
50  -0.000006 -0.000015 0.000005  2.272644 -0.000030 1.570865
51  -4.438730 -8.068164 -7.651830  -3.070646 -0.399794 -1.189696
52  -0.000000 0.000000 -0.000000  0.008153 -0.000259 0.000009
53  0.000000 -0.000001 -0.000001  1.565115 0.043565 -0.106862
54  0.608438 -9.926485 -4.223116  0.262564 -0.582977 -2.045915
55  0.000000 0.000000 -0.000001  0.000000 -0.000000 -0.000002
56  0.000030 0.000029 0.000000  -1.571901 -0.044449 -0.106509
57  15.718777 -2.415137 -12.423421  1.570796 -0.000000 0.000000
58  -15.292601 4.313077 -19.427332  1.570796 -0.000000 0.000000
59  1.623462 4.271187 -3.975027  1.570796 -0.000000 0.000000
60  -0.004311 0.001230 -0.000371  0.006898 -0.005534 -0.284229
61  0.376268 6.572924 -2.887995  1.570796 -0.000000 0.000000
62  0.000000 0.000000 0.000000  -0.078727 -3.136056 0.284226
63  0.000000 0.000000 0.000000  1.577911 -0.015833 0.001618
64  -3.076592 -8.527727 -2.226532  1.321609 -0.173532 0.085594
65  0.000001 -2.755924 2.037236  0.000000 -0.000000 -0.000000
66  -0.000306 -1.332276 -5.672091  0.000000 -0.000000 -0.000000
67  -0.001517 -1.253477 20.838211  0.000000 -0.000000 -0.000000
68  0.585406 -2.133196 -6.588482  0.000000 -0.000000 -0.000000
69  0.000000 0.419707 3.644075  0.000000 -0.000000 -0.000000
70  -2.776428 -3.006360 -6.610532  1.321609 -0.173532 0.085594
71  -0.113746 1.326355 2.565981  0.000000 -0.000000 -0.000000
72  0.120338 1.215166 2.565981  0.000000 -0.000000 -0.000000
73  -0.096187 1.080566 2.565982  0.000000 -0.000000 -0.000000
time 17
0  0.000006 0.000000 0.000000  -1.570800 -1.391899 -1.570792
1  -4.589438 -3.510926 1.564614  -1.544956 -1.855077 -0.198630
2  6.027520 -0.000326 0.000193  -1.163751 -1.126910 -0.665666
3  11.692108 0.000643 -0.000740  -0.513886 -0.000032 -1.636783
4  11.479423 -0.000425 -0.001084  1.450304 -0.567621 0.196778
5  3.649364 -0.084809 -1.172303  -0.118460 -0.030327 -2.072704
6  1.312589 0.000010 0.000007  -0.000914 -0.021079 -0.811053
7  0.729353 0.000053 0.000049  0.005114 -0.002141 -1.298737
8  3.835687 0.111007 -0.424746  -0.119038 -0.056775 -1.771204
9  1.539111 0.000088 0.000004  0.001239 0.106728 -1.133764
10  1.196333 0.000145 0.000029  -0.010898 -0.001845 -1.608597
11  3.877982 -0.051372 0.430850  -0.021348 0.017239 -1.651663
12  1.719573 -0.000026 0.000015  -0.005039 0.031210 -1.598593
13  1.209180 0.000091 0.000012  0.000600 0.000958 -1.498961
14  3.859660 -0.138477 1.332409  0.422560 0.023022 -0.665086
15  1.719451 -0.000010 0.000018  0.033641 0.064039 -0.767665
16  1.099676 0.000049 0.000006  -0.011838 0.006944 -1.424168
17  0.444783 -0.379552 1.218146  -1.353053 -0.598017 -0.488779
18  1.789819 -0.000000 -0.000018  -0.017823 -0.015646 0.683259
19  1.207016 -0.000010 -0.000043  -0.001248 -0.000056 0.299116
20  5.740636 0.000411 -0.000704  -0.056028 0.000003 0.000070
21  11.480893 0.000126 -0.000875  -0.008937 -0.094024 0.021046
22  6.027524 -0.000329 0.000203  1.779644 -0.394691 1.972103
23  0.000001 11.692100 -0.000008  -1.110005 -0.553392 -0.858961
24  0.000002 0.000008 -0.000001  0.355217 -0.000031 1.570738
25  -0.000001 -0.000011 -0.000000  0.868957 0.000002 1.570712
26  -4.011518 -5.954122 0.376267  1.473120 1.855075 -0.198639
27  6.027511 -0.000257 -0.000229  1.417812 0.625075 -0.790281
28  11.691992 0.000243 0.000856  0.580502 0.000064 -1.728296
29  11.480328 0.000073 0.000939  -1.446409 0.173917 0.105314
30  3.452862 -0.227595 1.051754  0.533352 -0.149658 -1.651757
31  1.312558 0.000027 -0.000002  -0.001011 0.013749 -0.916589
32  0.729345 0.000066 -0.000026  -0.019742 -0.002873 -0.520299
33  3.942048 0.050108 0.430996  0.518335 -0.132557 -1.624414
34  1.539093 0.000010 -0.000000  -0.006678 -0.030360 -0.846057
35  1.196299 0.000076 -0.000003  0.001767 -0.002530 -0.866091
36  3.883412 -0.050503 -0.431087  0.268299 -0.273603 -1.261072
37  1.719563 -0.000079 -0.000004  -0.029198 0.025493 -1.449554
38  1.209194 0.000036 0.000011  -0.002172 -0.002925 -0.376412
39  3.806435 -0.112148 -1.295330  0.138413 0.193100 0.412337
40  1.719412 -0.000100 -0.000034  0.120126 0.024136 -0.199374
41  1.099674 0.000024 0.000006  -0.007572 0.003508 0.039632
42  0.594009 -0.285202 -1.857800  1.075925 0.014236 -0.875502
43  1.789780 -0.000010 -0.000044  0.020386 0.054042 -0.056213
44  1.206997 -0.000006 0.000003  0.112046 0.059847 1.317350
45  5.740571 0.000056 0.000723  0.031105 -0.000014 0.000021
46  11.481009 0.000050 0.000936  0.022478 0.015009 0.007660
47  6.027514 -0.000272 -0.000236  -0.832713 -0.658393 -1.769013
48  -0.000002 11.691975 -0.000006  -1.163564 0.606967 0.888707
49  0.000004 -0.000001 -0.000000  2.853028 -0.000041 1.570856
50  -0.000007 -0.000015 0.000005  2.272644 -0.000030 1.570865
51  -4.182158 -8.110144 -7.782197  -3.029277 -0.414243 -1.180860
52  0.000000 -0.000000 -0.000001  0.008153 -0.000259 0.000009
53  -0.000000 0.000000 -0.000000  1.565115 0.043565 -0.106862
54  0.763044 -10.112254 -4.387464  0.251244 -0.607879 -2.071328
55  -0.000000 -0.000000 -0.000000  0.000000 -0.000000 -0.000002
56  0.000030 0.000029 0.000001  -1.571902 -0.044449 -0.106509
57  15.718777 -2.415137 -12.423421  1.570796 -0.000000 0.000000
58  -14.876515 4.135691 -19.883846  1.570796 -0.000000 0.000000
59  1.568928 4.271187 -3.892674  1.570796 -0.000000 0.000000
60  -0.004311 0.001230 -0.000371  0.006898 -0.005534 -0.284229
61  0.376268 6.572924 -2.887995  1.570796 -0.000000 0.000000
62  0.000000 0.000000 0.000000  -0.078727 -3.136056 0.284226
63  0.000000 0.000000 0.000000  1.579106 -0.017862 0.001602
64  -3.030297 -8.542912 -2.306211  1.318449 -0.214057 0.111419
65  0.000001 -2.755924 2.037237  0.000000 0.000000 0.000000
66  -0.000306 -1.332276 -5.672090  0.000000 0.000000 0.000000
67  -0.001516 -1.253477 20.838211  0.000000 0.000000 0.000000
68  0.585406 -2.133197 -6.588482  0.000000 0.000000 0.000000
69  0.000000 0.419706 3.644077  0.000000 0.000000 0.000000
70  -2.691707 -3.009554 -6.672259  1.318449 -0.214057 0.111419
71  -0.113746 1.326354 2.565982  0.000000 0.000000 0.000000
72  0.120338 1.215165 2.565982  0.000000 0.000000 0.000000
73  -0.096187 1.080565 2.565982  0.000000 0.000000 0.000000
time 18
0  0.000006 0.000000 0.000000  -1.570800 -1.391899 -1.570792
1  -4.522119 -3.523100 1.512486  -1.544956 -1.855077 -0.198630
2  6.027520 -0.000327 0.000194  -1.272010 -1.063976 -0.577276
3  11.692104 0.000648 -0.000741  -0.513892 -0.000043 -1.816972
4  11.479764 -0.000311 -0.001018  1.620376 -0.474134 0.486600
5  3.634676 -0.086708 -1.168808  -0.118460 -0.030327 -2.072705
6  1.312589 0.000011 0.000008  -0.000914 -0.021079 -0.811053
7  0.729354 0.000053 0.000051  0.005114 -0.002141 -1.298737
8  3.830481 0.113758 -0.424454  -0.119038 -0.056775 -1.771204
9  1.539111 0.000085 0.000003  0.001239 0.106728 -1.133764
10  1.196333 0.000145 0.000030  -0.010898 -0.001845 -1.608597
11  3.877665 -0.051608 0.430819  -0.021348 0.017239 -1.651663
12  1.719573 -0.000027 0.000015  -0.005039 0.031210 -1.598593
13  1.209179 0.000091 0.000011  0.000601 0.000958 -1.498961
14  3.859664 -0.138475 1.332411  0.387503 -0.047480 -0.172556
15  1.719453 -0.000010 0.000020  0.052477 0.088832 -0.475067
16  1.099677 0.000049 0.000005  -0.001890 0.014620 -0.287185
17  0.444781 -0.379552 1.218148  -1.363251 -0.601985 -0.450008
18  1.789819 -0.000003 -0.000018  -0.013149 -0.028340 0.614209
19  1.207017 -0.000012 -0.000043  0.000168 -0.000187 -0.015752
20  5.740639 0.000410 -0.000703  -0.033111 0.000003 0.000071
21  11.480962 0.000149 -0.000861  0.029463 -0.070269 0.088040
22  6.027524 -0.000330 0.000204  1.861972 -0.421016 1.931496
23  0.000000 11.692099 -0.000007  -1.215732 -0.660118 -0.915064
24  0.000004 0.000006 -0.000001  0.355217 -0.000031 1.570739
25  -0.000000 -0.000011 -0.000000  0.868957 0.000002 1.570712
26  -4.011518 -5.954122 0.376267  1.473120 1.855075 -0.198639
27  6.027512 -0.000258 -0.000229  1.386241 0.634909 -0.832632
28  11.691990 0.000243 0.000855  0.575939 0.000063 -1.716673
29  11.480434 0.000131 0.000899  -1.395904 0.187030 0.075040
30  3.452864 -0.227595 1.051756  0.533352 -0.149658 -1.651757
31  1.312559 0.000025 -0.000002  -0.001011 0.013749 -0.916589
32  0.729347 0.000066 -0.000027  -0.019742 -0.002873 -0.520299
33  3.942049 0.050108 0.430998  0.518335 -0.132557 -1.624414
34  1.539092 0.000011 -0.000001  -0.006678 -0.030360 -0.846057
35  1.196300 0.000075 -0.000003  0.001767 -0.002530 -0.866091
36  3.883412 -0.050503 -0.431086  0.268299 -0.273603 -1.261072
37  1.719563 -0.000080 -0.000004  -0.029198 0.025493 -1.449554
38  1.209195 0.000036 0.000011  -0.002172 -0.002925 -0.376412
39  3.806437 -0.112148 -1.295328  0.138413 0.193100 0.412337
40  1.719413 -0.000100 -0.000033  0.120126 0.024136 -0.199374
41  1.099673 0.000025 0.000008  -0.007572 0.003508 0.039632
42  0.594010 -0.285203 -1.857798  1.075925 0.014236 -0.875502
43  1.789779 -0.000011 -0.000044  0.020386 0.054042 -0.056213
44  1.206997 -0.000007 0.000004  0.112046 0.059847 1.317350
45  5.740572 0.000056 0.000723  0.042575 -0.000014 0.000021
46  11.481031 0.000063 0.000929  0.032447 0.017941 0.000095
47  6.027514 -0.000272 -0.000236  -0.861555 -0.673665 -1.774941
48  -0.000001 11.691975 -0.000005  -1.156753 0.600087 0.885069
49  0.000003 0.000000 0.000001  2.848464 -0.000041 1.570856
50  -0.000007 -0.000015 0.000005  2.272644 -0.000030 1.570865
51  -3.764615 -8.150367 -7.891001  -2.942243 -0.441173 -1.189095
52  0.000000 -0.000001 0.000000  0.008153 -0.000259 0.000009
53  0.000001 0.000000 0.000002  1.565115 0.043565 -0.106862
54  1.470295 -8.668360 -3.931528  0.561931 -0.428569 -2.118737
55  0.000000 0.000000 0.000001  0.000000 -0.000000 -0.000002
56  0.000030 0.000029 0.000003  -1.571901 -0.044449 -0.106509
57  15.718777 -2.415137 -12.423421  1.570796 -0.000000 0.000000
58  -14.517060 3.982448 -20.278225  1.570796 -0.000000 0.000000
59  1.516800 4.271187 -3.824264  1.570796 -0.000000 0.000000
60  -0.004311 0.001230 -0.000371  0.006898 -0.005534 -0.284229
61  0.376268 6.572924 -2.887995  1.570796 -0.000000 0.000000
62  0.000000 0.000000 0.000000  -0.078727 -3.136056 0.284226
63  0.000000 0.000000 0.000000  1.579547 -0.018669 0.001601
64  -3.061366 -8.584126 -2.339625  1.312587 -0.297504 0.140791
65  0.000001 -2.755923 2.037236  -0.000000 -0.000000 -0.000000
66  -0.000306 -1.332276 -5.672091  -0.000000 -0.000000 -0.000000
67  -0.001517 -1.253475 20.838209  -0.000000 -0.000000 -0.000000
68  0.585406 -2.133195 -6.588482  -0.000000 -0.000000 -0.000000
69  -0.000000 0.419707 3.569573  -0.000000 -0.000000 -0.000000
70  -2.515435 -3.017321 -6.641684  1.312587 -0.297504 0.140791
71  -0.113746 1.326354 2.565982  -0.000000 -0.000000 -0.000000
72  0.120338 1.215164 2.565982  -0.000000 -0.000000 -0.000000
73  -0.096187 1.080565 2.565982  -0.000000 -0.000000 -0.000000
time 19
0  0.000006 0.000000 0.000000  -1.570800 -1.391899 -1.570792
1  -4.490609 -3.650142 1.463199  -1.544956 -1.855077 -0.198630
2  6.027518 -0.000327 0.000194  -1.373846 -0.928059 -0.524226
3  11.692102 0.000643 -0.000740  -0.342534 -0.000051 -1.903239
4  11.478988 -0.000894 -0.001099  1.789715 -0.256857 0.518925
5  3.621038 -0.090242 -1.164620  -0.175700 -0.024487 -1.856310
6  1.312590 0.000011 0.000007  0.001617 -0.024320 -0.798222
7  0.729354 0.000053 0.000052  0.005455 -0.001643 -1.079788
8  3.826394 0.115907 -0.424227  -0.128937 -0.041514 -1.589469
9  1.539111 0.000085 0.000004  0.007102 0.091796 -1.011922
10  1.196332 0.000145 0.000030  -0.009782 -0.000570 -1.408645
11  3.877413 -0.051795 0.430795  -0.004697 0.018274 -1.461735
12  1.719573 -0.000026 0.000015  -0.001942 0.028108 -1.418722
13  1.209180 0.000091 0.000011  0.000562 0.001296 -1.308646
14  3.859663 -0.138476 1.332410  0.368546 -0.069080 -0.152139
15  1.719452 -0.000011 0.000022  0.051469 0.077817 -0.321137
16  1.099676 0.000048 0.000005  0.000509 0.013001 -0.133888
17  0.481037 -0.448307 1.197853  -1.350619 -0.591462 -0.488613
18  1.789819 -0.000003 -0.000019  -0.005522 -0.026702 0.434589
19  1.207017 -0.000010 -0.000043  0.001597 0.000699 -0.062858
20  5.740638 0.000411 -0.000703  -0.001457 0.000003 0.000071
21  11.480809 0.000033 -0.000879  0.053104 -0.019573 0.100565
22  6.027524 -0.000330 0.000203  2.007041 -0.488310 1.835020
23  0.000002 11.692097 -0.000009  -1.266863 -0.712807 -0.938355
24  0.000003 0.000009 -0.000001  0.526576 -0.000031 1.570739
25  0.000000 -0.000012 -0.000001  0.868957 0.000002 1.570712
26  -4.011518 -5.954122 0.376267  1.473120 1.855075 -0.198639
27  6.027512 -0.000257 -0.000229  1.372923 0.638166 -0.860883
28  11.691991 0.000244 0.000855  0.572162 0.000063 -1.721556
29  11.480390 0.000101 0.000915  -1.354409 0.206018 0.090179
30  3.452863 -0.227596 1.051754  0.533352 -0.149658 -1.651757
31  1.312559 0.000026 -0.000000  -0.001011 0.013749 -0.916589
32  0.729348 0.000066 -0.000027  -0.019742 -0.002873 -0.520299
33  3.942049 0.050108 0.430997  0.518335 -0.132557 -1.624414
34  1.539093 0.000009 -0.000001  -0.006678 -0.030360 -0.846057
35  1.196300 0.000075 -0.000003  0.001767 -0.002530 -0.866091
36  3.883412 -0.050504 -0.431088  0.268299 -0.273603 -1.261072
37  1.719563 -0.000079 -0.000003  -0.029198 0.025493 -1.449554
38  1.209195 0.000036 0.000011  -0.002172 -0.002925 -0.376412
39  3.806436 -0.112148 -1.295330  0.138413 0.193100 0.412337
40  1.719411 -0.000100 -0.000035  0.120126 0.024136 -0.199374
41  1.099671 0.000024 0.000007  -0.007572 0.003508 0.039631
42  0.594008 -0.285203 -1.857800  1.075925 0.014236 -0.875502
43  1.789780 -0.000012 -0.000043  0.020386 0.054042 -0.056213
44  1.206997 -0.000006 0.000004  0.112046 0.059847 1.317350
45  5.740571 0.000054 0.000724  0.053303 -0.000014 0.000021
46  11.481021 0.000055 0.000932  0.040215 0.022457 0.001649
47  6.027514 -0.000272 -0.000236  -0.873078 -0.680345 -1.788058
48  -0.000002 11.691975 -0.000006  -1.159614 0.602975 0.886602
49  0.000003 -0.000001 0.000001  2.844688 -0.000041 1.570856
50  -0.000007 -0.000015 0.000004  2.272644 -0.000030 1.570865
51  -3.540997 -8.089279 -7.846550  -2.876683 -0.436020 -1.207013
52  0.000000 -0.000001 -0.000001  0.008153 -0.000259 0.000009
53  0.000000 -0.000000 -0.000000  1.565115 0.043565 -0.106862
54  3.027507 -8.355160 -4.275998  0.889120 -0.385376 -2.172315
55  0.000000 -0.000000 0.000000  0.000000 -0.000000 -0.000002
56  0.000030 0.000029 0.000001  -1.571901 -0.044449 -0.106509
57  16.113167 -2.440896 -13.215204  1.570796 -0.000000 0.000000
58  -14.219160 3.855447 -20.605072  1.570796 -0.000000 0.000000
59  1.467513 4.390595 -3.770650  1.570796 -0.000000 0.000000
60  -0.004311 0.001230 -0.000371  0.006898 -0.005534 -0.284229
61  0.376268 6.572924 -2.887995  1.570796 -0.000000 0.000000
62  0.000000 0.000000 0.000000  -0.078727 -3.136056 0.284226
63  0.000000 0.000000 0.000000  1.579099 -0.015325 0.002198
64  -3.129716 -8.664385 -2.278733  1.332168 -0.354119 0.144452
65  0.000000 -2.755924 2.037234  0.000000 -0.000000 -0.000000
66  -0.000306 -1.332276 -5.672091  0.000000 -0.000000 -0.000000
67  -0.001517 -1.253476 20.838209  0.000000 -0.000000 -0.000000
68  0.585406 -2.133196 -6.588482  0.000000 -0.000000 -0.000000
69  -0.000000 0.419707 7.832310  0.000000 -0.000000 -0.000000
70  -2.414717 -2.980069 -6.398489  1.332168 -0.354119 0.144452
71  -0.113746 1.326354 2.565981  0.000000 -0.000000 -0.000000
72  0.120338 1.215165 2.565981  0.000000 -0.000000 -0.000000
73  -0.096187 1.080565 2.565982  0.000000 -0.000000 -0.000000
time 20
0  0.000006 0.000000 0.000000  -1.570800 -1.391899 -1.570792
1  -4.508459 -3.964319 1.417073  -1.544956 -1.855077 -0.198630
2  6.027517 -0.000325 0.000196  -1.407840 -0.670908 -0.531890
3  11.692104 0.000644 -0.000740  0.123657 -0.000055 -1.985028
4  11.478253 -0.001632 -0.000537  1.683911 -0.028776 0.324510
5  3.608574 -0.095383 -1.159732  -0.320362 0.059668 -1.223481
6  1.312590 0.000010 0.000008  0.007882 -0.032983 -0.755877
7  0.729353 0.000054 0.000050  0.006957 -0.000743 -0.429058
8  3.823478 0.117449 -0.424064  -0.141961 0.008184 -1.074360
9  1.539111 0.000086 0.000005  0.013637 0.049204 -0.677762
10  1.196333 0.000146 0.000029  -0.005453 0.001576 -0.831458
11  3.877234 -0.051928 0.430779  0.039748 0.006352 -0.922117
12  1.719573 -0.000026 0.000014  0.003272 0.017108 -0.914606
13  1.209179 0.000091 0.000013  0.000752 0.002207 -0.768689
14  3.859663 -0.138475 1.332411  0.348951 -0.110302 -0.151759
15  1.719451 -0.000011 0.000022  0.032887 0.055651 -0.232211
16  1.099676 0.000048 0.000005  0.001468 0.008592 -0.043276
17  0.554048 -0.586765 1.156989  -1.319843 -0.566958 -0.589160
18  1.789819 -0.000004 -0.000018  0.001972 -0.017450 0.176792
19  1.207016 -0.000011 -0.000042  0.003015 0.002553 -0.089116
20  5.740637 0.000412 -0.000702  -0.004541 0.000003 0.000070
21  11.480663 -0.000115 -0.000767  0.023702 0.018924 0.056506
22  6.027525 -0.000330 0.000203  2.256098 -0.638612 1.668882
23  0.000002 11.692099 -0.000006  -1.316099 -0.763554 -0.958028
24  0.000002 0.000010 -0.000001  0.992768 -0.000031 1.570739
25  -0.000000 -0.000012 0.000000  0.868957 0.000002 1.570712
26  -4.011518 -5.954122 0.376267  1.473120 1.855075 -0.198639
27  6.027512 -0.000257 -0.000229  1.420278 0.625867 -0.855063
28  11.691992 0.000243 0.000855  0.569211 0.000064 -1.737529
29  11.480244 0.000015 0.000969  -1.393596 0.170931 0.194375
30  3.452863 -0.227596 1.051756  0.533352 -0.149658 -1.651757
31  1.312559 0.000027 -0.000000  -0.001011 0.013749 -0.916589
32  0.729346 0.000066 -0.000027  -0.019742 -0.002873 -0.520299
33  3.942049 0.050107 0.430998  0.518335 -0.132557 -1.624415
34  1.539093 0.000010 -0.000001  -0.006678 -0.030360 -0.846057
35  1.196300 0.000075 -0.000003  0.001767 -0.002530 -0.866091
36  3.883412 -0.050504 -0.431087  0.268299 -0.273603 -1.261072
37  1.719563 -0.000079 -0.000004  -0.029198 0.025493 -1.449554
38  1.209194 0.000036 0.000011  -0.002172 -0.002925 -0.376412
39  3.806437 -0.112148 -1.295329  0.138413 0.193100 0.412337
40  1.719413 -0.000100 -0.000035  0.120126 0.024136 -0.199374
41  1.099673 0.000023 0.000008  -0.007572 0.003508 0.039632
42  0.594010 -0.285203 -1.857799  1.075925 0.014236 -0.875502
43  1.789780 -0.000011 -0.000041  0.020386 0.054042 -0.056213
44  1.206997 -0.000006 0.000003  0.112046 0.059847 1.317350
45  5.740571 0.000055 0.000723  0.042492 -0.000014 0.000021
46  11.480991 0.000038 0.000942  0.032407 0.016337 0.024080
47  6.027514 -0.000272 -0.000236  -0.832137 -0.656292 -1.835592
48  -0.000002 11.691973 -0.000005  -1.168976 0.612446 0.891569
49  0.000002 -0.000001 -0.000001  2.841736 -0.000041 1.570856
50  -0.000007 -0.000016 0.000005  2.272644 -0.000030 1.570865
51  -4.039252 -8.047088 -7.625979  -2.938864 -0.360421 -1.204223
52  0.000000 0.000000 -0.000000  0.008153 -0.000259 0.000009
53  0.000000 -0.000001 0.000000  1.565115 0.043565 -0.106862
54  5.248448 -7.829547 -5.992679  1.158878 -0.449985 -2.223418
55  0.000000 -0.000000 -0.000000  0.000000 -0.000000 -0.000002
56  0.000030 0.000029 0.000001  -1.571902 -0.044449 -0.106509
57  17.144789 -2.625097 -15.286301  1.570796 -0.000000 0.000000
58  -13.986047 3.756065 -20.860836  1.570796 -0.000000 0.000000
59  1.421386 4.702934 -3.732309  1.570796 -0.000000 0.000000
60  -0.004311 0.001230 -0.000371  0.006898 -0.005534 -0.284229
61  0.376268 6.572924 -2.887995  1.570796 -0.000000 0.000000
62  0.000000 0.000000 0.000000  -0.078727 -3.136056 0.284226
63  0.000000 0.000000 0.000000  1.577917 -0.007348 0.003600
64  -3.198066 -8.912657 -2.144769  1.394981 -0.280373 0.103492
65  0.000001 -2.755923 2.037235  0.000000 -0.000000 0.000000
66  -0.000306 -1.332276 -5.672091  0.000000 -0.000000 0.000000
67  -0.001516 -1.253476 20.838207  0.000000 -0.000000 0.000000
68  0.585406 -2.133196 -6.588482  0.000000 -0.000000 0.000000
69  0.000000 0.419707 7.207597  0.000000 -0.000000 0.000000
70  -2.682100 -3.040867 -6.024321  1.394981 -0.280373 0.103492
71  -0.113746 1.326355 2.565981  0.000000 -0.000000 0.000000
72  0.120339 1.215166 2.565981  0.000000 -0.000000 0.000000
73  -0.096187 1.080566 2.565981  0.000000 -0.000000 0.000000
time 21
0  0.000006 0.000000 0.000000  -1.570800 -1.391899 -1.570792
1  -4.541490 -4.275751 1.374321  -1.544956 -1.855077 -0.198630
2  6.027516 -0.000325 0.000198  -1.408504 -0.452244 -0.539528
3  11.692104 0.000646 -0.000740  0.576983 -0.000057 -2.002490
4  11.478095 -0.001759 0.000269  1.439113 -0.039368 0.090752
5  3.597364 -0.102085 -1.154184  -0.388680 0.213533 -0.594888
6  1.312591 0.000010 0.000008  0.013275 -0.042105 -0.689590
7  0.729354 0.000054 0.000049  0.008672 -0.000930 0.228194
8  3.821742 0.118378 -0.423966  -0.132564 0.058875 -0.554907
9  1.539111 0.000085 0.000005  0.005887 0.006731 -0.325522
10  1.196333 0.000146 0.000030  -0.000617 0.000963 -0.250011
11  3.877129 -0.052005 0.430768  0.072426 -0.021450 -0.381288
12  1.719573 -0.000026 0.000015  0.002521 0.004955 -0.410437
13  1.209180 0.000091 0.000013  0.001259 0.002891 -0.227525
14  3.859663 -0.138475 1.332410  0.331704 -0.148725 -0.159455
15  1.719451 -0.000011 0.000022  0.010852 0.028364 -0.198159
16  1.099676 0.000049 0.000005  0.001379 0.004248 -0.011692
17  0.640057 -0.749871 1.108848  -1.292426 -0.540946 -0.687512
18  1.789819 -0.000003 -0.000018  0.004996 -0.005938 -0.037795
19  1.207016 -0.000011 -0.000043  0.003989 0.004305 -0.098624
20  5.740636 0.000410 -0.000703  -0.026134 0.000003 0.000071
21  11.480630 -0.000141 -0.000607  -0.023344 0.011816 0.006008
22  6.027525 -0.000330 0.000203  -0.642301 -2.388208 -1.637339
23  0.000002 11.692099 -0.000007  -1.326742 -0.774478 -0.961899
24  0.000003 0.000008 -0.000003  1.446095 -0.000031 1.570739
25  -0.000000 -0.000013 0.000000  0.868957 0.000002 1.570712
26  -4.011518 -5.954122 0.376267  1.473120 1.855075 -0.198639
27  6.027512 -0.000257 -0.000228  1.466577 0.624559 -0.847441
28  11.691993 0.000243 0.000854  0.567103 0.000065 -1.744578
29  11.480179 -0.000023 0.000992  -1.430433 0.138529 0.307961
30  3.452864 -0.227595 1.051756  0.533352 -0.149658 -1.651757
31  1.312559 0.000026 -0.000001  -0.001011 0.013749 -0.916589
32  0.729347 0.000065 -0.000026  -0.019742 -0.002873 -0.520299
33  3.942048 0.050107 0.430997  0.518335 -0.132557 -1.624414
34  1.539093 0.000010 -0.000001  -0.006678 -0.030360 -0.846057
35  1.196299 0.000075 -0.000004  0.001767 -0.002530 -0.866091
36  3.883412 -0.050504 -0.431087  0.268299 -0.273603 -1.261072
37  1.719563 -0.000080 -0.000004  -0.029198 0.025493 -1.449554
38  1.209195 0.000036 0.000012  -0.002172 -0.002925 -0.376412
39  3.806435 -0.112149 -1.295329  0.138413 0.193100 0.412337
40  1.719412 -0.000099 -0.000035  0.120126 0.024136 -0.199374
41  1.099672 0.000024 0.000007  -0.007572 0.003508 0.039631
42  0.594008 -0.285204 -1.857800  1.075925 0.014236 -0.875502
43  1.789780 -0.000011 -0.000043  0.020386 0.054042 -0.056213
44  1.206997 -0.000006 0.000004  0.112046 0.059847 1.317350
45  5.740571 0.000054 0.000723  0.032469 -0.000014 0.000021
46  11.480979 0.000030 0.000948  0.025499 0.010305 0.048116
47  6.027514 -0.000272 -0.000236  -0.805539 -0.625364 -1.870975
48  -0.000001 11.691976 -0.000005  -1.173109 0.616638 0.893737
49  0.000003 -0.000002 0.000001  2.839629 -0.000041 1.570856
50  -0.000006 -0.000016 0.000005  2.272644 -0.000030 1.570865
51  -4.493240 -8.074947 -7.343360  -2.996129 -0.274770 -1.203805
52  -0.000000 0.000000 -0.000000  0.008153 -0.000259 0.000009
53  -0.000000 -0.000000 0.000000  1.565115 0.043565 -0.106862
54  6.990149 -7.267222 -7.853452  1.345918 -0.511778 -2.260464
55  0.000000 -0.000001 -0.000000  0.000000 -0.000000 -0.000002
56  0.000030 0.000029 0.000000  -1.571901 -0.044449 -0.106509
57  18.176409 -3.124508 -17.357397  1.570796 -0.000000 0.000000
58  -13.819467 3.685050 -21.043600  1.570796 -0.000000 0.000000
59  1.378635 5.015274 -3.709395  1.570796 -0.000000 0.000000
60  -0.004311 0.001230 -0.000371  0.006898 -0.005534 -0.284229
61  0.376268 6.572924 -2.887995  1.570796 -0.000000 0.000000
62  0.000000 0.000000 0.000000  -0.078727 -3.136056 0.284226
63  0.000000 0.000000 0.000000  1.576240 0.002176 0.005258
64  -3.229135 -9.285885 -2.010805  1.464216 -0.204358 0.069372
65  0.000000 -2.755923 2.037235  0.000000 -0.000000 -0.000000
66  -0.000306 -1.332276 -5.672090  0.000000 -0.000000 -0.000000
67  -0.001517 -1.253476 20.838211  0.000000 -0.000000 -0.000000
68  0.585406 -2.133196 -6.588481  0.000000 -0.000000 -0.000000
69  -0.000000 0.419707 7.519954  0.000000 -0.000000 -0.000000
70  -2.911710 -3.196687 -5.562702  1.464216 -0.204358 0.069372
71  -0.113746 1.326354 2.565981  0.000000 -0.000000 -0.000000
72  0.120338 1.215165 2.565981  0.000000 -0.000000 -0.000000
73  -0.096187 1.080565 2.565981  0.000000 -0.000000 -0.000000
time 22
0  0.000006 0.000000 0.000000  -1.570800 -1.391899 -1.570792
1  -4.555276 -4.394602 1.335073  -1.544956 -1.855077 -0.198630
2  6.027516 -0.000324 0.000199  -1.473579 -0.376977 -0.541863
3  11.692106 0.000646 -0.000739  0.737731 -0.000059 -2.020460
4  11.480563 -0.000647 -0.000407  1.333982 0.018471 -0.012539
5  3.587443 -0.110287 -1.148042  -0.388620 0.271245 -0.379975
6  1.312590 0.000010 0.000008  0.014098 -0.046147 -0.615782
7  0.729354 0.000053 0.000050  0.009089 -0.001194 0.444642
8  3.821170 0.118687 -0.423934  -0.130788 0.076491 -0.373140
9  1.539111 0.000085 0.000004  -0.000838 -0.007915 -0.158562
10  1.196333 0.000145 0.000030  0.000864 0.000054 -0.049363
11  3.877095 -0.052029 0.430765  0.081860 -0.024589 -0.190745
12  1.719574 -0.000026 0.000015  0.000798 0.000923 -0.230570
13  1.209178 0.000091 0.000012  0.001273 0.003077 -0.036647
14  3.859663 -0.138475 1.332410  0.317813 -0.162749 -0.159927
15  1.719450 -0.000011 0.000023  0.000888 0.003407 -0.183367
16  1.099676 0.000049 0.000006  0.001220 0.002560 -0.007946
17  0.728861 -0.918274 1.059144  -1.282860 -0.530573 -0.724441
18  1.789819 -0.000002 -0.000019  0.004877 0.000706 -0.112713
19  1.207016 -0.000012 -0.000043  0.004293 0.004966 -0.103453
20  5.740636 0.000410 -0.000705  -0.037205 0.000003 0.000071
21  11.481125 0.000081 -0.000742  -0.044190 0.023950 -0.015121
22  6.027525 -0.000330 0.000203  -0.516271 -2.412217 -1.751090
23  0.000003 11.692099 -0.000007  -1.337752 -0.785750 -0.965758
24  0.000004 0.000008 -0.000000  1.606841 -0.000031 1.570739
25  -0.000000 -0.000011 -0.000001  0.868957 0.000002 1.570712
26  -4.011518 -5.954122 0.376267  1.473120 1.855075 -0.198639
27  6.027513 -0.000257 -0.000228  1.457448 0.632747 -0.859325
28  11.691991 0.000244 0.000856  0.565845 0.000065 -1.749575
29  11.480131 -0.000050 0.001009  -1.391735 0.163778 0.361715
30  3.452864 -0.227595 1.051755  0.533352 -0.149658 -1.651757
31  1.312559 0.000026 -0.000001  -0.001011 0.013749 -0.916589
32  0.729345 0.000066 -0.000028  -0.019742 -0.002873 -0.520299
33  3.942049 0.050108 0.430996  0.518335 -0.132557 -1.624414
34  1.539093 0.000010 -0.000000  -0.006678 -0.030360 -0.846057
35  1.196299 0.000076 -0.000004  0.001767 -0.002530 -0.866091
36  3.883412 -0.050504 -0.431088  0.268299 -0.273603 -1.261072
37  1.719563 -0.000079 -0.000003  -0.029198 0.025493 -1.449554
38  1.209195 0.000036 0.000011  -0.002172 -0.002925 -0.376412
39  3.806437 -0.112148 -1.295330  0.138413 0.193100 0.412337
40  1.719412 -0.000100 -0.000034  0.120126 0.024136 -0.199374
41  1.099673 0.000024 0.000006  -0.007572 0.003508 0.039631
42  0.594009 -0.285203 -1.857799  1.075925 0.014236 -0.875502
43  1.789779 -0.000010 -0.000043  0.020386 0.054042 -0.056213
44  1.206997 -0.000006 0.000002  0.112046 0.059847 1.317350
45  5.740571 0.000054 0.000723  0.043142 -0.000014 0.000021
46  11.480969 0.000026 0.000951  0.031953 0.017179 0.057541
47  6.027514 -0.000272 -0.000236  -0.818929 -0.627338 -1.869641
48  -0.000001 11.691974 -0.000006  -1.176040 0.619614 0.895264
49  0.000002 -0.000002 -0.000000  2.838370 -0.000041 1.570856
50  -0.000007 -0.000016 0.000005  2.272644 -0.000030 1.570865
51  -4.318163 -8.037552 -7.235999  -2.955514 -0.232248 -1.218764
52  -0.000000 -0.000000 0.000000  0.008153 -0.000259 0.000009
53  -0.000000 -0.000000 -0.000001  1.565115 0.043565 -0.106862
54  7.951026 -6.926274 -7.929348  1.428896 -0.477861 -2.283750
55  -0.000000 0.000000 0.000000  0.000000 -0.000000 -0.000002
56  0.000029 0.000030 0.000001  -1.571901 -0.044449 -0.106509
57  18.570801 -3.945992 -18.149179  1.570796 -0.000000 0.000000
58  -13.719939 3.642619 -21.152800  1.570796 -0.000000 0.000000
59  1.339387 5.134681 -3.701813  1.570796 -0.000000 0.000000
60  -0.004311 0.001230 -0.000371  0.006898 -0.005534 -0.284229
61  0.376268 6.572924 -2.887995  1.570796 -0.000000 0.000000
62  0.000000 0.000000 0.000000  -0.078727 -3.136056 0.284226
63  0.000000 0.000000 0.000000  1.574290 0.010159 0.006630
64  -3.176555 -9.539049 -1.949912  1.517661 -0.229453 0.053098
65  0.000001 -2.755924 2.037235  -0.000000 0.000000 0.000000
66  -0.000306 -1.332276 -5.672091  -0.000000 0.000000 0.000000
67  -0.001517 -1.253476 20.838209  -0.000000 0.000000 0.000000
68  0.585406 -2.133196 -6.588483  -0.000000 0.000000 0.000000
69  -0.000000 0.419707 7.832309  -0.000000 0.000000 0.000000
70  -2.755750 -3.270174 -5.162261  1.517661 -0.229453 0.053098
71  -0.113746 1.326355 2.565982  -0.000000 0.000000 0.000000
72  0.120338 1.215165 2.565982  -0.000000 0.000000 0.000000
73  -0.096187 1.080566 2.565982  -0.000000 0.000000 0.000000
time 23
0  0.000006 0.000000 0.000000  -1.570800 -1.391899 -1.570792
1  -4.531340 -4.248764 1.294619  -1.544956 -1.855077 -0.198630
2  6.027515 -0.000325 0.000199  -1.508734 -0.405001 -0.560912
3  11.692104 0.000645 -0.000739  0.674419 -0.000058 -2.014086
4  11.480573 -0.000615 -0.000448  1.326533 0.105556 -0.007461
5  3.585961 -0.132615 -1.142643  -0.338798 0.264316 -0.387647
6  1.312590 0.000011 0.000006  0.010111 -0.042090 -0.525317
7  0.729353 0.000054 0.000050  0.007868 -0.001018 0.381868
8  3.826658 0.115401 -0.424276  -0.138416 0.084185 -0.390111
9  1.539109 0.000084 0.000005  0.000971 -0.007879 -0.111687
10  1.196333 0.000146 0.000030  0.000645 0.000039 -0.104932
11  3.877386 -0.051815 0.430794  0.089631 0.016149 -0.206839
12  1.719572 -0.000026 0.000015  0.007411 0.000610 -0.231119
13  1.209180 0.000092 0.000012  0.000993 0.003103 -0.047856
14  3.859663 -0.138477 1.332411  0.312615 -0.121146 -0.139735
15  1.719450 -0.000011 0.000022  0.000671 -0.024239 -0.170296
16  1.099675 0.000048 0.000005  0.001155 0.002511 -0.009545
17  0.814493 -1.080667 1.011214  -1.253848 -0.535737 -0.716683
18  1.789819 -0.000004 -0.000017  0.004024 0.003639 -0.070664
19  1.207016 -0.000012 -0.000042  0.003946 0.004735 -0.108270
20  5.740635 0.000409 -0.000703  -0.039403 0.000003 0.000071
21  11.481126 0.000088 -0.000750  -0.046241 0.041169 -0.012435
22  6.027525 -0.000330 0.000203  2.605917 -0.689066 1.370693
23  0.000003 11.692100 -0.000007  -1.333841 -0.781748 -0.964403
24  0.000004 0.000007 -0.000002  1.543531 -0.000031 1.570739
25  0.000000 -0.000011 -0.000001  0.868957 0.000002 1.570712
26  -4.011518 -5.954122 0.376267  1.473120 1.855075 -0.198639
27  6.027513 -0.000257 -0.000229  1.437737 0.636783 -0.870571
28  11.691991 0.000244 0.000855  0.565428 0.000066 -1.757308
29  11.480064 -0.000090 0.001033  -1.359328 0.195607 0.391169
30  3.452863 -0.227594 1.051755  0.533352 -0.149658 -1.651757
31  1.312559 0.000027 -0.000001  -0.001011 0.013749 -0.916589
32  0.729345 0.000066 -0.000027  -0.019742 -0.002873 -0.520299
33  3.942047 0.050109 0.430996  0.518335 -0.132557 -1.624414
34  1.539093 0.000011 -0.000001  -0.006678 -0.030360 -0.846057
35  1.196297 0.000076 -0.000003  0.001767 -0.002530 -0.866091
36  3.883411 -0.050503 -0.431088  0.268299 -0.273603 -1.261072
37  1.719563 -0.000079 -0.000003  -0.029198 0.025493 -1.449554
38  1.209194 0.000036 0.000011  -0.002172 -0.002925 -0.376412
39  3.806435 -0.112147 -1.295330  0.138413 0.193100 0.412337
40  1.719412 -0.000099 -0.000034  0.120126 0.024136 -0.199374
41  1.099674 0.000025 0.000007  -0.007572 0.003508 0.039631
42  0.594008 -0.285202 -1.857800  1.075925 0.014236 -0.875502
43  1.789780 -0.000011 -0.000043  0.020386 0.054042 -0.056213
44  1.206997 -0.000007 0.000004  0.112046 0.059847 1.317350
45  5.740572 0.000055 0.000724  0.052777 -0.000014 0.000021
46  11.480957 0.000018 0.000956  0.036824 0.025014 0.061987
47  6.027514 -0.000272 -0.000236  -0.833775 -0.638514 -1.860416
48  -0.000002 11.691975 -0.000005  -1.180577 0.624227 0.897614
49  0.000003 -0.000002 -0.000000  2.837954 -0.000041 1.570856
50  -0.000007 -0.000015 0.000005  2.272644 -0.000030 1.570865
51  -4.060698 -7.949414 -7.215225  -2.921261 -0.207156 -1.231450
52  0.000000 -0.000000 -0.000000  0.008153 -0.000259 0.000009
53  -0.000001 0.000001 -0.000001  1.565115 0.043565 -0.106862
54  7.931707 -7.221808 -7.484992  1.354603 -0.441318 -2.266630
55  0.000000 -0.000000 -0.000000  0.000000 -0.000000 -0.000002
56  0.000030 0.000029 0.000001  -1.571901 -0.044449 -0.106509
57  18.122814 -5.150249 -18.139593  1.570796 -0.000000 0.000000
58  -13.686999 3.628576 -21.188942  1.570796 -0.000000 0.000000
59  1.298932 4.986911 -3.704210  1.570796 -0.000000 0.000000
60  -0.004311 0.001230 -0.000371  0.006898 -0.005534 -0.284229
61  0.376268 6.572924 -2.887995  1.570796 -0.000000 0.000000
62  0.000000 0.000000 0.000000  -0.078727 -3.136056 0.284226
63  0.000000 0.000000 0.000000  1.572275 0.013512 0.007193
64  -3.048406 -9.640681 -1.960193  1.552507 -0.253999 0.039535
65  0.000001 -2.755924 2.037234  0.000000 0.000000 0.000000
66  -0.000306 -1.332276 -5.672092  0.000000 0.000000 0.000000
67  -0.001517 -1.253476 20.838209  0.000000 0.000000 0.000000
68  0.585406 -2.133196 -6.588484  0.000000 0.000000 0.000000
69  0.000000 0.419707 7.832311  0.000000 0.000000 0.000000
70  -2.523522 -3.266087 -4.940814  1.552507 -0.253999 0.039535
71  -0.113746 1.326355 2.565981  0.000000 0.000000 0.000000
72  0.120338 1.215165 2.565981  0.000000 0.000000 0.000000
73  -0.096187 1.080566 2.565981  0.000000 0.000000 0.000000
time 24
0  0.000006 0.000000 0.000000  -1.570800 -1.391899 -1.570792
1  -4.459894 -3.813449 1.249088  -1.544956 -1.855077 -0.198630
2  6.027515 -0.000324 0.000197  -1.437157 -0.477484 -0.606394
3  11.692105 0.000646 -0.000740  0.477270 -0.000054 -1.953061
4  11.478539 -0.001606 0.000006  1.335523 0.041845 0.117929
5  3.600063 -0.180885 -1.139343  -0.210347 0.249643 -0.429259
6  1.312590 0.000012 0.000008  0.003000 -0.029040 -0.408834
7  0.729353 0.000053 0.000049  0.004684 -0.001001 0.219945
8  3.842893 0.105684 -0.425294  -0.142357 0.107906 -0.441797
9  1.539110 0.000085 0.000005  0.006964 -0.007137 -0.083948
10  1.196333 0.000145 0.000030  -0.000009 0.000102 -0.257128
11  3.878246 -0.051175 0.430876  0.102418 0.105595 -0.258599
12  1.719574 -0.000027 0.000015  0.025952 0.000580 -0.235464
13  1.209179 0.000091 0.000011  0.000813 0.003115 -0.085098
14  3.859663 -0.138475 1.332410  0.323994 -0.003216 -0.093065
15  1.719450 -0.000012 0.000023  0.003491 -0.058013 -0.162690
16  1.099674 0.000049 0.000007  0.000968 0.002499 -0.022497
17  0.892683 -1.228945 0.967449  -1.169114 -0.552549 -0.692802
18  1.789819 -0.000003 -0.000018  0.002834 0.005700 0.054133
19  1.207016 -0.000012 -0.000044  0.002972 0.004015 -0.111141
20  5.740636 0.000410 -0.000703  -0.048808 0.000003 0.000071
21  11.480721 -0.000109 -0.000659  -0.045436 0.026026 0.011320
22  6.027524 -0.000329 0.000202  2.484648 -0.719102 1.434376
23  -0.000000 11.692099 -0.000006  -1.296742 -0.743635 -0.950635
24  0.000003 0.000009 -0.000001  1.346380 -0.000031 1.570738
25  -0.000001 -0.000011 0.000000  0.868957 0.000002 1.570712
26  -4.011518 -5.954122 0.376267  1.473120 1.855075 -0.198639
27  6.027513 -0.000257 -0.000228  1.447677 0.635321 -0.855700
28  11.691990 0.000244 0.000856  0.567260 0.000067 -1.764493
29  11.480000 -0.000125 0.001057  -1.384595 0.193081 0.436241
30  3.452863 -0.227595 1.051754  0.533352 -0.149658 -1.651757
31  1.312559 0.000026 -0.000001  -0.001011 0.013749 -0.916589
32  0.729344 0.000066 -0.000027  -0.019742 -0.002873 -0.520299
33  3.942049 0.050108 0.430997  0.518335 -0.132557 -1.624414
34  1.539094 0.000009 0.000000  -0.006678 -0.030360 -0.846057
35  1.196298 0.000076 -0.000004  0.001767 -0.002530 -0.866091
36  3.883413 -0.050503 -0.431087  0.268299 -0.273603 -1.261072
37  1.719563 -0.000079 -0.000004  -0.029198 0.025493 -1.449554
38  1.209195 0.000036 0.000012  -0.002172 -0.002925 -0.376412
39  3.806435 -0.112148 -1.295330  0.138413 0.193100 0.412337
40  1.719412 -0.000100 -0.000035  0.120126 0.024136 -0.199374
41  1.099675 0.000025 0.000006  -0.007572 0.003508 0.039631
42  0.594008 -0.285203 -1.857800  1.075925 0.014236 -0.875502
43  1.789779 -0.000011 -0.000044  0.020386 0.054042 -0.056213
44  1.206997 -0.000006 0.000004  0.112046 0.059847 1.317350
45  5.740574 0.000053 0.000724  0.047555 -0.000014 0.000021
46  11.480946 0.000009 0.000961  0.031611 0.024195 0.071756
47  6.027514 -0.000272 -0.000236  -0.826840 -0.632603 -1.855567
48  -0.000001 11.691972 -0.000005  -1.184794 0.628521 0.899781
49  0.000003 -0.000001 -0.000000  2.839785 -0.000041 1.570856
50  -0.000007 -0.000016 0.000005  2.272644 -0.000030 1.570865
51  -4.170031 -7.907291 -7.139338  -2.965118 -0.167833 -1.229604
52  -0.000000 -0.000000 -0.000001  0.008153 -0.000259 0.000009
53  -0.000000 0.000000 -0.000000  1.565115 0.043565 -0.106862
54  6.926594 -8.253584 -7.703623  1.072020 -0.461448 -2.180413
55  0.000000 0.000000 0.000001  0.000000 -0.000000 -0.000002
56  0.000030 0.000030 0.000003  -1.571901 -0.044449 -0.106509
57  16.785610 -6.840828 -18.110977  1.570796 -0.000000 0.000000
58  -13.831841 3.690325 -21.030025  1.570796 -0.000000 0.000000
59  1.253401 4.545830 -3.711365  1.570796 -0.000000 0.000000
60  -0.004311 0.001230 -0.000371  0.006898 -0.005534 -0.284229
61  0.376268 6.572924 -2.887995  1.570796 -0.000000 0.000000
62  0.000000 0.000000 0.000000  -0.078727 -3.136056 0.284226
63  0.000000 0.000000 0.000000  1.570382 0.013240 0.006225
64  -2.889074 -9.723890 -1.985738  1.577621 -0.201045 0.027536
65  0.000001 -2.755923 2.037236  -0.000000 0.000000 -0.000000
66  -0.000306 -1.332276 -5.672090  -0.000000 0.000000 -0.000000
67  -0.001516 -1.253476 20.838207  -0.000000 0.000000 -0.000000
68  0.585406 -2.133196 -6.588481  -0.000000 0.000000 -0.000000
69  0.000000 0.419707 7.832311  -0.000000 0.000000 -0.000000
70  -2.480626 -3.285991 -4.846106  1.577621 -0.201045 0.027536
71  -0.113746 1.326354 2.565981  -0.000000 0.000000 -0.000000
72  0.120338 1.215165 2.565982  -0.000000 0.000000 -0.000000
73  -0.096187 1.080565 2.565981  -0.000000 0.000000 -0.000000
time 25
0  0.000006 0.000000 0.000000  -1.570800 -1.391899 -1.570792
1  -4.347414 -3.128131 1.200997  -1.544956 -1.855077 -0.198630
2  6.027517 -0.000323 0.000196  -1.317616 -0.597283 -0.697579
3  11.692104 0.000646 -0.000740  0.148322 -0.000045 -1.839150
4  11.479562 -0.000988 -0.000594  1.302898 -0.143926 0.249419
5  3.627249 -0.249006 -1.137935  -0.087258 0.246985 -0.538928
6  1.312590 0.000011 0.000009  -0.003335 -0.013070 -0.298088
7  0.729355 0.000053 0.000049  0.001019 -0.001709 0.013179
8  3.867628 0.090877 -0.426842  -0.154792 0.152028 -0.537079
9  1.539110 0.000085 0.000004  0.015463 -0.004283 -0.074248
10  1.196333 0.000145 0.000029  -0.000973 0.000081 -0.442969
11  3.879556 -0.050202 0.431004  0.107751 0.215688 -0.340428
12  1.719572 -0.000027 0.000016  0.047849 0.002829 -0.247850
13  1.209179 0.000091 0.000011  0.000533 0.003116 -0.145869
14  3.859663 -0.138476 1.332411  0.346149 0.138923 -0.037384
15  1.719449 -0.000011 0.000023  0.007026 -0.084412 -0.160258
16  1.099674 0.000049 0.000006  0.000675 0.002524 -0.061819
17  0.959844 -1.356308 0.929860  -1.047012 -0.581656 -0.655578
18  1.789819 -0.000004 -0.000018  0.001581 0.006996 0.238466
19  1.207016 -0.000012 -0.000044  0.001592 0.002915 -0.112443
20  5.740638 0.000411 -0.000703  -0.067158 0.000003 0.000071
21  11.480925 0.000016 -0.000778  -0.048061 -0.014241 0.033214
22  6.027524 -0.000329 0.000203  2.274882 -0.741018 1.544737
23  0.000003 11.692100 -0.000008  -1.228822 -0.673575 -0.921286
24  0.000003 0.000008 -0.000001  1.017431 -0.000031 1.570739
25  -0.000000 -0.000011 -0.000001  0.868957 0.000002 1.570712
26  -4.011518 -5.954122 0.376267  1.473120 1.855075 -0.198639
27  6.027512 -0.000258 -0.000228  1.472650 0.633388 -0.812658
28  11.691990 0.000243 0.000854  0.572789 0.000067 -1.770832
29  11.479941 -0.000146 0.001078  -1.428599 0.179285 0.482605
30  3.452861 -0.227596 1.051755  0.533352 -0.149658 -1.651757
31  1.312559 0.000026 -0.000001  -0.001011 0.013749 -0.916589
32  0.729346 0.000066 -0.000027  -0.019742 -0.002873 -0.520299
33  3.942048 0.050108 0.430997  0.518335 -0.132557 -1.624414
34  1.539093 0.000009 -0.000000  -0.006678 -0.030360 -0.846057
35  1.196298 0.000075 -0.000003  0.001767 -0.002530 -0.866091
36  3.883411 -0.050504 -0.431087  0.268299 -0.273603 -1.261072
37  1.719563 -0.000079 -0.000004  -0.029198 0.025493 -1.449554
38  1.209194 0.000036 0.000011  -0.002172 -0.002925 -0.376412
39  3.806436 -0.112148 -1.295329  0.138413 0.193100 0.412337
40  1.719411 -0.000100 -0.000034  0.120126 0.024136 -0.199374
41  1.099672 0.000024 0.000007  -0.007572 0.003508 0.039631
42  0.594008 -0.285203 -1.857799  1.075925 0.014236 -0.875502
43  1.789779 -0.000011 -0.000044  0.020386 0.054042 -0.056213
44  1.206997 -0.000006 0.000003  0.112046 0.059847 1.317350
45  5.740571 0.000056 0.000723  0.038338 -0.000014 0.000021
46  11.480931 0.000007 0.000965  0.023306 0.020185 0.082466
47  6.027514 -0.000272 -0.000236  -0.811668 -0.616577 -1.836198
48  -0.000000 11.691975 -0.000006  -1.188516 0.632315 0.901679
49  0.000003 0.000000 -0.000001  2.845314 -0.000041 1.570856
50  -0.000006 -0.000016 0.000005  2.272644 -0.000030 1.570865
51  -4.467353 -7.894366 -7.009340  -3.046669 -0.123961 -1.223269
52  0.000000 -0.000000 -0.000000  0.008153 -0.000259 0.000009
53  -0.000001 -0.000000 0.000000  1.565115 0.043565 -0.106862
54  5.205860 -9.879473 -7.956967  0.589502 -0.466228 -2.032291
55  -0.000000 0.000000 -0.000000  0.000000 -0.000000 -0.000002
56  0.000030 0.000030 0.000001  -1.571901 -0.044449 -0.106509
57  14.680449 -8.905208 -18.065926  1.570796 -0.000000 0.000000
58  -14.268579 3.876515 -20.550854  1.570796 -0.000000 0.000000
59  1.205311 3.851435 -3.722630  1.570796 -0.000000 0.000000
60  -0.004311 0.001230 -0.000371  0.006898 -0.005534 -0.284229
61  0.376268 6.572924 -2.887995  1.570796 -0.000000 0.000000
62  0.000000 0.000000 0.000000  -0.078727 -3.136056 0.284226
63  0.000000 0.000000 0.000000  1.568686 0.012469 0.003938
64  -2.736006 -9.790520 -2.018596  1.593975 -0.110642 0.019465
65  0.000000 -2.755924 2.037235  0.000000 -0.000000 -0.000000
66  -0.000306 -1.332276 -5.672091  0.000000 -0.000000 -0.000000
67  -0.001517 -1.253476 20.838209  0.000000 -0.000000 -0.000000
68  0.585406 -2.133196 -6.588483  0.000000 -0.000000 -0.000000
69  -0.000000 0.419707 7.832311  0.000000 -0.000000 -0.000000
70  -2.548739 -3.314550 -4.815344  1.593975 -0.110642 0.019465
71  -0.113746 1.326355 2.565982  0.000000 -0.000000 -0.000000
72  0.120338 1.215165 2.565981  0.000000 -0.000000 -0.000000
73  -0.096187 1.080566 2.565982  0.000000 -0.000000 -0.000000
time 26
0  0.000006 0.000000 0.000000  -1.570800 -1.391899 -1.570792
1  -4.210398 -2.293306 1.154494  -1.544956 -1.855077 -0.198630
2  6.027518 -0.000324 0.000195  -1.206964 -0.738657 -0.854949
3  11.692107 0.000644 -0.000741  -0.261581 -0.000035 -1.684768
4  11.479095 -0.000843 -0.000983  1.239901 -0.325830 0.294446
5  3.660948 -0.323635 -1.137705  -0.052387 0.264692 -0.718136
6  1.312591 0.000012 0.000009  -0.006886 -0.002244 -0.221750
7  0.729354 0.000054 0.000050  -0.001341 -0.002770 -0.160712
8  3.895684 0.074083 -0.428602  -0.187143 0.208850 -0.666332
9  1.539110 0.000083 0.000004  0.023580 0.001148 -0.072982
10  1.196331 0.000145 0.000028  -0.001937 -0.000059 -0.580209
11  3.881042 -0.049098 0.431145  0.098297 0.306624 -0.434377
12  1.719575 -0.000025 0.000015  0.062866 0.008326 -0.268659
13  1.209178 0.000090 0.000011  0.000004 0.003092 -0.216437
14  3.859663 -0.138476 1.332410  0.361074 0.240094 0.001818
15  1.719449 -0.000012 0.000022  0.008500 -0.093449 -0.160090
16  1.099676 0.000048 0.000005  0.000333 0.002561 -0.136814
17  1.012564 -1.456283 0.900350  -0.926401 -0.618460 -0.611782
18  1.789819 -0.000004 -0.000018  0.000528 0.007712 0.427832
19  1.207014 -0.000013 -0.000044  0.000242 0.001700 -0.113169
20  5.740637 0.000412 -0.000702  -0.088425 0.000003 0.000071
21  11.480829 0.000044 -0.000854  -0.053776 -0.052771 0.035364
22  6.027524 -0.000330 0.000203  2.059289 -0.703765 1.599000
23  0.000001 11.692099 -0.000008  -1.138127 -0.581329 -0.874829
24  0.000004 0.000008 -0.000000  0.607524 -0.000031 1.570739
25  -0.000000 -0.000011 -0.000000  0.868957 0.000002 1.570712
26  -4.011518 -5.954122 0.376267  1.473120 1.855075 -0.198639
27  6.027511 -0.000258 -0.000228  1.486464 0.635875 -0.752513
28  11.691992 0.000243 0.000856  0.581876 0.000067 -1.774309
29  11.479913 -0.000155 0.001090  -1.439746 0.184609 0.506219
30  3.452863 -0.227596 1.051756  0.533352 -0.149658 -1.651757
31  1.312559 0.000025 -0.000001  -0.001011 0.013749 -0.916589
32  0.729347 0.000065 -0.000026  -0.019742 -0.002873 -0.520299
33  3.942049 0.050107 0.430998  0.518335 -0.132557 -1.624415
34  1.539093 0.000009 0.000000  -0.006678 -0.030360 -0.846057
35  1.196300 0.000075 -0.000003  0.001768 -0.002530 -0.866091
36  3.883412 -0.050504 -0.431087  0.268299 -0.273603 -1.261072
37  1.719563 -0.000081 -0.000005  -0.029198 0.025493 -1.449554
38  1.209193 0.000036 0.000012  -0.002172 -0.002925 -0.376412
39  3.792214 -0.111282 -1.296321  0.132387 0.174272 0.431596
40  1.719412 -0.000099 -0.000033  0.116051 0.031858 -0.259337
41  1.099675 0.000024 0.000007  -0.008223 0.003305 -0.051803
42  0.594009 -0.285204 -1.857799  1.075925 0.014236 -0.875502
43  1.789779 -0.000011 -0.000044  0.020386 0.054042 -0.056213
44  1.206997 -0.000007 0.000003  0.112046 0.059847 1.317350
45  5.740574 0.000055 0.000723  0.038123 -0.000014 0.000021
46  11.480928 0.000004 0.000968  0.020715 0.020953 0.087428
47  6.027514 -0.000272 -0.000236  -0.807264 -0.605764 -1.786771
48  -0.000002 11.691973 -0.000007  -1.190558 0.634399 0.902716
49  0.000003 -0.000001 -0.000000  2.854402 -0.000041 1.570856
50  -0.000006 -0.000015 0.000005  2.272644 -0.000030 1.570865
51  -4.647513 -7.891560 -6.898277  -3.106966 -0.092961 -1.222995
52  0.000000 0.000000 -0.000000  0.008153 -0.000259 0.000009
53  0.000000 -0.000001 0.000000  1.565115 0.043565 -0.106862
54  3.356158 -11.862982 -7.656466  0.024370 -0.384092 -1.905306
55  0.000001 0.000001 -0.000000  0.000000 -0.000000 -0.000002
56  0.000031 0.000030 0.000001  -1.571901 -0.044449 -0.106509
57  12.116030 -11.114198 -18.011047  1.570796 -0.000000 0.000000
58  -14.984627 4.181781 -19.765230  1.570796 -0.000000 0.000000
59  1.158808 3.005552 -3.736352  1.570796 -0.000000 0.000000
60  -0.004311 0.001230 -0.000371  0.006898 -0.005534 -0.284229
61  0.376268 6.572924 -2.887995  1.570796 -0.000000 0.000000
62  0.000000 0.000000 0.000000  -0.078727 -3.136056 0.284226
63  0.000000 0.000000 0.000000  1.567226 0.011291 0.001213
64  -2.598905 -9.842411 -2.050818  1.603782 -0.043872 0.012452
65  0.000000 -2.755923 2.037235  0.000000 0.000000 0.000000
66  -0.000306 -1.332276 -5.672091  0.000000 0.000000 0.000000
67  -0.001517 -1.253476 20.838209  0.000000 0.000000 0.000000
68  0.585406 -2.133196 -6.588483  0.000000 0.000000 0.000000
69  0.000000 0.419707 7.832311  0.000000 0.000000 0.000000
70  -2.556636 -3.342995 -4.798703  1.603782 -0.043872 0.012452
71  -0.113746 1.326355 2.565982  0.000000 0.000000 0.000000
72  0.120338 1.215165 2.565982  0.000000 0.000000 0.000000
73  -0.096187 1.080566 2.565982  0.000000 0.000000 0.000000
time 27
0  0.000006 0.000000 0.000000  -1.570800 -1.391899 -1.570792
1  -4.073381 -1.458482 1.114463  -1.544956 -1.855077 -0.198630
2  6.027520 -0.000323 0.000194  -1.082652 -0.864767 -1.061862
3  11.692109 0.000644 -0.000740  -0.650784 -0.000023 -1.507345
4  11.480401 0.000189 -0.000777  1.181132 -0.453851 0.252633
5  3.692264 -0.388087 -1.137582  -0.093468 0.303266 -1.020930
6  1.312590 0.000009 0.000008  -0.007954 0.003266 -0.176264
7  0.729354 0.000053 0.000050  -0.002142 -0.003513 -0.335825
8  3.920422 0.059277 -0.430152  -0.263858 0.295771 -0.896009
9  1.539111 0.000084 0.000005  0.033536 0.018424 -0.121834
10  1.196332 0.000147 0.000029  -0.003349 0.000922 -0.675453
11  3.882352 -0.048124 0.431270  0.067909 0.381646 -0.578854
12  1.719573 -0.000025 0.000015  0.071396 0.023253 -0.286986
13  1.209179 0.000092 0.000011  -0.000579 0.003035 -0.309154
14  3.859661 -0.138475 1.332409  0.365137 0.322736 -0.056153
15  1.719450 -0.000010 0.000023  0.002637 -0.067144 -0.216516
16  1.099675 0.000049 0.000006  0.000003 0.002579 -0.244381
17  1.047256 -1.522070 0.880933  -0.846922 -0.653781 -0.566494
18  1.789820 -0.000002 -0.000019  -0.000123 0.008034 0.566028
19  1.207016 -0.000012 -0.000043  -0.000650 0.000665 -0.114456
20  5.740636 0.000409 -0.000704  -0.105600 0.000003 0.000071
21  11.481088 0.000250 -0.000815  -0.061355 -0.078243 0.020262
22  6.027525 -0.000329 0.000203  1.877714 -0.646507 1.595367
23  0.000003 11.692100 -0.000007  -1.033817 -0.480032 -0.813005
24  0.000003 0.000010 -0.000002  0.218316 -0.000031 1.570738
25  -0.000000 -0.000011 -0.000001  0.868957 0.000002 1.570712
26  -4.011518 -5.954122 0.376267  1.473120 1.855075 -0.198639
27  6.027510 -0.000258 -0.000228  1.494200 0.640669 -0.674444
28  11.691991 0.000242 0.000856  0.594029 0.000067 -1.776231
29  11.479894 -0.000151 0.001097  -1.424736 0.201654 0.513192
30  3.452862 -0.227596 1.051756  0.533352 -0.149658 -1.651757
31  1.312559 0.000026 -0.000001  -0.001011 0.013749 -0.916589
32  0.729346 0.000065 -0.000026  -0.019742 -0.002873 -0.520299
33  3.942048 0.050108 0.430997  0.518335 -0.132557 -1.624415
34  1.539093 0.000010 -0.000001  -0.006678 -0.030360 -0.846057
35  1.196298 0.000075 -0.000003  0.001767 -0.002530 -0.866091
36  3.883413 -0.050504 -0.431087  0.268299 -0.273603 -1.261072
37  1.719563 -0.000079 -0.000004  -0.029198 0.025493 -1.449554
38  1.209193 0.000036 0.000011  -0.002172 -0.002925 -0.376412
39  3.747695 -0.109138 -1.299209  0.113487 0.121734 0.486347
40  1.719410 -0.000099 -0.000034  0.100515 0.053808 -0.440360
41  1.099676 0.000024 0.000007  -0.009982 0.002385 -0.318450
42  0.594008 -0.285203 -1.857800  1.075925 0.014236 -0.875502
43  1.789779 -0.000011 -0.000043  0.020386 0.054042 -0.056213
44  1.206996 -0.000007 0.000003  0.112046 0.059847 1.317350
45  5.740571 0.000056 0.000724  0.043870 -0.000014 0.000021
46  11.480923 0.000006 0.000968  0.022737 0.025041 0.088164
47  6.027514 -0.000272 -0.000236  -0.808429 -0.597975 -1.712651
48  -0.000002 11.691974 -0.000006  -1.191687 0.635551 0.903287
49  0.000005 -0.000003 -0.000002  2.866554 -0.000041 1.570856
50  -0.000006 -0.000015 0.000004  2.272644 -0.000030 1.570865
51  -4.766031 -7.895249 -6.800146  3.128691 -0.070978 -1.225281
52  0.000001 0.000000 -0.000001  0.008153 -0.000259 0.000009
53  -0.000000 -0.000000 0.000000  1.565115 0.043565 -0.106862
54  1.625080 -13.843145 -7.067871  -0.490041 -0.261503 -1.863129
55  -0.000000 -0.000000 0.000000  0.000000 -0.000000 -0.000002
56  0.000031 0.000029 0.000001  -1.571901 -0.044449 -0.106509
57  9.551610 -13.159369 -17.956171  1.570796 -0.000000 0.000000
58  -15.938730 4.588535 -18.718422  1.570796 -0.000000 0.000000
59  1.118778 2.159669 -3.750074  1.570796 -0.000000 0.000000
60  -0.004311 0.001230 -0.000371  0.006898 -0.005534 -0.284229
61  0.376268 6.572924 -2.887995  1.570796 -0.000000 0.000000
62  0.000000 0.000000 0.000000  -0.078727 -3.136056 0.284226
63  0.000000 0.000000 0.000000  1.566040 0.009800 -0.001067
64  -2.480532 -9.881405 -2.074454  1.608844 0.008102 0.006182
65  0.000001 -2.755924 2.037236  0.000000 0.000000 -0.000000
66  -0.000306 -1.332276 -5.672091  0.000000 0.000000 -0.000000
67  -0.001517 -1.253476 20.838213  0.000000 0.000000 -0.000000
68  0.585406 -2.133196 -6.588482  0.000000 0.000000 -0.000000
69  -0.000000 0.419707 7.832312  0.000000 0.000000 -0.000000
70  -2.540258 -3.369423 -4.792099  1.608844 0.008102 0.006182
71  -0.113746 1.326354 2.565982  0.000000 0.000000 -0.000000
72  0.120338 1.215165 2.565982  0.000000 0.000000 -0.000000
73  -0.096187 1.080565 2.565982  0.000000 0.000000 -0.000000
time 28
0  0.000006 0.000000 0.000000  -1.570800 -1.391899 -1.570792
1  -3.960902 -0.773163 1.084806  -1.544956 -1.855077 -0.198630
2  6.027522 -0.000324 0.000193  -0.951312 -0.955254 -1.277314
3  11.692109 0.000644 -0.000740  -0.937451 -0.000013 -1.339610
4  11.480241 0.000378 -0.000723  1.158803 -0.501421 0.178060
5  3.713889 -0.429681 -1.136618  -0.173102 0.323509 -1.445198
6  1.312589 0.000014 0.000008  -0.008325 0.005548 -0.157236
7  0.729355 0.000054 0.000049  -0.002102 -0.004062 -0.512066
8  3.936656 0.049557 -0.431168  -0.399239 0.377619 -1.209199
9  1.539111 0.000082 0.000005  0.041626 0.048052 -0.266423
10  1.196332 0.000144 0.000028  -0.005268 0.003185 -0.747236
11  3.883214 -0.047485 0.431354  -0.002797 0.443670 -0.765206
12  1.719572 -0.000028 0.000016  0.074835 0.046991 -0.332524
13  1.209179 0.000094 0.000011  -0.001395 0.002872 -0.424313
14  3.859664 -0.138476 1.332410  0.344333 0.416074 -0.218718
15  1.719447 -0.000013 0.000022  -0.014826 -0.012107 -0.368497
16  1.099675 0.000050 0.000006  0.000894 0.003265 -0.538979
17  1.059851 -1.545955 0.873884  -0.828250 -0.679713 -0.520243
18  1.789819 -0.000003 -0.000018  -0.000286 0.008107 0.626870
19  1.207015 -0.000013 -0.000044  -0.000876 -0.000023 -0.116993
20  5.740636 0.000410 -0.000704  -0.110932 0.000003 0.000071
21  11.481057 0.000288 -0.000803  -0.066356 -0.085910 0.002827
22  6.027524 -0.000330 0.000203  1.743669 -0.593897 1.561783
23  0.000001 11.692098 -0.000006  -0.933473 -0.389909 -0.746923
24  0.000001 0.000007 0.000000  -0.068359 -0.000030 1.570739
25  -0.000001 -0.000011 0.000001  0.868957 0.000002 1.570712
26  -4.011518 -5.954122 0.376267  1.473120 1.855075 -0.198639
27  6.027509 -0.000259 -0.000227  1.498107 0.646790 -0.582703
28  11.691992 0.000243 0.000856  0.608316 0.000067 -1.777022
29  11.479889 -0.000138 0.001103  -1.388350 0.225604 0.507639
30  3.452863 -0.227595 1.051755  0.533352 -0.149658 -1.651757
31  1.312558 0.000027 -0.000000  -0.001011 0.013749 -0.916589
32  0.729346 0.000066 -0.000027  -0.019742 -0.002873 -0.520299
33  3.942050 0.050108 0.430997  0.518335 -0.132557 -1.624415
34  1.539093 0.000011 -0.000000  -0.006678 -0.030360 -0.846057
35  1.196300 0.000075 -0.000004  0.001767 -0.002530 -0.866091
36  3.883412 -0.050504 -0.431087  0.268299 -0.273603 -1.261072
37  1.719564 -0.000080 -0.000004  -0.029198 0.025493 -1.449554
38  1.209195 0.000036 0.000011  -0.002172 -0.002925 -0.376412
39  3.678555 -0.107188 -1.303174  0.085114 0.055797 0.557871
40  1.719411 -0.000100 -0.000035  0.070263 0.080362 -0.701632
41  1.099673 0.000023 0.000007  -0.011813 0.000536 -0.668754
42  0.594009 -0.285202 -1.857800  1.075925 0.014236 -0.875502
43  1.789778 -0.000012 -0.000044  0.020386 0.054042 -0.056213
44  1.206997 -0.000008 0.000004  0.112046 0.059847 1.317350
45  5.740571 0.000057 0.000724  0.052888 -0.000014 0.000021
46  11.480922 0.000009 0.000970  0.028650 0.031322 0.085560
47  6.027514 -0.000272 -0.000236  -0.812879 -0.592174 -1.620761
48  -0.000003 11.691974 -0.000005  -1.192151 0.636026 0.903522
49  0.000004 -0.000003 -0.000000  2.880841 -0.000041 1.570856
50  -0.000008 -0.000015 0.000006  2.272644 -0.000030 1.570865
51  -4.842669 -7.903998 -6.715705  3.092452 -0.056129 -1.227586
52  0.000000 -0.000000 0.000000  0.008153 -0.000259 0.000009
53  0.000001 0.000000 0.000000  1.565115 0.043565 -0.106862
54  0.266778 -15.461924 -6.438837  -0.861154 -0.170660 -1.883024
55  0.000001 -0.000001 -0.000001  0.000000 -0.000000 -0.000002
56  0.000032 0.000028 0.000000  -1.571902 -0.044449 -0.106509
57  7.446448 -14.757152 -17.911121  1.570796 -0.000000 0.000000
58  -17.055557 5.064662 -17.493080  1.570796 -0.000000 0.000000
59  1.089121 1.465273 -3.761339  1.570796 -0.000000 0.000000
60  -0.004311 0.001230 -0.000371  0.006898 -0.005534 -0.284229
61  0.376268 6.572924 -2.887995  1.570796 -0.000000 0.000000
62  0.000000 0.000000 0.000000  -0.078727 -3.136056 0.284226
63  0.000000 0.000000 0.000000  1.565161 0.008095 -0.002021
64  -2.383654 -9.909347 -2.086202  1.610763 0.047151 0.001629
65  0.000000 -2.755923 2.037236  0.000000 0.000000 0.000000
66  -0.000306 -1.332276 -5.672091  0.000000 0.000000 0.000000
67  -0.001517 -1.253476 20.838207  0.000000 0.000000 0.000000
68  0.585406 -2.133196 -6.588482  0.000000 0.000000 0.000000
69  -0.000000 0.419707 7.832311  0.000000 0.000000 0.000000
70  -2.519222 -3.392129 -4.788525  1.610763 0.047151 0.001629
71  -0.113746 1.326355 2.565982  0.000000 0.000000 0.000000
72  0.120338 1.215165 2.565981  0.000000 0.000000 0.000000
73  -0.096187 1.080566 2.565981  0.000000 0.000000 0.000000
time 29
0  0.000006 0.000000 0.000000  -1.570800 -1.391899 -1.570792
1  -3.889455 -0.337849 1.067282  -1.544956 -1.855077 -0.198630
2  6.027523 -0.000325 0.000193  -0.847462 -1.005505 -1.440865
3  11.692111 0.000644 -0.000739  -1.100862 -0.000008 -1.219921
4  11.480106 0.000488 -0.000661  1.156647 -0.502768 0.121929
5  3.722309 -0.443218 -1.134298  -0.215143 0.272407 -1.745526
6  1.312591 0.000011 0.000008  -0.011238 0.006229 -0.154873
7  0.729355 0.000052 0.000050  -0.002527 -0.005301 -0.577638
8  3.942143 0.046273 -0.431511  -0.488033 0.391630 -1.345274
9  1.539111 0.000084 0.000006  0.039843 0.063327 -0.437146
10  1.196332 0.000147 0.000029  -0.006129 0.004209 -0.783550
11  3.883505 -0.047268 0.431382  -0.097136 0.480545 -0.857737
12  1.719573 -0.000024 0.000015  0.071583 0.061045 -0.455586
13  1.209179 0.000093 0.000012  -0.002950 0.002455 -0.509947
14  3.859662 -0.138476 1.332410  0.301198 0.485731 -0.295985
15  1.719449 -0.000013 0.000022  -0.026394 0.011531 -0.518489
16  1.099675 0.000049 0.000006  0.000212 0.007258 -0.919084
17  1.059851 -1.545954 0.873885  -0.872632 -0.675276 -0.426487
18  1.789818 -0.000002 -0.000019  0.001747 -0.007646 0.635018
19  1.207014 -0.000012 -0.000044  0.000906 -0.000154 -0.122192
20  5.740638 0.000411 -0.000704  -0.109880 0.000003 0.000070
21  11.481031 0.000310 -0.000790  -0.068660 -0.084580 -0.008256
22  6.027524 -0.000330 0.000203  1.662593 -0.558675 1.528755
23  0.000001 11.692100 -0.000006  -0.860159 -0.329545 -0.695430
24  0.000003 0.000008 -0.000002  -0.231777 -0.000031 1.570739
25  -0.000001 -0.000011 0.000000  0.868957 0.000002 1.570712
26  -4.011518 -5.954122 0.376267  1.473120 1.855075 -0.198639
27  6.027507 -0.000259 -0.000227  1.500059 0.653099 -0.485678
28  11.691992 0.000244 0.000856  0.623419 0.000067 -1.776775
29  11.479892 -0.000121 0.001103  -1.339049 0.250897 0.493742
30  3.452862 -0.227596 1.051755  0.533352 -0.149658 -1.651757
31  1.312559 0.000026 -0.000001  -0.001011 0.013749 -0.916589
32  0.729346 0.000065 -0.000026  -0.019742 -0.002873 -0.520299
33  3.942048 0.050107 0.430997  0.518335 -0.132557 -1.624414
34  1.539094 0.000009 -0.000001  -0.006678 -0.030360 -0.846057
35  1.196300 0.000075 -0.000003  0.001767 -0.002530 -0.866091
36  3.883412 -0.050504 -0.431088  0.268299 -0.273603 -1.261072
37  1.719563 -0.000081 -0.000005  -0.029198 0.025493 -1.449554
38  1.209195 0.000036 0.000011  -0.002172 -0.002925 -0.376412
39  3.601390 -0.107229 -1.306760  0.059892 0.006056 0.614630
40  1.719409 -0.000099 -0.000034  0.033093 0.098440 -0.951653
41  1.099671 0.000023 0.000007  -0.012715 -0.001232 -0.935396
42  0.594009 -0.285203 -1.857800  1.075925 0.014236 -0.875502
43  1.789779 -0.000010 -0.000044  0.020386 0.054042 -0.056213
44  1.206997 -0.000006 0.000003  0.112046 0.059847 1.317350
45  5.740572 0.000054 0.000723  0.062368 -0.000014 0.000021
46  11.480923 0.000011 0.000970  0.037084 0.038267 0.080667
47  6.027514 -0.000272 -0.000236  -0.818464 -0.587627 -1.521811
48  -0.000001 11.691972 -0.000005  -1.192006 0.635877 0.903448
49  0.000003 -0.000000 -0.000000  2.895945 -0.000041 1.570856
50  -0.000007 -0.000015 0.000006  2.272644 -0.000030 1.570865
51  -4.895941 -7.917976 -6.648844  3.066174 -0.046422 -1.227560
52  -0.000000 0.000000 0.000000  0.008153 -0.000259 0.000009
53  -0.000000 -0.000000 -0.000000  1.565115 0.043565 -0.106862
54  -0.564310 -16.486341 -5.985048  -1.075055 -0.128163 -1.909772
55  -0.000001 0.000001 -0.000000  0.000000 -0.000000 -0.000002
56  0.000029 0.000030 0.000001  -1.571901 -0.044449 -0.106509
57  6.109246 -15.738801 -17.882504  1.570796 -0.000000 0.000000
58  -18.230537 5.565580 -16.203934  1.570796 -0.000000 0.000000
59  1.071597 1.024192 -3.768494  1.570796 -0.000000 0.000000
60  -0.004311 0.001230 -0.000371  0.006898 -0.005534 -0.284229
61  0.376268 6.572924 -2.887995  1.570796 -0.000000 0.000000
62  0.000000 0.000000 0.000000  -0.078727 -3.136056 0.284226
63  0.000000 0.000000 0.000000  1.564615 0.006270 -0.001756
64  -2.311033 -9.928076 -2.090529  1.611101 0.075130 0.000329
65  0.000001 -2.755923 2.037236  -0.000000 0.000000 -0.000000
66  -0.000306 -1.332276 -5.672091  -0.000000 0.000000 -0.000000
67  -0.001517 -1.253476 20.838207  -0.000000 0.000000 -0.000000
68  0.585406 -2.133196 -6.588482  -0.000000 0.000000 -0.000000
69  0.000000 0.419707 7.832309  -0.000000 0.000000 -0.000000
70  -2.513513 -3.409800 -4.786107  1.611101 0.075130 0.000329
71  -0.113746 1.326355 2.565981  -0.000000 0.000000 -0.000000
72  0.120338 1.215166 2.565981  -0.000000 0.000000 -0.000000
73  -0.096187 1.080566 2.565981  -0.000000 0.000000 -0.000000
time 30
0  0.000006 0.000000 0.000000  -1.570800 -1.391899 -1.570792
1  -3.865520 -0.192010 1.061693  -1.544956 -1.855077 -0.198630
2  6.027524 -0.000324 0.000193  -0.808466 -1.021944 -1.502635
3  11.692111 0.000643 -0.000740  -1.152269 -0.000006 -1.175385
4  11.480333 0.000566 -0.000528  1.155572 -0.495498 0.095688
5  3.791351 -0.292862 -1.162276  -0.387774 -0.039688 -1.840774
6  1.312590 0.000011 0.000007  -0.074741 0.005518 -0.177821
7  0.729356 0.000053 0.000049  -0.005269 -0.007975 -0.300080
8  3.942144 0.046273 -0.431512  -0.477511 0.275725 -1.237623
9  1.539112 0.000086 0.000007  0.003454 -0.010430 -0.684512
10  1.196335 0.000142 0.000028  0.000798 0.004437 -0.798401
11  3.883506 -0.047270 0.431382  -0.203850 0.519360 -0.638746
12  1.719573 -0.000028 0.000015  0.036359 -0.014750 -0.941864
13  1.209180 0.000090 0.000013  -0.006424 -0.001483 -0.553882
14  3.972444 -0.110595 1.241726  0.153999 0.558697 -0.182532
15  1.719450 -0.000012 0.000024  -0.013785 -0.010132 -0.677608
16  1.099674 0.000049 0.000004  -0.035206 0.029102 -1.196275
17  1.059852 -1.545955 0.873884  -0.909497 -0.641657 -0.354356
18  1.789819 -0.000005 -0.000018  0.003650 -0.023421 0.643456
19  1.207015 -0.000012 -0.000044  0.002616 0.000009 -0.125488
20  5.740635 0.000410 -0.000702  -0.109830 0.000003 0.000071
21  11.481076 0.000326 -0.000761  -0.069956 -0.082389 -0.013159
22  6.027525 -0.000330 0.000203  1.635792 -0.545466 1.514144
23  0.000002 11.692099 -0.000008  -0.832433 -0.308015 -0.675365
24  0.000003 0.000008 -0.000001  -0.283187 -0.000031 1.570739
25  -0.000000 -0.000011 -0.000000  0.868957 0.000002 1.570712
26  -4.011518 -5.954122 0.376267  1.473120 1.855075 -0.198639
27  6.027505 -0.000261 -0.000228  1.501025 0.659235 -0.394154
28  11.691992 0.000244 0.000855  0.637842 0.000067 -1.773705
29  11.479919 -0.000093 0.001096  -1.289523 0.273449 0.470879
30  3.452861 -0.227595 1.051755  0.533352 -0.149658 -1.651757
31  1.312558 0.000026 -0.000001  -0.001011 0.013749 -0.916589
32  0.729346 0.000065 -0.000027  -0.019742 -0.002873 -0.520299
33  3.942048 0.050108 0.430997  0.518335 -0.132557 -1.624415
34  1.539093 0.000011 0.000000  -0.006678 -0.030360 -0.846057
35  1.196299 0.000075 -0.000004  0.001767 -0.002530 -0.866091
36  3.883411 -0.050504 -0.431087  0.268299 -0.273603 -1.261072
37  1.719563 -0.000080 -0.000004  -0.029198 0.025493 -1.449554
38  1.209194 0.000036 0.000012  -0.002172 -0.002925 -0.376412
39  3.531623 -0.110078 -1.308938  0.050296 -0.011193 0.635014
40  1.719409 -0.000099 -0.000035  0.001438 0.106145 -1.122797
41  1.099672 0.000021 0.000007  -0.012912 -0.001885 -1.026828
42  0.594007 -0.285203 -1.857800  1.075925 0.014236 -0.875502
43  1.789780 -0.000011 -0.000043  0.020386 0.054042 -0.056213
44  1.206997 -0.000005 0.000003  0.112046 0.059847 1.317350
45  5.740572 0.000054 0.000725  0.069891 -0.000014 0.000021
46  11.480927 0.000016 0.000969  0.045852 0.044392 0.073839
47  6.027514 -0.000272 -0.000236  -0.824327 -0.583835 -1.427634
48  -0.000001 11.691975 -0.000006  -1.190203 0.634036 0.902536
49  0.000002 -0.000001 0.000000  2.910367 -0.000041 1.570856
50  -0.000007 -0.000015 0.000004  2.272644 -0.000030 1.570865
51  -4.940739 -7.953244 -6.607590  3.047231 -0.043599 -1.224077
52  0.000000 0.000000 -0.000001  0.008153 -0.000259 0.000009
53  -0.000001 0.000000 0.000000  1.565115 0.043565 -0.106862
54  -0.829458 -16.844007 -5.808976  -1.149958 -0.123460 -1.916472
55  0.000001 0.000000 0.000001  0.000000 -0.000000 -0.000002
56  0.000032 0.000030 0.000002  -1.571901 -0.044449 -0.106509
57  5.661260 -16.060535 -17.872917  1.570796 -0.000000 0.000000
58  -19.347366 6.041707 -14.978590  1.570796 -0.000000 0.000000
59  1.066008 0.876422 -3.770892  1.570796 -0.000000 0.000000
60  -0.004311 0.001230 -0.000371  0.006898 -0.005534 -0.284229
61  0.376268 6.572924 -2.887995  1.570796 -0.000000 0.000000
62  0.000000 0.000000 0.000000  -0.078727 -3.136056 0.284226
63  0.000000 0.000000 0.000000  1.564429 0.004416 -0.001098
64  -2.265434 -9.939437 -2.091147  1.607372 0.093899 0.002645
65  0.000000 -2.755923 2.037235  0.000000 0.000000 0.000000
66  -0.000306 -1.332276 -5.672091  0.000000 0.000000 0.000000
67  -0.001517 -1.253477 20.838209  0.000000 0.000000 0.000000
68  0.585406 -2.133196 -6.588483  0.000000 0.000000 0.000000
69  0.000000 0.419707 7.832310  0.000000 0.000000 0.000000
70  -2.535816 -3.431911 -4.806669  1.607372 0.093899 0.002645
71  -0.113746 1.326354 2.565982  0.000000 0.000000 0.000000
72  0.120338 1.215165 2.565981  0.000000 0.000000 0.000000
73  -0.096187 1.080566 2.565982  0.000000 0.000000 0.000000
time 31
0  0.000006 0.000000 0.000000  -1.570800 -1.391899 -1.570792
1  -3.865520 -0.192010 1.061693  -1.544956 -1.855077 -0.198630
2  6.027524 -0.000325 0.000193  -0.807544 -1.025875 -1.508636
3  11.692111 0.000641 -0.000739  -1.152269 -0.000006 -1.171204
4  11.480357 0.000571 -0.000518  1.157906 -0.490381 0.083215
5  3.859512 -0.142879 -1.192049  -0.574847 -0.304757 -1.777058
6  1.312589 0.000011 0.000009  -0.135527 0.003032 -0.200649
7  0.729354 0.000054 0.000051  -0.007831 -0.008960 -0.022519
8  3.942146 0.046273 -0.431511  -0.457086 0.163431 -1.133683
9  1.539111 0.000087 0.000006  -0.017952 -0.090240 -0.838237
10  1.196332 0.000146 0.000029  0.007751 0.004719 -0.800508
11  3.883507 -0.047269 0.431382  -0.247524 0.550882 -0.402952
12  1.719574 -0.000027 0.000014  0.037135 -0.100044 -1.334548
13  1.209178 0.000091 0.000014  -0.008755 -0.005102 -0.561727
14  4.085224 -0.082714 1.151042  0.033614 0.611304 -0.075125
15  1.719448 -0.000013 0.000021  0.001103 -0.029631 -0.766789
16  1.099674 0.000048 0.000007  -0.071025 0.044021 -1.321117
17  1.059851 -1.545954 0.873884  -0.913760 -0.615063 -0.348280
18  1.789819 -0.000003 -0.000018  0.002510 -0.020081 0.682028
19  1.207015 -0.000012 -0.000043  0.002232 -0.000005 -0.120337
20  5.740636 0.000411 -0.000702  -0.110423 0.000003 0.000071
21  11.481081 0.000326 -0.000762  -0.070061 -0.080987 -0.015286
22  6.027525 -0.000330 0.000203  1.634667 -0.541626 1.509513
23  0.000002 11.692100 -0.000008  -0.829816 -0.306022 -0.673456
24  0.000004 0.000008 -0.000001  -0.283187 -0.000030 1.570739
25  -0.000001 -0.000011 -0.000001  0.868957 0.000002 1.570712
26  -4.011518 -5.954122 0.376267  1.473120 1.855075 -0.198639
27  6.027504 -0.000261 -0.000227  1.502626 0.665482 -0.316919
28  11.691993 0.000243 0.000855  0.650214 0.000067 -1.767152
29  11.479980 -0.000048 0.001072  -1.249798 0.291707 0.440853
30  3.452864 -0.227595 1.051755  0.533352 -0.149658 -1.651757
31  1.312558 0.000028 -0.000002  -0.001012 0.013749 -0.916589
32  0.729348 0.000065 -0.000027  -0.019742 -0.002873 -0.520299
33  3.942049 0.050108 0.430997  0.518335 -0.132557 -1.624414
34  1.539094 0.000009 -0.000001  -0.006678 -0.030360 -0.846057
35  1.196298 0.000076 -0.000004  0.001767 -0.002530 -0.866091
36  3.883412 -0.050504 -0.431088  0.268299 -0.273603 -1.261072
37  1.719563 -0.000080 -0.000004  -0.029198 0.025493 -1.449554
38  1.209193 0.000036 0.000012  -0.002172 -0.002925 -0.376412
39  3.451416 -0.117706 -1.309796  0.048170 -0.009085 0.564767
40  1.719410 -0.000099 -0.000034  -0.029340 0.109597 -1.240760
41  1.099672 0.000023 0.000007  -0.010274 -0.001647 -1.008525
42  0.594010 -0.285203 -1.857800  1.075925 0.014236 -0.875502
43  1.789780 -0.000011 -0.000043  0.020386 0.054042 -0.056213
44  1.206997 -0.000006 0.000003  0.112046 0.059847 1.317350
45  5.740572 0.000055 0.000724  0.074697 -0.000014 0.000021
46  11.480940 0.000025 0.000963  0.053125 0.048938 0.065909
47  6.027514 -0.000272 -0.000236  -0.829970 -0.579548 -1.348284
48  -0.000001 11.691974 -0.000006  -1.186355 0.630112 0.900579
49  0.000003 -0.000002 -0.000000  2.922739 -0.000041 1.570856
50  -0.000007 -0.000015 0.000005  2.272644 -0.000030 1.570865
51  -4.986531 -8.018385 -6.576405  3.033123 -0.049077 -1.218134
52  0.000000 -0.000000 0.000000  0.008153 -0.000259 0.000009
53  0.000001 0.000000 -0.000000  1.565115 0.043565 -0.106862
54  -0.818997 -16.879082 -5.736294  -1.157374 -0.136672 -1.910221
55  0.000002 0.000000 -0.000000  0.000000 -0.000000 -0.000002
56  0.000032 0.000029 0.000001  -1.571901 -0.044449 -0.106509
57  5.661260 -16.060535 -17.872917  1.570796 -0.000000 0.000000
58  -20.301470 6.448461 -13.931782  1.570796 -0.000000 0.000000
59  1.066008 0.876422 -3.770892  1.570796 -0.000000 0.000000
60  -0.004311 0.001230 -0.000371  0.006898 -0.005534 -0.284229
61  0.376268 6.572924 -2.887995  1.570796 -0.000000 0.000000
62  0.000000 0.000000 0.000000  -0.078727 -3.136056 0.284226
63  0.000000 0.000000 0.000000  1.564556 0.002626 -0.000243
64  -2.249619 -9.945271 -2.071197  1.597402 0.105310 0.006942
65  0.000001 -2.755923 2.037235  -0.000000 -0.000000 0.000000
66  -0.000306 -1.332276 -5.672091  -0.000000 -0.000000 0.000000
67  -0.001516 -1.253476 20.838209  -0.000000 -0.000000 0.000000
68  0.585407 -2.133196 -6.588482  -0.000000 -0.000000 0.000000
69  0.000000 0.419707 7.832311  -0.000000 -0.000000 0.000000
70  -2.585550 -3.466741 -4.848042  1.597402 0.105310 0.006942
71  -0.113746 1.326355 2.565981  -0.000000 -0.000000 0.000000
72  0.120339 1.215165 2.565982  -0.000000 -0.000000 0.000000
73  -0.096187 1.080566 2.565981  -0.000000 -0.000000 0.000000
time 32
0  0.000006 0.000000 0.000000  -1.570800 -1.391899 -1.570792
1  -3.865520 -0.192010 1.061693  -1.544956 -1.855077 -0.198630
2  6.027524 -0.000325 0.000193  -0.803569 -1.033059 -1.520186
3  11.692111 0.000643 -0.000740  -1.152269 -0.000005 -1.165166
4  11.480391 0.000577 -0.000503  1.168396 -0.485836 0.070967
5  3.859509 -0.142880 -1.192049  -0.574847 -0.304757 -1.777058
6  1.312590 0.000012 0.000010  -0.135527 0.003032 -0.200649
7  0.729356 0.000054 0.000050  -0.007831 -0.008960 -0.022519
8  3.942143 0.046273 -0.431512  -0.457086 0.163431 -1.133683
9  1.539110 0.000083 0.000004  -0.017952 -0.090240 -0.838237
10  1.196331 0.000145 0.000029  0.007751 0.004719 -0.800508
11  3.883506 -0.047269 0.431382  -0.247524 0.550882 -0.402951
12  1.719574 -0.000026 0.000013  0.037135 -0.100044 -1.334548
13  1.209178 0.000092 0.000012  -0.008755 -0.005102 -0.561727
14  4.085224 -0.082715 1.151041  0.033614 0.611304 -0.075125
15  1.719449 -0.000012 0.000021  0.001103 -0.029631 -0.766789
16  1.099676 0.000049 0.000005  -0.071025 0.044021 -1.321117
17  1.059852 -1.545955 0.873884  -0.917969 -0.596021 -0.353456
18  1.789818 -0.000003 -0.000018  0.000700 -0.012806 0.735006
19  1.207016 -0.000012 -0.000043  0.001408 -0.000028 -0.109315
20  5.740634 0.000410 -0.000702  -0.109534 0.000003 0.000071
21  11.481087 0.000327 -0.000758  -0.068580 -0.079628 -0.016976
22  6.027525 -0.000330 0.000203  1.631290 -0.534741 1.503101
23  0.000002 11.692099 -0.000007  -0.826034 -0.303150 -0.670693
24  0.000003 0.000008 -0.000001  -0.283187 -0.000031 1.570739
25  0.000000 -0.000012 -0.000000  0.868957 0.000002 1.570712
26  -4.011518 -5.954122 0.376267  1.473120 1.855075 -0.198639
27  6.027504 -0.000261 -0.000227  1.506973 0.670459 -0.258364
28  11.691993 0.000244 0.000856  0.659529 0.000066 -1.758579
29  11.480056 0.000003 0.001041  -1.223275 0.302775 0.409072
30  3.452862 -0.227596 1.051755  0.533352 -0.149658 -1.651757
31  1.312558 0.000026 -0.000002  -0.001011 0.013749 -0.916589
32  0.729345 0.000066 -0.000027  -0.019742 -0.002873 -0.520299
33  3.942048 0.050107 0.430997  0.518335 -0.132557 -1.624414
34  1.539093 0.000009 -0.000001  -0.006678 -0.030360 -0.846057
35  1.196298 0.000075 -0.000004  0.001767 -0.002530 -0.866091
36  3.883411 -0.050504 -0.431087  0.268299 -0.273603 -1.261072
37  1.719563 -0.000079 -0.000004  -0.029198 0.025493 -1.449554
38  1.209195 0.000036 0.000011  -0.002172 -0.002925 -0.376412
39  3.351573 -0.130302 -1.309690  0.041901 -0.004285 0.379259
40  1.719411 -0.000100 -0.000034  -0.063808 0.110846 -1.334375
41  1.099672 0.000024 0.000007  -0.003353 -0.001252 -0.960617
42  0.594007 -0.285204 -1.857800  1.075925 0.014236 -0.875502
43  1.789779 -0.000012 -0.000043  0.020386 0.054042 -0.056213
44  1.206997 -0.000006 0.000004  0.112046 0.059847 1.317350
45  5.740572 0.000056 0.000723  0.077347 -0.000014 0.000021
46  11.480956 0.000038 0.000958  0.058298 0.051362 0.058269
47  6.027514 -0.000272 -0.000236  -0.832977 -0.574065 -1.290781
48  -0.000001 11.691975 -0.000005  -1.181323 0.624986 0.897998
49  0.000004 -0.000002 -0.000000  2.932055 -0.000041 1.570856
50  -0.000006 -0.000015 0.000005  2.272644 -0.000030 1.570865
51  -5.053040 -8.103119 -6.535755  3.022802 -0.060306 -1.210714
52  0.000000 0.000000 0.000001  0.008153 -0.000259 0.000009
53  -0.000001 -0.000000 0.000000  1.565115 0.043565 -0.106862
54  -0.819786 -16.922443 -5.594939  -1.158146 -0.151894 -1.903254
55  -0.000001 0.000000 -0.000001  0.000000 -0.000000 -0.000002
56  0.000030 0.000029 0.000001  -1.571901 -0.044449 -0.106509
57  5.661260 -16.060535 -17.872917  1.570796 -0.000000 0.000000
58  -21.017517 6.753727 -13.146159  1.570796 -0.000000 0.000000
59  1.066008 0.876422 -3.770892  1.570796 -0.000000 0.000000
60  -0.004311 0.001230 -0.000371  0.006898 -0.005534 -0.284229
61  0.376268 6.572924 -2.887995  1.570796 -0.000000 0.000000
62  0.000000 0.000000 0.000000  -0.078727 -3.136056 0.284226
63  0.000000 0.000000 0.000000  1.564903 0.000982 0.000612
64  -2.277310 -9.947420 -2.019745  1.583256 0.111185 0.012270
65  0.000001 -2.755923 2.037235  -0.000000 0.000000 0.000000
66  -0.000306 -1.332276 -5.672092  -0.000000 0.000000 0.000000
67  -0.001517 -1.253476 20.838211  -0.000000 0.000000 0.000000
68  0.585406 -2.133196 -6.588483  -0.000000 0.000000 0.000000
69  0.000000 0.419707 7.832309  -0.000000 0.000000 0.000000
70  -2.673707 -3.511236 -4.885661  1.583256 0.111185 0.012270
71  -0.113746 1.326355 2.565982  -0.000000 0.000000 0.000000
72  0.120338 1.215165 2.565981  -0.000000 0.000000 0.000000
73  -0.096187 1.080566 2.565982  -0.000000 0.000000 0.000000
time 33
0  0.000006 0.000000 0.000000  -1.570800 -1.391899 -1.570792
1  -3.865520 -0.192010 1.061693  -1.544956 -1.855077 -0.198630
2  6.027524 -0.000325 0.000193  -0.794798 -1.042657 -1.536692
3  11.692112 0.000643 -0.000740  -1.152268 -0.000005 -1.156881
4  11.480438 0.000585 -0.000484  1.183022 -0.481734 0.058587
5  3.859508 -0.142878 -1.192050  -0.574847 -0.304757 -1.777058
6  1.312589 0.000010 0.000007  -0.135527 0.003032 -0.200649
7  0.729353 0.000054 0.000049  -0.007831 -0.008960 -0.022519
8  3.942143 0.046274 -0.431512  -0.457086 0.163431 -1.133683
9  1.539112 0.000083 0.000005  -0.017952 -0.090240 -0.838237
10  1.196332 0.000146 0.000030  0.007751 0.004719 -0.800508
11  3.883504 -0.047268 0.431381  -0.247524 0.550882 -0.402952
12  1.719573 -0.000027 0.000016  0.037135 -0.100044 -1.334548
13  1.209179 0.000092 0.000013  -0.008755 -0.005102 -0.561727
14  4.085223 -0.082714 1.151041  0.033614 0.611304 -0.075125
15  1.719450 -0.000010 0.000022  0.001103 -0.029631 -0.766789
16  1.099676 0.000048 0.000006  -0.071025 0.044021 -1.321117
17  1.059849 -1.545954 0.873884  -0.919590 -0.590284 -0.357361
18  1.789819 -0.000002 -0.000018  -0.000001 -0.009377 0.757284
19  1.207015 -0.000012 -0.000044  0.001023 -0.000036 -0.104165
20  5.740637 0.000410 -0.000703  -0.107896 0.000003 0.000071
21  11.481097 0.000329 -0.000755  -0.066291 -0.078333 -0.018508
22  6.027525 -0.000330 0.000203  1.624904 -0.525706 1.497378
23  0.000001 11.692101 -0.000009  -0.820836 -0.299228 -0.666886
24  0.000003 0.000009 -0.000002  -0.283187 -0.000031 1.570739
25  -0.000001 -0.000011 -0.000002  0.868957 0.000002 1.570712
26  -4.011518 -5.954122 0.376267  1.473120 1.855075 -0.198639
27  6.027504 -0.000262 -0.000228  1.513751 0.673061 -0.220669
28  11.691991 0.000243 0.000855  0.665224 0.000065 -1.749030
29  11.480145 0.000053 0.001007  -1.210981 0.305364 0.378912
30  3.452863 -0.227595 1.051755  0.533352 -0.149658 -1.651757
31  1.312559 0.000027 -0.000001  -0.001012 0.013749 -0.916589
32  0.729346 0.000066 -0.000027  -0.019742 -0.002873 -0.520299
33  3.942049 0.050108 0.430997  0.518335 -0.132557 -1.624414
34  1.539094 0.000009 -0.000000  -0.006678 -0.030360 -0.846057
35  1.196298 0.000075 -0.000004  0.001767 -0.002530 -0.866091
36  3.883412 -0.050503 -0.431088  0.268299 -0.273603 -1.261072
37  1.719563 -0.000080 -0.000004  -0.029198 0.025493 -1.449554
38  1.209195 0.000036 0.000012  -0.002172 -0.002925 -0.376412
39  3.272744 -0.141493 -1.309135  0.034855 -0.000725 0.193727
40  1.719410 -0.000101 -0.000036  -0.089760 0.110636 -1.387917
41  1.099673 0.000024 0.000007  0.003579 -0.001189 -0.912708
42  0.594008 -0.285203 -1.857800  1.075925 0.014236 -0.875502
43  1.789779 -0.000010 -0.000043  0.020386 0.054042 -0.056213
44  1.206997 -0.000005 0.000003  0.112046 0.059847 1.317350
45  5.740573 0.000054 0.000723  0.078206 -0.000014 0.000021
46  11.480973 0.000045 0.000950  0.061128 0.051553 0.051747
47  6.027514 -0.000272 -0.000236  -0.832415 -0.568174 -1.257609
48  -0.000000 11.691974 -0.000006  -1.175721 0.619290 0.895098
49  0.000003 -0.000001 0.000000  2.937749 -0.000041 1.570856
50  -0.000006 -0.000015 0.000005  2.272644 -0.000030 1.570865
51  -5.146363 -8.197119 -6.489112  3.015237 -0.074729 -1.202848
52  0.000000 0.000001 0.000001  0.008153 -0.000259 0.000009
53  0.000000 0.000000 -0.000001  1.565115 0.043565 -0.106862
54  -0.846480 -16.968765 -5.414302  -1.154694 -0.167811 -1.896448
55  -0.000000 0.000001 -0.000000  0.000000 -0.000000 -0.000002
56  0.000030 0.000030 0.000001  -1.571902 -0.044449 -0.106509
57  5.661260 -16.060535 -17.872917  1.570796 -0.000000 0.000000
58  -21.454256 6.939917 -12.666986  1.570796 -0.000000 0.000000
59  1.066008 0.876422 -3.770892  1.570796 -0.000000 0.000000
60  -0.004311 0.001230 -0.000371  0.006898 -0.005534 -0.284229
61  0.376268 6.572924 -2.887995  1.570796 -0.000000 0.000000
62  0.000000 0.000000 0.000000  -0.078727 -3.136056 0.284226
63  0.000000 0.000000 0.000000  1.565426 -0.000462 0.001269
64  -2.348723 -9.947727 -1.949393  1.567020 0.113347 0.017807
65  0.000000 -2.755923 2.037235  0.000000 -0.000000 0.000000
66  -0.000306 -1.332276 -5.672092  0.000000 -0.000000 0.000000
67  -0.001517 -1.253476 20.838209  0.000000 -0.000000 0.000000
68  0.585406 -2.133196 -6.588483  0.000000 -0.000000 0.000000
69  0.000000 0.419707 7.832311  0.000000 -0.000000 0.000000
70  -2.797876 -3.561813 -4.918134  1.567020 0.113347 0.017807
71  -0.113746 1.326355 2.565982  0.000000 -0.000000 0.000000
72  0.120338 1.215165 2.565982  0.000000 -0.000000 0.000000
73  -0.096187 1.080566 2.565982  0.000000 -0.000000 0.000000
time 34
0  0.000006 0.000000 0.000000  -1.570800 -1.391899 -1.570792
1  -3.865520 -0.192010 1.061693  -1.544956 -1.855077 -0.198630
2  6.027524 -0.000325 0.000193  -0.787150 -1.047692 -1.546404
3  11.692111 0.000643 -0.000741  -1.152269 -0.000006 -1.164096
4  11.480400 0.000580 -0.000500  1.196653 -0.487885 0.048349
5  3.859510 -0.142879 -1.192049  -0.574848 -0.304757 -1.777058
6  1.312590 0.000012 0.000008  -0.135527 0.003032 -0.200649
7  0.729354 0.000054 0.000051  -0.007831 -0.008960 -0.022519
8  3.942144 0.046274 -0.431511  -0.457086 0.163431 -1.133683
9  1.539111 0.000083 0.000005  -0.017952 -0.090240 -0.838237
10  1.196333 0.000145 0.000030  0.007751 0.004719 -0.800508
11  3.883504 -0.047269 0.431381  -0.247524 0.550882 -0.402951
12  1.719574 -0.000026 0.000017  0.037135 -0.100044 -1.334548
13  1.209179 0.000091 0.000010  -0.008755 -0.005102 -0.561727
14  4.085224 -0.082715 1.151041  0.033614 0.611304 -0.075125
15  1.719450 -0.000012 0.000024  0.001103 -0.029631 -0.766789
16  1.099675 0.000046 0.000005  -0.071025 0.044021 -1.321117
17  1.059851 -1.545954 0.873884  -0.919590 -0.590283 -0.357361
18  1.789821 -0.000001 -0.000017  -0.000001 -0.009377 0.757284
19  1.207018 -0.000012 -0.000044  0.001023 -0.000036 -0.104165
20  5.740637 0.000410 -0.000702  -0.107808 0.000003 0.000070
21  11.481091 0.000328 -0.000757  -0.063893 -0.079156 -0.020008
22  6.027525 -0.000330 0.000203  1.619900 -0.521092 1.496784
23  0.000001 11.692098 -0.000008  -0.825363 -0.302643 -0.670202
24  0.000003 0.000009 -0.000000  -0.283187 -0.000031 1.570739
25  -0.000001 -0.000011 -0.000001  0.868957 0.000002 1.570712
26  -4.011518 -5.954122 0.376267  1.473120 1.855075 -0.198639
27  6.027504 -0.000262 -0.000227  1.521161 0.666714 -0.204697
28  11.691991 0.000242 0.000854  0.667115 0.000066 -1.752752
29  11.480110 0.000039 0.001023  -1.211445 0.303989 0.358991
30  3.452863 -0.227595 1.051755  0.533352 -0.149658 -1.651757
31  1.312559 0.000025 -0.000001  -0.001011 0.013749 -0.916589
32  0.729345 0.000066 -0.000027  -0.019742 -0.002873 -0.520299
33  3.942049 0.050108 0.430997  0.518335 -0.132557 -1.624414
34  1.539093 0.000009 -0.000000  -0.006678 -0.030360 -0.846057
35  1.196299 0.000075 -0.000003  0.001767 -0.002530 -0.866091
36  3.883413 -0.050503 -0.431087  0.268299 -0.273603 -1.261072
37  1.719563 -0.000081 -0.000004  -0.029198 0.025493 -1.449554
38  1.209196 0.000037 0.000012  -0.002172 -0.002925 -0.376412
39  3.245585 -0.145572 -1.308859  0.032033 0.000274 0.123459
40  1.719410 -0.000101 -0.000036  -0.098527 0.110450 -1.402806
41  1.099672 0.000027 0.000007  0.006227 -0.001252 -0.894404
42  0.594009 -0.285202 -1.857799  1.075925 0.014236 -0.875502
43  1.789779 -0.000011 -0.000044  0.020386 0.054042 -0.056213
44  1.206998 -0.000006 0.000003  0.112046 0.059847 1.317350
45  5.740574 0.000056 0.000725  0.077793 -0.000014 0.000021
46  11.480967 0.000044 0.000953  0.061483 0.050758 0.047870
47  6.027514 -0.000272 -0.000236  -0.822442 -0.566362 -1.251596
48  -0.000002 11.691974 -0.000006  -1.177904 0.621508 0.896232
49  0.000003 -0.000001 0.000000  2.939640 -0.000041 1.570856
50  -0.000007 -0.000015 0.000005  2.272644 -0.000030 1.570865
51  -5.255308 -8.171524 -6.440081  3.009396 -0.089781 -1.195629
52  -0.000001 0.000000 0.000000  0.008153 -0.000259 0.000009
53  -0.000000 0.000000 -0.000000  1.565115 0.043565 -0.106862
54  -0.896521 -16.895512 -5.223918  -1.149457 -0.183103 -1.890623
55  0.000001 0.000001 0.000000  0.000000 -0.000000 -0.000002
56  0.000031 0.000030 0.000001  -1.571901 -0.044449 -0.106509
57  5.661260 -16.060535 -17.872917  1.570796 -0.000000 0.000000
58  -21.599098 7.001666 -12.508070  1.570796 -0.000000 0.000000
59  1.066008 0.876422 -3.770892  1.570796 -0.000000 0.000000
60  -0.004311 0.001230 -0.000371  0.006898 -0.005534 -0.284229
61  0.376268 6.572924 -2.887995  1.570796 -0.000000 0.000000
62  0.000000 0.000000 0.000000  -0.078727 -3.136056 0.284226
63  0.000000 0.000000 0.000000  1.566080 -0.001664 0.001533
64  -2.446369 -9.829755 -1.872740  1.550780 0.113633 0.022706
65  0.000000 -2.755923 2.037235  -0.000000 0.000000 0.000000
66  -0.000306 -1.332276 -5.672091  -0.000000 0.000000 0.000000
67  -0.001517 -1.253476 20.838209  -0.000000 0.000000 0.000000
68  0.585406 -2.133196 -6.588482  -0.000000 0.000000 0.000000
69  -0.000000 0.419707 7.832311  -0.000000 0.000000 0.000000
70  -2.938257 -3.495751 -4.944141  1.550780 0.113633 0.022706
71  -0.113746 1.326355 2.565982  -0.000000 0.000000 0.000000
72  0.120338 1.215165 2.565981  -0.000000 0.000000 0.000000
73  -0.096187 1.080566 2.565981  -0.000000 0.000000 0.000000
time 35
0  0.000006 0.000000 0.000000  -1.570800 -1.391899 -1.570792
1  -3.865520 -0.192010 1.061693  -1.544956 -1.855077 -0.198630
2  6.027524 -0.000325 0.000193  -0.788080 -1.044486 -1.541458
3  11.692109 0.000643 -0.000740  -1.152270 -0.000007 -1.195942
4  11.480226 0.000546 -0.000578  1.213696 -0.509381 0.047700
5  3.859511 -0.142879 -1.192049  -0.574848 -0.304757 -1.777058
6  1.312590 0.000014 0.000008  -0.135527 0.003032 -0.200649
7  0.729352 0.000054 0.000050  -0.007831 -0.008960 -0.022519
8  3.942142 0.046273 -0.431512  -0.457086 0.163431 -1.133683
9  1.539110 0.000086 0.000006  -0.017952 -0.090240 -0.838237
10  1.196332 0.000145 0.000028  0.007751 0.004719 -0.800508
11  3.883505 -0.047269 0.431381  -0.247524 0.550882 -0.402952
12  1.719574 -0.000026 0.000013  0.037135 -0.100044 -1.334548
13  1.209180 0.000090 0.000010  -0.008755 -0.005102 -0.561727
14  4.085224 -0.082715 1.151040  0.033614 0.611304 -0.075125
15  1.719449 -0.000013 0.000021  0.001103 -0.029631 -0.766789
16  1.099674 0.000047 0.000006  -0.071025 0.044021 -1.321117
17  1.059850 -1.545954 0.873884  -0.919590 -0.590283 -0.357360
18  1.789818 -0.000005 -0.000018  -0.000001 -0.009377 0.757284
19  1.207015 -0.000012 -0.000043  0.001023 -0.000036 -0.104165
20  5.740636 0.000410 -0.000702  -0.108483 0.000003 0.000071
21  11.481052 0.000321 -0.000773  -0.060225 -0.083261 -0.019907
22  6.027525 -0.000330 0.000203  1.620800 -0.524236 1.500476
23  0.000002 11.692099 -0.000008  -0.845262 -0.317887 -0.684687
24  0.000004 0.000009 -0.000001  -0.283187 -0.000031 1.570739
25  -0.000001 -0.000011 -0.000001  0.868957 0.000002 1.570712
26  -4.011518 -5.954122 0.376267  1.473120 1.855075 -0.198639
27  6.027503 -0.000262 -0.000227  1.523819 0.651349 -0.202450
28  11.691991 0.000245 0.000855  0.667115 0.000067 -1.775633
29  11.479904 -0.000065 0.001104  -1.209439 0.310554 0.348605
30  3.452864 -0.227595 1.051755  0.533352 -0.149658 -1.651757
31  1.312558 0.000028 -0.000002  -0.001011 0.013749 -0.916589
32  0.729345 0.000066 -0.000027  -0.019742 -0.002873 -0.520299
33  3.942050 0.050108 0.430997  0.518335 -0.132557 -1.624414
34  1.539094 0.000010 -0.000000  -0.006678 -0.030360 -0.846057
35  1.196299 0.000075 -0.000003  0.001767 -0.002530 -0.866091
36  3.883414 -0.050504 -0.431087  0.268299 -0.273603 -1.261072
37  1.719563 -0.000081 -0.000004  -0.029198 0.025493 -1.449554
38  1.209195 0.000036 0.000011  -0.002172 -0.002925 -0.376412
39  3.245586 -0.145572 -1.308859  0.032033 0.000274 0.123459
40  1.719411 -0.000101 -0.000036  -0.098527 0.110450 -1.402806
41  1.099672 0.000027 0.000007  0.006227 -0.001252 -0.894404
42  0.594009 -0.285204 -1.857800  1.075925 0.014236 -0.875502
43  1.789779 -0.000012 -0.000044  0.020386 0.054042 -0.056213
44  1.206997 -0.000005 0.000002  0.112046 0.059847 1.317350
45  5.740572 0.000055 0.000724  0.078485 -0.000014 0.000021
46  11.480925 0.000022 0.000970  0.061797 0.051838 0.045529
47  6.027514 -0.000272 -0.000236  -0.805362 -0.572151 -1.260184
48  -0.000002 11.691973 -0.000005  -1.191335 0.635192 0.903109
49  0.000002 -0.000002 0.000002  2.939640 -0.000041 1.570856
50  -0.000007 -0.000016 0.000005  2.272644 -0.000030 1.570865
51  -5.323932 -7.968088 -6.420134  3.013674 -0.106319 -1.190856
52  0.000001 -0.000000 -0.000000  0.008153 -0.000259 0.000009
53  0.000001 -0.000000 -0.000000  1.565115 0.043565 -0.106862
54  -0.933011 -16.651443 -5.039831  -1.135336 -0.193064 -1.888072
55  -0.000002 0.000000 0.000001  0.000000 -0.000000 -0.000002
56  0.000028 0.000029 0.000001  -1.571902 -0.044449 -0.106509
57  5.661260 -16.060535 -17.872917  1.570796 -0.000000 0.000000
58  -21.599098 7.001666 -12.508070  1.570796 -0.000000 0.000000
59  1.066008 0.876422 -3.770892  1.570796 -0.000000 0.000000
60  -0.004311 0.001230 -0.000371  0.006898 -0.005534 -0.284229
61  0.376268 6.572924 -2.887995  1.570796 -0.000000 0.000000
62  0.000000 0.000000 0.000000  -0.078727 -3.136056 0.284226
63  0.000000 0.000000 0.000000  1.566824 -0.002578 0.001469
64  -2.552760 -9.548435 -1.802388  1.536649 0.103921 0.026364
65  0.000000 -2.755923 2.037235  -0.000000 0.000000 0.000000
66  -0.000306 -1.332276 -5.672092  -0.000000 0.000000 0.000000
67  -0.001517 -1.253476 20.838207  -0.000000 0.000000 0.000000
68  0.585406 -2.133196 -6.588483  -0.000000 0.000000 0.000000
69  -0.000000 0.419707 7.832310  -0.000000 0.000000 0.000000
70  -3.046069 -3.260025 -4.965867  1.536649 0.103921 0.026364
71  -0.113746 1.326355 2.565981  -0.000000 0.000000 0.000000
72  0.120338 1.215165 2.565981  -0.000000 0.000000 0.000000
73  -0.096187 1.080566 2.565981  -0.000000 0.000000 0.000000
time 36
0  0.000006 0.000000 0.000000  -1.570800 -1.391899 -1.570792
1  -3.865520 -0.192010 1.061693  -1.544956 -1.855077 -0.198630
2  6.027524 -0.000325 0.000193  -0.795464 -1.036942 -1.528290
3  11.692109 0.000644 -0.000740  -1.152273 -0.000009 -1.237921
4  11.480024 0.000506 -0.000668  1.235730 -0.537559 0.058997
5  3.859509 -0.142880 -1.192050  -0.574847 -0.304757 -1.777058
6  1.312591 0.000013 0.000008  -0.135527 0.003032 -0.200649
7  0.729356 0.000053 0.000048  -0.007831 -0.008960 -0.022519
8  3.942143 0.046273 -0.431512  -0.457086 0.163431 -1.133683
9  1.539111 0.000082 0.000005  -0.017952 -0.090240 -0.838237
10  1.196333 0.000144 0.000027  0.007751 0.004719 -0.800508
11  3.883504 -0.047270 0.431381  -0.247524 0.550882 -0.402952
12  1.719574 -0.000027 0.000013  0.037135 -0.100044 -1.334548
13  1.209180 0.000091 0.000013  -0.008755 -0.005102 -0.561727
14  4.085224 -0.082716 1.151041  0.033614 0.611304 -0.075125
15  1.719447 -0.000012 0.000024  0.001103 -0.029631 -0.766789
16  1.099675 0.000049 0.000005  -0.071025 0.044021 -1.321117
17  1.059851 -1.545955 0.873884  -0.919590 -0.590284 -0.357361
18  1.789820 -0.000004 -0.000019  -0.000001 -0.009377 0.757284
19  1.207017 -0.000011 -0.000043  0.001023 -0.000036 -0.104165
20  5.740636 0.000410 -0.000703  -0.107949 0.000003 0.000071
21  11.481013 0.000313 -0.000791  -0.055061 -0.088941 -0.017342
22  6.027525 -0.000330 0.000203  1.626006 -0.531351 1.504651
23  0.000002 11.692099 -0.000007  -0.871293 -0.338394 -0.703401
24  0.000002 0.000008 -0.000001  -0.283187 -0.000031 1.570739
25  -0.000000 -0.000011 -0.000000  0.868957 0.000002 1.570712
26  -4.011518 -5.954122 0.376267  1.473120 1.855075 -0.198639
27  6.027503 -0.000262 -0.000228  1.519248 0.634804 -0.204616
28  11.691991 0.000244 0.000856  0.667115 0.000070 -1.806490
29  11.479629 -0.000201 0.001210  -1.195416 0.329303 0.342070
30  3.452863 -0.227595 1.051756  0.533352 -0.149658 -1.651757
31  1.312558 0.000027 -0.000001  -0.001011 0.013749 -0.916589
32  0.729347 0.000065 -0.000027  -0.019742 -0.002873 -0.520299
33  3.942049 0.050108 0.430996  0.518335 -0.132557 -1.624414
34  1.539094 0.000009 -0.000001  -0.006678 -0.030360 -0.846057
35  1.196301 0.000075 -0.000004  0.001767 -0.002530 -0.866091
36  3.883412 -0.050503 -0.431088  0.268299 -0.273603 -1.261072
37  1.719563 -0.000081 -0.000004  -0.029197 0.025493 -1.449554
38  1.209195 0.000036 0.000011  -0.002172 -0.002925 -0.376412
39  3.245586 -0.145572 -1.308860  0.032033 0.000274 0.123459
40  1.719411 -0.000101 -0.000036  -0.098527 0.110450 -1.402806
41  1.099672 0.000025 0.000008  0.006227 -0.001252 -0.894404
42  0.594008 -0.285203 -1.857800  1.075925 0.014236 -0.875502
43  1.789779 -0.000012 -0.000042  0.020386 0.054042 -0.056213
44  1.206997 -0.000007 0.000003  0.112046 0.059847 1.317350
45  5.740572 0.000055 0.000723  0.081505 -0.000014 0.000021
46  11.480870 -0.000005 0.000990  0.063851 0.055773 0.043069
47  6.027514 -0.000272 -0.000236  -0.790260 -0.583425 -1.267857
48  -0.000002 11.691974 -0.000006  -1.209482 0.653762 0.912129
49  0.000004 -0.000001 0.000001  2.939640 -0.000041 1.570856
50  -0.000007 -0.000015 0.000005  2.272644 -0.000030 1.570865
51  -5.317211 -7.682987 -6.446541  3.032046 -0.123566 -1.190154
52  -0.000001 0.000000 -0.000000  0.008153 -0.000259 0.000009
53  -0.000000 0.000000 -0.000000  1.565115 0.043565 -0.106862
54  -0.936286 -16.340420 -4.883713  -1.109790 -0.194532 -1.890182
55  0.000001 -0.000000 0.000000  0.000000 -0.000000 -0.000002
56  0.000030 0.000028 0.000001  -1.571902 -0.044449 -0.106509
57  5.661260 -16.060535 -17.872917  1.570796 -0.000000 0.000000
58  -21.599098 7.001666 -12.508070  1.570796 -0.000000 0.000000
59  1.066008 0.876422 -3.770892  1.570796 -0.000000 0.000000
60  -0.004311 0.001230 -0.000371  0.006898 -0.005534 -0.284229
61  0.376268 6.572924 -2.887995  1.570796 -0.000000 0.000000
62  0.000000 0.000000 0.000000  -0.078727 -3.136056 0.284226
63  0.000000 0.000000 0.000000  1.567612 -0.003159 0.001295
64  -2.650406 -9.212667 -1.750936  1.526734 0.080832 0.028259
65  0.000001 -2.755923 2.037234  0.000000 -0.000000 -0.000000
66  -0.000306 -1.332276 -5.672092  0.000000 -0.000000 -0.000000
67  -0.001517 -1.253476 20.838209  0.000000 -0.000000 -0.000000
68  0.585406 -2.133196 -6.588483  0.000000 -0.000000 -0.000000
69  0.000000 0.419707 7.832310  0.000000 -0.000000 -0.000000
70  -3.086671 -2.955110 -4.983229  1.526734 0.080832 0.028259
71  -0.113746 1.326355 2.565982  0.000000 -0.000000 -0.000000
72  0.120338 1.215166 2.565981  0.000000 -0.000000 -0.000000
73  -0.096187 1.080566 2.565981  0.000000 -0.000000 -0.000000
time 37
0  0.000006 0.000000 0.000000  -1.570800 -1.391899 -1.570792
1  -3.865520 -0.192010 1.061693  -1.544956 -1.855077 -0.198630
2  6.027524 -0.000325 0.000193  -0.804109 -1.028505 -1.513658
3  11.692110 0.000643 -0.000740  -1.152275 -0.000011 -1.274861
4  11.480704 0.000628 -0.000390  1.254707 -0.562976 0.076566
5  3.859510 -0.142879 -1.192050  -0.574848 -0.304757 -1.777058
6  1.312590 0.000013 0.000009  -0.135527 0.003032 -0.200649
7  0.729355 0.000054 0.000051  -0.007831 -0.008960 -0.022519
8  3.942143 0.046273 -0.431512  -0.457086 0.163431 -1.133683
9  1.539112 0.000087 0.000003  -0.017952 -0.090240 -0.838237
10  1.196332 0.000145 0.000029  0.007751 0.004719 -0.800508
11  3.883506 -0.047269 0.431381  -0.247524 0.550882 -0.402951
12  1.719575 -0.000027 0.000013  0.037135 -0.100044 -1.334548
13  1.209179 0.000090 0.000011  -0.008755 -0.005102 -0.561727
14  4.085223 -0.082716 1.151041  0.033614 0.611304 -0.075125
15  1.719450 -0.000012 0.000021  0.001103 -0.029631 -0.766789
16  1.099675 0.000048 0.000004  -0.071025 0.044021 -1.321117
17  1.059850 -1.545955 0.873884  -0.919590 -0.590284 -0.357361
18  1.789820 -0.000004 -0.000018  -0.000001 -0.009377 0.757284
19  1.207012 -0.000012 -0.000044  0.001023 -0.000036 -0.104165
20  5.740638 0.000409 -0.000702  -0.106621 0.000003 0.000070
21  11.481151 0.000338 -0.000735  -0.050269 -0.094200 -0.013574
22  6.027525 -0.000330 0.000203  1.632239 -0.539230 1.508680
23  0.000003 11.692100 -0.000008  -0.894018 -0.356814 -0.719509
24  0.000002 0.000008 0.000000  -0.283187 -0.000031 1.570739
25  -0.000000 -0.000011 -0.000001  0.868957 0.000002 1.570712
26  -4.011518 -5.954122 0.376267  1.473120 1.855075 -0.198639
27  6.027503 -0.000262 -0.000228  1.510272 0.621936 -0.209454
28  11.691989 0.000243 0.000855  0.667115 0.000072 -1.834548
29  11.479380 -0.000315 0.001299  -1.175893 0.352534 0.340106
30  3.452863 -0.227595 1.051756  0.533352 -0.149658 -1.651757
31  1.312559 0.000026 -0.000002  -0.001012 0.013749 -0.916589
32  0.729345 0.000066 -0.000027  -0.019742 -0.002873 -0.520299
33  3.942049 0.050108 0.430998  0.518335 -0.132557 -1.624415
34  1.539093 0.000009 0.000000  -0.006678 -0.030360 -0.846057
35  1.196297 0.000076 -0.000003  0.001767 -0.002530 -0.866091
36  3.883412 -0.050503 -0.431087  0.268299 -0.273603 -1.261072
37  1.719563 -0.000079 -0.000004  -0.029198 0.025493 -1.449554
38  1.209194 0.000036 0.000012  -0.002172 -0.002925 -0.376412
39  3.245585 -0.145572 -1.308859  0.032033 0.000274 0.123459
40  1.719410 -0.000101 -0.000036  -0.098527 0.110450 -1.402806
41  1.099672 0.000026 0.000009  0.006227 -0.001252 -0.894404
42  0.594009 -0.285202 -1.857799  1.075925 0.014236 -0.875502
43  1.789779 -0.000011 -0.000043  0.020386 0.054042 -0.056213
44  1.206997 -0.000006 0.000003  0.112046 0.059847 1.317350
45  5.740572 0.000057 0.000722  0.085495 -0.000014 0.000021
46  11.480821 -0.000026 0.001008  0.066668 0.060859 0.041075
47  6.027514 -0.000272 -0.000236  -0.780977 -0.596026 -1.272581
48  -0.000002 11.691974 -0.000006  -1.226026 0.670759 0.920071
49  0.000003 0.000001 0.000000  2.939640 -0.000041 1.570856
50  -0.000007 -0.000015 0.000005  2.272644 -0.000030 1.570865
51  -5.258006 -7.415634 -6.502866  3.056828 -0.136493 -1.193304
52  -0.000000 0.000000 0.000000  0.008153 -0.000259 0.000009
53  0.000000 0.000000 0.000001  1.565115 0.043565 -0.106862
54  -0.921700 -16.068024 -4.794447  -1.082170 -0.188559 -1.895377
55  0.000001 0.000000 0.000000  0.000000 -0.000000 -0.000002
56  0.000031 0.000029 0.000001  -1.571902 -0.044449 -0.106509
57  5.661260 -16.060535 -17.872917  1.570796 -0.000000 0.000000
58  -21.599098 7.001666 -12.508070  1.570796 -0.000000 0.000000
59  1.066008 0.876422 -3.770892  1.570796 -0.000000 0.000000
60  -0.004311 0.001230 -0.000371  0.006898 -0.005534 -0.284229
61  0.376268 6.572924 -2.887995  1.570796 -0.000000 0.000000
62  0.000000 0.000000 0.000000  -0.078727 -3.136056 0.284226
63  0.000000 0.000000 0.000000  1.568400 -0.003363 0.001049
64  -2.721819 -8.931348 -1.730986  1.523034 0.053314 0.028074
65  0.000000 -2.755924 2.037235  0.000000 -0.000000 0.000000
66  -0.000306 -1.332276 -5.672092  0.000000 -0.000000 0.000000
67  -0.001517 -1.253476 20.838209  0.000000 -0.000000 0.000000
68  0.585406 -2.133196 -6.588483  0.000000 -0.000000 0.000000
69  0.000000 0.419707 7.832309  0.000000 -0.000000 0.000000
70  -3.068823 -2.683282 -4.992324  1.523034 0.053314 0.028074
71  -0.113746 1.326354 2.565981  0.000000 -0.000000 0.000000
72  0.120338 1.215165 2.565981  0.000000 -0.000000 0.000000
73  -0.096187 1.080565 2.565981  0.000000 -0.000000 0.000000
time 38
0  0.000006 0.000000 0.000000  -1.570800 -1.391899 -1.570792
1  -3.865520 -0.192010 1.061693  -1.544956 -1.855077 -0.198630
2  6.027524 -0.000324 0.000193  -0.811624 -1.022053 -1.502408
3  11.692110 0.000642 -0.000741  -1.152276 -0.000012 -1.293466
4  11.480564 0.000597 -0.000463  1.264797 -0.576945 0.094226
5  3.859508 -0.142880 -1.192050  -0.574847 -0.304757 -1.777058
6  1.312589 0.000011 0.000008  -0.135527 0.003032 -0.200649
7  0.729356 0.000054 0.000050  -0.007831 -0.008960 -0.022519
8  3.942142 0.046272 -0.431512  -0.457086 0.163431 -1.133683
9  1.539111 0.000084 0.000004  -0.017952 -0.090240 -0.838237
10  1.196332 0.000146 0.000029  0.007751 0.004719 -0.800508
11  3.883504 -0.047270 0.431381  -0.247524 0.550882 -0.402951
12  1.719572 -0.000027 0.000016  0.037135 -0.100044 -1.334548
13  1.209181 0.000090 0.000012  -0.008755 -0.005102 -0.561727
14  4.085222 -0.082716 1.151040  0.033614 0.611304 -0.075125
15  1.719448 -0.000011 0.000024  0.001103 -0.029631 -0.766789
16  1.099676 0.000049 0.000005  -0.071025 0.044021 -1.321117
17  1.059849 -1.545956 0.873884  -0.919590 -0.590284 -0.357361
18  1.789821 -0.000004 -0.000017  -0.000001 -0.009377 0.757284
19  1.207016 -0.000012 -0.000043  0.001023 -0.000036 -0.104165
20  5.740637 0.000410 -0.000704  -0.104523 0.000003 0.000071
21  11.481123 0.000331 -0.000750  -0.047363 -0.097235 -0.009947
22  6.027525 -0.000330 0.000203  1.637687 -0.545150 1.510694
23  0.000002 11.692099 -0.000008  -0.905403 -0.366220 -0.727494
24  0.000003 0.000009 -0.000000  -0.283187 -0.000031 1.570739
25  -0.000001 -0.000011 -0.000001  0.868957 0.000002 1.570712
26  -4.011518 -5.954122 0.376267  1.473120 1.855075 -0.198639
27  6.027503 -0.000262 -0.000228  1.500417 0.617480 -0.215101
28  11.691992 0.000243 0.000854  0.667115 0.000073 -1.849034
29  11.479254 -0.000373 0.001347  -1.156597 0.370800 0.342792
30  3.452863 -0.227595 1.051755  0.533352 -0.149658 -1.651757
31  1.312559 0.000027 -0.000001  -0.001011 0.013749 -0.916589
32  0.729346 0.000066 -0.000026  -0.019742 -0.002873 -0.520299
33  3.942049 0.050108 0.430997  0.518335 -0.132557 -1.624414
34  1.539094 0.000009 -0.000001  -0.006678 -0.030360 -0.846057
35  1.196300 0.000075 -0.000003  0.001767 -0.002530 -0.866091
36  3.883413 -0.050504 -0.431087  0.268299 -0.273603 -1.261072
37  1.719563 -0.000080 -0.000004  -0.029198 0.025493 -1.449554
38  1.209195 0.000036 0.000011  -0.002172 -0.002925 -0.376412
39  3.245586 -0.145572 -1.308859  0.032033 0.000274 0.123459
40  1.719410 -0.000101 -0.000036  -0.098527 0.110450 -1.402806
41  1.099671 0.000027 0.000008  0.006227 -0.001252 -0.894404
42  0.594009 -0.285203 -1.857799  1.075925 0.014236 -0.875502
43  1.789779 -0.000011 -0.000043  0.020386 0.054042 -0.056213
44  1.206997 -0.000006 0.000003  0.112046 0.059847 1.317350
45  5.740572 0.000055 0.000725  0.089227 -0.000014 0.000021
46  11.480795 -0.000039 0.001019  0.069513 0.065091 0.040108
47  6.027514 -0.000272 -0.000236  -0.781016 -0.605202 -1.272483
48  -0.000002 11.691973 -0.000005  -1.234588 0.679574 0.924072
49  0.000003 0.000001 0.000000  2.939640 -0.000041 1.570856
50  -0.000006 -0.000016 0.000005  2.272644 -0.000030 1.570865
51  -5.172789 -7.270138 -6.568352  3.080111 -0.140480 -1.198460
52  0.000001 0.000001 0.000000  0.008153 -0.000259 0.000009
53  -0.000000 0.000000 0.000000  1.565115 0.043565 -0.106862
54  -0.893118 -15.939116 -4.802198  -1.061650 -0.176706 -1.901046
55  0.000000 -0.000000 0.000000  0.000000 -0.000000 -0.000002
56  0.000031 0.000028 0.000001  -1.571901 -0.044449 -0.106509
57  5.661260 -16.060535 -17.872917  1.570796 -0.000000 0.000000
58  -21.599098 7.001666 -12.508070  1.570796 -0.000000 0.000000
59  1.066008 0.876422 -3.770892  1.570796 -0.000000 0.000000
60  -0.004311 0.001230 -0.000371  0.006898 -0.005534 -0.284229
61  0.376268 6.572924 -2.887995  1.570796 -0.000000 0.000000
62  0.000000 0.000000 0.000000  -0.078727 -3.136056 0.284226
63  0.000000 0.000000 0.000000  1.569145 -0.003014 0.000767
64  -2.749509 -8.813375 -1.746878  1.527147 0.030275 0.026304
65  0.000001 -2.755923 2.037234  -0.000000 0.000000 -0.000000
66  -0.000306 -1.332277 -5.672092  -0.000000 0.000000 -0.000000
67  -0.001517 -1.253476 20.838209  -0.000000 0.000000 -0.000000
68  0.585406 -2.133196 -6.588484  -0.000000 0.000000 -0.000000
69  0.000000 0.419707 7.832309  -0.000000 0.000000 -0.000000
70  -3.009878 -2.549334 -4.985558  1.527147 0.030275 0.026304
71  -0.113746 1.326355 2.565982  -0.000000 0.000000 -0.000000
72  0.120338 1.215165 2.565982  -0.000000 0.000000 -0.000000
73  -0.096187 1.080565 2.565982  -0.000000 0.000000 -0.000000
time 39
0  0.000006 0.000000 0.000000  -1.570800 -1.391899 -1.570792
1  -3.865520 -0.192010 1.061693  -1.544956 -1.855077 -0.198630
2  6.027524 -0.000324 0.000193  -0.816091 -1.018193 -1.495746
3  11.692111 0.000643 -0.000739  -1.152276 -0.000012 -1.295489
4  11.480548 0.000594 -0.000469  1.262462 -0.579285 0.105733
5  3.859509 -0.142880 -1.192049  -0.574847 -0.304757 -1.777058
6  1.312588 0.000013 0.000008  -0.135527 0.003032 -0.200649
7  0.729356 0.000053 0.000051  -0.007831 -0.008960 -0.022519
8  3.942145 0.046273 -0.431512  -0.457086 0.163431 -1.133683
9  1.539111 0.000086 0.000006  -0.017952 -0.090240 -0.838237
10  1.196333 0.000143 0.000026  0.007751 0.004719 -0.800508
11  3.883508 -0.047269 0.431381  -0.247524 0.550882 -0.402952
12  1.719576 -0.000027 0.000017  0.037135 -0.100044 -1.334548
13  1.209179 0.000092 0.000012  -0.008755 -0.005102 -0.561727
14  4.085223 -0.082716 1.151041  0.033614 0.611304 -0.075125
15  1.719449 -0.000012 0.000023  0.001103 -0.029631 -0.766789
16  1.099676 0.000047 0.000007  -0.071025 0.044021 -1.321117
17  1.059852 -1.545954 0.873884  -0.919590 -0.590284 -0.357361
18  1.789819 -0.000004 -0.000018  -0.000001 -0.009377 0.757284
19  1.207015 -0.000012 -0.000042  0.001023 -0.000036 -0.104165
20  5.740636 0.000411 -0.000703  -0.103405 0.000003 0.000071
21  11.481118 0.000331 -0.000751  -0.047286 -0.097961 -0.007921
22  6.027525 -0.000330 0.000203  1.640992 -0.548672 1.511831
23  0.000003 11.692100 -0.000008  -0.906638 -0.367248 -0.728357
24  0.000003 0.000009 -0.000000  -0.283187 -0.000031 1.570739
25  -0.000000 -0.000011 -0.000001  0.868957 0.000002 1.570712
26  -4.011518 -5.954122 0.376267  1.473120 1.855075 -0.198639
27  6.027503 -0.000262 -0.000228  1.494316 0.619006 -0.218828
28  11.691990 0.000242 0.000855  0.667115 0.000073 -1.851902
29  11.479227 -0.000382 0.001352  -1.144385 0.379277 0.351264
30  3.452863 -0.227595 1.051756  0.533352 -0.149658 -1.651757
31  1.312559 0.000025 -0.000001  -0.001011 0.013749 -0.916589
32  0.729346 0.000066 -0.000027  -0.019742 -0.002873 -0.520299
33  3.942049 0.050108 0.430998  0.518335 -0.132557 -1.624414
34  1.539093 0.000010 -0.000001  -0.006678 -0.030360 -0.846057
35  1.196299 0.000076 -0.000003  0.001767 -0.002530 -0.866091
36  3.883412 -0.050503 -0.431087  0.268299 -0.273603 -1.261072
37  1.719563 -0.000080 -0.000004  -0.029198 0.025493 -1.449554
38  1.209194 0.000036 0.000011  -0.002172 -0.002925 -0.376412
39  3.245586 -0.145571 -1.308858  0.032033 0.000274 0.123459
40  1.719411 -0.000101 -0.000035  -0.098527 0.110450 -1.402806
41  1.099672 0.000028 0.000008  0.006227 -0.001252 -0.894404
42  0.594009 -0.285202 -1.857799  1.075925 0.014236 -0.875502
43  1.789779 -0.000012 -0.000043  0.020386 0.054042 -0.056213
44  1.206997 -0.000006 0.000003  0.112046 0.059847 1.317350
45  5.740572 0.000056 0.000723  0.091478 -0.000014 0.000021
46  11.480789 -0.000040 0.001019  0.071256 0.067370 0.040910
47  6.027514 -0.000272 -0.000236  -0.785620 -0.608772 -1.270047
48  -0.000002 11.691973 -0.000006  -1.236285 0.681322 0.924856
49  0.000004 0.000000 0.000001  2.939640 -0.000041 1.570856
50  -0.000007 -0.000015 0.000005  2.272644 -0.000030 1.570865
51  -5.103978 -7.236449 -6.606066  3.092344 -0.135323 -1.203656
52  -0.000001 0.000001 0.000000  0.008153 -0.000259 0.000009
53  0.000000 0.000001 0.000001  1.565115 0.043565 -0.106862
54  -0.871304 -15.936431 -4.879551  -1.055644 -0.164941 -1.905581
55  0.000000 -0.000001 -0.000000  0.000000 -0.000000 -0.000002
56  0.000031 0.000028 0.000001  -1.571901 -0.044449 -0.106509
57  5.661260 -16.060535 -17.872917  1.570796 -0.000000 0.000000
58  -21.599098 7.001666 -12.508070  1.570796 -0.000000 0.000000
59  1.066008 0.876422 -3.770892  1.570796 -0.000000 0.000000
60  -0.004311 0.001230 -0.000371  0.006898 -0.005534 -0.284229
61  0.376268 6.572924 -2.887995  1.570796 -0.000000 0.000000
62  0.000000 0.000000 0.000000  -0.078727 -3.136056 0.284226
63  0.000000 0.000000 0.000000  1.569801 -0.002180 0.000485
64  -2.731743 -8.832453 -1.776392  1.536102 0.020617 0.023018
65  0.000000 -2.755923 2.037235  -0.000000 0.000000 0.000000
66  -0.000306 -1.332276 -5.672091  -0.000000 0.000000 0.000000
67  -0.001517 -1.253476 20.838209  -0.000000 0.000000 0.000000
68  0.585406 -2.133196 -6.588482  -0.000000 0.000000 0.000000
69  0.000000 0.419707 7.832311  -0.000000 0.000000 0.000000
70  -2.939748 -2.538085 -4.959587  1.536102 0.020617 0.023018
71  -0.113746 1.326355 2.565982  -0.000000 0.000000 0.000000
72  0.120339 1.215165 2.565981  -0.000000 0.000000 0.000000
73  -0.096187 1.080566 2.565981  -0.000000 0.000000 0.000000
time 40
0  0.000006 0.000000 0.000000  -1.570800 -1.391899 -1.570792
1  -3.865520 -0.192010 1.061693  -1.544956 -1.855077 -0.198630
2  6.027524 -0.000324 0.000193  -0.815020 -1.015943 -1.492671
3  11.692110 0.000643 -0.000740  -1.152276 -0.000012 -1.291939
4  11.480574 0.000599 -0.000457  1.246938 -0.576925 0.106546
5  3.859509 -0.142880 -1.192049  -0.574847 -0.304757 -1.777058
6  1.312589 0.000013 0.000008  -0.135527 0.003032 -0.200649
7  0.729354 0.000053 0.000048  -0.007831 -0.008960 -0.022519
8  3.942142 0.046272 -0.431512  -0.457086 0.163431 -1.133683
9  1.539111 0.000084 0.000004  -0.017952 -0.090240 -0.838237
10  1.196331 0.000146 0.000029  0.007751 0.004719 -0.800508
11  3.883505 -0.047270 0.431382  -0.247524 0.550882 -0.402952
12  1.719575 -0.000024 0.000018  0.037135 -0.100044 -1.334548
13  1.209179 0.000091 0.000013  -0.008755 -0.005102 -0.561727
14  4.085223 -0.082715 1.151041  0.033614 0.611304 -0.075125
15  1.719448 -0.000012 0.000021  0.001103 -0.029631 -0.766789
16  1.099675 0.000049 0.000006  -0.071024 0.044021 -1.321117
17  1.059850 -1.545955 0.873884  -0.919590 -0.590284 -0.357361
18  1.789820 -0.000003 -0.000018  -0.000001 -0.009377 0.757284
19  1.207014 -0.000012 -0.000043  0.001023 -0.000036 -0.104165
20  5.740636 0.000411 -0.000704  -0.105705 0.000003 0.000070
21  11.481124 0.000332 -0.000750  -0.050217 -0.097691 -0.008612
22  6.027525 -0.000330 0.000203  1.640688 -0.550977 1.515976
23  0.000000 11.692100 -0.000007  -0.904469 -0.365445 -0.726841
24  0.000002 0.000008 0.000000  -0.283187 -0.000031 1.570739
25  -0.000001 -0.000011 -0.000001  0.868957 0.000002 1.570712
26  -4.011518 -5.954122 0.376267  1.473120 1.855075 -0.198639
27  6.027503 -0.000262 -0.000228  1.495552 0.619191 -0.218101
28  11.691991 0.000243 0.000855  0.667115 0.000073 -1.853270
29  11.479218 -0.000389 0.001359  -1.144329 0.377382 0.365732
30  3.452863 -0.227596 1.051756  0.533352 -0.149658 -1.651757
31  1.312559 0.000028 -0.000002  -0.001011 0.013749 -0.916589
32  0.729346 0.000066 -0.000027  -0.019742 -0.002873 -0.520299
33  3.942048 0.050107 0.430997  0.518335 -0.132557 -1.624414
34  1.539094 0.000009 0.000000  -0.006678 -0.030360 -0.846057
35  1.196299 0.000075 -0.000004  0.001767 -0.002530 -0.866091
36  3.883412 -0.050504 -0.431087  0.268299 -0.273603 -1.261072
37  1.719563 -0.000080 -0.000004  -0.029198 0.025493 -1.449554
38  1.209194 0.000036 0.000011  -0.002172 -0.002925 -0.376412
39  3.245586 -0.145572 -1.308858  0.032033 0.000274 0.123459
40  1.719409 -0.000101 -0.000036  -0.098527 0.110450 -1.402806
41  1.099672 0.000027 0.000008  0.006227 -0.001252 -0.894404
42  0.594009 -0.285204 -1.857799  1.075925 0.014236 -0.875502
43  1.789780 -0.000011 -0.000044  0.020386 0.054042 -0.056213
44  1.206997 -0.000006 0.000003  0.112046 0.059847 1.317350
45  5.740573 0.000055 0.000724  0.091489 -0.000014 0.000021
46  11.480789 -0.000042 0.001022  0.070977 0.067434 0.043821
47  6.027514 -0.000272 -0.000236  -0.785207 -0.607807 -1.270274
48  -0.000002 11.691973 -0.000006  -1.237095 0.682157 0.925229
49  0.000002 -0.000002 0.000001  2.939640 -0.000041 1.570856
50  -0.000006 -0.000015 0.000005  2.272644 -0.000030 1.570865
51  -5.100368 -7.226369 -6.586794  3.087236 -0.124012 -1.207148
52  0.000000 0.000001 0.000000  0.008153 -0.000259 0.000009
53  -0.000000 -0.000001 0.000000  1.565115 0.043565 -0.106862
54  -0.889241 -15.958501 -4.973613  -1.066960 -0.159569 -1.907906
55  -0.000001 -0.000001 0.000001  0.000000 -0.000000 -0.000002
56  0.000029 0.000028 0.000002  -1.571901 -0.044449 -0.106509
57  5.661260 -16.060535 -17.872917  1.570796 -0.000000 0.000000
58  -21.599098 7.001666 -12.508070  1.570796 -0.000000 0.000000
59  1.066008 0.876422 -3.770892  1.570796 -0.000000 0.000000
60  -0.004311 0.001230 -0.000371  0.006898 -0.005534 -0.284229
61  0.376268 6.572924 -2.887995  1.570796 -0.000000 0.000000
62  0.000000 0.000000 0.000000  -0.078727 -3.136056 0.284226
63  0.000000 0.000000 0.000000  1.570325 -0.001184 0.000239
64  -2.692657 -8.874422 -1.792284  1.545042 0.029202 0.019088
65  0.000001 -2.755924 2.037235  0.000000 0.000000 0.000000
66  -0.000306 -1.332276 -5.672091  0.000000 0.000000 0.000000
67  -0.001517 -1.253476 20.838207  0.000000 0.000000 0.000000
68  0.585406 -2.133196 -6.588482  0.000000 0.000000 0.000000
69  0.000000 0.419707 7.832312  0.000000 0.000000 0.000000
70  -2.902138 -2.551572 -4.918422  1.545042 0.029202 0.019088
71  -0.113746 1.326355 2.565982  0.000000 0.000000 0.000000
72  0.120338 1.215166 2.565981  0.000000 0.000000 0.000000
73  -0.096187 1.080566 2.565981  0.000000 0.000000 0.000000
time 41
0  0.000006 0.000000 0.000000  -1.570800 -1.391899 -1.570792
1  -3.865520 -0.192010 1.061693  -1.544956 -1.855077 -0.198630
2  6.027524 -0.000324 0.000193  -0.810159 -1.016970 -1.495223
3  11.692112 0.000643 -0.000739  -1.152275 -0.000011 -1.285244
4  11.480626 0.000610 -0.000431  1.230622 -0.571677 0.101206
5  3.859509 -0.142881 -1.192050  -0.574848 -0.304757 -1.777058
6  1.312590 0.000013 0.000008  -0.135527 0.003032 -0.200649
7  0.729356 0.000054 0.000049  -0.007831 -0.008960 -0.022519
8  3.942144 0.046272 -0.431513  -0.457086 0.163431 -1.133683
9  1.539110 0.000084 0.000006  -0.017952 -0.090240 -0.838237
10  1.196332 0.000145 0.000030  0.007751 0.004719 -0.800508
11  3.883505 -0.047270 0.431381  -0.247524 0.550882 -0.402952
12  1.719574 -0.000025 0.000015  0.037135 -0.100044 -1.334548
13  1.209179 0.000091 0.000012  -0.008755 -0.005102 -0.561727
14  4.085223 -0.082716 1.151040  0.033614 0.611304 -0.075125
15  1.719447 -0.000011 0.000022  0.001103 -0.029631 -0.766789
16  1.099675 0.000048 0.000006  -0.071025 0.044021 -1.321117
17  1.059851 -1.545955 0.873884  -0.919590 -0.590284 -0.357361
18  1.789820 -0.000003 -0.000018  -0.000001 -0.009377 0.757284
19  1.207016 -0.000012 -0.000043  0.001023 -0.000036 -0.104165
20  5.740638 0.000409 -0.000704  -0.108858 0.000003 0.000070
21  11.481134 0.000334 -0.000744  -0.053617 -0.096719 -0.010447
22  6.027525 -0.000330 0.000203  1.637554 -0.550290 1.519197
23  0.000002 11.692100 -0.000008  -0.900377 -0.362053 -0.723976
24  0.000002 0.000008 -0.000001  -0.283187 -0.000031 1.570739
25  -0.000001 -0.000011 -0.000001  0.868957 0.000002 1.570712
26  -4.011518 -5.954122 0.376267  1.473120 1.855075 -0.198639
27  6.027503 -0.000262 -0.000228  1.501653 0.619628 -0.214485
28  11.691988 0.000242 0.000855  0.667115 0.000073 -1.852583
29  11.479220 -0.000386 0.001355  -1.151805 0.370785 0.377948
30  3.452864 -0.227595 1.051755  0.533352 -0.149658 -1.651757
31  1.312559 0.000027 -0.000001  -0.001011 0.013749 -0.916589
32  0.729344 0.000066 -0.000027  -0.019742 -0.002873 -0.520299
33  3.942049 0.050108 0.430997  0.518335 -0.132557 -1.624415
34  1.539093 0.000009 -0.000001  -0.006678 -0.030360 -0.846057
35  1.196300 0.000075 -0.000004  0.001767 -0.002530 -0.866091
36  3.883412 -0.050504 -0.431087  0.268299 -0.273603 -1.261072
37  1.719563 -0.000080 -0.000004  -0.029197 0.025493 -1.449554
38  1.209194 0.000036 0.000011  -0.002172 -0.002925 -0.376412
39  3.245586 -0.145572 -1.308859  0.032033 0.000274 0.123459
40  1.719409 -0.000101 -0.000036  -0.098527 0.110450 -1.402806
41  1.099672 0.000025 0.000007  0.006227 -0.001252 -0.894404
42  0.594009 -0.285203 -1.857800  1.075925 0.014236 -0.875502
43  1.789780 -0.000011 -0.000043  0.020386 0.054042 -0.056213
44  1.206997 -0.000007 0.000003  0.112046 0.059847 1.317350
45  5.740571 0.000055 0.000724  0.090195 -0.000014 0.000021
46  11.480787 -0.000041 0.001021  0.069542 0.066266 0.046806
47  6.027514 -0.000272 -0.000236  -0.782688 -0.603270 -1.271633
48  -0.000002 11.691972 -0.000006  -1.236688 0.681738 0.925042
49  0.000003 -0.000002 -0.000000  2.939640 -0.000041 1.570856
50  -0.000006 -0.000015 0.000005  2.272644 -0.000030 1.570865
51  -5.132066 -7.242099 -6.526811  3.073512 -0.114805 -1.208886
52  0.000000 0.000001 -0.000001  0.008153 -0.000259 0.000009
53  0.000000 -0.000000 -0.000000  1.565115 0.043565 -0.106862
54  -0.925403 -15.994324 -5.013982  -1.083526 -0.161310 -1.908632
55  -0.000001 -0.000000 0.000000  0.000000 -0.000000 -0.000002
56  0.000030 0.000028 0.000001  -1.571901 -0.044449 -0.106509
57  5.661260 -16.060535 -17.872917  1.570796 -0.000000 0.000000
58  -21.599098 7.001666 -12.508070  1.570796 -0.000000 0.000000
59  1.066008 0.876422 -3.770892  1.570796 -0.000000 0.000000
60  -0.004311 0.001230 -0.000371  0.006898 -0.005534 -0.284229
61  0.376268 6.572924 -2.887995  1.570796 -0.000000 0.000000
62  0.000000 0.000000 0.000000  -0.078727 -3.136056 0.284226
63  0.000000 0.000000 0.000000  1.570671 -0.000350 0.000066
64  -2.653570 -8.916392 -1.777676  1.549095 0.045141 0.015866
65  0.000001 -2.755924 2.037235  -0.000000 -0.000000 -0.000000
66  -0.000306 -1.332276 -5.672092  -0.000000 -0.000000 -0.000000
67  -0.001517 -1.253476 20.838213  -0.000000 -0.000000 -0.000000
68  0.585406 -2.133196 -6.588483  -0.000000 -0.000000 -0.000000
69  0.000000 0.419707 7.832309  -0.000000 -0.000000 -0.000000
70  -2.891529 -2.581047 -4.876360  1.549095 0.045141 0.015866
71  -0.113746 1.326354 2.565981  -0.000000 -0.000000 -0.000000
72  0.120338 1.215164 2.565982  -0.000000 -0.000000 -0.000000
73  -0.096187 1.080565 2.565981  -0.000000 -0.000000 -0.000000
time 42
0  0.000006 0.000000 0.000000  -1.570800 -1.391899 -1.570792
1  -3.865520 -0.192010 1.061693  -1.544956 -1.855077 -0.198630
2  6.027524 -0.000324 0.000193  -0.806973 -1.018528 -1.498228
3  11.692111 0.000643 -0.000740  -1.152275 -0.000011 -1.281180
4  11.480656 0.000618 -0.000416  1.223865 -0.568177 0.097317
5  3.859507 -0.142881 -1.192050  -0.574847 -0.304757 -1.777058
6  1.312590 0.000011 0.000007  -0.135527 0.003032 -0.200649
7  0.729356 0.000054 0.000049  -0.007831 -0.008960 -0.022519
8  3.942143 0.046272 -0.431512  -0.457086 0.163431 -1.133683
9  1.539111 0.000084 0.000006  -0.017952 -0.090240 -0.838237
10  1.196332 0.000146 0.000030  0.007751 0.004719 -0.800508
11  3.883505 -0.047270 0.431381  -0.247524 0.550882 -0.402952
12  1.719573 -0.000028 0.000016  0.037135 -0.100044 -1.334548
13  1.209178 0.000090 0.000013  -0.008755 -0.005102 -0.561727
14  4.085221 -0.082716 1.151040  0.033614 0.611304 -0.075125
15  1.719449 -0.000012 0.000022  0.001103 -0.029631 -0.766789
16  1.099676 0.000049 0.000006  -0.071025 0.044021 -1.321117
17  1.059852 -1.545955 0.873884  -0.919590 -0.590284 -0.357361
18  1.789819 -0.000003 -0.000018  -0.000001 -0.009377 0.757284
19  1.207014 -0.000012 -0.000044  0.001023 -0.000036 -0.104165
20  5.740639 0.000410 -0.000703  -0.110291 0.000003 0.000071
21  11.481140 0.000336 -0.000741  -0.055125 -0.096011 -0.011488
22  6.027525 -0.000330 0.000203  1.635379 -0.548953 1.520039
23  0.000003 11.692100 -0.000007  -0.897889 -0.359999 -0.722230
24  0.000004 0.000008 -0.000001  -0.283187 -0.000030 1.570739
25  -0.000000 -0.000011 -0.000000  0.868957 0.000002 1.570712
26  -4.011518 -5.954122 0.376267  1.473120 1.855075 -0.198639
27  6.027503 -0.000262 -0.000228  1.505425 0.620165 -0.212262
28  11.691992 0.000244 0.000856  0.667115 0.000073 -1.851421
29  11.479233 -0.000380 0.001351  -1.157227 0.367148 0.382118
30  3.452863 -0.227596 1.051754  0.533352 -0.149658 -1.651757
31  1.312558 0.000026 -0.000000  -0.001011 0.013749 -0.916589
32  0.729346 0.000066 -0.000026  -0.019742 -0.002873 -0.520299
33  3.942049 0.050107 0.430996  0.518335 -0.132557 -1.624414
34  1.539093 0.000009 -0.000000  -0.006678 -0.030360 -0.846057
35  1.196299 0.000076 -0.000004  0.001767 -0.002530 -0.866091
36  3.883411 -0.050504 -0.431088  0.268299 -0.273603 -1.261072
37  1.719563 -0.000080 -0.000004  -0.029197 0.025493 -1.449554
38  1.209195 0.000036 0.000011  -0.002172 -0.002925 -0.376412
39  3.245586 -0.145573 -1.308860  0.032033 0.000274 0.123459
40  1.719410 -0.000100 -0.000036  -0.098527 0.110450 -1.402806
41  1.099672 0.000027 0.000007  0.006227 -0.001252 -0.894404
42  0.594008 -0.285204 -1.857800  1.075925 0.014236 -0.875502
43  1.789780 -0.000012 -0.000043  0.020386 0.054042 -0.056213
44  1.206997 -0.000007 0.000003  0.112046 0.059847 1.317350
45  5.740572 0.000056 0.000724  0.089252 -0.000014 0.000021
46  11.480791 -0.000040 0.001021  0.068572 0.065497 0.048002
47  6.027514 -0.000272 -0.000236  -0.781431 -0.600331 -1.272313
48  -0.000001 11.691974 -0.000006  -1.236001 0.681029 0.924725
49  0.000002 -0.000000 0.000002  2.939640 -0.000041 1.570856
50  -0.000007 -0.000015 0.000005  2.272644 -0.000030 1.570865
51  -5.152637 -7.258383 -6.491005  3.065386 -0.111899 -1.209351
52  -0.000001 -0.000000 0.000000  0.008153 -0.000259 0.000009
53  0.000000 -0.000001 -0.000001  1.565115 0.043565 -0.106862
54  -0.945260 -16.016220 -5.013051  -1.091683 -0.164285 -1.908694
55  -0.000001 -0.000001 -0.000000  0.000000 -0.000000 -0.000002
56  0.000029 0.000028 0.000001  -1.571902 -0.044449 -0.106509
57  5.661260 -16.060535 -17.872917  1.570796 -0.000000 0.000000
58  -21.599098 7.001666 -12.508070  1.570796 -0.000000 0.000000
59  1.066008 0.876422 -3.770892  1.570796 -0.000000 0.000000
60  -0.004311 0.001230 -0.000371  0.006898 -0.005534 -0.284229
61  0.376268 6.572924 -2.887995  1.570796 -0.000000 0.000000
62  0.000000 0.000000 0.000000  -0.078727 -3.136056 0.284226
63  0.000000 0.000000 0.000000  1.570796 -0.000000 0.000000
64  -2.635804 -8.935471 -1.763066  1.549086 0.053723 0.014481
65  0.000001 -2.755923 2.037236  -0.000000 0.000000 0.000000
66  -0.000306 -1.332276 -5.672090  -0.000000 0.000000 0.000000
67  -0.001517 -1.253476 20.838211  -0.000000 0.000000 0.000000
68  0.585406 -2.133195 -6.588481  -0.000000 0.000000 0.000000
69  0.000000 0.419707 7.832313  -0.000000 0.000000 0.000000
70  -2.891576 -2.600216 -4.860515  1.549086 0.053723 0.014481
71  -0.113746 1.326355 2.565982  -0.000000 0.000000 0.000000
72  0.120338 1.215165 2.565982  -0.000000 0.000000 0.000000
73  -0.096187 1.080566 2.565982  -0.000000 0.000000 0.000000
end
