version 1
nodes
0 "ValveBiped.Bip01_Spine4" -1
1 "ValveBiped.Bip01_L_Clavicle" 0
2 "ValveBiped.Bip01_L_UpperArm" 1
3 "ValveBiped.Bip01_L_Forearm" 2
4 "ValveBiped.Bip01_L_Hand" 3
5 "ValveBiped.Bip01_L_Finger4" 4
6 "ValveBiped.Bip01_L_Finger41" 5
7 "ValveBiped.Bip01_L_Finger42" 6
8 "ValveBiped.Bip01_L_Finger3" 4
9 "ValveBiped.Bip01_L_Finger31" 8
10 "ValveBiped.Bip01_L_Finger32" 9
11 "ValveBiped.Bip01_L_Finger2" 4
12 "ValveBiped.Bip01_L_Finger21" 11
13 "ValveBiped.Bip01_L_Finger22" 12
14 "ValveBiped.Bip01_L_Finger1" 4
15 "ValveBiped.Bip01_L_Finger11" 14
16 "ValveBiped.Bip01_L_Finger12" 15
17 "ValveBiped.Bip01_L_Finger0" 4
18 "ValveBiped.Bip01_L_Finger01" 17
19 "ValveBiped.Bip01_L_Finger02" 18
20 "ValveBiped.Bip01_L_Ulna" 3
21 "ValveBiped.Bip01_L_Wrist" 3
22 "rig_l_upperarm" 1
23 "rig_l_forearm" 22
24 "rig_d_l_forearm" 23
25 "rig_d_l_upperarm" 22
26 "ValveBiped.Bip01_R_Clavicle" 0
27 "ValveBiped.Bip01_R_UpperArm" 26
28 "ValveBiped.Bip01_R_Forearm" 27
29 "ValveBiped.Bip01_R_Hand" 28
30 "ValveBiped.Bip01_R_Finger4" 29
31 "ValveBiped.Bip01_R_Finger41" 30
32 "ValveBiped.Bip01_R_Finger42" 31
33 "ValveBiped.Bip01_R_Finger3" 29
34 "ValveBiped.Bip01_R_Finger31" 33
35 "ValveBiped.Bip01_R_Finger32" 34
36 "ValveBiped.Bip01_R_Finger2" 29
37 "ValveBiped.Bip01_R_Finger21" 36
38 "ValveBiped.Bip01_R_Finger22" 37
39 "ValveBiped.Bip01_R_Finger1" 29
40 "ValveBiped.Bip01_R_Finger11" 39
41 "ValveBiped.Bip01_R_Finger12" 40
42 "ValveBiped.Bip01_R_Finger0" 29
43 "ValveBiped.Bip01_R_Finger01" 42
44 "ValveBiped.Bip01_R_Finger02" 43
45 "ValveBiped.Bip01_R_Ulna" 28
46 "ValveBiped.Bip01_R_Wrist" 28
47 "rig_r_upperarm" 26
48 "rig_r_forearm" 47
49 "rig_d_r_forearm" 48
50 "rig_d_r_upperarm" 47
51 "rig_r_hand" -1
52 "rig_d_r_hand" 51
53 "rig_d_r_wrist" 52
54 "rig_l_hand" -1
55 "rig_d_l_hand" 54
56 "rig_d_l_wrist" 54
57 "rig_l_pole" -1
58 "rig_r_pole" -1
59 "rig_l_clavicle" -1
60 "rig_d_l_clavicle" 59
61 "rig_r_clavicle" -1
62 "rig_d_r_clavicle" 61
63 "Camera" -1
64 "body" -1
65 "trigger" 64
66 "bolt" 64
67 "chandle" 66
68 "barrel" 64
69 "magrel" 64
70 "bullet1" 64
71 "boltrelease" 64
72 "mag" -1
73 "fakerounds" 72
74 "fakemag" -1
75 "bullet2" 74
76 "bullet3" 74
end
skeleton
time 0
0  0.000006 0.000000 0.000000  -1.570800 -1.391899 -1.570792
1  -4.921969 1.082092 2.232071  -1.544956 -1.855077 -0.198630
2  6.027524 -0.000323 0.000190  -0.747182 -0.995446 -1.552695
3  11.692107 0.000645 -0.000740  -0.890211 -0.000018 -1.391952
4  11.479911 0.000229 -0.000885  1.225960 -0.603154 0.357879
5  3.859502 -0.142824 -1.192079  -0.573871 -0.316762 -1.795817
6  1.312591 0.000009 0.000007  -0.135121 -0.003384 -0.178728
7  0.729354 0.000055 0.000049  -0.006155 -0.010667 -0.248915
8  3.942140 0.046330 -0.431542  -0.497018 0.100803 -1.231861
9  1.539110 0.000083 0.000004  -0.000382 -0.119364 -0.902013
10  1.196330 0.000145 0.000028  0.012615 0.002795 -0.535714
11  3.883509 -0.047213 0.431351  -0.283712 0.421834 -0.633459
12  1.719573 -0.000029 0.000017  0.057360 -0.144594 -1.427911
13  1.209179 0.000089 0.000011  -0.003667 -0.003000 -0.405259
14  4.085234 -0.082653 1.151009  0.076971 0.573771 0.038997
15  1.719450 -0.000017 0.000029  0.015664 -0.064932 -0.867211
16  1.099675 0.000049 0.000006  -0.075642 0.030056 -1.536734
17  0.869860 -1.165528 1.469023  -1.184630 -0.527540 -0.152316
18  1.789820 -0.000003 -0.000018  0.000001 -0.000026 0.636398
19  1.207013 -0.000013 -0.000044  0.000006 -0.000006 -0.137935
20  5.740637 0.000389 -0.000702  -0.108229 0.000003 0.000064
21  11.480989 0.000223 -0.000831  -0.042733 -0.108608 0.037758
22  6.027524 -0.000330 0.000200  1.600190 -0.574767 1.534864
23  -0.000001 11.692100 -0.000007  -0.965049 -0.417379 -0.768316
24  0.000003 0.000008 0.000001  -0.021116 -0.000031 1.570738
25  -0.000000 -0.000012 0.000001  0.868960 0.000002 1.570712
26  -6.617934 -9.178503 0.826812  1.473120 1.855075 -0.198639
27  6.027513 -0.000259 -0.000221  1.520730 0.754736 -0.708481
28  11.691992 0.000161 0.000857  0.141449 0.000072 -1.836665
29  11.479355 -0.000861 0.000954  -1.142790 0.380466 0.885558
30  3.859437 -0.132758 1.193066  0.469647 -0.013262 -1.872395
31  1.312559 0.000026 -0.000001  0.024060 -0.138696 -0.550187
32  0.729344 0.000065 -0.000026  -0.166197 -0.081570 -0.714272
33  3.942046 0.050139 0.431001  0.225309 -0.086237 -1.592712
34  1.539096 0.000005 -0.000001  0.035254 -0.050373 -0.994350
35  1.196300 0.000078 -0.000003  -0.021521 0.002175 -0.839738
36  3.883414 -0.050472 -0.431084  0.184824 -0.271737 -1.204030
37  1.719563 -0.000085 -0.000005  0.022859 -0.107186 -1.509108
38  1.209198 0.000035 0.000012  0.000661 0.071072 -0.480462
39  3.859588 -0.149083 -1.331320  -0.104061 -0.070249 -0.272073
40  1.719415 -0.000098 -0.000035  -0.013177 0.003907 -1.203491
41  1.099674 0.000021 0.000007  -0.005887 -0.007993 -0.771205
42  0.805984 -0.359848 -1.318338  0.991670 0.166767 -0.799527
43  1.789780 -0.000008 -0.000043  0.000058 -0.002451 0.133098
44  1.206996 -0.000007 0.000005  0.000372 -0.000071 1.058780
45  5.740571 0.000079 0.000721  0.172460 -0.000014 0.000028
46  11.480814 -0.000098 0.000936  0.056555 0.082971 0.145456
47  6.027515 -0.000273 -0.000230  -0.910498 -0.520836 -1.709520
48  -0.000000 11.691973 -0.000005  -1.227263 0.672038 0.920661
49  0.000002 -0.000002 0.000001  2.413977 -0.000036 1.570860
50  -0.000006 -0.000014 0.000005  2.272645 -0.000036 1.570861
51  -3.422328 -3.805365 -6.854754  -0.078012 -2.996716 1.465737
52  0.000000 -0.000000 0.000000  0.008153 -0.000259 0.000009
53  0.000000 -0.000000 0.000001  1.565115 0.043565 -0.106862
54  -0.363791 -15.867239 -5.623037  -0.755929 -0.139050 -1.950540
55  -0.000001 -0.000000 0.000000  0.000000 -0.000001 -0.000002
56  0.000029 0.000028 0.000002  -1.571901 -0.044449 -0.106509
57  5.185302 -16.056248 -16.646038  1.570796 -0.000000 0.000000
58  -15.417985 4.000748 -22.641926  1.570796 -0.000000 0.000000
59  2.236387 -0.189356 -5.037201  1.570796 -0.000000 0.000000
60  -0.004311 0.001230 -0.000371  0.006898 -0.005534 -0.284229
61  0.826810 10.209643 -4.879054  1.570796 -0.000000 0.000000
62  0.000000 0.000000 0.000000  -0.078727 -3.136056 0.284226
63  -2.240596 -3.247336 -0.249455  1.570796 -0.000000 0.000000
64  -2.287624 -8.249615 -1.349235  1.570796 0.000000 0.000000
65  0.002681 -3.204031 0.621196  0.000000 -0.000000 0.000000
66  0.048105 -1.112260 5.803837  0.000000 -0.000000 0.000000
67  -1.184782 0.539746 -0.284904  0.000000 -0.000000 0.000000
68  0.047884 -1.610073 21.020466  0.000000 -0.000000 0.000000
69  0.047881 -3.319714 2.472855  0.000000 -0.000000 0.000000
70  0.172180 -2.040368 3.568007  0.000000 -0.000000 0.000000
71  0.654947 -2.537531 2.477230  0.000000 -0.000000 0.000000
72  -2.285144 -12.956001 -5.446409  1.570796 0.000000 0.000000
73  0.017809 1.799356 -0.402361  0.000000 -0.000000 0.000000
74  -2.285144 -12.956001 -5.446409  1.570796 0.000000 0.000000
75  0.031323 2.100358 -1.138380  0.000000 -0.000000 0.000000
76  -0.024051 1.849582 -1.138377  0.000000 -0.000000 0.000000
time 1
0  0.000006 0.000000 0.000000  -1.570800 -1.391899 -1.570792
1  -4.921969 1.082092 2.232071  -1.544956 -1.855077 -0.198630
2  6.027524 -0.000323 0.000190  -0.747182 -0.995446 -1.552695
3  11.692107 0.000645 -0.000740  -0.890211 -0.000018 -1.391952
4  11.479911 0.000229 -0.000885  1.225960 -0.603154 0.357879
5  3.859502 -0.142824 -1.192079  -0.573871 -0.316762 -1.795817
6  1.312591 0.000009 0.000007  -0.135121 -0.003384 -0.178728
7  0.729354 0.000055 0.000049  -0.006155 -0.010667 -0.248915
8  3.942140 0.046330 -0.431542  -0.497018 0.100803 -1.231861
9  1.539110 0.000083 0.000004  -0.000382 -0.119364 -0.902013
10  1.196330 0.000145 0.000028  0.012615 0.002795 -0.535714
11  3.883509 -0.047213 0.431351  -0.283712 0.421834 -0.633459
12  1.719573 -0.000029 0.000017  0.057360 -0.144594 -1.427911
13  1.209179 0.000089 0.000011  -0.003667 -0.003000 -0.405259
14  4.085234 -0.082653 1.151009  0.076971 0.573771 0.038997
15  1.719450 -0.000017 0.000029  0.015664 -0.064932 -0.867211
16  1.099675 0.000049 0.000006  -0.075642 0.030056 -1.536734
17  0.869860 -1.165528 1.469023  -1.184630 -0.527540 -0.152316
18  1.789820 -0.000003 -0.000018  0.000001 -0.000026 0.636398
19  1.207013 -0.000013 -0.000044  0.000006 -0.000006 -0.137935
20  5.740637 0.000389 -0.000702  -0.108229 0.000003 0.000064
21  11.480989 0.000223 -0.000831  -0.042733 -0.108608 0.037758
22  6.027524 -0.000330 0.000200  1.600190 -0.574767 1.534864
23  -0.000001 11.692100 -0.000007  -0.965049 -0.417379 -0.768316
24  0.000003 0.000008 0.000001  -0.021116 -0.000031 1.570738
25  -0.000000 -0.000012 0.000001  0.868960 0.000002 1.570712
26  -6.617934 -9.178503 0.826812  1.473120 1.855075 -0.198639
27  6.027513 -0.000259 -0.000221  1.520730 0.754736 -0.708481
28  11.691992 0.000161 0.000857  0.141449 0.000072 -1.836665
29  11.479355 -0.000861 0.000954  -1.142790 0.380466 0.885558
30  3.859437 -0.132758 1.193066  0.469647 -0.013262 -1.872395
31  1.312559 0.000026 -0.000001  0.024060 -0.138696 -0.550187
32  0.729344 0.000065 -0.000026  -0.166197 -0.081570 -0.714272
33  3.942046 0.050139 0.431001  0.225309 -0.086237 -1.592712
34  1.539096 0.000005 -0.000001  0.035254 -0.050373 -0.994350
35  1.196300 0.000078 -0.000003  -0.021521 0.002175 -0.839738
36  3.883414 -0.050472 -0.431084  0.184824 -0.271737 -1.204030
37  1.719563 -0.000085 -0.000005  0.022859 -0.107186 -1.509108
38  1.209198 0.000035 0.000012  0.000661 0.071072 -0.480462
39  3.859588 -0.149083 -1.331320  -0.104061 -0.070249 -0.272073
40  1.719415 -0.000098 -0.000035  -0.013177 0.003907 -1.203491
41  1.099674 0.000021 0.000007  -0.005887 -0.007993 -0.771205
42  0.805984 -0.359848 -1.318338  0.991670 0.166767 -0.799527
43  1.789780 -0.000008 -0.000043  0.000058 -0.002451 0.133098
44  1.206996 -0.000007 0.000005  0.000372 -0.000071 1.058780
45  5.740571 0.000079 0.000721  0.172460 -0.000014 0.000028
46  11.480814 -0.000098 0.000936  0.056555 0.082971 0.145456
47  6.027515 -0.000273 -0.000230  -0.910498 -0.520836 -1.709520
48  -0.000000 11.691973 -0.000005  -1.227263 0.672038 0.920661
49  0.000002 -0.000002 0.000001  2.413977 -0.000036 1.570860
50  -0.000006 -0.000014 0.000005  2.272645 -0.000036 1.570861
51  -3.422328 -3.805365 -6.854754  -0.078012 -2.996716 1.465737
52  0.000000 -0.000000 0.000000  0.008153 -0.000259 0.000009
53  0.000000 -0.000000 0.000001  1.565115 0.043565 -0.106862
54  -0.363791 -15.867239 -5.623037  -0.755929 -0.139050 -1.950540
55  -0.000001 -0.000000 0.000000  0.000000 -0.000001 -0.000002
56  0.000029 0.000028 0.000002  -1.571901 -0.044449 -0.106509
57  5.185302 -16.056248 -16.646038  1.570796 -0.000000 0.000000
58  -15.417985 4.000748 -22.641926  1.570796 -0.000000 0.000000
59  2.236387 -0.189356 -5.037201  1.570796 -0.000000 0.000000
60  -0.004311 0.001230 -0.000371  0.006898 -0.005534 -0.284229
61  0.826810 10.209643 -4.879054  1.570796 -0.000000 0.000000
62  0.000000 0.000000 0.000000  -0.078727 -3.136056 0.284226
63  -2.240596 -3.247336 -0.249455  1.570796 -0.000000 0.000000
64  -2.287624 -8.249615 -1.349235  1.570796 0.000000 0.000000
65  0.002681 -3.204031 0.621196  0.000000 -0.000000 0.000000
66  0.048105 -1.112260 5.803837  0.000000 -0.000000 0.000000
67  -1.184782 0.539746 -0.284904  0.000000 -0.000000 0.000000
68  0.047884 -1.610073 21.020466  0.000000 -0.000000 0.000000
69  0.047881 -3.319714 2.472855  0.000000 -0.000000 0.000000
70  0.172180 -2.040368 3.568007  0.000000 -0.000000 0.000000
71  0.654947 -2.537531 2.477230  0.000000 -0.000000 0.000000
72  -2.285144 -12.956001 -5.446409  1.570796 0.000000 0.000000
73  0.017809 1.799356 -0.402361  0.000000 -0.000000 0.000000
74  -2.285144 -12.956001 -5.446409  1.570796 0.000000 0.000000
75  0.031323 2.100358 -1.138380  0.000000 -0.000000 0.000000
76  -0.024051 1.849582 -1.138377  0.000000 -0.000000 0.000000
time 2
0  0.000006 0.000000 0.000000  -1.570800 -1.391899 -1.570792
1  -4.921969 1.082092 2.232071  -1.544956 -1.855077 -0.198630
2  6.027524 -0.000323 0.000190  -0.747182 -0.995446 -1.552695
3  11.692107 0.000645 -0.000740  -0.890211 -0.000018 -1.391952
4  11.479911 0.000229 -0.000885  1.225960 -0.603154 0.357879
5  3.859502 -0.142824 -1.192079  -0.573871 -0.316762 -1.795817
6  1.312591 0.000009 0.000007  -0.135121 -0.003384 -0.178728
7  0.729354 0.000055 0.000049  -0.006155 -0.010667 -0.248915
8  3.942140 0.046330 -0.431542  -0.497018 0.100803 -1.231861
9  1.539110 0.000083 0.000004  -0.000382 -0.119364 -0.902013
10  1.196330 0.000145 0.000028  0.012615 0.002795 -0.535714
11  3.883509 -0.047213 0.431351  -0.283712 0.421834 -0.633459
12  1.719573 -0.000029 0.000017  0.057360 -0.144594 -1.427911
13  1.209179 0.000089 0.000011  -0.003667 -0.003000 -0.405259
14  4.085234 -0.082653 1.151009  0.076971 0.573771 0.038997
15  1.719450 -0.000017 0.000029  0.015664 -0.064932 -0.867211
16  1.099675 0.000049 0.000006  -0.075642 0.030056 -1.536734
17  0.869860 -1.165528 1.469023  -1.184630 -0.527540 -0.152316
18  1.789820 -0.000003 -0.000018  0.000001 -0.000026 0.636398
19  1.207013 -0.000013 -0.000044  0.000006 -0.000006 -0.137935
20  5.740637 0.000389 -0.000702  -0.108229 0.000003 0.000064
21  11.480989 0.000223 -0.000831  -0.042733 -0.108608 0.037758
22  6.027524 -0.000330 0.000200  1.600190 -0.574767 1.534864
23  -0.000001 11.692100 -0.000007  -0.965049 -0.417379 -0.768316
24  0.000003 0.000008 0.000001  -0.021116 -0.000031 1.570738
25  -0.000000 -0.000012 0.000001  0.868960 0.000002 1.570712
26  -6.617934 -9.178503 0.826812  1.473120 1.855075 -0.198639
27  6.027513 -0.000259 -0.000221  1.520730 0.754736 -0.708481
28  11.691992 0.000161 0.000857  0.141449 0.000072 -1.836665
29  11.479355 -0.000861 0.000954  -1.142790 0.380466 0.885558
30  3.859437 -0.132758 1.193066  0.469647 -0.013262 -1.872395
31  1.312559 0.000026 -0.000001  0.024060 -0.138696 -0.550187
32  0.729344 0.000065 -0.000026  -0.166197 -0.081570 -0.714272
33  3.942046 0.050139 0.431001  0.225309 -0.086237 -1.592712
34  1.539096 0.000005 -0.000001  0.035254 -0.050373 -0.994350
35  1.196300 0.000078 -0.000003  -0.021521 0.002175 -0.839738
36  3.883414 -0.050472 -0.431084  0.184824 -0.271737 -1.204030
37  1.719563 -0.000085 -0.000005  0.022859 -0.107186 -1.509108
38  1.209198 0.000035 0.000012  0.000661 0.071072 -0.480462
39  3.859588 -0.149083 -1.331320  -0.104061 -0.070249 -0.272073
40  1.719415 -0.000098 -0.000035  -0.013177 0.003907 -1.203491
41  1.099674 0.000021 0.000007  -0.005887 -0.007993 -0.771205
42  0.805984 -0.359848 -1.318338  0.991670 0.166767 -0.799527
43  1.789780 -0.000008 -0.000043  0.000058 -0.002451 0.133098
44  1.206996 -0.000007 0.000005  0.000372 -0.000071 1.058780
45  5.740571 0.000079 0.000721  0.172460 -0.000014 0.000028
46  11.480814 -0.000098 0.000936  0.056555 0.082971 0.145456
47  6.027515 -0.000273 -0.000230  -0.910498 -0.520836 -1.709520
48  -0.000000 11.691973 -0.000005  -1.227263 0.672038 0.920661
49  0.000002 -0.000002 0.000001  2.413977 -0.000036 1.570860
50  -0.000006 -0.000014 0.000005  2.272645 -0.000036 1.570861
51  -3.422328 -3.805365 -6.854754  -0.078012 -2.996716 1.465737
52  0.000000 -0.000000 0.000000  0.008153 -0.000259 0.000009
53  0.000000 -0.000000 0.000001  1.565115 0.043565 -0.106862
54  -0.363791 -15.867239 -5.623037  -0.755929 -0.139050 -1.950540
55  -0.000001 -0.000000 0.000000  0.000000 -0.000001 -0.000002
56  0.000029 0.000028 0.000002  -1.571901 -0.044449 -0.106509
57  5.185302 -16.056248 -16.646038  1.570796 -0.000000 0.000000
58  -15.417985 4.000748 -22.641926  1.570796 -0.000000 0.000000
59  2.236387 -0.189356 -5.037201  1.570796 -0.000000 0.000000
60  -0.004311 0.001230 -0.000371  0.006898 -0.005534 -0.284229
61  0.826810 10.209643 -4.879054  1.570796 -0.000000 0.000000
62  0.000000 0.000000 0.000000  -0.078727 -3.136056 0.284226
63  -2.240596 -3.247336 -0.249455  1.570796 -0.000000 0.000000
64  -2.287624 -8.249615 -1.349235  1.570796 0.000000 0.000000
65  0.002681 -3.204031 0.621196  0.000000 -0.000000 0.000000
66  0.048105 -1.112260 5.803837  0.000000 -0.000000 0.000000
67  -1.184782 0.539746 -0.284904  0.000000 -0.000000 0.000000
68  0.047884 -1.610073 21.020466  0.000000 -0.000000 0.000000
69  0.047881 -3.319714 2.472855  0.000000 -0.000000 0.000000
70  0.172180 -2.040368 3.568007  0.000000 -0.000000 0.000000
71  0.654947 -2.537531 2.477230  0.000000 -0.000000 0.000000
72  -2.285144 -12.956001 -5.446409  1.570796 0.000000 0.000000
73  0.017809 1.799356 -0.402361  0.000000 -0.000000 0.000000
74  -2.285144 -12.956001 -5.446409  1.570796 0.000000 0.000000
75  0.031323 2.100358 -1.138380  0.000000 -0.000000 0.000000
76  -0.024051 1.849582 -1.138377  0.000000 -0.000000 0.000000
time 3
0  0.000006 0.000000 0.000000  -1.570800 -1.391899 -1.570792
1  -4.921969 1.082092 2.232071  -1.544956 -1.855077 -0.198630
2  6.027524 -0.000323 0.000190  -0.747182 -0.995446 -1.552695
3  11.692107 0.000645 -0.000740  -0.890211 -0.000018 -1.391952
4  11.479911 0.000229 -0.000885  1.225960 -0.603154 0.357879
5  3.859502 -0.142824 -1.192079  -0.573871 -0.316762 -1.795817
6  1.312591 0.000009 0.000007  -0.135121 -0.003384 -0.178728
7  0.729354 0.000055 0.000049  -0.006155 -0.010667 -0.248915
8  3.942140 0.046330 -0.431542  -0.497018 0.100803 -1.231861
9  1.539110 0.000083 0.000004  -0.000382 -0.119364 -0.902013
10  1.196330 0.000145 0.000028  0.012615 0.002795 -0.535714
11  3.883509 -0.047213 0.431351  -0.283712 0.421834 -0.633459
12  1.719573 -0.000029 0.000017  0.057360 -0.144594 -1.427911
13  1.209179 0.000089 0.000011  -0.003667 -0.003000 -0.405259
14  4.085234 -0.082653 1.151009  0.076971 0.573771 0.038997
15  1.719450 -0.000017 0.000029  0.015664 -0.064932 -0.867211
16  1.099675 0.000049 0.000006  -0.075642 0.030056 -1.536734
17  0.869860 -1.165528 1.469023  -1.184630 -0.527540 -0.152316
18  1.789820 -0.000003 -0.000018  0.000001 -0.000026 0.636398
19  1.207013 -0.000013 -0.000044  0.000006 -0.000006 -0.137935
20  5.740637 0.000389 -0.000702  -0.108229 0.000003 0.000064
21  11.480989 0.000223 -0.000831  -0.042733 -0.108608 0.037758
22  6.027524 -0.000330 0.000200  1.600190 -0.574767 1.534864
23  -0.000001 11.692100 -0.000007  -0.965049 -0.417379 -0.768316
24  0.000003 0.000008 0.000001  -0.021116 -0.000031 1.570738
25  -0.000000 -0.000012 0.000001  0.868960 0.000002 1.570712
26  -6.617934 -9.178503 0.826812  1.473120 1.855075 -0.198639
27  6.027513 -0.000259 -0.000221  1.520730 0.754736 -0.708481
28  11.691992 0.000161 0.000857  0.141449 0.000072 -1.836665
29  11.479355 -0.000861 0.000954  -1.142790 0.380466 0.885558
30  3.859437 -0.132758 1.193066  0.469647 -0.013262 -1.872395
31  1.312559 0.000026 -0.000001  0.024060 -0.138696 -0.550187
32  0.729344 0.000065 -0.000026  -0.166197 -0.081570 -0.714272
33  3.942046 0.050139 0.431001  0.225309 -0.086237 -1.592712
34  1.539096 0.000005 -0.000001  0.035254 -0.050373 -0.994350
35  1.196300 0.000078 -0.000003  -0.021521 0.002175 -0.839738
36  3.883414 -0.050472 -0.431084  0.184824 -0.271737 -1.204030
37  1.719563 -0.000085 -0.000005  0.022859 -0.107186 -1.509108
38  1.209198 0.000035 0.000012  0.000661 0.071072 -0.480462
39  3.859588 -0.149083 -1.331320  -0.104061 -0.070249 -0.272073
40  1.719415 -0.000098 -0.000035  -0.013177 0.003907 -1.203491
41  1.099674 0.000021 0.000007  -0.005887 -0.007993 -0.771205
42  0.805984 -0.359848 -1.318338  0.991670 0.166767 -0.799527
43  1.789780 -0.000008 -0.000043  0.000058 -0.002451 0.133098
44  1.206996 -0.000007 0.000005  0.000372 -0.000071 1.058780
45  5.740571 0.000079 0.000721  0.172460 -0.000014 0.000028
46  11.480814 -0.000098 0.000936  0.056555 0.082971 0.145456
47  6.027515 -0.000273 -0.000230  -0.910498 -0.520836 -1.709520
48  -0.000000 11.691973 -0.000005  -1.227263 0.672038 0.920661
49  0.000002 -0.000002 0.000001  2.413977 -0.000036 1.570860
50  -0.000006 -0.000014 0.000005  2.272645 -0.000036 1.570861
51  -3.422328 -3.805365 -6.854754  -0.078012 -2.996716 1.465737
52  0.000000 -0.000000 0.000000  0.008153 -0.000259 0.000009
53  0.000000 -0.000000 0.000001  1.565115 0.043565 -0.106862
54  -0.363791 -15.867239 -5.623037  -0.755929 -0.139050 -1.950540
55  -0.000001 -0.000000 0.000000  0.000000 -0.000001 -0.000002
56  0.000029 0.000028 0.000002  -1.571901 -0.044449 -0.106509
57  5.185302 -16.056248 -16.646038  1.570796 -0.000000 0.000000
58  -15.417985 4.000748 -22.641926  1.570796 -0.000000 0.000000
59  2.236387 -0.189356 -5.037201  1.570796 -0.000000 0.000000
60  -0.004311 0.001230 -0.000371  0.006898 -0.005534 -0.284229
61  0.826810 10.209643 -4.879054  1.570796 -0.000000 0.000000
62  0.000000 0.000000 0.000000  -0.078727 -3.136056 0.284226
63  -2.240596 -3.247336 -0.249455  1.570796 -0.000000 0.000000
64  -2.287624 -8.249615 -1.349235  1.570796 0.000000 0.000000
65  0.002681 -3.204031 0.621196  0.000000 -0.000000 0.000000
66  0.048105 -1.112260 5.803837  0.000000 -0.000000 0.000000
67  -1.184782 0.539746 -0.284904  0.000000 -0.000000 0.000000
68  0.047884 -1.610073 21.020466  0.000000 -0.000000 0.000000
69  0.047881 -3.319714 2.472855  0.000000 -0.000000 0.000000
70  0.172180 -2.040368 3.568007  0.000000 -0.000000 0.000000
71  0.654947 -2.537531 2.477230  0.000000 -0.000000 0.000000
72  -2.285144 -12.956001 -5.446409  1.570796 0.000000 0.000000
73  0.017809 1.799356 -0.402361  0.000000 -0.000000 0.000000
74  -2.285144 -12.956001 -5.446409  1.570796 0.000000 0.000000
75  0.031323 2.100358 -1.138380  0.000000 -0.000000 0.000000
76  -0.024051 1.849582 -1.138377  0.000000 -0.000000 0.000000
time 4
0  0.000006 0.000000 0.000000  -1.570800 -1.391899 -1.570792
1  -4.921969 1.082092 2.232071  -1.544956 -1.855077 -0.198630
2  6.027524 -0.000323 0.000190  -0.747182 -0.995446 -1.552695
3  11.692107 0.000645 -0.000740  -0.890211 -0.000018 -1.391952
4  11.479911 0.000229 -0.000885  1.225960 -0.603154 0.357879
5  3.859502 -0.142824 -1.192079  -0.573871 -0.316762 -1.795817
6  1.312591 0.000009 0.000007  -0.135121 -0.003384 -0.178728
7  0.729354 0.000055 0.000049  -0.006155 -0.010667 -0.248915
8  3.942140 0.046330 -0.431542  -0.497018 0.100803 -1.231861
9  1.539110 0.000083 0.000004  -0.000382 -0.119364 -0.902013
10  1.196330 0.000145 0.000028  0.012615 0.002795 -0.535714
11  3.883509 -0.047213 0.431351  -0.283712 0.421834 -0.633459
12  1.719573 -0.000029 0.000017  0.057360 -0.144594 -1.427911
13  1.209179 0.000089 0.000011  -0.003667 -0.003000 -0.405259
14  4.085234 -0.082653 1.151009  0.076971 0.573771 0.038997
15  1.719450 -0.000017 0.000029  0.015664 -0.064932 -0.867211
16  1.099675 0.000049 0.000006  -0.075642 0.030056 -1.536734
17  0.869860 -1.165528 1.469023  -1.184630 -0.527540 -0.152316
18  1.789820 -0.000003 -0.000018  0.000001 -0.000026 0.636398
19  1.207013 -0.000013 -0.000044  0.000006 -0.000006 -0.137935
20  5.740637 0.000389 -0.000702  -0.108229 0.000003 0.000064
21  11.480989 0.000223 -0.000831  -0.042733 -0.108608 0.037758
22  6.027524 -0.000330 0.000200  1.600190 -0.574767 1.534864
23  -0.000001 11.692100 -0.000007  -0.965049 -0.417379 -0.768316
24  0.000003 0.000008 0.000001  -0.021116 -0.000031 1.570738
25  -0.000000 -0.000012 0.000001  0.868960 0.000002 1.570712
26  -6.617934 -9.178503 0.826812  1.473120 1.855075 -0.198639
27  6.027513 -0.000259 -0.000221  1.520730 0.754736 -0.708481
28  11.691992 0.000161 0.000857  0.141449 0.000072 -1.836665
29  11.479355 -0.000861 0.000954  -1.142790 0.380466 0.885558
30  3.859437 -0.132758 1.193066  0.469647 -0.013262 -1.872395
31  1.312559 0.000026 -0.000001  0.024060 -0.138696 -0.550187
32  0.729344 0.000065 -0.000026  -0.166197 -0.081570 -0.714272
33  3.942046 0.050139 0.431001  0.225309 -0.086237 -1.592712
34  1.539096 0.000005 -0.000001  0.035254 -0.050373 -0.994350
35  1.196300 0.000078 -0.000003  -0.021521 0.002175 -0.839738
36  3.883414 -0.050472 -0.431084  0.184824 -0.271737 -1.204030
37  1.719563 -0.000085 -0.000005  0.022859 -0.107186 -1.509108
38  1.209198 0.000035 0.000012  0.000661 0.071072 -0.480462
39  3.859588 -0.149083 -1.331320  -0.104061 -0.070249 -0.272073
40  1.719415 -0.000098 -0.000035  -0.013177 0.003907 -1.203491
41  1.099674 0.000021 0.000007  -0.005887 -0.007993 -0.771205
42  0.805984 -0.359848 -1.318338  0.991670 0.166767 -0.799527
43  1.789780 -0.000008 -0.000043  0.000058 -0.002451 0.133098
44  1.206996 -0.000007 0.000005  0.000372 -0.000071 1.058780
45  5.740571 0.000079 0.000721  0.172460 -0.000014 0.000028
46  11.480814 -0.000098 0.000936  0.056555 0.082971 0.145456
47  6.027515 -0.000273 -0.000230  -0.910498 -0.520836 -1.709520
48  -0.000000 11.691973 -0.000005  -1.227263 0.672038 0.920661
49  0.000002 -0.000002 0.000001  2.413977 -0.000036 1.570860
50  -0.000006 -0.000014 0.000005  2.272645 -0.000036 1.570861
51  -3.422328 -3.805365 -6.854754  -0.078012 -2.996716 1.465737
52  0.000000 -0.000000 0.000000  0.008153 -0.000259 0.000009
53  0.000000 -0.000000 0.000001  1.565115 0.043565 -0.106862
54  -0.363791 -15.867239 -5.623037  -0.755929 -0.139050 -1.950540
55  -0.000001 -0.000000 0.000000  0.000000 -0.000001 -0.000002
56  0.000029 0.000028 0.000002  -1.571901 -0.044449 -0.106509
57  5.185302 -16.056248 -16.646038  1.570796 -0.000000 0.000000
58  -15.417985 4.000748 -22.641926  1.570796 -0.000000 0.000000
59  2.236387 -0.189356 -5.037201  1.570796 -0.000000 0.000000
60  -0.004311 0.001230 -0.000371  0.006898 -0.005534 -0.284229
61  0.826810 10.209643 -4.879054  1.570796 -0.000000 0.000000
62  0.000000 0.000000 0.000000  -0.078727 -3.136056 0.284226
63  -2.240596 -3.247336 -0.249455  1.570796 -0.000000 0.000000
64  -2.287624 -8.249615 -1.349235  1.570796 0.000000 0.000000
65  0.002681 -3.204031 0.621196  0.000000 -0.000000 0.000000
66  0.048105 -1.112260 5.803837  0.000000 -0.000000 0.000000
67  -1.184782 0.539746 -0.284904  0.000000 -0.000000 0.000000
68  0.047884 -1.610073 21.020466  0.000000 -0.000000 0.000000
69  0.047881 -3.319714 2.472855  0.000000 -0.000000 0.000000
70  0.172180 -2.040368 3.568007  0.000000 -0.000000 0.000000
71  0.654947 -2.537531 2.477230  0.000000 -0.000000 0.000000
72  -2.285144 -12.956001 -5.446409  1.570796 0.000000 0.000000
73  0.017809 1.799356 -0.402361  0.000000 -0.000000 0.000000
74  -2.285144 -12.956001 -5.446409  1.570796 0.000000 0.000000
75  0.031323 2.100358 -1.138380  0.000000 -0.000000 0.000000
76  -0.024051 1.849582 -1.138377  0.000000 -0.000000 0.000000
time 5
0  0.000006 0.000000 0.000000  -1.570800 -1.391899 -1.570792
1  -4.921969 1.082092 2.232071  -1.544956 -1.855077 -0.198630
2  6.027524 -0.000323 0.000190  -0.747182 -0.995446 -1.552695
3  11.692107 0.000645 -0.000740  -0.890211 -0.000018 -1.391952
4  11.479911 0.000229 -0.000885  1.225960 -0.603154 0.357879
5  3.859502 -0.142824 -1.192079  -0.573871 -0.316762 -1.795817
6  1.312591 0.000009 0.000007  -0.135121 -0.003384 -0.178728
7  0.729354 0.000055 0.000049  -0.006155 -0.010667 -0.248915
8  3.942140 0.046330 -0.431542  -0.497018 0.100803 -1.231861
9  1.539110 0.000083 0.000004  -0.000382 -0.119364 -0.902013
10  1.196330 0.000145 0.000028  0.012615 0.002795 -0.535714
11  3.883509 -0.047213 0.431351  -0.283712 0.421834 -0.633459
12  1.719573 -0.000029 0.000017  0.057360 -0.144594 -1.427911
13  1.209179 0.000089 0.000011  -0.003667 -0.003000 -0.405259
14  4.085234 -0.082653 1.151009  0.076971 0.573771 0.038997
15  1.719450 -0.000017 0.000029  0.015664 -0.064932 -0.867211
16  1.099675 0.000049 0.000006  -0.075642 0.030056 -1.536734
17  0.869860 -1.165528 1.469023  -1.184630 -0.527540 -0.152316
18  1.789820 -0.000003 -0.000018  0.000001 -0.000026 0.636398
19  1.207013 -0.000013 -0.000044  0.000006 -0.000006 -0.137935
20  5.740637 0.000389 -0.000702  -0.108229 0.000003 0.000064
21  11.480989 0.000223 -0.000831  -0.042733 -0.108608 0.037758
22  6.027524 -0.000330 0.000200  1.600190 -0.574767 1.534864
23  -0.000001 11.692100 -0.000007  -0.965049 -0.417379 -0.768316
24  0.000003 0.000008 0.000001  -0.021116 -0.000031 1.570738
25  -0.000000 -0.000012 0.000001  0.868960 0.000002 1.570712
26  -6.617934 -9.178503 0.826812  1.473120 1.855075 -0.198639
27  6.027513 -0.000259 -0.000221  1.520730 0.754736 -0.708481
28  11.691992 0.000161 0.000857  0.141449 0.000072 -1.836665
29  11.479355 -0.000861 0.000954  -1.142790 0.380466 0.885558
30  3.859437 -0.132758 1.193066  0.469647 -0.013262 -1.872395
31  1.312559 0.000026 -0.000001  0.024060 -0.138696 -0.550187
32  0.729344 0.000065 -0.000026  -0.166197 -0.081570 -0.714272
33  3.942046 0.050139 0.431001  0.225309 -0.086237 -1.592712
34  1.539096 0.000005 -0.000001  0.035254 -0.050373 -0.994350
35  1.196300 0.000078 -0.000003  -0.021521 0.002175 -0.839738
36  3.883414 -0.050472 -0.431084  0.184824 -0.271737 -1.204030
37  1.719563 -0.000085 -0.000005  0.022859 -0.107186 -1.509108
38  1.209198 0.000035 0.000012  0.000661 0.071072 -0.480462
39  3.859588 -0.149083 -1.331320  -0.104061 -0.070249 -0.272073
40  1.719415 -0.000098 -0.000035  -0.013177 0.003907 -1.203491
41  1.099674 0.000021 0.000007  -0.005887 -0.007993 -0.771205
42  0.805984 -0.359848 -1.318338  0.991670 0.166767 -0.799527
43  1.789780 -0.000008 -0.000043  0.000058 -0.002451 0.133098
44  1.206996 -0.000007 0.000005  0.000372 -0.000071 1.058780
45  5.740571 0.000079 0.000721  0.172460 -0.000014 0.000028
46  11.480814 -0.000098 0.000936  0.056555 0.082971 0.145456
47  6.027515 -0.000273 -0.000230  -0.910498 -0.520836 -1.709520
48  -0.000000 11.691973 -0.000005  -1.227263 0.672038 0.920661
49  0.000002 -0.000002 0.000001  2.413977 -0.000036 1.570860
50  -0.000006 -0.000014 0.000005  2.272645 -0.000036 1.570861
51  -3.422328 -3.805365 -6.854754  -0.078012 -2.996716 1.465737
52  0.000000 -0.000000 0.000000  0.008153 -0.000259 0.000009
53  0.000000 -0.000000 0.000001  1.565115 0.043565 -0.106862
54  -0.363791 -15.867239 -5.623037  -0.755929 -0.139050 -1.950540
55  -0.000001 -0.000000 0.000000  0.000000 -0.000001 -0.000002
56  0.000029 0.000028 0.000002  -1.571901 -0.044449 -0.106509
57  5.185302 -16.056248 -16.646038  1.570796 -0.000000 0.000000
58  -15.417985 4.000748 -22.641926  1.570796 -0.000000 0.000000
59  2.236387 -0.189356 -5.037201  1.570796 -0.000000 0.000000
60  -0.004311 0.001230 -0.000371  0.006898 -0.005534 -0.284229
61  0.826810 10.209643 -4.879054  1.570796 -0.000000 0.000000
62  0.000000 0.000000 0.000000  -0.078727 -3.136056 0.284226
63  -2.240596 -3.247336 -0.249455  1.570796 -0.000000 0.000000
64  -2.287624 -8.249615 -1.349235  1.570796 0.000000 0.000000
65  0.002681 -3.204031 0.621196  0.000000 -0.000000 0.000000
66  0.048105 -1.112260 5.803837  0.000000 -0.000000 0.000000
67  -1.184782 0.539746 -0.284904  0.000000 -0.000000 0.000000
68  0.047884 -1.610073 21.020466  0.000000 -0.000000 0.000000
69  0.047881 -3.319714 2.472855  0.000000 -0.000000 0.000000
70  0.172180 -2.040368 3.568007  0.000000 -0.000000 0.000000
71  0.654947 -2.537531 2.477230  0.000000 -0.000000 0.000000
72  -2.285144 -12.956001 -5.446409  1.570796 0.000000 0.000000
73  0.017809 1.799356 -0.402361  0.000000 -0.000000 0.000000
74  -2.285144 -12.956001 -5.446409  1.570796 0.000000 0.000000
75  0.031323 2.100358 -1.138380  0.000000 -0.000000 0.000000
76  -0.024051 1.849582 -1.138377  0.000000 -0.000000 0.000000
time 6
0  0.000006 0.000000 0.000000  -1.570800 -1.391899 -1.570792
1  -4.921969 1.082092 2.232071  -1.544956 -1.855077 -0.198630
2  6.027524 -0.000323 0.000190  -0.747182 -0.995446 -1.552695
3  11.692107 0.000645 -0.000740  -0.890211 -0.000018 -1.391952
4  11.479911 0.000229 -0.000885  1.225960 -0.603154 0.357879
5  3.859502 -0.142824 -1.192079  -0.573871 -0.316762 -1.795817
6  1.312591 0.000009 0.000007  -0.135121 -0.003384 -0.178728
7  0.729354 0.000055 0.000049  -0.006155 -0.010667 -0.248915
8  3.942140 0.046330 -0.431542  -0.497018 0.100803 -1.231861
9  1.539110 0.000083 0.000004  -0.000382 -0.119364 -0.902013
10  1.196330 0.000145 0.000028  0.012615 0.002795 -0.535714
11  3.883509 -0.047213 0.431351  -0.283712 0.421834 -0.633459
12  1.719573 -0.000029 0.000017  0.057360 -0.144594 -1.427911
13  1.209179 0.000089 0.000011  -0.003667 -0.003000 -0.405259
14  4.085234 -0.082653 1.151009  0.076971 0.573771 0.038997
15  1.719450 -0.000017 0.000029  0.015664 -0.064932 -0.867211
16  1.099675 0.000049 0.000006  -0.075642 0.030056 -1.536734
17  0.869860 -1.165528 1.469023  -1.184630 -0.527540 -0.152316
18  1.789820 -0.000003 -0.000018  0.000001 -0.000026 0.636398
19  1.207013 -0.000013 -0.000044  0.000006 -0.000006 -0.137935
20  5.740637 0.000389 -0.000702  -0.108229 0.000003 0.000064
21  11.480989 0.000223 -0.000831  -0.042733 -0.108608 0.037758
22  6.027524 -0.000330 0.000200  1.600190 -0.574767 1.534864
23  -0.000001 11.692100 -0.000007  -0.965049 -0.417379 -0.768316
24  0.000003 0.000008 0.000001  -0.021116 -0.000031 1.570738
25  -0.000000 -0.000012 0.000001  0.868960 0.000002 1.570712
26  -6.617934 -9.178503 0.826812  1.473120 1.855075 -0.198639
27  6.027513 -0.000259 -0.000221  1.520730 0.754736 -0.708481
28  11.691992 0.000161 0.000857  0.141449 0.000072 -1.836665
29  11.479355 -0.000861 0.000954  -1.142790 0.380466 0.885558
30  3.859437 -0.132758 1.193066  0.469647 -0.013262 -1.872395
31  1.312559 0.000026 -0.000001  0.024060 -0.138696 -0.550187
32  0.729344 0.000065 -0.000026  -0.166197 -0.081570 -0.714272
33  3.942046 0.050139 0.431001  0.225309 -0.086237 -1.592712
34  1.539096 0.000005 -0.000001  0.035254 -0.050373 -0.994350
35  1.196300 0.000078 -0.000003  -0.021521 0.002175 -0.839738
36  3.883414 -0.050472 -0.431084  0.184824 -0.271737 -1.204030
37  1.719563 -0.000085 -0.000005  0.022859 -0.107186 -1.509108
38  1.209198 0.000035 0.000012  0.000661 0.071072 -0.480462
39  3.859588 -0.149083 -1.331320  -0.104061 -0.070249 -0.272073
40  1.719415 -0.000098 -0.000035  -0.013177 0.003907 -1.203491
41  1.099674 0.000021 0.000007  -0.005887 -0.007993 -0.771205
42  0.805984 -0.359848 -1.318338  0.991670 0.166767 -0.799527
43  1.789780 -0.000008 -0.000043  0.000058 -0.002451 0.133098
44  1.206996 -0.000007 0.000005  0.000372 -0.000071 1.058780
45  5.740571 0.000079 0.000721  0.172460 -0.000014 0.000028
46  11.480814 -0.000098 0.000936  0.056555 0.082971 0.145456
47  6.027515 -0.000273 -0.000230  -0.910498 -0.520836 -1.709520
48  -0.000000 11.691973 -0.000005  -1.227263 0.672038 0.920661
49  0.000002 -0.000002 0.000001  2.413977 -0.000036 1.570860
50  -0.000006 -0.000014 0.000005  2.272645 -0.000036 1.570861
51  -3.422328 -3.805365 -6.854754  -0.078012 -2.996716 1.465737
52  0.000000 -0.000000 0.000000  0.008153 -0.000259 0.000009
53  0.000000 -0.000000 0.000001  1.565115 0.043565 -0.106862
54  -0.363791 -15.867239 -5.623037  -0.755929 -0.139050 -1.950540
55  -0.000001 -0.000000 0.000000  0.000000 -0.000001 -0.000002
56  0.000029 0.000028 0.000002  -1.571901 -0.044449 -0.106509
57  5.185302 -16.056248 -16.646038  1.570796 -0.000000 0.000000
58  -15.417985 4.000748 -22.641926  1.570796 -0.000000 0.000000
59  2.236387 -0.189356 -5.037201  1.570796 -0.000000 0.000000
60  -0.004311 0.001230 -0.000371  0.006898 -0.005534 -0.284229
61  0.826810 10.209643 -4.879054  1.570796 -0.000000 0.000000
62  0.000000 0.000000 0.000000  -0.078727 -3.136056 0.284226
63  -2.240596 -3.247336 -0.249455  1.570796 -0.000000 0.000000
64  -2.287624 -8.249615 -1.349235  1.570796 0.000000 0.000000
65  0.002681 -3.204031 0.621196  0.000000 -0.000000 0.000000
66  0.048105 -1.112260 5.803837  0.000000 -0.000000 0.000000
67  -1.184782 0.539746 -0.284904  0.000000 -0.000000 0.000000
68  0.047884 -1.610073 21.020466  0.000000 -0.000000 0.000000
69  0.047881 -3.319714 2.472855  0.000000 -0.000000 0.000000
70  0.172180 -2.040368 3.568007  0.000000 -0.000000 0.000000
71  0.654947 -2.537531 2.477230  0.000000 -0.000000 0.000000
72  -2.285144 -12.956001 -5.446409  1.570796 0.000000 0.000000
73  0.017809 1.799356 -0.402361  0.000000 -0.000000 0.000000
74  -2.285144 -12.956001 -5.446409  1.570796 0.000000 0.000000
75  0.031323 2.100358 -1.138380  0.000000 -0.000000 0.000000
76  -0.024051 1.849582 -1.138377  0.000000 -0.000000 0.000000
time 7
0  0.000006 0.000000 0.000000  -1.570800 -1.391899 -1.570792
1  -4.921969 1.082092 2.232071  -1.544956 -1.855077 -0.198630
2  6.027524 -0.000323 0.000190  -0.747182 -0.995446 -1.552695
3  11.692107 0.000645 -0.000740  -0.890211 -0.000018 -1.391952
4  11.479911 0.000229 -0.000885  1.225960 -0.603154 0.357879
5  3.859502 -0.142824 -1.192079  -0.573871 -0.316762 -1.795817
6  1.312591 0.000009 0.000007  -0.135121 -0.003384 -0.178728
7  0.729354 0.000055 0.000049  -0.006155 -0.010667 -0.248915
8  3.942140 0.046330 -0.431542  -0.497018 0.100803 -1.231861
9  1.539110 0.000083 0.000004  -0.000382 -0.119364 -0.902013
10  1.196330 0.000145 0.000028  0.012615 0.002795 -0.535714
11  3.883509 -0.047213 0.431351  -0.283712 0.421834 -0.633459
12  1.719573 -0.000029 0.000017  0.057360 -0.144594 -1.427911
13  1.209179 0.000089 0.000011  -0.003667 -0.003000 -0.405259
14  4.085234 -0.082653 1.151009  0.076971 0.573771 0.038997
15  1.719450 -0.000017 0.000029  0.015664 -0.064932 -0.867211
16  1.099675 0.000049 0.000006  -0.075642 0.030056 -1.536734
17  0.869860 -1.165528 1.469023  -1.184630 -0.527540 -0.152316
18  1.789820 -0.000003 -0.000018  0.000001 -0.000026 0.636398
19  1.207013 -0.000013 -0.000044  0.000006 -0.000006 -0.137935
20  5.740637 0.000389 -0.000702  -0.108229 0.000003 0.000064
21  11.480989 0.000223 -0.000831  -0.042733 -0.108608 0.037758
22  6.027524 -0.000330 0.000200  1.600190 -0.574767 1.534864
23  -0.000001 11.692100 -0.000007  -0.965049 -0.417379 -0.768316
24  0.000003 0.000008 0.000001  -0.021116 -0.000031 1.570738
25  -0.000000 -0.000012 0.000001  0.868960 0.000002 1.570712
26  -6.617934 -9.178503 0.826812  1.473120 1.855075 -0.198639
27  6.027513 -0.000259 -0.000221  1.520730 0.754736 -0.708481
28  11.691992 0.000161 0.000857  0.141449 0.000072 -1.836665
29  11.479355 -0.000861 0.000954  -1.142790 0.380466 0.885558
30  3.859437 -0.132758 1.193066  0.469647 -0.013262 -1.872395
31  1.312559 0.000026 -0.000001  0.024060 -0.138696 -0.550187
32  0.729344 0.000065 -0.000026  -0.166197 -0.081570 -0.714272
33  3.942046 0.050139 0.431001  0.225309 -0.086237 -1.592712
34  1.539096 0.000005 -0.000001  0.035254 -0.050373 -0.994350
35  1.196300 0.000078 -0.000003  -0.021521 0.002175 -0.839738
36  3.883414 -0.050472 -0.431084  0.184824 -0.271737 -1.204030
37  1.719563 -0.000085 -0.000005  0.022859 -0.107186 -1.509108
38  1.209198 0.000035 0.000012  0.000661 0.071072 -0.480462
39  3.859588 -0.149083 -1.331320  -0.104061 -0.070249 -0.272073
40  1.719415 -0.000098 -0.000035  -0.013177 0.003907 -1.203491
41  1.099674 0.000021 0.000007  -0.005887 -0.007993 -0.771205
42  0.805984 -0.359848 -1.318338  0.991670 0.166767 -0.799527
43  1.789780 -0.000008 -0.000043  0.000058 -0.002451 0.133098
44  1.206996 -0.000007 0.000005  0.000372 -0.000071 1.058780
45  5.740571 0.000079 0.000721  0.172460 -0.000014 0.000028
46  11.480814 -0.000098 0.000936  0.056555 0.082971 0.145456
47  6.027515 -0.000273 -0.000230  -0.910498 -0.520836 -1.709520
48  -0.000000 11.691973 -0.000005  -1.227263 0.672038 0.920661
49  0.000002 -0.000002 0.000001  2.413977 -0.000036 1.570860
50  -0.000006 -0.000014 0.000005  2.272645 -0.000036 1.570861
51  -3.422328 -3.805365 -6.854754  -0.078012 -2.996716 1.465737
52  0.000000 -0.000000 0.000000  0.008153 -0.000259 0.000009
53  0.000000 -0.000000 0.000001  1.565115 0.043565 -0.106862
54  -0.363791 -15.867239 -5.623037  -0.755929 -0.139050 -1.950540
55  -0.000001 -0.000000 0.000000  0.000000 -0.000001 -0.000002
56  0.000029 0.000028 0.000002  -1.571901 -0.044449 -0.106509
57  5.185302 -16.056248 -16.646038  1.570796 -0.000000 0.000000
58  -15.417985 4.000748 -22.641926  1.570796 -0.000000 0.000000
59  2.236387 -0.189356 -5.037201  1.570796 -0.000000 0.000000
60  -0.004311 0.001230 -0.000371  0.006898 -0.005534 -0.284229
61  0.826810 10.209643 -4.879054  1.570796 -0.000000 0.000000
62  0.000000 0.000000 0.000000  -0.078727 -3.136056 0.284226
63  -2.240596 -3.247336 -0.249455  1.570796 -0.000000 0.000000
64  -2.287624 -8.249615 -1.349235  1.570796 0.000000 0.000000
65  0.002681 -3.204031 0.621196  0.000000 -0.000000 0.000000
66  0.048105 -1.112260 5.803837  0.000000 -0.000000 0.000000
67  -1.184782 0.539746 -0.284904  0.000000 -0.000000 0.000000
68  0.047884 -1.610073 21.020466  0.000000 -0.000000 0.000000
69  0.047881 -3.319714 2.472855  0.000000 -0.000000 0.000000
70  0.172180 -2.040368 3.568007  0.000000 -0.000000 0.000000
71  0.654947 -2.537531 2.477230  0.000000 -0.000000 0.000000
72  -2.285144 -12.956001 -5.446409  1.570796 0.000000 0.000000
73  0.017809 1.799356 -0.402361  0.000000 -0.000000 0.000000
74  -2.285144 -12.956001 -5.446409  1.570796 0.000000 0.000000
75  0.031323 2.100358 -1.138380  0.000000 -0.000000 0.000000
76  -0.024051 1.849582 -1.138377  0.000000 -0.000000 0.000000
time 8
0  0.000006 0.000000 0.000000  -1.570800 -1.391899 -1.570792
1  -4.921969 1.082092 2.232071  -1.544956 -1.855077 -0.198630
2  6.027524 -0.000323 0.000190  -0.747182 -0.995446 -1.552695
3  11.692107 0.000645 -0.000740  -0.890211 -0.000018 -1.391952
4  11.479911 0.000229 -0.000885  1.225960 -0.603154 0.357879
5  3.859502 -0.142824 -1.192079  -0.573871 -0.316762 -1.795817
6  1.312591 0.000009 0.000007  -0.135121 -0.003384 -0.178728
7  0.729354 0.000055 0.000049  -0.006155 -0.010667 -0.248915
8  3.942140 0.046330 -0.431542  -0.497018 0.100803 -1.231861
9  1.539110 0.000083 0.000004  -0.000382 -0.119364 -0.902013
10  1.196330 0.000145 0.000028  0.012615 0.002795 -0.535714
11  3.883509 -0.047213 0.431351  -0.283712 0.421834 -0.633459
12  1.719573 -0.000029 0.000017  0.057360 -0.144594 -1.427911
13  1.209179 0.000089 0.000011  -0.003667 -0.003000 -0.405259
14  4.085234 -0.082653 1.151009  0.076971 0.573771 0.038997
15  1.719450 -0.000017 0.000029  0.015664 -0.064932 -0.867211
16  1.099675 0.000049 0.000006  -0.075642 0.030056 -1.536734
17  0.869860 -1.165528 1.469023  -1.184630 -0.527540 -0.152316
18  1.789820 -0.000003 -0.000018  0.000001 -0.000026 0.636398
19  1.207013 -0.000013 -0.000044  0.000006 -0.000006 -0.137935
20  5.740637 0.000389 -0.000702  -0.108229 0.000003 0.000064
21  11.480989 0.000223 -0.000831  -0.042733 -0.108608 0.037758
22  6.027524 -0.000330 0.000200  1.600190 -0.574767 1.534864
23  -0.000001 11.692100 -0.000007  -0.965049 -0.417379 -0.768316
24  0.000003 0.000008 0.000001  -0.021116 -0.000031 1.570738
25  -0.000000 -0.000012 0.000001  0.868960 0.000002 1.570712
26  -6.617934 -9.178503 0.826812  1.473120 1.855075 -0.198639
27  6.027513 -0.000259 -0.000221  1.520730 0.754736 -0.708481
28  11.691992 0.000161 0.000857  0.141449 0.000072 -1.836665
29  11.479355 -0.000861 0.000954  -1.142790 0.380466 0.885558
30  3.859437 -0.132758 1.193066  0.469647 -0.013262 -1.872395
31  1.312559 0.000026 -0.000001  0.024060 -0.138696 -0.550187
32  0.729344 0.000065 -0.000026  -0.166197 -0.081570 -0.714272
33  3.942046 0.050139 0.431001  0.225309 -0.086237 -1.592712
34  1.539096 0.000005 -0.000001  0.035254 -0.050373 -0.994350
35  1.196300 0.000078 -0.000003  -0.021521 0.002175 -0.839738
36  3.883414 -0.050472 -0.431084  0.184824 -0.271737 -1.204030
37  1.719563 -0.000085 -0.000005  0.022859 -0.107186 -1.509108
38  1.209198 0.000035 0.000012  0.000661 0.071072 -0.480462
39  3.859588 -0.149083 -1.331320  -0.104061 -0.070249 -0.272073
40  1.719415 -0.000098 -0.000035  -0.013177 0.003907 -1.203491
41  1.099674 0.000021 0.000007  -0.005887 -0.007993 -0.771205
42  0.805984 -0.359848 -1.318338  0.991670 0.166767 -0.799527
43  1.789780 -0.000008 -0.000043  0.000058 -0.002451 0.133098
44  1.206996 -0.000007 0.000005  0.000372 -0.000071 1.058780
45  5.740571 0.000079 0.000721  0.172460 -0.000014 0.000028
46  11.480814 -0.000098 0.000936  0.056555 0.082971 0.145456
47  6.027515 -0.000273 -0.000230  -0.910498 -0.520836 -1.709520
48  -0.000000 11.691973 -0.000005  -1.227263 0.672038 0.920661
49  0.000002 -0.000002 0.000001  2.413977 -0.000036 1.570860
50  -0.000006 -0.000014 0.000005  2.272645 -0.000036 1.570861
51  -3.422328 -3.805365 -6.854754  -0.078012 -2.996716 1.465737
52  0.000000 -0.000000 0.000000  0.008153 -0.000259 0.000009
53  0.000000 -0.000000 0.000001  1.565115 0.043565 -0.106862
54  -0.363791 -15.867239 -5.623037  -0.755929 -0.139050 -1.950540
55  -0.000001 -0.000000 0.000000  0.000000 -0.000001 -0.000002
56  0.000029 0.000028 0.000002  -1.571901 -0.044449 -0.106509
57  5.185302 -16.056248 -16.646038  1.570796 -0.000000 0.000000
58  -15.417985 4.000748 -22.641926  1.570796 -0.000000 0.000000
59  2.236387 -0.189356 -5.037201  1.570796 -0.000000 0.000000
60  -0.004311 0.001230 -0.000371  0.006898 -0.005534 -0.284229
61  0.826810 10.209643 -4.879054  1.570796 -0.000000 0.000000
62  0.000000 0.000000 0.000000  -0.078727 -3.136056 0.284226
63  -2.240596 -3.247336 -0.249455  1.570796 -0.000000 0.000000
64  -2.287624 -8.249615 -1.349235  1.570796 0.000000 0.000000
65  0.002681 -3.204031 0.621196  0.000000 -0.000000 0.000000
66  0.048105 -1.112260 5.803837  0.000000 -0.000000 0.000000
67  -1.184782 0.539746 -0.284904  0.000000 -0.000000 0.000000
68  0.047884 -1.610073 21.020466  0.000000 -0.000000 0.000000
69  0.047881 -3.319714 2.472855  0.000000 -0.000000 0.000000
70  0.172180 -2.040368 3.568007  0.000000 -0.000000 0.000000
71  0.654947 -2.537531 2.477230  0.000000 -0.000000 0.000000
72  -2.285144 -12.956001 -5.446409  1.570796 0.000000 0.000000
73  0.017809 1.799356 -0.402361  0.000000 -0.000000 0.000000
74  -2.285144 -12.956001 -5.446409  1.570796 0.000000 0.000000
75  0.031323 2.100358 -1.138380  0.000000 -0.000000 0.000000
76  -0.024051 1.849582 -1.138377  0.000000 -0.000000 0.000000
time 9
0  0.000006 0.000000 0.000000  -1.570800 -1.391899 -1.570792
1  -4.921969 1.082092 2.232071  -1.544956 -1.855077 -0.198630
2  6.027524 -0.000323 0.000190  -0.747182 -0.995446 -1.552695
3  11.692107 0.000645 -0.000740  -0.890211 -0.000018 -1.391952
4  11.479911 0.000229 -0.000885  1.225960 -0.603154 0.357879
5  3.859502 -0.142824 -1.192079  -0.573871 -0.316762 -1.795817
6  1.312591 0.000009 0.000007  -0.135121 -0.003384 -0.178728
7  0.729354 0.000055 0.000049  -0.006155 -0.010667 -0.248915
8  3.942140 0.046330 -0.431542  -0.497018 0.100803 -1.231861
9  1.539110 0.000083 0.000004  -0.000382 -0.119364 -0.902013
10  1.196330 0.000145 0.000028  0.012615 0.002795 -0.535714
11  3.883509 -0.047213 0.431351  -0.283712 0.421834 -0.633459
12  1.719573 -0.000029 0.000017  0.057360 -0.144594 -1.427911
13  1.209179 0.000089 0.000011  -0.003667 -0.003000 -0.405259
14  4.085234 -0.082653 1.151009  0.076971 0.573771 0.038997
15  1.719450 -0.000017 0.000029  0.015664 -0.064932 -0.867211
16  1.099675 0.000049 0.000006  -0.075642 0.030056 -1.536734
17  0.869860 -1.165528 1.469023  -1.184630 -0.527540 -0.152316
18  1.789820 -0.000003 -0.000018  0.000001 -0.000026 0.636398
19  1.207013 -0.000013 -0.000044  0.000006 -0.000006 -0.137935
20  5.740637 0.000389 -0.000702  -0.108229 0.000003 0.000064
21  11.480989 0.000223 -0.000831  -0.042733 -0.108608 0.037758
22  6.027524 -0.000330 0.000200  1.600190 -0.574767 1.534864
23  -0.000001 11.692100 -0.000007  -0.965049 -0.417379 -0.768316
24  0.000003 0.000008 0.000001  -0.021116 -0.000031 1.570738
25  -0.000000 -0.000012 0.000001  0.868960 0.000002 1.570712
26  -6.617934 -9.178503 0.826812  1.473120 1.855075 -0.198639
27  6.027513 -0.000259 -0.000221  1.520730 0.754736 -0.708481
28  11.691992 0.000161 0.000857  0.141449 0.000072 -1.836665
29  11.479355 -0.000861 0.000954  -1.142790 0.380466 0.885558
30  3.859437 -0.132758 1.193066  0.469647 -0.013262 -1.872395
31  1.312559 0.000026 -0.000001  0.024060 -0.138696 -0.550187
32  0.729344 0.000065 -0.000026  -0.166197 -0.081570 -0.714272
33  3.942046 0.050139 0.431001  0.225309 -0.086237 -1.592712
34  1.539096 0.000005 -0.000001  0.035254 -0.050373 -0.994350
35  1.196300 0.000078 -0.000003  -0.021521 0.002175 -0.839738
36  3.883414 -0.050472 -0.431084  0.184824 -0.271737 -1.204030
37  1.719563 -0.000085 -0.000005  0.022859 -0.107186 -1.509108
38  1.209198 0.000035 0.000012  0.000661 0.071072 -0.480462
39  3.859588 -0.149083 -1.331320  -0.104061 -0.070249 -0.272073
40  1.719415 -0.000098 -0.000035  -0.013177 0.003907 -1.203491
41  1.099674 0.000021 0.000007  -0.005887 -0.007993 -0.771205
42  0.805984 -0.359848 -1.318338  0.991670 0.166767 -0.799527
43  1.789780 -0.000008 -0.000043  0.000058 -0.002451 0.133098
44  1.206996 -0.000007 0.000005  0.000372 -0.000071 1.058780
45  5.740571 0.000079 0.000721  0.172460 -0.000014 0.000028
46  11.480814 -0.000098 0.000936  0.056555 0.082971 0.145456
47  6.027515 -0.000273 -0.000230  -0.910498 -0.520836 -1.709520
48  -0.000000 11.691973 -0.000005  -1.227263 0.672038 0.920661
49  0.000002 -0.000002 0.000001  2.413977 -0.000036 1.570860
50  -0.000006 -0.000014 0.000005  2.272645 -0.000036 1.570861
51  -3.422328 -3.805365 -6.854754  -0.078012 -2.996716 1.465737
52  0.000000 -0.000000 0.000000  0.008153 -0.000259 0.000009
53  0.000000 -0.000000 0.000001  1.565115 0.043565 -0.106862
54  -0.363791 -15.867239 -5.623037  -0.755929 -0.139050 -1.950540
55  -0.000001 -0.000000 0.000000  0.000000 -0.000001 -0.000002
56  0.000029 0.000028 0.000002  -1.571901 -0.044449 -0.106509
57  5.185302 -16.056248 -16.646038  1.570796 -0.000000 0.000000
58  -15.417985 4.000748 -22.641926  1.570796 -0.000000 0.000000
59  2.236387 -0.189356 -5.037201  1.570796 -0.000000 0.000000
60  -0.004311 0.001230 -0.000371  0.006898 -0.005534 -0.284229
61  0.826810 10.209643 -4.879054  1.570796 -0.000000 0.000000
62  0.000000 0.000000 0.000000  -0.078727 -3.136056 0.284226
63  -2.240596 -3.247336 -0.249455  1.570796 -0.000000 0.000000
64  -2.287624 -8.249615 -1.349235  1.570796 0.000000 0.000000
65  0.002681 -3.204031 0.621196  0.000000 -0.000000 0.000000
66  0.048105 -1.112260 5.803837  0.000000 -0.000000 0.000000
67  -1.184782 0.539746 -0.284904  0.000000 -0.000000 0.000000
68  0.047884 -1.610073 21.020466  0.000000 -0.000000 0.000000
69  0.047881 -3.319714 2.472855  0.000000 -0.000000 0.000000
70  0.172180 -2.040368 3.568007  0.000000 -0.000000 0.000000
71  0.654947 -2.537531 2.477230  0.000000 -0.000000 0.000000
72  -2.285144 -12.956001 -5.446409  1.570796 0.000000 0.000000
73  0.017809 1.799356 -0.402361  0.000000 -0.000000 0.000000
74  -2.285144 -12.956001 -5.446409  1.570796 0.000000 0.000000
75  0.031323 2.100358 -1.138380  0.000000 -0.000000 0.000000
76  -0.024051 1.849582 -1.138377  0.000000 -0.000000 0.000000
time 10
0  0.000006 0.000000 0.000000  -1.570800 -1.391899 -1.570792
1  -4.921969 1.082092 2.232071  -1.544956 -1.855077 -0.198630
2  6.027524 -0.000323 0.000190  -0.747182 -0.995446 -1.552695
3  11.692107 0.000645 -0.000740  -0.890211 -0.000018 -1.391952
4  11.479911 0.000229 -0.000885  1.225960 -0.603154 0.357879
5  3.859502 -0.142824 -1.192079  -0.573871 -0.316762 -1.795817
6  1.312591 0.000009 0.000007  -0.135121 -0.003384 -0.178728
7  0.729354 0.000055 0.000049  -0.006155 -0.010667 -0.248915
8  3.942140 0.046330 -0.431542  -0.497018 0.100803 -1.231861
9  1.539110 0.000083 0.000004  -0.000382 -0.119364 -0.902013
10  1.196330 0.000145 0.000028  0.012615 0.002795 -0.535714
11  3.883509 -0.047213 0.431351  -0.283712 0.421834 -0.633459
12  1.719573 -0.000029 0.000017  0.057360 -0.144594 -1.427911
13  1.209179 0.000089 0.000011  -0.003667 -0.003000 -0.405259
14  4.085234 -0.082653 1.151009  0.076971 0.573771 0.038997
15  1.719450 -0.000017 0.000029  0.015664 -0.064932 -0.867211
16  1.099675 0.000049 0.000006  -0.075642 0.030056 -1.536734
17  0.869860 -1.165528 1.469023  -1.184630 -0.527540 -0.152316
18  1.789820 -0.000003 -0.000018  0.000001 -0.000026 0.636398
19  1.207013 -0.000013 -0.000044  0.000006 -0.000006 -0.137935
20  5.740637 0.000389 -0.000702  -0.108229 0.000003 0.000064
21  11.480989 0.000223 -0.000831  -0.042733 -0.108608 0.037758
22  6.027524 -0.000330 0.000200  1.600190 -0.574767 1.534864
23  -0.000001 11.692100 -0.000007  -0.965049 -0.417379 -0.768316
24  0.000003 0.000008 0.000001  -0.021116 -0.000031 1.570738
25  -0.000000 -0.000012 0.000001  0.868960 0.000002 1.570712
26  -6.617934 -9.178503 0.826812  1.473120 1.855075 -0.198639
27  6.027513 -0.000259 -0.000221  1.520730 0.754736 -0.708481
28  11.691992 0.000161 0.000857  0.141449 0.000072 -1.836665
29  11.479355 -0.000861 0.000954  -1.142790 0.380466 0.885558
30  3.859437 -0.132758 1.193066  0.469647 -0.013262 -1.872395
31  1.312559 0.000026 -0.000001  0.024060 -0.138696 -0.550187
32  0.729344 0.000065 -0.000026  -0.166197 -0.081570 -0.714272
33  3.942046 0.050139 0.431001  0.225309 -0.086237 -1.592712
34  1.539096 0.000005 -0.000001  0.035254 -0.050373 -0.994350
35  1.196300 0.000078 -0.000003  -0.021521 0.002175 -0.839738
36  3.883414 -0.050472 -0.431084  0.184824 -0.271737 -1.204030
37  1.719563 -0.000085 -0.000005  0.022859 -0.107186 -1.509108
38  1.209198 0.000035 0.000012  0.000661 0.071072 -0.480462
39  3.859588 -0.149083 -1.331320  -0.104061 -0.070249 -0.272073
40  1.719415 -0.000098 -0.000035  -0.013177 0.003907 -1.203491
41  1.099674 0.000021 0.000007  -0.005887 -0.007993 -0.771205
42  0.805984 -0.359848 -1.318338  0.991670 0.166767 -0.799527
43  1.789780 -0.000008 -0.000043  0.000058 -0.002451 0.133098
44  1.206996 -0.000007 0.000005  0.000372 -0.000071 1.058780
45  5.740571 0.000079 0.000721  0.172460 -0.000014 0.000028
46  11.480814 -0.000098 0.000936  0.056555 0.082971 0.145456
47  6.027515 -0.000273 -0.000230  -0.910498 -0.520836 -1.709520
48  -0.000000 11.691973 -0.000005  -1.227263 0.672038 0.920661
49  0.000002 -0.000002 0.000001  2.413977 -0.000036 1.570860
50  -0.000006 -0.000014 0.000005  2.272645 -0.000036 1.570861
51  -3.422328 -3.805365 -6.854754  -0.078012 -2.996716 1.465737
52  0.000000 -0.000000 0.000000  0.008153 -0.000259 0.000009
53  0.000000 -0.000000 0.000001  1.565115 0.043565 -0.106862
54  -0.363791 -15.867239 -5.623037  -0.755929 -0.139050 -1.950540
55  -0.000001 -0.000000 0.000000  0.000000 -0.000001 -0.000002
56  0.000029 0.000028 0.000002  -1.571901 -0.044449 -0.106509
57  5.185302 -16.056248 -16.646038  1.570796 -0.000000 0.000000
58  -15.417985 4.000748 -22.641926  1.570796 -0.000000 0.000000
59  2.236387 -0.189356 -5.037201  1.570796 -0.000000 0.000000
60  -0.004311 0.001230 -0.000371  0.006898 -0.005534 -0.284229
61  0.826810 10.209643 -4.879054  1.570796 -0.000000 0.000000
62  0.000000 0.000000 0.000000  -0.078727 -3.136056 0.284226
63  -2.240596 -3.247336 -0.249455  1.570796 -0.000000 0.000000
64  -2.287624 -8.249615 -1.349235  1.570796 0.000000 0.000000
65  0.002681 -3.204031 0.621196  0.000000 -0.000000 0.000000
66  0.048105 -1.112260 5.803837  0.000000 -0.000000 0.000000
67  -1.184782 0.539746 -0.284904  0.000000 -0.000000 0.000000
68  0.047884 -1.610073 21.020466  0.000000 -0.000000 0.000000
69  0.047881 -3.319714 2.472855  0.000000 -0.000000 0.000000
70  0.172180 -2.040368 3.568007  0.000000 -0.000000 0.000000
71  0.654947 -2.537531 2.477230  0.000000 -0.000000 0.000000
72  -2.285144 -12.956001 -5.446409  1.570796 0.000000 0.000000
73  0.017809 1.799356 -0.402361  0.000000 -0.000000 0.000000
74  -2.285144 -12.956001 -5.446409  1.570796 0.000000 0.000000
75  0.031323 2.100358 -1.138380  0.000000 -0.000000 0.000000
76  -0.024051 1.849582 -1.138377  0.000000 -0.000000 0.000000
time 11
0  0.000006 0.000000 0.000000  -1.570800 -1.391899 -1.570792
1  -4.921969 1.082092 2.232071  -1.544956 -1.855077 -0.198630
2  6.027524 -0.000323 0.000190  -0.747182 -0.995446 -1.552695
3  11.692107 0.000645 -0.000740  -0.890211 -0.000018 -1.391952
4  11.479911 0.000229 -0.000885  1.225960 -0.603154 0.357879
5  3.859502 -0.142824 -1.192079  -0.573871 -0.316762 -1.795817
6  1.312591 0.000009 0.000007  -0.135121 -0.003384 -0.178728
7  0.729354 0.000055 0.000049  -0.006155 -0.010667 -0.248915
8  3.942140 0.046330 -0.431542  -0.497018 0.100803 -1.231861
9  1.539110 0.000083 0.000004  -0.000382 -0.119364 -0.902013
10  1.196330 0.000145 0.000028  0.012615 0.002795 -0.535714
11  3.883509 -0.047213 0.431351  -0.283712 0.421834 -0.633459
12  1.719573 -0.000029 0.000017  0.057360 -0.144594 -1.427911
13  1.209179 0.000089 0.000011  -0.003667 -0.003000 -0.405259
14  4.085234 -0.082653 1.151009  0.076971 0.573771 0.038997
15  1.719450 -0.000017 0.000029  0.015664 -0.064932 -0.867211
16  1.099675 0.000049 0.000006  -0.075642 0.030056 -1.536734
17  0.869860 -1.165528 1.469023  -1.184630 -0.527540 -0.152316
18  1.789820 -0.000003 -0.000018  0.000001 -0.000026 0.636398
19  1.207013 -0.000013 -0.000044  0.000006 -0.000006 -0.137935
20  5.740637 0.000389 -0.000702  -0.108229 0.000003 0.000064
21  11.480989 0.000223 -0.000831  -0.042733 -0.108608 0.037758
22  6.027524 -0.000330 0.000200  1.600190 -0.574767 1.534864
23  -0.000001 11.692100 -0.000007  -0.965049 -0.417379 -0.768316
24  0.000003 0.000008 0.000001  -0.021116 -0.000031 1.570738
25  -0.000000 -0.000012 0.000001  0.868960 0.000002 1.570712
26  -6.617934 -9.178503 0.826812  1.473120 1.855075 -0.198639
27  6.027513 -0.000259 -0.000221  1.520730 0.754736 -0.708481
28  11.691992 0.000161 0.000857  0.141449 0.000072 -1.836665
29  11.479355 -0.000861 0.000954  -1.142790 0.380466 0.885558
30  3.859437 -0.132758 1.193066  0.469647 -0.013262 -1.872395
31  1.312559 0.000026 -0.000001  0.024060 -0.138696 -0.550187
32  0.729344 0.000065 -0.000026  -0.166197 -0.081570 -0.714272
33  3.942046 0.050139 0.431001  0.225309 -0.086237 -1.592712
34  1.539096 0.000005 -0.000001  0.035254 -0.050373 -0.994350
35  1.196300 0.000078 -0.000003  -0.021521 0.002175 -0.839738
36  3.883414 -0.050472 -0.431084  0.184824 -0.271737 -1.204030
37  1.719563 -0.000085 -0.000005  0.022859 -0.107186 -1.509108
38  1.209198 0.000035 0.000012  0.000661 0.071072 -0.480462
39  3.859588 -0.149083 -1.331320  -0.104061 -0.070249 -0.272073
40  1.719415 -0.000098 -0.000035  -0.013177 0.003907 -1.203491
41  1.099674 0.000021 0.000007  -0.005887 -0.007993 -0.771205
42  0.805984 -0.359848 -1.318338  0.991670 0.166767 -0.799527
43  1.789780 -0.000008 -0.000043  0.000058 -0.002451 0.133098
44  1.206996 -0.000007 0.000005  0.000372 -0.000071 1.058780
45  5.740571 0.000079 0.000721  0.172460 -0.000014 0.000028
46  11.480814 -0.000098 0.000936  0.056555 0.082971 0.145456
47  6.027515 -0.000273 -0.000230  -0.910498 -0.520836 -1.709520
48  -0.000000 11.691973 -0.000005  -1.227263 0.672038 0.920661
49  0.000002 -0.000002 0.000001  2.413977 -0.000036 1.570860
50  -0.000006 -0.000014 0.000005  2.272645 -0.000036 1.570861
51  -3.422328 -3.805365 -6.854754  -0.078012 -2.996716 1.465737
52  0.000000 -0.000000 0.000000  0.008153 -0.000259 0.000009
53  0.000000 -0.000000 0.000001  1.565115 0.043565 -0.106862
54  -0.363791 -15.867239 -5.623037  -0.755929 -0.139050 -1.950540
55  -0.000001 -0.000000 0.000000  0.000000 -0.000001 -0.000002
56  0.000029 0.000028 0.000002  -1.571901 -0.044449 -0.106509
57  5.185302 -16.056248 -16.646038  1.570796 -0.000000 0.000000
58  -15.417985 4.000748 -22.641926  1.570796 -0.000000 0.000000
59  2.236387 -0.189356 -5.037201  1.570796 -0.000000 0.000000
60  -0.004311 0.001230 -0.000371  0.006898 -0.005534 -0.284229
61  0.826810 10.209643 -4.879054  1.570796 -0.000000 0.000000
62  0.000000 0.000000 0.000000  -0.078727 -3.136056 0.284226
63  -2.240596 -3.247336 -0.249455  1.570796 -0.000000 0.000000
64  -2.287624 -8.249615 -1.349235  1.570796 0.000000 0.000000
65  0.002681 -3.204031 0.621196  0.000000 -0.000000 0.000000
66  0.048105 -1.112260 5.803837  0.000000 -0.000000 0.000000
67  -1.184782 0.539746 -0.284904  0.000000 -0.000000 0.000000
68  0.047884 -1.610073 21.020466  0.000000 -0.000000 0.000000
69  0.047881 -3.319714 2.472855  0.000000 -0.000000 0.000000
70  0.172180 -2.040368 3.568007  0.000000 -0.000000 0.000000
71  0.654947 -2.537531 2.477230  0.000000 -0.000000 0.000000
72  -2.285144 -12.956001 -5.446409  1.570796 0.000000 0.000000
73  0.017809 1.799356 -0.402361  0.000000 -0.000000 0.000000
74  -2.285144 -12.956001 -5.446409  1.570796 0.000000 0.000000
75  0.031323 2.100358 -1.138380  0.000000 -0.000000 0.000000
76  -0.024051 1.849582 -1.138377  0.000000 -0.000000 0.000000
time 12
0  0.000006 0.000000 0.000000  -1.570800 -1.391899 -1.570792
1  -4.921969 1.082092 2.232071  -1.544956 -1.855077 -0.198630
2  6.027524 -0.000323 0.000190  -0.747182 -0.995446 -1.552695
3  11.692107 0.000645 -0.000740  -0.890211 -0.000018 -1.391952
4  11.479911 0.000229 -0.000885  1.225960 -0.603154 0.357879
5  3.859502 -0.142824 -1.192079  -0.573871 -0.316762 -1.795817
6  1.312591 0.000009 0.000007  -0.135121 -0.003384 -0.178728
7  0.729354 0.000055 0.000049  -0.006155 -0.010667 -0.248915
8  3.942140 0.046330 -0.431542  -0.497018 0.100803 -1.231861
9  1.539110 0.000083 0.000004  -0.000382 -0.119364 -0.902013
10  1.196330 0.000145 0.000028  0.012615 0.002795 -0.535714
11  3.883509 -0.047213 0.431351  -0.283712 0.421834 -0.633459
12  1.719573 -0.000029 0.000017  0.057360 -0.144594 -1.427911
13  1.209179 0.000089 0.000011  -0.003667 -0.003000 -0.405259
14  4.085234 -0.082653 1.151009  0.076971 0.573771 0.038997
15  1.719450 -0.000017 0.000029  0.015664 -0.064932 -0.867211
16  1.099675 0.000049 0.000006  -0.075642 0.030056 -1.536734
17  0.869860 -1.165528 1.469023  -1.184630 -0.527540 -0.152316
18  1.789820 -0.000003 -0.000018  0.000001 -0.000026 0.636398
19  1.207013 -0.000013 -0.000044  0.000006 -0.000006 -0.137935
20  5.740637 0.000389 -0.000702  -0.108229 0.000003 0.000064
21  11.480989 0.000223 -0.000831  -0.042733 -0.108608 0.037758
22  6.027524 -0.000330 0.000200  1.600190 -0.574767 1.534864
23  -0.000001 11.692100 -0.000007  -0.965049 -0.417379 -0.768316
24  0.000003 0.000008 0.000001  -0.021116 -0.000031 1.570738
25  -0.000000 -0.000012 0.000001  0.868960 0.000002 1.570712
26  -6.617934 -9.178503 0.826812  1.473120 1.855075 -0.198639
27  6.027513 -0.000259 -0.000221  1.520730 0.754736 -0.708481
28  11.691992 0.000161 0.000857  0.141449 0.000072 -1.836665
29  11.479355 -0.000861 0.000954  -1.142790 0.380466 0.885558
30  3.859437 -0.132758 1.193066  0.469647 -0.013262 -1.872395
31  1.312559 0.000026 -0.000001  0.024060 -0.138696 -0.550187
32  0.729344 0.000065 -0.000026  -0.166197 -0.081570 -0.714272
33  3.942046 0.050139 0.431001  0.225309 -0.086237 -1.592712
34  1.539096 0.000005 -0.000001  0.035254 -0.050373 -0.994350
35  1.196300 0.000078 -0.000003  -0.021521 0.002175 -0.839738
36  3.883414 -0.050472 -0.431084  0.184824 -0.271737 -1.204030
37  1.719563 -0.000085 -0.000005  0.022859 -0.107186 -1.509108
38  1.209198 0.000035 0.000012  0.000661 0.071072 -0.480462
39  3.859588 -0.149083 -1.331320  -0.104061 -0.070249 -0.272073
40  1.719415 -0.000098 -0.000035  -0.013177 0.003907 -1.203491
41  1.099674 0.000021 0.000007  -0.005887 -0.007993 -0.771205
42  0.805984 -0.359848 -1.318338  0.991670 0.166767 -0.799527
43  1.789780 -0.000008 -0.000043  0.000058 -0.002451 0.133098
44  1.206996 -0.000007 0.000005  0.000372 -0.000071 1.058780
45  5.740571 0.000079 0.000721  0.172460 -0.000014 0.000028
46  11.480814 -0.000098 0.000936  0.056555 0.082971 0.145456
47  6.027515 -0.000273 -0.000230  -0.910498 -0.520836 -1.709520
48  -0.000000 11.691973 -0.000005  -1.227263 0.672038 0.920661
49  0.000002 -0.000002 0.000001  2.413977 -0.000036 1.570860
50  -0.000006 -0.000014 0.000005  2.272645 -0.000036 1.570861
51  -3.422328 -3.805365 -6.854754  -0.078012 -2.996716 1.465737
52  0.000000 -0.000000 0.000000  0.008153 -0.000259 0.000009
53  0.000000 -0.000000 0.000001  1.565115 0.043565 -0.106862
54  -0.363791 -15.867239 -5.623037  -0.755929 -0.139050 -1.950540
55  -0.000001 -0.000000 0.000000  0.000000 -0.000001 -0.000002
56  0.000029 0.000028 0.000002  -1.571901 -0.044449 -0.106509
57  5.185302 -16.056248 -16.646038  1.570796 -0.000000 0.000000
58  -15.417985 4.000748 -22.641926  1.570796 -0.000000 0.000000
59  2.236387 -0.189356 -5.037201  1.570796 -0.000000 0.000000
60  -0.004311 0.001230 -0.000371  0.006898 -0.005534 -0.284229
61  0.826810 10.209643 -4.879054  1.570796 -0.000000 0.000000
62  0.000000 0.000000 0.000000  -0.078727 -3.136056 0.284226
63  -2.240596 -3.247336 -0.249455  1.570796 -0.000000 0.000000
64  -2.287624 -8.249615 -1.349235  1.570796 0.000000 0.000000
65  0.002681 -3.204031 0.621196  0.000000 -0.000000 0.000000
66  0.048105 -1.112260 5.803837  0.000000 -0.000000 0.000000
67  -1.184782 0.539746 -0.284904  0.000000 -0.000000 0.000000
68  0.047884 -1.610073 21.020466  0.000000 -0.000000 0.000000
69  0.047881 -3.319714 2.472855  0.000000 -0.000000 0.000000
70  0.172180 -2.040368 3.568007  0.000000 -0.000000 0.000000
71  0.654947 -2.537531 2.477230  0.000000 -0.000000 0.000000
72  -2.285144 -12.956001 -5.446409  1.570796 0.000000 0.000000
73  0.017809 1.799356 -0.402361  0.000000 -0.000000 0.000000
74  -2.285144 -12.956001 -5.446409  1.570796 0.000000 0.000000
75  0.031323 2.100358 -1.138380  0.000000 -0.000000 0.000000
76  -0.024051 1.849582 -1.138377  0.000000 -0.000000 0.000000
time 13
0  0.000006 0.000000 0.000000  -1.570800 -1.391899 -1.570792
1  -4.921969 1.082092 2.232071  -1.544956 -1.855077 -0.198630
2  6.027524 -0.000323 0.000190  -0.747182 -0.995446 -1.552695
3  11.692107 0.000645 -0.000740  -0.890211 -0.000018 -1.391952
4  11.479911 0.000229 -0.000885  1.225960 -0.603154 0.357879
5  3.859502 -0.142824 -1.192079  -0.573871 -0.316762 -1.795817
6  1.312591 0.000009 0.000007  -0.135121 -0.003384 -0.178728
7  0.729354 0.000055 0.000049  -0.006155 -0.010667 -0.248915
8  3.942140 0.046330 -0.431542  -0.497018 0.100803 -1.231861
9  1.539110 0.000083 0.000004  -0.000382 -0.119364 -0.902013
10  1.196330 0.000145 0.000028  0.012615 0.002795 -0.535714
11  3.883509 -0.047213 0.431351  -0.283712 0.421834 -0.633459
12  1.719573 -0.000029 0.000017  0.057360 -0.144594 -1.427911
13  1.209179 0.000089 0.000011  -0.003667 -0.003000 -0.405259
14  4.085234 -0.082653 1.151009  0.076971 0.573771 0.038997
15  1.719450 -0.000017 0.000029  0.015664 -0.064932 -0.867211
16  1.099675 0.000049 0.000006  -0.075642 0.030056 -1.536734
17  0.869860 -1.165528 1.469023  -1.184630 -0.527540 -0.152316
18  1.789820 -0.000003 -0.000018  0.000001 -0.000026 0.636398
19  1.207013 -0.000013 -0.000044  0.000006 -0.000006 -0.137935
20  5.740637 0.000389 -0.000702  -0.108229 0.000003 0.000064
21  11.480989 0.000223 -0.000831  -0.042733 -0.108608 0.037758
22  6.027524 -0.000330 0.000200  1.600190 -0.574767 1.534864
23  -0.000001 11.692100 -0.000007  -0.965049 -0.417379 -0.768316
24  0.000003 0.000008 0.000001  -0.021116 -0.000031 1.570738
25  -0.000000 -0.000012 0.000001  0.868960 0.000002 1.570712
26  -6.617934 -9.178503 0.826812  1.473120 1.855075 -0.198639
27  6.027513 -0.000259 -0.000221  1.520730 0.754736 -0.708481
28  11.691992 0.000161 0.000857  0.141449 0.000072 -1.836665
29  11.479355 -0.000861 0.000954  -1.142790 0.380466 0.885558
30  3.859437 -0.132758 1.193066  0.469647 -0.013262 -1.872395
31  1.312559 0.000026 -0.000001  0.024060 -0.138696 -0.550187
32  0.729344 0.000065 -0.000026  -0.166197 -0.081570 -0.714272
33  3.942046 0.050139 0.431001  0.225309 -0.086237 -1.592712
34  1.539096 0.000005 -0.000001  0.035254 -0.050373 -0.994350
35  1.196300 0.000078 -0.000003  -0.021521 0.002175 -0.839738
36  3.883414 -0.050472 -0.431084  0.184824 -0.271737 -1.204030
37  1.719563 -0.000085 -0.000005  0.022859 -0.107186 -1.509108
38  1.209198 0.000035 0.000012  0.000661 0.071072 -0.480462
39  3.859588 -0.149083 -1.331320  -0.104061 -0.070249 -0.272073
40  1.719415 -0.000098 -0.000035  -0.013177 0.003907 -1.203491
41  1.099674 0.000021 0.000007  -0.005887 -0.007993 -0.771205
42  0.805984 -0.359848 -1.318338  0.991670 0.166767 -0.799527
43  1.789780 -0.000008 -0.000043  0.000058 -0.002451 0.133098
44  1.206996 -0.000007 0.000005  0.000372 -0.000071 1.058780
45  5.740571 0.000079 0.000721  0.172460 -0.000014 0.000028
46  11.480814 -0.000098 0.000936  0.056555 0.082971 0.145456
47  6.027515 -0.000273 -0.000230  -0.910498 -0.520836 -1.709520
48  -0.000000 11.691973 -0.000005  -1.227263 0.672038 0.920661
49  0.000002 -0.000002 0.000001  2.413977 -0.000036 1.570860
50  -0.000006 -0.000014 0.000005  2.272645 -0.000036 1.570861
51  -3.422328 -3.805365 -6.854754  -0.078012 -2.996716 1.465737
52  0.000000 -0.000000 0.000000  0.008153 -0.000259 0.000009
53  0.000000 -0.000000 0.000001  1.565115 0.043565 -0.106862
54  -0.363791 -15.867239 -5.623037  -0.755929 -0.139050 -1.950540
55  -0.000001 -0.000000 0.000000  0.000000 -0.000001 -0.000002
56  0.000029 0.000028 0.000002  -1.571901 -0.044449 -0.106509
57  5.185302 -16.056248 -16.646038  1.570796 -0.000000 0.000000
58  -15.417985 4.000748 -22.641926  1.570796 -0.000000 0.000000
59  2.236387 -0.189356 -5.037201  1.570796 -0.000000 0.000000
60  -0.004311 0.001230 -0.000371  0.006898 -0.005534 -0.284229
61  0.826810 10.209643 -4.879054  1.570796 -0.000000 0.000000
62  0.000000 0.000000 0.000000  -0.078727 -3.136056 0.284226
63  -2.240596 -3.247336 -0.249455  1.570796 -0.000000 0.000000
64  -2.287624 -8.249615 -1.349235  1.570796 0.000000 0.000000
65  0.002681 -3.204031 0.621196  0.000000 -0.000000 0.000000
66  0.048105 -1.112260 5.803837  0.000000 -0.000000 0.000000
67  -1.184782 0.539746 -0.284904  0.000000 -0.000000 0.000000
68  0.047884 -1.610073 21.020466  0.000000 -0.000000 0.000000
69  0.047881 -3.319714 2.472855  0.000000 -0.000000 0.000000
70  0.172180 -2.040368 3.568007  0.000000 -0.000000 0.000000
71  0.654947 -2.537531 2.477230  0.000000 -0.000000 0.000000
72  -2.285144 -12.956001 -5.446409  1.570796 0.000000 0.000000
73  0.017809 1.799356 -0.402361  0.000000 -0.000000 0.000000
74  -2.285144 -12.956001 -5.446409  1.570796 0.000000 0.000000
75  0.031323 2.100358 -1.138380  0.000000 -0.000000 0.000000
76  -0.024051 1.849582 -1.138377  0.000000 -0.000000 0.000000
time 14
0  0.000006 0.000000 0.000000  -1.570800 -1.391899 -1.570792
1  -4.921969 1.082092 2.232071  -1.544956 -1.855077 -0.198630
2  6.027524 -0.000323 0.000190  -0.747182 -0.995446 -1.552695
3  11.692107 0.000645 -0.000740  -0.890211 -0.000018 -1.391952
4  11.479911 0.000229 -0.000885  1.225960 -0.603154 0.357879
5  3.859502 -0.142824 -1.192079  -0.573871 -0.316762 -1.795817
6  1.312591 0.000009 0.000007  -0.135121 -0.003384 -0.178728
7  0.729354 0.000055 0.000049  -0.006155 -0.010667 -0.248915
8  3.942140 0.046330 -0.431542  -0.497018 0.100803 -1.231861
9  1.539110 0.000083 0.000004  -0.000382 -0.119364 -0.902013
10  1.196330 0.000145 0.000028  0.012615 0.002795 -0.535714
11  3.883509 -0.047213 0.431351  -0.283712 0.421834 -0.633459
12  1.719573 -0.000029 0.000017  0.057360 -0.144594 -1.427911
13  1.209179 0.000089 0.000011  -0.003667 -0.003000 -0.405259
14  4.085234 -0.082653 1.151009  0.076971 0.573771 0.038997
15  1.719450 -0.000017 0.000029  0.015664 -0.064932 -0.867211
16  1.099675 0.000049 0.000006  -0.075642 0.030056 -1.536734
17  0.869860 -1.165528 1.469023  -1.184630 -0.527540 -0.152316
18  1.789820 -0.000003 -0.000018  0.000001 -0.000026 0.636398
19  1.207013 -0.000013 -0.000044  0.000006 -0.000006 -0.137935
20  5.740637 0.000389 -0.000702  -0.108229 0.000003 0.000064
21  11.480989 0.000223 -0.000831  -0.042733 -0.108608 0.037758
22  6.027524 -0.000330 0.000200  1.600190 -0.574767 1.534864
23  -0.000001 11.692100 -0.000007  -0.965049 -0.417379 -0.768316
24  0.000003 0.000008 0.000001  -0.021116 -0.000031 1.570738
25  -0.000000 -0.000012 0.000001  0.868960 0.000002 1.570712
26  -6.617934 -9.178503 0.826812  1.473120 1.855075 -0.198639
27  6.027513 -0.000259 -0.000221  1.520730 0.754736 -0.708481
28  11.691992 0.000161 0.000857  0.141449 0.000072 -1.836665
29  11.479355 -0.000861 0.000954  -1.142790 0.380466 0.885558
30  3.859437 -0.132758 1.193066  0.469647 -0.013262 -1.872395
31  1.312559 0.000026 -0.000001  0.024060 -0.138696 -0.550187
32  0.729344 0.000065 -0.000026  -0.166197 -0.081570 -0.714272
33  3.942046 0.050139 0.431001  0.225309 -0.086237 -1.592712
34  1.539096 0.000005 -0.000001  0.035254 -0.050373 -0.994350
35  1.196300 0.000078 -0.000003  -0.021521 0.002175 -0.839738
36  3.883414 -0.050472 -0.431084  0.184824 -0.271737 -1.204030
37  1.719563 -0.000085 -0.000005  0.022859 -0.107186 -1.509108
38  1.209198 0.000035 0.000012  0.000661 0.071072 -0.480462
39  3.859588 -0.149083 -1.331320  -0.104061 -0.070249 -0.272073
40  1.719415 -0.000098 -0.000035  -0.013177 0.003907 -1.203491
41  1.099674 0.000021 0.000007  -0.005887 -0.007993 -0.771205
42  0.805984 -0.359848 -1.318338  0.991670 0.166767 -0.799527
43  1.789780 -0.000008 -0.000043  0.000058 -0.002451 0.133098
44  1.206996 -0.000007 0.000005  0.000372 -0.000071 1.058780
45  5.740571 0.000079 0.000721  0.172460 -0.000014 0.000028
46  11.480814 -0.000098 0.000936  0.056555 0.082971 0.145456
47  6.027515 -0.000273 -0.000230  -0.910498 -0.520836 -1.709520
48  -0.000000 11.691973 -0.000005  -1.227263 0.672038 0.920661
49  0.000002 -0.000002 0.000001  2.413977 -0.000036 1.570860
50  -0.000006 -0.000014 0.000005  2.272645 -0.000036 1.570861
51  -3.422328 -3.805365 -6.854754  -0.078012 -2.996716 1.465737
52  0.000000 -0.000000 0.000000  0.008153 -0.000259 0.000009
53  0.000000 -0.000000 0.000001  1.565115 0.043565 -0.106862
54  -0.363791 -15.867239 -5.623037  -0.755929 -0.139050 -1.950540
55  -0.000001 -0.000000 0.000000  0.000000 -0.000001 -0.000002
56  0.000029 0.000028 0.000002  -1.571901 -0.044449 -0.106509
57  5.185302 -16.056248 -16.646038  1.570796 -0.000000 0.000000
58  -15.417985 4.000748 -22.641926  1.570796 -0.000000 0.000000
59  2.236387 -0.189356 -5.037201  1.570796 -0.000000 0.000000
60  -0.004311 0.001230 -0.000371  0.006898 -0.005534 -0.284229
61  0.826810 10.209643 -4.879054  1.570796 -0.000000 0.000000
62  0.000000 0.000000 0.000000  -0.078727 -3.136056 0.284226
63  -2.240596 -3.247336 -0.249455  1.570796 -0.000000 0.000000
64  -2.287624 -8.249615 -1.349235  1.570796 0.000000 0.000000
65  0.002681 -3.204031 0.621196  0.000000 -0.000000 0.000000
66  0.048105 -1.112260 5.803837  0.000000 -0.000000 0.000000
67  -1.184782 0.539746 -0.284904  0.000000 -0.000000 0.000000
68  0.047884 -1.610073 21.020466  0.000000 -0.000000 0.000000
69  0.047881 -3.319714 2.472855  0.000000 -0.000000 0.000000
70  0.172180 -2.040368 3.568007  0.000000 -0.000000 0.000000
71  0.654947 -2.537531 2.477230  0.000000 -0.000000 0.000000
72  -2.285144 -12.956001 -5.446409  1.570796 0.000000 0.000000
73  0.017809 1.799356 -0.402361  0.000000 -0.000000 0.000000
74  -2.285144 -12.956001 -5.446409  1.570796 0.000000 0.000000
75  0.031323 2.100358 -1.138380  0.000000 -0.000000 0.000000
76  -0.024051 1.849582 -1.138377  0.000000 -0.000000 0.000000
time 15
0  0.000006 0.000000 0.000000  -1.570800 -1.391899 -1.570792
1  -4.921969 1.082092 2.232071  -1.544956 -1.855077 -0.198630
2  6.027524 -0.000323 0.000190  -0.747182 -0.995446 -1.552695
3  11.692107 0.000645 -0.000740  -0.890211 -0.000018 -1.391952
4  11.479911 0.000229 -0.000885  1.225960 -0.603154 0.357879
5  3.859502 -0.142824 -1.192079  -0.573871 -0.316762 -1.795817
6  1.312591 0.000009 0.000007  -0.135121 -0.003384 -0.178728
7  0.729354 0.000055 0.000049  -0.006155 -0.010667 -0.248915
8  3.942140 0.046330 -0.431542  -0.497018 0.100803 -1.231861
9  1.539110 0.000083 0.000004  -0.000382 -0.119364 -0.902013
10  1.196330 0.000145 0.000028  0.012615 0.002795 -0.535714
11  3.883509 -0.047213 0.431351  -0.283712 0.421834 -0.633459
12  1.719573 -0.000029 0.000017  0.057360 -0.144594 -1.427911
13  1.209179 0.000089 0.000011  -0.003667 -0.003000 -0.405259
14  4.085234 -0.082653 1.151009  0.076971 0.573771 0.038997
15  1.719450 -0.000017 0.000029  0.015664 -0.064932 -0.867211
16  1.099675 0.000049 0.000006  -0.075642 0.030056 -1.536734
17  0.869860 -1.165528 1.469023  -1.184630 -0.527540 -0.152316
18  1.789820 -0.000003 -0.000018  0.000001 -0.000026 0.636398
19  1.207013 -0.000013 -0.000044  0.000006 -0.000006 -0.137935
20  5.740637 0.000389 -0.000702  -0.108229 0.000003 0.000064
21  11.480989 0.000223 -0.000831  -0.042733 -0.108608 0.037758
22  6.027524 -0.000330 0.000200  1.600190 -0.574767 1.534864
23  -0.000001 11.692100 -0.000007  -0.965049 -0.417379 -0.768316
24  0.000003 0.000008 0.000001  -0.021116 -0.000031 1.570738
25  -0.000000 -0.000012 0.000001  0.868960 0.000002 1.570712
26  -6.617934 -9.178503 0.826812  1.473120 1.855075 -0.198639
27  6.027513 -0.000259 -0.000221  1.520730 0.754736 -0.708481
28  11.691992 0.000161 0.000857  0.141449 0.000072 -1.836665
29  11.479355 -0.000861 0.000954  -1.142790 0.380466 0.885558
30  3.859437 -0.132758 1.193066  0.469647 -0.013262 -1.872395
31  1.312559 0.000026 -0.000001  0.024060 -0.138696 -0.550187
32  0.729344 0.000065 -0.000026  -0.166197 -0.081570 -0.714272
33  3.942046 0.050139 0.431001  0.225309 -0.086237 -1.592712
34  1.539096 0.000005 -0.000001  0.035254 -0.050373 -0.994350
35  1.196300 0.000078 -0.000003  -0.021521 0.002175 -0.839738
36  3.883414 -0.050472 -0.431084  0.184824 -0.271737 -1.204030
37  1.719563 -0.000085 -0.000005  0.022859 -0.107186 -1.509108
38  1.209198 0.000035 0.000012  0.000661 0.071072 -0.480462
39  3.859588 -0.149083 -1.331320  -0.104061 -0.070249 -0.272073
40  1.719415 -0.000098 -0.000035  -0.013177 0.003907 -1.203491
41  1.099674 0.000021 0.000007  -0.005887 -0.007993 -0.771205
42  0.805984 -0.359848 -1.318338  0.991670 0.166767 -0.799527
43  1.789780 -0.000008 -0.000043  0.000058 -0.002451 0.133098
44  1.206996 -0.000007 0.000005  0.000372 -0.000071 1.058780
45  5.740571 0.000079 0.000721  0.172460 -0.000014 0.000028
46  11.480814 -0.000098 0.000936  0.056555 0.082971 0.145456
47  6.027515 -0.000273 -0.000230  -0.910498 -0.520836 -1.709520
48  -0.000000 11.691973 -0.000005  -1.227263 0.672038 0.920661
49  0.000002 -0.000002 0.000001  2.413977 -0.000036 1.570860
50  -0.000006 -0.000014 0.000005  2.272645 -0.000036 1.570861
51  -3.422328 -3.805365 -6.854754  -0.078012 -2.996716 1.465737
52  0.000000 -0.000000 0.000000  0.008153 -0.000259 0.000009
53  0.000000 -0.000000 0.000001  1.565115 0.043565 -0.106862
54  -0.363791 -15.867239 -5.623037  -0.755929 -0.139050 -1.950540
55  -0.000001 -0.000000 0.000000  0.000000 -0.000001 -0.000002
56  0.000029 0.000028 0.000002  -1.571901 -0.044449 -0.106509
57  5.185302 -16.056248 -16.646038  1.570796 -0.000000 0.000000
58  -15.417985 4.000748 -22.641926  1.570796 -0.000000 0.000000
59  2.236387 -0.189356 -5.037201  1.570796 -0.000000 0.000000
60  -0.004311 0.001230 -0.000371  0.006898 -0.005534 -0.284229
61  0.826810 10.209643 -4.879054  1.570796 -0.000000 0.000000
62  0.000000 0.000000 0.000000  -0.078727 -3.136056 0.284226
63  -2.240596 -3.247336 -0.249455  1.570796 -0.000000 0.000000
64  -2.287624 -8.249615 -1.349235  1.570796 0.000000 0.000000
65  0.002681 -3.204031 0.621196  0.000000 -0.000000 0.000000
66  0.048105 -1.112260 5.803837  0.000000 -0.000000 0.000000
67  -1.184782 0.539746 -0.284904  0.000000 -0.000000 0.000000
68  0.047884 -1.610073 21.020466  0.000000 -0.000000 0.000000
69  0.047881 -3.319714 2.472855  0.000000 -0.000000 0.000000
70  0.172180 -2.040368 3.568007  0.000000 -0.000000 0.000000
71  0.654947 -2.537531 2.477230  0.000000 -0.000000 0.000000
72  -2.285144 -12.956001 -5.446409  1.570796 0.000000 0.000000
73  0.017809 1.799356 -0.402361  0.000000 -0.000000 0.000000
74  -2.285144 -12.956001 -5.446409  1.570796 0.000000 0.000000
75  0.031323 2.100358 -1.138380  0.000000 -0.000000 0.000000
76  -0.024051 1.849582 -1.138377  0.000000 -0.000000 0.000000
time 16
0  0.000006 0.000000 0.000000  -1.570800 -1.391899 -1.570792
1  -4.921969 1.082092 2.232071  -1.544956 -1.855077 -0.198630
2  6.027524 -0.000323 0.000190  -0.747182 -0.995446 -1.552695
3  11.692107 0.000645 -0.000740  -0.890211 -0.000018 -1.391952
4  11.479911 0.000229 -0.000885  1.225960 -0.603154 0.357879
5  3.859502 -0.142824 -1.192079  -0.573871 -0.316762 -1.795817
6  1.312591 0.000009 0.000007  -0.135121 -0.003384 -0.178728
7  0.729354 0.000055 0.000049  -0.006155 -0.010667 -0.248915
8  3.942140 0.046330 -0.431542  -0.497018 0.100803 -1.231861
9  1.539110 0.000083 0.000004  -0.000382 -0.119364 -0.902013
10  1.196330 0.000145 0.000028  0.012615 0.002795 -0.535714
11  3.883509 -0.047213 0.431351  -0.283712 0.421834 -0.633459
12  1.719573 -0.000029 0.000017  0.057360 -0.144594 -1.427911
13  1.209179 0.000089 0.000011  -0.003667 -0.003000 -0.405259
14  4.085234 -0.082653 1.151009  0.076971 0.573771 0.038997
15  1.719450 -0.000017 0.000029  0.015664 -0.064932 -0.867211
16  1.099675 0.000049 0.000006  -0.075642 0.030056 -1.536734
17  0.869860 -1.165528 1.469023  -1.184630 -0.527540 -0.152316
18  1.789820 -0.000003 -0.000018  0.000001 -0.000026 0.636398
19  1.207013 -0.000013 -0.000044  0.000006 -0.000006 -0.137935
20  5.740637 0.000389 -0.000702  -0.108229 0.000003 0.000064
21  11.480989 0.000223 -0.000831  -0.042733 -0.108608 0.037758
22  6.027524 -0.000330 0.000200  1.600190 -0.574767 1.534864
23  -0.000001 11.692100 -0.000007  -0.965049 -0.417379 -0.768316
24  0.000003 0.000008 0.000001  -0.021116 -0.000031 1.570738
25  -0.000000 -0.000012 0.000001  0.868960 0.000002 1.570712
26  -6.617934 -9.178503 0.826812  1.473120 1.855075 -0.198639
27  6.027513 -0.000259 -0.000221  1.520730 0.754736 -0.708481
28  11.691992 0.000161 0.000857  0.141449 0.000072 -1.836665
29  11.479355 -0.000861 0.000954  -1.142790 0.380466 0.885558
30  3.859437 -0.132758 1.193066  0.469647 -0.013262 -1.872395
31  1.312559 0.000026 -0.000001  0.024060 -0.138696 -0.550187
32  0.729344 0.000065 -0.000026  -0.166197 -0.081570 -0.714272
33  3.942046 0.050139 0.431001  0.225309 -0.086237 -1.592712
34  1.539096 0.000005 -0.000001  0.035254 -0.050373 -0.994350
35  1.196300 0.000078 -0.000003  -0.021521 0.002175 -0.839738
36  3.883414 -0.050472 -0.431084  0.184824 -0.271737 -1.204030
37  1.719563 -0.000085 -0.000005  0.022859 -0.107186 -1.509108
38  1.209198 0.000035 0.000012  0.000661 0.071072 -0.480462
39  3.859588 -0.149083 -1.331320  -0.104061 -0.070249 -0.272073
40  1.719415 -0.000098 -0.000035  -0.013177 0.003907 -1.203491
41  1.099674 0.000021 0.000007  -0.005887 -0.007993 -0.771205
42  0.805984 -0.359848 -1.318338  0.991670 0.166767 -0.799527
43  1.789780 -0.000008 -0.000043  0.000058 -0.002451 0.133098
44  1.206996 -0.000007 0.000005  0.000372 -0.000071 1.058780
45  5.740571 0.000079 0.000721  0.172460 -0.000014 0.000028
46  11.480814 -0.000098 0.000936  0.056555 0.082971 0.145456
47  6.027515 -0.000273 -0.000230  -0.910498 -0.520836 -1.709520
48  -0.000000 11.691973 -0.000005  -1.227263 0.672038 0.920661
49  0.000002 -0.000002 0.000001  2.413977 -0.000036 1.570860
50  -0.000006 -0.000014 0.000005  2.272645 -0.000036 1.570861
51  -3.422328 -3.805365 -6.854754  -0.078012 -2.996716 1.465737
52  0.000000 -0.000000 0.000000  0.008153 -0.000259 0.000009
53  0.000000 -0.000000 0.000001  1.565115 0.043565 -0.106862
54  -0.363791 -15.867239 -5.623037  -0.755929 -0.139050 -1.950540
55  -0.000001 -0.000000 0.000000  0.000000 -0.000001 -0.000002
56  0.000029 0.000028 0.000002  -1.571901 -0.044449 -0.106509
57  5.185302 -16.056248 -16.646038  1.570796 -0.000000 0.000000
58  -15.417985 4.000748 -22.641926  1.570796 -0.000000 0.000000
59  2.236387 -0.189356 -5.037201  1.570796 -0.000000 0.000000
60  -0.004311 0.001230 -0.000371  0.006898 -0.005534 -0.284229
61  0.826810 10.209643 -4.879054  1.570796 -0.000000 0.000000
62  0.000000 0.000000 0.000000  -0.078727 -3.136056 0.284226
63  -2.240596 -3.247336 -0.249455  1.570796 -0.000000 0.000000
64  -2.287624 -8.249615 -1.349235  1.570796 0.000000 0.000000
65  0.002681 -3.204031 0.621196  0.000000 -0.000000 0.000000
66  0.048105 -1.112260 5.803837  0.000000 -0.000000 0.000000
67  -1.184782 0.539746 -0.284904  0.000000 -0.000000 0.000000
68  0.047884 -1.610073 21.020466  0.000000 -0.000000 0.000000
69  0.047881 -3.319714 2.472855  0.000000 -0.000000 0.000000
70  0.172180 -2.040368 3.568007  0.000000 -0.000000 0.000000
71  0.654947 -2.537531 2.477230  0.000000 -0.000000 0.000000
72  -2.285144 -12.956001 -5.446409  1.570796 0.000000 0.000000
73  0.017809 1.799356 -0.402361  0.000000 -0.000000 0.000000
74  -2.285144 -12.956001 -5.446409  1.570796 0.000000 0.000000
75  0.031323 2.100358 -1.138380  0.000000 -0.000000 0.000000
76  -0.024051 1.849582 -1.138377  0.000000 -0.000000 0.000000
time 17
0  0.000006 0.000000 0.000000  -1.570800 -1.391899 -1.570792
1  -4.921969 1.082092 2.232071  -1.544956 -1.855077 -0.198630
2  6.027524 -0.000323 0.000190  -0.747182 -0.995446 -1.552695
3  11.692107 0.000645 -0.000740  -0.890211 -0.000018 -1.391952
4  11.479911 0.000229 -0.000885  1.225960 -0.603154 0.357879
5  3.859502 -0.142824 -1.192079  -0.573871 -0.316762 -1.795817
6  1.312591 0.000009 0.000007  -0.135121 -0.003384 -0.178728
7  0.729354 0.000055 0.000049  -0.006155 -0.010667 -0.248915
8  3.942140 0.046330 -0.431542  -0.497018 0.100803 -1.231861
9  1.539110 0.000083 0.000004  -0.000382 -0.119364 -0.902013
10  1.196330 0.000145 0.000028  0.012615 0.002795 -0.535714
11  3.883509 -0.047213 0.431351  -0.283712 0.421834 -0.633459
12  1.719573 -0.000029 0.000017  0.057360 -0.144594 -1.427911
13  1.209179 0.000089 0.000011  -0.003667 -0.003000 -0.405259
14  4.085234 -0.082653 1.151009  0.076971 0.573771 0.038997
15  1.719450 -0.000017 0.000029  0.015664 -0.064932 -0.867211
16  1.099675 0.000049 0.000006  -0.075642 0.030056 -1.536734
17  0.869860 -1.165528 1.469023  -1.184630 -0.527540 -0.152316
18  1.789820 -0.000003 -0.000018  0.000001 -0.000026 0.636398
19  1.207013 -0.000013 -0.000044  0.000006 -0.000006 -0.137935
20  5.740637 0.000389 -0.000702  -0.108229 0.000003 0.000064
21  11.480989 0.000223 -0.000831  -0.042733 -0.108608 0.037758
22  6.027524 -0.000330 0.000200  1.600190 -0.574767 1.534864
23  -0.000001 11.692100 -0.000007  -0.965049 -0.417379 -0.768316
24  0.000003 0.000008 0.000001  -0.021116 -0.000031 1.570738
25  -0.000000 -0.000012 0.000001  0.868960 0.000002 1.570712
26  -6.617934 -9.178503 0.826812  1.473120 1.855075 -0.198639
27  6.027513 -0.000259 -0.000221  1.520730 0.754736 -0.708481
28  11.691992 0.000161 0.000857  0.141449 0.000072 -1.836665
29  11.479355 -0.000861 0.000954  -1.142790 0.380466 0.885558
30  3.859437 -0.132758 1.193066  0.469647 -0.013262 -1.872395
31  1.312559 0.000026 -0.000001  0.024060 -0.138696 -0.550187
32  0.729344 0.000065 -0.000026  -0.166197 -0.081570 -0.714272
33  3.942046 0.050139 0.431001  0.225309 -0.086237 -1.592712
34  1.539096 0.000005 -0.000001  0.035254 -0.050373 -0.994350
35  1.196300 0.000078 -0.000003  -0.021521 0.002175 -0.839738
36  3.883414 -0.050472 -0.431084  0.184824 -0.271737 -1.204030
37  1.719563 -0.000085 -0.000005  0.022859 -0.107186 -1.509108
38  1.209198 0.000035 0.000012  0.000661 0.071072 -0.480462
39  3.859588 -0.149083 -1.331320  -0.104061 -0.070249 -0.272073
40  1.719415 -0.000098 -0.000035  -0.013177 0.003907 -1.203491
41  1.099674 0.000021 0.000007  -0.005887 -0.007993 -0.771205
42  0.805984 -0.359848 -1.318338  0.991670 0.166767 -0.799527
43  1.789780 -0.000008 -0.000043  0.000058 -0.002451 0.133098
44  1.206996 -0.000007 0.000005  0.000372 -0.000071 1.058780
45  5.740571 0.000079 0.000721  0.172460 -0.000014 0.000028
46  11.480814 -0.000098 0.000936  0.056555 0.082971 0.145456
47  6.027515 -0.000273 -0.000230  -0.910498 -0.520836 -1.709520
48  -0.000000 11.691973 -0.000005  -1.227263 0.672038 0.920661
49  0.000002 -0.000002 0.000001  2.413977 -0.000036 1.570860
50  -0.000006 -0.000014 0.000005  2.272645 -0.000036 1.570861
51  -3.422328 -3.805365 -6.854754  -0.078012 -2.996716 1.465737
52  0.000000 -0.000000 0.000000  0.008153 -0.000259 0.000009
53  0.000000 -0.000000 0.000001  1.565115 0.043565 -0.106862
54  -0.363791 -15.867239 -5.623037  -0.755929 -0.139050 -1.950540
55  -0.000001 -0.000000 0.000000  0.000000 -0.000001 -0.000002
56  0.000029 0.000028 0.000002  -1.571901 -0.044449 -0.106509
57  5.185302 -16.056248 -16.646038  1.570796 -0.000000 0.000000
58  -15.417985 4.000748 -22.641926  1.570796 -0.000000 0.000000
59  2.236387 -0.189356 -5.037201  1.570796 -0.000000 0.000000
60  -0.004311 0.001230 -0.000371  0.006898 -0.005534 -0.284229
61  0.826810 10.209643 -4.879054  1.570796 -0.000000 0.000000
62  0.000000 0.000000 0.000000  -0.078727 -3.136056 0.284226
63  -2.240596 -3.247336 -0.249455  1.570796 -0.000000 0.000000
64  -2.287624 -8.249615 -1.349235  1.570796 0.000000 0.000000
65  0.002681 -3.204031 0.621196  0.000000 -0.000000 0.000000
66  0.048105 -1.112260 5.803837  0.000000 -0.000000 0.000000
67  -1.184782 0.539746 -0.284904  0.000000 -0.000000 0.000000
68  0.047884 -1.610073 21.020466  0.000000 -0.000000 0.000000
69  0.047881 -3.319714 2.472855  0.000000 -0.000000 0.000000
70  0.172180 -2.040368 3.568007  0.000000 -0.000000 0.000000
71  0.654947 -2.537531 2.477230  0.000000 -0.000000 0.000000
72  -2.285144 -12.956001 -5.446409  1.570796 0.000000 0.000000
73  0.017809 1.799356 -0.402361  0.000000 -0.000000 0.000000
74  -2.285144 -12.956001 -5.446409  1.570796 0.000000 0.000000
75  0.031323 2.100358 -1.138380  0.000000 -0.000000 0.000000
76  -0.024051 1.849582 -1.138377  0.000000 -0.000000 0.000000
time 18
0  0.000006 0.000000 0.000000  -1.570800 -1.391899 -1.570792
1  -4.921969 1.082092 2.232071  -1.544956 -1.855077 -0.198630
2  6.027524 -0.000323 0.000190  -0.747182 -0.995446 -1.552695
3  11.692107 0.000645 -0.000740  -0.890211 -0.000018 -1.391952
4  11.479911 0.000229 -0.000885  1.225960 -0.603154 0.357879
5  3.859502 -0.142824 -1.192079  -0.573871 -0.316762 -1.795817
6  1.312591 0.000009 0.000007  -0.135121 -0.003384 -0.178728
7  0.729354 0.000055 0.000049  -0.006155 -0.010667 -0.248915
8  3.942140 0.046330 -0.431542  -0.497018 0.100803 -1.231861
9  1.539110 0.000083 0.000004  -0.000382 -0.119364 -0.902013
10  1.196330 0.000145 0.000028  0.012615 0.002795 -0.535714
11  3.883509 -0.047213 0.431351  -0.283712 0.421834 -0.633459
12  1.719573 -0.000029 0.000017  0.057360 -0.144594 -1.427911
13  1.209179 0.000089 0.000011  -0.003667 -0.003000 -0.405259
14  4.085234 -0.082653 1.151009  0.076971 0.573771 0.038997
15  1.719450 -0.000017 0.000029  0.015664 -0.064932 -0.867211
16  1.099675 0.000049 0.000006  -0.075642 0.030056 -1.536734
17  0.869860 -1.165528 1.469023  -1.184630 -0.527540 -0.152316
18  1.789820 -0.000003 -0.000018  0.000001 -0.000026 0.636398
19  1.207013 -0.000013 -0.000044  0.000006 -0.000006 -0.137935
20  5.740637 0.000389 -0.000702  -0.108229 0.000003 0.000064
21  11.480989 0.000223 -0.000831  -0.042733 -0.108608 0.037758
22  6.027524 -0.000330 0.000200  1.600190 -0.574767 1.534864
23  -0.000001 11.692100 -0.000007  -0.965049 -0.417379 -0.768316
24  0.000003 0.000008 0.000001  -0.021116 -0.000031 1.570738
25  -0.000000 -0.000012 0.000001  0.868960 0.000002 1.570712
26  -6.617934 -9.178503 0.826812  1.473120 1.855075 -0.198639
27  6.027513 -0.000259 -0.000221  1.520730 0.754736 -0.708481
28  11.691992 0.000161 0.000857  0.141449 0.000072 -1.836665
29  11.479355 -0.000861 0.000954  -1.142790 0.380466 0.885558
30  3.859437 -0.132758 1.193066  0.469647 -0.013262 -1.872395
31  1.312559 0.000026 -0.000001  0.024060 -0.138696 -0.550187
32  0.729344 0.000065 -0.000026  -0.166197 -0.081570 -0.714272
33  3.942046 0.050139 0.431001  0.225309 -0.086237 -1.592712
34  1.539096 0.000005 -0.000001  0.035254 -0.050373 -0.994350
35  1.196300 0.000078 -0.000003  -0.021521 0.002175 -0.839738
36  3.883414 -0.050472 -0.431084  0.184824 -0.271737 -1.204030
37  1.719563 -0.000085 -0.000005  0.022859 -0.107186 -1.509108
38  1.209198 0.000035 0.000012  0.000661 0.071072 -0.480462
39  3.859588 -0.149083 -1.331320  -0.104061 -0.070249 -0.272073
40  1.719415 -0.000098 -0.000035  -0.013177 0.003907 -1.203491
41  1.099674 0.000021 0.000007  -0.005887 -0.007993 -0.771205
42  0.805984 -0.359848 -1.318338  0.991670 0.166767 -0.799527
43  1.789780 -0.000008 -0.000043  0.000058 -0.002451 0.133098
44  1.206996 -0.000007 0.000005  0.000372 -0.000071 1.058780
45  5.740571 0.000079 0.000721  0.172460 -0.000014 0.000028
46  11.480814 -0.000098 0.000936  0.056555 0.082971 0.145456
47  6.027515 -0.000273 -0.000230  -0.910498 -0.520836 -1.709520
48  -0.000000 11.691973 -0.000005  -1.227263 0.672038 0.920661
49  0.000002 -0.000002 0.000001  2.413977 -0.000036 1.570860
50  -0.000006 -0.000014 0.000005  2.272645 -0.000036 1.570861
51  -3.422328 -3.805365 -6.854754  -0.078012 -2.996716 1.465737
52  0.000000 -0.000000 0.000000  0.008153 -0.000259 0.000009
53  0.000000 -0.000000 0.000001  1.565115 0.043565 -0.106862
54  -0.363791 -15.867239 -5.623037  -0.755929 -0.139050 -1.950540
55  -0.000001 -0.000000 0.000000  0.000000 -0.000001 -0.000002
56  0.000029 0.000028 0.000002  -1.571901 -0.044449 -0.106509
57  5.185302 -16.056248 -16.646038  1.570796 -0.000000 0.000000
58  -15.417985 4.000748 -22.641926  1.570796 -0.000000 0.000000
59  2.236387 -0.189356 -5.037201  1.570796 -0.000000 0.000000
60  -0.004311 0.001230 -0.000371  0.006898 -0.005534 -0.284229
61  0.826810 10.209643 -4.879054  1.570796 -0.000000 0.000000
62  0.000000 0.000000 0.000000  -0.078727 -3.136056 0.284226
63  -2.240596 -3.247336 -0.249455  1.570796 -0.000000 0.000000
64  -2.287624 -8.249615 -1.349235  1.570796 0.000000 0.000000
65  0.002681 -3.204031 0.621196  0.000000 -0.000000 0.000000
66  0.048105 -1.112260 5.803837  0.000000 -0.000000 0.000000
67  -1.184782 0.539746 -0.284904  0.000000 -0.000000 0.000000
68  0.047884 -1.610073 21.020466  0.000000 -0.000000 0.000000
69  0.047881 -3.319714 2.472855  0.000000 -0.000000 0.000000
70  0.172180 -2.040368 3.568007  0.000000 -0.000000 0.000000
71  0.654947 -2.537531 2.477230  0.000000 -0.000000 0.000000
72  -2.285144 -12.956001 -5.446409  1.570796 0.000000 0.000000
73  0.017809 1.799356 -0.402361  0.000000 -0.000000 0.000000
74  -2.285144 -12.956001 -5.446409  1.570796 0.000000 0.000000
75  0.031323 2.100358 -1.138380  0.000000 -0.000000 0.000000
76  -0.024051 1.849582 -1.138377  0.000000 -0.000000 0.000000
time 19
0  0.000006 0.000000 0.000000  -1.570800 -1.391899 -1.570792
1  -4.921969 1.082092 2.232071  -1.544956 -1.855077 -0.198630
2  6.027524 -0.000323 0.000190  -0.747182 -0.995446 -1.552695
3  11.692107 0.000645 -0.000740  -0.890211 -0.000018 -1.391952
4  11.479911 0.000229 -0.000885  1.225960 -0.603154 0.357879
5  3.859502 -0.142824 -1.192079  -0.573871 -0.316762 -1.795817
6  1.312591 0.000009 0.000007  -0.135121 -0.003384 -0.178728
7  0.729354 0.000055 0.000049  -0.006155 -0.010667 -0.248915
8  3.942140 0.046330 -0.431542  -0.497018 0.100803 -1.231861
9  1.539110 0.000083 0.000004  -0.000382 -0.119364 -0.902013
10  1.196330 0.000145 0.000028  0.012615 0.002795 -0.535714
11  3.883509 -0.047213 0.431351  -0.283712 0.421834 -0.633459
12  1.719573 -0.000029 0.000017  0.057360 -0.144594 -1.427911
13  1.209179 0.000089 0.000011  -0.003667 -0.003000 -0.405259
14  4.085234 -0.082653 1.151009  0.076971 0.573771 0.038997
15  1.719450 -0.000017 0.000029  0.015664 -0.064932 -0.867211
16  1.099675 0.000049 0.000006  -0.075642 0.030056 -1.536734
17  0.869860 -1.165528 1.469023  -1.184630 -0.527540 -0.152316
18  1.789820 -0.000003 -0.000018  0.000001 -0.000026 0.636398
19  1.207013 -0.000013 -0.000044  0.000006 -0.000006 -0.137935
20  5.740637 0.000389 -0.000702  -0.108229 0.000003 0.000064
21  11.480989 0.000223 -0.000831  -0.042733 -0.108608 0.037758
22  6.027524 -0.000330 0.000200  1.600190 -0.574767 1.534864
23  -0.000001 11.692100 -0.000007  -0.965049 -0.417379 -0.768316
24  0.000003 0.000008 0.000001  -0.021116 -0.000031 1.570738
25  -0.000000 -0.000012 0.000001  0.868960 0.000002 1.570712
26  -6.617934 -9.178503 0.826812  1.473120 1.855075 -0.198639
27  6.027513 -0.000259 -0.000221  1.520730 0.754736 -0.708481
28  11.691992 0.000161 0.000857  0.141449 0.000072 -1.836665
29  11.479355 -0.000861 0.000954  -1.142790 0.380466 0.885558
30  3.859437 -0.132758 1.193066  0.469647 -0.013262 -1.872395
31  1.312559 0.000026 -0.000001  0.024060 -0.138696 -0.550187
32  0.729344 0.000065 -0.000026  -0.166197 -0.081570 -0.714272
33  3.942046 0.050139 0.431001  0.225309 -0.086237 -1.592712
34  1.539096 0.000005 -0.000001  0.035254 -0.050373 -0.994350
35  1.196300 0.000078 -0.000003  -0.021521 0.002175 -0.839738
36  3.883414 -0.050472 -0.431084  0.184824 -0.271737 -1.204030
37  1.719563 -0.000085 -0.000005  0.022859 -0.107186 -1.509108
38  1.209198 0.000035 0.000012  0.000661 0.071072 -0.480462
39  3.859588 -0.149083 -1.331320  -0.104061 -0.070249 -0.272073
40  1.719415 -0.000098 -0.000035  -0.013177 0.003907 -1.203491
41  1.099674 0.000021 0.000007  -0.005887 -0.007993 -0.771205
42  0.805984 -0.359848 -1.318338  0.991670 0.166767 -0.799527
43  1.789780 -0.000008 -0.000043  0.000058 -0.002451 0.133098
44  1.206996 -0.000007 0.000005  0.000372 -0.000071 1.058780
45  5.740571 0.000079 0.000721  0.172460 -0.000014 0.000028
46  11.480814 -0.000098 0.000936  0.056555 0.082971 0.145456
47  6.027515 -0.000273 -0.000230  -0.910498 -0.520836 -1.709520
48  -0.000000 11.691973 -0.000005  -1.227263 0.672038 0.920661
49  0.000002 -0.000002 0.000001  2.413977 -0.000036 1.570860
50  -0.000006 -0.000014 0.000005  2.272645 -0.000036 1.570861
51  -3.422328 -3.805365 -6.854754  -0.078012 -2.996716 1.465737
52  0.000000 -0.000000 0.000000  0.008153 -0.000259 0.000009
53  0.000000 -0.000000 0.000001  1.565115 0.043565 -0.106862
54  -0.363791 -15.867239 -5.623037  -0.755929 -0.139050 -1.950540
55  -0.000001 -0.000000 0.000000  0.000000 -0.000001 -0.000002
56  0.000029 0.000028 0.000002  -1.571901 -0.044449 -0.106509
57  5.185302 -16.056248 -16.646038  1.570796 -0.000000 0.000000
58  -15.417985 4.000748 -22.641926  1.570796 -0.000000 0.000000
59  2.236387 -0.189356 -5.037201  1.570796 -0.000000 0.000000
60  -0.004311 0.001230 -0.000371  0.006898 -0.005534 -0.284229
61  0.826810 10.209643 -4.879054  1.570796 -0.000000 0.000000
62  0.000000 0.000000 0.000000  -0.078727 -3.136056 0.284226
63  -2.240596 -3.247336 -0.249455  1.570796 -0.000000 0.000000
64  -2.287624 -8.249615 -1.349235  1.570796 0.000000 0.000000
65  0.002681 -3.204031 0.621196  0.000000 -0.000000 0.000000
66  0.048105 -1.112260 5.803837  0.000000 -0.000000 0.000000
67  -1.184782 0.539746 -0.284904  0.000000 -0.000000 0.000000
68  0.047884 -1.610073 21.020466  0.000000 -0.000000 0.000000
69  0.047881 -3.319714 2.472855  0.000000 -0.000000 0.000000
70  0.172180 -2.040368 3.568007  0.000000 -0.000000 0.000000
71  0.654947 -2.537531 2.477230  0.000000 -0.000000 0.000000
72  -2.285144 -12.956001 -5.446409  1.570796 0.000000 0.000000
73  0.017809 1.799356 -0.402361  0.000000 -0.000000 0.000000
74  -2.285144 -12.956001 -5.446409  1.570796 0.000000 0.000000
75  0.031323 2.100358 -1.138380  0.000000 -0.000000 0.000000
76  -0.024051 1.849582 -1.138377  0.000000 -0.000000 0.000000
time 20
0  0.000006 0.000000 0.000000  -1.570800 -1.391899 -1.570792
1  -4.921969 1.082092 2.232071  -1.544956 -1.855077 -0.198630
2  6.027524 -0.000323 0.000190  -0.747182 -0.995446 -1.552695
3  11.692107 0.000645 -0.000740  -0.890211 -0.000018 -1.391952
4  11.479911 0.000229 -0.000885  1.225960 -0.603154 0.357879
5  3.859502 -0.142824 -1.192079  -0.573871 -0.316762 -1.795817
6  1.312591 0.000009 0.000007  -0.135121 -0.003384 -0.178728
7  0.729354 0.000055 0.000049  -0.006155 -0.010667 -0.248915
8  3.942140 0.046330 -0.431542  -0.497018 0.100803 -1.231861
9  1.539110 0.000083 0.000004  -0.000382 -0.119364 -0.902013
10  1.196330 0.000145 0.000028  0.012615 0.002795 -0.535714
11  3.883509 -0.047213 0.431351  -0.283712 0.421834 -0.633459
12  1.719573 -0.000029 0.000017  0.057360 -0.144594 -1.427911
13  1.209179 0.000089 0.000011  -0.003667 -0.003000 -0.405259
14  4.085234 -0.082653 1.151009  0.076971 0.573771 0.038997
15  1.719450 -0.000017 0.000029  0.015664 -0.064932 -0.867211
16  1.099675 0.000049 0.000006  -0.075642 0.030056 -1.536734
17  0.869860 -1.165528 1.469023  -1.184630 -0.527540 -0.152316
18  1.789820 -0.000003 -0.000018  0.000001 -0.000026 0.636398
19  1.207013 -0.000013 -0.000044  0.000006 -0.000006 -0.137935
20  5.740637 0.000389 -0.000702  -0.108229 0.000003 0.000064
21  11.480989 0.000223 -0.000831  -0.042733 -0.108608 0.037758
22  6.027524 -0.000330 0.000200  1.600190 -0.574767 1.534864
23  -0.000001 11.692100 -0.000007  -0.965049 -0.417379 -0.768316
24  0.000003 0.000008 0.000001  -0.021116 -0.000031 1.570738
25  -0.000000 -0.000012 0.000001  0.868960 0.000002 1.570712
26  -6.617934 -9.178503 0.826812  1.473120 1.855075 -0.198639
27  6.027513 -0.000259 -0.000221  1.520730 0.754736 -0.708481
28  11.691992 0.000161 0.000857  0.141449 0.000072 -1.836665
29  11.479355 -0.000861 0.000954  -1.142790 0.380466 0.885558
30  3.859437 -0.132758 1.193066  0.469647 -0.013262 -1.872395
31  1.312559 0.000026 -0.000001  0.024060 -0.138696 -0.550187
32  0.729344 0.000065 -0.000026  -0.166197 -0.081570 -0.714272
33  3.942046 0.050139 0.431001  0.225309 -0.086237 -1.592712
34  1.539096 0.000005 -0.000001  0.035254 -0.050373 -0.994350
35  1.196300 0.000078 -0.000003  -0.021521 0.002175 -0.839738
36  3.883414 -0.050472 -0.431084  0.184824 -0.271737 -1.204030
37  1.719563 -0.000085 -0.000005  0.022859 -0.107186 -1.509108
38  1.209198 0.000035 0.000012  0.000661 0.071072 -0.480462
39  3.859588 -0.149083 -1.331320  -0.104061 -0.070249 -0.272073
40  1.719415 -0.000098 -0.000035  -0.013177 0.003907 -1.203491
41  1.099674 0.000021 0.000007  -0.005887 -0.007993 -0.771205
42  0.805984 -0.359848 -1.318338  0.991670 0.166767 -0.799527
43  1.789780 -0.000008 -0.000043  0.000058 -0.002451 0.133098
44  1.206996 -0.000007 0.000005  0.000372 -0.000071 1.058780
45  5.740571 0.000079 0.000721  0.172460 -0.000014 0.000028
46  11.480814 -0.000098 0.000936  0.056555 0.082971 0.145456
47  6.027515 -0.000273 -0.000230  -0.910498 -0.520836 -1.709520
48  -0.000000 11.691973 -0.000005  -1.227263 0.672038 0.920661
49  0.000002 -0.000002 0.000001  2.413977 -0.000036 1.570860
50  -0.000006 -0.000014 0.000005  2.272645 -0.000036 1.570861
51  -3.422328 -3.805365 -6.854754  -0.078012 -2.996716 1.465737
52  0.000000 -0.000000 0.000000  0.008153 -0.000259 0.000009
53  0.000000 -0.000000 0.000001  1.565115 0.043565 -0.106862
54  -0.363791 -15.867239 -5.623037  -0.755929 -0.139050 -1.950540
55  -0.000001 -0.000000 0.000000  0.000000 -0.000001 -0.000002
56  0.000029 0.000028 0.000002  -1.571901 -0.044449 -0.106509
57  5.185302 -16.056248 -16.646038  1.570796 -0.000000 0.000000
58  -15.417985 4.000748 -22.641926  1.570796 -0.000000 0.000000
59  2.236387 -0.189356 -5.037201  1.570796 -0.000000 0.000000
60  -0.004311 0.001230 -0.000371  0.006898 -0.005534 -0.284229
61  0.826810 10.209643 -4.879054  1.570796 -0.000000 0.000000
62  0.000000 0.000000 0.000000  -0.078727 -3.136056 0.284226
63  -2.240596 -3.247336 -0.249455  1.570796 -0.000000 0.000000
64  -2.287624 -8.249615 -1.349235  1.570796 0.000000 0.000000
65  0.002681 -3.204031 0.621196  0.000000 -0.000000 0.000000
66  0.048105 -1.112260 5.803837  0.000000 -0.000000 0.000000
67  -1.184782 0.539746 -0.284904  0.000000 -0.000000 0.000000
68  0.047884 -1.610073 21.020466  0.000000 -0.000000 0.000000
69  0.047881 -3.319714 2.472855  0.000000 -0.000000 0.000000
70  0.172180 -2.040368 3.568007  0.000000 -0.000000 0.000000
71  0.654947 -2.537531 2.477230  0.000000 -0.000000 0.000000
72  -2.285144 -12.956001 -5.446409  1.570796 0.000000 0.000000
73  0.017809 1.799356 -0.402361  0.000000 -0.000000 0.000000
74  -2.285144 -12.956001 -5.446409  1.570796 0.000000 0.000000
75  0.031323 2.100358 -1.138380  0.000000 -0.000000 0.000000
76  -0.024051 1.849582 -1.138377  0.000000 -0.000000 0.000000
time 21
0  0.000006 0.000000 0.000000  -1.570800 -1.391899 -1.570792
1  -4.921969 1.082092 2.232071  -1.544956 -1.855077 -0.198630
2  6.027524 -0.000323 0.000190  -0.747182 -0.995446 -1.552695
3  11.692107 0.000645 -0.000740  -0.890211 -0.000018 -1.391952
4  11.479911 0.000229 -0.000885  1.225960 -0.603154 0.357879
5  3.859502 -0.142824 -1.192079  -0.573871 -0.316762 -1.795817
6  1.312591 0.000009 0.000007  -0.135121 -0.003384 -0.178728
7  0.729354 0.000055 0.000049  -0.006155 -0.010667 -0.248915
8  3.942140 0.046330 -0.431542  -0.497018 0.100803 -1.231861
9  1.539110 0.000083 0.000004  -0.000382 -0.119364 -0.902013
10  1.196330 0.000145 0.000028  0.012615 0.002795 -0.535714
11  3.883509 -0.047213 0.431351  -0.283712 0.421834 -0.633459
12  1.719573 -0.000029 0.000017  0.057360 -0.144594 -1.427911
13  1.209179 0.000089 0.000011  -0.003667 -0.003000 -0.405259
14  4.085234 -0.082653 1.151009  0.076971 0.573771 0.038997
15  1.719450 -0.000017 0.000029  0.015664 -0.064932 -0.867211
16  1.099675 0.000049 0.000006  -0.075642 0.030056 -1.536734
17  0.869860 -1.165528 1.469023  -1.184630 -0.527540 -0.152316
18  1.789820 -0.000003 -0.000018  0.000001 -0.000026 0.636398
19  1.207013 -0.000013 -0.000044  0.000006 -0.000006 -0.137935
20  5.740637 0.000389 -0.000702  -0.108229 0.000003 0.000064
21  11.480989 0.000223 -0.000831  -0.042733 -0.108608 0.037758
22  6.027524 -0.000330 0.000200  1.600190 -0.574767 1.534864
23  -0.000001 11.692100 -0.000007  -0.965049 -0.417379 -0.768316
24  0.000003 0.000008 0.000001  -0.021116 -0.000031 1.570738
25  -0.000000 -0.000012 0.000001  0.868960 0.000002 1.570712
26  -6.617934 -9.178503 0.826812  1.473120 1.855075 -0.198639
27  6.027513 -0.000259 -0.000221  1.520730 0.754736 -0.708481
28  11.691992 0.000161 0.000857  0.141449 0.000072 -1.836665
29  11.479355 -0.000861 0.000954  -1.142790 0.380466 0.885558
30  3.859437 -0.132758 1.193066  0.469647 -0.013262 -1.872395
31  1.312559 0.000026 -0.000001  0.024060 -0.138696 -0.550187
32  0.729344 0.000065 -0.000026  -0.166197 -0.081570 -0.714272
33  3.942046 0.050139 0.431001  0.225309 -0.086237 -1.592712
34  1.539096 0.000005 -0.000001  0.035254 -0.050373 -0.994350
35  1.196300 0.000078 -0.000003  -0.021521 0.002175 -0.839738
36  3.883414 -0.050472 -0.431084  0.184824 -0.271737 -1.204030
37  1.719563 -0.000085 -0.000005  0.022859 -0.107186 -1.509108
38  1.209198 0.000035 0.000012  0.000661 0.071072 -0.480462
39  3.859588 -0.149083 -1.331320  -0.104061 -0.070249 -0.272073
40  1.719415 -0.000098 -0.000035  -0.013177 0.003907 -1.203491
41  1.099674 0.000021 0.000007  -0.005887 -0.007993 -0.771205
42  0.805984 -0.359848 -1.318338  0.991670 0.166767 -0.799527
43  1.789780 -0.000008 -0.000043  0.000058 -0.002451 0.133098
44  1.206996 -0.000007 0.000005  0.000372 -0.000071 1.058780
45  5.740571 0.000079 0.000721  0.172460 -0.000014 0.000028
46  11.480814 -0.000098 0.000936  0.056555 0.082971 0.145456
47  6.027515 -0.000273 -0.000230  -0.910498 -0.520836 -1.709520
48  -0.000000 11.691973 -0.000005  -1.227263 0.672038 0.920661
49  0.000002 -0.000002 0.000001  2.413977 -0.000036 1.570860
50  -0.000006 -0.000014 0.000005  2.272645 -0.000036 1.570861
51  -3.422328 -3.805365 -6.854754  -0.078012 -2.996716 1.465737
52  0.000000 -0.000000 0.000000  0.008153 -0.000259 0.000009
53  0.000000 -0.000000 0.000001  1.565115 0.043565 -0.106862
54  -0.363791 -15.867239 -5.623037  -0.755929 -0.139050 -1.950540
55  -0.000001 -0.000000 0.000000  0.000000 -0.000001 -0.000002
56  0.000029 0.000028 0.000002  -1.571901 -0.044449 -0.106509
57  5.185302 -16.056248 -16.646038  1.570796 -0.000000 0.000000
58  -15.417985 4.000748 -22.641926  1.570796 -0.000000 0.000000
59  2.236387 -0.189356 -5.037201  1.570796 -0.000000 0.000000
60  -0.004311 0.001230 -0.000371  0.006898 -0.005534 -0.284229
61  0.826810 10.209643 -4.879054  1.570796 -0.000000 0.000000
62  0.000000 0.000000 0.000000  -0.078727 -3.136056 0.284226
63  -2.240596 -3.247336 -0.249455  1.570796 -0.000000 0.000000
64  -2.287624 -8.249615 -1.349235  1.570796 0.000000 0.000000
65  0.002681 -3.204031 0.621196  0.000000 -0.000000 0.000000
66  0.048105 -1.112260 5.803837  0.000000 -0.000000 0.000000
67  -1.184782 0.539746 -0.284904  0.000000 -0.000000 0.000000
68  0.047884 -1.610073 21.020466  0.000000 -0.000000 0.000000
69  0.047881 -3.319714 2.472855  0.000000 -0.000000 0.000000
70  0.172180 -2.040368 3.568007  0.000000 -0.000000 0.000000
71  0.654947 -2.537531 2.477230  0.000000 -0.000000 0.000000
72  -2.285144 -12.956001 -5.446409  1.570796 0.000000 0.000000
73  0.017809 1.799356 -0.402361  0.000000 -0.000000 0.000000
74  -2.285144 -12.956001 -5.446409  1.570796 0.000000 0.000000
75  0.031323 2.100358 -1.138380  0.000000 -0.000000 0.000000
76  -0.024051 1.849582 -1.138377  0.000000 -0.000000 0.000000
time 22
0  0.000006 0.000000 0.000000  -1.570800 -1.391899 -1.570792
1  -4.921969 1.082092 2.232071  -1.544956 -1.855077 -0.198630
2  6.027524 -0.000323 0.000190  -0.747182 -0.995446 -1.552695
3  11.692107 0.000645 -0.000740  -0.890211 -0.000018 -1.391952
4  11.479911 0.000229 -0.000885  1.225960 -0.603154 0.357879
5  3.859502 -0.142824 -1.192079  -0.573871 -0.316762 -1.795817
6  1.312591 0.000009 0.000007  -0.135121 -0.003384 -0.178728
7  0.729354 0.000055 0.000049  -0.006155 -0.010667 -0.248915
8  3.942140 0.046330 -0.431542  -0.497018 0.100803 -1.231861
9  1.539110 0.000083 0.000004  -0.000382 -0.119364 -0.902013
10  1.196330 0.000145 0.000028  0.012615 0.002795 -0.535714
11  3.883509 -0.047213 0.431351  -0.283712 0.421834 -0.633459
12  1.719573 -0.000029 0.000017  0.057360 -0.144594 -1.427911
13  1.209179 0.000089 0.000011  -0.003667 -0.003000 -0.405259
14  4.085234 -0.082653 1.151009  0.076971 0.573771 0.038997
15  1.719450 -0.000017 0.000029  0.015664 -0.064932 -0.867211
16  1.099675 0.000049 0.000006  -0.075642 0.030056 -1.536734
17  0.869860 -1.165528 1.469023  -1.184630 -0.527540 -0.152316
18  1.789820 -0.000003 -0.000018  0.000001 -0.000026 0.636398
19  1.207013 -0.000013 -0.000044  0.000006 -0.000006 -0.137935
20  5.740637 0.000389 -0.000702  -0.108229 0.000003 0.000064
21  11.480989 0.000223 -0.000831  -0.042733 -0.108608 0.037758
22  6.027524 -0.000330 0.000200  1.600190 -0.574767 1.534864
23  -0.000001 11.692100 -0.000007  -0.965049 -0.417379 -0.768316
24  0.000003 0.000008 0.000001  -0.021116 -0.000031 1.570738
25  -0.000000 -0.000012 0.000001  0.868960 0.000002 1.570712
26  -6.617934 -9.178503 0.826812  1.473120 1.855075 -0.198639
27  6.027513 -0.000259 -0.000221  1.520730 0.754736 -0.708481
28  11.691992 0.000161 0.000857  0.141449 0.000072 -1.836665
29  11.479355 -0.000861 0.000954  -1.142790 0.380466 0.885558
30  3.859437 -0.132758 1.193066  0.469647 -0.013262 -1.872395
31  1.312559 0.000026 -0.000001  0.024060 -0.138696 -0.550187
32  0.729344 0.000065 -0.000026  -0.166197 -0.081570 -0.714272
33  3.942046 0.050139 0.431001  0.225309 -0.086237 -1.592712
34  1.539096 0.000005 -0.000001  0.035254 -0.050373 -0.994350
35  1.196300 0.000078 -0.000003  -0.021521 0.002175 -0.839738
36  3.883414 -0.050472 -0.431084  0.184824 -0.271737 -1.204030
37  1.719563 -0.000085 -0.000005  0.022859 -0.107186 -1.509108
38  1.209198 0.000035 0.000012  0.000661 0.071072 -0.480462
39  3.859588 -0.149083 -1.331320  -0.104061 -0.070249 -0.272073
40  1.719415 -0.000098 -0.000035  -0.013177 0.003907 -1.203491
41  1.099674 0.000021 0.000007  -0.005887 -0.007993 -0.771205
42  0.805984 -0.359848 -1.318338  0.991670 0.166767 -0.799527
43  1.789780 -0.000008 -0.000043  0.000058 -0.002451 0.133098
44  1.206996 -0.000007 0.000005  0.000372 -0.000071 1.058780
45  5.740571 0.000079 0.000721  0.172460 -0.000014 0.000028
46  11.480814 -0.000098 0.000936  0.056555 0.082971 0.145456
47  6.027515 -0.000273 -0.000230  -0.910498 -0.520836 -1.709520
48  -0.000000 11.691973 -0.000005  -1.227263 0.672038 0.920661
49  0.000002 -0.000002 0.000001  2.413977 -0.000036 1.570860
50  -0.000006 -0.000014 0.000005  2.272645 -0.000036 1.570861
51  -3.422328 -3.805365 -6.854754  -0.078012 -2.996716 1.465737
52  0.000000 -0.000000 0.000000  0.008153 -0.000259 0.000009
53  0.000000 -0.000000 0.000001  1.565115 0.043565 -0.106862
54  -0.363791 -15.867239 -5.623037  -0.755929 -0.139050 -1.950540
55  -0.000001 -0.000000 0.000000  0.000000 -0.000001 -0.000002
56  0.000029 0.000028 0.000002  -1.571901 -0.044449 -0.106509
57  5.185302 -16.056248 -16.646038  1.570796 -0.000000 0.000000
58  -15.417985 4.000748 -22.641926  1.570796 -0.000000 0.000000
59  2.236387 -0.189356 -5.037201  1.570796 -0.000000 0.000000
60  -0.004311 0.001230 -0.000371  0.006898 -0.005534 -0.284229
61  0.826810 10.209643 -4.879054  1.570796 -0.000000 0.000000
62  0.000000 0.000000 0.000000  -0.078727 -3.136056 0.284226
63  -2.240596 -3.247336 -0.249455  1.570796 -0.000000 0.000000
64  -2.287624 -8.249615 -1.349235  1.570796 0.000000 0.000000
65  0.002681 -3.204031 0.621196  0.000000 -0.000000 0.000000
66  0.048105 -1.112260 5.803837  0.000000 -0.000000 0.000000
67  -1.184782 0.539746 -0.284904  0.000000 -0.000000 0.000000
68  0.047884 -1.610073 21.020466  0.000000 -0.000000 0.000000
69  0.047881 -3.319714 2.472855  0.000000 -0.000000 0.000000
70  0.172180 -2.040368 3.568007  0.000000 -0.000000 0.000000
71  0.654947 -2.537531 2.477230  0.000000 -0.000000 0.000000
72  -2.285144 -12.956001 -5.446409  1.570796 0.000000 0.000000
73  0.017809 1.799356 -0.402361  0.000000 -0.000000 0.000000
74  -2.285144 -12.956001 -5.446409  1.570796 0.000000 0.000000
75  0.031323 2.100358 -1.138380  0.000000 -0.000000 0.000000
76  -0.024051 1.849582 -1.138377  0.000000 -0.000000 0.000000
time 23
0  0.000006 0.000000 0.000000  -1.570800 -1.391899 -1.570792
1  -4.921969 1.082092 2.232071  -1.544956 -1.855077 -0.198630
2  6.027524 -0.000323 0.000190  -0.747182 -0.995446 -1.552695
3  11.692107 0.000645 -0.000740  -0.890211 -0.000018 -1.391952
4  11.479911 0.000229 -0.000885  1.225960 -0.603154 0.357879
5  3.859502 -0.142824 -1.192079  -0.573871 -0.316762 -1.795817
6  1.312591 0.000009 0.000007  -0.135121 -0.003384 -0.178728
7  0.729354 0.000055 0.000049  -0.006155 -0.010667 -0.248915
8  3.942140 0.046330 -0.431542  -0.497018 0.100803 -1.231861
9  1.539110 0.000083 0.000004  -0.000382 -0.119364 -0.902013
10  1.196330 0.000145 0.000028  0.012615 0.002795 -0.535714
11  3.883509 -0.047213 0.431351  -0.283712 0.421834 -0.633459
12  1.719573 -0.000029 0.000017  0.057360 -0.144594 -1.427911
13  1.209179 0.000089 0.000011  -0.003667 -0.003000 -0.405259
14  4.085234 -0.082653 1.151009  0.076971 0.573771 0.038997
15  1.719450 -0.000017 0.000029  0.015664 -0.064932 -0.867211
16  1.099675 0.000049 0.000006  -0.075642 0.030056 -1.536734
17  0.869860 -1.165528 1.469023  -1.184630 -0.527540 -0.152316
18  1.789820 -0.000003 -0.000018  0.000001 -0.000026 0.636398
19  1.207013 -0.000013 -0.000044  0.000006 -0.000006 -0.137935
20  5.740637 0.000389 -0.000702  -0.108229 0.000003 0.000064
21  11.480989 0.000223 -0.000831  -0.042733 -0.108608 0.037758
22  6.027524 -0.000330 0.000200  1.600190 -0.574767 1.534864
23  -0.000001 11.692100 -0.000007  -0.965049 -0.417379 -0.768316
24  0.000003 0.000008 0.000001  -0.021116 -0.000031 1.570738
25  -0.000000 -0.000012 0.000001  0.868960 0.000002 1.570712
26  -6.617934 -9.178503 0.826812  1.473120 1.855075 -0.198639
27  6.027513 -0.000259 -0.000221  1.520730 0.754736 -0.708481
28  11.691992 0.000161 0.000857  0.141449 0.000072 -1.836665
29  11.479355 -0.000861 0.000954  -1.142790 0.380466 0.885558
30  3.859437 -0.132758 1.193066  0.469647 -0.013262 -1.872395
31  1.312559 0.000026 -0.000001  0.024060 -0.138696 -0.550187
32  0.729344 0.000065 -0.000026  -0.166197 -0.081570 -0.714272
33  3.942046 0.050139 0.431001  0.225309 -0.086237 -1.592712
34  1.539096 0.000005 -0.000001  0.035254 -0.050373 -0.994350
35  1.196300 0.000078 -0.000003  -0.021521 0.002175 -0.839738
36  3.883414 -0.050472 -0.431084  0.184824 -0.271737 -1.204030
37  1.719563 -0.000085 -0.000005  0.022859 -0.107186 -1.509108
38  1.209198 0.000035 0.000012  0.000661 0.071072 -0.480462
39  3.859588 -0.149083 -1.331320  -0.104061 -0.070249 -0.272073
40  1.719415 -0.000098 -0.000035  -0.013177 0.003907 -1.203491
41  1.099674 0.000021 0.000007  -0.005887 -0.007993 -0.771205
42  0.805984 -0.359848 -1.318338  0.991670 0.166767 -0.799527
43  1.789780 -0.000008 -0.000043  0.000058 -0.002451 0.133098
44  1.206996 -0.000007 0.000005  0.000372 -0.000071 1.058780
45  5.740571 0.000079 0.000721  0.172460 -0.000014 0.000028
46  11.480814 -0.000098 0.000936  0.056555 0.082971 0.145456
47  6.027515 -0.000273 -0.000230  -0.910498 -0.520836 -1.709520
48  -0.000000 11.691973 -0.000005  -1.227263 0.672038 0.920661
49  0.000002 -0.000002 0.000001  2.413977 -0.000036 1.570860
50  -0.000006 -0.000014 0.000005  2.272645 -0.000036 1.570861
51  -3.422328 -3.805365 -6.854754  -0.078012 -2.996716 1.465737
52  0.000000 -0.000000 0.000000  0.008153 -0.000259 0.000009
53  0.000000 -0.000000 0.000001  1.565115 0.043565 -0.106862
54  -0.363791 -15.867239 -5.623037  -0.755929 -0.139050 -1.950540
55  -0.000001 -0.000000 0.000000  0.000000 -0.000001 -0.000002
56  0.000029 0.000028 0.000002  -1.571901 -0.044449 -0.106509
57  5.185302 -16.056248 -16.646038  1.570796 -0.000000 0.000000
58  -15.417985 4.000748 -22.641926  1.570796 -0.000000 0.000000
59  2.236387 -0.189356 -5.037201  1.570796 -0.000000 0.000000
60  -0.004311 0.001230 -0.000371  0.006898 -0.005534 -0.284229
61  0.826810 10.209643 -4.879054  1.570796 -0.000000 0.000000
62  0.000000 0.000000 0.000000  -0.078727 -3.136056 0.284226
63  -2.240596 -3.247336 -0.249455  1.570796 -0.000000 0.000000
64  -2.287624 -8.249615 -1.349235  1.570796 0.000000 0.000000
65  0.002681 -3.204031 0.621196  0.000000 -0.000000 0.000000
66  0.048105 -1.112260 5.803837  0.000000 -0.000000 0.000000
67  -1.184782 0.539746 -0.284904  0.000000 -0.000000 0.000000
68  0.047884 -1.610073 21.020466  0.000000 -0.000000 0.000000
69  0.047881 -3.319714 2.472855  0.000000 -0.000000 0.000000
70  0.172180 -2.040368 3.568007  0.000000 -0.000000 0.000000
71  0.654947 -2.537531 2.477230  0.000000 -0.000000 0.000000
72  -2.285144 -12.956001 -5.446409  1.570796 0.000000 0.000000
73  0.017809 1.799356 -0.402361  0.000000 -0.000000 0.000000
74  -2.285144 -12.956001 -5.446409  1.570796 0.000000 0.000000
75  0.031323 2.100358 -1.138380  0.000000 -0.000000 0.000000
76  -0.024051 1.849582 -1.138377  0.000000 -0.000000 0.000000
time 24
0  0.000006 0.000000 0.000000  -1.570800 -1.391899 -1.570792
1  -4.921969 1.082092 2.232071  -1.544956 -1.855077 -0.198630
2  6.027524 -0.000323 0.000190  -0.747182 -0.995446 -1.552695
3  11.692107 0.000645 -0.000740  -0.890211 -0.000018 -1.391952
4  11.479911 0.000229 -0.000885  1.225960 -0.603154 0.357879
5  3.859502 -0.142824 -1.192079  -0.573871 -0.316762 -1.795817
6  1.312591 0.000009 0.000007  -0.135121 -0.003384 -0.178728
7  0.729354 0.000055 0.000049  -0.006155 -0.010667 -0.248915
8  3.942140 0.046330 -0.431542  -0.497018 0.100803 -1.231861
9  1.539110 0.000083 0.000004  -0.000382 -0.119364 -0.902013
10  1.196330 0.000145 0.000028  0.012615 0.002795 -0.535714
11  3.883509 -0.047213 0.431351  -0.283712 0.421834 -0.633459
12  1.719573 -0.000029 0.000017  0.057360 -0.144594 -1.427911
13  1.209179 0.000089 0.000011  -0.003667 -0.003000 -0.405259
14  4.085234 -0.082653 1.151009  0.076971 0.573771 0.038997
15  1.719450 -0.000017 0.000029  0.015664 -0.064932 -0.867211
16  1.099675 0.000049 0.000006  -0.075642 0.030056 -1.536734
17  0.869860 -1.165528 1.469023  -1.184630 -0.527540 -0.152316
18  1.789820 -0.000003 -0.000018  0.000001 -0.000026 0.636398
19  1.207013 -0.000013 -0.000044  0.000006 -0.000006 -0.137935
20  5.740637 0.000389 -0.000702  -0.108229 0.000003 0.000064
21  11.480989 0.000223 -0.000831  -0.042733 -0.108608 0.037758
22  6.027524 -0.000330 0.000200  1.600190 -0.574767 1.534864
23  -0.000001 11.692100 -0.000007  -0.965049 -0.417379 -0.768316
24  0.000003 0.000008 0.000001  -0.021116 -0.000031 1.570738
25  -0.000000 -0.000012 0.000001  0.868960 0.000002 1.570712
26  -6.617934 -9.178503 0.826812  1.473120 1.855075 -0.198639
27  6.027513 -0.000259 -0.000221  1.520730 0.754736 -0.708481
28  11.691992 0.000161 0.000857  0.141449 0.000072 -1.836665
29  11.479355 -0.000861 0.000954  -1.142790 0.380466 0.885558
30  3.859437 -0.132758 1.193066  0.469647 -0.013262 -1.872395
31  1.312559 0.000026 -0.000001  0.024060 -0.138696 -0.550187
32  0.729344 0.000065 -0.000026  -0.166197 -0.081570 -0.714272
33  3.942046 0.050139 0.431001  0.225309 -0.086237 -1.592712
34  1.539096 0.000005 -0.000001  0.035254 -0.050373 -0.994350
35  1.196300 0.000078 -0.000003  -0.021521 0.002175 -0.839738
36  3.883414 -0.050472 -0.431084  0.184824 -0.271737 -1.204030
37  1.719563 -0.000085 -0.000005  0.022859 -0.107186 -1.509108
38  1.209198 0.000035 0.000012  0.000661 0.071072 -0.480462
39  3.859588 -0.149083 -1.331320  -0.104061 -0.070249 -0.272073
40  1.719415 -0.000098 -0.000035  -0.013177 0.003907 -1.203491
41  1.099674 0.000021 0.000007  -0.005887 -0.007993 -0.771205
42  0.805984 -0.359848 -1.318338  0.991670 0.166767 -0.799527
43  1.789780 -0.000008 -0.000043  0.000058 -0.002451 0.133098
44  1.206996 -0.000007 0.000005  0.000372 -0.000071 1.058780
45  5.740571 0.000079 0.000721  0.172460 -0.000014 0.000028
46  11.480814 -0.000098 0.000936  0.056555 0.082971 0.145456
47  6.027515 -0.000273 -0.000230  -0.910498 -0.520836 -1.709520
48  -0.000000 11.691973 -0.000005  -1.227263 0.672038 0.920661
49  0.000002 -0.000002 0.000001  2.413977 -0.000036 1.570860
50  -0.000006 -0.000014 0.000005  2.272645 -0.000036 1.570861
51  -3.422328 -3.805365 -6.854754  -0.078012 -2.996716 1.465737
52  0.000000 -0.000000 0.000000  0.008153 -0.000259 0.000009
53  0.000000 -0.000000 0.000001  1.565115 0.043565 -0.106862
54  -0.363791 -15.867239 -5.623037  -0.755929 -0.139050 -1.950540
55  -0.000001 -0.000000 0.000000  0.000000 -0.000001 -0.000002
56  0.000029 0.000028 0.000002  -1.571901 -0.044449 -0.106509
57  5.185302 -16.056248 -16.646038  1.570796 -0.000000 0.000000
58  -15.417985 4.000748 -22.641926  1.570796 -0.000000 0.000000
59  2.236387 -0.189356 -5.037201  1.570796 -0.000000 0.000000
60  -0.004311 0.001230 -0.000371  0.006898 -0.005534 -0.284229
61  0.826810 10.209643 -4.879054  1.570796 -0.000000 0.000000
62  0.000000 0.000000 0.000000  -0.078727 -3.136056 0.284226
63  -2.240596 -3.247336 -0.249455  1.570796 -0.000000 0.000000
64  -2.287624 -8.249615 -1.349235  1.570796 0.000000 0.000000
65  0.002681 -3.204031 0.621196  0.000000 -0.000000 0.000000
66  0.048105 -1.112260 5.803837  0.000000 -0.000000 0.000000
67  -1.184782 0.539746 -0.284904  0.000000 -0.000000 0.000000
68  0.047884 -1.610073 21.020466  0.000000 -0.000000 0.000000
69  0.047881 -3.319714 2.472855  0.000000 -0.000000 0.000000
70  0.172180 -2.040368 3.568007  0.000000 -0.000000 0.000000
71  0.654947 -2.537531 2.477230  0.000000 -0.000000 0.000000
72  -2.285144 -12.956001 -5.446409  1.570796 0.000000 0.000000
73  0.017809 1.799356 -0.402361  0.000000 -0.000000 0.000000
74  -2.285144 -12.956001 -5.446409  1.570796 0.000000 0.000000
75  0.031323 2.100358 -1.138380  0.000000 -0.000000 0.000000
76  -0.024051 1.849582 -1.138377  0.000000 -0.000000 0.000000
time 25
0  0.000006 0.000000 0.000000  -1.570800 -1.391899 -1.570792
1  -4.921969 1.082092 2.232071  -1.544956 -1.855077 -0.198630
2  6.027524 -0.000323 0.000190  -0.747182 -0.995446 -1.552695
3  11.692107 0.000645 -0.000740  -0.890211 -0.000018 -1.391952
4  11.479911 0.000229 -0.000885  1.225960 -0.603154 0.357879
5  3.859502 -0.142824 -1.192079  -0.573871 -0.316762 -1.795817
6  1.312591 0.000009 0.000007  -0.135121 -0.003384 -0.178728
7  0.729354 0.000055 0.000049  -0.006155 -0.010667 -0.248915
8  3.942140 0.046330 -0.431542  -0.497018 0.100803 -1.231861
9  1.539110 0.000083 0.000004  -0.000382 -0.119364 -0.902013
10  1.196330 0.000145 0.000028  0.012615 0.002795 -0.535714
11  3.883509 -0.047213 0.431351  -0.283712 0.421834 -0.633459
12  1.719573 -0.000029 0.000017  0.057360 -0.144594 -1.427911
13  1.209179 0.000089 0.000011  -0.003667 -0.003000 -0.405259
14  4.085234 -0.082653 1.151009  0.076971 0.573771 0.038997
15  1.719450 -0.000017 0.000029  0.015664 -0.064932 -0.867211
16  1.099675 0.000049 0.000006  -0.075642 0.030056 -1.536734
17  0.869860 -1.165528 1.469023  -1.184630 -0.527540 -0.152316
18  1.789820 -0.000003 -0.000018  0.000001 -0.000026 0.636398
19  1.207013 -0.000013 -0.000044  0.000006 -0.000006 -0.137935
20  5.740637 0.000389 -0.000702  -0.108229 0.000003 0.000064
21  11.480989 0.000223 -0.000831  -0.042733 -0.108608 0.037758
22  6.027524 -0.000330 0.000200  1.600190 -0.574767 1.534864
23  -0.000001 11.692100 -0.000007  -0.965049 -0.417379 -0.768316
24  0.000003 0.000008 0.000001  -0.021116 -0.000031 1.570738
25  -0.000000 -0.000012 0.000001  0.868960 0.000002 1.570712
26  -6.617934 -9.178503 0.826812  1.473120 1.855075 -0.198639
27  6.027513 -0.000259 -0.000221  1.520730 0.754736 -0.708481
28  11.691992 0.000161 0.000857  0.141449 0.000072 -1.836665
29  11.479355 -0.000861 0.000954  -1.142790 0.380466 0.885558
30  3.859437 -0.132758 1.193066  0.469647 -0.013262 -1.872395
31  1.312559 0.000026 -0.000001  0.024060 -0.138696 -0.550187
32  0.729344 0.000065 -0.000026  -0.166197 -0.081570 -0.714272
33  3.942046 0.050139 0.431001  0.225309 -0.086237 -1.592712
34  1.539096 0.000005 -0.000001  0.035254 -0.050373 -0.994350
35  1.196300 0.000078 -0.000003  -0.021521 0.002175 -0.839738
36  3.883414 -0.050472 -0.431084  0.184824 -0.271737 -1.204030
37  1.719563 -0.000085 -0.000005  0.022859 -0.107186 -1.509108
38  1.209198 0.000035 0.000012  0.000661 0.071072 -0.480462
39  3.859588 -0.149083 -1.331320  -0.104061 -0.070249 -0.272073
40  1.719415 -0.000098 -0.000035  -0.013177 0.003907 -1.203491
41  1.099674 0.000021 0.000007  -0.005887 -0.007993 -0.771205
42  0.805984 -0.359848 -1.318338  0.991670 0.166767 -0.799527
43  1.789780 -0.000008 -0.000043  0.000058 -0.002451 0.133098
44  1.206996 -0.000007 0.000005  0.000372 -0.000071 1.058780
45  5.740571 0.000079 0.000721  0.172460 -0.000014 0.000028
46  11.480814 -0.000098 0.000936  0.056555 0.082971 0.145456
47  6.027515 -0.000273 -0.000230  -0.910498 -0.520836 -1.709520
48  -0.000000 11.691973 -0.000005  -1.227263 0.672038 0.920661
49  0.000002 -0.000002 0.000001  2.413977 -0.000036 1.570860
50  -0.000006 -0.000014 0.000005  2.272645 -0.000036 1.570861
51  -3.422328 -3.805365 -6.854754  -0.078012 -2.996716 1.465737
52  0.000000 -0.000000 0.000000  0.008153 -0.000259 0.000009
53  0.000000 -0.000000 0.000001  1.565115 0.043565 -0.106862
54  -0.363791 -15.867239 -5.623037  -0.755929 -0.139050 -1.950540
55  -0.000001 -0.000000 0.000000  0.000000 -0.000001 -0.000002
56  0.000029 0.000028 0.000002  -1.571901 -0.044449 -0.106509
57  5.185302 -16.056248 -16.646038  1.570796 -0.000000 0.000000
58  -15.417985 4.000748 -22.641926  1.570796 -0.000000 0.000000
59  2.236387 -0.189356 -5.037201  1.570796 -0.000000 0.000000
60  -0.004311 0.001230 -0.000371  0.006898 -0.005534 -0.284229
61  0.826810 10.209643 -4.879054  1.570796 -0.000000 0.000000
62  0.000000 0.000000 0.000000  -0.078727 -3.136056 0.284226
63  -2.240596 -3.247336 -0.249455  1.570796 -0.000000 0.000000
64  -2.287624 -8.249615 -1.349235  1.570796 0.000000 0.000000
65  0.002681 -3.204031 0.621196  0.000000 -0.000000 0.000000
66  0.048105 -1.112260 5.803837  0.000000 -0.000000 0.000000
67  -1.184782 0.539746 -0.284904  0.000000 -0.000000 0.000000
68  0.047884 -1.610073 21.020466  0.000000 -0.000000 0.000000
69  0.047881 -3.319714 2.472855  0.000000 -0.000000 0.000000
70  0.172180 -2.040368 3.568007  0.000000 -0.000000 0.000000
71  0.654947 -2.537531 2.477230  0.000000 -0.000000 0.000000
72  -2.285144 -12.956001 -5.446409  1.570796 0.000000 0.000000
73  0.017809 1.799356 -0.402361  0.000000 -0.000000 0.000000
74  -2.285144 -12.956001 -5.446409  1.570796 0.000000 0.000000
75  0.031323 2.100358 -1.138380  0.000000 -0.000000 0.000000
76  -0.024051 1.849582 -1.138377  0.000000 -0.000000 0.000000
time 26
0  0.000006 0.000000 0.000000  -1.570800 -1.391899 -1.570792
1  -4.921969 1.082092 2.232071  -1.544956 -1.855077 -0.198630
2  6.027524 -0.000323 0.000190  -0.747182 -0.995446 -1.552695
3  11.692107 0.000645 -0.000740  -0.890211 -0.000018 -1.391952
4  11.479911 0.000229 -0.000885  1.225960 -0.603154 0.357879
5  3.859502 -0.142824 -1.192079  -0.573871 -0.316762 -1.795817
6  1.312591 0.000009 0.000007  -0.135121 -0.003384 -0.178728
7  0.729354 0.000055 0.000049  -0.006155 -0.010667 -0.248915
8  3.942140 0.046330 -0.431542  -0.497018 0.100803 -1.231861
9  1.539110 0.000083 0.000004  -0.000382 -0.119364 -0.902013
10  1.196330 0.000145 0.000028  0.012615 0.002795 -0.535714
11  3.883509 -0.047213 0.431351  -0.283712 0.421834 -0.633459
12  1.719573 -0.000029 0.000017  0.057360 -0.144594 -1.427911
13  1.209179 0.000089 0.000011  -0.003667 -0.003000 -0.405259
14  4.085234 -0.082653 1.151009  0.076971 0.573771 0.038997
15  1.719450 -0.000017 0.000029  0.015664 -0.064932 -0.867211
16  1.099675 0.000049 0.000006  -0.075642 0.030056 -1.536734
17  0.869860 -1.165528 1.469023  -1.184630 -0.527540 -0.152316
18  1.789820 -0.000003 -0.000018  0.000001 -0.000026 0.636398
19  1.207013 -0.000013 -0.000044  0.000006 -0.000006 -0.137935
20  5.740637 0.000389 -0.000702  -0.108229 0.000003 0.000064
21  11.480989 0.000223 -0.000831  -0.042733 -0.108608 0.037758
22  6.027524 -0.000330 0.000200  1.600190 -0.574767 1.534864
23  -0.000001 11.692100 -0.000007  -0.965049 -0.417379 -0.768316
24  0.000003 0.000008 0.000001  -0.021116 -0.000031 1.570738
25  -0.000000 -0.000012 0.000001  0.868960 0.000002 1.570712
26  -6.617934 -9.178503 0.826812  1.473120 1.855075 -0.198639
27  6.027513 -0.000259 -0.000221  1.520730 0.754736 -0.708481
28  11.691992 0.000161 0.000857  0.141449 0.000072 -1.836665
29  11.479355 -0.000861 0.000954  -1.142790 0.380466 0.885558
30  3.859437 -0.132758 1.193066  0.469647 -0.013262 -1.872395
31  1.312559 0.000026 -0.000001  0.024060 -0.138696 -0.550187
32  0.729344 0.000065 -0.000026  -0.166197 -0.081570 -0.714272
33  3.942046 0.050139 0.431001  0.225309 -0.086237 -1.592712
34  1.539096 0.000005 -0.000001  0.035254 -0.050373 -0.994350
35  1.196300 0.000078 -0.000003  -0.021521 0.002175 -0.839738
36  3.883414 -0.050472 -0.431084  0.184824 -0.271737 -1.204030
37  1.719563 -0.000085 -0.000005  0.022859 -0.107186 -1.509108
38  1.209198 0.000035 0.000012  0.000661 0.071072 -0.480462
39  3.859588 -0.149083 -1.331320  -0.104061 -0.070249 -0.272073
40  1.719415 -0.000098 -0.000035  -0.013177 0.003907 -1.203491
41  1.099674 0.000021 0.000007  -0.005887 -0.007993 -0.771205
42  0.805984 -0.359848 -1.318338  0.991670 0.166767 -0.799527
43  1.789780 -0.000008 -0.000043  0.000058 -0.002451 0.133098
44  1.206996 -0.000007 0.000005  0.000372 -0.000071 1.058780
45  5.740571 0.000079 0.000721  0.172460 -0.000014 0.000028
46  11.480814 -0.000098 0.000936  0.056555 0.082971 0.145456
47  6.027515 -0.000273 -0.000230  -0.910498 -0.520836 -1.709520
48  -0.000000 11.691973 -0.000005  -1.227263 0.672038 0.920661
49  0.000002 -0.000002 0.000001  2.413977 -0.000036 1.570860
50  -0.000006 -0.000014 0.000005  2.272645 -0.000036 1.570861
51  -3.422328 -3.805365 -6.854754  -0.078012 -2.996716 1.465737
52  0.000000 -0.000000 0.000000  0.008153 -0.000259 0.000009
53  0.000000 -0.000000 0.000001  1.565115 0.043565 -0.106862
54  -0.363791 -15.867239 -5.623037  -0.755929 -0.139050 -1.950540
55  -0.000001 -0.000000 0.000000  0.000000 -0.000001 -0.000002
56  0.000029 0.000028 0.000002  -1.571901 -0.044449 -0.106509
57  5.185302 -16.056248 -16.646038  1.570796 -0.000000 0.000000
58  -15.417985 4.000748 -22.641926  1.570796 -0.000000 0.000000
59  2.236387 -0.189356 -5.037201  1.570796 -0.000000 0.000000
60  -0.004311 0.001230 -0.000371  0.006898 -0.005534 -0.284229
61  0.826810 10.209643 -4.879054  1.570796 -0.000000 0.000000
62  0.000000 0.000000 0.000000  -0.078727 -3.136056 0.284226
63  -2.240596 -3.247336 -0.249455  1.570796 -0.000000 0.000000
64  -2.287624 -8.249615 -1.349235  1.570796 0.000000 0.000000
65  0.002681 -3.204031 0.621196  0.000000 -0.000000 0.000000
66  0.048105 -1.112260 5.803837  0.000000 -0.000000 0.000000
67  -1.184782 0.539746 -0.284904  0.000000 -0.000000 0.000000
68  0.047884 -1.610073 21.020466  0.000000 -0.000000 0.000000
69  0.047881 -3.319714 2.472855  0.000000 -0.000000 0.000000
70  0.172180 -2.040368 3.568007  0.000000 -0.000000 0.000000
71  0.654947 -2.537531 2.477230  0.000000 -0.000000 0.000000
72  -2.285144 -12.956001 -5.446409  1.570796 0.000000 0.000000
73  0.017809 1.799356 -0.402361  0.000000 -0.000000 0.000000
74  -2.285144 -12.956001 -5.446409  1.570796 0.000000 0.000000
75  0.031323 2.100358 -1.138380  0.000000 -0.000000 0.000000
76  -0.024051 1.849582 -1.138377  0.000000 -0.000000 0.000000
time 27
0  0.000006 0.000000 0.000000  -1.570800 -1.391899 -1.570792
1  -4.921969 1.082092 2.232071  -1.544956 -1.855077 -0.198630
2  6.027524 -0.000323 0.000190  -0.747182 -0.995446 -1.552695
3  11.692107 0.000645 -0.000740  -0.890211 -0.000018 -1.391952
4  11.479911 0.000229 -0.000885  1.225960 -0.603154 0.357879
5  3.859502 -0.142824 -1.192079  -0.573871 -0.316762 -1.795817
6  1.312591 0.000009 0.000007  -0.135121 -0.003384 -0.178728
7  0.729354 0.000055 0.000049  -0.006155 -0.010667 -0.248915
8  3.942140 0.046330 -0.431542  -0.497018 0.100803 -1.231861
9  1.539110 0.000083 0.000004  -0.000382 -0.119364 -0.902013
10  1.196330 0.000145 0.000028  0.012615 0.002795 -0.535714
11  3.883509 -0.047213 0.431351  -0.283712 0.421834 -0.633459
12  1.719573 -0.000029 0.000017  0.057360 -0.144594 -1.427911
13  1.209179 0.000089 0.000011  -0.003667 -0.003000 -0.405259
14  4.085234 -0.082653 1.151009  0.076971 0.573771 0.038997
15  1.719450 -0.000017 0.000029  0.015664 -0.064932 -0.867211
16  1.099675 0.000049 0.000006  -0.075642 0.030056 -1.536734
17  0.869860 -1.165528 1.469023  -1.184630 -0.527540 -0.152316
18  1.789820 -0.000003 -0.000018  0.000001 -0.000026 0.636398
19  1.207013 -0.000013 -0.000044  0.000006 -0.000006 -0.137935
20  5.740637 0.000389 -0.000702  -0.108229 0.000003 0.000064
21  11.480989 0.000223 -0.000831  -0.042733 -0.108608 0.037758
22  6.027524 -0.000330 0.000200  1.600190 -0.574767 1.534864
23  -0.000001 11.692100 -0.000007  -0.965049 -0.417379 -0.768316
24  0.000003 0.000008 0.000001  -0.021116 -0.000031 1.570738
25  -0.000000 -0.000012 0.000001  0.868960 0.000002 1.570712
26  -6.617934 -9.178503 0.826812  1.473120 1.855075 -0.198639
27  6.027513 -0.000259 -0.000221  1.520730 0.754736 -0.708481
28  11.691992 0.000161 0.000857  0.141449 0.000072 -1.836665
29  11.479355 -0.000861 0.000954  -1.142790 0.380466 0.885558
30  3.859437 -0.132758 1.193066  0.469647 -0.013262 -1.872395
31  1.312559 0.000026 -0.000001  0.024060 -0.138696 -0.550187
32  0.729344 0.000065 -0.000026  -0.166197 -0.081570 -0.714272
33  3.942046 0.050139 0.431001  0.225309 -0.086237 -1.592712
34  1.539096 0.000005 -0.000001  0.035254 -0.050373 -0.994350
35  1.196300 0.000078 -0.000003  -0.021521 0.002175 -0.839738
36  3.883414 -0.050472 -0.431084  0.184824 -0.271737 -1.204030
37  1.719563 -0.000085 -0.000005  0.022859 -0.107186 -1.509108
38  1.209198 0.000035 0.000012  0.000661 0.071072 -0.480462
39  3.859588 -0.149083 -1.331320  -0.104061 -0.070249 -0.272073
40  1.719415 -0.000098 -0.000035  -0.013177 0.003907 -1.203491
41  1.099674 0.000021 0.000007  -0.005887 -0.007993 -0.771205
42  0.805984 -0.359848 -1.318338  0.991670 0.166767 -0.799527
43  1.789780 -0.000008 -0.000043  0.000058 -0.002451 0.133098
44  1.206996 -0.000007 0.000005  0.000372 -0.000071 1.058780
45  5.740571 0.000079 0.000721  0.172460 -0.000014 0.000028
46  11.480814 -0.000098 0.000936  0.056555 0.082971 0.145456
47  6.027515 -0.000273 -0.000230  -0.910498 -0.520836 -1.709520
48  -0.000000 11.691973 -0.000005  -1.227263 0.672038 0.920661
49  0.000002 -0.000002 0.000001  2.413977 -0.000036 1.570860
50  -0.000006 -0.000014 0.000005  2.272645 -0.000036 1.570861
51  -3.422328 -3.805365 -6.854754  -0.078012 -2.996716 1.465737
52  0.000000 -0.000000 0.000000  0.008153 -0.000259 0.000009
53  0.000000 -0.000000 0.000001  1.565115 0.043565 -0.106862
54  -0.363791 -15.867239 -5.623037  -0.755929 -0.139050 -1.950540
55  -0.000001 -0.000000 0.000000  0.000000 -0.000001 -0.000002
56  0.000029 0.000028 0.000002  -1.571901 -0.044449 -0.106509
57  5.185302 -16.056248 -16.646038  1.570796 -0.000000 0.000000
58  -15.417985 4.000748 -22.641926  1.570796 -0.000000 0.000000
59  2.236387 -0.189356 -5.037201  1.570796 -0.000000 0.000000
60  -0.004311 0.001230 -0.000371  0.006898 -0.005534 -0.284229
61  0.826810 10.209643 -4.879054  1.570796 -0.000000 0.000000
62  0.000000 0.000000 0.000000  -0.078727 -3.136056 0.284226
63  -2.240596 -3.247336 -0.249455  1.570796 -0.000000 0.000000
64  -2.287624 -8.249615 -1.349235  1.570796 0.000000 0.000000
65  0.002681 -3.204031 0.621196  0.000000 -0.000000 0.000000
66  0.048105 -1.112260 5.803837  0.000000 -0.000000 0.000000
67  -1.184782 0.539746 -0.284904  0.000000 -0.000000 0.000000
68  0.047884 -1.610073 21.020466  0.000000 -0.000000 0.000000
69  0.047881 -3.319714 2.472855  0.000000 -0.000000 0.000000
70  0.172180 -2.040368 3.568007  0.000000 -0.000000 0.000000
71  0.654947 -2.537531 2.477230  0.000000 -0.000000 0.000000
72  -2.285144 -12.956001 -5.446409  1.570796 0.000000 0.000000
73  0.017809 1.799356 -0.402361  0.000000 -0.000000 0.000000
74  -2.285144 -12.956001 -5.446409  1.570796 0.000000 0.000000
75  0.031323 2.100358 -1.138380  0.000000 -0.000000 0.000000
76  -0.024051 1.849582 -1.138377  0.000000 -0.000000 0.000000
time 28
0  0.000006 0.000000 0.000000  -1.570800 -1.391899 -1.570792
1  -4.921969 1.082092 2.232071  -1.544956 -1.855077 -0.198630
2  6.027524 -0.000323 0.000190  -0.747182 -0.995446 -1.552695
3  11.692107 0.000645 -0.000740  -0.890211 -0.000018 -1.391952
4  11.479911 0.000229 -0.000885  1.225960 -0.603154 0.357879
5  3.859502 -0.142824 -1.192079  -0.573871 -0.316762 -1.795817
6  1.312591 0.000009 0.000007  -0.135121 -0.003384 -0.178728
7  0.729354 0.000055 0.000049  -0.006155 -0.010667 -0.248915
8  3.942140 0.046330 -0.431542  -0.497018 0.100803 -1.231861
9  1.539110 0.000083 0.000004  -0.000382 -0.119364 -0.902013
10  1.196330 0.000145 0.000028  0.012615 0.002795 -0.535714
11  3.883509 -0.047213 0.431351  -0.283712 0.421834 -0.633459
12  1.719573 -0.000029 0.000017  0.057360 -0.144594 -1.427911
13  1.209179 0.000089 0.000011  -0.003667 -0.003000 -0.405259
14  4.085234 -0.082653 1.151009  0.076971 0.573771 0.038997
15  1.719450 -0.000017 0.000029  0.015664 -0.064932 -0.867211
16  1.099675 0.000049 0.000006  -0.075642 0.030056 -1.536734
17  0.869860 -1.165528 1.469023  -1.184630 -0.527540 -0.152316
18  1.789820 -0.000003 -0.000018  0.000001 -0.000026 0.636398
19  1.207013 -0.000013 -0.000044  0.000006 -0.000006 -0.137935
20  5.740637 0.000389 -0.000702  -0.108229 0.000003 0.000064
21  11.480989 0.000223 -0.000831  -0.042733 -0.108608 0.037758
22  6.027524 -0.000330 0.000200  1.600190 -0.574767 1.534864
23  -0.000001 11.692100 -0.000007  -0.965049 -0.417379 -0.768316
24  0.000003 0.000008 0.000001  -0.021116 -0.000031 1.570738
25  -0.000000 -0.000012 0.000001  0.868960 0.000002 1.570712
26  -6.617934 -9.178503 0.826812  1.473120 1.855075 -0.198639
27  6.027513 -0.000259 -0.000221  1.520730 0.754736 -0.708481
28  11.691992 0.000161 0.000857  0.141449 0.000072 -1.836665
29  11.479355 -0.000861 0.000954  -1.142790 0.380466 0.885558
30  3.859437 -0.132758 1.193066  0.469647 -0.013262 -1.872395
31  1.312559 0.000026 -0.000001  0.024060 -0.138696 -0.550187
32  0.729344 0.000065 -0.000026  -0.166197 -0.081570 -0.714272
33  3.942046 0.050139 0.431001  0.225309 -0.086237 -1.592712
34  1.539096 0.000005 -0.000001  0.035254 -0.050373 -0.994350
35  1.196300 0.000078 -0.000003  -0.021521 0.002175 -0.839738
36  3.883414 -0.050472 -0.431084  0.184824 -0.271737 -1.204030
37  1.719563 -0.000085 -0.000005  0.022859 -0.107186 -1.509108
38  1.209198 0.000035 0.000012  0.000661 0.071072 -0.480462
39  3.859588 -0.149083 -1.331320  -0.104061 -0.070249 -0.272073
40  1.719415 -0.000098 -0.000035  -0.013177 0.003907 -1.203491
41  1.099674 0.000021 0.000007  -0.005887 -0.007993 -0.771205
42  0.805984 -0.359848 -1.318338  0.991670 0.166767 -0.799527
43  1.789780 -0.000008 -0.000043  0.000058 -0.002451 0.133098
44  1.206996 -0.000007 0.000005  0.000372 -0.000071 1.058780
45  5.740571 0.000079 0.000721  0.172460 -0.000014 0.000028
46  11.480814 -0.000098 0.000936  0.056555 0.082971 0.145456
47  6.027515 -0.000273 -0.000230  -0.910498 -0.520836 -1.709520
48  -0.000000 11.691973 -0.000005  -1.227263 0.672038 0.920661
49  0.000002 -0.000002 0.000001  2.413977 -0.000036 1.570860
50  -0.000006 -0.000014 0.000005  2.272645 -0.000036 1.570861
51  -3.422328 -3.805365 -6.854754  -0.078012 -2.996716 1.465737
52  0.000000 -0.000000 0.000000  0.008153 -0.000259 0.000009
53  0.000000 -0.000000 0.000001  1.565115 0.043565 -0.106862
54  -0.363791 -15.867239 -5.623037  -0.755929 -0.139050 -1.950540
55  -0.000001 -0.000000 0.000000  0.000000 -0.000001 -0.000002
56  0.000029 0.000028 0.000002  -1.571901 -0.044449 -0.106509
57  5.185302 -16.056248 -16.646038  1.570796 -0.000000 0.000000
58  -15.417985 4.000748 -22.641926  1.570796 -0.000000 0.000000
59  2.236387 -0.189356 -5.037201  1.570796 -0.000000 0.000000
60  -0.004311 0.001230 -0.000371  0.006898 -0.005534 -0.284229
61  0.826810 10.209643 -4.879054  1.570796 -0.000000 0.000000
62  0.000000 0.000000 0.000000  -0.078727 -3.136056 0.284226
63  -2.240596 -3.247336 -0.249455  1.570796 -0.000000 0.000000
64  -2.287624 -8.249615 -1.349235  1.570796 0.000000 0.000000
65  0.002681 -3.204031 0.621196  0.000000 -0.000000 0.000000
66  0.048105 -1.112260 5.803837  0.000000 -0.000000 0.000000
67  -1.184782 0.539746 -0.284904  0.000000 -0.000000 0.000000
68  0.047884 -1.610073 21.020466  0.000000 -0.000000 0.000000
69  0.047881 -3.319714 2.472855  0.000000 -0.000000 0.000000
70  0.172180 -2.040368 3.568007  0.000000 -0.000000 0.000000
71  0.654947 -2.537531 2.477230  0.000000 -0.000000 0.000000
72  -2.285144 -12.956001 -5.446409  1.570796 0.000000 0.000000
73  0.017809 1.799356 -0.402361  0.000000 -0.000000 0.000000
74  -2.285144 -12.956001 -5.446409  1.570796 0.000000 0.000000
75  0.031323 2.100358 -1.138380  0.000000 -0.000000 0.000000
76  -0.024051 1.849582 -1.138377  0.000000 -0.000000 0.000000
time 29
0  0.000006 0.000000 0.000000  -1.570800 -1.391899 -1.570792
1  -4.921969 1.082092 2.232071  -1.544956 -1.855077 -0.198630
2  6.027524 -0.000323 0.000190  -0.747182 -0.995446 -1.552695
3  11.692107 0.000645 -0.000740  -0.890211 -0.000018 -1.391952
4  11.479911 0.000229 -0.000885  1.225960 -0.603154 0.357879
5  3.859502 -0.142824 -1.192079  -0.573871 -0.316762 -1.795817
6  1.312591 0.000009 0.000007  -0.135121 -0.003384 -0.178728
7  0.729354 0.000055 0.000049  -0.006155 -0.010667 -0.248915
8  3.942140 0.046330 -0.431542  -0.497018 0.100803 -1.231861
9  1.539110 0.000083 0.000004  -0.000382 -0.119364 -0.902013
10  1.196330 0.000145 0.000028  0.012615 0.002795 -0.535714
11  3.883509 -0.047213 0.431351  -0.283712 0.421834 -0.633459
12  1.719573 -0.000029 0.000017  0.057360 -0.144594 -1.427911
13  1.209179 0.000089 0.000011  -0.003667 -0.003000 -0.405259
14  4.085234 -0.082653 1.151009  0.076971 0.573771 0.038997
15  1.719450 -0.000017 0.000029  0.015664 -0.064932 -0.867211
16  1.099675 0.000049 0.000006  -0.075642 0.030056 -1.536734
17  0.869860 -1.165528 1.469023  -1.184630 -0.527540 -0.152316
18  1.789820 -0.000003 -0.000018  0.000001 -0.000026 0.636398
19  1.207013 -0.000013 -0.000044  0.000006 -0.000006 -0.137935
20  5.740637 0.000389 -0.000702  -0.108229 0.000003 0.000064
21  11.480989 0.000223 -0.000831  -0.042733 -0.108608 0.037758
22  6.027524 -0.000330 0.000200  1.600190 -0.574767 1.534864
23  -0.000001 11.692100 -0.000007  -0.965049 -0.417379 -0.768316
24  0.000003 0.000008 0.000001  -0.021116 -0.000031 1.570738
25  -0.000000 -0.000012 0.000001  0.868960 0.000002 1.570712
26  -6.617934 -9.178503 0.826812  1.473120 1.855075 -0.198639
27  6.027513 -0.000259 -0.000221  1.520730 0.754736 -0.708481
28  11.691992 0.000161 0.000857  0.141449 0.000072 -1.836665
29  11.479355 -0.000861 0.000954  -1.142790 0.380466 0.885558
30  3.859437 -0.132758 1.193066  0.469647 -0.013262 -1.872395
31  1.312559 0.000026 -0.000001  0.024060 -0.138696 -0.550187
32  0.729344 0.000065 -0.000026  -0.166197 -0.081570 -0.714272
33  3.942046 0.050139 0.431001  0.225309 -0.086237 -1.592712
34  1.539096 0.000005 -0.000001  0.035254 -0.050373 -0.994350
35  1.196300 0.000078 -0.000003  -0.021521 0.002175 -0.839738
36  3.883414 -0.050472 -0.431084  0.184824 -0.271737 -1.204030
37  1.719563 -0.000085 -0.000005  0.022859 -0.107186 -1.509108
38  1.209198 0.000035 0.000012  0.000661 0.071072 -0.480462
39  3.859588 -0.149083 -1.331320  -0.104061 -0.070249 -0.272073
40  1.719415 -0.000098 -0.000035  -0.013177 0.003907 -1.203491
41  1.099674 0.000021 0.000007  -0.005887 -0.007993 -0.771205
42  0.805984 -0.359848 -1.318338  0.991670 0.166767 -0.799527
43  1.789780 -0.000008 -0.000043  0.000058 -0.002451 0.133098
44  1.206996 -0.000007 0.000005  0.000372 -0.000071 1.058780
45  5.740571 0.000079 0.000721  0.172460 -0.000014 0.000028
46  11.480814 -0.000098 0.000936  0.056555 0.082971 0.145456
47  6.027515 -0.000273 -0.000230  -0.910498 -0.520836 -1.709520
48  -0.000000 11.691973 -0.000005  -1.227263 0.672038 0.920661
49  0.000002 -0.000002 0.000001  2.413977 -0.000036 1.570860
50  -0.000006 -0.000014 0.000005  2.272645 -0.000036 1.570861
51  -3.422328 -3.805365 -6.854754  -0.078012 -2.996716 1.465737
52  0.000000 -0.000000 0.000000  0.008153 -0.000259 0.000009
53  0.000000 -0.000000 0.000001  1.565115 0.043565 -0.106862
54  -0.363791 -15.867239 -5.623037  -0.755929 -0.139050 -1.950540
55  -0.000001 -0.000000 0.000000  0.000000 -0.000001 -0.000002
56  0.000029 0.000028 0.000002  -1.571901 -0.044449 -0.106509
57  5.185302 -16.056248 -16.646038  1.570796 -0.000000 0.000000
58  -15.417985 4.000748 -22.641926  1.570796 -0.000000 0.000000
59  2.236387 -0.189356 -5.037201  1.570796 -0.000000 0.000000
60  -0.004311 0.001230 -0.000371  0.006898 -0.005534 -0.284229
61  0.826810 10.209643 -4.879054  1.570796 -0.000000 0.000000
62  0.000000 0.000000 0.000000  -0.078727 -3.136056 0.284226
63  -2.240596 -3.247336 -0.249455  1.570796 -0.000000 0.000000
64  -2.287624 -8.249615 -1.349235  1.570796 0.000000 0.000000
65  0.002681 -3.204031 0.621196  0.000000 -0.000000 0.000000
66  0.048105 -1.112260 5.803837  0.000000 -0.000000 0.000000
67  -1.184782 0.539746 -0.284904  0.000000 -0.000000 0.000000
68  0.047884 -1.610073 21.020466  0.000000 -0.000000 0.000000
69  0.047881 -3.319714 2.472855  0.000000 -0.000000 0.000000
70  0.172180 -2.040368 3.568007  0.000000 -0.000000 0.000000
71  0.654947 -2.537531 2.477230  0.000000 -0.000000 0.000000
72  -2.285144 -12.956001 -5.446409  1.570796 0.000000 0.000000
73  0.017809 1.799356 -0.402361  0.000000 -0.000000 0.000000
74  -2.285144 -12.956001 -5.446409  1.570796 0.000000 0.000000
75  0.031323 2.100358 -1.138380  0.000000 -0.000000 0.000000
76  -0.024051 1.849582 -1.138377  0.000000 -0.000000 0.000000
time 30
0  0.000006 0.000000 0.000000  -1.570800 -1.391899 -1.570792
1  -4.921969 1.082092 2.232071  -1.544956 -1.855077 -0.198630
2  6.027524 -0.000323 0.000190  -0.747182 -0.995446 -1.552695
3  11.692107 0.000645 -0.000740  -0.890211 -0.000018 -1.391952
4  11.479911 0.000229 -0.000885  1.225960 -0.603154 0.357879
5  3.859502 -0.142824 -1.192079  -0.573871 -0.316762 -1.795817
6  1.312591 0.000009 0.000007  -0.135121 -0.003384 -0.178728
7  0.729354 0.000055 0.000049  -0.006155 -0.010667 -0.248915
8  3.942140 0.046330 -0.431542  -0.497018 0.100803 -1.231861
9  1.539110 0.000083 0.000004  -0.000382 -0.119364 -0.902013
10  1.196330 0.000145 0.000028  0.012615 0.002795 -0.535714
11  3.883509 -0.047213 0.431351  -0.283712 0.421834 -0.633459
12  1.719573 -0.000029 0.000017  0.057360 -0.144594 -1.427911
13  1.209179 0.000089 0.000011  -0.003667 -0.003000 -0.405259
14  4.085234 -0.082653 1.151009  0.076971 0.573771 0.038997
15  1.719450 -0.000017 0.000029  0.015664 -0.064932 -0.867211
16  1.099675 0.000049 0.000006  -0.075642 0.030056 -1.536734
17  0.869860 -1.165528 1.469023  -1.184630 -0.527540 -0.152316
18  1.789820 -0.000003 -0.000018  0.000001 -0.000026 0.636398
19  1.207013 -0.000013 -0.000044  0.000006 -0.000006 -0.137935
20  5.740637 0.000389 -0.000702  -0.108229 0.000003 0.000064
21  11.480989 0.000223 -0.000831  -0.042733 -0.108608 0.037758
22  6.027524 -0.000330 0.000200  1.600190 -0.574767 1.534864
23  -0.000001 11.692100 -0.000007  -0.965049 -0.417379 -0.768316
24  0.000003 0.000008 0.000001  -0.021116 -0.000031 1.570738
25  -0.000000 -0.000012 0.000001  0.868960 0.000002 1.570712
26  -6.617934 -9.178503 0.826812  1.473120 1.855075 -0.198639
27  6.027513 -0.000259 -0.000221  1.520730 0.754736 -0.708481
28  11.691992 0.000161 0.000857  0.141449 0.000072 -1.836665
29  11.479355 -0.000861 0.000954  -1.142790 0.380466 0.885558
30  3.859437 -0.132758 1.193066  0.469647 -0.013262 -1.872395
31  1.312559 0.000026 -0.000001  0.024060 -0.138696 -0.550187
32  0.729344 0.000065 -0.000026  -0.166197 -0.081570 -0.714272
33  3.942046 0.050139 0.431001  0.225309 -0.086237 -1.592712
34  1.539096 0.000005 -0.000001  0.035254 -0.050373 -0.994350
35  1.196300 0.000078 -0.000003  -0.021521 0.002175 -0.839738
36  3.883414 -0.050472 -0.431084  0.184824 -0.271737 -1.204030
37  1.719563 -0.000085 -0.000005  0.022859 -0.107186 -1.509108
38  1.209198 0.000035 0.000012  0.000661 0.071072 -0.480462
39  3.859588 -0.149083 -1.331320  -0.104061 -0.070249 -0.272073
40  1.719415 -0.000098 -0.000035  -0.013177 0.003907 -1.203491
41  1.099674 0.000021 0.000007  -0.005887 -0.007993 -0.771205
42  0.805984 -0.359848 -1.318338  0.991670 0.166767 -0.799527
43  1.789780 -0.000008 -0.000043  0.000058 -0.002451 0.133098
44  1.206996 -0.000007 0.000005  0.000372 -0.000071 1.058780
45  5.740571 0.000079 0.000721  0.172460 -0.000014 0.000028
46  11.480814 -0.000098 0.000936  0.056555 0.082971 0.145456
47  6.027515 -0.000273 -0.000230  -0.910498 -0.520836 -1.709520
48  -0.000000 11.691973 -0.000005  -1.227263 0.672038 0.920661
49  0.000002 -0.000002 0.000001  2.413977 -0.000036 1.570860
50  -0.000006 -0.000014 0.000005  2.272645 -0.000036 1.570861
51  -3.422328 -3.805365 -6.854754  -0.078012 -2.996716 1.465737
52  0.000000 -0.000000 0.000000  0.008153 -0.000259 0.000009
53  0.000000 -0.000000 0.000001  1.565115 0.043565 -0.106862
54  -0.363791 -15.867239 -5.623037  -0.755929 -0.139050 -1.950540
55  -0.000001 -0.000000 0.000000  0.000000 -0.000001 -0.000002
56  0.000029 0.000028 0.000002  -1.571901 -0.044449 -0.106509
57  5.185302 -16.056248 -16.646038  1.570796 -0.000000 0.000000
58  -15.417985 4.000748 -22.641926  1.570796 -0.000000 0.000000
59  2.236387 -0.189356 -5.037201  1.570796 -0.000000 0.000000
60  -0.004311 0.001230 -0.000371  0.006898 -0.005534 -0.284229
61  0.826810 10.209643 -4.879054  1.570796 -0.000000 0.000000
62  0.000000 0.000000 0.000000  -0.078727 -3.136056 0.284226
63  -2.240596 -3.247336 -0.249455  1.570796 -0.000000 0.000000
64  -2.287624 -8.249615 -1.349235  1.570796 0.000000 0.000000
65  0.002681 -3.204031 0.621196  0.000000 -0.000000 0.000000
66  0.048105 -1.112260 5.803837  0.000000 -0.000000 0.000000
67  -1.184782 0.539746 -0.284904  0.000000 -0.000000 0.000000
68  0.047884 -1.610073 21.020466  0.000000 -0.000000 0.000000
69  0.047881 -3.319714 2.472855  0.000000 -0.000000 0.000000
70  0.172180 -2.040368 3.568007  0.000000 -0.000000 0.000000
71  0.654947 -2.537531 2.477230  0.000000 -0.000000 0.000000
72  -2.285144 -12.956001 -5.446409  1.570796 0.000000 0.000000
73  0.017809 1.799356 -0.402361  0.000000 -0.000000 0.000000
74  -2.285144 -12.956001 -5.446409  1.570796 0.000000 0.000000
75  0.031323 2.100358 -1.138380  0.000000 -0.000000 0.000000
76  -0.024051 1.849582 -1.138377  0.000000 -0.000000 0.000000
time 31
0  0.000006 0.000000 0.000000  -1.570800 -1.391899 -1.570792
1  -4.921969 1.082092 2.232071  -1.544956 -1.855077 -0.198630
2  6.027524 -0.000323 0.000190  -0.747182 -0.995446 -1.552695
3  11.692107 0.000645 -0.000740  -0.890211 -0.000018 -1.391952
4  11.479911 0.000229 -0.000885  1.225960 -0.603154 0.357879
5  3.859502 -0.142824 -1.192079  -0.573871 -0.316762 -1.795817
6  1.312591 0.000009 0.000007  -0.135121 -0.003384 -0.178728
7  0.729354 0.000055 0.000049  -0.006155 -0.010667 -0.248915
8  3.942140 0.046330 -0.431542  -0.497018 0.100803 -1.231861
9  1.539110 0.000083 0.000004  -0.000382 -0.119364 -0.902013
10  1.196330 0.000145 0.000028  0.012615 0.002795 -0.535714
11  3.883509 -0.047213 0.431351  -0.283712 0.421834 -0.633459
12  1.719573 -0.000029 0.000017  0.057360 -0.144594 -1.427911
13  1.209179 0.000089 0.000011  -0.003667 -0.003000 -0.405259
14  4.085234 -0.082653 1.151009  0.076971 0.573771 0.038997
15  1.719450 -0.000017 0.000029  0.015664 -0.064932 -0.867211
16  1.099675 0.000049 0.000006  -0.075642 0.030056 -1.536734
17  0.869860 -1.165528 1.469023  -1.184630 -0.527540 -0.152316
18  1.789820 -0.000003 -0.000018  0.000001 -0.000026 0.636398
19  1.207013 -0.000013 -0.000044  0.000006 -0.000006 -0.137935
20  5.740637 0.000389 -0.000702  -0.108229 0.000003 0.000064
21  11.480989 0.000223 -0.000831  -0.042733 -0.108608 0.037758
22  6.027524 -0.000330 0.000200  1.600190 -0.574767 1.534864
23  -0.000001 11.692100 -0.000007  -0.965049 -0.417379 -0.768316
24  0.000003 0.000008 0.000001  -0.021116 -0.000031 1.570738
25  -0.000000 -0.000012 0.000001  0.868960 0.000002 1.570712
26  -6.617934 -9.178503 0.826812  1.473120 1.855075 -0.198639
27  6.027513 -0.000259 -0.000221  1.520730 0.754736 -0.708481
28  11.691992 0.000161 0.000857  0.141449 0.000072 -1.836665
29  11.479355 -0.000861 0.000954  -1.142790 0.380466 0.885558
30  3.859437 -0.132758 1.193066  0.469647 -0.013262 -1.872395
31  1.312559 0.000026 -0.000001  0.024060 -0.138696 -0.550187
32  0.729344 0.000065 -0.000026  -0.166197 -0.081570 -0.714272
33  3.942046 0.050139 0.431001  0.225309 -0.086237 -1.592712
34  1.539096 0.000005 -0.000001  0.035254 -0.050373 -0.994350
35  1.196300 0.000078 -0.000003  -0.021521 0.002175 -0.839738
36  3.883414 -0.050472 -0.431084  0.184824 -0.271737 -1.204030
37  1.719563 -0.000085 -0.000005  0.022859 -0.107186 -1.509108
38  1.209198 0.000035 0.000012  0.000661 0.071072 -0.480462
39  3.859588 -0.149083 -1.331320  -0.104061 -0.070249 -0.272073
40  1.719415 -0.000098 -0.000035  -0.013177 0.003907 -1.203491
41  1.099674 0.000021 0.000007  -0.005887 -0.007993 -0.771205
42  0.805984 -0.359848 -1.318338  0.991670 0.166767 -0.799527
43  1.789780 -0.000008 -0.000043  0.000058 -0.002451 0.133098
44  1.206996 -0.000007 0.000005  0.000372 -0.000071 1.058780
45  5.740571 0.000079 0.000721  0.172460 -0.000014 0.000028
46  11.480814 -0.000098 0.000936  0.056555 0.082971 0.145456
47  6.027515 -0.000273 -0.000230  -0.910498 -0.520836 -1.709520
48  -0.000000 11.691973 -0.000005  -1.227263 0.672038 0.920661
49  0.000002 -0.000002 0.000001  2.413977 -0.000036 1.570860
50  -0.000006 -0.000014 0.000005  2.272645 -0.000036 1.570861
51  -3.422328 -3.805365 -6.854754  -0.078012 -2.996716 1.465737
52  0.000000 -0.000000 0.000000  0.008153 -0.000259 0.000009
53  0.000000 -0.000000 0.000001  1.565115 0.043565 -0.106862
54  -0.363791 -15.867239 -5.623037  -0.755929 -0.139050 -1.950540
55  -0.000001 -0.000000 0.000000  0.000000 -0.000001 -0.000002
56  0.000029 0.000028 0.000002  -1.571901 -0.044449 -0.106509
57  5.185302 -16.056248 -16.646038  1.570796 -0.000000 0.000000
58  -15.417985 4.000748 -22.641926  1.570796 -0.000000 0.000000
59  2.236387 -0.189356 -5.037201  1.570796 -0.000000 0.000000
60  -0.004311 0.001230 -0.000371  0.006898 -0.005534 -0.284229
61  0.826810 10.209643 -4.879054  1.570796 -0.000000 0.000000
62  0.000000 0.000000 0.000000  -0.078727 -3.136056 0.284226
63  -2.240596 -3.247336 -0.249455  1.570796 -0.000000 0.000000
64  -2.287624 -8.249615 -1.349235  1.570796 0.000000 0.000000
65  0.002681 -3.204031 0.621196  0.000000 -0.000000 0.000000
66  0.048105 -1.112260 5.803837  0.000000 -0.000000 0.000000
67  -1.184782 0.539746 -0.284904  0.000000 -0.000000 0.000000
68  0.047884 -1.610073 21.020466  0.000000 -0.000000 0.000000
69  0.047881 -3.319714 2.472855  0.000000 -0.000000 0.000000
70  0.172180 -2.040368 3.568007  0.000000 -0.000000 0.000000
71  0.654947 -2.537531 2.477230  0.000000 -0.000000 0.000000
72  -2.285144 -12.956001 -5.446409  1.570796 0.000000 0.000000
73  0.017809 1.799356 -0.402361  0.000000 -0.000000 0.000000
74  -2.285144 -12.956001 -5.446409  1.570796 0.000000 0.000000
75  0.031323 2.100358 -1.138380  0.000000 -0.000000 0.000000
76  -0.024051 1.849582 -1.138377  0.000000 -0.000000 0.000000
time 32
0  0.000006 0.000000 0.000000  -1.570800 -1.391899 -1.570792
1  -4.921969 1.082092 2.232071  -1.544956 -1.855077 -0.198630
2  6.027524 -0.000323 0.000190  -0.747182 -0.995446 -1.552695
3  11.692107 0.000645 -0.000740  -0.890211 -0.000018 -1.391952
4  11.479911 0.000229 -0.000885  1.225960 -0.603154 0.357879
5  3.859502 -0.142824 -1.192079  -0.573871 -0.316762 -1.795817
6  1.312591 0.000009 0.000007  -0.135121 -0.003384 -0.178728
7  0.729354 0.000055 0.000049  -0.006155 -0.010667 -0.248915
8  3.942140 0.046330 -0.431542  -0.497018 0.100803 -1.231861
9  1.539110 0.000083 0.000004  -0.000382 -0.119364 -0.902013
10  1.196330 0.000145 0.000028  0.012615 0.002795 -0.535714
11  3.883509 -0.047213 0.431351  -0.283712 0.421834 -0.633459
12  1.719573 -0.000029 0.000017  0.057360 -0.144594 -1.427911
13  1.209179 0.000089 0.000011  -0.003667 -0.003000 -0.405259
14  4.085234 -0.082653 1.151009  0.076971 0.573771 0.038997
15  1.719450 -0.000017 0.000029  0.015664 -0.064932 -0.867211
16  1.099675 0.000049 0.000006  -0.075642 0.030056 -1.536734
17  0.869860 -1.165528 1.469023  -1.184630 -0.527540 -0.152316
18  1.789820 -0.000003 -0.000018  0.000001 -0.000026 0.636398
19  1.207013 -0.000013 -0.000044  0.000006 -0.000006 -0.137935
20  5.740637 0.000389 -0.000702  -0.108229 0.000003 0.000064
21  11.480989 0.000223 -0.000831  -0.042733 -0.108608 0.037758
22  6.027524 -0.000330 0.000200  1.600190 -0.574767 1.534864
23  -0.000001 11.692100 -0.000007  -0.965049 -0.417379 -0.768316
24  0.000003 0.000008 0.000001  -0.021116 -0.000031 1.570738
25  -0.000000 -0.000012 0.000001  0.868960 0.000002 1.570712
26  -6.617934 -9.178503 0.826812  1.473120 1.855075 -0.198639
27  6.027513 -0.000259 -0.000221  1.520730 0.754736 -0.708481
28  11.691992 0.000161 0.000857  0.141449 0.000072 -1.836665
29  11.479355 -0.000861 0.000954  -1.142790 0.380466 0.885558
30  3.859437 -0.132758 1.193066  0.469647 -0.013262 -1.872395
31  1.312559 0.000026 -0.000001  0.024060 -0.138696 -0.550187
32  0.729344 0.000065 -0.000026  -0.166197 -0.081570 -0.714272
33  3.942046 0.050139 0.431001  0.225309 -0.086237 -1.592712
34  1.539096 0.000005 -0.000001  0.035254 -0.050373 -0.994350
35  1.196300 0.000078 -0.000003  -0.021521 0.002175 -0.839738
36  3.883414 -0.050472 -0.431084  0.184824 -0.271737 -1.204030
37  1.719563 -0.000085 -0.000005  0.022859 -0.107186 -1.509108
38  1.209198 0.000035 0.000012  0.000661 0.071072 -0.480462
39  3.859588 -0.149083 -1.331320  -0.104061 -0.070249 -0.272073
40  1.719415 -0.000098 -0.000035  -0.013177 0.003907 -1.203491
41  1.099674 0.000021 0.000007  -0.005887 -0.007993 -0.771205
42  0.805984 -0.359848 -1.318338  0.991670 0.166767 -0.799527
43  1.789780 -0.000008 -0.000043  0.000058 -0.002451 0.133098
44  1.206996 -0.000007 0.000005  0.000372 -0.000071 1.058780
45  5.740571 0.000079 0.000721  0.172460 -0.000014 0.000028
46  11.480814 -0.000098 0.000936  0.056555 0.082971 0.145456
47  6.027515 -0.000273 -0.000230  -0.910498 -0.520836 -1.709520
48  -0.000000 11.691973 -0.000005  -1.227263 0.672038 0.920661
49  0.000002 -0.000002 0.000001  2.413977 -0.000036 1.570860
50  -0.000006 -0.000014 0.000005  2.272645 -0.000036 1.570861
51  -3.422328 -3.805365 -6.854754  -0.078012 -2.996716 1.465737
52  0.000000 -0.000000 0.000000  0.008153 -0.000259 0.000009
53  0.000000 -0.000000 0.000001  1.565115 0.043565 -0.106862
54  -0.363791 -15.867239 -5.623037  -0.755929 -0.139050 -1.950540
55  -0.000001 -0.000000 0.000000  0.000000 -0.000001 -0.000002
56  0.000029 0.000028 0.000002  -1.571901 -0.044449 -0.106509
57  5.185302 -16.056248 -16.646038  1.570796 -0.000000 0.000000
58  -15.417985 4.000748 -22.641926  1.570796 -0.000000 0.000000
59  2.236387 -0.189356 -5.037201  1.570796 -0.000000 0.000000
60  -0.004311 0.001230 -0.000371  0.006898 -0.005534 -0.284229
61  0.826810 10.209643 -4.879054  1.570796 -0.000000 0.000000
62  0.000000 0.000000 0.000000  -0.078727 -3.136056 0.284226
63  -2.240596 -3.247336 -0.249455  1.570796 -0.000000 0.000000
64  -2.287624 -8.249615 -1.349235  1.570796 0.000000 0.000000
65  0.002681 -3.204031 0.621196  0.000000 -0.000000 0.000000
66  0.048105 -1.112260 5.803837  0.000000 -0.000000 0.000000
67  -1.184782 0.539746 -0.284904  0.000000 -0.000000 0.000000
68  0.047884 -1.610073 21.020466  0.000000 -0.000000 0.000000
69  0.047881 -3.319714 2.472855  0.000000 -0.000000 0.000000
70  0.172180 -2.040368 3.568007  0.000000 -0.000000 0.000000
71  0.654947 -2.537531 2.477230  0.000000 -0.000000 0.000000
72  -2.285144 -12.956001 -5.446409  1.570796 0.000000 0.000000
73  0.017809 1.799356 -0.402361  0.000000 -0.000000 0.000000
74  -2.285144 -12.956001 -5.446409  1.570796 0.000000 0.000000
75  0.031323 2.100358 -1.138380  0.000000 -0.000000 0.000000
76  -0.024051 1.849582 -1.138377  0.000000 -0.000000 0.000000
time 33
0  0.000006 0.000000 0.000000  -1.570800 -1.391899 -1.570792
1  -4.921969 1.082092 2.232071  -1.544956 -1.855077 -0.198630
2  6.027524 -0.000323 0.000190  -0.747182 -0.995446 -1.552695
3  11.692107 0.000645 -0.000740  -0.890211 -0.000018 -1.391952
4  11.479911 0.000229 -0.000885  1.225960 -0.603154 0.357879
5  3.859502 -0.142824 -1.192079  -0.573871 -0.316762 -1.795817
6  1.312591 0.000009 0.000007  -0.135121 -0.003384 -0.178728
7  0.729354 0.000055 0.000049  -0.006155 -0.010667 -0.248915
8  3.942140 0.046330 -0.431542  -0.497018 0.100803 -1.231861
9  1.539110 0.000083 0.000004  -0.000382 -0.119364 -0.902013
10  1.196330 0.000145 0.000028  0.012615 0.002795 -0.535714
11  3.883509 -0.047213 0.431351  -0.283712 0.421834 -0.633459
12  1.719573 -0.000029 0.000017  0.057360 -0.144594 -1.427911
13  1.209179 0.000089 0.000011  -0.003667 -0.003000 -0.405259
14  4.085234 -0.082653 1.151009  0.076971 0.573771 0.038997
15  1.719450 -0.000017 0.000029  0.015664 -0.064932 -0.867211
16  1.099675 0.000049 0.000006  -0.075642 0.030056 -1.536734
17  0.869860 -1.165528 1.469023  -1.184630 -0.527540 -0.152316
18  1.789820 -0.000003 -0.000018  0.000001 -0.000026 0.636398
19  1.207013 -0.000013 -0.000044  0.000006 -0.000006 -0.137935
20  5.740637 0.000389 -0.000702  -0.108229 0.000003 0.000064
21  11.480989 0.000223 -0.000831  -0.042733 -0.108608 0.037758
22  6.027524 -0.000330 0.000200  1.600190 -0.574767 1.534864
23  -0.000001 11.692100 -0.000007  -0.965049 -0.417379 -0.768316
24  0.000003 0.000008 0.000001  -0.021116 -0.000031 1.570738
25  -0.000000 -0.000012 0.000001  0.868960 0.000002 1.570712
26  -6.617934 -9.178503 0.826812  1.473120 1.855075 -0.198639
27  6.027513 -0.000259 -0.000221  1.520730 0.754736 -0.708481
28  11.691992 0.000161 0.000857  0.141449 0.000072 -1.836665
29  11.479355 -0.000861 0.000954  -1.142790 0.380466 0.885558
30  3.859437 -0.132758 1.193066  0.469647 -0.013262 -1.872395
31  1.312559 0.000026 -0.000001  0.024060 -0.138696 -0.550187
32  0.729344 0.000065 -0.000026  -0.166197 -0.081570 -0.714272
33  3.942046 0.050139 0.431001  0.225309 -0.086237 -1.592712
34  1.539096 0.000005 -0.000001  0.035254 -0.050373 -0.994350
35  1.196300 0.000078 -0.000003  -0.021521 0.002175 -0.839738
36  3.883414 -0.050472 -0.431084  0.184824 -0.271737 -1.204030
37  1.719563 -0.000085 -0.000005  0.022859 -0.107186 -1.509108
38  1.209198 0.000035 0.000012  0.000661 0.071072 -0.480462
39  3.859588 -0.149083 -1.331320  -0.104061 -0.070249 -0.272073
40  1.719415 -0.000098 -0.000035  -0.013177 0.003907 -1.203491
41  1.099674 0.000021 0.000007  -0.005887 -0.007993 -0.771205
42  0.805984 -0.359848 -1.318338  0.991670 0.166767 -0.799527
43  1.789780 -0.000008 -0.000043  0.000058 -0.002451 0.133098
44  1.206996 -0.000007 0.000005  0.000372 -0.000071 1.058780
45  5.740571 0.000079 0.000721  0.172460 -0.000014 0.000028
46  11.480814 -0.000098 0.000936  0.056555 0.082971 0.145456
47  6.027515 -0.000273 -0.000230  -0.910498 -0.520836 -1.709520
48  -0.000000 11.691973 -0.000005  -1.227263 0.672038 0.920661
49  0.000002 -0.000002 0.000001  2.413977 -0.000036 1.570860
50  -0.000006 -0.000014 0.000005  2.272645 -0.000036 1.570861
51  -3.422328 -3.805365 -6.854754  -0.078012 -2.996716 1.465737
52  0.000000 -0.000000 0.000000  0.008153 -0.000259 0.000009
53  0.000000 -0.000000 0.000001  1.565115 0.043565 -0.106862
54  -0.363791 -15.867239 -5.623037  -0.755929 -0.139050 -1.950540
55  -0.000001 -0.000000 0.000000  0.000000 -0.000001 -0.000002
56  0.000029 0.000028 0.000002  -1.571901 -0.044449 -0.106509
57  5.185302 -16.056248 -16.646038  1.570796 -0.000000 0.000000
58  -15.417985 4.000748 -22.641926  1.570796 -0.000000 0.000000
59  2.236387 -0.189356 -5.037201  1.570796 -0.000000 0.000000
60  -0.004311 0.001230 -0.000371  0.006898 -0.005534 -0.284229
61  0.826810 10.209643 -4.879054  1.570796 -0.000000 0.000000
62  0.000000 0.000000 0.000000  -0.078727 -3.136056 0.284226
63  -2.240596 -3.247336 -0.249455  1.570796 -0.000000 0.000000
64  -2.287624 -8.249615 -1.349235  1.570796 0.000000 0.000000
65  0.002681 -3.204031 0.621196  0.000000 -0.000000 0.000000
66  0.048105 -1.112260 5.803837  0.000000 -0.000000 0.000000
67  -1.184782 0.539746 -0.284904  0.000000 -0.000000 0.000000
68  0.047884 -1.610073 21.020466  0.000000 -0.000000 0.000000
69  0.047881 -3.319714 2.472855  0.000000 -0.000000 0.000000
70  0.172180 -2.040368 3.568007  0.000000 -0.000000 0.000000
71  0.654947 -2.537531 2.477230  0.000000 -0.000000 0.000000
72  -2.285144 -12.956001 -5.446409  1.570796 0.000000 0.000000
73  0.017809 1.799356 -0.402361  0.000000 -0.000000 0.000000
74  -2.285144 -12.956001 -5.446409  1.570796 0.000000 0.000000
75  0.031323 2.100358 -1.138380  0.000000 -0.000000 0.000000
76  -0.024051 1.849582 -1.138377  0.000000 -0.000000 0.000000
time 34
0  0.000006 0.000000 0.000000  -1.570800 -1.391899 -1.570792
1  -4.921969 1.082092 2.232071  -1.544956 -1.855077 -0.198630
2  6.027524 -0.000323 0.000190  -0.747182 -0.995446 -1.552695
3  11.692107 0.000645 -0.000740  -0.890211 -0.000018 -1.391952
4  11.479911 0.000229 -0.000885  1.225960 -0.603154 0.357879
5  3.859502 -0.142824 -1.192079  -0.573871 -0.316762 -1.795817
6  1.312591 0.000009 0.000007  -0.135121 -0.003384 -0.178728
7  0.729354 0.000055 0.000049  -0.006155 -0.010667 -0.248915
8  3.942140 0.046330 -0.431542  -0.497018 0.100803 -1.231861
9  1.539110 0.000083 0.000004  -0.000382 -0.119364 -0.902013
10  1.196330 0.000145 0.000028  0.012615 0.002795 -0.535714
11  3.883509 -0.047213 0.431351  -0.283712 0.421834 -0.633459
12  1.719573 -0.000029 0.000017  0.057360 -0.144594 -1.427911
13  1.209179 0.000089 0.000011  -0.003667 -0.003000 -0.405259
14  4.085234 -0.082653 1.151009  0.076971 0.573771 0.038997
15  1.719450 -0.000017 0.000029  0.015664 -0.064932 -0.867211
16  1.099675 0.000049 0.000006  -0.075642 0.030056 -1.536734
17  0.869860 -1.165528 1.469023  -1.184630 -0.527540 -0.152316
18  1.789820 -0.000003 -0.000018  0.000001 -0.000026 0.636398
19  1.207013 -0.000013 -0.000044  0.000006 -0.000006 -0.137935
20  5.740637 0.000389 -0.000702  -0.108229 0.000003 0.000064
21  11.480989 0.000223 -0.000831  -0.042733 -0.108608 0.037758
22  6.027524 -0.000330 0.000200  1.600190 -0.574767 1.534864
23  -0.000001 11.692100 -0.000007  -0.965049 -0.417379 -0.768316
24  0.000003 0.000008 0.000001  -0.021116 -0.000031 1.570738
25  -0.000000 -0.000012 0.000001  0.868960 0.000002 1.570712
26  -6.617934 -9.178503 0.826812  1.473120 1.855075 -0.198639
27  6.027513 -0.000259 -0.000221  1.520730 0.754736 -0.708481
28  11.691992 0.000161 0.000857  0.141449 0.000072 -1.836665
29  11.479355 -0.000861 0.000954  -1.142790 0.380466 0.885558
30  3.859437 -0.132758 1.193066  0.469647 -0.013262 -1.872395
31  1.312559 0.000026 -0.000001  0.024060 -0.138696 -0.550187
32  0.729344 0.000065 -0.000026  -0.166197 -0.081570 -0.714272
33  3.942046 0.050139 0.431001  0.225309 -0.086237 -1.592712
34  1.539096 0.000005 -0.000001  0.035254 -0.050373 -0.994350
35  1.196300 0.000078 -0.000003  -0.021521 0.002175 -0.839738
36  3.883414 -0.050472 -0.431084  0.184824 -0.271737 -1.204030
37  1.719563 -0.000085 -0.000005  0.022859 -0.107186 -1.509108
38  1.209198 0.000035 0.000012  0.000661 0.071072 -0.480462
39  3.859588 -0.149083 -1.331320  -0.104061 -0.070249 -0.272073
40  1.719415 -0.000098 -0.000035  -0.013177 0.003907 -1.203491
41  1.099674 0.000021 0.000007  -0.005887 -0.007993 -0.771205
42  0.805984 -0.359848 -1.318338  0.991670 0.166767 -0.799527
43  1.789780 -0.000008 -0.000043  0.000058 -0.002451 0.133098
44  1.206996 -0.000007 0.000005  0.000372 -0.000071 1.058780
45  5.740571 0.000079 0.000721  0.172460 -0.000014 0.000028
46  11.480814 -0.000098 0.000936  0.056555 0.082971 0.145456
47  6.027515 -0.000273 -0.000230  -0.910498 -0.520836 -1.709520
48  -0.000000 11.691973 -0.000005  -1.227263 0.672038 0.920661
49  0.000002 -0.000002 0.000001  2.413977 -0.000036 1.570860
50  -0.000006 -0.000014 0.000005  2.272645 -0.000036 1.570861
51  -3.422328 -3.805365 -6.854754  -0.078012 -2.996716 1.465737
52  0.000000 -0.000000 0.000000  0.008153 -0.000259 0.000009
53  0.000000 -0.000000 0.000001  1.565115 0.043565 -0.106862
54  -0.363791 -15.867239 -5.623037  -0.755929 -0.139050 -1.950540
55  -0.000001 -0.000000 0.000000  0.000000 -0.000001 -0.000002
56  0.000029 0.000028 0.000002  -1.571901 -0.044449 -0.106509
57  5.185302 -16.056248 -16.646038  1.570796 -0.000000 0.000000
58  -15.417985 4.000748 -22.641926  1.570796 -0.000000 0.000000
59  2.236387 -0.189356 -5.037201  1.570796 -0.000000 0.000000
60  -0.004311 0.001230 -0.000371  0.006898 -0.005534 -0.284229
61  0.826810 10.209643 -4.879054  1.570796 -0.000000 0.000000
62  0.000000 0.000000 0.000000  -0.078727 -3.136056 0.284226
63  -2.240596 -3.247336 -0.249455  1.570796 -0.000000 0.000000
64  -2.287624 -8.249615 -1.349235  1.570796 0.000000 0.000000
65  0.002681 -3.204031 0.621196  0.000000 -0.000000 0.000000
66  0.048105 -1.112260 5.803837  0.000000 -0.000000 0.000000
67  -1.184782 0.539746 -0.284904  0.000000 -0.000000 0.000000
68  0.047884 -1.610073 21.020466  0.000000 -0.000000 0.000000
69  0.047881 -3.319714 2.472855  0.000000 -0.000000 0.000000
70  0.172180 -2.040368 3.568007  0.000000 -0.000000 0.000000
71  0.654947 -2.537531 2.477230  0.000000 -0.000000 0.000000
72  -2.285144 -12.956001 -5.446409  1.570796 0.000000 0.000000
73  0.017809 1.799356 -0.402361  0.000000 -0.000000 0.000000
74  -2.285144 -12.956001 -5.446409  1.570796 0.000000 0.000000
75  0.031323 2.100358 -1.138380  0.000000 -0.000000 0.000000
76  -0.024051 1.849582 -1.138377  0.000000 -0.000000 0.000000
time 35
0  0.000006 0.000000 0.000000  -1.570800 -1.391899 -1.570792
1  -4.921969 1.082092 2.232071  -1.544956 -1.855077 -0.198630
2  6.027524 -0.000323 0.000190  -0.747182 -0.995446 -1.552695
3  11.692107 0.000645 -0.000740  -0.890211 -0.000018 -1.391952
4  11.479911 0.000229 -0.000885  1.225960 -0.603154 0.357879
5  3.859502 -0.142824 -1.192079  -0.573871 -0.316762 -1.795817
6  1.312591 0.000009 0.000007  -0.135121 -0.003384 -0.178728
7  0.729354 0.000055 0.000049  -0.006155 -0.010667 -0.248915
8  3.942140 0.046330 -0.431542  -0.497018 0.100803 -1.231861
9  1.539110 0.000083 0.000004  -0.000382 -0.119364 -0.902013
10  1.196330 0.000145 0.000028  0.012615 0.002795 -0.535714
11  3.883509 -0.047213 0.431351  -0.283712 0.421834 -0.633459
12  1.719573 -0.000029 0.000017  0.057360 -0.144594 -1.427911
13  1.209179 0.000089 0.000011  -0.003667 -0.003000 -0.405259
14  4.085234 -0.082653 1.151009  0.076971 0.573771 0.038997
15  1.719450 -0.000017 0.000029  0.015664 -0.064932 -0.867211
16  1.099675 0.000049 0.000006  -0.075642 0.030056 -1.536734
17  0.869860 -1.165528 1.469023  -1.184630 -0.527540 -0.152316
18  1.789820 -0.000003 -0.000018  0.000001 -0.000026 0.636398
19  1.207013 -0.000013 -0.000044  0.000006 -0.000006 -0.137935
20  5.740637 0.000389 -0.000702  -0.108229 0.000003 0.000064
21  11.480989 0.000223 -0.000831  -0.042733 -0.108608 0.037758
22  6.027524 -0.000330 0.000200  1.600190 -0.574767 1.534864
23  -0.000001 11.692100 -0.000007  -0.965049 -0.417379 -0.768316
24  0.000003 0.000008 0.000001  -0.021116 -0.000031 1.570738
25  -0.000000 -0.000012 0.000001  0.868960 0.000002 1.570712
26  -6.617934 -9.178503 0.826812  1.473120 1.855075 -0.198639
27  6.027513 -0.000259 -0.000221  1.520730 0.754736 -0.708481
28  11.691992 0.000161 0.000857  0.141449 0.000072 -1.836665
29  11.479355 -0.000861 0.000954  -1.142790 0.380466 0.885558
30  3.859437 -0.132758 1.193066  0.469647 -0.013262 -1.872395
31  1.312559 0.000026 -0.000001  0.024060 -0.138696 -0.550187
32  0.729344 0.000065 -0.000026  -0.166197 -0.081570 -0.714272
33  3.942046 0.050139 0.431001  0.225309 -0.086237 -1.592712
34  1.539096 0.000005 -0.000001  0.035254 -0.050373 -0.994350
35  1.196300 0.000078 -0.000003  -0.021521 0.002175 -0.839738
36  3.883414 -0.050472 -0.431084  0.184824 -0.271737 -1.204030
37  1.719563 -0.000085 -0.000005  0.022859 -0.107186 -1.509108
38  1.209198 0.000035 0.000012  0.000661 0.071072 -0.480462
39  3.859588 -0.149083 -1.331320  -0.104061 -0.070249 -0.272073
40  1.719415 -0.000098 -0.000035  -0.013177 0.003907 -1.203491
41  1.099674 0.000021 0.000007  -0.005887 -0.007993 -0.771205
42  0.805984 -0.359848 -1.318338  0.991670 0.166767 -0.799527
43  1.789780 -0.000008 -0.000043  0.000058 -0.002451 0.133098
44  1.206996 -0.000007 0.000005  0.000372 -0.000071 1.058780
45  5.740571 0.000079 0.000721  0.172460 -0.000014 0.000028
46  11.480814 -0.000098 0.000936  0.056555 0.082971 0.145456
47  6.027515 -0.000273 -0.000230  -0.910498 -0.520836 -1.709520
48  -0.000000 11.691973 -0.000005  -1.227263 0.672038 0.920661
49  0.000002 -0.000002 0.000001  2.413977 -0.000036 1.570860
50  -0.000006 -0.000014 0.000005  2.272645 -0.000036 1.570861
51  -3.422328 -3.805365 -6.854754  -0.078012 -2.996716 1.465737
52  0.000000 -0.000000 0.000000  0.008153 -0.000259 0.000009
53  0.000000 -0.000000 0.000001  1.565115 0.043565 -0.106862
54  -0.363791 -15.867239 -5.623037  -0.755929 -0.139050 -1.950540
55  -0.000001 -0.000000 0.000000  0.000000 -0.000001 -0.000002
56  0.000029 0.000028 0.000002  -1.571901 -0.044449 -0.106509
57  5.185302 -16.056248 -16.646038  1.570796 -0.000000 0.000000
58  -15.417985 4.000748 -22.641926  1.570796 -0.000000 0.000000
59  2.236387 -0.189356 -5.037201  1.570796 -0.000000 0.000000
60  -0.004311 0.001230 -0.000371  0.006898 -0.005534 -0.284229
61  0.826810 10.209643 -4.879054  1.570796 -0.000000 0.000000
62  0.000000 0.000000 0.000000  -0.078727 -3.136056 0.284226
63  -2.240596 -3.247336 -0.249455  1.570796 -0.000000 0.000000
64  -2.287624 -8.249615 -1.349235  1.570796 0.000000 0.000000
65  0.002681 -3.204031 0.621196  0.000000 -0.000000 0.000000
66  0.048105 -1.112260 5.803837  0.000000 -0.000000 0.000000
67  -1.184782 0.539746 -0.284904  0.000000 -0.000000 0.000000
68  0.047884 -1.610073 21.020466  0.000000 -0.000000 0.000000
69  0.047881 -3.319714 2.472855  0.000000 -0.000000 0.000000
70  0.172180 -2.040368 3.568007  0.000000 -0.000000 0.000000
71  0.654947 -2.537531 2.477230  0.000000 -0.000000 0.000000
72  -2.285144 -12.956001 -5.446409  1.570796 0.000000 0.000000
73  0.017809 1.799356 -0.402361  0.000000 -0.000000 0.000000
74  -2.285144 -12.956001 -5.446409  1.570796 0.000000 0.000000
75  0.031323 2.100358 -1.138380  0.000000 -0.000000 0.000000
76  -0.024051 1.849582 -1.138377  0.000000 -0.000000 0.000000
time 36
0  0.000006 0.000000 0.000000  -1.570800 -1.391899 -1.570792
1  -4.921969 1.082092 2.232071  -1.544956 -1.855077 -0.198630
2  6.027524 -0.000323 0.000190  -0.747182 -0.995446 -1.552695
3  11.692107 0.000645 -0.000740  -0.890211 -0.000018 -1.391952
4  11.479911 0.000229 -0.000885  1.225960 -0.603154 0.357879
5  3.859502 -0.142824 -1.192079  -0.573871 -0.316762 -1.795817
6  1.312591 0.000009 0.000007  -0.135121 -0.003384 -0.178728
7  0.729354 0.000055 0.000049  -0.006155 -0.010667 -0.248915
8  3.942140 0.046330 -0.431542  -0.497018 0.100803 -1.231861
9  1.539110 0.000083 0.000004  -0.000382 -0.119364 -0.902013
10  1.196330 0.000145 0.000028  0.012615 0.002795 -0.535714
11  3.883509 -0.047213 0.431351  -0.283712 0.421834 -0.633459
12  1.719573 -0.000029 0.000017  0.057360 -0.144594 -1.427911
13  1.209179 0.000089 0.000011  -0.003667 -0.003000 -0.405259
14  4.085234 -0.082653 1.151009  0.076971 0.573771 0.038997
15  1.719450 -0.000017 0.000029  0.015664 -0.064932 -0.867211
16  1.099675 0.000049 0.000006  -0.075642 0.030056 -1.536734
17  0.869860 -1.165528 1.469023  -1.184630 -0.527540 -0.152316
18  1.789820 -0.000003 -0.000018  0.000001 -0.000026 0.636398
19  1.207013 -0.000013 -0.000044  0.000006 -0.000006 -0.137935
20  5.740637 0.000389 -0.000702  -0.108229 0.000003 0.000064
21  11.480989 0.000223 -0.000831  -0.042733 -0.108608 0.037758
22  6.027524 -0.000330 0.000200  1.600190 -0.574767 1.534864
23  -0.000001 11.692100 -0.000007  -0.965049 -0.417379 -0.768316
24  0.000003 0.000008 0.000001  -0.021116 -0.000031 1.570738
25  -0.000000 -0.000012 0.000001  0.868960 0.000002 1.570712
26  -6.617934 -9.178503 0.826812  1.473120 1.855075 -0.198639
27  6.027513 -0.000259 -0.000221  1.520730 0.754736 -0.708481
28  11.691992 0.000161 0.000857  0.141449 0.000072 -1.836665
29  11.479355 -0.000861 0.000954  -1.142790 0.380466 0.885558
30  3.859437 -0.132758 1.193066  0.469647 -0.013262 -1.872395
31  1.312559 0.000026 -0.000001  0.024060 -0.138696 -0.550187
32  0.729344 0.000065 -0.000026  -0.166197 -0.081570 -0.714272
33  3.942046 0.050139 0.431001  0.225309 -0.086237 -1.592712
34  1.539096 0.000005 -0.000001  0.035254 -0.050373 -0.994350
35  1.196300 0.000078 -0.000003  -0.021521 0.002175 -0.839738
36  3.883414 -0.050472 -0.431084  0.184824 -0.271737 -1.204030
37  1.719563 -0.000085 -0.000005  0.022859 -0.107186 -1.509108
38  1.209198 0.000035 0.000012  0.000661 0.071072 -0.480462
39  3.859588 -0.149083 -1.331320  -0.104061 -0.070249 -0.272073
40  1.719415 -0.000098 -0.000035  -0.013177 0.003907 -1.203491
41  1.099674 0.000021 0.000007  -0.005887 -0.007993 -0.771205
42  0.805984 -0.359848 -1.318338  0.991670 0.166767 -0.799527
43  1.789780 -0.000008 -0.000043  0.000058 -0.002451 0.133098
44  1.206996 -0.000007 0.000005  0.000372 -0.000071 1.058780
45  5.740571 0.000079 0.000721  0.172460 -0.000014 0.000028
46  11.480814 -0.000098 0.000936  0.056555 0.082971 0.145456
47  6.027515 -0.000273 -0.000230  -0.910498 -0.520836 -1.709520
48  -0.000000 11.691973 -0.000005  -1.227263 0.672038 0.920661
49  0.000002 -0.000002 0.000001  2.413977 -0.000036 1.570860
50  -0.000006 -0.000014 0.000005  2.272645 -0.000036 1.570861
51  -3.422328 -3.805365 -6.854754  -0.078012 -2.996716 1.465737
52  0.000000 -0.000000 0.000000  0.008153 -0.000259 0.000009
53  0.000000 -0.000000 0.000001  1.565115 0.043565 -0.106862
54  -0.363791 -15.867239 -5.623037  -0.755929 -0.139050 -1.950540
55  -0.000001 -0.000000 0.000000  0.000000 -0.000001 -0.000002
56  0.000029 0.000028 0.000002  -1.571901 -0.044449 -0.106509
57  5.185302 -16.056248 -16.646038  1.570796 -0.000000 0.000000
58  -15.417985 4.000748 -22.641926  1.570796 -0.000000 0.000000
59  2.236387 -0.189356 -5.037201  1.570796 -0.000000 0.000000
60  -0.004311 0.001230 -0.000371  0.006898 -0.005534 -0.284229
61  0.826810 10.209643 -4.879054  1.570796 -0.000000 0.000000
62  0.000000 0.000000 0.000000  -0.078727 -3.136056 0.284226
63  -2.240596 -3.247336 -0.249455  1.570796 -0.000000 0.000000
64  -2.287624 -8.249615 -1.349235  1.570796 0.000000 0.000000
65  0.002681 -3.204031 0.621196  0.000000 -0.000000 0.000000
66  0.048105 -1.112260 5.803837  0.000000 -0.000000 0.000000
67  -1.184782 0.539746 -0.284904  0.000000 -0.000000 0.000000
68  0.047884 -1.610073 21.020466  0.000000 -0.000000 0.000000
69  0.047881 -3.319714 2.472855  0.000000 -0.000000 0.000000
70  0.172180 -2.040368 3.568007  0.000000 -0.000000 0.000000
71  0.654947 -2.537531 2.477230  0.000000 -0.000000 0.000000
72  -2.285144 -12.956001 -5.446409  1.570796 0.000000 0.000000
73  0.017809 1.799356 -0.402361  0.000000 -0.000000 0.000000
74  -2.285144 -12.956001 -5.446409  1.570796 0.000000 0.000000
75  0.031323 2.100358 -1.138380  0.000000 -0.000000 0.000000
76  -0.024051 1.849582 -1.138377  0.000000 -0.000000 0.000000
time 37
0  0.000006 0.000000 0.000000  -1.570800 -1.391899 -1.570792
1  -4.921969 1.082092 2.232071  -1.544956 -1.855077 -0.198630
2  6.027524 -0.000323 0.000190  -0.747182 -0.995446 -1.552695
3  11.692107 0.000645 -0.000740  -0.890211 -0.000018 -1.391952
4  11.479911 0.000229 -0.000885  1.225960 -0.603154 0.357879
5  3.859502 -0.142824 -1.192079  -0.573871 -0.316762 -1.795817
6  1.312591 0.000009 0.000007  -0.135121 -0.003384 -0.178728
7  0.729354 0.000055 0.000049  -0.006155 -0.010667 -0.248915
8  3.942140 0.046330 -0.431542  -0.497018 0.100803 -1.231861
9  1.539110 0.000083 0.000004  -0.000382 -0.119364 -0.902013
10  1.196330 0.000145 0.000028  0.012615 0.002795 -0.535714
11  3.883509 -0.047213 0.431351  -0.283712 0.421834 -0.633459
12  1.719573 -0.000029 0.000017  0.057360 -0.144594 -1.427911
13  1.209179 0.000089 0.000011  -0.003667 -0.003000 -0.405259
14  4.085234 -0.082653 1.151009  0.076971 0.573771 0.038997
15  1.719450 -0.000017 0.000029  0.015664 -0.064932 -0.867211
16  1.099675 0.000049 0.000006  -0.075642 0.030056 -1.536734
17  0.869860 -1.165528 1.469023  -1.184630 -0.527540 -0.152316
18  1.789820 -0.000003 -0.000018  0.000001 -0.000026 0.636398
19  1.207013 -0.000013 -0.000044  0.000006 -0.000006 -0.137935
20  5.740637 0.000389 -0.000702  -0.108229 0.000003 0.000064
21  11.480989 0.000223 -0.000831  -0.042733 -0.108608 0.037758
22  6.027524 -0.000330 0.000200  1.600190 -0.574767 1.534864
23  -0.000001 11.692100 -0.000007  -0.965049 -0.417379 -0.768316
24  0.000003 0.000008 0.000001  -0.021116 -0.000031 1.570738
25  -0.000000 -0.000012 0.000001  0.868960 0.000002 1.570712
26  -6.617934 -9.178503 0.826812  1.473120 1.855075 -0.198639
27  6.027513 -0.000259 -0.000221  1.520730 0.754736 -0.708481
28  11.691992 0.000161 0.000857  0.141449 0.000072 -1.836665
29  11.479355 -0.000861 0.000954  -1.142790 0.380466 0.885558
30  3.859437 -0.132758 1.193066  0.469647 -0.013262 -1.872395
31  1.312559 0.000026 -0.000001  0.024060 -0.138696 -0.550187
32  0.729344 0.000065 -0.000026  -0.166197 -0.081570 -0.714272
33  3.942046 0.050139 0.431001  0.225309 -0.086237 -1.592712
34  1.539096 0.000005 -0.000001  0.035254 -0.050373 -0.994350
35  1.196300 0.000078 -0.000003  -0.021521 0.002175 -0.839738
36  3.883414 -0.050472 -0.431084  0.184824 -0.271737 -1.204030
37  1.719563 -0.000085 -0.000005  0.022859 -0.107186 -1.509108
38  1.209198 0.000035 0.000012  0.000661 0.071072 -0.480462
39  3.859588 -0.149083 -1.331320  -0.104061 -0.070249 -0.272073
40  1.719415 -0.000098 -0.000035  -0.013177 0.003907 -1.203491
41  1.099674 0.000021 0.000007  -0.005887 -0.007993 -0.771205
42  0.805984 -0.359848 -1.318338  0.991670 0.166767 -0.799527
43  1.789780 -0.000008 -0.000043  0.000058 -0.002451 0.133098
44  1.206996 -0.000007 0.000005  0.000372 -0.000071 1.058780
45  5.740571 0.000079 0.000721  0.172460 -0.000014 0.000028
46  11.480814 -0.000098 0.000936  0.056555 0.082971 0.145456
47  6.027515 -0.000273 -0.000230  -0.910498 -0.520836 -1.709520
48  -0.000000 11.691973 -0.000005  -1.227263 0.672038 0.920661
49  0.000002 -0.000002 0.000001  2.413977 -0.000036 1.570860
50  -0.000006 -0.000014 0.000005  2.272645 -0.000036 1.570861
51  -3.422328 -3.805365 -6.854754  -0.078012 -2.996716 1.465737
52  0.000000 -0.000000 0.000000  0.008153 -0.000259 0.000009
53  0.000000 -0.000000 0.000001  1.565115 0.043565 -0.106862
54  -0.363791 -15.867239 -5.623037  -0.755929 -0.139050 -1.950540
55  -0.000001 -0.000000 0.000000  0.000000 -0.000001 -0.000002
56  0.000029 0.000028 0.000002  -1.571901 -0.044449 -0.106509
57  5.185302 -16.056248 -16.646038  1.570796 -0.000000 0.000000
58  -15.417985 4.000748 -22.641926  1.570796 -0.000000 0.000000
59  2.236387 -0.189356 -5.037201  1.570796 -0.000000 0.000000
60  -0.004311 0.001230 -0.000371  0.006898 -0.005534 -0.284229
61  0.826810 10.209643 -4.879054  1.570796 -0.000000 0.000000
62  0.000000 0.000000 0.000000  -0.078727 -3.136056 0.284226
63  -2.240596 -3.247336 -0.249455  1.570796 -0.000000 0.000000
64  -2.287624 -8.249615 -1.349235  1.570796 0.000000 0.000000
65  0.002681 -3.204031 0.621196  0.000000 -0.000000 0.000000
66  0.048105 -1.112260 5.803837  0.000000 -0.000000 0.000000
67  -1.184782 0.539746 -0.284904  0.000000 -0.000000 0.000000
68  0.047884 -1.610073 21.020466  0.000000 -0.000000 0.000000
69  0.047881 -3.319714 2.472855  0.000000 -0.000000 0.000000
70  0.172180 -2.040368 3.568007  0.000000 -0.000000 0.000000
71  0.654947 -2.537531 2.477230  0.000000 -0.000000 0.000000
72  -2.285144 -12.956001 -5.446409  1.570796 0.000000 0.000000
73  0.017809 1.799356 -0.402361  0.000000 -0.000000 0.000000
74  -2.285144 -12.956001 -5.446409  1.570796 0.000000 0.000000
75  0.031323 2.100358 -1.138380  0.000000 -0.000000 0.000000
76  -0.024051 1.849582 -1.138377  0.000000 -0.000000 0.000000
time 38
0  0.000006 0.000000 0.000000  -1.570800 -1.391899 -1.570792
1  -4.921969 1.082092 2.232071  -1.544956 -1.855077 -0.198630
2  6.027524 -0.000323 0.000190  -0.747182 -0.995446 -1.552695
3  11.692107 0.000645 -0.000740  -0.890211 -0.000018 -1.391952
4  11.479911 0.000229 -0.000885  1.225960 -0.603154 0.357879
5  3.859502 -0.142824 -1.192079  -0.573871 -0.316762 -1.795817
6  1.312591 0.000009 0.000007  -0.135121 -0.003384 -0.178728
7  0.729354 0.000055 0.000049  -0.006155 -0.010667 -0.248915
8  3.942140 0.046330 -0.431542  -0.497018 0.100803 -1.231861
9  1.539110 0.000083 0.000004  -0.000382 -0.119364 -0.902013
10  1.196330 0.000145 0.000028  0.012615 0.002795 -0.535714
11  3.883509 -0.047213 0.431351  -0.283712 0.421834 -0.633459
12  1.719573 -0.000029 0.000017  0.057360 -0.144594 -1.427911
13  1.209179 0.000089 0.000011  -0.003667 -0.003000 -0.405259
14  4.085234 -0.082653 1.151009  0.076971 0.573771 0.038997
15  1.719450 -0.000017 0.000029  0.015664 -0.064932 -0.867211
16  1.099675 0.000049 0.000006  -0.075642 0.030056 -1.536734
17  0.869860 -1.165528 1.469023  -1.184630 -0.527540 -0.152316
18  1.789820 -0.000003 -0.000018  0.000001 -0.000026 0.636398
19  1.207013 -0.000013 -0.000044  0.000006 -0.000006 -0.137935
20  5.740637 0.000389 -0.000702  -0.108229 0.000003 0.000064
21  11.480989 0.000223 -0.000831  -0.042733 -0.108608 0.037758
22  6.027524 -0.000330 0.000200  1.600190 -0.574767 1.534864
23  -0.000001 11.692100 -0.000007  -0.965049 -0.417379 -0.768316
24  0.000003 0.000008 0.000001  -0.021116 -0.000031 1.570738
25  -0.000000 -0.000012 0.000001  0.868960 0.000002 1.570712
26  -6.617934 -9.178503 0.826812  1.473120 1.855075 -0.198639
27  6.027513 -0.000259 -0.000221  1.520730 0.754736 -0.708481
28  11.691992 0.000161 0.000857  0.141449 0.000072 -1.836665
29  11.479355 -0.000861 0.000954  -1.142790 0.380466 0.885558
30  3.859437 -0.132758 1.193066  0.469647 -0.013262 -1.872395
31  1.312559 0.000026 -0.000001  0.024060 -0.138696 -0.550187
32  0.729344 0.000065 -0.000026  -0.166197 -0.081570 -0.714272
33  3.942046 0.050139 0.431001  0.225309 -0.086237 -1.592712
34  1.539096 0.000005 -0.000001  0.035254 -0.050373 -0.994350
35  1.196300 0.000078 -0.000003  -0.021521 0.002175 -0.839738
36  3.883414 -0.050472 -0.431084  0.184824 -0.271737 -1.204030
37  1.719563 -0.000085 -0.000005  0.022859 -0.107186 -1.509108
38  1.209198 0.000035 0.000012  0.000661 0.071072 -0.480462
39  3.859588 -0.149083 -1.331320  -0.104061 -0.070249 -0.272073
40  1.719415 -0.000098 -0.000035  -0.013177 0.003907 -1.203491
41  1.099674 0.000021 0.000007  -0.005887 -0.007993 -0.771205
42  0.805984 -0.359848 -1.318338  0.991670 0.166767 -0.799527
43  1.789780 -0.000008 -0.000043  0.000058 -0.002451 0.133098
44  1.206996 -0.000007 0.000005  0.000372 -0.000071 1.058780
45  5.740571 0.000079 0.000721  0.172460 -0.000014 0.000028
46  11.480814 -0.000098 0.000936  0.056555 0.082971 0.145456
47  6.027515 -0.000273 -0.000230  -0.910498 -0.520836 -1.709520
48  -0.000000 11.691973 -0.000005  -1.227263 0.672038 0.920661
49  0.000002 -0.000002 0.000001  2.413977 -0.000036 1.570860
50  -0.000006 -0.000014 0.000005  2.272645 -0.000036 1.570861
51  -3.422328 -3.805365 -6.854754  -0.078012 -2.996716 1.465737
52  0.000000 -0.000000 0.000000  0.008153 -0.000259 0.000009
53  0.000000 -0.000000 0.000001  1.565115 0.043565 -0.106862
54  -0.363791 -15.867239 -5.623037  -0.755929 -0.139050 -1.950540
55  -0.000001 -0.000000 0.000000  0.000000 -0.000001 -0.000002
56  0.000029 0.000028 0.000002  -1.571901 -0.044449 -0.106509
57  5.185302 -16.056248 -16.646038  1.570796 -0.000000 0.000000
58  -15.417985 4.000748 -22.641926  1.570796 -0.000000 0.000000
59  2.236387 -0.189356 -5.037201  1.570796 -0.000000 0.000000
60  -0.004311 0.001230 -0.000371  0.006898 -0.005534 -0.284229
61  0.826810 10.209643 -4.879054  1.570796 -0.000000 0.000000
62  0.000000 0.000000 0.000000  -0.078727 -3.136056 0.284226
63  -2.240596 -3.247336 -0.249455  1.570796 -0.000000 0.000000
64  -2.287624 -8.249615 -1.349235  1.570796 0.000000 0.000000
65  0.002681 -3.204031 0.621196  0.000000 -0.000000 0.000000
66  0.048105 -1.112260 5.803837  0.000000 -0.000000 0.000000
67  -1.184782 0.539746 -0.284904  0.000000 -0.000000 0.000000
68  0.047884 -1.610073 21.020466  0.000000 -0.000000 0.000000
69  0.047881 -3.319714 2.472855  0.000000 -0.000000 0.000000
70  0.172180 -2.040368 3.568007  0.000000 -0.000000 0.000000
71  0.654947 -2.537531 2.477230  0.000000 -0.000000 0.000000
72  -2.285144 -12.956001 -5.446409  1.570796 0.000000 0.000000
73  0.017809 1.799356 -0.402361  0.000000 -0.000000 0.000000
74  -2.285144 -12.956001 -5.446409  1.570796 0.000000 0.000000
75  0.031323 2.100358 -1.138380  0.000000 -0.000000 0.000000
76  -0.024051 1.849582 -1.138377  0.000000 -0.000000 0.000000
time 39
0  0.000006 0.000000 0.000000  -1.570800 -1.391899 -1.570792
1  -4.921969 1.082092 2.232071  -1.544956 -1.855077 -0.198630
2  6.027524 -0.000323 0.000190  -0.747182 -0.995446 -1.552695
3  11.692107 0.000645 -0.000740  -0.890211 -0.000018 -1.391952
4  11.479911 0.000229 -0.000885  1.225960 -0.603154 0.357879
5  3.859502 -0.142824 -1.192079  -0.573871 -0.316762 -1.795817
6  1.312591 0.000009 0.000007  -0.135121 -0.003384 -0.178728
7  0.729354 0.000055 0.000049  -0.006155 -0.010667 -0.248915
8  3.942140 0.046330 -0.431542  -0.497018 0.100803 -1.231861
9  1.539110 0.000083 0.000004  -0.000382 -0.119364 -0.902013
10  1.196330 0.000145 0.000028  0.012615 0.002795 -0.535714
11  3.883509 -0.047213 0.431351  -0.283712 0.421834 -0.633459
12  1.719573 -0.000029 0.000017  0.057360 -0.144594 -1.427911
13  1.209179 0.000089 0.000011  -0.003667 -0.003000 -0.405259
14  4.085234 -0.082653 1.151009  0.076971 0.573771 0.038997
15  1.719450 -0.000017 0.000029  0.015664 -0.064932 -0.867211
16  1.099675 0.000049 0.000006  -0.075642 0.030056 -1.536734
17  0.869860 -1.165528 1.469023  -1.184630 -0.527540 -0.152316
18  1.789820 -0.000003 -0.000018  0.000001 -0.000026 0.636398
19  1.207013 -0.000013 -0.000044  0.000006 -0.000006 -0.137935
20  5.740637 0.000389 -0.000702  -0.108229 0.000003 0.000064
21  11.480989 0.000223 -0.000831  -0.042733 -0.108608 0.037758
22  6.027524 -0.000330 0.000200  1.600190 -0.574767 1.534864
23  -0.000001 11.692100 -0.000007  -0.965049 -0.417379 -0.768316
24  0.000003 0.000008 0.000001  -0.021116 -0.000031 1.570738
25  -0.000000 -0.000012 0.000001  0.868960 0.000002 1.570712
26  -6.617934 -9.178503 0.826812  1.473120 1.855075 -0.198639
27  6.027513 -0.000259 -0.000221  1.520730 0.754736 -0.708481
28  11.691992 0.000161 0.000857  0.141449 0.000072 -1.836665
29  11.479355 -0.000861 0.000954  -1.142790 0.380466 0.885558
30  3.859437 -0.132758 1.193066  0.469647 -0.013262 -1.872395
31  1.312559 0.000026 -0.000001  0.024060 -0.138696 -0.550187
32  0.729344 0.000065 -0.000026  -0.166197 -0.081570 -0.714272
33  3.942046 0.050139 0.431001  0.225309 -0.086237 -1.592712
34  1.539096 0.000005 -0.000001  0.035254 -0.050373 -0.994350
35  1.196300 0.000078 -0.000003  -0.021521 0.002175 -0.839738
36  3.883414 -0.050472 -0.431084  0.184824 -0.271737 -1.204030
37  1.719563 -0.000085 -0.000005  0.022859 -0.107186 -1.509108
38  1.209198 0.000035 0.000012  0.000661 0.071072 -0.480462
39  3.859588 -0.149083 -1.331320  -0.104061 -0.070249 -0.272073
40  1.719415 -0.000098 -0.000035  -0.013177 0.003907 -1.203491
41  1.099674 0.000021 0.000007  -0.005887 -0.007993 -0.771205
42  0.805984 -0.359848 -1.318338  0.991670 0.166767 -0.799527
43  1.789780 -0.000008 -0.000043  0.000058 -0.002451 0.133098
44  1.206996 -0.000007 0.000005  0.000372 -0.000071 1.058780
45  5.740571 0.000079 0.000721  0.172460 -0.000014 0.000028
46  11.480814 -0.000098 0.000936  0.056555 0.082971 0.145456
47  6.027515 -0.000273 -0.000230  -0.910498 -0.520836 -1.709520
48  -0.000000 11.691973 -0.000005  -1.227263 0.672038 0.920661
49  0.000002 -0.000002 0.000001  2.413977 -0.000036 1.570860
50  -0.000006 -0.000014 0.000005  2.272645 -0.000036 1.570861
51  -3.422328 -3.805365 -6.854754  -0.078012 -2.996716 1.465737
52  0.000000 -0.000000 0.000000  0.008153 -0.000259 0.000009
53  0.000000 -0.000000 0.000001  1.565115 0.043565 -0.106862
54  -0.363791 -15.867239 -5.623037  -0.755929 -0.139050 -1.950540
55  -0.000001 -0.000000 0.000000  0.000000 -0.000001 -0.000002
56  0.000029 0.000028 0.000002  -1.571901 -0.044449 -0.106509
57  5.185302 -16.056248 -16.646038  1.570796 -0.000000 0.000000
58  -15.417985 4.000748 -22.641926  1.570796 -0.000000 0.000000
59  2.236387 -0.189356 -5.037201  1.570796 -0.000000 0.000000
60  -0.004311 0.001230 -0.000371  0.006898 -0.005534 -0.284229
61  0.826810 10.209643 -4.879054  1.570796 -0.000000 0.000000
62  0.000000 0.000000 0.000000  -0.078727 -3.136056 0.284226
63  -2.240596 -3.247336 -0.249455  1.570796 -0.000000 0.000000
64  -2.287624 -8.249615 -1.349235  1.570796 0.000000 0.000000
65  0.002681 -3.204031 0.621196  0.000000 -0.000000 0.000000
66  0.048105 -1.112260 5.803837  0.000000 -0.000000 0.000000
67  -1.184782 0.539746 -0.284904  0.000000 -0.000000 0.000000
68  0.047884 -1.610073 21.020466  0.000000 -0.000000 0.000000
69  0.047881 -3.319714 2.472855  0.000000 -0.000000 0.000000
70  0.172180 -2.040368 3.568007  0.000000 -0.000000 0.000000
71  0.654947 -2.537531 2.477230  0.000000 -0.000000 0.000000
72  -2.285144 -12.956001 -5.446409  1.570796 0.000000 0.000000
73  0.017809 1.799356 -0.402361  0.000000 -0.000000 0.000000
74  -2.285144 -12.956001 -5.446409  1.570796 0.000000 0.000000
75  0.031323 2.100358 -1.138380  0.000000 -0.000000 0.000000
76  -0.024051 1.849582 -1.138377  0.000000 -0.000000 0.000000
time 40
0  0.000006 0.000000 0.000000  -1.570800 -1.391899 -1.570792
1  -4.921969 1.082092 2.232071  -1.544956 -1.855077 -0.198630
2  6.027524 -0.000323 0.000190  -0.747182 -0.995446 -1.552695
3  11.692107 0.000645 -0.000740  -0.890211 -0.000018 -1.391952
4  11.479911 0.000229 -0.000885  1.225960 -0.603154 0.357879
5  3.859502 -0.142824 -1.192079  -0.573871 -0.316762 -1.795817
6  1.312591 0.000009 0.000007  -0.135121 -0.003384 -0.178728
7  0.729354 0.000055 0.000049  -0.006155 -0.010667 -0.248915
8  3.942140 0.046330 -0.431542  -0.497018 0.100803 -1.231861
9  1.539110 0.000083 0.000004  -0.000382 -0.119364 -0.902013
10  1.196330 0.000145 0.000028  0.012615 0.002795 -0.535714
11  3.883509 -0.047213 0.431351  -0.283712 0.421834 -0.633459
12  1.719573 -0.000029 0.000017  0.057360 -0.144594 -1.427911
13  1.209179 0.000089 0.000011  -0.003667 -0.003000 -0.405259
14  4.085234 -0.082653 1.151009  0.076971 0.573771 0.038997
15  1.719450 -0.000017 0.000029  0.015664 -0.064932 -0.867211
16  1.099675 0.000049 0.000006  -0.075642 0.030056 -1.536734
17  0.869860 -1.165528 1.469023  -1.184630 -0.527540 -0.152316
18  1.789820 -0.000003 -0.000018  0.000001 -0.000026 0.636398
19  1.207013 -0.000013 -0.000044  0.000006 -0.000006 -0.137935
20  5.740637 0.000389 -0.000702  -0.108229 0.000003 0.000064
21  11.480989 0.000223 -0.000831  -0.042733 -0.108608 0.037758
22  6.027524 -0.000330 0.000200  1.600190 -0.574767 1.534864
23  -0.000001 11.692100 -0.000007  -0.965049 -0.417379 -0.768316
24  0.000003 0.000008 0.000001  -0.021116 -0.000031 1.570738
25  -0.000000 -0.000012 0.000001  0.868960 0.000002 1.570712
26  -6.617934 -9.178503 0.826812  1.473120 1.855075 -0.198639
27  6.027513 -0.000259 -0.000221  1.520730 0.754736 -0.708481
28  11.691992 0.000161 0.000857  0.141449 0.000072 -1.836665
29  11.479355 -0.000861 0.000954  -1.142790 0.380466 0.885558
30  3.859437 -0.132758 1.193066  0.469647 -0.013262 -1.872395
31  1.312559 0.000026 -0.000001  0.024060 -0.138696 -0.550187
32  0.729344 0.000065 -0.000026  -0.166197 -0.081570 -0.714272
33  3.942046 0.050139 0.431001  0.225309 -0.086237 -1.592712
34  1.539096 0.000005 -0.000001  0.035254 -0.050373 -0.994350
35  1.196300 0.000078 -0.000003  -0.021521 0.002175 -0.839738
36  3.883414 -0.050472 -0.431084  0.184824 -0.271737 -1.204030
37  1.719563 -0.000085 -0.000005  0.022859 -0.107186 -1.509108
38  1.209198 0.000035 0.000012  0.000661 0.071072 -0.480462
39  3.859588 -0.149083 -1.331320  -0.104061 -0.070249 -0.272073
40  1.719415 -0.000098 -0.000035  -0.013177 0.003907 -1.203491
41  1.099674 0.000021 0.000007  -0.005887 -0.007993 -0.771205
42  0.805984 -0.359848 -1.318338  0.991670 0.166767 -0.799527
43  1.789780 -0.000008 -0.000043  0.000058 -0.002451 0.133098
44  1.206996 -0.000007 0.000005  0.000372 -0.000071 1.058780
45  5.740571 0.000079 0.000721  0.172460 -0.000014 0.000028
46  11.480814 -0.000098 0.000936  0.056555 0.082971 0.145456
47  6.027515 -0.000273 -0.000230  -0.910498 -0.520836 -1.709520
48  -0.000000 11.691973 -0.000005  -1.227263 0.672038 0.920661
49  0.000002 -0.000002 0.000001  2.413977 -0.000036 1.570860
50  -0.000006 -0.000014 0.000005  2.272645 -0.000036 1.570861
51  -3.422328 -3.805365 -6.854754  -0.078012 -2.996716 1.465737
52  0.000000 -0.000000 0.000000  0.008153 -0.000259 0.000009
53  0.000000 -0.000000 0.000001  1.565115 0.043565 -0.106862
54  -0.363791 -15.867239 -5.623037  -0.755929 -0.139050 -1.950540
55  -0.000001 -0.000000 0.000000  0.000000 -0.000001 -0.000002
56  0.000029 0.000028 0.000002  -1.571901 -0.044449 -0.106509
57  5.185302 -16.056248 -16.646038  1.570796 -0.000000 0.000000
58  -15.417985 4.000748 -22.641926  1.570796 -0.000000 0.000000
59  2.236387 -0.189356 -5.037201  1.570796 -0.000000 0.000000
60  -0.004311 0.001230 -0.000371  0.006898 -0.005534 -0.284229
61  0.826810 10.209643 -4.879054  1.570796 -0.000000 0.000000
62  0.000000 0.000000 0.000000  -0.078727 -3.136056 0.284226
63  -2.240596 -3.247336 -0.249455  1.570796 -0.000000 0.000000
64  -2.287624 -8.249615 -1.349235  1.570796 0.000000 0.000000
65  0.002681 -3.204031 0.621196  0.000000 -0.000000 0.000000
66  0.048105 -1.112260 5.803837  0.000000 -0.000000 0.000000
67  -1.184782 0.539746 -0.284904  0.000000 -0.000000 0.000000
68  0.047884 -1.610073 21.020466  0.000000 -0.000000 0.000000
69  0.047881 -3.319714 2.472855  0.000000 -0.000000 0.000000
70  0.172180 -2.040368 3.568007  0.000000 -0.000000 0.000000
71  0.654947 -2.537531 2.477230  0.000000 -0.000000 0.000000
72  -2.285144 -12.956001 -5.446409  1.570796 0.000000 0.000000
73  0.017809 1.799356 -0.402361  0.000000 -0.000000 0.000000
74  -2.285144 -12.956001 -5.446409  1.570796 0.000000 0.000000
75  0.031323 2.100358 -1.138380  0.000000 -0.000000 0.000000
76  -0.024051 1.849582 -1.138377  0.000000 -0.000000 0.000000
time 41
0  0.000006 0.000000 0.000000  -1.570800 -1.391899 -1.570792
1  -4.921969 1.082092 2.232071  -1.544956 -1.855077 -0.198630
2  6.027524 -0.000323 0.000190  -0.747182 -0.995446 -1.552695
3  11.692107 0.000645 -0.000740  -0.890211 -0.000018 -1.391952
4  11.479911 0.000229 -0.000885  1.225960 -0.603154 0.357879
5  3.859502 -0.142824 -1.192079  -0.573871 -0.316762 -1.795817
6  1.312591 0.000009 0.000007  -0.135121 -0.003384 -0.178728
7  0.729354 0.000055 0.000049  -0.006155 -0.010667 -0.248915
8  3.942140 0.046330 -0.431542  -0.497018 0.100803 -1.231861
9  1.539110 0.000083 0.000004  -0.000382 -0.119364 -0.902013
10  1.196330 0.000145 0.000028  0.012615 0.002795 -0.535714
11  3.883509 -0.047213 0.431351  -0.283712 0.421834 -0.633459
12  1.719573 -0.000029 0.000017  0.057360 -0.144594 -1.427911
13  1.209179 0.000089 0.000011  -0.003667 -0.003000 -0.405259
14  4.085234 -0.082653 1.151009  0.076971 0.573771 0.038997
15  1.719450 -0.000017 0.000029  0.015664 -0.064932 -0.867211
16  1.099675 0.000049 0.000006  -0.075642 0.030056 -1.536734
17  0.869860 -1.165528 1.469023  -1.184630 -0.527540 -0.152316
18  1.789820 -0.000003 -0.000018  0.000001 -0.000026 0.636398
19  1.207013 -0.000013 -0.000044  0.000006 -0.000006 -0.137935
20  5.740637 0.000389 -0.000702  -0.108229 0.000003 0.000064
21  11.480989 0.000223 -0.000831  -0.042733 -0.108608 0.037758
22  6.027524 -0.000330 0.000200  1.600190 -0.574767 1.534864
23  -0.000001 11.692100 -0.000007  -0.965049 -0.417379 -0.768316
24  0.000003 0.000008 0.000001  -0.021116 -0.000031 1.570738
25  -0.000000 -0.000012 0.000001  0.868960 0.000002 1.570712
26  -6.617934 -9.178503 0.826812  1.473120 1.855075 -0.198639
27  6.027513 -0.000259 -0.000221  1.520730 0.754736 -0.708481
28  11.691992 0.000161 0.000857  0.141449 0.000072 -1.836665
29  11.479355 -0.000861 0.000954  -1.142790 0.380466 0.885558
30  3.859437 -0.132758 1.193066  0.469647 -0.013262 -1.872395
31  1.312559 0.000026 -0.000001  0.024060 -0.138696 -0.550187
32  0.729344 0.000065 -0.000026  -0.166197 -0.081570 -0.714272
33  3.942046 0.050139 0.431001  0.225309 -0.086237 -1.592712
34  1.539096 0.000005 -0.000001  0.035254 -0.050373 -0.994350
35  1.196300 0.000078 -0.000003  -0.021521 0.002175 -0.839738
36  3.883414 -0.050472 -0.431084  0.184824 -0.271737 -1.204030
37  1.719563 -0.000085 -0.000005  0.022859 -0.107186 -1.509108
38  1.209198 0.000035 0.000012  0.000661 0.071072 -0.480462
39  3.859588 -0.149083 -1.331320  -0.104061 -0.070249 -0.272073
40  1.719415 -0.000098 -0.000035  -0.013177 0.003907 -1.203491
41  1.099674 0.000021 0.000007  -0.005887 -0.007993 -0.771205
42  0.805984 -0.359848 -1.318338  0.991670 0.166767 -0.799527
43  1.789780 -0.000008 -0.000043  0.000058 -0.002451 0.133098
44  1.206996 -0.000007 0.000005  0.000372 -0.000071 1.058780
45  5.740571 0.000079 0.000721  0.172460 -0.000014 0.000028
46  11.480814 -0.000098 0.000936  0.056555 0.082971 0.145456
47  6.027515 -0.000273 -0.000230  -0.910498 -0.520836 -1.709520
48  -0.000000 11.691973 -0.000005  -1.227263 0.672038 0.920661
49  0.000002 -0.000002 0.000001  2.413977 -0.000036 1.570860
50  -0.000006 -0.000014 0.000005  2.272645 -0.000036 1.570861
51  -3.422328 -3.805365 -6.854754  -0.078012 -2.996716 1.465737
52  0.000000 -0.000000 0.000000  0.008153 -0.000259 0.000009
53  0.000000 -0.000000 0.000001  1.565115 0.043565 -0.106862
54  -0.363791 -15.867239 -5.623037  -0.755929 -0.139050 -1.950540
55  -0.000001 -0.000000 0.000000  0.000000 -0.000001 -0.000002
56  0.000029 0.000028 0.000002  -1.571901 -0.044449 -0.106509
57  5.185302 -16.056248 -16.646038  1.570796 -0.000000 0.000000
58  -15.417985 4.000748 -22.641926  1.570796 -0.000000 0.000000
59  2.236387 -0.189356 -5.037201  1.570796 -0.000000 0.000000
60  -0.004311 0.001230 -0.000371  0.006898 -0.005534 -0.284229
61  0.826810 10.209643 -4.879054  1.570796 -0.000000 0.000000
62  0.000000 0.000000 0.000000  -0.078727 -3.136056 0.284226
63  -2.240596 -3.247336 -0.249455  1.570796 -0.000000 0.000000
64  -2.287624 -8.249615 -1.349235  1.570796 0.000000 0.000000
65  0.002681 -3.204031 0.621196  0.000000 -0.000000 0.000000
66  0.048105 -1.112260 5.803837  0.000000 -0.000000 0.000000
67  -1.184782 0.539746 -0.284904  0.000000 -0.000000 0.000000
68  0.047884 -1.610073 21.020466  0.000000 -0.000000 0.000000
69  0.047881 -3.319714 2.472855  0.000000 -0.000000 0.000000
70  0.172180 -2.040368 3.568007  0.000000 -0.000000 0.000000
71  0.654947 -2.537531 2.477230  0.000000 -0.000000 0.000000
72  -2.285144 -12.956001 -5.446409  1.570796 0.000000 0.000000
73  0.017809 1.799356 -0.402361  0.000000 -0.000000 0.000000
74  -2.285144 -12.956001 -5.446409  1.570796 0.000000 0.000000
75  0.031323 2.100358 -1.138380  0.000000 -0.000000 0.000000
76  -0.024051 1.849582 -1.138377  0.000000 -0.000000 0.000000
time 42
0  0.000006 0.000000 0.000000  -1.570800 -1.391899 -1.570792
1  -4.921969 1.082092 2.232071  -1.544956 -1.855077 -0.198630
2  6.027524 -0.000323 0.000190  -0.747182 -0.995446 -1.552695
3  11.692107 0.000645 -0.000740  -0.890211 -0.000018 -1.391952
4  11.479911 0.000229 -0.000885  1.225960 -0.603154 0.357879
5  3.859502 -0.142824 -1.192079  -0.573871 -0.316762 -1.795817
6  1.312591 0.000009 0.000007  -0.135121 -0.003384 -0.178728
7  0.729354 0.000055 0.000049  -0.006155 -0.010667 -0.248915
8  3.942140 0.046330 -0.431542  -0.497018 0.100803 -1.231861
9  1.539110 0.000083 0.000004  -0.000382 -0.119364 -0.902013
10  1.196330 0.000145 0.000028  0.012615 0.002795 -0.535714
11  3.883509 -0.047213 0.431351  -0.283712 0.421834 -0.633459
12  1.719573 -0.000029 0.000017  0.057360 -0.144594 -1.427911
13  1.209179 0.000089 0.000011  -0.003667 -0.003000 -0.405259
14  4.085234 -0.082653 1.151009  0.076971 0.573771 0.038997
15  1.719450 -0.000017 0.000029  0.015664 -0.064932 -0.867211
16  1.099675 0.000049 0.000006  -0.075642 0.030056 -1.536734
17  0.869860 -1.165528 1.469023  -1.184630 -0.527540 -0.152316
18  1.789820 -0.000003 -0.000018  0.000001 -0.000026 0.636398
19  1.207013 -0.000013 -0.000044  0.000006 -0.000006 -0.137935
20  5.740637 0.000389 -0.000702  -0.108229 0.000003 0.000064
21  11.480989 0.000223 -0.000831  -0.042733 -0.108608 0.037758
22  6.027524 -0.000330 0.000200  1.600190 -0.574767 1.534864
23  -0.000001 11.692100 -0.000007  -0.965049 -0.417379 -0.768316
24  0.000003 0.000008 0.000001  -0.021116 -0.000031 1.570738
25  -0.000000 -0.000012 0.000001  0.868960 0.000002 1.570712
26  -6.617934 -9.178503 0.826812  1.473120 1.855075 -0.198639
27  6.027513 -0.000259 -0.000221  1.520730 0.754736 -0.708481
28  11.691992 0.000161 0.000857  0.141449 0.000072 -1.836665
29  11.479355 -0.000861 0.000954  -1.142790 0.380466 0.885558
30  3.859437 -0.132758 1.193066  0.469647 -0.013262 -1.872395
31  1.312559 0.000026 -0.000001  0.024060 -0.138696 -0.550187
32  0.729344 0.000065 -0.000026  -0.166197 -0.081570 -0.714272
33  3.942046 0.050139 0.431001  0.225309 -0.086237 -1.592712
34  1.539096 0.000005 -0.000001  0.035254 -0.050373 -0.994350
35  1.196300 0.000078 -0.000003  -0.021521 0.002175 -0.839738
36  3.883414 -0.050472 -0.431084  0.184824 -0.271737 -1.204030
37  1.719563 -0.000085 -0.000005  0.022859 -0.107186 -1.509108
38  1.209198 0.000035 0.000012  0.000661 0.071072 -0.480462
39  3.859588 -0.149083 -1.331320  -0.104061 -0.070249 -0.272073
40  1.719415 -0.000098 -0.000035  -0.013177 0.003907 -1.203491
41  1.099674 0.000021 0.000007  -0.005887 -0.007993 -0.771205
42  0.805984 -0.359848 -1.318338  0.991670 0.166767 -0.799527
43  1.789780 -0.000008 -0.000043  0.000058 -0.002451 0.133098
44  1.206996 -0.000007 0.000005  0.000372 -0.000071 1.058780
45  5.740571 0.000079 0.000721  0.172460 -0.000014 0.000028
46  11.480814 -0.000098 0.000936  0.056555 0.082971 0.145456
47  6.027515 -0.000273 -0.000230  -0.910498 -0.520836 -1.709520
48  -0.000000 11.691973 -0.000005  -1.227263 0.672038 0.920661
49  0.000002 -0.000002 0.000001  2.413977 -0.000036 1.570860
50  -0.000006 -0.000014 0.000005  2.272645 -0.000036 1.570861
51  -3.422328 -3.805365 -6.854754  -0.078012 -2.996716 1.465737
52  0.000000 -0.000000 0.000000  0.008153 -0.000259 0.000009
53  0.000000 -0.000000 0.000001  1.565115 0.043565 -0.106862
54  -0.363791 -15.867239 -5.623037  -0.755929 -0.139050 -1.950540
55  -0.000001 -0.000000 0.000000  0.000000 -0.000001 -0.000002
56  0.000029 0.000028 0.000002  -1.571901 -0.044449 -0.106509
57  5.185302 -16.056248 -16.646038  1.570796 -0.000000 0.000000
58  -15.417985 4.000748 -22.641926  1.570796 -0.000000 0.000000
59  2.236387 -0.189356 -5.037201  1.570796 -0.000000 0.000000
60  -0.004311 0.001230 -0.000371  0.006898 -0.005534 -0.284229
61  0.826810 10.209643 -4.879054  1.570796 -0.000000 0.000000
62  0.000000 0.000000 0.000000  -0.078727 -3.136056 0.284226
63  -2.240596 -3.247336 -0.249455  1.570796 -0.000000 0.000000
64  -2.287624 -8.249615 -1.349235  1.570796 0.000000 0.000000
65  0.002681 -3.204031 0.621196  0.000000 -0.000000 0.000000
66  0.048105 -1.112260 5.803837  0.000000 -0.000000 0.000000
67  -1.184782 0.539746 -0.284904  0.000000 -0.000000 0.000000
68  0.047884 -1.610073 21.020466  0.000000 -0.000000 0.000000
69  0.047881 -3.319714 2.472855  0.000000 -0.000000 0.000000
70  0.172180 -2.040368 3.568007  0.000000 -0.000000 0.000000
71  0.654947 -2.537531 2.477230  0.000000 -0.000000 0.000000
72  -2.285144 -12.956001 -5.446409  1.570796 0.000000 0.000000
73  0.017809 1.799356 -0.402361  0.000000 -0.000000 0.000000
74  -2.285144 -12.956001 -5.446409  1.570796 0.000000 0.000000
75  0.031323 2.100358 -1.138380  0.000000 -0.000000 0.000000
76  -0.024051 1.849582 -1.138377  0.000000 -0.000000 0.000000
time 43
0  0.000006 0.000000 0.000000  -1.570800 -1.391899 -1.570792
1  -4.921969 1.082092 2.232071  -1.544956 -1.855077 -0.198630
2  6.027524 -0.000323 0.000190  -0.747182 -0.995446 -1.552695
3  11.692107 0.000645 -0.000740  -0.890211 -0.000018 -1.391952
4  11.479911 0.000229 -0.000885  1.225960 -0.603154 0.357879
5  3.859502 -0.142824 -1.192079  -0.573871 -0.316762 -1.795817
6  1.312591 0.000009 0.000007  -0.135121 -0.003384 -0.178728
7  0.729354 0.000055 0.000049  -0.006155 -0.010667 -0.248915
8  3.942140 0.046330 -0.431542  -0.497018 0.100803 -1.231861
9  1.539110 0.000083 0.000004  -0.000382 -0.119364 -0.902013
10  1.196330 0.000145 0.000028  0.012615 0.002795 -0.535714
11  3.883509 -0.047213 0.431351  -0.283712 0.421834 -0.633459
12  1.719573 -0.000029 0.000017  0.057360 -0.144594 -1.427911
13  1.209179 0.000089 0.000011  -0.003667 -0.003000 -0.405259
14  4.085234 -0.082653 1.151009  0.076971 0.573771 0.038997
15  1.719450 -0.000017 0.000029  0.015664 -0.064932 -0.867211
16  1.099675 0.000049 0.000006  -0.075642 0.030056 -1.536734
17  0.869860 -1.165528 1.469023  -1.184630 -0.527540 -0.152316
18  1.789820 -0.000003 -0.000018  0.000001 -0.000026 0.636398
19  1.207013 -0.000013 -0.000044  0.000006 -0.000006 -0.137935
20  5.740637 0.000389 -0.000702  -0.108229 0.000003 0.000064
21  11.480989 0.000223 -0.000831  -0.042733 -0.108608 0.037758
22  6.027524 -0.000330 0.000200  1.600190 -0.574767 1.534864
23  -0.000001 11.692100 -0.000007  -0.965049 -0.417379 -0.768316
24  0.000003 0.000008 0.000001  -0.021116 -0.000031 1.570738
25  -0.000000 -0.000012 0.000001  0.868960 0.000002 1.570712
26  -6.617934 -9.178503 0.826812  1.473120 1.855075 -0.198639
27  6.027513 -0.000259 -0.000221  1.520730 0.754736 -0.708481
28  11.691992 0.000161 0.000857  0.141449 0.000072 -1.836665
29  11.479355 -0.000861 0.000954  -1.142790 0.380466 0.885558
30  3.859437 -0.132758 1.193066  0.469647 -0.013262 -1.872395
31  1.312559 0.000026 -0.000001  0.024060 -0.138696 -0.550187
32  0.729344 0.000065 -0.000026  -0.166197 -0.081570 -0.714272
33  3.942046 0.050139 0.431001  0.225309 -0.086237 -1.592712
34  1.539096 0.000005 -0.000001  0.035254 -0.050373 -0.994350
35  1.196300 0.000078 -0.000003  -0.021521 0.002175 -0.839738
36  3.883414 -0.050472 -0.431084  0.184824 -0.271737 -1.204030
37  1.719563 -0.000085 -0.000005  0.022859 -0.107186 -1.509108
38  1.209198 0.000035 0.000012  0.000661 0.071072 -0.480462
39  3.859588 -0.149083 -1.331320  -0.104061 -0.070249 -0.272073
40  1.719415 -0.000098 -0.000035  -0.013177 0.003907 -1.203491
41  1.099674 0.000021 0.000007  -0.005887 -0.007993 -0.771205
42  0.805984 -0.359848 -1.318338  0.991670 0.166767 -0.799527
43  1.789780 -0.000008 -0.000043  0.000058 -0.002451 0.133098
44  1.206996 -0.000007 0.000005  0.000372 -0.000071 1.058780
45  5.740571 0.000079 0.000721  0.172460 -0.000014 0.000028
46  11.480814 -0.000098 0.000936  0.056555 0.082971 0.145456
47  6.027515 -0.000273 -0.000230  -0.910498 -0.520836 -1.709520
48  -0.000000 11.691973 -0.000005  -1.227263 0.672038 0.920661
49  0.000002 -0.000002 0.000001  2.413977 -0.000036 1.570860
50  -0.000006 -0.000014 0.000005  2.272645 -0.000036 1.570861
51  -3.422328 -3.805365 -6.854754  -0.078012 -2.996716 1.465737
52  0.000000 -0.000000 0.000000  0.008153 -0.000259 0.000009
53  0.000000 -0.000000 0.000001  1.565115 0.043565 -0.106862
54  -0.363791 -15.867239 -5.623037  -0.755929 -0.139050 -1.950540
55  -0.000001 -0.000000 0.000000  0.000000 -0.000001 -0.000002
56  0.000029 0.000028 0.000002  -1.571901 -0.044449 -0.106509
57  5.185302 -16.056248 -16.646038  1.570796 -0.000000 0.000000
58  -15.417985 4.000748 -22.641926  1.570796 -0.000000 0.000000
59  2.236387 -0.189356 -5.037201  1.570796 -0.000000 0.000000
60  -0.004311 0.001230 -0.000371  0.006898 -0.005534 -0.284229
61  0.826810 10.209643 -4.879054  1.570796 -0.000000 0.000000
62  0.000000 0.000000 0.000000  -0.078727 -3.136056 0.284226
63  -2.240596 -3.247336 -0.249455  1.570796 -0.000000 0.000000
64  -2.287624 -8.249615 -1.349235  1.570796 0.000000 0.000000
65  0.002681 -3.204031 0.621196  0.000000 -0.000000 0.000000
66  0.048105 -1.112260 5.803837  0.000000 -0.000000 0.000000
67  -1.184782 0.539746 -0.284904  0.000000 -0.000000 0.000000
68  0.047884 -1.610073 21.020466  0.000000 -0.000000 0.000000
69  0.047881 -3.319714 2.472855  0.000000 -0.000000 0.000000
70  0.172180 -2.040368 3.568007  0.000000 -0.000000 0.000000
71  0.654947 -2.537531 2.477230  0.000000 -0.000000 0.000000
72  -2.285144 -12.956001 -5.446409  1.570796 0.000000 0.000000
73  0.017809 1.799356 -0.402361  0.000000 -0.000000 0.000000
74  -2.285144 -12.956001 -5.446409  1.570796 0.000000 0.000000
75  0.031323 2.100358 -1.138380  0.000000 -0.000000 0.000000
76  -0.024051 1.849582 -1.138377  0.000000 -0.000000 0.000000
time 44
0  0.000006 0.000000 0.000000  -1.570800 -1.391899 -1.570792
1  -4.921969 1.082092 2.232071  -1.544956 -1.855077 -0.198630
2  6.027524 -0.000323 0.000190  -0.747182 -0.995446 -1.552695
3  11.692107 0.000645 -0.000740  -0.890211 -0.000018 -1.391952
4  11.479911 0.000229 -0.000885  1.225960 -0.603154 0.357879
5  3.859502 -0.142824 -1.192079  -0.573871 -0.316762 -1.795817
6  1.312591 0.000009 0.000007  -0.135121 -0.003384 -0.178728
7  0.729354 0.000055 0.000049  -0.006155 -0.010667 -0.248915
8  3.942140 0.046330 -0.431542  -0.497018 0.100803 -1.231861
9  1.539110 0.000083 0.000004  -0.000382 -0.119364 -0.902013
10  1.196330 0.000145 0.000028  0.012615 0.002795 -0.535714
11  3.883509 -0.047213 0.431351  -0.283712 0.421834 -0.633459
12  1.719573 -0.000029 0.000017  0.057360 -0.144594 -1.427911
13  1.209179 0.000089 0.000011  -0.003667 -0.003000 -0.405259
14  4.085234 -0.082653 1.151009  0.076971 0.573771 0.038997
15  1.719450 -0.000017 0.000029  0.015664 -0.064932 -0.867211
16  1.099675 0.000049 0.000006  -0.075642 0.030056 -1.536734
17  0.869860 -1.165528 1.469023  -1.184630 -0.527540 -0.152316
18  1.789820 -0.000003 -0.000018  0.000001 -0.000026 0.636398
19  1.207013 -0.000013 -0.000044  0.000006 -0.000006 -0.137935
20  5.740637 0.000389 -0.000702  -0.108229 0.000003 0.000064
21  11.480989 0.000223 -0.000831  -0.042733 -0.108608 0.037758
22  6.027524 -0.000330 0.000200  1.600190 -0.574767 1.534864
23  -0.000001 11.692100 -0.000007  -0.965049 -0.417379 -0.768316
24  0.000003 0.000008 0.000001  -0.021116 -0.000031 1.570738
25  -0.000000 -0.000012 0.000001  0.868960 0.000002 1.570712
26  -6.617934 -9.178503 0.826812  1.473120 1.855075 -0.198639
27  6.027513 -0.000259 -0.000221  1.520730 0.754736 -0.708481
28  11.691992 0.000161 0.000857  0.141449 0.000072 -1.836665
29  11.479355 -0.000861 0.000954  -1.142790 0.380466 0.885558
30  3.859437 -0.132758 1.193066  0.469647 -0.013262 -1.872395
31  1.312559 0.000026 -0.000001  0.024060 -0.138696 -0.550187
32  0.729344 0.000065 -0.000026  -0.166197 -0.081570 -0.714272
33  3.942046 0.050139 0.431001  0.225309 -0.086237 -1.592712
34  1.539096 0.000005 -0.000001  0.035254 -0.050373 -0.994350
35  1.196300 0.000078 -0.000003  -0.021521 0.002175 -0.839738
36  3.883414 -0.050472 -0.431084  0.184824 -0.271737 -1.204030
37  1.719563 -0.000085 -0.000005  0.022859 -0.107186 -1.509108
38  1.209198 0.000035 0.000012  0.000661 0.071072 -0.480462
39  3.859588 -0.149083 -1.331320  -0.104061 -0.070249 -0.272073
40  1.719415 -0.000098 -0.000035  -0.013177 0.003907 -1.203491
41  1.099674 0.000021 0.000007  -0.005887 -0.007993 -0.771205
42  0.805984 -0.359848 -1.318338  0.991670 0.166767 -0.799527
43  1.789780 -0.000008 -0.000043  0.000058 -0.002451 0.133098
44  1.206996 -0.000007 0.000005  0.000372 -0.000071 1.058780
45  5.740571 0.000079 0.000721  0.172460 -0.000014 0.000028
46  11.480814 -0.000098 0.000936  0.056555 0.082971 0.145456
47  6.027515 -0.000273 -0.000230  -0.910498 -0.520836 -1.709520
48  -0.000000 11.691973 -0.000005  -1.227263 0.672038 0.920661
49  0.000002 -0.000002 0.000001  2.413977 -0.000036 1.570860
50  -0.000006 -0.000014 0.000005  2.272645 -0.000036 1.570861
51  -3.422328 -3.805365 -6.854754  -0.078012 -2.996716 1.465737
52  0.000000 -0.000000 0.000000  0.008153 -0.000259 0.000009
53  0.000000 -0.000000 0.000001  1.565115 0.043565 -0.106862
54  -0.363791 -15.867239 -5.623037  -0.755929 -0.139050 -1.950540
55  -0.000001 -0.000000 0.000000  0.000000 -0.000001 -0.000002
56  0.000029 0.000028 0.000002  -1.571901 -0.044449 -0.106509
57  5.185302 -16.056248 -16.646038  1.570796 -0.000000 0.000000
58  -15.417985 4.000748 -22.641926  1.570796 -0.000000 0.000000
59  2.236387 -0.189356 -5.037201  1.570796 -0.000000 0.000000
60  -0.004311 0.001230 -0.000371  0.006898 -0.005534 -0.284229
61  0.826810 10.209643 -4.879054  1.570796 -0.000000 0.000000
62  0.000000 0.000000 0.000000  -0.078727 -3.136056 0.284226
63  -2.240596 -3.247336 -0.249455  1.570796 -0.000000 0.000000
64  -2.287624 -8.249615 -1.349235  1.570796 0.000000 0.000000
65  0.002681 -3.204031 0.621196  0.000000 -0.000000 0.000000
66  0.048105 -1.112260 5.803837  0.000000 -0.000000 0.000000
67  -1.184782 0.539746 -0.284904  0.000000 -0.000000 0.000000
68  0.047884 -1.610073 21.020466  0.000000 -0.000000 0.000000
69  0.047881 -3.319714 2.472855  0.000000 -0.000000 0.000000
70  0.172180 -2.040368 3.568007  0.000000 -0.000000 0.000000
71  0.654947 -2.537531 2.477230  0.000000 -0.000000 0.000000
72  -2.285144 -12.956001 -5.446409  1.570796 0.000000 0.000000
73  0.017809 1.799356 -0.402361  0.000000 -0.000000 0.000000
74  -2.285144 -12.956001 -5.446409  1.570796 0.000000 0.000000
75  0.031323 2.100358 -1.138380  0.000000 -0.000000 0.000000
76  -0.024051 1.849582 -1.138377  0.000000 -0.000000 0.000000
time 45
0  0.000006 0.000000 0.000000  -1.570800 -1.391899 -1.570792
1  -4.921969 1.082092 2.232071  -1.544956 -1.855077 -0.198630
2  6.027524 -0.000323 0.000190  -0.747182 -0.995446 -1.552695
3  11.692107 0.000645 -0.000740  -0.890211 -0.000018 -1.391952
4  11.479911 0.000229 -0.000885  1.225960 -0.603154 0.357879
5  3.859502 -0.142824 -1.192079  -0.573871 -0.316762 -1.795817
6  1.312591 0.000009 0.000007  -0.135121 -0.003384 -0.178728
7  0.729354 0.000055 0.000049  -0.006155 -0.010667 -0.248915
8  3.942140 0.046330 -0.431542  -0.497018 0.100803 -1.231861
9  1.539110 0.000083 0.000004  -0.000382 -0.119364 -0.902013
10  1.196330 0.000145 0.000028  0.012615 0.002795 -0.535714
11  3.883509 -0.047213 0.431351  -0.283712 0.421834 -0.633459
12  1.719573 -0.000029 0.000017  0.057360 -0.144594 -1.427911
13  1.209179 0.000089 0.000011  -0.003667 -0.003000 -0.405259
14  4.085234 -0.082653 1.151009  0.076971 0.573771 0.038997
15  1.719450 -0.000017 0.000029  0.015664 -0.064932 -0.867211
16  1.099675 0.000049 0.000006  -0.075642 0.030056 -1.536734
17  0.869860 -1.165528 1.469023  -1.184630 -0.527540 -0.152316
18  1.789820 -0.000003 -0.000018  0.000001 -0.000026 0.636398
19  1.207013 -0.000013 -0.000044  0.000006 -0.000006 -0.137935
20  5.740637 0.000389 -0.000702  -0.108229 0.000003 0.000064
21  11.480989 0.000223 -0.000831  -0.042733 -0.108608 0.037758
22  6.027524 -0.000330 0.000200  1.600190 -0.574767 1.534864
23  -0.000001 11.692100 -0.000007  -0.965049 -0.417379 -0.768316
24  0.000003 0.000008 0.000001  -0.021116 -0.000031 1.570738
25  -0.000000 -0.000012 0.000001  0.868960 0.000002 1.570712
26  -6.617934 -9.178503 0.826812  1.473120 1.855075 -0.198639
27  6.027513 -0.000259 -0.000221  1.520730 0.754736 -0.708481
28  11.691992 0.000161 0.000857  0.141449 0.000072 -1.836665
29  11.479355 -0.000861 0.000954  -1.142790 0.380466 0.885558
30  3.859437 -0.132758 1.193066  0.469647 -0.013262 -1.872395
31  1.312559 0.000026 -0.000001  0.024060 -0.138696 -0.550187
32  0.729344 0.000065 -0.000026  -0.166197 -0.081570 -0.714272
33  3.942046 0.050139 0.431001  0.225309 -0.086237 -1.592712
34  1.539096 0.000005 -0.000001  0.035254 -0.050373 -0.994350
35  1.196300 0.000078 -0.000003  -0.021521 0.002175 -0.839738
36  3.883414 -0.050472 -0.431084  0.184824 -0.271737 -1.204030
37  1.719563 -0.000085 -0.000005  0.022859 -0.107186 -1.509108
38  1.209198 0.000035 0.000012  0.000661 0.071072 -0.480462
39  3.859588 -0.149083 -1.331320  -0.104061 -0.070249 -0.272073
40  1.719415 -0.000098 -0.000035  -0.013177 0.003907 -1.203491
41  1.099674 0.000021 0.000007  -0.005887 -0.007993 -0.771205
42  0.805984 -0.359848 -1.318338  0.991670 0.166767 -0.799527
43  1.789780 -0.000008 -0.000043  0.000058 -0.002451 0.133098
44  1.206996 -0.000007 0.000005  0.000372 -0.000071 1.058780
45  5.740571 0.000079 0.000721  0.172460 -0.000014 0.000028
46  11.480814 -0.000098 0.000936  0.056555 0.082971 0.145456
47  6.027515 -0.000273 -0.000230  -0.910498 -0.520836 -1.709520
48  -0.000000 11.691973 -0.000005  -1.227263 0.672038 0.920661
49  0.000002 -0.000002 0.000001  2.413977 -0.000036 1.570860
50  -0.000006 -0.000014 0.000005  2.272645 -0.000036 1.570861
51  -3.422328 -3.805365 -6.854754  -0.078012 -2.996716 1.465737
52  0.000000 -0.000000 0.000000  0.008153 -0.000259 0.000009
53  0.000000 -0.000000 0.000001  1.565115 0.043565 -0.106862
54  -0.363791 -15.867239 -5.623037  -0.755929 -0.139050 -1.950540
55  -0.000001 -0.000000 0.000000  0.000000 -0.000001 -0.000002
56  0.000029 0.000028 0.000002  -1.571901 -0.044449 -0.106509
57  5.185302 -16.056248 -16.646038  1.570796 -0.000000 0.000000
58  -15.417985 4.000748 -22.641926  1.570796 -0.000000 0.000000
59  2.236387 -0.189356 -5.037201  1.570796 -0.000000 0.000000
60  -0.004311 0.001230 -0.000371  0.006898 -0.005534 -0.284229
61  0.826810 10.209643 -4.879054  1.570796 -0.000000 0.000000
62  0.000000 0.000000 0.000000  -0.078727 -3.136056 0.284226
63  -2.240596 -3.247336 -0.249455  1.570796 -0.000000 0.000000
64  -2.287624 -8.249615 -1.349235  1.570796 0.000000 0.000000
65  0.002681 -3.204031 0.621196  0.000000 -0.000000 0.000000
66  0.048105 -1.112260 5.803837  0.000000 -0.000000 0.000000
67  -1.184782 0.539746 -0.284904  0.000000 -0.000000 0.000000
68  0.047884 -1.610073 21.020466  0.000000 -0.000000 0.000000
69  0.047881 -3.319714 2.472855  0.000000 -0.000000 0.000000
70  0.172180 -2.040368 3.568007  0.000000 -0.000000 0.000000
71  0.654947 -2.537531 2.477230  0.000000 -0.000000 0.000000
72  -2.285144 -12.956001 -5.446409  1.570796 0.000000 0.000000
73  0.017809 1.799356 -0.402361  0.000000 -0.000000 0.000000
74  -2.285144 -12.956001 -5.446409  1.570796 0.000000 0.000000
75  0.031323 2.100358 -1.138380  0.000000 -0.000000 0.000000
76  -0.024051 1.849582 -1.138377  0.000000 -0.000000 0.000000
time 46
0  0.000006 0.000000 0.000000  -1.570800 -1.391899 -1.570792
1  -4.921969 1.082092 2.232071  -1.544956 -1.855077 -0.198630
2  6.027524 -0.000323 0.000190  -0.747182 -0.995446 -1.552695
3  11.692107 0.000645 -0.000740  -0.890211 -0.000018 -1.391952
4  11.479911 0.000229 -0.000885  1.225960 -0.603154 0.357879
5  3.859502 -0.142824 -1.192079  -0.573871 -0.316762 -1.795817
6  1.312591 0.000009 0.000007  -0.135121 -0.003384 -0.178728
7  0.729354 0.000055 0.000049  -0.006155 -0.010667 -0.248915
8  3.942140 0.046330 -0.431542  -0.497018 0.100803 -1.231861
9  1.539110 0.000083 0.000004  -0.000382 -0.119364 -0.902013
10  1.196330 0.000145 0.000028  0.012615 0.002795 -0.535714
11  3.883509 -0.047213 0.431351  -0.283712 0.421834 -0.633459
12  1.719573 -0.000029 0.000017  0.057360 -0.144594 -1.427911
13  1.209179 0.000089 0.000011  -0.003667 -0.003000 -0.405259
14  4.085234 -0.082653 1.151009  0.076971 0.573771 0.038997
15  1.719450 -0.000017 0.000029  0.015664 -0.064932 -0.867211
16  1.099675 0.000049 0.000006  -0.075642 0.030056 -1.536734
17  0.869860 -1.165528 1.469023  -1.184630 -0.527540 -0.152316
18  1.789820 -0.000003 -0.000018  0.000001 -0.000026 0.636398
19  1.207013 -0.000013 -0.000044  0.000006 -0.000006 -0.137935
20  5.740637 0.000389 -0.000702  -0.108229 0.000003 0.000064
21  11.480989 0.000223 -0.000831  -0.042733 -0.108608 0.037758
22  6.027524 -0.000330 0.000200  1.600190 -0.574767 1.534864
23  -0.000001 11.692100 -0.000007  -0.965049 -0.417379 -0.768316
24  0.000003 0.000008 0.000001  -0.021116 -0.000031 1.570738
25  -0.000000 -0.000012 0.000001  0.868960 0.000002 1.570712
26  -6.617934 -9.178503 0.826812  1.473120 1.855075 -0.198639
27  6.027513 -0.000259 -0.000221  1.520730 0.754736 -0.708481
28  11.691992 0.000161 0.000857  0.141449 0.000072 -1.836665
29  11.479355 -0.000861 0.000954  -1.142790 0.380466 0.885558
30  3.859437 -0.132758 1.193066  0.469647 -0.013262 -1.872395
31  1.312559 0.000026 -0.000001  0.024060 -0.138696 -0.550187
32  0.729344 0.000065 -0.000026  -0.166197 -0.081570 -0.714272
33  3.942046 0.050139 0.431001  0.225309 -0.086237 -1.592712
34  1.539096 0.000005 -0.000001  0.035254 -0.050373 -0.994350
35  1.196300 0.000078 -0.000003  -0.021521 0.002175 -0.839738
36  3.883414 -0.050472 -0.431084  0.184824 -0.271737 -1.204030
37  1.719563 -0.000085 -0.000005  0.022859 -0.107186 -1.509108
38  1.209198 0.000035 0.000012  0.000661 0.071072 -0.480462
39  3.859588 -0.149083 -1.331320  -0.104061 -0.070249 -0.272073
40  1.719415 -0.000098 -0.000035  -0.013177 0.003907 -1.203491
41  1.099674 0.000021 0.000007  -0.005887 -0.007993 -0.771205
42  0.805984 -0.359848 -1.318338  0.991670 0.166767 -0.799527
43  1.789780 -0.000008 -0.000043  0.000058 -0.002451 0.133098
44  1.206996 -0.000007 0.000005  0.000372 -0.000071 1.058780
45  5.740571 0.000079 0.000721  0.172460 -0.000014 0.000028
46  11.480814 -0.000098 0.000936  0.056555 0.082971 0.145456
47  6.027515 -0.000273 -0.000230  -0.910498 -0.520836 -1.709520
48  -0.000000 11.691973 -0.000005  -1.227263 0.672038 0.920661
49  0.000002 -0.000002 0.000001  2.413977 -0.000036 1.570860
50  -0.000006 -0.000014 0.000005  2.272645 -0.000036 1.570861
51  -3.422328 -3.805365 -6.854754  -0.078012 -2.996716 1.465737
52  0.000000 -0.000000 0.000000  0.008153 -0.000259 0.000009
53  0.000000 -0.000000 0.000001  1.565115 0.043565 -0.106862
54  -0.363791 -15.867239 -5.623037  -0.755929 -0.139050 -1.950540
55  -0.000001 -0.000000 0.000000  0.000000 -0.000001 -0.000002
56  0.000029 0.000028 0.000002  -1.571901 -0.044449 -0.106509
57  5.185302 -16.056248 -16.646038  1.570796 -0.000000 0.000000
58  -15.417985 4.000748 -22.641926  1.570796 -0.000000 0.000000
59  2.236387 -0.189356 -5.037201  1.570796 -0.000000 0.000000
60  -0.004311 0.001230 -0.000371  0.006898 -0.005534 -0.284229
61  0.826810 10.209643 -4.879054  1.570796 -0.000000 0.000000
62  0.000000 0.000000 0.000000  -0.078727 -3.136056 0.284226
63  -2.240596 -3.247336 -0.249455  1.570796 -0.000000 0.000000
64  -2.287624 -8.249615 -1.349235  1.570796 0.000000 0.000000
65  0.002681 -3.204031 0.621196  0.000000 -0.000000 0.000000
66  0.048105 -1.112260 5.803837  0.000000 -0.000000 0.000000
67  -1.184782 0.539746 -0.284904  0.000000 -0.000000 0.000000
68  0.047884 -1.610073 21.020466  0.000000 -0.000000 0.000000
69  0.047881 -3.319714 2.472855  0.000000 -0.000000 0.000000
70  0.172180 -2.040368 3.568007  0.000000 -0.000000 0.000000
71  0.654947 -2.537531 2.477230  0.000000 -0.000000 0.000000
72  -2.285144 -12.956001 -5.446409  1.570796 0.000000 0.000000
73  0.017809 1.799356 -0.402361  0.000000 -0.000000 0.000000
74  -2.285144 -12.956001 -5.446409  1.570796 0.000000 0.000000
75  0.031323 2.100358 -1.138380  0.000000 -0.000000 0.000000
76  -0.024051 1.849582 -1.138377  0.000000 -0.000000 0.000000
time 47
0  0.000006 0.000000 0.000000  -1.570800 -1.391899 -1.570792
1  -4.921969 1.082092 2.232071  -1.544956 -1.855077 -0.198630
2  6.027524 -0.000323 0.000190  -0.747182 -0.995446 -1.552695
3  11.692107 0.000645 -0.000740  -0.890211 -0.000018 -1.391952
4  11.479911 0.000229 -0.000885  1.225960 -0.603154 0.357879
5  3.859502 -0.142824 -1.192079  -0.573871 -0.316762 -1.795817
6  1.312591 0.000009 0.000007  -0.135121 -0.003384 -0.178728
7  0.729354 0.000055 0.000049  -0.006155 -0.010667 -0.248915
8  3.942140 0.046330 -0.431542  -0.497018 0.100803 -1.231861
9  1.539110 0.000083 0.000004  -0.000382 -0.119364 -0.902013
10  1.196330 0.000145 0.000028  0.012615 0.002795 -0.535714
11  3.883509 -0.047213 0.431351  -0.283712 0.421834 -0.633459
12  1.719573 -0.000029 0.000017  0.057360 -0.144594 -1.427911
13  1.209179 0.000089 0.000011  -0.003667 -0.003000 -0.405259
14  4.085234 -0.082653 1.151009  0.076971 0.573771 0.038997
15  1.719450 -0.000017 0.000029  0.015664 -0.064932 -0.867211
16  1.099675 0.000049 0.000006  -0.075642 0.030056 -1.536734
17  0.869860 -1.165528 1.469023  -1.184630 -0.527540 -0.152316
18  1.789820 -0.000003 -0.000018  0.000001 -0.000026 0.636398
19  1.207013 -0.000013 -0.000044  0.000006 -0.000006 -0.137935
20  5.740637 0.000389 -0.000702  -0.108229 0.000003 0.000064
21  11.480989 0.000223 -0.000831  -0.042733 -0.108608 0.037758
22  6.027524 -0.000330 0.000200  1.600190 -0.574767 1.534864
23  -0.000001 11.692100 -0.000007  -0.965049 -0.417379 -0.768316
24  0.000003 0.000008 0.000001  -0.021116 -0.000031 1.570738
25  -0.000000 -0.000012 0.000001  0.868960 0.000002 1.570712
26  -6.617934 -9.178503 0.826812  1.473120 1.855075 -0.198639
27  6.027513 -0.000259 -0.000221  1.520730 0.754736 -0.708481
28  11.691992 0.000161 0.000857  0.141449 0.000072 -1.836665
29  11.479355 -0.000861 0.000954  -1.142790 0.380466 0.885558
30  3.859437 -0.132758 1.193066  0.469647 -0.013262 -1.872395
31  1.312559 0.000026 -0.000001  0.024060 -0.138696 -0.550187
32  0.729344 0.000065 -0.000026  -0.166197 -0.081570 -0.714272
33  3.942046 0.050139 0.431001  0.225309 -0.086237 -1.592712
34  1.539096 0.000005 -0.000001  0.035254 -0.050373 -0.994350
35  1.196300 0.000078 -0.000003  -0.021521 0.002175 -0.839738
36  3.883414 -0.050472 -0.431084  0.184824 -0.271737 -1.204030
37  1.719563 -0.000085 -0.000005  0.022859 -0.107186 -1.509108
38  1.209198 0.000035 0.000012  0.000661 0.071072 -0.480462
39  3.859588 -0.149083 -1.331320  -0.104061 -0.070249 -0.272073
40  1.719415 -0.000098 -0.000035  -0.013177 0.003907 -1.203491
41  1.099674 0.000021 0.000007  -0.005887 -0.007993 -0.771205
42  0.805984 -0.359848 -1.318338  0.991670 0.166767 -0.799527
43  1.789780 -0.000008 -0.000043  0.000058 -0.002451 0.133098
44  1.206996 -0.000007 0.000005  0.000372 -0.000071 1.058780
45  5.740571 0.000079 0.000721  0.172460 -0.000014 0.000028
46  11.480814 -0.000098 0.000936  0.056555 0.082971 0.145456
47  6.027515 -0.000273 -0.000230  -0.910498 -0.520836 -1.709520
48  -0.000000 11.691973 -0.000005  -1.227263 0.672038 0.920661
49  0.000002 -0.000002 0.000001  2.413977 -0.000036 1.570860
50  -0.000006 -0.000014 0.000005  2.272645 -0.000036 1.570861
51  -3.422328 -3.805365 -6.854754  -0.078012 -2.996716 1.465737
52  0.000000 -0.000000 0.000000  0.008153 -0.000259 0.000009
53  0.000000 -0.000000 0.000001  1.565115 0.043565 -0.106862
54  -0.363791 -15.867239 -5.623037  -0.755929 -0.139050 -1.950540
55  -0.000001 -0.000000 0.000000  0.000000 -0.000001 -0.000002
56  0.000029 0.000028 0.000002  -1.571901 -0.044449 -0.106509
57  5.185302 -16.056248 -16.646038  1.570796 -0.000000 0.000000
58  -15.417985 4.000748 -22.641926  1.570796 -0.000000 0.000000
59  2.236387 -0.189356 -5.037201  1.570796 -0.000000 0.000000
60  -0.004311 0.001230 -0.000371  0.006898 -0.005534 -0.284229
61  0.826810 10.209643 -4.879054  1.570796 -0.000000 0.000000
62  0.000000 0.000000 0.000000  -0.078727 -3.136056 0.284226
63  -2.240596 -3.247336 -0.249455  1.570796 -0.000000 0.000000
64  -2.287624 -8.249615 -1.349235  1.570796 0.000000 0.000000
65  0.002681 -3.204031 0.621196  0.000000 -0.000000 0.000000
66  0.048105 -1.112260 5.803837  0.000000 -0.000000 0.000000
67  -1.184782 0.539746 -0.284904  0.000000 -0.000000 0.000000
68  0.047884 -1.610073 21.020466  0.000000 -0.000000 0.000000
69  0.047881 -3.319714 2.472855  0.000000 -0.000000 0.000000
70  0.172180 -2.040368 3.568007  0.000000 -0.000000 0.000000
71  0.654947 -2.537531 2.477230  0.000000 -0.000000 0.000000
72  -2.285144 -12.956001 -5.446409  1.570796 0.000000 0.000000
73  0.017809 1.799356 -0.402361  0.000000 -0.000000 0.000000
74  -2.285144 -12.956001 -5.446409  1.570796 0.000000 0.000000
75  0.031323 2.100358 -1.138380  0.000000 -0.000000 0.000000
76  -0.024051 1.849582 -1.138377  0.000000 -0.000000 0.000000
time 48
0  0.000006 0.000000 0.000000  -1.570800 -1.391899 -1.570792
1  -4.921969 1.082092 2.232071  -1.544956 -1.855077 -0.198630
2  6.027524 -0.000323 0.000190  -0.747182 -0.995446 -1.552695
3  11.692107 0.000645 -0.000740  -0.890211 -0.000018 -1.391952
4  11.479911 0.000229 -0.000885  1.225960 -0.603154 0.357879
5  3.859502 -0.142824 -1.192079  -0.573871 -0.316762 -1.795817
6  1.312591 0.000009 0.000007  -0.135121 -0.003384 -0.178728
7  0.729354 0.000055 0.000049  -0.006155 -0.010667 -0.248915
8  3.942140 0.046330 -0.431542  -0.497018 0.100803 -1.231861
9  1.539110 0.000083 0.000004  -0.000382 -0.119364 -0.902013
10  1.196330 0.000145 0.000028  0.012615 0.002795 -0.535714
11  3.883509 -0.047213 0.431351  -0.283712 0.421834 -0.633459
12  1.719573 -0.000029 0.000017  0.057360 -0.144594 -1.427911
13  1.209179 0.000089 0.000011  -0.003667 -0.003000 -0.405259
14  4.085234 -0.082653 1.151009  0.076971 0.573771 0.038997
15  1.719450 -0.000017 0.000029  0.015664 -0.064932 -0.867211
16  1.099675 0.000049 0.000006  -0.075642 0.030056 -1.536734
17  0.869860 -1.165528 1.469023  -1.184630 -0.527540 -0.152316
18  1.789820 -0.000003 -0.000018  0.000001 -0.000026 0.636398
19  1.207013 -0.000013 -0.000044  0.000006 -0.000006 -0.137935
20  5.740637 0.000389 -0.000702  -0.108229 0.000003 0.000064
21  11.480989 0.000223 -0.000831  -0.042733 -0.108608 0.037758
22  6.027524 -0.000330 0.000200  1.600190 -0.574767 1.534864
23  -0.000001 11.692100 -0.000007  -0.965049 -0.417379 -0.768316
24  0.000003 0.000008 0.000001  -0.021116 -0.000031 1.570738
25  -0.000000 -0.000012 0.000001  0.868960 0.000002 1.570712
26  -6.617934 -9.178503 0.826812  1.473120 1.855075 -0.198639
27  6.027513 -0.000259 -0.000221  1.520730 0.754736 -0.708481
28  11.691992 0.000161 0.000857  0.141449 0.000072 -1.836665
29  11.479355 -0.000861 0.000954  -1.142790 0.380466 0.885558
30  3.859437 -0.132758 1.193066  0.469647 -0.013262 -1.872395
31  1.312559 0.000026 -0.000001  0.024060 -0.138696 -0.550187
32  0.729344 0.000065 -0.000026  -0.166197 -0.081570 -0.714272
33  3.942046 0.050139 0.431001  0.225309 -0.086237 -1.592712
34  1.539096 0.000005 -0.000001  0.035254 -0.050373 -0.994350
35  1.196300 0.000078 -0.000003  -0.021521 0.002175 -0.839738
36  3.883414 -0.050472 -0.431084  0.184824 -0.271737 -1.204030
37  1.719563 -0.000085 -0.000005  0.022859 -0.107186 -1.509108
38  1.209198 0.000035 0.000012  0.000661 0.071072 -0.480462
39  3.859588 -0.149083 -1.331320  -0.104061 -0.070249 -0.272073
40  1.719415 -0.000098 -0.000035  -0.013177 0.003907 -1.203491
41  1.099674 0.000021 0.000007  -0.005887 -0.007993 -0.771205
42  0.805984 -0.359848 -1.318338  0.991670 0.166767 -0.799527
43  1.789780 -0.000008 -0.000043  0.000058 -0.002451 0.133098
44  1.206996 -0.000007 0.000005  0.000372 -0.000071 1.058780
45  5.740571 0.000079 0.000721  0.172460 -0.000014 0.000028
46  11.480814 -0.000098 0.000936  0.056555 0.082971 0.145456
47  6.027515 -0.000273 -0.000230  -0.910498 -0.520836 -1.709520
48  -0.000000 11.691973 -0.000005  -1.227263 0.672038 0.920661
49  0.000002 -0.000002 0.000001  2.413977 -0.000036 1.570860
50  -0.000006 -0.000014 0.000005  2.272645 -0.000036 1.570861
51  -3.422328 -3.805365 -6.854754  -0.078012 -2.996716 1.465737
52  0.000000 -0.000000 0.000000  0.008153 -0.000259 0.000009
53  0.000000 -0.000000 0.000001  1.565115 0.043565 -0.106862
54  -0.363791 -15.867239 -5.623037  -0.755929 -0.139050 -1.950540
55  -0.000001 -0.000000 0.000000  0.000000 -0.000001 -0.000002
56  0.000029 0.000028 0.000002  -1.571901 -0.044449 -0.106509
57  5.185302 -16.056248 -16.646038  1.570796 -0.000000 0.000000
58  -15.417985 4.000748 -22.641926  1.570796 -0.000000 0.000000
59  2.236387 -0.189356 -5.037201  1.570796 -0.000000 0.000000
60  -0.004311 0.001230 -0.000371  0.006898 -0.005534 -0.284229
61  0.826810 10.209643 -4.879054  1.570796 -0.000000 0.000000
62  0.000000 0.000000 0.000000  -0.078727 -3.136056 0.284226
63  -2.240596 -3.247336 -0.249455  1.570796 -0.000000 0.000000
64  -2.287624 -8.249615 -1.349235  1.570796 0.000000 0.000000
65  0.002681 -3.204031 0.621196  0.000000 -0.000000 0.000000
66  0.048105 -1.112260 5.803837  0.000000 -0.000000 0.000000
67  -1.184782 0.539746 -0.284904  0.000000 -0.000000 0.000000
68  0.047884 -1.610073 21.020466  0.000000 -0.000000 0.000000
69  0.047881 -3.319714 2.472855  0.000000 -0.000000 0.000000
70  0.172180 -2.040368 3.568007  0.000000 -0.000000 0.000000
71  0.654947 -2.537531 2.477230  0.000000 -0.000000 0.000000
72  -2.285144 -12.956001 -5.446409  1.570796 0.000000 0.000000
73  0.017809 1.799356 -0.402361  0.000000 -0.000000 0.000000
74  -2.285144 -12.956001 -5.446409  1.570796 0.000000 0.000000
75  0.031323 2.100358 -1.138380  0.000000 -0.000000 0.000000
76  -0.024051 1.849582 -1.138377  0.000000 -0.000000 0.000000
time 49
0  0.000006 0.000000 0.000000  -1.570800 -1.391899 -1.570792
1  -4.921969 1.082092 2.232071  -1.544956 -1.855077 -0.198630
2  6.027524 -0.000323 0.000190  -0.747182 -0.995446 -1.552695
3  11.692107 0.000645 -0.000740  -0.890211 -0.000018 -1.391952
4  11.479911 0.000229 -0.000885  1.225960 -0.603154 0.357879
5  3.859502 -0.142824 -1.192079  -0.573871 -0.316762 -1.795817
6  1.312591 0.000009 0.000007  -0.135121 -0.003384 -0.178728
7  0.729354 0.000055 0.000049  -0.006155 -0.010667 -0.248915
8  3.942140 0.046330 -0.431542  -0.497018 0.100803 -1.231861
9  1.539110 0.000083 0.000004  -0.000382 -0.119364 -0.902013
10  1.196330 0.000145 0.000028  0.012615 0.002795 -0.535714
11  3.883509 -0.047213 0.431351  -0.283712 0.421834 -0.633459
12  1.719573 -0.000029 0.000017  0.057360 -0.144594 -1.427911
13  1.209179 0.000089 0.000011  -0.003667 -0.003000 -0.405259
14  4.085234 -0.082653 1.151009  0.076971 0.573771 0.038997
15  1.719450 -0.000017 0.000029  0.015664 -0.064932 -0.867211
16  1.099675 0.000049 0.000006  -0.075642 0.030056 -1.536734
17  0.869860 -1.165528 1.469023  -1.184630 -0.527540 -0.152316
18  1.789820 -0.000003 -0.000018  0.000001 -0.000026 0.636398
19  1.207013 -0.000013 -0.000044  0.000006 -0.000006 -0.137935
20  5.740637 0.000389 -0.000702  -0.108229 0.000003 0.000064
21  11.480989 0.000223 -0.000831  -0.042733 -0.108608 0.037758
22  6.027524 -0.000330 0.000200  1.600190 -0.574767 1.534864
23  -0.000001 11.692100 -0.000007  -0.965049 -0.417379 -0.768316
24  0.000003 0.000008 0.000001  -0.021116 -0.000031 1.570738
25  -0.000000 -0.000012 0.000001  0.868960 0.000002 1.570712
26  -6.617934 -9.178503 0.826812  1.473120 1.855075 -0.198639
27  6.027513 -0.000259 -0.000221  1.520730 0.754736 -0.708481
28  11.691992 0.000161 0.000857  0.141449 0.000072 -1.836665
29  11.479355 -0.000861 0.000954  -1.142790 0.380466 0.885558
30  3.859437 -0.132758 1.193066  0.469647 -0.013262 -1.872395
31  1.312559 0.000026 -0.000001  0.024060 -0.138696 -0.550187
32  0.729344 0.000065 -0.000026  -0.166197 -0.081570 -0.714272
33  3.942046 0.050139 0.431001  0.225309 -0.086237 -1.592712
34  1.539096 0.000005 -0.000001  0.035254 -0.050373 -0.994350
35  1.196300 0.000078 -0.000003  -0.021521 0.002175 -0.839738
36  3.883414 -0.050472 -0.431084  0.184824 -0.271737 -1.204030
37  1.719563 -0.000085 -0.000005  0.022859 -0.107186 -1.509108
38  1.209198 0.000035 0.000012  0.000661 0.071072 -0.480462
39  3.859588 -0.149083 -1.331320  -0.104061 -0.070249 -0.272073
40  1.719415 -0.000098 -0.000035  -0.013177 0.003907 -1.203491
41  1.099674 0.000021 0.000007  -0.005887 -0.007993 -0.771205
42  0.805984 -0.359848 -1.318338  0.991670 0.166767 -0.799527
43  1.789780 -0.000008 -0.000043  0.000058 -0.002451 0.133098
44  1.206996 -0.000007 0.000005  0.000372 -0.000071 1.058780
45  5.740571 0.000079 0.000721  0.172460 -0.000014 0.000028
46  11.480814 -0.000098 0.000936  0.056555 0.082971 0.145456
47  6.027515 -0.000273 -0.000230  -0.910498 -0.520836 -1.709520
48  -0.000000 11.691973 -0.000005  -1.227263 0.672038 0.920661
49  0.000002 -0.000002 0.000001  2.413977 -0.000036 1.570860
50  -0.000006 -0.000014 0.000005  2.272645 -0.000036 1.570861
51  -3.422328 -3.805365 -6.854754  -0.078012 -2.996716 1.465737
52  0.000000 -0.000000 0.000000  0.008153 -0.000259 0.000009
53  0.000000 -0.000000 0.000001  1.565115 0.043565 -0.106862
54  -0.363791 -15.867239 -5.623037  -0.755929 -0.139050 -1.950540
55  -0.000001 -0.000000 0.000000  0.000000 -0.000001 -0.000002
56  0.000029 0.000028 0.000002  -1.571901 -0.044449 -0.106509
57  5.185302 -16.056248 -16.646038  1.570796 -0.000000 0.000000
58  -15.417985 4.000748 -22.641926  1.570796 -0.000000 0.000000
59  2.236387 -0.189356 -5.037201  1.570796 -0.000000 0.000000
60  -0.004311 0.001230 -0.000371  0.006898 -0.005534 -0.284229
61  0.826810 10.209643 -4.879054  1.570796 -0.000000 0.000000
62  0.000000 0.000000 0.000000  -0.078727 -3.136056 0.284226
63  -2.240596 -3.247336 -0.249455  1.570796 -0.000000 0.000000
64  -2.287624 -8.249615 -1.349235  1.570796 0.000000 0.000000
65  0.002681 -3.204031 0.621196  0.000000 -0.000000 0.000000
66  0.048105 -1.112260 5.803837  0.000000 -0.000000 0.000000
67  -1.184782 0.539746 -0.284904  0.000000 -0.000000 0.000000
68  0.047884 -1.610073 21.020466  0.000000 -0.000000 0.000000
69  0.047881 -3.319714 2.472855  0.000000 -0.000000 0.000000
70  0.172180 -2.040368 3.568007  0.000000 -0.000000 0.000000
71  0.654947 -2.537531 2.477230  0.000000 -0.000000 0.000000
72  -2.285144 -12.956001 -5.446409  1.570796 0.000000 0.000000
73  0.017809 1.799356 -0.402361  0.000000 -0.000000 0.000000
74  -2.285144 -12.956001 -5.446409  1.570796 0.000000 0.000000
75  0.031323 2.100358 -1.138380  0.000000 -0.000000 0.000000
76  -0.024051 1.849582 -1.138377  0.000000 -0.000000 0.000000
time 50
0  0.000006 0.000000 0.000000  -1.570800 -1.391899 -1.570792
1  -4.921969 1.082092 2.232071  -1.544956 -1.855077 -0.198630
2  6.027524 -0.000323 0.000190  -0.747182 -0.995446 -1.552695
3  11.692107 0.000645 -0.000740  -0.890211 -0.000018 -1.391952
4  11.479911 0.000229 -0.000885  1.225960 -0.603154 0.357879
5  3.859502 -0.142824 -1.192079  -0.573871 -0.316762 -1.795817
6  1.312591 0.000009 0.000007  -0.135121 -0.003384 -0.178728
7  0.729354 0.000055 0.000049  -0.006155 -0.010667 -0.248915
8  3.942140 0.046330 -0.431542  -0.497018 0.100803 -1.231861
9  1.539110 0.000083 0.000004  -0.000382 -0.119364 -0.902013
10  1.196330 0.000145 0.000028  0.012615 0.002795 -0.535714
11  3.883509 -0.047213 0.431351  -0.283712 0.421834 -0.633459
12  1.719573 -0.000029 0.000017  0.057360 -0.144594 -1.427911
13  1.209179 0.000089 0.000011  -0.003667 -0.003000 -0.405259
14  4.085234 -0.082653 1.151009  0.076971 0.573771 0.038997
15  1.719450 -0.000017 0.000029  0.015664 -0.064932 -0.867211
16  1.099675 0.000049 0.000006  -0.075642 0.030056 -1.536734
17  0.869860 -1.165528 1.469023  -1.184630 -0.527540 -0.152316
18  1.789820 -0.000003 -0.000018  0.000001 -0.000026 0.636398
19  1.207013 -0.000013 -0.000044  0.000006 -0.000006 -0.137935
20  5.740637 0.000389 -0.000702  -0.108229 0.000003 0.000064
21  11.480989 0.000223 -0.000831  -0.042733 -0.108608 0.037758
22  6.027524 -0.000330 0.000200  1.600190 -0.574767 1.534864
23  -0.000001 11.692100 -0.000007  -0.965049 -0.417379 -0.768316
24  0.000003 0.000008 0.000001  -0.021116 -0.000031 1.570738
25  -0.000000 -0.000012 0.000001  0.868960 0.000002 1.570712
26  -6.617934 -9.178503 0.826812  1.473120 1.855075 -0.198639
27  6.027513 -0.000259 -0.000221  1.520730 0.754736 -0.708481
28  11.691992 0.000161 0.000857  0.141449 0.000072 -1.836665
29  11.479355 -0.000861 0.000954  -1.142790 0.380466 0.885558
30  3.859437 -0.132758 1.193066  0.469647 -0.013262 -1.872395
31  1.312559 0.000026 -0.000001  0.024060 -0.138696 -0.550187
32  0.729344 0.000065 -0.000026  -0.166197 -0.081570 -0.714272
33  3.942046 0.050139 0.431001  0.225309 -0.086237 -1.592712
34  1.539096 0.000005 -0.000001  0.035254 -0.050373 -0.994350
35  1.196300 0.000078 -0.000003  -0.021521 0.002175 -0.839738
36  3.883414 -0.050472 -0.431084  0.184824 -0.271737 -1.204030
37  1.719563 -0.000085 -0.000005  0.022859 -0.107186 -1.509108
38  1.209198 0.000035 0.000012  0.000661 0.071072 -0.480462
39  3.859588 -0.149083 -1.331320  -0.104061 -0.070249 -0.272073
40  1.719415 -0.000098 -0.000035  -0.013177 0.003907 -1.203491
41  1.099674 0.000021 0.000007  -0.005887 -0.007993 -0.771205
42  0.805984 -0.359848 -1.318338  0.991670 0.166767 -0.799527
43  1.789780 -0.000008 -0.000043  0.000058 -0.002451 0.133098
44  1.206996 -0.000007 0.000005  0.000372 -0.000071 1.058780
45  5.740571 0.000079 0.000721  0.172460 -0.000014 0.000028
46  11.480814 -0.000098 0.000936  0.056555 0.082971 0.145456
47  6.027515 -0.000273 -0.000230  -0.910498 -0.520836 -1.709520
48  -0.000000 11.691973 -0.000005  -1.227263 0.672038 0.920661
49  0.000002 -0.000002 0.000001  2.413977 -0.000036 1.570860
50  -0.000006 -0.000014 0.000005  2.272645 -0.000036 1.570861
51  -3.422328 -3.805365 -6.854754  -0.078012 -2.996716 1.465737
52  0.000000 -0.000000 0.000000  0.008153 -0.000259 0.000009
53  0.000000 -0.000000 0.000001  1.565115 0.043565 -0.106862
54  -0.363791 -15.867239 -5.623037  -0.755929 -0.139050 -1.950540
55  -0.000001 -0.000000 0.000000  0.000000 -0.000001 -0.000002
56  0.000029 0.000028 0.000002  -1.571901 -0.044449 -0.106509
57  5.185302 -16.056248 -16.646038  1.570796 -0.000000 0.000000
58  -15.417985 4.000748 -22.641926  1.570796 -0.000000 0.000000
59  2.236387 -0.189356 -5.037201  1.570796 -0.000000 0.000000
60  -0.004311 0.001230 -0.000371  0.006898 -0.005534 -0.284229
61  0.826810 10.209643 -4.879054  1.570796 -0.000000 0.000000
62  0.000000 0.000000 0.000000  -0.078727 -3.136056 0.284226
63  -2.240596 -3.247336 -0.249455  1.570796 -0.000000 0.000000
64  -2.287624 -8.249615 -1.349235  1.570796 0.000000 0.000000
65  0.002681 -3.204031 0.621196  0.000000 -0.000000 0.000000
66  0.048105 -1.112260 5.803837  0.000000 -0.000000 0.000000
67  -1.184782 0.539746 -0.284904  0.000000 -0.000000 0.000000
68  0.047884 -1.610073 21.020466  0.000000 -0.000000 0.000000
69  0.047881 -3.319714 2.472855  0.000000 -0.000000 0.000000
70  0.172180 -2.040368 3.568007  0.000000 -0.000000 0.000000
71  0.654947 -2.537531 2.477230  0.000000 -0.000000 0.000000
72  -2.285144 -12.956001 -5.446409  1.570796 0.000000 0.000000
73  0.017809 1.799356 -0.402361  0.000000 -0.000000 0.000000
74  -2.285144 -12.956001 -5.446409  1.570796 0.000000 0.000000
75  0.031323 2.100358 -1.138380  0.000000 -0.000000 0.000000
76  -0.024051 1.849582 -1.138377  0.000000 -0.000000 0.000000
time 51
0  0.000006 0.000000 0.000000  -1.570800 -1.391899 -1.570792
1  -4.921969 1.082092 2.232071  -1.544956 -1.855077 -0.198630
2  6.027524 -0.000323 0.000190  -0.747182 -0.995446 -1.552695
3  11.692107 0.000645 -0.000740  -0.890211 -0.000018 -1.391952
4  11.479911 0.000229 -0.000885  1.225960 -0.603154 0.357879
5  3.859502 -0.142824 -1.192079  -0.573871 -0.316762 -1.795817
6  1.312591 0.000009 0.000007  -0.135121 -0.003384 -0.178728
7  0.729354 0.000055 0.000049  -0.006155 -0.010667 -0.248915
8  3.942140 0.046330 -0.431542  -0.497018 0.100803 -1.231861
9  1.539110 0.000083 0.000004  -0.000382 -0.119364 -0.902013
10  1.196330 0.000145 0.000028  0.012615 0.002795 -0.535714
11  3.883509 -0.047213 0.431351  -0.283712 0.421834 -0.633459
12  1.719573 -0.000029 0.000017  0.057360 -0.144594 -1.427911
13  1.209179 0.000089 0.000011  -0.003667 -0.003000 -0.405259
14  4.085234 -0.082653 1.151009  0.076971 0.573771 0.038997
15  1.719450 -0.000017 0.000029  0.015664 -0.064932 -0.867211
16  1.099675 0.000049 0.000006  -0.075642 0.030056 -1.536734
17  0.869860 -1.165528 1.469023  -1.184630 -0.527540 -0.152316
18  1.789820 -0.000003 -0.000018  0.000001 -0.000026 0.636398
19  1.207013 -0.000013 -0.000044  0.000006 -0.000006 -0.137935
20  5.740637 0.000389 -0.000702  -0.108229 0.000003 0.000064
21  11.480989 0.000223 -0.000831  -0.042733 -0.108608 0.037758
22  6.027524 -0.000330 0.000200  1.600190 -0.574767 1.534864
23  -0.000001 11.692100 -0.000007  -0.965049 -0.417379 -0.768316
24  0.000003 0.000008 0.000001  -0.021116 -0.000031 1.570738
25  -0.000000 -0.000012 0.000001  0.868960 0.000002 1.570712
26  -6.617934 -9.178503 0.826812  1.473120 1.855075 -0.198639
27  6.027513 -0.000259 -0.000221  1.520730 0.754736 -0.708481
28  11.691992 0.000161 0.000857  0.141449 0.000072 -1.836665
29  11.479355 -0.000861 0.000954  -1.142790 0.380466 0.885558
30  3.859437 -0.132758 1.193066  0.469647 -0.013262 -1.872395
31  1.312559 0.000026 -0.000001  0.024060 -0.138696 -0.550187
32  0.729344 0.000065 -0.000026  -0.166197 -0.081570 -0.714272
33  3.942046 0.050139 0.431001  0.225309 -0.086237 -1.592712
34  1.539096 0.000005 -0.000001  0.035254 -0.050373 -0.994350
35  1.196300 0.000078 -0.000003  -0.021521 0.002175 -0.839738
36  3.883414 -0.050472 -0.431084  0.184824 -0.271737 -1.204030
37  1.719563 -0.000085 -0.000005  0.022859 -0.107186 -1.509108
38  1.209198 0.000035 0.000012  0.000661 0.071072 -0.480462
39  3.859588 -0.149083 -1.331320  -0.104061 -0.070249 -0.272073
40  1.719415 -0.000098 -0.000035  -0.013177 0.003907 -1.203491
41  1.099674 0.000021 0.000007  -0.005887 -0.007993 -0.771205
42  0.805984 -0.359848 -1.318338  0.991670 0.166767 -0.799527
43  1.789780 -0.000008 -0.000043  0.000058 -0.002451 0.133098
44  1.206996 -0.000007 0.000005  0.000372 -0.000071 1.058780
45  5.740571 0.000079 0.000721  0.172460 -0.000014 0.000028
46  11.480814 -0.000098 0.000936  0.056555 0.082971 0.145456
47  6.027515 -0.000273 -0.000230  -0.910498 -0.520836 -1.709520
48  -0.000000 11.691973 -0.000005  -1.227263 0.672038 0.920661
49  0.000002 -0.000002 0.000001  2.413977 -0.000036 1.570860
50  -0.000006 -0.000014 0.000005  2.272645 -0.000036 1.570861
51  -3.422328 -3.805365 -6.854754  -0.078012 -2.996716 1.465737
52  0.000000 -0.000000 0.000000  0.008153 -0.000259 0.000009
53  0.000000 -0.000000 0.000001  1.565115 0.043565 -0.106862
54  -0.363791 -15.867239 -5.623037  -0.755929 -0.139050 -1.950540
55  -0.000001 -0.000000 0.000000  0.000000 -0.000001 -0.000002
56  0.000029 0.000028 0.000002  -1.571901 -0.044449 -0.106509
57  5.185302 -16.056248 -16.646038  1.570796 -0.000000 0.000000
58  -15.417985 4.000748 -22.641926  1.570796 -0.000000 0.000000
59  2.236387 -0.189356 -5.037201  1.570796 -0.000000 0.000000
60  -0.004311 0.001230 -0.000371  0.006898 -0.005534 -0.284229
61  0.826810 10.209643 -4.879054  1.570796 -0.000000 0.000000
62  0.000000 0.000000 0.000000  -0.078727 -3.136056 0.284226
63  -2.240596 -3.247336 -0.249455  1.570796 -0.000000 0.000000
64  -2.287624 -8.249615 -1.349235  1.570796 0.000000 0.000000
65  0.002681 -3.204031 0.621196  0.000000 -0.000000 0.000000
66  0.048105 -1.112260 5.803837  0.000000 -0.000000 0.000000
67  -1.184782 0.539746 -0.284904  0.000000 -0.000000 0.000000
68  0.047884 -1.610073 21.020466  0.000000 -0.000000 0.000000
69  0.047881 -3.319714 2.472855  0.000000 -0.000000 0.000000
70  0.172180 -2.040368 3.568007  0.000000 -0.000000 0.000000
71  0.654947 -2.537531 2.477230  0.000000 -0.000000 0.000000
72  -2.285144 -12.956001 -5.446409  1.570796 0.000000 0.000000
73  0.017809 1.799356 -0.402361  0.000000 -0.000000 0.000000
74  -2.285144 -12.956001 -5.446409  1.570796 0.000000 0.000000
75  0.031323 2.100358 -1.138380  0.000000 -0.000000 0.000000
76  -0.024051 1.849582 -1.138377  0.000000 -0.000000 0.000000
time 52
0  0.000006 0.000000 0.000000  -1.570800 -1.391899 -1.570792
1  -4.921969 1.082092 2.232071  -1.544956 -1.855077 -0.198630
2  6.027524 -0.000323 0.000190  -0.747182 -0.995446 -1.552695
3  11.692107 0.000645 -0.000740  -0.890211 -0.000018 -1.391952
4  11.479911 0.000229 -0.000885  1.225960 -0.603154 0.357879
5  3.859502 -0.142824 -1.192079  -0.573871 -0.316762 -1.795817
6  1.312591 0.000009 0.000007  -0.135121 -0.003384 -0.178728
7  0.729354 0.000055 0.000049  -0.006155 -0.010667 -0.248915
8  3.942140 0.046330 -0.431542  -0.497018 0.100803 -1.231861
9  1.539110 0.000083 0.000004  -0.000382 -0.119364 -0.902013
10  1.196330 0.000145 0.000028  0.012615 0.002795 -0.535714
11  3.883509 -0.047213 0.431351  -0.283712 0.421834 -0.633459
12  1.719573 -0.000029 0.000017  0.057360 -0.144594 -1.427911
13  1.209179 0.000089 0.000011  -0.003667 -0.003000 -0.405259
14  4.085234 -0.082653 1.151009  0.076971 0.573771 0.038997
15  1.719450 -0.000017 0.000029  0.015664 -0.064932 -0.867211
16  1.099675 0.000049 0.000006  -0.075642 0.030056 -1.536734
17  0.869860 -1.165528 1.469023  -1.184630 -0.527540 -0.152316
18  1.789820 -0.000003 -0.000018  0.000001 -0.000026 0.636398
19  1.207013 -0.000013 -0.000044  0.000006 -0.000006 -0.137935
20  5.740637 0.000389 -0.000702  -0.108229 0.000003 0.000064
21  11.480989 0.000223 -0.000831  -0.042733 -0.108608 0.037758
22  6.027524 -0.000330 0.000200  1.600190 -0.574767 1.534864
23  -0.000001 11.692100 -0.000007  -0.965049 -0.417379 -0.768316
24  0.000003 0.000008 0.000001  -0.021116 -0.000031 1.570738
25  -0.000000 -0.000012 0.000001  0.868960 0.000002 1.570712
26  -6.617934 -9.178503 0.826812  1.473120 1.855075 -0.198639
27  6.027513 -0.000259 -0.000221  1.520730 0.754736 -0.708481
28  11.691992 0.000161 0.000857  0.141449 0.000072 -1.836665
29  11.479355 -0.000861 0.000954  -1.142790 0.380466 0.885558
30  3.859437 -0.132758 1.193066  0.469647 -0.013262 -1.872395
31  1.312559 0.000026 -0.000001  0.024060 -0.138696 -0.550187
32  0.729344 0.000065 -0.000026  -0.166197 -0.081570 -0.714272
33  3.942046 0.050139 0.431001  0.225309 -0.086237 -1.592712
34  1.539096 0.000005 -0.000001  0.035254 -0.050373 -0.994350
35  1.196300 0.000078 -0.000003  -0.021521 0.002175 -0.839738
36  3.883414 -0.050472 -0.431084  0.184824 -0.271737 -1.204030
37  1.719563 -0.000085 -0.000005  0.022859 -0.107186 -1.509108
38  1.209198 0.000035 0.000012  0.000661 0.071072 -0.480462
39  3.859588 -0.149083 -1.331320  -0.104061 -0.070249 -0.272073
40  1.719415 -0.000098 -0.000035  -0.013177 0.003907 -1.203491
41  1.099674 0.000021 0.000007  -0.005887 -0.007993 -0.771205
42  0.805984 -0.359848 -1.318338  0.991670 0.166767 -0.799527
43  1.789780 -0.000008 -0.000043  0.000058 -0.002451 0.133098
44  1.206996 -0.000007 0.000005  0.000372 -0.000071 1.058780
45  5.740571 0.000079 0.000721  0.172460 -0.000014 0.000028
46  11.480814 -0.000098 0.000936  0.056555 0.082971 0.145456
47  6.027515 -0.000273 -0.000230  -0.910498 -0.520836 -1.709520
48  -0.000000 11.691973 -0.000005  -1.227263 0.672038 0.920661
49  0.000002 -0.000002 0.000001  2.413977 -0.000036 1.570860
50  -0.000006 -0.000014 0.000005  2.272645 -0.000036 1.570861
51  -3.422328 -3.805365 -6.854754  -0.078012 -2.996716 1.465737
52  0.000000 -0.000000 0.000000  0.008153 -0.000259 0.000009
53  0.000000 -0.000000 0.000001  1.565115 0.043565 -0.106862
54  -0.363791 -15.867239 -5.623037  -0.755929 -0.139050 -1.950540
55  -0.000001 -0.000000 0.000000  0.000000 -0.000001 -0.000002
56  0.000029 0.000028 0.000002  -1.571901 -0.044449 -0.106509
57  5.185302 -16.056248 -16.646038  1.570796 -0.000000 0.000000
58  -15.417985 4.000748 -22.641926  1.570796 -0.000000 0.000000
59  2.236387 -0.189356 -5.037201  1.570796 -0.000000 0.000000
60  -0.004311 0.001230 -0.000371  0.006898 -0.005534 -0.284229
61  0.826810 10.209643 -4.879054  1.570796 -0.000000 0.000000
62  0.000000 0.000000 0.000000  -0.078727 -3.136056 0.284226
63  -2.240596 -3.247336 -0.249455  1.570796 -0.000000 0.000000
64  -2.287624 -8.249615 -1.349235  1.570796 0.000000 0.000000
65  0.002681 -3.204031 0.621196  0.000000 -0.000000 0.000000
66  0.048105 -1.112260 5.803837  0.000000 -0.000000 0.000000
67  -1.184782 0.539746 -0.284904  0.000000 -0.000000 0.000000
68  0.047884 -1.610073 21.020466  0.000000 -0.000000 0.000000
69  0.047881 -3.319714 2.472855  0.000000 -0.000000 0.000000
70  0.172180 -2.040368 3.568007  0.000000 -0.000000 0.000000
71  0.654947 -2.537531 2.477230  0.000000 -0.000000 0.000000
72  -2.285144 -12.956001 -5.446409  1.570796 0.000000 0.000000
73  0.017809 1.799356 -0.402361  0.000000 -0.000000 0.000000
74  -2.285144 -12.956001 -5.446409  1.570796 0.000000 0.000000
75  0.031323 2.100358 -1.138380  0.000000 -0.000000 0.000000
76  -0.024051 1.849582 -1.138377  0.000000 -0.000000 0.000000
time 53
0  0.000006 0.000000 0.000000  -1.570800 -1.391899 -1.570792
1  -4.921969 1.082092 2.232071  -1.544956 -1.855077 -0.198630
2  6.027524 -0.000323 0.000190  -0.747182 -0.995446 -1.552695
3  11.692107 0.000645 -0.000740  -0.890211 -0.000018 -1.391952
4  11.479911 0.000229 -0.000885  1.225960 -0.603154 0.357879
5  3.859502 -0.142824 -1.192079  -0.573871 -0.316762 -1.795817
6  1.312591 0.000009 0.000007  -0.135121 -0.003384 -0.178728
7  0.729354 0.000055 0.000049  -0.006155 -0.010667 -0.248915
8  3.942140 0.046330 -0.431542  -0.497018 0.100803 -1.231861
9  1.539110 0.000083 0.000004  -0.000382 -0.119364 -0.902013
10  1.196330 0.000145 0.000028  0.012615 0.002795 -0.535714
11  3.883509 -0.047213 0.431351  -0.283712 0.421834 -0.633459
12  1.719573 -0.000029 0.000017  0.057360 -0.144594 -1.427911
13  1.209179 0.000089 0.000011  -0.003667 -0.003000 -0.405259
14  4.085234 -0.082653 1.151009  0.076971 0.573771 0.038997
15  1.719450 -0.000017 0.000029  0.015664 -0.064932 -0.867211
16  1.099675 0.000049 0.000006  -0.075642 0.030056 -1.536734
17  0.869860 -1.165528 1.469023  -1.184630 -0.527540 -0.152316
18  1.789820 -0.000003 -0.000018  0.000001 -0.000026 0.636398
19  1.207013 -0.000013 -0.000044  0.000006 -0.000006 -0.137935
20  5.740637 0.000389 -0.000702  -0.108229 0.000003 0.000064
21  11.480989 0.000223 -0.000831  -0.042733 -0.108608 0.037758
22  6.027524 -0.000330 0.000200  1.600190 -0.574767 1.534864
23  -0.000001 11.692100 -0.000007  -0.965049 -0.417379 -0.768316
24  0.000003 0.000008 0.000001  -0.021116 -0.000031 1.570738
25  -0.000000 -0.000012 0.000001  0.868960 0.000002 1.570712
26  -6.617934 -9.178503 0.826812  1.473120 1.855075 -0.198639
27  6.027513 -0.000259 -0.000221  1.520730 0.754736 -0.708481
28  11.691992 0.000161 0.000857  0.141449 0.000072 -1.836665
29  11.479355 -0.000861 0.000954  -1.142790 0.380466 0.885558
30  3.859437 -0.132758 1.193066  0.469647 -0.013262 -1.872395
31  1.312559 0.000026 -0.000001  0.024060 -0.138696 -0.550187
32  0.729344 0.000065 -0.000026  -0.166197 -0.081570 -0.714272
33  3.942046 0.050139 0.431001  0.225309 -0.086237 -1.592712
34  1.539096 0.000005 -0.000001  0.035254 -0.050373 -0.994350
35  1.196300 0.000078 -0.000003  -0.021521 0.002175 -0.839738
36  3.883414 -0.050472 -0.431084  0.184824 -0.271737 -1.204030
37  1.719563 -0.000085 -0.000005  0.022859 -0.107186 -1.509108
38  1.209198 0.000035 0.000012  0.000661 0.071072 -0.480462
39  3.859588 -0.149083 -1.331320  -0.104061 -0.070249 -0.272073
40  1.719415 -0.000098 -0.000035  -0.013177 0.003907 -1.203491
41  1.099674 0.000021 0.000007  -0.005887 -0.007993 -0.771205
42  0.805984 -0.359848 -1.318338  0.991670 0.166767 -0.799527
43  1.789780 -0.000008 -0.000043  0.000058 -0.002451 0.133098
44  1.206996 -0.000007 0.000005  0.000372 -0.000071 1.058780
45  5.740571 0.000079 0.000721  0.172460 -0.000014 0.000028
46  11.480814 -0.000098 0.000936  0.056555 0.082971 0.145456
47  6.027515 -0.000273 -0.000230  -0.910498 -0.520836 -1.709520
48  -0.000000 11.691973 -0.000005  -1.227263 0.672038 0.920661
49  0.000002 -0.000002 0.000001  2.413977 -0.000036 1.570860
50  -0.000006 -0.000014 0.000005  2.272645 -0.000036 1.570861
51  -3.422328 -3.805365 -6.854754  -0.078012 -2.996716 1.465737
52  0.000000 -0.000000 0.000000  0.008153 -0.000259 0.000009
53  0.000000 -0.000000 0.000001  1.565115 0.043565 -0.106862
54  -0.363791 -15.867239 -5.623037  -0.755929 -0.139050 -1.950540
55  -0.000001 -0.000000 0.000000  0.000000 -0.000001 -0.000002
56  0.000029 0.000028 0.000002  -1.571901 -0.044449 -0.106509
57  5.185302 -16.056248 -16.646038  1.570796 -0.000000 0.000000
58  -15.417985 4.000748 -22.641926  1.570796 -0.000000 0.000000
59  2.236387 -0.189356 -5.037201  1.570796 -0.000000 0.000000
60  -0.004311 0.001230 -0.000371  0.006898 -0.005534 -0.284229
61  0.826810 10.209643 -4.879054  1.570796 -0.000000 0.000000
62  0.000000 0.000000 0.000000  -0.078727 -3.136056 0.284226
63  -2.240596 -3.247336 -0.249455  1.570796 -0.000000 0.000000
64  -2.287624 -8.249615 -1.349235  1.570796 0.000000 0.000000
65  0.002681 -3.204031 0.621196  0.000000 -0.000000 0.000000
66  0.048105 -1.112260 5.803837  0.000000 -0.000000 0.000000
67  -1.184782 0.539746 -0.284904  0.000000 -0.000000 0.000000
68  0.047884 -1.610073 21.020466  0.000000 -0.000000 0.000000
69  0.047881 -3.319714 2.472855  0.000000 -0.000000 0.000000
70  0.172180 -2.040368 3.568007  0.000000 -0.000000 0.000000
71  0.654947 -2.537531 2.477230  0.000000 -0.000000 0.000000
72  -2.285144 -12.956001 -5.446409  1.570796 0.000000 0.000000
73  0.017809 1.799356 -0.402361  0.000000 -0.000000 0.000000
74  -2.285144 -12.956001 -5.446409  1.570796 0.000000 0.000000
75  0.031323 2.100358 -1.138380  0.000000 -0.000000 0.000000
76  -0.024051 1.849582 -1.138377  0.000000 -0.000000 0.000000
time 54
0  0.000006 0.000000 0.000000  -1.570800 -1.391899 -1.570792
1  -4.921969 1.082092 2.232071  -1.544956 -1.855077 -0.198630
2  6.027524 -0.000323 0.000190  -0.747182 -0.995446 -1.552695
3  11.692107 0.000645 -0.000740  -0.890211 -0.000018 -1.391952
4  11.479911 0.000229 -0.000885  1.225960 -0.603154 0.357879
5  3.859502 -0.142824 -1.192079  -0.573871 -0.316762 -1.795817
6  1.312591 0.000009 0.000007  -0.135121 -0.003384 -0.178728
7  0.729354 0.000055 0.000049  -0.006155 -0.010667 -0.248915
8  3.942140 0.046330 -0.431542  -0.497018 0.100803 -1.231861
9  1.539110 0.000083 0.000004  -0.000382 -0.119364 -0.902013
10  1.196330 0.000145 0.000028  0.012615 0.002795 -0.535714
11  3.883509 -0.047213 0.431351  -0.283712 0.421834 -0.633459
12  1.719573 -0.000029 0.000017  0.057360 -0.144594 -1.427911
13  1.209179 0.000089 0.000011  -0.003667 -0.003000 -0.405259
14  4.085234 -0.082653 1.151009  0.076971 0.573771 0.038997
15  1.719450 -0.000017 0.000029  0.015664 -0.064932 -0.867211
16  1.099675 0.000049 0.000006  -0.075642 0.030056 -1.536734
17  0.869860 -1.165528 1.469023  -1.184630 -0.527540 -0.152316
18  1.789820 -0.000003 -0.000018  0.000001 -0.000026 0.636398
19  1.207013 -0.000013 -0.000044  0.000006 -0.000006 -0.137935
20  5.740637 0.000389 -0.000702  -0.108229 0.000003 0.000064
21  11.480989 0.000223 -0.000831  -0.042733 -0.108608 0.037758
22  6.027524 -0.000330 0.000200  1.600190 -0.574767 1.534864
23  -0.000001 11.692100 -0.000007  -0.965049 -0.417379 -0.768316
24  0.000003 0.000008 0.000001  -0.021116 -0.000031 1.570738
25  -0.000000 -0.000012 0.000001  0.868960 0.000002 1.570712
26  -6.617934 -9.178503 0.826812  1.473120 1.855075 -0.198639
27  6.027513 -0.000259 -0.000221  1.520730 0.754736 -0.708481
28  11.691992 0.000161 0.000857  0.141449 0.000072 -1.836665
29  11.479355 -0.000861 0.000954  -1.142790 0.380466 0.885558
30  3.859437 -0.132758 1.193066  0.469647 -0.013262 -1.872395
31  1.312559 0.000026 -0.000001  0.024060 -0.138696 -0.550187
32  0.729344 0.000065 -0.000026  -0.166197 -0.081570 -0.714272
33  3.942046 0.050139 0.431001  0.225309 -0.086237 -1.592712
34  1.539096 0.000005 -0.000001  0.035254 -0.050373 -0.994350
35  1.196300 0.000078 -0.000003  -0.021521 0.002175 -0.839738
36  3.883414 -0.050472 -0.431084  0.184824 -0.271737 -1.204030
37  1.719563 -0.000085 -0.000005  0.022859 -0.107186 -1.509108
38  1.209198 0.000035 0.000012  0.000661 0.071072 -0.480462
39  3.859588 -0.149083 -1.331320  -0.104061 -0.070249 -0.272073
40  1.719415 -0.000098 -0.000035  -0.013177 0.003907 -1.203491
41  1.099674 0.000021 0.000007  -0.005887 -0.007993 -0.771205
42  0.805984 -0.359848 -1.318338  0.991670 0.166767 -0.799527
43  1.789780 -0.000008 -0.000043  0.000058 -0.002451 0.133098
44  1.206996 -0.000007 0.000005  0.000372 -0.000071 1.058780
45  5.740571 0.000079 0.000721  0.172460 -0.000014 0.000028
46  11.480814 -0.000098 0.000936  0.056555 0.082971 0.145456
47  6.027515 -0.000273 -0.000230  -0.910498 -0.520836 -1.709520
48  -0.000000 11.691973 -0.000005  -1.227263 0.672038 0.920661
49  0.000002 -0.000002 0.000001  2.413977 -0.000036 1.570860
50  -0.000006 -0.000014 0.000005  2.272645 -0.000036 1.570861
51  -3.422328 -3.805365 -6.854754  -0.078012 -2.996716 1.465737
52  0.000000 -0.000000 0.000000  0.008153 -0.000259 0.000009
53  0.000000 -0.000000 0.000001  1.565115 0.043565 -0.106862
54  -0.363791 -15.867239 -5.623037  -0.755929 -0.139050 -1.950540
55  -0.000001 -0.000000 0.000000  0.000000 -0.000001 -0.000002
56  0.000029 0.000028 0.000002  -1.571901 -0.044449 -0.106509
57  5.185302 -16.056248 -16.646038  1.570796 -0.000000 0.000000
58  -15.417985 4.000748 -22.641926  1.570796 -0.000000 0.000000
59  2.236387 -0.189356 -5.037201  1.570796 -0.000000 0.000000
60  -0.004311 0.001230 -0.000371  0.006898 -0.005534 -0.284229
61  0.826810 10.209643 -4.879054  1.570796 -0.000000 0.000000
62  0.000000 0.000000 0.000000  -0.078727 -3.136056 0.284226
63  -2.240596 -3.247336 -0.249455  1.570796 -0.000000 0.000000
64  -2.287624 -8.249615 -1.349235  1.570796 0.000000 0.000000
65  0.002681 -3.204031 0.621196  0.000000 -0.000000 0.000000
66  0.048105 -1.112260 5.803837  0.000000 -0.000000 0.000000
67  -1.184782 0.539746 -0.284904  0.000000 -0.000000 0.000000
68  0.047884 -1.610073 21.020466  0.000000 -0.000000 0.000000
69  0.047881 -3.319714 2.472855  0.000000 -0.000000 0.000000
70  0.172180 -2.040368 3.568007  0.000000 -0.000000 0.000000
71  0.654947 -2.537531 2.477230  0.000000 -0.000000 0.000000
72  -2.285144 -12.956001 -5.446409  1.570796 0.000000 0.000000
73  0.017809 1.799356 -0.402361  0.000000 -0.000000 0.000000
74  -2.285144 -12.956001 -5.446409  1.570796 0.000000 0.000000
75  0.031323 2.100358 -1.138380  0.000000 -0.000000 0.000000
76  -0.024051 1.849582 -1.138377  0.000000 -0.000000 0.000000
time 55
0  0.000006 0.000000 0.000000  -1.570800 -1.391899 -1.570792
1  -4.921969 1.082092 2.232071  -1.544956 -1.855077 -0.198630
2  6.027524 -0.000323 0.000190  -0.747182 -0.995446 -1.552695
3  11.692107 0.000645 -0.000740  -0.890211 -0.000018 -1.391952
4  11.479911 0.000229 -0.000885  1.225960 -0.603154 0.357879
5  3.859502 -0.142824 -1.192079  -0.573871 -0.316762 -1.795817
6  1.312591 0.000009 0.000007  -0.135121 -0.003384 -0.178728
7  0.729354 0.000055 0.000049  -0.006155 -0.010667 -0.248915
8  3.942140 0.046330 -0.431542  -0.497018 0.100803 -1.231861
9  1.539110 0.000083 0.000004  -0.000382 -0.119364 -0.902013
10  1.196330 0.000145 0.000028  0.012615 0.002795 -0.535714
11  3.883509 -0.047213 0.431351  -0.283712 0.421834 -0.633459
12  1.719573 -0.000029 0.000017  0.057360 -0.144594 -1.427911
13  1.209179 0.000089 0.000011  -0.003667 -0.003000 -0.405259
14  4.085234 -0.082653 1.151009  0.076971 0.573771 0.038997
15  1.719450 -0.000017 0.000029  0.015664 -0.064932 -0.867211
16  1.099675 0.000049 0.000006  -0.075642 0.030056 -1.536734
17  0.869860 -1.165528 1.469023  -1.184630 -0.527540 -0.152316
18  1.789820 -0.000003 -0.000018  0.000001 -0.000026 0.636398
19  1.207013 -0.000013 -0.000044  0.000006 -0.000006 -0.137935
20  5.740637 0.000389 -0.000702  -0.108229 0.000003 0.000064
21  11.480989 0.000223 -0.000831  -0.042733 -0.108608 0.037758
22  6.027524 -0.000330 0.000200  1.600190 -0.574767 1.534864
23  -0.000001 11.692100 -0.000007  -0.965049 -0.417379 -0.768316
24  0.000003 0.000008 0.000001  -0.021116 -0.000031 1.570738
25  -0.000000 -0.000012 0.000001  0.868960 0.000002 1.570712
26  -6.617934 -9.178503 0.826812  1.473120 1.855075 -0.198639
27  6.027513 -0.000259 -0.000221  1.520730 0.754736 -0.708481
28  11.691992 0.000161 0.000857  0.141449 0.000072 -1.836665
29  11.479355 -0.000861 0.000954  -1.142790 0.380466 0.885558
30  3.859437 -0.132758 1.193066  0.469647 -0.013262 -1.872395
31  1.312559 0.000026 -0.000001  0.024060 -0.138696 -0.550187
32  0.729344 0.000065 -0.000026  -0.166197 -0.081570 -0.714272
33  3.942046 0.050139 0.431001  0.225309 -0.086237 -1.592712
34  1.539096 0.000005 -0.000001  0.035254 -0.050373 -0.994350
35  1.196300 0.000078 -0.000003  -0.021521 0.002175 -0.839738
36  3.883414 -0.050472 -0.431084  0.184824 -0.271737 -1.204030
37  1.719563 -0.000085 -0.000005  0.022859 -0.107186 -1.509108
38  1.209198 0.000035 0.000012  0.000661 0.071072 -0.480462
39  3.859588 -0.149083 -1.331320  -0.104061 -0.070249 -0.272073
40  1.719415 -0.000098 -0.000035  -0.013177 0.003907 -1.203491
41  1.099674 0.000021 0.000007  -0.005887 -0.007993 -0.771205
42  0.805984 -0.359848 -1.318338  0.991670 0.166767 -0.799527
43  1.789780 -0.000008 -0.000043  0.000058 -0.002451 0.133098
44  1.206996 -0.000007 0.000005  0.000372 -0.000071 1.058780
45  5.740571 0.000079 0.000721  0.172460 -0.000014 0.000028
46  11.480814 -0.000098 0.000936  0.056555 0.082971 0.145456
47  6.027515 -0.000273 -0.000230  -0.910498 -0.520836 -1.709520
48  -0.000000 11.691973 -0.000005  -1.227263 0.672038 0.920661
49  0.000002 -0.000002 0.000001  2.413977 -0.000036 1.570860
50  -0.000006 -0.000014 0.000005  2.272645 -0.000036 1.570861
51  -3.422328 -3.805365 -6.854754  -0.078012 -2.996716 1.465737
52  0.000000 -0.000000 0.000000  0.008153 -0.000259 0.000009
53  0.000000 -0.000000 0.000001  1.565115 0.043565 -0.106862
54  -0.363791 -15.867239 -5.623037  -0.755929 -0.139050 -1.950540
55  -0.000001 -0.000000 0.000000  0.000000 -0.000001 -0.000002
56  0.000029 0.000028 0.000002  -1.571901 -0.044449 -0.106509
57  5.185302 -16.056248 -16.646038  1.570796 -0.000000 0.000000
58  -15.417985 4.000748 -22.641926  1.570796 -0.000000 0.000000
59  2.236387 -0.189356 -5.037201  1.570796 -0.000000 0.000000
60  -0.004311 0.001230 -0.000371  0.006898 -0.005534 -0.284229
61  0.826810 10.209643 -4.879054  1.570796 -0.000000 0.000000
62  0.000000 0.000000 0.000000  -0.078727 -3.136056 0.284226
63  -2.240596 -3.247336 -0.249455  1.570796 -0.000000 0.000000
64  -2.287624 -8.249615 -1.349235  1.570796 0.000000 0.000000
65  0.002681 -3.204031 0.621196  0.000000 -0.000000 0.000000
66  0.048105 -1.112260 5.803837  0.000000 -0.000000 0.000000
67  -1.184782 0.539746 -0.284904  0.000000 -0.000000 0.000000
68  0.047884 -1.610073 21.020466  0.000000 -0.000000 0.000000
69  0.047881 -3.319714 2.472855  0.000000 -0.000000 0.000000
70  0.172180 -2.040368 3.568007  0.000000 -0.000000 0.000000
71  0.654947 -2.537531 2.477230  0.000000 -0.000000 0.000000
72  -2.285144 -12.956001 -5.446409  1.570796 0.000000 0.000000
73  0.017809 1.799356 -0.402361  0.000000 -0.000000 0.000000
74  -2.285144 -12.956001 -5.446409  1.570796 0.000000 0.000000
75  0.031323 2.100358 -1.138380  0.000000 -0.000000 0.000000
76  -0.024051 1.849582 -1.138377  0.000000 -0.000000 0.000000
time 56
0  0.000006 0.000000 0.000000  -1.570800 -1.391899 -1.570792
1  -4.921969 1.082092 2.232071  -1.544956 -1.855077 -0.198630
2  6.027524 -0.000323 0.000190  -0.747182 -0.995446 -1.552695
3  11.692107 0.000645 -0.000740  -0.890211 -0.000018 -1.391952
4  11.479911 0.000229 -0.000885  1.225960 -0.603154 0.357879
5  3.859502 -0.142824 -1.192079  -0.573871 -0.316762 -1.795817
6  1.312591 0.000009 0.000007  -0.135121 -0.003384 -0.178728
7  0.729354 0.000055 0.000049  -0.006155 -0.010667 -0.248915
8  3.942140 0.046330 -0.431542  -0.497018 0.100803 -1.231861
9  1.539110 0.000083 0.000004  -0.000382 -0.119364 -0.902013
10  1.196330 0.000145 0.000028  0.012615 0.002795 -0.535714
11  3.883509 -0.047213 0.431351  -0.283712 0.421834 -0.633459
12  1.719573 -0.000029 0.000017  0.057360 -0.144594 -1.427911
13  1.209179 0.000089 0.000011  -0.003667 -0.003000 -0.405259
14  4.085234 -0.082653 1.151009  0.076971 0.573771 0.038997
15  1.719450 -0.000017 0.000029  0.015664 -0.064932 -0.867211
16  1.099675 0.000049 0.000006  -0.075642 0.030056 -1.536734
17  0.869860 -1.165528 1.469023  -1.184630 -0.527540 -0.152316
18  1.789820 -0.000003 -0.000018  0.000001 -0.000026 0.636398
19  1.207013 -0.000013 -0.000044  0.000006 -0.000006 -0.137935
20  5.740637 0.000389 -0.000702  -0.108229 0.000003 0.000064
21  11.480989 0.000223 -0.000831  -0.042733 -0.108608 0.037758
22  6.027524 -0.000330 0.000200  1.600190 -0.574767 1.534864
23  -0.000001 11.692100 -0.000007  -0.965049 -0.417379 -0.768316
24  0.000003 0.000008 0.000001  -0.021116 -0.000031 1.570738
25  -0.000000 -0.000012 0.000001  0.868960 0.000002 1.570712
26  -6.617934 -9.178503 0.826812  1.473120 1.855075 -0.198639
27  6.027513 -0.000259 -0.000221  1.520730 0.754736 -0.708481
28  11.691992 0.000161 0.000857  0.141449 0.000072 -1.836665
29  11.479355 -0.000861 0.000954  -1.142790 0.380466 0.885558
30  3.859437 -0.132758 1.193066  0.469647 -0.013262 -1.872395
31  1.312559 0.000026 -0.000001  0.024060 -0.138696 -0.550187
32  0.729344 0.000065 -0.000026  -0.166197 -0.081570 -0.714272
33  3.942046 0.050139 0.431001  0.225309 -0.086237 -1.592712
34  1.539096 0.000005 -0.000001  0.035254 -0.050373 -0.994350
35  1.196300 0.000078 -0.000003  -0.021521 0.002175 -0.839738
36  3.883414 -0.050472 -0.431084  0.184824 -0.271737 -1.204030
37  1.719563 -0.000085 -0.000005  0.022859 -0.107186 -1.509108
38  1.209198 0.000035 0.000012  0.000661 0.071072 -0.480462
39  3.859588 -0.149083 -1.331320  -0.104061 -0.070249 -0.272073
40  1.719415 -0.000098 -0.000035  -0.013177 0.003907 -1.203491
41  1.099674 0.000021 0.000007  -0.005887 -0.007993 -0.771205
42  0.805984 -0.359848 -1.318338  0.991670 0.166767 -0.799527
43  1.789780 -0.000008 -0.000043  0.000058 -0.002451 0.133098
44  1.206996 -0.000007 0.000005  0.000372 -0.000071 1.058780
45  5.740571 0.000079 0.000721  0.172460 -0.000014 0.000028
46  11.480814 -0.000098 0.000936  0.056555 0.082971 0.145456
47  6.027515 -0.000273 -0.000230  -0.910498 -0.520836 -1.709520
48  -0.000000 11.691973 -0.000005  -1.227263 0.672038 0.920661
49  0.000002 -0.000002 0.000001  2.413977 -0.000036 1.570860
50  -0.000006 -0.000014 0.000005  2.272645 -0.000036 1.570861
51  -3.422328 -3.805365 -6.854754  -0.078012 -2.996716 1.465737
52  0.000000 -0.000000 0.000000  0.008153 -0.000259 0.000009
53  0.000000 -0.000000 0.000001  1.565115 0.043565 -0.106862
54  -0.363791 -15.867239 -5.623037  -0.755929 -0.139050 -1.950540
55  -0.000001 -0.000000 0.000000  0.000000 -0.000001 -0.000002
56  0.000029 0.000028 0.000002  -1.571901 -0.044449 -0.106509
57  5.185302 -16.056248 -16.646038  1.570796 -0.000000 0.000000
58  -15.417985 4.000748 -22.641926  1.570796 -0.000000 0.000000
59  2.236387 -0.189356 -5.037201  1.570796 -0.000000 0.000000
60  -0.004311 0.001230 -0.000371  0.006898 -0.005534 -0.284229
61  0.826810 10.209643 -4.879054  1.570796 -0.000000 0.000000
62  0.000000 0.000000 0.000000  -0.078727 -3.136056 0.284226
63  -2.240596 -3.247336 -0.249455  1.570796 -0.000000 0.000000
64  -2.287624 -8.249615 -1.349235  1.570796 0.000000 0.000000
65  0.002681 -3.204031 0.621196  0.000000 -0.000000 0.000000
66  0.048105 -1.112260 5.803837  0.000000 -0.000000 0.000000
67  -1.184782 0.539746 -0.284904  0.000000 -0.000000 0.000000
68  0.047884 -1.610073 21.020466  0.000000 -0.000000 0.000000
69  0.047881 -3.319714 2.472855  0.000000 -0.000000 0.000000
70  0.172180 -2.040368 3.568007  0.000000 -0.000000 0.000000
71  0.654947 -2.537531 2.477230  0.000000 -0.000000 0.000000
72  -2.285144 -12.956001 -5.446409  1.570796 0.000000 0.000000
73  0.017809 1.799356 -0.402361  0.000000 -0.000000 0.000000
74  -2.285144 -12.956001 -5.446409  1.570796 0.000000 0.000000
75  0.031323 2.100358 -1.138380  0.000000 -0.000000 0.000000
76  -0.024051 1.849582 -1.138377  0.000000 -0.000000 0.000000
time 57
0  0.000006 0.000000 0.000000  -1.570800 -1.391899 -1.570792
1  -4.921969 1.082092 2.232071  -1.544956 -1.855077 -0.198630
2  6.027524 -0.000323 0.000190  -0.747182 -0.995446 -1.552695
3  11.692107 0.000645 -0.000740  -0.890211 -0.000018 -1.391952
4  11.479911 0.000229 -0.000885  1.225960 -0.603154 0.357879
5  3.859502 -0.142824 -1.192079  -0.573871 -0.316762 -1.795817
6  1.312591 0.000009 0.000007  -0.135121 -0.003384 -0.178728
7  0.729354 0.000055 0.000049  -0.006155 -0.010667 -0.248915
8  3.942140 0.046330 -0.431542  -0.497018 0.100803 -1.231861
9  1.539110 0.000083 0.000004  -0.000382 -0.119364 -0.902013
10  1.196330 0.000145 0.000028  0.012615 0.002795 -0.535714
11  3.883509 -0.047213 0.431351  -0.283712 0.421834 -0.633459
12  1.719573 -0.000029 0.000017  0.057360 -0.144594 -1.427911
13  1.209179 0.000089 0.000011  -0.003667 -0.003000 -0.405259
14  4.085234 -0.082653 1.151009  0.076971 0.573771 0.038997
15  1.719450 -0.000017 0.000029  0.015664 -0.064932 -0.867211
16  1.099675 0.000049 0.000006  -0.075642 0.030056 -1.536734
17  0.869860 -1.165528 1.469023  -1.184630 -0.527540 -0.152316
18  1.789820 -0.000003 -0.000018  0.000001 -0.000026 0.636398
19  1.207013 -0.000013 -0.000044  0.000006 -0.000006 -0.137935
20  5.740637 0.000389 -0.000702  -0.108229 0.000003 0.000064
21  11.480989 0.000223 -0.000831  -0.042733 -0.108608 0.037758
22  6.027524 -0.000330 0.000200  1.600190 -0.574767 1.534864
23  -0.000001 11.692100 -0.000007  -0.965049 -0.417379 -0.768316
24  0.000003 0.000008 0.000001  -0.021116 -0.000031 1.570738
25  -0.000000 -0.000012 0.000001  0.868960 0.000002 1.570712
26  -6.617934 -9.178503 0.826812  1.473120 1.855075 -0.198639
27  6.027513 -0.000259 -0.000221  1.520730 0.754736 -0.708481
28  11.691992 0.000161 0.000857  0.141449 0.000072 -1.836665
29  11.479355 -0.000861 0.000954  -1.142790 0.380466 0.885558
30  3.859437 -0.132758 1.193066  0.469647 -0.013262 -1.872395
31  1.312559 0.000026 -0.000001  0.024060 -0.138696 -0.550187
32  0.729344 0.000065 -0.000026  -0.166197 -0.081570 -0.714272
33  3.942046 0.050139 0.431001  0.225309 -0.086237 -1.592712
34  1.539096 0.000005 -0.000001  0.035254 -0.050373 -0.994350
35  1.196300 0.000078 -0.000003  -0.021521 0.002175 -0.839738
36  3.883414 -0.050472 -0.431084  0.184824 -0.271737 -1.204030
37  1.719563 -0.000085 -0.000005  0.022859 -0.107186 -1.509108
38  1.209198 0.000035 0.000012  0.000661 0.071072 -0.480462
39  3.859588 -0.149083 -1.331320  -0.104061 -0.070249 -0.272073
40  1.719415 -0.000098 -0.000035  -0.013177 0.003907 -1.203491
41  1.099674 0.000021 0.000007  -0.005887 -0.007993 -0.771205
42  0.805984 -0.359848 -1.318338  0.991670 0.166767 -0.799527
43  1.789780 -0.000008 -0.000043  0.000058 -0.002451 0.133098
44  1.206996 -0.000007 0.000005  0.000372 -0.000071 1.058780
45  5.740571 0.000079 0.000721  0.172460 -0.000014 0.000028
46  11.480814 -0.000098 0.000936  0.056555 0.082971 0.145456
47  6.027515 -0.000273 -0.000230  -0.910498 -0.520836 -1.709520
48  -0.000000 11.691973 -0.000005  -1.227263 0.672038 0.920661
49  0.000002 -0.000002 0.000001  2.413977 -0.000036 1.570860
50  -0.000006 -0.000014 0.000005  2.272645 -0.000036 1.570861
51  -3.422328 -3.805365 -6.854754  -0.078012 -2.996716 1.465737
52  0.000000 -0.000000 0.000000  0.008153 -0.000259 0.000009
53  0.000000 -0.000000 0.000001  1.565115 0.043565 -0.106862
54  -0.363791 -15.867239 -5.623037  -0.755929 -0.139050 -1.950540
55  -0.000001 -0.000000 0.000000  0.000000 -0.000001 -0.000002
56  0.000029 0.000028 0.000002  -1.571901 -0.044449 -0.106509
57  5.185302 -16.056248 -16.646038  1.570796 -0.000000 0.000000
58  -15.417985 4.000748 -22.641926  1.570796 -0.000000 0.000000
59  2.236387 -0.189356 -5.037201  1.570796 -0.000000 0.000000
60  -0.004311 0.001230 -0.000371  0.006898 -0.005534 -0.284229
61  0.826810 10.209643 -4.879054  1.570796 -0.000000 0.000000
62  0.000000 0.000000 0.000000  -0.078727 -3.136056 0.284226
63  -2.240596 -3.247336 -0.249455  1.570796 -0.000000 0.000000
64  -2.287624 -8.249615 -1.349235  1.570796 0.000000 0.000000
65  0.002681 -3.204031 0.621196  0.000000 -0.000000 0.000000
66  0.048105 -1.112260 5.803837  0.000000 -0.000000 0.000000
67  -1.184782 0.539746 -0.284904  0.000000 -0.000000 0.000000
68  0.047884 -1.610073 21.020466  0.000000 -0.000000 0.000000
69  0.047881 -3.319714 2.472855  0.000000 -0.000000 0.000000
70  0.172180 -2.040368 3.568007  0.000000 -0.000000 0.000000
71  0.654947 -2.537531 2.477230  0.000000 -0.000000 0.000000
72  -2.285144 -12.956001 -5.446409  1.570796 0.000000 0.000000
73  0.017809 1.799356 -0.402361  0.000000 -0.000000 0.000000
74  -2.285144 -12.956001 -5.446409  1.570796 0.000000 0.000000
75  0.031323 2.100358 -1.138380  0.000000 -0.000000 0.000000
76  -0.024051 1.849582 -1.138377  0.000000 -0.000000 0.000000
time 58
0  0.000006 0.000000 0.000000  -1.570800 -1.391899 -1.570792
1  -4.921969 1.082092 2.232071  -1.544956 -1.855077 -0.198630
2  6.027524 -0.000323 0.000190  -0.747182 -0.995446 -1.552695
3  11.692107 0.000645 -0.000740  -0.890211 -0.000018 -1.391952
4  11.479911 0.000229 -0.000885  1.225960 -0.603154 0.357879
5  3.859502 -0.142824 -1.192079  -0.573871 -0.316762 -1.795817
6  1.312591 0.000009 0.000007  -0.135121 -0.003384 -0.178728
7  0.729354 0.000055 0.000049  -0.006155 -0.010667 -0.248915
8  3.942140 0.046330 -0.431542  -0.497018 0.100803 -1.231861
9  1.539110 0.000083 0.000004  -0.000382 -0.119364 -0.902013
10  1.196330 0.000145 0.000028  0.012615 0.002795 -0.535714
11  3.883509 -0.047213 0.431351  -0.283712 0.421834 -0.633459
12  1.719573 -0.000029 0.000017  0.057360 -0.144594 -1.427911
13  1.209179 0.000089 0.000011  -0.003667 -0.003000 -0.405259
14  4.085234 -0.082653 1.151009  0.076971 0.573771 0.038997
15  1.719450 -0.000017 0.000029  0.015664 -0.064932 -0.867211
16  1.099675 0.000049 0.000006  -0.075642 0.030056 -1.536734
17  0.869860 -1.165528 1.469023  -1.184630 -0.527540 -0.152316
18  1.789820 -0.000003 -0.000018  0.000001 -0.000026 0.636398
19  1.207013 -0.000013 -0.000044  0.000006 -0.000006 -0.137935
20  5.740637 0.000389 -0.000702  -0.108229 0.000003 0.000064
21  11.480989 0.000223 -0.000831  -0.042733 -0.108608 0.037758
22  6.027524 -0.000330 0.000200  1.600190 -0.574767 1.534864
23  -0.000001 11.692100 -0.000007  -0.965049 -0.417379 -0.768316
24  0.000003 0.000008 0.000001  -0.021116 -0.000031 1.570738
25  -0.000000 -0.000012 0.000001  0.868960 0.000002 1.570712
26  -6.617934 -9.178503 0.826812  1.473120 1.855075 -0.198639
27  6.027513 -0.000259 -0.000221  1.520730 0.754736 -0.708481
28  11.691992 0.000161 0.000857  0.141449 0.000072 -1.836665
29  11.479355 -0.000861 0.000954  -1.142790 0.380466 0.885558
30  3.859437 -0.132758 1.193066  0.469647 -0.013262 -1.872395
31  1.312559 0.000026 -0.000001  0.024060 -0.138696 -0.550187
32  0.729344 0.000065 -0.000026  -0.166197 -0.081570 -0.714272
33  3.942046 0.050139 0.431001  0.225309 -0.086237 -1.592712
34  1.539096 0.000005 -0.000001  0.035254 -0.050373 -0.994350
35  1.196300 0.000078 -0.000003  -0.021521 0.002175 -0.839738
36  3.883414 -0.050472 -0.431084  0.184824 -0.271737 -1.204030
37  1.719563 -0.000085 -0.000005  0.022859 -0.107186 -1.509108
38  1.209198 0.000035 0.000012  0.000661 0.071072 -0.480462
39  3.859588 -0.149083 -1.331320  -0.104061 -0.070249 -0.272073
40  1.719415 -0.000098 -0.000035  -0.013177 0.003907 -1.203491
41  1.099674 0.000021 0.000007  -0.005887 -0.007993 -0.771205
42  0.805984 -0.359848 -1.318338  0.991670 0.166767 -0.799527
43  1.789780 -0.000008 -0.000043  0.000058 -0.002451 0.133098
44  1.206996 -0.000007 0.000005  0.000372 -0.000071 1.058780
45  5.740571 0.000079 0.000721  0.172460 -0.000014 0.000028
46  11.480814 -0.000098 0.000936  0.056555 0.082971 0.145456
47  6.027515 -0.000273 -0.000230  -0.910498 -0.520836 -1.709520
48  -0.000000 11.691973 -0.000005  -1.227263 0.672038 0.920661
49  0.000002 -0.000002 0.000001  2.413977 -0.000036 1.570860
50  -0.000006 -0.000014 0.000005  2.272645 -0.000036 1.570861
51  -3.422328 -3.805365 -6.854754  -0.078012 -2.996716 1.465737
52  0.000000 -0.000000 0.000000  0.008153 -0.000259 0.000009
53  0.000000 -0.000000 0.000001  1.565115 0.043565 -0.106862
54  -0.363791 -15.867239 -5.623037  -0.755929 -0.139050 -1.950540
55  -0.000001 -0.000000 0.000000  0.000000 -0.000001 -0.000002
56  0.000029 0.000028 0.000002  -1.571901 -0.044449 -0.106509
57  5.185302 -16.056248 -16.646038  1.570796 -0.000000 0.000000
58  -15.417985 4.000748 -22.641926  1.570796 -0.000000 0.000000
59  2.236387 -0.189356 -5.037201  1.570796 -0.000000 0.000000
60  -0.004311 0.001230 -0.000371  0.006898 -0.005534 -0.284229
61  0.826810 10.209643 -4.879054  1.570796 -0.000000 0.000000
62  0.000000 0.000000 0.000000  -0.078727 -3.136056 0.284226
63  -2.240596 -3.247336 -0.249455  1.570796 -0.000000 0.000000
64  -2.287624 -8.249615 -1.349235  1.570796 0.000000 0.000000
65  0.002681 -3.204031 0.621196  0.000000 -0.000000 0.000000
66  0.048105 -1.112260 5.803837  0.000000 -0.000000 0.000000
67  -1.184782 0.539746 -0.284904  0.000000 -0.000000 0.000000
68  0.047884 -1.610073 21.020466  0.000000 -0.000000 0.000000
69  0.047881 -3.319714 2.472855  0.000000 -0.000000 0.000000
70  0.172180 -2.040368 3.568007  0.000000 -0.000000 0.000000
71  0.654947 -2.537531 2.477230  0.000000 -0.000000 0.000000
72  -2.285144 -12.956001 -5.446409  1.570796 0.000000 0.000000
73  0.017809 1.799356 -0.402361  0.000000 -0.000000 0.000000
74  -2.285144 -12.956001 -5.446409  1.570796 0.000000 0.000000
75  0.031323 2.100358 -1.138380  0.000000 -0.000000 0.000000
76  -0.024051 1.849582 -1.138377  0.000000 -0.000000 0.000000
time 59
0  0.000006 0.000000 0.000000  -1.570800 -1.391899 -1.570792
1  -4.921969 1.082092 2.232071  -1.544956 -1.855077 -0.198630
2  6.027524 -0.000323 0.000190  -0.747182 -0.995446 -1.552695
3  11.692107 0.000645 -0.000740  -0.890211 -0.000018 -1.391952
4  11.479911 0.000229 -0.000885  1.225960 -0.603154 0.357879
5  3.859502 -0.142824 -1.192079  -0.573871 -0.316762 -1.795817
6  1.312591 0.000009 0.000007  -0.135121 -0.003384 -0.178728
7  0.729354 0.000055 0.000049  -0.006155 -0.010667 -0.248915
8  3.942140 0.046330 -0.431542  -0.497018 0.100803 -1.231861
9  1.539110 0.000083 0.000004  -0.000382 -0.119364 -0.902013
10  1.196330 0.000145 0.000028  0.012615 0.002795 -0.535714
11  3.883509 -0.047213 0.431351  -0.283712 0.421834 -0.633459
12  1.719573 -0.000029 0.000017  0.057360 -0.144594 -1.427911
13  1.209179 0.000089 0.000011  -0.003667 -0.003000 -0.405259
14  4.085234 -0.082653 1.151009  0.076971 0.573771 0.038997
15  1.719450 -0.000017 0.000029  0.015664 -0.064932 -0.867211
16  1.099675 0.000049 0.000006  -0.075642 0.030056 -1.536734
17  0.869860 -1.165528 1.469023  -1.184630 -0.527540 -0.152316
18  1.789820 -0.000003 -0.000018  0.000001 -0.000026 0.636398
19  1.207013 -0.000013 -0.000044  0.000006 -0.000006 -0.137935
20  5.740637 0.000389 -0.000702  -0.108229 0.000003 0.000064
21  11.480989 0.000223 -0.000831  -0.042733 -0.108608 0.037758
22  6.027524 -0.000330 0.000200  1.600190 -0.574767 1.534864
23  -0.000001 11.692100 -0.000007  -0.965049 -0.417379 -0.768316
24  0.000003 0.000008 0.000001  -0.021116 -0.000031 1.570738
25  -0.000000 -0.000012 0.000001  0.868960 0.000002 1.570712
26  -6.617934 -9.178503 0.826812  1.473120 1.855075 -0.198639
27  6.027513 -0.000259 -0.000221  1.520730 0.754736 -0.708481
28  11.691992 0.000161 0.000857  0.141449 0.000072 -1.836665
29  11.479355 -0.000861 0.000954  -1.142790 0.380466 0.885558
30  3.859437 -0.132758 1.193066  0.469647 -0.013262 -1.872395
31  1.312559 0.000026 -0.000001  0.024060 -0.138696 -0.550187
32  0.729344 0.000065 -0.000026  -0.166197 -0.081570 -0.714272
33  3.942046 0.050139 0.431001  0.225309 -0.086237 -1.592712
34  1.539096 0.000005 -0.000001  0.035254 -0.050373 -0.994350
35  1.196300 0.000078 -0.000003  -0.021521 0.002175 -0.839738
36  3.883414 -0.050472 -0.431084  0.184824 -0.271737 -1.204030
37  1.719563 -0.000085 -0.000005  0.022859 -0.107186 -1.509108
38  1.209198 0.000035 0.000012  0.000661 0.071072 -0.480462
39  3.859588 -0.149083 -1.331320  -0.104061 -0.070249 -0.272073
40  1.719415 -0.000098 -0.000035  -0.013177 0.003907 -1.203491
41  1.099674 0.000021 0.000007  -0.005887 -0.007993 -0.771205
42  0.805984 -0.359848 -1.318338  0.991670 0.166767 -0.799527
43  1.789780 -0.000008 -0.000043  0.000058 -0.002451 0.133098
44  1.206996 -0.000007 0.000005  0.000372 -0.000071 1.058780
45  5.740571 0.000079 0.000721  0.172460 -0.000014 0.000028
46  11.480814 -0.000098 0.000936  0.056555 0.082971 0.145456
47  6.027515 -0.000273 -0.000230  -0.910498 -0.520836 -1.709520
48  -0.000000 11.691973 -0.000005  -1.227263 0.672038 0.920661
49  0.000002 -0.000002 0.000001  2.413977 -0.000036 1.570860
50  -0.000006 -0.000014 0.000005  2.272645 -0.000036 1.570861
51  -3.422328 -3.805365 -6.854754  -0.078012 -2.996716 1.465737
52  0.000000 -0.000000 0.000000  0.008153 -0.000259 0.000009
53  0.000000 -0.000000 0.000001  1.565115 0.043565 -0.106862
54  -0.363791 -15.867239 -5.623037  -0.755929 -0.139050 -1.950540
55  -0.000001 -0.000000 0.000000  0.000000 -0.000001 -0.000002
56  0.000029 0.000028 0.000002  -1.571901 -0.044449 -0.106509
57  5.185302 -16.056248 -16.646038  1.570796 -0.000000 0.000000
58  -15.417985 4.000748 -22.641926  1.570796 -0.000000 0.000000
59  2.236387 -0.189356 -5.037201  1.570796 -0.000000 0.000000
60  -0.004311 0.001230 -0.000371  0.006898 -0.005534 -0.284229
61  0.826810 10.209643 -4.879054  1.570796 -0.000000 0.000000
62  0.000000 0.000000 0.000000  -0.078727 -3.136056 0.284226
63  -2.240596 -3.247336 -0.249455  1.570796 -0.000000 0.000000
64  -2.287624 -8.249615 -1.349235  1.570796 0.000000 0.000000
65  0.002681 -3.204031 0.621196  0.000000 -0.000000 0.000000
66  0.048105 -1.112260 5.803837  0.000000 -0.000000 0.000000
67  -1.184782 0.539746 -0.284904  0.000000 -0.000000 0.000000
68  0.047884 -1.610073 21.020466  0.000000 -0.000000 0.000000
69  0.047881 -3.319714 2.472855  0.000000 -0.000000 0.000000
70  0.172180 -2.040368 3.568007  0.000000 -0.000000 0.000000
71  0.654947 -2.537531 2.477230  0.000000 -0.000000 0.000000
72  -2.285144 -12.956001 -5.446409  1.570796 0.000000 0.000000
73  0.017809 1.799356 -0.402361  0.000000 -0.000000 0.000000
74  -2.285144 -12.956001 -5.446409  1.570796 0.000000 0.000000
75  0.031323 2.100358 -1.138380  0.000000 -0.000000 0.000000
76  -0.024051 1.849582 -1.138377  0.000000 -0.000000 0.000000
time 60
0  0.000006 0.000000 0.000000  -1.570800 -1.391899 -1.570792
1  -4.921969 1.082092 2.232071  -1.544956 -1.855077 -0.198630
2  6.027524 -0.000323 0.000190  -0.747182 -0.995446 -1.552695
3  11.692107 0.000645 -0.000740  -0.890211 -0.000018 -1.391952
4  11.479911 0.000229 -0.000885  1.225960 -0.603154 0.357879
5  3.859502 -0.142824 -1.192079  -0.573871 -0.316762 -1.795817
6  1.312591 0.000009 0.000007  -0.135121 -0.003384 -0.178728
7  0.729354 0.000055 0.000049  -0.006155 -0.010667 -0.248915
8  3.942140 0.046330 -0.431542  -0.497018 0.100803 -1.231861
9  1.539110 0.000083 0.000004  -0.000382 -0.119364 -0.902013
10  1.196330 0.000145 0.000028  0.012615 0.002795 -0.535714
11  3.883509 -0.047213 0.431351  -0.283712 0.421834 -0.633459
12  1.719573 -0.000029 0.000017  0.057360 -0.144594 -1.427911
13  1.209179 0.000089 0.000011  -0.003667 -0.003000 -0.405259
14  4.085234 -0.082653 1.151009  0.076971 0.573771 0.038997
15  1.719450 -0.000017 0.000029  0.015664 -0.064932 -0.867211
16  1.099675 0.000049 0.000006  -0.075642 0.030056 -1.536734
17  0.869860 -1.165528 1.469023  -1.184630 -0.527540 -0.152316
18  1.789820 -0.000003 -0.000018  0.000001 -0.000026 0.636398
19  1.207013 -0.000013 -0.000044  0.000006 -0.000006 -0.137935
20  5.740637 0.000389 -0.000702  -0.108229 0.000003 0.000064
21  11.480989 0.000223 -0.000831  -0.042733 -0.108608 0.037758
22  6.027524 -0.000330 0.000200  1.600190 -0.574767 1.534864
23  -0.000001 11.692100 -0.000007  -0.965049 -0.417379 -0.768316
24  0.000003 0.000008 0.000001  -0.021116 -0.000031 1.570738
25  -0.000000 -0.000012 0.000001  0.868960 0.000002 1.570712
26  -6.617934 -9.178503 0.826812  1.473120 1.855075 -0.198639
27  6.027513 -0.000259 -0.000221  1.520730 0.754736 -0.708481
28  11.691992 0.000161 0.000857  0.141449 0.000072 -1.836665
29  11.479355 -0.000861 0.000954  -1.142790 0.380466 0.885558
30  3.859437 -0.132758 1.193066  0.469647 -0.013262 -1.872395
31  1.312559 0.000026 -0.000001  0.024060 -0.138696 -0.550187
32  0.729344 0.000065 -0.000026  -0.166197 -0.081570 -0.714272
33  3.942046 0.050139 0.431001  0.225309 -0.086237 -1.592712
34  1.539096 0.000005 -0.000001  0.035254 -0.050373 -0.994350
35  1.196300 0.000078 -0.000003  -0.021521 0.002175 -0.839738
36  3.883414 -0.050472 -0.431084  0.184824 -0.271737 -1.204030
37  1.719563 -0.000085 -0.000005  0.022859 -0.107186 -1.509108
38  1.209198 0.000035 0.000012  0.000661 0.071072 -0.480462
39  3.859588 -0.149083 -1.331320  -0.104061 -0.070249 -0.272073
40  1.719415 -0.000098 -0.000035  -0.013177 0.003907 -1.203491
41  1.099674 0.000021 0.000007  -0.005887 -0.007993 -0.771205
42  0.805984 -0.359848 -1.318338  0.991670 0.166767 -0.799527
43  1.789780 -0.000008 -0.000043  0.000058 -0.002451 0.133098
44  1.206996 -0.000007 0.000005  0.000372 -0.000071 1.058780
45  5.740571 0.000079 0.000721  0.172460 -0.000014 0.000028
46  11.480814 -0.000098 0.000936  0.056555 0.082971 0.145456
47  6.027515 -0.000273 -0.000230  -0.910498 -0.520836 -1.709520
48  -0.000000 11.691973 -0.000005  -1.227263 0.672038 0.920661
49  0.000002 -0.000002 0.000001  2.413977 -0.000036 1.570860
50  -0.000006 -0.000014 0.000005  2.272645 -0.000036 1.570861
51  -3.422328 -3.805365 -6.854754  -0.078012 -2.996716 1.465737
52  0.000000 -0.000000 0.000000  0.008153 -0.000259 0.000009
53  0.000000 -0.000000 0.000001  1.565115 0.043565 -0.106862
54  -0.363791 -15.867239 -5.623037  -0.755929 -0.139050 -1.950540
55  -0.000001 -0.000000 0.000000  0.000000 -0.000001 -0.000002
56  0.000029 0.000028 0.000002  -1.571901 -0.044449 -0.106509
57  5.185302 -16.056248 -16.646038  1.570796 -0.000000 0.000000
58  -15.417985 4.000748 -22.641926  1.570796 -0.000000 0.000000
59  2.236387 -0.189356 -5.037201  1.570796 -0.000000 0.000000
60  -0.004311 0.001230 -0.000371  0.006898 -0.005534 -0.284229
61  0.826810 10.209643 -4.879054  1.570796 -0.000000 0.000000
62  0.000000 0.000000 0.000000  -0.078727 -3.136056 0.284226
63  -2.240596 -3.247336 -0.249455  1.570796 -0.000000 0.000000
64  -2.287624 -8.249615 -1.349235  1.570796 0.000000 0.000000
65  0.002681 -3.204031 0.621196  0.000000 -0.000000 0.000000
66  0.048105 -1.112260 5.803837  0.000000 -0.000000 0.000000
67  -1.184782 0.539746 -0.284904  0.000000 -0.000000 0.000000
68  0.047884 -1.610073 21.020466  0.000000 -0.000000 0.000000
69  0.047881 -3.319714 2.472855  0.000000 -0.000000 0.000000
70  0.172180 -2.040368 3.568007  0.000000 -0.000000 0.000000
71  0.654947 -2.537531 2.477230  0.000000 -0.000000 0.000000
72  -2.285144 -12.956001 -5.446409  1.570796 0.000000 0.000000
73  0.017809 1.799356 -0.402361  0.000000 -0.000000 0.000000
74  -2.285144 -12.956001 -5.446409  1.570796 0.000000 0.000000
75  0.031323 2.100358 -1.138380  0.000000 -0.000000 0.000000
76  -0.024051 1.849582 -1.138377  0.000000 -0.000000 0.000000
time 61
0  0.000006 0.000000 0.000000  -1.570800 -1.391899 -1.570792
1  -4.921969 1.082092 2.232071  -1.544956 -1.855077 -0.198630
2  6.027524 -0.000323 0.000190  -0.747182 -0.995446 -1.552695
3  11.692107 0.000645 -0.000740  -0.890211 -0.000018 -1.391952
4  11.479911 0.000229 -0.000885  1.225960 -0.603154 0.357879
5  3.859502 -0.142824 -1.192079  -0.573871 -0.316762 -1.795817
6  1.312591 0.000009 0.000007  -0.135121 -0.003384 -0.178728
7  0.729354 0.000055 0.000049  -0.006155 -0.010667 -0.248915
8  3.942140 0.046330 -0.431542  -0.497018 0.100803 -1.231861
9  1.539110 0.000083 0.000004  -0.000382 -0.119364 -0.902013
10  1.196330 0.000145 0.000028  0.012615 0.002795 -0.535714
11  3.883509 -0.047213 0.431351  -0.283712 0.421834 -0.633459
12  1.719573 -0.000029 0.000017  0.057360 -0.144594 -1.427911
13  1.209179 0.000089 0.000011  -0.003667 -0.003000 -0.405259
14  4.085234 -0.082653 1.151009  0.076971 0.573771 0.038997
15  1.719450 -0.000017 0.000029  0.015664 -0.064932 -0.867211
16  1.099675 0.000049 0.000006  -0.075642 0.030056 -1.536734
17  0.869860 -1.165528 1.469023  -1.184630 -0.527540 -0.152316
18  1.789820 -0.000003 -0.000018  0.000001 -0.000026 0.636398
19  1.207013 -0.000013 -0.000044  0.000006 -0.000006 -0.137935
20  5.740637 0.000389 -0.000702  -0.108229 0.000003 0.000064
21  11.480989 0.000223 -0.000831  -0.042733 -0.108608 0.037758
22  6.027524 -0.000330 0.000200  1.600190 -0.574767 1.534864
23  -0.000001 11.692100 -0.000007  -0.965049 -0.417379 -0.768316
24  0.000003 0.000008 0.000001  -0.021116 -0.000031 1.570738
25  -0.000000 -0.000012 0.000001  0.868960 0.000002 1.570712
26  -6.617934 -9.178503 0.826812  1.473120 1.855075 -0.198639
27  6.027513 -0.000259 -0.000221  1.520730 0.754736 -0.708481
28  11.691992 0.000161 0.000857  0.141449 0.000072 -1.836665
29  11.479355 -0.000861 0.000954  -1.142790 0.380466 0.885558
30  3.859437 -0.132758 1.193066  0.469647 -0.013262 -1.872395
31  1.312559 0.000026 -0.000001  0.024060 -0.138696 -0.550187
32  0.729344 0.000065 -0.000026  -0.166197 -0.081570 -0.714272
33  3.942046 0.050139 0.431001  0.225309 -0.086237 -1.592712
34  1.539096 0.000005 -0.000001  0.035254 -0.050373 -0.994350
35  1.196300 0.000078 -0.000003  -0.021521 0.002175 -0.839738
36  3.883414 -0.050472 -0.431084  0.184824 -0.271737 -1.204030
37  1.719563 -0.000085 -0.000005  0.022859 -0.107186 -1.509108
38  1.209198 0.000035 0.000012  0.000661 0.071072 -0.480462
39  3.859588 -0.149083 -1.331320  -0.104061 -0.070249 -0.272073
40  1.719415 -0.000098 -0.000035  -0.013177 0.003907 -1.203491
41  1.099674 0.000021 0.000007  -0.005887 -0.007993 -0.771205
42  0.805984 -0.359848 -1.318338  0.991670 0.166767 -0.799527
43  1.789780 -0.000008 -0.000043  0.000058 -0.002451 0.133098
44  1.206996 -0.000007 0.000005  0.000372 -0.000071 1.058780
45  5.740571 0.000079 0.000721  0.172460 -0.000014 0.000028
46  11.480814 -0.000098 0.000936  0.056555 0.082971 0.145456
47  6.027515 -0.000273 -0.000230  -0.910498 -0.520836 -1.709520
48  -0.000000 11.691973 -0.000005  -1.227263 0.672038 0.920661
49  0.000002 -0.000002 0.000001  2.413977 -0.000036 1.570860
50  -0.000006 -0.000014 0.000005  2.272645 -0.000036 1.570861
51  -3.422328 -3.805365 -6.854754  -0.078012 -2.996716 1.465737
52  0.000000 -0.000000 0.000000  0.008153 -0.000259 0.000009
53  0.000000 -0.000000 0.000001  1.565115 0.043565 -0.106862
54  -0.363791 -15.867239 -5.623037  -0.755929 -0.139050 -1.950540
55  -0.000001 -0.000000 0.000000  0.000000 -0.000001 -0.000002
56  0.000029 0.000028 0.000002  -1.571901 -0.044449 -0.106509
57  5.185302 -16.056248 -16.646038  1.570796 -0.000000 0.000000
58  -15.417985 4.000748 -22.641926  1.570796 -0.000000 0.000000
59  2.236387 -0.189356 -5.037201  1.570796 -0.000000 0.000000
60  -0.004311 0.001230 -0.000371  0.006898 -0.005534 -0.284229
61  0.826810 10.209643 -4.879054  1.570796 -0.000000 0.000000
62  0.000000 0.000000 0.000000  -0.078727 -3.136056 0.284226
63  -2.240596 -3.247336 -0.249455  1.570796 -0.000000 0.000000
64  -2.287624 -8.249615 -1.349235  1.570796 0.000000 0.000000
65  0.002681 -3.204031 0.621196  0.000000 -0.000000 0.000000
66  0.048105 -1.112260 5.803837  0.000000 -0.000000 0.000000
67  -1.184782 0.539746 -0.284904  0.000000 -0.000000 0.000000
68  0.047884 -1.610073 21.020466  0.000000 -0.000000 0.000000
69  0.047881 -3.319714 2.472855  0.000000 -0.000000 0.000000
70  0.172180 -2.040368 3.568007  0.000000 -0.000000 0.000000
71  0.654947 -2.537531 2.477230  0.000000 -0.000000 0.000000
72  -2.285144 -12.956001 -5.446409  1.570796 0.000000 0.000000
73  0.017809 1.799356 -0.402361  0.000000 -0.000000 0.000000
74  -2.285144 -12.956001 -5.446409  1.570796 0.000000 0.000000
75  0.031323 2.100358 -1.138380  0.000000 -0.000000 0.000000
76  -0.024051 1.849582 -1.138377  0.000000 -0.000000 0.000000
time 62
0  0.000006 0.000000 0.000000  -1.570800 -1.391899 -1.570792
1  -4.921969 1.082092 2.232071  -1.544956 -1.855077 -0.198630
2  6.027524 -0.000323 0.000190  -0.747182 -0.995446 -1.552695
3  11.692107 0.000645 -0.000740  -0.890211 -0.000018 -1.391952
4  11.479911 0.000229 -0.000885  1.225960 -0.603154 0.357879
5  3.859502 -0.142824 -1.192079  -0.573871 -0.316762 -1.795817
6  1.312591 0.000009 0.000007  -0.135121 -0.003384 -0.178728
7  0.729354 0.000055 0.000049  -0.006155 -0.010667 -0.248915
8  3.942140 0.046330 -0.431542  -0.497018 0.100803 -1.231861
9  1.539110 0.000083 0.000004  -0.000382 -0.119364 -0.902013
10  1.196330 0.000145 0.000028  0.012615 0.002795 -0.535714
11  3.883509 -0.047213 0.431351  -0.283712 0.421834 -0.633459
12  1.719573 -0.000029 0.000017  0.057360 -0.144594 -1.427911
13  1.209179 0.000089 0.000011  -0.003667 -0.003000 -0.405259
14  4.085234 -0.082653 1.151009  0.076971 0.573771 0.038997
15  1.719450 -0.000017 0.000029  0.015664 -0.064932 -0.867211
16  1.099675 0.000049 0.000006  -0.075642 0.030056 -1.536734
17  0.869860 -1.165528 1.469023  -1.184630 -0.527540 -0.152316
18  1.789820 -0.000003 -0.000018  0.000001 -0.000026 0.636398
19  1.207013 -0.000013 -0.000044  0.000006 -0.000006 -0.137935
20  5.740637 0.000389 -0.000702  -0.108229 0.000003 0.000064
21  11.480989 0.000223 -0.000831  -0.042733 -0.108608 0.037758
22  6.027524 -0.000330 0.000200  1.600190 -0.574767 1.534864
23  -0.000001 11.692100 -0.000007  -0.965049 -0.417379 -0.768316
24  0.000003 0.000008 0.000001  -0.021116 -0.000031 1.570738
25  -0.000000 -0.000012 0.000001  0.868960 0.000002 1.570712
26  -6.617934 -9.178503 0.826812  1.473120 1.855075 -0.198639
27  6.027513 -0.000259 -0.000221  1.520730 0.754736 -0.708481
28  11.691992 0.000161 0.000857  0.141449 0.000072 -1.836665
29  11.479355 -0.000861 0.000954  -1.142790 0.380466 0.885558
30  3.859437 -0.132758 1.193066  0.469647 -0.013262 -1.872395
31  1.312559 0.000026 -0.000001  0.024060 -0.138696 -0.550187
32  0.729344 0.000065 -0.000026  -0.166197 -0.081570 -0.714272
33  3.942046 0.050139 0.431001  0.225309 -0.086237 -1.592712
34  1.539096 0.000005 -0.000001  0.035254 -0.050373 -0.994350
35  1.196300 0.000078 -0.000003  -0.021521 0.002175 -0.839738
36  3.883414 -0.050472 -0.431084  0.184824 -0.271737 -1.204030
37  1.719563 -0.000085 -0.000005  0.022859 -0.107186 -1.509108
38  1.209198 0.000035 0.000012  0.000661 0.071072 -0.480462
39  3.859588 -0.149083 -1.331320  -0.104061 -0.070249 -0.272073
40  1.719415 -0.000098 -0.000035  -0.013177 0.003907 -1.203491
41  1.099674 0.000021 0.000007  -0.005887 -0.007993 -0.771205
42  0.805984 -0.359848 -1.318338  0.991670 0.166767 -0.799527
43  1.789780 -0.000008 -0.000043  0.000058 -0.002451 0.133098
44  1.206996 -0.000007 0.000005  0.000372 -0.000071 1.058780
45  5.740571 0.000079 0.000721  0.172460 -0.000014 0.000028
46  11.480814 -0.000098 0.000936  0.056555 0.082971 0.145456
47  6.027515 -0.000273 -0.000230  -0.910498 -0.520836 -1.709520
48  -0.000000 11.691973 -0.000005  -1.227263 0.672038 0.920661
49  0.000002 -0.000002 0.000001  2.413977 -0.000036 1.570860
50  -0.000006 -0.000014 0.000005  2.272645 -0.000036 1.570861
51  -3.422328 -3.805365 -6.854754  -0.078012 -2.996716 1.465737
52  0.000000 -0.000000 0.000000  0.008153 -0.000259 0.000009
53  0.000000 -0.000000 0.000001  1.565115 0.043565 -0.106862
54  -0.363791 -15.867239 -5.623037  -0.755929 -0.139050 -1.950540
55  -0.000001 -0.000000 0.000000  0.000000 -0.000001 -0.000002
56  0.000029 0.000028 0.000002  -1.571901 -0.044449 -0.106509
57  5.185302 -16.056248 -16.646038  1.570796 -0.000000 0.000000
58  -15.417985 4.000748 -22.641926  1.570796 -0.000000 0.000000
59  2.236387 -0.189356 -5.037201  1.570796 -0.000000 0.000000
60  -0.004311 0.001230 -0.000371  0.006898 -0.005534 -0.284229
61  0.826810 10.209643 -4.879054  1.570796 -0.000000 0.000000
62  0.000000 0.000000 0.000000  -0.078727 -3.136056 0.284226
63  -2.240596 -3.247336 -0.249455  1.570796 -0.000000 0.000000
64  -2.287624 -8.249615 -1.349235  1.570796 0.000000 0.000000
65  0.002681 -3.204031 0.621196  0.000000 -0.000000 0.000000
66  0.048105 -1.112260 5.803837  0.000000 -0.000000 0.000000
67  -1.184782 0.539746 -0.284904  0.000000 -0.000000 0.000000
68  0.047884 -1.610073 21.020466  0.000000 -0.000000 0.000000
69  0.047881 -3.319714 2.472855  0.000000 -0.000000 0.000000
70  0.172180 -2.040368 3.568007  0.000000 -0.000000 0.000000
71  0.654947 -2.537531 2.477230  0.000000 -0.000000 0.000000
72  -2.285144 -12.956001 -5.446409  1.570796 0.000000 0.000000
73  0.017809 1.799356 -0.402361  0.000000 -0.000000 0.000000
74  -2.285144 -12.956001 -5.446409  1.570796 0.000000 0.000000
75  0.031323 2.100358 -1.138380  0.000000 -0.000000 0.000000
76  -0.024051 1.849582 -1.138377  0.000000 -0.000000 0.000000
time 63
0  0.000006 0.000000 0.000000  -1.570800 -1.391899 -1.570792
1  -4.921969 1.082092 2.232071  -1.544956 -1.855077 -0.198630
2  6.027524 -0.000323 0.000190  -0.747182 -0.995446 -1.552695
3  11.692107 0.000645 -0.000740  -0.890211 -0.000018 -1.391952
4  11.479911 0.000229 -0.000885  1.225960 -0.603154 0.357879
5  3.859502 -0.142824 -1.192079  -0.573871 -0.316762 -1.795817
6  1.312591 0.000009 0.000007  -0.135121 -0.003384 -0.178728
7  0.729354 0.000055 0.000049  -0.006155 -0.010667 -0.248915
8  3.942140 0.046330 -0.431542  -0.497018 0.100803 -1.231861
9  1.539110 0.000083 0.000004  -0.000382 -0.119364 -0.902013
10  1.196330 0.000145 0.000028  0.012615 0.002795 -0.535714
11  3.883509 -0.047213 0.431351  -0.283712 0.421834 -0.633459
12  1.719573 -0.000029 0.000017  0.057360 -0.144594 -1.427911
13  1.209179 0.000089 0.000011  -0.003667 -0.003000 -0.405259
14  4.085234 -0.082653 1.151009  0.076971 0.573771 0.038997
15  1.719450 -0.000017 0.000029  0.015664 -0.064932 -0.867211
16  1.099675 0.000049 0.000006  -0.075642 0.030056 -1.536734
17  0.869860 -1.165528 1.469023  -1.184630 -0.527540 -0.152316
18  1.789820 -0.000003 -0.000018  0.000001 -0.000026 0.636398
19  1.207013 -0.000013 -0.000044  0.000006 -0.000006 -0.137935
20  5.740637 0.000389 -0.000702  -0.108229 0.000003 0.000064
21  11.480989 0.000223 -0.000831  -0.042733 -0.108608 0.037758
22  6.027524 -0.000330 0.000200  1.600190 -0.574767 1.534864
23  -0.000001 11.692100 -0.000007  -0.965049 -0.417379 -0.768316
24  0.000003 0.000008 0.000001  -0.021116 -0.000031 1.570738
25  -0.000000 -0.000012 0.000001  0.868960 0.000002 1.570712
26  -6.617934 -9.178503 0.826812  1.473120 1.855075 -0.198639
27  6.027513 -0.000259 -0.000221  1.520730 0.754736 -0.708481
28  11.691992 0.000161 0.000857  0.141449 0.000072 -1.836665
29  11.479355 -0.000861 0.000954  -1.142790 0.380466 0.885558
30  3.859437 -0.132758 1.193066  0.469647 -0.013262 -1.872395
31  1.312559 0.000026 -0.000001  0.024060 -0.138696 -0.550187
32  0.729344 0.000065 -0.000026  -0.166197 -0.081570 -0.714272
33  3.942046 0.050139 0.431001  0.225309 -0.086237 -1.592712
34  1.539096 0.000005 -0.000001  0.035254 -0.050373 -0.994350
35  1.196300 0.000078 -0.000003  -0.021521 0.002175 -0.839738
36  3.883414 -0.050472 -0.431084  0.184824 -0.271737 -1.204030
37  1.719563 -0.000085 -0.000005  0.022859 -0.107186 -1.509108
38  1.209198 0.000035 0.000012  0.000661 0.071072 -0.480462
39  3.859588 -0.149083 -1.331320  -0.104061 -0.070249 -0.272073
40  1.719415 -0.000098 -0.000035  -0.013177 0.003907 -1.203491
41  1.099674 0.000021 0.000007  -0.005887 -0.007993 -0.771205
42  0.805984 -0.359848 -1.318338  0.991670 0.166767 -0.799527
43  1.789780 -0.000008 -0.000043  0.000058 -0.002451 0.133098
44  1.206996 -0.000007 0.000005  0.000372 -0.000071 1.058780
45  5.740571 0.000079 0.000721  0.172460 -0.000014 0.000028
46  11.480814 -0.000098 0.000936  0.056555 0.082971 0.145456
47  6.027515 -0.000273 -0.000230  -0.910498 -0.520836 -1.709520
48  -0.000000 11.691973 -0.000005  -1.227263 0.672038 0.920661
49  0.000002 -0.000002 0.000001  2.413977 -0.000036 1.570860
50  -0.000006 -0.000014 0.000005  2.272645 -0.000036 1.570861
51  -3.422328 -3.805365 -6.854754  -0.078012 -2.996716 1.465737
52  0.000000 -0.000000 0.000000  0.008153 -0.000259 0.000009
53  0.000000 -0.000000 0.000001  1.565115 0.043565 -0.106862
54  -0.363791 -15.867239 -5.623037  -0.755929 -0.139050 -1.950540
55  -0.000001 -0.000000 0.000000  0.000000 -0.000001 -0.000002
56  0.000029 0.000028 0.000002  -1.571901 -0.044449 -0.106509
57  5.185302 -16.056248 -16.646038  1.570796 -0.000000 0.000000
58  -15.417985 4.000748 -22.641926  1.570796 -0.000000 0.000000
59  2.236387 -0.189356 -5.037201  1.570796 -0.000000 0.000000
60  -0.004311 0.001230 -0.000371  0.006898 -0.005534 -0.284229
61  0.826810 10.209643 -4.879054  1.570796 -0.000000 0.000000
62  0.000000 0.000000 0.000000  -0.078727 -3.136056 0.284226
63  -2.240596 -3.247336 -0.249455  1.570796 -0.000000 0.000000
64  -2.287624 -8.249615 -1.349235  1.570796 0.000000 0.000000
65  0.002681 -3.204031 0.621196  0.000000 -0.000000 0.000000
66  0.048105 -1.112260 5.803837  0.000000 -0.000000 0.000000
67  -1.184782 0.539746 -0.284904  0.000000 -0.000000 0.000000
68  0.047884 -1.610073 21.020466  0.000000 -0.000000 0.000000
69  0.047881 -3.319714 2.472855  0.000000 -0.000000 0.000000
70  0.172180 -2.040368 3.568007  0.000000 -0.000000 0.000000
71  0.654947 -2.537531 2.477230  0.000000 -0.000000 0.000000
72  -2.285144 -12.956001 -5.446409  1.570796 0.000000 0.000000
73  0.017809 1.799356 -0.402361  0.000000 -0.000000 0.000000
74  -2.285144 -12.956001 -5.446409  1.570796 0.000000 0.000000
75  0.031323 2.100358 -1.138380  0.000000 -0.000000 0.000000
76  -0.024051 1.849582 -1.138377  0.000000 -0.000000 0.000000
time 64
0  0.000006 0.000000 0.000000  -1.570800 -1.391899 -1.570792
1  -4.921969 1.082092 2.232071  -1.544956 -1.855077 -0.198630
2  6.027524 -0.000323 0.000190  -0.747182 -0.995446 -1.552695
3  11.692107 0.000645 -0.000740  -0.890211 -0.000018 -1.391952
4  11.479911 0.000229 -0.000885  1.225960 -0.603154 0.357879
5  3.859502 -0.142824 -1.192079  -0.573871 -0.316762 -1.795817
6  1.312591 0.000009 0.000007  -0.135121 -0.003384 -0.178728
7  0.729354 0.000055 0.000049  -0.006155 -0.010667 -0.248915
8  3.942140 0.046330 -0.431542  -0.497018 0.100803 -1.231861
9  1.539110 0.000083 0.000004  -0.000382 -0.119364 -0.902013
10  1.196330 0.000145 0.000028  0.012615 0.002795 -0.535714
11  3.883509 -0.047213 0.431351  -0.283712 0.421834 -0.633459
12  1.719573 -0.000029 0.000017  0.057360 -0.144594 -1.427911
13  1.209179 0.000089 0.000011  -0.003667 -0.003000 -0.405259
14  4.085234 -0.082653 1.151009  0.076971 0.573771 0.038997
15  1.719450 -0.000017 0.000029  0.015664 -0.064932 -0.867211
16  1.099675 0.000049 0.000006  -0.075642 0.030056 -1.536734
17  0.869860 -1.165528 1.469023  -1.184630 -0.527540 -0.152316
18  1.789820 -0.000003 -0.000018  0.000001 -0.000026 0.636398
19  1.207013 -0.000013 -0.000044  0.000006 -0.000006 -0.137935
20  5.740637 0.000389 -0.000702  -0.108229 0.000003 0.000064
21  11.480989 0.000223 -0.000831  -0.042733 -0.108608 0.037758
22  6.027524 -0.000330 0.000200  1.600190 -0.574767 1.534864
23  -0.000001 11.692100 -0.000007  -0.965049 -0.417379 -0.768316
24  0.000003 0.000008 0.000001  -0.021116 -0.000031 1.570738
25  -0.000000 -0.000012 0.000001  0.868960 0.000002 1.570712
26  -6.617934 -9.178503 0.826812  1.473120 1.855075 -0.198639
27  6.027513 -0.000259 -0.000221  1.520730 0.754736 -0.708481
28  11.691992 0.000161 0.000857  0.141449 0.000072 -1.836665
29  11.479355 -0.000861 0.000954  -1.142790 0.380466 0.885558
30  3.859437 -0.132758 1.193066  0.469647 -0.013262 -1.872395
31  1.312559 0.000026 -0.000001  0.024060 -0.138696 -0.550187
32  0.729344 0.000065 -0.000026  -0.166197 -0.081570 -0.714272
33  3.942046 0.050139 0.431001  0.225309 -0.086237 -1.592712
34  1.539096 0.000005 -0.000001  0.035254 -0.050373 -0.994350
35  1.196300 0.000078 -0.000003  -0.021521 0.002175 -0.839738
36  3.883414 -0.050472 -0.431084  0.184824 -0.271737 -1.204030
37  1.719563 -0.000085 -0.000005  0.022859 -0.107186 -1.509108
38  1.209198 0.000035 0.000012  0.000661 0.071072 -0.480462
39  3.859588 -0.149083 -1.331320  -0.104061 -0.070249 -0.272073
40  1.719415 -0.000098 -0.000035  -0.013177 0.003907 -1.203491
41  1.099674 0.000021 0.000007  -0.005887 -0.007993 -0.771205
42  0.805984 -0.359848 -1.318338  0.991670 0.166767 -0.799527
43  1.789780 -0.000008 -0.000043  0.000058 -0.002451 0.133098
44  1.206996 -0.000007 0.000005  0.000372 -0.000071 1.058780
45  5.740571 0.000079 0.000721  0.172460 -0.000014 0.000028
46  11.480814 -0.000098 0.000936  0.056555 0.082971 0.145456
47  6.027515 -0.000273 -0.000230  -0.910498 -0.520836 -1.709520
48  -0.000000 11.691973 -0.000005  -1.227263 0.672038 0.920661
49  0.000002 -0.000002 0.000001  2.413977 -0.000036 1.570860
50  -0.000006 -0.000014 0.000005  2.272645 -0.000036 1.570861
51  -3.422328 -3.805365 -6.854754  -0.078012 -2.996716 1.465737
52  0.000000 -0.000000 0.000000  0.008153 -0.000259 0.000009
53  0.000000 -0.000000 0.000001  1.565115 0.043565 -0.106862
54  -0.363791 -15.867239 -5.623037  -0.755929 -0.139050 -1.950540
55  -0.000001 -0.000000 0.000000  0.000000 -0.000001 -0.000002
56  0.000029 0.000028 0.000002  -1.571901 -0.044449 -0.106509
57  5.185302 -16.056248 -16.646038  1.570796 -0.000000 0.000000
58  -15.417985 4.000748 -22.641926  1.570796 -0.000000 0.000000
59  2.236387 -0.189356 -5.037201  1.570796 -0.000000 0.000000
60  -0.004311 0.001230 -0.000371  0.006898 -0.005534 -0.284229
61  0.826810 10.209643 -4.879054  1.570796 -0.000000 0.000000
62  0.000000 0.000000 0.000000  -0.078727 -3.136056 0.284226
63  -2.240596 -3.247336 -0.249455  1.570796 -0.000000 0.000000
64  -2.287624 -8.249615 -1.349235  1.570796 0.000000 0.000000
65  0.002681 -3.204031 0.621196  0.000000 -0.000000 0.000000
66  0.048105 -1.112260 5.803837  0.000000 -0.000000 0.000000
67  -1.184782 0.539746 -0.284904  0.000000 -0.000000 0.000000
68  0.047884 -1.610073 21.020466  0.000000 -0.000000 0.000000
69  0.047881 -3.319714 2.472855  0.000000 -0.000000 0.000000
70  0.172180 -2.040368 3.568007  0.000000 -0.000000 0.000000
71  0.654947 -2.537531 2.477230  0.000000 -0.000000 0.000000
72  -2.285144 -12.956001 -5.446409  1.570796 0.000000 0.000000
73  0.017809 1.799356 -0.402361  0.000000 -0.000000 0.000000
74  -2.285144 -12.956001 -5.446409  1.570796 0.000000 0.000000
75  0.031323 2.100358 -1.138380  0.000000 -0.000000 0.000000
76  -0.024051 1.849582 -1.138377  0.000000 -0.000000 0.000000
time 65
0  0.000006 0.000000 0.000000  -1.570800 -1.391899 -1.570792
1  -4.921969 1.082092 2.232071  -1.544956 -1.855077 -0.198630
2  6.027524 -0.000323 0.000190  -0.747182 -0.995446 -1.552695
3  11.692107 0.000645 -0.000740  -0.890211 -0.000018 -1.391952
4  11.479911 0.000229 -0.000885  1.225960 -0.603154 0.357879
5  3.859502 -0.142824 -1.192079  -0.573871 -0.316762 -1.795817
6  1.312591 0.000009 0.000007  -0.135121 -0.003384 -0.178728
7  0.729354 0.000055 0.000049  -0.006155 -0.010667 -0.248915
8  3.942140 0.046330 -0.431542  -0.497018 0.100803 -1.231861
9  1.539110 0.000083 0.000004  -0.000382 -0.119364 -0.902013
10  1.196330 0.000145 0.000028  0.012615 0.002795 -0.535714
11  3.883509 -0.047213 0.431351  -0.283712 0.421834 -0.633459
12  1.719573 -0.000029 0.000017  0.057360 -0.144594 -1.427911
13  1.209179 0.000089 0.000011  -0.003667 -0.003000 -0.405259
14  4.085234 -0.082653 1.151009  0.076971 0.573771 0.038997
15  1.719450 -0.000017 0.000029  0.015664 -0.064932 -0.867211
16  1.099675 0.000049 0.000006  -0.075642 0.030056 -1.536734
17  0.869860 -1.165528 1.469023  -1.184630 -0.527540 -0.152316
18  1.789820 -0.000003 -0.000018  0.000001 -0.000026 0.636398
19  1.207013 -0.000013 -0.000044  0.000006 -0.000006 -0.137935
20  5.740637 0.000389 -0.000702  -0.108229 0.000003 0.000064
21  11.480989 0.000223 -0.000831  -0.042733 -0.108608 0.037758
22  6.027524 -0.000330 0.000200  1.600190 -0.574767 1.534864
23  -0.000001 11.692100 -0.000007  -0.965049 -0.417379 -0.768316
24  0.000003 0.000008 0.000001  -0.021116 -0.000031 1.570738
25  -0.000000 -0.000012 0.000001  0.868960 0.000002 1.570712
26  -6.617934 -9.178503 0.826812  1.473120 1.855075 -0.198639
27  6.027513 -0.000259 -0.000221  1.520730 0.754736 -0.708481
28  11.691992 0.000161 0.000857  0.141449 0.000072 -1.836665
29  11.479355 -0.000861 0.000954  -1.142790 0.380466 0.885558
30  3.859437 -0.132758 1.193066  0.469647 -0.013262 -1.872395
31  1.312559 0.000026 -0.000001  0.024060 -0.138696 -0.550187
32  0.729344 0.000065 -0.000026  -0.166197 -0.081570 -0.714272
33  3.942046 0.050139 0.431001  0.225309 -0.086237 -1.592712
34  1.539096 0.000005 -0.000001  0.035254 -0.050373 -0.994350
35  1.196300 0.000078 -0.000003  -0.021521 0.002175 -0.839738
36  3.883414 -0.050472 -0.431084  0.184824 -0.271737 -1.204030
37  1.719563 -0.000085 -0.000005  0.022859 -0.107186 -1.509108
38  1.209198 0.000035 0.000012  0.000661 0.071072 -0.480462
39  3.859588 -0.149083 -1.331320  -0.104061 -0.070249 -0.272073
40  1.719415 -0.000098 -0.000035  -0.013177 0.003907 -1.203491
41  1.099674 0.000021 0.000007  -0.005887 -0.007993 -0.771205
42  0.805984 -0.359848 -1.318338  0.991670 0.166767 -0.799527
43  1.789780 -0.000008 -0.000043  0.000058 -0.002451 0.133098
44  1.206996 -0.000007 0.000005  0.000372 -0.000071 1.058780
45  5.740571 0.000079 0.000721  0.172460 -0.000014 0.000028
46  11.480814 -0.000098 0.000936  0.056555 0.082971 0.145456
47  6.027515 -0.000273 -0.000230  -0.910498 -0.520836 -1.709520
48  -0.000000 11.691973 -0.000005  -1.227263 0.672038 0.920661
49  0.000002 -0.000002 0.000001  2.413977 -0.000036 1.570860
50  -0.000006 -0.000014 0.000005  2.272645 -0.000036 1.570861
51  -3.422328 -3.805365 -6.854754  -0.078012 -2.996716 1.465737
52  0.000000 -0.000000 0.000000  0.008153 -0.000259 0.000009
53  0.000000 -0.000000 0.000001  1.565115 0.043565 -0.106862
54  -0.363791 -15.867239 -5.623037  -0.755929 -0.139050 -1.950540
55  -0.000001 -0.000000 0.000000  0.000000 -0.000001 -0.000002
56  0.000029 0.000028 0.000002  -1.571901 -0.044449 -0.106509
57  5.185302 -16.056248 -16.646038  1.570796 -0.000000 0.000000
58  -15.417985 4.000748 -22.641926  1.570796 -0.000000 0.000000
59  2.236387 -0.189356 -5.037201  1.570796 -0.000000 0.000000
60  -0.004311 0.001230 -0.000371  0.006898 -0.005534 -0.284229
61  0.826810 10.209643 -4.879054  1.570796 -0.000000 0.000000
62  0.000000 0.000000 0.000000  -0.078727 -3.136056 0.284226
63  -2.240596 -3.247336 -0.249455  1.570796 -0.000000 0.000000
64  -2.287624 -8.249615 -1.349235  1.570796 0.000000 0.000000
65  0.002681 -3.204031 0.621196  0.000000 -0.000000 0.000000
66  0.048105 -1.112260 5.803837  0.000000 -0.000000 0.000000
67  -1.184782 0.539746 -0.284904  0.000000 -0.000000 0.000000
68  0.047884 -1.610073 21.020466  0.000000 -0.000000 0.000000
69  0.047881 -3.319714 2.472855  0.000000 -0.000000 0.000000
70  0.172180 -2.040368 3.568007  0.000000 -0.000000 0.000000
71  0.654947 -2.537531 2.477230  0.000000 -0.000000 0.000000
72  -2.285144 -12.956001 -5.446409  1.570796 0.000000 0.000000
73  0.017809 1.799356 -0.402361  0.000000 -0.000000 0.000000
74  -2.285144 -12.956001 -5.446409  1.570796 0.000000 0.000000
75  0.031323 2.100358 -1.138380  0.000000 -0.000000 0.000000
76  -0.024051 1.849582 -1.138377  0.000000 -0.000000 0.000000
time 66
0  0.000006 0.000000 0.000000  -1.570800 -1.391899 -1.570792
1  -4.921969 1.082092 2.232071  -1.544956 -1.855077 -0.198630
2  6.027524 -0.000323 0.000190  -0.747182 -0.995446 -1.552695
3  11.692107 0.000645 -0.000740  -0.890211 -0.000018 -1.391952
4  11.479911 0.000229 -0.000885  1.225960 -0.603154 0.357879
5  3.859502 -0.142824 -1.192079  -0.573871 -0.316762 -1.795817
6  1.312591 0.000009 0.000007  -0.135121 -0.003384 -0.178728
7  0.729354 0.000055 0.000049  -0.006155 -0.010667 -0.248915
8  3.942140 0.046330 -0.431542  -0.497018 0.100803 -1.231861
9  1.539110 0.000083 0.000004  -0.000382 -0.119364 -0.902013
10  1.196330 0.000145 0.000028  0.012615 0.002795 -0.535714
11  3.883509 -0.047213 0.431351  -0.283712 0.421834 -0.633459
12  1.719573 -0.000029 0.000017  0.057360 -0.144594 -1.427911
13  1.209179 0.000089 0.000011  -0.003667 -0.003000 -0.405259
14  4.085234 -0.082653 1.151009  0.076971 0.573771 0.038997
15  1.719450 -0.000017 0.000029  0.015664 -0.064932 -0.867211
16  1.099675 0.000049 0.000006  -0.075642 0.030056 -1.536734
17  0.869860 -1.165528 1.469023  -1.184630 -0.527540 -0.152316
18  1.789820 -0.000003 -0.000018  0.000001 -0.000026 0.636398
19  1.207013 -0.000013 -0.000044  0.000006 -0.000006 -0.137935
20  5.740637 0.000389 -0.000702  -0.108229 0.000003 0.000064
21  11.480989 0.000223 -0.000831  -0.042733 -0.108608 0.037758
22  6.027524 -0.000330 0.000200  1.600190 -0.574767 1.534864
23  -0.000001 11.692100 -0.000007  -0.965049 -0.417379 -0.768316
24  0.000003 0.000008 0.000001  -0.021116 -0.000031 1.570738
25  -0.000000 -0.000012 0.000001  0.868960 0.000002 1.570712
26  -6.617934 -9.178503 0.826812  1.473120 1.855075 -0.198639
27  6.027513 -0.000259 -0.000221  1.520730 0.754736 -0.708481
28  11.691992 0.000161 0.000857  0.141449 0.000072 -1.836665
29  11.479355 -0.000861 0.000954  -1.142790 0.380466 0.885558
30  3.859437 -0.132758 1.193066  0.469647 -0.013262 -1.872395
31  1.312559 0.000026 -0.000001  0.024060 -0.138696 -0.550187
32  0.729344 0.000065 -0.000026  -0.166197 -0.081570 -0.714272
33  3.942046 0.050139 0.431001  0.225309 -0.086237 -1.592712
34  1.539096 0.000005 -0.000001  0.035254 -0.050373 -0.994350
35  1.196300 0.000078 -0.000003  -0.021521 0.002175 -0.839738
36  3.883414 -0.050472 -0.431084  0.184824 -0.271737 -1.204030
37  1.719563 -0.000085 -0.000005  0.022859 -0.107186 -1.509108
38  1.209198 0.000035 0.000012  0.000661 0.071072 -0.480462
39  3.859588 -0.149083 -1.331320  -0.104061 -0.070249 -0.272073
40  1.719415 -0.000098 -0.000035  -0.013177 0.003907 -1.203491
41  1.099674 0.000021 0.000007  -0.005887 -0.007993 -0.771205
42  0.805984 -0.359848 -1.318338  0.991670 0.166767 -0.799527
43  1.789780 -0.000008 -0.000043  0.000058 -0.002451 0.133098
44  1.206996 -0.000007 0.000005  0.000372 -0.000071 1.058780
45  5.740571 0.000079 0.000721  0.172460 -0.000014 0.000028
46  11.480814 -0.000098 0.000936  0.056555 0.082971 0.145456
47  6.027515 -0.000273 -0.000230  -0.910498 -0.520836 -1.709520
48  -0.000000 11.691973 -0.000005  -1.227263 0.672038 0.920661
49  0.000002 -0.000002 0.000001  2.413977 -0.000036 1.570860
50  -0.000006 -0.000014 0.000005  2.272645 -0.000036 1.570861
51  -3.422328 -3.805365 -6.854754  -0.078012 -2.996716 1.465737
52  0.000000 -0.000000 0.000000  0.008153 -0.000259 0.000009
53  0.000000 -0.000000 0.000001  1.565115 0.043565 -0.106862
54  -0.363791 -15.867239 -5.623037  -0.755929 -0.139050 -1.950540
55  -0.000001 -0.000000 0.000000  0.000000 -0.000001 -0.000002
56  0.000029 0.000028 0.000002  -1.571901 -0.044449 -0.106509
57  5.185302 -16.056248 -16.646038  1.570796 -0.000000 0.000000
58  -15.417985 4.000748 -22.641926  1.570796 -0.000000 0.000000
59  2.236387 -0.189356 -5.037201  1.570796 -0.000000 0.000000
60  -0.004311 0.001230 -0.000371  0.006898 -0.005534 -0.284229
61  0.826810 10.209643 -4.879054  1.570796 -0.000000 0.000000
62  0.000000 0.000000 0.000000  -0.078727 -3.136056 0.284226
63  -2.240596 -3.247336 -0.249455  1.570796 -0.000000 0.000000
64  -2.287624 -8.249615 -1.349235  1.570796 0.000000 0.000000
65  0.002681 -3.204031 0.621196  0.000000 -0.000000 0.000000
66  0.048105 -1.112260 5.803837  0.000000 -0.000000 0.000000
67  -1.184782 0.539746 -0.284904  0.000000 -0.000000 0.000000
68  0.047884 -1.610073 21.020466  0.000000 -0.000000 0.000000
69  0.047881 -3.319714 2.472855  0.000000 -0.000000 0.000000
70  0.172180 -2.040368 3.568007  0.000000 -0.000000 0.000000
71  0.654947 -2.537531 2.477230  0.000000 -0.000000 0.000000
72  -2.285144 -12.956001 -5.446409  1.570796 0.000000 0.000000
73  0.017809 1.799356 -0.402361  0.000000 -0.000000 0.000000
74  -2.285144 -12.956001 -5.446409  1.570796 0.000000 0.000000
75  0.031323 2.100358 -1.138380  0.000000 -0.000000 0.000000
76  -0.024051 1.849582 -1.138377  0.000000 -0.000000 0.000000
time 67
0  0.000006 0.000000 0.000000  -1.570800 -1.391899 -1.570792
1  -4.921969 1.082092 2.232071  -1.544956 -1.855077 -0.198630
2  6.027524 -0.000323 0.000190  -0.747182 -0.995446 -1.552695
3  11.692107 0.000645 -0.000740  -0.890211 -0.000018 -1.391952
4  11.479911 0.000229 -0.000885  1.225960 -0.603154 0.357879
5  3.859502 -0.142824 -1.192079  -0.573871 -0.316762 -1.795817
6  1.312591 0.000009 0.000007  -0.135121 -0.003384 -0.178728
7  0.729354 0.000055 0.000049  -0.006155 -0.010667 -0.248915
8  3.942140 0.046330 -0.431542  -0.497018 0.100803 -1.231861
9  1.539110 0.000083 0.000004  -0.000382 -0.119364 -0.902013
10  1.196330 0.000145 0.000028  0.012615 0.002795 -0.535714
11  3.883509 -0.047213 0.431351  -0.283712 0.421834 -0.633459
12  1.719573 -0.000029 0.000017  0.057360 -0.144594 -1.427911
13  1.209179 0.000089 0.000011  -0.003667 -0.003000 -0.405259
14  4.085234 -0.082653 1.151009  0.076971 0.573771 0.038997
15  1.719450 -0.000017 0.000029  0.015664 -0.064932 -0.867211
16  1.099675 0.000049 0.000006  -0.075642 0.030056 -1.536734
17  0.869860 -1.165528 1.469023  -1.184630 -0.527540 -0.152316
18  1.789820 -0.000003 -0.000018  0.000001 -0.000026 0.636398
19  1.207013 -0.000013 -0.000044  0.000006 -0.000006 -0.137935
20  5.740637 0.000389 -0.000702  -0.108229 0.000003 0.000064
21  11.480989 0.000223 -0.000831  -0.042733 -0.108608 0.037758
22  6.027524 -0.000330 0.000200  1.600190 -0.574767 1.534864
23  -0.000001 11.692100 -0.000007  -0.965049 -0.417379 -0.768316
24  0.000003 0.000008 0.000001  -0.021116 -0.000031 1.570738
25  -0.000000 -0.000012 0.000001  0.868960 0.000002 1.570712
26  -6.617934 -9.178503 0.826812  1.473120 1.855075 -0.198639
27  6.027513 -0.000259 -0.000221  1.520730 0.754736 -0.708481
28  11.691992 0.000161 0.000857  0.141449 0.000072 -1.836665
29  11.479355 -0.000861 0.000954  -1.142790 0.380466 0.885558
30  3.859437 -0.132758 1.193066  0.469647 -0.013262 -1.872395
31  1.312559 0.000026 -0.000001  0.024060 -0.138696 -0.550187
32  0.729344 0.000065 -0.000026  -0.166197 -0.081570 -0.714272
33  3.942046 0.050139 0.431001  0.225309 -0.086237 -1.592712
34  1.539096 0.000005 -0.000001  0.035254 -0.050373 -0.994350
35  1.196300 0.000078 -0.000003  -0.021521 0.002175 -0.839738
36  3.883414 -0.050472 -0.431084  0.184824 -0.271737 -1.204030
37  1.719563 -0.000085 -0.000005  0.022859 -0.107186 -1.509108
38  1.209198 0.000035 0.000012  0.000661 0.071072 -0.480462
39  3.859588 -0.149083 -1.331320  -0.104061 -0.070249 -0.272073
40  1.719415 -0.000098 -0.000035  -0.013177 0.003907 -1.203491
41  1.099674 0.000021 0.000007  -0.005887 -0.007993 -0.771205
42  0.805984 -0.359848 -1.318338  0.991670 0.166767 -0.799527
43  1.789780 -0.000008 -0.000043  0.000058 -0.002451 0.133098
44  1.206996 -0.000007 0.000005  0.000372 -0.000071 1.058780
45  5.740571 0.000079 0.000721  0.172460 -0.000014 0.000028
46  11.480814 -0.000098 0.000936  0.056555 0.082971 0.145456
47  6.027515 -0.000273 -0.000230  -0.910498 -0.520836 -1.709520
48  -0.000000 11.691973 -0.000005  -1.227263 0.672038 0.920661
49  0.000002 -0.000002 0.000001  2.413977 -0.000036 1.570860
50  -0.000006 -0.000014 0.000005  2.272645 -0.000036 1.570861
51  -3.422328 -3.805365 -6.854754  -0.078012 -2.996716 1.465737
52  0.000000 -0.000000 0.000000  0.008153 -0.000259 0.000009
53  0.000000 -0.000000 0.000001  1.565115 0.043565 -0.106862
54  -0.363791 -15.867239 -5.623037  -0.755929 -0.139050 -1.950540
55  -0.000001 -0.000000 0.000000  0.000000 -0.000001 -0.000002
56  0.000029 0.000028 0.000002  -1.571901 -0.044449 -0.106509
57  5.185302 -16.056248 -16.646038  1.570796 -0.000000 0.000000
58  -15.417985 4.000748 -22.641926  1.570796 -0.000000 0.000000
59  2.236387 -0.189356 -5.037201  1.570796 -0.000000 0.000000
60  -0.004311 0.001230 -0.000371  0.006898 -0.005534 -0.284229
61  0.826810 10.209643 -4.879054  1.570796 -0.000000 0.000000
62  0.000000 0.000000 0.000000  -0.078727 -3.136056 0.284226
63  -2.240596 -3.247336 -0.249455  1.570796 -0.000000 0.000000
64  -2.287624 -8.249615 -1.349235  1.570796 0.000000 0.000000
65  0.002681 -3.204031 0.621196  0.000000 -0.000000 0.000000
66  0.048105 -1.112260 5.803837  0.000000 -0.000000 0.000000
67  -1.184782 0.539746 -0.284904  0.000000 -0.000000 0.000000
68  0.047884 -1.610073 21.020466  0.000000 -0.000000 0.000000
69  0.047881 -3.319714 2.472855  0.000000 -0.000000 0.000000
70  0.172180 -2.040368 3.568007  0.000000 -0.000000 0.000000
71  0.654947 -2.537531 2.477230  0.000000 -0.000000 0.000000
72  -2.285144 -12.956001 -5.446409  1.570796 0.000000 0.000000
73  0.017809 1.799356 -0.402361  0.000000 -0.000000 0.000000
74  -2.285144 -12.956001 -5.446409  1.570796 0.000000 0.000000
75  0.031323 2.100358 -1.138380  0.000000 -0.000000 0.000000
76  -0.024051 1.849582 -1.138377  0.000000 -0.000000 0.000000
time 68
0  0.000006 0.000000 0.000000  -1.570800 -1.391899 -1.570792
1  -4.921969 1.082092 2.232071  -1.544956 -1.855077 -0.198630
2  6.027524 -0.000323 0.000190  -0.747182 -0.995446 -1.552695
3  11.692107 0.000645 -0.000740  -0.890211 -0.000018 -1.391952
4  11.479911 0.000229 -0.000885  1.225960 -0.603154 0.357879
5  3.859502 -0.142824 -1.192079  -0.573871 -0.316762 -1.795817
6  1.312591 0.000009 0.000007  -0.135121 -0.003384 -0.178728
7  0.729354 0.000055 0.000049  -0.006155 -0.010667 -0.248915
8  3.942140 0.046330 -0.431542  -0.497018 0.100803 -1.231861
9  1.539110 0.000083 0.000004  -0.000382 -0.119364 -0.902013
10  1.196330 0.000145 0.000028  0.012615 0.002795 -0.535714
11  3.883509 -0.047213 0.431351  -0.283712 0.421834 -0.633459
12  1.719573 -0.000029 0.000017  0.057360 -0.144594 -1.427911
13  1.209179 0.000089 0.000011  -0.003667 -0.003000 -0.405259
14  4.085234 -0.082653 1.151009  0.076971 0.573771 0.038997
15  1.719450 -0.000017 0.000029  0.015664 -0.064932 -0.867211
16  1.099675 0.000049 0.000006  -0.075642 0.030056 -1.536734
17  0.869860 -1.165528 1.469023  -1.184630 -0.527540 -0.152316
18  1.789820 -0.000003 -0.000018  0.000001 -0.000026 0.636398
19  1.207013 -0.000013 -0.000044  0.000006 -0.000006 -0.137935
20  5.740637 0.000389 -0.000702  -0.108229 0.000003 0.000064
21  11.480989 0.000223 -0.000831  -0.042733 -0.108608 0.037758
22  6.027524 -0.000330 0.000200  1.600190 -0.574767 1.534864
23  -0.000001 11.692100 -0.000007  -0.965049 -0.417379 -0.768316
24  0.000003 0.000008 0.000001  -0.021116 -0.000031 1.570738
25  -0.000000 -0.000012 0.000001  0.868960 0.000002 1.570712
26  -6.617934 -9.178503 0.826812  1.473120 1.855075 -0.198639
27  6.027513 -0.000259 -0.000221  1.520730 0.754736 -0.708481
28  11.691992 0.000161 0.000857  0.141449 0.000072 -1.836665
29  11.479355 -0.000861 0.000954  -1.142790 0.380466 0.885558
30  3.859437 -0.132758 1.193066  0.469647 -0.013262 -1.872395
31  1.312559 0.000026 -0.000001  0.024060 -0.138696 -0.550187
32  0.729344 0.000065 -0.000026  -0.166197 -0.081570 -0.714272
33  3.942046 0.050139 0.431001  0.225309 -0.086237 -1.592712
34  1.539096 0.000005 -0.000001  0.035254 -0.050373 -0.994350
35  1.196300 0.000078 -0.000003  -0.021521 0.002175 -0.839738
36  3.883414 -0.050472 -0.431084  0.184824 -0.271737 -1.204030
37  1.719563 -0.000085 -0.000005  0.022859 -0.107186 -1.509108
38  1.209198 0.000035 0.000012  0.000661 0.071072 -0.480462
39  3.859588 -0.149083 -1.331320  -0.104061 -0.070249 -0.272073
40  1.719415 -0.000098 -0.000035  -0.013177 0.003907 -1.203491
41  1.099674 0.000021 0.000007  -0.005887 -0.007993 -0.771205
42  0.805984 -0.359848 -1.318338  0.991670 0.166767 -0.799527
43  1.789780 -0.000008 -0.000043  0.000058 -0.002451 0.133098
44  1.206996 -0.000007 0.000005  0.000372 -0.000071 1.058780
45  5.740571 0.000079 0.000721  0.172460 -0.000014 0.000028
46  11.480814 -0.000098 0.000936  0.056555 0.082971 0.145456
47  6.027515 -0.000273 -0.000230  -0.910498 -0.520836 -1.709520
48  -0.000000 11.691973 -0.000005  -1.227263 0.672038 0.920661
49  0.000002 -0.000002 0.000001  2.413977 -0.000036 1.570860
50  -0.000006 -0.000014 0.000005  2.272645 -0.000036 1.570861
51  -3.422328 -3.805365 -6.854754  -0.078012 -2.996716 1.465737
52  0.000000 -0.000000 0.000000  0.008153 -0.000259 0.000009
53  0.000000 -0.000000 0.000001  1.565115 0.043565 -0.106862
54  -0.363791 -15.867239 -5.623037  -0.755929 -0.139050 -1.950540
55  -0.000001 -0.000000 0.000000  0.000000 -0.000001 -0.000002
56  0.000029 0.000028 0.000002  -1.571901 -0.044449 -0.106509
57  5.185302 -16.056248 -16.646038  1.570796 -0.000000 0.000000
58  -15.417985 4.000748 -22.641926  1.570796 -0.000000 0.000000
59  2.236387 -0.189356 -5.037201  1.570796 -0.000000 0.000000
60  -0.004311 0.001230 -0.000371  0.006898 -0.005534 -0.284229
61  0.826810 10.209643 -4.879054  1.570796 -0.000000 0.000000
62  0.000000 0.000000 0.000000  -0.078727 -3.136056 0.284226
63  -2.240596 -3.247336 -0.249455  1.570796 -0.000000 0.000000
64  -2.287624 -8.249615 -1.349235  1.570796 0.000000 0.000000
65  0.002681 -3.204031 0.621196  0.000000 -0.000000 0.000000
66  0.048105 -1.112260 5.803837  0.000000 -0.000000 0.000000
67  -1.184782 0.539746 -0.284904  0.000000 -0.000000 0.000000
68  0.047884 -1.610073 21.020466  0.000000 -0.000000 0.000000
69  0.047881 -3.319714 2.472855  0.000000 -0.000000 0.000000
70  0.172180 -2.040368 3.568007  0.000000 -0.000000 0.000000
71  0.654947 -2.537531 2.477230  0.000000 -0.000000 0.000000
72  -2.285144 -12.956001 -5.446409  1.570796 0.000000 0.000000
73  0.017809 1.799356 -0.402361  0.000000 -0.000000 0.000000
74  -2.285144 -12.956001 -5.446409  1.570796 0.000000 0.000000
75  0.031323 2.100358 -1.138380  0.000000 -0.000000 0.000000
76  -0.024051 1.849582 -1.138377  0.000000 -0.000000 0.000000
time 69
0  0.000006 0.000000 0.000000  -1.570800 -1.391899 -1.570792
1  -4.921969 1.082092 2.232071  -1.544956 -1.855077 -0.198630
2  6.027524 -0.000323 0.000190  -0.747182 -0.995446 -1.552695
3  11.692107 0.000645 -0.000740  -0.890211 -0.000018 -1.391952
4  11.479911 0.000229 -0.000885  1.225960 -0.603154 0.357879
5  3.859502 -0.142824 -1.192079  -0.573871 -0.316762 -1.795817
6  1.312591 0.000009 0.000007  -0.135121 -0.003384 -0.178728
7  0.729354 0.000055 0.000049  -0.006155 -0.010667 -0.248915
8  3.942140 0.046330 -0.431542  -0.497018 0.100803 -1.231861
9  1.539110 0.000083 0.000004  -0.000382 -0.119364 -0.902013
10  1.196330 0.000145 0.000028  0.012615 0.002795 -0.535714
11  3.883509 -0.047213 0.431351  -0.283712 0.421834 -0.633459
12  1.719573 -0.000029 0.000017  0.057360 -0.144594 -1.427911
13  1.209179 0.000089 0.000011  -0.003667 -0.003000 -0.405259
14  4.085234 -0.082653 1.151009  0.076971 0.573771 0.038997
15  1.719450 -0.000017 0.000029  0.015664 -0.064932 -0.867211
16  1.099675 0.000049 0.000006  -0.075642 0.030056 -1.536734
17  0.869860 -1.165528 1.469023  -1.184630 -0.527540 -0.152316
18  1.789820 -0.000003 -0.000018  0.000001 -0.000026 0.636398
19  1.207013 -0.000013 -0.000044  0.000006 -0.000006 -0.137935
20  5.740637 0.000389 -0.000702  -0.108229 0.000003 0.000064
21  11.480989 0.000223 -0.000831  -0.042733 -0.108608 0.037758
22  6.027524 -0.000330 0.000200  1.600190 -0.574767 1.534864
23  -0.000001 11.692100 -0.000007  -0.965049 -0.417379 -0.768316
24  0.000003 0.000008 0.000001  -0.021116 -0.000031 1.570738
25  -0.000000 -0.000012 0.000001  0.868960 0.000002 1.570712
26  -6.617934 -9.178503 0.826812  1.473120 1.855075 -0.198639
27  6.027513 -0.000259 -0.000221  1.520730 0.754736 -0.708481
28  11.691992 0.000161 0.000857  0.141449 0.000072 -1.836665
29  11.479355 -0.000861 0.000954  -1.142790 0.380466 0.885558
30  3.859437 -0.132758 1.193066  0.469647 -0.013262 -1.872395
31  1.312559 0.000026 -0.000001  0.024060 -0.138696 -0.550187
32  0.729344 0.000065 -0.000026  -0.166197 -0.081570 -0.714272
33  3.942046 0.050139 0.431001  0.225309 -0.086237 -1.592712
34  1.539096 0.000005 -0.000001  0.035254 -0.050373 -0.994350
35  1.196300 0.000078 -0.000003  -0.021521 0.002175 -0.839738
36  3.883414 -0.050472 -0.431084  0.184824 -0.271737 -1.204030
37  1.719563 -0.000085 -0.000005  0.022859 -0.107186 -1.509108
38  1.209198 0.000035 0.000012  0.000661 0.071072 -0.480462
39  3.859588 -0.149083 -1.331320  -0.104061 -0.070249 -0.272073
40  1.719415 -0.000098 -0.000035  -0.013177 0.003907 -1.203491
41  1.099674 0.000021 0.000007  -0.005887 -0.007993 -0.771205
42  0.805984 -0.359848 -1.318338  0.991670 0.166767 -0.799527
43  1.789780 -0.000008 -0.000043  0.000058 -0.002451 0.133098
44  1.206996 -0.000007 0.000005  0.000372 -0.000071 1.058780
45  5.740571 0.000079 0.000721  0.172460 -0.000014 0.000028
46  11.480814 -0.000098 0.000936  0.056555 0.082971 0.145456
47  6.027515 -0.000273 -0.000230  -0.910498 -0.520836 -1.709520
48  -0.000000 11.691973 -0.000005  -1.227263 0.672038 0.920661
49  0.000002 -0.000002 0.000001  2.413977 -0.000036 1.570860
50  -0.000006 -0.000014 0.000005  2.272645 -0.000036 1.570861
51  -3.422328 -3.805365 -6.854754  -0.078012 -2.996716 1.465737
52  0.000000 -0.000000 0.000000  0.008153 -0.000259 0.000009
53  0.000000 -0.000000 0.000001  1.565115 0.043565 -0.106862
54  -0.363791 -15.867239 -5.623037  -0.755929 -0.139050 -1.950540
55  -0.000001 -0.000000 0.000000  0.000000 -0.000001 -0.000002
56  0.000029 0.000028 0.000002  -1.571901 -0.044449 -0.106509
57  5.185302 -16.056248 -16.646038  1.570796 -0.000000 0.000000
58  -15.417985 4.000748 -22.641926  1.570796 -0.000000 0.000000
59  2.236387 -0.189356 -5.037201  1.570796 -0.000000 0.000000
60  -0.004311 0.001230 -0.000371  0.006898 -0.005534 -0.284229
61  0.826810 10.209643 -4.879054  1.570796 -0.000000 0.000000
62  0.000000 0.000000 0.000000  -0.078727 -3.136056 0.284226
63  -2.240596 -3.247336 -0.249455  1.570796 -0.000000 0.000000
64  -2.287624 -8.249615 -1.349235  1.570796 0.000000 0.000000
65  0.002681 -3.204031 0.621196  0.000000 -0.000000 0.000000
66  0.048105 -1.112260 5.803837  0.000000 -0.000000 0.000000
67  -1.184782 0.539746 -0.284904  0.000000 -0.000000 0.000000
68  0.047884 -1.610073 21.020466  0.000000 -0.000000 0.000000
69  0.047881 -3.319714 2.472855  0.000000 -0.000000 0.000000
70  0.172180 -2.040368 3.568007  0.000000 -0.000000 0.000000
71  0.654947 -2.537531 2.477230  0.000000 -0.000000 0.000000
72  -2.285144 -12.956001 -5.446409  1.570796 0.000000 0.000000
73  0.017809 1.799356 -0.402361  0.000000 -0.000000 0.000000
74  -2.285144 -12.956001 -5.446409  1.570796 0.000000 0.000000
75  0.031323 2.100358 -1.138380  0.000000 -0.000000 0.000000
76  -0.024051 1.849582 -1.138377  0.000000 -0.000000 0.000000
time 70
0  0.000006 0.000000 0.000000  -1.570800 -1.391899 -1.570792
1  -4.921969 1.082092 2.232071  -1.544956 -1.855077 -0.198630
2  6.027524 -0.000323 0.000190  -0.747182 -0.995446 -1.552695
3  11.692107 0.000645 -0.000740  -0.890211 -0.000018 -1.391952
4  11.479911 0.000229 -0.000885  1.225960 -0.603154 0.357879
5  3.859502 -0.142824 -1.192079  -0.573871 -0.316762 -1.795817
6  1.312591 0.000009 0.000007  -0.135121 -0.003384 -0.178728
7  0.729354 0.000055 0.000049  -0.006155 -0.010667 -0.248915
8  3.942140 0.046330 -0.431542  -0.497018 0.100803 -1.231861
9  1.539110 0.000083 0.000004  -0.000382 -0.119364 -0.902013
10  1.196330 0.000145 0.000028  0.012615 0.002795 -0.535714
11  3.883509 -0.047213 0.431351  -0.283712 0.421834 -0.633459
12  1.719573 -0.000029 0.000017  0.057360 -0.144594 -1.427911
13  1.209179 0.000089 0.000011  -0.003667 -0.003000 -0.405259
14  4.085234 -0.082653 1.151009  0.076971 0.573771 0.038997
15  1.719450 -0.000017 0.000029  0.015664 -0.064932 -0.867211
16  1.099675 0.000049 0.000006  -0.075642 0.030056 -1.536734
17  0.869860 -1.165528 1.469023  -1.184630 -0.527540 -0.152316
18  1.789820 -0.000003 -0.000018  0.000001 -0.000026 0.636398
19  1.207013 -0.000013 -0.000044  0.000006 -0.000006 -0.137935
20  5.740637 0.000389 -0.000702  -0.108229 0.000003 0.000064
21  11.480989 0.000223 -0.000831  -0.042733 -0.108608 0.037758
22  6.027524 -0.000330 0.000200  1.600190 -0.574767 1.534864
23  -0.000001 11.692100 -0.000007  -0.965049 -0.417379 -0.768316
24  0.000003 0.000008 0.000001  -0.021116 -0.000031 1.570738
25  -0.000000 -0.000012 0.000001  0.868960 0.000002 1.570712
26  -6.617934 -9.178503 0.826812  1.473120 1.855075 -0.198639
27  6.027513 -0.000259 -0.000221  1.520730 0.754736 -0.708481
28  11.691992 0.000161 0.000857  0.141449 0.000072 -1.836665
29  11.479355 -0.000861 0.000954  -1.142790 0.380466 0.885558
30  3.859437 -0.132758 1.193066  0.469647 -0.013262 -1.872395
31  1.312559 0.000026 -0.000001  0.024060 -0.138696 -0.550187
32  0.729344 0.000065 -0.000026  -0.166197 -0.081570 -0.714272
33  3.942046 0.050139 0.431001  0.225309 -0.086237 -1.592712
34  1.539096 0.000005 -0.000001  0.035254 -0.050373 -0.994350
35  1.196300 0.000078 -0.000003  -0.021521 0.002175 -0.839738
36  3.883414 -0.050472 -0.431084  0.184824 -0.271737 -1.204030
37  1.719563 -0.000085 -0.000005  0.022859 -0.107186 -1.509108
38  1.209198 0.000035 0.000012  0.000661 0.071072 -0.480462
39  3.859588 -0.149083 -1.331320  -0.104061 -0.070249 -0.272073
40  1.719415 -0.000098 -0.000035  -0.013177 0.003907 -1.203491
41  1.099674 0.000021 0.000007  -0.005887 -0.007993 -0.771205
42  0.805984 -0.359848 -1.318338  0.991670 0.166767 -0.799527
43  1.789780 -0.000008 -0.000043  0.000058 -0.002451 0.133098
44  1.206996 -0.000007 0.000005  0.000372 -0.000071 1.058780
45  5.740571 0.000079 0.000721  0.172460 -0.000014 0.000028
46  11.480814 -0.000098 0.000936  0.056555 0.082971 0.145456
47  6.027515 -0.000273 -0.000230  -0.910498 -0.520836 -1.709520
48  -0.000000 11.691973 -0.000005  -1.227263 0.672038 0.920661
49  0.000002 -0.000002 0.000001  2.413977 -0.000036 1.570860
50  -0.000006 -0.000014 0.000005  2.272645 -0.000036 1.570861
51  -3.422328 -3.805365 -6.854754  -0.078012 -2.996716 1.465737
52  0.000000 -0.000000 0.000000  0.008153 -0.000259 0.000009
53  0.000000 -0.000000 0.000001  1.565115 0.043565 -0.106862
54  -0.363791 -15.867239 -5.623037  -0.755929 -0.139050 -1.950540
55  -0.000001 -0.000000 0.000000  0.000000 -0.000001 -0.000002
56  0.000029 0.000028 0.000002  -1.571901 -0.044449 -0.106509
57  5.185302 -16.056248 -16.646038  1.570796 -0.000000 0.000000
58  -15.417985 4.000748 -22.641926  1.570796 -0.000000 0.000000
59  2.236387 -0.189356 -5.037201  1.570796 -0.000000 0.000000
60  -0.004311 0.001230 -0.000371  0.006898 -0.005534 -0.284229
61  0.826810 10.209643 -4.879054  1.570796 -0.000000 0.000000
62  0.000000 0.000000 0.000000  -0.078727 -3.136056 0.284226
63  -2.240596 -3.247336 -0.249455  1.570796 -0.000000 0.000000
64  -2.287624 -8.249615 -1.349235  1.570796 0.000000 0.000000
65  0.002681 -3.204031 0.621196  0.000000 -0.000000 0.000000
66  0.048105 -1.112260 5.803837  0.000000 -0.000000 0.000000
67  -1.184782 0.539746 -0.284904  0.000000 -0.000000 0.000000
68  0.047884 -1.610073 21.020466  0.000000 -0.000000 0.000000
69  0.047881 -3.319714 2.472855  0.000000 -0.000000 0.000000
70  0.172180 -2.040368 3.568007  0.000000 -0.000000 0.000000
71  0.654947 -2.537531 2.477230  0.000000 -0.000000 0.000000
72  -2.285144 -12.956001 -5.446409  1.570796 0.000000 0.000000
73  0.017809 1.799356 -0.402361  0.000000 -0.000000 0.000000
74  -2.285144 -12.956001 -5.446409  1.570796 0.000000 0.000000
75  0.031323 2.100358 -1.138380  0.000000 -0.000000 0.000000
76  -0.024051 1.849582 -1.138377  0.000000 -0.000000 0.000000
time 71
0  0.000006 0.000000 0.000000  -1.570800 -1.391899 -1.570792
1  -4.921969 1.082092 2.232071  -1.544956 -1.855077 -0.198630
2  6.027524 -0.000323 0.000190  -0.747182 -0.995446 -1.552695
3  11.692107 0.000645 -0.000740  -0.890211 -0.000018 -1.391952
4  11.479911 0.000229 -0.000885  1.225960 -0.603154 0.357879
5  3.859502 -0.142824 -1.192079  -0.573871 -0.316762 -1.795817
6  1.312591 0.000009 0.000007  -0.135121 -0.003384 -0.178728
7  0.729354 0.000055 0.000049  -0.006155 -0.010667 -0.248915
8  3.942140 0.046330 -0.431542  -0.497018 0.100803 -1.231861
9  1.539110 0.000083 0.000004  -0.000382 -0.119364 -0.902013
10  1.196330 0.000145 0.000028  0.012615 0.002795 -0.535714
11  3.883509 -0.047213 0.431351  -0.283712 0.421834 -0.633459
12  1.719573 -0.000029 0.000017  0.057360 -0.144594 -1.427911
13  1.209179 0.000089 0.000011  -0.003667 -0.003000 -0.405259
14  4.085234 -0.082653 1.151009  0.076971 0.573771 0.038997
15  1.719450 -0.000017 0.000029  0.015664 -0.064932 -0.867211
16  1.099675 0.000049 0.000006  -0.075642 0.030056 -1.536734
17  0.869860 -1.165528 1.469023  -1.184630 -0.527540 -0.152316
18  1.789820 -0.000003 -0.000018  0.000001 -0.000026 0.636398
19  1.207013 -0.000013 -0.000044  0.000006 -0.000006 -0.137935
20  5.740637 0.000389 -0.000702  -0.108229 0.000003 0.000064
21  11.480989 0.000223 -0.000831  -0.042733 -0.108608 0.037758
22  6.027524 -0.000330 0.000200  1.600190 -0.574767 1.534864
23  -0.000001 11.692100 -0.000007  -0.965049 -0.417379 -0.768316
24  0.000003 0.000008 0.000001  -0.021116 -0.000031 1.570738
25  -0.000000 -0.000012 0.000001  0.868960 0.000002 1.570712
26  -6.617934 -9.178503 0.826812  1.473120 1.855075 -0.198639
27  6.027513 -0.000259 -0.000221  1.520730 0.754736 -0.708481
28  11.691992 0.000161 0.000857  0.141449 0.000072 -1.836665
29  11.479355 -0.000861 0.000954  -1.142790 0.380466 0.885558
30  3.859437 -0.132758 1.193066  0.469647 -0.013262 -1.872395
31  1.312559 0.000026 -0.000001  0.024060 -0.138696 -0.550187
32  0.729344 0.000065 -0.000026  -0.166197 -0.081570 -0.714272
33  3.942046 0.050139 0.431001  0.225309 -0.086237 -1.592712
34  1.539096 0.000005 -0.000001  0.035254 -0.050373 -0.994350
35  1.196300 0.000078 -0.000003  -0.021521 0.002175 -0.839738
36  3.883414 -0.050472 -0.431084  0.184824 -0.271737 -1.204030
37  1.719563 -0.000085 -0.000005  0.022859 -0.107186 -1.509108
38  1.209198 0.000035 0.000012  0.000661 0.071072 -0.480462
39  3.859588 -0.149083 -1.331320  -0.104061 -0.070249 -0.272073
40  1.719415 -0.000098 -0.000035  -0.013177 0.003907 -1.203491
41  1.099674 0.000021 0.000007  -0.005887 -0.007993 -0.771205
42  0.805984 -0.359848 -1.318338  0.991670 0.166767 -0.799527
43  1.789780 -0.000008 -0.000043  0.000058 -0.002451 0.133098
44  1.206996 -0.000007 0.000005  0.000372 -0.000071 1.058780
45  5.740571 0.000079 0.000721  0.172460 -0.000014 0.000028
46  11.480814 -0.000098 0.000936  0.056555 0.082971 0.145456
47  6.027515 -0.000273 -0.000230  -0.910498 -0.520836 -1.709520
48  -0.000000 11.691973 -0.000005  -1.227263 0.672038 0.920661
49  0.000002 -0.000002 0.000001  2.413977 -0.000036 1.570860
50  -0.000006 -0.000014 0.000005  2.272645 -0.000036 1.570861
51  -3.422328 -3.805365 -6.854754  -0.078012 -2.996716 1.465737
52  0.000000 -0.000000 0.000000  0.008153 -0.000259 0.000009
53  0.000000 -0.000000 0.000001  1.565115 0.043565 -0.106862
54  -0.363791 -15.867239 -5.623037  -0.755929 -0.139050 -1.950540
55  -0.000001 -0.000000 0.000000  0.000000 -0.000001 -0.000002
56  0.000029 0.000028 0.000002  -1.571901 -0.044449 -0.106509
57  5.185302 -16.056248 -16.646038  1.570796 -0.000000 0.000000
58  -15.417985 4.000748 -22.641926  1.570796 -0.000000 0.000000
59  2.236387 -0.189356 -5.037201  1.570796 -0.000000 0.000000
60  -0.004311 0.001230 -0.000371  0.006898 -0.005534 -0.284229
61  0.826810 10.209643 -4.879054  1.570796 -0.000000 0.000000
62  0.000000 0.000000 0.000000  -0.078727 -3.136056 0.284226
63  -2.240596 -3.247336 -0.249455  1.570796 -0.000000 0.000000
64  -2.287624 -8.249615 -1.349235  1.570796 0.000000 0.000000
65  0.002681 -3.204031 0.621196  0.000000 -0.000000 0.000000
66  0.048105 -1.112260 5.803837  0.000000 -0.000000 0.000000
67  -1.184782 0.539746 -0.284904  0.000000 -0.000000 0.000000
68  0.047884 -1.610073 21.020466  0.000000 -0.000000 0.000000
69  0.047881 -3.319714 2.472855  0.000000 -0.000000 0.000000
70  0.172180 -2.040368 3.568007  0.000000 -0.000000 0.000000
71  0.654947 -2.537531 2.477230  0.000000 -0.000000 0.000000
72  -2.285144 -12.956001 -5.446409  1.570796 0.000000 0.000000
73  0.017809 1.799356 -0.402361  0.000000 -0.000000 0.000000
74  -2.285144 -12.956001 -5.446409  1.570796 0.000000 0.000000
75  0.031323 2.100358 -1.138380  0.000000 -0.000000 0.000000
76  -0.024051 1.849582 -1.138377  0.000000 -0.000000 0.000000
time 72
0  0.000006 0.000000 0.000000  -1.570800 -1.391899 -1.570792
1  -4.921969 1.082092 2.232071  -1.544956 -1.855077 -0.198630
2  6.027524 -0.000323 0.000190  -0.747182 -0.995446 -1.552695
3  11.692107 0.000645 -0.000740  -0.890211 -0.000018 -1.391952
4  11.479911 0.000229 -0.000885  1.225960 -0.603154 0.357879
5  3.859502 -0.142824 -1.192079  -0.573871 -0.316762 -1.795817
6  1.312591 0.000009 0.000007  -0.135121 -0.003384 -0.178728
7  0.729354 0.000055 0.000049  -0.006155 -0.010667 -0.248915
8  3.942140 0.046330 -0.431542  -0.497018 0.100803 -1.231861
9  1.539110 0.000083 0.000004  -0.000382 -0.119364 -0.902013
10  1.196330 0.000145 0.000028  0.012615 0.002795 -0.535714
11  3.883509 -0.047213 0.431351  -0.283712 0.421834 -0.633459
12  1.719573 -0.000029 0.000017  0.057360 -0.144594 -1.427911
13  1.209179 0.000089 0.000011  -0.003667 -0.003000 -0.405259
14  4.085234 -0.082653 1.151009  0.076971 0.573771 0.038997
15  1.719450 -0.000017 0.000029  0.015664 -0.064932 -0.867211
16  1.099675 0.000049 0.000006  -0.075642 0.030056 -1.536734
17  0.869860 -1.165528 1.469023  -1.184630 -0.527540 -0.152316
18  1.789820 -0.000003 -0.000018  0.000001 -0.000026 0.636398
19  1.207013 -0.000013 -0.000044  0.000006 -0.000006 -0.137935
20  5.740637 0.000389 -0.000702  -0.108229 0.000003 0.000064
21  11.480989 0.000223 -0.000831  -0.042733 -0.108608 0.037758
22  6.027524 -0.000330 0.000200  1.600190 -0.574767 1.534864
23  -0.000001 11.692100 -0.000007  -0.965049 -0.417379 -0.768316
24  0.000003 0.000008 0.000001  -0.021116 -0.000031 1.570738
25  -0.000000 -0.000012 0.000001  0.868960 0.000002 1.570712
26  -6.617934 -9.178503 0.826812  1.473120 1.855075 -0.198639
27  6.027513 -0.000259 -0.000221  1.520730 0.754736 -0.708481
28  11.691992 0.000161 0.000857  0.141449 0.000072 -1.836665
29  11.479355 -0.000861 0.000954  -1.142790 0.380466 0.885558
30  3.859437 -0.132758 1.193066  0.469647 -0.013262 -1.872395
31  1.312559 0.000026 -0.000001  0.024060 -0.138696 -0.550187
32  0.729344 0.000065 -0.000026  -0.166197 -0.081570 -0.714272
33  3.942046 0.050139 0.431001  0.225309 -0.086237 -1.592712
34  1.539096 0.000005 -0.000001  0.035254 -0.050373 -0.994350
35  1.196300 0.000078 -0.000003  -0.021521 0.002175 -0.839738
36  3.883414 -0.050472 -0.431084  0.184824 -0.271737 -1.204030
37  1.719563 -0.000085 -0.000005  0.022859 -0.107186 -1.509108
38  1.209198 0.000035 0.000012  0.000661 0.071072 -0.480462
39  3.859588 -0.149083 -1.331320  -0.104061 -0.070249 -0.272073
40  1.719415 -0.000098 -0.000035  -0.013177 0.003907 -1.203491
41  1.099674 0.000021 0.000007  -0.005887 -0.007993 -0.771205
42  0.805984 -0.359848 -1.318338  0.991670 0.166767 -0.799527
43  1.789780 -0.000008 -0.000043  0.000058 -0.002451 0.133098
44  1.206996 -0.000007 0.000005  0.000372 -0.000071 1.058780
45  5.740571 0.000079 0.000721  0.172460 -0.000014 0.000028
46  11.480814 -0.000098 0.000936  0.056555 0.082971 0.145456
47  6.027515 -0.000273 -0.000230  -0.910498 -0.520836 -1.709520
48  -0.000000 11.691973 -0.000005  -1.227263 0.672038 0.920661
49  0.000002 -0.000002 0.000001  2.413977 -0.000036 1.570860
50  -0.000006 -0.000014 0.000005  2.272645 -0.000036 1.570861
51  -3.422328 -3.805365 -6.854754  -0.078012 -2.996716 1.465737
52  0.000000 -0.000000 0.000000  0.008153 -0.000259 0.000009
53  0.000000 -0.000000 0.000001  1.565115 0.043565 -0.106862
54  -0.363791 -15.867239 -5.623037  -0.755929 -0.139050 -1.950540
55  -0.000001 -0.000000 0.000000  0.000000 -0.000001 -0.000002
56  0.000029 0.000028 0.000002  -1.571901 -0.044449 -0.106509
57  5.185302 -16.056248 -16.646038  1.570796 -0.000000 0.000000
58  -15.417985 4.000748 -22.641926  1.570796 -0.000000 0.000000
59  2.236387 -0.189356 -5.037201  1.570796 -0.000000 0.000000
60  -0.004311 0.001230 -0.000371  0.006898 -0.005534 -0.284229
61  0.826810 10.209643 -4.879054  1.570796 -0.000000 0.000000
62  0.000000 0.000000 0.000000  -0.078727 -3.136056 0.284226
63  -2.240596 -3.247336 -0.249455  1.570796 -0.000000 0.000000
64  -2.287624 -8.249615 -1.349235  1.570796 0.000000 0.000000
65  0.002681 -3.204031 0.621196  0.000000 -0.000000 0.000000
66  0.048105 -1.112260 5.803837  0.000000 -0.000000 0.000000
67  -1.184782 0.539746 -0.284904  0.000000 -0.000000 0.000000
68  0.047884 -1.610073 21.020466  0.000000 -0.000000 0.000000
69  0.047881 -3.319714 2.472855  0.000000 -0.000000 0.000000
70  0.172180 -2.040368 3.568007  0.000000 -0.000000 0.000000
71  0.654947 -2.537531 2.477230  0.000000 -0.000000 0.000000
72  -2.285144 -12.956001 -5.446409  1.570796 0.000000 0.000000
73  0.017809 1.799356 -0.402361  0.000000 -0.000000 0.000000
74  -2.285144 -12.956001 -5.446409  1.570796 0.000000 0.000000
75  0.031323 2.100358 -1.138380  0.000000 -0.000000 0.000000
76  -0.024051 1.849582 -1.138377  0.000000 -0.000000 0.000000
time 73
0  0.000006 0.000000 0.000000  -1.570800 -1.391899 -1.570792
1  -4.921969 1.082092 2.232071  -1.544956 -1.855077 -0.198630
2  6.027524 -0.000323 0.000190  -0.747182 -0.995446 -1.552695
3  11.692107 0.000645 -0.000740  -0.890211 -0.000018 -1.391952
4  11.479911 0.000229 -0.000885  1.225960 -0.603154 0.357879
5  3.859502 -0.142824 -1.192079  -0.573871 -0.316762 -1.795817
6  1.312591 0.000009 0.000007  -0.135121 -0.003384 -0.178728
7  0.729354 0.000055 0.000049  -0.006155 -0.010667 -0.248915
8  3.942140 0.046330 -0.431542  -0.497018 0.100803 -1.231861
9  1.539110 0.000083 0.000004  -0.000382 -0.119364 -0.902013
10  1.196330 0.000145 0.000028  0.012615 0.002795 -0.535714
11  3.883509 -0.047213 0.431351  -0.283712 0.421834 -0.633459
12  1.719573 -0.000029 0.000017  0.057360 -0.144594 -1.427911
13  1.209179 0.000089 0.000011  -0.003667 -0.003000 -0.405259
14  4.085234 -0.082653 1.151009  0.076971 0.573771 0.038997
15  1.719450 -0.000017 0.000029  0.015664 -0.064932 -0.867211
16  1.099675 0.000049 0.000006  -0.075642 0.030056 -1.536734
17  0.869860 -1.165528 1.469023  -1.184630 -0.527540 -0.152316
18  1.789820 -0.000003 -0.000018  0.000001 -0.000026 0.636398
19  1.207013 -0.000013 -0.000044  0.000006 -0.000006 -0.137935
20  5.740637 0.000389 -0.000702  -0.108229 0.000003 0.000064
21  11.480989 0.000223 -0.000831  -0.042733 -0.108608 0.037758
22  6.027524 -0.000330 0.000200  1.600190 -0.574767 1.534864
23  -0.000001 11.692100 -0.000007  -0.965049 -0.417379 -0.768316
24  0.000003 0.000008 0.000001  -0.021116 -0.000031 1.570738
25  -0.000000 -0.000012 0.000001  0.868960 0.000002 1.570712
26  -6.617934 -9.178503 0.826812  1.473120 1.855075 -0.198639
27  6.027513 -0.000259 -0.000221  1.520730 0.754736 -0.708481
28  11.691992 0.000161 0.000857  0.141449 0.000072 -1.836665
29  11.479355 -0.000861 0.000954  -1.142790 0.380466 0.885558
30  3.859437 -0.132758 1.193066  0.469647 -0.013262 -1.872395
31  1.312559 0.000026 -0.000001  0.024060 -0.138696 -0.550187
32  0.729344 0.000065 -0.000026  -0.166197 -0.081570 -0.714272
33  3.942046 0.050139 0.431001  0.225309 -0.086237 -1.592712
34  1.539096 0.000005 -0.000001  0.035254 -0.050373 -0.994350
35  1.196300 0.000078 -0.000003  -0.021521 0.002175 -0.839738
36  3.883414 -0.050472 -0.431084  0.184824 -0.271737 -1.204030
37  1.719563 -0.000085 -0.000005  0.022859 -0.107186 -1.509108
38  1.209198 0.000035 0.000012  0.000661 0.071072 -0.480462
39  3.859588 -0.149083 -1.331320  -0.104061 -0.070249 -0.272073
40  1.719415 -0.000098 -0.000035  -0.013177 0.003907 -1.203491
41  1.099674 0.000021 0.000007  -0.005887 -0.007993 -0.771205
42  0.805984 -0.359848 -1.318338  0.991670 0.166767 -0.799527
43  1.789780 -0.000008 -0.000043  0.000058 -0.002451 0.133098
44  1.206996 -0.000007 0.000005  0.000372 -0.000071 1.058780
45  5.740571 0.000079 0.000721  0.172460 -0.000014 0.000028
46  11.480814 -0.000098 0.000936  0.056555 0.082971 0.145456
47  6.027515 -0.000273 -0.000230  -0.910498 -0.520836 -1.709520
48  -0.000000 11.691973 -0.000005  -1.227263 0.672038 0.920661
49  0.000002 -0.000002 0.000001  2.413977 -0.000036 1.570860
50  -0.000006 -0.000014 0.000005  2.272645 -0.000036 1.570861
51  -3.422328 -3.805365 -6.854754  -0.078012 -2.996716 1.465737
52  0.000000 -0.000000 0.000000  0.008153 -0.000259 0.000009
53  0.000000 -0.000000 0.000001  1.565115 0.043565 -0.106862
54  -0.363791 -15.867239 -5.623037  -0.755929 -0.139050 -1.950540
55  -0.000001 -0.000000 0.000000  0.000000 -0.000001 -0.000002
56  0.000029 0.000028 0.000002  -1.571901 -0.044449 -0.106509
57  5.185302 -16.056248 -16.646038  1.570796 -0.000000 0.000000
58  -15.417985 4.000748 -22.641926  1.570796 -0.000000 0.000000
59  2.236387 -0.189356 -5.037201  1.570796 -0.000000 0.000000
60  -0.004311 0.001230 -0.000371  0.006898 -0.005534 -0.284229
61  0.826810 10.209643 -4.879054  1.570796 -0.000000 0.000000
62  0.000000 0.000000 0.000000  -0.078727 -3.136056 0.284226
63  -2.240596 -3.247336 -0.249455  1.570796 -0.000000 0.000000
64  -2.287624 -8.249615 -1.349235  1.570796 0.000000 0.000000
65  0.002681 -3.204031 0.621196  0.000000 -0.000000 0.000000
66  0.048105 -1.112260 5.803837  0.000000 -0.000000 0.000000
67  -1.184782 0.539746 -0.284904  0.000000 -0.000000 0.000000
68  0.047884 -1.610073 21.020466  0.000000 -0.000000 0.000000
69  0.047881 -3.319714 2.472855  0.000000 -0.000000 0.000000
70  0.172180 -2.040368 3.568007  0.000000 -0.000000 0.000000
71  0.654947 -2.537531 2.477230  0.000000 -0.000000 0.000000
72  -2.285144 -12.956001 -5.446409  1.570796 0.000000 0.000000
73  0.017809 1.799356 -0.402361  0.000000 -0.000000 0.000000
74  -2.285144 -12.956001 -5.446409  1.570796 0.000000 0.000000
75  0.031323 2.100358 -1.138380  0.000000 -0.000000 0.000000
76  -0.024051 1.849582 -1.138377  0.000000 -0.000000 0.000000
time 74
0  0.000006 0.000000 0.000000  -1.570800 -1.391899 -1.570792
1  -4.921969 1.082092 2.232071  -1.544956 -1.855077 -0.198630
2  6.027524 -0.000323 0.000190  -0.747182 -0.995446 -1.552695
3  11.692107 0.000645 -0.000740  -0.890211 -0.000018 -1.391952
4  11.479911 0.000229 -0.000885  1.225960 -0.603154 0.357879
5  3.859502 -0.142824 -1.192079  -0.573871 -0.316762 -1.795817
6  1.312591 0.000009 0.000007  -0.135121 -0.003384 -0.178728
7  0.729354 0.000055 0.000049  -0.006155 -0.010667 -0.248915
8  3.942140 0.046330 -0.431542  -0.497018 0.100803 -1.231861
9  1.539110 0.000083 0.000004  -0.000382 -0.119364 -0.902013
10  1.196330 0.000145 0.000028  0.012615 0.002795 -0.535714
11  3.883509 -0.047213 0.431351  -0.283712 0.421834 -0.633459
12  1.719573 -0.000029 0.000017  0.057360 -0.144594 -1.427911
13  1.209179 0.000089 0.000011  -0.003667 -0.003000 -0.405259
14  4.085234 -0.082653 1.151009  0.076971 0.573771 0.038997
15  1.719450 -0.000017 0.000029  0.015664 -0.064932 -0.867211
16  1.099675 0.000049 0.000006  -0.075642 0.030056 -1.536734
17  0.869860 -1.165528 1.469023  -1.184630 -0.527540 -0.152316
18  1.789820 -0.000003 -0.000018  0.000001 -0.000026 0.636398
19  1.207013 -0.000013 -0.000044  0.000006 -0.000006 -0.137935
20  5.740637 0.000389 -0.000702  -0.108229 0.000003 0.000064
21  11.480989 0.000223 -0.000831  -0.042733 -0.108608 0.037758
22  6.027524 -0.000330 0.000200  1.600190 -0.574767 1.534864
23  -0.000001 11.692100 -0.000007  -0.965049 -0.417379 -0.768316
24  0.000003 0.000008 0.000001  -0.021116 -0.000031 1.570738
25  -0.000000 -0.000012 0.000001  0.868960 0.000002 1.570712
26  -6.617934 -9.178503 0.826812  1.473120 1.855075 -0.198639
27  6.027513 -0.000259 -0.000221  1.520730 0.754736 -0.708481
28  11.691992 0.000161 0.000857  0.141449 0.000072 -1.836665
29  11.479355 -0.000861 0.000954  -1.142790 0.380466 0.885558
30  3.859437 -0.132758 1.193066  0.469647 -0.013262 -1.872395
31  1.312559 0.000026 -0.000001  0.024060 -0.138696 -0.550187
32  0.729344 0.000065 -0.000026  -0.166197 -0.081570 -0.714272
33  3.942046 0.050139 0.431001  0.225309 -0.086237 -1.592712
34  1.539096 0.000005 -0.000001  0.035254 -0.050373 -0.994350
35  1.196300 0.000078 -0.000003  -0.021521 0.002175 -0.839738
36  3.883414 -0.050472 -0.431084  0.184824 -0.271737 -1.204030
37  1.719563 -0.000085 -0.000005  0.022859 -0.107186 -1.509108
38  1.209198 0.000035 0.000012  0.000661 0.071072 -0.480462
39  3.859588 -0.149083 -1.331320  -0.104061 -0.070249 -0.272073
40  1.719415 -0.000098 -0.000035  -0.013177 0.003907 -1.203491
41  1.099674 0.000021 0.000007  -0.005887 -0.007993 -0.771205
42  0.805984 -0.359848 -1.318338  0.991670 0.166767 -0.799527
43  1.789780 -0.000008 -0.000043  0.000058 -0.002451 0.133098
44  1.206996 -0.000007 0.000005  0.000372 -0.000071 1.058780
45  5.740571 0.000079 0.000721  0.172460 -0.000014 0.000028
46  11.480814 -0.000098 0.000936  0.056555 0.082971 0.145456
47  6.027515 -0.000273 -0.000230  -0.910498 -0.520836 -1.709520
48  -0.000000 11.691973 -0.000005  -1.227263 0.672038 0.920661
49  0.000002 -0.000002 0.000001  2.413977 -0.000036 1.570860
50  -0.000006 -0.000014 0.000005  2.272645 -0.000036 1.570861
51  -3.422328 -3.805365 -6.854754  -0.078012 -2.996716 1.465737
52  0.000000 -0.000000 0.000000  0.008153 -0.000259 0.000009
53  0.000000 -0.000000 0.000001  1.565115 0.043565 -0.106862
54  -0.363791 -15.867239 -5.623037  -0.755929 -0.139050 -1.950540
55  -0.000001 -0.000000 0.000000  0.000000 -0.000001 -0.000002
56  0.000029 0.000028 0.000002  -1.571901 -0.044449 -0.106509
57  5.185302 -16.056248 -16.646038  1.570796 -0.000000 0.000000
58  -15.417985 4.000748 -22.641926  1.570796 -0.000000 0.000000
59  2.236387 -0.189356 -5.037201  1.570796 -0.000000 0.000000
60  -0.004311 0.001230 -0.000371  0.006898 -0.005534 -0.284229
61  0.826810 10.209643 -4.879054  1.570796 -0.000000 0.000000
62  0.000000 0.000000 0.000000  -0.078727 -3.136056 0.284226
63  -2.240596 -3.247336 -0.249455  1.570796 -0.000000 0.000000
64  -2.287624 -8.249615 -1.349235  1.570796 0.000000 0.000000
65  0.002681 -3.204031 0.621196  0.000000 -0.000000 0.000000
66  0.048105 -1.112260 5.803837  0.000000 -0.000000 0.000000
67  -1.184782 0.539746 -0.284904  0.000000 -0.000000 0.000000
68  0.047884 -1.610073 21.020466  0.000000 -0.000000 0.000000
69  0.047881 -3.319714 2.472855  0.000000 -0.000000 0.000000
70  0.172180 -2.040368 3.568007  0.000000 -0.000000 0.000000
71  0.654947 -2.537531 2.477230  0.000000 -0.000000 0.000000
72  -2.285144 -12.956001 -5.446409  1.570796 0.000000 0.000000
73  0.017809 1.799356 -0.402361  0.000000 -0.000000 0.000000
74  -2.285144 -12.956001 -5.446409  1.570796 0.000000 0.000000
75  0.031323 2.100358 -1.138380  0.000000 -0.000000 0.000000
76  -0.024051 1.849582 -1.138377  0.000000 -0.000000 0.000000
time 75
0  0.000006 0.000000 0.000000  -1.570800 -1.391899 -1.570792
1  -4.921969 1.082092 2.232071  -1.544956 -1.855077 -0.198630
2  6.027524 -0.000323 0.000190  -0.747182 -0.995446 -1.552695
3  11.692107 0.000645 -0.000740  -0.890211 -0.000018 -1.391952
4  11.479911 0.000229 -0.000885  1.225960 -0.603154 0.357879
5  3.859502 -0.142824 -1.192079  -0.573871 -0.316762 -1.795817
6  1.312591 0.000009 0.000007  -0.135121 -0.003384 -0.178728
7  0.729354 0.000055 0.000049  -0.006155 -0.010667 -0.248915
8  3.942140 0.046330 -0.431542  -0.497018 0.100803 -1.231861
9  1.539110 0.000083 0.000004  -0.000382 -0.119364 -0.902013
10  1.196330 0.000145 0.000028  0.012615 0.002795 -0.535714
11  3.883509 -0.047213 0.431351  -0.283712 0.421834 -0.633459
12  1.719573 -0.000029 0.000017  0.057360 -0.144594 -1.427911
13  1.209179 0.000089 0.000011  -0.003667 -0.003000 -0.405259
14  4.085234 -0.082653 1.151009  0.076971 0.573771 0.038997
15  1.719450 -0.000017 0.000029  0.015664 -0.064932 -0.867211
16  1.099675 0.000049 0.000006  -0.075642 0.030056 -1.536734
17  0.869860 -1.165528 1.469023  -1.184630 -0.527540 -0.152316
18  1.789820 -0.000003 -0.000018  0.000001 -0.000026 0.636398
19  1.207013 -0.000013 -0.000044  0.000006 -0.000006 -0.137935
20  5.740637 0.000389 -0.000702  -0.108229 0.000003 0.000064
21  11.480989 0.000223 -0.000831  -0.042733 -0.108608 0.037758
22  6.027524 -0.000330 0.000200  1.600190 -0.574767 1.534864
23  -0.000001 11.692100 -0.000007  -0.965049 -0.417379 -0.768316
24  0.000003 0.000008 0.000001  -0.021116 -0.000031 1.570738
25  -0.000000 -0.000012 0.000001  0.868960 0.000002 1.570712
26  -6.617934 -9.178503 0.826812  1.473120 1.855075 -0.198639
27  6.027513 -0.000259 -0.000221  1.520730 0.754736 -0.708481
28  11.691992 0.000161 0.000857  0.141449 0.000072 -1.836665
29  11.479355 -0.000861 0.000954  -1.142790 0.380466 0.885558
30  3.859437 -0.132758 1.193066  0.469647 -0.013262 -1.872395
31  1.312559 0.000026 -0.000001  0.024060 -0.138696 -0.550187
32  0.729344 0.000065 -0.000026  -0.166197 -0.081570 -0.714272
33  3.942046 0.050139 0.431001  0.225309 -0.086237 -1.592712
34  1.539096 0.000005 -0.000001  0.035254 -0.050373 -0.994350
35  1.196300 0.000078 -0.000003  -0.021521 0.002175 -0.839738
36  3.883414 -0.050472 -0.431084  0.184824 -0.271737 -1.204030
37  1.719563 -0.000085 -0.000005  0.022859 -0.107186 -1.509108
38  1.209198 0.000035 0.000012  0.000661 0.071072 -0.480462
39  3.859588 -0.149083 -1.331320  -0.104061 -0.070249 -0.272073
40  1.719415 -0.000098 -0.000035  -0.013177 0.003907 -1.203491
41  1.099674 0.000021 0.000007  -0.005887 -0.007993 -0.771205
42  0.805984 -0.359848 -1.318338  0.991670 0.166767 -0.799527
43  1.789780 -0.000008 -0.000043  0.000058 -0.002451 0.133098
44  1.206996 -0.000007 0.000005  0.000372 -0.000071 1.058780
45  5.740571 0.000079 0.000721  0.172460 -0.000014 0.000028
46  11.480814 -0.000098 0.000936  0.056555 0.082971 0.145456
47  6.027515 -0.000273 -0.000230  -0.910498 -0.520836 -1.709520
48  -0.000000 11.691973 -0.000005  -1.227263 0.672038 0.920661
49  0.000002 -0.000002 0.000001  2.413977 -0.000036 1.570860
50  -0.000006 -0.000014 0.000005  2.272645 -0.000036 1.570861
51  -3.422328 -3.805365 -6.854754  -0.078012 -2.996716 1.465737
52  0.000000 -0.000000 0.000000  0.008153 -0.000259 0.000009
53  0.000000 -0.000000 0.000001  1.565115 0.043565 -0.106862
54  -0.363791 -15.867239 -5.623037  -0.755929 -0.139050 -1.950540
55  -0.000001 -0.000000 0.000000  0.000000 -0.000001 -0.000002
56  0.000029 0.000028 0.000002  -1.571901 -0.044449 -0.106509
57  5.185302 -16.056248 -16.646038  1.570796 -0.000000 0.000000
58  -15.417985 4.000748 -22.641926  1.570796 -0.000000 0.000000
59  2.236387 -0.189356 -5.037201  1.570796 -0.000000 0.000000
60  -0.004311 0.001230 -0.000371  0.006898 -0.005534 -0.284229
61  0.826810 10.209643 -4.879054  1.570796 -0.000000 0.000000
62  0.000000 0.000000 0.000000  -0.078727 -3.136056 0.284226
63  -2.240596 -3.247336 -0.249455  1.570796 -0.000000 0.000000
64  -2.287624 -8.249615 -1.349235  1.570796 0.000000 0.000000
65  0.002681 -3.204031 0.621196  0.000000 -0.000000 0.000000
66  0.048105 -1.112260 5.803837  0.000000 -0.000000 0.000000
67  -1.184782 0.539746 -0.284904  0.000000 -0.000000 0.000000
68  0.047884 -1.610073 21.020466  0.000000 -0.000000 0.000000
69  0.047881 -3.319714 2.472855  0.000000 -0.000000 0.000000
70  0.172180 -2.040368 3.568007  0.000000 -0.000000 0.000000
71  0.654947 -2.537531 2.477230  0.000000 -0.000000 0.000000
72  -2.285144 -12.956001 -5.446409  1.570796 0.000000 0.000000
73  0.017809 1.799356 -0.402361  0.000000 -0.000000 0.000000
74  -2.285144 -12.956001 -5.446409  1.570796 0.000000 0.000000
75  0.031323 2.100358 -1.138380  0.000000 -0.000000 0.000000
76  -0.024051 1.849582 -1.138377  0.000000 -0.000000 0.000000
time 76
0  0.000006 0.000000 0.000000  -1.570800 -1.391899 -1.570792
1  -4.921969 1.082092 2.232071  -1.544956 -1.855077 -0.198630
2  6.027524 -0.000323 0.000190  -0.747182 -0.995446 -1.552695
3  11.692107 0.000645 -0.000740  -0.890211 -0.000018 -1.391952
4  11.479911 0.000229 -0.000885  1.225960 -0.603154 0.357879
5  3.859502 -0.142824 -1.192079  -0.573871 -0.316762 -1.795817
6  1.312591 0.000009 0.000007  -0.135121 -0.003384 -0.178728
7  0.729354 0.000055 0.000049  -0.006155 -0.010667 -0.248915
8  3.942140 0.046330 -0.431542  -0.497018 0.100803 -1.231861
9  1.539110 0.000083 0.000004  -0.000382 -0.119364 -0.902013
10  1.196330 0.000145 0.000028  0.012615 0.002795 -0.535714
11  3.883509 -0.047213 0.431351  -0.283712 0.421834 -0.633459
12  1.719573 -0.000029 0.000017  0.057360 -0.144594 -1.427911
13  1.209179 0.000089 0.000011  -0.003667 -0.003000 -0.405259
14  4.085234 -0.082653 1.151009  0.076971 0.573771 0.038997
15  1.719450 -0.000017 0.000029  0.015664 -0.064932 -0.867211
16  1.099675 0.000049 0.000006  -0.075642 0.030056 -1.536734
17  0.869860 -1.165528 1.469023  -1.184630 -0.527540 -0.152316
18  1.789820 -0.000003 -0.000018  0.000001 -0.000026 0.636398
19  1.207013 -0.000013 -0.000044  0.000006 -0.000006 -0.137935
20  5.740637 0.000389 -0.000702  -0.108229 0.000003 0.000064
21  11.480989 0.000223 -0.000831  -0.042733 -0.108608 0.037758
22  6.027524 -0.000330 0.000200  1.600190 -0.574767 1.534864
23  -0.000001 11.692100 -0.000007  -0.965049 -0.417379 -0.768316
24  0.000003 0.000008 0.000001  -0.021116 -0.000031 1.570738
25  -0.000000 -0.000012 0.000001  0.868960 0.000002 1.570712
26  -6.617934 -9.178503 0.826812  1.473120 1.855075 -0.198639
27  6.027513 -0.000259 -0.000221  1.520730 0.754736 -0.708481
28  11.691992 0.000161 0.000857  0.141449 0.000072 -1.836665
29  11.479355 -0.000861 0.000954  -1.142790 0.380466 0.885558
30  3.859437 -0.132758 1.193066  0.469647 -0.013262 -1.872395
31  1.312559 0.000026 -0.000001  0.024060 -0.138696 -0.550187
32  0.729344 0.000065 -0.000026  -0.166197 -0.081570 -0.714272
33  3.942046 0.050139 0.431001  0.225309 -0.086237 -1.592712
34  1.539096 0.000005 -0.000001  0.035254 -0.050373 -0.994350
35  1.196300 0.000078 -0.000003  -0.021521 0.002175 -0.839738
36  3.883414 -0.050472 -0.431084  0.184824 -0.271737 -1.204030
37  1.719563 -0.000085 -0.000005  0.022859 -0.107186 -1.509108
38  1.209198 0.000035 0.000012  0.000661 0.071072 -0.480462
39  3.859588 -0.149083 -1.331320  -0.104061 -0.070249 -0.272073
40  1.719415 -0.000098 -0.000035  -0.013177 0.003907 -1.203491
41  1.099674 0.000021 0.000007  -0.005887 -0.007993 -0.771205
42  0.805984 -0.359848 -1.318338  0.991670 0.166767 -0.799527
43  1.789780 -0.000008 -0.000043  0.000058 -0.002451 0.133098
44  1.206996 -0.000007 0.000005  0.000372 -0.000071 1.058780
45  5.740571 0.000079 0.000721  0.172460 -0.000014 0.000028
46  11.480814 -0.000098 0.000936  0.056555 0.082971 0.145456
47  6.027515 -0.000273 -0.000230  -0.910498 -0.520836 -1.709520
48  -0.000000 11.691973 -0.000005  -1.227263 0.672038 0.920661
49  0.000002 -0.000002 0.000001  2.413977 -0.000036 1.570860
50  -0.000006 -0.000014 0.000005  2.272645 -0.000036 1.570861
51  -3.422328 -3.805365 -6.854754  -0.078012 -2.996716 1.465737
52  0.000000 -0.000000 0.000000  0.008153 -0.000259 0.000009
53  0.000000 -0.000000 0.000001  1.565115 0.043565 -0.106862
54  -0.363791 -15.867239 -5.623037  -0.755929 -0.139050 -1.950540
55  -0.000001 -0.000000 0.000000  0.000000 -0.000001 -0.000002
56  0.000029 0.000028 0.000002  -1.571901 -0.044449 -0.106509
57  5.185302 -16.056248 -16.646038  1.570796 -0.000000 0.000000
58  -15.417985 4.000748 -22.641926  1.570796 -0.000000 0.000000
59  2.236387 -0.189356 -5.037201  1.570796 -0.000000 0.000000
60  -0.004311 0.001230 -0.000371  0.006898 -0.005534 -0.284229
61  0.826810 10.209643 -4.879054  1.570796 -0.000000 0.000000
62  0.000000 0.000000 0.000000  -0.078727 -3.136056 0.284226
63  -2.240596 -3.247336 -0.249455  1.570796 -0.000000 0.000000
64  -2.287624 -8.249615 -1.349235  1.570796 0.000000 0.000000
65  0.002681 -3.204031 0.621196  0.000000 -0.000000 0.000000
66  0.048105 -1.112260 5.803837  0.000000 -0.000000 0.000000
67  -1.184782 0.539746 -0.284904  0.000000 -0.000000 0.000000
68  0.047884 -1.610073 21.020466  0.000000 -0.000000 0.000000
69  0.047881 -3.319714 2.472855  0.000000 -0.000000 0.000000
70  0.172180 -2.040368 3.568007  0.000000 -0.000000 0.000000
71  0.654947 -2.537531 2.477230  0.000000 -0.000000 0.000000
72  -2.285144 -12.956001 -5.446409  1.570796 0.000000 0.000000
73  0.017809 1.799356 -0.402361  0.000000 -0.000000 0.000000
74  -2.285144 -12.956001 -5.446409  1.570796 0.000000 0.000000
75  0.031323 2.100358 -1.138380  0.000000 -0.000000 0.000000
76  -0.024051 1.849582 -1.138377  0.000000 -0.000000 0.000000
time 77
0  0.000006 0.000000 0.000000  -1.570800 -1.391899 -1.570792
1  -4.921969 1.082092 2.232071  -1.544956 -1.855077 -0.198630
2  6.027524 -0.000323 0.000190  -0.747182 -0.995446 -1.552695
3  11.692107 0.000645 -0.000740  -0.890211 -0.000018 -1.391952
4  11.479911 0.000229 -0.000885  1.225960 -0.603154 0.357879
5  3.859502 -0.142824 -1.192079  -0.573871 -0.316762 -1.795817
6  1.312591 0.000009 0.000007  -0.135121 -0.003384 -0.178728
7  0.729354 0.000055 0.000049  -0.006155 -0.010667 -0.248915
8  3.942140 0.046330 -0.431542  -0.497018 0.100803 -1.231861
9  1.539110 0.000083 0.000004  -0.000382 -0.119364 -0.902013
10  1.196330 0.000145 0.000028  0.012615 0.002795 -0.535714
11  3.883509 -0.047213 0.431351  -0.283712 0.421834 -0.633459
12  1.719573 -0.000029 0.000017  0.057360 -0.144594 -1.427911
13  1.209179 0.000089 0.000011  -0.003667 -0.003000 -0.405259
14  4.085234 -0.082653 1.151009  0.076971 0.573771 0.038997
15  1.719450 -0.000017 0.000029  0.015664 -0.064932 -0.867211
16  1.099675 0.000049 0.000006  -0.075642 0.030056 -1.536734
17  0.869860 -1.165528 1.469023  -1.184630 -0.527540 -0.152316
18  1.789820 -0.000003 -0.000018  0.000001 -0.000026 0.636398
19  1.207013 -0.000013 -0.000044  0.000006 -0.000006 -0.137935
20  5.740637 0.000389 -0.000702  -0.108229 0.000003 0.000064
21  11.480989 0.000223 -0.000831  -0.042733 -0.108608 0.037758
22  6.027524 -0.000330 0.000200  1.600190 -0.574767 1.534864
23  -0.000001 11.692100 -0.000007  -0.965049 -0.417379 -0.768316
24  0.000003 0.000008 0.000001  -0.021116 -0.000031 1.570738
25  -0.000000 -0.000012 0.000001  0.868960 0.000002 1.570712
26  -6.617934 -9.178503 0.826812  1.473120 1.855075 -0.198639
27  6.027513 -0.000259 -0.000221  1.520730 0.754736 -0.708481
28  11.691992 0.000161 0.000857  0.141449 0.000072 -1.836665
29  11.479355 -0.000861 0.000954  -1.142790 0.380466 0.885558
30  3.859437 -0.132758 1.193066  0.469647 -0.013262 -1.872395
31  1.312559 0.000026 -0.000001  0.024060 -0.138696 -0.550187
32  0.729344 0.000065 -0.000026  -0.166197 -0.081570 -0.714272
33  3.942046 0.050139 0.431001  0.225309 -0.086237 -1.592712
34  1.539096 0.000005 -0.000001  0.035254 -0.050373 -0.994350
35  1.196300 0.000078 -0.000003  -0.021521 0.002175 -0.839738
36  3.883414 -0.050472 -0.431084  0.184824 -0.271737 -1.204030
37  1.719563 -0.000085 -0.000005  0.022859 -0.107186 -1.509108
38  1.209198 0.000035 0.000012  0.000661 0.071072 -0.480462
39  3.859588 -0.149083 -1.331320  -0.104061 -0.070249 -0.272073
40  1.719415 -0.000098 -0.000035  -0.013177 0.003907 -1.203491
41  1.099674 0.000021 0.000007  -0.005887 -0.007993 -0.771205
42  0.805984 -0.359848 -1.318338  0.991670 0.166767 -0.799527
43  1.789780 -0.000008 -0.000043  0.000058 -0.002451 0.133098
44  1.206996 -0.000007 0.000005  0.000372 -0.000071 1.058780
45  5.740571 0.000079 0.000721  0.172460 -0.000014 0.000028
46  11.480814 -0.000098 0.000936  0.056555 0.082971 0.145456
47  6.027515 -0.000273 -0.000230  -0.910498 -0.520836 -1.709520
48  -0.000000 11.691973 -0.000005  -1.227263 0.672038 0.920661
49  0.000002 -0.000002 0.000001  2.413977 -0.000036 1.570860
50  -0.000006 -0.000014 0.000005  2.272645 -0.000036 1.570861
51  -3.422328 -3.805365 -6.854754  -0.078012 -2.996716 1.465737
52  0.000000 -0.000000 0.000000  0.008153 -0.000259 0.000009
53  0.000000 -0.000000 0.000001  1.565115 0.043565 -0.106862
54  -0.363791 -15.867239 -5.623037  -0.755929 -0.139050 -1.950540
55  -0.000001 -0.000000 0.000000  0.000000 -0.000001 -0.000002
56  0.000029 0.000028 0.000002  -1.571901 -0.044449 -0.106509
57  5.185302 -16.056248 -16.646038  1.570796 -0.000000 0.000000
58  -15.417985 4.000748 -22.641926  1.570796 -0.000000 0.000000
59  2.236387 -0.189356 -5.037201  1.570796 -0.000000 0.000000
60  -0.004311 0.001230 -0.000371  0.006898 -0.005534 -0.284229
61  0.826810 10.209643 -4.879054  1.570796 -0.000000 0.000000
62  0.000000 0.000000 0.000000  -0.078727 -3.136056 0.284226
63  -2.240596 -3.247336 -0.249455  1.570796 -0.000000 0.000000
64  -2.287624 -8.249615 -1.349235  1.570796 0.000000 0.000000
65  0.002681 -3.204031 0.621196  0.000000 -0.000000 0.000000
66  0.048105 -1.112260 5.803837  0.000000 -0.000000 0.000000
67  -1.184782 0.539746 -0.284904  0.000000 -0.000000 0.000000
68  0.047884 -1.610073 21.020466  0.000000 -0.000000 0.000000
69  0.047881 -3.319714 2.472855  0.000000 -0.000000 0.000000
70  0.172180 -2.040368 3.568007  0.000000 -0.000000 0.000000
71  0.654947 -2.537531 2.477230  0.000000 -0.000000 0.000000
72  -2.285144 -12.956001 -5.446409  1.570796 0.000000 0.000000
73  0.017809 1.799356 -0.402361  0.000000 -0.000000 0.000000
74  -2.285144 -12.956001 -5.446409  1.570796 0.000000 0.000000
75  0.031323 2.100358 -1.138380  0.000000 -0.000000 0.000000
76  -0.024051 1.849582 -1.138377  0.000000 -0.000000 0.000000
time 78
0  0.000006 0.000000 0.000000  -1.570800 -1.391899 -1.570792
1  -4.921969 1.082092 2.232071  -1.544956 -1.855077 -0.198630
2  6.027524 -0.000323 0.000190  -0.747182 -0.995446 -1.552695
3  11.692107 0.000645 -0.000740  -0.890211 -0.000018 -1.391952
4  11.479911 0.000229 -0.000885  1.225960 -0.603154 0.357879
5  3.859502 -0.142824 -1.192079  -0.573871 -0.316762 -1.795817
6  1.312591 0.000009 0.000007  -0.135121 -0.003384 -0.178728
7  0.729354 0.000055 0.000049  -0.006155 -0.010667 -0.248915
8  3.942140 0.046330 -0.431542  -0.497018 0.100803 -1.231861
9  1.539110 0.000083 0.000004  -0.000382 -0.119364 -0.902013
10  1.196330 0.000145 0.000028  0.012615 0.002795 -0.535714
11  3.883509 -0.047213 0.431351  -0.283712 0.421834 -0.633459
12  1.719573 -0.000029 0.000017  0.057360 -0.144594 -1.427911
13  1.209179 0.000089 0.000011  -0.003667 -0.003000 -0.405259
14  4.085234 -0.082653 1.151009  0.076971 0.573771 0.038997
15  1.719450 -0.000017 0.000029  0.015664 -0.064932 -0.867211
16  1.099675 0.000049 0.000006  -0.075642 0.030056 -1.536734
17  0.869860 -1.165528 1.469023  -1.184630 -0.527540 -0.152316
18  1.789820 -0.000003 -0.000018  0.000001 -0.000026 0.636398
19  1.207013 -0.000013 -0.000044  0.000006 -0.000006 -0.137935
20  5.740637 0.000389 -0.000702  -0.108229 0.000003 0.000064
21  11.480989 0.000223 -0.000831  -0.042733 -0.108608 0.037758
22  6.027524 -0.000330 0.000200  1.600190 -0.574767 1.534864
23  -0.000001 11.692100 -0.000007  -0.965049 -0.417379 -0.768316
24  0.000003 0.000008 0.000001  -0.021116 -0.000031 1.570738
25  -0.000000 -0.000012 0.000001  0.868960 0.000002 1.570712
26  -6.617934 -9.178503 0.826812  1.473120 1.855075 -0.198639
27  6.027513 -0.000259 -0.000221  1.520730 0.754736 -0.708481
28  11.691992 0.000161 0.000857  0.141449 0.000072 -1.836665
29  11.479355 -0.000861 0.000954  -1.142790 0.380466 0.885558
30  3.859437 -0.132758 1.193066  0.469647 -0.013262 -1.872395
31  1.312559 0.000026 -0.000001  0.024060 -0.138696 -0.550187
32  0.729344 0.000065 -0.000026  -0.166197 -0.081570 -0.714272
33  3.942046 0.050139 0.431001  0.225309 -0.086237 -1.592712
34  1.539096 0.000005 -0.000001  0.035254 -0.050373 -0.994350
35  1.196300 0.000078 -0.000003  -0.021521 0.002175 -0.839738
36  3.883414 -0.050472 -0.431084  0.184824 -0.271737 -1.204030
37  1.719563 -0.000085 -0.000005  0.022859 -0.107186 -1.509108
38  1.209198 0.000035 0.000012  0.000661 0.071072 -0.480462
39  3.859588 -0.149083 -1.331320  -0.104061 -0.070249 -0.272073
40  1.719415 -0.000098 -0.000035  -0.013177 0.003907 -1.203491
41  1.099674 0.000021 0.000007  -0.005887 -0.007993 -0.771205
42  0.805984 -0.359848 -1.318338  0.991670 0.166767 -0.799527
43  1.789780 -0.000008 -0.000043  0.000058 -0.002451 0.133098
44  1.206996 -0.000007 0.000005  0.000372 -0.000071 1.058780
45  5.740571 0.000079 0.000721  0.172460 -0.000014 0.000028
46  11.480814 -0.000098 0.000936  0.056555 0.082971 0.145456
47  6.027515 -0.000273 -0.000230  -0.910498 -0.520836 -1.709520
48  -0.000000 11.691973 -0.000005  -1.227263 0.672038 0.920661
49  0.000002 -0.000002 0.000001  2.413977 -0.000036 1.570860
50  -0.000006 -0.000014 0.000005  2.272645 -0.000036 1.570861
51  -3.422328 -3.805365 -6.854754  -0.078012 -2.996716 1.465737
52  0.000000 -0.000000 0.000000  0.008153 -0.000259 0.000009
53  0.000000 -0.000000 0.000001  1.565115 0.043565 -0.106862
54  -0.363791 -15.867239 -5.623037  -0.755929 -0.139050 -1.950540
55  -0.000001 -0.000000 0.000000  0.000000 -0.000001 -0.000002
56  0.000029 0.000028 0.000002  -1.571901 -0.044449 -0.106509
57  5.185302 -16.056248 -16.646038  1.570796 -0.000000 0.000000
58  -15.417985 4.000748 -22.641926  1.570796 -0.000000 0.000000
59  2.236387 -0.189356 -5.037201  1.570796 -0.000000 0.000000
60  -0.004311 0.001230 -0.000371  0.006898 -0.005534 -0.284229
61  0.826810 10.209643 -4.879054  1.570796 -0.000000 0.000000
62  0.000000 0.000000 0.000000  -0.078727 -3.136056 0.284226
63  -2.240596 -3.247336 -0.249455  1.570796 -0.000000 0.000000
64  -2.287624 -8.249615 -1.349235  1.570796 0.000000 0.000000
65  0.002681 -3.204031 0.621196  0.000000 -0.000000 0.000000
66  0.048105 -1.112260 5.803837  0.000000 -0.000000 0.000000
67  -1.184782 0.539746 -0.284904  0.000000 -0.000000 0.000000
68  0.047884 -1.610073 21.020466  0.000000 -0.000000 0.000000
69  0.047881 -3.319714 2.472855  0.000000 -0.000000 0.000000
70  0.172180 -2.040368 3.568007  0.000000 -0.000000 0.000000
71  0.654947 -2.537531 2.477230  0.000000 -0.000000 0.000000
72  -2.285144 -12.956001 -5.446409  1.570796 0.000000 0.000000
73  0.017809 1.799356 -0.402361  0.000000 -0.000000 0.000000
74  -2.285144 -12.956001 -5.446409  1.570796 0.000000 0.000000
75  0.031323 2.100358 -1.138380  0.000000 -0.000000 0.000000
76  -0.024051 1.849582 -1.138377  0.000000 -0.000000 0.000000
time 79
0  0.000006 0.000000 0.000000  -1.570800 -1.391899 -1.570792
1  -4.921969 1.082092 2.232071  -1.544956 -1.855077 -0.198630
2  6.027524 -0.000323 0.000190  -0.747182 -0.995446 -1.552695
3  11.692107 0.000645 -0.000740  -0.890211 -0.000018 -1.391952
4  11.479911 0.000229 -0.000885  1.225960 -0.603154 0.357879
5  3.859502 -0.142824 -1.192079  -0.573871 -0.316762 -1.795817
6  1.312591 0.000009 0.000007  -0.135121 -0.003384 -0.178728
7  0.729354 0.000055 0.000049  -0.006155 -0.010667 -0.248915
8  3.942140 0.046330 -0.431542  -0.497018 0.100803 -1.231861
9  1.539110 0.000083 0.000004  -0.000382 -0.119364 -0.902013
10  1.196330 0.000145 0.000028  0.012615 0.002795 -0.535714
11  3.883509 -0.047213 0.431351  -0.283712 0.421834 -0.633459
12  1.719573 -0.000029 0.000017  0.057360 -0.144594 -1.427911
13  1.209179 0.000089 0.000011  -0.003667 -0.003000 -0.405259
14  4.085234 -0.082653 1.151009  0.076971 0.573771 0.038997
15  1.719450 -0.000017 0.000029  0.015664 -0.064932 -0.867211
16  1.099675 0.000049 0.000006  -0.075642 0.030056 -1.536734
17  0.869860 -1.165528 1.469023  -1.184630 -0.527540 -0.152316
18  1.789820 -0.000003 -0.000018  0.000001 -0.000026 0.636398
19  1.207013 -0.000013 -0.000044  0.000006 -0.000006 -0.137935
20  5.740637 0.000389 -0.000702  -0.108229 0.000003 0.000064
21  11.480989 0.000223 -0.000831  -0.042733 -0.108608 0.037758
22  6.027524 -0.000330 0.000200  1.600190 -0.574767 1.534864
23  -0.000001 11.692100 -0.000007  -0.965049 -0.417379 -0.768316
24  0.000003 0.000008 0.000001  -0.021116 -0.000031 1.570738
25  -0.000000 -0.000012 0.000001  0.868960 0.000002 1.570712
26  -6.617934 -9.178503 0.826812  1.473120 1.855075 -0.198639
27  6.027513 -0.000259 -0.000221  1.520730 0.754736 -0.708481
28  11.691992 0.000161 0.000857  0.141449 0.000072 -1.836665
29  11.479355 -0.000861 0.000954  -1.142790 0.380466 0.885558
30  3.859437 -0.132758 1.193066  0.469647 -0.013262 -1.872395
31  1.312559 0.000026 -0.000001  0.024060 -0.138696 -0.550187
32  0.729344 0.000065 -0.000026  -0.166197 -0.081570 -0.714272
33  3.942046 0.050139 0.431001  0.225309 -0.086237 -1.592712
34  1.539096 0.000005 -0.000001  0.035254 -0.050373 -0.994350
35  1.196300 0.000078 -0.000003  -0.021521 0.002175 -0.839738
36  3.883414 -0.050472 -0.431084  0.184824 -0.271737 -1.204030
37  1.719563 -0.000085 -0.000005  0.022859 -0.107186 -1.509108
38  1.209198 0.000035 0.000012  0.000661 0.071072 -0.480462
39  3.859588 -0.149083 -1.331320  -0.104061 -0.070249 -0.272073
40  1.719415 -0.000098 -0.000035  -0.013177 0.003907 -1.203491
41  1.099674 0.000021 0.000007  -0.005887 -0.007993 -0.771205
42  0.805984 -0.359848 -1.318338  0.991670 0.166767 -0.799527
43  1.789780 -0.000008 -0.000043  0.000058 -0.002451 0.133098
44  1.206996 -0.000007 0.000005  0.000372 -0.000071 1.058780
45  5.740571 0.000079 0.000721  0.172460 -0.000014 0.000028
46  11.480814 -0.000098 0.000936  0.056555 0.082971 0.145456
47  6.027515 -0.000273 -0.000230  -0.910498 -0.520836 -1.709520
48  -0.000000 11.691973 -0.000005  -1.227263 0.672038 0.920661
49  0.000002 -0.000002 0.000001  2.413977 -0.000036 1.570860
50  -0.000006 -0.000014 0.000005  2.272645 -0.000036 1.570861
51  -3.422328 -3.805365 -6.854754  -0.078012 -2.996716 1.465737
52  0.000000 -0.000000 0.000000  0.008153 -0.000259 0.000009
53  0.000000 -0.000000 0.000001  1.565115 0.043565 -0.106862
54  -0.363791 -15.867239 -5.623037  -0.755929 -0.139050 -1.950540
55  -0.000001 -0.000000 0.000000  0.000000 -0.000001 -0.000002
56  0.000029 0.000028 0.000002  -1.571901 -0.044449 -0.106509
57  5.185302 -16.056248 -16.646038  1.570796 -0.000000 0.000000
58  -15.417985 4.000748 -22.641926  1.570796 -0.000000 0.000000
59  2.236387 -0.189356 -5.037201  1.570796 -0.000000 0.000000
60  -0.004311 0.001230 -0.000371  0.006898 -0.005534 -0.284229
61  0.826810 10.209643 -4.879054  1.570796 -0.000000 0.000000
62  0.000000 0.000000 0.000000  -0.078727 -3.136056 0.284226
63  -2.240596 -3.247336 -0.249455  1.570796 -0.000000 0.000000
64  -2.287624 -8.249615 -1.349235  1.570796 0.000000 0.000000
65  0.002681 -3.204031 0.621196  0.000000 -0.000000 0.000000
66  0.048105 -1.112260 5.803837  0.000000 -0.000000 0.000000
67  -1.184782 0.539746 -0.284904  0.000000 -0.000000 0.000000
68  0.047884 -1.610073 21.020466  0.000000 -0.000000 0.000000
69  0.047881 -3.319714 2.472855  0.000000 -0.000000 0.000000
70  0.172180 -2.040368 3.568007  0.000000 -0.000000 0.000000
71  0.654947 -2.537531 2.477230  0.000000 -0.000000 0.000000
72  -2.285144 -12.956001 -5.446409  1.570796 0.000000 0.000000
73  0.017809 1.799356 -0.402361  0.000000 -0.000000 0.000000
74  -2.285144 -12.956001 -5.446409  1.570796 0.000000 0.000000
75  0.031323 2.100358 -1.138380  0.000000 -0.000000 0.000000
76  -0.024051 1.849582 -1.138377  0.000000 -0.000000 0.000000
time 80
0  0.000006 0.000000 0.000000  -1.570800 -1.391899 -1.570792
1  -4.921969 1.082092 2.232071  -1.544956 -1.855077 -0.198630
2  6.027524 -0.000323 0.000190  -0.747182 -0.995446 -1.552695
3  11.692107 0.000645 -0.000740  -0.890211 -0.000018 -1.391952
4  11.479911 0.000229 -0.000885  1.225960 -0.603154 0.357879
5  3.859502 -0.142824 -1.192079  -0.573871 -0.316762 -1.795817
6  1.312591 0.000009 0.000007  -0.135121 -0.003384 -0.178728
7  0.729354 0.000055 0.000049  -0.006155 -0.010667 -0.248915
8  3.942140 0.046330 -0.431542  -0.497018 0.100803 -1.231861
9  1.539110 0.000083 0.000004  -0.000382 -0.119364 -0.902013
10  1.196330 0.000145 0.000028  0.012615 0.002795 -0.535714
11  3.883509 -0.047213 0.431351  -0.283712 0.421834 -0.633459
12  1.719573 -0.000029 0.000017  0.057360 -0.144594 -1.427911
13  1.209179 0.000089 0.000011  -0.003667 -0.003000 -0.405259
14  4.085234 -0.082653 1.151009  0.076971 0.573771 0.038997
15  1.719450 -0.000017 0.000029  0.015664 -0.064932 -0.867211
16  1.099675 0.000049 0.000006  -0.075642 0.030056 -1.536734
17  0.869860 -1.165528 1.469023  -1.184630 -0.527540 -0.152316
18  1.789820 -0.000003 -0.000018  0.000001 -0.000026 0.636398
19  1.207013 -0.000013 -0.000044  0.000006 -0.000006 -0.137935
20  5.740637 0.000389 -0.000702  -0.108229 0.000003 0.000064
21  11.480989 0.000223 -0.000831  -0.042733 -0.108608 0.037758
22  6.027524 -0.000330 0.000200  1.600190 -0.574767 1.534864
23  -0.000001 11.692100 -0.000007  -0.965049 -0.417379 -0.768316
24  0.000003 0.000008 0.000001  -0.021116 -0.000031 1.570738
25  -0.000000 -0.000012 0.000001  0.868960 0.000002 1.570712
26  -6.617934 -9.178503 0.826812  1.473120 1.855075 -0.198639
27  6.027513 -0.000259 -0.000221  1.520730 0.754736 -0.708481
28  11.691992 0.000161 0.000857  0.141449 0.000072 -1.836665
29  11.479355 -0.000861 0.000954  -1.142790 0.380466 0.885558
30  3.859437 -0.132758 1.193066  0.469647 -0.013262 -1.872395
31  1.312559 0.000026 -0.000001  0.024060 -0.138696 -0.550187
32  0.729344 0.000065 -0.000026  -0.166197 -0.081570 -0.714272
33  3.942046 0.050139 0.431001  0.225309 -0.086237 -1.592712
34  1.539096 0.000005 -0.000001  0.035254 -0.050373 -0.994350
35  1.196300 0.000078 -0.000003  -0.021521 0.002175 -0.839738
36  3.883414 -0.050472 -0.431084  0.184824 -0.271737 -1.204030
37  1.719563 -0.000085 -0.000005  0.022859 -0.107186 -1.509108
38  1.209198 0.000035 0.000012  0.000661 0.071072 -0.480462
39  3.859588 -0.149083 -1.331320  -0.104061 -0.070249 -0.272073
40  1.719415 -0.000098 -0.000035  -0.013177 0.003907 -1.203491
41  1.099674 0.000021 0.000007  -0.005887 -0.007993 -0.771205
42  0.805984 -0.359848 -1.318338  0.991670 0.166767 -0.799527
43  1.789780 -0.000008 -0.000043  0.000058 -0.002451 0.133098
44  1.206996 -0.000007 0.000005  0.000372 -0.000071 1.058780
45  5.740571 0.000079 0.000721  0.172460 -0.000014 0.000028
46  11.480814 -0.000098 0.000936  0.056555 0.082971 0.145456
47  6.027515 -0.000273 -0.000230  -0.910498 -0.520836 -1.709520
48  -0.000000 11.691973 -0.000005  -1.227263 0.672038 0.920661
49  0.000002 -0.000002 0.000001  2.413977 -0.000036 1.570860
50  -0.000006 -0.000014 0.000005  2.272645 -0.000036 1.570861
51  -3.422328 -3.805365 -6.854754  -0.078012 -2.996716 1.465737
52  0.000000 -0.000000 0.000000  0.008153 -0.000259 0.000009
53  0.000000 -0.000000 0.000001  1.565115 0.043565 -0.106862
54  -0.363791 -15.867239 -5.623037  -0.755929 -0.139050 -1.950540
55  -0.000001 -0.000000 0.000000  0.000000 -0.000001 -0.000002
56  0.000029 0.000028 0.000002  -1.571901 -0.044449 -0.106509
57  5.185302 -16.056248 -16.646038  1.570796 -0.000000 0.000000
58  -15.417985 4.000748 -22.641926  1.570796 -0.000000 0.000000
59  2.236387 -0.189356 -5.037201  1.570796 -0.000000 0.000000
60  -0.004311 0.001230 -0.000371  0.006898 -0.005534 -0.284229
61  0.826810 10.209643 -4.879054  1.570796 -0.000000 0.000000
62  0.000000 0.000000 0.000000  -0.078727 -3.136056 0.284226
63  -2.240596 -3.247336 -0.249455  1.570796 -0.000000 0.000000
64  -2.287624 -8.249615 -1.349235  1.570796 0.000000 0.000000
65  0.002681 -3.204031 0.621196  0.000000 -0.000000 0.000000
66  0.048105 -1.112260 5.803837  0.000000 -0.000000 0.000000
67  -1.184782 0.539746 -0.284904  0.000000 -0.000000 0.000000
68  0.047884 -1.610073 21.020466  0.000000 -0.000000 0.000000
69  0.047881 -3.319714 2.472855  0.000000 -0.000000 0.000000
70  0.172180 -2.040368 3.568007  0.000000 -0.000000 0.000000
71  0.654947 -2.537531 2.477230  0.000000 -0.000000 0.000000
72  -2.285144 -12.956001 -5.446409  1.570796 0.000000 0.000000
73  0.017809 1.799356 -0.402361  0.000000 -0.000000 0.000000
74  -2.285144 -12.956001 -5.446409  1.570796 0.000000 0.000000
75  0.031323 2.100358 -1.138380  0.000000 -0.000000 0.000000
76  -0.024051 1.849582 -1.138377  0.000000 -0.000000 0.000000
time 81
0  0.000006 0.000000 0.000000  -1.570800 -1.391899 -1.570792
1  -4.921969 1.082092 2.232071  -1.544956 -1.855077 -0.198630
2  6.027524 -0.000323 0.000190  -0.747182 -0.995446 -1.552695
3  11.692107 0.000645 -0.000740  -0.890211 -0.000018 -1.391952
4  11.479911 0.000229 -0.000885  1.225960 -0.603154 0.357879
5  3.859502 -0.142824 -1.192079  -0.573871 -0.316762 -1.795817
6  1.312591 0.000009 0.000007  -0.135121 -0.003384 -0.178728
7  0.729354 0.000055 0.000049  -0.006155 -0.010667 -0.248915
8  3.942140 0.046330 -0.431542  -0.497018 0.100803 -1.231861
9  1.539110 0.000083 0.000004  -0.000382 -0.119364 -0.902013
10  1.196330 0.000145 0.000028  0.012615 0.002795 -0.535714
11  3.883509 -0.047213 0.431351  -0.283712 0.421834 -0.633459
12  1.719573 -0.000029 0.000017  0.057360 -0.144594 -1.427911
13  1.209179 0.000089 0.000011  -0.003667 -0.003000 -0.405259
14  4.085234 -0.082653 1.151009  0.076971 0.573771 0.038997
15  1.719450 -0.000017 0.000029  0.015664 -0.064932 -0.867211
16  1.099675 0.000049 0.000006  -0.075642 0.030056 -1.536734
17  0.869860 -1.165528 1.469023  -1.184630 -0.527540 -0.152316
18  1.789820 -0.000003 -0.000018  0.000001 -0.000026 0.636398
19  1.207013 -0.000013 -0.000044  0.000006 -0.000006 -0.137935
20  5.740637 0.000389 -0.000702  -0.108229 0.000003 0.000064
21  11.480989 0.000223 -0.000831  -0.042733 -0.108608 0.037758
22  6.027524 -0.000330 0.000200  1.600190 -0.574767 1.534864
23  -0.000001 11.692100 -0.000007  -0.965049 -0.417379 -0.768316
24  0.000003 0.000008 0.000001  -0.021116 -0.000031 1.570738
25  -0.000000 -0.000012 0.000001  0.868960 0.000002 1.570712
26  -6.617934 -9.178503 0.826812  1.473120 1.855075 -0.198639
27  6.027513 -0.000259 -0.000221  1.520730 0.754736 -0.708481
28  11.691992 0.000161 0.000857  0.141449 0.000072 -1.836665
29  11.479355 -0.000861 0.000954  -1.142790 0.380466 0.885558
30  3.859437 -0.132758 1.193066  0.469647 -0.013262 -1.872395
31  1.312559 0.000026 -0.000001  0.024060 -0.138696 -0.550187
32  0.729344 0.000065 -0.000026  -0.166197 -0.081570 -0.714272
33  3.942046 0.050139 0.431001  0.225309 -0.086237 -1.592712
34  1.539096 0.000005 -0.000001  0.035254 -0.050373 -0.994350
35  1.196300 0.000078 -0.000003  -0.021521 0.002175 -0.839738
36  3.883414 -0.050472 -0.431084  0.184824 -0.271737 -1.204030
37  1.719563 -0.000085 -0.000005  0.022859 -0.107186 -1.509108
38  1.209198 0.000035 0.000012  0.000661 0.071072 -0.480462
39  3.859588 -0.149083 -1.331320  -0.104061 -0.070249 -0.272073
40  1.719415 -0.000098 -0.000035  -0.013177 0.003907 -1.203491
41  1.099674 0.000021 0.000007  -0.005887 -0.007993 -0.771205
42  0.805984 -0.359848 -1.318338  0.991670 0.166767 -0.799527
43  1.789780 -0.000008 -0.000043  0.000058 -0.002451 0.133098
44  1.206996 -0.000007 0.000005  0.000372 -0.000071 1.058780
45  5.740571 0.000079 0.000721  0.172460 -0.000014 0.000028
46  11.480814 -0.000098 0.000936  0.056555 0.082971 0.145456
47  6.027515 -0.000273 -0.000230  -0.910498 -0.520836 -1.709520
48  -0.000000 11.691973 -0.000005  -1.227263 0.672038 0.920661
49  0.000002 -0.000002 0.000001  2.413977 -0.000036 1.570860
50  -0.000006 -0.000014 0.000005  2.272645 -0.000036 1.570861
51  -3.422328 -3.805365 -6.854754  -0.078012 -2.996716 1.465737
52  0.000000 -0.000000 0.000000  0.008153 -0.000259 0.000009
53  0.000000 -0.000000 0.000001  1.565115 0.043565 -0.106862
54  -0.363791 -15.867239 -5.623037  -0.755929 -0.139050 -1.950540
55  -0.000001 -0.000000 0.000000  0.000000 -0.000001 -0.000002
56  0.000029 0.000028 0.000002  -1.571901 -0.044449 -0.106509
57  5.185302 -16.056248 -16.646038  1.570796 -0.000000 0.000000
58  -15.417985 4.000748 -22.641926  1.570796 -0.000000 0.000000
59  2.236387 -0.189356 -5.037201  1.570796 -0.000000 0.000000
60  -0.004311 0.001230 -0.000371  0.006898 -0.005534 -0.284229
61  0.826810 10.209643 -4.879054  1.570796 -0.000000 0.000000
62  0.000000 0.000000 0.000000  -0.078727 -3.136056 0.284226
63  -2.240596 -3.247336 -0.249455  1.570796 -0.000000 0.000000
64  -2.287624 -8.249615 -1.349235  1.570796 0.000000 0.000000
65  0.002681 -3.204031 0.621196  0.000000 -0.000000 0.000000
66  0.048105 -1.112260 5.803837  0.000000 -0.000000 0.000000
67  -1.184782 0.539746 -0.284904  0.000000 -0.000000 0.000000
68  0.047884 -1.610073 21.020466  0.000000 -0.000000 0.000000
69  0.047881 -3.319714 2.472855  0.000000 -0.000000 0.000000
70  0.172180 -2.040368 3.568007  0.000000 -0.000000 0.000000
71  0.654947 -2.537531 2.477230  0.000000 -0.000000 0.000000
72  -2.285144 -12.956001 -5.446409  1.570796 0.000000 0.000000
73  0.017809 1.799356 -0.402361  0.000000 -0.000000 0.000000
74  -2.285144 -12.956001 -5.446409  1.570796 0.000000 0.000000
75  0.031323 2.100358 -1.138380  0.000000 -0.000000 0.000000
76  -0.024051 1.849582 -1.138377  0.000000 -0.000000 0.000000
time 82
0  0.000006 0.000000 0.000000  -1.570800 -1.391899 -1.570792
1  -4.921969 1.082092 2.232071  -1.544956 -1.855077 -0.198630
2  6.027524 -0.000323 0.000190  -0.747182 -0.995446 -1.552695
3  11.692107 0.000645 -0.000740  -0.890211 -0.000018 -1.391952
4  11.479911 0.000229 -0.000885  1.225960 -0.603154 0.357879
5  3.859502 -0.142824 -1.192079  -0.573871 -0.316762 -1.795817
6  1.312591 0.000009 0.000007  -0.135121 -0.003384 -0.178728
7  0.729354 0.000055 0.000049  -0.006155 -0.010667 -0.248915
8  3.942140 0.046330 -0.431542  -0.497018 0.100803 -1.231861
9  1.539110 0.000083 0.000004  -0.000382 -0.119364 -0.902013
10  1.196330 0.000145 0.000028  0.012615 0.002795 -0.535714
11  3.883509 -0.047213 0.431351  -0.283712 0.421834 -0.633459
12  1.719573 -0.000029 0.000017  0.057360 -0.144594 -1.427911
13  1.209179 0.000089 0.000011  -0.003667 -0.003000 -0.405259
14  4.085234 -0.082653 1.151009  0.076971 0.573771 0.038997
15  1.719450 -0.000017 0.000029  0.015664 -0.064932 -0.867211
16  1.099675 0.000049 0.000006  -0.075642 0.030056 -1.536734
17  0.869860 -1.165528 1.469023  -1.184630 -0.527540 -0.152316
18  1.789820 -0.000003 -0.000018  0.000001 -0.000026 0.636398
19  1.207013 -0.000013 -0.000044  0.000006 -0.000006 -0.137935
20  5.740637 0.000389 -0.000702  -0.108229 0.000003 0.000064
21  11.480989 0.000223 -0.000831  -0.042733 -0.108608 0.037758
22  6.027524 -0.000330 0.000200  1.600190 -0.574767 1.534864
23  -0.000001 11.692100 -0.000007  -0.965049 -0.417379 -0.768316
24  0.000003 0.000008 0.000001  -0.021116 -0.000031 1.570738
25  -0.000000 -0.000012 0.000001  0.868960 0.000002 1.570712
26  -6.617934 -9.178503 0.826812  1.473120 1.855075 -0.198639
27  6.027513 -0.000259 -0.000221  1.520730 0.754736 -0.708481
28  11.691992 0.000161 0.000857  0.141449 0.000072 -1.836665
29  11.479355 -0.000861 0.000954  -1.142790 0.380466 0.885558
30  3.859437 -0.132758 1.193066  0.469647 -0.013262 -1.872395
31  1.312559 0.000026 -0.000001  0.024060 -0.138696 -0.550187
32  0.729344 0.000065 -0.000026  -0.166197 -0.081570 -0.714272
33  3.942046 0.050139 0.431001  0.225309 -0.086237 -1.592712
34  1.539096 0.000005 -0.000001  0.035254 -0.050373 -0.994350
35  1.196300 0.000078 -0.000003  -0.021521 0.002175 -0.839738
36  3.883414 -0.050472 -0.431084  0.184824 -0.271737 -1.204030
37  1.719563 -0.000085 -0.000005  0.022859 -0.107186 -1.509108
38  1.209198 0.000035 0.000012  0.000661 0.071072 -0.480462
39  3.859588 -0.149083 -1.331320  -0.104061 -0.070249 -0.272073
40  1.719415 -0.000098 -0.000035  -0.013177 0.003907 -1.203491
41  1.099674 0.000021 0.000007  -0.005887 -0.007993 -0.771205
42  0.805984 -0.359848 -1.318338  0.991670 0.166767 -0.799527
43  1.789780 -0.000008 -0.000043  0.000058 -0.002451 0.133098
44  1.206996 -0.000007 0.000005  0.000372 -0.000071 1.058780
45  5.740571 0.000079 0.000721  0.172460 -0.000014 0.000028
46  11.480814 -0.000098 0.000936  0.056555 0.082971 0.145456
47  6.027515 -0.000273 -0.000230  -0.910498 -0.520836 -1.709520
48  -0.000000 11.691973 -0.000005  -1.227263 0.672038 0.920661
49  0.000002 -0.000002 0.000001  2.413977 -0.000036 1.570860
50  -0.000006 -0.000014 0.000005  2.272645 -0.000036 1.570861
51  -3.422328 -3.805365 -6.854754  -0.078012 -2.996716 1.465737
52  0.000000 -0.000000 0.000000  0.008153 -0.000259 0.000009
53  0.000000 -0.000000 0.000001  1.565115 0.043565 -0.106862
54  -0.363791 -15.867239 -5.623037  -0.755929 -0.139050 -1.950540
55  -0.000001 -0.000000 0.000000  0.000000 -0.000001 -0.000002
56  0.000029 0.000028 0.000002  -1.571901 -0.044449 -0.106509
57  5.185302 -16.056248 -16.646038  1.570796 -0.000000 0.000000
58  -15.417985 4.000748 -22.641926  1.570796 -0.000000 0.000000
59  2.236387 -0.189356 -5.037201  1.570796 -0.000000 0.000000
60  -0.004311 0.001230 -0.000371  0.006898 -0.005534 -0.284229
61  0.826810 10.209643 -4.879054  1.570796 -0.000000 0.000000
62  0.000000 0.000000 0.000000  -0.078727 -3.136056 0.284226
63  -2.240596 -3.247336 -0.249455  1.570796 -0.000000 0.000000
64  -2.287624 -8.249615 -1.349235  1.570796 0.000000 0.000000
65  0.002681 -3.204031 0.621196  0.000000 -0.000000 0.000000
66  0.048105 -1.112260 5.803837  0.000000 -0.000000 0.000000
67  -1.184782 0.539746 -0.284904  0.000000 -0.000000 0.000000
68  0.047884 -1.610073 21.020466  0.000000 -0.000000 0.000000
69  0.047881 -3.319714 2.472855  0.000000 -0.000000 0.000000
70  0.172180 -2.040368 3.568007  0.000000 -0.000000 0.000000
71  0.654947 -2.537531 2.477230  0.000000 -0.000000 0.000000
72  -2.285144 -12.956001 -5.446409  1.570796 0.000000 0.000000
73  0.017809 1.799356 -0.402361  0.000000 -0.000000 0.000000
74  -2.285144 -12.956001 -5.446409  1.570796 0.000000 0.000000
75  0.031323 2.100358 -1.138380  0.000000 -0.000000 0.000000
76  -0.024051 1.849582 -1.138377  0.000000 -0.000000 0.000000
time 83
0  0.000006 0.000000 0.000000  -1.570800 -1.391899 -1.570792
1  -4.921969 1.082092 2.232071  -1.544956 -1.855077 -0.198630
2  6.027524 -0.000323 0.000190  -0.747182 -0.995446 -1.552695
3  11.692107 0.000645 -0.000740  -0.890211 -0.000018 -1.391952
4  11.479911 0.000229 -0.000885  1.225960 -0.603154 0.357879
5  3.859502 -0.142824 -1.192079  -0.573871 -0.316762 -1.795817
6  1.312591 0.000009 0.000007  -0.135121 -0.003384 -0.178728
7  0.729354 0.000055 0.000049  -0.006155 -0.010667 -0.248915
8  3.942140 0.046330 -0.431542  -0.497018 0.100803 -1.231861
9  1.539110 0.000083 0.000004  -0.000382 -0.119364 -0.902013
10  1.196330 0.000145 0.000028  0.012615 0.002795 -0.535714
11  3.883509 -0.047213 0.431351  -0.283712 0.421834 -0.633459
12  1.719573 -0.000029 0.000017  0.057360 -0.144594 -1.427911
13  1.209179 0.000089 0.000011  -0.003667 -0.003000 -0.405259
14  4.085234 -0.082653 1.151009  0.076971 0.573771 0.038997
15  1.719450 -0.000017 0.000029  0.015664 -0.064932 -0.867211
16  1.099675 0.000049 0.000006  -0.075642 0.030056 -1.536734
17  0.869860 -1.165528 1.469023  -1.184630 -0.527540 -0.152316
18  1.789820 -0.000003 -0.000018  0.000001 -0.000026 0.636398
19  1.207013 -0.000013 -0.000044  0.000006 -0.000006 -0.137935
20  5.740637 0.000389 -0.000702  -0.108229 0.000003 0.000064
21  11.480989 0.000223 -0.000831  -0.042733 -0.108608 0.037758
22  6.027524 -0.000330 0.000200  1.600190 -0.574767 1.534864
23  -0.000001 11.692100 -0.000007  -0.965049 -0.417379 -0.768316
24  0.000003 0.000008 0.000001  -0.021116 -0.000031 1.570738
25  -0.000000 -0.000012 0.000001  0.868960 0.000002 1.570712
26  -6.617934 -9.178503 0.826812  1.473120 1.855075 -0.198639
27  6.027513 -0.000259 -0.000221  1.520730 0.754736 -0.708481
28  11.691992 0.000161 0.000857  0.141449 0.000072 -1.836665
29  11.479355 -0.000861 0.000954  -1.142790 0.380466 0.885558
30  3.859437 -0.132758 1.193066  0.469647 -0.013262 -1.872395
31  1.312559 0.000026 -0.000001  0.024060 -0.138696 -0.550187
32  0.729344 0.000065 -0.000026  -0.166197 -0.081570 -0.714272
33  3.942046 0.050139 0.431001  0.225309 -0.086237 -1.592712
34  1.539096 0.000005 -0.000001  0.035254 -0.050373 -0.994350
35  1.196300 0.000078 -0.000003  -0.021521 0.002175 -0.839738
36  3.883414 -0.050472 -0.431084  0.184824 -0.271737 -1.204030
37  1.719563 -0.000085 -0.000005  0.022859 -0.107186 -1.509108
38  1.209198 0.000035 0.000012  0.000661 0.071072 -0.480462
39  3.859588 -0.149083 -1.331320  -0.104061 -0.070249 -0.272073
40  1.719415 -0.000098 -0.000035  -0.013177 0.003907 -1.203491
41  1.099674 0.000021 0.000007  -0.005887 -0.007993 -0.771205
42  0.805984 -0.359848 -1.318338  0.991670 0.166767 -0.799527
43  1.789780 -0.000008 -0.000043  0.000058 -0.002451 0.133098
44  1.206996 -0.000007 0.000005  0.000372 -0.000071 1.058780
45  5.740571 0.000079 0.000721  0.172460 -0.000014 0.000028
46  11.480814 -0.000098 0.000936  0.056555 0.082971 0.145456
47  6.027515 -0.000273 -0.000230  -0.910498 -0.520836 -1.709520
48  -0.000000 11.691973 -0.000005  -1.227263 0.672038 0.920661
49  0.000002 -0.000002 0.000001  2.413977 -0.000036 1.570860
50  -0.000006 -0.000014 0.000005  2.272645 -0.000036 1.570861
51  -3.422328 -3.805365 -6.854754  -0.078012 -2.996716 1.465737
52  0.000000 -0.000000 0.000000  0.008153 -0.000259 0.000009
53  0.000000 -0.000000 0.000001  1.565115 0.043565 -0.106862
54  -0.363791 -15.867239 -5.623037  -0.755929 -0.139050 -1.950540
55  -0.000001 -0.000000 0.000000  0.000000 -0.000001 -0.000002
56  0.000029 0.000028 0.000002  -1.571901 -0.044449 -0.106509
57  5.185302 -16.056248 -16.646038  1.570796 -0.000000 0.000000
58  -15.417985 4.000748 -22.641926  1.570796 -0.000000 0.000000
59  2.236387 -0.189356 -5.037201  1.570796 -0.000000 0.000000
60  -0.004311 0.001230 -0.000371  0.006898 -0.005534 -0.284229
61  0.826810 10.209643 -4.879054  1.570796 -0.000000 0.000000
62  0.000000 0.000000 0.000000  -0.078727 -3.136056 0.284226
63  -2.240596 -3.247336 -0.249455  1.570796 -0.000000 0.000000
64  -2.287624 -8.249615 -1.349235  1.570796 0.000000 0.000000
65  0.002681 -3.204031 0.621196  0.000000 -0.000000 0.000000
66  0.048105 -1.112260 5.803837  0.000000 -0.000000 0.000000
67  -1.184782 0.539746 -0.284904  0.000000 -0.000000 0.000000
68  0.047884 -1.610073 21.020466  0.000000 -0.000000 0.000000
69  0.047881 -3.319714 2.472855  0.000000 -0.000000 0.000000
70  0.172180 -2.040368 3.568007  0.000000 -0.000000 0.000000
71  0.654947 -2.537531 2.477230  0.000000 -0.000000 0.000000
72  -2.285144 -12.956001 -5.446409  1.570796 0.000000 0.000000
73  0.017809 1.799356 -0.402361  0.000000 -0.000000 0.000000
74  -2.285144 -12.956001 -5.446409  1.570796 0.000000 0.000000
75  0.031323 2.100358 -1.138380  0.000000 -0.000000 0.000000
76  -0.024051 1.849582 -1.138377  0.000000 -0.000000 0.000000
time 84
0  0.000006 0.000000 0.000000  -1.570800 -1.391899 -1.570792
1  -4.921969 1.082092 2.232071  -1.544956 -1.855077 -0.198630
2  6.027524 -0.000323 0.000190  -0.747182 -0.995446 -1.552695
3  11.692107 0.000645 -0.000740  -0.890211 -0.000018 -1.391952
4  11.479911 0.000229 -0.000885  1.225960 -0.603154 0.357879
5  3.859502 -0.142824 -1.192079  -0.573871 -0.316762 -1.795817
6  1.312591 0.000009 0.000007  -0.135121 -0.003384 -0.178728
7  0.729354 0.000055 0.000049  -0.006155 -0.010667 -0.248915
8  3.942140 0.046330 -0.431542  -0.497018 0.100803 -1.231861
9  1.539110 0.000083 0.000004  -0.000382 -0.119364 -0.902013
10  1.196330 0.000145 0.000028  0.012615 0.002795 -0.535714
11  3.883509 -0.047213 0.431351  -0.283712 0.421834 -0.633459
12  1.719573 -0.000029 0.000017  0.057360 -0.144594 -1.427911
13  1.209179 0.000089 0.000011  -0.003667 -0.003000 -0.405259
14  4.085234 -0.082653 1.151009  0.076971 0.573771 0.038997
15  1.719450 -0.000017 0.000029  0.015664 -0.064932 -0.867211
16  1.099675 0.000049 0.000006  -0.075642 0.030056 -1.536734
17  0.869860 -1.165528 1.469023  -1.184630 -0.527540 -0.152316
18  1.789820 -0.000003 -0.000018  0.000001 -0.000026 0.636398
19  1.207013 -0.000013 -0.000044  0.000006 -0.000006 -0.137935
20  5.740637 0.000389 -0.000702  -0.108229 0.000003 0.000064
21  11.480989 0.000223 -0.000831  -0.042733 -0.108608 0.037758
22  6.027524 -0.000330 0.000200  1.600190 -0.574767 1.534864
23  -0.000001 11.692100 -0.000007  -0.965049 -0.417379 -0.768316
24  0.000003 0.000008 0.000001  -0.021116 -0.000031 1.570738
25  -0.000000 -0.000012 0.000001  0.868960 0.000002 1.570712
26  -6.617934 -9.178503 0.826812  1.473120 1.855075 -0.198639
27  6.027513 -0.000259 -0.000221  1.520730 0.754736 -0.708481
28  11.691992 0.000161 0.000857  0.141449 0.000072 -1.836665
29  11.479355 -0.000861 0.000954  -1.142790 0.380466 0.885558
30  3.859437 -0.132758 1.193066  0.469647 -0.013262 -1.872395
31  1.312559 0.000026 -0.000001  0.024060 -0.138696 -0.550187
32  0.729344 0.000065 -0.000026  -0.166197 -0.081570 -0.714272
33  3.942046 0.050139 0.431001  0.225309 -0.086237 -1.592712
34  1.539096 0.000005 -0.000001  0.035254 -0.050373 -0.994350
35  1.196300 0.000078 -0.000003  -0.021521 0.002175 -0.839738
36  3.883414 -0.050472 -0.431084  0.184824 -0.271737 -1.204030
37  1.719563 -0.000085 -0.000005  0.022859 -0.107186 -1.509108
38  1.209198 0.000035 0.000012  0.000661 0.071072 -0.480462
39  3.859588 -0.149083 -1.331320  -0.104061 -0.070249 -0.272073
40  1.719415 -0.000098 -0.000035  -0.013177 0.003907 -1.203491
41  1.099674 0.000021 0.000007  -0.005887 -0.007993 -0.771205
42  0.805984 -0.359848 -1.318338  0.991670 0.166767 -0.799527
43  1.789780 -0.000008 -0.000043  0.000058 -0.002451 0.133098
44  1.206996 -0.000007 0.000005  0.000372 -0.000071 1.058780
45  5.740571 0.000079 0.000721  0.172460 -0.000014 0.000028
46  11.480814 -0.000098 0.000936  0.056555 0.082971 0.145456
47  6.027515 -0.000273 -0.000230  -0.910498 -0.520836 -1.709520
48  -0.000000 11.691973 -0.000005  -1.227263 0.672038 0.920661
49  0.000002 -0.000002 0.000001  2.413977 -0.000036 1.570860
50  -0.000006 -0.000014 0.000005  2.272645 -0.000036 1.570861
51  -3.422328 -3.805365 -6.854754  -0.078012 -2.996716 1.465737
52  0.000000 -0.000000 0.000000  0.008153 -0.000259 0.000009
53  0.000000 -0.000000 0.000001  1.565115 0.043565 -0.106862
54  -0.363791 -15.867239 -5.623037  -0.755929 -0.139050 -1.950540
55  -0.000001 -0.000000 0.000000  0.000000 -0.000001 -0.000002
56  0.000029 0.000028 0.000002  -1.571901 -0.044449 -0.106509
57  5.185302 -16.056248 -16.646038  1.570796 -0.000000 0.000000
58  -15.417985 4.000748 -22.641926  1.570796 -0.000000 0.000000
59  2.236387 -0.189356 -5.037201  1.570796 -0.000000 0.000000
60  -0.004311 0.001230 -0.000371  0.006898 -0.005534 -0.284229
61  0.826810 10.209643 -4.879054  1.570796 -0.000000 0.000000
62  0.000000 0.000000 0.000000  -0.078727 -3.136056 0.284226
63  -2.240596 -3.247336 -0.249455  1.570796 -0.000000 0.000000
64  -2.287624 -8.249615 -1.349235  1.570796 0.000000 0.000000
65  0.002681 -3.204031 0.621196  0.000000 -0.000000 0.000000
66  0.048105 -1.112260 5.803837  0.000000 -0.000000 0.000000
67  -1.184782 0.539746 -0.284904  0.000000 -0.000000 0.000000
68  0.047884 -1.610073 21.020466  0.000000 -0.000000 0.000000
69  0.047881 -3.319714 2.472855  0.000000 -0.000000 0.000000
70  0.172180 -2.040368 3.568007  0.000000 -0.000000 0.000000
71  0.654947 -2.537531 2.477230  0.000000 -0.000000 0.000000
72  -2.285144 -12.956001 -5.446409  1.570796 0.000000 0.000000
73  0.017809 1.799356 -0.402361  0.000000 -0.000000 0.000000
74  -2.285144 -12.956001 -5.446409  1.570796 0.000000 0.000000
75  0.031323 2.100358 -1.138380  0.000000 -0.000000 0.000000
76  -0.024051 1.849582 -1.138377  0.000000 -0.000000 0.000000
time 85
0  0.000006 0.000000 0.000000  -1.570800 -1.391899 -1.570792
1  -4.921969 1.082092 2.232071  -1.544956 -1.855077 -0.198630
2  6.027524 -0.000323 0.000190  -0.747182 -0.995446 -1.552695
3  11.692107 0.000645 -0.000740  -0.890211 -0.000018 -1.391952
4  11.479911 0.000229 -0.000885  1.225960 -0.603154 0.357879
5  3.859502 -0.142824 -1.192079  -0.573871 -0.316762 -1.795817
6  1.312591 0.000009 0.000007  -0.135121 -0.003384 -0.178728
7  0.729354 0.000055 0.000049  -0.006155 -0.010667 -0.248915
8  3.942140 0.046330 -0.431542  -0.497018 0.100803 -1.231861
9  1.539110 0.000083 0.000004  -0.000382 -0.119364 -0.902013
10  1.196330 0.000145 0.000028  0.012615 0.002795 -0.535714
11  3.883509 -0.047213 0.431351  -0.283712 0.421834 -0.633459
12  1.719573 -0.000029 0.000017  0.057360 -0.144594 -1.427911
13  1.209179 0.000089 0.000011  -0.003667 -0.003000 -0.405259
14  4.085234 -0.082653 1.151009  0.076971 0.573771 0.038997
15  1.719450 -0.000017 0.000029  0.015664 -0.064932 -0.867211
16  1.099675 0.000049 0.000006  -0.075642 0.030056 -1.536734
17  0.869860 -1.165528 1.469023  -1.184630 -0.527540 -0.152316
18  1.789820 -0.000003 -0.000018  0.000001 -0.000026 0.636398
19  1.207013 -0.000013 -0.000044  0.000006 -0.000006 -0.137935
20  5.740637 0.000389 -0.000702  -0.108229 0.000003 0.000064
21  11.480989 0.000223 -0.000831  -0.042733 -0.108608 0.037758
22  6.027524 -0.000330 0.000200  1.600190 -0.574767 1.534864
23  -0.000001 11.692100 -0.000007  -0.965049 -0.417379 -0.768316
24  0.000003 0.000008 0.000001  -0.021116 -0.000031 1.570738
25  -0.000000 -0.000012 0.000001  0.868960 0.000002 1.570712
26  -6.617934 -9.178503 0.826812  1.473120 1.855075 -0.198639
27  6.027513 -0.000259 -0.000221  1.520730 0.754736 -0.708481
28  11.691992 0.000161 0.000857  0.141449 0.000072 -1.836665
29  11.479355 -0.000861 0.000954  -1.142790 0.380466 0.885558
30  3.859437 -0.132758 1.193066  0.469647 -0.013262 -1.872395
31  1.312559 0.000026 -0.000001  0.024060 -0.138696 -0.550187
32  0.729344 0.000065 -0.000026  -0.166197 -0.081570 -0.714272
33  3.942046 0.050139 0.431001  0.225309 -0.086237 -1.592712
34  1.539096 0.000005 -0.000001  0.035254 -0.050373 -0.994350
35  1.196300 0.000078 -0.000003  -0.021521 0.002175 -0.839738
36  3.883414 -0.050472 -0.431084  0.184824 -0.271737 -1.204030
37  1.719563 -0.000085 -0.000005  0.022859 -0.107186 -1.509108
38  1.209198 0.000035 0.000012  0.000661 0.071072 -0.480462
39  3.859588 -0.149083 -1.331320  -0.104061 -0.070249 -0.272073
40  1.719415 -0.000098 -0.000035  -0.013177 0.003907 -1.203491
41  1.099674 0.000021 0.000007  -0.005887 -0.007993 -0.771205
42  0.805984 -0.359848 -1.318338  0.991670 0.166767 -0.799527
43  1.789780 -0.000008 -0.000043  0.000058 -0.002451 0.133098
44  1.206996 -0.000007 0.000005  0.000372 -0.000071 1.058780
45  5.740571 0.000079 0.000721  0.172460 -0.000014 0.000028
46  11.480814 -0.000098 0.000936  0.056555 0.082971 0.145456
47  6.027515 -0.000273 -0.000230  -0.910498 -0.520836 -1.709520
48  -0.000000 11.691973 -0.000005  -1.227263 0.672038 0.920661
49  0.000002 -0.000002 0.000001  2.413977 -0.000036 1.570860
50  -0.000006 -0.000014 0.000005  2.272645 -0.000036 1.570861
51  -3.422328 -3.805365 -6.854754  -0.078012 -2.996716 1.465737
52  0.000000 -0.000000 0.000000  0.008153 -0.000259 0.000009
53  0.000000 -0.000000 0.000001  1.565115 0.043565 -0.106862
54  -0.363791 -15.867239 -5.623037  -0.755929 -0.139050 -1.950540
55  -0.000001 -0.000000 0.000000  0.000000 -0.000001 -0.000002
56  0.000029 0.000028 0.000002  -1.571901 -0.044449 -0.106509
57  5.185302 -16.056248 -16.646038  1.570796 -0.000000 0.000000
58  -15.417985 4.000748 -22.641926  1.570796 -0.000000 0.000000
59  2.236387 -0.189356 -5.037201  1.570796 -0.000000 0.000000
60  -0.004311 0.001230 -0.000371  0.006898 -0.005534 -0.284229
61  0.826810 10.209643 -4.879054  1.570796 -0.000000 0.000000
62  0.000000 0.000000 0.000000  -0.078727 -3.136056 0.284226
63  -2.240596 -3.247336 -0.249455  1.570796 -0.000000 0.000000
64  -2.287624 -8.249615 -1.349235  1.570796 0.000000 0.000000
65  0.002681 -3.204031 0.621196  0.000000 -0.000000 0.000000
66  0.048105 -1.112260 5.803837  0.000000 -0.000000 0.000000
67  -1.184782 0.539746 -0.284904  0.000000 -0.000000 0.000000
68  0.047884 -1.610073 21.020466  0.000000 -0.000000 0.000000
69  0.047881 -3.319714 2.472855  0.000000 -0.000000 0.000000
70  0.172180 -2.040368 3.568007  0.000000 -0.000000 0.000000
71  0.654947 -2.537531 2.477230  0.000000 -0.000000 0.000000
72  -2.285144 -12.956001 -5.446409  1.570796 0.000000 0.000000
73  0.017809 1.799356 -0.402361  0.000000 -0.000000 0.000000
74  -2.285144 -12.956001 -5.446409  1.570796 0.000000 0.000000
75  0.031323 2.100358 -1.138380  0.000000 -0.000000 0.000000
76  -0.024051 1.849582 -1.138377  0.000000 -0.000000 0.000000
time 86
0  0.000006 0.000000 0.000000  -1.570800 -1.391899 -1.570792
1  -4.921969 1.082092 2.232071  -1.544956 -1.855077 -0.198630
2  6.027524 -0.000323 0.000190  -0.747182 -0.995446 -1.552695
3  11.692107 0.000645 -0.000740  -0.890211 -0.000018 -1.391952
4  11.479911 0.000229 -0.000885  1.225960 -0.603154 0.357879
5  3.859502 -0.142824 -1.192079  -0.573871 -0.316762 -1.795817
6  1.312591 0.000009 0.000007  -0.135121 -0.003384 -0.178728
7  0.729354 0.000055 0.000049  -0.006155 -0.010667 -0.248915
8  3.942140 0.046330 -0.431542  -0.497018 0.100803 -1.231861
9  1.539110 0.000083 0.000004  -0.000382 -0.119364 -0.902013
10  1.196330 0.000145 0.000028  0.012615 0.002795 -0.535714
11  3.883509 -0.047213 0.431351  -0.283712 0.421834 -0.633459
12  1.719573 -0.000029 0.000017  0.057360 -0.144594 -1.427911
13  1.209179 0.000089 0.000011  -0.003667 -0.003000 -0.405259
14  4.085234 -0.082653 1.151009  0.076971 0.573771 0.038997
15  1.719450 -0.000017 0.000029  0.015664 -0.064932 -0.867211
16  1.099675 0.000049 0.000006  -0.075642 0.030056 -1.536734
17  0.869860 -1.165528 1.469023  -1.184630 -0.527540 -0.152316
18  1.789820 -0.000003 -0.000018  0.000001 -0.000026 0.636398
19  1.207013 -0.000013 -0.000044  0.000006 -0.000006 -0.137935
20  5.740637 0.000389 -0.000702  -0.108229 0.000003 0.000064
21  11.480989 0.000223 -0.000831  -0.042733 -0.108608 0.037758
22  6.027524 -0.000330 0.000200  1.600190 -0.574767 1.534864
23  -0.000001 11.692100 -0.000007  -0.965049 -0.417379 -0.768316
24  0.000003 0.000008 0.000001  -0.021116 -0.000031 1.570738
25  -0.000000 -0.000012 0.000001  0.868960 0.000002 1.570712
26  -6.617934 -9.178503 0.826812  1.473120 1.855075 -0.198639
27  6.027513 -0.000259 -0.000221  1.520730 0.754736 -0.708481
28  11.691992 0.000161 0.000857  0.141449 0.000072 -1.836665
29  11.479355 -0.000861 0.000954  -1.142790 0.380466 0.885558
30  3.859437 -0.132758 1.193066  0.469647 -0.013262 -1.872395
31  1.312559 0.000026 -0.000001  0.024060 -0.138696 -0.550187
32  0.729344 0.000065 -0.000026  -0.166197 -0.081570 -0.714272
33  3.942046 0.050139 0.431001  0.225309 -0.086237 -1.592712
34  1.539096 0.000005 -0.000001  0.035254 -0.050373 -0.994350
35  1.196300 0.000078 -0.000003  -0.021521 0.002175 -0.839738
36  3.883414 -0.050472 -0.431084  0.184824 -0.271737 -1.204030
37  1.719563 -0.000085 -0.000005  0.022859 -0.107186 -1.509108
38  1.209198 0.000035 0.000012  0.000661 0.071072 -0.480462
39  3.859588 -0.149083 -1.331320  -0.104061 -0.070249 -0.272073
40  1.719415 -0.000098 -0.000035  -0.013177 0.003907 -1.203491
41  1.099674 0.000021 0.000007  -0.005887 -0.007993 -0.771205
42  0.805984 -0.359848 -1.318338  0.991670 0.166767 -0.799527
43  1.789780 -0.000008 -0.000043  0.000058 -0.002451 0.133098
44  1.206996 -0.000007 0.000005  0.000372 -0.000071 1.058780
45  5.740571 0.000079 0.000721  0.172460 -0.000014 0.000028
46  11.480814 -0.000098 0.000936  0.056555 0.082971 0.145456
47  6.027515 -0.000273 -0.000230  -0.910498 -0.520836 -1.709520
48  -0.000000 11.691973 -0.000005  -1.227263 0.672038 0.920661
49  0.000002 -0.000002 0.000001  2.413977 -0.000036 1.570860
50  -0.000006 -0.000014 0.000005  2.272645 -0.000036 1.570861
51  -3.422328 -3.805365 -6.854754  -0.078012 -2.996716 1.465737
52  0.000000 -0.000000 0.000000  0.008153 -0.000259 0.000009
53  0.000000 -0.000000 0.000001  1.565115 0.043565 -0.106862
54  -0.363791 -15.867239 -5.623037  -0.755929 -0.139050 -1.950540
55  -0.000001 -0.000000 0.000000  0.000000 -0.000001 -0.000002
56  0.000029 0.000028 0.000002  -1.571901 -0.044449 -0.106509
57  5.185302 -16.056248 -16.646038  1.570796 -0.000000 0.000000
58  -15.417985 4.000748 -22.641926  1.570796 -0.000000 0.000000
59  2.236387 -0.189356 -5.037201  1.570796 -0.000000 0.000000
60  -0.004311 0.001230 -0.000371  0.006898 -0.005534 -0.284229
61  0.826810 10.209643 -4.879054  1.570796 -0.000000 0.000000
62  0.000000 0.000000 0.000000  -0.078727 -3.136056 0.284226
63  -2.240596 -3.247336 -0.249455  1.570796 -0.000000 0.000000
64  -2.287624 -8.249615 -1.349235  1.570796 0.000000 0.000000
65  0.002681 -3.204031 0.621196  0.000000 -0.000000 0.000000
66  0.048105 -1.112260 5.803837  0.000000 -0.000000 0.000000
67  -1.184782 0.539746 -0.284904  0.000000 -0.000000 0.000000
68  0.047884 -1.610073 21.020466  0.000000 -0.000000 0.000000
69  0.047881 -3.319714 2.472855  0.000000 -0.000000 0.000000
70  0.172180 -2.040368 3.568007  0.000000 -0.000000 0.000000
71  0.654947 -2.537531 2.477230  0.000000 -0.000000 0.000000
72  -2.285144 -12.956001 -5.446409  1.570796 0.000000 0.000000
73  0.017809 1.799356 -0.402361  0.000000 -0.000000 0.000000
74  -2.285144 -12.956001 -5.446409  1.570796 0.000000 0.000000
75  0.031323 2.100358 -1.138380  0.000000 -0.000000 0.000000
76  -0.024051 1.849582 -1.138377  0.000000 -0.000000 0.000000
time 87
0  0.000006 0.000000 0.000000  -1.570800 -1.391899 -1.570792
1  -4.921969 1.082092 2.232071  -1.544956 -1.855077 -0.198630
2  6.027524 -0.000323 0.000190  -0.747182 -0.995446 -1.552695
3  11.692107 0.000645 -0.000740  -0.890211 -0.000018 -1.391952
4  11.479911 0.000229 -0.000885  1.225960 -0.603154 0.357879
5  3.859502 -0.142824 -1.192079  -0.573871 -0.316762 -1.795817
6  1.312591 0.000009 0.000007  -0.135121 -0.003384 -0.178728
7  0.729354 0.000055 0.000049  -0.006155 -0.010667 -0.248915
8  3.942140 0.046330 -0.431542  -0.497018 0.100803 -1.231861
9  1.539110 0.000083 0.000004  -0.000382 -0.119364 -0.902013
10  1.196330 0.000145 0.000028  0.012615 0.002795 -0.535714
11  3.883509 -0.047213 0.431351  -0.283712 0.421834 -0.633459
12  1.719573 -0.000029 0.000017  0.057360 -0.144594 -1.427911
13  1.209179 0.000089 0.000011  -0.003667 -0.003000 -0.405259
14  4.085234 -0.082653 1.151009  0.076971 0.573771 0.038997
15  1.719450 -0.000017 0.000029  0.015664 -0.064932 -0.867211
16  1.099675 0.000049 0.000006  -0.075642 0.030056 -1.536734
17  0.869860 -1.165528 1.469023  -1.184630 -0.527540 -0.152316
18  1.789820 -0.000003 -0.000018  0.000001 -0.000026 0.636398
19  1.207013 -0.000013 -0.000044  0.000006 -0.000006 -0.137935
20  5.740637 0.000389 -0.000702  -0.108229 0.000003 0.000064
21  11.480989 0.000223 -0.000831  -0.042733 -0.108608 0.037758
22  6.027524 -0.000330 0.000200  1.600190 -0.574767 1.534864
23  -0.000001 11.692100 -0.000007  -0.965049 -0.417379 -0.768316
24  0.000003 0.000008 0.000001  -0.021116 -0.000031 1.570738
25  -0.000000 -0.000012 0.000001  0.868960 0.000002 1.570712
26  -6.617934 -9.178503 0.826812  1.473120 1.855075 -0.198639
27  6.027513 -0.000259 -0.000221  1.520730 0.754736 -0.708481
28  11.691992 0.000161 0.000857  0.141449 0.000072 -1.836665
29  11.479355 -0.000861 0.000954  -1.142790 0.380466 0.885558
30  3.859437 -0.132758 1.193066  0.469647 -0.013262 -1.872395
31  1.312559 0.000026 -0.000001  0.024060 -0.138696 -0.550187
32  0.729344 0.000065 -0.000026  -0.166197 -0.081570 -0.714272
33  3.942046 0.050139 0.431001  0.225309 -0.086237 -1.592712
34  1.539096 0.000005 -0.000001  0.035254 -0.050373 -0.994350
35  1.196300 0.000078 -0.000003  -0.021521 0.002175 -0.839738
36  3.883414 -0.050472 -0.431084  0.184824 -0.271737 -1.204030
37  1.719563 -0.000085 -0.000005  0.022859 -0.107186 -1.509108
38  1.209198 0.000035 0.000012  0.000661 0.071072 -0.480462
39  3.859588 -0.149083 -1.331320  -0.104061 -0.070249 -0.272073
40  1.719415 -0.000098 -0.000035  -0.013177 0.003907 -1.203491
41  1.099674 0.000021 0.000007  -0.005887 -0.007993 -0.771205
42  0.805984 -0.359848 -1.318338  0.991670 0.166767 -0.799527
43  1.789780 -0.000008 -0.000043  0.000058 -0.002451 0.133098
44  1.206996 -0.000007 0.000005  0.000372 -0.000071 1.058780
45  5.740571 0.000079 0.000721  0.172460 -0.000014 0.000028
46  11.480814 -0.000098 0.000936  0.056555 0.082971 0.145456
47  6.027515 -0.000273 -0.000230  -0.910498 -0.520836 -1.709520
48  -0.000000 11.691973 -0.000005  -1.227263 0.672038 0.920661
49  0.000002 -0.000002 0.000001  2.413977 -0.000036 1.570860
50  -0.000006 -0.000014 0.000005  2.272645 -0.000036 1.570861
51  -3.422328 -3.805365 -6.854754  -0.078012 -2.996716 1.465737
52  0.000000 -0.000000 0.000000  0.008153 -0.000259 0.000009
53  0.000000 -0.000000 0.000001  1.565115 0.043565 -0.106862
54  -0.363791 -15.867239 -5.623037  -0.755929 -0.139050 -1.950540
55  -0.000001 -0.000000 0.000000  0.000000 -0.000001 -0.000002
56  0.000029 0.000028 0.000002  -1.571901 -0.044449 -0.106509
57  5.185302 -16.056248 -16.646038  1.570796 -0.000000 0.000000
58  -15.417985 4.000748 -22.641926  1.570796 -0.000000 0.000000
59  2.236387 -0.189356 -5.037201  1.570796 -0.000000 0.000000
60  -0.004311 0.001230 -0.000371  0.006898 -0.005534 -0.284229
61  0.826810 10.209643 -4.879054  1.570796 -0.000000 0.000000
62  0.000000 0.000000 0.000000  -0.078727 -3.136056 0.284226
63  -2.240596 -3.247336 -0.249455  1.570796 -0.000000 0.000000
64  -2.287624 -8.249615 -1.349235  1.570796 0.000000 0.000000
65  0.002681 -3.204031 0.621196  0.000000 -0.000000 0.000000
66  0.048105 -1.112260 5.803837  0.000000 -0.000000 0.000000
67  -1.184782 0.539746 -0.284904  0.000000 -0.000000 0.000000
68  0.047884 -1.610073 21.020466  0.000000 -0.000000 0.000000
69  0.047881 -3.319714 2.472855  0.000000 -0.000000 0.000000
70  0.172180 -2.040368 3.568007  0.000000 -0.000000 0.000000
71  0.654947 -2.537531 2.477230  0.000000 -0.000000 0.000000
72  -2.285144 -12.956001 -5.446409  1.570796 0.000000 0.000000
73  0.017809 1.799356 -0.402361  0.000000 -0.000000 0.000000
74  -2.285144 -12.956001 -5.446409  1.570796 0.000000 0.000000
75  0.031323 2.100358 -1.138380  0.000000 -0.000000 0.000000
76  -0.024051 1.849582 -1.138377  0.000000 -0.000000 0.000000
time 88
0  0.000006 0.000000 0.000000  -1.570800 -1.391899 -1.570792
1  -4.921969 1.082092 2.232071  -1.544956 -1.855077 -0.198630
2  6.027524 -0.000323 0.000190  -0.747182 -0.995446 -1.552695
3  11.692107 0.000645 -0.000740  -0.890211 -0.000018 -1.391952
4  11.479911 0.000229 -0.000885  1.225960 -0.603154 0.357879
5  3.859502 -0.142824 -1.192079  -0.573871 -0.316762 -1.795817
6  1.312591 0.000009 0.000007  -0.135121 -0.003384 -0.178728
7  0.729354 0.000055 0.000049  -0.006155 -0.010667 -0.248915
8  3.942140 0.046330 -0.431542  -0.497018 0.100803 -1.231861
9  1.539110 0.000083 0.000004  -0.000382 -0.119364 -0.902013
10  1.196330 0.000145 0.000028  0.012615 0.002795 -0.535714
11  3.883509 -0.047213 0.431351  -0.283712 0.421834 -0.633459
12  1.719573 -0.000029 0.000017  0.057360 -0.144594 -1.427911
13  1.209179 0.000089 0.000011  -0.003667 -0.003000 -0.405259
14  4.085234 -0.082653 1.151009  0.076971 0.573771 0.038997
15  1.719450 -0.000017 0.000029  0.015664 -0.064932 -0.867211
16  1.099675 0.000049 0.000006  -0.075642 0.030056 -1.536734
17  0.869860 -1.165528 1.469023  -1.184630 -0.527540 -0.152316
18  1.789820 -0.000003 -0.000018  0.000001 -0.000026 0.636398
19  1.207013 -0.000013 -0.000044  0.000006 -0.000006 -0.137935
20  5.740637 0.000389 -0.000702  -0.108229 0.000003 0.000064
21  11.480989 0.000223 -0.000831  -0.042733 -0.108608 0.037758
22  6.027524 -0.000330 0.000200  1.600190 -0.574767 1.534864
23  -0.000001 11.692100 -0.000007  -0.965049 -0.417379 -0.768316
24  0.000003 0.000008 0.000001  -0.021116 -0.000031 1.570738
25  -0.000000 -0.000012 0.000001  0.868960 0.000002 1.570712
26  -6.617934 -9.178503 0.826812  1.473120 1.855075 -0.198639
27  6.027513 -0.000259 -0.000221  1.520730 0.754736 -0.708481
28  11.691992 0.000161 0.000857  0.141449 0.000072 -1.836665
29  11.479355 -0.000861 0.000954  -1.142790 0.380466 0.885558
30  3.859437 -0.132758 1.193066  0.469647 -0.013262 -1.872395
31  1.312559 0.000026 -0.000001  0.024060 -0.138696 -0.550187
32  0.729344 0.000065 -0.000026  -0.166197 -0.081570 -0.714272
33  3.942046 0.050139 0.431001  0.225309 -0.086237 -1.592712
34  1.539096 0.000005 -0.000001  0.035254 -0.050373 -0.994350
35  1.196300 0.000078 -0.000003  -0.021521 0.002175 -0.839738
36  3.883414 -0.050472 -0.431084  0.184824 -0.271737 -1.204030
37  1.719563 -0.000085 -0.000005  0.022859 -0.107186 -1.509108
38  1.209198 0.000035 0.000012  0.000661 0.071072 -0.480462
39  3.859588 -0.149083 -1.331320  -0.104061 -0.070249 -0.272073
40  1.719415 -0.000098 -0.000035  -0.013177 0.003907 -1.203491
41  1.099674 0.000021 0.000007  -0.005887 -0.007993 -0.771205
42  0.805984 -0.359848 -1.318338  0.991670 0.166767 -0.799527
43  1.789780 -0.000008 -0.000043  0.000058 -0.002451 0.133098
44  1.206996 -0.000007 0.000005  0.000372 -0.000071 1.058780
45  5.740571 0.000079 0.000721  0.172460 -0.000014 0.000028
46  11.480814 -0.000098 0.000936  0.056555 0.082971 0.145456
47  6.027515 -0.000273 -0.000230  -0.910498 -0.520836 -1.709520
48  -0.000000 11.691973 -0.000005  -1.227263 0.672038 0.920661
49  0.000002 -0.000002 0.000001  2.413977 -0.000036 1.570860
50  -0.000006 -0.000014 0.000005  2.272645 -0.000036 1.570861
51  -3.422328 -3.805365 -6.854754  -0.078012 -2.996716 1.465737
52  0.000000 -0.000000 0.000000  0.008153 -0.000259 0.000009
53  0.000000 -0.000000 0.000001  1.565115 0.043565 -0.106862
54  -0.363791 -15.867239 -5.623037  -0.755929 -0.139050 -1.950540
55  -0.000001 -0.000000 0.000000  0.000000 -0.000001 -0.000002
56  0.000029 0.000028 0.000002  -1.571901 -0.044449 -0.106509
57  5.185302 -16.056248 -16.646038  1.570796 -0.000000 0.000000
58  -15.417985 4.000748 -22.641926  1.570796 -0.000000 0.000000
59  2.236387 -0.189356 -5.037201  1.570796 -0.000000 0.000000
60  -0.004311 0.001230 -0.000371  0.006898 -0.005534 -0.284229
61  0.826810 10.209643 -4.879054  1.570796 -0.000000 0.000000
62  0.000000 0.000000 0.000000  -0.078727 -3.136056 0.284226
63  -2.240596 -3.247336 -0.249455  1.570796 -0.000000 0.000000
64  -2.287624 -8.249615 -1.349235  1.570796 0.000000 0.000000
65  0.002681 -3.204031 0.621196  0.000000 -0.000000 0.000000
66  0.048105 -1.112260 5.803837  0.000000 -0.000000 0.000000
67  -1.184782 0.539746 -0.284904  0.000000 -0.000000 0.000000
68  0.047884 -1.610073 21.020466  0.000000 -0.000000 0.000000
69  0.047881 -3.319714 2.472855  0.000000 -0.000000 0.000000
70  0.172180 -2.040368 3.568007  0.000000 -0.000000 0.000000
71  0.654947 -2.537531 2.477230  0.000000 -0.000000 0.000000
72  -2.285144 -12.956001 -5.446409  1.570796 0.000000 0.000000
73  0.017809 1.799356 -0.402361  0.000000 -0.000000 0.000000
74  -2.285144 -12.956001 -5.446409  1.570796 0.000000 0.000000
75  0.031323 2.100358 -1.138380  0.000000 -0.000000 0.000000
76  -0.024051 1.849582 -1.138377  0.000000 -0.000000 0.000000
time 89
0  0.000006 0.000000 0.000000  -1.570800 -1.391899 -1.570792
1  -4.921969 1.082092 2.232071  -1.544956 -1.855077 -0.198630
2  6.027524 -0.000323 0.000190  -0.747182 -0.995446 -1.552695
3  11.692107 0.000645 -0.000740  -0.890211 -0.000018 -1.391952
4  11.479911 0.000229 -0.000885  1.225960 -0.603154 0.357879
5  3.859502 -0.142824 -1.192079  -0.573871 -0.316762 -1.795817
6  1.312591 0.000009 0.000007  -0.135121 -0.003384 -0.178728
7  0.729354 0.000055 0.000049  -0.006155 -0.010667 -0.248915
8  3.942140 0.046330 -0.431542  -0.497018 0.100803 -1.231861
9  1.539110 0.000083 0.000004  -0.000382 -0.119364 -0.902013
10  1.196330 0.000145 0.000028  0.012615 0.002795 -0.535714
11  3.883509 -0.047213 0.431351  -0.283712 0.421834 -0.633459
12  1.719573 -0.000029 0.000017  0.057360 -0.144594 -1.427911
13  1.209179 0.000089 0.000011  -0.003667 -0.003000 -0.405259
14  4.085234 -0.082653 1.151009  0.076971 0.573771 0.038997
15  1.719450 -0.000017 0.000029  0.015664 -0.064932 -0.867211
16  1.099675 0.000049 0.000006  -0.075642 0.030056 -1.536734
17  0.869860 -1.165528 1.469023  -1.184630 -0.527540 -0.152316
18  1.789820 -0.000003 -0.000018  0.000001 -0.000026 0.636398
19  1.207013 -0.000013 -0.000044  0.000006 -0.000006 -0.137935
20  5.740637 0.000389 -0.000702  -0.108229 0.000003 0.000064
21  11.480989 0.000223 -0.000831  -0.042733 -0.108608 0.037758
22  6.027524 -0.000330 0.000200  1.600190 -0.574767 1.534864
23  -0.000001 11.692100 -0.000007  -0.965049 -0.417379 -0.768316
24  0.000003 0.000008 0.000001  -0.021116 -0.000031 1.570738
25  -0.000000 -0.000012 0.000001  0.868960 0.000002 1.570712
26  -6.617934 -9.178503 0.826812  1.473120 1.855075 -0.198639
27  6.027513 -0.000259 -0.000221  1.520730 0.754736 -0.708481
28  11.691992 0.000161 0.000857  0.141449 0.000072 -1.836665
29  11.479355 -0.000861 0.000954  -1.142790 0.380466 0.885558
30  3.859437 -0.132758 1.193066  0.469647 -0.013262 -1.872395
31  1.312559 0.000026 -0.000001  0.024060 -0.138696 -0.550187
32  0.729344 0.000065 -0.000026  -0.166197 -0.081570 -0.714272
33  3.942046 0.050139 0.431001  0.225309 -0.086237 -1.592712
34  1.539096 0.000005 -0.000001  0.035254 -0.050373 -0.994350
35  1.196300 0.000078 -0.000003  -0.021521 0.002175 -0.839738
36  3.883414 -0.050472 -0.431084  0.184824 -0.271737 -1.204030
37  1.719563 -0.000085 -0.000005  0.022859 -0.107186 -1.509108
38  1.209198 0.000035 0.000012  0.000661 0.071072 -0.480462
39  3.859588 -0.149083 -1.331320  -0.104061 -0.070249 -0.272073
40  1.719415 -0.000098 -0.000035  -0.013177 0.003907 -1.203491
41  1.099674 0.000021 0.000007  -0.005887 -0.007993 -0.771205
42  0.805984 -0.359848 -1.318338  0.991670 0.166767 -0.799527
43  1.789780 -0.000008 -0.000043  0.000058 -0.002451 0.133098
44  1.206996 -0.000007 0.000005  0.000372 -0.000071 1.058780
45  5.740571 0.000079 0.000721  0.172460 -0.000014 0.000028
46  11.480814 -0.000098 0.000936  0.056555 0.082971 0.145456
47  6.027515 -0.000273 -0.000230  -0.910498 -0.520836 -1.709520
48  -0.000000 11.691973 -0.000005  -1.227263 0.672038 0.920661
49  0.000002 -0.000002 0.000001  2.413977 -0.000036 1.570860
50  -0.000006 -0.000014 0.000005  2.272645 -0.000036 1.570861
51  -3.422328 -3.805365 -6.854754  -0.078012 -2.996716 1.465737
52  0.000000 -0.000000 0.000000  0.008153 -0.000259 0.000009
53  0.000000 -0.000000 0.000001  1.565115 0.043565 -0.106862
54  -0.363791 -15.867239 -5.623037  -0.755929 -0.139050 -1.950540
55  -0.000001 -0.000000 0.000000  0.000000 -0.000001 -0.000002
56  0.000029 0.000028 0.000002  -1.571901 -0.044449 -0.106509
57  5.185302 -16.056248 -16.646038  1.570796 -0.000000 0.000000
58  -15.417985 4.000748 -22.641926  1.570796 -0.000000 0.000000
59  2.236387 -0.189356 -5.037201  1.570796 -0.000000 0.000000
60  -0.004311 0.001230 -0.000371  0.006898 -0.005534 -0.284229
61  0.826810 10.209643 -4.879054  1.570796 -0.000000 0.000000
62  0.000000 0.000000 0.000000  -0.078727 -3.136056 0.284226
63  -2.240596 -3.247336 -0.249455  1.570796 -0.000000 0.000000
64  -2.287624 -8.249615 -1.349235  1.570796 0.000000 0.000000
65  0.002681 -3.204031 0.621196  0.000000 -0.000000 0.000000
66  0.048105 -1.112260 5.803837  0.000000 -0.000000 0.000000
67  -1.184782 0.539746 -0.284904  0.000000 -0.000000 0.000000
68  0.047884 -1.610073 21.020466  0.000000 -0.000000 0.000000
69  0.047881 -3.319714 2.472855  0.000000 -0.000000 0.000000
70  0.172180 -2.040368 3.568007  0.000000 -0.000000 0.000000
71  0.654947 -2.537531 2.477230  0.000000 -0.000000 0.000000
72  -2.285144 -12.956001 -5.446409  1.570796 0.000000 0.000000
73  0.017809 1.799356 -0.402361  0.000000 -0.000000 0.000000
74  -2.285144 -12.956001 -5.446409  1.570796 0.000000 0.000000
75  0.031323 2.100358 -1.138380  0.000000 -0.000000 0.000000
76  -0.024051 1.849582 -1.138377  0.000000 -0.000000 0.000000
time 90
0  0.000006 0.000000 0.000000  -1.570800 -1.391899 -1.570792
1  -4.921969 1.082092 2.232071  -1.544956 -1.855077 -0.198630
2  6.027524 -0.000323 0.000190  -0.747182 -0.995446 -1.552695
3  11.692107 0.000645 -0.000740  -0.890211 -0.000018 -1.391952
4  11.479911 0.000229 -0.000885  1.225960 -0.603154 0.357879
5  3.859502 -0.142824 -1.192079  -0.573871 -0.316762 -1.795817
6  1.312591 0.000009 0.000007  -0.135121 -0.003384 -0.178728
7  0.729354 0.000055 0.000049  -0.006155 -0.010667 -0.248915
8  3.942140 0.046330 -0.431542  -0.497018 0.100803 -1.231861
9  1.539110 0.000083 0.000004  -0.000382 -0.119364 -0.902013
10  1.196330 0.000145 0.000028  0.012615 0.002795 -0.535714
11  3.883509 -0.047213 0.431351  -0.283712 0.421834 -0.633459
12  1.719573 -0.000029 0.000017  0.057360 -0.144594 -1.427911
13  1.209179 0.000089 0.000011  -0.003667 -0.003000 -0.405259
14  4.085234 -0.082653 1.151009  0.076971 0.573771 0.038997
15  1.719450 -0.000017 0.000029  0.015664 -0.064932 -0.867211
16  1.099675 0.000049 0.000006  -0.075642 0.030056 -1.536734
17  0.869860 -1.165528 1.469023  -1.184630 -0.527540 -0.152316
18  1.789820 -0.000003 -0.000018  0.000001 -0.000026 0.636398
19  1.207013 -0.000013 -0.000044  0.000006 -0.000006 -0.137935
20  5.740637 0.000389 -0.000702  -0.108229 0.000003 0.000064
21  11.480989 0.000223 -0.000831  -0.042733 -0.108608 0.037758
22  6.027524 -0.000330 0.000200  1.600190 -0.574767 1.534864
23  -0.000001 11.692100 -0.000007  -0.965049 -0.417379 -0.768316
24  0.000003 0.000008 0.000001  -0.021116 -0.000031 1.570738
25  -0.000000 -0.000012 0.000001  0.868960 0.000002 1.570712
26  -6.617934 -9.178503 0.826812  1.473120 1.855075 -0.198639
27  6.027513 -0.000259 -0.000221  1.520730 0.754736 -0.708481
28  11.691992 0.000161 0.000857  0.141449 0.000072 -1.836665
29  11.479355 -0.000861 0.000954  -1.142790 0.380466 0.885558
30  3.859437 -0.132758 1.193066  0.469647 -0.013262 -1.872395
31  1.312559 0.000026 -0.000001  0.024060 -0.138696 -0.550187
32  0.729344 0.000065 -0.000026  -0.166197 -0.081570 -0.714272
33  3.942046 0.050139 0.431001  0.225309 -0.086237 -1.592712
34  1.539096 0.000005 -0.000001  0.035254 -0.050373 -0.994350
35  1.196300 0.000078 -0.000003  -0.021521 0.002175 -0.839738
36  3.883414 -0.050472 -0.431084  0.184824 -0.271737 -1.204030
37  1.719563 -0.000085 -0.000005  0.022859 -0.107186 -1.509108
38  1.209198 0.000035 0.000012  0.000661 0.071072 -0.480462
39  3.859588 -0.149083 -1.331320  -0.104061 -0.070249 -0.272073
40  1.719415 -0.000098 -0.000035  -0.013177 0.003907 -1.203491
41  1.099674 0.000021 0.000007  -0.005887 -0.007993 -0.771205
42  0.805984 -0.359848 -1.318338  0.991670 0.166767 -0.799527
43  1.789780 -0.000008 -0.000043  0.000058 -0.002451 0.133098
44  1.206996 -0.000007 0.000005  0.000372 -0.000071 1.058780
45  5.740571 0.000079 0.000721  0.172460 -0.000014 0.000028
46  11.480814 -0.000098 0.000936  0.056555 0.082971 0.145456
47  6.027515 -0.000273 -0.000230  -0.910498 -0.520836 -1.709520
48  -0.000000 11.691973 -0.000005  -1.227263 0.672038 0.920661
49  0.000002 -0.000002 0.000001  2.413977 -0.000036 1.570860
50  -0.000006 -0.000014 0.000005  2.272645 -0.000036 1.570861
51  -3.422328 -3.805365 -6.854754  -0.078012 -2.996716 1.465737
52  0.000000 -0.000000 0.000000  0.008153 -0.000259 0.000009
53  0.000000 -0.000000 0.000001  1.565115 0.043565 -0.106862
54  -0.363791 -15.867239 -5.623037  -0.755929 -0.139050 -1.950540
55  -0.000001 -0.000000 0.000000  0.000000 -0.000001 -0.000002
56  0.000029 0.000028 0.000002  -1.571901 -0.044449 -0.106509
57  5.185302 -16.056248 -16.646038  1.570796 -0.000000 0.000000
58  -15.417985 4.000748 -22.641926  1.570796 -0.000000 0.000000
59  2.236387 -0.189356 -5.037201  1.570796 -0.000000 0.000000
60  -0.004311 0.001230 -0.000371  0.006898 -0.005534 -0.284229
61  0.826810 10.209643 -4.879054  1.570796 -0.000000 0.000000
62  0.000000 0.000000 0.000000  -0.078727 -3.136056 0.284226
63  -2.240596 -3.247336 -0.249455  1.570796 -0.000000 0.000000
64  -2.287624 -8.249615 -1.349235  1.570796 0.000000 0.000000
65  0.002681 -3.204031 0.621196  0.000000 -0.000000 0.000000
66  0.048105 -1.112260 5.803837  0.000000 -0.000000 0.000000
67  -1.184782 0.539746 -0.284904  0.000000 -0.000000 0.000000
68  0.047884 -1.610073 21.020466  0.000000 -0.000000 0.000000
69  0.047881 -3.319714 2.472855  0.000000 -0.000000 0.000000
70  0.172180 -2.040368 3.568007  0.000000 -0.000000 0.000000
71  0.654947 -2.537531 2.477230  0.000000 -0.000000 0.000000
72  -2.285144 -12.956001 -5.446409  1.570796 0.000000 0.000000
73  0.017809 1.799356 -0.402361  0.000000 -0.000000 0.000000
74  -2.285144 -12.956001 -5.446409  1.570796 0.000000 0.000000
75  0.031323 2.100358 -1.138380  0.000000 -0.000000 0.000000
76  -0.024051 1.849582 -1.138377  0.000000 -0.000000 0.000000
time 91
0  0.000006 0.000000 0.000000  -1.570800 -1.391899 -1.570792
1  -4.921969 1.082092 2.232071  -1.544956 -1.855077 -0.198630
2  6.027524 -0.000323 0.000190  -0.747182 -0.995446 -1.552695
3  11.692107 0.000645 -0.000740  -0.890211 -0.000018 -1.391952
4  11.479911 0.000229 -0.000885  1.225960 -0.603154 0.357879
5  3.859502 -0.142824 -1.192079  -0.573871 -0.316762 -1.795817
6  1.312591 0.000009 0.000007  -0.135121 -0.003384 -0.178728
7  0.729354 0.000055 0.000049  -0.006155 -0.010667 -0.248915
8  3.942140 0.046330 -0.431542  -0.497018 0.100803 -1.231861
9  1.539110 0.000083 0.000004  -0.000382 -0.119364 -0.902013
10  1.196330 0.000145 0.000028  0.012615 0.002795 -0.535714
11  3.883509 -0.047213 0.431351  -0.283712 0.421834 -0.633459
12  1.719573 -0.000029 0.000017  0.057360 -0.144594 -1.427911
13  1.209179 0.000089 0.000011  -0.003667 -0.003000 -0.405259
14  4.085234 -0.082653 1.151009  0.076971 0.573771 0.038997
15  1.719450 -0.000017 0.000029  0.015664 -0.064932 -0.867211
16  1.099675 0.000049 0.000006  -0.075642 0.030056 -1.536734
17  0.869860 -1.165528 1.469023  -1.184630 -0.527540 -0.152316
18  1.789820 -0.000003 -0.000018  0.000001 -0.000026 0.636398
19  1.207013 -0.000013 -0.000044  0.000006 -0.000006 -0.137935
20  5.740637 0.000389 -0.000702  -0.108229 0.000003 0.000064
21  11.480989 0.000223 -0.000831  -0.042733 -0.108608 0.037758
22  6.027524 -0.000330 0.000200  1.600190 -0.574767 1.534864
23  -0.000001 11.692100 -0.000007  -0.965049 -0.417379 -0.768316
24  0.000003 0.000008 0.000001  -0.021116 -0.000031 1.570738
25  -0.000000 -0.000012 0.000001  0.868960 0.000002 1.570712
26  -6.617934 -9.178503 0.826812  1.473120 1.855075 -0.198639
27  6.027513 -0.000259 -0.000221  1.520730 0.754736 -0.708481
28  11.691992 0.000161 0.000857  0.141449 0.000072 -1.836665
29  11.479355 -0.000861 0.000954  -1.142790 0.380466 0.885558
30  3.859437 -0.132758 1.193066  0.469647 -0.013262 -1.872395
31  1.312559 0.000026 -0.000001  0.024060 -0.138696 -0.550187
32  0.729344 0.000065 -0.000026  -0.166197 -0.081570 -0.714272
33  3.942046 0.050139 0.431001  0.225309 -0.086237 -1.592712
34  1.539096 0.000005 -0.000001  0.035254 -0.050373 -0.994350
35  1.196300 0.000078 -0.000003  -0.021521 0.002175 -0.839738
36  3.883414 -0.050472 -0.431084  0.184824 -0.271737 -1.204030
37  1.719563 -0.000085 -0.000005  0.022859 -0.107186 -1.509108
38  1.209198 0.000035 0.000012  0.000661 0.071072 -0.480462
39  3.859588 -0.149083 -1.331320  -0.104061 -0.070249 -0.272073
40  1.719415 -0.000098 -0.000035  -0.013177 0.003907 -1.203491
41  1.099674 0.000021 0.000007  -0.005887 -0.007993 -0.771205
42  0.805984 -0.359848 -1.318338  0.991670 0.166767 -0.799527
43  1.789780 -0.000008 -0.000043  0.000058 -0.002451 0.133098
44  1.206996 -0.000007 0.000005  0.000372 -0.000071 1.058780
45  5.740571 0.000079 0.000721  0.172460 -0.000014 0.000028
46  11.480814 -0.000098 0.000936  0.056555 0.082971 0.145456
47  6.027515 -0.000273 -0.000230  -0.910498 -0.520836 -1.709520
48  -0.000000 11.691973 -0.000005  -1.227263 0.672038 0.920661
49  0.000002 -0.000002 0.000001  2.413977 -0.000036 1.570860
50  -0.000006 -0.000014 0.000005  2.272645 -0.000036 1.570861
51  -3.422328 -3.805365 -6.854754  -0.078012 -2.996716 1.465737
52  0.000000 -0.000000 0.000000  0.008153 -0.000259 0.000009
53  0.000000 -0.000000 0.000001  1.565115 0.043565 -0.106862
54  -0.363791 -15.867239 -5.623037  -0.755929 -0.139050 -1.950540
55  -0.000001 -0.000000 0.000000  0.000000 -0.000001 -0.000002
56  0.000029 0.000028 0.000002  -1.571901 -0.044449 -0.106509
57  5.185302 -16.056248 -16.646038  1.570796 -0.000000 0.000000
58  -15.417985 4.000748 -22.641926  1.570796 -0.000000 0.000000
59  2.236387 -0.189356 -5.037201  1.570796 -0.000000 0.000000
60  -0.004311 0.001230 -0.000371  0.006898 -0.005534 -0.284229
61  0.826810 10.209643 -4.879054  1.570796 -0.000000 0.000000
62  0.000000 0.000000 0.000000  -0.078727 -3.136056 0.284226
63  -2.240596 -3.247336 -0.249455  1.570796 -0.000000 0.000000
64  -2.287624 -8.249615 -1.349235  1.570796 0.000000 0.000000
65  0.002681 -3.204031 0.621196  0.000000 -0.000000 0.000000
66  0.048105 -1.112260 5.803837  0.000000 -0.000000 0.000000
67  -1.184782 0.539746 -0.284904  0.000000 -0.000000 0.000000
68  0.047884 -1.610073 21.020466  0.000000 -0.000000 0.000000
69  0.047881 -3.319714 2.472855  0.000000 -0.000000 0.000000
70  0.172180 -2.040368 3.568007  0.000000 -0.000000 0.000000
71  0.654947 -2.537531 2.477230  0.000000 -0.000000 0.000000
72  -2.285144 -12.956001 -5.446409  1.570796 0.000000 0.000000
73  0.017809 1.799356 -0.402361  0.000000 -0.000000 0.000000
74  -2.285144 -12.956001 -5.446409  1.570796 0.000000 0.000000
75  0.031323 2.100358 -1.138380  0.000000 -0.000000 0.000000
76  -0.024051 1.849582 -1.138377  0.000000 -0.000000 0.000000
time 92
0  0.000006 0.000000 0.000000  -1.570800 -1.391899 -1.570792
1  -4.921969 1.082092 2.232071  -1.544956 -1.855077 -0.198630
2  6.027524 -0.000323 0.000190  -0.747182 -0.995446 -1.552695
3  11.692107 0.000645 -0.000740  -0.890211 -0.000018 -1.391952
4  11.479911 0.000229 -0.000885  1.225960 -0.603154 0.357879
5  3.859502 -0.142824 -1.192079  -0.573871 -0.316762 -1.795817
6  1.312591 0.000009 0.000007  -0.135121 -0.003384 -0.178728
7  0.729354 0.000055 0.000049  -0.006155 -0.010667 -0.248915
8  3.942140 0.046330 -0.431542  -0.497018 0.100803 -1.231861
9  1.539110 0.000083 0.000004  -0.000382 -0.119364 -0.902013
10  1.196330 0.000145 0.000028  0.012615 0.002795 -0.535714
11  3.883509 -0.047213 0.431351  -0.283712 0.421834 -0.633459
12  1.719573 -0.000029 0.000017  0.057360 -0.144594 -1.427911
13  1.209179 0.000089 0.000011  -0.003667 -0.003000 -0.405259
14  4.085234 -0.082653 1.151009  0.076971 0.573771 0.038997
15  1.719450 -0.000017 0.000029  0.015664 -0.064932 -0.867211
16  1.099675 0.000049 0.000006  -0.075642 0.030056 -1.536734
17  0.869860 -1.165528 1.469023  -1.184630 -0.527540 -0.152316
18  1.789820 -0.000003 -0.000018  0.000001 -0.000026 0.636398
19  1.207013 -0.000013 -0.000044  0.000006 -0.000006 -0.137935
20  5.740637 0.000389 -0.000702  -0.108229 0.000003 0.000064
21  11.480989 0.000223 -0.000831  -0.042733 -0.108608 0.037758
22  6.027524 -0.000330 0.000200  1.600190 -0.574767 1.534864
23  -0.000001 11.692100 -0.000007  -0.965049 -0.417379 -0.768316
24  0.000003 0.000008 0.000001  -0.021116 -0.000031 1.570738
25  -0.000000 -0.000012 0.000001  0.868960 0.000002 1.570712
26  -6.617934 -9.178503 0.826812  1.473120 1.855075 -0.198639
27  6.027513 -0.000259 -0.000221  1.520730 0.754736 -0.708481
28  11.691992 0.000161 0.000857  0.141449 0.000072 -1.836665
29  11.479355 -0.000861 0.000954  -1.142790 0.380466 0.885558
30  3.859437 -0.132758 1.193066  0.469647 -0.013262 -1.872395
31  1.312559 0.000026 -0.000001  0.024060 -0.138696 -0.550187
32  0.729344 0.000065 -0.000026  -0.166197 -0.081570 -0.714272
33  3.942046 0.050139 0.431001  0.225309 -0.086237 -1.592712
34  1.539096 0.000005 -0.000001  0.035254 -0.050373 -0.994350
35  1.196300 0.000078 -0.000003  -0.021521 0.002175 -0.839738
36  3.883414 -0.050472 -0.431084  0.184824 -0.271737 -1.204030
37  1.719563 -0.000085 -0.000005  0.022859 -0.107186 -1.509108
38  1.209198 0.000035 0.000012  0.000661 0.071072 -0.480462
39  3.859588 -0.149083 -1.331320  -0.104061 -0.070249 -0.272073
40  1.719415 -0.000098 -0.000035  -0.013177 0.003907 -1.203491
41  1.099674 0.000021 0.000007  -0.005887 -0.007993 -0.771205
42  0.805984 -0.359848 -1.318338  0.991670 0.166767 -0.799527
43  1.789780 -0.000008 -0.000043  0.000058 -0.002451 0.133098
44  1.206996 -0.000007 0.000005  0.000372 -0.000071 1.058780
45  5.740571 0.000079 0.000721  0.172460 -0.000014 0.000028
46  11.480814 -0.000098 0.000936  0.056555 0.082971 0.145456
47  6.027515 -0.000273 -0.000230  -0.910498 -0.520836 -1.709520
48  -0.000000 11.691973 -0.000005  -1.227263 0.672038 0.920661
49  0.000002 -0.000002 0.000001  2.413977 -0.000036 1.570860
50  -0.000006 -0.000014 0.000005  2.272645 -0.000036 1.570861
51  -3.422328 -3.805365 -6.854754  -0.078012 -2.996716 1.465737
52  0.000000 -0.000000 0.000000  0.008153 -0.000259 0.000009
53  0.000000 -0.000000 0.000001  1.565115 0.043565 -0.106862
54  -0.363791 -15.867239 -5.623037  -0.755929 -0.139050 -1.950540
55  -0.000001 -0.000000 0.000000  0.000000 -0.000001 -0.000002
56  0.000029 0.000028 0.000002  -1.571901 -0.044449 -0.106509
57  5.185302 -16.056248 -16.646038  1.570796 -0.000000 0.000000
58  -15.417985 4.000748 -22.641926  1.570796 -0.000000 0.000000
59  2.236387 -0.189356 -5.037201  1.570796 -0.000000 0.000000
60  -0.004311 0.001230 -0.000371  0.006898 -0.005534 -0.284229
61  0.826810 10.209643 -4.879054  1.570796 -0.000000 0.000000
62  0.000000 0.000000 0.000000  -0.078727 -3.136056 0.284226
63  -2.240596 -3.247336 -0.249455  1.570796 -0.000000 0.000000
64  -2.287624 -8.249615 -1.349235  1.570796 0.000000 0.000000
65  0.002681 -3.204031 0.621196  0.000000 -0.000000 0.000000
66  0.048105 -1.112260 5.803837  0.000000 -0.000000 0.000000
67  -1.184782 0.539746 -0.284904  0.000000 -0.000000 0.000000
68  0.047884 -1.610073 21.020466  0.000000 -0.000000 0.000000
69  0.047881 -3.319714 2.472855  0.000000 -0.000000 0.000000
70  0.172180 -2.040368 3.568007  0.000000 -0.000000 0.000000
71  0.654947 -2.537531 2.477230  0.000000 -0.000000 0.000000
72  -2.285144 -12.956001 -5.446409  1.570796 0.000000 0.000000
73  0.017809 1.799356 -0.402361  0.000000 -0.000000 0.000000
74  -2.285144 -12.956001 -5.446409  1.570796 0.000000 0.000000
75  0.031323 2.100358 -1.138380  0.000000 -0.000000 0.000000
76  -0.024051 1.849582 -1.138377  0.000000 -0.000000 0.000000
time 93
0  0.000006 0.000000 0.000000  -1.570800 -1.391899 -1.570792
1  -4.921969 1.082092 2.232071  -1.544956 -1.855077 -0.198630
2  6.027524 -0.000323 0.000190  -0.747182 -0.995446 -1.552695
3  11.692107 0.000645 -0.000740  -0.890211 -0.000018 -1.391952
4  11.479911 0.000229 -0.000885  1.225960 -0.603154 0.357879
5  3.859502 -0.142824 -1.192079  -0.573871 -0.316762 -1.795817
6  1.312591 0.000009 0.000007  -0.135121 -0.003384 -0.178728
7  0.729354 0.000055 0.000049  -0.006155 -0.010667 -0.248915
8  3.942140 0.046330 -0.431542  -0.497018 0.100803 -1.231861
9  1.539110 0.000083 0.000004  -0.000382 -0.119364 -0.902013
10  1.196330 0.000145 0.000028  0.012615 0.002795 -0.535714
11  3.883509 -0.047213 0.431351  -0.283712 0.421834 -0.633459
12  1.719573 -0.000029 0.000017  0.057360 -0.144594 -1.427911
13  1.209179 0.000089 0.000011  -0.003667 -0.003000 -0.405259
14  4.085234 -0.082653 1.151009  0.076971 0.573771 0.038997
15  1.719450 -0.000017 0.000029  0.015664 -0.064932 -0.867211
16  1.099675 0.000049 0.000006  -0.075642 0.030056 -1.536734
17  0.869860 -1.165528 1.469023  -1.184630 -0.527540 -0.152316
18  1.789820 -0.000003 -0.000018  0.000001 -0.000026 0.636398
19  1.207013 -0.000013 -0.000044  0.000006 -0.000006 -0.137935
20  5.740637 0.000389 -0.000702  -0.108229 0.000003 0.000064
21  11.480989 0.000223 -0.000831  -0.042733 -0.108608 0.037758
22  6.027524 -0.000330 0.000200  1.600190 -0.574767 1.534864
23  -0.000001 11.692100 -0.000007  -0.965049 -0.417379 -0.768316
24  0.000003 0.000008 0.000001  -0.021116 -0.000031 1.570738
25  -0.000000 -0.000012 0.000001  0.868960 0.000002 1.570712
26  -6.617934 -9.178503 0.826812  1.473120 1.855075 -0.198639
27  6.027513 -0.000259 -0.000221  1.520730 0.754736 -0.708481
28  11.691992 0.000161 0.000857  0.141449 0.000072 -1.836665
29  11.479355 -0.000861 0.000954  -1.142790 0.380466 0.885558
30  3.859437 -0.132758 1.193066  0.469647 -0.013262 -1.872395
31  1.312559 0.000026 -0.000001  0.024060 -0.138696 -0.550187
32  0.729344 0.000065 -0.000026  -0.166197 -0.081570 -0.714272
33  3.942046 0.050139 0.431001  0.225309 -0.086237 -1.592712
34  1.539096 0.000005 -0.000001  0.035254 -0.050373 -0.994350
35  1.196300 0.000078 -0.000003  -0.021521 0.002175 -0.839738
36  3.883414 -0.050472 -0.431084  0.184824 -0.271737 -1.204030
37  1.719563 -0.000085 -0.000005  0.022859 -0.107186 -1.509108
38  1.209198 0.000035 0.000012  0.000661 0.071072 -0.480462
39  3.859588 -0.149083 -1.331320  -0.104061 -0.070249 -0.272073
40  1.719415 -0.000098 -0.000035  -0.013177 0.003907 -1.203491
41  1.099674 0.000021 0.000007  -0.005887 -0.007993 -0.771205
42  0.805984 -0.359848 -1.318338  0.991670 0.166767 -0.799527
43  1.789780 -0.000008 -0.000043  0.000058 -0.002451 0.133098
44  1.206996 -0.000007 0.000005  0.000372 -0.000071 1.058780
45  5.740571 0.000079 0.000721  0.172460 -0.000014 0.000028
46  11.480814 -0.000098 0.000936  0.056555 0.082971 0.145456
47  6.027515 -0.000273 -0.000230  -0.910498 -0.520836 -1.709520
48  -0.000000 11.691973 -0.000005  -1.227263 0.672038 0.920661
49  0.000002 -0.000002 0.000001  2.413977 -0.000036 1.570860
50  -0.000006 -0.000014 0.000005  2.272645 -0.000036 1.570861
51  -3.422328 -3.805365 -6.854754  -0.078012 -2.996716 1.465737
52  0.000000 -0.000000 0.000000  0.008153 -0.000259 0.000009
53  0.000000 -0.000000 0.000001  1.565115 0.043565 -0.106862
54  -0.363791 -15.867239 -5.623037  -0.755929 -0.139050 -1.950540
55  -0.000001 -0.000000 0.000000  0.000000 -0.000001 -0.000002
56  0.000029 0.000028 0.000002  -1.571901 -0.044449 -0.106509
57  5.185302 -16.056248 -16.646038  1.570796 -0.000000 0.000000
58  -15.417985 4.000748 -22.641926  1.570796 -0.000000 0.000000
59  2.236387 -0.189356 -5.037201  1.570796 -0.000000 0.000000
60  -0.004311 0.001230 -0.000371  0.006898 -0.005534 -0.284229
61  0.826810 10.209643 -4.879054  1.570796 -0.000000 0.000000
62  0.000000 0.000000 0.000000  -0.078727 -3.136056 0.284226
63  -2.240596 -3.247336 -0.249455  1.570796 -0.000000 0.000000
64  -2.287624 -8.249615 -1.349235  1.570796 0.000000 0.000000
65  0.002681 -3.204031 0.621196  0.000000 -0.000000 0.000000
66  0.048105 -1.112260 5.803837  0.000000 -0.000000 0.000000
67  -1.184782 0.539746 -0.284904  0.000000 -0.000000 0.000000
68  0.047884 -1.610073 21.020466  0.000000 -0.000000 0.000000
69  0.047881 -3.319714 2.472855  0.000000 -0.000000 0.000000
70  0.172180 -2.040368 3.568007  0.000000 -0.000000 0.000000
71  0.654947 -2.537531 2.477230  0.000000 -0.000000 0.000000
72  -2.285144 -12.956001 -5.446409  1.570796 0.000000 0.000000
73  0.017809 1.799356 -0.402361  0.000000 -0.000000 0.000000
74  -2.285144 -12.956001 -5.446409  1.570796 0.000000 0.000000
75  0.031323 2.100358 -1.138380  0.000000 -0.000000 0.000000
76  -0.024051 1.849582 -1.138377  0.000000 -0.000000 0.000000
time 94
0  0.000006 0.000000 0.000000  -1.570800 -1.391899 -1.570792
1  -4.921969 1.082092 2.232071  -1.544956 -1.855077 -0.198630
2  6.027524 -0.000323 0.000190  -0.747182 -0.995446 -1.552695
3  11.692107 0.000645 -0.000740  -0.890211 -0.000018 -1.391952
4  11.479911 0.000229 -0.000885  1.225960 -0.603154 0.357879
5  3.859502 -0.142824 -1.192079  -0.573871 -0.316762 -1.795817
6  1.312591 0.000009 0.000007  -0.135121 -0.003384 -0.178728
7  0.729354 0.000055 0.000049  -0.006155 -0.010667 -0.248915
8  3.942140 0.046330 -0.431542  -0.497018 0.100803 -1.231861
9  1.539110 0.000083 0.000004  -0.000382 -0.119364 -0.902013
10  1.196330 0.000145 0.000028  0.012615 0.002795 -0.535714
11  3.883509 -0.047213 0.431351  -0.283712 0.421834 -0.633459
12  1.719573 -0.000029 0.000017  0.057360 -0.144594 -1.427911
13  1.209179 0.000089 0.000011  -0.003667 -0.003000 -0.405259
14  4.085234 -0.082653 1.151009  0.076971 0.573771 0.038997
15  1.719450 -0.000017 0.000029  0.015664 -0.064932 -0.867211
16  1.099675 0.000049 0.000006  -0.075642 0.030056 -1.536734
17  0.869860 -1.165528 1.469023  -1.184630 -0.527540 -0.152316
18  1.789820 -0.000003 -0.000018  0.000001 -0.000026 0.636398
19  1.207013 -0.000013 -0.000044  0.000006 -0.000006 -0.137935
20  5.740637 0.000389 -0.000702  -0.108229 0.000003 0.000064
21  11.480989 0.000223 -0.000831  -0.042733 -0.108608 0.037758
22  6.027524 -0.000330 0.000200  1.600190 -0.574767 1.534864
23  -0.000001 11.692100 -0.000007  -0.965049 -0.417379 -0.768316
24  0.000003 0.000008 0.000001  -0.021116 -0.000031 1.570738
25  -0.000000 -0.000012 0.000001  0.868960 0.000002 1.570712
26  -6.617934 -9.178503 0.826812  1.473120 1.855075 -0.198639
27  6.027513 -0.000259 -0.000221  1.520730 0.754736 -0.708481
28  11.691992 0.000161 0.000857  0.141449 0.000072 -1.836665
29  11.479355 -0.000861 0.000954  -1.142790 0.380466 0.885558
30  3.859437 -0.132758 1.193066  0.469647 -0.013262 -1.872395
31  1.312559 0.000026 -0.000001  0.024060 -0.138696 -0.550187
32  0.729344 0.000065 -0.000026  -0.166197 -0.081570 -0.714272
33  3.942046 0.050139 0.431001  0.225309 -0.086237 -1.592712
34  1.539096 0.000005 -0.000001  0.035254 -0.050373 -0.994350
35  1.196300 0.000078 -0.000003  -0.021521 0.002175 -0.839738
36  3.883414 -0.050472 -0.431084  0.184824 -0.271737 -1.204030
37  1.719563 -0.000085 -0.000005  0.022859 -0.107186 -1.509108
38  1.209198 0.000035 0.000012  0.000661 0.071072 -0.480462
39  3.859588 -0.149083 -1.331320  -0.104061 -0.070249 -0.272073
40  1.719415 -0.000098 -0.000035  -0.013177 0.003907 -1.203491
41  1.099674 0.000021 0.000007  -0.005887 -0.007993 -0.771205
42  0.805984 -0.359848 -1.318338  0.991670 0.166767 -0.799527
43  1.789780 -0.000008 -0.000043  0.000058 -0.002451 0.133098
44  1.206996 -0.000007 0.000005  0.000372 -0.000071 1.058780
45  5.740571 0.000079 0.000721  0.172460 -0.000014 0.000028
46  11.480814 -0.000098 0.000936  0.056555 0.082971 0.145456
47  6.027515 -0.000273 -0.000230  -0.910498 -0.520836 -1.709520
48  -0.000000 11.691973 -0.000005  -1.227263 0.672038 0.920661
49  0.000002 -0.000002 0.000001  2.413977 -0.000036 1.570860
50  -0.000006 -0.000014 0.000005  2.272645 -0.000036 1.570861
51  -3.422328 -3.805365 -6.854754  -0.078012 -2.996716 1.465737
52  0.000000 -0.000000 0.000000  0.008153 -0.000259 0.000009
53  0.000000 -0.000000 0.000001  1.565115 0.043565 -0.106862
54  -0.363791 -15.867239 -5.623037  -0.755929 -0.139050 -1.950540
55  -0.000001 -0.000000 0.000000  0.000000 -0.000001 -0.000002
56  0.000029 0.000028 0.000002  -1.571901 -0.044449 -0.106509
57  5.185302 -16.056248 -16.646038  1.570796 -0.000000 0.000000
58  -15.417985 4.000748 -22.641926  1.570796 -0.000000 0.000000
59  2.236387 -0.189356 -5.037201  1.570796 -0.000000 0.000000
60  -0.004311 0.001230 -0.000371  0.006898 -0.005534 -0.284229
61  0.826810 10.209643 -4.879054  1.570796 -0.000000 0.000000
62  0.000000 0.000000 0.000000  -0.078727 -3.136056 0.284226
63  -2.240596 -3.247336 -0.249455  1.570796 -0.000000 0.000000
64  -2.287624 -8.249615 -1.349235  1.570796 0.000000 0.000000
65  0.002681 -3.204031 0.621196  0.000000 -0.000000 0.000000
66  0.048105 -1.112260 5.803837  0.000000 -0.000000 0.000000
67  -1.184782 0.539746 -0.284904  0.000000 -0.000000 0.000000
68  0.047884 -1.610073 21.020466  0.000000 -0.000000 0.000000
69  0.047881 -3.319714 2.472855  0.000000 -0.000000 0.000000
70  0.172180 -2.040368 3.568007  0.000000 -0.000000 0.000000
71  0.654947 -2.537531 2.477230  0.000000 -0.000000 0.000000
72  -2.285144 -12.956001 -5.446409  1.570796 0.000000 0.000000
73  0.017809 1.799356 -0.402361  0.000000 -0.000000 0.000000
74  -2.285144 -12.956001 -5.446409  1.570796 0.000000 0.000000
75  0.031323 2.100358 -1.138380  0.000000 -0.000000 0.000000
76  -0.024051 1.849582 -1.138377  0.000000 -0.000000 0.000000
time 95
0  0.000006 0.000000 0.000000  -1.570800 -1.391899 -1.570792
1  -4.921969 1.082092 2.232071  -1.544956 -1.855077 -0.198630
2  6.027524 -0.000323 0.000190  -0.747182 -0.995446 -1.552695
3  11.692107 0.000645 -0.000740  -0.890211 -0.000018 -1.391952
4  11.479911 0.000229 -0.000885  1.225960 -0.603154 0.357879
5  3.859502 -0.142824 -1.192079  -0.573871 -0.316762 -1.795817
6  1.312591 0.000009 0.000007  -0.135121 -0.003384 -0.178728
7  0.729354 0.000055 0.000049  -0.006155 -0.010667 -0.248915
8  3.942140 0.046330 -0.431542  -0.497018 0.100803 -1.231861
9  1.539110 0.000083 0.000004  -0.000382 -0.119364 -0.902013
10  1.196330 0.000145 0.000028  0.012615 0.002795 -0.535714
11  3.883509 -0.047213 0.431351  -0.283712 0.421834 -0.633459
12  1.719573 -0.000029 0.000017  0.057360 -0.144594 -1.427911
13  1.209179 0.000089 0.000011  -0.003667 -0.003000 -0.405259
14  4.085234 -0.082653 1.151009  0.076971 0.573771 0.038997
15  1.719450 -0.000017 0.000029  0.015664 -0.064932 -0.867211
16  1.099675 0.000049 0.000006  -0.075642 0.030056 -1.536734
17  0.869860 -1.165528 1.469023  -1.184630 -0.527540 -0.152316
18  1.789820 -0.000003 -0.000018  0.000001 -0.000026 0.636398
19  1.207013 -0.000013 -0.000044  0.000006 -0.000006 -0.137935
20  5.740637 0.000389 -0.000702  -0.108229 0.000003 0.000064
21  11.480989 0.000223 -0.000831  -0.042733 -0.108608 0.037758
22  6.027524 -0.000330 0.000200  1.600190 -0.574767 1.534864
23  -0.000001 11.692100 -0.000007  -0.965049 -0.417379 -0.768316
24  0.000003 0.000008 0.000001  -0.021116 -0.000031 1.570738
25  -0.000000 -0.000012 0.000001  0.868960 0.000002 1.570712
26  -6.617934 -9.178503 0.826812  1.473120 1.855075 -0.198639
27  6.027513 -0.000259 -0.000221  1.520730 0.754736 -0.708481
28  11.691992 0.000161 0.000857  0.141449 0.000072 -1.836665
29  11.479355 -0.000861 0.000954  -1.142790 0.380466 0.885558
30  3.859437 -0.132758 1.193066  0.469647 -0.013262 -1.872395
31  1.312559 0.000026 -0.000001  0.024060 -0.138696 -0.550187
32  0.729344 0.000065 -0.000026  -0.166197 -0.081570 -0.714272
33  3.942046 0.050139 0.431001  0.225309 -0.086237 -1.592712
34  1.539096 0.000005 -0.000001  0.035254 -0.050373 -0.994350
35  1.196300 0.000078 -0.000003  -0.021521 0.002175 -0.839738
36  3.883414 -0.050472 -0.431084  0.184824 -0.271737 -1.204030
37  1.719563 -0.000085 -0.000005  0.022859 -0.107186 -1.509108
38  1.209198 0.000035 0.000012  0.000661 0.071072 -0.480462
39  3.859588 -0.149083 -1.331320  -0.104061 -0.070249 -0.272073
40  1.719415 -0.000098 -0.000035  -0.013177 0.003907 -1.203491
41  1.099674 0.000021 0.000007  -0.005887 -0.007993 -0.771205
42  0.805984 -0.359848 -1.318338  0.991670 0.166767 -0.799527
43  1.789780 -0.000008 -0.000043  0.000058 -0.002451 0.133098
44  1.206996 -0.000007 0.000005  0.000372 -0.000071 1.058780
45  5.740571 0.000079 0.000721  0.172460 -0.000014 0.000028
46  11.480814 -0.000098 0.000936  0.056555 0.082971 0.145456
47  6.027515 -0.000273 -0.000230  -0.910498 -0.520836 -1.709520
48  -0.000000 11.691973 -0.000005  -1.227263 0.672038 0.920661
49  0.000002 -0.000002 0.000001  2.413977 -0.000036 1.570860
50  -0.000006 -0.000014 0.000005  2.272645 -0.000036 1.570861
51  -3.422328 -3.805365 -6.854754  -0.078012 -2.996716 1.465737
52  0.000000 -0.000000 0.000000  0.008153 -0.000259 0.000009
53  0.000000 -0.000000 0.000001  1.565115 0.043565 -0.106862
54  -0.363791 -15.867239 -5.623037  -0.755929 -0.139050 -1.950540
55  -0.000001 -0.000000 0.000000  0.000000 -0.000001 -0.000002
56  0.000029 0.000028 0.000002  -1.571901 -0.044449 -0.106509
57  5.185302 -16.056248 -16.646038  1.570796 -0.000000 0.000000
58  -15.417985 4.000748 -22.641926  1.570796 -0.000000 0.000000
59  2.236387 -0.189356 -5.037201  1.570796 -0.000000 0.000000
60  -0.004311 0.001230 -0.000371  0.006898 -0.005534 -0.284229
61  0.826810 10.209643 -4.879054  1.570796 -0.000000 0.000000
62  0.000000 0.000000 0.000000  -0.078727 -3.136056 0.284226
63  -2.240596 -3.247336 -0.249455  1.570796 -0.000000 0.000000
64  -2.287624 -8.249615 -1.349235  1.570796 0.000000 0.000000
65  0.002681 -3.204031 0.621196  0.000000 -0.000000 0.000000
66  0.048105 -1.112260 5.803837  0.000000 -0.000000 0.000000
67  -1.184782 0.539746 -0.284904  0.000000 -0.000000 0.000000
68  0.047884 -1.610073 21.020466  0.000000 -0.000000 0.000000
69  0.047881 -3.319714 2.472855  0.000000 -0.000000 0.000000
70  0.172180 -2.040368 3.568007  0.000000 -0.000000 0.000000
71  0.654947 -2.537531 2.477230  0.000000 -0.000000 0.000000
72  -2.285144 -12.956001 -5.446409  1.570796 0.000000 0.000000
73  0.017809 1.799356 -0.402361  0.000000 -0.000000 0.000000
74  -2.285144 -12.956001 -5.446409  1.570796 0.000000 0.000000
75  0.031323 2.100358 -1.138380  0.000000 -0.000000 0.000000
76  -0.024051 1.849582 -1.138377  0.000000 -0.000000 0.000000
time 96
0  0.000006 0.000000 0.000000  -1.570800 -1.391899 -1.570792
1  -4.921969 1.082092 2.232071  -1.544956 -1.855077 -0.198630
2  6.027524 -0.000323 0.000190  -0.747182 -0.995446 -1.552695
3  11.692107 0.000645 -0.000740  -0.890211 -0.000018 -1.391952
4  11.479911 0.000229 -0.000885  1.225960 -0.603154 0.357879
5  3.859502 -0.142824 -1.192079  -0.573871 -0.316762 -1.795817
6  1.312591 0.000009 0.000007  -0.135121 -0.003384 -0.178728
7  0.729354 0.000055 0.000049  -0.006155 -0.010667 -0.248915
8  3.942140 0.046330 -0.431542  -0.497018 0.100803 -1.231861
9  1.539110 0.000083 0.000004  -0.000382 -0.119364 -0.902013
10  1.196330 0.000145 0.000028  0.012615 0.002795 -0.535714
11  3.883509 -0.047213 0.431351  -0.283712 0.421834 -0.633459
12  1.719573 -0.000029 0.000017  0.057360 -0.144594 -1.427911
13  1.209179 0.000089 0.000011  -0.003667 -0.003000 -0.405259
14  4.085234 -0.082653 1.151009  0.076971 0.573771 0.038997
15  1.719450 -0.000017 0.000029  0.015664 -0.064932 -0.867211
16  1.099675 0.000049 0.000006  -0.075642 0.030056 -1.536734
17  0.869860 -1.165528 1.469023  -1.184630 -0.527540 -0.152316
18  1.789820 -0.000003 -0.000018  0.000001 -0.000026 0.636398
19  1.207013 -0.000013 -0.000044  0.000006 -0.000006 -0.137935
20  5.740637 0.000389 -0.000702  -0.108229 0.000003 0.000064
21  11.480989 0.000223 -0.000831  -0.042733 -0.108608 0.037758
22  6.027524 -0.000330 0.000200  1.600190 -0.574767 1.534864
23  -0.000001 11.692100 -0.000007  -0.965049 -0.417379 -0.768316
24  0.000003 0.000008 0.000001  -0.021116 -0.000031 1.570738
25  -0.000000 -0.000012 0.000001  0.868960 0.000002 1.570712
26  -6.617934 -9.178503 0.826812  1.473120 1.855075 -0.198639
27  6.027513 -0.000259 -0.000221  1.520730 0.754736 -0.708481
28  11.691992 0.000161 0.000857  0.141449 0.000072 -1.836665
29  11.479355 -0.000861 0.000954  -1.142790 0.380466 0.885558
30  3.859437 -0.132758 1.193066  0.469647 -0.013262 -1.872395
31  1.312559 0.000026 -0.000001  0.024060 -0.138696 -0.550187
32  0.729344 0.000065 -0.000026  -0.166197 -0.081570 -0.714272
33  3.942046 0.050139 0.431001  0.225309 -0.086237 -1.592712
34  1.539096 0.000005 -0.000001  0.035254 -0.050373 -0.994350
35  1.196300 0.000078 -0.000003  -0.021521 0.002175 -0.839738
36  3.883414 -0.050472 -0.431084  0.184824 -0.271737 -1.204030
37  1.719563 -0.000085 -0.000005  0.022859 -0.107186 -1.509108
38  1.209198 0.000035 0.000012  0.000661 0.071072 -0.480462
39  3.859588 -0.149083 -1.331320  -0.104061 -0.070249 -0.272073
40  1.719415 -0.000098 -0.000035  -0.013177 0.003907 -1.203491
41  1.099674 0.000021 0.000007  -0.005887 -0.007993 -0.771205
42  0.805984 -0.359848 -1.318338  0.991670 0.166767 -0.799527
43  1.789780 -0.000008 -0.000043  0.000058 -0.002451 0.133098
44  1.206996 -0.000007 0.000005  0.000372 -0.000071 1.058780
45  5.740571 0.000079 0.000721  0.172460 -0.000014 0.000028
46  11.480814 -0.000098 0.000936  0.056555 0.082971 0.145456
47  6.027515 -0.000273 -0.000230  -0.910498 -0.520836 -1.709520
48  -0.000000 11.691973 -0.000005  -1.227263 0.672038 0.920661
49  0.000002 -0.000002 0.000001  2.413977 -0.000036 1.570860
50  -0.000006 -0.000014 0.000005  2.272645 -0.000036 1.570861
51  -3.422328 -3.805365 -6.854754  -0.078012 -2.996716 1.465737
52  0.000000 -0.000000 0.000000  0.008153 -0.000259 0.000009
53  0.000000 -0.000000 0.000001  1.565115 0.043565 -0.106862
54  -0.363791 -15.867239 -5.623037  -0.755929 -0.139050 -1.950540
55  -0.000001 -0.000000 0.000000  0.000000 -0.000001 -0.000002
56  0.000029 0.000028 0.000002  -1.571901 -0.044449 -0.106509
57  5.185302 -16.056248 -16.646038  1.570796 -0.000000 0.000000
58  -15.417985 4.000748 -22.641926  1.570796 -0.000000 0.000000
59  2.236387 -0.189356 -5.037201  1.570796 -0.000000 0.000000
60  -0.004311 0.001230 -0.000371  0.006898 -0.005534 -0.284229
61  0.826810 10.209643 -4.879054  1.570796 -0.000000 0.000000
62  0.000000 0.000000 0.000000  -0.078727 -3.136056 0.284226
63  -2.240596 -3.247336 -0.249455  1.570796 -0.000000 0.000000
64  -2.287624 -8.249615 -1.349235  1.570796 0.000000 0.000000
65  0.002681 -3.204031 0.621196  0.000000 -0.000000 0.000000
66  0.048105 -1.112260 5.803837  0.000000 -0.000000 0.000000
67  -1.184782 0.539746 -0.284904  0.000000 -0.000000 0.000000
68  0.047884 -1.610073 21.020466  0.000000 -0.000000 0.000000
69  0.047881 -3.319714 2.472855  0.000000 -0.000000 0.000000
70  0.172180 -2.040368 3.568007  0.000000 -0.000000 0.000000
71  0.654947 -2.537531 2.477230  0.000000 -0.000000 0.000000
72  -2.285144 -12.956001 -5.446409  1.570796 0.000000 0.000000
73  0.017809 1.799356 -0.402361  0.000000 -0.000000 0.000000
74  -2.285144 -12.956001 -5.446409  1.570796 0.000000 0.000000
75  0.031323 2.100358 -1.138380  0.000000 -0.000000 0.000000
76  -0.024051 1.849582 -1.138377  0.000000 -0.000000 0.000000
time 97
0  0.000006 0.000000 0.000000  -1.570800 -1.391899 -1.570792
1  -4.921969 1.082092 2.232071  -1.544956 -1.855077 -0.198630
2  6.027524 -0.000323 0.000190  -0.747182 -0.995446 -1.552695
3  11.692107 0.000645 -0.000740  -0.890211 -0.000018 -1.391952
4  11.479911 0.000229 -0.000885  1.225960 -0.603154 0.357879
5  3.859502 -0.142824 -1.192079  -0.573871 -0.316762 -1.795817
6  1.312591 0.000009 0.000007  -0.135121 -0.003384 -0.178728
7  0.729354 0.000055 0.000049  -0.006155 -0.010667 -0.248915
8  3.942140 0.046330 -0.431542  -0.497018 0.100803 -1.231861
9  1.539110 0.000083 0.000004  -0.000382 -0.119364 -0.902013
10  1.196330 0.000145 0.000028  0.012615 0.002795 -0.535714
11  3.883509 -0.047213 0.431351  -0.283712 0.421834 -0.633459
12  1.719573 -0.000029 0.000017  0.057360 -0.144594 -1.427911
13  1.209179 0.000089 0.000011  -0.003667 -0.003000 -0.405259
14  4.085234 -0.082653 1.151009  0.076971 0.573771 0.038997
15  1.719450 -0.000017 0.000029  0.015664 -0.064932 -0.867211
16  1.099675 0.000049 0.000006  -0.075642 0.030056 -1.536734
17  0.869860 -1.165528 1.469023  -1.184630 -0.527540 -0.152316
18  1.789820 -0.000003 -0.000018  0.000001 -0.000026 0.636398
19  1.207013 -0.000013 -0.000044  0.000006 -0.000006 -0.137935
20  5.740637 0.000389 -0.000702  -0.108229 0.000003 0.000064
21  11.480989 0.000223 -0.000831  -0.042733 -0.108608 0.037758
22  6.027524 -0.000330 0.000200  1.600190 -0.574767 1.534864
23  -0.000001 11.692100 -0.000007  -0.965049 -0.417379 -0.768316
24  0.000003 0.000008 0.000001  -0.021116 -0.000031 1.570738
25  -0.000000 -0.000012 0.000001  0.868960 0.000002 1.570712
26  -6.617934 -9.178503 0.826812  1.473120 1.855075 -0.198639
27  6.027513 -0.000259 -0.000221  1.520730 0.754736 -0.708481
28  11.691992 0.000161 0.000857  0.141449 0.000072 -1.836665
29  11.479355 -0.000861 0.000954  -1.142790 0.380466 0.885558
30  3.859437 -0.132758 1.193066  0.469647 -0.013262 -1.872395
31  1.312559 0.000026 -0.000001  0.024060 -0.138696 -0.550187
32  0.729344 0.000065 -0.000026  -0.166197 -0.081570 -0.714272
33  3.942046 0.050139 0.431001  0.225309 -0.086237 -1.592712
34  1.539096 0.000005 -0.000001  0.035254 -0.050373 -0.994350
35  1.196300 0.000078 -0.000003  -0.021521 0.002175 -0.839738
36  3.883414 -0.050472 -0.431084  0.184824 -0.271737 -1.204030
37  1.719563 -0.000085 -0.000005  0.022859 -0.107186 -1.509108
38  1.209198 0.000035 0.000012  0.000661 0.071072 -0.480462
39  3.859588 -0.149083 -1.331320  -0.104061 -0.070249 -0.272073
40  1.719415 -0.000098 -0.000035  -0.013177 0.003907 -1.203491
41  1.099674 0.000021 0.000007  -0.005887 -0.007993 -0.771205
42  0.805984 -0.359848 -1.318338  0.991670 0.166767 -0.799527
43  1.789780 -0.000008 -0.000043  0.000058 -0.002451 0.133098
44  1.206996 -0.000007 0.000005  0.000372 -0.000071 1.058780
45  5.740571 0.000079 0.000721  0.172460 -0.000014 0.000028
46  11.480814 -0.000098 0.000936  0.056555 0.082971 0.145456
47  6.027515 -0.000273 -0.000230  -0.910498 -0.520836 -1.709520
48  -0.000000 11.691973 -0.000005  -1.227263 0.672038 0.920661
49  0.000002 -0.000002 0.000001  2.413977 -0.000036 1.570860
50  -0.000006 -0.000014 0.000005  2.272645 -0.000036 1.570861
51  -3.422328 -3.805365 -6.854754  -0.078012 -2.996716 1.465737
52  0.000000 -0.000000 0.000000  0.008153 -0.000259 0.000009
53  0.000000 -0.000000 0.000001  1.565115 0.043565 -0.106862
54  -0.363791 -15.867239 -5.623037  -0.755929 -0.139050 -1.950540
55  -0.000001 -0.000000 0.000000  0.000000 -0.000001 -0.000002
56  0.000029 0.000028 0.000002  -1.571901 -0.044449 -0.106509
57  5.185302 -16.056248 -16.646038  1.570796 -0.000000 0.000000
58  -15.417985 4.000748 -22.641926  1.570796 -0.000000 0.000000
59  2.236387 -0.189356 -5.037201  1.570796 -0.000000 0.000000
60  -0.004311 0.001230 -0.000371  0.006898 -0.005534 -0.284229
61  0.826810 10.209643 -4.879054  1.570796 -0.000000 0.000000
62  0.000000 0.000000 0.000000  -0.078727 -3.136056 0.284226
63  -2.240596 -3.247336 -0.249455  1.570796 -0.000000 0.000000
64  -2.287624 -8.249615 -1.349235  1.570796 0.000000 0.000000
65  0.002681 -3.204031 0.621196  0.000000 -0.000000 0.000000
66  0.048105 -1.112260 5.803837  0.000000 -0.000000 0.000000
67  -1.184782 0.539746 -0.284904  0.000000 -0.000000 0.000000
68  0.047884 -1.610073 21.020466  0.000000 -0.000000 0.000000
69  0.047881 -3.319714 2.472855  0.000000 -0.000000 0.000000
70  0.172180 -2.040368 3.568007  0.000000 -0.000000 0.000000
71  0.654947 -2.537531 2.477230  0.000000 -0.000000 0.000000
72  -2.285144 -12.956001 -5.446409  1.570796 0.000000 0.000000
73  0.017809 1.799356 -0.402361  0.000000 -0.000000 0.000000
74  -2.285144 -12.956001 -5.446409  1.570796 0.000000 0.000000
75  0.031323 2.100358 -1.138380  0.000000 -0.000000 0.000000
76  -0.024051 1.849582 -1.138377  0.000000 -0.000000 0.000000
time 98
0  0.000006 0.000000 0.000000  -1.570800 -1.391899 -1.570792
1  -4.921969 1.082092 2.232071  -1.544956 -1.855077 -0.198630
2  6.027524 -0.000323 0.000190  -0.747182 -0.995446 -1.552695
3  11.692107 0.000645 -0.000740  -0.890211 -0.000018 -1.391952
4  11.479911 0.000229 -0.000885  1.225960 -0.603154 0.357879
5  3.859502 -0.142824 -1.192079  -0.573871 -0.316762 -1.795817
6  1.312591 0.000009 0.000007  -0.135121 -0.003384 -0.178728
7  0.729354 0.000055 0.000049  -0.006155 -0.010667 -0.248915
8  3.942140 0.046330 -0.431542  -0.497018 0.100803 -1.231861
9  1.539110 0.000083 0.000004  -0.000382 -0.119364 -0.902013
10  1.196330 0.000145 0.000028  0.012615 0.002795 -0.535714
11  3.883509 -0.047213 0.431351  -0.283712 0.421834 -0.633459
12  1.719573 -0.000029 0.000017  0.057360 -0.144594 -1.427911
13  1.209179 0.000089 0.000011  -0.003667 -0.003000 -0.405259
14  4.085234 -0.082653 1.151009  0.076971 0.573771 0.038997
15  1.719450 -0.000017 0.000029  0.015664 -0.064932 -0.867211
16  1.099675 0.000049 0.000006  -0.075642 0.030056 -1.536734
17  0.869860 -1.165528 1.469023  -1.184630 -0.527540 -0.152316
18  1.789820 -0.000003 -0.000018  0.000001 -0.000026 0.636398
19  1.207013 -0.000013 -0.000044  0.000006 -0.000006 -0.137935
20  5.740637 0.000389 -0.000702  -0.108229 0.000003 0.000064
21  11.480989 0.000223 -0.000831  -0.042733 -0.108608 0.037758
22  6.027524 -0.000330 0.000200  1.600190 -0.574767 1.534864
23  -0.000001 11.692100 -0.000007  -0.965049 -0.417379 -0.768316
24  0.000003 0.000008 0.000001  -0.021116 -0.000031 1.570738
25  -0.000000 -0.000012 0.000001  0.868960 0.000002 1.570712
26  -6.617934 -9.178503 0.826812  1.473120 1.855075 -0.198639
27  6.027513 -0.000259 -0.000221  1.520730 0.754736 -0.708481
28  11.691992 0.000161 0.000857  0.141449 0.000072 -1.836665
29  11.479355 -0.000861 0.000954  -1.142790 0.380466 0.885558
30  3.859437 -0.132758 1.193066  0.469647 -0.013262 -1.872395
31  1.312559 0.000026 -0.000001  0.024060 -0.138696 -0.550187
32  0.729344 0.000065 -0.000026  -0.166197 -0.081570 -0.714272
33  3.942046 0.050139 0.431001  0.225309 -0.086237 -1.592712
34  1.539096 0.000005 -0.000001  0.035254 -0.050373 -0.994350
35  1.196300 0.000078 -0.000003  -0.021521 0.002175 -0.839738
36  3.883414 -0.050472 -0.431084  0.184824 -0.271737 -1.204030
37  1.719563 -0.000085 -0.000005  0.022859 -0.107186 -1.509108
38  1.209198 0.000035 0.000012  0.000661 0.071072 -0.480462
39  3.859588 -0.149083 -1.331320  -0.104061 -0.070249 -0.272073
40  1.719415 -0.000098 -0.000035  -0.013177 0.003907 -1.203491
41  1.099674 0.000021 0.000007  -0.005887 -0.007993 -0.771205
42  0.805984 -0.359848 -1.318338  0.991670 0.166767 -0.799527
43  1.789780 -0.000008 -0.000043  0.000058 -0.002451 0.133098
44  1.206996 -0.000007 0.000005  0.000372 -0.000071 1.058780
45  5.740571 0.000079 0.000721  0.172460 -0.000014 0.000028
46  11.480814 -0.000098 0.000936  0.056555 0.082971 0.145456
47  6.027515 -0.000273 -0.000230  -0.910498 -0.520836 -1.709520
48  -0.000000 11.691973 -0.000005  -1.227263 0.672038 0.920661
49  0.000002 -0.000002 0.000001  2.413977 -0.000036 1.570860
50  -0.000006 -0.000014 0.000005  2.272645 -0.000036 1.570861
51  -3.422328 -3.805365 -6.854754  -0.078012 -2.996716 1.465737
52  0.000000 -0.000000 0.000000  0.008153 -0.000259 0.000009
53  0.000000 -0.000000 0.000001  1.565115 0.043565 -0.106862
54  -0.363791 -15.867239 -5.623037  -0.755929 -0.139050 -1.950540
55  -0.000001 -0.000000 0.000000  0.000000 -0.000001 -0.000002
56  0.000029 0.000028 0.000002  -1.571901 -0.044449 -0.106509
57  5.185302 -16.056248 -16.646038  1.570796 -0.000000 0.000000
58  -15.417985 4.000748 -22.641926  1.570796 -0.000000 0.000000
59  2.236387 -0.189356 -5.037201  1.570796 -0.000000 0.000000
60  -0.004311 0.001230 -0.000371  0.006898 -0.005534 -0.284229
61  0.826810 10.209643 -4.879054  1.570796 -0.000000 0.000000
62  0.000000 0.000000 0.000000  -0.078727 -3.136056 0.284226
63  -2.240596 -3.247336 -0.249455  1.570796 -0.000000 0.000000
64  -2.287624 -8.249615 -1.349235  1.570796 0.000000 0.000000
65  0.002681 -3.204031 0.621196  0.000000 -0.000000 0.000000
66  0.048105 -1.112260 5.803837  0.000000 -0.000000 0.000000
67  -1.184782 0.539746 -0.284904  0.000000 -0.000000 0.000000
68  0.047884 -1.610073 21.020466  0.000000 -0.000000 0.000000
69  0.047881 -3.319714 2.472855  0.000000 -0.000000 0.000000
70  0.172180 -2.040368 3.568007  0.000000 -0.000000 0.000000
71  0.654947 -2.537531 2.477230  0.000000 -0.000000 0.000000
72  -2.285144 -12.956001 -5.446409  1.570796 0.000000 0.000000
73  0.017809 1.799356 -0.402361  0.000000 -0.000000 0.000000
74  -2.285144 -12.956001 -5.446409  1.570796 0.000000 0.000000
75  0.031323 2.100358 -1.138380  0.000000 -0.000000 0.000000
76  -0.024051 1.849582 -1.138377  0.000000 -0.000000 0.000000
time 99
0  0.000006 0.000000 0.000000  -1.570800 -1.391899 -1.570792
1  -4.921969 1.082092 2.232071  -1.544956 -1.855077 -0.198630
2  6.027524 -0.000323 0.000190  -0.747182 -0.995446 -1.552695
3  11.692107 0.000645 -0.000740  -0.890211 -0.000018 -1.391952
4  11.479911 0.000229 -0.000885  1.225960 -0.603154 0.357879
5  3.859502 -0.142824 -1.192079  -0.573871 -0.316762 -1.795817
6  1.312591 0.000009 0.000007  -0.135121 -0.003384 -0.178728
7  0.729354 0.000055 0.000049  -0.006155 -0.010667 -0.248915
8  3.942140 0.046330 -0.431542  -0.497018 0.100803 -1.231861
9  1.539110 0.000083 0.000004  -0.000382 -0.119364 -0.902013
10  1.196330 0.000145 0.000028  0.012615 0.002795 -0.535714
11  3.883509 -0.047213 0.431351  -0.283712 0.421834 -0.633459
12  1.719573 -0.000029 0.000017  0.057360 -0.144594 -1.427911
13  1.209179 0.000089 0.000011  -0.003667 -0.003000 -0.405259
14  4.085234 -0.082653 1.151009  0.076971 0.573771 0.038997
15  1.719450 -0.000017 0.000029  0.015664 -0.064932 -0.867211
16  1.099675 0.000049 0.000006  -0.075642 0.030056 -1.536734
17  0.869860 -1.165528 1.469023  -1.184630 -0.527540 -0.152316
18  1.789820 -0.000003 -0.000018  0.000001 -0.000026 0.636398
19  1.207013 -0.000013 -0.000044  0.000006 -0.000006 -0.137935
20  5.740637 0.000389 -0.000702  -0.108229 0.000003 0.000064
21  11.480989 0.000223 -0.000831  -0.042733 -0.108608 0.037758
22  6.027524 -0.000330 0.000200  1.600190 -0.574767 1.534864
23  -0.000001 11.692100 -0.000007  -0.965049 -0.417379 -0.768316
24  0.000003 0.000008 0.000001  -0.021116 -0.000031 1.570738
25  -0.000000 -0.000012 0.000001  0.868960 0.000002 1.570712
26  -6.617934 -9.178503 0.826812  1.473120 1.855075 -0.198639
27  6.027513 -0.000259 -0.000221  1.520730 0.754736 -0.708481
28  11.691992 0.000161 0.000857  0.141449 0.000072 -1.836665
29  11.479355 -0.000861 0.000954  -1.142790 0.380466 0.885558
30  3.859437 -0.132758 1.193066  0.469647 -0.013262 -1.872395
31  1.312559 0.000026 -0.000001  0.024060 -0.138696 -0.550187
32  0.729344 0.000065 -0.000026  -0.166197 -0.081570 -0.714272
33  3.942046 0.050139 0.431001  0.225309 -0.086237 -1.592712
34  1.539096 0.000005 -0.000001  0.035254 -0.050373 -0.994350
35  1.196300 0.000078 -0.000003  -0.021521 0.002175 -0.839738
36  3.883414 -0.050472 -0.431084  0.184824 -0.271737 -1.204030
37  1.719563 -0.000085 -0.000005  0.022859 -0.107186 -1.509108
38  1.209198 0.000035 0.000012  0.000661 0.071072 -0.480462
39  3.859588 -0.149083 -1.331320  -0.104061 -0.070249 -0.272073
40  1.719415 -0.000098 -0.000035  -0.013177 0.003907 -1.203491
41  1.099674 0.000021 0.000007  -0.005887 -0.007993 -0.771205
42  0.805984 -0.359848 -1.318338  0.991670 0.166767 -0.799527
43  1.789780 -0.000008 -0.000043  0.000058 -0.002451 0.133098
44  1.206996 -0.000007 0.000005  0.000372 -0.000071 1.058780
45  5.740571 0.000079 0.000721  0.172460 -0.000014 0.000028
46  11.480814 -0.000098 0.000936  0.056555 0.082971 0.145456
47  6.027515 -0.000273 -0.000230  -0.910498 -0.520836 -1.709520
48  -0.000000 11.691973 -0.000005  -1.227263 0.672038 0.920661
49  0.000002 -0.000002 0.000001  2.413977 -0.000036 1.570860
50  -0.000006 -0.000014 0.000005  2.272645 -0.000036 1.570861
51  -3.422328 -3.805365 -6.854754  -0.078012 -2.996716 1.465737
52  0.000000 -0.000000 0.000000  0.008153 -0.000259 0.000009
53  0.000000 -0.000000 0.000001  1.565115 0.043565 -0.106862
54  -0.363791 -15.867239 -5.623037  -0.755929 -0.139050 -1.950540
55  -0.000001 -0.000000 0.000000  0.000000 -0.000001 -0.000002
56  0.000029 0.000028 0.000002  -1.571901 -0.044449 -0.106509
57  5.185302 -16.056248 -16.646038  1.570796 -0.000000 0.000000
58  -15.417985 4.000748 -22.641926  1.570796 -0.000000 0.000000
59  2.236387 -0.189356 -5.037201  1.570796 -0.000000 0.000000
60  -0.004311 0.001230 -0.000371  0.006898 -0.005534 -0.284229
61  0.826810 10.209643 -4.879054  1.570796 -0.000000 0.000000
62  0.000000 0.000000 0.000000  -0.078727 -3.136056 0.284226
63  -2.240596 -3.247336 -0.249455  1.570796 -0.000000 0.000000
64  -2.287624 -8.249615 -1.349235  1.570796 0.000000 0.000000
65  0.002681 -3.204031 0.621196  0.000000 -0.000000 0.000000
66  0.048105 -1.112260 5.803837  0.000000 -0.000000 0.000000
67  -1.184782 0.539746 -0.284904  0.000000 -0.000000 0.000000
68  0.047884 -1.610073 21.020466  0.000000 -0.000000 0.000000
69  0.047881 -3.319714 2.472855  0.000000 -0.000000 0.000000
70  0.172180 -2.040368 3.568007  0.000000 -0.000000 0.000000
71  0.654947 -2.537531 2.477230  0.000000 -0.000000 0.000000
72  -2.285144 -12.956001 -5.446409  1.570796 0.000000 0.000000
73  0.017809 1.799356 -0.402361  0.000000 -0.000000 0.000000
74  -2.285144 -12.956001 -5.446409  1.570796 0.000000 0.000000
75  0.031323 2.100358 -1.138380  0.000000 -0.000000 0.000000
76  -0.024051 1.849582 -1.138377  0.000000 -0.000000 0.000000
time 100
0  0.000006 0.000000 0.000000  -1.570800 -1.391899 -1.570792
1  -4.921969 1.082092 2.232071  -1.544956 -1.855077 -0.198630
2  6.027524 -0.000323 0.000190  -0.747182 -0.995446 -1.552695
3  11.692107 0.000645 -0.000740  -0.890211 -0.000018 -1.391952
4  11.479911 0.000229 -0.000885  1.225960 -0.603154 0.357879
5  3.859502 -0.142824 -1.192079  -0.573871 -0.316762 -1.795817
6  1.312591 0.000009 0.000007  -0.135121 -0.003384 -0.178728
7  0.729354 0.000055 0.000049  -0.006155 -0.010667 -0.248915
8  3.942140 0.046330 -0.431542  -0.497018 0.100803 -1.231861
9  1.539110 0.000083 0.000004  -0.000382 -0.119364 -0.902013
10  1.196330 0.000145 0.000028  0.012615 0.002795 -0.535714
11  3.883509 -0.047213 0.431351  -0.283712 0.421834 -0.633459
12  1.719573 -0.000029 0.000017  0.057360 -0.144594 -1.427911
13  1.209179 0.000089 0.000011  -0.003667 -0.003000 -0.405259
14  4.085234 -0.082653 1.151009  0.076971 0.573771 0.038997
15  1.719450 -0.000017 0.000029  0.015664 -0.064932 -0.867211
16  1.099675 0.000049 0.000006  -0.075642 0.030056 -1.536734
17  0.869860 -1.165528 1.469023  -1.184630 -0.527540 -0.152316
18  1.789820 -0.000003 -0.000018  0.000001 -0.000026 0.636398
19  1.207013 -0.000013 -0.000044  0.000006 -0.000006 -0.137935
20  5.740637 0.000389 -0.000702  -0.108229 0.000003 0.000064
21  11.480989 0.000223 -0.000831  -0.042733 -0.108608 0.037758
22  6.027524 -0.000330 0.000200  1.600190 -0.574767 1.534864
23  -0.000001 11.692100 -0.000007  -0.965049 -0.417379 -0.768316
24  0.000003 0.000008 0.000001  -0.021116 -0.000031 1.570738
25  -0.000000 -0.000012 0.000001  0.868960 0.000002 1.570712
26  -6.617934 -9.178503 0.826812  1.473120 1.855075 -0.198639
27  6.027513 -0.000259 -0.000221  1.520730 0.754736 -0.708481
28  11.691992 0.000161 0.000857  0.141449 0.000072 -1.836665
29  11.479355 -0.000861 0.000954  -1.142790 0.380466 0.885558
30  3.859437 -0.132758 1.193066  0.469647 -0.013262 -1.872395
31  1.312559 0.000026 -0.000001  0.024060 -0.138696 -0.550187
32  0.729344 0.000065 -0.000026  -0.166197 -0.081570 -0.714272
33  3.942046 0.050139 0.431001  0.225309 -0.086237 -1.592712
34  1.539096 0.000005 -0.000001  0.035254 -0.050373 -0.994350
35  1.196300 0.000078 -0.000003  -0.021521 0.002175 -0.839738
36  3.883414 -0.050472 -0.431084  0.184824 -0.271737 -1.204030
37  1.719563 -0.000085 -0.000005  0.022859 -0.107186 -1.509108
38  1.209198 0.000035 0.000012  0.000661 0.071072 -0.480462
39  3.859588 -0.149083 -1.331320  -0.104061 -0.070249 -0.272073
40  1.719415 -0.000098 -0.000035  -0.013177 0.003907 -1.203491
41  1.099674 0.000021 0.000007  -0.005887 -0.007993 -0.771205
42  0.805984 -0.359848 -1.318338  0.991670 0.166767 -0.799527
43  1.789780 -0.000008 -0.000043  0.000058 -0.002451 0.133098
44  1.206996 -0.000007 0.000005  0.000372 -0.000071 1.058780
45  5.740571 0.000079 0.000721  0.172460 -0.000014 0.000028
46  11.480814 -0.000098 0.000936  0.056555 0.082971 0.145456
47  6.027515 -0.000273 -0.000230  -0.910498 -0.520836 -1.709520
48  -0.000000 11.691973 -0.000005  -1.227263 0.672038 0.920661
49  0.000002 -0.000002 0.000001  2.413977 -0.000036 1.570860
50  -0.000006 -0.000014 0.000005  2.272645 -0.000036 1.570861
51  -3.422328 -3.805365 -6.854754  -0.078012 -2.996716 1.465737
52  0.000000 -0.000000 0.000000  0.008153 -0.000259 0.000009
53  0.000000 -0.000000 0.000001  1.565115 0.043565 -0.106862
54  -0.363791 -15.867239 -5.623037  -0.755929 -0.139050 -1.950540
55  -0.000001 -0.000000 0.000000  0.000000 -0.000001 -0.000002
56  0.000029 0.000028 0.000002  -1.571901 -0.044449 -0.106509
57  5.185302 -16.056248 -16.646038  1.570796 -0.000000 0.000000
58  -15.417985 4.000748 -22.641926  1.570796 -0.000000 0.000000
59  2.236387 -0.189356 -5.037201  1.570796 -0.000000 0.000000
60  -0.004311 0.001230 -0.000371  0.006898 -0.005534 -0.284229
61  0.826810 10.209643 -4.879054  1.570796 -0.000000 0.000000
62  0.000000 0.000000 0.000000  -0.078727 -3.136056 0.284226
63  -2.240596 -3.247336 -0.249455  1.570796 -0.000000 0.000000
64  -2.287624 -8.249615 -1.349235  1.570796 0.000000 0.000000
65  0.002681 -3.204031 0.621196  0.000000 -0.000000 0.000000
66  0.048105 -1.112260 5.803837  0.000000 -0.000000 0.000000
67  -1.184782 0.539746 -0.284904  0.000000 -0.000000 0.000000
68  0.047884 -1.610073 21.020466  0.000000 -0.000000 0.000000
69  0.047881 -3.319714 2.472855  0.000000 -0.000000 0.000000
70  0.172180 -2.040368 3.568007  0.000000 -0.000000 0.000000
71  0.654947 -2.537531 2.477230  0.000000 -0.000000 0.000000
72  -2.285144 -12.956001 -5.446409  1.570796 0.000000 0.000000
73  0.017809 1.799356 -0.402361  0.000000 -0.000000 0.000000
74  -2.285144 -12.956001 -5.446409  1.570796 0.000000 0.000000
75  0.031323 2.100358 -1.138380  0.000000 -0.000000 0.000000
76  -0.024051 1.849582 -1.138377  0.000000 -0.000000 0.000000
time 101
0  0.000006 0.000000 0.000000  -1.570800 -1.391899 -1.570792
1  -4.921969 1.082092 2.232071  -1.544956 -1.855077 -0.198630
2  6.027524 -0.000323 0.000190  -0.747182 -0.995446 -1.552695
3  11.692107 0.000645 -0.000740  -0.890211 -0.000018 -1.391952
4  11.479911 0.000229 -0.000885  1.225960 -0.603154 0.357879
5  3.859502 -0.142824 -1.192079  -0.573871 -0.316762 -1.795817
6  1.312591 0.000009 0.000007  -0.135121 -0.003384 -0.178728
7  0.729354 0.000055 0.000049  -0.006155 -0.010667 -0.248915
8  3.942140 0.046330 -0.431542  -0.497018 0.100803 -1.231861
9  1.539110 0.000083 0.000004  -0.000382 -0.119364 -0.902013
10  1.196330 0.000145 0.000028  0.012615 0.002795 -0.535714
11  3.883509 -0.047213 0.431351  -0.283712 0.421834 -0.633459
12  1.719573 -0.000029 0.000017  0.057360 -0.144594 -1.427911
13  1.209179 0.000089 0.000011  -0.003667 -0.003000 -0.405259
14  4.085234 -0.082653 1.151009  0.076971 0.573771 0.038997
15  1.719450 -0.000017 0.000029  0.015664 -0.064932 -0.867211
16  1.099675 0.000049 0.000006  -0.075642 0.030056 -1.536734
17  0.869860 -1.165528 1.469023  -1.184630 -0.527540 -0.152316
18  1.789820 -0.000003 -0.000018  0.000001 -0.000026 0.636398
19  1.207013 -0.000013 -0.000044  0.000006 -0.000006 -0.137935
20  5.740637 0.000389 -0.000702  -0.108229 0.000003 0.000064
21  11.480989 0.000223 -0.000831  -0.042733 -0.108608 0.037758
22  6.027524 -0.000330 0.000200  1.600190 -0.574767 1.534864
23  -0.000001 11.692100 -0.000007  -0.965049 -0.417379 -0.768316
24  0.000003 0.000008 0.000001  -0.021116 -0.000031 1.570738
25  -0.000000 -0.000012 0.000001  0.868960 0.000002 1.570712
26  -6.617934 -9.178503 0.826812  1.473120 1.855075 -0.198639
27  6.027513 -0.000259 -0.000221  1.520730 0.754736 -0.708481
28  11.691992 0.000161 0.000857  0.141449 0.000072 -1.836665
29  11.479355 -0.000861 0.000954  -1.142790 0.380466 0.885558
30  3.859437 -0.132758 1.193066  0.469647 -0.013262 -1.872395
31  1.312559 0.000026 -0.000001  0.024060 -0.138696 -0.550187
32  0.729344 0.000065 -0.000026  -0.166197 -0.081570 -0.714272
33  3.942046 0.050139 0.431001  0.225309 -0.086237 -1.592712
34  1.539096 0.000005 -0.000001  0.035254 -0.050373 -0.994350
35  1.196300 0.000078 -0.000003  -0.021521 0.002175 -0.839738
36  3.883414 -0.050472 -0.431084  0.184824 -0.271737 -1.204030
37  1.719563 -0.000085 -0.000005  0.022859 -0.107186 -1.509108
38  1.209198 0.000035 0.000012  0.000661 0.071072 -0.480462
39  3.859588 -0.149083 -1.331320  -0.104061 -0.070249 -0.272073
40  1.719415 -0.000098 -0.000035  -0.013177 0.003907 -1.203491
41  1.099674 0.000021 0.000007  -0.005887 -0.007993 -0.771205
42  0.805984 -0.359848 -1.318338  0.991670 0.166767 -0.799527
43  1.789780 -0.000008 -0.000043  0.000058 -0.002451 0.133098
44  1.206996 -0.000007 0.000005  0.000372 -0.000071 1.058780
45  5.740571 0.000079 0.000721  0.172460 -0.000014 0.000028
46  11.480814 -0.000098 0.000936  0.056555 0.082971 0.145456
47  6.027515 -0.000273 -0.000230  -0.910498 -0.520836 -1.709520
48  -0.000000 11.691973 -0.000005  -1.227263 0.672038 0.920661
49  0.000002 -0.000002 0.000001  2.413977 -0.000036 1.570860
50  -0.000006 -0.000014 0.000005  2.272645 -0.000036 1.570861
51  -3.422328 -3.805365 -6.854754  -0.078012 -2.996716 1.465737
52  0.000000 -0.000000 0.000000  0.008153 -0.000259 0.000009
53  0.000000 -0.000000 0.000001  1.565115 0.043565 -0.106862
54  -0.363791 -15.867239 -5.623037  -0.755929 -0.139050 -1.950540
55  -0.000001 -0.000000 0.000000  0.000000 -0.000001 -0.000002
56  0.000029 0.000028 0.000002  -1.571901 -0.044449 -0.106509
57  5.185302 -16.056248 -16.646038  1.570796 -0.000000 0.000000
58  -15.417985 4.000748 -22.641926  1.570796 -0.000000 0.000000
59  2.236387 -0.189356 -5.037201  1.570796 -0.000000 0.000000
60  -0.004311 0.001230 -0.000371  0.006898 -0.005534 -0.284229
61  0.826810 10.209643 -4.879054  1.570796 -0.000000 0.000000
62  0.000000 0.000000 0.000000  -0.078727 -3.136056 0.284226
63  -2.240596 -3.247336 -0.249455  1.570796 -0.000000 0.000000
64  -2.287624 -8.249615 -1.349235  1.570796 0.000000 0.000000
65  0.002681 -3.204031 0.621196  0.000000 -0.000000 0.000000
66  0.048105 -1.112260 5.803837  0.000000 -0.000000 0.000000
67  -1.184782 0.539746 -0.284904  0.000000 -0.000000 0.000000
68  0.047884 -1.610073 21.020466  0.000000 -0.000000 0.000000
69  0.047881 -3.319714 2.472855  0.000000 -0.000000 0.000000
70  0.172180 -2.040368 3.568007  0.000000 -0.000000 0.000000
71  0.654947 -2.537531 2.477230  0.000000 -0.000000 0.000000
72  -2.285144 -12.956001 -5.446409  1.570796 0.000000 0.000000
73  0.017809 1.799356 -0.402361  0.000000 -0.000000 0.000000
74  -2.285144 -12.956001 -5.446409  1.570796 0.000000 0.000000
75  0.031323 2.100358 -1.138380  0.000000 -0.000000 0.000000
76  -0.024051 1.849582 -1.138377  0.000000 -0.000000 0.000000
time 102
0  0.000006 0.000000 0.000000  -1.570800 -1.391899 -1.570792
1  -4.921969 1.082092 2.232071  -1.544956 -1.855077 -0.198630
2  6.027524 -0.000323 0.000190  -0.747182 -0.995446 -1.552695
3  11.692107 0.000645 -0.000740  -0.890211 -0.000018 -1.391952
4  11.479911 0.000229 -0.000885  1.225960 -0.603154 0.357879
5  3.859502 -0.142824 -1.192079  -0.573871 -0.316762 -1.795817
6  1.312591 0.000009 0.000007  -0.135121 -0.003384 -0.178728
7  0.729354 0.000055 0.000049  -0.006155 -0.010667 -0.248915
8  3.942140 0.046330 -0.431542  -0.497018 0.100803 -1.231861
9  1.539110 0.000083 0.000004  -0.000382 -0.119364 -0.902013
10  1.196330 0.000145 0.000028  0.012615 0.002795 -0.535714
11  3.883509 -0.047213 0.431351  -0.283712 0.421834 -0.633459
12  1.719573 -0.000029 0.000017  0.057360 -0.144594 -1.427911
13  1.209179 0.000089 0.000011  -0.003667 -0.003000 -0.405259
14  4.085234 -0.082653 1.151009  0.076971 0.573771 0.038997
15  1.719450 -0.000017 0.000029  0.015664 -0.064932 -0.867211
16  1.099675 0.000049 0.000006  -0.075642 0.030056 -1.536734
17  0.869860 -1.165528 1.469023  -1.184630 -0.527540 -0.152316
18  1.789820 -0.000003 -0.000018  0.000001 -0.000026 0.636398
19  1.207013 -0.000013 -0.000044  0.000006 -0.000006 -0.137935
20  5.740637 0.000389 -0.000702  -0.108229 0.000003 0.000064
21  11.480989 0.000223 -0.000831  -0.042733 -0.108608 0.037758
22  6.027524 -0.000330 0.000200  1.600190 -0.574767 1.534864
23  -0.000001 11.692100 -0.000007  -0.965049 -0.417379 -0.768316
24  0.000003 0.000008 0.000001  -0.021116 -0.000031 1.570738
25  -0.000000 -0.000012 0.000001  0.868960 0.000002 1.570712
26  -6.617934 -9.178503 0.826812  1.473120 1.855075 -0.198639
27  6.027513 -0.000259 -0.000221  1.520730 0.754736 -0.708481
28  11.691992 0.000161 0.000857  0.141449 0.000072 -1.836665
29  11.479355 -0.000861 0.000954  -1.142790 0.380466 0.885558
30  3.859437 -0.132758 1.193066  0.469647 -0.013262 -1.872395
31  1.312559 0.000026 -0.000001  0.024060 -0.138696 -0.550187
32  0.729344 0.000065 -0.000026  -0.166197 -0.081570 -0.714272
33  3.942046 0.050139 0.431001  0.225309 -0.086237 -1.592712
34  1.539096 0.000005 -0.000001  0.035254 -0.050373 -0.994350
35  1.196300 0.000078 -0.000003  -0.021521 0.002175 -0.839738
36  3.883414 -0.050472 -0.431084  0.184824 -0.271737 -1.204030
37  1.719563 -0.000085 -0.000005  0.022859 -0.107186 -1.509108
38  1.209198 0.000035 0.000012  0.000661 0.071072 -0.480462
39  3.859588 -0.149083 -1.331320  -0.104061 -0.070249 -0.272073
40  1.719415 -0.000098 -0.000035  -0.013177 0.003907 -1.203491
41  1.099674 0.000021 0.000007  -0.005887 -0.007993 -0.771205
42  0.805984 -0.359848 -1.318338  0.991670 0.166767 -0.799527
43  1.789780 -0.000008 -0.000043  0.000058 -0.002451 0.133098
44  1.206996 -0.000007 0.000005  0.000372 -0.000071 1.058780
45  5.740571 0.000079 0.000721  0.172460 -0.000014 0.000028
46  11.480814 -0.000098 0.000936  0.056555 0.082971 0.145456
47  6.027515 -0.000273 -0.000230  -0.910498 -0.520836 -1.709520
48  -0.000000 11.691973 -0.000005  -1.227263 0.672038 0.920661
49  0.000002 -0.000002 0.000001  2.413977 -0.000036 1.570860
50  -0.000006 -0.000014 0.000005  2.272645 -0.000036 1.570861
51  -3.422328 -3.805365 -6.854754  -0.078012 -2.996716 1.465737
52  0.000000 -0.000000 0.000000  0.008153 -0.000259 0.000009
53  0.000000 -0.000000 0.000001  1.565115 0.043565 -0.106862
54  -0.363791 -15.867239 -5.623037  -0.755929 -0.139050 -1.950540
55  -0.000001 -0.000000 0.000000  0.000000 -0.000001 -0.000002
56  0.000029 0.000028 0.000002  -1.571901 -0.044449 -0.106509
57  5.185302 -16.056248 -16.646038  1.570796 -0.000000 0.000000
58  -15.417985 4.000748 -22.641926  1.570796 -0.000000 0.000000
59  2.236387 -0.189356 -5.037201  1.570796 -0.000000 0.000000
60  -0.004311 0.001230 -0.000371  0.006898 -0.005534 -0.284229
61  0.826810 10.209643 -4.879054  1.570796 -0.000000 0.000000
62  0.000000 0.000000 0.000000  -0.078727 -3.136056 0.284226
63  -2.240596 -3.247336 -0.249455  1.570796 -0.000000 0.000000
64  -2.287624 -8.249615 -1.349235  1.570796 0.000000 0.000000
65  0.002681 -3.204031 0.621196  0.000000 -0.000000 0.000000
66  0.048105 -1.112260 5.803837  0.000000 -0.000000 0.000000
67  -1.184782 0.539746 -0.284904  0.000000 -0.000000 0.000000
68  0.047884 -1.610073 21.020466  0.000000 -0.000000 0.000000
69  0.047881 -3.319714 2.472855  0.000000 -0.000000 0.000000
70  0.172180 -2.040368 3.568007  0.000000 -0.000000 0.000000
71  0.654947 -2.537531 2.477230  0.000000 -0.000000 0.000000
72  -2.285144 -12.956001 -5.446409  1.570796 0.000000 0.000000
73  0.017809 1.799356 -0.402361  0.000000 -0.000000 0.000000
74  -2.285144 -12.956001 -5.446409  1.570796 0.000000 0.000000
75  0.031323 2.100358 -1.138380  0.000000 -0.000000 0.000000
76  -0.024051 1.849582 -1.138377  0.000000 -0.000000 0.000000
time 103
0  0.000006 0.000000 0.000000  -1.570800 -1.391899 -1.570792
1  -4.921969 1.082092 2.232071  -1.544956 -1.855077 -0.198630
2  6.027524 -0.000323 0.000190  -0.747182 -0.995446 -1.552695
3  11.692107 0.000645 -0.000740  -0.890211 -0.000018 -1.391952
4  11.479911 0.000229 -0.000885  1.225960 -0.603154 0.357879
5  3.859502 -0.142824 -1.192079  -0.573871 -0.316762 -1.795817
6  1.312591 0.000009 0.000007  -0.135121 -0.003384 -0.178728
7  0.729354 0.000055 0.000049  -0.006155 -0.010667 -0.248915
8  3.942140 0.046330 -0.431542  -0.497018 0.100803 -1.231861
9  1.539110 0.000083 0.000004  -0.000382 -0.119364 -0.902013
10  1.196330 0.000145 0.000028  0.012615 0.002795 -0.535714
11  3.883509 -0.047213 0.431351  -0.283712 0.421834 -0.633459
12  1.719573 -0.000029 0.000017  0.057360 -0.144594 -1.427911
13  1.209179 0.000089 0.000011  -0.003667 -0.003000 -0.405259
14  4.085234 -0.082653 1.151009  0.076971 0.573771 0.038997
15  1.719450 -0.000017 0.000029  0.015664 -0.064932 -0.867211
16  1.099675 0.000049 0.000006  -0.075642 0.030056 -1.536734
17  0.869860 -1.165528 1.469023  -1.184630 -0.527540 -0.152316
18  1.789820 -0.000003 -0.000018  0.000001 -0.000026 0.636398
19  1.207013 -0.000013 -0.000044  0.000006 -0.000006 -0.137935
20  5.740637 0.000389 -0.000702  -0.108229 0.000003 0.000064
21  11.480989 0.000223 -0.000831  -0.042733 -0.108608 0.037758
22  6.027524 -0.000330 0.000200  1.600190 -0.574767 1.534864
23  -0.000001 11.692100 -0.000007  -0.965049 -0.417379 -0.768316
24  0.000003 0.000008 0.000001  -0.021116 -0.000031 1.570738
25  -0.000000 -0.000012 0.000001  0.868960 0.000002 1.570712
26  -6.617934 -9.178503 0.826812  1.473120 1.855075 -0.198639
27  6.027513 -0.000259 -0.000221  1.520730 0.754736 -0.708481
28  11.691992 0.000161 0.000857  0.141449 0.000072 -1.836665
29  11.479355 -0.000861 0.000954  -1.142790 0.380466 0.885558
30  3.859437 -0.132758 1.193066  0.469647 -0.013262 -1.872395
31  1.312559 0.000026 -0.000001  0.024060 -0.138696 -0.550187
32  0.729344 0.000065 -0.000026  -0.166197 -0.081570 -0.714272
33  3.942046 0.050139 0.431001  0.225309 -0.086237 -1.592712
34  1.539096 0.000005 -0.000001  0.035254 -0.050373 -0.994350
35  1.196300 0.000078 -0.000003  -0.021521 0.002175 -0.839738
36  3.883414 -0.050472 -0.431084  0.184824 -0.271737 -1.204030
37  1.719563 -0.000085 -0.000005  0.022859 -0.107186 -1.509108
38  1.209198 0.000035 0.000012  0.000661 0.071072 -0.480462
39  3.859588 -0.149083 -1.331320  -0.104061 -0.070249 -0.272073
40  1.719415 -0.000098 -0.000035  -0.013177 0.003907 -1.203491
41  1.099674 0.000021 0.000007  -0.005887 -0.007993 -0.771205
42  0.805984 -0.359848 -1.318338  0.991670 0.166767 -0.799527
43  1.789780 -0.000008 -0.000043  0.000058 -0.002451 0.133098
44  1.206996 -0.000007 0.000005  0.000372 -0.000071 1.058780
45  5.740571 0.000079 0.000721  0.172460 -0.000014 0.000028
46  11.480814 -0.000098 0.000936  0.056555 0.082971 0.145456
47  6.027515 -0.000273 -0.000230  -0.910498 -0.520836 -1.709520
48  -0.000000 11.691973 -0.000005  -1.227263 0.672038 0.920661
49  0.000002 -0.000002 0.000001  2.413977 -0.000036 1.570860
50  -0.000006 -0.000014 0.000005  2.272645 -0.000036 1.570861
51  -3.422328 -3.805365 -6.854754  -0.078012 -2.996716 1.465737
52  0.000000 -0.000000 0.000000  0.008153 -0.000259 0.000009
53  0.000000 -0.000000 0.000001  1.565115 0.043565 -0.106862
54  -0.363791 -15.867239 -5.623037  -0.755929 -0.139050 -1.950540
55  -0.000001 -0.000000 0.000000  0.000000 -0.000001 -0.000002
56  0.000029 0.000028 0.000002  -1.571901 -0.044449 -0.106509
57  5.185302 -16.056248 -16.646038  1.570796 -0.000000 0.000000
58  -15.417985 4.000748 -22.641926  1.570796 -0.000000 0.000000
59  2.236387 -0.189356 -5.037201  1.570796 -0.000000 0.000000
60  -0.004311 0.001230 -0.000371  0.006898 -0.005534 -0.284229
61  0.826810 10.209643 -4.879054  1.570796 -0.000000 0.000000
62  0.000000 0.000000 0.000000  -0.078727 -3.136056 0.284226
63  -2.240596 -3.247336 -0.249455  1.570796 -0.000000 0.000000
64  -2.287624 -8.249615 -1.349235  1.570796 0.000000 0.000000
65  0.002681 -3.204031 0.621196  0.000000 -0.000000 0.000000
66  0.048105 -1.112260 5.803837  0.000000 -0.000000 0.000000
67  -1.184782 0.539746 -0.284904  0.000000 -0.000000 0.000000
68  0.047884 -1.610073 21.020466  0.000000 -0.000000 0.000000
69  0.047881 -3.319714 2.472855  0.000000 -0.000000 0.000000
70  0.172180 -2.040368 3.568007  0.000000 -0.000000 0.000000
71  0.654947 -2.537531 2.477230  0.000000 -0.000000 0.000000
72  -2.285144 -12.956001 -5.446409  1.570796 0.000000 0.000000
73  0.017809 1.799356 -0.402361  0.000000 -0.000000 0.000000
74  -2.285144 -12.956001 -5.446409  1.570796 0.000000 0.000000
75  0.031323 2.100358 -1.138380  0.000000 -0.000000 0.000000
76  -0.024051 1.849582 -1.138377  0.000000 -0.000000 0.000000
time 104
0  0.000006 0.000000 0.000000  -1.570800 -1.391899 -1.570792
1  -4.921969 1.082092 2.232071  -1.544956 -1.855077 -0.198630
2  6.027524 -0.000323 0.000190  -0.747182 -0.995446 -1.552695
3  11.692107 0.000645 -0.000740  -0.890211 -0.000018 -1.391952
4  11.479911 0.000229 -0.000885  1.225960 -0.603154 0.357879
5  3.859502 -0.142824 -1.192079  -0.573871 -0.316762 -1.795817
6  1.312591 0.000009 0.000007  -0.135121 -0.003384 -0.178728
7  0.729354 0.000055 0.000049  -0.006155 -0.010667 -0.248915
8  3.942140 0.046330 -0.431542  -0.497018 0.100803 -1.231861
9  1.539110 0.000083 0.000004  -0.000382 -0.119364 -0.902013
10  1.196330 0.000145 0.000028  0.012615 0.002795 -0.535714
11  3.883509 -0.047213 0.431351  -0.283712 0.421834 -0.633459
12  1.719573 -0.000029 0.000017  0.057360 -0.144594 -1.427911
13  1.209179 0.000089 0.000011  -0.003667 -0.003000 -0.405259
14  4.085234 -0.082653 1.151009  0.076971 0.573771 0.038997
15  1.719450 -0.000017 0.000029  0.015664 -0.064932 -0.867211
16  1.099675 0.000049 0.000006  -0.075642 0.030056 -1.536734
17  0.869860 -1.165528 1.469023  -1.184630 -0.527540 -0.152316
18  1.789820 -0.000003 -0.000018  0.000001 -0.000026 0.636398
19  1.207013 -0.000013 -0.000044  0.000006 -0.000006 -0.137935
20  5.740637 0.000389 -0.000702  -0.108229 0.000003 0.000064
21  11.480989 0.000223 -0.000831  -0.042733 -0.108608 0.037758
22  6.027524 -0.000330 0.000200  1.600190 -0.574767 1.534864
23  -0.000001 11.692100 -0.000007  -0.965049 -0.417379 -0.768316
24  0.000003 0.000008 0.000001  -0.021116 -0.000031 1.570738
25  -0.000000 -0.000012 0.000001  0.868960 0.000002 1.570712
26  -6.617934 -9.178503 0.826812  1.473120 1.855075 -0.198639
27  6.027513 -0.000259 -0.000221  1.520730 0.754736 -0.708481
28  11.691992 0.000161 0.000857  0.141449 0.000072 -1.836665
29  11.479355 -0.000861 0.000954  -1.142790 0.380466 0.885558
30  3.859437 -0.132758 1.193066  0.469647 -0.013262 -1.872395
31  1.312559 0.000026 -0.000001  0.024060 -0.138696 -0.550187
32  0.729344 0.000065 -0.000026  -0.166197 -0.081570 -0.714272
33  3.942046 0.050139 0.431001  0.225309 -0.086237 -1.592712
34  1.539096 0.000005 -0.000001  0.035254 -0.050373 -0.994350
35  1.196300 0.000078 -0.000003  -0.021521 0.002175 -0.839738
36  3.883414 -0.050472 -0.431084  0.184824 -0.271737 -1.204030
37  1.719563 -0.000085 -0.000005  0.022859 -0.107186 -1.509108
38  1.209198 0.000035 0.000012  0.000661 0.071072 -0.480462
39  3.859588 -0.149083 -1.331320  -0.104061 -0.070249 -0.272073
40  1.719415 -0.000098 -0.000035  -0.013177 0.003907 -1.203491
41  1.099674 0.000021 0.000007  -0.005887 -0.007993 -0.771205
42  0.805984 -0.359848 -1.318338  0.991670 0.166767 -0.799527
43  1.789780 -0.000008 -0.000043  0.000058 -0.002451 0.133098
44  1.206996 -0.000007 0.000005  0.000372 -0.000071 1.058780
45  5.740571 0.000079 0.000721  0.172460 -0.000014 0.000028
46  11.480814 -0.000098 0.000936  0.056555 0.082971 0.145456
47  6.027515 -0.000273 -0.000230  -0.910498 -0.520836 -1.709520
48  -0.000000 11.691973 -0.000005  -1.227263 0.672038 0.920661
49  0.000002 -0.000002 0.000001  2.413977 -0.000036 1.570860
50  -0.000006 -0.000014 0.000005  2.272645 -0.000036 1.570861
51  -3.422328 -3.805365 -6.854754  -0.078012 -2.996716 1.465737
52  0.000000 -0.000000 0.000000  0.008153 -0.000259 0.000009
53  0.000000 -0.000000 0.000001  1.565115 0.043565 -0.106862
54  -0.363791 -15.867239 -5.623037  -0.755929 -0.139050 -1.950540
55  -0.000001 -0.000000 0.000000  0.000000 -0.000001 -0.000002
56  0.000029 0.000028 0.000002  -1.571901 -0.044449 -0.106509
57  5.185302 -16.056248 -16.646038  1.570796 -0.000000 0.000000
58  -15.417985 4.000748 -22.641926  1.570796 -0.000000 0.000000
59  2.236387 -0.189356 -5.037201  1.570796 -0.000000 0.000000
60  -0.004311 0.001230 -0.000371  0.006898 -0.005534 -0.284229
61  0.826810 10.209643 -4.879054  1.570796 -0.000000 0.000000
62  0.000000 0.000000 0.000000  -0.078727 -3.136056 0.284226
63  -2.240596 -3.247336 -0.249455  1.570796 -0.000000 0.000000
64  -2.287624 -8.249615 -1.349235  1.570796 0.000000 0.000000
65  0.002681 -3.204031 0.621196  0.000000 -0.000000 0.000000
66  0.048105 -1.112260 5.803837  0.000000 -0.000000 0.000000
67  -1.184782 0.539746 -0.284904  0.000000 -0.000000 0.000000
68  0.047884 -1.610073 21.020466  0.000000 -0.000000 0.000000
69  0.047881 -3.319714 2.472855  0.000000 -0.000000 0.000000
70  0.172180 -2.040368 3.568007  0.000000 -0.000000 0.000000
71  0.654947 -2.537531 2.477230  0.000000 -0.000000 0.000000
72  -2.285144 -12.956001 -5.446409  1.570796 0.000000 0.000000
73  0.017809 1.799356 -0.402361  0.000000 -0.000000 0.000000
74  -2.285144 -12.956001 -5.446409  1.570796 0.000000 0.000000
75  0.031323 2.100358 -1.138380  0.000000 -0.000000 0.000000
76  -0.024051 1.849582 -1.138377  0.000000 -0.000000 0.000000
time 105
0  0.000006 0.000000 0.000000  -1.570800 -1.391899 -1.570792
1  -4.921969 1.082092 2.232071  -1.544956 -1.855077 -0.198630
2  6.027524 -0.000323 0.000190  -0.747182 -0.995446 -1.552695
3  11.692107 0.000645 -0.000740  -0.890211 -0.000018 -1.391952
4  11.479911 0.000229 -0.000885  1.225960 -0.603154 0.357879
5  3.859502 -0.142824 -1.192079  -0.573871 -0.316762 -1.795817
6  1.312591 0.000009 0.000007  -0.135121 -0.003384 -0.178728
7  0.729354 0.000055 0.000049  -0.006155 -0.010667 -0.248915
8  3.942140 0.046330 -0.431542  -0.497018 0.100803 -1.231861
9  1.539110 0.000083 0.000004  -0.000382 -0.119364 -0.902013
10  1.196330 0.000145 0.000028  0.012615 0.002795 -0.535714
11  3.883509 -0.047213 0.431351  -0.283712 0.421834 -0.633459
12  1.719573 -0.000029 0.000017  0.057360 -0.144594 -1.427911
13  1.209179 0.000089 0.000011  -0.003667 -0.003000 -0.405259
14  4.085234 -0.082653 1.151009  0.076971 0.573771 0.038997
15  1.719450 -0.000017 0.000029  0.015664 -0.064932 -0.867211
16  1.099675 0.000049 0.000006  -0.075642 0.030056 -1.536734
17  0.869860 -1.165528 1.469023  -1.184630 -0.527540 -0.152316
18  1.789820 -0.000003 -0.000018  0.000001 -0.000026 0.636398
19  1.207013 -0.000013 -0.000044  0.000006 -0.000006 -0.137935
20  5.740637 0.000389 -0.000702  -0.108229 0.000003 0.000064
21  11.480989 0.000223 -0.000831  -0.042733 -0.108608 0.037758
22  6.027524 -0.000330 0.000200  1.600190 -0.574767 1.534864
23  -0.000001 11.692100 -0.000007  -0.965049 -0.417379 -0.768316
24  0.000003 0.000008 0.000001  -0.021116 -0.000031 1.570738
25  -0.000000 -0.000012 0.000001  0.868960 0.000002 1.570712
26  -6.617934 -9.178503 0.826812  1.473120 1.855075 -0.198639
27  6.027513 -0.000259 -0.000221  1.520730 0.754736 -0.708481
28  11.691992 0.000161 0.000857  0.141449 0.000072 -1.836665
29  11.479355 -0.000861 0.000954  -1.142790 0.380466 0.885558
30  3.859437 -0.132758 1.193066  0.469647 -0.013262 -1.872395
31  1.312559 0.000026 -0.000001  0.024060 -0.138696 -0.550187
32  0.729344 0.000065 -0.000026  -0.166197 -0.081570 -0.714272
33  3.942046 0.050139 0.431001  0.225309 -0.086237 -1.592712
34  1.539096 0.000005 -0.000001  0.035254 -0.050373 -0.994350
35  1.196300 0.000078 -0.000003  -0.021521 0.002175 -0.839738
36  3.883414 -0.050472 -0.431084  0.184824 -0.271737 -1.204030
37  1.719563 -0.000085 -0.000005  0.022859 -0.107186 -1.509108
38  1.209198 0.000035 0.000012  0.000661 0.071072 -0.480462
39  3.859588 -0.149083 -1.331320  -0.104061 -0.070249 -0.272073
40  1.719415 -0.000098 -0.000035  -0.013177 0.003907 -1.203491
41  1.099674 0.000021 0.000007  -0.005887 -0.007993 -0.771205
42  0.805984 -0.359848 -1.318338  0.991670 0.166767 -0.799527
43  1.789780 -0.000008 -0.000043  0.000058 -0.002451 0.133098
44  1.206996 -0.000007 0.000005  0.000372 -0.000071 1.058780
45  5.740571 0.000079 0.000721  0.172460 -0.000014 0.000028
46  11.480814 -0.000098 0.000936  0.056555 0.082971 0.145456
47  6.027515 -0.000273 -0.000230  -0.910498 -0.520836 -1.709520
48  -0.000000 11.691973 -0.000005  -1.227263 0.672038 0.920661
49  0.000002 -0.000002 0.000001  2.413977 -0.000036 1.570860
50  -0.000006 -0.000014 0.000005  2.272645 -0.000036 1.570861
51  -3.422328 -3.805365 -6.854754  -0.078012 -2.996716 1.465737
52  0.000000 -0.000000 0.000000  0.008153 -0.000259 0.000009
53  0.000000 -0.000000 0.000001  1.565115 0.043565 -0.106862
54  -0.363791 -15.867239 -5.623037  -0.755929 -0.139050 -1.950540
55  -0.000001 -0.000000 0.000000  0.000000 -0.000001 -0.000002
56  0.000029 0.000028 0.000002  -1.571901 -0.044449 -0.106509
57  5.185302 -16.056248 -16.646038  1.570796 -0.000000 0.000000
58  -15.417985 4.000748 -22.641926  1.570796 -0.000000 0.000000
59  2.236387 -0.189356 -5.037201  1.570796 -0.000000 0.000000
60  -0.004311 0.001230 -0.000371  0.006898 -0.005534 -0.284229
61  0.826810 10.209643 -4.879054  1.570796 -0.000000 0.000000
62  0.000000 0.000000 0.000000  -0.078727 -3.136056 0.284226
63  -2.240596 -3.247336 -0.249455  1.570796 -0.000000 0.000000
64  -2.287624 -8.249615 -1.349235  1.570796 0.000000 0.000000
65  0.002681 -3.204031 0.621196  0.000000 -0.000000 0.000000
66  0.048105 -1.112260 5.803837  0.000000 -0.000000 0.000000
67  -1.184782 0.539746 -0.284904  0.000000 -0.000000 0.000000
68  0.047884 -1.610073 21.020466  0.000000 -0.000000 0.000000
69  0.047881 -3.319714 2.472855  0.000000 -0.000000 0.000000
70  0.172180 -2.040368 3.568007  0.000000 -0.000000 0.000000
71  0.654947 -2.537531 2.477230  0.000000 -0.000000 0.000000
72  -2.285144 -12.956001 -5.446409  1.570796 0.000000 0.000000
73  0.017809 1.799356 -0.402361  0.000000 -0.000000 0.000000
74  -2.285144 -12.956001 -5.446409  1.570796 0.000000 0.000000
75  0.031323 2.100358 -1.138380  0.000000 -0.000000 0.000000
76  -0.024051 1.849582 -1.138377  0.000000 -0.000000 0.000000
time 106
0  0.000006 0.000000 0.000000  -1.570800 -1.391899 -1.570792
1  -4.921969 1.082092 2.232071  -1.544956 -1.855077 -0.198630
2  6.027524 -0.000323 0.000190  -0.747182 -0.995446 -1.552695
3  11.692107 0.000645 -0.000740  -0.890211 -0.000018 -1.391952
4  11.479911 0.000229 -0.000885  1.225960 -0.603154 0.357879
5  3.859502 -0.142824 -1.192079  -0.573871 -0.316762 -1.795817
6  1.312591 0.000009 0.000007  -0.135121 -0.003384 -0.178728
7  0.729354 0.000055 0.000049  -0.006155 -0.010667 -0.248915
8  3.942140 0.046330 -0.431542  -0.497018 0.100803 -1.231861
9  1.539110 0.000083 0.000004  -0.000382 -0.119364 -0.902013
10  1.196330 0.000145 0.000028  0.012615 0.002795 -0.535714
11  3.883509 -0.047213 0.431351  -0.283712 0.421834 -0.633459
12  1.719573 -0.000029 0.000017  0.057360 -0.144594 -1.427911
13  1.209179 0.000089 0.000011  -0.003667 -0.003000 -0.405259
14  4.085234 -0.082653 1.151009  0.076971 0.573771 0.038997
15  1.719450 -0.000017 0.000029  0.015664 -0.064932 -0.867211
16  1.099675 0.000049 0.000006  -0.075642 0.030056 -1.536734
17  0.869860 -1.165528 1.469023  -1.184630 -0.527540 -0.152316
18  1.789820 -0.000003 -0.000018  0.000001 -0.000026 0.636398
19  1.207013 -0.000013 -0.000044  0.000006 -0.000006 -0.137935
20  5.740637 0.000389 -0.000702  -0.108229 0.000003 0.000064
21  11.480989 0.000223 -0.000831  -0.042733 -0.108608 0.037758
22  6.027524 -0.000330 0.000200  1.600190 -0.574767 1.534864
23  -0.000001 11.692100 -0.000007  -0.965049 -0.417379 -0.768316
24  0.000003 0.000008 0.000001  -0.021116 -0.000031 1.570738
25  -0.000000 -0.000012 0.000001  0.868960 0.000002 1.570712
26  -6.617934 -9.178503 0.826812  1.473120 1.855075 -0.198639
27  6.027513 -0.000259 -0.000221  1.520730 0.754736 -0.708481
28  11.691992 0.000161 0.000857  0.141449 0.000072 -1.836665
29  11.479355 -0.000861 0.000954  -1.142790 0.380466 0.885558
30  3.859437 -0.132758 1.193066  0.469647 -0.013262 -1.872395
31  1.312559 0.000026 -0.000001  0.024060 -0.138696 -0.550187
32  0.729344 0.000065 -0.000026  -0.166197 -0.081570 -0.714272
33  3.942046 0.050139 0.431001  0.225309 -0.086237 -1.592712
34  1.539096 0.000005 -0.000001  0.035254 -0.050373 -0.994350
35  1.196300 0.000078 -0.000003  -0.021521 0.002175 -0.839738
36  3.883414 -0.050472 -0.431084  0.184824 -0.271737 -1.204030
37  1.719563 -0.000085 -0.000005  0.022859 -0.107186 -1.509108
38  1.209198 0.000035 0.000012  0.000661 0.071072 -0.480462
39  3.859588 -0.149083 -1.331320  -0.104061 -0.070249 -0.272073
40  1.719415 -0.000098 -0.000035  -0.013177 0.003907 -1.203491
41  1.099674 0.000021 0.000007  -0.005887 -0.007993 -0.771205
42  0.805984 -0.359848 -1.318338  0.991670 0.166767 -0.799527
43  1.789780 -0.000008 -0.000043  0.000058 -0.002451 0.133098
44  1.206996 -0.000007 0.000005  0.000372 -0.000071 1.058780
45  5.740571 0.000079 0.000721  0.172460 -0.000014 0.000028
46  11.480814 -0.000098 0.000936  0.056555 0.082971 0.145456
47  6.027515 -0.000273 -0.000230  -0.910498 -0.520836 -1.709520
48  -0.000000 11.691973 -0.000005  -1.227263 0.672038 0.920661
49  0.000002 -0.000002 0.000001  2.413977 -0.000036 1.570860
50  -0.000006 -0.000014 0.000005  2.272645 -0.000036 1.570861
51  -3.422328 -3.805365 -6.854754  -0.078012 -2.996716 1.465737
52  0.000000 -0.000000 0.000000  0.008153 -0.000259 0.000009
53  0.000000 -0.000000 0.000001  1.565115 0.043565 -0.106862
54  -0.363791 -15.867239 -5.623037  -0.755929 -0.139050 -1.950540
55  -0.000001 -0.000000 0.000000  0.000000 -0.000001 -0.000002
56  0.000029 0.000028 0.000002  -1.571901 -0.044449 -0.106509
57  5.185302 -16.056248 -16.646038  1.570796 -0.000000 0.000000
58  -15.417985 4.000748 -22.641926  1.570796 -0.000000 0.000000
59  2.236387 -0.189356 -5.037201  1.570796 -0.000000 0.000000
60  -0.004311 0.001230 -0.000371  0.006898 -0.005534 -0.284229
61  0.826810 10.209643 -4.879054  1.570796 -0.000000 0.000000
62  0.000000 0.000000 0.000000  -0.078727 -3.136056 0.284226
63  -2.240596 -3.247336 -0.249455  1.570796 -0.000000 0.000000
64  -2.287624 -8.249615 -1.349235  1.570796 0.000000 0.000000
65  0.002681 -3.204031 0.621196  0.000000 -0.000000 0.000000
66  0.048105 -1.112260 5.803837  0.000000 -0.000000 0.000000
67  -1.184782 0.539746 -0.284904  0.000000 -0.000000 0.000000
68  0.047884 -1.610073 21.020466  0.000000 -0.000000 0.000000
69  0.047881 -3.319714 2.472855  0.000000 -0.000000 0.000000
70  0.172180 -2.040368 3.568007  0.000000 -0.000000 0.000000
71  0.654947 -2.537531 2.477230  0.000000 -0.000000 0.000000
72  -2.285144 -12.956001 -5.446409  1.570796 0.000000 0.000000
73  0.017809 1.799356 -0.402361  0.000000 -0.000000 0.000000
74  -2.285144 -12.956001 -5.446409  1.570796 0.000000 0.000000
75  0.031323 2.100358 -1.138380  0.000000 -0.000000 0.000000
76  -0.024051 1.849582 -1.138377  0.000000 -0.000000 0.000000
time 107
0  0.000006 0.000000 0.000000  -1.570800 -1.391899 -1.570792
1  -4.921969 1.082092 2.232071  -1.544956 -1.855077 -0.198630
2  6.027524 -0.000323 0.000190  -0.747182 -0.995446 -1.552695
3  11.692107 0.000645 -0.000740  -0.890211 -0.000018 -1.391952
4  11.479911 0.000229 -0.000885  1.225960 -0.603154 0.357879
5  3.859502 -0.142824 -1.192079  -0.573871 -0.316762 -1.795817
6  1.312591 0.000009 0.000007  -0.135121 -0.003384 -0.178728
7  0.729354 0.000055 0.000049  -0.006155 -0.010667 -0.248915
8  3.942140 0.046330 -0.431542  -0.497018 0.100803 -1.231861
9  1.539110 0.000083 0.000004  -0.000382 -0.119364 -0.902013
10  1.196330 0.000145 0.000028  0.012615 0.002795 -0.535714
11  3.883509 -0.047213 0.431351  -0.283712 0.421834 -0.633459
12  1.719573 -0.000029 0.000017  0.057360 -0.144594 -1.427911
13  1.209179 0.000089 0.000011  -0.003667 -0.003000 -0.405259
14  4.085234 -0.082653 1.151009  0.076971 0.573771 0.038997
15  1.719450 -0.000017 0.000029  0.015664 -0.064932 -0.867211
16  1.099675 0.000049 0.000006  -0.075642 0.030056 -1.536734
17  0.869860 -1.165528 1.469023  -1.184630 -0.527540 -0.152316
18  1.789820 -0.000003 -0.000018  0.000001 -0.000026 0.636398
19  1.207013 -0.000013 -0.000044  0.000006 -0.000006 -0.137935
20  5.740637 0.000389 -0.000702  -0.108229 0.000003 0.000064
21  11.480989 0.000223 -0.000831  -0.042733 -0.108608 0.037758
22  6.027524 -0.000330 0.000200  1.600190 -0.574767 1.534864
23  -0.000001 11.692100 -0.000007  -0.965049 -0.417379 -0.768316
24  0.000003 0.000008 0.000001  -0.021116 -0.000031 1.570738
25  -0.000000 -0.000012 0.000001  0.868960 0.000002 1.570712
26  -6.617934 -9.178503 0.826812  1.473120 1.855075 -0.198639
27  6.027513 -0.000259 -0.000221  1.520730 0.754736 -0.708481
28  11.691992 0.000161 0.000857  0.141449 0.000072 -1.836665
29  11.479355 -0.000861 0.000954  -1.142790 0.380466 0.885558
30  3.859437 -0.132758 1.193066  0.469647 -0.013262 -1.872395
31  1.312559 0.000026 -0.000001  0.024060 -0.138696 -0.550187
32  0.729344 0.000065 -0.000026  -0.166197 -0.081570 -0.714272
33  3.942046 0.050139 0.431001  0.225309 -0.086237 -1.592712
34  1.539096 0.000005 -0.000001  0.035254 -0.050373 -0.994350
35  1.196300 0.000078 -0.000003  -0.021521 0.002175 -0.839738
36  3.883414 -0.050472 -0.431084  0.184824 -0.271737 -1.204030
37  1.719563 -0.000085 -0.000005  0.022859 -0.107186 -1.509108
38  1.209198 0.000035 0.000012  0.000661 0.071072 -0.480462
39  3.859588 -0.149083 -1.331320  -0.104061 -0.070249 -0.272073
40  1.719415 -0.000098 -0.000035  -0.013177 0.003907 -1.203491
41  1.099674 0.000021 0.000007  -0.005887 -0.007993 -0.771205
42  0.805984 -0.359848 -1.318338  0.991670 0.166767 -0.799527
43  1.789780 -0.000008 -0.000043  0.000058 -0.002451 0.133098
44  1.206996 -0.000007 0.000005  0.000372 -0.000071 1.058780
45  5.740571 0.000079 0.000721  0.172460 -0.000014 0.000028
46  11.480814 -0.000098 0.000936  0.056555 0.082971 0.145456
47  6.027515 -0.000273 -0.000230  -0.910498 -0.520836 -1.709520
48  -0.000000 11.691973 -0.000005  -1.227263 0.672038 0.920661
49  0.000002 -0.000002 0.000001  2.413977 -0.000036 1.570860
50  -0.000006 -0.000014 0.000005  2.272645 -0.000036 1.570861
51  -3.422328 -3.805365 -6.854754  -0.078012 -2.996716 1.465737
52  0.000000 -0.000000 0.000000  0.008153 -0.000259 0.000009
53  0.000000 -0.000000 0.000001  1.565115 0.043565 -0.106862
54  -0.363791 -15.867239 -5.623037  -0.755929 -0.139050 -1.950540
55  -0.000001 -0.000000 0.000000  0.000000 -0.000001 -0.000002
56  0.000029 0.000028 0.000002  -1.571901 -0.044449 -0.106509
57  5.185302 -16.056248 -16.646038  1.570796 -0.000000 0.000000
58  -15.417985 4.000748 -22.641926  1.570796 -0.000000 0.000000
59  2.236387 -0.189356 -5.037201  1.570796 -0.000000 0.000000
60  -0.004311 0.001230 -0.000371  0.006898 -0.005534 -0.284229
61  0.826810 10.209643 -4.879054  1.570796 -0.000000 0.000000
62  0.000000 0.000000 0.000000  -0.078727 -3.136056 0.284226
63  -2.240596 -3.247336 -0.249455  1.570796 -0.000000 0.000000
64  -2.287624 -8.249615 -1.349235  1.570796 0.000000 0.000000
65  0.002681 -3.204031 0.621196  0.000000 -0.000000 0.000000
66  0.048105 -1.112260 5.803837  0.000000 -0.000000 0.000000
67  -1.184782 0.539746 -0.284904  0.000000 -0.000000 0.000000
68  0.047884 -1.610073 21.020466  0.000000 -0.000000 0.000000
69  0.047881 -3.319714 2.472855  0.000000 -0.000000 0.000000
70  0.172180 -2.040368 3.568007  0.000000 -0.000000 0.000000
71  0.654947 -2.537531 2.477230  0.000000 -0.000000 0.000000
72  -2.285144 -12.956001 -5.446409  1.570796 0.000000 0.000000
73  0.017809 1.799356 -0.402361  0.000000 -0.000000 0.000000
74  -2.285144 -12.956001 -5.446409  1.570796 0.000000 0.000000
75  0.031323 2.100358 -1.138380  0.000000 -0.000000 0.000000
76  -0.024051 1.849582 -1.138377  0.000000 -0.000000 0.000000
time 108
0  0.000006 0.000000 0.000000  -1.570800 -1.391899 -1.570792
1  -4.921969 1.082092 2.232071  -1.544956 -1.855077 -0.198630
2  6.027524 -0.000323 0.000190  -0.747182 -0.995446 -1.552695
3  11.692107 0.000645 -0.000740  -0.890211 -0.000018 -1.391952
4  11.479911 0.000229 -0.000885  1.225960 -0.603154 0.357879
5  3.859502 -0.142824 -1.192079  -0.573871 -0.316762 -1.795817
6  1.312591 0.000009 0.000007  -0.135121 -0.003384 -0.178728
7  0.729354 0.000055 0.000049  -0.006155 -0.010667 -0.248915
8  3.942140 0.046330 -0.431542  -0.497018 0.100803 -1.231861
9  1.539110 0.000083 0.000004  -0.000382 -0.119364 -0.902013
10  1.196330 0.000145 0.000028  0.012615 0.002795 -0.535714
11  3.883509 -0.047213 0.431351  -0.283712 0.421834 -0.633459
12  1.719573 -0.000029 0.000017  0.057360 -0.144594 -1.427911
13  1.209179 0.000089 0.000011  -0.003667 -0.003000 -0.405259
14  4.085234 -0.082653 1.151009  0.076971 0.573771 0.038997
15  1.719450 -0.000017 0.000029  0.015664 -0.064932 -0.867211
16  1.099675 0.000049 0.000006  -0.075642 0.030056 -1.536734
17  0.869860 -1.165528 1.469023  -1.184630 -0.527540 -0.152316
18  1.789820 -0.000003 -0.000018  0.000001 -0.000026 0.636398
19  1.207013 -0.000013 -0.000044  0.000006 -0.000006 -0.137935
20  5.740637 0.000389 -0.000702  -0.108229 0.000003 0.000064
21  11.480989 0.000223 -0.000831  -0.042733 -0.108608 0.037758
22  6.027524 -0.000330 0.000200  1.600190 -0.574767 1.534864
23  -0.000001 11.692100 -0.000007  -0.965049 -0.417379 -0.768316
24  0.000003 0.000008 0.000001  -0.021116 -0.000031 1.570738
25  -0.000000 -0.000012 0.000001  0.868960 0.000002 1.570712
26  -6.617934 -9.178503 0.826812  1.473120 1.855075 -0.198639
27  6.027513 -0.000259 -0.000221  1.520730 0.754736 -0.708481
28  11.691992 0.000161 0.000857  0.141449 0.000072 -1.836665
29  11.479355 -0.000861 0.000954  -1.142790 0.380466 0.885558
30  3.859437 -0.132758 1.193066  0.469647 -0.013262 -1.872395
31  1.312559 0.000026 -0.000001  0.024060 -0.138696 -0.550187
32  0.729344 0.000065 -0.000026  -0.166197 -0.081570 -0.714272
33  3.942046 0.050139 0.431001  0.225309 -0.086237 -1.592712
34  1.539096 0.000005 -0.000001  0.035254 -0.050373 -0.994350
35  1.196300 0.000078 -0.000003  -0.021521 0.002175 -0.839738
36  3.883414 -0.050472 -0.431084  0.184824 -0.271737 -1.204030
37  1.719563 -0.000085 -0.000005  0.022859 -0.107186 -1.509108
38  1.209198 0.000035 0.000012  0.000661 0.071072 -0.480462
39  3.859588 -0.149083 -1.331320  -0.104061 -0.070249 -0.272073
40  1.719415 -0.000098 -0.000035  -0.013177 0.003907 -1.203491
41  1.099674 0.000021 0.000007  -0.005887 -0.007993 -0.771205
42  0.805984 -0.359848 -1.318338  0.991670 0.166767 -0.799527
43  1.789780 -0.000008 -0.000043  0.000058 -0.002451 0.133098
44  1.206996 -0.000007 0.000005  0.000372 -0.000071 1.058780
45  5.740571 0.000079 0.000721  0.172460 -0.000014 0.000028
46  11.480814 -0.000098 0.000936  0.056555 0.082971 0.145456
47  6.027515 -0.000273 -0.000230  -0.910498 -0.520836 -1.709520
48  -0.000000 11.691973 -0.000005  -1.227263 0.672038 0.920661
49  0.000002 -0.000002 0.000001  2.413977 -0.000036 1.570860
50  -0.000006 -0.000014 0.000005  2.272645 -0.000036 1.570861
51  -3.422328 -3.805365 -6.854754  -0.078012 -2.996716 1.465737
52  0.000000 -0.000000 0.000000  0.008153 -0.000259 0.000009
53  0.000000 -0.000000 0.000001  1.565115 0.043565 -0.106862
54  -0.363791 -15.867239 -5.623037  -0.755929 -0.139050 -1.950540
55  -0.000001 -0.000000 0.000000  0.000000 -0.000001 -0.000002
56  0.000029 0.000028 0.000002  -1.571901 -0.044449 -0.106509
57  5.185302 -16.056248 -16.646038  1.570796 -0.000000 0.000000
58  -15.417985 4.000748 -22.641926  1.570796 -0.000000 0.000000
59  2.236387 -0.189356 -5.037201  1.570796 -0.000000 0.000000
60  -0.004311 0.001230 -0.000371  0.006898 -0.005534 -0.284229
61  0.826810 10.209643 -4.879054  1.570796 -0.000000 0.000000
62  0.000000 0.000000 0.000000  -0.078727 -3.136056 0.284226
63  -2.240596 -3.247336 -0.249455  1.570796 -0.000000 0.000000
64  -2.287624 -8.249615 -1.349235  1.570796 0.000000 0.000000
65  0.002681 -3.204031 0.621196  0.000000 -0.000000 0.000000
66  0.048105 -1.112260 5.803837  0.000000 -0.000000 0.000000
67  -1.184782 0.539746 -0.284904  0.000000 -0.000000 0.000000
68  0.047884 -1.610073 21.020466  0.000000 -0.000000 0.000000
69  0.047881 -3.319714 2.472855  0.000000 -0.000000 0.000000
70  0.172180 -2.040368 3.568007  0.000000 -0.000000 0.000000
71  0.654947 -2.537531 2.477230  0.000000 -0.000000 0.000000
72  -2.285144 -12.956001 -5.446409  1.570796 0.000000 0.000000
73  0.017809 1.799356 -0.402361  0.000000 -0.000000 0.000000
74  -2.285144 -12.956001 -5.446409  1.570796 0.000000 0.000000
75  0.031323 2.100358 -1.138380  0.000000 -0.000000 0.000000
76  -0.024051 1.849582 -1.138377  0.000000 -0.000000 0.000000
time 109
0  0.000006 0.000000 0.000000  -1.570800 -1.391899 -1.570792
1  -4.921969 1.082092 2.232071  -1.544956 -1.855077 -0.198630
2  6.027524 -0.000323 0.000190  -0.747182 -0.995446 -1.552695
3  11.692107 0.000645 -0.000740  -0.890211 -0.000018 -1.391952
4  11.479911 0.000229 -0.000885  1.225960 -0.603154 0.357879
5  3.859502 -0.142824 -1.192079  -0.573871 -0.316762 -1.795817
6  1.312591 0.000009 0.000007  -0.135121 -0.003384 -0.178728
7  0.729354 0.000055 0.000049  -0.006155 -0.010667 -0.248915
8  3.942140 0.046330 -0.431542  -0.497018 0.100803 -1.231861
9  1.539110 0.000083 0.000004  -0.000382 -0.119364 -0.902013
10  1.196330 0.000145 0.000028  0.012615 0.002795 -0.535714
11  3.883509 -0.047213 0.431351  -0.283712 0.421834 -0.633459
12  1.719573 -0.000029 0.000017  0.057360 -0.144594 -1.427911
13  1.209179 0.000089 0.000011  -0.003667 -0.003000 -0.405259
14  4.085234 -0.082653 1.151009  0.076971 0.573771 0.038997
15  1.719450 -0.000017 0.000029  0.015664 -0.064932 -0.867211
16  1.099675 0.000049 0.000006  -0.075642 0.030056 -1.536734
17  0.869860 -1.165528 1.469023  -1.184630 -0.527540 -0.152316
18  1.789820 -0.000003 -0.000018  0.000001 -0.000026 0.636398
19  1.207013 -0.000013 -0.000044  0.000006 -0.000006 -0.137935
20  5.740637 0.000389 -0.000702  -0.108229 0.000003 0.000064
21  11.480989 0.000223 -0.000831  -0.042733 -0.108608 0.037758
22  6.027524 -0.000330 0.000200  1.600190 -0.574767 1.534864
23  -0.000001 11.692100 -0.000007  -0.965049 -0.417379 -0.768316
24  0.000003 0.000008 0.000001  -0.021116 -0.000031 1.570738
25  -0.000000 -0.000012 0.000001  0.868960 0.000002 1.570712
26  -6.617934 -9.178503 0.826812  1.473120 1.855075 -0.198639
27  6.027513 -0.000259 -0.000221  1.520730 0.754736 -0.708481
28  11.691992 0.000161 0.000857  0.141449 0.000072 -1.836665
29  11.479355 -0.000861 0.000954  -1.142790 0.380466 0.885558
30  3.859437 -0.132758 1.193066  0.469647 -0.013262 -1.872395
31  1.312559 0.000026 -0.000001  0.024060 -0.138696 -0.550187
32  0.729344 0.000065 -0.000026  -0.166197 -0.081570 -0.714272
33  3.942046 0.050139 0.431001  0.225309 -0.086237 -1.592712
34  1.539096 0.000005 -0.000001  0.035254 -0.050373 -0.994350
35  1.196300 0.000078 -0.000003  -0.021521 0.002175 -0.839738
36  3.883414 -0.050472 -0.431084  0.184824 -0.271737 -1.204030
37  1.719563 -0.000085 -0.000005  0.022859 -0.107186 -1.509108
38  1.209198 0.000035 0.000012  0.000661 0.071072 -0.480462
39  3.859588 -0.149083 -1.331320  -0.104061 -0.070249 -0.272073
40  1.719415 -0.000098 -0.000035  -0.013177 0.003907 -1.203491
41  1.099674 0.000021 0.000007  -0.005887 -0.007993 -0.771205
42  0.805984 -0.359848 -1.318338  0.991670 0.166767 -0.799527
43  1.789780 -0.000008 -0.000043  0.000058 -0.002451 0.133098
44  1.206996 -0.000007 0.000005  0.000372 -0.000071 1.058780
45  5.740571 0.000079 0.000721  0.172460 -0.000014 0.000028
46  11.480814 -0.000098 0.000936  0.056555 0.082971 0.145456
47  6.027515 -0.000273 -0.000230  -0.910498 -0.520836 -1.709520
48  -0.000000 11.691973 -0.000005  -1.227263 0.672038 0.920661
49  0.000002 -0.000002 0.000001  2.413977 -0.000036 1.570860
50  -0.000006 -0.000014 0.000005  2.272645 -0.000036 1.570861
51  -3.422328 -3.805365 -6.854754  -0.078012 -2.996716 1.465737
52  0.000000 -0.000000 0.000000  0.008153 -0.000259 0.000009
53  0.000000 -0.000000 0.000001  1.565115 0.043565 -0.106862
54  -0.363791 -15.867239 -5.623037  -0.755929 -0.139050 -1.950540
55  -0.000001 -0.000000 0.000000  0.000000 -0.000001 -0.000002
56  0.000029 0.000028 0.000002  -1.571901 -0.044449 -0.106509
57  5.185302 -16.056248 -16.646038  1.570796 -0.000000 0.000000
58  -15.417985 4.000748 -22.641926  1.570796 -0.000000 0.000000
59  2.236387 -0.189356 -5.037201  1.570796 -0.000000 0.000000
60  -0.004311 0.001230 -0.000371  0.006898 -0.005534 -0.284229
61  0.826810 10.209643 -4.879054  1.570796 -0.000000 0.000000
62  0.000000 0.000000 0.000000  -0.078727 -3.136056 0.284226
63  -2.240596 -3.247336 -0.249455  1.570796 -0.000000 0.000000
64  -2.287624 -8.249615 -1.349235  1.570796 0.000000 0.000000
65  0.002681 -3.204031 0.621196  0.000000 -0.000000 0.000000
66  0.048105 -1.112260 5.803837  0.000000 -0.000000 0.000000
67  -1.184782 0.539746 -0.284904  0.000000 -0.000000 0.000000
68  0.047884 -1.610073 21.020466  0.000000 -0.000000 0.000000
69  0.047881 -3.319714 2.472855  0.000000 -0.000000 0.000000
70  0.172180 -2.040368 3.568007  0.000000 -0.000000 0.000000
71  0.654947 -2.537531 2.477230  0.000000 -0.000000 0.000000
72  -2.285144 -12.956001 -5.446409  1.570796 0.000000 0.000000
73  0.017809 1.799356 -0.402361  0.000000 -0.000000 0.000000
74  -2.285144 -12.956001 -5.446409  1.570796 0.000000 0.000000
75  0.031323 2.100358 -1.138380  0.000000 -0.000000 0.000000
76  -0.024051 1.849582 -1.138377  0.000000 -0.000000 0.000000
time 110
0  0.000006 0.000000 0.000000  -1.570800 -1.391899 -1.570792
1  -4.921969 1.082092 2.232071  -1.544956 -1.855077 -0.198630
2  6.027524 -0.000323 0.000190  -0.747182 -0.995446 -1.552695
3  11.692107 0.000645 -0.000740  -0.890211 -0.000018 -1.391952
4  11.479911 0.000229 -0.000885  1.225960 -0.603154 0.357879
5  3.859502 -0.142824 -1.192079  -0.573871 -0.316762 -1.795817
6  1.312591 0.000009 0.000007  -0.135121 -0.003384 -0.178728
7  0.729354 0.000055 0.000049  -0.006155 -0.010667 -0.248915
8  3.942140 0.046330 -0.431542  -0.497018 0.100803 -1.231861
9  1.539110 0.000083 0.000004  -0.000382 -0.119364 -0.902013
10  1.196330 0.000145 0.000028  0.012615 0.002795 -0.535714
11  3.883509 -0.047213 0.431351  -0.283712 0.421834 -0.633459
12  1.719573 -0.000029 0.000017  0.057360 -0.144594 -1.427911
13  1.209179 0.000089 0.000011  -0.003667 -0.003000 -0.405259
14  4.085234 -0.082653 1.151009  0.076971 0.573771 0.038997
15  1.719450 -0.000017 0.000029  0.015664 -0.064932 -0.867211
16  1.099675 0.000049 0.000006  -0.075642 0.030056 -1.536734
17  0.869860 -1.165528 1.469023  -1.184630 -0.527540 -0.152316
18  1.789820 -0.000003 -0.000018  0.000001 -0.000026 0.636398
19  1.207013 -0.000013 -0.000044  0.000006 -0.000006 -0.137935
20  5.740637 0.000389 -0.000702  -0.108229 0.000003 0.000064
21  11.480989 0.000223 -0.000831  -0.042733 -0.108608 0.037758
22  6.027524 -0.000330 0.000200  1.600190 -0.574767 1.534864
23  -0.000001 11.692100 -0.000007  -0.965049 -0.417379 -0.768316
24  0.000003 0.000008 0.000001  -0.021116 -0.000031 1.570738
25  -0.000000 -0.000012 0.000001  0.868960 0.000002 1.570712
26  -6.617934 -9.178503 0.826812  1.473120 1.855075 -0.198639
27  6.027513 -0.000259 -0.000221  1.520730 0.754736 -0.708481
28  11.691992 0.000161 0.000857  0.141449 0.000072 -1.836665
29  11.479355 -0.000861 0.000954  -1.142790 0.380466 0.885558
30  3.859437 -0.132758 1.193066  0.469647 -0.013262 -1.872395
31  1.312559 0.000026 -0.000001  0.024060 -0.138696 -0.550187
32  0.729344 0.000065 -0.000026  -0.166197 -0.081570 -0.714272
33  3.942046 0.050139 0.431001  0.225309 -0.086237 -1.592712
34  1.539096 0.000005 -0.000001  0.035254 -0.050373 -0.994350
35  1.196300 0.000078 -0.000003  -0.021521 0.002175 -0.839738
36  3.883414 -0.050472 -0.431084  0.184824 -0.271737 -1.204030
37  1.719563 -0.000085 -0.000005  0.022859 -0.107186 -1.509108
38  1.209198 0.000035 0.000012  0.000661 0.071072 -0.480462
39  3.859588 -0.149083 -1.331320  -0.104061 -0.070249 -0.272073
40  1.719415 -0.000098 -0.000035  -0.013177 0.003907 -1.203491
41  1.099674 0.000021 0.000007  -0.005887 -0.007993 -0.771205
42  0.805984 -0.359848 -1.318338  0.991670 0.166767 -0.799527
43  1.789780 -0.000008 -0.000043  0.000058 -0.002451 0.133098
44  1.206996 -0.000007 0.000005  0.000372 -0.000071 1.058780
45  5.740571 0.000079 0.000721  0.172460 -0.000014 0.000028
46  11.480814 -0.000098 0.000936  0.056555 0.082971 0.145456
47  6.027515 -0.000273 -0.000230  -0.910498 -0.520836 -1.709520
48  -0.000000 11.691973 -0.000005  -1.227263 0.672038 0.920661
49  0.000002 -0.000002 0.000001  2.413977 -0.000036 1.570860
50  -0.000006 -0.000014 0.000005  2.272645 -0.000036 1.570861
51  -3.422328 -3.805365 -6.854754  -0.078012 -2.996716 1.465737
52  0.000000 -0.000000 0.000000  0.008153 -0.000259 0.000009
53  0.000000 -0.000000 0.000001  1.565115 0.043565 -0.106862
54  -0.363791 -15.867239 -5.623037  -0.755929 -0.139050 -1.950540
55  -0.000001 -0.000000 0.000000  0.000000 -0.000001 -0.000002
56  0.000029 0.000028 0.000002  -1.571901 -0.044449 -0.106509
57  5.185302 -16.056248 -16.646038  1.570796 -0.000000 0.000000
58  -15.417985 4.000748 -22.641926  1.570796 -0.000000 0.000000
59  2.236387 -0.189356 -5.037201  1.570796 -0.000000 0.000000
60  -0.004311 0.001230 -0.000371  0.006898 -0.005534 -0.284229
61  0.826810 10.209643 -4.879054  1.570796 -0.000000 0.000000
62  0.000000 0.000000 0.000000  -0.078727 -3.136056 0.284226
63  -2.240596 -3.247336 -0.249455  1.570796 -0.000000 0.000000
64  -2.287624 -8.249615 -1.349235  1.570796 0.000000 0.000000
65  0.002681 -3.204031 0.621196  0.000000 -0.000000 0.000000
66  0.048105 -1.112260 5.803837  0.000000 -0.000000 0.000000
67  -1.184782 0.539746 -0.284904  0.000000 -0.000000 0.000000
68  0.047884 -1.610073 21.020466  0.000000 -0.000000 0.000000
69  0.047881 -3.319714 2.472855  0.000000 -0.000000 0.000000
70  0.172180 -2.040368 3.568007  0.000000 -0.000000 0.000000
71  0.654947 -2.537531 2.477230  0.000000 -0.000000 0.000000
72  -2.285144 -12.956001 -5.446409  1.570796 0.000000 0.000000
73  0.017809 1.799356 -0.402361  0.000000 -0.000000 0.000000
74  -2.285144 -12.956001 -5.446409  1.570796 0.000000 0.000000
75  0.031323 2.100358 -1.138380  0.000000 -0.000000 0.000000
76  -0.024051 1.849582 -1.138377  0.000000 -0.000000 0.000000
time 111
0  0.000006 0.000000 0.000000  -1.570800 -1.391899 -1.570792
1  -4.921969 1.082092 2.232071  -1.544956 -1.855077 -0.198630
2  6.027524 -0.000323 0.000190  -0.747182 -0.995446 -1.552695
3  11.692107 0.000645 -0.000740  -0.890211 -0.000018 -1.391952
4  11.479911 0.000229 -0.000885  1.225960 -0.603154 0.357879
5  3.859502 -0.142824 -1.192079  -0.573871 -0.316762 -1.795817
6  1.312591 0.000009 0.000007  -0.135121 -0.003384 -0.178728
7  0.729354 0.000055 0.000049  -0.006155 -0.010667 -0.248915
8  3.942140 0.046330 -0.431542  -0.497018 0.100803 -1.231861
9  1.539110 0.000083 0.000004  -0.000382 -0.119364 -0.902013
10  1.196330 0.000145 0.000028  0.012615 0.002795 -0.535714
11  3.883509 -0.047213 0.431351  -0.283712 0.421834 -0.633459
12  1.719573 -0.000029 0.000017  0.057360 -0.144594 -1.427911
13  1.209179 0.000089 0.000011  -0.003667 -0.003000 -0.405259
14  4.085234 -0.082653 1.151009  0.076971 0.573771 0.038997
15  1.719450 -0.000017 0.000029  0.015664 -0.064932 -0.867211
16  1.099675 0.000049 0.000006  -0.075642 0.030056 -1.536734
17  0.869860 -1.165528 1.469023  -1.184630 -0.527540 -0.152316
18  1.789820 -0.000003 -0.000018  0.000001 -0.000026 0.636398
19  1.207013 -0.000013 -0.000044  0.000006 -0.000006 -0.137935
20  5.740637 0.000389 -0.000702  -0.108229 0.000003 0.000064
21  11.480989 0.000223 -0.000831  -0.042733 -0.108608 0.037758
22  6.027524 -0.000330 0.000200  1.600190 -0.574767 1.534864
23  -0.000001 11.692100 -0.000007  -0.965049 -0.417379 -0.768316
24  0.000003 0.000008 0.000001  -0.021116 -0.000031 1.570738
25  -0.000000 -0.000012 0.000001  0.868960 0.000002 1.570712
26  -6.617934 -9.178503 0.826812  1.473120 1.855075 -0.198639
27  6.027513 -0.000259 -0.000221  1.520730 0.754736 -0.708481
28  11.691992 0.000161 0.000857  0.141449 0.000072 -1.836665
29  11.479355 -0.000861 0.000954  -1.142790 0.380466 0.885558
30  3.859437 -0.132758 1.193066  0.469647 -0.013262 -1.872395
31  1.312559 0.000026 -0.000001  0.024060 -0.138696 -0.550187
32  0.729344 0.000065 -0.000026  -0.166197 -0.081570 -0.714272
33  3.942046 0.050139 0.431001  0.225309 -0.086237 -1.592712
34  1.539096 0.000005 -0.000001  0.035254 -0.050373 -0.994350
35  1.196300 0.000078 -0.000003  -0.021521 0.002175 -0.839738
36  3.883414 -0.050472 -0.431084  0.184824 -0.271737 -1.204030
37  1.719563 -0.000085 -0.000005  0.022859 -0.107186 -1.509108
38  1.209198 0.000035 0.000012  0.000661 0.071072 -0.480462
39  3.859588 -0.149083 -1.331320  -0.104061 -0.070249 -0.272073
40  1.719415 -0.000098 -0.000035  -0.013177 0.003907 -1.203491
41  1.099674 0.000021 0.000007  -0.005887 -0.007993 -0.771205
42  0.805984 -0.359848 -1.318338  0.991670 0.166767 -0.799527
43  1.789780 -0.000008 -0.000043  0.000058 -0.002451 0.133098
44  1.206996 -0.000007 0.000005  0.000372 -0.000071 1.058780
45  5.740571 0.000079 0.000721  0.172460 -0.000014 0.000028
46  11.480814 -0.000098 0.000936  0.056555 0.082971 0.145456
47  6.027515 -0.000273 -0.000230  -0.910498 -0.520836 -1.709520
48  -0.000000 11.691973 -0.000005  -1.227263 0.672038 0.920661
49  0.000002 -0.000002 0.000001  2.413977 -0.000036 1.570860
50  -0.000006 -0.000014 0.000005  2.272645 -0.000036 1.570861
51  -3.422328 -3.805365 -6.854754  -0.078012 -2.996716 1.465737
52  0.000000 -0.000000 0.000000  0.008153 -0.000259 0.000009
53  0.000000 -0.000000 0.000001  1.565115 0.043565 -0.106862
54  -0.363791 -15.867239 -5.623037  -0.755929 -0.139050 -1.950540
55  -0.000001 -0.000000 0.000000  0.000000 -0.000001 -0.000002
56  0.000029 0.000028 0.000002  -1.571901 -0.044449 -0.106509
57  5.185302 -16.056248 -16.646038  1.570796 -0.000000 0.000000
58  -15.417985 4.000748 -22.641926  1.570796 -0.000000 0.000000
59  2.236387 -0.189356 -5.037201  1.570796 -0.000000 0.000000
60  -0.004311 0.001230 -0.000371  0.006898 -0.005534 -0.284229
61  0.826810 10.209643 -4.879054  1.570796 -0.000000 0.000000
62  0.000000 0.000000 0.000000  -0.078727 -3.136056 0.284226
63  -2.240596 -3.247336 -0.249455  1.570796 -0.000000 0.000000
64  -2.287624 -8.249615 -1.349235  1.570796 0.000000 0.000000
65  0.002681 -3.204031 0.621196  0.000000 -0.000000 0.000000
66  0.048105 -1.112260 5.803837  0.000000 -0.000000 0.000000
67  -1.184782 0.539746 -0.284904  0.000000 -0.000000 0.000000
68  0.047884 -1.610073 21.020466  0.000000 -0.000000 0.000000
69  0.047881 -3.319714 2.472855  0.000000 -0.000000 0.000000
70  0.172180 -2.040368 3.568007  0.000000 -0.000000 0.000000
71  0.654947 -2.537531 2.477230  0.000000 -0.000000 0.000000
72  -2.285144 -12.956001 -5.446409  1.570796 0.000000 0.000000
73  0.017809 1.799356 -0.402361  0.000000 -0.000000 0.000000
74  -2.285144 -12.956001 -5.446409  1.570796 0.000000 0.000000
75  0.031323 2.100358 -1.138380  0.000000 -0.000000 0.000000
76  -0.024051 1.849582 -1.138377  0.000000 -0.000000 0.000000
time 112
0  0.000006 0.000000 0.000000  -1.570800 -1.391899 -1.570792
1  -4.921969 1.082092 2.232071  -1.544956 -1.855077 -0.198630
2  6.027524 -0.000323 0.000190  -0.747182 -0.995446 -1.552695
3  11.692107 0.000645 -0.000740  -0.890211 -0.000018 -1.391952
4  11.479911 0.000229 -0.000885  1.225960 -0.603154 0.357879
5  3.859502 -0.142824 -1.192079  -0.573871 -0.316762 -1.795817
6  1.312591 0.000009 0.000007  -0.135121 -0.003384 -0.178728
7  0.729354 0.000055 0.000049  -0.006155 -0.010667 -0.248915
8  3.942140 0.046330 -0.431542  -0.497018 0.100803 -1.231861
9  1.539110 0.000083 0.000004  -0.000382 -0.119364 -0.902013
10  1.196330 0.000145 0.000028  0.012615 0.002795 -0.535714
11  3.883509 -0.047213 0.431351  -0.283712 0.421834 -0.633459
12  1.719573 -0.000029 0.000017  0.057360 -0.144594 -1.427911
13  1.209179 0.000089 0.000011  -0.003667 -0.003000 -0.405259
14  4.085234 -0.082653 1.151009  0.076971 0.573771 0.038997
15  1.719450 -0.000017 0.000029  0.015664 -0.064932 -0.867211
16  1.099675 0.000049 0.000006  -0.075642 0.030056 -1.536734
17  0.869860 -1.165528 1.469023  -1.184630 -0.527540 -0.152316
18  1.789820 -0.000003 -0.000018  0.000001 -0.000026 0.636398
19  1.207013 -0.000013 -0.000044  0.000006 -0.000006 -0.137935
20  5.740637 0.000389 -0.000702  -0.108229 0.000003 0.000064
21  11.480989 0.000223 -0.000831  -0.042733 -0.108608 0.037758
22  6.027524 -0.000330 0.000200  1.600190 -0.574767 1.534864
23  -0.000001 11.692100 -0.000007  -0.965049 -0.417379 -0.768316
24  0.000003 0.000008 0.000001  -0.021116 -0.000031 1.570738
25  -0.000000 -0.000012 0.000001  0.868960 0.000002 1.570712
26  -6.617934 -9.178503 0.826812  1.473120 1.855075 -0.198639
27  6.027513 -0.000259 -0.000221  1.520730 0.754736 -0.708481
28  11.691992 0.000161 0.000857  0.141449 0.000072 -1.836665
29  11.479355 -0.000861 0.000954  -1.142790 0.380466 0.885558
30  3.859437 -0.132758 1.193066  0.469647 -0.013262 -1.872395
31  1.312559 0.000026 -0.000001  0.024060 -0.138696 -0.550187
32  0.729344 0.000065 -0.000026  -0.166197 -0.081570 -0.714272
33  3.942046 0.050139 0.431001  0.225309 -0.086237 -1.592712
34  1.539096 0.000005 -0.000001  0.035254 -0.050373 -0.994350
35  1.196300 0.000078 -0.000003  -0.021521 0.002175 -0.839738
36  3.883414 -0.050472 -0.431084  0.184824 -0.271737 -1.204030
37  1.719563 -0.000085 -0.000005  0.022859 -0.107186 -1.509108
38  1.209198 0.000035 0.000012  0.000661 0.071072 -0.480462
39  3.859588 -0.149083 -1.331320  -0.104061 -0.070249 -0.272073
40  1.719415 -0.000098 -0.000035  -0.013177 0.003907 -1.203491
41  1.099674 0.000021 0.000007  -0.005887 -0.007993 -0.771205
42  0.805984 -0.359848 -1.318338  0.991670 0.166767 -0.799527
43  1.789780 -0.000008 -0.000043  0.000058 -0.002451 0.133098
44  1.206996 -0.000007 0.000005  0.000372 -0.000071 1.058780
45  5.740571 0.000079 0.000721  0.172460 -0.000014 0.000028
46  11.480814 -0.000098 0.000936  0.056555 0.082971 0.145456
47  6.027515 -0.000273 -0.000230  -0.910498 -0.520836 -1.709520
48  -0.000000 11.691973 -0.000005  -1.227263 0.672038 0.920661
49  0.000002 -0.000002 0.000001  2.413977 -0.000036 1.570860
50  -0.000006 -0.000014 0.000005  2.272645 -0.000036 1.570861
51  -3.422328 -3.805365 -6.854754  -0.078012 -2.996716 1.465737
52  0.000000 -0.000000 0.000000  0.008153 -0.000259 0.000009
53  0.000000 -0.000000 0.000001  1.565115 0.043565 -0.106862
54  -0.363791 -15.867239 -5.623037  -0.755929 -0.139050 -1.950540
55  -0.000001 -0.000000 0.000000  0.000000 -0.000001 -0.000002
56  0.000029 0.000028 0.000002  -1.571901 -0.044449 -0.106509
57  5.185302 -16.056248 -16.646038  1.570796 -0.000000 0.000000
58  -15.417985 4.000748 -22.641926  1.570796 -0.000000 0.000000
59  2.236387 -0.189356 -5.037201  1.570796 -0.000000 0.000000
60  -0.004311 0.001230 -0.000371  0.006898 -0.005534 -0.284229
61  0.826810 10.209643 -4.879054  1.570796 -0.000000 0.000000
62  0.000000 0.000000 0.000000  -0.078727 -3.136056 0.284226
63  -2.240596 -3.247336 -0.249455  1.570796 -0.000000 0.000000
64  -2.287624 -8.249615 -1.349235  1.570796 0.000000 0.000000
65  0.002681 -3.204031 0.621196  0.000000 -0.000000 0.000000
66  0.048105 -1.112260 5.803837  0.000000 -0.000000 0.000000
67  -1.184782 0.539746 -0.284904  0.000000 -0.000000 0.000000
68  0.047884 -1.610073 21.020466  0.000000 -0.000000 0.000000
69  0.047881 -3.319714 2.472855  0.000000 -0.000000 0.000000
70  0.172180 -2.040368 3.568007  0.000000 -0.000000 0.000000
71  0.654947 -2.537531 2.477230  0.000000 -0.000000 0.000000
72  -2.285144 -12.956001 -5.446409  1.570796 0.000000 0.000000
73  0.017809 1.799356 -0.402361  0.000000 -0.000000 0.000000
74  -2.285144 -12.956001 -5.446409  1.570796 0.000000 0.000000
75  0.031323 2.100358 -1.138380  0.000000 -0.000000 0.000000
76  -0.024051 1.849582 -1.138377  0.000000 -0.000000 0.000000
time 113
0  0.000006 0.000000 0.000000  -1.570800 -1.391899 -1.570792
1  -4.921969 1.082092 2.232071  -1.544956 -1.855077 -0.198630
2  6.027524 -0.000323 0.000190  -0.747182 -0.995446 -1.552695
3  11.692107 0.000645 -0.000740  -0.890211 -0.000018 -1.391952
4  11.479911 0.000229 -0.000885  1.225960 -0.603154 0.357879
5  3.859502 -0.142824 -1.192079  -0.573871 -0.316762 -1.795817
6  1.312591 0.000009 0.000007  -0.135121 -0.003384 -0.178728
7  0.729354 0.000055 0.000049  -0.006155 -0.010667 -0.248915
8  3.942140 0.046330 -0.431542  -0.497018 0.100803 -1.231861
9  1.539110 0.000083 0.000004  -0.000382 -0.119364 -0.902013
10  1.196330 0.000145 0.000028  0.012615 0.002795 -0.535714
11  3.883509 -0.047213 0.431351  -0.283712 0.421834 -0.633459
12  1.719573 -0.000029 0.000017  0.057360 -0.144594 -1.427911
13  1.209179 0.000089 0.000011  -0.003667 -0.003000 -0.405259
14  4.085234 -0.082653 1.151009  0.076971 0.573771 0.038997
15  1.719450 -0.000017 0.000029  0.015664 -0.064932 -0.867211
16  1.099675 0.000049 0.000006  -0.075642 0.030056 -1.536734
17  0.869860 -1.165528 1.469023  -1.184630 -0.527540 -0.152316
18  1.789820 -0.000003 -0.000018  0.000001 -0.000026 0.636398
19  1.207013 -0.000013 -0.000044  0.000006 -0.000006 -0.137935
20  5.740637 0.000389 -0.000702  -0.108229 0.000003 0.000064
21  11.480989 0.000223 -0.000831  -0.042733 -0.108608 0.037758
22  6.027524 -0.000330 0.000200  1.600190 -0.574767 1.534864
23  -0.000001 11.692100 -0.000007  -0.965049 -0.417379 -0.768316
24  0.000003 0.000008 0.000001  -0.021116 -0.000031 1.570738
25  -0.000000 -0.000012 0.000001  0.868960 0.000002 1.570712
26  -6.617934 -9.178503 0.826812  1.473120 1.855075 -0.198639
27  6.027513 -0.000259 -0.000221  1.520730 0.754736 -0.708481
28  11.691992 0.000161 0.000857  0.141449 0.000072 -1.836665
29  11.479355 -0.000861 0.000954  -1.142790 0.380466 0.885558
30  3.859437 -0.132758 1.193066  0.469647 -0.013262 -1.872395
31  1.312559 0.000026 -0.000001  0.024060 -0.138696 -0.550187
32  0.729344 0.000065 -0.000026  -0.166197 -0.081570 -0.714272
33  3.942046 0.050139 0.431001  0.225309 -0.086237 -1.592712
34  1.539096 0.000005 -0.000001  0.035254 -0.050373 -0.994350
35  1.196300 0.000078 -0.000003  -0.021521 0.002175 -0.839738
36  3.883414 -0.050472 -0.431084  0.184824 -0.271737 -1.204030
37  1.719563 -0.000085 -0.000005  0.022859 -0.107186 -1.509108
38  1.209198 0.000035 0.000012  0.000661 0.071072 -0.480462
39  3.859588 -0.149083 -1.331320  -0.104061 -0.070249 -0.272073
40  1.719415 -0.000098 -0.000035  -0.013177 0.003907 -1.203491
41  1.099674 0.000021 0.000007  -0.005887 -0.007993 -0.771205
42  0.805984 -0.359848 -1.318338  0.991670 0.166767 -0.799527
43  1.789780 -0.000008 -0.000043  0.000058 -0.002451 0.133098
44  1.206996 -0.000007 0.000005  0.000372 -0.000071 1.058780
45  5.740571 0.000079 0.000721  0.172460 -0.000014 0.000028
46  11.480814 -0.000098 0.000936  0.056555 0.082971 0.145456
47  6.027515 -0.000273 -0.000230  -0.910498 -0.520836 -1.709520
48  -0.000000 11.691973 -0.000005  -1.227263 0.672038 0.920661
49  0.000002 -0.000002 0.000001  2.413977 -0.000036 1.570860
50  -0.000006 -0.000014 0.000005  2.272645 -0.000036 1.570861
51  -3.422328 -3.805365 -6.854754  -0.078012 -2.996716 1.465737
52  0.000000 -0.000000 0.000000  0.008153 -0.000259 0.000009
53  0.000000 -0.000000 0.000001  1.565115 0.043565 -0.106862
54  -0.363791 -15.867239 -5.623037  -0.755929 -0.139050 -1.950540
55  -0.000001 -0.000000 0.000000  0.000000 -0.000001 -0.000002
56  0.000029 0.000028 0.000002  -1.571901 -0.044449 -0.106509
57  5.185302 -16.056248 -16.646038  1.570796 -0.000000 0.000000
58  -15.417985 4.000748 -22.641926  1.570796 -0.000000 0.000000
59  2.236387 -0.189356 -5.037201  1.570796 -0.000000 0.000000
60  -0.004311 0.001230 -0.000371  0.006898 -0.005534 -0.284229
61  0.826810 10.209643 -4.879054  1.570796 -0.000000 0.000000
62  0.000000 0.000000 0.000000  -0.078727 -3.136056 0.284226
63  -2.240596 -3.247336 -0.249455  1.570796 -0.000000 0.000000
64  -2.287624 -8.249615 -1.349235  1.570796 0.000000 0.000000
65  0.002681 -3.204031 0.621196  0.000000 -0.000000 0.000000
66  0.048105 -1.112260 5.803837  0.000000 -0.000000 0.000000
67  -1.184782 0.539746 -0.284904  0.000000 -0.000000 0.000000
68  0.047884 -1.610073 21.020466  0.000000 -0.000000 0.000000
69  0.047881 -3.319714 2.472855  0.000000 -0.000000 0.000000
70  0.172180 -2.040368 3.568007  0.000000 -0.000000 0.000000
71  0.654947 -2.537531 2.477230  0.000000 -0.000000 0.000000
72  -2.285144 -12.956001 -5.446409  1.570796 0.000000 0.000000
73  0.017809 1.799356 -0.402361  0.000000 -0.000000 0.000000
74  -2.285144 -12.956001 -5.446409  1.570796 0.000000 0.000000
75  0.031323 2.100358 -1.138380  0.000000 -0.000000 0.000000
76  -0.024051 1.849582 -1.138377  0.000000 -0.000000 0.000000
time 114
0  0.000006 0.000000 0.000000  -1.570800 -1.391899 -1.570792
1  -4.921969 1.082092 2.232071  -1.544956 -1.855077 -0.198630
2  6.027524 -0.000323 0.000190  -0.747182 -0.995446 -1.552695
3  11.692107 0.000645 -0.000740  -0.890211 -0.000018 -1.391952
4  11.479911 0.000229 -0.000885  1.225960 -0.603154 0.357879
5  3.859502 -0.142824 -1.192079  -0.573871 -0.316762 -1.795817
6  1.312591 0.000009 0.000007  -0.135121 -0.003384 -0.178728
7  0.729354 0.000055 0.000049  -0.006155 -0.010667 -0.248915
8  3.942140 0.046330 -0.431542  -0.497018 0.100803 -1.231861
9  1.539110 0.000083 0.000004  -0.000382 -0.119364 -0.902013
10  1.196330 0.000145 0.000028  0.012615 0.002795 -0.535714
11  3.883509 -0.047213 0.431351  -0.283712 0.421834 -0.633459
12  1.719573 -0.000029 0.000017  0.057360 -0.144594 -1.427911
13  1.209179 0.000089 0.000011  -0.003667 -0.003000 -0.405259
14  4.085234 -0.082653 1.151009  0.076971 0.573771 0.038997
15  1.719450 -0.000017 0.000029  0.015664 -0.064932 -0.867211
16  1.099675 0.000049 0.000006  -0.075642 0.030056 -1.536734
17  0.869860 -1.165528 1.469023  -1.184630 -0.527540 -0.152316
18  1.789820 -0.000003 -0.000018  0.000001 -0.000026 0.636398
19  1.207013 -0.000013 -0.000044  0.000006 -0.000006 -0.137935
20  5.740637 0.000389 -0.000702  -0.108229 0.000003 0.000064
21  11.480989 0.000223 -0.000831  -0.042733 -0.108608 0.037758
22  6.027524 -0.000330 0.000200  1.600190 -0.574767 1.534864
23  -0.000001 11.692100 -0.000007  -0.965049 -0.417379 -0.768316
24  0.000003 0.000008 0.000001  -0.021116 -0.000031 1.570738
25  -0.000000 -0.000012 0.000001  0.868960 0.000002 1.570712
26  -6.617934 -9.178503 0.826812  1.473120 1.855075 -0.198639
27  6.027513 -0.000259 -0.000221  1.520730 0.754736 -0.708481
28  11.691992 0.000161 0.000857  0.141449 0.000072 -1.836665
29  11.479355 -0.000861 0.000954  -1.142790 0.380466 0.885558
30  3.859437 -0.132758 1.193066  0.469647 -0.013262 -1.872395
31  1.312559 0.000026 -0.000001  0.024060 -0.138696 -0.550187
32  0.729344 0.000065 -0.000026  -0.166197 -0.081570 -0.714272
33  3.942046 0.050139 0.431001  0.225309 -0.086237 -1.592712
34  1.539096 0.000005 -0.000001  0.035254 -0.050373 -0.994350
35  1.196300 0.000078 -0.000003  -0.021521 0.002175 -0.839738
36  3.883414 -0.050472 -0.431084  0.184824 -0.271737 -1.204030
37  1.719563 -0.000085 -0.000005  0.022859 -0.107186 -1.509108
38  1.209198 0.000035 0.000012  0.000661 0.071072 -0.480462
39  3.859588 -0.149083 -1.331320  -0.104061 -0.070249 -0.272073
40  1.719415 -0.000098 -0.000035  -0.013177 0.003907 -1.203491
41  1.099674 0.000021 0.000007  -0.005887 -0.007993 -0.771205
42  0.805984 -0.359848 -1.318338  0.991670 0.166767 -0.799527
43  1.789780 -0.000008 -0.000043  0.000058 -0.002451 0.133098
44  1.206996 -0.000007 0.000005  0.000372 -0.000071 1.058780
45  5.740571 0.000079 0.000721  0.172460 -0.000014 0.000028
46  11.480814 -0.000098 0.000936  0.056555 0.082971 0.145456
47  6.027515 -0.000273 -0.000230  -0.910498 -0.520836 -1.709520
48  -0.000000 11.691973 -0.000005  -1.227263 0.672038 0.920661
49  0.000002 -0.000002 0.000001  2.413977 -0.000036 1.570860
50  -0.000006 -0.000014 0.000005  2.272645 -0.000036 1.570861
51  -3.422328 -3.805365 -6.854754  -0.078012 -2.996716 1.465737
52  0.000000 -0.000000 0.000000  0.008153 -0.000259 0.000009
53  0.000000 -0.000000 0.000001  1.565115 0.043565 -0.106862
54  -0.363791 -15.867239 -5.623037  -0.755929 -0.139050 -1.950540
55  -0.000001 -0.000000 0.000000  0.000000 -0.000001 -0.000002
56  0.000029 0.000028 0.000002  -1.571901 -0.044449 -0.106509
57  5.185302 -16.056248 -16.646038  1.570796 -0.000000 0.000000
58  -15.417985 4.000748 -22.641926  1.570796 -0.000000 0.000000
59  2.236387 -0.189356 -5.037201  1.570796 -0.000000 0.000000
60  -0.004311 0.001230 -0.000371  0.006898 -0.005534 -0.284229
61  0.826810 10.209643 -4.879054  1.570796 -0.000000 0.000000
62  0.000000 0.000000 0.000000  -0.078727 -3.136056 0.284226
63  -2.240596 -3.247336 -0.249455  1.570796 -0.000000 0.000000
64  -2.287624 -8.249615 -1.349235  1.570796 0.000000 0.000000
65  0.002681 -3.204031 0.621196  0.000000 -0.000000 0.000000
66  0.048105 -1.112260 5.803837  0.000000 -0.000000 0.000000
67  -1.184782 0.539746 -0.284904  0.000000 -0.000000 0.000000
68  0.047884 -1.610073 21.020466  0.000000 -0.000000 0.000000
69  0.047881 -3.319714 2.472855  0.000000 -0.000000 0.000000
70  0.172180 -2.040368 3.568007  0.000000 -0.000000 0.000000
71  0.654947 -2.537531 2.477230  0.000000 -0.000000 0.000000
72  -2.285144 -12.956001 -5.446409  1.570796 0.000000 0.000000
73  0.017809 1.799356 -0.402361  0.000000 -0.000000 0.000000
74  -2.285144 -12.956001 -5.446409  1.570796 0.000000 0.000000
75  0.031323 2.100358 -1.138380  0.000000 -0.000000 0.000000
76  -0.024051 1.849582 -1.138377  0.000000 -0.000000 0.000000
time 115
0  0.000006 0.000000 0.000000  -1.570800 -1.391899 -1.570792
1  -4.921969 1.082092 2.232071  -1.544956 -1.855077 -0.198630
2  6.027524 -0.000323 0.000190  -0.747182 -0.995446 -1.552695
3  11.692107 0.000645 -0.000740  -0.890211 -0.000018 -1.391952
4  11.479911 0.000229 -0.000885  1.225960 -0.603154 0.357879
5  3.859502 -0.142824 -1.192079  -0.573871 -0.316762 -1.795817
6  1.312591 0.000009 0.000007  -0.135121 -0.003384 -0.178728
7  0.729354 0.000055 0.000049  -0.006155 -0.010667 -0.248915
8  3.942140 0.046330 -0.431542  -0.497018 0.100803 -1.231861
9  1.539110 0.000083 0.000004  -0.000382 -0.119364 -0.902013
10  1.196330 0.000145 0.000028  0.012615 0.002795 -0.535714
11  3.883509 -0.047213 0.431351  -0.283712 0.421834 -0.633459
12  1.719573 -0.000029 0.000017  0.057360 -0.144594 -1.427911
13  1.209179 0.000089 0.000011  -0.003667 -0.003000 -0.405259
14  4.085234 -0.082653 1.151009  0.076971 0.573771 0.038997
15  1.719450 -0.000017 0.000029  0.015664 -0.064932 -0.867211
16  1.099675 0.000049 0.000006  -0.075642 0.030056 -1.536734
17  0.869860 -1.165528 1.469023  -1.184630 -0.527540 -0.152316
18  1.789820 -0.000003 -0.000018  0.000001 -0.000026 0.636398
19  1.207013 -0.000013 -0.000044  0.000006 -0.000006 -0.137935
20  5.740637 0.000389 -0.000702  -0.108229 0.000003 0.000064
21  11.480989 0.000223 -0.000831  -0.042733 -0.108608 0.037758
22  6.027524 -0.000330 0.000200  1.600190 -0.574767 1.534864
23  -0.000001 11.692100 -0.000007  -0.965049 -0.417379 -0.768316
24  0.000003 0.000008 0.000001  -0.021116 -0.000031 1.570738
25  -0.000000 -0.000012 0.000001  0.868960 0.000002 1.570712
26  -6.617934 -9.178503 0.826812  1.473120 1.855075 -0.198639
27  6.027513 -0.000259 -0.000221  1.520730 0.754736 -0.708481
28  11.691992 0.000161 0.000857  0.141449 0.000072 -1.836665
29  11.479355 -0.000861 0.000954  -1.142790 0.380466 0.885558
30  3.859437 -0.132758 1.193066  0.469647 -0.013262 -1.872395
31  1.312559 0.000026 -0.000001  0.024060 -0.138696 -0.550187
32  0.729344 0.000065 -0.000026  -0.166197 -0.081570 -0.714272
33  3.942046 0.050139 0.431001  0.225309 -0.086237 -1.592712
34  1.539096 0.000005 -0.000001  0.035254 -0.050373 -0.994350
35  1.196300 0.000078 -0.000003  -0.021521 0.002175 -0.839738
36  3.883414 -0.050472 -0.431084  0.184824 -0.271737 -1.204030
37  1.719563 -0.000085 -0.000005  0.022859 -0.107186 -1.509108
38  1.209198 0.000035 0.000012  0.000661 0.071072 -0.480462
39  3.859588 -0.149083 -1.331320  -0.104061 -0.070249 -0.272073
40  1.719415 -0.000098 -0.000035  -0.013177 0.003907 -1.203491
41  1.099674 0.000021 0.000007  -0.005887 -0.007993 -0.771205
42  0.805984 -0.359848 -1.318338  0.991670 0.166767 -0.799527
43  1.789780 -0.000008 -0.000043  0.000058 -0.002451 0.133098
44  1.206996 -0.000007 0.000005  0.000372 -0.000071 1.058780
45  5.740571 0.000079 0.000721  0.172460 -0.000014 0.000028
46  11.480814 -0.000098 0.000936  0.056555 0.082971 0.145456
47  6.027515 -0.000273 -0.000230  -0.910498 -0.520836 -1.709520
48  -0.000000 11.691973 -0.000005  -1.227263 0.672038 0.920661
49  0.000002 -0.000002 0.000001  2.413977 -0.000036 1.570860
50  -0.000006 -0.000014 0.000005  2.272645 -0.000036 1.570861
51  -3.422328 -3.805365 -6.854754  -0.078012 -2.996716 1.465737
52  0.000000 -0.000000 0.000000  0.008153 -0.000259 0.000009
53  0.000000 -0.000000 0.000001  1.565115 0.043565 -0.106862
54  -0.363791 -15.867239 -5.623037  -0.755929 -0.139050 -1.950540
55  -0.000001 -0.000000 0.000000  0.000000 -0.000001 -0.000002
56  0.000029 0.000028 0.000002  -1.571901 -0.044449 -0.106509
57  5.185302 -16.056248 -16.646038  1.570796 -0.000000 0.000000
58  -15.417985 4.000748 -22.641926  1.570796 -0.000000 0.000000
59  2.236387 -0.189356 -5.037201  1.570796 -0.000000 0.000000
60  -0.004311 0.001230 -0.000371  0.006898 -0.005534 -0.284229
61  0.826810 10.209643 -4.879054  1.570796 -0.000000 0.000000
62  0.000000 0.000000 0.000000  -0.078727 -3.136056 0.284226
63  -2.240596 -3.247336 -0.249455  1.570796 -0.000000 0.000000
64  -2.287624 -8.249615 -1.349235  1.570796 0.000000 0.000000
65  0.002681 -3.204031 0.621196  0.000000 -0.000000 0.000000
66  0.048105 -1.112260 5.803837  0.000000 -0.000000 0.000000
67  -1.184782 0.539746 -0.284904  0.000000 -0.000000 0.000000
68  0.047884 -1.610073 21.020466  0.000000 -0.000000 0.000000
69  0.047881 -3.319714 2.472855  0.000000 -0.000000 0.000000
70  0.172180 -2.040368 3.568007  0.000000 -0.000000 0.000000
71  0.654947 -2.537531 2.477230  0.000000 -0.000000 0.000000
72  -2.285144 -12.956001 -5.446409  1.570796 0.000000 0.000000
73  0.017809 1.799356 -0.402361  0.000000 -0.000000 0.000000
74  -2.285144 -12.956001 -5.446409  1.570796 0.000000 0.000000
75  0.031323 2.100358 -1.138380  0.000000 -0.000000 0.000000
76  -0.024051 1.849582 -1.138377  0.000000 -0.000000 0.000000
time 116
0  0.000006 0.000000 0.000000  -1.570800 -1.391899 -1.570792
1  -4.921969 1.082092 2.232071  -1.544956 -1.855077 -0.198630
2  6.027524 -0.000323 0.000190  -0.747182 -0.995446 -1.552695
3  11.692107 0.000645 -0.000740  -0.890211 -0.000018 -1.391952
4  11.479911 0.000229 -0.000885  1.225960 -0.603154 0.357879
5  3.859502 -0.142824 -1.192079  -0.573871 -0.316762 -1.795817
6  1.312591 0.000009 0.000007  -0.135121 -0.003384 -0.178728
7  0.729354 0.000055 0.000049  -0.006155 -0.010667 -0.248915
8  3.942140 0.046330 -0.431542  -0.497018 0.100803 -1.231861
9  1.539110 0.000083 0.000004  -0.000382 -0.119364 -0.902013
10  1.196330 0.000145 0.000028  0.012615 0.002795 -0.535714
11  3.883509 -0.047213 0.431351  -0.283712 0.421834 -0.633459
12  1.719573 -0.000029 0.000017  0.057360 -0.144594 -1.427911
13  1.209179 0.000089 0.000011  -0.003667 -0.003000 -0.405259
14  4.085234 -0.082653 1.151009  0.076971 0.573771 0.038997
15  1.719450 -0.000017 0.000029  0.015664 -0.064932 -0.867211
16  1.099675 0.000049 0.000006  -0.075642 0.030056 -1.536734
17  0.869860 -1.165528 1.469023  -1.184630 -0.527540 -0.152316
18  1.789820 -0.000003 -0.000018  0.000001 -0.000026 0.636398
19  1.207013 -0.000013 -0.000044  0.000006 -0.000006 -0.137935
20  5.740637 0.000389 -0.000702  -0.108229 0.000003 0.000064
21  11.480989 0.000223 -0.000831  -0.042733 -0.108608 0.037758
22  6.027524 -0.000330 0.000200  1.600190 -0.574767 1.534864
23  -0.000001 11.692100 -0.000007  -0.965049 -0.417379 -0.768316
24  0.000003 0.000008 0.000001  -0.021116 -0.000031 1.570738
25  -0.000000 -0.000012 0.000001  0.868960 0.000002 1.570712
26  -6.617934 -9.178503 0.826812  1.473120 1.855075 -0.198639
27  6.027513 -0.000259 -0.000221  1.520730 0.754736 -0.708481
28  11.691992 0.000161 0.000857  0.141449 0.000072 -1.836665
29  11.479355 -0.000861 0.000954  -1.142790 0.380466 0.885558
30  3.859437 -0.132758 1.193066  0.469647 -0.013262 -1.872395
31  1.312559 0.000026 -0.000001  0.024060 -0.138696 -0.550187
32  0.729344 0.000065 -0.000026  -0.166197 -0.081570 -0.714272
33  3.942046 0.050139 0.431001  0.225309 -0.086237 -1.592712
34  1.539096 0.000005 -0.000001  0.035254 -0.050373 -0.994350
35  1.196300 0.000078 -0.000003  -0.021521 0.002175 -0.839738
36  3.883414 -0.050472 -0.431084  0.184824 -0.271737 -1.204030
37  1.719563 -0.000085 -0.000005  0.022859 -0.107186 -1.509108
38  1.209198 0.000035 0.000012  0.000661 0.071072 -0.480462
39  3.859588 -0.149083 -1.331320  -0.104061 -0.070249 -0.272073
40  1.719415 -0.000098 -0.000035  -0.013177 0.003907 -1.203491
41  1.099674 0.000021 0.000007  -0.005887 -0.007993 -0.771205
42  0.805984 -0.359848 -1.318338  0.991670 0.166767 -0.799527
43  1.789780 -0.000008 -0.000043  0.000058 -0.002451 0.133098
44  1.206996 -0.000007 0.000005  0.000372 -0.000071 1.058780
45  5.740571 0.000079 0.000721  0.172460 -0.000014 0.000028
46  11.480814 -0.000098 0.000936  0.056555 0.082971 0.145456
47  6.027515 -0.000273 -0.000230  -0.910498 -0.520836 -1.709520
48  -0.000000 11.691973 -0.000005  -1.227263 0.672038 0.920661
49  0.000002 -0.000002 0.000001  2.413977 -0.000036 1.570860
50  -0.000006 -0.000014 0.000005  2.272645 -0.000036 1.570861
51  -3.422328 -3.805365 -6.854754  -0.078012 -2.996716 1.465737
52  0.000000 -0.000000 0.000000  0.008153 -0.000259 0.000009
53  0.000000 -0.000000 0.000001  1.565115 0.043565 -0.106862
54  -0.363791 -15.867239 -5.623037  -0.755929 -0.139050 -1.950540
55  -0.000001 -0.000000 0.000000  0.000000 -0.000001 -0.000002
56  0.000029 0.000028 0.000002  -1.571901 -0.044449 -0.106509
57  5.185302 -16.056248 -16.646038  1.570796 -0.000000 0.000000
58  -15.417985 4.000748 -22.641926  1.570796 -0.000000 0.000000
59  2.236387 -0.189356 -5.037201  1.570796 -0.000000 0.000000
60  -0.004311 0.001230 -0.000371  0.006898 -0.005534 -0.284229
61  0.826810 10.209643 -4.879054  1.570796 -0.000000 0.000000
62  0.000000 0.000000 0.000000  -0.078727 -3.136056 0.284226
63  -2.240596 -3.247336 -0.249455  1.570796 -0.000000 0.000000
64  -2.287624 -8.249615 -1.349235  1.570796 0.000000 0.000000
65  0.002681 -3.204031 0.621196  0.000000 -0.000000 0.000000
66  0.048105 -1.112260 5.803837  0.000000 -0.000000 0.000000
67  -1.184782 0.539746 -0.284904  0.000000 -0.000000 0.000000
68  0.047884 -1.610073 21.020466  0.000000 -0.000000 0.000000
69  0.047881 -3.319714 2.472855  0.000000 -0.000000 0.000000
70  0.172180 -2.040368 3.568007  0.000000 -0.000000 0.000000
71  0.654947 -2.537531 2.477230  0.000000 -0.000000 0.000000
72  -2.285144 -12.956001 -5.446409  1.570796 0.000000 0.000000
73  0.017809 1.799356 -0.402361  0.000000 -0.000000 0.000000
74  -2.285144 -12.956001 -5.446409  1.570796 0.000000 0.000000
75  0.031323 2.100358 -1.138380  0.000000 -0.000000 0.000000
76  -0.024051 1.849582 -1.138377  0.000000 -0.000000 0.000000
time 117
0  0.000006 0.000000 0.000000  -1.570800 -1.391899 -1.570792
1  -4.921969 1.082092 2.232071  -1.544956 -1.855077 -0.198630
2  6.027524 -0.000323 0.000190  -0.747182 -0.995446 -1.552695
3  11.692107 0.000645 -0.000740  -0.890211 -0.000018 -1.391952
4  11.479911 0.000229 -0.000885  1.225960 -0.603154 0.357879
5  3.859502 -0.142824 -1.192079  -0.573871 -0.316762 -1.795817
6  1.312591 0.000009 0.000007  -0.135121 -0.003384 -0.178728
7  0.729354 0.000055 0.000049  -0.006155 -0.010667 -0.248915
8  3.942140 0.046330 -0.431542  -0.497018 0.100803 -1.231861
9  1.539110 0.000083 0.000004  -0.000382 -0.119364 -0.902013
10  1.196330 0.000145 0.000028  0.012615 0.002795 -0.535714
11  3.883509 -0.047213 0.431351  -0.283712 0.421834 -0.633459
12  1.719573 -0.000029 0.000017  0.057360 -0.144594 -1.427911
13  1.209179 0.000089 0.000011  -0.003667 -0.003000 -0.405259
14  4.085234 -0.082653 1.151009  0.076971 0.573771 0.038997
15  1.719450 -0.000017 0.000029  0.015664 -0.064932 -0.867211
16  1.099675 0.000049 0.000006  -0.075642 0.030056 -1.536734
17  0.869860 -1.165528 1.469023  -1.184630 -0.527540 -0.152316
18  1.789820 -0.000003 -0.000018  0.000001 -0.000026 0.636398
19  1.207013 -0.000013 -0.000044  0.000006 -0.000006 -0.137935
20  5.740637 0.000389 -0.000702  -0.108229 0.000003 0.000064
21  11.480989 0.000223 -0.000831  -0.042733 -0.108608 0.037758
22  6.027524 -0.000330 0.000200  1.600190 -0.574767 1.534864
23  -0.000001 11.692100 -0.000007  -0.965049 -0.417379 -0.768316
24  0.000003 0.000008 0.000001  -0.021116 -0.000031 1.570738
25  -0.000000 -0.000012 0.000001  0.868960 0.000002 1.570712
26  -6.617934 -9.178503 0.826812  1.473120 1.855075 -0.198639
27  6.027513 -0.000259 -0.000221  1.520730 0.754736 -0.708481
28  11.691992 0.000161 0.000857  0.141449 0.000072 -1.836665
29  11.479355 -0.000861 0.000954  -1.142790 0.380466 0.885558
30  3.859437 -0.132758 1.193066  0.469647 -0.013262 -1.872395
31  1.312559 0.000026 -0.000001  0.024060 -0.138696 -0.550187
32  0.729344 0.000065 -0.000026  -0.166197 -0.081570 -0.714272
33  3.942046 0.050139 0.431001  0.225309 -0.086237 -1.592712
34  1.539096 0.000005 -0.000001  0.035254 -0.050373 -0.994350
35  1.196300 0.000078 -0.000003  -0.021521 0.002175 -0.839738
36  3.883414 -0.050472 -0.431084  0.184824 -0.271737 -1.204030
37  1.719563 -0.000085 -0.000005  0.022859 -0.107186 -1.509108
38  1.209198 0.000035 0.000012  0.000661 0.071072 -0.480462
39  3.859588 -0.149083 -1.331320  -0.104061 -0.070249 -0.272073
40  1.719415 -0.000098 -0.000035  -0.013177 0.003907 -1.203491
41  1.099674 0.000021 0.000007  -0.005887 -0.007993 -0.771205
42  0.805984 -0.359848 -1.318338  0.991670 0.166767 -0.799527
43  1.789780 -0.000008 -0.000043  0.000058 -0.002451 0.133098
44  1.206996 -0.000007 0.000005  0.000372 -0.000071 1.058780
45  5.740571 0.000079 0.000721  0.172460 -0.000014 0.000028
46  11.480814 -0.000098 0.000936  0.056555 0.082971 0.145456
47  6.027515 -0.000273 -0.000230  -0.910498 -0.520836 -1.709520
48  -0.000000 11.691973 -0.000005  -1.227263 0.672038 0.920661
49  0.000002 -0.000002 0.000001  2.413977 -0.000036 1.570860
50  -0.000006 -0.000014 0.000005  2.272645 -0.000036 1.570861
51  -3.422328 -3.805365 -6.854754  -0.078012 -2.996716 1.465737
52  0.000000 -0.000000 0.000000  0.008153 -0.000259 0.000009
53  0.000000 -0.000000 0.000001  1.565115 0.043565 -0.106862
54  -0.363791 -15.867239 -5.623037  -0.755929 -0.139050 -1.950540
55  -0.000001 -0.000000 0.000000  0.000000 -0.000001 -0.000002
56  0.000029 0.000028 0.000002  -1.571901 -0.044449 -0.106509
57  5.185302 -16.056248 -16.646038  1.570796 -0.000000 0.000000
58  -15.417985 4.000748 -22.641926  1.570796 -0.000000 0.000000
59  2.236387 -0.189356 -5.037201  1.570796 -0.000000 0.000000
60  -0.004311 0.001230 -0.000371  0.006898 -0.005534 -0.284229
61  0.826810 10.209643 -4.879054  1.570796 -0.000000 0.000000
62  0.000000 0.000000 0.000000  -0.078727 -3.136056 0.284226
63  -2.240596 -3.247336 -0.249455  1.570796 -0.000000 0.000000
64  -2.287624 -8.249615 -1.349235  1.570796 0.000000 0.000000
65  0.002681 -3.204031 0.621196  0.000000 -0.000000 0.000000
66  0.048105 -1.112260 5.803837  0.000000 -0.000000 0.000000
67  -1.184782 0.539746 -0.284904  0.000000 -0.000000 0.000000
68  0.047884 -1.610073 21.020466  0.000000 -0.000000 0.000000
69  0.047881 -3.319714 2.472855  0.000000 -0.000000 0.000000
70  0.172180 -2.040368 3.568007  0.000000 -0.000000 0.000000
71  0.654947 -2.537531 2.477230  0.000000 -0.000000 0.000000
72  -2.285144 -12.956001 -5.446409  1.570796 0.000000 0.000000
73  0.017809 1.799356 -0.402361  0.000000 -0.000000 0.000000
74  -2.285144 -12.956001 -5.446409  1.570796 0.000000 0.000000
75  0.031323 2.100358 -1.138380  0.000000 -0.000000 0.000000
76  -0.024051 1.849582 -1.138377  0.000000 -0.000000 0.000000
time 118
0  0.000006 0.000000 0.000000  -1.570800 -1.391899 -1.570792
1  -4.921969 1.082092 2.232071  -1.544956 -1.855077 -0.198630
2  6.027524 -0.000323 0.000190  -0.747182 -0.995446 -1.552695
3  11.692107 0.000645 -0.000740  -0.890211 -0.000018 -1.391952
4  11.479911 0.000229 -0.000885  1.225960 -0.603154 0.357879
5  3.859502 -0.142824 -1.192079  -0.573871 -0.316762 -1.795817
6  1.312591 0.000009 0.000007  -0.135121 -0.003384 -0.178728
7  0.729354 0.000055 0.000049  -0.006155 -0.010667 -0.248915
8  3.942140 0.046330 -0.431542  -0.497018 0.100803 -1.231861
9  1.539110 0.000083 0.000004  -0.000382 -0.119364 -0.902013
10  1.196330 0.000145 0.000028  0.012615 0.002795 -0.535714
11  3.883509 -0.047213 0.431351  -0.283712 0.421834 -0.633459
12  1.719573 -0.000029 0.000017  0.057360 -0.144594 -1.427911
13  1.209179 0.000089 0.000011  -0.003667 -0.003000 -0.405259
14  4.085234 -0.082653 1.151009  0.076971 0.573771 0.038997
15  1.719450 -0.000017 0.000029  0.015664 -0.064932 -0.867211
16  1.099675 0.000049 0.000006  -0.075642 0.030056 -1.536734
17  0.869860 -1.165528 1.469023  -1.184630 -0.527540 -0.152316
18  1.789820 -0.000003 -0.000018  0.000001 -0.000026 0.636398
19  1.207013 -0.000013 -0.000044  0.000006 -0.000006 -0.137935
20  5.740637 0.000389 -0.000702  -0.108229 0.000003 0.000064
21  11.480989 0.000223 -0.000831  -0.042733 -0.108608 0.037758
22  6.027524 -0.000330 0.000200  1.600190 -0.574767 1.534864
23  -0.000001 11.692100 -0.000007  -0.965049 -0.417379 -0.768316
24  0.000003 0.000008 0.000001  -0.021116 -0.000031 1.570738
25  -0.000000 -0.000012 0.000001  0.868960 0.000002 1.570712
26  -6.617934 -9.178503 0.826812  1.473120 1.855075 -0.198639
27  6.027513 -0.000259 -0.000221  1.520730 0.754736 -0.708481
28  11.691992 0.000161 0.000857  0.141449 0.000072 -1.836665
29  11.479355 -0.000861 0.000954  -1.142790 0.380466 0.885558
30  3.859437 -0.132758 1.193066  0.469647 -0.013262 -1.872395
31  1.312559 0.000026 -0.000001  0.024060 -0.138696 -0.550187
32  0.729344 0.000065 -0.000026  -0.166197 -0.081570 -0.714272
33  3.942046 0.050139 0.431001  0.225309 -0.086237 -1.592712
34  1.539096 0.000005 -0.000001  0.035254 -0.050373 -0.994350
35  1.196300 0.000078 -0.000003  -0.021521 0.002175 -0.839738
36  3.883414 -0.050472 -0.431084  0.184824 -0.271737 -1.204030
37  1.719563 -0.000085 -0.000005  0.022859 -0.107186 -1.509108
38  1.209198 0.000035 0.000012  0.000661 0.071072 -0.480462
39  3.859588 -0.149083 -1.331320  -0.104061 -0.070249 -0.272073
40  1.719415 -0.000098 -0.000035  -0.013177 0.003907 -1.203491
41  1.099674 0.000021 0.000007  -0.005887 -0.007993 -0.771205
42  0.805984 -0.359848 -1.318338  0.991670 0.166767 -0.799527
43  1.789780 -0.000008 -0.000043  0.000058 -0.002451 0.133098
44  1.206996 -0.000007 0.000005  0.000372 -0.000071 1.058780
45  5.740571 0.000079 0.000721  0.172460 -0.000014 0.000028
46  11.480814 -0.000098 0.000936  0.056555 0.082971 0.145456
47  6.027515 -0.000273 -0.000230  -0.910498 -0.520836 -1.709520
48  -0.000000 11.691973 -0.000005  -1.227263 0.672038 0.920661
49  0.000002 -0.000002 0.000001  2.413977 -0.000036 1.570860
50  -0.000006 -0.000014 0.000005  2.272645 -0.000036 1.570861
51  -3.422328 -3.805365 -6.854754  -0.078012 -2.996716 1.465737
52  0.000000 -0.000000 0.000000  0.008153 -0.000259 0.000009
53  0.000000 -0.000000 0.000001  1.565115 0.043565 -0.106862
54  -0.363791 -15.867239 -5.623037  -0.755929 -0.139050 -1.950540
55  -0.000001 -0.000000 0.000000  0.000000 -0.000001 -0.000002
56  0.000029 0.000028 0.000002  -1.571901 -0.044449 -0.106509
57  5.185302 -16.056248 -16.646038  1.570796 -0.000000 0.000000
58  -15.417985 4.000748 -22.641926  1.570796 -0.000000 0.000000
59  2.236387 -0.189356 -5.037201  1.570796 -0.000000 0.000000
60  -0.004311 0.001230 -0.000371  0.006898 -0.005534 -0.284229
61  0.826810 10.209643 -4.879054  1.570796 -0.000000 0.000000
62  0.000000 0.000000 0.000000  -0.078727 -3.136056 0.284226
63  -2.240596 -3.247336 -0.249455  1.570796 -0.000000 0.000000
64  -2.287624 -8.249615 -1.349235  1.570796 0.000000 0.000000
65  0.002681 -3.204031 0.621196  0.000000 -0.000000 0.000000
66  0.048105 -1.112260 5.803837  0.000000 -0.000000 0.000000
67  -1.184782 0.539746 -0.284904  0.000000 -0.000000 0.000000
68  0.047884 -1.610073 21.020466  0.000000 -0.000000 0.000000
69  0.047881 -3.319714 2.472855  0.000000 -0.000000 0.000000
70  0.172180 -2.040368 3.568007  0.000000 -0.000000 0.000000
71  0.654947 -2.537531 2.477230  0.000000 -0.000000 0.000000
72  -2.285144 -12.956001 -5.446409  1.570796 0.000000 0.000000
73  0.017809 1.799356 -0.402361  0.000000 -0.000000 0.000000
74  -2.285144 -12.956001 -5.446409  1.570796 0.000000 0.000000
75  0.031323 2.100358 -1.138380  0.000000 -0.000000 0.000000
76  -0.024051 1.849582 -1.138377  0.000000 -0.000000 0.000000
time 119
0  0.000006 0.000000 0.000000  -1.570800 -1.391899 -1.570792
1  -4.921969 1.082092 2.232071  -1.544956 -1.855077 -0.198630
2  6.027524 -0.000323 0.000190  -0.747182 -0.995446 -1.552695
3  11.692107 0.000645 -0.000740  -0.890211 -0.000018 -1.391952
4  11.479911 0.000229 -0.000885  1.225960 -0.603154 0.357879
5  3.859502 -0.142824 -1.192079  -0.573871 -0.316762 -1.795817
6  1.312591 0.000009 0.000007  -0.135121 -0.003384 -0.178728
7  0.729354 0.000055 0.000049  -0.006155 -0.010667 -0.248915
8  3.942140 0.046330 -0.431542  -0.497018 0.100803 -1.231861
9  1.539110 0.000083 0.000004  -0.000382 -0.119364 -0.902013
10  1.196330 0.000145 0.000028  0.012615 0.002795 -0.535714
11  3.883509 -0.047213 0.431351  -0.283712 0.421834 -0.633459
12  1.719573 -0.000029 0.000017  0.057360 -0.144594 -1.427911
13  1.209179 0.000089 0.000011  -0.003667 -0.003000 -0.405259
14  4.085234 -0.082653 1.151009  0.076971 0.573771 0.038997
15  1.719450 -0.000017 0.000029  0.015664 -0.064932 -0.867211
16  1.099675 0.000049 0.000006  -0.075642 0.030056 -1.536734
17  0.869860 -1.165528 1.469023  -1.184630 -0.527540 -0.152316
18  1.789820 -0.000003 -0.000018  0.000001 -0.000026 0.636398
19  1.207013 -0.000013 -0.000044  0.000006 -0.000006 -0.137935
20  5.740637 0.000389 -0.000702  -0.108229 0.000003 0.000064
21  11.480989 0.000223 -0.000831  -0.042733 -0.108608 0.037758
22  6.027524 -0.000330 0.000200  1.600190 -0.574767 1.534864
23  -0.000001 11.692100 -0.000007  -0.965049 -0.417379 -0.768316
24  0.000003 0.000008 0.000001  -0.021116 -0.000031 1.570738
25  -0.000000 -0.000012 0.000001  0.868960 0.000002 1.570712
26  -6.617934 -9.178503 0.826812  1.473120 1.855075 -0.198639
27  6.027513 -0.000259 -0.000221  1.520730 0.754736 -0.708481
28  11.691992 0.000161 0.000857  0.141449 0.000072 -1.836665
29  11.479355 -0.000861 0.000954  -1.142790 0.380466 0.885558
30  3.859437 -0.132758 1.193066  0.469647 -0.013262 -1.872395
31  1.312559 0.000026 -0.000001  0.024060 -0.138696 -0.550187
32  0.729344 0.000065 -0.000026  -0.166197 -0.081570 -0.714272
33  3.942046 0.050139 0.431001  0.225309 -0.086237 -1.592712
34  1.539096 0.000005 -0.000001  0.035254 -0.050373 -0.994350
35  1.196300 0.000078 -0.000003  -0.021521 0.002175 -0.839738
36  3.883414 -0.050472 -0.431084  0.184824 -0.271737 -1.204030
37  1.719563 -0.000085 -0.000005  0.022859 -0.107186 -1.509108
38  1.209198 0.000035 0.000012  0.000661 0.071072 -0.480462
39  3.859588 -0.149083 -1.331320  -0.104061 -0.070249 -0.272073
40  1.719415 -0.000098 -0.000035  -0.013177 0.003907 -1.203491
41  1.099674 0.000021 0.000007  -0.005887 -0.007993 -0.771205
42  0.805984 -0.359848 -1.318338  0.991670 0.166767 -0.799527
43  1.789780 -0.000008 -0.000043  0.000058 -0.002451 0.133098
44  1.206996 -0.000007 0.000005  0.000372 -0.000071 1.058780
45  5.740571 0.000079 0.000721  0.172460 -0.000014 0.000028
46  11.480814 -0.000098 0.000936  0.056555 0.082971 0.145456
47  6.027515 -0.000273 -0.000230  -0.910498 -0.520836 -1.709520
48  -0.000000 11.691973 -0.000005  -1.227263 0.672038 0.920661
49  0.000002 -0.000002 0.000001  2.413977 -0.000036 1.570860
50  -0.000006 -0.000014 0.000005  2.272645 -0.000036 1.570861
51  -3.422328 -3.805365 -6.854754  -0.078012 -2.996716 1.465737
52  0.000000 -0.000000 0.000000  0.008153 -0.000259 0.000009
53  0.000000 -0.000000 0.000001  1.565115 0.043565 -0.106862
54  -0.363791 -15.867239 -5.623037  -0.755929 -0.139050 -1.950540
55  -0.000001 -0.000000 0.000000  0.000000 -0.000001 -0.000002
56  0.000029 0.000028 0.000002  -1.571901 -0.044449 -0.106509
57  5.185302 -16.056248 -16.646038  1.570796 -0.000000 0.000000
58  -15.417985 4.000748 -22.641926  1.570796 -0.000000 0.000000
59  2.236387 -0.189356 -5.037201  1.570796 -0.000000 0.000000
60  -0.004311 0.001230 -0.000371  0.006898 -0.005534 -0.284229
61  0.826810 10.209643 -4.879054  1.570796 -0.000000 0.000000
62  0.000000 0.000000 0.000000  -0.078727 -3.136056 0.284226
63  -2.240596 -3.247336 -0.249455  1.570796 -0.000000 0.000000
64  -2.287624 -8.249615 -1.349235  1.570796 0.000000 0.000000
65  0.002681 -3.204031 0.621196  0.000000 -0.000000 0.000000
66  0.048105 -1.112260 5.803837  0.000000 -0.000000 0.000000
67  -1.184782 0.539746 -0.284904  0.000000 -0.000000 0.000000
68  0.047884 -1.610073 21.020466  0.000000 -0.000000 0.000000
69  0.047881 -3.319714 2.472855  0.000000 -0.000000 0.000000
70  0.172180 -2.040368 3.568007  0.000000 -0.000000 0.000000
71  0.654947 -2.537531 2.477230  0.000000 -0.000000 0.000000
72  -2.285144 -12.956001 -5.446409  1.570796 0.000000 0.000000
73  0.017809 1.799356 -0.402361  0.000000 -0.000000 0.000000
74  -2.285144 -12.956001 -5.446409  1.570796 0.000000 0.000000
75  0.031323 2.100358 -1.138380  0.000000 -0.000000 0.000000
76  -0.024051 1.849582 -1.138377  0.000000 -0.000000 0.000000
time 120
0  0.000006 0.000000 0.000000  -1.570800 -1.391899 -1.570792
1  -4.921969 1.082092 2.232071  -1.544956 -1.855077 -0.198630
2  6.027524 -0.000323 0.000190  -0.747182 -0.995446 -1.552695
3  11.692107 0.000645 -0.000740  -0.890211 -0.000018 -1.391952
4  11.479911 0.000229 -0.000885  1.225960 -0.603154 0.357879
5  3.859502 -0.142824 -1.192079  -0.573871 -0.316762 -1.795817
6  1.312591 0.000009 0.000007  -0.135121 -0.003384 -0.178728
7  0.729354 0.000055 0.000049  -0.006155 -0.010667 -0.248915
8  3.942140 0.046330 -0.431542  -0.497018 0.100803 -1.231861
9  1.539110 0.000083 0.000004  -0.000382 -0.119364 -0.902013
10  1.196330 0.000145 0.000028  0.012615 0.002795 -0.535714
11  3.883509 -0.047213 0.431351  -0.283712 0.421834 -0.633459
12  1.719573 -0.000029 0.000017  0.057360 -0.144594 -1.427911
13  1.209179 0.000089 0.000011  -0.003667 -0.003000 -0.405259
14  4.085234 -0.082653 1.151009  0.076971 0.573771 0.038997
15  1.719450 -0.000017 0.000029  0.015664 -0.064932 -0.867211
16  1.099675 0.000049 0.000006  -0.075642 0.030056 -1.536734
17  0.869860 -1.165528 1.469023  -1.184630 -0.527540 -0.152316
18  1.789820 -0.000003 -0.000018  0.000001 -0.000026 0.636398
19  1.207013 -0.000013 -0.000044  0.000006 -0.000006 -0.137935
20  5.740637 0.000389 -0.000702  -0.108229 0.000003 0.000064
21  11.480989 0.000223 -0.000831  -0.042733 -0.108608 0.037758
22  6.027524 -0.000330 0.000200  1.600190 -0.574767 1.534864
23  -0.000001 11.692100 -0.000007  -0.965049 -0.417379 -0.768316
24  0.000003 0.000008 0.000001  -0.021116 -0.000031 1.570738
25  -0.000000 -0.000012 0.000001  0.868960 0.000002 1.570712
26  -6.617934 -9.178503 0.826812  1.473120 1.855075 -0.198639
27  6.027513 -0.000259 -0.000221  1.520730 0.754736 -0.708481
28  11.691992 0.000161 0.000857  0.141449 0.000072 -1.836665
29  11.479355 -0.000861 0.000954  -1.142790 0.380466 0.885558
30  3.859437 -0.132758 1.193066  0.469647 -0.013262 -1.872395
31  1.312559 0.000026 -0.000001  0.024060 -0.138696 -0.550187
32  0.729344 0.000065 -0.000026  -0.166197 -0.081570 -0.714272
33  3.942046 0.050139 0.431001  0.225309 -0.086237 -1.592712
34  1.539096 0.000005 -0.000001  0.035254 -0.050373 -0.994350
35  1.196300 0.000078 -0.000003  -0.021521 0.002175 -0.839738
36  3.883414 -0.050472 -0.431084  0.184824 -0.271737 -1.204030
37  1.719563 -0.000085 -0.000005  0.022859 -0.107186 -1.509108
38  1.209198 0.000035 0.000012  0.000661 0.071072 -0.480462
39  3.859588 -0.149083 -1.331320  -0.104061 -0.070249 -0.272073
40  1.719415 -0.000098 -0.000035  -0.013177 0.003907 -1.203491
41  1.099674 0.000021 0.000007  -0.005887 -0.007993 -0.771205
42  0.805984 -0.359848 -1.318338  0.991670 0.166767 -0.799527
43  1.789780 -0.000008 -0.000043  0.000058 -0.002451 0.133098
44  1.206996 -0.000007 0.000005  0.000372 -0.000071 1.058780
45  5.740571 0.000079 0.000721  0.172460 -0.000014 0.000028
46  11.480814 -0.000098 0.000936  0.056555 0.082971 0.145456
47  6.027515 -0.000273 -0.000230  -0.910498 -0.520836 -1.709520
48  -0.000000 11.691973 -0.000005  -1.227263 0.672038 0.920661
49  0.000002 -0.000002 0.000001  2.413977 -0.000036 1.570860
50  -0.000006 -0.000014 0.000005  2.272645 -0.000036 1.570861
51  -3.422328 -3.805365 -6.854754  -0.078012 -2.996716 1.465737
52  0.000000 -0.000000 0.000000  0.008153 -0.000259 0.000009
53  0.000000 -0.000000 0.000001  1.565115 0.043565 -0.106862
54  -0.363791 -15.867239 -5.623037  -0.755929 -0.139050 -1.950540
55  -0.000001 -0.000000 0.000000  0.000000 -0.000001 -0.000002
56  0.000029 0.000028 0.000002  -1.571901 -0.044449 -0.106509
57  5.185302 -16.056248 -16.646038  1.570796 -0.000000 0.000000
58  -15.417985 4.000748 -22.641926  1.570796 -0.000000 0.000000
59  2.236387 -0.189356 -5.037201  1.570796 -0.000000 0.000000
60  -0.004311 0.001230 -0.000371  0.006898 -0.005534 -0.284229
61  0.826810 10.209643 -4.879054  1.570796 -0.000000 0.000000
62  0.000000 0.000000 0.000000  -0.078727 -3.136056 0.284226
63  -2.240596 -3.247336 -0.249455  1.570796 -0.000000 0.000000
64  -2.287624 -8.249615 -1.349235  1.570796 0.000000 0.000000
65  0.002681 -3.204031 0.621196  0.000000 -0.000000 0.000000
66  0.048105 -1.112260 5.803837  0.000000 -0.000000 0.000000
67  -1.184782 0.539746 -0.284904  0.000000 -0.000000 0.000000
68  0.047884 -1.610073 21.020466  0.000000 -0.000000 0.000000
69  0.047881 -3.319714 2.472855  0.000000 -0.000000 0.000000
70  0.172180 -2.040368 3.568007  0.000000 -0.000000 0.000000
71  0.654947 -2.537531 2.477230  0.000000 -0.000000 0.000000
72  -2.285144 -12.956001 -5.446409  1.570796 0.000000 0.000000
73  0.017809 1.799356 -0.402361  0.000000 -0.000000 0.000000
74  -2.285144 -12.956001 -5.446409  1.570796 0.000000 0.000000
75  0.031323 2.100358 -1.138380  0.000000 -0.000000 0.000000
76  -0.024051 1.849582 -1.138377  0.000000 -0.000000 0.000000
end
