version 1
nodes
0 "ValveBiped.Bip01_Spine4" -1
1 "ValveBiped.Bip01_L_Clavicle" 0
2 "ValveBiped.Bip01_L_UpperArm" 1
3 "ValveBiped.Bip01_L_Forearm" 2
4 "ValveBiped.Bip01_L_Hand" 3
5 "ValveBiped.Bip01_L_Finger4" 4
6 "ValveBiped.Bip01_L_Finger41" 5
7 "ValveBiped.Bip01_L_Finger42" 6
8 "ValveBiped.Bip01_L_Finger3" 4
9 "ValveBiped.Bip01_L_Finger31" 8
10 "ValveBiped.Bip01_L_Finger32" 9
11 "ValveBiped.Bip01_L_Finger2" 4
12 "ValveBiped.Bip01_L_Finger21" 11
13 "ValveBiped.Bip01_L_Finger22" 12
14 "ValveBiped.Bip01_L_Finger1" 4
15 "ValveBiped.Bip01_L_Finger11" 14
16 "ValveBiped.Bip01_L_Finger12" 15
17 "ValveBiped.Bip01_L_Finger0" 4
18 "ValveBiped.Bip01_L_Finger01" 17
19 "ValveBiped.Bip01_L_Finger02" 18
20 "ValveBiped.Bip01_L_Ulna" 3
21 "ValveBiped.Bip01_L_Wrist" 3
22 "rig_l_upperarm" 1
23 "rig_l_forearm" 22
24 "rig_d_l_forearm" 23
25 "rig_d_l_upperarm" 22
26 "ValveBiped.Bip01_R_Clavicle" 0
27 "ValveBiped.Bip01_R_UpperArm" 26
28 "ValveBiped.Bip01_R_Forearm" 27
29 "ValveBiped.Bip01_R_Hand" 28
30 "ValveBiped.Bip01_R_Finger4" 29
31 "ValveBiped.Bip01_R_Finger41" 30
32 "ValveBiped.Bip01_R_Finger42" 31
33 "ValveBiped.Bip01_R_Finger3" 29
34 "ValveBiped.Bip01_R_Finger31" 33
35 "ValveBiped.Bip01_R_Finger32" 34
36 "ValveBiped.Bip01_R_Finger2" 29
37 "ValveBiped.Bip01_R_Finger21" 36
38 "ValveBiped.Bip01_R_Finger22" 37
39 "ValveBiped.Bip01_R_Finger1" 29
40 "ValveBiped.Bip01_R_Finger11" 39
41 "ValveBiped.Bip01_R_Finger12" 40
42 "ValveBiped.Bip01_R_Finger0" 29
43 "ValveBiped.Bip01_R_Finger01" 42
44 "ValveBiped.Bip01_R_Finger02" 43
45 "ValveBiped.Bip01_R_Ulna" 28
46 "ValveBiped.Bip01_R_Wrist" 28
47 "rig_r_upperarm" 26
48 "rig_r_forearm" 47
49 "rig_d_r_forearm" 48
50 "rig_d_r_upperarm" 47
51 "rig_r_hand" -1
52 "rig_d_r_hand" 51
53 "rig_d_r_wrist" 52
54 "rig_l_hand" -1
55 "rig_d_l_hand" 54
56 "rig_d_l_wrist" 54
57 "rig_l_pole" -1
58 "rig_r_pole" -1
59 "rig_l_clavicle" -1
60 "rig_d_l_clavicle" 59
61 "rig_r_clavicle" -1
62 "rig_d_r_clavicle" 61
63 "Camera" -1
64 "body" -1
65 "trigger" 64
66 "bolt" 64
67 "chandle" 66
68 "barrel" 64
69 "magrel" 64
70 "bullet1" 64
71 "boltrelease" 64
72 "mag" -1
73 "fakerounds" 72
74 "fakemag" -1
75 "bullet2" 74
76 "bullet3" 74
end
skeleton
time 0
0  0.000006 0.000000 0.000000  -1.570800 -1.391899 -1.570792
1  -8.649605 1.953038 1.937664  -1.544956 -1.855077 -0.198630
2  6.027525 -0.000327 0.000189  -0.487252 -1.322481 -1.732997
3  11.692112 0.000644 -0.000740  -0.891972 -0.000014 -1.317342
4  11.480393 0.000394 -0.000679  0.668969 -0.754096 0.909231
5  3.859504 -0.142824 -1.192078  -0.780612 -0.123962 -1.912387
6  1.312590 0.000010 0.000006  -0.118652 -0.042324 -0.379408
7  0.729353 0.000054 0.000051  0.002599 -0.010829 -0.344657
8  3.942142 0.046334 -0.431543  -0.766922 0.160085 -1.543102
9  1.539109 0.000080 0.000003  -0.028669 -0.057457 -0.680251
10  1.196331 0.000145 0.000031  0.004842 0.001374 -0.728711
11  3.883512 -0.047212 0.431351  -0.446175 0.503317 -1.015793
12  1.719573 -0.000028 0.000016  0.020825 -0.156575 -1.111891
13  1.209178 0.000089 0.000015  -0.000666 -0.001718 -0.566770
14  3.859676 -0.138417 1.332380  -0.099311 0.605539 -0.494814
15  1.719448 -0.000020 0.000028  -0.036810 0.016947 -0.616278
16  1.099676 0.000051 0.000007  -0.003669 0.001393 -1.369679
17  0.587510 -0.753782 1.206787  -0.946963 -0.663737 -0.558319
18  1.789818 -0.000005 -0.000018  0.020877 0.018030 0.740855
19  1.207015 -0.000013 -0.000044  -0.003373 -0.002176 -0.110066
20  5.740636 0.000390 -0.000701  -0.251227 0.000003 0.000063
21  11.481083 0.000258 -0.000790  -0.097316 -0.179609 0.088824
22  6.027525 -0.000330 0.000200  1.516859 -0.242588 1.629760
23  -0.000001 11.692101 -0.000007  -0.919957 -0.378414 -0.737613
24  0.000002 0.000009 -0.000000  -0.022880 -0.000031 1.570739
25  0.000000 -0.000012 -0.000000  0.868960 0.000002 1.570712
26  -6.617934 -9.178503 0.826812  1.473120 1.855075 -0.198639
27  6.027513 -0.000259 -0.000221  1.543713 0.746759 -0.698774
28  11.691992 0.000163 0.000856  0.141449 0.000073 -1.838760
29  11.479339 -0.000870 0.000956  -1.190867 0.353569 0.869720
30  3.859438 -0.132759 1.193065  0.469647 -0.013262 -1.872395
31  1.312559 0.000026 -0.000002  0.024060 -0.138696 -0.550187
32  0.729345 0.000066 -0.000027  -0.166197 -0.081570 -0.714272
33  3.942047 0.050139 0.431000  0.225309 -0.086237 -1.592712
34  1.539097 0.000006 -0.000001  0.035254 -0.050373 -0.994350
35  1.196301 0.000078 -0.000003  -0.021521 0.002175 -0.839738
36  3.883414 -0.050472 -0.431084  0.184824 -0.271737 -1.204030
37  1.719564 -0.000084 -0.000004  0.022859 -0.107186 -1.509108
38  1.209198 0.000035 0.000011  0.000661 0.071072 -0.480462
39  3.859589 -0.149083 -1.331321  -0.104061 -0.070249 -0.272073
40  1.719415 -0.000098 -0.000034  -0.013177 0.003907 -1.203491
41  1.099674 0.000023 0.000006  -0.005887 -0.007993 -0.771205
42  0.805984 -0.359848 -1.318338  0.991670 0.166767 -0.799527
43  1.789779 -0.000008 -0.000042  0.000058 -0.002451 0.133097
44  1.206996 -0.000006 0.000005  0.000372 -0.000071 1.058780
45  5.740573 0.000080 0.000722  0.162559 -0.000014 0.000028
46  11.480811 -0.000099 0.000937  0.050520 0.074149 0.145858
47  6.027515 -0.000273 -0.000230  -0.892497 -0.510796 -1.724372
48  -0.000002 11.691977 -0.000006  -1.228501 0.673312 0.921242
49  0.000002 0.000001 -0.000001  2.413977 -0.000036 1.570860
50  -0.000008 -0.000013 0.000005  2.272645 -0.000036 1.570861
51  -3.678041 -3.812688 -6.801764  -0.119636 -2.992809 1.478372
52  0.000000 -0.000000 0.000000  0.008153 -0.000259 0.000009
53  0.000000 -0.000000 0.000000  1.565115 0.043565 -0.106862
54  -0.615376 -15.786359 -5.069694  -0.794598 0.066268 -1.824698
55  -0.000001 0.000000 -0.000000  0.000000 -0.000001 -0.000002
56  0.000030 0.000029 0.000001  -1.571901 -0.044449 -0.106509
57  8.208684 -17.520149 -17.916506  1.570796 -0.000000 0.000000
58  -15.417985 4.000748 -22.641926  1.570796 -0.000000 0.000000
59  1.941978 -0.383090 -8.860325  1.570796 -0.000000 0.000000
60  -0.004311 0.001229 -0.000371  0.006898 -0.005534 -0.284229
61  0.826810 10.209643 -4.879054  1.570796 -0.000000 0.000000
62  0.000000 0.000000 0.000000  -0.078727 -3.136056 0.284226
63  0.000000 0.000000 0.000000  1.570796 -0.000000 0.000000
64  -2.287624 -8.249615 -1.349235  1.571103 0.041360 0.006551
65  0.002681 -3.204031 0.621196  0.000000 -0.000000 -0.000000
66  0.048105 -1.112259 2.845372  0.000000 -0.000000 -0.000000
67  -1.184782 0.539746 -0.284905  0.000000 -0.000000 -0.000000
68  0.047884 -1.610073 21.020466  0.000000 -0.000000 -0.000000
69  0.047881 -3.319713 2.472854  0.000000 -0.000000 -0.000000
70  0.172180 -2.040368 3.568007  0.000000 -0.000000 -0.000000
71  0.654947 -2.537530 2.477230  0.000000 -0.000000 -0.261799
72  -3.588360 -1.097282 -23.660017  1.570796 -0.000000 0.000000
73  0.017809 1.799356 -0.402361  0.000000 -0.000000 0.000000
74  -2.423788 -12.955736 -5.444452  1.571103 0.041360 0.006551
75  0.031323 2.100358 -1.138378  0.000000 -0.000000 -0.000000
76  -0.024051 1.849583 -1.138375  0.000000 -0.000000 -0.000000
time 1
0  0.000006 0.000000 0.000000  -1.570800 -1.391899 -1.570792
1  -8.867878 0.745976 1.937665  -1.544956 -1.855077 -0.198630
2  6.027524 -0.000328 0.000189  -0.537607 -1.343682 -1.667937
3  11.692112 0.000646 -0.000740  -0.889500 -0.000010 -1.243409
4  11.479899 0.000266 -0.000832  0.687785 -0.600906 0.794769
5  3.868552 -0.147697 -1.190580  -0.755688 0.024846 -1.637859
6  1.312589 0.000010 0.000005  -0.090680 -0.030318 -0.339992
7  0.729354 0.000054 0.000052  0.001591 -0.008305 -0.250945
8  3.947338 0.049096 -0.428224  -0.621267 0.210286 -1.333798
9  1.539110 0.000082 0.000002  -0.025725 -0.042036 -0.507622
10  1.196332 0.000144 0.000027  0.003759 0.000922 -0.587854
11  3.883513 -0.047211 0.431350  -0.281255 0.416798 -0.831956
12  1.719573 -0.000028 0.000019  0.000895 -0.121409 -0.864791
13  1.209180 0.000089 0.000013  -0.000662 -0.000528 -0.413492
14  3.899673 -0.129155 1.337159  0.032019 0.437738 -0.400251
15  1.719446 -0.000020 0.000028  -0.027185 0.017049 -0.485962
16  1.099675 0.000048 0.000007  -0.002992 0.002217 -1.039662
17  0.620598 -0.687096 1.224305  -1.020733 -0.658801 -0.567369
18  1.789820 -0.000005 -0.000018  0.018294 0.019703 0.545815
19  1.207016 -0.000013 -0.000043  -0.002938 -0.001795 -0.085328
20  5.740637 0.000387 -0.000699  -0.232256 0.000003 0.000063
21  11.480987 0.000233 -0.000819  -0.118170 -0.148052 0.084486
22  6.027524 -0.000331 0.000200  1.533033 -0.224089 1.642137
23  -0.000001 11.692101 -0.000007  -0.874680 -0.341109 -0.705814
24  0.000002 0.000010 0.000000  -0.020412 -0.000031 1.570739
25  0.000000 -0.000012 -0.000000  0.868960 0.000002 1.570712
26  -6.617934 -9.178503 0.826812  1.473120 1.855075 -0.198639
27  6.027513 -0.000259 -0.000221  1.543419 0.742870 -0.698788
28  11.691993 0.000161 0.000857  0.144367 0.000073 -1.837981
29  11.479344 -0.000866 0.000958  -1.202508 0.360689 0.858308
30  3.859437 -0.132758 1.193065  0.469647 -0.013262 -1.872395
31  1.312559 0.000027 -0.000001  0.024060 -0.138696 -0.550187
32  0.729345 0.000065 -0.000027  -0.166197 -0.081570 -0.714272
33  3.942046 0.050139 0.431000  0.225309 -0.086237 -1.592712
34  1.539096 0.000005 -0.000001  0.035254 -0.050373 -0.994350
35  1.196301 0.000077 -0.000004  -0.021521 0.002175 -0.839738
36  3.883413 -0.050472 -0.431084  0.184824 -0.271737 -1.204030
37  1.719564 -0.000084 -0.000004  0.022859 -0.107186 -1.509108
38  1.209198 0.000035 0.000010  0.000661 0.071072 -0.480462
39  3.859589 -0.149083 -1.331321  -0.119098 -0.059922 -0.197261
40  1.719414 -0.000098 -0.000035  -0.015175 -0.009228 -1.057737
41  1.099673 0.000022 0.000007  -0.004322 -0.007987 -0.753881
42  0.805983 -0.359847 -1.318339  0.991670 0.166767 -0.799527
43  1.789780 -0.000008 -0.000042  0.000058 -0.002451 0.133098
44  1.206996 -0.000006 0.000006  0.000372 -0.000071 1.058780
45  5.740573 0.000080 0.000721  0.158408 -0.000014 0.000028
46  11.480813 -0.000099 0.000937  0.048092 0.074359 0.143870
47  6.027515 -0.000273 -0.000230  -0.888809 -0.512995 -1.725992
48  -0.000000 11.691977 -0.000005  -1.228041 0.672838 0.921026
49  0.000004 0.000000 -0.000001  2.416896 -0.000036 1.570860
50  -0.000007 -0.000014 0.000006  2.272645 -0.000036 1.570861
51  -3.707871 -3.821637 -6.853669  -0.126440 -2.985576 1.476499
52  0.000000 -0.000000 -0.000000  0.008153 -0.000259 0.000009
53  -0.000000 0.000000 -0.000001  1.565115 0.043565 -0.106862
54  -0.331875 -15.399580 -5.339254  -0.837168 0.038835 -1.919610
55  0.000001 -0.000000 -0.000001  0.000000 -0.000001 -0.000002
56  0.000030 0.000029 0.000000  -1.571902 -0.044449 -0.106509
57  8.891630 -16.859032 -18.129608  1.570796 -0.000000 0.000000
58  -15.417985 4.000748 -22.641926  1.570796 -0.000000 0.000000
59  1.941978 0.843548 -8.860325  1.570796 -0.000000 0.000000
60  -0.004311 0.001229 -0.000371  0.006898 -0.005534 -0.284229
61  0.826810 10.209643 -4.879054  1.570796 -0.000000 0.000000
62  0.000000 0.000000 0.000000  -0.078727 -3.136056 0.284226
63  0.000000 0.000000 0.000000  1.569996 0.000017 0.001047
64  -2.290044 -8.226735 -1.382423  1.564559 0.048763 0.003351
65  0.002681 -3.204031 0.621195  0.000000 -0.000000 -0.000000
66  0.048105 -1.112260 2.845371  0.000000 -0.000000 -0.000000
67  -1.184782 0.539746 -0.284905  0.000000 -0.000000 -0.000000
68  0.047884 -1.610073 21.020464  0.000000 -0.000000 -0.000000
69  0.047881 -3.319713 2.472855  0.000000 -0.000000 -0.000000
70  0.172180 -2.040368 3.568006  0.000000 -0.000000 -0.000000
71  0.654947 -2.537531 2.477230  0.000000 -0.000000 -0.261799
72  -3.588360 -1.097282 -23.660017  1.570796 -0.000000 0.000000
73  0.017809 1.799356 -0.402361  0.000000 -0.000000 0.000000
74  -2.469988 -12.959213 -5.445449  1.564559 0.048763 0.003351
75  0.031323 2.100358 -1.138381  0.000000 -0.000000 -0.000000
76  -0.024051 1.849582 -1.138378  0.000000 -0.000000 -0.000000
time 2
0  0.000006 0.000000 0.000000  -1.570800 -1.391899 -1.570792
1  -9.372251 -2.043226 1.937667  -1.544956 -1.855077 -0.198630
2  6.027523 -0.000328 0.000189  -0.885452 -1.362273 -1.295584
3  11.692112 0.000645 -0.000739  -0.881637 -0.000006 -1.161315
4  11.480413 0.000425 -0.000635  0.919237 -0.431879 0.616550
5  3.893844 -0.161314 -1.186386  -0.549963 0.276290 -0.962499
6  1.312589 0.000009 0.000007  -0.029340 -0.008148 -0.239062
7  0.729354 0.000051 0.000050  0.000254 -0.002666 -0.050289
8  3.961857 0.056815 -0.418945  -0.274328 0.199845 -0.822640
9  1.539110 0.000082 0.000002  -0.010548 -0.011606 -0.132050
10  1.196331 0.000147 0.000030  0.001256 0.000354 -0.283123
11  3.883515 -0.047212 0.431351  -0.002520 0.149119 -0.485530
12  1.719573 -0.000027 0.000019  -0.009434 -0.033507 -0.322207
13  1.209180 0.000090 0.000012  0.000054 0.001958 -0.081211
14  4.011431 -0.103277 1.350514  0.246553 0.044956 -0.283805
15  1.719448 -0.000018 0.000028  -0.006982 0.011696 -0.204855
16  1.099675 0.000050 0.000008  -0.000618 0.002950 -0.285893
17  0.711370 -0.512880 1.272066  -1.186585 -0.643491 -0.607939
18  1.789818 -0.000006 -0.000018  0.009140 0.016374 0.118304
19  1.207014 -0.000014 -0.000043  -0.001615 -0.000836 -0.016458
20  5.740636 0.000388 -0.000701  -0.163803 0.000003 0.000063
21  11.481090 0.000265 -0.000781  -0.099610 -0.096922 0.078551
22  6.027524 -0.000330 0.000201  1.609415 -0.205051 1.658420
23  -0.000001 11.692101 -0.000006  -0.823620 -0.301325 -0.668924
24  0.000003 0.000010 -0.000000  -0.012553 -0.000031 1.570739
25  -0.000000 -0.000011 0.000000  0.868960 0.000002 1.570712
26  -6.617934 -9.178503 0.826812  1.473120 1.855075 -0.198639
27  6.027513 -0.000259 -0.000221  1.542494 0.733300 -0.698889
28  11.691993 0.000161 0.000856  0.153373 0.000072 -1.834708
29  11.479374 -0.000841 0.000963  -1.231472 0.379845 0.826515
30  3.859437 -0.132759 1.193065  0.469647 -0.013262 -1.872395
31  1.312559 0.000026 -0.000001  0.024060 -0.138696 -0.550187
32  0.729345 0.000065 -0.000027  -0.166197 -0.081570 -0.714272
33  3.942046 0.050138 0.431000  0.225309 -0.086237 -1.592712
34  1.539097 0.000006 -0.000001  0.035254 -0.050373 -0.994350
35  1.196300 0.000077 -0.000003  -0.021521 0.002175 -0.839738
36  3.883413 -0.050472 -0.431084  0.184824 -0.271737 -1.204030
37  1.719563 -0.000085 -0.000005  0.022859 -0.107186 -1.509108
38  1.209198 0.000036 0.000010  0.000661 0.071072 -0.480462
39  3.859588 -0.149083 -1.331321  -0.148907 -0.034053 -0.037353
40  1.719413 -0.000098 -0.000035  -0.026333 -0.035583 -0.720786
41  1.099674 0.000023 0.000007  -0.001196 -0.008091 -0.686602
42  0.805983 -0.359848 -1.318338  0.991670 0.166767 -0.799527
43  1.789780 -0.000008 -0.000042  0.000058 -0.002451 0.133097
44  1.206996 -0.000007 0.000005  0.000372 -0.000071 1.058780
45  5.740575 0.000079 0.000720  0.147815 -0.000014 0.000028
46  11.480821 -0.000095 0.000937  0.042068 0.075191 0.138242
47  6.027515 -0.000273 -0.000230  -0.879788 -0.518515 -1.729920
48  -0.000002 11.691976 -0.000005  -1.226107 0.670849 0.920116
49  0.000003 -0.000002 0.000001  2.425902 -0.000036 1.570860
50  -0.000008 -0.000013 0.000005  2.272645 -0.000036 1.570861
51  -3.783935 -3.855047 -6.990851  -0.141050 -2.966290 1.472038
52  -0.000000 0.000000 -0.000000  0.008153 -0.000259 0.000009
53  -0.000000 -0.000000 0.000000  1.565115 0.043565 -0.106862
54  0.971069 -13.928131 -5.970156  -0.666528 -0.043408 -1.959520
55  -0.000001 -0.000000 0.000000  0.000000 -0.000001 -0.000002
56  0.000029 0.000029 0.000001  -1.571901 -0.044449 -0.106509
57  10.912083 -14.903161 -18.760061  1.570796 -0.000000 0.000000
58  -15.417985 4.000748 -22.641926  1.570796 -0.000000 0.000000
59  1.941978 3.677986 -8.860325  1.570796 -0.000000 0.000000
60  -0.004311 0.001229 -0.000371  0.006898 -0.005534 -0.284229
61  0.826810 10.209643 -4.879054  1.570796 -0.000000 0.000000
62  0.000000 0.000000 0.000000  -0.078727 -3.136056 0.284226
63  0.000000 0.000000 0.000000  1.567996 0.000130 0.003351
64  -2.306989 -8.172177 -1.465394  1.546714 0.064954 -0.004534
65  0.002680 -3.204031 0.621194  0.000000 0.000000 -0.000000
66  0.048105 -1.112260 2.845371  0.000000 0.000000 -0.000000
67  -1.184783 0.539746 -0.284905  0.000000 0.000000 -0.000000
68  0.047883 -1.610073 21.020466  0.000000 0.000000 -0.000000
69  0.047881 -3.319713 2.472853  0.000000 0.000000 -0.000000
70  0.172180 -2.040368 3.568006  0.000000 0.000000 -0.000000
71  0.654947 -2.537530 2.477230  0.000000 0.000000 -0.261799
72  -3.588360 -1.097282 -23.660017  1.570796 -0.000000 0.000000
73  0.017809 1.799356 -0.402361  0.000000 -0.000000 0.000000
74  -2.584800 -12.974649 -5.439813  1.546714 0.064954 -0.004534
75  0.031323 2.100359 -1.138381  0.000000 0.000000 -0.000000
76  -0.024051 1.849583 -1.138378  0.000000 0.000000 -0.000000
time 3
0  0.000006 0.000000 0.000000  -1.570800 -1.391899 -1.570792
1  -9.705484 -3.886029 1.937668  -1.544956 -1.855077 -0.198630
2  6.027522 -0.000330 0.000189  -1.357622 -1.288136 -0.790498
3  11.692114 0.000645 -0.000739  -0.867658 -0.000010 -1.231164
4  11.480057 0.000303 -0.000774  1.460936 -0.292992 0.444180
5  3.930255 -0.180924 -1.180351  -0.411214 0.275102 -0.613272
6  1.312590 0.000010 0.000006  -0.000013 0.000050 -0.151235
7  0.729354 0.000055 0.000050  0.000022 0.000015 0.044187
8  3.982758 0.067931 -0.405584  -0.124906 0.113283 -0.524102
9  1.539112 0.000084 0.000003  -0.000000 0.000022 0.040663
10  1.196331 0.000147 0.000029  0.000016 0.000015 -0.142265
11  3.883512 -0.047212 0.431351  0.088558 -0.003449 -0.300497
12  1.719574 -0.000028 0.000017  0.001584 0.005285 -0.078024
13  1.209180 0.000087 0.000012  0.000883 0.002962 0.072068
14  4.172369 -0.066008 1.369744  0.329382 -0.140060 -0.258942
15  1.719446 -0.000020 0.000026  0.001184 0.003890 -0.074518
16  1.099677 0.000051 0.000007  0.000736 0.002470 0.044124
17  0.806011 -0.349038 1.321248  -1.286058 -0.623464 -0.680185
18  1.789818 -0.000005 -0.000017  0.000018 -0.000019 -0.076846
19  1.207015 -0.000012 -0.000043  0.000005 -0.000007 0.057487
20  5.740636 0.000389 -0.000699  -0.039327 0.000003 0.000063
21  11.481021 0.000238 -0.000806  -0.009761 -0.041171 0.074270
22  6.027524 -0.000333 0.000200  1.746087 -0.222981 1.675630
23  -0.000001 11.692102 -0.000006  -0.867119 -0.335062 -0.700417
24  0.000004 0.000009 0.000001  0.001429 -0.000030 1.570739
25  -0.000000 -0.000011 0.000000  0.868960 0.000002 1.570712
26  -6.617934 -9.178503 0.826812  1.473120 1.855075 -0.198639
27  6.027513 -0.000259 -0.000222  1.540887 0.721326 -0.699160
28  11.691992 0.000161 0.000857  0.168545 0.000072 -1.827384
29  11.479437 -0.000788 0.000968  -1.269048 0.407167 0.777799
30  3.859436 -0.132758 1.193066  0.469647 -0.013262 -1.872395
31  1.312559 0.000026 -0.000000  0.024060 -0.138696 -0.550187
32  0.729345 0.000065 -0.000028  -0.166197 -0.081570 -0.714272
33  3.942046 0.050139 0.431000  0.225309 -0.086237 -1.592712
34  1.539097 0.000006 -0.000001  0.035254 -0.050373 -0.994350
35  1.196300 0.000078 -0.000004  -0.021521 0.002175 -0.839738
36  3.883413 -0.050472 -0.431084  0.184824 -0.271737 -1.204030
37  1.719564 -0.000083 -0.000004  0.022859 -0.107186 -1.509108
38  1.209197 0.000034 0.000011  0.000661 0.071072 -0.480462
39  3.859588 -0.149082 -1.331321  -0.162349 -0.020149 0.036876
40  1.719413 -0.000098 -0.000035  -0.035851 -0.045243 -0.508374
41  1.099674 0.000023 0.000006  -0.000250 -0.008305 -0.574361
42  0.805983 -0.359848 -1.318338  0.991670 0.166767 -0.799527
43  1.789780 -0.000008 -0.000042  0.000058 -0.002451 0.133097
44  1.206997 -0.000007 0.000005  0.000372 -0.000071 1.058780
45  5.740572 0.000079 0.000720  0.133726 -0.000014 0.000028
46  11.480831 -0.000084 0.000938  0.034394 0.076871 0.129490
47  6.027515 -0.000273 -0.000230  -0.868632 -0.525676 -1.734687
48  -0.000001 11.691976 -0.000005  -1.221784 0.666402 0.918068
49  0.000002 0.000001 0.000000  2.441074 -0.000036 1.570860
50  -0.000008 -0.000013 0.000004  2.272645 -0.000036 1.570861
51  -3.886088 -3.923634 -7.185582  -0.154746 -2.938617 1.466617
52  0.000000 -0.000000 -0.000001  0.008153 -0.000259 0.000009
53  -0.000000 0.000000 -0.000000  1.565115 0.043565 -0.106862
54  2.803310 -12.318500 -6.602577  -0.116786 -0.205319 -2.011393
55  -0.000001 0.000000 -0.000000  0.000000 -0.000001 -0.000002
56  0.000029 0.000029 0.000001  -1.571901 -0.044449 -0.106509
57  13.990477 -11.923163 -19.720631  1.570796 -0.000000 0.000000
58  -15.417985 4.000748 -22.641926  1.570796 -0.000000 0.000000
59  1.941978 5.550676 -8.860325  1.570796 -0.000000 0.000000
60  -0.004311 0.001229 -0.000371  0.006898 -0.005534 -0.284229
61  0.826810 10.209643 -4.879054  1.570796 -0.000000 0.000000
62  0.000000 0.000000 0.000000  -0.078727 -3.136056 0.284226
63  0.000000 0.000000 0.000000  1.565392 0.000428 0.005653
64  -2.352981 -8.107059 -1.573257  1.520324 0.080892 -0.014454
65  0.002681 -3.204031 0.621198  -0.000000 -0.000000 -0.000000
66  0.048106 -1.112260 2.845373  -0.000000 -0.000000 -0.000000
67  -1.184782 0.539746 -0.284904  -0.000000 -0.000000 -0.000000
68  0.047884 -1.610073 21.020470  -0.000000 -0.000000 -0.000000
69  0.047882 -3.319714 2.472856  -0.000000 -0.000000 -0.000000
70  0.172181 -2.040369 3.568008  -0.000000 -0.000000 -0.000000
71  0.654947 -2.537531 2.477231  -0.000000 -0.000000 -0.261799
72  -3.588360 -1.097282 -23.660017  1.570796 -0.000000 0.000000
73  0.017809 1.799356 -0.402361  0.000000 -0.000000 0.000000
74  -2.732858 -13.009182 -5.415366  1.520324 0.080892 -0.014454
75  0.031323 2.100358 -1.138381  -0.000000 -0.000000 -0.000000
76  -0.024051 1.849583 -1.138377  -0.000000 -0.000000 -0.000000
time 4
0  0.000006 0.000000 0.000000  -1.570800 -1.391899 -1.570792
1  -9.834637 -4.600247 1.937668  -1.544956 -1.855077 -0.198630
2  6.027520 -0.000325 0.000191  -1.604026 -1.116579 -0.506884
3  11.692111 0.000644 -0.000739  -0.846787 -0.000020 -1.428806
4  11.479704 0.000116 -0.000976  2.138422 -0.119040 0.332706
5  3.969356 -0.201977 -1.173873  -0.431362 0.191648 -0.575112
6  1.312591 0.000012 0.000007  -0.005626 -0.010272 -0.084410
7  0.729354 0.000053 0.000050  0.001309 -0.000956 -0.126865
8  4.005203 0.079866 -0.391239  -0.146756 0.093303 -0.431320
9  1.539110 0.000082 0.000004  -0.010491 -0.031733 -0.071930
10  1.196331 0.000147 0.000028  0.003343 -0.002140 -0.173719
11  3.883513 -0.047212 0.431350  0.039775 0.001992 -0.228371
12  1.719574 -0.000027 0.000018  -0.014617 -0.015204 -0.208228
13  1.209181 0.000089 0.000008  0.002919 0.001369 0.024474
14  4.345162 -0.025995 1.390391  0.198862 -0.115678 -0.249486
15  1.719446 -0.000021 0.000028  -0.002726 -0.001058 -0.136150
16  1.099675 0.000052 0.000009  0.000754 0.002253 -0.181098
17  0.963184 -0.248323 1.434161  -1.266050 -0.574564 -0.802731
18  1.789818 -0.000006 -0.000018  -0.010181 -0.036912 -0.073046
19  1.207015 -0.000014 -0.000043  0.002161 0.000688 0.098776
20  5.740634 0.000390 -0.000698  0.117053 0.000003 0.000064
21  11.480951 0.000198 -0.000849  0.116132 0.014986 0.068629
22  6.027524 -0.000328 0.000202  1.936691 -0.275532 1.681214
23  0.000000 11.692100 -0.000008  -0.987127 -0.437086 -0.782961
24  0.000004 0.000009 0.000000  0.022310 -0.000031 1.570739
25  -0.000000 -0.000012 -0.000001  0.868960 0.000002 1.570712
26  -6.617934 -9.178503 0.826812  1.473120 1.855075 -0.198639
27  6.027513 -0.000259 -0.000222  1.538340 0.710314 -0.699768
28  11.691992 0.000161 0.000855  0.189352 0.000071 -1.814368
29  11.479552 -0.000701 0.000972  -1.306083 0.438594 0.715992
30  3.859437 -0.132758 1.193065  0.469647 -0.013262 -1.872395
31  1.312559 0.000027 -0.000001  0.024060 -0.138696 -0.550187
32  0.729345 0.000064 -0.000028  -0.166197 -0.081570 -0.714272
33  3.942047 0.050139 0.431000  0.225309 -0.086237 -1.592712
34  1.539096 0.000005 -0.000001  0.035254 -0.050373 -0.994350
35  1.196301 0.000078 -0.000003  -0.021521 0.002175 -0.839738
36  3.883414 -0.050472 -0.431084  0.184824 -0.271737 -1.204030
37  1.719564 -0.000085 -0.000005  0.022858 -0.107186 -1.509108
38  1.209196 0.000034 0.000011  0.000661 0.071072 -0.480462
39  3.859588 -0.149082 -1.331321  -0.164301 -0.018933 0.013826
40  1.719414 -0.000098 -0.000036  -0.036181 -0.040392 -0.433159
41  1.099674 0.000023 0.000006  -0.001875 -0.007783 -0.387272
42  0.805984 -0.359848 -1.318338  0.991670 0.166767 -0.799527
43  1.789780 -0.000007 -0.000042  0.000058 -0.002451 0.133097
44  1.206996 -0.000007 0.000005  0.000372 -0.000071 1.058781
45  5.740573 0.000078 0.000720  0.119192 -0.000014 0.000028
46  11.480855 -0.000067 0.000939  0.027100 0.079522 0.118148
47  6.027515 -0.000273 -0.000230  -0.858779 -0.532933 -1.738598
48  -0.000001 11.691975 -0.000006  -1.214109 0.658517 0.914385
49  0.000003 0.000000 0.000000  2.461881 -0.000036 1.570860
50  -0.000007 -0.000014 0.000003  2.272645 -0.000036 1.570861
51  -3.992388 -4.039301 -7.411900  -0.158811 -2.906330 1.461361
52  -0.000000 -0.000000 0.000000  0.008153 -0.000259 0.000009
53  -0.000000 0.000000 0.000000  1.565115 0.043565 -0.106862
54  4.800262 -10.701794 -7.268126  0.682112 -0.342062 -2.169149
55  0.000001 0.000000 -0.000000  0.000000 -0.000001 -0.000002
56  0.000030 0.000030 0.000001  -1.571901 -0.044449 -0.106509
57  17.482161 -8.543090 -20.810158  1.570796 -0.000000 0.000000
58  -15.417985 4.000748 -22.641926  1.570796 -0.000000 0.000000
59  1.941978 6.276477 -8.860325  1.570796 -0.000000 0.000000
60  -0.004311 0.001229 -0.000371  0.006898 -0.005534 -0.284229
61  0.826810 10.209643 -4.879054  1.570796 -0.000000 0.000000
62  0.000000 0.000000 0.000000  -0.078727 -3.136056 0.284226
63  0.000000 0.000000 0.000000  1.562785 0.000994 0.006698
64  -2.442544 -8.052502 -1.681119  1.488397 0.087680 -0.023281
65  0.002681 -3.204031 0.621196  0.000000 0.000000 0.000000
66  0.048105 -1.112260 2.845372  0.000000 0.000000 0.000000
67  -1.184782 0.539746 -0.284905  0.000000 0.000000 0.000000
68  0.047884 -1.610073 21.020464  0.000000 0.000000 0.000000
69  0.047881 -3.319713 2.472854  0.000000 0.000000 0.000000
70  0.172180 -2.040368 3.568007  0.000000 0.000000 0.000000
71  0.654947 -2.537531 2.477230  -0.000000 -0.000000 -0.261799
72  -3.588360 -1.097282 -23.660017  1.570796 -0.000000 0.000000
73  0.017809 1.799356 -0.402361  0.000000 -0.000000 0.000000
74  -2.880671 -13.071303 -5.363048  1.488397 0.087680 -0.023281
75  0.031323 2.100358 -1.138380  0.000000 0.000000 0.000000
76  -0.024051 1.849583 -1.138377  0.000000 0.000000 0.000000
time 5
0  0.000006 0.000000 0.000000  -1.570800 -1.391899 -1.570792
1  -9.910970 -5.022371 1.937668  -1.544956 -1.855077 -0.198630
2  6.027518 -0.000328 0.000192  -1.690285 -0.920473 -0.388389
3  11.692108 0.000645 -0.000739  -0.818246 -0.000032 -1.614115
4  11.479585 -0.000023 -0.001098  2.547932 0.034028 0.288381
5  4.000339 -0.218662 -1.168735  -0.470235 0.132153 -0.548496
6  1.312588 0.000010 0.000005  -0.018568 -0.031858 -0.027273
7  0.729354 0.000054 0.000052  0.004733 -0.002032 -0.600148
8  4.022990 0.089325 -0.379869  -0.199928 0.100839 -0.392425
9  1.539112 0.000083 0.000003  -0.017858 -0.104358 -0.371476
10  1.196330 0.000147 0.000025  0.011180 -0.005075 -0.358116
11  3.883510 -0.047212 0.431351  -0.073692 0.028901 -0.196741
12  1.719574 -0.000029 0.000016  -0.037442 -0.074009 -0.559374
13  1.209180 0.000089 0.000010  0.007719 -0.001340 -0.185165
14  4.482101 0.005717 1.406753  -0.081903 -0.059871 -0.241363
15  1.719446 -0.000022 0.000027  -0.009721 -0.006522 -0.363290
16  1.099676 0.000052 0.000008  0.000174 0.002026 -0.765237
17  1.187755 -0.209191 1.618301  -1.200392 -0.492552 -0.943499
18  1.789818 -0.000006 -0.000017  -0.024786 -0.087115 -0.047020
19  1.207015 -0.000015 -0.000043  0.004670 0.001271 0.143402
20  5.740638 0.000388 -0.000699  0.216337 0.000003 0.000064
21  11.480931 0.000168 -0.000876  0.194381 0.052868 0.055974
22  6.027524 -0.000332 0.000201  2.136807 -0.339539 1.665114
23  -0.000001 11.692101 -0.000005  -1.096710 -0.540328 -0.851240
24  0.000003 0.000009 -0.000000  0.050858 -0.000031 1.570739
25  -0.000000 -0.000013 0.000001  0.868960 0.000002 1.570712
26  -6.617934 -9.178503 0.826812  1.473120 1.855075 -0.198639
27  6.027513 -0.000259 -0.000222  1.529652 0.705264 -0.702763
28  11.691990 0.000160 0.000856  0.214484 0.000069 -1.793458
29  11.479738 -0.000568 0.000964  -1.321866 0.475778 0.648307
30  3.859438 -0.132759 1.193065  0.469647 -0.013262 -1.872395
31  1.312559 0.000025 -0.000001  0.024060 -0.138696 -0.550187
32  0.729345 0.000066 -0.000028  -0.166197 -0.081570 -0.714272
33  3.942047 0.050139 0.431000  0.225309 -0.086237 -1.592712
34  1.539097 0.000006 -0.000001  0.035254 -0.050373 -0.994350
35  1.196301 0.000077 -0.000004  -0.021521 0.002175 -0.839738
36  3.883414 -0.050473 -0.431084  0.184824 -0.271737 -1.204030
37  1.719564 -0.000085 -0.000004  0.022858 -0.107186 -1.509108
38  1.209198 0.000035 0.000010  0.000661 0.071072 -0.480462
39  3.859589 -0.149082 -1.331321  -0.166667 -0.016667 -0.046693
40  1.719412 -0.000098 -0.000036  -0.032789 -0.030491 -0.388882
41  1.099673 0.000024 0.000007  -0.004437 -0.005744 -0.114310
42  0.805984 -0.359848 -1.318338  0.991670 0.166767 -0.799527
43  1.789780 -0.000009 -0.000042  0.000058 -0.002451 0.133097
44  1.206997 -0.000006 0.000005  0.000372 -0.000071 1.058781
45  5.740573 0.000079 0.000721  0.109399 -0.000014 0.000028
46  11.480891 -0.000040 0.000937  0.023820 0.084767 0.104523
47  6.027515 -0.000273 -0.000230  -0.857636 -0.541186 -1.736529
48  -0.000002 11.691974 -0.000006  -1.201799 0.645896 0.908356
49  0.000003 0.000001 -0.000000  2.487012 -0.000036 1.570860
50  -0.000007 -0.000014 0.000004  2.272645 -0.000036 1.570861
51  -4.024523 -4.215871 -7.658806  -0.134914 -2.874238 1.454701
52  0.000000 0.000000 -0.000000  0.008153 -0.000259 0.000009
53  0.000000 -0.000000 -0.000000  1.565115 0.043565 -0.106862
54  6.672359 -9.136149 -8.137728  1.239287 -0.354971 -2.306033
55  0.000001 -0.000000 0.000000  0.000000 -0.000001 -0.000002
56  0.000030 0.000029 0.000001  -1.571902 -0.044449 -0.106509
57  20.560556 -5.563092 -21.770725  1.570796 -0.000000 0.000000
58  -15.417985 4.000748 -22.641926  1.570796 -0.000000 0.000000
59  1.941978 6.705447 -8.860325  1.570796 -0.000000 0.000000
60  -0.004311 0.001229 -0.000371  0.006898 -0.005534 -0.284229
61  0.826810 10.209643 -4.879054  1.570796 -0.000000 0.000000
62  0.000000 0.000000 0.000000  -0.078727 -3.136056 0.284226
63  0.000000 0.000000 0.000000  1.560660 0.001909 0.006600
64  -2.590203 -8.029623 -1.764090  1.454298 0.067434 -0.026640
65  0.002681 -3.204031 0.621195  -0.000000 -0.000000 0.000000
66  0.048105 -1.112260 2.845372  -0.000000 -0.000000 0.000000
67  -1.184782 0.539746 -0.284904  -0.000000 -0.000000 0.000000
68  0.047884 -1.610073 21.020468  -0.000000 -0.000000 0.000000
69  0.047882 -3.319714 2.472856  -0.000000 -0.000000 0.000000
70  0.172181 -2.040368 3.568006  -0.000000 -0.000000 0.000000
71  0.654947 -2.537530 2.477231  -0.000000 0.000000 -0.261799
72  -3.588360 -1.097282 -23.660017  1.570796 -0.000000 0.000000
73  0.017809 1.799356 -0.402361  0.000000 -0.000000 0.000000
74  -2.962193 -13.172260 -5.278608  1.454298 0.067434 -0.026640
75  0.031323 2.100359 -1.138380  -0.000000 -0.000000 0.000000
76  -0.024051 1.849583 -1.138378  -0.000000 -0.000000 0.000000
time 6
0  0.000006 0.000000 0.000000  -1.570800 -1.391899 -1.570792
1  -9.937328 -5.168137 1.937668  -1.544956 -1.855077 -0.198630
2  6.027516 -0.000327 0.000193  -1.699330 -0.730228 -0.354509
3  11.692106 0.000645 -0.000739  -0.781346 -0.000042 -1.764118
4  11.480244 0.000188 -0.000844  2.625278 0.103027 0.240642
5  4.012604 -0.225267 -1.166706  -0.489293 0.111153 -0.546675
6  1.312587 0.000011 0.000006  -0.024898 -0.041789 -0.007629
7  0.729354 0.000054 0.000051  0.006551 -0.001162 -1.062795
8  4.030031 0.093069 -0.375371  -0.229219 0.088716 -0.384298
9  1.539110 0.000083 0.000003  -0.003813 -0.138407 -0.655121
10  1.196331 0.000147 0.000027  0.015641 -0.003493 -0.751896
11  3.883511 -0.047211 0.431349  -0.152220 0.047569 -0.193981
12  1.719574 -0.000028 0.000017  -0.027456 -0.122121 -0.900505
13  1.209182 0.000089 0.000009  0.011640 -0.000595 -0.564289
14  4.536304 0.018269 1.413225  -0.211585 -0.033525 -0.245547
15  1.719445 -0.000022 0.000026  -0.011299 -0.013257 -0.713647
16  1.099675 0.000052 0.000007  -0.000145 0.001778 -1.198827
17  1.283372 -0.205631 1.699551  -1.207070 -0.457596 -1.000986
18  1.789818 -0.000006 -0.000017  -0.043213 -0.108464 0.015513
19  1.207015 -0.000015 -0.000044  0.005766 0.001127 0.277257
20  5.740638 0.000389 -0.000699  0.236737 0.000003 0.000063
21  11.481064 0.000210 -0.000827  0.209203 0.063686 0.041396
22  6.027524 -0.000330 0.000201  2.324418 -0.416064 1.622885
23  -0.000001 11.692101 -0.000008  -1.184646 -0.628316 -0.899609
24  0.000005 0.000010 -0.000001  0.087762 -0.000031 1.570738
25  0.000000 -0.000011 -0.000000  0.868960 0.000002 1.570712
26  -6.617934 -9.178503 0.826812  1.473120 1.855075 -0.198639
27  6.027513 -0.000259 -0.000222  1.516512 0.708892 -0.707742
28  11.691990 0.000161 0.000857  0.241951 0.000067 -1.764500
29  11.479998 -0.000380 0.000942  -1.308533 0.512647 0.580409
30  3.859437 -0.132758 1.193066  0.469647 -0.013262 -1.872395
31  1.312559 0.000026 -0.000001  0.024060 -0.138696 -0.550187
32  0.729345 0.000065 -0.000028  -0.166197 -0.081570 -0.714273
33  3.942047 0.050139 0.431001  0.225309 -0.086237 -1.592712
34  1.539096 0.000005 0.000000  0.035254 -0.050373 -0.994350
35  1.196300 0.000078 -0.000004  -0.021521 0.002175 -0.839738
36  3.883414 -0.050472 -0.431083  0.184824 -0.271737 -1.204030
37  1.719564 -0.000085 -0.000004  0.022859 -0.107186 -1.509108
38  1.209198 0.000035 0.000012  0.000662 0.071072 -0.480462
39  3.859589 -0.149082 -1.331320  -0.168613 -0.014666 -0.107240
40  1.719413 -0.000098 -0.000036  -0.028585 -0.021189 -0.373711
41  1.099674 0.000024 0.000007  -0.006209 -0.003280 0.114126
42  0.805984 -0.359848 -1.318337  0.991670 0.166767 -0.799527
43  1.789780 -0.000008 -0.000042  0.000058 -0.002451 0.133097
44  1.206996 -0.000007 0.000006  0.000372 -0.000071 1.058780
45  5.740575 0.000077 0.000720  0.106648 -0.000014 0.000028
46  11.480945 -0.000003 0.000934  0.026309 0.091564 0.089356
47  6.027515 -0.000273 -0.000230  -0.867308 -0.547857 -1.727963
48  -0.000001 11.691975 -0.000005  -1.184785 0.628517 0.899783
49  0.000002 -0.000000 0.000000  2.514479 -0.000036 1.570860
50  -0.000006 -0.000014 0.000005  2.272645 -0.000036 1.570861
51  -3.975873 -4.456141 -7.886135  -0.078007 -2.846000 1.448519
52  0.000000 -0.000000 -0.000001  0.008153 -0.000259 0.000009
53  0.000000 0.000000 0.000001  1.565115 0.043565 -0.106862
54  8.167843 -7.841660 -9.235594  1.405488 -0.345897 -2.344501
55  0.000000 0.000000 -0.000000  0.000000 -0.000001 -0.000002
56  0.000030 0.000029 0.000001  -1.571902 -0.044449 -0.106509
57  22.581005 -3.607221 -22.401178  1.570796 -0.000000 0.000000
58  -15.417985 4.000748 -22.641926  1.570796 -0.000000 0.000000
59  1.941978 6.853576 -8.860325  1.570796 -0.000000 0.000000
60  -0.004311 0.001229 -0.000371  0.006898 -0.005534 -0.284229
61  0.826810 10.209643 -4.879054  1.570796 -0.000000 0.000000
62  0.000000 0.000000 0.000000  -0.078727 -3.136056 0.284226
63  0.000000 0.000000 0.000000  1.559058 0.003262 0.006352
64  -2.811104 -8.050413 -1.797279  1.420899 0.015741 -0.018398
65  0.002681 -3.204031 0.621197  -0.000000 0.000000 -0.000000
66  0.048105 -1.112260 2.845373  -0.000000 0.000000 -0.000000
67  -1.184783 0.539746 -0.284904  -0.000000 0.000000 -0.000000
68  0.047884 -1.610073 21.020466  -0.000000 0.000000 -0.000000
69  0.047881 -3.319714 2.472856  -0.000000 0.000000 -0.000000
70  0.172180 -2.040368 3.568008  -0.000000 0.000000 -0.000000
71  0.654947 -2.537531 2.477232  -0.000000 -0.000000 -0.261799
72  -3.588360 -1.097282 -23.660017  1.570796 -0.000000 0.000000
73  0.017809 1.799356 -0.402361  0.000000 -0.000000 0.000000
74  -2.958189 -13.314067 -5.145295  1.420899 0.015741 -0.018398
75  0.031323 2.100358 -1.138379  -0.000000 0.000000 -0.000000
76  -0.024051 1.849583 -1.138376  -0.000000 0.000000 -0.000000
time 7
0  0.000006 0.000000 0.000000  -1.570800 -1.391899 -1.570792
1  -9.940325 -5.184705 1.937668  -1.544956 -1.855077 -0.198630
2  6.027515 -0.000325 0.000196  -0.873841 -0.533468 -0.444728
3  11.692108 0.000647 -0.000740  -0.735573 -0.000047 -1.843099
4  11.479526 -0.000188 -0.001158  1.580191 -0.880629 -0.594097
5  4.012604 -0.225267 -1.166703  -0.349669 -0.048651 -1.139717
6  1.312590 0.000010 0.000006  -0.003881 -0.005319 -0.384590
7  0.729354 0.000055 0.000049  0.000146 0.001212 -1.445771
8  4.030030 0.093069 -0.375370  -0.233355 -0.041409 -0.829839
9  1.539110 0.000082 0.000007  0.021633 -0.107669 -0.861826
10  1.196333 0.000149 0.000025  0.010348 0.006517 -1.537146
11  3.883510 -0.047211 0.431351  -0.177148 -0.021865 -0.477620
12  1.719573 -0.000029 0.000017  0.001881 -0.131125 -1.171348
13  1.209178 0.000089 0.000012  0.009884 0.006829 -1.248374
14  4.536304 0.018270 1.413225  -0.190474 -0.209254 -0.405613
15  1.719446 -0.000021 0.000027  -0.003320 -0.018314 -1.271754
16  1.099674 0.000052 0.000008  -0.000171 0.001960 -1.296030
17  1.283371 -0.205631 1.699554  -1.272226 -0.829402 -0.991247
18  1.789818 -0.000006 -0.000018  -0.069497 -0.041070 0.412322
19  1.207013 -0.000012 -0.000042  -0.122294 -0.107472 1.297543
20  5.740635 0.000391 -0.000700  -0.038973 0.000003 0.000063
21  11.480909 0.000139 -0.000883  -0.028114 -0.153560 -0.119653
22  6.027524 -0.000330 0.000202  -1.288675 -2.128665 -0.773961
23  -0.000002 11.692101 -0.000008  -1.231156 -0.675977 -0.922377
24  0.000003 0.000010 -0.000001  0.133536 -0.000031 1.570739
25  -0.000000 -0.000012 -0.000000  0.868960 0.000002 1.570712
26  -6.617934 -9.178503 0.826812  1.473120 1.855075 -0.198639
27  6.027513 -0.000259 -0.000222  1.502873 0.720751 -0.713568
28  11.691990 0.000159 0.000857  0.269518 0.000065 -1.731953
29  11.480293 -0.000163 0.000899  -1.273442 0.543787 0.519513
30  3.859437 -0.132759 1.193065  0.469647 -0.013262 -1.872395
31  1.312559 0.000026 -0.000002  0.024060 -0.138696 -0.550187
32  0.729346 0.000064 -0.000027  -0.166197 -0.081570 -0.714272
33  3.942046 0.050139 0.431000  0.225309 -0.086237 -1.592712
34  1.539097 0.000007 -0.000001  0.035254 -0.050373 -0.994350
35  1.196299 0.000078 -0.000003  -0.021521 0.002175 -0.839738
36  3.883414 -0.050472 -0.431084  0.184824 -0.271737 -1.204030
37  1.719564 -0.000084 -0.000004  0.022859 -0.107186 -1.509108
38  1.209197 0.000035 0.000011  0.000661 0.071072 -0.480462
39  3.859588 -0.149082 -1.331321  -0.169309 -0.013950 -0.130367
40  1.719413 -0.000098 -0.000036  -0.026893 -0.017707 -0.372026
41  1.099673 0.000023 0.000007  -0.006707 -0.002285 0.193929
42  0.805983 -0.359847 -1.318339  0.991670 0.166767 -0.799527
43  1.789780 -0.000008 -0.000042  0.000058 -0.002451 0.133098
44  1.206996 -0.000007 0.000006  0.000372 -0.000071 1.058780
45  5.740574 0.000078 0.000720  0.109961 -0.000014 0.000028
46  11.481004 0.000041 0.000924  0.033213 0.098182 0.074452
47  6.027515 -0.000273 -0.000230  -0.885501 -0.550288 -1.715353
48  -0.000002 11.691974 -0.000007  -1.165695 0.609128 0.889844
49  0.000001 0.000002 0.000000  2.542047 -0.000036 1.570860
50  -0.000008 -0.000014 0.000004  2.272645 -0.000036 1.570861
51  -3.869318 -4.725363 -8.043015  0.000610 -2.823308 1.444125
52  -0.000000 0.000000 0.000000  0.008153 -0.000259 0.000009
53  -0.000001 -0.000000 -0.000001  1.565115 0.043565 -0.106862
54  5.221942 -4.781741 -17.965569  -0.307373 -0.467805 -1.726111
55  -0.000001 0.000001 -0.000000  0.000000 -0.000001 -0.000002
56  0.000030 0.000030 -0.000000  -1.571902 -0.044449 -0.106509
57  23.263954 -2.946106 -22.614281  1.570796 -0.000000 0.000000
58  -15.417985 4.000748 -22.641926  1.570796 -0.000000 0.000000
59  1.941978 6.870413 -8.860325  1.570796 -0.000000 0.000000
60  -0.004311 0.001229 -0.000371  0.006898 -0.005534 -0.284229
61  0.826810 10.209643 -4.879054  1.570796 -0.000000 0.000000
62  0.000000 0.000000 0.000000  -0.078727 -3.136056 0.284226
63  0.000000 0.000000 0.000000  1.557908 0.005071 0.006014
64  -3.079365 -8.104030 -1.773227  1.389691 -0.056076 0.001603
65  0.002681 -3.204031 0.621195  0.000000 0.000000 0.000000
66  0.048105 -1.112260 2.845370  0.000000 0.000000 0.000000
67  -1.184782 0.539746 -0.284906  0.000000 0.000000 0.000000
68  0.047884 -1.610073 21.020466  0.000000 0.000000 0.000000
69  0.047881 -3.319713 2.472853  0.000000 0.000000 0.000000
70  0.172181 -2.040369 3.568005  0.000000 0.000000 0.000000
71  0.654947 -2.537531 2.477229  0.000000 -0.000000 -0.261799
72  4.685575 -7.711311 -12.742975  1.834846 0.458011 -0.304312
73  0.017809 1.799355 -0.402361  0.000000 -0.000000 -0.000000
74  -2.889918 -13.471117 -4.950553  1.389691 -0.056076 0.001603
75  0.031323 2.100358 -1.138379  0.000000 0.000000 0.000000
76  -0.024051 1.849582 -1.138377  0.000000 0.000000 0.000000
time 8
0  0.000006 0.000000 0.000000  -1.570800 -1.391899 -1.570792
1  -9.936050 -5.161067 1.937760  -1.544956 -1.855077 -0.198630
2  6.027515 -0.000324 0.000194  -1.064376 -0.668747 -0.512382
3  11.692107 0.000645 -0.000740  -0.680682 -0.000049 -1.860841
4  11.479367 -0.000326 -0.001205  1.300307 -0.880652 -0.274408
5  4.012603 -0.225267 -1.166706  -0.349669 -0.048651 -1.139717
6  1.312590 0.000010 0.000005  -0.003881 -0.005318 -0.384590
7  0.729353 0.000054 0.000049  0.000146 0.001212 -1.445771
8  4.030030 0.093069 -0.375372  -0.233355 -0.041409 -0.829839
9  1.539111 0.000082 0.000005  0.021633 -0.107669 -0.861826
10  1.196331 0.000149 0.000027  0.010348 0.006516 -1.537146
11  3.883509 -0.047211 0.431348  -0.177148 -0.021865 -0.477620
12  1.719574 -0.000028 0.000017  0.001881 -0.131125 -1.171348
13  1.209178 0.000089 0.000009  0.009884 0.006829 -1.248374
14  4.536304 0.018269 1.413224  -0.190474 -0.209254 -0.405613
15  1.719445 -0.000021 0.000026  -0.003320 -0.018314 -1.271754
16  1.099676 0.000052 0.000009  -0.000171 0.001960 -1.296030
17  1.283370 -0.205631 1.699551  -1.272226 -0.829402 -0.991247
18  1.789818 -0.000007 -0.000018  -0.069497 -0.041070 0.412322
19  1.207016 -0.000013 -0.000042  -0.122294 -0.107472 1.297543
20  5.740637 0.000387 -0.000698  -0.095832 0.000003 0.000063
21  11.480881 0.000110 -0.000892  -0.056703 -0.150682 -0.083730
22  6.027524 -0.000329 0.000202  -1.148901 -2.317912 -1.061467
23  -0.000003 11.692103 -0.000007  -1.241657 -0.686796 -0.927216
24  0.000004 0.000008 -0.000000  0.188427 -0.000030 1.570739
25  -0.000001 -0.000010 0.000000  0.868960 0.000002 1.570712
26  -6.617934 -9.178503 0.826812  1.473120 1.855075 -0.198639
27  6.027513 -0.000259 -0.000222  1.488692 0.738698 -0.720431
28  11.691991 0.000162 0.000857  0.295239 0.000062 -1.700938
29  11.480579 0.000048 0.000845  -1.223772 0.570708 0.472808
30  3.859438 -0.132758 1.193065  0.469647 -0.013262 -1.872395
31  1.312559 0.000025 -0.000001  0.024060 -0.138696 -0.550187
32  0.729346 0.000065 -0.000027  -0.166197 -0.081570 -0.714272
33  3.942047 0.050139 0.430999  0.225309 -0.086237 -1.592712
34  1.539097 0.000005 -0.000001  0.035254 -0.050373 -0.994350
35  1.196299 0.000079 -0.000004  -0.021521 0.002175 -0.839738
36  3.883414 -0.050472 -0.431084  0.184824 -0.271737 -1.204030
37  1.719564 -0.000085 -0.000005  0.022858 -0.107186 -1.509108
38  1.209198 0.000035 0.000011  0.000661 0.071072 -0.480462
39  3.859588 -0.149082 -1.331321  -0.169310 -0.013949 -0.130367
40  1.719412 -0.000099 -0.000037  -0.026893 -0.017707 -0.372026
41  1.099674 0.000023 0.000007  -0.006707 -0.002285 0.193929
42  0.805984 -0.359848 -1.318339  0.991670 0.166767 -0.799527
43  1.789780 -0.000008 -0.000042  0.000058 -0.002451 0.133098
44  1.206996 -0.000007 0.000005  0.000372 -0.000071 1.058781
45  5.740574 0.000079 0.000720  0.117871 -0.000014 0.000028
46  11.481061 0.000083 0.000913  0.042691 0.104494 0.061457
47  6.027515 -0.000273 -0.000230  -0.909901 -0.549293 -1.700011
48  -0.000001 11.691975 -0.000005  -1.147521 0.590798 0.880081
49  0.000003 0.000000 -0.000000  2.567769 -0.000036 1.570860
50  -0.000007 -0.000013 0.000005  2.272645 -0.000036 1.570861
51  -3.701970 -4.979373 -8.116014  0.089439 -2.807674 1.440119
52  0.000000 0.000000 0.000000  0.008153 -0.000259 0.000009
53  0.000000 -0.000000 -0.000000  1.565115 0.043565 -0.106862
54  4.259085 -5.899962 -14.797880  -0.446828 -0.551100 -1.715671
55  -0.000001 -0.000000 -0.000000  0.000000 -0.000001 -0.000002
56  0.000029 0.000028 0.000001  -1.571902 -0.044449 -0.106509
57  22.715954 -3.024503 -22.585997  1.570796 -0.000000 0.000000
58  -15.417985 4.000748 -22.641926  1.570796 -0.000000 0.000000
59  1.942070 6.846392 -8.860325  1.570796 -0.000000 0.000000
60  -0.004311 0.001229 -0.000371  0.006898 -0.005534 -0.284229
61  0.826810 10.209643 -4.879054  1.570796 -0.000000 0.000000
62  0.000000 0.000000 0.000000  -0.078727 -3.136056 0.284226
63  0.000000 0.000000 0.000000  1.557138 0.007068 0.005644
64  -3.347971 -8.177343 -1.713099  1.362047 -0.137118 0.028740
65  0.002681 -3.204031 0.621196  -0.000000 0.000000 -0.000000
66  0.048105 -1.112259 2.845372  -0.000000 0.000000 -0.000000
67  -1.184782 0.539746 -0.284905  -0.000000 0.000000 -0.000000
68  0.047884 -1.610072 21.020466  -0.000000 0.000000 -0.000000
69  0.047881 -3.319713 2.472856  -0.000000 0.000000 -0.000000
70  0.172180 -2.040368 3.568008  -0.000000 0.000000 -0.000000
71  0.654947 -2.537530 2.477230  0.000000 0.000000 -0.261799
72  4.273166 -8.472678 -9.364051  1.712361 0.559585 -0.421827
73  0.017810 1.799355 -0.402362  0.000000 -0.000000 -0.000000
74  -2.774418 -13.616409 -4.717185  1.362047 -0.137118 0.028740
75  0.031322 2.100358 -1.138380  -0.000000 0.000000 -0.000000
76  -0.024051 1.849583 -1.138377  -0.000000 0.000000 -0.000000
time 9
0  0.000006 0.000000 0.000000  -1.570800 -1.391899 -1.570792
1  -9.923031 -5.089068 1.938037  -1.544956 -1.855077 -0.198630
2  6.027517 -0.000323 0.000193  -1.138293 -0.753344 -0.572623
3  11.692107 0.000645 -0.000740  -0.616776 -0.000045 -1.807428
4  11.479847 -0.000166 -0.001014  1.312458 -0.815399 -0.286270
5  4.012603 -0.225266 -1.166703  -0.349670 -0.048651 -1.139717
6  1.312589 0.000011 0.000006  -0.003881 -0.005318 -0.384590
7  0.729354 0.000053 0.000051  0.000146 0.001212 -1.445771
8  4.030029 0.093069 -0.375370  -0.233355 -0.041409 -0.829839
9  1.539110 0.000083 0.000006  0.021633 -0.107669 -0.861826
10  1.196333 0.000149 0.000027  0.010348 0.006517 -1.537146
11  3.883509 -0.047210 0.431350  -0.177148 -0.021865 -0.477620
12  1.719573 -0.000030 0.000021  0.001881 -0.131125 -1.171348
13  1.209179 0.000089 0.000010  0.009884 0.006829 -1.248374
14  4.536304 0.018270 1.413226  -0.190474 -0.209255 -0.405613
15  1.719446 -0.000020 0.000026  -0.003320 -0.018314 -1.271754
16  1.099676 0.000051 0.000010  -0.000171 0.001960 -1.296030
17  1.283370 -0.205630 1.699553  -1.272226 -0.829402 -0.991247
18  1.789818 -0.000006 -0.000019  -0.069497 -0.041070 0.412322
19  1.207015 -0.000012 -0.000041  -0.122294 -0.107472 1.297543
20  5.740636 0.000388 -0.000698  -0.099906 0.000003 0.000063
21  11.480976 0.000144 -0.000854  -0.054935 -0.137520 -0.084179
22  6.027524 -0.000328 0.000201  1.994297 -0.722264 1.970466
23  0.000001 11.692102 -0.000007  -1.210109 -0.654347 -0.912337
24  0.000005 0.000008 -0.000001  0.252333 -0.000031 1.570739
25  0.000002 -0.000011 0.000001  0.868959 0.000002 1.570712
26  -6.617934 -9.178503 0.826812  1.473120 1.855075 -0.198639
27  6.027513 -0.000259 -0.000222  1.474076 0.759876 -0.728286
28  11.691991 0.000162 0.000858  0.317776 0.000060 -1.675903
29  11.479020 -0.000769 0.001116  -1.167329 0.594786 0.445654
30  3.859438 -0.132759 1.193065  0.469647 -0.013262 -1.872395
31  1.312559 0.000025 -0.000001  0.024060 -0.138696 -0.550187
32  0.729345 0.000065 -0.000027  -0.166197 -0.081570 -0.714272
33  3.942047 0.050138 0.430999  0.225309 -0.086237 -1.592712
34  1.539097 0.000006 -0.000001  0.035254 -0.050373 -0.994350
35  1.196302 0.000077 -0.000004  -0.021521 0.002175 -0.839738
36  3.883413 -0.050472 -0.431084  0.184824 -0.271737 -1.204030
37  1.719564 -0.000084 -0.000003  0.022859 -0.107186 -1.509108
38  1.209197 0.000036 0.000010  0.000661 0.071072 -0.480462
39  3.859589 -0.149082 -1.331321  -0.169310 -0.013949 -0.130367
40  1.719412 -0.000098 -0.000036  -0.026893 -0.017707 -0.372026
41  1.099674 0.000024 0.000007  -0.006707 -0.002285 0.193929
42  0.805983 -0.359848 -1.318338  0.991670 0.166767 -0.799527
43  1.789780 -0.000008 -0.000042  0.000058 -0.002451 0.133097
44  1.206997 -0.000008 0.000005  0.000372 -0.000071 1.058780
45  5.740572 0.000078 0.000720  0.128584 -0.000014 0.000028
46  11.480747 -0.000080 0.000968  0.052846 0.110586 0.051754
47  6.027515 -0.000273 -0.000230  -0.937440 -0.546087 -1.683570
48  -0.000001 11.691975 -0.000006  -1.132856 0.576111 0.871997
49  0.000004 -0.000001 -0.000001  2.590305 -0.000036 1.570860
50  -0.000007 -0.000013 0.000004  2.272645 -0.000036 1.570861
51  -3.481959 -5.177841 -8.104812  0.176751 -2.800609 1.436038
52  0.000000 -0.000000 0.000001  0.008153 -0.000259 0.000009
53  0.000000 -0.000000 0.000000  1.565115 0.043565 -0.106862
54  3.850382 -6.764545 -13.405168  -0.447944 -0.706837 -1.718943
55  0.000000 -0.000000 0.000000  0.000000 -0.000001 -0.000002
56  0.000031 0.000029 0.000002  -1.571901 -0.044449 -0.106509
57  21.042229 -3.265998 -22.501133  1.570796 -0.000000 0.000000
58  -15.417985 4.000748 -22.641926  1.570796 -0.000000 0.000000
59  1.942346 6.773225 -8.860325  1.570796 -0.000000 0.000000
60  -0.004311 0.001229 -0.000371  0.006898 -0.005534 -0.284229
61  0.826810 10.209643 -4.879054  1.570796 -0.000000 0.000000
62  0.000000 0.000000 0.000000  -0.078727 -3.136056 0.284226
63  0.000000 0.000000 0.000000  1.556676 0.008913 0.005304
64  -3.569905 -8.257221 -1.634933  1.340354 -0.217002 0.057407
65  0.002680 -3.204032 0.621197  -0.000000 0.000000 -0.000000
66  0.048105 -1.112260 2.845371  -0.000000 0.000000 -0.000000
67  -1.184783 0.539746 -0.284904  -0.000000 0.000000 -0.000000
68  0.047884 -1.610073 21.020470  -0.000000 0.000000 -0.000000
69  0.047881 -3.319715 2.472856  -0.000000 0.000000 -0.000000
70  0.172180 -2.040369 3.568008  -0.000000 0.000000 -0.000000
71  0.654946 -2.537531 2.477232  -0.000000 0.000000 -0.261799
72  3.988597 -8.474071 -7.642878  1.540185 0.511127 -0.513779
73  0.017809 1.799357 -0.402360  0.000000 -0.000000 0.000000
74  -2.624563 -13.729801 -4.479949  1.340354 -0.217002 0.057407
75  0.031323 2.100358 -1.138380  -0.000000 0.000000 -0.000000
76  -0.024051 1.849583 -1.138378  -0.000000 0.000000 -0.000000
time 10
0  0.000006 0.000000 0.000000  -1.570800 -1.391899 -1.570792
1  -9.901052 -4.967528 1.938500  -1.544956 -1.855077 -0.198630
2  6.027518 -0.000323 0.000192  -1.168543 -0.794992 -0.664794
3  11.692106 0.000647 -0.000741  -0.544330 -0.000041 -1.751689
4  11.480358 0.000050 -0.000825  1.372187 -0.717770 -0.347569
5  4.012602 -0.225266 -1.166703  -0.349669 -0.048651 -1.139717
6  1.312589 0.000012 0.000007  -0.003881 -0.005319 -0.384590
7  0.729353 0.000055 0.000050  0.000146 0.001212 -1.445771
8  4.030029 0.093070 -0.375370  -0.233355 -0.041409 -0.829839
9  1.539111 0.000083 0.000005  0.021633 -0.107669 -0.861826
10  1.196331 0.000149 0.000027  0.010348 0.006517 -1.537146
11  3.883507 -0.047210 0.431351  -0.177148 -0.021865 -0.477620
12  1.719574 -0.000028 0.000018  0.001881 -0.131125 -1.171348
13  1.209178 0.000089 0.000010  0.009884 0.006829 -1.248374
14  4.536303 0.018270 1.413226  -0.190474 -0.209254 -0.405613
15  1.719446 -0.000021 0.000026  -0.003320 -0.018314 -1.271754
16  1.099676 0.000051 0.000008  -0.000171 0.001960 -1.296030
17  1.283370 -0.205630 1.699554  -1.272226 -0.829402 -0.991247
18  1.789820 -0.000007 -0.000018  -0.069497 -0.041070 0.412322
19  1.207015 -0.000012 -0.000042  -0.122294 -0.107472 1.297543
20  5.740636 0.000388 -0.000698  -0.088644 0.000003 0.000064
21  11.481079 0.000187 -0.000816  -0.046388 -0.117903 -0.090537
22  6.027524 -0.000328 0.000200  1.986501 -0.675718 1.862160
23  -0.000002 11.692101 -0.000006  -1.177352 -0.620894 -0.895850
24  0.000003 0.000007 0.000000  0.324778 -0.000030 1.570739
25  -0.000001 -0.000010 0.000000  0.868960 0.000002 1.570712
26  -6.617934 -9.178503 0.826812  1.473120 1.855075 -0.198639
27  6.027514 -0.000259 -0.000222  1.458698 0.780626 -0.737034
28  11.691992 0.000162 0.000857  0.336429 0.000059 -1.660903
29  11.479119 -0.000703 0.001116  -1.112405 0.617484 0.441537
30  3.859437 -0.132759 1.193064  0.469647 -0.013262 -1.872395
31  1.312559 0.000024 -0.000001  0.024060 -0.138696 -0.550187
32  0.729346 0.000064 -0.000027  -0.166197 -0.081570 -0.714272
33  3.942046 0.050138 0.430999  0.225309 -0.086237 -1.592712
34  1.539097 0.000006 0.000001  0.035254 -0.050373 -0.994350
35  1.196302 0.000077 -0.000004  -0.021521 0.002175 -0.839738
36  3.883413 -0.050473 -0.431085  0.184824 -0.271737 -1.204030
37  1.719564 -0.000085 -0.000004  0.022858 -0.107186 -1.509108
38  1.209196 0.000036 0.000011  0.000661 0.071072 -0.480462
39  3.859588 -0.149083 -1.331322  -0.169310 -0.013949 -0.130367
40  1.719414 -0.000098 -0.000036  -0.026893 -0.017707 -0.372026
41  1.099674 0.000024 0.000007  -0.006707 -0.002285 0.193929
42  0.805983 -0.359848 -1.318340  0.991670 0.166767 -0.799527
43  1.789780 -0.000008 -0.000042  0.000058 -0.002451 0.133098
44  1.206997 -0.000007 0.000006  0.000372 -0.000071 1.058780
45  5.740574 0.000078 0.000721  0.140160 -0.000014 0.000028
46  11.480770 -0.000067 0.000968  0.061758 0.116720 0.046421
47  6.027515 -0.000273 -0.000230  -0.964649 -0.542830 -1.667516
48  -0.000001 11.691974 -0.000006  -1.124067 0.567359 0.867068
49  0.000002 -0.000001 -0.000000  2.608958 -0.000036 1.570860
50  -0.000007 -0.000013 0.000004  2.272645 -0.000036 1.570861
51  -3.221646 -5.288350 -8.027292  0.251029 -2.803545 1.431924
52  -0.000001 -0.000000 -0.000000  0.008153 -0.000259 0.000009
53  -0.000001 -0.000001 -0.000001  1.565115 0.043565 -0.106862
54  3.633558 -7.491999 -12.647278  -0.414905 -0.851099 -1.730139
55  -0.000000 -0.000000 -0.000000  -0.000000 -0.000001 -0.000002
56  0.000031 0.000028 0.000001  -1.571902 -0.044449 -0.106509
57  18.284012 -3.668795 -22.364872  1.570796 -0.000000 0.000000
58  -15.417985 4.000748 -22.641926  1.570796 -0.000000 0.000000
59  1.942809 6.649714 -8.860325  1.570796 -0.000000 0.000000
60  -0.004311 0.001229 -0.000371  0.006898 -0.005534 -0.284229
61  0.826810 10.209643 -4.879054  1.570796 -0.000000 0.000000
62  0.000000 0.000000 0.000000  -0.078727 -3.136056 0.284226
63  0.000000 0.000000 0.000000  1.556451 0.010269 0.005056
64  -3.698150 -8.330534 -1.556766  1.328529 -0.286159 0.080986
65  0.002681 -3.204031 0.621196  0.000000 -0.000000 0.000000
66  0.048105 -1.112260 2.845372  0.000000 -0.000000 0.000000
67  -1.184782 0.539745 -0.284904  0.000000 -0.000000 0.000000
68  0.047884 -1.610073 21.020464  0.000000 -0.000000 0.000000
69  0.047881 -3.319713 2.472854  0.000000 -0.000000 0.000000
70  0.172180 -2.040368 3.568007  0.000000 -0.000000 0.000000
71  0.654947 -2.537531 2.477230  0.000000 0.000000 -0.261799
72  3.780398 -8.342408 -6.697421  1.400031 0.434884 -0.565681
73  0.017809 1.799355 -0.402361  0.000000 0.000000 -0.000000
74  -2.445254 -13.798973 -4.288675  1.328529 -0.286159 0.080986
75  0.031323 2.100358 -1.138382  0.000000 -0.000000 0.000000
76  -0.024051 1.849582 -1.138378  0.000000 -0.000000 0.000000
time 11
0  0.000006 0.000000 0.000000  -1.570800 -1.391899 -1.570792
1  -9.870049 -4.796074 1.939149  -1.544956 -1.855077 -0.198630
2  6.027519 -0.000322 0.000191  -1.162459 -0.840089 -0.841116
3  11.692107 0.000646 -0.000737  -0.464174 -0.000039 -1.720970
4  11.480642 0.000161 -0.000736  1.333471 -0.652427 -0.266649
5  4.012602 -0.225266 -1.166703  -0.349670 -0.048651 -1.139717
6  1.312589 0.000011 0.000006  -0.003881 -0.005318 -0.384590
7  0.729354 0.000054 0.000051  0.000146 0.001212 -1.445771
8  4.030028 0.093069 -0.375370  -0.233355 -0.041409 -0.829839
9  1.539109 0.000082 0.000004  0.021633 -0.107669 -0.861826
10  1.196330 0.000148 0.000025  0.010348 0.006516 -1.537146
11  3.883508 -0.047211 0.431351  -0.177148 -0.021865 -0.477620
12  1.719573 -0.000029 0.000018  0.001881 -0.131125 -1.171348
13  1.209177 0.000089 0.000010  0.009884 0.006829 -1.248374
14  4.536303 0.018270 1.413226  -0.190474 -0.209254 -0.405613
15  1.719446 -0.000021 0.000026  -0.003320 -0.018314 -1.271754
16  1.099676 0.000052 0.000009  -0.000171 0.001960 -1.296030
17  1.283370 -0.205631 1.699554  -1.272226 -0.829402 -0.991247
18  1.789818 -0.000007 -0.000018  -0.069497 -0.041070 0.412322
19  1.207013 -0.000013 -0.000042  -0.122294 -0.107472 1.297543
20  5.740637 0.000389 -0.000698  -0.100126 0.000003 0.000063
21  11.481136 0.000209 -0.000799  -0.048996 -0.105470 -0.076979
22  6.027524 -0.000328 0.000200  1.949915 -0.640879 1.712663
23  -0.000002 11.692100 -0.000005  -1.159340 -0.602647 -0.886363
24  0.000003 0.000010 0.000000  0.404933 -0.000031 1.570739
25  -0.000000 -0.000012 0.000000  0.868960 0.000002 1.570712
26  -6.617934 -9.178503 0.826812  1.473120 1.855075 -0.198639
27  6.027514 -0.000259 -0.000222  1.443518 0.797109 -0.746546
28  11.691992 0.000161 0.000856  0.353437 0.000059 -1.658352
29  11.479133 -0.000673 0.001125  -1.066306 0.639968 0.460417
30  3.859438 -0.132758 1.193065  0.469647 -0.013262 -1.872395
31  1.312559 0.000026 -0.000002  0.024060 -0.138696 -0.550187
32  0.729346 0.000065 -0.000028  -0.166197 -0.081570 -0.714272
33  3.942046 0.050139 0.431000  0.225309 -0.086237 -1.592712
34  1.539097 0.000006 -0.000001  0.035254 -0.050373 -0.994350
35  1.196302 0.000078 -0.000004  -0.021521 0.002175 -0.839738
36  3.883414 -0.050472 -0.431085  0.184824 -0.271737 -1.204030
37  1.719564 -0.000084 -0.000004  0.022858 -0.107186 -1.509108
38  1.209200 0.000034 0.000011  0.000661 0.071072 -0.480462
39  3.859589 -0.149082 -1.331321  -0.169310 -0.013949 -0.130367
40  1.719412 -0.000098 -0.000035  -0.026893 -0.017707 -0.372026
41  1.099673 0.000023 0.000007  -0.006707 -0.002285 0.193929
42  0.805984 -0.359848 -1.318338  0.991670 0.166767 -0.799527
43  1.789780 -0.000007 -0.000042  0.000058 -0.002451 0.133098
44  1.206997 -0.000006 0.000005  0.000372 -0.000071 1.058780
45  5.740573 0.000081 0.000720  0.150928 -0.000014 0.000028
46  11.480770 -0.000059 0.000970  0.067873 0.123101 0.045838
47  6.027515 -0.000273 -0.000230  -0.987521 -0.541339 -1.654456
48  -0.000002 11.691974 -0.000005  -1.122573 0.565874 0.866223
49  0.000004 -0.000000 0.000000  2.625966 -0.000036 1.570860
50  -0.000008 -0.000013 0.000005  2.272645 -0.000036 1.570861
51  -2.955908 -5.288715 -7.912135  0.305967 -2.817979 1.427281
52  0.000000 -0.000000 0.000001  0.008153 -0.000259 0.000009
53  0.000000 0.000000 -0.000000  1.565115 0.043565 -0.106862
54  3.078066 -7.899649 -11.571493  -0.484606 -0.895669 -1.683490
55  -0.000000 -0.000001 -0.000001  0.000000 -0.000001 -0.000002
56  0.000031 0.000028 0.000001  -1.571902 -0.044449 -0.106509
57  14.644119 -4.209054 -22.191528  1.570796 -0.000000 0.000000
58  -15.395548 4.000748 -22.635719  1.570796 -0.000000 0.000000
59  1.943459 6.475480 -8.860325  1.570796 -0.000000 0.000000
60  -0.004311 0.001229 -0.000371  0.006898 -0.005534 -0.284229
61  0.826810 10.209643 -4.879054  1.570796 -0.000000 0.000000
62  0.000000 0.000000 0.000000  -0.078727 -3.136056 0.284226
63  0.000000 0.000000 0.000000  1.556392 0.010796 0.004960
64  -3.736492 -8.384151 -1.496638  1.330936 -0.340035 0.093451
65  0.002681 -3.204031 0.621196  -0.000000 0.000000 -0.000000
66  0.048105 -1.112260 2.845371  -0.000000 0.000000 -0.000000
67  -1.184783 0.539746 -0.284904  -0.000000 0.000000 -0.000000
68  0.047883 -1.610073 21.020464  -0.000000 0.000000 -0.000000
69  0.047881 -3.319714 2.472854  -0.000000 0.000000 -0.000000
70  0.172180 -2.040368 3.568006  -0.000000 0.000000 -0.000000
71  0.654947 -2.537530 2.477229  0.000000 -0.000000 -0.261799
72  3.520138 -8.525244 -5.608378  1.334069 0.455985 -0.600909
73  0.017809 1.799356 -0.402362  -0.000000 -0.000000 0.000000
74  -2.266431 -13.815671 -4.193750  1.330936 -0.340035 0.093451
75  0.031322 2.100358 -1.138379  -0.000000 0.000000 -0.000000
76  -0.024052 1.849583 -1.138377  -0.000000 0.000000 -0.000000
time 12
0  0.000006 0.000000 0.000000  -1.570800 -1.391899 -1.570792
1  -9.830146 -4.575409 1.939980  -1.544956 -1.855077 -0.198630
2  6.027522 -0.000321 0.000192  -1.046348 -0.919440 -1.171373
3  11.692103 0.000645 -0.000737  -0.377414 -0.000037 -1.694678
4  11.479029 -0.000755 -0.001088  1.161951 -0.665020 0.033564
5  4.012603 -0.225266 -1.166704  -0.349670 -0.048651 -1.139717
6  1.312589 0.000010 0.000006  -0.003881 -0.005318 -0.384590
7  0.729355 0.000054 0.000050  0.000146 0.001212 -1.445771
8  4.030029 0.093069 -0.375370  -0.233355 -0.041409 -0.829839
9  1.539111 0.000084 0.000005  0.021633 -0.107669 -0.861826
10  1.196331 0.000148 0.000027  0.010348 0.006516 -1.537146
11  3.883509 -0.047210 0.431350  -0.177148 -0.021865 -0.477620
12  1.719573 -0.000028 0.000019  0.001881 -0.131125 -1.171348
13  1.209178 0.000089 0.000010  0.009884 0.006829 -1.248374
14  4.536304 0.018270 1.413224  -0.190474 -0.209254 -0.405613
15  1.719445 -0.000021 0.000027  -0.003320 -0.018314 -1.271754
16  1.099677 0.000051 0.000009  -0.000171 0.001960 -1.296030
17  1.283370 -0.205630 1.699552  -1.272226 -0.829402 -0.991247
18  1.789819 -0.000006 -0.000018  -0.069497 -0.041070 0.412322
19  1.207015 -0.000013 -0.000043  -0.122294 -0.107472 1.297543
20  5.740636 0.000389 -0.000699  -0.169794 0.000003 0.000063
21  11.480813 0.000027 -0.000869  -0.066952 -0.113983 -0.030757
22  6.027525 -0.000327 0.000201  1.822812 -0.607368 1.546346
23  0.000001 11.692101 -0.000007  -1.143934 -0.587144 -0.878022
24  0.000003 0.000008 0.000001  0.491691 -0.000031 1.570739
25  -0.000001 -0.000011 0.000000  0.868960 0.000002 1.570712
26  -6.617934 -9.178503 0.826812  1.473120 1.855075 -0.198639
27  6.027514 -0.000259 -0.000222  1.433499 0.804805 -0.754496
28  11.691990 0.000162 0.000858  0.371200 0.000060 -1.664696
29  11.479093 -0.000675 0.001145  -1.047046 0.662558 0.485059
30  3.859437 -0.132758 1.193065  0.469647 -0.013262 -1.872395
31  1.312559 0.000026 -0.000002  0.024060 -0.138696 -0.550187
32  0.729345 0.000064 -0.000026  -0.166197 -0.081570 -0.714272
33  3.942047 0.050139 0.431000  0.225309 -0.086237 -1.592712
34  1.539097 0.000007 -0.000002  0.035254 -0.050373 -0.994350
35  1.196300 0.000078 -0.000003  -0.021521 0.002175 -0.839738
36  3.883414 -0.050472 -0.431085  0.184824 -0.271737 -1.204030
37  1.719564 -0.000084 -0.000005  0.022858 -0.107186 -1.509108
38  1.209197 0.000036 0.000011  0.000661 0.071072 -0.480462
39  3.859588 -0.149082 -1.331321  -0.169310 -0.013949 -0.130367
40  1.719412 -0.000098 -0.000037  -0.026893 -0.017707 -0.372026
41  1.099673 0.000023 0.000007  -0.006707 -0.002285 0.193929
42  0.805983 -0.359847 -1.318338  0.991670 0.166767 -0.799527
43  1.789780 -0.000008 -0.000042  0.000058 -0.002451 0.133098
44  1.206996 -0.000007 0.000005  0.000372 -0.000071 1.058781
45  5.740573 0.000078 0.000721  0.156771 -0.000014 0.000028
46  11.480762 -0.000061 0.000975  0.068674 0.128756 0.047970
47  6.027515 -0.000273 -0.000230  -0.999615 -0.542031 -1.648975
48  -0.000002 11.691975 -0.000007  -1.126290 0.569569 0.868320
49  0.000002 -0.000001 0.000000  2.643730 -0.000036 1.570860
50  -0.000008 -0.000013 0.000005  2.272645 -0.000036 1.570861
51  -2.780930 -5.217883 -7.818351  0.333179 -2.836341 1.418905
52  -0.000000 0.000000 -0.000000  0.008153 -0.000259 0.000009
53  -0.000000 0.000000 -0.000000  1.565115 0.043565 -0.106862
54  1.771132 -7.890310 -9.675207  -0.696824 -0.763880 -1.575461
55  0.000000 -0.000001 -0.000000  0.000000 -0.000001 -0.000002
56  0.000031 0.000028 0.000001  -1.571902 -0.044449 -0.106509
57  10.501666 -4.837702 -22.004509  1.570796 -0.000000 0.000000
58  -15.327198 4.000748 -22.616844  1.570796 -0.000000 0.000000
59  1.944290 6.251236 -8.860325  1.570796 -0.000000 0.000000
60  -0.004311 0.001229 -0.000371  0.006898 -0.005534 -0.284229
61  0.826810 10.209643 -4.879054  1.570796 -0.000000 0.000000
62  0.000000 0.000000 0.000000  -0.078727 -3.136056 0.284226
63  0.000000 0.000000 0.000000  1.556979 0.010749 0.005110
64  -3.741969 -8.404942 -1.472587  1.343426 -0.369525 0.089152
65  0.002680 -3.204032 0.621196  0.000000 -0.000000 0.000000
66  0.048105 -1.112260 2.845371  0.000000 -0.000000 0.000000
67  -1.184783 0.539745 -0.284906  0.000000 -0.000000 0.000000
68  0.047883 -1.610073 21.020466  0.000000 -0.000000 0.000000
69  0.047881 -3.319714 2.472854  -0.105335 -0.000000 0.000000
70  0.172180 -2.040369 3.568006  0.000000 -0.000000 0.000000
71  0.654946 -2.537531 2.477230  0.000000 0.000000 -0.261799
72  2.953385 -9.371552 -3.969617  1.376113 0.646873 -0.627928
73  0.017809 1.799356 -0.402361  0.000000 0.000000 -0.000000
74  -2.194861 -13.797437 -4.204687  1.343426 -0.369525 0.089152
75  0.031323 2.100358 -1.138381  0.000000 -0.000000 0.000000
76  -0.024051 1.849583 -1.138377  0.000000 -0.000000 0.000000
time 13
0  0.000006 0.000000 0.000000  -1.570800 -1.391899 -1.570792
1  -9.781715 -4.307589 1.940987  -1.544956 -1.855077 -0.198630
2  6.027524 -0.000321 0.000191  -0.870930 -0.899161 -1.528923
3  11.692103 0.000644 -0.000738  -0.285339 -0.000035 -1.661080
4  11.479250 -0.000745 -0.000987  1.015114 -0.678753 0.245486
5  4.012604 -0.225267 -1.166703  -0.349670 -0.048651 -1.139717
6  1.312589 0.000012 0.000006  -0.003881 -0.005319 -0.384590
7  0.729354 0.000054 0.000049  0.000146 0.001212 -1.445771
8  4.030030 0.093070 -0.375371  -0.233355 -0.041409 -0.829839
9  1.539110 0.000081 0.000006  0.021633 -0.107669 -0.861826
10  1.196332 0.000148 0.000026  0.010348 0.006516 -1.537146
11  3.883510 -0.047210 0.431350  -0.177148 -0.021865 -0.477620
12  1.719573 -0.000028 0.000018  0.001881 -0.131125 -1.171348
13  1.209179 0.000089 0.000010  0.009884 0.006829 -1.248374
14  4.536304 0.018269 1.413225  -0.190474 -0.209255 -0.405613
15  1.719446 -0.000021 0.000026  -0.003320 -0.018314 -1.271754
16  1.099675 0.000052 0.000009  -0.000171 0.001960 -1.296030
17  1.283371 -0.205631 1.699553  -1.272226 -0.829402 -0.991247
18  1.789818 -0.000006 -0.000018  -0.069497 -0.041070 0.412322
19  1.207014 -0.000012 -0.000042  -0.122294 -0.107472 1.297543
20  5.740636 0.000389 -0.000700  -0.243278 0.000003 0.000063
21  11.480857 0.000029 -0.000850  -0.082970 -0.125052 -0.000937
22  6.027524 -0.000328 0.000200  1.703793 -0.660432 1.397927
23  0.000001 11.692098 -0.000008  -1.124250 -0.567490 -0.867074
24  0.000003 0.000007 -0.000000  0.583766 -0.000031 1.570739
25  -0.000000 -0.000012 -0.000000  0.868960 0.000002 1.570712
26  -6.617934 -9.178503 0.826812  1.473120 1.855075 -0.198639
27  6.027514 -0.000259 -0.000222  1.446411 0.781837 -0.749702
28  11.691989 0.000160 0.000857  0.389626 0.000061 -1.685288
29  11.478915 -0.000742 0.001194  -1.147378 0.658210 0.466477
30  3.859437 -0.132758 1.193066  0.469647 -0.013262 -1.872395
31  1.312559 0.000026 -0.000001  0.024060 -0.138696 -0.550187
32  0.729346 0.000064 -0.000028  -0.166197 -0.081570 -0.714272
33  3.942045 0.050139 0.431000  0.225309 -0.086237 -1.592712
34  1.539097 0.000005 -0.000001  0.035254 -0.050373 -0.994350
35  1.196300 0.000078 -0.000004  -0.021521 0.002175 -0.839738
36  3.883413 -0.050472 -0.431084  0.184824 -0.271737 -1.204030
37  1.719563 -0.000085 -0.000005  0.022859 -0.107186 -1.509108
38  1.209198 0.000034 0.000011  0.000661 0.071072 -0.480462
39  3.859588 -0.149082 -1.331320  -0.169309 -0.013949 -0.130367
40  1.719413 -0.000098 -0.000035  -0.026893 -0.017707 -0.372026
41  1.099675 0.000023 0.000007  -0.006707 -0.002285 0.193929
42  0.805983 -0.359847 -1.318338  0.991670 0.166767 -0.799527
43  1.789780 -0.000008 -0.000043  0.000058 -0.002451 0.133098
44  1.206996 -0.000007 0.000006  0.000372 -0.000071 1.058780
45  5.740573 0.000079 0.000722  0.137593 -0.000014 0.000028
46  11.480727 -0.000075 0.000984  0.051826 0.123851 0.051584
47  6.027515 -0.000273 -0.000230  -0.971930 -0.549065 -1.667750
48  -0.000002 11.691975 -0.000006  -1.138353 0.581605 0.875048
49  0.000003 0.000001 0.000000  2.662155 -0.000036 1.570860
50  -0.000007 -0.000014 0.000005  2.272645 -0.000036 1.570861
51  -3.012829 -5.062169 -7.904658  0.259119 -2.833524 1.423206
52  -0.000000 0.000000 -0.000000  0.008153 -0.000259 0.000009
53  -0.000000 0.000000 0.000001  1.565115 0.043565 -0.106862
54  0.529036 -7.794795 -8.644705  -0.899110 -0.602295 -1.513066
55  0.000000 0.000001 -0.000001  0.000000 -0.000001 -0.000002
56  0.000031 0.000030 0.000001  -1.571901 -0.044449 -0.106509
57  6.335492 -5.489779 -21.831165  1.570796 -0.000000 0.000000
58  -15.211812 4.000748 -22.585058  1.570796 -0.000000 0.000000
59  1.945297 5.979072 -8.860325  1.570796 -0.000000 0.000000
60  -0.004311 0.001229 -0.000371  0.006898 -0.005534 -0.284229
61  0.826810 10.209643 -4.879054  1.570796 -0.000000 0.000000
62  0.000000 0.000000 0.000000  -0.078727 -3.136056 0.284226
63  0.000000 0.000000 0.000000  1.558449 0.010424 0.005488
64  -3.584854 -8.284684 -1.529876  1.357384 -0.300105 0.066498
65  0.002681 -3.204032 0.621196  0.000000 -0.000000 -0.000000
66  0.048105 -1.112260 2.845371  0.000000 -0.000000 -0.000000
67  -1.184782 0.539746 -0.284904  0.000000 -0.000000 -0.000000
68  0.047884 -1.610073 21.020464  0.000000 -0.000000 -0.000000
69  0.047881 -3.319715 2.472854  -0.412758 -0.000000 -0.000000
70  0.172180 -2.040369 3.568007  0.000000 -0.000000 -0.000000
71  0.654947 -2.537531 2.477230  0.000000 0.000000 -0.261799
72  2.460561 -10.232990 -3.499807  1.414214 0.869988 -0.667523
73  0.017808 1.799356 -0.402361  0.000000 -0.000000 0.000000
74  -2.332094 -13.680747 -4.402160  1.357384 -0.300105 0.066498
75  0.031323 2.100358 -1.138380  0.000000 -0.000000 -0.000000
76  -0.024051 1.849582 -1.138377  0.000000 -0.000000 -0.000000
time 14
0  0.000006 0.000000 0.000000  -1.570800 -1.391899 -1.570792
1  -9.725414 -3.996240 1.942158  -1.544956 -1.855077 -0.198630
2  6.027525 -0.000318 0.000192  -0.860101 -0.766087 -1.714121
3  11.692109 0.000644 -0.000739  -0.189315 -0.000037 -1.691232
4  11.479050 -0.000937 -0.000927  1.029871 -0.573483 0.247460
5  4.012603 -0.225266 -1.166704  -0.349670 -0.048651 -1.139717
6  1.312589 0.000011 0.000006  -0.003881 -0.005318 -0.384590
7  0.729353 0.000053 0.000050  0.000146 0.001212 -1.445771
8  4.030029 0.093070 -0.375372  -0.233355 -0.041409 -0.829839
9  1.539110 0.000082 0.000005  0.021633 -0.107669 -0.861826
10  1.196332 0.000148 0.000026  0.010348 0.006517 -1.537146
11  3.883509 -0.047209 0.431349  -0.177148 -0.021865 -0.477620
12  1.719573 -0.000030 0.000018  0.001881 -0.131125 -1.171348
13  1.209179 0.000088 0.000010  0.009884 0.006829 -1.248374
14  4.536304 0.018271 1.413224  -0.190474 -0.209255 -0.405613
15  1.719447 -0.000019 0.000026  -0.003320 -0.018314 -1.271754
16  1.099676 0.000051 0.000008  -0.000171 0.001960 -1.296030
17  1.283371 -0.205630 1.699552  -1.272226 -0.829402 -0.991247
18  1.789818 -0.000007 -0.000018  -0.069497 -0.041070 0.412322
19  1.207015 -0.000013 -0.000042  -0.122294 -0.107472 1.297543
20  5.740638 0.000389 -0.000699  -0.230803 0.000003 0.000064
21  11.480821 -0.000009 -0.000838  -0.085052 -0.104630 0.005795
22  6.027524 -0.000327 0.000200  1.733182 -0.791888 1.201199
23  0.000001 11.692101 -0.000006  -1.141915 -0.585120 -0.876914
24  0.000002 0.000006 -0.000000  0.679791 -0.000031 1.570739
25  -0.000000 -0.000012 0.000001  0.868960 0.000002 1.570712
26  -6.617934 -9.178503 0.826812  1.473120 1.855075 -0.198639
27  6.027514 -0.000259 -0.000222  1.449707 0.759297 -0.751261
28  11.691990 0.000162 0.000857  0.408584 0.000062 -1.696590
29  11.480620 0.000168 0.000822  -1.280573 0.656814 0.400639
30  3.859437 -0.132758 1.193066  0.469647 -0.013262 -1.872395
31  1.312559 0.000025 -0.000001  0.024060 -0.138696 -0.550187
32  0.729345 0.000065 -0.000027  -0.166197 -0.081570 -0.714272
33  3.942047 0.050139 0.431000  0.225309 -0.086237 -1.592712
34  1.539097 0.000005 -0.000001  0.035254 -0.050373 -0.994350
35  1.196301 0.000078 -0.000004  -0.021521 0.002175 -0.839738
36  3.883414 -0.050472 -0.431084  0.184824 -0.271737 -1.204030
37  1.719563 -0.000085 -0.000004  0.022859 -0.107186 -1.509108
38  1.209197 0.000035 0.000011  0.000661 0.071072 -0.480462
39  3.859588 -0.149082 -1.331320  -0.169310 -0.013949 -0.130367
40  1.719412 -0.000098 -0.000036  -0.026893 -0.017707 -0.372026
41  1.099673 0.000024 0.000007  -0.006707 -0.002285 0.193929
42  0.805983 -0.359848 -1.318337  0.991670 0.166767 -0.799527
43  1.789780 -0.000009 -0.000042  0.000058 -0.002451 0.133098
44  1.206996 -0.000008 0.000006  0.000372 -0.000071 1.058780
45  5.740573 0.000079 0.000720  0.111363 -0.000014 0.000028
46  11.481068 0.000107 0.000909  0.030966 0.117848 0.048091
47  6.027515 -0.000273 -0.000230  -0.949074 -0.560737 -1.683649
48  -0.000001 11.691975 -0.000006  -1.144974 0.588240 0.878690
49  0.000002 0.000001 0.000000  2.681113 -0.000036 1.570860
50  -0.000008 -0.000012 0.000005  2.272645 -0.000036 1.570861
51  -3.180815 -4.967191 -8.098719  0.177732 -2.803127 1.430479
52  0.000000 0.000000 0.000000  0.008153 -0.000259 0.000009
53  -0.000000 0.000000 0.000001  1.565115 0.043565 -0.106862
54  0.266983 -7.698220 -8.848447  -0.991899 -0.573596 -1.512541
55  0.000001 0.000001 -0.000000  0.000000 -0.000001 -0.000002
56  0.000031 0.000029 0.000001  -1.571901 -0.044449 -0.106509
57  2.586011 -6.103189 -21.694902  1.570796 -0.000000 0.000000
58  -15.049026 4.000748 -22.540340  1.570796 -0.000000 0.000000
59  1.946468 5.662674 -8.860325  1.570796 -0.000000 0.000000
60  -0.004311 0.001229 -0.000371  0.006898 -0.005534 -0.284229
61  0.826810 10.209643 -4.879054  1.570796 -0.000000 0.000000
62  0.000000 0.000000 0.000000  -0.078727 -3.136056 0.284226
63  0.000000 0.000000 0.000000  1.560357 0.009541 0.005981
64  -3.293070 -8.061350 -1.636271  1.342703 -0.218391 0.051668
65  0.002681 -3.204031 0.621196  0.000000 -0.000000 0.000000
66  0.048105 -1.112259 2.845372  0.000000 -0.000000 0.000000
67  -1.184782 0.539746 -0.284905  0.000000 -0.000000 0.000000
68  0.047884 -1.610072 21.020466  0.000000 -0.000000 0.000000
69  0.047881 -3.319714 2.472855  -0.721459 -0.000000 0.000000
70  0.172180 -2.040368 3.568007  0.000000 -0.000000 0.000000
71  0.654947 -2.537530 2.477231  0.000000 -0.000000 -0.261799
72  2.465016 -10.363342 -3.927945  1.360074 0.945319 -0.761195
73  0.017810 1.799357 -0.402361  0.000000 -0.000000 0.000000
74  -2.330384 -13.856674 -4.608203  1.174006 -0.218391 0.051668
75  0.031323 2.100358 -1.138380  -0.000000 0.000000 -0.000000
76  -0.024051 1.849582 -1.138376  -0.000000 0.000000 -0.000000
time 15
0  0.000006 0.000000 0.000000  -1.570800 -1.391899 -1.570792
1  -9.662204 -3.646685 1.943479  -1.544956 -1.855077 -0.198630
2  6.027528 -0.000321 0.000192  -0.909360 -0.667258 -1.867600
3  11.692108 0.000645 -0.000739  -0.090693 -0.000038 -1.706765
4  11.478949 -0.001071 -0.000836  1.114264 -0.395593 0.232246
5  4.012602 -0.225267 -1.166704  -0.349670 -0.048651 -1.139717
6  1.312589 0.000009 0.000006  -0.003881 -0.005319 -0.384590
7  0.729355 0.000053 0.000050  0.000146 0.001212 -1.445771
8  4.030028 0.093069 -0.375371  -0.233355 -0.041409 -0.829839
9  1.539110 0.000081 0.000005  0.021633 -0.107669 -0.861826
10  1.196332 0.000148 0.000027  0.010348 0.006516 -1.537146
11  3.883508 -0.047211 0.431350  -0.177148 -0.021865 -0.477620
12  1.719573 -0.000028 0.000018  0.001881 -0.131125 -1.171348
13  1.209178 0.000088 0.000010  0.009884 0.006829 -1.248374
14  4.536303 0.018269 1.413225  -0.190474 -0.209255 -0.405613
15  1.719446 -0.000020 0.000026  -0.003320 -0.018314 -1.271754
16  1.099677 0.000051 0.000008  -0.000171 0.001960 -1.296030
17  1.283370 -0.205631 1.699552  -1.272226 -0.829402 -0.991247
18  1.789818 -0.000006 -0.000017  -0.069497 -0.041070 0.412322
19  1.207013 -0.000012 -0.000042  -0.122294 -0.107472 1.297543
20  5.740635 0.000388 -0.000699  -0.158773 0.000003 0.000063
21  11.480799 -0.000035 -0.000819  -0.076837 -0.067800 0.015314
22  6.027526 -0.000330 0.000200  1.826629 -0.876836 0.946002
23  -0.000001 11.692100 -0.000006  -1.151016 -0.594258 -0.881881
24  0.000003 0.000008 0.000000  0.778414 -0.000031 1.570739
25  -0.000000 -0.000011 0.000000  0.868960 0.000002 1.570712
26  -6.617934 -9.178503 0.826812  1.473120 1.855075 -0.198639
27  6.027514 -0.000259 -0.000222  1.426677 0.763818 -0.768917
28  11.691990 0.000162 0.000857  0.427895 0.000061 -1.687240
29  11.478822 -0.000754 0.001248  -1.321530 0.682504 0.343524
30  3.859438 -0.132758 1.193066  0.469647 -0.013262 -1.872395
31  1.312559 0.000025 -0.000001  0.024060 -0.138696 -0.550187
32  0.729346 0.000065 -0.000027  -0.166197 -0.081570 -0.714273
33  3.942046 0.050139 0.431001  0.225309 -0.086237 -1.592712
34  1.539097 0.000005 -0.000002  0.035254 -0.050373 -0.994350
35  1.196301 0.000077 -0.000004  -0.021521 0.002175 -0.839738
36  3.883414 -0.050472 -0.431083  0.184824 -0.271737 -1.204030
37  1.719564 -0.000085 -0.000004  0.022858 -0.107186 -1.509108
38  1.209196 0.000035 0.000012  0.000661 0.071072 -0.480462
39  3.859588 -0.149082 -1.331321  -0.169310 -0.013949 -0.130367
40  1.719412 -0.000098 -0.000036  -0.026893 -0.017707 -0.372026
41  1.099673 0.000023 0.000008  -0.006707 -0.002285 0.193929
42  0.805983 -0.359847 -1.318337  0.991670 0.166767 -0.799527
43  1.789780 -0.000009 -0.000042  0.000058 -0.002451 0.133098
44  1.206996 -0.000007 0.000005  0.000372 -0.000071 1.058780
45  5.740572 0.000078 0.000721  0.104969 -0.000014 0.000028
46  11.480709 -0.000078 0.000994  0.025074 0.120857 0.039132
47  6.027515 -0.000273 -0.000230  -0.965297 -0.571261 -1.676713
48  -0.000003 11.691973 -0.000006  -1.139497 0.582750 0.875680
49  0.000002 -0.000001 0.000000  2.700424 -0.000036 1.570860
50  -0.000008 -0.000013 0.000004  2.272645 -0.000036 1.570861
51  -2.957132 -5.005871 -8.228249  0.191794 -2.780342 1.424756
52  -0.000001 0.000000 -0.000001  0.008153 -0.000259 0.000009
53  0.000000 0.000000 0.000001  1.565115 0.043565 -0.106862
54  0.470973 -8.003152 -8.795591  -0.983140 -0.596063 -1.533052
55  -0.000000 -0.000000 0.000000  0.000000 -0.000001 -0.000002
56  0.000031 0.000029 0.000001  -1.571901 -0.044449 -0.106509
57  -0.448276 -6.633759 -21.610039  1.570796 -0.000000 0.000000
58  -14.839501 4.000748 -22.482960  1.570796 -0.000000 0.000000
59  1.947790 5.307450 -8.860325  1.570796 -0.000000 0.000000
60  -0.004311 0.001229 -0.000371  0.006898 -0.005534 -0.284229
61  0.826810 10.209643 -4.879054  1.570796 -0.000000 0.000000
62  0.000000 0.000000 0.000000  -0.078727 -3.136056 0.284226
63  0.000000 0.000000 0.000000  1.562205 -0.009794 0.006551
64  -3.135955 -7.941092 -1.693560  1.317142 -0.226881 0.056410
65  0.002681 -3.204031 0.621195  0.000000 0.000000 0.000000
66  0.048105 -1.112260 2.845371  0.000000 0.000000 0.000000
67  -1.184782 0.539746 -0.284906  0.000000 0.000000 0.000000
68  0.047884 -1.610073 21.020466  0.000000 0.000000 0.000000
69  0.047881 -3.319714 2.472853  -0.721459 0.000000 0.000000
70  0.172180 -2.040369 3.568005  0.000000 0.000000 0.000000
71  0.654947 -2.537531 2.477230  0.000000 0.000000 -0.261799
72  2.586303 -10.592535 -3.798987  1.343399 0.923872 -0.790283
73  0.017810 1.799357 -0.402361  -0.000000 0.000000 0.000000
74  -1.539575 -15.327686 -5.251343  0.772712 -0.356366 0.127739
75  0.031323 2.100357 -1.138380  -0.000000 -0.000000 0.000000
76  -0.024051 1.849582 -1.138377  -0.000000 -0.000000 0.000000
time 16
0  0.000006 0.000000 0.000000  -1.570800 -1.391899 -1.570792
1  -9.593346 -3.265896 1.944931  -1.544956 -1.855077 -0.198630
2  6.027528 -0.000322 0.000191  -1.029886 -0.831942 -2.158559
3  11.692112 0.000643 -0.000740  0.009281 -0.000003 -1.051838
4  11.480375 -0.000197 -0.000731  1.388034 -0.276643 -0.280769
5  4.012603 -0.225266 -1.166703  -0.349669 -0.048651 -1.139717
6  1.312589 0.000011 0.000005  -0.003881 -0.005318 -0.384590
7  0.729353 0.000052 0.000050  0.000146 0.001212 -1.445771
8  4.030030 0.093069 -0.375371  -0.233355 -0.041409 -0.829839
9  1.539111 0.000082 0.000004  0.021633 -0.107669 -0.861826
10  1.196331 0.000149 0.000027  0.010348 0.006516 -1.537146
11  3.883508 -0.047210 0.431350  -0.177148 -0.021865 -0.477620
12  1.719573 -0.000027 0.000018  0.001881 -0.131125 -1.171348
13  1.209178 0.000088 0.000010  0.009884 0.006829 -1.248374
14  4.536305 0.018270 1.413224  -0.190474 -0.209255 -0.405613
15  1.719446 -0.000020 0.000024  -0.003320 -0.018314 -1.271754
16  1.099676 0.000052 0.000011  -0.000171 0.001960 -1.296030
17  1.283370 -0.205630 1.699552  -1.272226 -0.829402 -0.991247
18  1.789818 -0.000005 -0.000016  -0.069497 -0.041070 0.412322
19  1.207014 -0.000013 -0.000042  -0.122294 -0.107472 1.297543
20  5.740636 0.000388 -0.000699  -0.071578 0.000003 0.000063
21  11.481086 0.000136 -0.000798  -0.035039 -0.030719 -0.072368
22  6.027524 -0.000329 0.000200  1.856318 -0.691366 0.551533
23  -0.000001 11.692099 -0.000007  -0.754097 -0.251181 -0.617182
24  0.000003 0.000009 -0.000002  0.878357 -0.000031 1.570739
25  0.000000 -0.000011 0.000001  0.868960 0.000002 1.570712
26  -6.617934 -9.178503 0.826812  1.473120 1.855075 -0.198639
27  6.027514 -0.000259 -0.000222  1.418452 0.773364 -0.782958
28  11.691993 0.000161 0.000857  0.447339 0.000061 -1.677791
29  11.479007 -0.000624 0.001210  -1.325240 0.692440 0.323855
30  3.859437 -0.132759 1.193066  0.469647 -0.013262 -1.872395
31  1.312559 0.000027 -0.000001  0.024060 -0.138696 -0.550187
32  0.729345 0.000065 -0.000027  -0.166197 -0.081570 -0.714272
33  3.942046 0.050139 0.431001  0.225309 -0.086237 -1.592712
34  1.539097 0.000006 -0.000001  0.035254 -0.050373 -0.994350
35  1.196301 0.000078 -0.000004  -0.021521 0.002175 -0.839738
36  3.883413 -0.050472 -0.431084  0.184824 -0.271737 -1.204030
37  1.719565 -0.000084 -0.000005  0.022858 -0.107186 -1.509108
38  1.209197 0.000035 0.000011  0.000661 0.071072 -0.480462
39  3.859588 -0.149082 -1.331321  -0.169310 -0.013949 -0.130367
40  1.719411 -0.000098 -0.000037  -0.026893 -0.017707 -0.372026
41  1.099674 0.000024 0.000006  -0.006707 -0.002285 0.193929
42  0.805983 -0.359848 -1.318338  0.991670 0.166767 -0.799527
43  1.789779 -0.000008 -0.000042  0.000058 -0.002451 0.133098
44  1.206996 -0.000007 0.000005  0.000372 -0.000071 1.058780
45  5.740573 0.000080 0.000721  0.105863 -0.000014 0.000028
46  11.480745 -0.000051 0.000987  0.024939 0.122460 0.035343
47  6.027515 -0.000273 -0.000230  -0.978552 -0.569974 -1.677876
48  -0.000001 11.691975 -0.000005  -1.133962 0.577215 0.872613
49  0.000002 -0.000002 0.000000  2.719867 -0.000036 1.570860
50  -0.000007 -0.000013 0.000005  2.272645 -0.000036 1.570861
51  -2.832366 -5.075308 -8.197470  0.223683 -2.780219 1.422225
52  -0.000000 -0.000000 -0.000001  0.008153 -0.000259 0.000009
53  -0.000000 -0.000000 0.000001  1.565115 0.043565 -0.106862
54  0.164867 -13.667056 -10.181932  -0.932871 -0.567854 -1.269121
55  -0.000000 0.000001 0.000000  0.000000 -0.000001 -0.000002
56  0.000030 0.000030 0.000002  -1.571901 -0.044449 -0.106509
57  -2.627257 -7.058688 -21.581755  1.570796 -0.000000 0.000000
58  -14.585176 4.000748 -22.413567  1.570796 -0.000000 0.000000
59  1.949242 4.920485 -8.860325  1.570796 -0.000000 0.000000
60  -0.004311 0.001229 -0.000371  0.006898 -0.005534 -0.284229
61  0.826810 10.209643 -4.879054  1.570796 -0.000000 0.000000
62  0.000000 0.000000 0.000000  -0.078727 -3.136056 0.284226
63  0.000000 0.000000 0.000000  1.563605 -0.028502 0.006980
64  -3.178441 -7.983404 -1.657373  1.310648 -0.256038 0.066706
65  0.002681 -3.204031 0.621196  -0.000000 0.000000 0.000000
66  0.048105 -1.112260 2.845373  -0.000000 0.000000 0.000000
67  -1.184782 0.539746 -0.284903  -0.000000 0.000000 0.000000
68  0.047883 -1.610073 21.020466  -0.000000 0.000000 0.000000
69  0.047881 -3.319714 2.472856  -0.360864 0.000000 0.000000
70  0.172180 -2.040368 3.568007  -0.000000 0.000000 0.000000
71  0.654947 -2.537531 2.477231  -0.000000 0.000000 -0.261799
72  2.779385 -15.738307 -5.179954  1.425167 0.913930 -0.433700
73  0.017809 1.799356 -0.402360  -0.000000 0.000000 -0.000000
74  0.784408 -18.632933 -4.800166  0.691548 0.063025 0.363264
75  0.031323 2.100355 -1.138381  -0.000000 -0.000000 -0.000000
76  -0.024051 1.849580 -1.138378  -0.000000 -0.000000 -0.000000
time 17
0  0.000006 0.000000 0.000000  -1.570800 -1.391899 -1.570792
1  -9.520352 -2.862239 1.946491  -1.544956 -1.855077 -0.198630
2  6.027529 -0.000326 0.000191  -1.039712 -0.983877 -2.332602
3  11.692115 0.000647 -0.000739  0.150923 0.000007 -0.712506
4  11.480330 -0.000206 -0.000712  1.551257 -0.330529 -0.601976
5  4.012604 -0.225266 -1.166702  -0.349669 -0.048651 -1.139717
6  1.312589 0.000011 0.000006  -0.003881 -0.005319 -0.384590
7  0.729355 0.000052 0.000050  0.000146 0.001212 -1.445771
8  4.030031 0.093070 -0.375370  -0.233355 -0.041409 -0.829839
9  1.539111 0.000086 0.000005  0.021633 -0.107669 -0.861826
10  1.196332 0.000150 0.000027  0.010348 0.006516 -1.537146
11  3.883510 -0.047210 0.431351  -0.177148 -0.021865 -0.477620
12  1.719573 -0.000028 0.000018  0.001881 -0.131125 -1.171348
13  1.209178 0.000089 0.000013  0.009884 0.006829 -1.248374
14  4.536305 0.018269 1.413226  -0.190474 -0.209255 -0.405613
15  1.719446 -0.000021 0.000025  -0.003320 -0.018314 -1.271754
16  1.099675 0.000051 0.000007  -0.000171 0.001960 -1.296030
17  1.283371 -0.205630 1.699554  -1.272226 -0.829402 -0.991247
18  1.789817 -0.000007 -0.000018  -0.069497 -0.041070 0.412322
19  1.207016 -0.000013 -0.000043  -0.122294 -0.107472 1.297543
20  5.740635 0.000390 -0.000700  -0.049327 0.000003 0.000063
21  11.481075 0.000134 -0.000795  -0.009696 -0.043245 -0.130613
22  6.027524 -0.000331 0.000200  1.787809 -0.549847 0.409674
23  -0.000000 11.692099 -0.000006  -0.526951 -0.120283 -0.439090
24  0.000003 0.000009 0.000001  1.019977 -0.000031 1.570739
25  -0.000000 -0.000012 0.000002  0.868960 0.000002 1.570712
26  -6.617934 -9.178503 0.826812  1.473120 1.855075 -0.198639
27  6.027514 -0.000259 -0.000222  1.417587 0.782814 -0.795654
28  11.691990 0.000162 0.000858  0.466646 0.000059 -1.658823
29  11.479130 -0.000545 0.001196  -1.336982 0.686515 0.284706
30  3.859437 -0.132758 1.193065  0.469647 -0.013262 -1.872395
31  1.312559 0.000026 -0.000001  0.024060 -0.138696 -0.550187
32  0.729345 0.000064 -0.000028  -0.166197 -0.081570 -0.714272
33  3.942046 0.050139 0.431000  0.225309 -0.086237 -1.592712
34  1.539096 0.000004 -0.000000  0.035254 -0.050373 -0.994350
35  1.196300 0.000078 -0.000004  -0.021521 0.002175 -0.839738
36  3.883414 -0.050472 -0.431084  0.184824 -0.271737 -1.204030
37  1.719563 -0.000084 -0.000005  0.022859 -0.107186 -1.509108
38  1.209197 0.000035 0.000011  0.000661 0.071072 -0.480462
39  3.859588 -0.149082 -1.331321  -0.169309 -0.013949 -0.130367
40  1.719413 -0.000098 -0.000036  -0.026893 -0.017707 -0.372026
41  1.099673 0.000023 0.000008  -0.006707 -0.002285 0.193929
42  0.805984 -0.359847 -1.318339  0.991670 0.166767 -0.799527
43  1.789780 -0.000008 -0.000042  0.000058 -0.002451 0.133097
44  1.206996 -0.000007 0.000005  0.000372 -0.000071 1.058780
45  5.740574 0.000078 0.000721  0.104148 -0.000014 0.000028
46  11.480771 -0.000035 0.000984  0.024962 0.120554 0.028841
47  6.027515 -0.000273 -0.000230  -0.987733 -0.564521 -1.685032
48  -0.000001 11.691975 -0.000007  -1.122849 0.566148 0.866379
49  0.000003 -0.000001 0.000001  2.739175 -0.000036 1.570860
50  -0.000008 -0.000013 0.000004  2.272645 -0.000036 1.570861
51  -2.807697 -5.238124 -8.189092  0.255348 -2.770696 1.425086
52  -0.000000 -0.000000 -0.000001  0.008153 -0.000259 0.000009
53  0.000000 -0.000000 -0.000000  1.565115 0.043565 -0.106862
54  0.573222 -16.025108 -10.318666  -0.887538 -0.600522 -1.018100
55  0.000002 -0.000001 -0.000000  0.000000 -0.000001 -0.000002
56  0.000032 0.000029 0.000000  -1.571902 -0.044449 -0.106509
57  -4.118739 -7.451331 -21.898949  1.570796 -0.000000 0.000000
58  -14.289483 4.000748 -22.333218  1.570796 -0.000000 0.000000
59  1.950802 4.510281 -8.860325  1.570796 -0.000000 0.000000
60  -0.004311 0.001229 -0.000371  0.006898 -0.005534 -0.284229
61  0.826810 10.209643 -4.879054  1.570796 -0.000000 0.000000
62  0.000000 0.000000 0.000000  -0.078727 -3.136056 0.284226
63  0.000000 0.000000 0.000000  1.564203 -0.025047 0.007107
64  -3.295631 -8.061984 -1.621186  1.294227 -0.282764 0.085274
65  0.002681 -3.204031 0.621195  0.000000 -0.000000 -0.000000
66  0.048105 -1.112260 2.845372  0.000000 -0.000000 -0.000000
67  -1.184783 0.539746 -0.284904  0.000000 -0.000000 -0.000000
68  0.047884 -1.610073 21.020466  0.000000 -0.000000 -0.000000
69  0.047881 -3.319714 2.472854  0.000000 -0.000000 -0.000000
70  0.172180 -2.040368 3.568007  0.000000 -0.000000 -0.000000
71  0.654947 -2.537530 2.477230  0.000000 -0.000000 -0.261799
72  3.402133 -17.268162 -5.161376  1.425972 0.863964 -0.157046
73  0.017810 1.799356 -0.402361  0.000000 0.000000 0.000000
74  1.550654 -23.450546 -5.035608  0.215917 0.089286 0.454331
75  0.031324 2.100359 -1.138380  -0.000000 -0.000000 0.000000
76  -0.024050 1.849582 -1.138377  -0.000000 -0.000000 0.000000
time 18
0  0.000006 0.000000 0.000000  -1.570800 -1.391899 -1.570792
1  -9.444908 -2.445029 1.948130  -1.544956 -1.855077 -0.198630
2  6.027528 -0.000323 0.000191  -1.078341 -1.092890 -2.387371
3  11.692118 0.000648 -0.000739  0.344704 0.000008 -0.517767
4  11.481000 -0.000136 -0.000729  1.562530 -0.374008 -0.804018
5  4.012604 -0.225267 -1.166704  -0.349670 -0.048651 -1.139717
6  1.312588 0.000010 0.000006  -0.003881 -0.005319 -0.384590
7  0.729354 0.000057 0.000049  0.000146 0.001212 -1.445771
8  4.030029 0.093068 -0.375369  -0.233355 -0.041409 -0.829839
9  1.539111 0.000083 0.000006  0.021633 -0.107669 -0.861826
10  1.196331 0.000150 0.000025  0.010348 0.006517 -1.537146
11  3.883509 -0.047211 0.431352  -0.177148 -0.021865 -0.477620
12  1.719574 -0.000028 0.000018  0.001881 -0.131125 -1.171348
13  1.209179 0.000090 0.000011  0.009884 0.006829 -1.248374
14  4.536304 0.018270 1.413224  -0.190474 -0.209254 -0.405613
15  1.719445 -0.000021 0.000025  -0.003320 -0.018314 -1.271754
16  1.099674 0.000053 0.000005  -0.000171 0.001960 -1.296030
17  1.283370 -0.205631 1.699554  -1.272226 -0.829402 -0.991247
18  1.789817 -0.000004 -0.000017  -0.069497 -0.041070 0.412322
19  1.207015 -0.000012 -0.000042  -0.122294 -0.107472 1.297543
20  5.740636 0.000389 -0.000700  -0.047073 0.000003 0.000063
21  11.481208 0.000147 -0.000798  -0.013818 -0.051651 -0.169961
22  6.027524 -0.000327 0.000201  1.758990 -0.442036 0.335307
23  -0.000001 11.692101 -0.000009  -0.388497 -0.064720 -0.325950
24  0.000003 0.000008 -0.000000  1.213744 -0.000031 1.570739
25  -0.000000 -0.000011 -0.000001  0.868960 0.000002 1.570712
26  -6.617934 -9.178503 0.826812  1.473120 1.855075 -0.198639
27  6.027514 -0.000259 -0.000222  1.424503 0.783083 -0.805312
28  11.691992 0.000161 0.000857  0.485514 0.000057 -1.634793
29  11.479289 -0.000451 0.001168  -1.370667 0.658341 0.216287
30  3.859437 -0.132758 1.193064  0.469647 -0.013262 -1.872395
31  1.312559 0.000025 -0.000001  0.024060 -0.138696 -0.550187
32  0.729345 0.000065 -0.000027  -0.166197 -0.081570 -0.714272
33  3.942046 0.050139 0.431000  0.225309 -0.086237 -1.592712
34  1.539097 0.000006 -0.000001  0.035254 -0.050373 -0.994350
35  1.196301 0.000077 -0.000003  -0.021521 0.002175 -0.839738
36  3.883414 -0.050472 -0.431084  0.184824 -0.271737 -1.204030
37  1.719563 -0.000085 -0.000004  0.022859 -0.107186 -1.509108
38  1.209198 0.000035 0.000011  0.000661 0.071072 -0.480462
39  3.859588 -0.149082 -1.331321  -0.169310 -0.013949 -0.130367
40  1.719413 -0.000098 -0.000036  -0.026893 -0.017707 -0.372026
41  1.099675 0.000024 0.000006  -0.006707 -0.002285 0.193929
42  0.805983 -0.359847 -1.318339  0.991670 0.166767 -0.799527
43  1.789780 -0.000009 -0.000042  0.000058 -0.002451 0.133097
44  1.206996 -0.000007 0.000005  0.000372 -0.000071 1.058781
45  5.740573 0.000079 0.000719  0.096099 -0.000014 0.000028
46  11.480803 -0.000017 0.000978  0.023014 0.113550 0.018677
47  6.027515 -0.000273 -0.000230  -0.984345 -0.560535 -1.701375
48  -0.000001 11.691974 -0.000007  -1.108764 0.552213 0.858337
49  0.000001 0.000000 -0.000000  2.758044 -0.000036 1.570860
50  -0.000007 -0.000014 0.000004  2.272645 -0.000036 1.570861
51  -2.941535 -5.451241 -8.302199  0.274565 -2.745638 1.436434
52  0.000000 0.000000 -0.000000  0.008153 -0.000259 0.000009
53  -0.000001 0.000000 0.000000  1.565115 0.043565 -0.106862
54  1.438372 -17.443892 -10.762875  -0.857376 -0.700553 -0.890448
55  0.000002 -0.000000 0.000001  -0.000000 -0.000001 -0.000002
56  0.000032 0.000028 0.000002  -1.571902 -0.044449 -0.106509
57  -5.000245 -7.836768 -22.728645  1.570796 -0.000000 0.000000
58  -13.957463 4.000748 -22.243427  1.570796 -0.000000 0.000000
59  1.952441 4.086306 -8.860325  1.570796 -0.000000 0.000000
60  -0.004311 0.001229 -0.000371  0.006898 -0.005534 -0.284229
61  0.826810 10.209643 -4.879054  1.570796 -0.000000 0.000000
62  0.000000 0.000000 0.000000  -0.078727 -3.136056 0.284226
63  0.000000 0.000000 0.000000  1.564163 -0.017441 0.006977
64  -3.472126 -8.104297 -1.666731  1.264435 -0.294153 0.112288
65  0.002681 -3.204031 0.621196  -0.000000 0.000000 -0.000000
66  0.048105 -1.112260 2.845371  -0.000000 0.000000 -0.000000
67  -1.184782 0.539746 -0.284905  -0.000000 0.000000 -0.000000
68  0.047883 -1.610073 21.020468  -0.000000 0.000000 -0.000000
69  0.047881 -3.319714 2.472854  -0.000000 0.000000 -0.000000
70  0.172180 -2.040368 3.568005  -0.000000 0.000000 -0.000000
71  0.654946 -2.537530 2.477230  -0.000000 -0.000000 -0.261799
72  3.982902 -17.934532 -5.337915  1.340306 0.779187 -0.073903
73  0.017809 1.799356 -0.402361  0.000000 -0.000000 -0.000000
74  2.214896 -28.572556 -5.749839  -0.175076 0.117296 0.553980
75  0.031322 2.100355 -1.138382  -0.000000 0.000000 0.000000
76  -0.024052 1.849580 -1.138379  -0.000000 0.000000 0.000000
time 19
0  0.000006 0.000000 0.000000  -1.570800 -1.391899 -1.570792
1  -9.368763 -2.023943 1.949818  -1.544956 -1.855077 -0.198630
2  6.027527 -0.000325 0.000190  -1.189602 -1.133590 -2.320104
3  11.692118 0.000647 -0.000739  0.501036 0.000008 -0.542135
4  11.480621 -0.000327 -0.000655  1.583995 -0.305020 -0.872743
5  4.012602 -0.225266 -1.166704  -0.349670 -0.048651 -1.139717
6  1.312588 0.000010 0.000005  -0.003881 -0.005319 -0.384590
7  0.729353 0.000054 0.000050  0.000146 0.001212 -1.445771
8  4.030028 0.093070 -0.375372  -0.233355 -0.041409 -0.829839
9  1.539110 0.000083 0.000004  0.021633 -0.107669 -0.861826
10  1.196332 0.000148 0.000029  0.010348 0.006516 -1.537146
11  3.883510 -0.047210 0.431348  -0.177148 -0.021865 -0.477620
12  1.719573 -0.000028 0.000017  0.001881 -0.131125 -1.171348
13  1.209179 0.000089 0.000005  0.009884 0.006829 -1.248374
14  4.536304 0.018270 1.413224  -0.190474 -0.209255 -0.405613
15  1.719446 -0.000021 0.000027  -0.003320 -0.018314 -1.271754
16  1.099675 0.000051 0.000011  -0.000171 0.001960 -1.296030
17  1.283370 -0.205630 1.699551  -1.272226 -0.829402 -0.991247
18  1.789818 -0.000004 -0.000018  -0.069497 -0.041070 0.412322
19  1.207014 -0.000013 -0.000042  -0.122294 -0.107472 1.297543
20  5.740635 0.000389 -0.000699  -0.032343 0.000003 0.000063
21  11.481132 0.000106 -0.000784  -0.006699 -0.039192 -0.183387
22  6.027524 -0.000329 0.000200  1.786436 -0.383436 0.291703
23  -0.000001 11.692101 -0.000009  -0.406123 -0.070807 -0.340488
24  0.000003 0.000009 -0.000001  1.370078 -0.000031 1.570739
25  0.000000 -0.000012 -0.000001  0.868960 0.000002 1.570712
26  -6.617934 -9.178503 0.826812  1.473120 1.855075 -0.198639
27  6.027514 -0.000258 -0.000222  1.419572 0.784149 -0.821743
28  11.691991 0.000159 0.000857  0.503622 0.000055 -1.608086
29  11.479470 -0.000345 0.001128  -1.380416 0.634985 0.137574
30  3.859437 -0.132758 1.193065  0.469647 -0.013262 -1.872395
31  1.312558 0.000025 -0.000001  0.024060 -0.138696 -0.550187
32  0.729344 0.000066 -0.000026  -0.166197 -0.081570 -0.714273
33  3.942046 0.050139 0.431000  0.225309 -0.086237 -1.592712
34  1.539097 0.000006 -0.000002  0.035254 -0.050373 -0.994350
35  1.196301 0.000078 -0.000004  -0.021521 0.002175 -0.839738
36  3.883413 -0.050472 -0.431086  0.184824 -0.271737 -1.204030
37  1.719563 -0.000084 -0.000004  0.022859 -0.107186 -1.509108
38  1.209198 0.000035 0.000011  0.000661 0.071072 -0.480462
39  3.859589 -0.149082 -1.331322  -0.169310 -0.013949 -0.130367
40  1.719412 -0.000098 -0.000036  -0.026893 -0.017707 -0.372026
41  1.099674 0.000024 0.000007  -0.006707 -0.002285 0.193929
42  0.805983 -0.359847 -1.318339  0.991670 0.166767 -0.799527
43  1.789780 -0.000007 -0.000042  0.000058 -0.002451 0.133098
44  1.206996 -0.000008 0.000005  0.000372 -0.000071 1.058780
45  5.740572 0.000079 0.000720  0.092991 -0.000014 0.000028
46  11.480837 0.000005 0.000970  0.025375 0.107957 0.004626
47  6.027515 -0.000273 -0.000230  -0.987913 -0.562589 -1.712425
48  -0.000001 11.691973 -0.000007  -1.093095 0.536840 0.849211
49  0.000002 -0.000000 0.000001  2.776152 -0.000036 1.570860
50  -0.000007 -0.000014 0.000004  2.272645 -0.000036 1.570861
51  -2.961863 -5.659500 -8.492336  0.323656 -2.715000 1.444759
52  -0.000000 0.000000 -0.000000  0.008153 -0.000259 0.000009
53  -0.000000 0.000001 -0.000001  1.565115 0.043565 -0.106862
54  2.896880 -18.168186 -10.881889  -0.737668 -0.875600 -0.872221
55  0.000000 0.000000 -0.000004  0.000000 -0.000001 -0.000002
56  0.000032 0.000029 -0.000004  -1.571902 -0.044449 -0.106509
57  -5.304641 -8.099586 -23.558342  1.570796 -0.000000 0.000000
58  -13.595723 4.000748 -22.146141  1.570796 -0.000000 0.000000
59  1.954130 3.658390 -8.860325  1.570796 -0.000000 0.000000
60  -0.004311 0.001229 -0.000371  0.006898 -0.005534 -0.284229
61  0.826810 10.209643 -4.879054  1.570796 -0.000000 0.000000
62  0.000000 0.000000 0.000000  -0.078727 -3.136056 0.284226
63  0.000000 0.000000 0.000000  1.564010 -0.009834 0.006661
64  -3.692526 -8.088604 -1.790454  1.221063 -0.329642 0.153557
65  0.002681 -3.204031 0.621197  0.000000 0.000000 0.000000
66  0.048105 -1.112260 2.845372  0.000000 0.000000 0.000000
67  -1.184783 0.539746 -0.284903  0.000000 0.000000 0.000000
68  0.047884 -1.610073 21.020468  0.000000 0.000000 0.000000
69  0.047882 -3.319714 2.472855  0.000000 0.000000 0.000000
70  0.172181 -2.040368 3.568007  0.000000 0.000000 0.000000
71  0.654947 -2.537530 2.477231  -0.000000 0.000000 -0.261799
72  4.462955 -17.988621 -5.080103  1.247329 0.598679 -0.029801
73  0.017808 1.799356 -0.402362  0.000000 -0.000000 -0.000000
74  2.784419 -30.255360 -6.820423  -0.127016 0.017331 0.566411
75  0.031322 2.100361 -1.138380  0.000000 -0.000000 -0.000000
76  -0.024052 1.849585 -1.138378  0.000000 -0.000000 -0.000000
time 20
0  0.000006 0.000000 0.000000  -1.570800 -1.391899 -1.570792
1  -9.293617 -1.608381 1.951523  -1.544956 -1.855077 -0.198630
2  6.027526 -0.000325 0.000190  -1.296136 -1.111483 -2.236989
3  11.692114 0.000646 -0.000738  0.554919 0.000007 -0.723531
4  11.480056 -0.000544 -0.000525  1.707803 -0.055732 -0.868479
5  4.012604 -0.225266 -1.166704  -0.349670 -0.048651 -1.139717
6  1.312590 0.000012 0.000004  -0.003881 -0.005319 -0.384590
7  0.729355 0.000053 0.000053  0.000146 0.001212 -1.445771
8  4.030031 0.093069 -0.375372  -0.233355 -0.041409 -0.829839
9  1.539110 0.000083 0.000004  0.021633 -0.107669 -0.861826
10  1.196332 0.000149 0.000027  0.010348 0.006517 -1.537146
11  3.883510 -0.047210 0.431350  -0.177148 -0.021865 -0.477620
12  1.719573 -0.000029 0.000020  0.001881 -0.131125 -1.171348
13  1.209179 0.000089 0.000008  0.009884 0.006829 -1.248374
14  4.536304 0.018269 1.413224  -0.190474 -0.209255 -0.405613
15  1.719446 -0.000020 0.000029  -0.003320 -0.018314 -1.271754
16  1.099675 0.000052 0.000009  -0.000171 0.001960 -1.296030
17  1.283370 -0.205630 1.699552  -1.272226 -0.829402 -0.991247
18  1.789818 -0.000006 -0.000018  -0.069497 -0.041070 0.412322
19  1.207015 -0.000016 -0.000042  -0.122294 -0.107472 1.297543
20  5.740635 0.000389 -0.000699  0.021572 0.000003 0.000063
21  11.481020 0.000063 -0.000759  0.033852 0.001614 -0.181203
22  6.027524 -0.000329 0.000201  1.840973 -0.376206 0.258561
23  0.000001 11.692099 -0.000008  -0.534618 -0.123886 -0.445274
24  0.000003 0.000008 -0.000000  1.423974 -0.000031 1.570739
25  0.000001 -0.000011 -0.000000  0.868960 0.000002 1.570712
26  -6.617934 -9.178503 0.826812  1.473120 1.855075 -0.198639
27  6.027514 -0.000259 -0.000222  1.402154 0.789108 -0.845444
28  11.691992 0.000161 0.000857  0.520649 0.000053 -1.580193
29  11.479669 -0.000228 0.001078  -1.361761 0.622059 0.058255
30  3.859437 -0.132759 1.193065  0.469647 -0.013262 -1.872395
31  1.312559 0.000026 -0.000001  0.024060 -0.138696 -0.550187
32  0.729346 0.000065 -0.000028  -0.166197 -0.081570 -0.714272
33  3.942046 0.050139 0.431000  0.225309 -0.086237 -1.592712
34  1.539097 0.000006 -0.000000  0.035254 -0.050373 -0.994350
35  1.196300 0.000078 -0.000003  -0.021521 0.002175 -0.839738
36  3.883413 -0.050472 -0.431084  0.184824 -0.271737 -1.204030
37  1.719564 -0.000085 -0.000005  0.022859 -0.107186 -1.509108
38  1.209198 0.000035 0.000010  0.000661 0.071072 -0.480462
39  3.859588 -0.149082 -1.331321  -0.169310 -0.013949 -0.130367
40  1.719412 -0.000098 -0.000036  -0.026893 -0.017707 -0.372026
41  1.099673 0.000023 0.000007  -0.006707 -0.002285 0.193929
42  0.805983 -0.359848 -1.318339  0.991670 0.166767 -0.799527
43  1.789781 -0.000009 -0.000043  0.000058 -0.002451 0.133098
44  1.206996 -0.000007 0.000005  0.000372 -0.000071 1.058780
45  5.740573 0.000080 0.000721  0.096652 -0.000014 0.000028
46  11.480878 0.000029 0.000961  0.032512 0.104684 -0.011622
47  6.027515 -0.000273 -0.000230  -1.001719 -0.568919 -1.716394
48  -0.000003 11.691975 -0.000006  -1.076708 0.520916 0.839470
49  0.000003 -0.000000 -0.000001  2.793180 -0.000036 1.570860
50  -0.000008 -0.000012 0.000005  2.272645 -0.000036 1.570861
51  -2.829476 -5.850728 -8.702658  0.405051 -2.684379 1.446056
52  -0.000000 -0.000000 -0.000000  0.008153 -0.000259 0.000009
53  -0.000001 0.000000 -0.000000  1.565115 0.043565 -0.106862
54  4.396096 -18.209652 -10.399319  -0.370005 -1.100116 -1.051924
55  0.000000 -0.000000 -0.000001  0.000000 -0.000001 -0.000002
56  0.000029 0.000029 -0.000001  -1.571901 -0.044449 -0.106509
57  -5.339244 -8.182689 -23.875536  1.570796 -0.000000 0.000000
58  -13.212194 4.000748 -22.043655  1.570796 -0.000000 0.000000
59  1.955835 3.236088 -8.860325  1.570796 -0.000000 0.000000
60  -0.004311 0.001229 -0.000371  0.006898 -0.005534 -0.284229
61  0.826810 10.209643 -4.879054  1.570796 -0.000000 0.000000
62  0.000000 0.000000 0.000000  -0.078727 -3.136056 0.284226
63  0.000000 0.000000 0.000000  1.563759 -0.006377 0.006211
64  -3.941432 -8.047232 -1.972980  1.166161 -0.390562 0.209043
65  0.002681 -3.204032 0.621196  0.000000 -0.000000 -0.000000
66  0.048105 -1.112260 2.845371  0.000000 -0.000000 -0.000000
67  -1.184783 0.539747 -0.284904  0.000000 -0.000000 -0.000000
68  0.047884 -1.610073 21.020466  0.000000 -0.000000 -0.000000
69  0.047881 -3.319714 2.472855  0.000000 -0.000000 -0.000000
70  0.172181 -2.040369 3.568007  0.000000 -0.000000 -0.000000
71  0.654947 -2.537531 2.477231  -0.000000 0.000000 -0.261799
72  4.171078 -17.551146 -4.427610  1.168548 0.307588 0.065533
73  0.017809 1.799357 -0.402361  0.000000 -0.000000 -0.000000
74  3.266510 -31.679823 -8.146857  -0.238199 -0.023178 0.616946
75  0.031322 2.100358 -1.138380  0.000000 -0.000000 0.000000
76  -0.024053 1.849582 -1.138378  0.000000 -0.000000 0.000000
time 21
0  0.000006 0.000000 0.000000  -1.570800 -1.391899 -1.570792
1  -9.221019 -1.206912 1.953212  -1.544956 -1.855077 -0.198630
2  6.027524 -0.000325 0.000190  -1.309953 -1.122301 -1.602056
3  11.692112 0.000644 -0.000741  0.367478 0.000001 -0.970484
4  11.480779 -0.000280 -0.000676  1.797780 -0.158783 -0.679057
5  4.012603 -0.225267 -1.166703  -0.349670 -0.048651 -1.139717
6  1.312589 0.000012 0.000005  -0.003881 -0.005319 -0.384590
7  0.729354 0.000052 0.000051  0.000146 0.001212 -1.445771
8  4.030030 0.093069 -0.375372  -0.233355 -0.041409 -0.829839
9  1.539109 0.000082 0.000007  0.021633 -0.107669 -0.861826
10  1.196332 0.000149 0.000025  0.010348 0.006517 -1.537146
11  3.883510 -0.047211 0.431350  -0.177148 -0.021865 -0.477620
12  1.719573 -0.000028 0.000019  0.001881 -0.131125 -1.171348
13  1.209179 0.000090 0.000010  0.009884 0.006829 -1.248374
14  4.536304 0.018269 1.413223  -0.173772 -0.211575 -0.466212
15  1.719446 -0.000021 0.000028  -0.005919 -0.013024 -1.119655
16  1.099675 0.000052 0.000007  -0.000649 0.001963 -1.287497
17  1.283371 -0.205631 1.699552  -1.272226 -0.829402 -0.991247
18  1.789818 -0.000007 -0.000019  -0.069497 -0.041070 0.412322
19  1.207014 -0.000012 -0.000041  -0.122294 -0.107472 1.297543
20  5.740636 0.000386 -0.000699  0.057058 0.000003 0.000064
21  11.481166 0.000113 -0.000789  0.045634 -0.021039 -0.139745
22  6.027524 -0.000330 0.000200  1.839100 -0.363931 0.881755
23  -0.000001 11.692100 -0.000008  -0.701289 -0.216249 -0.576877
24  0.000004 0.000008 -0.000001  1.236550 -0.000031 1.570739
25  0.000000 -0.000012 0.000000  0.868960 0.000002 1.570712
26  -6.617934 -9.178503 0.826812  1.473120 1.855075 -0.198639
27  6.027515 -0.000259 -0.000222  1.379837 0.793984 -0.872363
28  11.691990 0.000160 0.000857  0.536303 0.000052 -1.558003
29  11.479833 -0.000129 0.001032  -1.327095 0.616638 -0.010786
30  3.859437 -0.132758 1.193065  0.469647 -0.013262 -1.872395
31  1.312559 0.000025 -0.000001  0.024060 -0.138696 -0.550187
32  0.729344 0.000065 -0.000028  -0.166197 -0.081570 -0.714272
33  3.942046 0.050139 0.431000  0.225309 -0.086237 -1.592712
34  1.539096 0.000007 -0.000002  0.035254 -0.050373 -0.994350
35  1.196301 0.000078 -0.000004  -0.021521 0.002175 -0.839738
36  3.883413 -0.050472 -0.431084  0.184824 -0.271737 -1.204030
37  1.719564 -0.000084 -0.000005  0.022859 -0.107186 -1.509108
38  1.209197 0.000035 0.000011  0.000661 0.071072 -0.480462
39  3.859588 -0.149082 -1.331321  -0.169310 -0.013949 -0.130367
40  1.719413 -0.000098 -0.000036  -0.026893 -0.017707 -0.372026
41  1.099673 0.000023 0.000006  -0.006707 -0.002285 0.193929
42  0.805983 -0.359848 -1.318338  0.991670 0.166767 -0.799527
43  1.789780 -0.000008 -0.000043  0.000058 -0.002451 0.133097
44  1.206997 -0.000007 0.000005  0.000372 -0.000071 1.058780
45  5.740576 0.000079 0.000721  0.104580 -0.000014 0.000028
46  11.480912 0.000049 0.000952  0.041959 0.102825 -0.027008
47  6.027515 -0.000273 -0.000230  -1.018312 -0.577603 -1.718436
48  -0.000002 11.691975 -0.000006  -1.063650 0.508349 0.831571
49  0.000004 -0.000000 0.000000  2.808834 -0.000036 1.570860
50  -0.000007 -0.000013 0.000005  2.272645 -0.000036 1.570861
51  -2.623638 -5.981504 -8.890076  0.501198 -2.659041 1.441429
52  -0.000001 0.000000 -0.000000  0.008153 -0.000259 0.000009
53  -0.000000 0.000000 -0.000000  1.565115 0.043565 -0.106862
54  5.380720 -17.542107 -9.547441  0.485597 -1.231219 -1.691093
55  0.000000 0.000000 0.000000  0.000000 -0.000001 -0.000002
56  0.000031 0.000029 0.000001  -1.571901 -0.044449 -0.106509
57  5.616683 -7.063825 -22.855705  1.570796 -0.000000 0.000000
58  -12.815712 4.000748 -21.938503  1.570796 -0.000000 0.000000
59  1.957523 2.828108 -8.860325  1.570796 -0.000000 0.000000
60  -0.004311 0.001229 -0.000371  0.006898 -0.005534 -0.284229
61  0.826810 10.209643 -4.879054  1.570796 -0.000000 0.000000
62  0.000000 0.000000 0.000000  -0.078727 -3.136056 0.284226
63  0.000000 0.000000 0.000000  1.563446 -0.007448 0.005665
64  -4.203444 -7.988740 -2.194938  1.106373 -0.461464 0.272708
65  0.002681 -3.204031 0.621196  -0.000000 -0.000000 0.000000
66  0.048105 -1.112259 2.845372  -0.000000 -0.000000 0.000000
67  -1.184782 0.539746 -0.284905  -0.000000 -0.000000 0.000000
68  0.047884 -1.610073 21.020466  -0.000000 -0.000000 0.000000
69  0.047881 -3.319713 2.472854  -0.000000 -0.000000 0.000000
70  0.172181 -2.040368 3.568006  -0.000000 -0.000000 0.000000
71  0.654947 -2.537530 2.477229  -0.000000 -0.000000 -0.261799
72  3.036794 -16.780430 -4.063699  1.069087 -0.028268 0.207489
73  0.017809 1.799355 -0.402362  0.000000 -0.000000 -0.000000
74  3.668455 -32.867474 -9.667730  -0.408016 -0.035963 0.686730
75  0.031323 2.100358 -1.138379  0.000000 -0.000000 -0.000000
76  -0.024050 1.849583 -1.138376  0.000000 -0.000000 -0.000000
time 22
0  0.000006 0.000000 0.000000  -1.570800 -1.391899 -1.570792
1  -9.152296 -0.826869 1.954851  -1.544956 -1.855077 -0.198630
2  6.027520 -0.000325 0.000190  -1.571094 -1.134635 -0.519700
3  11.692112 0.000645 -0.000740  0.173298 -0.000009 -1.194053
4  11.480234 -0.000429 -0.000666  1.760739 -0.515959 -0.393424
5  4.012603 -0.225266 -1.166705  -0.349670 -0.048651 -1.139717
6  1.312590 0.000012 0.000004  -0.003881 -0.005319 -0.384590
7  0.729353 0.000053 0.000049  0.000146 0.001212 -1.445771
8  4.030029 0.093070 -0.375372  -0.233355 -0.041409 -0.829839
9  1.539111 0.000083 0.000002  0.021633 -0.107669 -0.861826
10  1.196332 0.000148 0.000027  0.010348 0.006516 -1.537146
11  3.883510 -0.047211 0.431347  -0.177148 -0.021865 -0.477620
12  1.719574 -0.000029 0.000017  0.001881 -0.131125 -1.171348
13  1.209178 0.000090 0.000011  0.009884 0.006829 -1.248374
14  4.536303 0.018270 1.413222  -0.156951 -0.212901 -0.526867
15  1.719446 -0.000020 0.000027  -0.007686 -0.007400 -0.967579
16  1.099675 0.000052 0.000007  -0.001126 0.001970 -1.278964
17  1.283371 -0.205631 1.699551  -1.272226 -0.829402 -0.991247
18  1.789819 -0.000008 -0.000019  -0.069497 -0.041070 0.412322
19  1.207015 -0.000011 -0.000042  -0.122294 -0.107472 1.297543
20  5.740634 0.000388 -0.000698  0.044773 0.000003 0.000063
21  11.481053 0.000087 -0.000784  0.028924 -0.085968 -0.076927
22  6.027524 -0.000328 0.000200  1.912843 -0.276231 1.704619
23  -0.000001 11.692099 -0.000006  -0.844086 -0.316975 -0.683835
24  0.000002 0.000009 0.000000  1.042382 -0.000030 1.570738
25  -0.000000 -0.000012 0.000001  0.868960 0.000002 1.570712
26  -6.617934 -9.178503 0.826812  1.473120 1.855075 -0.198639
27  6.027515 -0.000259 -0.000222  1.357820 0.796807 -0.899530
28  11.691992 0.000161 0.000857  0.550337 0.000051 -1.543122
29  11.479943 -0.000060 0.001000  -1.287496 0.615519 -0.067400
30  3.859438 -0.132758 1.193065  0.469647 -0.013262 -1.872395
31  1.312559 0.000026 -0.000002  0.024060 -0.138696 -0.550187
32  0.729346 0.000064 -0.000027  -0.166197 -0.081570 -0.714273
33  3.942047 0.050139 0.431000  0.225309 -0.086237 -1.592712
34  1.539097 0.000007 -0.000001  0.035254 -0.050373 -0.994350
35  1.196301 0.000078 -0.000004  -0.021521 0.002175 -0.839738
36  3.883414 -0.050472 -0.431085  0.184824 -0.271737 -1.204030
37  1.719564 -0.000084 -0.000004  0.022859 -0.107186 -1.509108
38  1.209197 0.000035 0.000012  0.000661 0.071072 -0.480462
39  3.859588 -0.149082 -1.331321  -0.169310 -0.013949 -0.130367
40  1.719413 -0.000098 -0.000037  -0.026893 -0.017707 -0.372026
41  1.099674 0.000023 0.000007  -0.006707 -0.002285 0.193929
42  0.805984 -0.359848 -1.318339  0.991670 0.166767 -0.799527
43  1.789780 -0.000008 -0.000042  0.000058 -0.002451 0.133097
44  1.206996 -0.000006 0.000005  0.000372 -0.000071 1.058780
45  5.740573 0.000078 0.000721  0.114242 -0.000014 0.000028
46  11.480933 0.000060 0.000946  0.051731 0.101655 -0.040353
47  6.027515 -0.000273 -0.000230  -1.033214 -0.587122 -1.721682
48  -0.000001 11.691973 -0.000005  -1.054880 0.499971 0.826200
49  0.000004 -0.000001 0.000000  2.822868 -0.000036 1.570860
50  -0.000007 -0.000014 0.000005  2.272645 -0.000036 1.570861
51  -2.405538 -6.049731 -9.040864  0.598781 -2.639810 1.432560
52  0.000000 0.000000 -0.000000  0.008153 -0.000259 0.000009
53  0.000000 0.000000 0.000000  1.565115 0.043565 -0.106862
54  5.556372 -16.521446 -8.518999  -1.829861 -1.998750 0.813980
55  -0.000000 0.000001 -0.000000  0.000000 -0.000001 -0.000002
56  0.000030 0.000029 0.000000  -1.571901 -0.044449 -0.106510
57  17.712395 -5.944959 -20.925625  1.570796 -0.000000 0.000000
58  -12.415453 4.000748 -21.833288  1.570796 -0.000000 0.000000
59  1.959163 2.441901 -8.860325  1.570796 -0.000000 0.000000
60  -0.004311 0.001229 -0.000371  0.006898 -0.005534 -0.284229
61  0.826810 10.209643 -4.879054  1.570796 -0.000000 0.000000
62  0.000000 0.000000 0.000000  -0.078727 -3.136056 0.284226
63  0.000000 0.000000 0.000000  1.563113 -0.010123 0.005051
64  -4.463163 -7.921689 -2.436956  1.044977 -0.531120 0.339240
65  0.002681 -3.204031 0.621197  -0.000000 -0.000000 -0.000000
66  0.048105 -1.112259 2.845372  -0.000000 -0.000000 -0.000000
67  -1.184782 0.539746 -0.284904  -0.000000 -0.000000 -0.000000
68  0.047884 -1.610071 21.020466  -0.000000 -0.000000 -0.000000
69  0.047882 -3.319713 2.472855  -0.000000 -0.000000 -0.000000
70  0.172181 -2.040368 3.568007  -0.000000 -0.000000 -0.000000
71  0.654947 -2.537530 2.477231  0.000000 -0.000000 -0.261799
72  1.572640 -15.916901 -4.056941  0.927899 -0.308380 0.367604
73  0.017810 1.799357 -0.402361  0.000000 0.000000 0.000000
74  3.997541 -33.839844 -11.341879  -0.630644 -0.015745 0.770129
75  0.031323 2.100358 -1.138378  0.000000 0.000000 0.000000
76  -0.024050 1.849583 -1.138377  0.000000 0.000000 0.000000
time 23
0  0.000006 0.000000 0.000000  -1.570800 -1.391899 -1.570792
1  -9.088510 -0.474126 1.956410  -1.544956 -1.855077 -0.198630
2  6.027519 -0.000329 0.000190  -1.684533 -1.116835 -0.270792
3  11.692109 0.000643 -0.000740  0.182026 -0.000017 -1.341826
4  11.480223 -0.000503 -0.000652  1.808964 -0.447983 -0.288577
5  4.012603 -0.225266 -1.166702  -0.349670 -0.048651 -1.139717
6  1.312587 0.000012 0.000008  -0.003881 -0.005319 -0.384590
7  0.729354 0.000054 0.000050  0.000146 0.001212 -1.445771
8  4.030029 0.093070 -0.375369  -0.233355 -0.041409 -0.829839
9  1.539111 0.000083 0.000004  0.021633 -0.107669 -0.861826
10  1.196331 0.000148 0.000028  0.010348 0.006516 -1.537146
11  3.883510 -0.047211 0.431351  -0.177148 -0.021865 -0.477620
12  1.719572 -0.000028 0.000020  0.001881 -0.131125 -1.171348
13  1.209179 0.000090 0.000011  0.009884 0.006829 -1.248374
14  4.536304 0.018268 1.413225  -0.156951 -0.212901 -0.526867
15  1.719446 -0.000021 0.000026  -0.007686 -0.007401 -0.967579
16  1.099676 0.000051 0.000009  -0.001126 0.001970 -1.278965
17  1.283371 -0.205631 1.699553  -1.272226 -0.829402 -0.991247
18  1.789819 -0.000005 -0.000018  -0.069497 -0.041070 0.412322
19  1.207015 -0.000012 -0.000043  -0.122294 -0.107472 1.297543
20  5.740635 0.000386 -0.000699  0.064827 0.000003 0.000063
21  11.481054 0.000071 -0.000782  0.043302 -0.071921 -0.055385
22  6.027524 -0.000330 0.000200  1.956451 -0.245832 1.839857
23  -0.000001 11.692101 -0.000008  -0.934815 -0.391060 -0.747844
24  0.000003 0.000008 0.000000  1.051118 -0.000031 1.570739
25  0.000000 -0.000012 0.000000  0.868960 0.000002 1.570712
26  -6.617934 -9.178503 0.826812  1.473120 1.855075 -0.198639
27  6.027515 -0.000259 -0.000222  1.337968 0.798469 -0.925856
28  11.691991 0.000164 0.000858  0.562566 0.000050 -1.532686
29  11.480021 -0.000008 0.000976  -1.249722 0.616074 -0.115624
30  3.859437 -0.132759 1.193065  0.469647 -0.013262 -1.872395
31  1.312559 0.000025 -0.000002  0.024060 -0.138696 -0.550187
32  0.729345 0.000065 -0.000029  -0.166197 -0.081570 -0.714272
33  3.942046 0.050138 0.431000  0.225309 -0.086237 -1.592712
34  1.539096 0.000004 -0.000000  0.035254 -0.050373 -0.994350
35  1.196299 0.000078 -0.000004  -0.021521 0.002175 -0.839738
36  3.883412 -0.050472 -0.431084  0.184824 -0.271737 -1.204030
37  1.719564 -0.000084 -0.000004  0.022858 -0.107186 -1.509108
38  1.209198 0.000035 0.000011  0.000661 0.071072 -0.480462
39  3.859588 -0.149083 -1.331322  -0.169310 -0.013949 -0.130367
40  1.719412 -0.000098 -0.000036  -0.026893 -0.017707 -0.372026
41  1.099674 0.000024 0.000007  -0.006707 -0.002285 0.193929
42  0.805984 -0.359848 -1.318339  0.991670 0.166767 -0.799527
43  1.789781 -0.000008 -0.000042  0.000058 -0.002451 0.133098
44  1.206996 -0.000008 0.000005  0.000372 -0.000071 1.058780
45  5.740574 0.000080 0.000721  0.123999 -0.000014 0.000028
46  11.480949 0.000072 0.000940  0.060801 0.100656 -0.051982
47  6.027515 -0.000273 -0.000230  -1.046164 -0.596034 -1.726578
48  -0.000001 11.691976 -0.000007  -1.048723 0.494121 0.822398
49  0.000003 0.000000 0.000000  2.835098 -0.000036 1.570860
50  -0.000007 -0.000013 0.000004  2.272645 -0.000036 1.570861
51  -2.198457 -6.084352 -9.155156  -2.450039 -0.517459 -1.721044
52  -0.000000 -0.000000 0.000000  0.008153 -0.000259 0.000009
53  -0.000001 -0.000000 -0.000000  1.565115 0.043565 -0.106862
54  5.125736 -15.666945 -7.605582  -1.443378 -2.130307 0.529861
55  0.000001 -0.000002 0.000001  0.000000 -0.000001 -0.000002
56  0.000031 0.000027 0.000002  -1.571902 -0.044449 -0.106509
57  19.445530 -6.107634 -19.085121  1.570796 -0.000000 0.000000
58  -12.020339 4.000748 -21.730511  1.570796 -0.000000 0.000000
59  1.960722 2.083438 -8.860325  1.570796 -0.000000 0.000000
60  -0.004311 0.001229 -0.000371  0.006898 -0.005534 -0.284229
61  0.826810 10.209643 -4.879054  1.570796 -0.000000 0.000000
62  0.000000 0.000000 0.000000  -0.078727 -3.136056 0.284226
63  0.000000 0.000000 0.000000  1.562797 -0.013601 0.004404
64  -4.705188 -7.854637 -2.679660  0.981572 -0.593795 0.406351
65  0.002680 -3.204030 0.621196  0.000000 -0.000000 -0.000000
66  0.048105 -1.112259 2.845371  0.000000 -0.000000 -0.000000
67  -1.184782 0.539745 -0.284906  0.000000 -0.000000 -0.000000
68  0.047884 -1.610072 21.020462  0.000000 -0.000000 -0.000000
69  0.047881 -3.319713 2.472855  0.000000 -0.000000 -0.000000
70  0.172179 -2.040368 3.568007  0.000000 -0.000000 -0.000000
71  0.654946 -2.537530 2.477229  0.000000 -0.000000 -0.261799
72  0.251807 -15.070723 -4.136449  0.770432 -0.478429 0.486174
73  0.017809 1.799355 -0.402361  -0.000000 0.000000 0.000000
74  4.261051 -34.618454 -13.139639  -0.897087 0.043756 0.854329
75  0.031322 2.100358 -1.138384  0.000000 -0.000000 0.000000
76  -0.024052 1.849582 -1.138381  0.000000 -0.000000 0.000000
time 24
0  0.000006 0.000000 0.000000  -1.570800 -1.391899 -1.570792
1  -9.030453 -0.153073 1.957862  -1.544956 -1.855077 -0.198630
2  6.027519 -0.000331 0.000190  -1.878834 -1.129639 0.036953
3  11.692112 0.000644 -0.000737  0.206590 -0.000019 -1.412989
4  11.479788 -0.000750 -0.000591  1.765740 -0.402659 -0.228889
5  4.012603 -0.225267 -1.166704  -0.349670 -0.048651 -1.139717
6  1.312590 0.000012 0.000005  -0.003881 -0.005318 -0.384590
7  0.729354 0.000053 0.000050  0.000146 0.001212 -1.445771
8  4.030029 0.093068 -0.375372  -0.233355 -0.041409 -0.829839
9  1.539110 0.000082 0.000005  0.021633 -0.107669 -0.861826
10  1.196331 0.000149 0.000027  0.010348 0.006517 -1.537146
11  3.883509 -0.047212 0.431349  -0.177148 -0.021865 -0.477620
12  1.719573 -0.000029 0.000017  0.001881 -0.131125 -1.171348
13  1.209179 0.000089 0.000010  0.009884 0.006829 -1.248374
14  4.536304 0.018269 1.413225  -0.156951 -0.212901 -0.526867
15  1.719446 -0.000020 0.000026  -0.007686 -0.007400 -0.967579
16  1.099676 0.000052 0.000008  -0.001126 0.001970 -1.278964
17  1.283371 -0.205632 1.699552  -1.272226 -0.829402 -0.991247
18  1.789818 -0.000007 -0.000018  -0.069497 -0.041070 0.412322
19  1.207015 -0.000011 -0.000042  -0.122294 -0.107472 1.297543
20  5.740633 0.000389 -0.000697  0.063702 0.000003 0.000063
21  11.480966 0.000022 -0.000770  0.037540 -0.061370 -0.046647
22  6.027524 -0.000330 0.000200  1.981999 -0.164653 1.967120
23  0.000001 11.692103 -0.000007  -0.977665 -0.428592 -0.776718
24  0.000002 0.000008 0.000000  1.075686 -0.000031 1.570738
25  0.000001 -0.000011 -0.000000  0.868960 0.000002 1.570712
26  -6.617934 -9.178503 0.826812  1.473120 1.855075 -0.198639
27  6.027515 -0.000259 -0.000222  1.323223 0.797831 -0.949364
28  11.691992 0.000162 0.000857  0.572873 0.000050 -1.525947
29  11.480073 0.000030 0.000959  -1.221636 0.614686 -0.154679
30  3.859438 -0.132758 1.193065  0.469647 -0.013262 -1.872395
31  1.312560 0.000027 -0.000001  0.024060 -0.138696 -0.550187
32  0.729346 0.000064 -0.000028  -0.166197 -0.081570 -0.714272
33  3.942047 0.050139 0.431000  0.225309 -0.086237 -1.592712
34  1.539097 0.000006 -0.000001  0.035254 -0.050373 -0.994350
35  1.196300 0.000078 -0.000003  -0.021521 0.002175 -0.839738
36  3.883413 -0.050472 -0.431085  0.184824 -0.271737 -1.204030
37  1.719564 -0.000085 -0.000004  0.022858 -0.107186 -1.509108
38  1.209198 0.000035 0.000011  0.000661 0.071072 -0.480462
39  3.859588 -0.149082 -1.331322  -0.169309 -0.013949 -0.130367
40  1.719412 -0.000098 -0.000036  -0.026893 -0.017707 -0.372026
41  1.099674 0.000024 0.000007  -0.006707 -0.002285 0.193929
42  0.805984 -0.359847 -1.318338  0.991670 0.166767 -0.799527
43  1.789781 -0.000008 -0.000042  0.000058 -0.002451 0.133098
44  1.206997 -0.000007 0.000006  0.000372 -0.000071 1.058780
45  5.740573 0.000080 0.000721  0.131681 -0.000014 0.000028
46  11.480960 0.000081 0.000936  0.067696 0.099283 -0.061191
47  6.027515 -0.000273 -0.000230  -1.054362 -0.603816 -1.734899
48  -0.000001 11.691975 -0.000006  -1.044744 0.490354 0.819928
49  0.000004 -0.000000 -0.000000  2.845404 -0.000036 1.570860
50  -0.000008 -0.000014 0.000005  2.272645 -0.000036 1.570861
51  -2.043604 -6.098239 -9.246146  -2.373351 -0.529414 -1.733483
52  0.000000 -0.000000 -0.000000  0.008153 -0.000259 0.000009
53  0.000000 0.000001 -0.000000  1.565115 0.043565 -0.106862
54  4.577688 -15.091543 -6.322831  -1.213666 -2.255023 0.333395
55  0.000000 -0.000000 0.000000  0.000000 -0.000001 -0.000002
56  0.000030 0.000029 0.000001  -1.571902 -0.044449 -0.106509
57  20.654062 -6.565840 -16.834435  1.570796 -0.000000 0.000000
58  -11.638502 4.000748 -21.632433  1.570796 -0.000000 0.000000
59  1.962175 1.757177 -8.860325  1.570796 -0.000000 0.000000
60  -0.004311 0.001229 -0.000371  0.006898 -0.005534 -0.284229
61  0.826810 10.209643 -4.879054  1.570796 -0.000000 0.000000
62  0.000000 0.000000 0.000000  -0.078727 -3.136056 0.284226
63  0.000000 0.000000 0.000000  1.562531 -0.017079 0.003758
64  -4.914121 -7.796145 -2.903678  0.923907 -0.642233 0.465688
65  0.002680 -3.204031 0.621196  0.000000 0.000000 -0.000000
66  0.048105 -1.112259 2.845372  0.000000 0.000000 -0.000000
67  -1.184782 0.539747 -0.284905  0.000000 0.000000 -0.000000
68  0.047884 -1.610073 21.020468  0.000000 0.000000 -0.000000
69  0.047881 -3.319714 2.472855  0.000000 0.000000 -0.000000
70  0.172180 -2.040368 3.568006  0.000000 0.000000 -0.000000
71  0.654947 -2.537530 2.477230  -0.000000 0.000000 -0.261799
72  -0.798514 -14.238523 -3.770503  0.602430 -0.589773 0.562862
73  0.017810 1.799356 -0.402361  -0.000000 0.000000 0.000000
74  4.466274 -35.224838 -15.038139  -1.192850 0.141552 0.920104
75  0.031323 2.100359 -1.138382  -0.000000 -0.000000 -0.000000
76  -0.024052 1.849582 -1.138380  -0.000000 -0.000000 -0.000000
time 25
0  0.000006 0.000000 0.000000  -1.570800 -1.391899 -1.570792
1  -8.978669 0.133295 1.959184  -1.544956 -1.855077 -0.198630
2  6.027519 -0.000332 0.000190  -2.126490 -1.128298 0.359980
3  11.692112 0.000645 -0.000739  0.238043 -0.000022 -1.429727
4  11.479699 -0.000815 -0.000559  1.690290 -0.348033 -0.202276
5  4.012604 -0.225267 -1.166704  -0.349670 -0.048651 -1.139717
6  1.312589 0.000012 0.000005  -0.003881 -0.005318 -0.384590
7  0.729354 0.000053 0.000050  0.000146 0.001212 -1.445771
8  4.030030 0.093069 -0.375371  -0.233355 -0.041409 -0.829839
9  1.539111 0.000082 0.000005  0.021633 -0.107669 -0.861826
10  1.196332 0.000148 0.000028  0.010348 0.006516 -1.537146
11  3.883510 -0.047211 0.431350  -0.177148 -0.021865 -0.477620
12  1.719573 -0.000029 0.000017  0.001881 -0.131125 -1.171348
13  1.209178 0.000088 0.000010  0.009884 0.006829 -1.248374
14  4.536304 0.018269 1.413224  -0.156951 -0.212901 -0.526867
15  1.719446 -0.000020 0.000026  -0.007686 -0.007400 -0.967579
16  1.099676 0.000052 0.000008  -0.001126 0.001970 -1.278964
17  1.283371 -0.205630 1.699553  -1.272226 -0.829402 -0.991247
18  1.789818 -0.000007 -0.000017  -0.069497 -0.041070 0.412322
19  1.207014 -0.000013 -0.000042  -0.122294 -0.107472 1.297543
20  5.740635 0.000389 -0.000700  0.053458 0.000003 0.000063
21  11.480949 0.000011 -0.000765  0.024385 -0.049320 -0.045481
22  6.027524 -0.000330 0.000200  2.009167 -0.062473 2.062981
23  -0.000002 11.692101 -0.000006  -0.987676 -0.437582 -0.783324
24  0.000002 0.000009 0.000000  1.107138 -0.000030 1.570739
25  0.000000 -0.000011 0.000001  0.868960 0.000002 1.570712
26  -6.617934 -9.178503 0.826812  1.473120 1.855075 -0.198639
27  6.027516 -0.000258 -0.000222  1.315414 0.794364 -0.968729
28  11.691992 0.000160 0.000857  0.581203 0.000049 -1.521041
29  11.480110 0.000057 0.000946  -1.210197 0.607939 -0.184853
30  3.859437 -0.132758 1.193065  0.469647 -0.013262 -1.872395
31  1.312559 0.000026 -0.000000  0.024060 -0.138696 -0.550187
32  0.729346 0.000065 -0.000028  -0.166197 -0.081570 -0.714273
33  3.942046 0.050138 0.430999  0.225309 -0.086237 -1.592712
34  1.539097 0.000007 -0.000000  0.035254 -0.050373 -0.994350
35  1.196300 0.000078 -0.000003  -0.021521 0.002175 -0.839738
36  3.883414 -0.050473 -0.431085  0.184824 -0.271737 -1.204030
37  1.719563 -0.000085 -0.000003  0.022859 -0.107186 -1.509108
38  1.209197 0.000035 0.000011  0.000661 0.071072 -0.480462
39  3.859589 -0.149082 -1.331321  -0.169310 -0.013950 -0.130367
40  1.719412 -0.000099 -0.000035  -0.026894 -0.017707 -0.372026
41  1.099675 0.000024 0.000008  -0.006707 -0.002285 0.193929
42  0.805983 -0.359848 -1.318339  0.991670 0.166767 -0.799527
43  1.789780 -0.000008 -0.000041  0.000058 -0.002451 0.133097
44  1.206997 -0.000007 0.000005  0.000372 -0.000071 1.058780
45  5.740572 0.000080 0.000721  0.135228 -0.000014 0.000028
46  11.480968 0.000086 0.000934  0.071120 0.097066 -0.067540
47  6.027515 -0.000273 -0.000230  -1.056104 -0.610125 -1.747690
48  -0.000002 11.691975 -0.000006  -1.041846 0.487618 0.818122
49  0.000002 0.000000 0.000000  2.853735 -0.000036 1.570860
50  -0.000008 -0.000013 0.000005  2.272645 -0.000036 1.570861
51  -1.969294 -6.110381 -9.334871  -2.322848 -0.538141 -1.743673
52  -0.000001 0.000000 0.000000  0.008153 -0.000259 0.000009
53  0.000000 -0.000000 -0.000001  1.565115 0.043565 -0.106862
54  4.154205 -14.728912 -4.883559  -1.080337 -2.376945 0.223027
55  -0.000000 0.000000 -0.000000  0.000000 -0.000001 -0.000002
56  0.000030 0.000029 0.000000  -1.571901 -0.044449 -0.106509
57  21.284370 -7.154174 -14.680444  1.570796 -0.000000 0.000000
58  -11.276905 4.000748 -21.540958  1.570796 -0.000000 0.000000
59  1.963496 1.466166 -8.860325  1.570796 -0.000000 0.000000
60  -0.004311 0.001229 -0.000371  0.006898 -0.005534 -0.284229
61  0.826810 10.209643 -4.879054  1.570796 -0.000000 0.000000
62  0.000000 0.000000 0.000000  -0.078727 -3.136056 0.284226
63  0.000000 0.000000 0.000000  1.562351 -0.019755 0.003145
64  -5.074561 -7.754774 -3.089638  0.881762 -0.671433 0.506938
65  0.002681 -3.204031 0.621195  -0.000000 -0.000000 -0.000000
66  0.048105 -1.112260 2.845371  -0.000000 -0.000000 -0.000000
67  -1.184782 0.539745 -0.284905  -0.000000 -0.000000 -0.000000
68  0.047884 -1.610074 21.020464  -0.000000 -0.000000 -0.000000
69  0.047881 -3.319713 2.472853  -0.000000 -0.000000 -0.000000
70  0.172180 -2.040369 3.568005  -0.000000 -0.000000 -0.000000
71  0.654947 -2.537531 2.477229  -0.000000 0.000000 -0.261799
72  -1.513929 -13.694431 -3.166685  0.447990 -0.676499 0.642318
73  0.017809 1.799356 -0.402361  0.000000 -0.000000 0.000000
74  4.620494 -35.680523 -17.018341  -1.500958 0.263240 0.949006
75  0.031325 2.100358 -1.138378  0.000000 -0.000000 0.000000
76  -0.024051 1.849580 -1.138375  0.000000 -0.000000 0.000000
time 26
0  0.000006 0.000000 0.000000  -1.570800 -1.391899 -1.570792
1  -8.933481 0.383187 1.960355  -1.544956 -1.855077 -0.198630
2  6.027520 -0.000333 0.000190  -2.170708 -1.082098 0.463273
3  11.692109 0.000643 -0.000739  0.262455 -0.000023 -1.473451
4  11.480690 -0.000329 -0.000673  1.617581 -0.350505 -0.138460
5  4.012603 -0.225267 -1.166704  -0.349670 -0.048651 -1.139717
6  1.312589 0.000011 0.000004  -0.003881 -0.005319 -0.384590
7  0.729353 0.000053 0.000048  0.000146 0.001212 -1.445771
8  4.030029 0.093070 -0.375371  -0.233355 -0.041409 -0.829839
9  1.539111 0.000083 0.000002  0.021633 -0.107669 -0.861826
10  1.196332 0.000148 0.000027  0.010348 0.006516 -1.537146
11  3.883509 -0.047211 0.431349  -0.177148 -0.021865 -0.477620
12  1.719573 -0.000029 0.000018  0.001881 -0.131125 -1.171348
13  1.209179 0.000090 0.000008  0.009884 0.006829 -1.248374
14  4.536304 0.018270 1.413225  -0.156951 -0.212901 -0.526867
15  1.719446 -0.000020 0.000027  -0.007686 -0.007401 -0.967579
16  1.099676 0.000052 0.000008  -0.001126 0.001970 -1.278964
17  1.283370 -0.205630 1.699552  -1.272226 -0.829402 -0.991247
18  1.789819 -0.000007 -0.000020  -0.069497 -0.041070 0.412322
19  1.207015 -0.000015 -0.000043  -0.122294 -0.107472 1.297543
20  5.740634 0.000389 -0.000699  0.035094 0.000003 0.000063
21  11.481148 0.000109 -0.000788  0.011470 -0.048862 -0.035775
22  6.027524 -0.000330 0.000200  2.057345 -0.047861 2.124093
23  -0.000000 11.692099 -0.000008  -1.013723 -0.461344 -0.800236
24  0.000002 0.000008 0.000000  1.131553 -0.000031 1.570739
25  0.000001 -0.000012 -0.000000  0.868960 0.000002 1.570712
26  -6.617934 -9.178503 0.826812  1.473120 1.855075 -0.198639
27  6.027516 -0.000258 -0.000223  1.316135 0.787814 -0.982965
28  11.691990 0.000162 0.000857  0.587562 0.000049 -1.515887
29  11.480151 0.000085 0.000932  -1.221528 0.591584 -0.206504
30  3.859438 -0.132758 1.193065  0.469647 -0.013262 -1.872395
31  1.312559 0.000027 -0.000001  0.024060 -0.138696 -0.550187
32  0.729345 0.000064 -0.000027  -0.166197 -0.081570 -0.714272
33  3.942047 0.050139 0.431000  0.225309 -0.086237 -1.592712
34  1.539097 0.000007 -0.000001  0.035254 -0.050373 -0.994350
35  1.196300 0.000078 -0.000004  -0.021521 0.002175 -0.839738
36  3.883414 -0.050472 -0.431084  0.184824 -0.271737 -1.204030
37  1.719563 -0.000084 -0.000004  0.022858 -0.107186 -1.509108
38  1.209199 0.000035 0.000011  0.000662 0.071072 -0.480462
39  3.859589 -0.149081 -1.331321  -0.169310 -0.013949 -0.130367
40  1.719413 -0.000098 -0.000036  -0.026893 -0.017707 -0.372026
41  1.099674 0.000023 0.000008  -0.006707 -0.002285 0.193929
42  0.805983 -0.359847 -1.318338  0.991670 0.166767 -0.799527
43  1.789780 -0.000009 -0.000042  0.000058 -0.002451 0.133098
44  1.206996 -0.000006 0.000005  0.000372 -0.000071 1.058780
45  5.740573 0.000082 0.000721  0.132609 -0.000014 0.000028
46  11.480975 0.000093 0.000932  0.069901 0.093357 -0.070671
47  6.027515 -0.000273 -0.000230  -1.050031 -0.614420 -1.765929
48  -0.000001 11.691975 -0.000006  -1.038800 0.484747 0.816218
49  0.000004 0.000000 -0.000000  2.860094 -0.000036 1.570860
50  -0.000008 -0.000014 0.000004  2.272645 -0.000036 1.570861
51  -1.999964 -6.139882 -9.441998  -2.308010 -0.544810 -1.748274
52  0.000000 -0.000001 0.000000  0.008153 -0.000259 0.000009
53  0.000001 0.000000 -0.000000  1.565115 0.043565 -0.106862
54  4.205741 -14.561953 -4.695127  -1.073382 -2.420326 0.238515
55  0.000000 0.000001 -0.000002  0.000000 -0.000001 -0.000002
56  0.000031 0.000030 -0.000000  -1.571901 -0.044449 -0.106509
57  21.488115 -7.612379 -13.232195  1.570796 -0.000000 0.000000
58  -10.941132 4.000748 -21.457596  1.570796 -0.000000 0.000000
59  1.964668 1.212221 -8.860325  1.570796 -0.000000 0.000000
60  -0.004311 0.001229 -0.000371  0.006898 -0.005534 -0.284229
61  0.826810 10.209643 -4.879054  1.570796 -0.000000 0.000000
62  0.000000 0.000000 0.000000  -0.078727 -3.136056 0.284226
63  0.000000 0.000000 0.000000  1.562287 -0.020827 0.002599
64  -5.171109 -7.739080 -3.218168  0.864825 -0.677009 0.520557
65  0.002681 -3.204030 0.621195  -0.000000 -0.000000 0.000000
66  0.048105 -1.112260 2.845371  -0.000000 -0.000000 0.000000
67  -1.184783 0.539746 -0.284905  -0.000000 -0.000000 0.000000
68  0.047884 -1.610073 21.020466  -0.000000 -0.000000 0.000000
69  0.047881 -3.319714 2.472854  -0.000000 -0.000000 0.000000
70  0.172180 -2.040368 3.568006  -0.000000 -0.000000 0.000000
71  0.654947 -2.537530 2.477229  -0.000000 -0.000000 -0.261799
72  -1.551293 -13.650712 -3.221441  0.418324 -0.713773 0.681517
73  0.017809 1.799356 -0.402361  0.000000 0.000000 -0.000000
74  4.730999 -36.007034 -19.062647  -1.805418 0.384574 0.933004
75  0.031321 2.100358 -1.138382  -0.000000 -0.000000 0.000000
76  -0.024051 1.849580 -1.138380  -0.000000 -0.000000 0.000000
time 27
0  0.000006 0.000000 0.000000  -1.570800 -1.391899 -1.570792
1  -8.895034 0.595800 1.961362  -1.544956 -1.855077 -0.198630
2  6.027519 -0.000332 0.000190  -2.102760 -1.068456 0.444696
3  11.692107 0.000642 -0.000739  0.271103 -0.000026 -1.514779
4  11.480341 -0.000541 -0.000613  1.565573 -0.426142 -0.053293
5  4.012604 -0.225267 -1.166703  -0.349670 -0.048651 -1.139717
6  1.312590 0.000011 0.000007  -0.003881 -0.005319 -0.384590
7  0.729355 0.000053 0.000050  0.000146 0.001212 -1.445771
8  4.030030 0.093069 -0.375370  -0.233355 -0.041409 -0.829839
9  1.539111 0.000083 0.000005  0.021633 -0.107669 -0.861826
10  1.196332 0.000148 0.000027  0.010348 0.006516 -1.537146
11  3.883510 -0.047212 0.431350  -0.177148 -0.021865 -0.477620
12  1.719572 -0.000028 0.000016  0.001881 -0.131125 -1.171348
13  1.209179 0.000090 0.000008  0.009884 0.006829 -1.248374
14  4.536304 0.018270 1.413226  -0.156951 -0.212901 -0.526867
15  1.719445 -0.000021 0.000027  -0.007686 -0.007401 -0.967579
16  1.099675 0.000052 0.000009  -0.001126 0.001970 -1.278965
17  1.283371 -0.205631 1.699553  -1.272226 -0.829402 -0.991247
18  1.789818 -0.000007 -0.000019  -0.069497 -0.041070 0.412322
19  1.207015 -0.000014 -0.000041  -0.122294 -0.107472 1.297543
20  5.740636 0.000390 -0.000701  0.020608 0.000003 0.000063
21  11.481077 0.000069 -0.000776  0.003127 -0.063761 -0.020992
22  6.027524 -0.000329 0.000200  2.067048 -0.081562 2.164670
23  0.000002 11.692099 -0.000007  -1.038215 -0.484160 -0.815765
24  0.000002 0.000009 0.000000  1.140203 -0.000030 1.570739
25  0.000001 -0.000011 -0.000000  0.868960 0.000002 1.570712
26  -6.617934 -9.178503 0.826812  1.473120 1.855075 -0.198639
27  6.027516 -0.000258 -0.000223  1.336892 0.769371 -0.985409
28  11.691992 0.000162 0.000858  0.591995 0.000049 -1.514897
29  11.480161 0.000093 0.000928  -1.272234 0.549992 -0.207067
30  3.859437 -0.132758 1.193066  0.469647 -0.013262 -1.872395
31  1.312559 0.000026 -0.000001  0.024060 -0.138696 -0.550187
32  0.729345 0.000065 -0.000028  -0.166197 -0.081570 -0.714272
33  3.942047 0.050138 0.431000  0.225309 -0.086237 -1.592712
34  1.539097 0.000005 -0.000001  0.035254 -0.050373 -0.994350
35  1.196301 0.000078 -0.000004  -0.021521 0.002175 -0.839738
36  3.883413 -0.050472 -0.431084  0.184824 -0.271737 -1.204030
37  1.719564 -0.000085 -0.000004  0.022858 -0.107186 -1.509108
38  1.209198 0.000035 0.000011  0.000661 0.071072 -0.480462
39  3.859588 -0.149082 -1.331321  -0.169309 -0.013949 -0.130367
40  1.719412 -0.000098 -0.000036  -0.026894 -0.017707 -0.372026
41  1.099674 0.000023 0.000006  -0.006707 -0.002285 0.193929
42  0.805983 -0.359848 -1.318338  0.991670 0.166767 -0.799527
43  1.789779 -0.000007 -0.000043  0.000058 -0.002451 0.133097
44  1.206996 -0.000007 0.000005  0.000372 -0.000071 1.058781
45  5.740574 0.000081 0.000721  0.117693 -0.000014 0.000028
46  11.480976 0.000093 0.000930  0.060335 0.085585 -0.067025
47  6.027515 -0.000273 -0.000230  -1.021221 -0.616702 -1.799587
48  -0.000000 11.691974 -0.000005  -1.038214 0.484196 0.815851
49  0.000002 0.000001 -0.000001  2.864527 -0.000036 1.570860
50  -0.000008 -0.000014 0.000005  2.272645 -0.000036 1.570861
51  -2.297014 -6.164840 -9.630776  -2.362720 -0.545506 -1.733923
52  0.000000 0.000000 0.000000  0.008153 -0.000259 0.000009
53  -0.000001 -0.000000 -0.000000  1.565115 0.043565 -0.106862
54  4.020907 -14.604063 -5.325095  -1.120784 -2.374087 0.269521
55  -0.000001 -0.000002 -0.000000  0.000000 -0.000001 -0.000002
56  0.000029 0.000028 0.000001  -1.571901 -0.044449 -0.106509
57  21.511688 -7.775054 -12.756969  1.570796 -0.000000 0.000000
58  -10.635347 4.000748 -21.383444  1.570796 -0.000000 0.000000
59  1.965675 0.996159 -8.860325  1.570796 -0.000000 0.000000
60  -0.004311 0.001229 -0.000371  0.006898 -0.005534 -0.284229
61  0.826810 10.209643 -4.879054  1.570796 -0.000000 0.000000
62  0.000000 0.000000 0.000000  -0.078727 -3.136056 0.284226
63  0.000000 0.000000 0.000000  1.563635 -0.015780 0.002127
64  -5.199912 -7.766996 -3.278143  0.900991 -0.639987 0.484397
65  0.002681 -3.204031 0.621196  -0.000000 0.000000 -0.000000
66  0.048105 -1.112259 2.845373  -0.000000 0.000000 -0.000000
67  -1.184781 0.539746 -0.284904  -0.000000 0.000000 -0.000000
68  0.047884 -1.610073 21.020466  -0.000000 0.000000 -0.000000
69  0.047882 -3.319713 2.472856  -0.000000 0.000000 -0.000000
70  0.172181 -2.040368 3.568007  -0.000000 0.000000 -0.000000
71  0.654948 -2.537531 2.477231  0.000000 0.000000 -0.261800
72  -1.647536 -13.722641 -3.525815  0.484036 -0.685049 0.638078
73  0.017810 1.799356 -0.402360  0.000000 -0.000000 0.000000
74  4.805073 -36.225906 -21.152000  -2.090446 0.483696 0.879111
75  0.031325 2.100357 -1.138380  0.000000 -0.000000 0.000000
76  -0.024047 1.849584 -1.138376  0.000000 -0.000000 0.000000
time 28
0  0.000006 0.000000 0.000000  -1.570800 -1.391899 -1.570792
1  -8.861954 0.778735 1.962193  -1.544956 -1.855077 -0.198630
2  6.027520 -0.000333 0.000190  -2.070428 -1.071877 0.420448
3  11.692107 0.000646 -0.000738  0.269473 -0.000029 -1.557642
4  11.480004 -0.000743 -0.000557  1.517191 -0.430330 0.041377
5  4.012603 -0.225265 -1.166702  -0.349670 -0.048651 -1.139717
6  1.312590 0.000012 0.000004  -0.003881 -0.005319 -0.384590
7  0.729353 0.000053 0.000049  0.000146 0.001212 -1.445771
8  4.030029 0.093070 -0.375371  -0.233355 -0.041409 -0.829839
9  1.539111 0.000083 0.000005  0.021633 -0.107669 -0.861826
10  1.196332 0.000148 0.000025  0.010348 0.006516 -1.537146
11  3.883509 -0.047209 0.431350  -0.177148 -0.021865 -0.477620
12  1.719573 -0.000029 0.000019  0.001881 -0.131125 -1.171348
13  1.209179 0.000090 0.000010  0.009884 0.006829 -1.248374
14  4.536304 0.018271 1.413225  -0.156951 -0.212901 -0.526867
15  1.719445 -0.000020 0.000027  -0.007686 -0.007401 -0.967579
16  1.099676 0.000051 0.000008  -0.001126 0.001970 -1.278964
17  1.283370 -0.205629 1.699553  -1.272226 -0.829402 -0.991247
18  1.789818 -0.000007 -0.000017  -0.069497 -0.041070 0.412322
19  1.207014 -0.000012 -0.000041  -0.122294 -0.107472 1.297543
20  5.740636 0.000390 -0.000700  0.007269 0.000003 0.000064
21  11.481010 0.000029 -0.000765  -0.003696 -0.064998 -0.004574
22  6.027525 -0.000330 0.000200  2.061122 -0.096315 2.169314
23  -0.000001 11.692099 -0.000007  -1.063508 -0.508174 -0.831398
24  0.000003 0.000009 0.000000  1.138573 -0.000030 1.570739
25  -0.000000 -0.000011 0.000000  0.868960 0.000002 1.570712
26  -6.617934 -9.178503 0.826812  1.473120 1.855075 -0.198639
27  6.027516 -0.000258 -0.000223  1.341232 0.768711 -0.997674
28  11.691991 0.000162 0.000857  0.594581 0.000048 -1.505560
29  11.480235 0.000134 0.000904  -1.298746 0.534640 -0.218817
30  3.859437 -0.132760 1.193065  0.469647 -0.013262 -1.872395
31  1.312558 0.000026 -0.000001  0.024060 -0.138696 -0.550187
32  0.729346 0.000064 -0.000028  -0.166197 -0.081570 -0.714272
33  3.942046 0.050138 0.431000  0.225309 -0.086237 -1.592712
34  1.539097 0.000006 0.000000  0.035254 -0.050373 -0.994350
35  1.196301 0.000078 -0.000003  -0.021521 0.002175 -0.839738
36  3.883413 -0.050473 -0.431084  0.184824 -0.271737 -1.204030
37  1.719564 -0.000086 -0.000005  0.022859 -0.107186 -1.509108
38  1.209198 0.000034 0.000011  0.000661 0.071072 -0.480462
39  3.859587 -0.149083 -1.331321  -0.169310 -0.013949 -0.130367
40  1.719412 -0.000098 -0.000035  -0.026893 -0.017707 -0.372026
41  1.099674 0.000025 0.000007  -0.006707 -0.002285 0.193929
42  0.805983 -0.359848 -1.318338  0.991670 0.166767 -0.799527
43  1.789780 -0.000009 -0.000042  0.000058 -0.002451 0.133097
44  1.206996 -0.000007 0.000006  0.000372 -0.000071 1.058780
45  5.740574 0.000080 0.000721  0.111707 -0.000014 0.000028
46  11.480992 0.000102 0.000926  0.055684 0.082567 -0.067589
47  6.027515 -0.000273 -0.000230  -1.018016 -0.614881 -1.816721
48  -0.000002 11.691974 -0.000006  -1.032691 0.479012 0.812382
49  0.000002 0.000000 -0.000000  2.867113 -0.000036 1.570860
50  -0.000009 -0.000013 0.000004  2.272645 -0.000036 1.570861
51  -2.344321 -6.240451 -9.675759  -2.373051 -0.549895 -1.738742
52  0.000001 0.000000 0.000000  0.008153 -0.000259 0.000009
53  -0.000001 -0.000001 -0.000000  1.565115 0.043565 -0.106862
54  3.738963 -14.439487 -5.611462  -1.205521 -2.347826 0.335545
55  0.000000 0.000001 0.000000  0.000000 -0.000001 -0.000002
56  0.000030 0.000030 0.000002  -1.571902 -0.044449 -0.106509
57  21.219028 -7.617942 -12.820776  1.570796 -0.000000 0.000000
58  -10.362407 4.000748 -21.319229  1.570796 -0.000000 0.000000
59  1.966506 0.810257 -8.860325  1.570796 -0.000000 0.000000
60  -0.004311 0.001229 -0.000371  0.006898 -0.005534 -0.284229
61  0.826810 10.209643 -4.879054  1.570796 -0.000000 0.000000
62  0.000000 0.000000 0.000000  -0.078727 -3.136056 0.284226
63  0.000000 0.000000 0.000000  1.566591 -0.006405 0.001793
64  -5.203304 -7.794911 -3.291441  0.903212 -0.630298 0.472881
65  0.002681 -3.204031 0.621196  -0.000000 0.000000 -0.000000
66  0.048105 -1.112260 2.845372  -0.000000 0.000000 -0.000000
67  -1.184782 0.539746 -0.284904  -0.000000 0.000000 -0.000000
68  0.047884 -1.610072 21.020466  -0.000000 0.000000 -0.000000
69  0.047881 -3.319713 2.472856  -0.206379 0.000000 -0.000000
70  0.172180 -2.040369 3.568007  -0.000000 0.000000 -0.000000
71  0.654947 -2.537531 2.477231  0.000000 -0.000000 -0.261799
72  -1.851229 -13.690287 -3.529632  0.568207 -0.678560 0.591384
73  0.017809 1.799356 -0.402361  0.000000 -0.000000 0.000000
74  4.850004 -36.358669 -23.260080  -2.338825 0.550884 0.805904
75  0.031321 2.100356 -1.138378  0.000000 -0.000000 0.000000
76  -0.024054 1.849582 -1.138375  0.000000 -0.000000 0.000000
time 29
0  0.000006 0.000000 0.000000  -1.570800 -1.391899 -1.570792
1  -8.834953 0.928048 1.962842  -1.544956 -1.855077 -0.198630
2  6.027518 -0.000331 0.000190  -2.034271 -1.053024 0.366082
3  11.692107 0.000645 -0.000739  0.259231 -0.000036 -1.677615
4  11.479145 -0.001205 -0.000440  1.443986 -0.344171 0.236347
5  4.012603 -0.225266 -1.166704  -0.349670 -0.048651 -1.139717
6  1.312590 0.000011 0.000007  -0.003881 -0.005319 -0.384590
7  0.729353 0.000052 0.000050  0.000146 0.001212 -1.445771
8  4.030029 0.093069 -0.375371  -0.233355 -0.041409 -0.829839
9  1.539111 0.000083 0.000005  0.021633 -0.107669 -0.861826
10  1.196332 0.000148 0.000027  0.010348 0.006516 -1.537146
11  3.883508 -0.047210 0.431350  -0.177148 -0.021865 -0.477620
12  1.719572 -0.000028 0.000018  0.001881 -0.131125 -1.171348
13  1.209179 0.000089 0.000010  0.009884 0.006829 -1.248374
14  4.536304 0.018270 1.413226  -0.156951 -0.212901 -0.526867
15  1.719446 -0.000021 0.000027  -0.007686 -0.007400 -0.967579
16  1.099675 0.000052 0.000008  -0.001126 0.001970 -1.278965
17  1.283370 -0.205631 1.699552  -1.272226 -0.829402 -0.991247
18  1.789818 -0.000008 -0.000018  -0.069497 -0.041070 0.412322
19  1.207015 -0.000011 -0.000042  -0.122294 -0.107472 1.297543
20  5.740637 0.000389 -0.000699  -0.019884 0.000003 0.000064
21  11.480840 -0.000065 -0.000740  -0.014960 -0.050168 0.031634
22  6.027524 -0.000329 0.000200  2.076332 -0.117204 2.144915
23  -0.000000 11.692101 -0.000007  -1.133938 -0.577140 -0.872503
24  0.000004 0.000010 0.000000  1.128337 -0.000031 1.570739
25  -0.000000 -0.000011 -0.000000  0.868960 0.000002 1.570712
26  -6.617934 -9.178503 0.826812  1.473120 1.855075 -0.198639
27  6.027516 -0.000258 -0.000223  1.327221 0.765442 -1.014673
28  11.691990 0.000162 0.000857  0.595420 0.000050 -1.538061
29  11.479980 0.000006 0.000990  -1.257505 0.573905 -0.172440
30  3.859438 -0.132758 1.193065  0.469647 -0.013262 -1.872395
31  1.312560 0.000027 -0.000001  0.024060 -0.138696 -0.550187
32  0.729345 0.000065 -0.000027  -0.166197 -0.081570 -0.714272
33  3.942047 0.050139 0.431000  0.225309 -0.086237 -1.592712
34  1.539098 0.000005 -0.000001  0.035254 -0.050373 -0.994350
35  1.196301 0.000078 -0.000004  -0.021521 0.002175 -0.839738
36  3.883413 -0.050472 -0.431085  0.184824 -0.271737 -1.204030
37  1.719564 -0.000085 -0.000005  0.022859 -0.107186 -1.509108
38  1.209199 0.000035 0.000011  0.000661 0.071072 -0.480462
39  3.859589 -0.149081 -1.331321  -0.169310 -0.013949 -0.130367
40  1.719413 -0.000098 -0.000036  -0.026893 -0.017707 -0.372026
41  1.099674 0.000023 0.000006  -0.006707 -0.002285 0.193929
42  0.805983 -0.359847 -1.318338  0.991670 0.166767 -0.799527
43  1.789780 -0.000008 -0.000042  0.000058 -0.002451 0.133097
44  1.206996 -0.000005 0.000005  0.000372 -0.000071 1.058780
45  5.740573 0.000078 0.000721  0.125651 -0.000013 0.000028
46  11.480939 0.000075 0.000943  0.061824 0.090999 -0.061601
47  6.027515 -0.000273 -0.000230  -1.023621 -0.624453 -1.820741
48  -0.000000 11.691975 -0.000005  -1.051895 0.497131 0.824360
49  0.000004 0.000000 0.000000  2.867951 -0.000036 1.570860
50  -0.000007 -0.000013 0.000005  2.272645 -0.000036 1.570861
51  -2.111823 -5.971766 -9.468628  -2.325002 -0.515566 -1.745623
52  0.000001 -0.000001 0.000000  0.008153 -0.000259 0.000009
53  0.000000 0.000000 0.000000  1.565115 0.043565 -0.106862
54  3.550505 -13.516989 -5.838923  -1.390022 -2.358533 0.512986
55  -0.000000 -0.000001 -0.000000  0.000000 -0.000001 -0.000002
56  0.000030 0.000028 0.000001  -1.571902 -0.044449 -0.106509
57  20.394693 -7.175406 -13.000500  1.570796 -0.000000 0.000000
58  -10.124014 4.000748 -21.265354  1.570796 -0.000000 0.000000
59  1.967155 0.658523 -8.860325  1.570796 -0.000000 0.000000
60  -0.004311 0.001229 -0.000371  0.006898 -0.005534 -0.284229
61  0.826810 10.209643 -4.879054  1.570796 -0.000000 0.000000
62  0.000000 0.000000 0.000000  -0.078727 -3.136056 0.284226
63  0.000000 0.000000 0.000000  1.569540 -0.001358 0.001676
64  -5.235166 -7.747085 -3.268416  0.905934 -0.684025 0.488746
65  0.002680 -3.204032 0.621196  0.000000 -0.000000 -0.000000
66  0.048105 -1.112260 2.845371  0.000000 -0.000000 -0.000000
67  -1.184782 0.539746 -0.284905  0.000000 -0.000000 -0.000000
68  0.047884 -1.610074 21.020466  0.000000 -0.000000 -0.000000
69  0.047882 -3.319714 2.472854  -0.412758 -0.000000 -0.000000
70  0.172180 -2.040369 3.568006  0.000000 -0.000000 -0.000000
71  0.654947 -2.537531 2.477230  0.000000 -0.000000 -0.261799
72  -1.964157 -13.300281 -3.454160  0.733704 -0.707008 0.531931
73  0.017810 1.799356 -0.402361  0.000000 -0.000000 -0.000000
74  4.873077 -36.426842 -25.333977  -2.533890 0.588728 0.734772
75  0.031325 2.100358 -1.138382  -0.000000 0.000000 -0.000000
76  -0.024049 1.849584 -1.138379  -0.000000 0.000000 -0.000000
time 30
0  0.000006 0.000000 0.000000  -1.570800 -1.391899 -1.570792
1  -8.816887 1.027961 1.963305  -1.544956 -1.855077 -0.198630
2  6.027519 -0.000331 0.000190  -1.993699 -1.043618 0.302182
3  11.692107 0.000646 -0.000738  0.230866 -0.000045 -1.809502
4  11.479829 -0.000886 -0.000551  1.441841 -0.256066 0.479819
5  4.012603 -0.225265 -1.166703  -0.349670 -0.048651 -1.139717
6  1.312589 0.000013 0.000004  -0.003881 -0.005318 -0.384590
7  0.729354 0.000054 0.000049  0.000146 0.001212 -1.445771
8  4.030030 0.093071 -0.375370  -0.233355 -0.041409 -0.829839
9  1.539111 0.000083 0.000004  0.021633 -0.107669 -0.861826
10  1.196332 0.000148 0.000025  0.010348 0.006516 -1.537146
11  3.883509 -0.047209 0.431351  -0.177148 -0.021865 -0.477620
12  1.719573 -0.000029 0.000019  0.001881 -0.131125 -1.171348
13  1.209179 0.000090 0.000010  0.009884 0.006829 -1.248374
14  4.536304 0.018271 1.413226  -0.156951 -0.212901 -0.526867
15  1.719446 -0.000020 0.000026  -0.007686 -0.007401 -0.967579
16  1.099675 0.000051 0.000008  -0.001126 0.001970 -1.278964
17  1.283370 -0.205629 1.699554  -1.272226 -0.829402 -0.991247
18  1.789818 -0.000006 -0.000017  -0.069497 -0.041070 0.412322
19  1.207015 -0.000013 -0.000043  -0.122294 -0.107472 1.297543
20  5.740635 0.000387 -0.000700  -0.042661 0.000003 0.000063
21  11.480974 -0.000000 -0.000764  -0.014575 -0.035012 0.081197
22  6.027525 -0.000329 0.000200  2.081014 -0.139039 2.115577
23  -0.000001 11.692100 -0.000009  -1.211331 -0.655600 -0.912932
24  0.000003 0.000009 -0.000000  1.099974 -0.000031 1.570739
25  -0.000000 -0.000011 -0.000001  0.868960 0.000002 1.570712
26  -6.617934 -9.178503 0.826812  1.473120 1.855075 -0.198639
27  6.027516 -0.000258 -0.000223  1.329337 0.755421 -1.022296
28  11.691989 0.000161 0.000857  0.595421 0.000053 -1.574227
29  11.479709 -0.000125 0.001078  -1.207569 0.580993 -0.116733
30  3.859437 -0.132760 1.193065  0.469647 -0.013262 -1.872395
31  1.312559 0.000026 -0.000002  0.024060 -0.138696 -0.550187
32  0.729346 0.000064 -0.000028  -0.166197 -0.081570 -0.714272
33  3.942047 0.050138 0.431000  0.225309 -0.086237 -1.592712
34  1.539096 0.000005 0.000000  0.035254 -0.050373 -0.994350
35  1.196300 0.000078 -0.000004  -0.021521 0.002175 -0.839738
36  3.883413 -0.050473 -0.431084  0.184824 -0.271737 -1.204030
37  1.719563 -0.000084 -0.000003  0.022858 -0.107186 -1.509108
38  1.209197 0.000035 0.000012  0.000662 0.071072 -0.480462
39  3.859588 -0.149083 -1.331321  -0.169310 -0.013949 -0.130367
40  1.719412 -0.000098 -0.000037  -0.026894 -0.017707 -0.372026
41  1.099673 0.000024 0.000007  -0.006707 -0.002285 0.193929
42  0.805983 -0.359849 -1.318339  0.991670 0.166767 -0.799527
43  1.789780 -0.000008 -0.000042  0.000058 -0.002451 0.133098
44  1.206996 -0.000007 0.000005  0.000372 -0.000071 1.058780
45  5.740571 0.000079 0.000720  0.136877 -0.000014 0.000028
46  11.480885 0.000049 0.000959  0.069034 0.093419 -0.053844
47  6.027515 -0.000273 -0.000230  -1.013350 -0.630254 -1.835851
48  -0.000001 11.691974 -0.000006  -1.073200 0.517529 0.837360
49  0.000002 -0.000000 -0.000001  2.867951 -0.000036 1.570860
50  -0.000008 -0.000013 0.000005  2.272645 -0.000036 1.570861
51  -2.089953 -5.696979 -9.282759  -2.291319 -0.490742 -1.728419
52  0.000000 -0.000000 0.000001  0.008153 -0.000259 0.000009
53  -0.000000 -0.000001 -0.000000  1.565115 0.043565 -0.106862
54  3.299982 -12.342313 -6.115797  -1.569400 -2.387215 0.741212
55  -0.000001 0.000000 -0.000000  0.000000 -0.000001 -0.000002
56  0.000030 0.000029 0.000000  -1.571901 -0.044449 -0.106509
57  19.336254 -6.607194 -13.231264  1.570796 -0.000000 0.000000
58  -9.920939 4.000748 -21.221968  1.570796 -0.000000 0.000000
59  1.967618 0.556990 -8.860325  1.570796 -0.000000 0.000000
60  -0.004311 0.001229 -0.000371  0.006898 -0.005534 -0.284229
61  0.826810 10.209643 -4.879054  1.570796 -0.000000 0.000000
62  0.000000 0.000000 0.000000  -0.078727 -3.136056 0.284226
63  0.000000 0.000000 0.000000  1.570874 -0.005620 0.002203
64  -5.353696 -7.699258 -3.225655  0.907353 -0.722570 0.521277
65  0.002681 -3.204031 0.621193  -0.000000 -0.000000 0.000000
66  0.048104 -1.112260 2.845371  -0.000000 -0.000000 0.000000
67  -1.184782 0.539746 -0.284905  -0.000000 -0.000000 0.000000
68  0.047884 -1.610073 21.020462  -0.000000 -0.000000 0.000000
69  0.047881 -3.319714 2.472854  -0.000000 -0.000000 0.000000
70  0.172180 -2.040369 3.568006  -0.000000 -0.000000 0.000000
71  0.654946 -2.537531 2.477230  0.000000 -0.000000 -0.261799
72  -2.059918 -12.993366 -3.471338  0.907353 -0.722570 0.521277
73  0.017809 1.799355 -0.402361  -0.000000 -0.000000 0.000000
74  4.881577 -36.451958 -27.131033  -2.661815 0.605908 0.682883
75  0.031324 2.100363 -1.138381  -0.000000 0.000000 -0.000000
76  -0.024051 1.849589 -1.138379  -0.000000 0.000000 -0.000000
time 31
0  0.000006 0.000000 0.000000  -1.570800 -1.391899 -1.570792
1  -8.807989 1.077166 1.963582  -1.544956 -1.855077 -0.198630
2  6.027518 -0.000331 0.000190  -1.962184 -1.057953 0.256920
3  11.692106 0.000645 -0.000739  0.178985 -0.000045 -1.815310
4  11.479775 -0.000888 -0.000587  1.512247 -0.295454 0.478263
5  4.012604 -0.225266 -1.166705  -0.349670 -0.048651 -1.139717
6  1.312588 0.000011 0.000005  -0.003881 -0.005318 -0.384590
7  0.729354 0.000054 0.000047  0.000146 0.001212 -1.445771
8  4.030031 0.093069 -0.375372  -0.233355 -0.041409 -0.829839
9  1.539110 0.000083 0.000005  0.021633 -0.107669 -0.861826
10  1.196332 0.000148 0.000025  0.010348 0.006516 -1.537146
11  3.883510 -0.047210 0.431349  -0.177148 -0.021865 -0.477620
12  1.719573 -0.000029 0.000018  0.001881 -0.131125 -1.171348
13  1.209179 0.000089 0.000009  0.009884 0.006829 -1.248374
14  4.536305 0.018270 1.413223  -0.156951 -0.212901 -0.526867
15  1.719446 -0.000020 0.000025  -0.007687 -0.007401 -0.967579
16  1.099676 0.000052 0.000007  -0.001126 0.001970 -1.278964
17  1.283372 -0.205630 1.699551  -1.272226 -0.829402 -0.991247
18  1.789819 -0.000007 -0.000018  -0.069497 -0.041070 0.412322
19  1.207015 -0.000011 -0.000042  -0.122294 -0.107472 1.297543
20  5.740638 0.000389 -0.000699  -0.030246 0.000003 0.000063
21  11.480966 -0.000000 -0.000771  0.000766 -0.039716 0.082921
22  6.027524 -0.000329 0.000200  2.062975 -0.150530 2.100268
23  -0.000002 11.692101 -0.000006  -1.214753 -0.659112 -0.914590
24  0.000003 0.000008 -0.000001  1.048093 -0.000031 1.570739
25  -0.000002 -0.000011 -0.000000  0.868960 0.000002 1.570712
26  -6.617934 -9.178503 0.826812  1.473120 1.855075 -0.198639
27  6.027517 -0.000258 -0.000223  1.347568 0.746863 -1.023804
28  11.691990 0.000162 0.000858  0.595421 0.000053 -1.573255
29  11.479717 -0.000124 0.001077  -1.223981 0.543307 -0.115626
30  3.859437 -0.132758 1.193065  0.469647 -0.013262 -1.872395
31  1.312559 0.000026 -0.000002  0.024060 -0.138696 -0.550187
32  0.729344 0.000064 -0.000027  -0.166197 -0.081570 -0.714273
33  3.942048 0.050139 0.431000  0.225309 -0.086237 -1.592712
34  1.539097 0.000006 -0.000000  0.035254 -0.050373 -0.994350
35  1.196300 0.000077 -0.000004  -0.021521 0.002175 -0.839738
36  3.883414 -0.050472 -0.431084  0.184824 -0.271737 -1.204030
37  1.719563 -0.000085 -0.000005  0.022858 -0.107186 -1.509108
38  1.209197 0.000035 0.000011  0.000661 0.071072 -0.480462
39  3.859589 -0.149081 -1.331321  -0.169310 -0.013949 -0.130367
40  1.719414 -0.000098 -0.000036  -0.026893 -0.017707 -0.372026
41  1.099674 0.000023 0.000006  -0.006707 -0.002285 0.193929
42  0.805984 -0.359848 -1.318338  0.991670 0.166767 -0.799527
43  1.789779 -0.000008 -0.000043  0.000058 -0.002451 0.133097
44  1.206996 -0.000007 0.000005  0.000372 -0.000071 1.058780
45  5.740573 0.000078 0.000721  0.129059 -0.000014 0.000028
46  11.480888 0.000048 0.000960  0.066195 0.086003 -0.051738
47  6.027515 -0.000273 -0.000230  -0.994407 -0.626267 -1.860936
48  -0.000001 11.691975 -0.000006  -1.072627 0.516977 0.837015
49  0.000002 0.000001 0.000000  2.867951 -0.000036 1.570860
50  -0.000007 -0.000013 0.000005  2.272645 -0.000036 1.570861
51  -2.312715 -5.734303 -9.338133  -2.313530 -0.499923 -1.712788
52  0.000000 0.000000 0.000000  0.008153 -0.000259 0.000009
53  0.000000 0.000000 0.000000  1.565115 0.043565 -0.106862
54  3.175602 -12.332759 -6.242936  -1.582648 -2.367858 0.755451
55  0.000000 0.000000 0.000002  0.000000 -0.000001 -0.000002
56  0.000030 0.000030 0.000003  -1.571902 -0.044449 -0.106509
57  18.511921 -6.164659 -13.410987  1.570796 -0.000000 0.000000
58  -9.739888 4.000748 -21.185776  1.570796 -0.000000 0.000000
59  1.967895 0.506986 -8.860325  1.570796 -0.000000 0.000000
60  -0.004311 0.001229 -0.000371  0.006898 -0.005534 -0.284229
61  0.826810 10.209643 -4.879054  1.570796 -0.000000 0.000000
62  0.000000 0.000000 0.000000  -0.078727 -3.136056 0.284226
63  0.000000 0.000000 0.000000  1.569726 -0.013531 0.003469
64  -5.440198 -7.715235 -3.202629  0.913920 -0.701559 0.522059
65  0.002681 -3.204031 0.621196  -0.000000 -0.000000 0.000000
66  0.048105 -1.112260 2.845372  -0.000000 -0.000000 0.000000
67  -1.184783 0.539745 -0.284905  -0.000000 -0.000000 0.000000
68  0.047883 -1.610073 21.020466  -0.000000 -0.000000 0.000000
69  0.047881 -3.319714 2.472856  -0.000000 -0.000000 0.000000
70  0.172180 -2.040369 3.568007  -0.000000 -0.000000 0.000000
71  0.654947 -2.537531 2.477230  -0.000000 -0.000000 -0.261799
72  -2.125060 -12.994205 -3.484128  0.913920 -0.701559 0.522059
73  0.017809 1.799356 -0.402361  -0.000000 -0.000000 0.000000
74  4.882791 -36.455544 -27.131033  -2.708664 0.610608 0.662898
75  0.031323 2.100354 -1.138380  -0.000000 -0.000000 0.000000
76  -0.024051 1.849579 -1.138376  -0.000000 -0.000000 0.000000
time 32
0  0.000006 0.000000 0.000000  -1.570800 -1.391899 -1.570792
1  -8.805708 1.089777 1.963673  -1.544956 -1.855077 -0.198630
2  6.027519 -0.000332 0.000190  -1.913251 -1.071594 0.219057
3  11.692108 0.000645 -0.000739  0.106219 -0.000044 -1.800565
4  11.479911 -0.000760 -0.000659  1.570375 -0.382626 0.446820
5  4.009326 -0.216255 -1.168675  -0.360002 -0.008021 -1.033292
6  1.312591 0.000012 0.000006  -0.006711 -0.008606 -0.277248
7  0.729352 0.000051 0.000053  0.000841 0.000821 -1.313142
8  4.029806 0.092949 -0.375514  -0.232993 0.000448 -0.749923
9  1.539111 0.000082 0.000006  0.011442 -0.111054 -0.757470
10  1.196332 0.000147 0.000027  0.011645 0.004812 -1.363277
11  3.883510 -0.047210 0.431351  -0.174729 0.006898 -0.416576
12  1.719573 -0.000029 0.000018  -0.008727 -0.130401 -1.056142
13  1.209179 0.000090 0.000010  0.010834 0.005538 -1.086146
14  4.512824 0.012832 1.410420  -0.158808 -0.191893 -0.479378
15  1.719446 -0.000021 0.000026  -0.007995 -0.006900 -0.849261
16  1.099676 0.000052 0.000008  -0.000862 0.002138 -1.150469
17  1.217360 -0.225462 1.647239  -1.237116 -0.796906 -1.008421
18  1.789818 -0.000005 -0.000018  -0.066173 -0.039235 0.340481
19  1.207015 -0.000012 -0.000042  -0.128412 -0.120867 1.122531
20  5.740637 0.000388 -0.000700  -0.014380 0.000003 0.000064
21  11.480992 0.000024 -0.000785  0.015080 -0.054466 0.078326
22  6.027524 -0.000331 0.000200  2.042764 -0.169247 2.108426
23  -0.000001 11.692102 -0.000007  -1.206068 -0.650205 -0.910359
24  0.000001 0.000007 -0.000001  0.975327 -0.000031 1.570739
25  -0.000001 -0.000011 -0.000000  0.868960 0.000002 1.570712
26  -6.617934 -9.178503 0.826812  1.473120 1.855075 -0.198639
27  6.027517 -0.000258 -0.000223  1.360393 0.742547 -1.028055
28  11.691990 0.000162 0.000858  0.595420 0.000052 -1.558296
29  11.479828 -0.000070 0.001042  -1.272037 0.510404 -0.132693
30  3.859437 -0.132758 1.193065  0.469647 -0.013262 -1.872395
31  1.312559 0.000026 -0.000001  0.024060 -0.138696 -0.550187
32  0.729347 0.000064 -0.000027  -0.166197 -0.081570 -0.714272
33  3.942046 0.050139 0.431001  0.225309 -0.086237 -1.592712
34  1.539097 0.000005 -0.000000  0.035254 -0.050373 -0.994350
35  1.196301 0.000078 -0.000003  -0.021521 0.002175 -0.839738
36  3.883413 -0.050472 -0.431084  0.184824 -0.271737 -1.204030
37  1.719564 -0.000084 -0.000005  0.022859 -0.107186 -1.509108
38  1.209196 0.000035 0.000012  0.000662 0.071072 -0.480462
39  3.859588 -0.149082 -1.331321  -0.169310 -0.013949 -0.130367
40  1.719412 -0.000098 -0.000036  -0.026893 -0.017707 -0.372026
41  1.099674 0.000024 0.000007  -0.006707 -0.002285 0.193929
42  0.805983 -0.359848 -1.318339  0.991670 0.166767 -0.799527
43  1.789779 -0.000008 -0.000042  0.000058 -0.002451 0.133098
44  1.206997 -0.000007 0.000005  0.000372 -0.000071 1.058781
45  5.740573 0.000079 0.000720  0.115376 -0.000014 0.000028
46  11.480909 0.000060 0.000953  0.057844 0.079276 -0.051733
47  6.027515 -0.000273 -0.000230  -0.982714 -0.622079 -1.880713
48  -0.000002 11.691974 -0.000006  -1.063823 0.508514 0.831677
49  0.000002 -0.000001 -0.000001  2.867951 -0.000036 1.570860
50  -0.000008 -0.000013 0.000005  2.272645 -0.000036 1.570861
51  -2.486363 -5.864313 -9.471155  -2.357574 -0.511814 -1.708099
52  0.000001 -0.000000 -0.000000  0.008153 -0.000259 0.000009
53  -0.000001 0.000000 -0.000000  1.565115 0.043565 -0.106862
54  3.011171 -12.534981 -6.552110  -1.614955 -2.334553 0.761757
55  0.000001 -0.000000 0.000000  0.000000 -0.000001 -0.000002
56  0.000031 0.000029 0.000001  -1.571901 -0.044449 -0.106509
57  18.219261 -6.007546 -13.474793  1.570796 -0.000000 0.000000
58  -9.569952 4.000748 -21.154024  1.570796 -0.000000 0.000000
59  1.967987 0.494171 -8.860325  1.570796 -0.000000 0.000000
60  -0.004311 0.001229 -0.000371  0.006898 -0.005534 -0.284229
61  0.826810 10.209643 -4.879054  1.570796 -0.000000 0.000000
62  0.000000 0.000000 0.000000  -0.078727 -3.136056 0.284226
63  0.000000 0.000000 0.000000  1.566948 -0.017784 0.004993
64  -5.399176 -7.755176 -3.202997  0.931662 -0.663662 0.494209
65  0.002681 -3.204031 0.621197  -0.000000 0.000000 -0.000000
66  0.048105 -1.112260 2.845373  -0.000000 0.000000 -0.000000
67  -1.184783 0.539746 -0.284903  -0.000000 0.000000 -0.000000
68  0.047884 -1.610073 21.020466  -0.000000 0.000000 -0.000000
69  0.047881 -3.319714 2.472855  -0.000000 0.000000 -0.000000
70  0.172180 -2.040369 3.568007  -0.000000 0.000000 -0.000000
71  0.654947 -2.537531 2.477230  -0.000000 -0.000000 -0.261799
72  -2.185553 -13.090631 -3.580433  0.931662 -0.663662 0.494209
73  0.017809 1.799356 -0.402361  -0.000000 0.000000 -0.000000
74  -3.588360 -1.097282 -23.660017  1.570796 -0.000000 0.000000
75  0.031323 2.100357 -1.138380  0.000000 -0.000000 0.000000
76  -0.024051 1.849583 -1.138377  0.000000 -0.000000 0.000000
time 33
0  0.000006 0.000000 0.000000  -1.570800 -1.391899 -1.570792
1  -8.833989 0.933381 1.963673  -1.544956 -1.855077 -0.198630
2  6.027520 -0.000332 0.000190  -1.915327 -1.066730 0.251159
3  11.692107 0.000644 -0.000738  0.004668 -0.000042 -1.769306
4  11.480194 -0.000501 -0.000731  1.499637 -0.422249 0.409523
5  3.999539 -0.189353 -1.174562  -0.365962 0.101248 -0.745302
6  1.312589 0.000011 0.000005  -0.015883 -0.015939 0.010034
7  0.729353 0.000052 0.000049  0.002494 -0.000684 -0.944168
8  4.029136 0.092594 -0.375942  -0.215691 0.110530 -0.535670
9  1.539110 0.000083 0.000005  -0.017359 -0.114082 -0.475230
10  1.196332 0.000148 0.000026  0.013390 -0.000902 -0.873019
11  3.883509 -0.047210 0.431349  -0.155974 0.081126 -0.254039
12  1.719571 -0.000028 0.000019  -0.036782 -0.120555 -0.742551
13  1.209178 0.000089 0.000009  0.012057 0.001281 -0.632567
14  4.442737 -0.003398 1.402045  -0.153659 -0.132131 -0.354259
15  1.719446 -0.000020 0.000026  -0.008532 -0.005021 -0.528459
16  1.099675 0.000052 0.000009  -0.000074 0.002405 -0.796196
17  1.044690 -0.277334 1.510400  -1.153980 -0.708890 -1.043159
18  1.789818 -0.000006 -0.000017  -0.056923 -0.032549 0.150740
19  1.207015 -0.000015 -0.000042  -0.131012 -0.163170 0.609648
20  5.740635 0.000388 -0.000699  -0.022733 0.000003 0.000064
21  11.481047 0.000076 -0.000798  0.002344 -0.064926 0.067362
22  6.027525 -0.000330 0.000200  2.047769 -0.169816 2.137864
23  -0.000000 11.692101 -0.000006  -1.187692 -0.631420 -0.901164
24  0.000001 0.000009 0.000000  0.873776 -0.000031 1.570739
25  -0.000001 -0.000011 0.000000  0.868960 0.000002 1.570712
26  -6.617934 -9.178503 0.826812  1.473120 1.855075 -0.198639
27  6.027517 -0.000258 -0.000223  1.374113 0.743912 -1.032677
28  11.691991 0.000161 0.000857  0.595420 0.000050 -1.531408
29  11.480030 0.000032 0.000973  -1.328192 0.472685 -0.165990
30  3.859438 -0.132759 1.193065  0.469647 -0.013262 -1.872395
31  1.312558 0.000027 -0.000002  0.024060 -0.138696 -0.550187
32  0.729346 0.000065 -0.000029  -0.166197 -0.081570 -0.714273
33  3.942046 0.050138 0.431000  0.225309 -0.086237 -1.592712
34  1.539097 0.000005 -0.000001  0.035254 -0.050373 -0.994350
35  1.196301 0.000078 -0.000004  -0.021521 0.002175 -0.839738
36  3.883414 -0.050473 -0.431084  0.184824 -0.271737 -1.204030
37  1.719564 -0.000084 -0.000004  0.022858 -0.107186 -1.509108
38  1.209196 0.000036 0.000011  0.000661 0.071072 -0.480462
39  3.859588 -0.149082 -1.331321  -0.169310 -0.013949 -0.130367
40  1.719413 -0.000098 -0.000035  -0.026893 -0.017707 -0.372026
41  1.099673 0.000024 0.000006  -0.006707 -0.002285 0.193929
42  0.805984 -0.359848 -1.318338  0.991670 0.166767 -0.799527
43  1.789780 -0.000009 -0.000042  0.000058 -0.002451 0.133097
44  1.206996 -0.000007 0.000005  0.000372 -0.000071 1.058780
45  5.740573 0.000080 0.000721  0.099926 -0.000014 0.000028
46  11.480950 0.000081 0.000940  0.048221 0.071445 -0.054704
47  6.027515 -0.000273 -0.000230  -0.975890 -0.613537 -1.898572
48  -0.000001 11.691975 -0.000007  -1.047969 0.493406 0.821931
49  0.000003 0.000000 0.000000  2.867951 -0.000036 1.570860
50  -0.000006 -0.000013 0.000004  2.272645 -0.000036 1.570861
51  -2.670448 -6.087271 -9.621807  -2.403341 -0.533858 -1.709207
52  0.000000 0.000000 0.000000  0.008153 -0.000259 0.000009
53  0.000000 -0.000001 -0.000000  1.565115 0.043565 -0.106862
54  3.058461 -12.737696 -6.663247  1.370078 -0.779308 -2.354756
55  -0.000000 -0.000001 -0.000000  0.000000 -0.000001 -0.000002
56  0.000030 0.000029 0.000001  -1.571901 -0.044449 -0.106509
57  18.316483 -6.013062 -13.107894  1.570796 -0.000000 0.000000
58  -9.415447 4.000748 -21.127468  1.570796 -0.000000 0.000000
59  1.967987 0.653104 -8.860325  1.570796 -0.000000 0.000000
60  -0.004311 0.001229 -0.000371  0.006898 -0.005534 -0.284229
61  0.826810 10.209643 -4.879054  1.570796 -0.000000 0.000000
62  0.000000 0.000000 0.000000  -0.078727 -3.136056 0.284226
63  0.000000 0.000000 0.000000  1.563503 -0.017489 0.006324
64  -5.358154 -7.807100 -3.205572  0.937927 -0.618574 0.466495
65  0.002680 -3.204031 0.621196  0.000000 -0.000000 -0.000000
66  0.048105 -1.112259 2.845370  0.000000 -0.000000 -0.000000
67  -1.184783 0.539745 -0.284905  0.000000 -0.000000 -0.000000
68  0.047884 -1.610073 21.020464  0.000000 -0.000000 -0.000000
69  0.047881 -3.319714 2.472854  0.000000 -0.000000 -0.000000
70  0.172180 -2.040368 3.568005  0.000000 -0.000000 -0.000000
71  0.654947 -2.537530 2.477229  0.000000 -0.000000 -0.261800
72  -2.290306 -13.224382 -3.627818  0.937927 -0.618574 0.466495
73  0.017809 1.799356 -0.402362  0.000000 -0.000000 -0.000000
74  -3.588360 -1.097282 -23.660017  1.570796 -0.000000 0.000000
75  0.031323 2.100357 -1.138380  0.000000 -0.000000 0.000000
76  -0.024051 1.849583 -1.138377  0.000000 -0.000000 0.000000
time 34
0  0.000006 0.000000 0.000000  -1.570800 -1.391899 -1.570792
1  -8.917658 0.470692 1.963674  -1.544956 -1.855077 -0.198630
2  6.027519 -0.000333 0.000191  -1.989195 -1.037151 0.378744
3  11.692108 0.000644 -0.000737  -0.135160 -0.000038 -1.713649
4  11.478662 -0.001235 -0.000911  1.302151 -0.370523 0.336843
5  3.984133 -0.147004 -1.183825  -0.341094 0.199355 -0.447103
6  1.312588 0.000011 0.000005  -0.026970 -0.020919 0.297452
7  0.729353 0.000053 0.000049  0.003681 -0.002736 -0.561809
8  4.028083 0.092035 -0.376613  -0.174323 0.214793 -0.314638
9  1.539111 0.000082 0.000004  -0.046253 -0.107035 -0.188547
10  1.196331 0.000149 0.000027  0.011855 -0.006834 -0.375759
11  3.883510 -0.047210 0.431351  -0.114542 0.149064 -0.086993
12  1.719572 -0.000029 0.000018  -0.060942 -0.097097 -0.423466
13  1.209180 0.000089 0.000009  0.010714 -0.003134 -0.171938
14  4.332400 -0.028948 1.388864  -0.126265 -0.062713 -0.225997
15  1.719447 -0.000021 0.000025  -0.008327 -0.002043 -0.204021
16  1.099676 0.000052 0.000009  0.000700 0.002371 -0.432349
17  0.872023 -0.329206 1.373562  -1.081674 -0.616379 -1.064614
18  1.789819 -0.000006 -0.000017  -0.046114 -0.021949 -0.038963
19  1.207015 -0.000016 -0.000041  -0.107145 -0.203344 0.043818
20  5.740636 0.000388 -0.000700  -0.055465 0.000003 0.000063
21  11.480742 -0.000069 -0.000835  -0.039177 -0.060599 0.045060
22  6.027524 -0.000330 0.000200  2.086796 -0.142813 2.195212
23  0.000002 11.692101 -0.000007  -1.155049 -0.598320 -0.884060
24  0.000004 0.000009 0.000000  0.733946 -0.000031 1.570739
25  0.000001 -0.000011 -0.000000  0.868960 0.000002 1.570712
26  -6.617934 -9.178503 0.826812  1.473120 1.855075 -0.198639
27  6.027517 -0.000258 -0.000223  1.387981 0.752946 -1.037749
28  11.691991 0.000162 0.000857  0.595419 0.000047 -1.492440
29  11.480339 0.000188 0.000866  -1.379771 0.430937 -0.216615
30  3.859438 -0.132760 1.193064  0.469647 -0.013262 -1.872395
31  1.312558 0.000026 -0.000001  0.024060 -0.138696 -0.550187
32  0.729346 0.000064 -0.000028  -0.166197 -0.081570 -0.714273
33  3.942047 0.050138 0.431000  0.225309 -0.086237 -1.592712
34  1.539096 0.000006 -0.000002  0.035254 -0.050373 -0.994350
35  1.196300 0.000079 -0.000003  -0.021521 0.002175 -0.839738
36  3.883414 -0.050473 -0.431084  0.184824 -0.271737 -1.204030
37  1.719564 -0.000084 -0.000004  0.022858 -0.107186 -1.509108
38  1.209198 0.000035 0.000011  0.000661 0.071072 -0.480462
39  3.859589 -0.149083 -1.331321  -0.169310 -0.013949 -0.130367
40  1.719412 -0.000098 -0.000036  -0.026894 -0.017707 -0.372026
41  1.099673 0.000023 0.000008  -0.006707 -0.002285 0.193929
42  0.805985 -0.359849 -1.318339  0.991670 0.166767 -0.799527
43  1.789779 -0.000010 -0.000042  0.000058 -0.002451 0.133097
44  1.206995 -0.000007 0.000005  0.000372 -0.000071 1.058781
45  5.740573 0.000078 0.000721  0.085613 -0.000014 0.000028
46  11.481012 0.000111 0.000918  0.039560 0.062762 -0.061634
47  6.027515 -0.000273 -0.000230  -0.976327 -0.599945 -1.912832
48  -0.000001 11.691976 -0.000005  -1.024921 0.471756 0.807468
49  0.000004 0.000001 -0.000000  2.867951 -0.000036 1.570860
50  -0.000008 -0.000012 0.000005  2.272645 -0.000036 1.570861
51  -2.851244 -6.402590 -9.764786  0.703928 -2.573041 1.424353
52  -0.000000 0.000000 0.000000  0.008153 -0.000259 0.000009
53  0.000000 -0.000001 -0.000000  1.565115 0.043565 -0.106862
54  3.407291 -12.839118 -6.386711  1.122782 -0.657735 -2.363441
55  0.000000 -0.000000 -0.000000  0.000000 -0.000001 -0.000002
56  0.000031 0.000029 0.000002  -1.571902 -0.044449 -0.106509
57  18.604109 -6.029379 -12.022447  1.570796 -0.000000 0.000000
58  -9.280951 4.000748 -21.106646  1.570796 -0.000000 0.000000
59  1.967987 1.123296 -8.860325  1.570796 -0.000000 0.000000
60  -0.004311 0.001229 -0.000371  0.006898 -0.005534 -0.284229
61  0.826810 10.209643 -4.879054  1.570796 -0.000000 0.000000
62  0.000000 0.000000 0.000000  -0.078727 -3.136056 0.284226
63  0.000000 0.000000 0.000000  1.560335 -0.016659 0.007242
64  -5.360591 -7.859024 -3.212563  0.923277 -0.574851 0.448716
65  0.002681 -3.204032 0.621197  -0.000000 -0.000000 0.000000
66  0.048105 -1.112260 2.845371  -0.000000 -0.000000 0.000000
67  -1.184782 0.539746 -0.284905  -0.000000 -0.000000 0.000000
68  0.047883 -1.610074 21.020464  -0.000000 -0.000000 0.000000
69  0.047881 -3.319715 2.472855  -0.000000 -0.000000 0.000000
70  0.172180 -2.040369 3.568007  -0.000000 -0.000000 0.000000
71  0.654946 -2.537531 2.477231  -0.000000 0.000000 -0.261799
72  -2.448061 -13.365880 -3.571177  0.923277 -0.574851 0.448716
73  0.017809 1.799355 -0.402361  -0.000000 -0.000000 0.000000
74  -3.588360 -1.097282 -23.660017  1.570796 -0.000000 0.000000
75  0.031323 2.100357 -1.138380  0.000000 -0.000000 0.000000
76  -0.024051 1.849583 -1.138377  0.000000 -0.000000 0.000000
time 35
0  0.000006 0.000000 0.000000  -1.570800 -1.391899 -1.570792
1  -9.045135 -0.234267 1.963674  -1.544956 -1.855077 -0.198630
2  6.027519 -0.000334 0.000191  -2.074345 -1.018557 0.557570
3  11.692107 0.000647 -0.000738  -0.300521 -0.000032 -1.623203
4  11.479518 -0.000598 -0.000956  1.261652 -0.372250 0.202862
5  3.965365 -0.095417 -1.195118  -0.327798 0.215569 -0.326725
6  1.312590 0.000012 0.000005  -0.031888 -0.022992 0.404928
7  0.729352 0.000052 0.000051  0.004247 -0.003574 -0.417773
8  4.026799 0.091352 -0.377437  -0.152446 0.251389 -0.228749
9  1.539110 0.000083 0.000006  -0.056151 -0.098635 -0.080406
10  1.196332 0.000148 0.000025  0.009938 -0.008607 -0.196199
11  3.883510 -0.047211 0.431349  -0.074967 0.167134 -0.020190
12  1.719573 -0.000028 0.000019  -0.067584 -0.076381 -0.303766
13  1.209181 0.000090 0.000009  0.008671 -0.004410 -0.003885
14  4.197990 -0.060074 1.372801  -0.083252 -0.017189 -0.169898
15  1.719447 -0.000020 0.000026  -0.007654 0.001002 -0.082556
16  1.099676 0.000052 0.000008  0.000823 0.002282 -0.295646
17  0.806010 -0.349038 1.321246  -1.058775 -0.575329 -1.066601
18  1.789819 -0.000005 -0.000017  -0.036792 -0.012654 -0.110870
19  1.207015 -0.000013 -0.000041  -0.084290 -0.214609 -0.236239
20  5.740636 0.000388 -0.000699  -0.056938 0.000003 0.000064
21  11.480913 0.000058 -0.000844  -0.050046 -0.059219 0.016822
22  6.027524 -0.000331 0.000200  2.114245 -0.103598 2.297743
23  0.000000 11.692100 -0.000007  -1.102043 -0.545555 -0.854351
24  0.000002 0.000007 -0.000001  0.568583 -0.000031 1.570739
25  -0.000000 -0.000011 -0.000000  0.868960 0.000002 1.570712
26  -6.617934 -9.178503 0.826812  1.473120 1.855075 -0.198639
27  6.027517 -0.000259 -0.000223  1.399057 0.764486 -1.042732
28  11.691989 0.000161 0.000856  0.595418 0.000044 -1.453818
29  11.480661 0.000356 0.000752  -1.419328 0.392681 -0.266247
30  3.859439 -0.132758 1.193065  0.469647 -0.013262 -1.872395
31  1.312559 0.000025 -0.000001  0.024060 -0.138696 -0.550187
32  0.729346 0.000064 -0.000027  -0.166197 -0.081570 -0.714272
33  3.942047 0.050138 0.431000  0.225309 -0.086237 -1.592712
34  1.539097 0.000006 -0.000001  0.035254 -0.050373 -0.994350
35  1.196301 0.000078 -0.000004  -0.021521 0.002175 -0.839738
36  3.883414 -0.050472 -0.431084  0.184824 -0.271737 -1.204030
37  1.719563 -0.000085 -0.000004  0.022859 -0.107186 -1.509108
38  1.209197 0.000035 0.000011  0.000661 0.071072 -0.480462
39  3.859589 -0.149082 -1.331321  -0.169310 -0.013949 -0.130367
40  1.719412 -0.000098 -0.000036  -0.026893 -0.017707 -0.372026
41  1.099673 0.000024 0.000006  -0.006707 -0.002285 0.193929
42  0.805984 -0.359847 -1.318337  0.991670 0.166767 -0.799527
43  1.789780 -0.000009 -0.000042  0.000058 -0.002451 0.133097
44  1.206996 -0.000007 0.000005  0.000372 -0.000071 1.058780
45  5.740574 0.000079 0.000720  0.074266 -0.000014 0.000028
46  11.481077 0.000146 0.000895  0.032767 0.054975 -0.069307
47  6.027515 -0.000273 -0.000230  -0.980839 -0.586388 -1.922913
48  -0.000002 11.691975 -0.000005  -1.001978 0.450595 0.792741
49  0.000002 0.000001 0.000001  2.867951 -0.000036 1.570860
50  -0.000008 -0.000012 0.000005  2.272645 -0.000036 1.570861
51  -2.994702 -6.706134 -9.881371  0.680140 -2.537807 1.415728
52  0.000000 0.000000 0.000000  0.008153 -0.000259 0.000009
53  0.000000 0.000000 0.000000  1.565115 0.043565 -0.106862
54  3.520488 -12.895069 -6.036274  1.035144 -0.586453 -2.415130
55  0.000001 -0.000000 -0.000002  0.000000 -0.000001 -0.000002
56  0.000032 0.000029 -0.000001  -1.571901 -0.044449 -0.106509
57  19.042339 -6.054240 -10.368642  1.570796 -0.000000 0.000000
58  -9.170297 4.000748 -21.091642  1.570796 -0.000000 0.000000
59  1.967987 1.839689 -8.860325  1.570796 -0.000000 0.000000
60  -0.004311 0.001229 -0.000371  0.006898 -0.005534 -0.284229
61  0.826810 10.209643 -4.879054  1.570796 -0.000000 0.000000
62  0.000000 0.000000 0.000000  -0.078727 -3.136056 0.284226
63  0.000000 0.000000 0.000000  1.558398 -0.015349 0.007583
64  -5.368548 -7.898965 -3.226175  0.901961 -0.538704 0.438197
65  0.002681 -3.204031 0.621196  -0.000000 0.000000 0.000000
66  0.048105 -1.112261 2.845372  -0.000000 0.000000 0.000000
67  -1.184781 0.539746 -0.284905  -0.000000 0.000000 0.000000
68  0.047883 -1.610073 21.020468  -0.000000 0.000000 0.000000
69  0.047881 -3.319714 2.472854  -0.000000 0.000000 0.000000
70  0.172180 -2.040368 3.568006  -0.000000 0.000000 0.000000
71  0.654946 -2.537531 2.477231  -0.000000 0.000000 -0.261799
72  -2.584389 -13.477623 -3.479079  0.901961 -0.538704 0.438197
73  0.017809 1.799355 -0.402361  -0.000000 0.000000 0.000000
74  -3.588360 -1.097282 -23.660017  1.570796 -0.000000 0.000000
75  0.031323 2.100357 -1.138380  0.000000 -0.000000 0.000000
76  -0.024051 1.849583 -1.138377  0.000000 -0.000000 0.000000
time 36
0  0.000006 0.000000 0.000000  -1.570800 -1.391899 -1.570792
1  -9.189728 -1.033871 1.963675  -1.544956 -1.855077 -0.198630
2  6.027520 -0.000335 0.000191  -2.160429 -1.017801 0.752643
3  11.692110 0.000645 -0.000738  -0.466782 -0.000026 -1.524107
4  11.480265 -0.000034 -0.000844  1.357942 -0.395018 0.077787
5  3.946598 -0.043828 -1.206401  -0.341041 0.164501 -0.346649
6  1.312590 0.000010 0.000006  -0.028543 -0.028892 0.220825
7  0.729353 0.000052 0.000049  0.004784 -0.002843 -0.504650
8  4.025516 0.090669 -0.378253  -0.124037 0.201120 -0.255098
9  1.539109 0.000083 0.000004  -0.043631 -0.088479 -0.228909
10  1.196332 0.000148 0.000026  0.008829 -0.006952 -0.348209
11  3.883510 -0.047211 0.431351  -0.034947 0.132658 -0.033480
12  1.719571 -0.000028 0.000019  -0.055261 -0.060951 -0.438266
13  1.209180 0.000089 0.000010  0.006705 -0.002924 -0.136349
14  4.063582 -0.091200 1.356743  -0.019608 0.004230 -0.160313
15  1.719447 -0.000021 0.000027  -0.005828 0.008925 -0.194989
16  1.099676 0.000052 0.000009  -0.000179 0.002517 -0.477929
17  0.806012 -0.349038 1.321248  -1.228465 -0.629628 -0.933209
18  1.789819 -0.000004 -0.000016  -0.023378 -0.005748 -0.108339
19  1.207015 -0.000016 -0.000042  -0.055501 -0.164146 -0.333711
20  5.740635 0.000389 -0.000700  -0.036230 0.000003 0.000064
21  11.481062 0.000171 -0.000822  -0.033924 -0.059833 -0.004215
22  6.027524 -0.000330 0.000200  2.120981 -0.058916 2.418986
23  0.000000 11.692101 -0.000006  -1.043728 -0.489356 -0.819208
24  0.000001 0.000009 0.000000  0.402318 -0.000031 1.570738
25  -0.000001 -0.000011 0.000000  0.868960 0.000002 1.570712
26  -6.617934 -9.178503 0.826812  1.473120 1.855075 -0.198639
27  6.027517 -0.000259 -0.000223  1.408002 0.767321 -1.045269
28  11.691991 0.000162 0.000857  0.595417 0.000043 -1.434463
29  11.479435 -0.000180 0.001116  -1.443896 0.367760 -0.290020
30  3.859438 -0.132758 1.193066  0.469647 -0.013262 -1.872395
31  1.312559 0.000024 -0.000001  0.024060 -0.138696 -0.550187
32  0.729347 0.000064 -0.000028  -0.166197 -0.081570 -0.714272
33  3.942047 0.050139 0.431000  0.225309 -0.086237 -1.592712
34  1.539097 0.000006 -0.000001  0.035254 -0.050373 -0.994350
35  1.196301 0.000077 -0.000004  -0.021521 0.002175 -0.839738
36  3.883413 -0.050472 -0.431084  0.184824 -0.271737 -1.204030
37  1.719564 -0.000086 -0.000004  0.022858 -0.107186 -1.509108
38  1.209198 0.000036 0.000011  0.000662 0.071072 -0.480462
39  3.859588 -0.149081 -1.331321  -0.169309 -0.013949 -0.130367
40  1.719411 -0.000098 -0.000037  -0.026893 -0.017707 -0.372026
41  1.099674 0.000024 0.000006  -0.006707 -0.002285 0.193929
42  0.805984 -0.359848 -1.318338  0.991670 0.166767 -0.799527
43  1.789779 -0.000009 -0.000043  0.000058 -0.002451 0.133097
44  1.206995 -0.000006 0.000005  0.000372 -0.000071 1.058780
45  5.740574 0.000078 0.000721  0.066851 -0.000014 0.000028
46  11.480832 0.000037 0.000968  0.028183 0.050120 -0.072806
47  6.027515 -0.000273 -0.000230  -0.978567 -0.579605 -1.932902
48  -0.000001 11.691975 -0.000005  -0.990439 0.440106 0.785216
49  0.000003 -0.000000 0.000000  2.867951 -0.000036 1.570860
50  -0.000008 -0.000012 0.000005  2.272645 -0.000036 1.570861
51  -3.115866 -6.851294 -9.977566  0.660879 -2.520535 1.413213
52  -0.000000 -0.000000 0.000000  0.008153 -0.000259 0.000009
53  -0.000000 0.000000 0.000001  1.565115 0.043565 -0.106862
54  3.252491 -12.784899 -5.701467  1.068088 -0.548820 -2.453841
55  0.000000 0.000000 0.000001  0.000000 -0.000001 -0.000002
56  0.000031 0.000029 0.000001  -1.571901 -0.044449 -0.106509
57  19.539406 -6.082439 -8.492805  1.570796 -0.000000 0.000000
58  -9.085379 4.000748 -21.081936  1.570796 -0.000000 0.000000
59  1.967987 2.652260 -8.860325  1.570796 -0.000000 0.000000
60  -0.004311 0.001229 -0.000371  0.006898 -0.005534 -0.284229
61  0.826810 10.209643 -4.879054  1.570796 -0.000000 0.000000
62  0.000000 0.000000 0.000000  -0.078727 -3.136056 0.284226
63  0.000000 0.000000 0.000000  1.557628 -0.013644 0.007074
64  -5.382991 -7.914942 -3.263517  0.895483 -0.516002 0.427869
65  0.002682 -3.204031 0.621196  0.000000 -0.000000 0.000000
66  0.048107 -1.112260 2.845370  0.000000 -0.000000 0.000000
67  -1.184782 0.539745 -0.284904  0.000000 -0.000000 0.000000
68  0.047886 -1.610072 21.020466  0.000000 -0.000000 0.000000
69  0.047882 -3.319714 2.472854  0.000000 -0.000000 0.000000
70  0.172182 -2.040369 3.568006  0.000000 -0.000000 0.000000
71  0.654948 -2.537531 2.477230  0.000000 -0.000000 -0.261799
72  -2.679240 -13.534347 -3.484729  0.895483 -0.516002 0.427869
73  0.017811 1.799356 -0.402361  0.000000 -0.000000 0.000000
74  -3.588360 -1.097282 -23.660017  1.570796 -0.000000 0.000000
75  0.031323 2.100357 -1.138380  0.000000 -0.000000 0.000000
76  -0.024051 1.849583 -1.138377  0.000000 -0.000000 0.000000
time 37
0  0.000006 0.000000 0.000000  -1.570800 -1.391899 -1.570792
1  -9.317206 -1.738830 1.963675  -1.544956 -1.855077 -0.198630
2  6.027521 -0.000336 0.000191  -2.255092 -1.019708 0.926186
3  11.692111 0.000645 -0.000738  -0.607309 -0.000022 -1.449454
4  11.479598 -0.000163 -0.001011  1.476828 -0.354718 0.018055
5  3.931191 -0.001479 -1.215666  -0.361409 0.076851 -0.414043
6  1.312589 0.000009 0.000005  -0.013905 -0.037899 -0.297283
7  0.729353 0.000051 0.000050  0.005021 -0.000969 -0.729532
8  4.024462 0.090109 -0.378929  -0.043968 0.072816 -0.330299
9  1.539111 0.000083 0.000002  -0.016862 -0.062813 -0.628647
10  1.196332 0.000147 0.000028  0.006513 -0.003197 -0.760661
11  3.883511 -0.047210 0.431349  0.017086 0.059437 -0.075621
12  1.719571 -0.000030 0.000021  -0.027846 -0.039399 -0.795615
13  1.209180 0.000091 0.000010  0.003506 0.000050 -0.491213
14  3.953244 -0.116751 1.343559  0.066648 0.007938 -0.154127
15  1.719446 -0.000020 0.000026  -0.005225 0.025170 -0.494026
16  1.099674 0.000052 0.000008  -0.002562 0.002361 -0.978400
17  0.806012 -0.349038 1.321248  -1.640313 -0.689021 -0.596311
18  1.789819 -0.000003 -0.000017  -0.006731 -0.001016 -0.102633
19  1.207015 -0.000017 -0.000044  -0.016863 -0.052992 -0.380676
20  5.740637 0.000389 -0.000699  -0.013922 0.000003 0.000063
21  11.480929 0.000143 -0.000855  -0.012778 -0.050078 -0.010457
22  6.027525 -0.000330 0.000201  2.121819 -0.009256 2.511883
23  0.000001 11.692101 -0.000006  -0.999447 -0.448254 -0.791014
24  0.000002 0.000009 0.000001  0.261789 -0.000031 1.570739
25  0.000001 -0.000011 0.000000  0.868960 0.000002 1.570712
26  -6.617934 -9.178503 0.826812  1.473120 1.855075 -0.198639
27  6.027517 -0.000259 -0.000223  1.411109 0.758443 -1.046371
28  11.691993 0.000162 0.000857  0.595418 0.000044 -1.441042
29  11.479147 -0.000331 0.001218  -1.449693 0.364957 -0.284242
30  3.859438 -0.132759 1.193065  0.469647 -0.013262 -1.872395
31  1.312560 0.000025 -0.000002  0.024060 -0.138696 -0.550187
32  0.729345 0.000065 -0.000028  -0.166197 -0.081570 -0.714272
33  3.942047 0.050138 0.431000  0.225309 -0.086237 -1.592712
34  1.539096 0.000007 -0.000000  0.035254 -0.050373 -0.994350
35  1.196301 0.000077 -0.000004  -0.021521 0.002175 -0.839738
36  3.883413 -0.050473 -0.431085  0.184824 -0.271737 -1.204030
37  1.719564 -0.000085 -0.000005  0.022858 -0.107186 -1.509108
38  1.209198 0.000035 0.000011  0.000661 0.071072 -0.480462
39  3.859588 -0.149082 -1.331321  -0.169310 -0.013949 -0.130367
40  1.719413 -0.000098 -0.000036  -0.026893 -0.017707 -0.372026
41  1.099673 0.000024 0.000006  -0.006707 -0.002285 0.193929
42  0.805984 -0.359848 -1.318339  0.991670 0.166767 -0.799527
43  1.789781 -0.000009 -0.000042  0.000058 -0.002451 0.133097
44  1.206997 -0.000007 0.000005  0.000372 -0.000071 1.058780
45  5.740574 0.000078 0.000720  0.065146 -0.000014 0.000028
46  11.480775 0.000008 0.000988  0.026894 0.049712 -0.071405
47  6.027515 -0.000273 -0.000230  -0.968613 -0.583436 -1.941619
48  -0.000000 11.691975 -0.000006  -0.994365 0.443663 0.787785
49  0.000002 -0.000000 -0.000001  2.867951 -0.000036 1.570860
50  -0.000006 -0.000013 0.000005  2.272645 -0.000036 1.570861
51  -3.168509 -6.790497 -10.049509  0.653531 -2.526341 1.414805
52  -0.000000 0.000000 -0.000001  0.008153 -0.000259 0.000009
53  -0.000000 0.000000 0.000000  1.565115 0.043565 -0.106862
54  2.783227 -12.423890 -5.264669  1.131771 -0.477035 -2.474925
55  0.000000 -0.000000 0.000001  0.000000 -0.000001 -0.000002
56  0.000030 0.000029 0.000001  -1.571901 -0.044449 -0.106509
57  19.977636 -6.107301 -6.839002  1.570796 -0.000000 0.000000
58  -9.025501 4.000748 -21.076473  1.570796 -0.000000 0.000000
59  1.967987 3.368652 -8.860325  1.570796 -0.000000 0.000000
60  -0.004311 0.001229 -0.000371  0.006898 -0.005534 -0.284229
61  0.826810 10.209643 -4.879054  1.570796 -0.000000 0.000000
62  0.000000 0.000000 0.000000  -0.078727 -3.136056 0.284226
63  0.000000 0.000000 0.000000  1.557242 -0.011739 0.005805
64  -5.404887 -7.892937 -3.331407  0.904836 -0.514184 0.420596
65  0.002681 -3.204032 0.621196  -0.000000 0.000000 0.000000
66  0.048106 -1.112261 2.845372  -0.000000 0.000000 0.000000
67  -1.184783 0.539745 -0.284905  -0.000000 0.000000 0.000000
68  0.047884 -1.610074 21.020466  -0.000000 0.000000 0.000000
69  0.047882 -3.319714 2.472854  -0.000000 0.000000 0.000000
70  0.172181 -2.040369 3.568006  -0.000000 0.000000 0.000000
71  0.654948 -2.537531 2.477230  -0.000000 -0.000000 -0.261799
72  -2.717357 -13.517880 -3.603614  0.904836 -0.514184 0.420596
73  0.017810 1.799357 -0.402361  -0.000000 0.000000 0.000000
74  -3.588360 -1.097282 -23.660017  1.570796 -0.000000 0.000000
75  0.031323 2.100357 -1.138380  0.000000 -0.000000 0.000000
76  -0.024051 1.849583 -1.138377  0.000000 -0.000000 0.000000
time 38
0  0.000006 0.000000 0.000000  -1.570800 -1.391899 -1.570792
1  -9.400874 -2.201519 1.963675  -1.544956 -1.855077 -0.198630
2  6.027520 -0.000334 0.000191  -2.333516 -1.018169 1.042880
3  11.692109 0.000646 -0.000739  -0.706322 -0.000019 -1.406899
4  11.479824 0.000028 -0.000947  1.587183 -0.285575 0.018325
5  3.921406 0.025421 -1.221552  -0.374209 -0.002488 -0.482774
6  1.312589 0.000011 0.000003  0.003164 -0.037893 -0.815483
7  0.729354 0.000050 0.000048  0.004695 0.000792 -0.946756
8  4.023793 0.089752 -0.379356  0.044917 -0.048174 -0.414951
9  1.539110 0.000083 0.000004  -0.001663 -0.031085 -1.020501
10  1.196332 0.000148 0.000027  0.003258 -0.000588 -1.167438
11  3.883511 -0.047211 0.431350  0.061294 -0.008484 -0.120964
12  1.719570 -0.000028 0.000020  -0.008091 -0.014942 -1.144523
13  1.209180 0.000090 0.000008  0.000048 0.001878 -0.840786
14  3.883158 -0.132981 1.335184  0.136714 0.001812 -0.152449
15  1.719447 -0.000020 0.000029  -0.009188 0.039723 -0.789853
16  1.099675 0.000052 0.000009  -0.004469 0.001172 -1.465248
17  0.806013 -0.349039 1.321249  -1.850876 -0.677818 -0.412309
18  1.789819 -0.000000 -0.000016  0.000043 0.000334 -0.099940
19  1.207015 -0.000018 -0.000045  -0.000037 0.000025 -0.388437
20  5.740636 0.000389 -0.000699  0.007047 0.000003 0.000064
21  11.480975 0.000181 -0.000842  0.008193 -0.035523 -0.005928
22  6.027524 -0.000329 0.000200  -1.018996 3.109720 -0.579798
23  -0.000002 11.692100 -0.000006  -0.974017 -0.425336 -0.774297
24  0.000002 0.000009 -0.000001  0.162774 -0.000031 1.570739
25  -0.000002 -0.000011 0.000001  0.868960 0.000002 1.570712
26  -6.617934 -9.178503 0.826812  1.473120 1.855075 -0.198639
27  6.027517 -0.000258 -0.000223  1.404588 0.744650 -1.048508
28  11.691992 0.000161 0.000858  0.595418 0.000045 -1.464742
29  11.480570 0.000307 0.000785  -1.435558 0.387603 -0.262406
30  3.859438 -0.132758 1.193065  0.469647 -0.013262 -1.872395
31  1.312560 0.000026 -0.000001  0.024060 -0.138696 -0.550187
32  0.729346 0.000065 -0.000028  -0.166197 -0.081570 -0.714273
33  3.942046 0.050139 0.430999  0.225309 -0.086237 -1.592712
34  1.539097 0.000006 -0.000000  0.035254 -0.050373 -0.994350
35  1.196299 0.000078 -0.000002  -0.021521 0.002175 -0.839738
36  3.883414 -0.050472 -0.431084  0.184824 -0.271737 -1.204030
37  1.719564 -0.000084 -0.000004  0.022858 -0.107186 -1.509108
38  1.209197 0.000035 0.000010  0.000661 0.071072 -0.480462
39  3.859588 -0.149082 -1.331322  -0.169310 -0.013949 -0.130367
40  1.719412 -0.000097 -0.000036  -0.026894 -0.017707 -0.372026
41  1.099674 0.000024 0.000008  -0.006707 -0.002285 0.193929
42  0.805983 -0.359848 -1.318339  0.991670 0.166767 -0.799527
43  1.789780 -0.000008 -0.000042  0.000058 -0.002451 0.133098
44  1.206995 -0.000007 0.000005  0.000372 -0.000071 1.058780
45  5.740574 0.000079 0.000721  0.070275 -0.000014 0.000028
46  11.481059 0.000135 0.000902  0.029472 0.054243 -0.067811
47  6.027515 -0.000273 -0.000230  -0.959242 -0.595776 -1.944514
48  -0.000000 11.691973 -0.000007  -1.008478 0.456549 0.796946
49  0.000002 0.000001 0.000000  2.867951 -0.000036 1.570860
50  -0.000006 -0.000014 0.000004  2.272645 -0.000036 1.570861
51  -3.098607 -6.591938 -10.075255  0.668934 -2.548186 1.411542
52  0.000000 -0.000000 0.000000  0.008153 -0.000259 0.000009
53  0.000000 0.000000 0.000000  1.565115 0.043565 -0.106862
54  2.361326 -12.028780 -4.848224  1.200429 -0.393597 -2.478981
55  -0.000000 -0.000000 -0.000001  0.000000 -0.000001 -0.000002
56  0.000030 0.000029 0.000001  -1.571901 -0.044449 -0.106509
57  20.265263 -6.123618 -5.753554  1.570796 -0.000000 0.000000
58  -8.987757 4.000748 -21.073948  1.570796 -0.000000 0.000000
59  1.967987 3.838845 -8.860325  1.570796 -0.000000 0.000000
60  -0.004311 0.001229 -0.000371  0.006898 -0.005534 -0.284229
61  0.826810 10.209643 -4.879054  1.570796 -0.000000 0.000000
62  0.000000 0.000000 0.000000  -0.078727 -3.136056 0.284226
63  0.000000 0.000000 0.000000  1.557109 -0.009863 0.004157
64  -5.435203 -7.837924 -3.416616  0.917990 -0.536731 0.419487
65  0.002680 -3.204031 0.621196  0.000000 -0.000000 -0.000000
66  0.048104 -1.112260 2.845370  0.000000 -0.000000 -0.000000
67  -1.184782 0.539747 -0.284905  0.000000 -0.000000 -0.000000
68  0.047885 -1.610071 21.020462  0.000000 -0.000000 -0.000000
69  0.047881 -3.319714 2.472854  0.000000 -0.000000 -0.000000
70  0.172179 -2.040369 3.568007  0.000000 -0.000000 -0.000000
71  0.654946 -2.537530 2.477229  0.000000 -0.000000 -0.261799
72  -2.711980 -13.442033 -3.755642  0.917990 -0.536731 0.419487
73  0.017810 1.799356 -0.402361  0.000000 -0.000000 -0.000000
74  -3.588360 -1.097282 -23.660017  1.570796 -0.000000 0.000000
75  0.031323 2.100357 -1.138380  0.000000 -0.000000 0.000000
76  -0.024051 1.849583 -1.138377  0.000000 -0.000000 0.000000
time 39
0  0.000006 0.000000 0.000000  -1.570800 -1.391899 -1.570792
1  -9.429155 -2.357914 1.963675  -1.544956 -1.855077 -0.198630
2  6.027520 -0.000334 0.000191  -2.361122 -1.012983 1.078220
3  11.692111 0.000644 -0.000740  -0.761056 -0.000019 -1.403380
4  11.479845 0.000086 -0.000936  1.645093 -0.236621 0.042608
5  3.918126 0.034433 -1.223523  -0.377438 -0.031556 -0.509152
6  1.312590 0.000011 0.000004  0.008893 -0.035706 -0.999664
7  0.729354 0.000051 0.000050  0.004459 0.001409 -1.026814
8  4.023568 0.089633 -0.379498  0.081294 -0.091797 -0.449851
9  1.539110 0.000083 0.000003  0.000738 -0.018702 -1.162285
10  1.196332 0.000148 0.000027  0.001901 0.000022 -1.314675
11  3.883510 -0.047211 0.431351  0.077407 -0.033373 -0.138919
12  1.719570 -0.000029 0.000020  -0.002873 -0.005167 -1.271485
13  1.209180 0.000089 0.000010  -0.001276 0.002258 -0.968708
14  3.859677 -0.138418 1.332380  0.161092 -0.001842 -0.152599
15  1.719447 -0.000020 0.000025  -0.011689 0.044587 -0.899472
16  1.099675 0.000051 0.000009  -0.004965 0.000562 -1.636464
17  0.806012 -0.349038 1.321250  -1.870678 -0.728611 -0.381497
18  1.789818 0.000001 -0.000017  0.000363 -0.002985 -0.120678
19  1.207014 -0.000015 -0.000046  0.000560 0.000179 -0.259931
20  5.740637 0.000389 -0.000700  0.018026 0.000003 0.000063
21  11.480980 0.000192 -0.000840  0.019505 -0.025212 0.000721
22  6.027524 -0.000329 0.000200  -1.014742 3.094868 -0.567751
23  0.000001 11.692100 -0.000006  -0.971907 -0.423458 -0.772894
24  0.000003 0.000011 -0.000000  0.108040 -0.000031 1.570738
25  0.000002 -0.000011 0.000001  0.868960 0.000002 1.570712
26  -6.617934 -9.178503 0.826812  1.473120 1.855075 -0.198639
27  6.027517 -0.000258 -0.000223  1.392751 0.729672 -1.050757
28  11.691991 0.000160 0.000858  0.595419 0.000048 -1.497111
29  11.480301 0.000170 0.000879  -1.410367 0.427988 -0.230873
30  3.859437 -0.132758 1.193066  0.469647 -0.013262 -1.872395
31  1.312558 0.000027 -0.000000  0.024060 -0.138696 -0.550187
32  0.729345 0.000064 -0.000027  -0.166197 -0.081570 -0.714273
33  3.942046 0.050140 0.431001  0.225309 -0.086237 -1.592712
34  1.539097 0.000007 -0.000003  0.035254 -0.050373 -0.994350
35  1.196300 0.000079 -0.000004  -0.021521 0.002175 -0.839738
36  3.883414 -0.050472 -0.431083  0.184824 -0.271737 -1.204030
37  1.719563 -0.000083 -0.000004  0.022858 -0.107186 -1.509108
38  1.209198 0.000035 0.000011  0.000661 0.071072 -0.480462
39  3.859588 -0.149082 -1.331320  -0.169310 -0.013949 -0.130367
40  1.719414 -0.000097 -0.000035  -0.026893 -0.017707 -0.372026
41  1.099674 0.000023 0.000006  -0.006707 -0.002285 0.193929
42  0.805983 -0.359847 -1.318336  0.991670 0.166767 -0.799527
43  1.789780 -0.000008 -0.000042  0.000058 -0.002451 0.133098
44  1.206997 -0.000008 0.000006  0.000372 -0.000071 1.058780
45  5.740572 0.000079 0.000720  0.079659 -0.000014 0.000028
46  11.481003 0.000108 0.000921  0.034009 0.062348 -0.063008
47  6.027515 -0.000273 -0.000230  -0.951722 -0.611988 -1.943075
48  0.000001 11.691976 -0.000005  -1.027689 0.474335 0.809222
49  0.000003 0.000001 -0.000001  2.867951 -0.000036 1.570860
50  -0.000007 -0.000014 0.000005  2.272645 -0.000036 1.570861
51  -2.959434 -6.318968 -10.057782  0.696964 -2.580492 1.402907
52  0.000001 -0.000000 0.000000  0.008153 -0.000259 0.000009
53  0.000000 0.000001 0.000001  1.565115 0.043565 -0.106862
54  2.210713 -11.784023 -4.675643  1.225139 -0.332938 -2.473294
55  0.000000 -0.000000 0.000000  0.000000 -0.000001 -0.000002
56  0.000031 0.000029 0.000002  -1.571901 -0.044449 -0.106509
57  20.362484 -6.129133 -5.386655  1.570796 -0.000000 0.000000
58  -8.968098 4.000748 -21.073128  1.570796 -0.000000 0.000000
59  1.967987 3.997777 -8.860325  1.570796 -0.000000 0.000000
60  -0.004311 0.001229 -0.000371  0.006898 -0.005534 -0.284229
61  0.826810 10.209643 -4.879054  1.570796 -0.000000 0.000000
62  0.000000 0.000000 0.000000  -0.078727 -3.136056 0.284226
63  0.000000 0.000000 0.000000  1.557098 -0.008242 0.002510
64  -5.474907 -7.766407 -3.505916  0.934551 -0.574111 0.417418
65  0.002682 -3.204031 0.621195  0.000000 0.000000 -0.000000
66  0.048106 -1.112259 2.845371  0.000000 0.000000 -0.000000
67  -1.184781 0.539747 -0.284906  0.000000 0.000000 -0.000000
68  0.047884 -1.610073 21.020464  0.000000 0.000000 -0.000000
69  0.047882 -3.319714 2.472853  0.000000 0.000000 -0.000000
70  0.172181 -2.040368 3.568006  0.000000 0.000000 -0.000000
71  0.654948 -2.537530 2.477230  0.000000 0.000000 -0.261800
72  -2.703669 -13.341592 -3.923608  0.934551 -0.574111 0.417418
73  0.017809 1.799356 -0.402362  0.000000 0.000000 -0.000000
74  -3.588360 -1.097282 -23.660017  1.570796 -0.000000 0.000000
75  0.031323 2.100357 -1.138380  0.000000 -0.000000 0.000000
76  -0.024051 1.849583 -1.138377  0.000000 -0.000000 0.000000
time 40
0  0.000006 0.000000 0.000000  -1.570800 -1.391899 -1.570792
1  -9.428283 -2.353091 1.963675  -1.544956 -1.855077 -0.198630
2  6.027521 -0.000335 0.000191  -2.362573 -1.007706 1.080036
3  11.692110 0.000645 -0.000738  -0.790348 -0.000020 -1.414322
4  11.479781 0.000089 -0.000957  1.661703 -0.208284 0.060976
5  3.918126 0.034433 -1.223522  -0.377437 -0.031556 -0.509152
6  1.312589 0.000011 0.000007  0.008893 -0.035705 -0.999665
7  0.729353 0.000052 0.000049  0.004459 0.001409 -1.026814
8  4.023570 0.089634 -0.379498  0.081294 -0.091797 -0.449851
9  1.539110 0.000082 0.000006  0.000738 -0.018702 -1.162285
10  1.196332 0.000147 0.000025  0.001901 0.000022 -1.314675
11  3.883510 -0.047211 0.431351  0.077407 -0.033373 -0.138919
12  1.719570 -0.000029 0.000020  -0.002874 -0.005167 -1.271485
13  1.209180 0.000090 0.000009  -0.001276 0.002258 -0.968708
14  3.859678 -0.138418 1.332380  0.161092 -0.001842 -0.152599
15  1.719446 -0.000020 0.000027  -0.011689 0.044587 -0.899471
16  1.099675 0.000051 0.000009  -0.004965 0.000562 -1.636464
17  0.806011 -0.349038 1.321250  -1.878677 -0.780848 -0.369655
18  1.789818 0.000000 -0.000018  0.000751 -0.006297 -0.141417
19  1.207013 -0.000011 -0.000046  0.000663 0.000127 -0.131426
20  5.740636 0.000387 -0.000699  0.021080 0.000003 0.000063
21  11.480967 0.000192 -0.000844  0.022710 -0.019280 0.004731
22  6.027524 -0.000329 0.000200  -1.009532 3.093700 -0.566918
23  -0.000000 11.692102 -0.000006  -0.978464 -0.429306 -0.777246
24  0.000003 0.000009 -0.000000  0.078748 -0.000030 1.570739
25  -0.000000 -0.000011 0.000001  0.868960 0.000002 1.570712
26  -6.617934 -9.178503 0.826812  1.473120 1.855075 -0.198639
27  6.027517 -0.000258 -0.000223  1.381747 0.717174 -1.052000
28  11.691991 0.000163 0.000857  0.595420 0.000050 -1.526754
29  11.480065 0.000049 0.000962  -1.388338 0.472109 -0.201453
30  3.859437 -0.132759 1.193065  0.469647 -0.013262 -1.872395
31  1.312559 0.000026 -0.000002  0.024060 -0.138696 -0.550187
32  0.729345 0.000065 -0.000027  -0.166197 -0.081570 -0.714272
33  3.942047 0.050138 0.431000  0.225309 -0.086237 -1.592712
34  1.539097 0.000007 -0.000001  0.035254 -0.050373 -0.994350
35  1.196300 0.000078 -0.000004  -0.021521 0.002175 -0.839738
36  3.883414 -0.050473 -0.431084  0.184824 -0.271737 -1.204030
37  1.719565 -0.000085 -0.000004  0.022859 -0.107186 -1.509108
38  1.209197 0.000036 0.000010  0.000661 0.071072 -0.480462
39  3.859589 -0.149083 -1.331321  -0.169309 -0.013949 -0.130367
40  1.719412 -0.000098 -0.000036  -0.026893 -0.017707 -0.372026
41  1.099673 0.000024 0.000008  -0.006707 -0.002285 0.193929
42  0.805984 -0.359848 -1.318338  0.991670 0.166767 -0.799527
43  1.789779 -0.000008 -0.000042  0.000058 -0.002451 0.133098
44  1.206996 -0.000007 0.000006  0.000372 -0.000071 1.058780
45  5.740574 0.000078 0.000722  0.088993 -0.000014 0.000028
46  11.480958 0.000083 0.000938  0.037748 0.071318 -0.058690
47  6.027515 -0.000273 -0.000230  -0.946166 -0.626262 -1.940259
48  -0.000000 11.691974 -0.000005  -1.045221 0.490805 0.820225
49  0.000002 0.000000 0.000000  2.867951 -0.000036 1.570860
50  -0.000007 -0.000014 0.000005  2.272645 -0.000036 1.570861
51  -2.829097 -6.066848 -10.023623  -2.418715 -0.528873 -1.752318
52  -0.000000 -0.000001 -0.000001  0.008153 -0.000259 0.000009
53  0.000000 -0.000000 0.000001  1.565115 0.043565 -0.106862
54  2.192542 -11.682790 -4.656218  1.220026 -0.294132 -2.471913
55  0.000001 0.000000 0.000000  0.000000 -0.000001 -0.000002
56  0.000031 0.000029 0.000001  -1.571902 -0.044449 -0.106509
57  20.362484 -5.946253 -5.389771  1.570796 -0.000000 0.000000
58  -8.962386 4.000748 -21.073025  1.570796 -0.000000 0.000000
59  1.967987 3.992876 -8.860325  1.570796 -0.000000 0.000000
60  -0.004311 0.001229 -0.000371  0.006898 -0.005534 -0.284229
61  0.826810 10.209643 -4.879054  1.570796 -0.000000 0.000000
62  0.000000 0.000000 0.000000  -0.078727 -3.136056 0.284226
63  0.000000 0.000000 0.000000  1.557353 -0.007102 0.001243
64  -5.523010 -7.694891 -3.586079  0.952090 -0.610414 0.407428
65  0.002681 -3.204031 0.621195  0.000000 0.000000 0.000000
66  0.048105 -1.112260 2.845372  0.000000 0.000000 0.000000
67  -1.184782 0.539745 -0.284905  0.000000 0.000000 0.000000
68  0.047884 -1.610073 21.020466  0.000000 0.000000 0.000000
69  0.047881 -3.319714 2.472855  0.000000 0.000000 0.000000
70  0.172180 -2.040368 3.568006  0.000000 0.000000 0.000000
71  0.654947 -2.537531 2.477230  0.000000 0.000000 -0.261799
72  -2.740324 -13.257871 -4.082908  0.952090 -0.610414 0.407428
73  0.017809 1.799356 -0.402361  0.000000 0.000000 0.000000
74  -3.588360 -1.097282 -23.660017  1.570796 -0.000000 0.000000
75  0.031323 2.100357 -1.138380  0.000000 -0.000000 0.000000
76  -0.024051 1.849583 -1.138377  0.000000 -0.000000 0.000000
time 41
0  0.000006 0.000000 0.000000  -1.570800 -1.391899 -1.570792
1  -9.423980 -2.329294 1.963675  -1.544956 -1.855077 -0.198630
2  6.027522 -0.000336 0.000191  -2.369285 -1.006539 1.098708
3  11.692110 0.000644 -0.000738  -0.810250 -0.000019 -1.410570
4  11.479805 0.000117 -0.000946  1.665498 -0.190697 0.054496
5  3.918126 0.034433 -1.223524  -0.377438 -0.031556 -0.509152
6  1.312590 0.000011 0.000006  0.008893 -0.035706 -0.999665
7  0.729354 0.000053 0.000050  0.004459 0.001409 -1.026814
8  4.023569 0.089633 -0.379499  0.081294 -0.091797 -0.449851
9  1.539110 0.000083 0.000004  0.000738 -0.018702 -1.162285
10  1.196333 0.000147 0.000028  0.001901 0.000022 -1.314675
11  3.883510 -0.047211 0.431350  0.077407 -0.033373 -0.138919
12  1.719571 -0.000028 0.000019  -0.002873 -0.005167 -1.271485
13  1.209180 0.000090 0.000009  -0.001276 0.002258 -0.968708
14  3.859677 -0.138418 1.332379  0.161092 -0.001842 -0.152599
15  1.719447 -0.000020 0.000025  -0.011689 0.044587 -0.899471
16  1.099676 0.000052 0.000009  -0.004965 0.000562 -1.636464
17  0.806011 -0.349038 1.321250  -1.856166 -0.718199 -0.403476
18  1.789819 0.000002 -0.000018  0.000299 -0.002206 -0.135501
19  1.207014 -0.000013 -0.000048  0.000230 0.000103 -0.334576
20  5.740636 0.000388 -0.000700  0.022050 0.000003 0.000063
21  11.480972 0.000198 -0.000842  0.023263 -0.015776 0.003429
22  6.027525 -0.000330 0.000200  -1.008651 3.090033 -0.553875
23  0.000001 11.692101 -0.000007  -0.976217 -0.427298 -0.775757
24  0.000003 0.000009 0.000001  0.058846 -0.000031 1.570739
25  -0.000000 -0.000011 -0.000000  0.868960 0.000002 1.570712
26  -6.617934 -9.178503 0.826812  1.473120 1.855075 -0.198639
27  6.027517 -0.000258 -0.000223  1.375353 0.711157 -1.053174
28  11.691990 0.000161 0.000858  0.595420 0.000051 -1.541037
29  11.479957 -0.000005 0.000997  -1.384291 0.506008 -0.191235
30  3.859438 -0.132758 1.193064  0.469647 -0.013262 -1.872395
31  1.312559 0.000025 -0.000000  0.024060 -0.138696 -0.550187
32  0.729346 0.000065 -0.000029  -0.166197 -0.081570 -0.714272
33  3.942047 0.050140 0.431000  0.225309 -0.086237 -1.592712
34  1.539098 0.000006 -0.000000  0.035254 -0.050373 -0.994350
35  1.196301 0.000078 -0.000004  -0.021521 0.002175 -0.839738
36  3.883414 -0.050472 -0.431084  0.184824 -0.271737 -1.204030
37  1.719563 -0.000084 -0.000004  0.022859 -0.107186 -1.509108
38  1.209197 0.000035 0.000010  0.000661 0.071072 -0.480462
39  3.859589 -0.149081 -1.331321  -0.169310 -0.013949 -0.130367
40  1.719413 -0.000098 -0.000036  -0.026894 -0.017707 -0.372026
41  1.099674 0.000024 0.000007  -0.006707 -0.002285 0.193929
42  0.805984 -0.359848 -1.318339  0.991670 0.166767 -0.799527
43  1.789780 -0.000007 -0.000042  0.000058 -0.002451 0.133097
44  1.206996 -0.000007 0.000006  0.000372 -0.000071 1.058780
45  5.740573 0.000080 0.000721  0.094072 -0.000014 0.000028
46  11.480935 0.000072 0.000945  0.038374 0.078211 -0.057252
47  6.027515 -0.000273 -0.000230  -0.944173 -0.633809 -1.938419
48  -0.000000 11.691975 -0.000006  -1.053651 0.498801 0.825443
49  0.000003 0.000001 -0.000001  2.867951 -0.000036 1.570860
50  -0.000007 -0.000013 0.000005  2.272645 -0.000036 1.570861
51  -2.754230 -5.941130 -10.010305  -2.404520 -0.509554 -1.772319
52  0.000000 -0.000000 -0.000000  0.008153 -0.000259 0.000009
53  0.000000 0.000001 0.000000  1.565115 0.043565 -0.106862
54  2.109099 -11.710184 -4.659536  1.216513 -0.271467 -2.483890
55  0.000000 0.000000 -0.000001  0.000000 -0.000001 -0.000002
56  0.000030 0.000029 0.000001  -1.571902 -0.044449 -0.106509
57  20.362484 -5.414001 -5.416091  1.570796 -0.000000 0.000000
58  -8.962754 4.000748 -21.096909  1.570796 -0.000000 0.000000
59  1.967987 3.968693 -8.860325  1.570796 -0.000000 0.000000
60  -0.004311 0.001229 -0.000371  0.006898 -0.005534 -0.284229
61  0.826810 10.209643 -4.879054  1.570796 -0.000000 0.000000
62  0.000000 0.000000 0.000000  -0.078727 -3.136056 0.284226
63  0.000000 0.000000 0.000000  1.559094 -0.006673 0.000731
64  -5.570700 -7.639879 -3.643878  0.963417 -0.631395 0.387881
65  0.002681 -3.204031 0.621195  -0.000000 -0.000000 -0.000000
66  0.048106 -1.112260 2.845371  -0.000000 -0.000000 -0.000000
67  -1.184781 0.539746 -0.284904  -0.000000 -0.000000 -0.000000
68  0.047884 -1.610073 21.020466  -0.000000 -0.000000 -0.000000
69  0.047882 -3.319714 2.472854  -0.000000 -0.000000 -0.000000
70  0.172180 -2.040368 3.568007  -0.000000 -0.000000 -0.000000
71  0.654948 -2.537530 2.477229  -0.000000 -0.000000 -0.261799
72  -2.852043 -13.229832 -4.189993  0.963417 -0.631395 0.387881
73  0.017810 1.799356 -0.402361  -0.000000 -0.000000 -0.000000
74  -3.588360 -1.097282 -23.660017  1.570796 -0.000000 0.000000
75  0.031323 2.100357 -1.138380  0.000000 -0.000000 0.000000
76  -0.024051 1.849583 -1.138377  0.000000 -0.000000 0.000000
time 42
0  0.000006 0.000000 0.000000  -1.570800 -1.391899 -1.570792
1  -9.413180 -2.269570 1.963675  -1.544956 -1.855077 -0.198630
2  6.027520 -0.000335 0.000191  -2.367597 -1.015298 1.124067
3  11.692110 0.000643 -0.000738  -0.821418 -0.000019 -1.398765
4  11.479870 0.000152 -0.000918  1.650425 -0.213072 0.014550
5  3.918127 0.034433 -1.223524  -0.377438 -0.031556 -0.509152
6  1.312590 0.000011 0.000004  0.008893 -0.035706 -0.999665
7  0.729353 0.000052 0.000049  0.004459 0.001409 -1.026814
8  4.023569 0.089634 -0.379499  0.081294 -0.091797 -0.449851
9  1.539111 0.000083 0.000003  0.000738 -0.018702 -1.162285
10  1.196332 0.000148 0.000027  0.001901 0.000022 -1.314675
11  3.883510 -0.047211 0.431351  0.077407 -0.033373 -0.138919
12  1.719571 -0.000029 0.000021  -0.002873 -0.005167 -1.271485
13  1.209180 0.000089 0.000010  -0.001276 0.002258 -0.968708
14  3.859677 -0.138418 1.332380  0.161092 -0.001842 -0.152599
15  1.719447 -0.000021 0.000027  -0.011688 0.044587 -0.899471
16  1.099675 0.000052 0.000010  -0.004965 0.000562 -1.636464
17  0.806012 -0.349038 1.321249  -1.837468 -0.655055 -0.433813
18  1.789819 0.000002 -0.000019  -0.000095 0.001890 -0.094101
19  1.207015 -0.000015 -0.000045  -0.000188 -0.000006 -0.537726
20  5.740636 0.000388 -0.000700  0.019631 0.000003 0.000064
21  11.480985 0.000205 -0.000837  0.020146 -0.020633 -0.004846
22  6.027523 -0.000329 0.000200  -1.017319 3.091638 -0.527525
23  -0.000000 11.692100 -0.000008  -0.969139 -0.421000 -0.771049
24  0.000001 0.000009 -0.000001  0.047677 -0.000031 1.570738
25  0.000000 -0.000011 -0.000001  0.868960 0.000002 1.570712
26  -6.617934 -9.178503 0.826812  1.473120 1.855075 -0.198639
27  6.027517 -0.000258 -0.000224  1.384940 0.705620 -1.050757
28  11.691991 0.000161 0.000858  0.595420 0.000051 -1.538815
29  11.479972 0.000004 0.000991  -1.417422 0.505693 -0.199051
30  3.859438 -0.132758 1.193066  0.469647 -0.013262 -1.872395
31  1.312559 0.000026 -0.000001  0.024060 -0.138696 -0.550187
32  0.729346 0.000065 -0.000026  -0.166197 -0.081570 -0.714273
33  3.942046 0.050139 0.431001  0.225309 -0.086237 -1.592712
34  1.539098 0.000006 -0.000001  0.035254 -0.050373 -0.994350
35  1.196300 0.000077 -0.000004  -0.021521 0.002175 -0.839738
36  3.883414 -0.050472 -0.431083  0.184824 -0.271737 -1.204030
37  1.719563 -0.000083 -0.000004  0.022858 -0.107186 -1.509108
38  1.209198 0.000035 0.000011  0.000661 0.071072 -0.480462
39  3.859588 -0.149083 -1.331321  -0.169309 -0.013949 -0.130367
40  1.719411 -0.000098 -0.000035  -0.026893 -0.017707 -0.372026
41  1.099673 0.000024 0.000007  -0.006707 -0.002285 0.193929
42  0.805983 -0.359847 -1.318338  0.991670 0.166767 -0.799527
43  1.789780 -0.000009 -0.000042  0.000058 -0.002451 0.133098
44  1.206997 -0.000007 0.000005  0.000372 -0.000071 1.058781
45  5.740571 0.000080 0.000721  0.087637 -0.000014 0.000028
46  11.480936 0.000077 0.000943  0.032313 0.078375 -0.057048
47  6.027515 -0.000273 -0.000230  -0.933160 -0.631623 -1.948752
48  -0.000002 11.691975 -0.000005  -1.052340 0.497554 0.824635
49  0.000002 0.000001 -0.000000  2.867951 -0.000036 1.570860
50  -0.000008 -0.000013 0.000005  2.272645 -0.000036 1.570861
51  -2.886920 -5.961078 -10.085173  0.711206 -2.632338 1.355262
52  0.000000 0.000001 -0.000000  0.008153 -0.000259 0.000009
53  0.000000 -0.000000 0.000000  1.565115 0.043565 -0.106862
54  1.937126 -11.885358 -4.870176  1.198579 -0.286053 -2.505581
55  -0.000000 0.000000 -0.000000  0.000000 -0.000001 -0.000002
56  0.000030 0.000029 0.000001  -1.571901 -0.044449 -0.106509
57  20.362484 -4.648853 -5.499033  1.570796 -0.000000 0.000000
58  -8.965705 4.000748 -21.170013  1.570796 -0.000000 0.000000
59  1.967987 3.908000 -8.860325  1.570796 -0.000000 0.000000
60  -0.004311 0.001229 -0.000371  0.006898 -0.005534 -0.284229
61  0.826810 10.209643 -4.879054  1.570796 -0.000000 0.000000
62  0.000000 0.000000 0.000000  -0.078727 -3.136056 0.284226
63  0.000000 0.000000 0.000000  1.563812 -0.009781 0.000763
64  -5.607210 -7.617874 -3.666083  0.978920 -0.612652 0.352221
65  0.002681 -3.204031 0.621195  -0.000000 0.000000 0.000000
66  0.048104 -1.112260 2.845372  -0.000000 0.000000 0.000000
67  -1.184782 0.539745 -0.284905  -0.000000 0.000000 0.000000
68  0.047883 -1.610073 21.020470  -0.000000 0.000000 0.000000
69  0.047880 -3.319714 2.472856  -0.000000 0.000000 0.000000
70  0.172179 -2.040369 3.568007  -0.000000 0.000000 0.000000
71  0.654946 -2.537531 2.477231  -0.000000 0.000000 -0.261799
72  -3.051279 -13.275125 -4.298250  0.978920 -0.612652 0.352221
73  0.017810 1.799356 -0.402360  -0.000000 0.000000 0.000000
74  -3.588360 -1.097282 -23.660017  1.570796 -0.000000 0.000000
75  0.031323 2.100357 -1.138380  0.000000 -0.000000 0.000000
76  -0.024051 1.849583 -1.138377  0.000000 -0.000000 0.000000
time 43
0  0.000006 0.000000 0.000000  -1.570800 -1.391899 -1.570792
1  -9.393434 -2.160371 1.963675  -1.544956 -1.855077 -0.198630
2  6.027521 -0.000335 0.000191  -2.335495 -1.021051 1.119096
3  11.692110 0.000645 -0.000738  -0.827085 -0.000020 -1.425300
4  11.479721 0.000103 -0.000975  1.583210 -0.267606 0.017164
5  3.918126 0.034434 -1.223524  -0.377438 -0.031556 -0.509152
6  1.312589 0.000012 0.000005  0.008893 -0.035706 -0.999665
7  0.729354 0.000051 0.000048  0.004459 0.001409 -1.026814
8  4.023569 0.089634 -0.379499  0.081294 -0.091797 -0.449851
9  1.539110 0.000082 0.000004  0.000738 -0.018702 -1.162285
10  1.196332 0.000148 0.000027  0.001901 0.000022 -1.314675
11  3.883510 -0.047210 0.431351  0.077407 -0.033373 -0.138919
12  1.719571 -0.000029 0.000022  -0.002873 -0.005167 -1.271485
13  1.209180 0.000090 0.000009  -0.001276 0.002258 -0.968708
14  3.859676 -0.138418 1.332380  0.161092 -0.001842 -0.152599
15  1.719447 -0.000020 0.000026  -0.011689 0.044587 -0.899471
16  1.099676 0.000050 0.000010  -0.004965 0.000562 -1.636464
17  0.860737 -0.369696 1.388045  -1.887825 -0.851564 -0.360952
18  1.789821 -0.000006 -0.000020  0.000225 -0.004247 0.142047
19  1.207015 -0.000013 -0.000044  0.000455 0.000037 -0.152639
20  5.740636 0.000388 -0.000699  0.006566 0.000003 0.000063
21  11.480954 0.000196 -0.000847  0.007280 -0.031959 -0.006308
22  6.027524 -0.000329 0.000200  -1.021930 3.108837 -0.505363
23  -0.000000 11.692101 -0.000005  -0.985031 -0.435198 -0.781583
24  0.000004 0.000009 0.000000  0.042011 -0.000031 1.570739
25  -0.000001 -0.000011 0.000001  0.868960 0.000002 1.570712
26  -6.617934 -9.178503 0.826812  1.473120 1.855075 -0.198639
27  6.027517 -0.000258 -0.000224  1.412075 0.680092 -1.040714
28  11.691990 0.000162 0.000857  0.595421 0.000054 -1.581599
29  11.479654 -0.000151 0.001098  -1.446615 0.502533 -0.120348
30  3.859437 -0.132759 1.193065  0.469647 -0.013262 -1.872395
31  1.312558 0.000026 -0.000002  0.024060 -0.138696 -0.550187
32  0.729345 0.000065 -0.000028  -0.166197 -0.081570 -0.714272
33  3.942046 0.050138 0.431000  0.225309 -0.086237 -1.592712
34  1.539097 0.000006 -0.000000  0.035254 -0.050373 -0.994350
35  1.196301 0.000077 -0.000004  -0.021521 0.002175 -0.839738
36  3.883413 -0.050472 -0.431084  0.184824 -0.271737 -1.204030
37  1.719564 -0.000084 -0.000005  0.022859 -0.107186 -1.509108
38  1.209198 0.000035 0.000012  0.000661 0.071072 -0.480462
39  3.859587 -0.149082 -1.331321  -0.169310 -0.013949 -0.130367
40  1.719412 -0.000098 -0.000036  -0.026893 -0.017707 -0.372026
41  1.099674 0.000024 0.000006  -0.006707 -0.002285 0.193929
42  0.805983 -0.359848 -1.318339  0.991670 0.166767 -0.799527
43  1.789780 -0.000009 -0.000042  0.000058 -0.002451 0.133097
44  1.206997 -0.000007 0.000005  0.000372 -0.000071 1.058780
45  5.740571 0.000081 0.000721  0.078539 -0.000014 0.000028
46  11.480873 0.000045 0.000965  0.024210 0.078721 -0.040063
47  6.027515 -0.000273 -0.000230  -0.892338 -0.630518 -1.980131
48  -0.000000 11.691974 -0.000006  -1.077535 0.521716 0.839966
49  0.000002 0.000001 0.000000  2.867951 -0.000036 1.570860
50  -0.000007 -0.000014 0.000004  2.272645 -0.000036 1.570861
51  -3.215344 -5.658484 -10.003447  0.641965 -2.672884 1.377490
52  0.000000 0.000000 0.000000  0.008153 -0.000259 0.000009
53  -0.000000 -0.000000 -0.000000  1.565115 0.043565 -0.106862
54  1.800639 -11.890415 -5.359352  1.122754 -0.296233 -2.494118
55  -0.000000 0.000001 0.000001  0.000000 -0.000001 -0.000002
56  0.000030 0.000030 0.000001  -1.571901 -0.044449 -0.106509
57  20.362484 -3.883706 -5.669443  1.570796 -0.000000 0.000000
58  -8.974861 4.000748 -21.290854  1.570796 -0.000000 0.000000
59  1.967987 3.797030 -8.860325  1.570796 -0.000000 0.000000
60  -0.004311 0.001229 -0.000371  0.006898 -0.005534 -0.284229
61  0.826810 10.209643 -4.879054  1.570796 -0.000000 0.000000
62  0.000000 0.000000 0.000000  -0.078727 -3.136056 0.284226
63  0.000000 0.000000 0.000000  1.573358 -0.015556 0.000965
64  -5.621773 -7.624374 -3.546355  1.058508 -0.580320 0.297178
65  0.002680 -3.204031 0.621196  0.000000 -0.000000 -0.000000
66  0.048105 -1.112259 4.324604  0.000000 -0.000000 -0.000000
67  -1.184782 0.539746 -0.284905  0.000000 -0.000000 -0.000000
68  0.047884 -1.610072 21.020464  0.000000 -0.000000 -0.000000
69  0.047881 -3.319713 2.472855  0.000000 -0.000000 -0.000000
70  0.023129 -1.748065 4.769838  -0.131915 -0.000000 -0.000000
71  0.654947 -2.537530 2.477229  0.000000 -0.000000 -0.000000
72  -3.167689 -13.263472 -4.602275  1.058508 -0.580320 0.297178
73  0.017810 1.799356 -0.402361  0.000000 -0.000000 -0.000000
74  -3.588360 -1.097282 -23.660017  1.570796 -0.000000 0.000000
75  0.031323 2.100357 -1.138380  0.000000 -0.000000 0.000000
76  -0.024051 1.849583 -1.138377  0.000000 -0.000000 0.000000
time 44
0  0.000006 0.000000 0.000000  -1.570800 -1.391899 -1.570792
1  -9.364539 -2.000583 1.963675  -1.544956 -1.855077 -0.198630
2  6.027523 -0.000338 0.000191  -2.345228 -1.019603 1.125582
3  11.692111 0.000645 -0.000740  -0.831757 -0.000020 -1.416198
4  11.479773 0.000124 -0.000952  1.588512 -0.279161 -0.017323
5  3.918127 0.034433 -1.223523  -0.377438 -0.031556 -0.509152
6  1.312589 0.000011 0.000004  0.008893 -0.035706 -0.999664
7  0.729353 0.000052 0.000048  0.004459 0.001409 -1.026814
8  4.023569 0.089633 -0.379499  0.081294 -0.091797 -0.449851
9  1.539111 0.000083 0.000005  0.000738 -0.018702 -1.162285
10  1.196332 0.000147 0.000026  0.001901 0.000022 -1.314675
11  3.883510 -0.047211 0.431350  0.077407 -0.033373 -0.138919
12  1.719570 -0.000029 0.000019  -0.002873 -0.005167 -1.271485
13  1.209180 0.000089 0.000010  -0.001276 0.002258 -0.968708
14  3.859677 -0.138418 1.332380  0.161092 -0.001842 -0.152599
15  1.719447 -0.000020 0.000028  -0.011688 0.044587 -0.899471
16  1.099675 0.000050 0.000009  -0.004965 0.000562 -1.636464
17  0.860738 -0.369696 1.388046  -1.887825 -0.851563 -0.360952
18  1.789821 -0.000007 -0.000019  0.000225 -0.004247 0.142047
19  1.207014 -0.000013 -0.000043  0.000454 0.000037 -0.152639
20  5.740635 0.000389 -0.000699  0.007445 0.000003 0.000064
21  11.480965 0.000200 -0.000843  0.007919 -0.034282 -0.012990
22  6.027525 -0.000332 0.000201  -1.020778 3.103671 -0.507131
23  -0.000001 11.692101 -0.000008  -0.979587 -0.430311 -0.777990
24  0.000003 0.000009 -0.000000  0.037339 -0.000031 1.570739
25  -0.000000 -0.000011 -0.000001  0.868960 0.000002 1.570712
26  -6.617934 -9.178503 0.826812  1.473120 1.855075 -0.198639
27  6.027517 -0.000258 -0.000224  1.414741 0.699300 -1.045523
28  11.691989 0.000163 0.000857  0.595420 0.000052 -1.560890
29  11.479806 -0.000079 0.001046  -1.487507 0.491109 -0.146041
30  3.859437 -0.132758 1.193065  0.469647 -0.013262 -1.872395
31  1.312558 0.000026 -0.000002  0.024060 -0.138696 -0.550187
32  0.729346 0.000065 -0.000027  -0.166197 -0.081570 -0.714272
33  3.942046 0.050139 0.430999  0.225309 -0.086237 -1.592712
34  1.539097 0.000005 -0.000000  0.035254 -0.050373 -0.994350
35  1.196300 0.000078 -0.000003  -0.021521 0.002175 -0.839738
36  3.883413 -0.050472 -0.431084  0.184824 -0.271737 -1.204030
37  1.719564 -0.000085 -0.000004  0.022859 -0.107186 -1.509108
38  1.209197 0.000035 0.000012  0.000661 0.071072 -0.480462
39  3.859588 -0.149082 -1.331321  -0.169309 -0.013949 -0.130367
40  1.719415 -0.000098 -0.000036  -0.026893 -0.017707 -0.372026
41  1.099674 0.000024 0.000007  -0.006707 -0.002285 0.193929
42  0.805983 -0.359847 -1.318338  0.991670 0.166767 -0.799527
43  1.789780 -0.000008 -0.000043  0.000058 -0.002451 0.133097
44  1.206996 -0.000007 0.000006  0.000372 -0.000071 1.058780
45  5.740572 0.000080 0.000721  0.070999 -0.000014 0.000028
46  11.480904 0.000059 0.000954  0.017202 0.076454 -0.042919
47  6.027515 -0.000273 -0.000230  -0.909879 -0.617459 -1.976387
48  -0.000001 11.691975 -0.000005  -1.065350 0.509979 0.832606
49  0.000004 -0.000002 0.000000  2.867951 -0.000036 1.570860
50  -0.000008 -0.000012 0.000005  2.272645 -0.000036 1.570861
51  -3.197286 -5.857747 -9.877543  0.618176 -2.648656 1.369183
52  0.000000 0.000000 -0.000000  0.008153 -0.000259 0.000009
53  -0.000000 0.000000 0.000000  1.565115 0.043565 -0.106862
54  1.816363 -12.095461 -5.238691  1.123403 -0.328349 -2.513630
55  0.000000 0.000000 0.000000  0.000000 -0.000001 -0.000002
56  0.000031 0.000029 0.000001  -1.571901 -0.044449 -0.106509
57  20.362484 -3.351453 -5.936178  1.570796 -0.000000 0.000000
58  -8.994694 4.000748 -21.450985  1.570796 -0.000000 0.000000
59  1.967987 3.634651 -8.860325  1.570796 -0.000000 0.000000
60  -0.004311 0.001229 -0.000371  0.006898 -0.005534 -0.284229
61  0.826810 10.209643 -4.879054  1.570796 -0.000000 0.000000
62  0.000000 0.000000 0.000000  -0.078727 -3.136056 0.284226
63  0.000000 0.000000 0.000000  1.579547 -0.018669 0.001601
64  -5.474524 -7.650777 -3.324003  1.044901 -0.550323 0.285156
65  0.002681 -3.204030 0.621195  -0.000000 -0.000000 -0.000000
66  0.048105 -1.112259 5.803836  -0.000000 -0.000000 -0.000000
67  -1.184782 0.539745 -0.284904  -0.000000 -0.000000 -0.000000
68  0.047884 -1.610071 21.020466  -0.000000 -0.000000 -0.000000
69  0.047881 -3.319713 2.472853  -0.000000 -0.000000 -0.000000
70  0.047883 -1.610072 6.228258  -0.000000 -0.000000 -0.000000
71  0.654947 -2.537530 2.477230  -0.000000 -0.000000 -0.000000
72  -3.156201 -13.356178 -4.329334  1.044901 -0.550323 0.285156
73  0.017811 1.799357 -0.402361  -0.000000 -0.000000 -0.000000
74  -3.588360 -1.097282 -23.660017  1.570796 -0.000000 0.000000
75  0.031323 2.100357 -1.138380  0.000000 -0.000000 0.000000
76  -0.024051 1.849583 -1.138377  0.000000 -0.000000 0.000000
time 45
0  0.000006 0.000000 0.000000  -1.570800 -1.391899 -1.570792
1  -9.328237 -1.799828 1.963675  -1.544956 -1.855077 -0.198630
2  6.027521 -0.000336 0.000191  -2.355898 -0.997072 1.103444
3  11.692110 0.000643 -0.000738  -0.838788 -0.000021 -1.433195
4  11.479679 0.000102 -0.000991  1.627229 -0.244759 0.004779
5  3.916995 0.033223 -1.222750  -0.374149 -0.036160 -0.520490
6  1.312590 0.000011 0.000006  0.000648 -0.031367 -0.799428
7  0.729354 0.000052 0.000049  0.003446 0.001066 -0.921362
8  4.023339 0.089745 -0.379535  0.082153 -0.088546 -0.392028
9  1.539110 0.000082 0.000003  -0.002255 -0.012074 -1.074672
10  1.196332 0.000148 0.000026  0.001198 -0.000293 -1.195339
11  3.883509 -0.047211 0.431350  0.077549 -0.032048 -0.136094
12  1.719571 -0.000029 0.000020  -0.003617 -0.002811 -1.111366
13  1.209181 0.000089 0.000011  -0.001103 0.002394 -0.856255
14  3.859676 -0.138418 1.332381  0.160890 -0.000118 -0.136225
15  1.719446 -0.000020 0.000026  -0.007140 0.045583 -0.807980
16  1.099676 0.000051 0.000009  -0.004730 0.001254 -1.487413
17  0.860737 -0.369697 1.388045  -1.887825 -0.851564 -0.360953
18  1.789821 -0.000005 -0.000018  0.000225 -0.004247 0.142047
19  1.207015 -0.000012 -0.000043  0.000455 0.000037 -0.152639
20  5.740636 0.000389 -0.000699  0.014973 0.000003 0.000063
21  11.480947 0.000195 -0.000851  0.015644 -0.027156 -0.007364
22  6.027524 -0.000330 0.000200  -0.998653 3.096507 -0.537378
23  0.000001 11.692101 -0.000007  -0.989748 -0.439452 -0.784682
24  0.000004 0.000009 -0.000000  0.030309 -0.000031 1.570739
25  -0.000000 -0.000012 -0.000000  0.868960 0.000002 1.570712
26  -6.617934 -9.178503 0.826812  1.473120 1.855075 -0.198639
27  6.027517 -0.000258 -0.000223  1.393514 0.724750 -1.058261
28  11.691990 0.000162 0.000857  0.595420 0.000051 -1.539853
29  11.479965 -0.000001 0.000995  -1.469860 0.499841 -0.170069
30  3.859438 -0.132759 1.193065  0.469647 -0.013262 -1.872395
31  1.312558 0.000025 -0.000001  0.024060 -0.138696 -0.550187
32  0.729347 0.000065 -0.000027  -0.166197 -0.081570 -0.714273
33  3.942047 0.050138 0.431000  0.225309 -0.086237 -1.592712
34  1.539098 0.000007 -0.000001  0.035254 -0.050373 -0.994350
35  1.196301 0.000078 -0.000004  -0.021521 0.002175 -0.839738
36  3.883414 -0.050473 -0.431084  0.184824 -0.271737 -1.204030
37  1.719564 -0.000086 -0.000004  0.022859 -0.107186 -1.509108
38  1.209198 0.000035 0.000010  0.000661 0.071072 -0.480462
39  3.859589 -0.149083 -1.331321  -0.169309 -0.013949 -0.130367
40  1.719413 -0.000098 -0.000036  -0.026893 -0.017707 -0.372026
41  1.099674 0.000023 0.000007  -0.006707 -0.002285 0.193929
42  0.805984 -0.359848 -1.318338  0.991670 0.166767 -0.799527
43  1.789781 -0.000009 -0.000042  0.000058 -0.002451 0.133098
44  1.206997 -0.000008 0.000005  0.000372 -0.000071 1.058780
45  5.740572 0.000080 0.000721  0.077442 -0.000014 0.000028
46  11.480936 0.000075 0.000944  0.021362 0.077931 -0.048586
47  6.027515 -0.000273 -0.000230  -0.946592 -0.614626 -1.954040
48  0.000000 11.691975 -0.000005  -1.052952 0.498137 0.825013
49  0.000002 -0.000001 -0.000001  2.867951 -0.000036 1.570860
50  -0.000007 -0.000014 0.000005  2.272645 -0.000036 1.570861
51  -2.886489 -6.026019 -9.728466  0.654761 -2.633287 1.364061
52  0.000000 -0.000000 -0.000001  0.008153 -0.000259 0.000009
53  0.000000 -0.000001 -0.000000  1.565115 0.043565 -0.106862
54  2.068496 -12.098773 -4.815782  1.159347 -0.318117 -2.512608
55  0.000000 0.000000 -0.000000  0.000000 -0.000001 -0.000002
56  0.000030 0.000029 0.000001  -1.571901 -0.044449 -0.106509
57  20.362484 -3.168573 -6.285678  1.570796 -0.000000 0.000000
58  -9.029539 4.000748 -21.634279  1.570796 -0.000000 0.000000
59  1.967987 3.430640 -8.860325  1.570796 -0.000000 0.000000
60  -0.004311 0.001229 -0.000371  0.006898 -0.005534 -0.284229
61  0.826810 10.209643 -4.879054  1.570796 -0.000000 0.000000
62  0.000000 0.000000 0.000000  -0.078727 -3.136056 0.284226
63  0.000000 0.000000 0.000000  1.578161 -0.010332 0.003512
64  -5.327274 -7.707433 -3.204275  1.010696 -0.570991 0.315787
65  0.002680 -3.204031 0.621196  0.000000 -0.000000 0.000000
66  0.048105 -1.112259 5.625230  -0.000000 -0.000000 -0.010329
67  -1.184783 0.539745 -0.284904  0.000000 -0.000000 -0.000000
68  0.047883 -1.610072 21.020464  0.000000 -0.000000 0.000000
69  0.047881 -3.319713 2.472854  0.000000 -0.000000 0.000000
70  0.047883 -1.610072 6.228256  0.000000 -0.000000 0.000000
71  0.654946 -2.537530 2.477230  0.000000 -0.000000 0.000000
72  -2.912260 -13.403018 -4.019701  1.010696 -0.570991 0.315787
73  0.017809 1.799356 -0.402362  0.000000 -0.000000 0.000000
74  -3.588360 -1.097282 -23.660017  1.570796 -0.000000 0.000000
75  0.031323 2.100357 -1.138380  0.000000 -0.000000 0.000000
76  -0.024051 1.849583 -1.138377  0.000000 -0.000000 0.000000
time 46
0  0.000006 0.000000 0.000000  -1.570800 -1.391899 -1.570792
1  -9.281463 -1.541166 1.963199  -1.544956 -1.855077 -0.198630
2  6.027522 -0.000337 0.000191  -2.365777 -0.989919 1.064994
3  11.692108 0.000645 -0.000740  -0.847472 -0.000023 -1.454932
4  11.479375 -0.000012 -0.001126  1.636128 -0.208111 0.089421
5  3.913836 0.029132 -1.220643  -0.367823 -0.047500 -0.555845
6  1.312590 0.000012 0.000008  -0.013426 -0.016017 -0.356906
7  0.729354 0.000053 0.000047  0.001190 0.000681 -0.666617
8  4.022272 0.089752 -0.379948  0.083650 -0.067816 -0.268339
9  1.539110 0.000083 0.000002  -0.006408 0.002952 -0.857567
10  1.196332 0.000150 0.000026  -0.000421 -0.000645 -0.907850
11  3.883511 -0.047211 0.431349  0.079251 -0.019260 -0.129095
12  1.719571 -0.000029 0.000020  -0.003718 0.002613 -0.730917
13  1.209181 0.000089 0.000010  -0.000629 0.002639 -0.585637
14  3.859679 -0.138418 1.332378  0.162733 0.011496 -0.098828
15  1.719447 -0.000020 0.000027  0.003559 0.045489 -0.585932
16  1.099676 0.000050 0.000010  -0.003773 0.002726 -1.126911
17  0.860739 -0.369697 1.388045  -1.832822 -0.949014 -0.436016
18  1.789820 -0.000004 -0.000019  -0.000257 -0.001193 0.193652
19  1.207015 -0.000015 -0.000044  0.000119 0.000024 -0.108831
20  5.740636 0.000389 -0.000699  0.015487 0.000003 0.000063
21  11.480886 0.000173 -0.000878  0.017893 -0.019355 0.009657
22  6.027525 -0.000330 0.000201  -0.991910 3.090601 -0.583783
23  -0.000000 11.692101 -0.000007  -1.002708 -0.451232 -0.793134
24  0.000002 0.000008 -0.000001  0.021625 -0.000031 1.570739
25  0.000001 -0.000011 0.000000  0.868960 0.000002 1.570712
26  -6.617934 -9.178503 0.826812  1.473120 1.855075 -0.198639
27  6.027517 -0.000258 -0.000223  1.379691 0.730989 -1.064738
28  11.691992 0.000162 0.000858  0.595420 0.000051 -1.549632
29  11.479889 -0.000038 0.001020  -1.393649 0.515135 -0.136552
30  3.859437 -0.132759 1.193066  0.469647 -0.013262 -1.872395
31  1.312559 0.000025 0.000001  0.024060 -0.138696 -0.550187
32  0.729345 0.000065 -0.000029  -0.166197 -0.081570 -0.714272
33  3.942046 0.050138 0.431001  0.225309 -0.086237 -1.592712
34  1.539098 0.000006 -0.000002  0.035254 -0.050373 -0.994350
35  1.196300 0.000078 -0.000004  -0.021521 0.002175 -0.839738
36  3.883413 -0.050474 -0.431083  0.184824 -0.271737 -1.204030
37  1.719564 -0.000085 -0.000004  0.022859 -0.107186 -1.509108
38  1.209198 0.000035 0.000011  0.000661 0.071072 -0.480462
39  3.859588 -0.149083 -1.331320  -0.169309 -0.013949 -0.130367
40  1.719413 -0.000098 -0.000035  -0.026893 -0.017707 -0.372026
41  1.099675 0.000023 0.000008  -0.006707 -0.002285 0.193929
42  0.805983 -0.359849 -1.318337  0.991670 0.166767 -0.799527
43  1.789779 -0.000009 -0.000042  0.000058 -0.002451 0.133097
44  1.206996 -0.000006 0.000005  0.000372 -0.000071 1.058780
45  5.740573 0.000081 0.000720  0.093510 -0.000014 0.000028
46  11.480922 0.000067 0.000948  0.034821 0.080823 -0.046148
47  6.027515 -0.000273 -0.000230  -0.960512 -0.618687 -1.943269
48  -0.000000 11.691976 -0.000006  -1.058718 0.503631 0.828557
49  0.000003 -0.000001 0.000000  2.867951 -0.000036 1.570860
50  -0.000008 -0.000014 0.000005  2.272645 -0.000036 1.570861
51  -2.686389 -5.945872 -9.581709  -2.425258 -0.487973 -1.761391
52  -0.000000 0.000001 0.000000  0.008153 -0.000259 0.000009
53  -0.000000 -0.000001 0.000001  1.565115 0.043565 -0.106862
54  2.242572 -12.121918 -4.516316  1.142042 -0.280791 -2.465255
55  -0.000000 -0.000000 0.000000  0.000000 -0.000001 -0.000002
56  0.000030 0.000029 0.000002  -1.571901 -0.044449 -0.106509
57  20.139992 -3.431297 -6.834424  1.570796 -0.000000 0.000000
58  -9.082233 4.000748 -21.820137  1.570796 -0.000000 0.000000
59  1.967510 3.167783 -8.860325  1.570796 -0.000000 0.000000
60  -0.004311 0.001229 -0.000371  0.006898 -0.005534 -0.284229
61  0.826810 10.209643 -4.879054  1.570796 -0.000000 0.000000
62  0.000000 0.000000 0.000000  -0.078727 -3.136056 0.284226
63  0.000000 0.000000 0.000000  1.575183 0.005162 0.005989
64  -5.414148 -7.804692 -3.221381  0.998075 -0.627827 0.368479
65  0.002680 -3.204031 0.621196  -0.000000 0.000000 0.000000
66  0.048105 -1.112260 5.671535  -0.000000 0.000000 -0.020658
67  -1.184782 0.539746 -0.284904  -0.000000 -0.000000 0.000000
68  0.047883 -1.610073 21.020466  -0.000000 0.000000 0.000000
69  0.047880 -3.319714 2.472855  -0.000000 0.000000 0.000000
70  0.047883 -1.610072 6.228257  -0.000000 0.000000 0.000000
71  0.654946 -2.537531 2.477231  -0.000000 0.000000 0.000000
72  -2.698527 -13.376247 -3.942548  0.998075 -0.627827 0.368479
73  0.017810 1.799356 -0.402360  -0.000000 0.000000 0.000000
74  -3.588360 -1.097282 -23.660017  1.570796 -0.000000 0.000000
75  0.031323 2.100357 -1.138380  0.000000 -0.000000 0.000000
76  -0.024051 1.849583 -1.138377  0.000000 -0.000000 0.000000
time 47
0  0.000006 0.000000 0.000000  -1.570800 -1.391899 -1.570792
1  -9.219960 -1.201054 1.961763  -1.544956 -1.855077 -0.198630
2  6.027522 -0.000335 0.000191  -2.388787 -1.010786 1.012031
3  11.692107 0.000643 -0.000739  -0.855796 -0.000023 -1.459584
4  11.479164 -0.000089 -0.001223  1.577909 -0.195784 0.204288
5  3.908894 0.021827 -1.217411  -0.366816 -0.057036 -0.601492
6  1.312589 0.000008 0.000008  -0.017080 -0.005332 -0.144194
7  0.729354 0.000053 0.000048  0.000115 0.000692 -0.471447
8  4.020047 0.089373 -0.380986  0.083769 -0.021598 -0.210606
9  1.539111 0.000083 0.000002  -0.006267 0.010618 -0.676088
10  1.196333 0.000149 0.000027  -0.001229 -0.000538 -0.689966
11  3.883510 -0.047211 0.431350  0.083797 0.012760 -0.123222
12  1.719573 -0.000029 0.000022  -0.002459 0.005242 -0.465043
13  1.209181 0.000091 0.000010  -0.000224 0.002736 -0.382175
14  3.859677 -0.138418 1.332380  0.169738 0.037547 -0.074974
15  1.719446 -0.000020 0.000028  0.010180 0.042177 -0.415132
16  1.099677 0.000051 0.000010  -0.002743 0.003578 -0.850472
17  0.842272 -0.395658 1.375795  -1.730541 -0.890501 -0.448523
18  1.789820 -0.000004 -0.000018  0.000888 0.000904 0.230056
19  1.207015 -0.000014 -0.000043  -0.000182 -0.000169 -0.113785
20  5.740634 0.000389 -0.000700  0.000289 0.000003 0.000063
21  11.480843 0.000158 -0.000898  0.007090 -0.017546 0.030899
22  6.027525 -0.000330 0.000200  2.127768 0.061529 2.484247
23  0.000001 11.692100 -0.000008  -1.005477 -0.453765 -0.794926
24  0.000002 0.000008 -0.000001  0.013301 -0.000031 1.570739
25  -0.000000 -0.000010 -0.000000  0.868960 0.000002 1.570712
26  -6.617934 -9.178503 0.826812  1.473120 1.855075 -0.198639
27  6.027517 -0.000258 -0.000223  1.375899 0.729986 -1.065126
28  11.691991 0.000162 0.000858  0.595421 0.000053 -1.571953
29  11.479726 -0.000117 0.001073  -1.304839 0.527699 -0.072836
30  3.859437 -0.132760 1.193065  0.469647 -0.013262 -1.872395
31  1.312559 0.000026 -0.000001  0.024060 -0.138696 -0.550187
32  0.729345 0.000065 -0.000027  -0.166197 -0.081570 -0.714273
33  3.942047 0.050137 0.431000  0.225309 -0.086237 -1.592712
34  1.539096 0.000006 -0.000001  0.035254 -0.050373 -0.994350
35  1.196300 0.000078 -0.000004  -0.021521 0.002175 -0.839738
36  3.883414 -0.050473 -0.431084  0.184824 -0.271737 -1.204030
37  1.719563 -0.000084 -0.000004  0.022859 -0.107186 -1.509108
38  1.209199 0.000035 0.000011  0.000661 0.071072 -0.480462
39  3.859589 -0.149084 -1.331321  -0.169309 -0.013949 -0.130367
40  1.719412 -0.000098 -0.000035  -0.026893 -0.017707 -0.372026
41  1.099674 0.000024 0.000007  -0.006707 -0.002285 0.193929
42  0.805983 -0.359848 -1.318338  0.991670 0.166767 -0.799527
43  1.789780 -0.000009 -0.000042  0.000058 -0.002451 0.133097
44  1.206997 -0.000007 0.000005  0.000372 -0.000071 1.058780
45  5.740571 0.000079 0.000720  0.110643 -0.000014 0.000028
46  11.480888 0.000050 0.000959  0.049478 0.084041 -0.038645
47  6.027515 -0.000273 -0.000230  -0.961783 -0.621500 -1.940389
48  -0.000001 11.691975 -0.000006  -1.071862 0.516239 0.836552
49  0.000003 0.000000 0.000001  2.867951 -0.000036 1.570860
50  -0.000007 -0.000014 0.000005  2.272645 -0.000036 1.570861
51  -2.610791 -5.779103 -9.411365  -2.370547 -0.452335 -1.735072
52  0.000000 -0.000000 -0.000001  0.008153 -0.000259 0.000009
53  -0.000000 -0.000001 0.000000  1.565116 0.043565 -0.106862
54  2.307807 -12.332400 -4.226089  1.020355 -0.261096 -2.383266
55  0.000000 0.000000 -0.000001  0.000000 -0.000001 -0.000002
56  0.000031 0.000029 -0.000000  -1.571901 -0.044449 -0.106509
57  19.469116 -4.223488 -7.711486  1.570796 -0.000000 0.000000
58  -9.153284 4.000748 -21.989429  1.570796 -0.000000 0.000000
59  1.966075 2.822155 -8.860325  1.570796 -0.000000 0.000000
60  -0.004311 0.001229 -0.000371  0.006898 -0.005534 -0.284229
61  0.826810 10.209643 -4.879054  1.570796 -0.000000 0.000000
62  0.000000 0.000000 0.000000  -0.078727 -3.136056 0.284226
63  0.000000 0.000000 0.000000  1.572275 0.013512 0.007193
64  -5.575486 -7.949080 -3.259014  1.002714 -0.688117 0.416754
65  0.002681 -3.204031 0.621196  -0.000000 0.000000 0.000000
66  0.048105 -1.112260 5.757532  -0.000000 0.000000 -0.006923
67  -1.184781 0.539746 -0.284906  0.000000 0.000000 0.000000
68  0.047884 -1.610074 21.020468  -0.000000 0.000000 0.000000
69  0.047882 -3.319713 2.472855  -0.000000 0.000000 0.000000
70  0.047883 -1.610072 6.228256  -0.000000 0.000000 0.000000
71  0.654947 -2.537531 2.477230  -0.000000 0.000000 0.000000
72  -2.540376 -13.354685 -3.969272  1.002714 -0.688117 0.416754
73  0.017810 1.799356 -0.402360  -0.000000 0.000000 0.000000
74  -3.588360 -1.097282 -23.660017  1.570796 -0.000000 0.000000
75  0.031323 2.100357 -1.138380  0.000000 -0.000000 0.000000
76  -0.024051 1.849583 -1.138377  0.000000 -0.000000 0.000000
time 48
0  0.000006 0.000000 0.000000  -1.570800 -1.391899 -1.570792
1  -9.145195 -0.787599 1.959409  -1.544956 -1.855077 -0.198630
2  6.027521 -0.000335 0.000190  -2.419711 -1.067453 0.935552
3  11.692108 0.000645 -0.000740  -0.863593 -0.000023 -1.457030
4  11.479280 -0.000032 -0.001170  1.459464 -0.233743 0.333875
5  3.902658 0.010903 -1.213468  -0.366705 -0.032352 -0.655735
6  1.312590 0.000010 0.000007  -0.015972 -0.002694 -0.129128
7  0.729354 0.000054 0.000049  0.000096 0.000682 -0.355514
8  4.016205 0.088167 -0.383048  0.084362 0.050971 -0.229460
9  1.539110 0.000083 0.000006  -0.004697 0.011202 -0.543282
10  1.196332 0.000149 0.000025  -0.001268 -0.000380 -0.562619
11  3.883510 -0.047211 0.431349  0.092698 0.065933 -0.132787
12  1.719572 -0.000029 0.000022  -0.001488 0.005438 -0.334651
13  1.209180 0.000089 0.000010  0.000032 0.002771 -0.267991
14  3.859678 -0.138417 1.332379  0.182277 0.075983 -0.074308
15  1.719447 -0.000020 0.000027  0.012342 0.037177 -0.315736
16  1.099678 0.000052 0.000009  -0.001997 0.003890 -0.674524
17  0.801655 -0.452754 1.348848  -1.545292 -0.724612 -0.438277
18  1.789820 -0.000002 -0.000018  0.003489 0.002566 0.259204
19  1.207015 -0.000013 -0.000043  -0.000453 -0.000503 -0.124682
20  5.740636 0.000388 -0.000699  -0.030059 0.000003 0.000063
21  11.480866 0.000170 -0.000887  -0.013853 -0.028712 0.052975
22  6.027525 -0.000331 0.000200  2.069566 0.070673 2.377257
23  0.000001 11.692100 -0.000009  -1.003957 -0.452374 -0.793943
24  0.000002 0.000009 0.000000  0.005504 -0.000031 1.570739
25  0.000001 -0.000011 -0.000000  0.868960 0.000002 1.570712
26  -6.617934 -9.178503 0.826812  1.473120 1.855075 -0.198639
27  6.027517 -0.000258 -0.000223  1.379549 0.726625 -1.060953
28  11.691991 0.000162 0.000857  0.595421 0.000054 -1.589542
29  11.479602 -0.000176 0.001115  -1.248163 0.532878 -0.008990
30  3.859438 -0.132758 1.193065  0.469647 -0.013262 -1.872395
31  1.312559 0.000027 -0.000001  0.024060 -0.138696 -0.550187
32  0.729346 0.000064 -0.000028  -0.166197 -0.081570 -0.714272
33  3.942048 0.050139 0.431000  0.225309 -0.086237 -1.592712
34  1.539097 0.000007 -0.000001  0.035254 -0.050373 -0.994350
35  1.196299 0.000078 -0.000004  -0.021521 0.002175 -0.839738
36  3.883414 -0.050472 -0.431085  0.184824 -0.271737 -1.204030
37  1.719564 -0.000085 -0.000005  0.022859 -0.107186 -1.509108
38  1.209198 0.000035 0.000011  0.000661 0.071072 -0.480462
39  3.859589 -0.149081 -1.331320  -0.169310 -0.013949 -0.130367
40  1.719412 -0.000098 -0.000037  -0.026893 -0.017707 -0.372026
41  1.099675 0.000024 0.000008  -0.006707 -0.002285 0.193929
42  0.805984 -0.359847 -1.318338  0.991670 0.166767 -0.799527
43  1.789780 -0.000008 -0.000042  0.000058 -0.002451 0.133097
44  1.206997 -0.000006 0.000006  0.000372 -0.000071 1.058780
45  5.740573 0.000080 0.000721  0.119985 -0.000014 0.000028
46  11.480865 0.000039 0.000968  0.057916 0.086445 -0.029395
47  6.027515 -0.000273 -0.000230  -0.956462 -0.621550 -1.941745
48  -0.000002 11.691974 -0.000006  -1.082204 0.526238 0.842758
49  0.000003 0.000000 0.000000  2.867951 -0.000036 1.570860
50  -0.000007 -0.000014 0.000004  2.272645 -0.000036 1.570861
51  -2.639236 -5.653702 -9.302423  -2.352417 -0.414656 -1.710358
52  0.000000 0.000001 -0.000001  0.008153 -0.000259 0.000009
53  -0.000000 0.000000 -0.000000  1.565115 0.043565 -0.106862
54  2.181302 -12.642807 -4.021675  0.791744 -0.270457 -2.278584
55  0.000000 -0.000000 -0.000001  0.000000 -0.000001 -0.000002
56  0.000030 0.000029 -0.000001  -1.571901 -0.044449 -0.106509
57  18.369192 -5.522311 -8.894584  1.570796 -0.000000 0.000000
58  -9.241188 4.000748 -22.129040  1.570796 -0.000000 0.000000
59  1.963721 2.401994 -8.860325  1.570796 -0.000000 0.000000
60  -0.004311 0.001229 -0.000371  0.006898 -0.005534 -0.284229
61  0.826810 10.209643 -4.879054  1.570796 -0.000000 0.000000
62  0.000000 0.000000 0.000000  -0.078727 -3.136056 0.284226
63  0.000000 0.000000 0.000000  1.570146 0.013389 0.004798
64  -5.662360 -8.131813 -3.296647  1.032478 -0.722424 0.429787
65  0.002682 -3.204031 0.621196  -0.000000 -0.000000 0.000000
66  0.048106 -1.112260 5.803836  -0.000000 0.000000 0.006813
67  -1.184782 0.539746 -0.284903  0.000000 -0.000000 -0.000000
68  0.047885 -1.610073 21.020466  -0.000000 -0.000000 0.000000
69  0.047882 -3.319713 2.472854  -0.000000 -0.000000 0.000000
70  0.047884 -1.610072 6.228256  -0.000000 -0.000000 0.000000
71  0.654948 -2.537531 2.477230  -0.000000 -0.000000 0.000000
72  -2.437644 -13.409491 -4.123827  1.032478 -0.722424 0.429787
73  0.017809 1.799356 -0.402361  -0.000000 -0.000000 0.000000
74  -3.588360 -1.097282 -23.660017  1.570796 -0.000000 0.000000
75  0.031323 2.100357 -1.138380  0.000000 -0.000000 0.000000
76  -0.024051 1.849583 -1.138377  0.000000 -0.000000 0.000000
time 49
0  0.000006 0.000000 0.000000  -1.570800 -1.391899 -1.570792
1  -9.060348 -0.318392 1.956272  -1.544956 -1.855077 -0.198630
2  6.027522 -0.000331 0.000190  -2.417999 -1.169501 0.808422
3  11.692107 0.000644 -0.000740  -0.870670 -0.000021 -1.430686
4  11.479693 0.000137 -0.000979  1.309457 -0.322496 0.443783
5  3.895865 -0.004045 -1.209401  -0.365533 0.054053 -0.730496
6  1.312588 0.000006 0.000006  -0.013509 -0.000833 -0.116879
7  0.729353 0.000052 0.000048  0.000084 0.000665 -0.251137
8  4.010168 0.085545 -0.386630  0.084176 0.154712 -0.289540
9  1.539110 0.000083 0.000005  -0.003019 0.011418 -0.400209
10  1.196334 0.000148 0.000026  -0.001266 -0.000260 -0.449125
11  3.883512 -0.047210 0.431347  0.104603 0.144963 -0.171103
12  1.719572 -0.000028 0.000019  -0.000562 0.005495 -0.229566
13  1.209179 0.000088 0.000011  0.000274 0.002809 -0.171591
14  3.859678 -0.138418 1.332378  0.200297 0.128202 -0.092600
15  1.719447 -0.000020 0.000028  0.013476 0.030224 -0.229469
16  1.099677 0.000050 0.000009  -0.001211 0.003909 -0.498291
17  0.752431 -0.521951 1.316192  -1.360142 -0.563832 -0.391267
18  1.789820 -0.000003 -0.000018  0.006672 0.003977 0.286096
19  1.207015 -0.000014 -0.000044  -0.000708 -0.000893 -0.137890
20  5.740637 0.000388 -0.000700  -0.069129 0.000003 0.000063
21  11.480947 0.000205 -0.000849  -0.037518 -0.052957 0.067774
22  6.027525 -0.000328 0.000200  1.968294 0.056534 2.245225
23  -0.000001 11.692100 -0.000008  -0.988250 -0.438099 -0.783698
24  0.000002 0.000009 0.000000  -0.001573 -0.000031 1.570739
25  -0.000001 -0.000011 0.000000  0.868960 0.000002 1.570712
26  -6.617934 -9.178503 0.826812  1.473120 1.855075 -0.198639
27  6.027517 -0.000258 -0.000223  1.387440 0.721173 -1.053423
28  11.691991 0.000162 0.000858  0.595421 0.000055 -1.596676
29  11.479553 -0.000202 0.001130  -1.249843 0.528411 0.042489
30  3.859438 -0.132759 1.193065  0.469647 -0.013262 -1.872395
31  1.312559 0.000026 -0.000001  0.024060 -0.138696 -0.550187
32  0.729345 0.000066 -0.000028  -0.166197 -0.081570 -0.714272
33  3.942046 0.050139 0.431001  0.225309 -0.086237 -1.592712
34  1.539097 0.000006 -0.000000  0.035254 -0.050373 -0.994350
35  1.196300 0.000077 -0.000004  -0.021521 0.002175 -0.839738
36  3.883413 -0.050472 -0.431084  0.184824 -0.271737 -1.204030
37  1.719563 -0.000086 -0.000005  0.022859 -0.107186 -1.509108
38  1.209198 0.000035 0.000011  0.000662 0.071072 -0.480462
39  3.859588 -0.149082 -1.331321  -0.169310 -0.013950 -0.130367
40  1.719412 -0.000098 -0.000036  -0.026893 -0.017707 -0.372026
41  1.099674 0.000024 0.000006  -0.006707 -0.002285 0.193929
42  0.805983 -0.359848 -1.318338  0.991670 0.166767 -0.799527
43  1.789780 -0.000008 -0.000042  0.000058 -0.002451 0.133097
44  1.206996 -0.000007 0.000006  0.000372 -0.000071 1.058780
45  5.740574 0.000079 0.000721  0.115753 -0.000014 0.000028
46  11.480855 0.000033 0.000970  0.055850 0.086682 -0.019161
47  6.027515 -0.000273 -0.000230  -0.946673 -0.620417 -1.945136
48  -0.000002 11.691975 -0.000006  -1.086395 0.530310 0.845252
49  0.000003 0.000001 -0.000000  2.867951 -0.000036 1.570860
50  -0.000008 -0.000014 0.000004  2.272645 -0.000036 1.570861
51  -2.742904 -5.606997 -9.307951  -2.391354 -0.379645 -1.688733
52  0.000000 -0.000001 0.000000  0.008153 -0.000259 0.000009
53  -0.000000 -0.000000 0.000000  1.565115 0.043565 -0.106862
54  1.865901 -13.277025 -4.121341  0.474550 -0.289938 -2.152988
55  0.000001 0.000001 -0.000000  0.000000 -0.000001 -0.000002
56  0.000030 0.000029 0.000001  -1.571901 -0.044449 -0.106509
57  16.903591 -7.252938 -10.326568  1.570796 -0.000000 0.000000
58  -9.343396 4.000748 -22.232647  1.570796 -0.000000 0.000000
59  1.960585 1.925178 -8.860325  1.570796 -0.000000 0.000000
60  -0.004311 0.001229 -0.000371  0.006898 -0.005534 -0.284229
61  0.826810 10.209643 -4.879054  1.570796 -0.000000 0.000000
62  0.000000 0.000000 0.000000  -0.078727 -3.136056 0.284226
63  0.000000 0.000000 0.000000  1.568425 0.013013 0.000367
64  -5.562195 -8.340278 -3.313753  1.096765 -0.709652 0.394140
65  0.002681 -3.204031 0.621196  -0.000000 0.000000 -0.000000
66  0.048105 -1.112260 5.715306  -0.000000 -0.000000 0.006813
67  -1.184782 0.539746 -0.284906  0.000000 -0.000000 -0.000000
68  0.047884 -1.610072 21.020466  -0.000000 0.000000 -0.000000
69  0.047881 -3.319714 2.472856  -0.000000 0.000000 -0.000000
70  0.047883 -1.610072 6.228256  -0.000000 0.000000 -0.000000
71  0.654947 -2.537531 2.477230  -0.000000 0.000000 -0.000000
72  -2.333572 -13.558219 -4.447778  1.096765 -0.709652 0.394140
73  0.017810 1.799356 -0.402360  -0.000000 0.000000 -0.000000
74  -3.588360 -1.097282 -23.660017  1.570796 -0.000000 0.000000
75  0.031323 2.100357 -1.138380  0.000000 -0.000000 0.000000
76  -0.024051 1.849583 -1.138377  0.000000 -0.000000 0.000000
time 50
0  0.000006 0.000000 0.000000  -1.570800 -1.391899 -1.570792
1  -8.970495 0.178497 1.952601  -1.544956 -1.855077 -0.198630
2  6.027521 -0.000331 0.000189  -2.329852 -1.295845 0.578959
3  11.692109 0.000645 -0.000740  -0.876834 -0.000019 -1.385966
4  11.479948 0.000227 -0.000876  1.168914 -0.432452 0.528653
5  3.888923 -0.022404 -1.205477  -0.374858 0.188350 -0.828129
6  1.312589 0.000008 0.000006  -0.010020 0.000195 -0.107974
7  0.729354 0.000052 0.000048  0.000077 0.000624 -0.164865
8  4.002122 0.081544 -0.391639  0.068339 0.281124 -0.393858
9  1.539112 0.000086 0.000004  -0.001422 0.010954 -0.258452
10  1.196332 0.000147 0.000027  -0.001201 -0.000179 -0.356585
11  3.883511 -0.047210 0.431350  0.111552 0.244767 -0.237969
12  1.719572 -0.000028 0.000020  0.000242 0.005460 -0.154569
13  1.209180 0.000088 0.000012  0.000480 0.002855 -0.098170
14  3.859679 -0.138416 1.332379  0.221002 0.193163 -0.127975
15  1.719446 -0.000020 0.000027  0.013233 0.022154 -0.160897
16  1.099675 0.000051 0.000010  -0.000506 0.003661 -0.335168
17  0.702478 -0.592169 1.283055  -1.235255 -0.516012 -0.359880
18  1.789821 -0.000002 -0.000018  0.009940 0.005255 0.313668
19  1.207016 -0.000012 -0.000045  -0.000954 -0.001291 -0.151293
20  5.740636 0.000387 -0.000699  -0.109702 0.000003 0.000063
21  11.480998 0.000224 -0.000827  -0.056106 -0.082002 0.074407
22  6.027524 -0.000329 0.000200  1.845323 0.015446 2.094661
23  -0.000000 11.692100 -0.000007  -0.961450 -0.414207 -0.765905
24  0.000002 0.000008 0.000000  -0.007740 -0.000031 1.570738
25  0.000000 -0.000011 0.000000  0.868960 0.000002 1.570712
26  -6.617934 -9.178503 0.826812  1.473120 1.855075 -0.198639
27  6.027517 -0.000258 -0.000223  1.399939 0.715583 -1.036687
28  11.691991 0.000160 0.000857  0.595421 0.000055 -1.598862
29  11.479534 -0.000210 0.001136  -1.295942 0.518354 0.089058
30  3.859437 -0.132760 1.193065  0.469647 -0.013262 -1.872395
31  1.312559 0.000026 -0.000001  0.024060 -0.138696 -0.550187
32  0.729345 0.000064 -0.000027  -0.166197 -0.081570 -0.714272
33  3.942047 0.050138 0.431000  0.225309 -0.086237 -1.592712
34  1.539096 0.000007 -0.000001  0.035254 -0.050373 -0.994350
35  1.196301 0.000077 -0.000004  -0.021521 0.002175 -0.839738
36  3.883414 -0.050473 -0.431084  0.184824 -0.271737 -1.204030
37  1.719563 -0.000085 -0.000004  0.022859 -0.107186 -1.509108
38  1.209198 0.000035 0.000011  0.000661 0.071072 -0.480462
39  3.859588 -0.149083 -1.331321  -0.169310 -0.013949 -0.130367
40  1.719412 -0.000098 -0.000036  -0.026893 -0.017707 -0.372026
41  1.099673 0.000025 0.000006  -0.006707 -0.002285 0.193929
42  0.805983 -0.359848 -1.318338  0.991670 0.166767 -0.799527
43  1.789780 -0.000008 -0.000042  0.000058 -0.002451 0.133097
44  1.206997 -0.000007 0.000005  0.000372 -0.000071 1.058780
45  5.740572 0.000078 0.000721  0.101342 -0.000014 0.000028
46  11.480849 0.000032 0.000972  0.045709 0.085194 -0.007328
47  6.027515 -0.000273 -0.000230  -0.934117 -0.616527 -1.943907
48  -0.000000 11.691974 -0.000005  -1.087679 0.531559 0.846013
49  0.000002 0.000001 -0.000000  2.867951 -0.000036 1.570860
50  -0.000007 -0.000014 0.000006  2.272645 -0.000036 1.570861
51  -2.919745 -5.604010 -9.354931  -2.480052 -0.346875 -1.667099
52  0.000000 0.000000 -0.000000  0.008153 -0.000259 0.000009
53  0.000000 -0.000000 0.000000  1.565115 0.043565 -0.106862
54  1.415702 -14.104722 -4.398526  0.129941 -0.283694 -2.021435
55  0.000001 0.000000 0.000001  0.000000 -0.000001 -0.000002
56  0.000032 0.000030 0.000002  -1.571901 -0.044449 -0.106509
57  15.188029 -9.278726 -11.910246  1.570796 -0.000000 0.000000
58  -9.571551 4.000748 -22.314907  1.570796 -0.000000 0.000000
59  1.956913 1.420230 -8.860325  1.570796 -0.000000 0.000000
60  -0.004311 0.001229 -0.000371  0.006898 -0.005534 -0.284229
61  0.826810 10.209643 -4.879054  1.570796 -0.000000 0.000000
62  0.000000 0.000000 0.000000  -0.078727 -3.136056 0.284226
63  0.000000 0.000000 0.000000  1.567093 0.012414 -0.002021
64  -5.290319 -8.561863 -3.273719  1.182553 -0.650473 0.330245
65  0.002680 -3.204032 0.621196  -0.000000 0.000000 0.000000
66  0.048105 -1.112260 5.759571  -0.000000 0.000000 0.006813
67  -1.184782 0.539746 -0.284903  -0.000000 -0.000000 0.000000
68  0.047884 -1.610073 21.020466  -0.000000 0.000000 0.000000
69  0.047881 -3.319714 2.472855  -0.000000 0.000000 0.000000
70  0.047883 -1.610073 6.228256  -0.000000 0.000000 0.000000
71  0.654947 -2.537531 2.477230  -0.000000 0.000000 0.000000
72  -2.221169 -13.754356 -4.872231  1.182553 -0.650473 0.330245
73  0.017809 1.799355 -0.402361  -0.000000 0.000000 0.000000
74  -3.588360 -1.097282 -23.660017  1.570796 -0.000000 0.000000
75  0.031323 2.100357 -1.138380  0.000000 -0.000000 0.000000
76  -0.024051 1.849583 -1.138377  0.000000 -0.000000 0.000000
time 51
0  0.000006 0.000000 0.000000  -1.570800 -1.391899 -1.570792
1  -8.882151 0.667044 1.948738  -1.544956 -1.855077 -0.198630
2  6.027522 -0.000329 0.000189  -1.998107 -1.410746 0.104925
3  11.692109 0.000645 -0.000738  -0.881938 -0.000016 -1.325480
4  11.480334 0.000368 -0.000707  1.060820 -0.530973 0.576720
5  3.882259 -0.043186 -1.201951  -0.406724 0.335380 -0.949917
6  1.312590 0.000009 0.000006  -0.006194 0.000506 -0.102477
7  0.729354 0.000051 0.000048  0.000071 0.000544 -0.101594
8  3.992484 0.076351 -0.397832  0.019437 0.407758 -0.540409
9  1.539111 0.000080 0.000004  -0.000195 0.009564 -0.134447
10  1.196333 0.000147 0.000028  -0.001049 -0.000130 -0.289829
11  3.883510 -0.047212 0.431349  0.103604 0.351392 -0.328612
12  1.719573 -0.000031 0.000020  0.000865 0.005392 -0.109436
13  1.209181 0.000089 0.000012  0.000627 0.002909 -0.049636
14  3.859679 -0.138418 1.332379  0.240153 0.266016 -0.174341
15  1.719446 -0.000019 0.000028  0.011566 0.014327 -0.112722
16  1.099676 0.000051 0.000009  0.000019 0.003264 -0.200727
17  0.657164 -0.655871 1.252993  -1.145081 -0.540098 -0.370699
18  1.789821 -0.000002 -0.000017  0.012964 0.006481 0.343944
19  1.207015 -0.000014 -0.000044  -0.001202 -0.001662 -0.163452
20  5.740636 0.000387 -0.000699  -0.144983 0.000003 0.000063
21  11.481073 0.000252 -0.000793  -0.068045 -0.106872 0.073071
22  6.027524 -0.000328 0.000200  1.724953 -0.043300 1.946901
23  0.000001 11.692100 -0.000007  -0.924902 -0.382602 -0.741031
24  0.000002 0.000009 0.000002  -0.012847 -0.000031 1.570739
25  0.000001 -0.000011 -0.000001  0.868960 0.000002 1.570712
26  -6.617934 -9.178503 0.826812  1.473120 1.855075 -0.198639
27  6.027517 -0.000258 -0.000223  1.418194 0.712139 -1.004902
28  11.691992 0.000161 0.000857  0.587178 0.000055 -1.602206
29  11.479511 -0.000231 0.001141  -1.360816 0.510287 0.144272
30  3.859438 -0.132759 1.193064  0.469647 -0.013262 -1.872395
31  1.312559 0.000027 -0.000000  0.024060 -0.138696 -0.550187
32  0.729345 0.000065 -0.000028  -0.166197 -0.081570 -0.714272
33  3.942047 0.050139 0.431000  0.225309 -0.086237 -1.592712
34  1.539097 0.000005 -0.000002  0.035254 -0.050373 -0.994350
35  1.196301 0.000078 -0.000004  -0.021521 0.002175 -0.839738
36  3.883414 -0.050473 -0.431085  0.184824 -0.271737 -1.204030
37  1.719564 -0.000086 -0.000005  0.022858 -0.107186 -1.509108
38  1.209197 0.000035 0.000011  0.000661 0.071072 -0.480462
39  3.859590 -0.149082 -1.331322  -0.169310 -0.013949 -0.130367
40  1.719412 -0.000098 -0.000036  -0.026893 -0.017707 -0.372026
41  1.099673 0.000023 0.000007  -0.006707 -0.002285 0.193929
42  0.805984 -0.359848 -1.318339  0.991670 0.166767 -0.799527
43  1.789779 -0.000008 -0.000042  0.000058 -0.002451 0.133098
44  1.206997 -0.000007 0.000006  0.000372 -0.000071 1.058780
45  5.740571 0.000078 0.000721  0.083147 -0.000014 0.000028
46  11.480846 0.000027 0.000972  0.031744 0.083599 0.007126
47  6.027515 -0.000273 -0.000230  -0.920525 -0.607667 -1.931884
48  -0.000002 11.691974 -0.000006  -1.089643 0.533471 0.847175
49  0.000002 0.000001 0.000002  2.859708 -0.000036 1.570860
50  -0.000008 -0.000014 0.000005  2.272645 -0.000036 1.570861
51  -3.171770 -5.606630 -9.351987  -2.607834 -0.313925 -1.648251
52  0.000000 0.000000 0.000001  0.008153 -0.000259 0.000009
53  0.000000 -0.000000 -0.000001  1.565115 0.043565 -0.106862
54  0.867068 -14.999984 -4.717571  -0.181780 -0.243074 -1.917409
55  -0.000000 0.000000 0.000000  0.000000 -0.000001 -0.000002
56  0.000030 0.000029 0.000001  -1.571901 -0.044449 -0.106509
57  13.383139 -11.409995 -13.515898  1.570796 -0.000000 0.000000
58  -10.038848 4.000748 -22.390751  1.570796 -0.000000 0.000000
59  1.953051 0.923759 -8.860325  1.570796 -0.000000 0.000000
60  -0.004311 0.001229 -0.000371  0.006898 -0.005534 -0.284229
61  0.826810 10.209643 -4.879054  1.570796 -0.000000 0.000000
62  0.000000 0.000000 0.000000  -0.078727 -3.136056 0.284226
63  0.000000 0.000000 0.000000  1.566104 0.011622 -0.001943
64  -4.889661 -8.783960 -3.163038  1.273886 -0.550348 0.255891
65  0.002681 -3.204031 0.621196  0.000000 -0.000000 -0.000000
66  0.048105 -1.112259 5.803837  0.000000 -0.000000 0.006813
67  -1.184782 0.539746 -0.284905  0.000000 -0.000000 -0.000000
68  0.047884 -1.610072 21.020466  0.000000 -0.000000 -0.000000
69  0.047881 -3.319713 2.472856  0.000000 -0.000000 -0.000000
70  0.047884 -1.610072 6.228257  0.000000 -0.000000 -0.000000
71  0.654947 -2.537530 2.477231  0.000000 -0.000000 -0.000000
72  -2.159502 -13.960655 -5.327518  1.273886 -0.550348 0.255891
73  0.017809 1.799356 -0.402363  0.000000 -0.000000 -0.000000
74  -3.588360 -1.097282 -23.660017  1.570796 -0.000000 0.000000
75  0.031323 2.100357 -1.138380  0.000000 -0.000000 0.000000
76  -0.024051 1.849583 -1.138377  0.000000 -0.000000 0.000000
time 52
0  0.000006 0.000000 0.000000  -1.570800 -1.391899 -1.570792
1  -8.802117 1.109635 1.945067  -1.544956 -1.855077 -0.198630
2  6.027523 -0.000326 0.000189  -1.193281 -1.453240 -0.823836
3  11.692112 0.000643 -0.000737  -0.885911 -0.000012 -1.259448
4  11.479241 0.000040 -0.001113  0.981939 -0.599495 0.593491
5  3.876233 -0.065037 -1.198992  -0.464050 0.448837 -1.091884
6  1.312589 0.000009 0.000007  -0.002882 0.000387 -0.099773
7  0.729354 0.000055 0.000050  0.000060 0.000415 -0.061934
8  3.981909 0.070345 -0.404771  -0.069960 0.503759 -0.717094
9  1.539110 0.000084 0.000004  0.000432 0.007192 -0.042681
10  1.196331 0.000146 0.000028  -0.000793 -0.000094 -0.248751
11  3.883509 -0.047212 0.431350  0.074616 0.445437 -0.433468
12  1.719572 -0.000030 0.000020  0.001284 0.005332 -0.087900
13  1.209179 0.000087 0.000013  0.000701 0.002962 -0.022939
14  3.859679 -0.138418 1.332379  0.254082 0.338931 -0.222769
15  1.719447 -0.000019 0.000028  0.008751 0.008179 -0.083948
16  1.099673 0.000049 0.000009  0.000338 0.002874 -0.105971
17  0.620609 -0.707256 1.228743  -1.060172 -0.573444 -0.418386
18  1.789820 -0.000002 -0.000017  0.015499 0.007727 0.378499
19  1.207014 -0.000013 -0.000044  -0.001457 -0.001980 -0.173259
20  5.740638 0.000389 -0.000699  -0.170025 0.000003 0.000063
21  11.480856 0.000187 -0.000874  -0.076671 -0.123659 0.067301
22  6.027524 -0.000327 0.000200  1.626473 -0.103674 1.823426
23  -0.000001 11.692100 -0.000008  -0.884556 -0.349086 -0.712829
24  0.000002 0.000010 0.000001  -0.016824 -0.000030 1.570739
25  -0.000002 -0.000011 -0.000001  0.868960 0.000002 1.570712
26  -6.617934 -9.178503 0.826812  1.473120 1.855075 -0.198639
27  6.027516 -0.000258 -0.000223  1.442767 0.711712 -0.959673
28  11.691991 0.000160 0.000857  0.562278 0.000056 -1.611076
29  11.479448 -0.000288 0.001153  -1.423631 0.504020 0.218026
30  3.859438 -0.132759 1.193065  0.469647 -0.013262 -1.872395
31  1.312559 0.000025 -0.000001  0.024060 -0.138696 -0.550187
32  0.729345 0.000065 -0.000028  -0.166197 -0.081570 -0.714272
33  3.942046 0.050139 0.431000  0.225309 -0.086237 -1.592712
34  1.539097 0.000004 0.000000  0.035254 -0.050373 -0.994350
35  1.196300 0.000079 -0.000003  -0.021521 0.002175 -0.839738
36  3.883413 -0.050473 -0.431085  0.184824 -0.271737 -1.204030
37  1.719564 -0.000083 -0.000004  0.022859 -0.107186 -1.509108
38  1.209198 0.000035 0.000011  0.000661 0.071072 -0.480462
39  3.859588 -0.149082 -1.331321  -0.168865 -0.014407 -0.115503
40  1.719413 -0.000098 -0.000037  -0.027985 -0.019941 -0.372837
41  1.099673 0.000023 0.000008  -0.006397 -0.002927 0.142888
42  0.805984 -0.359848 -1.318339  0.991670 0.166767 -0.799527
43  1.789780 -0.000010 -0.000042  0.000058 -0.002451 0.133098
44  1.206996 -0.000007 0.000005  0.000372 -0.000071 1.058780
45  5.740573 0.000077 0.000721  0.066183 -0.000014 0.000028
46  11.480833 0.000016 0.000976  0.017586 0.081988 0.025031
47  6.027515 -0.000273 -0.000230  -0.906789 -0.592907 -1.910468
48  -0.000003 11.691973 -0.000004  -1.094850 0.538555 0.850242
49  0.000003 0.000001 0.000000  2.834808 -0.000036 1.570860
50  -0.000008 -0.000014 0.000006  2.272645 -0.000036 1.570861
51  -3.481363 -5.584102 -9.230652  -2.762039 -0.280103 -1.634771
52  -0.000000 -0.000000 0.000000  0.008153 -0.000259 0.000009
53  -0.000000 -0.000000 0.000000  1.565115 0.043565 -0.106862
54  0.300595 -15.828318 -5.000819  -0.430074 -0.184155 -1.857139
55  0.000001 0.000001 0.000000  0.000000 -0.000001 -0.000002
56  0.000032 0.000029 0.000001  -1.571901 -0.044449 -0.106509
57  11.667578 -13.435782 -15.003582  1.570796 -0.000000 0.000000
58  -10.727389 4.000748 -22.458286  1.570796 -0.000000 0.000000
59  1.949380 0.473990 -8.860325  1.570796 -0.000000 0.000000
60  -0.004311 0.001229 -0.000371  0.006898 -0.005534 -0.284229
61  0.826810 10.209643 -4.879054  1.570796 -0.000000 0.000000
62  0.000000 0.000000 0.000000  -0.078727 -3.136056 0.284226
63  0.000000 0.000000 0.000000  1.565397 0.010659 -0.001720
64  -4.403147 -8.993955 -2.995840  1.358184 -0.418701 0.184784
65  0.002681 -3.204031 0.621197  -0.000000 0.000000 -0.000000
66  0.048105 -1.112260 5.803838  0.000000 0.000000 0.006813
67  -1.184783 0.539746 -0.284905  0.000000 -0.000000 0.000000
68  0.047884 -1.610073 21.020464  -0.000000 0.000000 -0.000000
69  0.047881 -3.319714 2.472855  -0.000000 0.000000 -0.000000
70  0.047884 -1.610073 6.228256  -0.000000 0.000000 -0.000000
71  0.654947 -2.537531 2.477231  -0.000000 0.000000 -0.000000
72  -2.193144 -14.140490 -5.746472  1.358184 -0.418701 0.184784
73  0.017809 1.799356 -0.402361  -0.000000 0.000000 -0.000000
74  -3.588360 -1.097282 -23.660017  1.570796 -0.000000 0.000000
75  0.031323 2.100357 -1.138380  0.000000 -0.000000 0.000000
76  -0.024051 1.849583 -1.138377  0.000000 -0.000000 0.000000
time 53
0  0.000006 0.000000 0.000000  -1.570800 -1.391899 -1.570792
1  -8.736111 1.474656 1.941930  -1.544956 -1.855077 -0.198630
2  6.027524 -0.000326 0.000189  -0.612998 -1.416156 -1.497567
3  11.692113 0.000645 -0.000740  -0.888781 -0.000010 -1.202957
4  11.480188 0.000361 -0.000721  0.923699 -0.635756 0.599570
5  3.871072 -0.086388 -1.196659  -0.532870 0.495251 -1.238991
6  1.312589 0.000010 0.000007  -0.000732 0.000158 -0.098830
7  0.729354 0.000055 0.000049  0.000043 0.000237 -0.042162
8  3.971248 0.064071 -0.411873  -0.186911 0.546952 -0.899020
9  1.539110 0.000081 0.000002  0.000440 0.003957 0.010656
10  1.196332 0.000147 0.000028  -0.000433 -0.000051 -0.228652
11  3.883509 -0.047212 0.431350  0.026680 0.511616 -0.540307
12  1.719573 -0.000026 0.000019  0.001510 0.005298 -0.080518
13  1.209180 0.000089 0.000012  0.000701 0.003003 -0.011587
14  3.859678 -0.138417 1.332379  0.261554 0.404740 -0.265234
15  1.719446 -0.000021 0.000029  0.005190 0.004622 -0.070349
16  1.099675 0.000051 0.000008  0.000492 0.002611 -0.052952
17  0.596315 -0.741407 1.212626  -0.998569 -0.604114 -0.477680
18  1.789821 -0.000004 -0.000018  0.017346 0.009063 0.418683
19  1.207014 -0.000014 -0.000044  -0.001728 -0.002221 -0.179776
20  5.740635 0.000390 -0.000701  -0.184060 0.000003 0.000063
21  11.481043 0.000252 -0.000798  -0.084002 -0.133051 0.062100
22  6.027524 -0.000328 0.000200  1.556969 -0.154110 1.733934
23  0.000000 11.692100 -0.000008  -0.849628 -0.321282 -0.687844
24  0.000002 0.000010 0.000000  -0.019696 -0.000031 1.570739
25  0.000001 -0.000012 -0.000001  0.868960 0.000002 1.570712
26  -6.617934 -9.178503 0.826812  1.473120 1.855075 -0.198639
27  6.027515 -0.000258 -0.000222  1.472436 0.715753 -0.904883
28  11.691992 0.000162 0.000858  0.521327 0.000057 -1.627168
29  11.479339 -0.000384 0.001168  -1.473487 0.497187 0.311707
30  3.859438 -0.132758 1.193066  0.469647 -0.013262 -1.872395
31  1.312559 0.000026 -0.000001  0.024060 -0.138696 -0.550187
32  0.729345 0.000064 -0.000028  -0.166197 -0.081570 -0.714272
33  3.942047 0.050139 0.431001  0.225309 -0.086237 -1.592712
34  1.539097 0.000005 -0.000001  0.035254 -0.050373 -0.994350
35  1.196301 0.000077 -0.000004  -0.021521 0.002175 -0.839738
36  3.883414 -0.050472 -0.431083  0.184824 -0.271737 -1.204030
37  1.719563 -0.000085 -0.000004  0.022859 -0.107186 -1.509108
38  1.209198 0.000035 0.000011  0.000661 0.071072 -0.480462
39  3.859589 -0.149082 -1.331320  -0.167557 -0.015754 -0.073603
40  1.719412 -0.000098 -0.000036  -0.030971 -0.026316 -0.380053
41  1.099673 0.000023 0.000006  -0.005307 -0.004687 -0.010049
42  0.805984 -0.359847 -1.318337  0.991670 0.166767 -0.799527
43  1.789780 -0.000009 -0.000042  0.000058 -0.002451 0.133097
44  1.206996 -0.000007 0.000006  0.000372 -0.000071 1.058780
45  5.740572 0.000080 0.000719  0.053695 -0.000014 0.000028
46  11.480810 -0.000002 0.000979  0.005348 0.079955 0.046143
47  6.027515 -0.000273 -0.000230  -0.895441 -0.572183 -1.881346
48  -0.000000 11.691976 -0.000005  -1.104292 0.547811 0.855751
49  0.000004 0.000002 -0.000001  2.793857 -0.000036 1.570860
50  -0.000008 -0.000013 0.000005  2.272645 -0.000036 1.570861
51  -3.798002 -5.518919 -8.946285  0.214366 -2.895208 1.513081
52  0.000000 0.000000 -0.000000  0.008153 -0.000259 0.000009
53  0.000000 0.000000 0.000002  1.565115 0.043565 -0.106862
54  -0.195835 -16.480680 -5.228247  -0.606408 -0.124448 -1.836137
55  -0.000000 -0.000000 -0.000000  0.000000 -0.000001 -0.000002
56  0.000029 0.000029 0.000001  -1.571902 -0.044449 -0.106509
57  10.201975 -15.166409 -16.251377  1.570796 -0.000000 0.000000
58  -11.588428 4.000748 -22.515665  1.570796 -0.000000 0.000000
59  1.946244 0.103050 -8.860325  1.570796 -0.000000 0.000000
60  -0.004311 0.001229 -0.000371  0.006898 -0.005534 -0.284229
61  0.826810 10.209643 -4.879054  1.570796 -0.000000 0.000000
62  0.000000 0.000000 0.000000  -0.078727 -3.136056 0.284226
63  0.000000 0.000000 0.000000  1.564924 0.009549 -0.001382
64  -3.873706 -9.179237 -2.786253  1.429214 -0.270003 0.123907
65  0.002681 -3.204031 0.621196  0.000000 -0.000000 -0.000000
66  0.048105 -1.112260 5.803838  0.000000 -0.000000 0.006813
67  -1.184782 0.539745 -0.284905  0.000000 -0.000000 0.000000
68  0.047884 -1.610073 21.020466  0.000000 -0.000000 -0.000000
69  0.047882 -3.319714 2.472856  0.000000 -0.000000 -0.000000
70  0.047883 -1.610073 6.228257  0.000000 -0.000000 -0.000000
71  0.654947 -2.537531 2.477232  0.000000 -0.000000 -0.000000
72  -2.326194 -14.264412 -6.054759  1.429214 -0.270003 0.123907
73  0.017809 1.799356 -0.402361  0.000000 -0.000000 -0.000000
74  -3.588360 -1.097282 -23.660017  1.570796 -0.000000 0.000000
75  0.031323 2.100357 -1.138380  0.000000 -0.000000 0.000000
76  -0.024051 1.849583 -1.138377  0.000000 -0.000000 0.000000
time 54
0  0.000006 0.000000 0.000000  -1.570800 -1.391899 -1.570792
1  -8.687866 1.741449 1.939576  -1.544956 -1.855077 -0.198630
2  6.027524 -0.000326 0.000189  -0.421005 -1.371074 -1.749071
3  11.692110 0.000646 -0.000740  -0.890649 -0.000007 -1.167982
4  11.480377 0.000424 -0.000644  0.882518 -0.690154 0.664585
5  3.866873 -0.105689 -1.194905  -0.589115 0.464963 -1.370080
6  1.312589 0.000008 0.000008  -0.000010 0.000051 -0.098681
7  0.729353 0.000055 0.000051  0.000021 0.000017 -0.036792
8  3.961404 0.058141 -0.418493  -0.306147 0.534073 -1.057230
9  1.539109 0.000082 0.000003  -0.000001 0.000022 0.027307
10  1.196332 0.000146 0.000029  0.000015 0.000016 -0.223245
11  3.883512 -0.047212 0.431351  -0.031871 0.544300 -0.637495
12  1.719572 -0.000027 0.000020  0.001580 0.005287 -0.078828
13  1.209180 0.000087 0.000013  0.000640 0.003024 -0.008912
14  3.859680 -0.138417 1.332380  0.263551 0.459620 -0.297045
15  1.719445 -0.000020 0.000029  0.001214 0.003881 -0.066824
16  1.099675 0.000050 0.000008  0.000534 0.002522 -0.036855
17  0.587513 -0.753783 1.206786  -0.970467 -0.624809 -0.515601
18  1.789820 -0.000004 -0.000017  0.018334 0.010575 0.465742
19  1.207014 -0.000014 -0.000044  -0.002022 -0.002364 -0.182137
20  5.740636 0.000390 -0.000699  -0.189093 0.000003 0.000063
21  11.481082 0.000265 -0.000780  -0.083174 -0.147153 0.067312
22  6.027524 -0.000328 0.000200  1.514755 -0.191882 1.678750
23  -0.000000 11.692099 -0.000007  -0.827800 -0.304488 -0.671982
24  0.000002 0.000009 0.000000  -0.021565 -0.000030 1.570739
25  -0.000000 -0.000011 0.000001  0.868960 0.000002 1.570712
26  -6.617934 -9.178503 0.826812  1.473120 1.855075 -0.198639
27  6.027514 -0.000258 -0.000222  1.503850 0.725539 -0.846434
28  11.691990 0.000163 0.000856  0.466567 0.000058 -1.648929
29  11.479197 -0.000518 0.001181  -1.501783 0.485752 0.420786
30  3.859437 -0.132758 1.193065  0.469647 -0.013262 -1.872395
31  1.312559 0.000026 -0.000002  0.024060 -0.138696 -0.550187
32  0.729346 0.000064 -0.000028  -0.166197 -0.081570 -0.714272
33  3.942045 0.050139 0.431000  0.225309 -0.086237 -1.592712
34  1.539097 0.000006 -0.000002  0.035254 -0.050373 -0.994350
35  1.196300 0.000078 -0.000005  -0.021521 0.002175 -0.839738
36  3.883413 -0.050472 -0.431085  0.184824 -0.271737 -1.204030
37  1.719564 -0.000085 -0.000005  0.022859 -0.107186 -1.509108
38  1.209196 0.000035 0.000011  0.000661 0.071072 -0.480462
39  3.859588 -0.149082 -1.331321  -0.165711 -0.017627 -0.019787
40  1.719412 -0.000099 -0.000036  -0.034472 -0.034767 -0.402573
41  1.099673 0.000023 0.000006  -0.003406 -0.006726 -0.228403
42  0.805983 -0.359847 -1.318339  0.991670 0.166767 -0.799527
43  1.789780 -0.000010 -0.000042  0.000058 -0.002451 0.133097
44  1.206997 -0.000006 0.000005  0.000372 -0.000071 1.058780
45  5.740573 0.000078 0.000720  0.048520 -0.000014 0.000028
46  11.480783 -0.000030 0.000981  -0.002994 0.077043 0.069191
47  6.027515 -0.000273 -0.000230  -0.889762 -0.547089 -1.846642
48  -0.000002 11.691974 -0.000004  -1.117051 0.560399 0.863087
49  0.000003 0.000001 0.000001  2.739096 -0.000036 1.570860
50  -0.000008 -0.000014 0.000006  2.272645 -0.000036 1.570861
51  -4.049688 -5.409686 -8.507027  0.055952 -2.926726 1.511715
52  0.000000 -0.000000 0.000000  0.008153 -0.000259 0.000009
53  -0.000000 0.000000 -0.000000  1.565115 0.043565 -0.106862
54  -0.569146 -16.894257 -5.423816  -0.682432 -0.031286 -1.799964
55  0.000000 -0.000000 0.000000  0.000000 -0.000001 -0.000002
56  0.000029 0.000028 0.000001  -1.571901 -0.044449 -0.106509
57  9.102052 -16.465233 -17.175194  1.570796 -0.000000 0.000000
58  -12.539445 4.000748 -22.561565  1.570796 -0.000000 0.000000
59  1.943890 -0.168070 -8.860325  1.570796 -0.000000 0.000000
60  -0.004311 0.001229 -0.000371  0.006898 -0.005534 -0.284229
61  0.826810 10.209643 -4.879054  1.570796 -0.000000 0.000000
62  0.000000 0.000000 0.000000  -0.078727 -3.136056 0.284226
63  0.000000 0.000000 0.000000  1.564638 0.008315 -0.000964
64  -3.344264 -9.327196 -2.548408  1.485566 -0.122614 0.075229
65  0.002681 -3.204031 0.621196  0.000000 0.000000 -0.000000
66  0.048105 -1.112260 5.803838  0.000000 0.000000 0.006813
67  -1.184782 0.539746 -0.284904  0.000000 -0.000000 -0.000000
68  0.047884 -1.610073 21.020466  0.000000 0.000000 -0.000000
69  0.047881 -3.319714 2.472857  0.000000 0.000000 -0.000000
70  0.047883 -1.610073 6.228256  0.000000 0.000000 -0.000000
71  0.654947 -2.537531 2.477232  0.000000 0.000000 -0.000000
72  -2.514137 -14.317002 -6.202124  1.485566 -0.122614 0.075229
73  0.017810 1.799356 -0.402362  0.000000 0.000000 -0.000000
74  -3.588360 -1.097282 -23.660017  1.570796 -0.000000 0.000000
75  0.031323 2.100357 -1.138380  0.000000 -0.000000 0.000000
76  -0.024051 1.849583 -1.138377  0.000000 -0.000000 0.000000
time 55
0  0.000006 0.000000 0.000000  -1.570800 -1.391899 -1.570792
1  -8.659029 1.900921 1.938140  -1.544956 -1.855077 -0.198630
2  6.027524 -0.000327 0.000189  -0.379267 -1.339299 -1.817500
3  11.692114 0.000643 -0.000737  -0.891659 -0.000008 -1.161417
4  11.480413 0.000435 -0.000631  0.813543 -0.719738 0.721071
5  3.863631 -0.121648 -1.193636  -0.658364 0.343042 -1.530216
6  1.312589 0.000013 0.000006  -0.029634 -0.007087 -0.166801
7  0.729355 0.000051 0.000049  0.000326 -0.002787 -0.111066
8  3.953159 0.053107 -0.424070  -0.451319 0.464056 -1.222604
9  1.539109 0.000082 0.000002  -0.010603 -0.013901 -0.142251
10  1.196332 0.000146 0.000030  0.001480 0.000174 -0.344830
11  3.883510 -0.047212 0.431350  -0.130365 0.553887 -0.749346
12  1.719572 -0.000027 0.000018  -0.009443 -0.033578 -0.322750
13  1.209180 0.000088 0.000014  0.000041 0.001964 -0.142949
14  3.859676 -0.138417 1.332380  0.215530 0.514508 -0.337646
15  1.719447 -0.000019 0.000027  -0.009342 0.009084 -0.198834
16  1.099674 0.000047 0.000006  -0.000528 0.002790 -0.349208
17  0.587508 -0.753784 1.206786  -0.959323 -0.640117 -0.535498
18  1.789822 -0.000001 -0.000017  0.018940 0.012675 0.536412
19  1.207015 -0.000013 -0.000044  -0.002408 -0.002398 -0.172172
20  5.740635 0.000390 -0.000698  -0.198954 0.000003 0.000063
21  11.481087 0.000266 -0.000779  -0.089034 -0.157853 0.070020
22  6.027524 -0.000329 0.000200  1.496211 -0.219440 1.654886
23  -0.000001 11.692101 -0.000007  -0.823683 -0.301373 -0.668972
24  0.000003 0.000009 0.000001  -0.022576 -0.000031 1.570739
25  -0.000001 -0.000011 -0.000000  0.868960 0.000002 1.570712
26  -6.617934 -9.178503 0.826812  1.473120 1.855075 -0.198639
27  6.027514 -0.000259 -0.000221  1.532092 0.740841 -0.791195
28  11.691991 0.000159 0.000855  0.402286 0.000060 -1.672884
29  11.479037 -0.000660 0.001175  -1.503398 0.466919 0.535048
30  3.859437 -0.132759 1.193066  0.469647 -0.013262 -1.872395
31  1.312559 0.000025 -0.000001  0.024060 -0.138696 -0.550187
32  0.729345 0.000064 -0.000027  -0.166197 -0.081570 -0.714272
33  3.942046 0.050139 0.431000  0.225309 -0.086237 -1.592712
34  1.539097 0.000007 -0.000000  0.035254 -0.050373 -0.994350
35  1.196302 0.000078 -0.000004  -0.021521 0.002175 -0.839738
36  3.883414 -0.050473 -0.431084  0.184824 -0.271737 -1.204030
37  1.719563 -0.000085 -0.000004  0.022859 -0.107186 -1.509108
38  1.209198 0.000036 0.000011  0.000661 0.071072 -0.480462
39  3.859587 -0.149082 -1.331320  -0.163863 -0.019288 0.022077
40  1.719414 -0.000098 -0.000034  -0.036447 -0.041878 -0.445971
41  1.099674 0.000023 0.000007  -0.001421 -0.008005 -0.435251
42  0.805983 -0.359848 -1.318338  0.991670 0.166767 -0.799527
43  1.789780 -0.000010 -0.000043  0.000058 -0.002451 0.133097
44  1.206997 -0.000006 0.000005  0.000372 -0.000071 1.058780
45  5.740571 0.000080 0.000721  0.052558 -0.000014 0.000028
46  11.480750 -0.000058 0.000980  -0.005905 0.073367 0.091989
47  6.027515 -0.000273 -0.000230  -0.891823 -0.521179 -1.809256
48  -0.000000 11.691975 -0.000005  -1.131087 0.574347 0.871010
49  0.000001 0.000002 0.000000  2.674815 -0.000036 1.570860
50  -0.000007 -0.000013 0.000006  2.272645 -0.000036 1.570861
51  -4.174762 -5.266674 -7.981645  -0.077420 -2.953967 1.504000
52  -0.000000 -0.000000 -0.000000  0.008153 -0.000259 0.000009
53  -0.000000 -0.000000 0.000000  1.565115 0.043565 -0.106862
54  -0.802185 -17.049215 -5.626606  -0.747365 0.034400 -1.789623
55  -0.000001 -0.000000 -0.000000  0.000000 -0.000001 -0.000002
56  0.000029 0.000029 0.000001  -1.571901 -0.044449 -0.106509
57  8.431174 -17.257423 -17.732908  1.570796 -0.000000 0.000000
58  -13.475406 4.000748 -22.595680  1.570796 -0.000000 0.000000
59  1.942454 -0.330128 -8.860325  1.570796 -0.000000 0.000000
60  -0.004311 0.001229 -0.000371  0.006898 -0.005534 -0.284229
61  0.826810 10.209643 -4.879054  1.570796 -0.000000 0.000000
62  0.000000 0.000000 0.000000  -0.078727 -3.136056 0.284226
63  0.000000 0.000000 0.000000  1.564492 0.006983 -0.000496
64  -2.857750 -9.425220 -2.296432  1.528222 0.003903 0.038278
65  0.002681 -3.204031 0.621197  -0.000000 0.000000 0.000000
66  0.048105 -1.112259 5.803838  -0.000000 0.000000 0.006813
67  -1.184782 0.539746 -0.284904  0.000000 -0.000000 0.000000
68  0.047884 -1.610073 21.020470  -0.000000 0.000000 0.000000
69  0.047881 -3.319713 2.472855  -0.000000 0.000000 0.000000
70  0.047883 -1.610072 6.228258  -0.000000 0.000000 0.000000
71  0.654947 -2.537531 2.477231  -0.000000 0.000000 0.000000
72  -2.683839 -14.298637 -6.189563  1.528222 0.003903 0.038278
73  0.017809 1.799356 -0.402361  -0.000000 0.000000 0.000000
74  -3.588360 -1.097282 -23.660017  1.570796 -0.000000 0.000000
75  0.031323 2.100357 -1.138380  0.000000 -0.000000 0.000000
76  -0.024051 1.849583 -1.138377  0.000000 -0.000000 0.000000
time 56
0  0.000006 0.000000 0.000000  -1.570800 -1.391899 -1.570792
1  -8.649605 1.953038 1.937664  -1.544956 -1.855077 -0.198630
2  6.027525 -0.000327 0.000189  -0.374806 -1.326522 -1.824241
3  11.692113 0.000646 -0.000738  -0.891964 -0.000007 -1.167003
4  11.480379 0.000423 -0.000644  0.725652 -0.699554 0.723320
5  3.861334 -0.133393 -1.192766  -0.735649 0.132000 -1.724901
6  1.312589 0.000012 0.000006  -0.091190 -0.029084 -0.312164
7  0.729354 0.000053 0.000051  0.001673 -0.008352 -0.270400
8  3.947052 0.049354 -0.428212  -0.617633 0.333601 -1.396775
9  1.539109 0.000084 0.000004  -0.025509 -0.043107 -0.510759
10  1.196331 0.000145 0.000028  0.003867 0.000869 -0.607126
11  3.883512 -0.047212 0.431351  -0.279772 0.541566 -0.884151
12  1.719574 -0.000027 0.000020  0.000933 -0.121507 -0.865391
13  1.209179 0.000090 0.000013  -0.000620 -0.000526 -0.432744
14  3.859679 -0.138416 1.332379  0.085425 0.567864 -0.405717
15  1.719446 -0.000020 0.000030  -0.028124 0.015692 -0.484174
16  1.099676 0.000052 0.000010  -0.002885 0.002158 -1.057327
17  0.587512 -0.753782 1.206786  -0.951465 -0.653283 -0.549755
18  1.789820 -0.000005 -0.000017  0.019778 0.015298 0.632990
19  1.207015 -0.000013 -0.000044  -0.002880 -0.002329 -0.146101
20  5.740635 0.000390 -0.000699  -0.216849 0.000003 0.000063
21  11.481080 0.000266 -0.000781  -0.105979 -0.158802 0.065240
22  6.027525 -0.000330 0.000200  1.490900 -0.231168 1.653667
23  -0.000000 11.692101 -0.000006  -0.827187 -0.304023 -0.671534
24  0.000002 0.000008 0.000000  -0.022880 -0.000031 1.570739
25  0.000000 -0.000012 0.000000  0.868960 0.000002 1.570712
26  -6.617934 -9.178503 0.826812  1.473120 1.855075 -0.198639
27  6.027514 -0.000259 -0.000221  1.551489 0.759016 -0.745859
28  11.691990 0.000160 0.000857  0.334585 0.000062 -1.696211
29  11.480622 0.000111 0.000832  -1.474892 0.442452 0.642363
30  3.859438 -0.132758 1.193065  0.469647 -0.013262 -1.872395
31  1.312559 0.000025 -0.000001  0.024060 -0.138696 -0.550187
32  0.729345 0.000065 -0.000028  -0.166197 -0.081570 -0.714273
33  3.942048 0.050139 0.431000  0.225309 -0.086237 -1.592712
34  1.539097 0.000006 -0.000001  0.035254 -0.050373 -0.994350
35  1.196301 0.000078 -0.000004  -0.021521 0.002175 -0.839738
36  3.883415 -0.050472 -0.431084  0.184824 -0.271737 -1.204030
37  1.719563 -0.000087 -0.000004  0.022858 -0.107186 -1.509108
38  1.209199 0.000035 0.000011  0.000661 0.071072 -0.480462
39  3.859588 -0.149082 -1.331321  -0.162349 -0.020149 0.036876
40  1.719413 -0.000098 -0.000036  -0.035851 -0.045243 -0.508374
41  1.099674 0.000023 0.000007  -0.000250 -0.008305 -0.574361
42  0.805984 -0.359847 -1.318339  0.991670 0.166767 -0.799527
43  1.789780 -0.000009 -0.000042  0.000058 -0.002451 0.133097
44  1.206996 -0.000007 0.000005  0.000372 -0.000071 1.058780
45  5.740571 0.000079 0.000720  0.066398 -0.000014 0.000028
46  11.481067 0.000096 0.000911  -0.002337 0.070163 0.112073
47  6.027515 -0.000273 -0.000230  -0.901117 -0.499591 -1.772602
48  -0.000001 11.691976 -0.000006  -1.144752 0.588018 0.878568
49  0.000002 0.000000 0.000000  2.607114 -0.000036 1.570860
50  -0.000007 -0.000013 0.000005  2.272645 -0.000036 1.570861
51  -4.145963 -5.102544 -7.476204  -0.168762 -2.975896 1.492308
52  0.000001 0.000000 0.000000  0.008153 -0.000259 0.000009
53  0.000000 0.000000 -0.000000  1.565115 0.043565 -0.106862
54  -0.922555 -17.034615 -5.748738  -0.839708 0.041545 -1.820888
55  -0.000001 0.000000 0.000000  0.000000 -0.000001 -0.000002
56  0.000029 0.000029 0.000001  -1.571901 -0.044449 -0.106509
57  8.208684 -17.520149 -17.916506  1.570796 -0.000000 0.000000
58  -14.292791 4.000748 -22.618885  1.570796 -0.000000 0.000000
59  1.941978 -0.383090 -8.860325  1.570796 -0.000000 0.000000
60  -0.004311 0.001229 -0.000371  0.006898 -0.005534 -0.284229
61  0.826810 10.209643 -4.879054  1.570796 -0.000000 0.000000
62  0.000000 0.000000 0.000000  -0.078727 -3.136056 0.284226
63  0.000000 0.000000 0.000000  1.564439 0.005575 -0.000012
64  -2.457092 -9.460697 -2.044457  1.558833 0.091263 0.011979
65  0.002681 -3.204031 0.621196  -0.000000 -0.000000 -0.000000
66  0.048105 -1.112260 5.803837  -0.000000 0.000000 0.006813
67  -1.184783 0.539746 -0.284905  -0.000000 -0.000000 -0.000000
68  0.047884 -1.610073 21.020468  -0.000000 -0.000000 -0.000000
69  0.047881 -3.319714 2.472856  -0.000000 -0.000000 -0.000000
70  0.047883 -1.610073 6.228258  -0.000000 -0.000000 -0.000000
71  0.654947 -2.537531 2.477232  -0.000000 -0.000000 -0.000000
72  -2.765876 -14.219801 -6.068447  1.558833 0.091263 0.011979
73  0.017809 1.799355 -0.402360  -0.000000 -0.000000 -0.000000
74  -3.588360 -1.097282 -23.660017  1.570796 -0.000000 0.000000
75  0.031323 2.100357 -1.138380  0.000000 -0.000000 0.000000
76  -0.024051 1.849583 -1.138377  0.000000 -0.000000 0.000000
time 57
0  0.000006 0.000000 0.000000  -1.570800 -1.391899 -1.570792
1  -8.649605 1.953038 1.937664  -1.544956 -1.855077 -0.198630
2  6.027525 -0.000327 0.000189  -0.397737 -1.323846 -1.799708
3  11.692113 0.000645 -0.000739  -0.891966 -0.000008 -1.193521
4  11.480235 0.000376 -0.000700  0.667845 -0.691099 0.757503
5  3.859962 -0.140481 -1.192251  -0.772937 -0.056727 -1.865893
6  1.312590 0.000010 0.000005  -0.118652 -0.042324 -0.379408
7  0.729352 0.000055 0.000053  0.002599 -0.010829 -0.344657
8  3.943363 0.047084 -0.430717  -0.731215 0.207291 -1.509242
9  1.539109 0.000082 0.000004  -0.028669 -0.057457 -0.680251
10  1.196330 0.000145 0.000031  0.004842 0.001374 -0.728711
11  3.883513 -0.047210 0.431350  -0.403402 0.515468 -0.983633
12  1.719573 -0.000028 0.000019  0.020825 -0.156575 -1.111891
13  1.209179 0.000088 0.000012  -0.000666 -0.001718 -0.566770
14  3.859677 -0.138415 1.332379  -0.048071 0.598057 -0.470577
15  1.719448 -0.000018 0.000030  -0.036810 0.016947 -0.616278
16  1.099675 0.000051 0.000005  -0.003669 0.001393 -1.369679
17  0.587511 -0.753781 1.206786  -0.947767 -0.661362 -0.556711
18  1.789820 -0.000002 -0.000018  0.020573 0.017338 0.712758
19  1.207015 -0.000013 -0.000043  -0.003248 -0.002223 -0.120031
20  5.740636 0.000389 -0.000698  -0.231019 0.000003 0.000063
21  11.481052 0.000255 -0.000792  -0.114612 -0.162005 0.067673
22  6.027525 -0.000330 0.000200  1.495454 -0.235483 1.654904
23  -0.000000 11.692101 -0.000006  -0.843756 -0.316719 -0.683593
24  0.000002 0.000009 -0.000000  -0.022880 -0.000031 1.570738
25  0.000001 -0.000012 0.000000  0.868960 0.000002 1.570712
26  -6.617934 -9.178503 0.826812  1.473120 1.855075 -0.198639
27  6.027514 -0.000259 -0.000221  1.555312 0.769894 -0.716507
28  11.691992 0.000162 0.000858  0.270303 0.000065 -1.730648
29  11.480304 -0.000155 0.000898  -1.409036 0.421381 0.740149
30  3.859437 -0.132759 1.193065  0.469647 -0.013262 -1.872395
31  1.312559 0.000027 -0.000001  0.024060 -0.138696 -0.550187
32  0.729345 0.000065 -0.000027  -0.166197 -0.081570 -0.714272
33  3.942047 0.050139 0.431000  0.225309 -0.086237 -1.592712
34  1.539097 0.000006 -0.000002  0.035254 -0.050373 -0.994350
35  1.196299 0.000078 -0.000003  -0.021521 0.002175 -0.839738
36  3.883414 -0.050472 -0.431085  0.184824 -0.271737 -1.204030
37  1.719563 -0.000085 -0.000004  0.022859 -0.107186 -1.509108
38  1.209197 0.000036 0.000011  0.000661 0.071072 -0.480462
39  3.859588 -0.149082 -1.331321  -0.154432 -0.028318 -0.005574
40  1.719414 -0.000098 -0.000035  -0.029697 -0.040215 -0.648596
41  1.099673 0.000023 0.000007  -0.000628 -0.008145 -0.664705
42  0.805984 -0.359848 -1.318338  0.991670 0.166767 -0.799527
43  1.789780 -0.000010 -0.000042  0.000058 -0.002451 0.133097
44  1.206996 -0.000007 0.000005  0.000372 -0.000071 1.058781
45  5.740572 0.000079 0.000721  0.091115 -0.000014 0.000028
46  11.481004 0.000043 0.000925  0.008536 0.070347 0.128538
47  6.027515 -0.000273 -0.000230  -0.910066 -0.491594 -1.741639
48  -0.000001 11.691976 -0.000005  -1.164930 0.608354 0.889439
49  0.000002 0.000001 0.000000  2.542832 -0.000036 1.570860
50  -0.000007 -0.000013 0.000005  2.272645 -0.000036 1.570861
51  -3.964559 -4.806935 -7.096985  -0.202806 -2.992464 1.479206
52  -0.000001 0.000000 0.000000  0.008153 -0.000259 0.000009
53  -0.000000 -0.000000 -0.000001  1.565115 0.043565 -0.106862
54  -0.911878 -16.827103 -5.702165  -0.875742 0.052001 -1.841012
55  -0.000000 0.000000 0.000000  0.000000 -0.000001 -0.000002
56  0.000028 0.000030 0.000001  -1.571902 -0.044449 -0.106509
57  8.208684 -17.520149 -17.916506  1.570796 -0.000000 0.000000
58  -14.913026 4.000748 -22.632950  1.570796 -0.000000 0.000000
59  1.941978 -0.383090 -8.860325  1.570796 -0.000000 0.000000
60  -0.004311 0.001229 -0.000371  0.006898 -0.005534 -0.284229
61  0.826810 10.209643 -4.879054  1.570796 -0.000000 0.000000
62  0.000000 0.000000 0.000000  -0.078727 -3.136056 0.284226
63  0.000000 0.000000 0.000000  1.564432 0.004116 0.000456
64  -2.185216 -9.300880 -1.806611  1.578429 0.123284 -0.004362
65  0.002681 -3.204031 0.621196  0.000000 -0.000000 0.000000
66  0.048105 -1.112260 5.803836  0.000000 0.000000 0.006813
67  -1.184782 0.539746 -0.284905  -0.000000 -0.000000 -0.000000
68  0.047884 -1.610073 21.020466  0.000000 -0.000000 0.000000
69  0.047881 -3.319714 2.472854  0.000000 -0.000000 0.000000
70  0.047883 -1.610072 6.228256  0.000000 -0.000000 0.000000
71  0.654947 -2.537531 2.477229  0.000000 -0.000000 0.000000
72  -2.711381 -13.973608 -5.908524  1.578429 0.123284 -0.004362
73  0.017810 1.799356 -0.402363  0.000000 -0.000000 0.000000
74  -3.588360 -1.097282 -23.660017  1.570796 -0.000000 0.000000
75  0.031323 2.100357 -1.138380  0.000000 -0.000000 0.000000
76  -0.024051 1.849583 -1.138377  0.000000 -0.000000 0.000000
time 58
0  0.000006 0.000000 0.000000  -1.570800 -1.391899 -1.570792
1  -8.649605 1.953038 1.937664  -1.544956 -1.855077 -0.198630
2  6.027525 -0.000327 0.000189  -0.445833 -1.320665 -1.756496
3  11.692113 0.000643 -0.000740  -0.891968 -0.000010 -1.245170
4  11.479824 0.000245 -0.000863  0.646315 -0.704595 0.817383
5  3.859506 -0.142823 -1.192079  -0.780612 -0.123962 -1.912387
6  1.312589 0.000009 0.000007  -0.118652 -0.042325 -0.379408
7  0.729354 0.000054 0.000050  0.002599 -0.010829 -0.344657
8  3.942143 0.046335 -0.431544  -0.766922 0.160085 -1.543102
9  1.539109 0.000082 0.000002  -0.028669 -0.057457 -0.680251
10  1.196332 0.000145 0.000028  0.004842 0.001374 -0.728711
11  3.883514 -0.047210 0.431351  -0.446175 0.503317 -1.015793
12  1.719573 -0.000023 0.000020  0.020825 -0.156575 -1.111891
13  1.209178 0.000089 0.000014  -0.000666 -0.001718 -0.566770
14  3.859679 -0.138416 1.332379  -0.099311 0.605539 -0.494814
15  1.719447 -0.000019 0.000030  -0.036809 0.016947 -0.616278
16  1.099676 0.000049 0.000006  -0.003669 0.001393 -1.369679
17  0.587510 -0.753781 1.206786  -0.946963 -0.663736 -0.558319
18  1.789817 -0.000005 -0.000018  0.020877 0.018030 0.740855
19  1.207015 -0.000013 -0.000043  -0.003373 -0.002176 -0.110066
20  5.740634 0.000390 -0.000698  -0.241753 0.000003 0.000064
21  11.480967 0.000230 -0.000826  -0.112976 -0.168469 0.075443
22  6.027525 -0.000330 0.000200  1.506195 -0.241898 1.648957
23  -0.000001 11.692101 -0.000008  -0.875766 -0.341981 -0.706587
24  0.000002 0.000008 0.000001  -0.022880 -0.000030 1.570739
25  0.000000 -0.000012 -0.000001  0.868960 0.000002 1.570712
26  -6.617934 -9.178503 0.826812  1.473120 1.855075 -0.198639
27  6.027514 -0.000259 -0.000221  1.549163 0.767468 -0.702437
28  11.691991 0.000162 0.000856  0.215543 0.000068 -1.777718
29  11.479880 -0.000479 0.000948  -1.322888 0.402441 0.818867
30  3.859438 -0.132758 1.193065  0.469647 -0.013262 -1.872395
31  1.312559 0.000026 -0.000002  0.024060 -0.138696 -0.550187
32  0.729346 0.000065 -0.000028  -0.166197 -0.081570 -0.714272
33  3.942047 0.050139 0.431000  0.225309 -0.086237 -1.592712
34  1.539096 0.000005 -0.000001  0.035254 -0.050373 -0.994350
35  1.196300 0.000078 -0.000004  -0.021521 0.002175 -0.839738
36  3.883414 -0.050472 -0.431084  0.184824 -0.271737 -1.204030
37  1.719564 -0.000084 -0.000004  0.022859 -0.107186 -1.509108
38  1.209198 0.000035 0.000012  0.000661 0.071072 -0.480462
39  3.859588 -0.149082 -1.331321  -0.134381 -0.047612 -0.117195
40  1.719414 -0.000098 -0.000035  -0.019513 -0.022920 -0.896806
41  1.099674 0.000023 0.000007  -0.002693 -0.008011 -0.729912
42  0.805983 -0.359848 -1.318338  0.991670 0.166767 -0.799527
43  1.789779 -0.000008 -0.000042  0.000058 -0.002451 0.133098
44  1.206997 -0.000007 0.000005  0.000372 -0.000071 1.058780
45  5.740572 0.000079 0.000721  0.121171 -0.000014 0.000028
46  11.480920 -0.000022 0.000935  0.023659 0.073103 0.140363
47  6.027515 -0.000273 -0.000230  -0.910330 -0.496631 -1.723169
48  -0.000001 11.691976 -0.000006  -1.192548 0.636435 0.903728
49  0.000003 -0.000001 0.000001  2.488072 -0.000036 1.570860
50  -0.000007 -0.000014 0.000005  2.272645 -0.000036 1.570861
51  -3.759528 -4.376780 -6.879725  -0.189378 -3.000834 1.470471
52  0.000000 0.000000 0.000001  0.008153 -0.000259 0.000009
53  0.000000 -0.000000 0.000000  1.565115 0.043565 -0.106862
54  -0.807904 -16.427044 -5.527753  -0.864121 0.062584 -1.847142
55  0.000000 -0.000000 0.000000  0.000000 -0.000001 -0.000002
56  0.000030 0.000029 0.000001  -1.571902 -0.044449 -0.106509
57  8.208684 -17.520149 -17.916506  1.570796 -0.000000 0.000000
58  -15.292407 4.000748 -22.639969  1.570796 -0.000000 0.000000
59  1.941978 -0.383090 -8.860325  1.570796 -0.000000 0.000000
60  -0.004311 0.001229 -0.000371  0.006898 -0.005534 -0.284229
61  0.826810 10.209643 -4.879054  1.570796 -0.000000 0.000000
62  0.000000 0.000000 0.000000  -0.078727 -3.136056 0.284226
63  0.000000 0.000000 0.000000  1.564611 0.002629 0.000877
64  -2.085051 -8.919780 -1.597025  1.585640 0.109309 -0.010321
65  0.002681 -3.204031 0.621196  -0.000000 0.000000 0.000000
66  0.048105 -1.112260 5.803837  -0.000000 0.000000 0.006813
67  -1.184782 0.539746 -0.284904  -0.000000 -0.000000 -0.000000
68  0.047884 -1.610073 21.020464  -0.000000 0.000000 0.000000
69  0.047881 -3.319714 2.472854  -0.000000 0.000000 0.000000
70  0.047883 -1.610072 6.228256  -0.000000 0.000000 0.000000
71  0.654947 -2.537531 2.477230  -0.000000 0.000000 0.000000
72  -2.585039 -13.559921 -5.739007  1.585640 0.109309 -0.010321
73  0.017809 1.799357 -0.402362  -0.000000 0.000000 0.000000
74  -3.588360 -1.097282 -23.660017  1.570796 -0.000000 0.000000
75  0.031323 2.100357 -1.138380  0.000000 -0.000000 0.000000
76  -0.024051 1.849583 -1.138377  0.000000 -0.000000 0.000000
time 59
0  0.000006 0.000000 0.000000  -1.570800 -1.391899 -1.570792
1  -8.649605 1.953038 1.937664  -1.544956 -1.855077 -0.198630
2  6.027525 -0.000327 0.000189  -0.483252 -1.319577 -1.727960
3  11.692112 0.000645 -0.000740  -0.891971 -0.000013 -1.297143
4  11.480536 0.000444 -0.000616  0.647171 -0.729225 0.876998
5  3.859504 -0.142824 -1.192078  -0.780612 -0.123962 -1.912387
6  1.312589 0.000009 0.000007  -0.118652 -0.042325 -0.379408
7  0.729356 0.000054 0.000051  0.002599 -0.010829 -0.344657
8  3.942143 0.046333 -0.431544  -0.766922 0.160085 -1.543102
9  1.539108 0.000084 0.000002  -0.028669 -0.057457 -0.680251
10  1.196330 0.000144 0.000031  0.004842 0.001374 -0.728711
11  3.883513 -0.047212 0.431351  -0.446175 0.503317 -1.015794
12  1.719573 -0.000027 0.000019  0.020825 -0.156575 -1.111891
13  1.209180 0.000088 0.000013  -0.000666 -0.001718 -0.566770
14  3.859679 -0.138418 1.332380  -0.099311 0.605538 -0.494814
15  1.719447 -0.000020 0.000030  -0.036810 0.016947 -0.616278
16  1.099675 0.000051 0.000006  -0.003669 0.001393 -1.369679
17  0.587512 -0.753782 1.206787  -0.946963 -0.663736 -0.558319
18  1.789819 -0.000004 -0.000018  0.020877 0.018030 0.740855
19  1.207014 -0.000013 -0.000042  -0.003373 -0.002176 -0.110066
20  5.740636 0.000389 -0.000701  -0.250407 0.000003 0.000063
21  11.481112 0.000269 -0.000777  -0.106067 -0.175398 0.083733
22  6.027525 -0.000330 0.000200  1.515203 -0.245201 1.639073
23  -0.000001 11.692101 -0.000006  -0.907649 -0.368089 -0.729060
24  0.000004 0.000009 -0.000001  -0.022880 -0.000031 1.570739
25  0.000000 -0.000011 0.000001  0.868960 0.000002 1.570712
26  -6.617934 -9.178503 0.826812  1.473120 1.855075 -0.198639
27  6.027514 -0.000259 -0.000221  1.541511 0.756858 -0.699958
28  11.691993 0.000160 0.000857  0.174592 0.000071 -1.822773
29  11.479481 -0.000760 0.000969  -1.248798 0.385306 0.865468
30  3.859437 -0.132758 1.193064  0.469647 -0.013262 -1.872395
31  1.312559 0.000026 -0.000001  0.024060 -0.138696 -0.550187
32  0.729345 0.000066 -0.000027  -0.166197 -0.081570 -0.714273
33  3.942046 0.050139 0.431000  0.225309 -0.086237 -1.592712
34  1.539096 0.000006 -0.000001  0.035254 -0.050373 -0.994350
35  1.196301 0.000078 -0.000004  -0.021521 0.002175 -0.839738
36  3.883414 -0.050472 -0.431084  0.184824 -0.271737 -1.204030
37  1.719564 -0.000085 -0.000004  0.022858 -0.107186 -1.509108
38  1.209197 0.000035 0.000011  0.000661 0.071072 -0.480462
39  3.859589 -0.149082 -1.331321  -0.112729 -0.064484 -0.229262
40  1.719415 -0.000098 -0.000034  -0.014072 -0.003631 -1.121730
41  1.099674 0.000024 0.000007  -0.004978 -0.007987 -0.763040
42  0.805984 -0.359848 -1.318338  0.991670 0.166767 -0.799527
43  1.789780 -0.000009 -0.000042  0.000058 -0.002451 0.133097
44  1.206996 -0.000006 0.000006  0.000372 -0.000071 1.058781
45  5.740573 0.000080 0.000720  0.146760 -0.000014 0.000028
46  11.480841 -0.000078 0.000939  0.037345 0.075793 0.146519
47  6.027515 -0.000273 -0.000230  -0.903324 -0.506902 -1.718777
48  0.000000 11.691975 -0.000005  -1.219064 0.663606 0.916769
49  0.000002 -0.000002 0.000001  2.447121 -0.000036 1.570860
50  -0.000007 -0.000014 0.000006  2.272645 -0.000036 1.570861
51  -3.629052 -3.955973 -6.788640  -0.156469 -2.998646 1.468936
52  0.000000 -0.000000 -0.000001  0.008153 -0.000259 0.000009
53  0.000000 0.000000 -0.000000  1.565115 0.043565 -0.106862
54  -0.685991 -15.989218 -5.275970  -0.831584 0.066025 -1.841933
55  0.000001 -0.000000 0.000000  0.000000 -0.000001 -0.000002
56  0.000031 0.000029 0.000001  -1.571901 -0.044449 -0.106509
57  8.208684 -17.520149 -17.916506  1.570796 -0.000000 0.000000
58  -15.417985 4.000748 -22.641926  1.570796 -0.000000 0.000000
59  1.941978 -0.383090 -8.860325  1.570796 -0.000000 0.000000
60  -0.004311 0.001229 -0.000371  0.006898 -0.005534 -0.284229
61  0.826810 10.209643 -4.879054  1.570796 -0.000000 0.000000
62  0.000000 0.000000 0.000000  -0.078727 -3.136056 0.284226
63  0.000000 0.000000 0.000000  1.565094 0.001149 0.001219
64  -2.111761 -8.464918 -1.429826  1.580443 0.077070 -0.007686
65  0.002681 -3.204031 0.621197  -0.000000 0.000000 -0.000000
66  0.048105 -1.112260 5.803837  0.000000 0.000000 0.006813
67  -1.184782 0.539746 -0.284904  -0.000000 0.000000 0.000000
68  0.047884 -1.610073 21.020466  -0.000000 0.000000 -0.000000
69  0.047881 -3.319713 2.472855  -0.000000 0.000000 -0.000000
70  0.047883 -1.610073 6.228256  -0.000000 0.000000 -0.000000
71  0.654947 -2.537531 2.477232  -0.000000 0.000000 -0.000000
72  -2.464082 -13.128993 -5.560102  1.580443 0.077070 -0.007686
73  0.017809 1.799356 -0.402360  -0.000000 0.000000 -0.000000
74  -3.588360 -1.097282 -23.660017  1.570796 -0.000000 0.000000
75  0.031323 2.100357 -1.138380  0.000000 -0.000000 0.000000
76  -0.024051 1.849583 -1.138377  0.000000 -0.000000 0.000000
time 60
0  0.000006 0.000000 0.000000  -1.570800 -1.391899 -1.570792
1  -8.649605 1.953038 1.937664  -1.544956 -1.855077 -0.198630
2  6.027525 -0.000327 0.000189  -0.508402 -1.320843 -1.714560
3  11.692112 0.000644 -0.000739  -0.891973 -0.000015 -1.336423
4  11.480261 0.000350 -0.000737  0.664621 -0.752681 0.924317
5  3.859504 -0.142823 -1.192079  -0.780612 -0.123962 -1.912387
6  1.312589 0.000009 0.000005  -0.118652 -0.042324 -0.379408
7  0.729355 0.000054 0.000050  0.002599 -0.010829 -0.344657
8  3.942143 0.046334 -0.431544  -0.766922 0.160085 -1.543102
9  1.539109 0.000081 0.000001  -0.028669 -0.057457 -0.680251
10  1.196330 0.000145 0.000031  0.004842 0.001374 -0.728711
11  3.883514 -0.047211 0.431350  -0.446175 0.503317 -1.015794
12  1.719573 -0.000026 0.000019  0.020825 -0.156575 -1.111891
13  1.209180 0.000089 0.000010  -0.000666 -0.001718 -0.566770
14  3.859680 -0.138416 1.332379  -0.099311 0.605539 -0.494814
15  1.719447 -0.000020 0.000030  -0.036810 0.016947 -0.616278
16  1.099676 0.000051 0.000006  -0.003669 0.001393 -1.369679
17  0.587511 -0.753781 1.206786  -0.946963 -0.663736 -0.558319
18  1.789816 -0.000005 -0.000018  0.020877 0.018030 0.740855
19  1.207013 -0.000013 -0.000043  -0.003373 -0.002176 -0.110066
20  5.740635 0.000390 -0.000699  -0.255562 0.000003 0.000064
21  11.481056 0.000250 -0.000800  -0.097138 -0.180363 0.091283
22  6.027525 -0.000330 0.000200  1.521762 -0.245279 1.626515
23  -0.000001 11.692101 -0.000007  -0.931543 -0.388257 -0.745598
24  0.000004 0.000008 0.000001  -0.022880 -0.000031 1.570739
25  -0.000001 -0.000011 0.000000  0.868960 0.000002 1.570712
26  -6.617934 -9.178503 0.826812  1.473120 1.855075 -0.198639
27  6.027513 -0.000259 -0.000221  1.531050 0.746710 -0.703902
28  11.691991 0.000161 0.000857  0.149692 0.000074 -1.854777
29  11.479197 -0.000943 0.000977  -1.190348 0.378729 0.885977
30  3.859437 -0.132758 1.193064  0.469647 -0.013262 -1.872395
31  1.312559 0.000026 -0.000001  0.024060 -0.138696 -0.550187
32  0.729345 0.000065 -0.000028  -0.166197 -0.081570 -0.714272
33  3.942047 0.050139 0.431000  0.225309 -0.086237 -1.592712
34  1.539097 0.000006 -0.000001  0.035254 -0.050373 -0.994350
35  1.196300 0.000077 -0.000004  -0.021521 0.002175 -0.839738
36  3.883413 -0.050472 -0.431084  0.184824 -0.271737 -1.204030
37  1.719564 -0.000085 -0.000005  0.022859 -0.107186 -1.509108
38  1.209197 0.000035 0.000011  0.000661 0.071072 -0.480462
39  3.859588 -0.149083 -1.331321  -0.104061 -0.070249 -0.272073
40  1.719415 -0.000098 -0.000034  -0.013177 0.003907 -1.203491
41  1.099673 0.000022 0.000007  -0.005887 -0.007993 -0.771205
42  0.805984 -0.359848 -1.318339  0.991670 0.166767 -0.799527
43  1.789780 -0.000008 -0.000042  0.000058 -0.002451 0.133098
44  1.206997 -0.000006 0.000005  0.000372 -0.000071 1.058780
45  5.740571 0.000079 0.000721  0.165081 -0.000014 0.000028
46  11.480783 -0.000114 0.000941  0.048013 0.079217 0.147961
47  6.027515 -0.000273 -0.000230  -0.898037 -0.518740 -1.718170
48  -0.000003 11.691975 -0.000005  -1.237974 0.683069 0.925640
49  0.000002 -0.000000 0.000001  2.422221 -0.000036 1.570860
50  -0.000008 -0.000014 0.000005  2.272645 -0.000036 1.570861
51  -3.520773 -3.648718 -6.784461  -0.117145 -2.990853 1.470621
52  0.000000 -0.000000 0.000000  0.008153 -0.000259 0.000009
53  -0.000000 0.000000 0.000000  1.565115 0.043565 -0.106862
54  -0.550497 -15.640829 -5.019388  -0.791846 0.064732 -1.831897
55  -0.000000 -0.000001 0.000000  0.000000 -0.000001 -0.000002
56  0.000030 0.000028 0.000002  -1.571901 -0.044449 -0.106509
57  8.208684 -17.520149 -17.916506  1.570796 -0.000000 0.000000
58  -15.417985 4.000748 -22.641926  1.570796 -0.000000 0.000000
59  1.941978 -0.383090 -8.860325  1.570796 -0.000000 0.000000
60  -0.004311 0.001229 -0.000371  0.006898 -0.005534 -0.284229
61  0.826810 10.209643 -4.879054  1.570796 -0.000000 0.000000
62  0.000000 0.000000 0.000000  -0.078727 -3.136056 0.284226
63  0.000000 0.000000 0.000000  1.565806 -0.000251 0.001448
64  -2.175452 -8.083817 -1.319146  1.568911 0.039102 -0.000916
65  0.002681 -3.204031 0.621196  0.000000 -0.000000 -0.000000
66  0.048105 -1.112260 5.803838  -0.000000 0.000000 0.006813
67  -1.184782 0.539746 -0.284904  -0.000000 -0.000000 0.000000
68  0.047884 -1.610073 21.020466  0.000000 -0.000000 -0.000000
69  0.047881 -3.319714 2.472855  0.000000 -0.000000 -0.000000
70  0.047883 -1.610072 6.228257  0.000000 -0.000000 -0.000000
71  0.654947 -2.537531 2.477230  0.000000 -0.000000 -0.000000
72  -2.337114 -12.797771 -5.404413  1.568911 0.039102 -0.000916
73  0.017809 1.799356 -0.402362  0.000000 -0.000000 -0.000000
74  -3.588360 -1.097282 -23.660017  1.570796 -0.000000 0.000000
75  0.031323 2.100357 -1.138380  0.000000 -0.000000 0.000000
76  -0.024051 1.849583 -1.138377  0.000000 -0.000000 0.000000
time 61
0  0.000006 0.000000 0.000000  -1.570800 -1.391899 -1.570792
1  -8.649605 1.953038 1.937664  -1.544956 -1.855077 -0.198630
2  6.027525 -0.000327 0.000189  -0.516812 -1.323949 -1.717041
3  11.692113 0.000645 -0.000739  -0.891974 -0.000016 -1.350582
4  11.480166 0.000317 -0.000776  0.692959 -0.767232 0.944760
5  3.859506 -0.142824 -1.192078  -0.780612 -0.123962 -1.912387
6  1.312589 0.000011 0.000006  -0.118652 -0.042324 -0.379408
7  0.729354 0.000054 0.000051  0.002599 -0.010829 -0.344657
8  3.942144 0.046334 -0.431544  -0.766922 0.160085 -1.543102
9  1.539108 0.000083 0.000002  -0.028669 -0.057457 -0.680251
10  1.196331 0.000146 0.000030  0.004842 0.001374 -0.728711
11  3.883512 -0.047212 0.431351  -0.446175 0.503317 -1.015794
12  1.719573 -0.000027 0.000016  0.020825 -0.156575 -1.111891
13  1.209180 0.000090 0.000014  -0.000666 -0.001718 -0.566770
14  3.859681 -0.138416 1.332380  -0.099311 0.605538 -0.494814
15  1.719448 -0.000019 0.000030  -0.036810 0.016947 -0.616278
16  1.099675 0.000051 0.000009  -0.003669 0.001393 -1.369678
17  0.587512 -0.753782 1.206786  -0.946963 -0.663737 -0.558319
18  1.789821 -0.000003 -0.000018  0.020877 0.018030 0.740855
19  1.207016 -0.000013 -0.000042  -0.003373 -0.002176 -0.110066
20  5.740635 0.000390 -0.000699  -0.254512 0.000003 0.000063
21  11.481037 0.000244 -0.000808  -0.089286 -0.181881 0.095929
22  6.027525 -0.000330 0.000200  1.524473 -0.242632 1.615228
23  0.000000 11.692101 -0.000007  -0.940115 -0.395616 -0.751464
24  0.000002 0.000010 0.000000  -0.022880 -0.000031 1.570739
25  0.000001 -0.000011 -0.000001  0.868960 0.000002 1.570712
26  -6.617934 -9.178503 0.826812  1.473120 1.855075 -0.198639
27  6.027513 -0.000259 -0.000221  1.523101 0.742224 -0.706911
28  11.691991 0.000160 0.000856  0.141449 0.000075 -1.863122
29  11.479124 -0.000990 0.000973  -1.153096 0.379687 0.882150
30  3.859438 -0.132758 1.193065  0.469647 -0.013262 -1.872395
31  1.312559 0.000026 -0.000001  0.024060 -0.138696 -0.550187
32  0.729345 0.000066 -0.000027  -0.166197 -0.081570 -0.714273
33  3.942047 0.050139 0.431000  0.225309 -0.086237 -1.592712
34  1.539097 0.000005 -0.000001  0.035254 -0.050373 -0.994350
35  1.196301 0.000078 -0.000003  -0.021521 0.002175 -0.839738
36  3.883414 -0.050472 -0.431084  0.184824 -0.271737 -1.204030
37  1.719563 -0.000085 -0.000005  0.022859 -0.107186 -1.509108
38  1.209197 0.000035 0.000011  0.000661 0.071072 -0.480462
39  3.859589 -0.149082 -1.331321  -0.104061 -0.070249 -0.272073
40  1.719415 -0.000098 -0.000034  -0.013177 0.003907 -1.203491
41  1.099674 0.000022 0.000006  -0.005887 -0.007993 -0.771205
42  0.805984 -0.359848 -1.318339  0.991670 0.166767 -0.799527
43  1.789780 -0.000009 -0.000042  0.000058 -0.002451 0.133098
44  1.206996 -0.000007 0.000005  0.000372 -0.000071 1.058780
45  5.740574 0.000079 0.000721  0.173189 -0.000014 0.000028
46  11.480769 -0.000124 0.000939  0.054845 0.081990 0.145336
47  6.027515 -0.000273 -0.000230  -0.897226 -0.526075 -1.716198
48  -0.000001 11.691974 -0.000005  -1.242917 0.688165 0.927898
49  0.000002 -0.000002 0.000000  2.413978 -0.000036 1.570860
50  -0.000008 -0.000014 0.000005  2.272645 -0.000036 1.570861
51  -3.461815 -3.563563 -6.835308  -0.084317 -2.982473 1.474282
52  0.000000 -0.000000 0.000000  0.008153 -0.000259 0.000009
53  0.000000 0.000000 0.000000  1.565115 0.043565 -0.106862
54  -0.446268 -15.507878 -4.838156  -0.758433 0.061538 -1.821062
55  -0.000003 -0.000000 -0.000001  0.000000 -0.000001 -0.000002
56  0.000028 0.000029 0.000000  -1.571902 -0.044449 -0.106509
57  8.208684 -17.520149 -17.916506  1.570796 -0.000000 0.000000
58  -15.417985 4.000748 -22.641926  1.570796 -0.000000 0.000000
59  1.941978 -0.383090 -8.860325  1.570796 -0.000000 0.000000
60  -0.004311 0.001229 -0.000371  0.006898 -0.005534 -0.284229
61  0.826810 10.209643 -4.879054  1.570796 -0.000000 0.000000
62  0.000000 0.000000 0.000000  -0.078727 -3.136056 0.284226
63  0.000000 0.000000 0.000000  1.566671 -0.001486 0.001532
64  -2.251472 -7.924001 -1.279112  1.557281 0.007685 0.007538
65  0.002681 -3.204031 0.621197  0.000000 0.000000 0.000000
66  0.048105 -1.112260 5.803837  0.000000 0.000000 0.006813
67  -1.184782 0.539746 -0.284905  0.000000 -0.000000 0.000000
68  0.047884 -1.610073 21.020470  0.000000 0.000000 0.000000
69  0.047882 -3.319713 2.472856  0.000000 0.000000 0.000000
70  0.047883 -1.610072 6.228257  0.000000 0.000000 0.000000
71  0.654947 -2.537530 2.477230  0.000000 0.000000 0.000000
72  -2.244094 -12.685410 -5.312206  1.557281 0.007685 0.007538
73  0.017810 1.799356 -0.402361  0.000000 0.000000 0.000000
74  -3.588360 -1.097282 -23.660017  1.570796 -0.000000 0.000000
75  0.031323 2.100357 -1.138380  0.000000 -0.000000 0.000000
76  -0.024051 1.849583 -1.138377  0.000000 -0.000000 0.000000
time 62
0  0.000006 0.000000 0.000000  -1.570800 -1.391899 -1.570792
1  -8.649605 1.953038 1.937664  -1.544956 -1.855077 -0.198630
2  6.027525 -0.000327 0.000189  -0.508619 -1.327443 -1.731468
3  11.692111 0.000644 -0.000739  -0.891973 -0.000015 -1.338546
4  11.480246 0.000345 -0.000740  0.717837 -0.769810 0.936249
5  3.859506 -0.142823 -1.192078  -0.780612 -0.123962 -1.912387
6  1.312590 0.000011 0.000006  -0.118652 -0.042325 -0.379408
7  0.729351 0.000054 0.000054  0.002599 -0.010829 -0.344657
8  3.942141 0.046334 -0.431544  -0.766922 0.160085 -1.543102
9  1.539109 0.000081 0.000004  -0.028669 -0.057457 -0.680251
10  1.196331 0.000145 0.000032  0.004842 0.001374 -0.728711
11  3.883513 -0.047212 0.431351  -0.446175 0.503317 -1.015794
12  1.719573 -0.000027 0.000019  0.020825 -0.156575 -1.111891
13  1.209179 0.000090 0.000013  -0.000666 -0.001718 -0.566770
14  3.859680 -0.138417 1.332380  -0.099311 0.605539 -0.494814
15  1.719445 -0.000020 0.000031  -0.036809 0.016947 -0.616278
16  1.099676 0.000048 0.000005  -0.003669 0.001393 -1.369678
17  0.587511 -0.753781 1.206787  -0.946963 -0.663737 -0.558319
18  1.789818 -0.000006 -0.000019  0.020877 0.018030 0.740855
19  1.207013 -0.000013 -0.000042  -0.003373 -0.002176 -0.110066
20  5.740636 0.000389 -0.000698  -0.248346 0.000003 0.000063
21  11.481052 0.000248 -0.000800  -0.085495 -0.180431 0.096351
22  6.027525 -0.000330 0.000200  1.523161 -0.238819 1.609061
23  -0.000001 11.692101 -0.000006  -0.932829 -0.389357 -0.746481
24  0.000002 0.000009 0.000000  -0.022880 -0.000031 1.570739
25  0.000000 -0.000012 0.000001  0.868960 0.000002 1.570712
26  -6.617934 -9.178503 0.826812  1.473120 1.855075 -0.198639
27  6.027513 -0.000259 -0.000221  1.523605 0.745271 -0.706851
28  11.691991 0.000160 0.000858  0.141449 0.000073 -1.848937
29  11.479250 -0.000922 0.000963  -1.142326 0.375733 0.864486
30  3.859437 -0.132758 1.193064  0.469647 -0.013262 -1.872395
31  1.312559 0.000026 -0.000001  0.024060 -0.138696 -0.550187
32  0.729346 0.000065 -0.000027  -0.166197 -0.081570 -0.714272
33  3.942046 0.050139 0.431000  0.225309 -0.086237 -1.592712
34  1.539097 0.000005 -0.000002  0.035254 -0.050373 -0.994350
35  1.196300 0.000077 -0.000005  -0.021521 0.002175 -0.839738
36  3.883413 -0.050472 -0.431084  0.184824 -0.271737 -1.204030
37  1.719563 -0.000084 -0.000004  0.022859 -0.107186 -1.509108
38  1.209197 0.000035 0.000012  0.000662 0.071072 -0.480462
39  3.859589 -0.149082 -1.331321  -0.104061 -0.070249 -0.272073
40  1.719415 -0.000098 -0.000035  -0.013177 0.003907 -1.203491
41  1.099673 0.000022 0.000007  -0.005887 -0.007993 -0.771205
42  0.805983 -0.359847 -1.318338  0.991670 0.166767 -0.799527
43  1.789780 -0.000008 -0.000042  0.000058 -0.002451 0.133098
44  1.206997 -0.000007 0.000005  0.000372 -0.000071 1.058780
45  5.740573 0.000080 0.000722  0.172270 -0.000014 0.000028
46  11.480794 -0.000110 0.000938  0.057678 0.081553 0.141534
47  6.027515 -0.000273 -0.000230  -0.899978 -0.524137 -1.715100
48  -0.000001 11.691975 -0.000005  -1.234517 0.679507 0.924046
49  0.000002 -0.000000 -0.000000  2.413977 -0.000036 1.570860
50  -0.000007 -0.000014 0.000005  2.272645 -0.000036 1.570861
51  -3.483682 -3.697476 -6.878348  -0.070664 -2.978580 1.479219
52  0.000000 0.000000 0.000000  0.008153 -0.000259 0.000009
53  -0.000000 0.000000 -0.000000  1.565115 0.043565 -0.106862
54  -0.409853 -15.609565 -4.780133  -0.744496 0.059735 -1.813091
55  0.000002 0.000000 0.000000  0.000000 -0.000001 -0.000002
56  0.000032 0.000029 0.000001  -1.571901 -0.044449 -0.106509
57  8.208684 -17.520149 -17.916506  1.570796 -0.000000 0.000000
58  -15.417985 4.000748 -22.641926  1.570796 -0.000000 0.000000
59  1.941978 -0.383090 -8.860325  1.570796 -0.000000 0.000000
60  -0.004311 0.001229 -0.000371  0.006898 -0.005534 -0.284229
61  0.826810 10.209643 -4.879054  1.570796 -0.000000 0.000000
62  0.000000 0.000000 0.000000  -0.078727 -3.136056 0.284226
63  0.000000 0.000000 0.000000  1.567612 -0.002473 0.001420
64  -2.315163 -8.020776 -1.284306  1.551996 -0.005309 0.014659
65  0.002681 -3.204031 0.621195  0.000000 -0.000000 0.000000
66  0.048105 -1.112260 5.803835  0.000000 0.000000 0.006813
67  -1.184782 0.539746 -0.284905  0.000000 -0.000000 0.000000
68  0.047884 -1.610073 21.020462  0.000000 -0.000000 0.000000
69  0.047881 -3.319714 2.472854  0.000000 -0.000000 0.000000
70  0.047883 -1.610072 6.228256  0.000000 -0.000000 0.000000
71  0.654947 -2.537531 2.477231  0.000000 -0.000000 0.000000
72  -2.221303 -12.802494 -5.292209  1.551996 -0.005309 0.014659
73  0.017809 1.799355 -0.402361  0.000000 -0.000000 0.000000
74  -3.588360 -1.097282 -23.660017  1.570796 -0.000000 0.000000
75  0.031323 2.100357 -1.138380  0.000000 -0.000000 0.000000
76  -0.024051 1.849583 -1.138377  0.000000 -0.000000 0.000000
time 63
0  0.000006 0.000000 0.000000  -1.570800 -1.391899 -1.570792
1  -8.649605 1.953038 1.937664  -1.544956 -1.855077 -0.198630
2  6.027525 -0.000327 0.000189  -0.494785 -1.329265 -1.745538
3  11.692113 0.000643 -0.000740  -0.891972 -0.000014 -1.319203
4  11.480380 0.000389 -0.000684  0.724677 -0.765051 0.918559
5  3.859504 -0.142824 -1.192079  -0.780612 -0.123962 -1.912387
6  1.312591 0.000009 0.000005  -0.118652 -0.042325 -0.379408
7  0.729353 0.000054 0.000051  0.002599 -0.010829 -0.344657
8  3.942141 0.046333 -0.431544  -0.766922 0.160085 -1.543102
9  1.539109 0.000083 0.000003  -0.028669 -0.057457 -0.680251
10  1.196332 0.000145 0.000032  0.004842 0.001374 -0.728711
11  3.883511 -0.047212 0.431350  -0.446175 0.503317 -1.015794
12  1.719573 -0.000029 0.000017  0.020825 -0.156575 -1.111891
13  1.209180 0.000089 0.000013  -0.000666 -0.001718 -0.566770
14  3.859679 -0.138417 1.332380  -0.099311 0.605539 -0.494814
15  1.719447 -0.000018 0.000029  -0.036810 0.016947 -0.616278
16  1.099676 0.000049 0.000007  -0.003669 0.001393 -1.369678
17  0.587509 -0.753782 1.206786  -0.946963 -0.663737 -0.558319
18  1.789819 -0.000003 -0.000018  0.020877 0.018030 0.740855
19  1.207014 -0.000013 -0.000044  -0.003373 -0.002176 -0.110066
20  5.740636 0.000388 -0.000699  -0.243442 0.000003 0.000063
21  11.481079 0.000256 -0.000790  -0.086173 -0.178517 0.094261
22  6.027525 -0.000330 0.000200  1.520199 -0.236357 1.609117
23  0.000001 11.692101 -0.000007  -0.921089 -0.379370 -0.738396
24  0.000003 0.000010 0.000001  -0.022880 -0.000031 1.570739
25  0.000002 -0.000012 -0.000000  0.868960 0.000002 1.570712
26  -6.617934 -9.178503 0.826812  1.473120 1.855075 -0.198639
27  6.027513 -0.000259 -0.000221  1.530193 0.750917 -0.704418
28  11.691992 0.000162 0.000858  0.141449 0.000072 -1.831151
29  11.479404 -0.000835 0.000950  -1.149555 0.365474 0.851707
30  3.859438 -0.132759 1.193064  0.469647 -0.013262 -1.872395
31  1.312559 0.000025 -0.000001  0.024060 -0.138696 -0.550187
32  0.729346 0.000064 -0.000027  -0.166197 -0.081570 -0.714272
33  3.942046 0.050139 0.430999  0.225309 -0.086237 -1.592712
34  1.539097 0.000005 -0.000001  0.035254 -0.050373 -0.994350
35  1.196301 0.000078 -0.000004  -0.021521 0.002175 -0.839738
36  3.883414 -0.050472 -0.431085  0.184824 -0.271737 -1.204030
37  1.719564 -0.000084 -0.000005  0.022858 -0.107186 -1.509108
38  1.209197 0.000035 0.000011  0.000661 0.071072 -0.480462
39  3.859589 -0.149083 -1.331322  -0.104061 -0.070249 -0.272073
40  1.719414 -0.000098 -0.000035  -0.013177 0.003907 -1.203491
41  1.099673 0.000021 0.000006  -0.005887 -0.007993 -0.771205
42  0.805984 -0.359848 -1.318339  0.991670 0.166767 -0.799527
43  1.789780 -0.000009 -0.000042  0.000058 -0.002451 0.133098
44  1.206997 -0.000007 0.000005  0.000372 -0.000071 1.058780
45  5.740571 0.000079 0.000721  0.168299 -0.000014 0.000028
46  11.480824 -0.000093 0.000935  0.057597 0.078805 0.139854
47  6.027515 -0.000273 -0.000230  -0.902527 -0.517046 -1.715879
48  -0.000002 11.691975 -0.000005  -1.224007 0.668688 0.919124
49  0.000003 0.000002 -0.000001  2.413977 -0.000036 1.570860
50  -0.000008 -0.000014 0.000005  2.272645 -0.000036 1.570861
51  -3.550448 -3.869406 -6.876774  -0.075861 -2.980126 1.482899
52  0.000000 0.000000 0.000000  0.008153 -0.000259 0.000009
53  0.000000 -0.000000 -0.000001  1.565115 0.043565 -0.106862
54  -0.432458 -15.776857 -4.817759  -0.749809 0.060490 -1.810569
55  -0.000000 -0.000000 0.000000  0.000000 -0.000001 -0.000002
56  0.000030 0.000028 0.000002  -1.571902 -0.044449 -0.106509
57  8.208684 -17.520149 -17.916506  1.570796 -0.000000 0.000000
58  -15.417985 4.000748 -22.641926  1.570796 -0.000000 0.000000
59  1.941978 -0.383090 -8.860325  1.570796 -0.000000 0.000000
60  -0.004311 0.001229 -0.000371  0.006898 -0.005534 -0.284229
61  0.826810 10.209643 -4.879054  1.570796 -0.000000 0.000000
62  0.000000 0.000000 0.000000  -0.078727 -3.136056 0.284226
63  0.000000 0.000000 0.000000  1.568554 -0.003127 0.001136
64  -2.341873 -8.200500 -1.297292  1.554075 -0.000372 0.017493
65  0.002680 -3.204031 0.621196  -0.000000 -0.000000 0.000000
66  0.048105 -1.112260 5.803837  -0.000000 0.000000 0.006813
67  -1.184782 0.539746 -0.284905  0.000000 0.000000 -0.000000
68  0.047884 -1.610073 21.020464  -0.000000 -0.000000 0.000000
69  0.047881 -3.319713 2.472855  -0.000000 -0.000000 0.000000
70  0.047883 -1.610072 6.228256  -0.000000 -0.000000 0.000000
71  0.654946 -2.537531 2.477230  -0.000000 -0.000000 0.000000
72  -2.254385 -12.973936 -5.315197  1.554075 -0.000372 0.017493
73  0.017809 1.799356 -0.402361  -0.000000 -0.000000 0.000000
74  -3.588360 -1.097282 -23.660017  1.570796 -0.000000 0.000000
75  0.031323 2.100357 -1.138380  0.000000 -0.000000 0.000000
76  -0.024051 1.849583 -1.138377  0.000000 -0.000000 0.000000
time 64
0  0.000006 0.000000 0.000000  -1.570800 -1.391899 -1.570792
1  -8.649605 1.953038 1.937664  -1.544956 -1.855077 -0.198630
2  6.027525 -0.000327 0.000189  -0.487315 -1.328605 -1.748949
3  11.692112 0.000646 -0.000738  -0.891972 -0.000014 -1.309540
4  11.480450 0.000413 -0.000653  0.715841 -0.759430 0.908072
5  3.859503 -0.142824 -1.192078  -0.780612 -0.123962 -1.912387
6  1.312589 0.000010 0.000006  -0.118652 -0.042325 -0.379408
7  0.729353 0.000054 0.000053  0.002599 -0.010829 -0.344657
8  3.942141 0.046333 -0.431544  -0.766922 0.160085 -1.543102
9  1.539110 0.000082 0.000004  -0.028669 -0.057457 -0.680251
10  1.196332 0.000146 0.000032  0.004842 0.001374 -0.728711
11  3.883513 -0.047212 0.431351  -0.446175 0.503317 -1.015794
12  1.719573 -0.000029 0.000017  0.020825 -0.156575 -1.111891
13  1.209181 0.000090 0.000013  -0.000666 -0.001718 -0.566770
14  3.859676 -0.138417 1.332380  -0.099311 0.605539 -0.494814
15  1.719449 -0.000019 0.000029  -0.036810 0.016947 -0.616278
16  1.099675 0.000053 0.000007  -0.003669 0.001393 -1.369678
17  0.587512 -0.753782 1.206787  -0.946963 -0.663737 -0.558319
18  1.789819 -0.000004 -0.000018  0.020877 0.018030 0.740855
19  1.207013 -0.000013 -0.000043  -0.003373 -0.002176 -0.110066
20  5.740636 0.000389 -0.000698  -0.242822 0.000003 0.000063
21  11.481094 0.000262 -0.000781  -0.089020 -0.177686 0.092167
22  6.027525 -0.000330 0.000200  1.518256 -0.236616 1.613414
23  -0.000002 11.692101 -0.000007  -0.915209 -0.374414 -0.734321
24  0.000003 0.000009 0.000001  -0.022880 -0.000031 1.570739
25  -0.000000 -0.000012 -0.000000  0.868960 0.000002 1.570712
26  -6.617934 -9.178503 0.826812  1.473120 1.855075 -0.198639
27  6.027513 -0.000259 -0.000221  1.535383 0.753237 -0.702375
28  11.691993 0.000162 0.000856  0.141449 0.000072 -1.824253
29  11.479465 -0.000798 0.000946  -1.161925 0.359287 0.850427
30  3.859438 -0.132758 1.193065  0.469647 -0.013262 -1.872395
31  1.312559 0.000027 -0.000001  0.024060 -0.138696 -0.550187
32  0.729346 0.000064 -0.000028  -0.166197 -0.081570 -0.714272
33  3.942047 0.050139 0.431000  0.225309 -0.086237 -1.592712
34  1.539097 0.000006 -0.000001  0.035254 -0.050373 -0.994350
35  1.196300 0.000078 -0.000003  -0.021521 0.002175 -0.839738
36  3.883414 -0.050472 -0.431085  0.184824 -0.271737 -1.204030
37  1.719563 -0.000085 -0.000005  0.022859 -0.107186 -1.509108
38  1.209198 0.000035 0.000011  0.000661 0.071072 -0.480462
39  3.859589 -0.149083 -1.331321  -0.104061 -0.070249 -0.272073
40  1.719414 -0.000098 -0.000035  -0.013177 0.003907 -1.203491
41  1.099674 0.000023 0.000007  -0.005887 -0.007993 -0.771205
42  0.805984 -0.359848 -1.318339  0.991670 0.166767 -0.799527
43  1.789780 -0.000008 -0.000042  0.000058 -0.002451 0.133098
44  1.206996 -0.000006 0.000005  0.000372 -0.000071 1.058780
45  5.740573 0.000080 0.000721  0.165225 -0.000014 0.000028
46  11.480837 -0.000085 0.000934  0.055881 0.076763 0.140469
47  6.027515 -0.000273 -0.000230  -0.902485 -0.512602 -1.717403
48  -0.000002 11.691976 -0.000006  -1.219937 0.664503 0.917187
49  0.000002 0.000000 0.000000  2.413977 -0.000036 1.570860
50  -0.000008 -0.000014 0.000004  2.272645 -0.000036 1.570861
51  -3.598875 -3.938200 -6.859144  -0.088056 -2.983701 1.482983
52  0.000000 0.000000 -0.000001  0.008153 -0.000259 0.000009
53  0.000000 -0.000000 -0.000000  1.565115 0.043565 -0.106862
54  -0.479475 -15.860734 -4.891573  -0.762276 0.062185 -1.813189
55  -0.000000 0.000000 0.000000  0.000000 -0.000001 -0.000002
56  0.000030 0.000029 0.000002  -1.571902 -0.044449 -0.106509
57  8.208684 -17.520149 -17.916506  1.570796 -0.000000 0.000000
58  -15.417985 4.000748 -22.641926  1.570796 -0.000000 0.000000
59  1.941978 -0.383090 -8.860325  1.570796 -0.000000 0.000000
60  -0.004311 0.001229 -0.000371  0.006898 -0.005534 -0.284229
61  0.826810 10.209643 -4.879054  1.570796 -0.000000 0.000000
62  0.000000 0.000000 0.000000  -0.078727 -3.136056 0.284226
63  0.000000 0.000000 0.000000  1.569420 -0.003364 0.000767
64  -2.333396 -8.297274 -1.314174  1.558885 0.011229 0.015664
65  0.002681 -3.204031 0.621196  0.000000 -0.000000 0.000000
66  0.048105 -1.112260 5.803836  0.000000 0.000000 0.006813
67  -1.184782 0.539746 -0.284906  0.000000 -0.000000 0.000000
68  0.047884 -1.610073 21.020464  0.000000 -0.000000 0.000000
69  0.047881 -3.319714 2.472852  0.000000 -0.000000 0.000000
70  0.047883 -1.610072 6.228256  0.000000 -0.000000 0.000000
71  0.654947 -2.537531 2.477229  0.000000 -0.000000 0.000000
72  -2.301807 -13.052215 -5.354774  1.558885 0.011229 0.015664
73  0.017809 1.799356 -0.402361  0.000000 -0.000000 0.000000
74  -3.588360 -1.097282 -23.660017  1.570796 -0.000000 0.000000
75  0.031323 2.100357 -1.138380  0.000000 -0.000000 0.000000
76  -0.024051 1.849583 -1.138377  0.000000 -0.000000 0.000000
time 65
0  0.000006 0.000000 0.000000  -1.570800 -1.391899 -1.570792
1  -8.649605 1.953038 1.937664  -1.544956 -1.855077 -0.198630
2  6.027525 -0.000327 0.000189  -0.487368 -1.325856 -1.741752
3  11.692112 0.000646 -0.000738  -0.891972 -0.000014 -1.312261
4  11.480430 0.000406 -0.000665  0.695019 -0.756995 0.907885
5  3.859505 -0.142823 -1.192078  -0.780612 -0.123962 -1.912387
6  1.312589 0.000011 0.000007  -0.118652 -0.042325 -0.379408
7  0.729353 0.000054 0.000052  0.002599 -0.010829 -0.344657
8  3.942143 0.046334 -0.431544  -0.766922 0.160085 -1.543102
9  1.539109 0.000083 0.000002  -0.028669 -0.057457 -0.680251
10  1.196331 0.000145 0.000031  0.004842 0.001374 -0.728711
11  3.883514 -0.047211 0.431351  -0.446175 0.503317 -1.015794
12  1.719573 -0.000028 0.000017  0.020825 -0.156575 -1.111891
13  1.209180 0.000089 0.000012  -0.000666 -0.001718 -0.566770
14  3.859678 -0.138416 1.332380  -0.099311 0.605539 -0.494814
15  1.719447 -0.000021 0.000031  -0.036809 0.016947 -0.616278
16  1.099676 0.000052 0.000009  -0.003669 0.001393 -1.369678
17  0.587511 -0.753781 1.206786  -0.946963 -0.663737 -0.558319
18  1.789818 -0.000005 -0.000017  0.020877 0.018030 0.740855
19  1.207015 -0.000013 -0.000043  -0.003373 -0.002176 -0.110066
20  5.740636 0.000387 -0.000701  -0.246417 0.000003 0.000064
21  11.481090 0.000260 -0.000786  -0.092763 -0.178497 0.090562
22  6.027525 -0.000330 0.000200  1.517649 -0.239302 1.620703
23  -0.000002 11.692101 -0.000006  -0.916865 -0.375808 -0.735471
24  0.000003 0.000010 -0.000000  -0.022880 -0.000030 1.570739
25  -0.000001 -0.000011 0.000000  0.868960 0.000002 1.570712
26  -6.617934 -9.178503 0.826812  1.473120 1.855075 -0.198639
27  6.027513 -0.000259 -0.000221  1.539557 0.750477 -0.700572
28  11.691991 0.000161 0.000856  0.141449 0.000072 -1.829874
29  11.479416 -0.000827 0.000949  -1.175318 0.355897 0.858222
30  3.859438 -0.132758 1.193066  0.469647 -0.013262 -1.872395
31  1.312559 0.000025 -0.000001  0.024060 -0.138696 -0.550187
32  0.729345 0.000065 -0.000027  -0.166197 -0.081570 -0.714272
33  3.942047 0.050139 0.431001  0.225309 -0.086237 -1.592712
34  1.539096 0.000004 -0.000001  0.035254 -0.050373 -0.994350
35  1.196301 0.000078 -0.000003  -0.021521 0.002175 -0.839738
36  3.883414 -0.050472 -0.431084  0.184824 -0.271737 -1.204030
37  1.719563 -0.000085 -0.000004  0.022859 -0.107186 -1.509108
38  1.209197 0.000035 0.000011  0.000661 0.071072 -0.480462
39  3.859589 -0.149083 -1.331321  -0.104061 -0.070249 -0.272073
40  1.719414 -0.000098 -0.000035  -0.013177 0.003907 -1.203491
41  1.099674 0.000023 0.000006  -0.005887 -0.007993 -0.771205
42  0.805984 -0.359848 -1.318338  0.991670 0.166767 -0.799527
43  1.789780 -0.000008 -0.000043  0.000058 -0.002451 0.133098
44  1.206996 -0.000006 0.000006  0.000372 -0.000071 1.058781
45  5.740571 0.000079 0.000720  0.163777 -0.000014 0.000028
46  11.480826 -0.000092 0.000934  0.053491 0.075398 0.142776
47  6.027515 -0.000273 -0.000230  -0.897955 -0.511458 -1.720671
48  -0.000003 11.691975 -0.000006  -1.223254 0.667913 0.918766
49  0.000003 0.000000 0.000001  2.413977 -0.000036 1.570860
50  -0.000007 -0.000014 0.000004  2.272645 -0.000036 1.570861
51  -3.639812 -3.890732 -6.834236  -0.102515 -2.987900 1.481350
52  0.000000 -0.000000 0.000000  0.008153 -0.000259 0.000009
53  0.000000 -0.000000 0.000001  1.565115 0.043565 -0.106862
54  -0.540149 -15.835742 -4.974761  -0.777070 0.064112 -1.817998
55  -0.000001 0.000000 -0.000000  0.000000 -0.000001 -0.000002
56  0.000029 0.000029 0.000001  -1.571901 -0.044449 -0.106509
57  8.208684 -17.520149 -17.916506  1.570796 -0.000000 0.000000
58  -15.417985 4.000748 -22.641926  1.570796 -0.000000 0.000000
59  1.941978 -0.383090 -8.860325  1.570796 -0.000000 0.000000
60  -0.004311 0.001229 -0.000371  0.006898 -0.005534 -0.284229
61  0.826810 10.209643 -4.879054  1.570796 -0.000000 0.000000
62  0.000000 0.000000 0.000000  -0.078727 -3.136056 0.284226
63  0.000000 0.000000 0.000000  1.570134 -0.002492 0.000397
64  -2.314748 -8.284918 -1.331055  1.564524 0.025010 0.011891
65  0.002681 -3.204031 0.621197  0.000000 0.000000 -0.000000
66  0.048105 -1.112260 5.803838  -0.000000 0.000000 0.006813
67  -1.184782 0.539746 -0.284903  -0.000000 0.000000 -0.000000
68  0.047884 -1.610073 21.020468  0.000000 0.000000 -0.000000
69  0.047881 -3.319713 2.472856  0.000000 0.000000 -0.000000
70  0.047883 -1.610072 6.228258  0.000000 0.000000 -0.000000
71  0.654947 -2.537531 2.477231  0.000000 0.000000 -0.000000
72  -2.357715 -13.017756 -5.397418  1.564524 0.025010 0.011891
73  0.017809 1.799356 -0.402361  0.000000 0.000000 -0.000000
74  -3.588360 -1.097282 -23.660017  1.570796 -0.000000 0.000000
75  0.031323 2.100357 -1.138380  0.000000 -0.000000 0.000000
76  -0.024051 1.849583 -1.138377  0.000000 -0.000000 0.000000
time 66
0  0.000006 0.000000 0.000000  -1.570800 -1.391899 -1.570792
1  -8.649605 1.953038 1.937664  -1.544956 -1.855077 -0.198630
2  6.027525 -0.000327 0.000189  -0.487324 -1.323485 -1.735581
3  11.692113 0.000645 -0.000740  -0.891972 -0.000014 -1.315671
4  11.480405 0.000399 -0.000674  0.676783 -0.754952 0.908693
5  3.859504 -0.142824 -1.192078  -0.780612 -0.123962 -1.912387
6  1.312589 0.000011 0.000007  -0.118652 -0.042324 -0.379408
7  0.729354 0.000054 0.000050  0.002599 -0.010829 -0.344657
8  3.942142 0.046334 -0.431544  -0.766922 0.160085 -1.543102
9  1.539108 0.000083 0.000004  -0.028669 -0.057457 -0.680251
10  1.196332 0.000146 0.000032  0.004842 0.001374 -0.728711
11  3.883512 -0.047211 0.431351  -0.446175 0.503317 -1.015794
12  1.719573 -0.000026 0.000018  0.020825 -0.156575 -1.111891
13  1.209180 0.000089 0.000012  -0.000666 -0.001718 -0.566770
14  3.859678 -0.138417 1.332380  -0.099311 0.605539 -0.494814
15  1.719446 -0.000019 0.000030  -0.036810 0.016947 -0.616278
16  1.099676 0.000050 0.000009  -0.003669 0.001393 -1.369678
17  0.587511 -0.753782 1.206787  -0.946963 -0.663736 -0.558319
18  1.789817 -0.000005 -0.000018  0.020877 0.018030 0.740855
19  1.207016 -0.000013 -0.000043  -0.003373 -0.002176 -0.110066
20  5.740636 0.000389 -0.000700  -0.249759 0.000003 0.000064
21  11.481085 0.000259 -0.000787  -0.095962 -0.179267 0.089322
22  6.027525 -0.000330 0.000200  1.517104 -0.241612 1.627046
23  -0.000000 11.692103 -0.000006  -0.918941 -0.377556 -0.736909
24  0.000002 0.000007 0.000002  -0.022880 -0.000030 1.570738
25  0.000000 -0.000011 0.000001  0.868960 0.000002 1.570712
26  -6.617934 -9.178503 0.826812  1.473120 1.855075 -0.198639
27  6.027513 -0.000259 -0.000221  1.542560 0.747895 -0.699273
28  11.691992 0.000160 0.000858  0.141449 0.000072 -1.835930
29  11.479362 -0.000857 0.000952  -1.186308 0.354097 0.866113
30  3.859437 -0.132758 1.193066  0.469647 -0.013262 -1.872395
31  1.312559 0.000026 -0.000002  0.024060 -0.138696 -0.550187
32  0.729345 0.000065 -0.000027  -0.166197 -0.081570 -0.714272
33  3.942047 0.050139 0.431000  0.225309 -0.086237 -1.592712
34  1.539097 0.000006 -0.000001  0.035254 -0.050373 -0.994350
35  1.196300 0.000078 -0.000004  -0.021521 0.002175 -0.839738
36  3.883413 -0.050472 -0.431084  0.184824 -0.271737 -1.204030
37  1.719563 -0.000084 -0.000005  0.022858 -0.107186 -1.509108
38  1.209197 0.000035 0.000011  0.000661 0.071072 -0.480462
39  3.859588 -0.149082 -1.331320  -0.104061 -0.070249 -0.272073
40  1.719416 -0.000098 -0.000035  -0.013177 0.003907 -1.203491
41  1.099673 0.000023 0.000007  -0.005887 -0.007993 -0.771205
42  0.805984 -0.359848 -1.318338  0.991670 0.166767 -0.799527
43  1.789779 -0.000008 -0.000042  0.000058 -0.002451 0.133097
44  1.206997 -0.000007 0.000005  0.000372 -0.000071 1.058780
45  5.740573 0.000080 0.000720  0.162870 -0.000014 0.000028
46  11.480817 -0.000096 0.000935  0.051410 0.074484 0.144915
47  6.027515 -0.000273 -0.000230  -0.894113 -0.510928 -1.723296
48  -0.000001 11.691974 -0.000007  -1.226829 0.671591 0.920456
49  0.000003 -0.000000 0.000000  2.413977 -0.000036 1.570860
50  -0.000007 -0.000014 0.000004  2.272645 -0.000036 1.570861
51  -3.667742 -3.837768 -6.811644  -0.114584 -2.991369 1.479350
52  -0.000000 0.000000 -0.000000  0.008153 -0.000259 0.000009
53  -0.000000 0.000000 0.000000  1.565115 0.043565 -0.106862
54  -0.592844 -15.802815 -5.042056  -0.789424 0.065647 -1.822627
55  0.000001 -0.000000 -0.000000  0.000000 -0.000001 -0.000002
56  0.000032 0.000029 0.000001  -1.571902 -0.044449 -0.106509
57  8.208684 -17.520149 -17.916506  1.570796 -0.000000 0.000000
58  -15.417985 4.000748 -22.641926  1.570796 -0.000000 0.000000
59  1.941978 -0.383090 -8.860325  1.570796 -0.000000 0.000000
60  -0.004311 0.001229 -0.000371  0.006898 -0.005534 -0.284229
61  0.826810 10.209643 -4.879054  1.570796 -0.000000 0.000000
62  0.000000 0.000000 0.000000  -0.078727 -3.136056 0.284226
63  0.000000 0.000000 0.000000  1.570618 -0.000872 0.000113
64  -2.296100 -8.261971 -1.344041  1.569173 0.036531 0.008207
65  0.002681 -3.204031 0.621196  -0.000000 -0.000000 0.000000
66  0.048105 -1.112259 5.803838  0.000000 0.000000 0.006813
67  -1.184782 0.539746 -0.284904  -0.000000 0.000000 0.000000
68  0.047884 -1.610073 21.020466  -0.000000 -0.000000 0.000000
69  0.047881 -3.319714 2.472854  -0.000000 -0.000000 0.000000
70  0.047883 -1.610072 6.228256  -0.000000 -0.000000 0.000000
71  0.654947 -2.537531 2.477230  -0.000000 -0.000000 0.000000
72  -2.404302 -12.976046 -5.430934  1.569173 0.036531 0.008207
73  0.017810 1.799356 -0.402361  -0.000000 -0.000000 0.000000
74  -3.588360 -1.097282 -23.660017  1.570796 -0.000000 0.000000
75  0.031323 2.100357 -1.138380  0.000000 -0.000000 0.000000
76  -0.024051 1.849583 -1.138377  0.000000 -0.000000 0.000000
time 67
0  0.000006 0.000000 0.000000  -1.570800 -1.391899 -1.570792
1  -8.649605 1.953038 1.937664  -1.544956 -1.855077 -0.198630
2  6.027525 -0.000327 0.000189  -0.487252 -1.322481 -1.732997
3  11.692112 0.000646 -0.000740  -0.891972 -0.000014 -1.317342
4  11.480392 0.000393 -0.000677  0.668969 -0.754096 0.909230
5  3.859503 -0.142825 -1.192078  -0.780612 -0.123962 -1.912387
6  1.312590 0.000010 0.000006  -0.118652 -0.042324 -0.379408
7  0.729353 0.000054 0.000051  0.002599 -0.010829 -0.344657
8  3.942142 0.046333 -0.431544  -0.766922 0.160085 -1.543102
9  1.539109 0.000080 0.000003  -0.028669 -0.057457 -0.680251
10  1.196331 0.000145 0.000031  0.004842 0.001374 -0.728711
11  3.883511 -0.047212 0.431351  -0.446175 0.503317 -1.015793
12  1.719573 -0.000028 0.000016  0.020825 -0.156575 -1.111891
13  1.209178 0.000089 0.000015  -0.000666 -0.001718 -0.566770
14  3.859677 -0.138417 1.332380  -0.099311 0.605539 -0.494814
15  1.719448 -0.000019 0.000028  -0.036810 0.016947 -0.616278
16  1.099676 0.000051 0.000007  -0.003669 0.001393 -1.369679
17  0.587509 -0.753783 1.206786  -0.946963 -0.663737 -0.558319
18  1.789818 -0.000005 -0.000018  0.020877 0.018030 0.740855
19  1.207015 -0.000013 -0.000044  -0.003373 -0.002176 -0.110066
20  5.740635 0.000389 -0.000699  -0.251227 0.000003 0.000063
21  11.481081 0.000259 -0.000788  -0.097317 -0.179609 0.088824
22  6.027525 -0.000330 0.000200  1.516859 -0.242588 1.629760
23  -0.000001 11.692101 -0.000006  -0.919957 -0.378414 -0.737613
24  0.000003 0.000008 -0.000001  -0.022880 -0.000031 1.570739
25  0.000000 -0.000012 0.000000  0.868960 0.000002 1.570712
26  -6.617934 -9.178503 0.826812  1.473120 1.855075 -0.198639
27  6.027513 -0.000259 -0.000221  1.543713 0.746759 -0.698774
28  11.691992 0.000163 0.000856  0.141449 0.000073 -1.838760
29  11.479339 -0.000870 0.000956  -1.190867 0.353569 0.869720
30  3.859438 -0.132759 1.193065  0.469647 -0.013262 -1.872395
31  1.312559 0.000026 -0.000002  0.024060 -0.138696 -0.550187
32  0.729345 0.000066 -0.000027  -0.166197 -0.081570 -0.714272
33  3.942047 0.050139 0.431000  0.225309 -0.086237 -1.592712
34  1.539097 0.000006 -0.000001  0.035254 -0.050373 -0.994350
35  1.196301 0.000078 -0.000003  -0.021521 0.002175 -0.839738
36  3.883414 -0.050472 -0.431084  0.184824 -0.271737 -1.204030
37  1.719564 -0.000084 -0.000004  0.022859 -0.107186 -1.509108
38  1.209198 0.000035 0.000011  0.000661 0.071072 -0.480462
39  3.859589 -0.149083 -1.331321  -0.104061 -0.070249 -0.272073
40  1.719415 -0.000098 -0.000034  -0.013177 0.003907 -1.203491
41  1.099674 0.000023 0.000006  -0.005887 -0.007993 -0.771205
42  0.805984 -0.359848 -1.318338  0.991670 0.166767 -0.799527
43  1.789779 -0.000008 -0.000042  0.000058 -0.002451 0.133097
44  1.206996 -0.000006 0.000005  0.000372 -0.000071 1.058780
45  5.740573 0.000080 0.000722  0.162559 -0.000014 0.000028
46  11.480811 -0.000099 0.000937  0.050520 0.074149 0.145858
47  6.027515 -0.000273 -0.000230  -0.892497 -0.510796 -1.724372
48  -0.000002 11.691977 -0.000006  -1.228501 0.673312 0.921242
49  0.000002 0.000001 -0.000001  2.413977 -0.000036 1.570860
50  -0.000008 -0.000013 0.000005  2.272645 -0.000036 1.570861
51  -3.678041 -3.812688 -6.801764  -0.119636 -2.992809 1.478372
52  0.000000 -0.000000 0.000000  0.008153 -0.000259 0.000009
53  0.000000 -0.000000 0.000000  1.565115 0.043565 -0.106862
54  -0.615376 -15.786360 -5.069694  -0.794598 0.066268 -1.824698
55  0.000000 0.000000 -0.000000  0.000000 -0.000001 -0.000002
56  0.000031 0.000029 0.000001  -1.571901 -0.044449 -0.106509
57  8.208684 -17.520149 -17.916506  1.570796 -0.000000 0.000000
58  -15.417985 4.000748 -22.641926  1.570796 -0.000000 0.000000
59  1.941978 -0.383090 -8.860325  1.570796 -0.000000 0.000000
60  -0.004311 0.001229 -0.000371  0.006898 -0.005534 -0.284229
61  0.826810 10.209643 -4.879054  1.570796 -0.000000 0.000000
62  0.000000 0.000000 0.000000  -0.078727 -3.136056 0.284226
63  0.000000 0.000000 0.000000  1.570796 -0.000000 0.000000
64  -2.287624 -8.249615 -1.349235  1.571103 0.041360 0.006551
65  0.002681 -3.204031 0.621196  0.000000 -0.000000 -0.000000
66  0.048105 -1.112259 5.803838  0.000000 0.000000 0.006813
67  -1.184782 0.539746 -0.284904  -0.000000 -0.000000 0.000000
68  0.047884 -1.610073 21.020466  0.000000 -0.000000 -0.000000
69  0.047881 -3.319713 2.472854  0.000000 -0.000000 -0.000000
70  0.047883 -1.610072 6.228257  0.000000 -0.000000 -0.000000
71  0.654947 -2.537530 2.477230  0.000000 -0.000000 -0.000000
72  -2.423788 -12.955736 -5.444452  1.571103 0.041360 0.006551
73  0.017809 1.799356 -0.402359  0.000000 -0.000000 -0.000000
74  -3.588360 -1.097282 -23.660017  1.570796 -0.000000 0.000000
75  0.031323 2.100357 -1.138380  0.000000 -0.000000 0.000000
76  -0.024051 1.849583 -1.138377  0.000000 -0.000000 0.000000
end
