version 1
nodes
0 "ValveBiped.Bip01_Spine4" -1
1 "ValveBiped.Bip01_L_Clavicle" 0
2 "ValveBiped.Bip01_L_UpperArm" 1
3 "ValveBiped.Bip01_L_Forearm" 2
4 "ValveBiped.Bip01_L_Hand" 3
5 "ValveBiped.Bip01_L_Finger4" 4
6 "ValveBiped.Bip01_L_Finger41" 5
7 "ValveBiped.Bip01_L_Finger42" 6
8 "ValveBiped.Bip01_L_Finger3" 4
9 "ValveBiped.Bip01_L_Finger31" 8
10 "ValveBiped.Bip01_L_Finger32" 9
11 "ValveBiped.Bip01_L_Finger2" 4
12 "ValveBiped.Bip01_L_Finger21" 11
13 "ValveBiped.Bip01_L_Finger22" 12
14 "ValveBiped.Bip01_L_Finger1" 4
15 "ValveBiped.Bip01_L_Finger11" 14
16 "ValveBiped.Bip01_L_Finger12" 15
17 "ValveBiped.Bip01_L_Finger0" 4
18 "ValveBiped.Bip01_L_Finger01" 17
19 "ValveBiped.Bip01_L_Finger02" 18
20 "ValveBiped.Bip01_L_Ulna" 3
21 "ValveBiped.Bip01_L_Wrist" 3
22 "rig_l_upperarm" 1
23 "rig_l_forearm" 22
24 "rig_d_l_forearm" 23
25 "rig_d_l_upperarm" 22
26 "ValveBiped.Bip01_R_Clavicle" 0
27 "ValveBiped.Bip01_R_UpperArm" 26
28 "ValveBiped.Bip01_R_Forearm" 27
29 "ValveBiped.Bip01_R_Hand" 28
30 "ValveBiped.Bip01_R_Finger4" 29
31 "ValveBiped.Bip01_R_Finger41" 30
32 "ValveBiped.Bip01_R_Finger42" 31
33 "ValveBiped.Bip01_R_Finger3" 29
34 "ValveBiped.Bip01_R_Finger31" 33
35 "ValveBiped.Bip01_R_Finger32" 34
36 "ValveBiped.Bip01_R_Finger2" 29
37 "ValveBiped.Bip01_R_Finger21" 36
38 "ValveBiped.Bip01_R_Finger22" 37
39 "ValveBiped.Bip01_R_Finger1" 29
40 "ValveBiped.Bip01_R_Finger11" 39
41 "ValveBiped.Bip01_R_Finger12" 40
42 "ValveBiped.Bip01_R_Finger0" 29
43 "ValveBiped.Bip01_R_Finger01" 42
44 "ValveBiped.Bip01_R_Finger02" 43
45 "ValveBiped.Bip01_R_Ulna" 28
46 "ValveBiped.Bip01_R_Wrist" 28
47 "rig_r_upperarm" 26
48 "rig_r_forearm" 47
49 "rig_d_r_forearm" 48
50 "rig_d_r_upperarm" 47
51 "rig_r_hand" -1
52 "rig_d_r_hand" 51
53 "rig_d_r_wrist" 52
54 "rig_l_hand" -1
55 "rig_d_l_hand" 54
56 "rig_d_l_wrist" 54
57 "rig_l_pole" -1
58 "rig_r_pole" -1
59 "rig_l_clavicle" -1
60 "rig_d_l_clavicle" 59
61 "rig_r_clavicle" -1
62 "rig_d_r_clavicle" 61
63 "Camera" -1
64 "body" -1
65 "trigger" 64
66 "bolt" 64
67 "barrel" 64
68 "magrel" 64
69 "chandle" 64
70 "chandleb" 69
71 "mag" -1
72 "bullet1" 71
73 "bullet2" 71
74 "bullet3" 71
end
skeleton
time 0
0  0.000006 0.000000 0.000000  -1.570800 -1.391899 -1.570792
1  -3.518106 3.420410 -1.527451  -1.544956 -1.855077 -0.198630
2  6.027521 -0.000325 0.000193  -1.120621 -0.938343 -1.086914
3  11.692107 0.000644 -0.000738  -1.032250 -0.000024 -1.521486
4  11.480288 0.000428 -0.000713  1.029048 -0.654855 0.416843
5  3.859506 -0.142880 -1.192051  -0.778167 0.068914 -1.502592
6  1.312588 0.000011 0.000003  -0.135303 -0.037646 -0.288696
7  0.729358 0.000053 0.000048  0.004037 -0.012462 -0.362678
8  3.942140 0.046273 -0.431512  -0.693770 0.356114 -1.201512
9  1.539107 0.000085 0.000002  -0.032365 -0.079699 -0.453688
10  1.196335 0.000147 0.000029  0.008153 0.002732 -0.748207
11  3.883507 -0.047268 0.431382  -0.322019 0.643539 -0.630599
12  1.719574 -0.000029 0.000019  -0.033238 -0.086003 -0.823515
13  1.209181 0.000094 0.000012  -0.007835 -0.002562 -0.650932
14  3.859661 -0.138477 1.332410  0.166016 0.722762 -0.052367
15  1.719450 -0.000011 0.000022  -0.036329 0.033056 -0.412619
16  1.099674 0.000039 -0.000000  -0.004181 0.004116 -1.256705
17  0.720887 -1.421158 1.005924  -0.760907 -0.593476 -0.498366
18  1.789825 -0.000001 -0.000016  0.022880 0.030024 0.834449
19  1.207009 -0.000013 -0.000044  -0.004342 -0.003284 -0.117962
20  5.740637 0.000410 -0.000703  -0.143041 0.000003 0.000070
21  11.481064 0.000299 -0.000800  -0.073086 -0.126025 0.033720
22  6.027525 -0.000330 0.000203  1.860456 -0.570569 1.550388
23  0.000001 11.692100 -0.000006  -1.042179 -0.487895 -0.818244
24  0.000003 0.000008 -0.000002  -0.163150 -0.000031 1.570739
25  -0.000001 -0.000012 -0.000000  0.868957 0.000002 1.570712
26  -4.645759 -6.650901 2.046262  1.473120 1.855075 -0.198639
27  6.027508 -0.000259 -0.000229  1.489737 0.528407 -0.615739
28  11.691989 0.000242 0.000856  0.245671 0.000078 -1.920683
29  11.478621 -0.001204 0.001151  -1.209394 0.547341 0.799524
30  3.840238 -0.256103 1.127582  0.375755 0.017196 -2.109855
31  1.312557 0.000026 0.000001  -0.016738 -0.067215 -0.358753
32  0.729345 0.000065 -0.000027  0.010499 -0.002285 -1.003070
33  3.942046 0.050109 0.430997  0.318069 -0.062504 -1.724927
34  1.539097 0.000011 0.000000  0.007072 -0.088740 -0.961961
35  1.196298 0.000075 -0.000004  0.008893 -0.001311 -1.206604
36  3.883411 -0.050502 -0.431086  0.154352 -0.157823 -1.573639
37  1.719563 -0.000079 -0.000003  -0.024403 -0.068048 -1.595299
38  1.209197 0.000036 0.000012  0.007422 -0.002547 -0.459485
39  3.806436 -0.112147 -1.295328  0.048500 -0.205491 -0.235932
40  1.719412 -0.000100 -0.000035  0.043933 0.082624 -1.220984
41  1.099674 0.000024 0.000008  -0.008025 -0.001772 -0.654771
42  0.805978 -0.359853 -1.318338  1.330199 0.197557 -0.619517
43  1.789780 -0.000009 -0.000042  0.032550 0.123016 0.037179
44  1.206997 -0.000006 0.000005  0.000293 -0.001887 1.285959
45  5.740573 0.000055 0.000723  0.113804 -0.000014 0.000021
46  11.480669 -0.000205 0.000980  0.033410 0.107116 0.124647
47  6.027514 -0.000273 -0.000236  -0.688921 -0.655022 -1.721632
48  -0.000003 11.691974 -0.000005  -1.277209 0.723552 0.942824
49  0.000004 -0.000001 -0.000002  2.518198 -0.000041 1.570856
50  -0.000007 -0.000015 0.000005  2.272644 -0.000030 1.570865
51  -3.491430 -5.701185 -7.595583  -0.170469 -3.023727 1.375012
52  -0.000000 -0.000000 -0.000001  0.008153 -0.000259 0.000009
53  -0.000001 0.000000 0.000001  1.565115 0.043565 -0.106862
54  -0.962913 -18.724907 -5.772876  -0.897459 -0.027625 -1.861282
55  -0.000000 0.000001 -0.000000  0.000000 -0.000000 -0.000002
56  0.000031 0.000030 0.000000  -1.571901 -0.044449 -0.106509
57  8.666351 -12.971641 -17.721577  1.570796 -0.000000 0.000000
58  -15.265000 7.133661 -18.583086  1.570796 -0.000000 0.000000
59  -1.523137 -2.740167 -4.071830  1.570796 -0.000000 0.000000
60  -0.004311 0.001230 -0.000371  0.006898 -0.005534 -0.284229
61  2.046263 7.371444 -3.388127  1.570796 -0.000000 0.000000
62  0.000000 0.000000 0.000000  -0.078727 -3.136056 0.284226
63  -3.061034 -2.790865 -0.402753  1.570796 -0.000000 0.000000
64  -3.054910 -14.063125 -3.170850  1.570796 -0.000000 0.000000
65  -0.005933 -2.262812 -2.946504  0.000000 -0.000000 0.000000
66  -0.007405 -0.385017 0.112677  0.000000 -0.000000 0.000000
67  -0.007403 -0.398124 12.763616  0.000000 -0.000000 0.000000
68  -0.007406 -3.312297 -1.336578  0.000000 -0.000000 0.000000
69  -0.005934 0.810493 1.247789  0.000000 -0.000000 0.000000
70  0.000002 0.037560 1.926311  0.000000 -0.000000 0.000000
71  -3.077450 -14.530620 -6.133182  1.570796 -0.000000 0.000000
72  0.184183 1.994350 -0.809969  0.000000 -0.000000 0.000000
73  -0.114187 1.780464 -0.801675  0.000000 -0.000000 0.000000
74  0.076509 1.501416 -0.809969  0.000000 -0.000000 0.000000
time 1
0  0.000006 0.000000 0.000000  -1.570800 -1.391899 -1.570792
1  -3.518106 3.420410 -1.527451  -1.544956 -1.855077 -0.198630
2  6.027521 -0.000325 0.000194  -1.143584 -0.897337 -1.036026
3  11.692108 0.000645 -0.000739  -1.002778 -0.000026 -1.563953
4  11.479957 0.000298 -0.000897  1.070736 -0.616367 0.380337
5  3.859504 -0.142881 -1.192051  -0.746192 0.122079 -1.399313
6  1.312589 0.000011 0.000003  -0.116678 -0.032259 -0.285744
7  0.729358 0.000054 0.000048  0.003203 -0.010846 -0.309886
8  3.942138 0.046273 -0.431513  -0.609741 0.358289 -1.109141
9  1.539107 0.000087 0.000007  -0.029459 -0.068196 -0.409622
10  1.196334 0.000145 0.000030  0.007151 0.002085 -0.668415
11  3.883504 -0.047269 0.431380  -0.244495 0.576909 -0.565770
12  1.719573 -0.000031 0.000018  -0.031613 -0.072657 -0.750349
13  1.209180 0.000091 0.000013  -0.007221 -0.001534 -0.555475
14  3.866913 -0.148525 1.332988  0.178785 0.606040 -0.082409
15  1.719449 -0.000012 0.000023  -0.030632 0.031393 -0.369213
16  1.099674 0.000042 0.000003  -0.003523 0.004260 -1.087654
17  0.723840 -1.383955 1.016866  -0.699484 -0.575779 -0.581783
18  1.789826 -0.000001 -0.000016  0.017936 0.027683 0.709290
19  1.207011 -0.000013 -0.000045  -0.004086 -0.002943 -0.083316
20  5.740637 0.000411 -0.000703  -0.134565 0.000003 0.000070
21  11.480999 0.000273 -0.000837  -0.069505 -0.116302 0.031606
22  6.027525 -0.000330 0.000203  1.899556 -0.599088 1.561442
23  0.000003 11.692101 -0.000006  -1.067226 -0.511739 -0.833657
24  0.000003 0.000009 -0.000000  -0.133676 -0.000031 1.570739
25  -0.000000 -0.000011 -0.000000  0.868957 0.000002 1.570712
26  -4.645759 -6.650901 2.046262  1.473120 1.855075 -0.198639
27  6.027508 -0.000259 -0.000229  1.489895 0.528481 -0.615670
28  11.691990 0.000242 0.000856  0.245671 0.000078 -1.920960
29  11.478619 -0.001205 0.001152  -1.208925 0.546926 0.800294
30  3.840240 -0.256103 1.127580  0.375755 0.017196 -2.109855
31  1.312557 0.000027 0.000000  -0.016738 -0.067215 -0.358753
32  0.729346 0.000066 -0.000027  0.010499 -0.002285 -1.003070
33  3.942047 0.050109 0.430996  0.318069 -0.062504 -1.724927
34  1.539097 0.000010 -0.000000  0.007072 -0.088740 -0.961961
35  1.196298 0.000077 -0.000004  0.008893 -0.001311 -1.206604
36  3.883412 -0.050502 -0.431087  0.154352 -0.157823 -1.573639
37  1.719563 -0.000080 -0.000004  -0.024403 -0.068048 -1.595299
38  1.209197 0.000035 0.000011  0.007422 -0.002547 -0.459485
39  3.806436 -0.112148 -1.295330  0.049532 -0.205165 -0.231798
40  1.719411 -0.000100 -0.000033  0.048263 0.081898 -1.176237
41  1.099674 0.000026 0.000007  -0.008091 -0.001506 -0.619888
42  0.805979 -0.359854 -1.318339  1.330199 0.197557 -0.619517
43  1.789779 -0.000010 -0.000042  0.032551 0.123016 0.037179
44  1.206996 -0.000007 0.000005  0.000293 -0.001887 1.285959
45  5.740572 0.000055 0.000723  0.113966 -0.000014 0.000021
46  11.480668 -0.000205 0.000980  0.033497 0.107083 0.124786
47  6.027514 -0.000273 -0.000236  -0.688926 -0.654867 -1.721640
48  -0.000002 11.691973 -0.000006  -1.277374 0.723723 0.942893
49  0.000004 -0.000002 -0.000001  2.518198 -0.000041 1.570856
50  -0.000007 -0.000015 0.000004  2.272644 -0.000030 1.570865
51  -3.491087 -5.699213 -7.591906  -0.170287 -3.024170 1.375145
52  -0.000000 -0.000000 0.000000  0.008153 -0.000259 0.000009
53  0.000000 -0.000000 -0.000000  1.565115 0.043565 -0.106862
54  -0.668953 -18.451881 -6.220932  -0.834995 -0.070951 -1.872234
55  0.000001 0.000000 0.000000  0.000000 -0.000000 -0.000002
56  0.000031 0.000030 0.000001  -1.571902 -0.044449 -0.106509
57  9.120171 -12.422717 -17.678982  1.570796 -0.000000 0.000000
58  -15.265000 7.133661 -18.583086  1.570796 -0.000000 0.000000
59  -1.523137 -2.740167 -4.071830  1.570796 -0.000000 0.000000
60  -0.004311 0.001230 -0.000371  0.006898 -0.005534 -0.284229
61  2.046263 7.371444 -3.388127  1.570796 -0.000000 0.000000
62  0.000000 0.000000 0.000000  -0.078727 -3.136056 0.284226
63  -3.061034 -2.790865 -0.402753  1.570796 -0.000000 0.000000
64  -3.054440 -14.062851 -3.170396  1.571196 -0.000264 0.000155
65  -0.005933 -2.262813 -2.946503  -0.000000 -0.000000 -0.000000
66  -0.007405 -0.385017 0.112677  -0.000000 -0.000000 -0.000000
67  -0.007403 -0.398124 12.763614  -0.000000 -0.000000 -0.000000
68  -0.007406 -3.312297 -1.336579  -0.000000 -0.000000 -0.000000
69  -0.005934 0.810492 1.247789  -0.000000 -0.000000 -0.000000
70  0.000001 0.037559 1.926311  -0.000000 -0.000000 -0.000000
71  -3.076127 -14.529166 -6.132920  1.571196 -0.000264 0.000155
72  0.184182 1.994350 -0.809969  -0.000000 -0.000000 -0.000000
73  -0.114187 1.780463 -0.801675  -0.000000 -0.000000 -0.000000
74  0.076509 1.501415 -0.809970  -0.000000 -0.000000 -0.000000
time 2
0  0.000006 0.000000 0.000000  -1.570800 -1.391899 -1.570792
1  -3.518106 3.420410 -1.527451  -1.544956 -1.855077 -0.198630
2  6.027519 -0.000325 0.000194  -1.174647 -0.778578 -0.913986
3  11.692106 0.000643 -0.000738  -0.903851 -0.000033 -1.673439
4  11.479172 -0.000063 -0.001263  1.187663 -0.520315 0.260081
5  3.859505 -0.142880 -1.192051  -0.630645 0.238570 -1.103827
6  1.312590 0.000013 0.000005  -0.067887 -0.018149 -0.269708
7  0.729358 0.000052 0.000043  0.001429 -0.006412 -0.171177
8  3.942141 0.046274 -0.431513  -0.388353 0.320125 -0.863504
9  1.539108 0.000087 0.000001  -0.019682 -0.038520 -0.280554
10  1.196333 0.000145 0.000029  0.004284 0.000777 -0.457131
11  3.883505 -0.047269 0.431380  -0.075591 0.375126 -0.432698
12  1.719573 -0.000029 0.000019  -0.022910 -0.038004 -0.540055
13  1.209179 0.000092 0.000012  -0.004941 0.000888 -0.301329
14  3.888570 -0.178521 1.334716  0.228201 0.292836 -0.162338
15  1.719447 -0.000012 0.000022  -0.016172 0.024857 -0.255556
16  1.099676 0.000042 0.000003  -0.001643 0.004075 -0.618181
17  0.732659 -1.272902 1.049528  -0.612010 -0.610998 -0.712693
18  1.789825 -0.000001 -0.000016  0.005904 0.018514 0.361530
19  1.207011 -0.000012 -0.000045  -0.003381 -0.002074 0.020101
20  5.740636 0.000411 -0.000702  -0.107973 0.000003 0.000071
21  11.480843 0.000200 -0.000910  -0.057329 -0.091250 0.019641
22  6.027525 -0.000330 0.000203  2.003321 -0.686548 1.598055
23  0.000003 11.692099 -0.000007  -1.131491 -0.574699 -0.871139
24  0.000004 0.000008 0.000000  -0.034746 -0.000030 1.570739
25  0.000000 -0.000012 -0.000000  0.868957 0.000002 1.570712
26  -4.645759 -6.650901 2.046262  1.473120 1.855075 -0.198639
27  6.027508 -0.000259 -0.000229  1.490284 0.528663 -0.615503
28  11.691989 0.000243 0.000856  0.245671 0.000078 -1.921639
29  11.478612 -0.001207 0.001154  -1.207731 0.545880 0.802168
30  3.840239 -0.256103 1.127580  0.375755 0.017196 -2.109855
31  1.312558 0.000026 -0.000001  -0.016738 -0.067215 -0.358753
32  0.729345 0.000066 -0.000027  0.010499 -0.002285 -1.003070
33  3.942046 0.050109 0.430996  0.318069 -0.062504 -1.724927
34  1.539097 0.000009 0.000000  0.007072 -0.088740 -0.961961
35  1.196299 0.000076 -0.000004  0.008893 -0.001311 -1.206604
36  3.883411 -0.050502 -0.431087  0.154352 -0.157823 -1.573639
37  1.719564 -0.000077 -0.000003  -0.024403 -0.068048 -1.595299
38  1.209196 0.000036 0.000011  0.007422 -0.002547 -0.459485
39  3.806436 -0.112148 -1.295330  0.052594 -0.204224 -0.219565
40  1.719413 -0.000099 -0.000035  0.061067 0.078551 -1.041247
41  1.099674 0.000025 0.000006  -0.008231 -0.000699 -0.515466
42  0.805979 -0.359854 -1.318339  1.330199 0.197557 -0.619517
43  1.789780 -0.000009 -0.000043  0.032550 0.123016 0.037179
44  1.206997 -0.000007 0.000005  0.000293 -0.001887 1.285959
45  5.740571 0.000055 0.000724  0.114373 -0.000014 0.000021
46  11.480666 -0.000205 0.000981  0.033719 0.107000 0.125122
47  6.027514 -0.000273 -0.000236  -0.688941 -0.654485 -1.721660
48  -0.000001 11.691972 -0.000005  -1.277781 0.724143 0.943062
49  0.000003 -0.000000 -0.000000  2.518198 -0.000041 1.570856
50  -0.000007 -0.000015 0.000005  2.272644 -0.000030 1.570865
51  -3.490241 -5.694363 -7.582862  -0.169790 -3.025259 1.375501
52  0.000000 0.000000 0.000001  0.008153 -0.000259 0.000009
53  0.000000 -0.000000 -0.000001  1.565115 0.043565 -0.106862
54  0.078086 -17.617775 -7.523164  -0.640562 -0.193791 -1.903874
55  0.000001 0.000002 0.000001  0.000000 -0.000000 -0.000002
56  0.000029 0.000030 0.000002  -1.571902 -0.044449 -0.106509
57  10.440970 -10.825126 -17.555010  1.570796 -0.000000 0.000000
58  -15.265000 7.133661 -18.583086  1.570796 -0.000000 0.000000
59  -1.523137 -2.740167 -4.071830  1.570796 -0.000000 0.000000
60  -0.004311 0.001230 -0.000371  0.006898 -0.005534 -0.284229
61  2.046263 7.371444 -3.388127  1.570796 -0.000000 0.000000
62  0.000000 0.000000 0.000000  -0.078727 -3.136056 0.284226
63  -3.061034 -2.790865 -0.402753  1.570796 -0.000000 0.000000
64  -3.053203 -14.062115 -3.169180  1.572167 -0.000959 0.000568
65  -0.005933 -2.262812 -2.946503  -0.000000 -0.000000 -0.000000
66  -0.007406 -0.385017 0.112677  -0.000000 -0.000000 -0.000000
67  -0.007403 -0.398124 12.763615  -0.000000 -0.000000 -0.000000
68  -0.007406 -3.312297 -1.336577  -0.000000 -0.000000 -0.000000
69  -0.005934 0.810492 1.247790  -0.000000 -0.000000 -0.000000
70  0.000001 0.037560 1.926311  -0.000000 -0.000000 -0.000000
71  -3.072637 -14.525559 -6.132171  1.572167 -0.000959 0.000568
72  0.184182 1.994350 -0.809968  -0.000000 -0.000000 -0.000000
73  -0.114187 1.780463 -0.801674  -0.000000 -0.000000 -0.000000
74  0.076509 1.501415 -0.809969  -0.000000 -0.000000 -0.000000
time 3
0  0.000006 0.000000 0.000000  -1.570800 -1.391899 -1.570792
1  -3.518106 3.420410 -1.527451  -1.544956 -1.855077 -0.198630
2  6.027518 -0.000324 0.000196  -1.151367 -0.635595 -0.796152
3  11.692109 0.000644 -0.000740  -0.723646 -0.000041 -1.785918
4  11.480040 0.000041 -0.000943  1.305094 -0.458601 0.092441
5  3.859508 -0.142880 -1.192051  -0.479069 0.296055 -0.777825
6  1.312590 0.000014 0.000005  -0.018873 -0.004624 -0.231852
7  0.729357 0.000053 0.000045  0.000286 -0.001781 -0.032521
8  3.942141 0.046273 -0.431512  -0.188284 0.209985 -0.632604
9  1.539109 0.000084 0.000004  -0.006297 -0.010142 -0.115727
10  1.196335 0.000149 0.000030  0.001205 0.000100 -0.245845
11  3.883507 -0.047268 0.431380  0.052868 0.135613 -0.344542
12  1.719574 -0.000030 0.000017  -0.007063 -0.005603 -0.284691
13  1.209180 0.000095 0.000013  -0.001594 0.002641 -0.047178
14  3.922661 -0.225743 1.337436  0.299730 -0.016859 -0.250369
15  1.719448 -0.000012 0.000021  -0.002893 0.013984 -0.142073
16  1.099676 0.000047 0.000004  0.000039 0.003054 -0.148710
17  0.746535 -1.098073 1.100950  -0.575637 -0.790419 -0.887607
18  1.789824 -0.000001 -0.000017  -0.003488 0.005537 -0.010330
19  1.207009 -0.000014 -0.000045  -0.002618 -0.001241 0.158140
20  5.740636 0.000411 -0.000703  -0.077655 0.000003 0.000070
21  11.481017 0.000221 -0.000845  -0.042460 -0.073310 -0.005121
22  6.027525 -0.000330 0.000203  2.103159 -0.810776 1.662934
23  0.000002 11.692101 -0.000007  -1.197452 -0.641386 -0.906089
24  0.000004 0.000010 -0.000001  0.145462 -0.000031 1.570739
25  0.000000 -0.000011 -0.000000  0.868957 0.000002 1.570712
26  -4.645759 -6.650901 2.046262  1.473120 1.855075 -0.198639
27  6.027508 -0.000259 -0.000229  1.490767 0.528891 -0.615296
28  11.691990 0.000243 0.000855  0.245671 0.000078 -1.922482
29  11.478602 -0.001212 0.001152  -1.206141 0.544519 0.804455
30  3.840240 -0.256104 1.127580  0.375755 0.017196 -2.109855
31  1.312558 0.000027 0.000001  -0.016738 -0.067215 -0.358753
32  0.729346 0.000066 -0.000027  0.010499 -0.002285 -1.003070
33  3.942046 0.050109 0.430996  0.318069 -0.062504 -1.724927
34  1.539097 0.000009 -0.000001  0.007072 -0.088740 -0.961961
35  1.196299 0.000076 -0.000003  0.008893 -0.001311 -1.206604
36  3.883412 -0.050502 -0.431087  0.154352 -0.157823 -1.573639
37  1.719563 -0.000079 -0.000003  -0.024403 -0.068048 -1.595299
38  1.209197 0.000035 0.000012  0.007422 -0.002547 -0.459485
39  3.806435 -0.112148 -1.295329  0.057281 -0.202861 -0.200922
40  1.719412 -0.000100 -0.000035  0.079872 0.069961 -0.830219
41  1.099674 0.000026 0.000007  -0.008279 0.000568 -0.353848
42  0.805979 -0.359854 -1.318338  1.330199 0.197557 -0.619517
43  1.789780 -0.000010 -0.000043  0.032550 0.123016 0.037179
44  1.206996 -0.000006 0.000005  0.000293 -0.001887 1.285959
45  5.740571 0.000056 0.000723  0.114902 -0.000014 0.000021
46  11.480664 -0.000207 0.000980  0.034022 0.106892 0.125529
47  6.027514 -0.000273 -0.000236  -0.688963 -0.654010 -1.721682
48  -0.000001 11.691972 -0.000006  -1.278286 0.724664 0.943272
49  0.000003 -0.000001 -0.000000  2.518198 -0.000041 1.570856
50  -0.000006 -0.000015 0.000005  2.272644 -0.000030 1.570865
51  -3.489167 -5.688340 -7.571620  -0.169051 -3.026610 1.376014
52  -0.000001 -0.000000 0.000000  0.008153 -0.000259 0.000009
53  0.000000 0.000000 -0.000001  1.565115 0.043565 -0.106862
54  0.767885 -16.459278 -9.178329  -0.370336 -0.340925 -1.937822
55  0.000001 -0.000000 0.000001  0.000000 -0.000000 -0.000002
56  0.000032 0.000029 0.000001  -1.571901 -0.044449 -0.106509
57  12.339704 -8.528487 -17.376793  1.570796 -0.000000 0.000000
58  -15.265000 7.133661 -18.583086  1.570796 -0.000000 0.000000
59  -1.523137 -2.740167 -4.071830  1.570796 -0.000000 0.000000
60  -0.004311 0.001230 -0.000371  0.006898 -0.005534 -0.284229
61  2.046263 7.371444 -3.388127  1.570796 -0.000000 0.000000
62  0.000000 0.000000 0.000000  -0.078727 -3.136056 0.284226
63  -3.061034 -2.790865 -0.402753  1.570796 -0.000000 0.000000
64  -3.051453 -14.061050 -3.167420  1.573351 -0.001942 0.001164
65  -0.005933 -2.262812 -2.946502  -0.000000 -0.000000 0.000000
66  -0.007405 -0.385017 0.112678  -0.000000 -0.000000 0.000000
67  -0.007403 -0.398125 12.763615  -0.000000 -0.000000 0.000000
68  -0.007406 -3.312297 -1.336577  -0.000000 -0.000000 0.000000
69  -0.005934 0.810492 1.247790  -0.000000 -0.000000 0.000000
70  0.000001 0.037559 1.926308  -0.000000 -0.000000 0.000000
71  -3.067701 -14.520997 -6.130974  1.573351 -0.001942 0.001164
72  0.184183 1.994349 -0.809969  -0.000000 -0.000000 0.000000
73  -0.114187 1.780463 -0.801675  -0.000000 -0.000000 0.000000
74  0.076509 1.501415 -0.809969  -0.000000 -0.000000 0.000000
time 4
0  0.000006 0.000000 0.000000  -1.570800 -1.391899 -1.570792
1  -3.518106 3.420410 -1.527451  -1.544956 -1.855077 -0.198630
2  6.027517 -0.000324 0.000197  -1.076818 -0.535804 -0.737865
3  11.692108 0.000645 -0.000740  -0.468958 -0.000046 -1.857745
4  11.479396 -0.000556 -0.001103  1.337265 -0.525338 -0.006096
5  3.859508 -0.142880 -1.192048  -0.417244 0.265523 -0.635881
6  1.312588 0.000008 0.000005  -0.000013 0.000050 -0.175018
7  0.729357 0.000050 0.000046  0.000022 0.000015 0.020401
8  3.942140 0.046273 -0.431510  -0.127549 0.110283 -0.547860
9  1.539108 0.000082 0.000005  -0.000001 0.000022 0.016879
10  1.196334 0.000146 0.000028  0.000016 0.000015 -0.166051
11  3.883505 -0.047268 0.431381  0.088617 -0.001353 -0.324204
12  1.719574 -0.000027 0.000018  0.001458 0.005322 -0.101809
13  1.209182 0.000094 0.000014  0.000812 0.002983 0.048284
14  3.964190 -0.283267 1.340751  0.332465 -0.132340 -0.281666
15  1.719449 -0.000011 0.000024  0.001093 0.003921 -0.098299
16  1.099674 0.000045 0.000005  0.000678 0.002488 0.020339
17  0.763441 -0.885104 1.163591  -0.661539 -0.941818 -0.982088
18  1.789824 0.000001 -0.000015  -0.007770 -0.000591 -0.190645
19  1.207010 -0.000013 -0.000045  -0.002334 -0.000873 0.280684
20  5.740636 0.000410 -0.000703  -0.067679 0.000003 0.000071
21  11.480888 0.000099 -0.000879  -0.038377 -0.084586 -0.024169
22  6.027525 -0.000330 0.000203  -1.018013 -2.214039 -1.394722
23  0.000002 11.692101 -0.000007  -1.239822 -0.684905 -0.926380
24  0.000002 0.000010 -0.000002  0.400152 -0.000031 1.570738
25  -0.000000 -0.000012 -0.000001  0.868957 0.000002 1.570712
26  -4.645759 -6.650901 2.046262  1.473120 1.855075 -0.198639
27  6.027508 -0.000259 -0.000229  1.491200 0.529101 -0.615110
28  11.691990 0.000243 0.000856  0.245671 0.000078 -1.923244
29  11.478599 -0.001213 0.001153  -1.204489 0.543172 0.806439
30  3.840239 -0.256104 1.127579  0.375755 0.017196 -2.109855
31  1.312558 0.000026 0.000000  -0.016738 -0.067215 -0.358753
32  0.729345 0.000065 -0.000026  0.010499 -0.002285 -1.003069
33  3.942047 0.050109 0.430996  0.318069 -0.062504 -1.724927
34  1.539097 0.000009 -0.000000  0.007072 -0.088740 -0.961961
35  1.196300 0.000075 -0.000004  0.008893 -0.001311 -1.206604
36  3.883412 -0.050502 -0.431087  0.154352 -0.157823 -1.573639
37  1.719563 -0.000078 -0.000003  -0.024403 -0.068048 -1.595299
38  1.209197 0.000036 0.000012  0.007422 -0.002547 -0.459485
39  3.806435 -0.112147 -1.295330  0.062626 -0.201418 -0.179771
40  1.719411 -0.000099 -0.000035  0.098671 0.055518 -0.588253
41  1.099672 0.000025 0.000007  -0.008085 0.002002 -0.169180
42  0.805979 -0.359854 -1.318339  1.330199 0.197557 -0.619517
43  1.789779 -0.000009 -0.000042  0.032550 0.123016 0.037179
44  1.206996 -0.000006 0.000006  0.000293 -0.001887 1.285959
45  5.740571 0.000056 0.000724  0.115425 -0.000014 0.000021
46  11.480664 -0.000206 0.000980  0.034348 0.106786 0.125873
47  6.027514 -0.000273 -0.000236  -0.688989 -0.653582 -1.721700
48  -0.000002 11.691973 -0.000006  -1.278742 0.725135 0.943461
49  0.000004 -0.000003 0.000001  2.518198 -0.000041 1.570856
50  -0.000007 -0.000015 0.000005  2.272644 -0.000030 1.570865
51  -3.488137 -5.682889 -7.561464  -0.168138 -3.027831 1.376618
52  0.000000 0.000000 -0.000000  0.008153 -0.000259 0.000009
53  0.000000 -0.000000 -0.000001  1.565115 0.043565 -0.106862
54  0.917689 -15.369742 -10.519636  -0.144526 -0.455827 -1.922935
55  -0.000000 0.000000 0.000000  0.000000 -0.000000 -0.000002
56  0.000031 0.000029 0.000001  -1.571901 -0.044449 -0.106509
57  14.238436 -6.231850 -17.198574  1.570796 -0.000000 0.000000
58  -15.265000 7.133661 -18.583086  1.570796 -0.000000 0.000000
59  -1.523137 -2.740167 -4.071830  1.570796 -0.000000 0.000000
60  -0.004311 0.001230 -0.000371  0.006898 -0.005534 -0.284229
61  2.046263 7.371444 -3.388127  1.570796 -0.000000 0.000000
62  0.000000 0.000000 0.000000  -0.078727 -3.136056 0.284226
63  -3.061034 -2.790865 -0.402753  1.570796 -0.000000 0.000000
64  -3.049447 -14.059788 -3.165334  1.574371 -0.003070 0.001870
65  -0.005933 -2.262812 -2.946503  0.000000 0.000000 0.000000
66  -0.007405 -0.385017 0.112677  0.000000 0.000000 0.000000
67  -0.007403 -0.398124 12.763615  0.000000 0.000000 0.000000
68  -0.007406 -3.312297 -1.336578  0.000000 0.000000 0.000000
69  -0.005934 0.810493 1.247790  0.000000 0.000000 0.000000
70  0.000001 0.037559 1.926313  0.000000 0.000000 0.000000
71  -3.062035 -14.516713 -6.129373  1.574371 -0.003070 0.001870
72  0.184182 1.994350 -0.809969  0.000000 0.000000 0.000000
73  -0.114187 1.780463 -0.801674  0.000000 0.000000 0.000000
74  0.076509 1.501415 -0.809969  0.000000 0.000000 0.000000
time 5
0  0.000006 0.000000 0.000000  -1.570800 -1.391899 -1.570792
1  -3.518106 3.420410 -1.527451  -1.544956 -1.855077 -0.198630
2  6.027517 -0.000324 0.000197  -0.939024 -0.465228 -0.750770
3  11.692106 0.000646 -0.000740  -0.172392 -0.000050 -1.908590
4  11.478939 -0.001095 -0.000934  1.392957 -0.705416 -0.030829
5  3.859508 -0.142879 -1.192050  -0.430433 0.193964 -0.672599
6  1.312590 0.000012 0.000004  -0.001142 -0.004173 -0.056481
7  0.729357 0.000051 0.000045  0.000113 -0.000003 0.019804
8  3.942143 0.046274 -0.431514  -0.182375 0.032640 -0.616584
9  1.539109 0.000083 0.000005  -0.006913 -0.009186 0.141954
10  1.196331 0.000144 0.000029  0.000317 0.000006 -0.266653
11  3.883504 -0.047269 0.431381  0.019624 -0.047483 -0.397070
12  1.719574 -0.000028 0.000015  -0.003777 0.002376 0.018676
13  1.209178 0.000091 0.000014  0.001720 0.002951 -0.018441
14  4.005719 -0.340791 1.344063  0.294144 -0.194667 -0.074636
15  1.719448 -0.000012 0.000023  -0.000949 -0.002531 -0.169840
16  1.099676 0.000047 0.000005  0.000685 0.002651 -0.103058
17  0.780347 -0.672135 1.226228  -0.945491 -0.946476 -0.812463
18  1.789826 -0.000001 -0.000016  -0.011799 0.004438 -0.242665
19  1.207010 -0.000014 -0.000045  -0.003427 -0.000968 0.388990
20  5.740637 0.000411 -0.000703  -0.056847 0.000003 0.000071
21  11.480794 -0.000007 -0.000845  -0.026928 -0.120011 -0.028508
22  6.027525 -0.000330 0.000203  -1.132942 -2.088948 -1.245071
23  0.000001 11.692101 -0.000007  -1.270060 -0.716104 -0.939715
24  0.000002 0.000009 -0.000001  0.696719 -0.000031 1.570739
25  -0.000000 -0.000011 -0.000001  0.868957 0.000002 1.570712
26  -4.645759 -6.650901 2.046262  1.473120 1.855075 -0.198639
27  6.027508 -0.000259 -0.000229  1.491441 0.529226 -0.615007
28  11.691990 0.000244 0.000856  0.245671 0.000078 -1.923685
29  11.478597 -0.001218 0.001155  -1.203100 0.542162 0.807425
30  3.840240 -0.256103 1.127580  0.375755 0.017196 -2.109855
31  1.312557 0.000026 -0.000000  -0.016738 -0.067215 -0.358753
32  0.729345 0.000065 -0.000026  0.010499 -0.002285 -1.003069
33  3.942046 0.050109 0.430997  0.318069 -0.062504 -1.724927
34  1.539097 0.000010 -0.000000  0.007072 -0.088740 -0.961961
35  1.196298 0.000076 -0.000004  0.008893 -0.001311 -1.206604
36  3.883412 -0.050502 -0.431087  0.154352 -0.157823 -1.573639
37  1.719564 -0.000079 -0.000003  -0.024403 -0.068048 -1.595299
38  1.209197 0.000036 0.000011  0.007422 -0.002547 -0.459485
39  3.806436 -0.112148 -1.295329  0.067362 -0.200239 -0.161124
40  1.719412 -0.000100 -0.000035  0.111793 0.039593 -0.377997
41  1.099672 0.000025 0.000006  -0.007701 0.003210 -0.007561
42  0.805979 -0.359854 -1.318338  1.330199 0.197557 -0.619517
43  1.789780 -0.000009 -0.000042  0.032551 0.123016 0.037179
44  1.206996 -0.000007 0.000006  0.000293 -0.001887 1.285959
45  5.740573 0.000054 0.000724  0.115815 -0.000014 0.000021
46  11.480665 -0.000209 0.000981  0.034640 0.106706 0.126025
47  6.027514 -0.000273 -0.000236  -0.689013 -0.653340 -1.721704
48  -0.000003 11.691973 -0.000005  -1.279006 0.725408 0.943571
49  0.000004 -0.000001 -0.000000  2.518198 -0.000041 1.570856
50  -0.000007 -0.000015 0.000005  2.272644 -0.000030 1.570865
51  -3.487418 -5.679710 -7.555612  -0.167122 -3.028534 1.377247
52  0.000000 0.000000 -0.000001  0.008153 -0.000259 0.000009
53  0.000000 0.000000 0.000000  1.565115 0.043565 -0.106862
54  0.273363 -14.062336 -11.773846  0.059722 -0.575714 -1.862686
55  0.000000 0.000000 -0.000001  0.000000 -0.000001 -0.000002
56  0.000031 0.000029 0.000001  -1.571901 -0.044449 -0.106509
57  15.559235 -4.634259 -17.074604  1.570796 -0.000000 0.000000
58  -15.265000 7.133661 -18.583086  1.570796 -0.000000 0.000000
59  -1.523137 -2.740167 -4.071830  1.570796 -0.000000 0.000000
60  -0.004311 0.001230 -0.000371  0.006898 -0.005534 -0.284229
61  2.046263 7.371444 -3.388127  1.570796 -0.000000 0.000000
62  0.000000 0.000000 0.000000  -0.078727 -3.136056 0.284226
63  -3.061034 -2.790865 -0.402753  1.570796 -0.000000 0.000000
64  -3.047441 -14.058460 -3.163138  1.574864 -0.004197 0.002612
65  -0.005933 -2.262813 -2.946503  0.000000 0.000000 0.000000
66  -0.007405 -0.385017 0.112677  0.000000 0.000000 0.000000
67  -0.007403 -0.398124 12.763618  0.000000 0.000000 0.000000
68  -0.007405 -3.312297 -1.336579  0.000000 0.000000 0.000000
69  -0.005934 0.810493 1.247790  0.000000 0.000000 0.000000
70  0.000002 0.037560 1.926312  0.000000 0.000000 0.000000
71  -3.056352 -14.513925 -6.127415  1.574864 -0.004197 0.002612
72  0.184183 1.994350 -0.809968  0.000000 0.000000 0.000000
73  -0.114187 1.780464 -0.801674  0.000000 0.000000 0.000000
74  0.076510 1.501416 -0.809969  0.000000 0.000000 0.000000
time 6
0  0.000006 0.000000 0.000000  -1.570800 -1.391899 -1.570792
1  -3.518106 3.420410 -1.527451  -1.544956 -1.855077 -0.198630
2  6.027518 -0.000324 0.000197  -0.822430 -0.432188 -0.793000
3  11.692104 0.000646 -0.000739  0.124385 -0.000050 -1.913655
4  11.478894 -0.001346 -0.000573  1.379423 -0.880798 0.076868
5  3.859510 -0.142879 -1.192049  -0.454959 0.073497 -0.782151
6  1.312590 0.000011 0.000005  -0.003444 -0.011794 0.025347
7  0.729358 0.000053 0.000045  0.000753 -0.000091 0.014075
8  3.942144 0.046273 -0.431512  -0.300421 -0.063187 -0.808263
9  1.539111 0.000085 0.000003  -0.015933 -0.024409 0.206482
10  1.196332 0.000145 0.000030  0.001113 0.000206 -0.556603
11  3.883506 -0.047269 0.431382  -0.146435 -0.072343 -0.579056
12  1.719571 -0.000027 0.000014  -0.012914 -0.004405 0.064451
13  1.209178 0.000093 0.000015  0.002304 0.003286 -0.330962
14  4.039813 -0.388013 1.346783  0.221683 -0.218792 0.138002
15  1.719449 -0.000012 0.000021  -0.007373 -0.015297 -0.435100
16  1.099676 0.000048 0.000006  0.001243 0.003699 -0.457658
17  0.794226 -0.497306 1.277650  -1.306263 -0.937719 -0.551975
18  1.789824 -0.000002 -0.000016  -0.016837 0.018619 -0.265771
19  1.207010 -0.000013 -0.000045  -0.006119 -0.001091 0.502782
20  5.740638 0.000410 -0.000703  -0.051149 0.000003 0.000071
21  11.480785 -0.000058 -0.000774  -0.020432 -0.156141 -0.012168
22  6.027525 -0.000330 0.000203  -1.315635 -2.018388 -1.074667
23  0.000002 11.692101 -0.000007  -1.273087 -0.719229 -0.940994
24  0.000004 0.000010 -0.000001  0.993496 -0.000031 1.570739
25  -0.000001 -0.000010 -0.000001  0.868957 0.000002 1.570712
26  -4.645759 -6.650901 2.046262  1.473120 1.855075 -0.198639
27  6.027508 -0.000259 -0.000229  1.491358 0.529204 -0.615044
28  11.691990 0.000242 0.000856  0.245671 0.000078 -1.923588
29  11.478594 -0.001217 0.001154  -1.202284 0.541793 0.806767
30  3.840238 -0.256103 1.127581  0.375755 0.017196 -2.109855
31  1.312558 0.000025 0.000001  -0.016738 -0.067215 -0.358753
32  0.729345 0.000065 -0.000027  0.010499 -0.002285 -1.003069
33  3.942046 0.050109 0.430997  0.318069 -0.062504 -1.724927
34  1.539097 0.000009 0.000000  0.007072 -0.088740 -0.961961
35  1.196301 0.000076 -0.000003  0.008893 -0.001311 -1.206604
36  3.883411 -0.050502 -0.431088  0.154352 -0.157823 -1.573639
37  1.719563 -0.000078 -0.000004  -0.024403 -0.068048 -1.595299
38  1.209197 0.000036 0.000011  0.007422 -0.002547 -0.459485
39  3.806436 -0.112148 -1.295330  0.070481 -0.199512 -0.148888
40  1.719411 -0.000100 -0.000034  0.118312 0.028119 -0.243813
41  1.099673 0.000024 0.000007  -0.007351 0.003951 0.096862
42  0.805979 -0.359854 -1.318339  1.330199 0.197557 -0.619517
43  1.789779 -0.000009 -0.000042  0.032550 0.123016 0.037179
44  1.206997 -0.000006 0.000005  0.000293 -0.001887 1.285959
45  5.740572 0.000056 0.000724  0.115955 -0.000014 0.000021
46  11.480663 -0.000208 0.000980  0.034844 0.106677 0.125865
47  6.027514 -0.000273 -0.000236  -0.689028 -0.653413 -1.721689
48  -0.000000 11.691973 -0.000006  -1.278948 0.725348 0.943547
49  0.000004 0.000001 -0.000001  2.518198 -0.000041 1.570856
50  -0.000005 -0.000015 0.000005  2.272644 -0.000030 1.570865
51  -3.487270 -5.680381 -7.557048  -0.166079 -3.028362 1.377837
52  0.000000 0.000000 -0.000001  0.008153 -0.000259 0.000009
53  -0.000000 0.000000 -0.000001  1.565115 0.043565 -0.106862
54  -0.498014 -13.177359 -12.640476  0.222069 -0.685977 -1.773789
55  0.000002 0.000000 -0.000001  0.000000 -0.000000 -0.000002
56  0.000031 0.000029 0.000001  -1.571901 -0.044449 -0.106509
57  16.013056 -4.085335 -17.032007  1.570796 -0.000000 0.000000
58  -15.265000 7.133661 -18.583086  1.570796 -0.000000 0.000000
59  -1.523137 -2.740167 -4.071830  1.570796 -0.000000 0.000000
60  -0.004311 0.001230 -0.000371  0.006898 -0.005534 -0.284229
61  2.046263 7.371444 -3.388127  1.570796 -0.000000 0.000000
62  0.000000 0.000000 0.000000  -0.078727 -3.136056 0.284226
63  -3.061034 -2.790865 -0.402753  1.570796 -0.000000 0.000000
64  -3.045691 -14.057199 -3.161051  1.574493 -0.005180 0.003321
65  -0.005933 -2.262813 -2.946502  -0.000000 -0.000000 -0.000000
66  -0.007405 -0.385016 0.112679  -0.000000 -0.000000 -0.000000
67  -0.007403 -0.398124 12.763618  -0.000000 -0.000000 -0.000000
68  -0.007406 -3.312297 -1.336577  -0.000000 -0.000000 -0.000000
69  -0.005934 0.810493 1.247791  -0.000000 -0.000000 -0.000000
70  0.000001 0.037560 1.926312  -0.000000 -0.000000 -0.000000
71  -3.051361 -14.513762 -6.125167  1.574493 -0.005180 0.003321
72  0.184183 1.994351 -0.809970  -0.000000 -0.000000 -0.000000
73  -0.114187 1.780464 -0.801675  -0.000000 -0.000000 -0.000000
74  0.076510 1.501416 -0.809969  -0.000000 -0.000000 -0.000000
time 7
0  0.000006 0.000000 0.000000  -1.570800 -1.391899 -1.570792
1  -3.518106 3.420410 -1.527451  -1.544956 -1.855077 -0.198630
2  6.027518 -0.000322 0.000198  -0.863857 -0.341530 -0.946846
3  11.692105 0.000646 -0.000739  0.509241 -0.000050 -1.908435
4  11.478940 -0.001439 -0.000038  1.197926 -0.800583 0.315050
5  3.859508 -0.142879 -1.192051  -0.486001 -0.157152 -0.929771
6  1.312589 0.000013 0.000005  -0.001417 -0.020235 -0.233032
7  0.729358 0.000053 0.000044  0.002737 0.000007 -0.123506
8  3.942142 0.046273 -0.431512  -0.401098 -0.155805 -0.996139
9  1.539111 0.000085 0.000005  -0.012277 -0.038808 -0.057076
10  1.196333 0.000145 0.000030  0.002252 0.001266 -1.115721
11  3.883505 -0.047269 0.431380  -0.307603 -0.103837 -0.757470
12  1.719572 -0.000027 0.000016  -0.016287 -0.019558 -0.314456
13  1.209180 0.000092 0.000014  0.003234 0.005374 -1.165401
14  4.061468 -0.418009 1.348512  0.052803 -0.046731 -0.061828
15  1.719449 -0.000012 0.000021  -0.009626 -0.054295 -1.043862
16  1.099675 0.000048 0.000006  0.002395 0.008200 -1.153584
17  0.803040 -0.386254 1.310311  -1.773703 -0.997508 -0.164194
18  1.789823 -0.000002 -0.000016  -0.020259 0.030884 -0.269356
19  1.207010 -0.000012 -0.000045  -0.008391 -0.000688 0.617548
20  5.740637 0.000410 -0.000704  -0.077201 0.000003 0.000071
21  11.480794 -0.000075 -0.000667  -0.040465 -0.146571 0.019844
22  6.027525 -0.000330 0.000203  -1.144693 -1.947366 -1.400953
23  0.000002 11.692101 -0.000006  -1.269967 -0.716008 -0.939675
24  0.000003 0.000008 -0.000000  1.378352 -0.000030 1.570739
25  -0.000000 -0.000012 -0.000001  0.868957 0.000002 1.570712
26  -4.645759 -6.650901 2.046262  1.473120 1.855075 -0.198639
27  6.027508 -0.000259 -0.000229  1.490842 0.528983 -0.615267
28  11.691990 0.000243 0.000855  0.245671 0.000078 -1.922755
29  11.478601 -0.001213 0.001153  -1.202333 0.542333 0.803905
30  3.840240 -0.256103 1.127579  0.375755 0.017196 -2.109855
31  1.312558 0.000024 -0.000000  -0.016738 -0.067215 -0.358753
32  0.729345 0.000065 -0.000027  0.010499 -0.002285 -1.003070
33  3.942046 0.050109 0.430997  0.318069 -0.062504 -1.724927
34  1.539097 0.000009 0.000000  0.007072 -0.088740 -0.961961
35  1.196299 0.000076 -0.000004  0.008893 -0.001311 -1.206604
36  3.883411 -0.050502 -0.431087  0.154352 -0.157823 -1.573639
37  1.719563 -0.000079 -0.000004  -0.024403 -0.068048 -1.595299
38  1.209197 0.000036 0.000012  0.007422 -0.002547 -0.459485
39  3.806436 -0.112148 -1.295330  0.071537 -0.199274 -0.144753
40  1.719413 -0.000100 -0.000035  0.120126 0.024136 -0.199374
41  1.099674 0.000025 0.000006  -0.007217 0.004190 0.131746
42  0.805979 -0.359854 -1.318338  1.330199 0.197557 -0.619517
43  1.789780 -0.000008 -0.000042  0.032550 0.123016 0.037179
44  1.206996 -0.000007 0.000005  0.000293 -0.001886 1.285959
45  5.740572 0.000055 0.000724  0.115737 -0.000014 0.000021
46  11.480664 -0.000208 0.000980  0.034909 0.106717 0.125290
47  6.027514 -0.000273 -0.000236  -0.689030 -0.653911 -1.721651
48  -0.000001 11.691973 -0.000005  -1.278449 0.724833 0.943340
49  0.000003 0.000000 0.000000  2.518198 -0.000041 1.570856
50  -0.000006 -0.000015 0.000005  2.272644 -0.000030 1.570865
51  -3.487954 -5.686298 -7.568372  -0.165092 -3.026999 1.378323
52  0.000001 0.000000 -0.000001  0.008153 -0.000259 0.000009
53  0.000000 -0.000000 0.000000  1.565115 0.043565 -0.106862
54  -0.891768 -13.102316 -12.565758  0.297290 -0.741755 -1.636746
55  0.000001 -0.000000 -0.000003  0.000000 -0.000000 -0.000002
56  0.000031 0.000029 -0.000001  -1.571901 -0.044449 -0.106509
57  11.826017 -6.065909 -20.749100  1.570796 -0.000000 0.000000
58  -15.265000 7.133661 -18.583086  1.570796 -0.000000 0.000000
59  -1.523137 -2.740167 -4.071830  1.570796 -0.000000 0.000000
60  -0.004311 0.001230 -0.000371  0.006898 -0.005534 -0.284229
61  2.046263 7.371444 -3.388127  1.570796 -0.000000 0.000000
62  0.000000 0.000000 0.000000  -0.078727 -3.136056 0.284226
63  -3.061034 -2.790865 -0.402753  1.570796 -0.000000 0.000000
64  -3.044453 -14.056133 -3.159291  1.572965 -0.005875 0.003928
65  -0.005933 -2.262813 -2.946503  0.000000 -0.000000 0.000000
66  -0.007405 -0.385017 0.112677  0.000000 -0.000000 0.000000
67  -0.007403 -0.398124 12.763616  0.000000 -0.000000 0.000000
68  -0.007406 -3.312297 -1.336578  0.000000 -0.000000 0.000000
69  -0.005934 0.810492 1.247790  0.000000 -0.000000 0.000000
70  0.000002 0.037560 1.926311  0.000000 -0.000000 0.000000
71  -3.047771 -14.517220 -6.122711  1.572965 -0.005875 0.003928
72  0.184183 1.994351 -0.809969  0.000000 -0.000000 0.000000
73  -0.114187 1.780464 -0.801676  0.000000 -0.000000 0.000000
74  0.076509 1.501416 -0.809969  0.000000 -0.000000 0.000000
time 8
0  0.000006 0.000000 0.000000  -1.570800 -1.391899 -1.570792
1  -3.518106 3.420410 -1.527451  -1.544956 -1.855077 -0.198630
2  6.027519 -0.000321 0.000200  -0.947205 -0.240126 -1.083546
3  11.692105 0.000645 -0.000738  0.804923 -0.000050 -1.906384
4  11.478957 -0.001382 0.000379  1.031450 -0.618724 0.317767
5  3.859508 -0.142879 -1.192049  -0.495662 -0.305515 -1.020072
6  1.312588 0.000011 0.000007  0.002595 -0.024287 -0.490653
7  0.729358 0.000054 0.000046  0.004134 0.000360 -0.255888
8  3.942144 0.046273 -0.431513  -0.434930 -0.191985 -1.066032
9  1.539111 0.000082 0.000006  -0.004062 -0.045111 -0.320276
10  1.196332 0.000145 0.000030  0.002603 0.002239 -1.480994
11  3.883505 -0.047269 0.431381  -0.366861 -0.119787 -0.823484
12  1.719573 -0.000027 0.000013  -0.012261 -0.029645 -0.692173
13  1.209180 0.000093 0.000012  0.002706 0.006910 -1.723011
14  4.068722 -0.428058 1.349090  -0.118413 0.062825 -0.288386
15  1.719448 -0.000012 0.000022  0.001631 -0.078371 -1.452023
16  1.099675 0.000047 0.000005  0.001470 0.011490 -1.603514
17  0.805995 -0.349050 1.321254  -1.961507 -1.073813 -0.008192
18  1.789826 -0.000002 -0.000017  -0.017732 0.038491 -0.128954
19  1.207011 -0.000013 -0.000045  -0.009444 0.000272 0.732953
20  5.740638 0.000410 -0.000703  -0.109221 0.000003 0.000070
21  11.480800 -0.000062 -0.000584  -0.079468 -0.115759 0.017022
22  6.027525 -0.000330 0.000203  -0.789206 -1.912348 -1.894892
23  0.000002 11.692099 -0.000006  -1.268743 -0.714745 -0.939155
24  0.000003 0.000009 0.000000  1.674034 -0.000031 1.570739
25  -0.000000 -0.000012 -0.000000  0.868957 0.000002 1.570712
26  -4.645759 -6.650901 2.046262  1.473120 1.855075 -0.198639
27  6.027508 -0.000259 -0.000229  1.489808 0.528523 -0.615714
28  11.691990 0.000243 0.000857  0.245671 0.000078 -1.921018
29  11.478619 -0.001205 0.001150  -1.203517 0.544001 0.798373
30  3.840240 -0.256104 1.127580  0.375755 0.017196 -2.109855
31  1.312558 0.000025 -0.000000  -0.016738 -0.067215 -0.358753
32  0.729345 0.000066 -0.000028  0.010499 -0.002285 -1.003069
33  3.942046 0.050109 0.430997  0.318069 -0.062504 -1.724927
34  1.539097 0.000008 0.000000  0.007072 -0.088740 -0.961961
35  1.196301 0.000077 -0.000004  0.008893 -0.001311 -1.206604
36  3.883411 -0.050502 -0.431087  0.154352 -0.157823 -1.573639
37  1.719563 -0.000078 -0.000004  -0.024403 -0.068048 -1.595299
38  1.209194 0.000036 0.000012  0.007422 -0.002547 -0.459485
39  3.806437 -0.112148 -1.295329  0.071537 -0.199274 -0.144753
40  1.719412 -0.000100 -0.000035  0.120126 0.024136 -0.199374
41  1.099674 0.000025 0.000007  -0.007217 0.004190 0.131746
42  0.805979 -0.359854 -1.318338  1.330199 0.197557 -0.619517
43  1.789780 -0.000009 -0.000042  0.032550 0.123016 0.037179
44  1.206997 -0.000006 0.000005  0.000293 -0.001887 1.285959
45  5.740573 0.000056 0.000723  0.115069 -0.000014 0.000021
46  11.480668 -0.000204 0.000980  0.034788 0.106843 0.124217
47  6.027514 -0.000273 -0.000236  -0.689016 -0.654916 -1.721585
48  -0.000001 11.691972 -0.000006  -1.277409 0.723759 0.942907
49  0.000003 -0.000001 -0.000001  2.518198 -0.000041 1.570856
50  -0.000007 -0.000015 0.000005  2.272644 -0.000030 1.570865
51  -3.489730 -5.698662 -7.591707  -0.164258 -3.024184 1.378640
52  0.000000 0.000000 0.000000  0.008153 -0.000259 0.000009
53  0.000000 0.000000 0.000000  1.565115 0.043565 -0.106862
54  -0.889093 -13.128166 -12.566694  0.297925 -0.744651 -1.636761
55  -0.000001 0.000000 -0.000002  0.000000 -0.000000 -0.000002
56  0.000029 0.000029 -0.000000  -1.571901 -0.044449 -0.106509
57  7.638980 -8.046483 -24.466190  1.570796 -0.000000 0.000000
58  -15.265000 7.133661 -18.583086  1.570796 -0.000000 0.000000
59  -1.523137 -2.740167 -4.071830  1.570796 -0.000000 0.000000
60  -0.004311 0.001230 -0.000371  0.006898 -0.005534 -0.284229
61  2.046263 7.371444 -3.388127  1.570796 -0.000000 0.000000
62  0.000000 0.000000 0.000000  -0.078727 -3.136056 0.284226
63  -3.061034 -2.790865 -0.402753  1.570796 -0.000000 0.000000
64  -3.043984 -14.055399 -3.158075  1.570042 -0.006139 0.004360
65  -0.005933 -2.262813 -2.946503  -0.000000 -0.000000 0.000000
66  -0.007405 -0.385017 0.112677  -0.000000 -0.000000 0.000000
67  -0.007403 -0.398124 12.763617  -0.000000 -0.000000 0.000000
68  -0.007405 -3.312297 -1.336578  -0.349066 0.000000 -0.000000
69  -0.005934 0.810493 1.247789  -0.000000 -0.000000 0.000000
70  0.000002 0.037560 1.926311  -0.000000 -0.000000 0.000000
71  -3.046292 -14.525141 -6.120136  1.570042 -0.006139 0.004360
72  0.184182 1.994351 -0.809969  -0.000000 -0.000000 0.000000
73  -0.114187 1.780464 -0.801675  -0.000000 -0.000000 0.000000
74  0.076509 1.501416 -0.809969  -0.000000 -0.000000 0.000000
time 9
0  0.000006 0.000000 0.000000  -1.570800 -1.391899 -1.570792
1  -3.518106 3.420410 -1.527451  -1.544956 -1.855077 -0.198630
2  6.027519 -0.000320 0.000200  -0.951378 -0.247765 -1.100319
3  11.692106 0.000645 -0.000741  0.921079 -0.000049 -1.900182
4  11.479014 -0.001311 0.000513  0.912080 -0.567457 0.382641
5  3.859509 -0.142879 -1.192046  -0.496786 -0.171328 -0.937120
6  1.312589 0.000010 0.000007  0.001564 -0.018460 -0.447290
7  0.729358 0.000054 0.000045  0.003147 0.000213 -0.214650
8  3.942144 0.046273 -0.431508  -0.375958 -0.108384 -0.957094
9  1.539111 0.000084 0.000004  -0.002845 -0.034144 -0.272629
10  1.196333 0.000146 0.000029  0.002244 0.001477 -1.221856
11  3.883505 -0.047269 0.431384  -0.264568 -0.071769 -0.714288
12  1.719573 -0.000025 0.000015  -0.010516 -0.020715 -0.593607
13  1.209180 0.000092 0.000014  0.002721 0.005745 -1.364425
14  4.018223 -0.358108 1.345064  -0.009698 0.014557 -0.268833
15  1.719450 -0.000011 0.000024  -0.007026 -0.059911 -1.193382
16  1.099675 0.000050 0.000005  0.002338 0.009398 -1.276248
17  0.805995 -0.349050 1.321256  -1.949177 -1.070133 -0.030390
18  1.789825 -0.000002 -0.000017  -0.018996 0.038052 -0.163272
19  1.207010 -0.000012 -0.000046  -0.009455 0.000038 0.724077
20  5.740638 0.000410 -0.000703  -0.129341 0.000003 0.000071
21  11.480811 -0.000047 -0.000556  -0.101298 -0.111918 0.024813
22  6.027525 -0.000330 0.000203  -0.797247 -1.920553 -1.905108
23  0.000002 11.692101 -0.000007  -1.265042 -0.710924 -0.937571
24  0.000002 0.000010 -0.000000  1.790189 -0.000030 1.570738
25  -0.000000 -0.000011 -0.000000  0.868957 0.000002 1.570712
26  -4.645759 -6.650901 2.046262  1.473120 1.855075 -0.198639
27  6.027508 -0.000259 -0.000230  1.491695 0.524783 -0.614576
28  11.691991 0.000244 0.000857  0.245671 0.000078 -1.916820
29  11.478655 -0.001189 0.001147  -1.221693 0.544575 0.779635
30  3.840238 -0.256104 1.127579  0.375755 0.017196 -2.109855
31  1.312558 0.000026 -0.000000  -0.016738 -0.067215 -0.358753
32  0.729345 0.000065 -0.000027  0.010499 -0.002285 -1.003069
33  3.942045 0.050109 0.430996  0.318069 -0.062504 -1.724927
34  1.539097 0.000009 0.000000  0.007072 -0.088740 -0.961961
35  1.196300 0.000076 -0.000004  0.008893 -0.001311 -1.206604
36  3.883411 -0.050502 -0.431088  0.154352 -0.157823 -1.573639
37  1.719564 -0.000079 -0.000004  -0.024403 -0.068048 -1.595299
38  1.209196 0.000036 0.000011  0.007422 -0.002547 -0.459485
39  3.806436 -0.112148 -1.295330  0.071537 -0.199274 -0.144753
40  1.719413 -0.000099 -0.000034  0.120126 0.024136 -0.199374
41  1.099673 0.000025 0.000007  -0.007217 0.004190 0.131746
42  0.805979 -0.359854 -1.318339  1.330199 0.197557 -0.619517
43  1.789780 -0.000010 -0.000042  0.032550 0.123016 0.037179
44  1.206996 -0.000006 0.000005  0.000293 -0.001887 1.285959
45  5.740572 0.000054 0.000724  0.110503 -0.000014 0.000021
46  11.480675 -0.000203 0.000979  0.032244 0.105481 0.121690
47  6.027514 -0.000273 -0.000236  -0.683877 -0.655126 -1.724525
48  -0.000001 11.691973 -0.000005  -1.274897 0.721166 0.941858
49  0.000004 -0.000001 -0.000000  2.518198 -0.000041 1.570856
50  -0.000006 -0.000015 0.000005  2.272644 -0.000030 1.570865
51  -3.554934 -5.730113 -7.644351  -0.175691 -3.014750 1.380132
52  0.000000 -0.000000 0.000000  0.008153 -0.000259 0.000009
53  -0.000000 -0.000000 -0.000000  1.565115 0.043565 -0.106862
54  -0.984308 -13.230900 -12.451675  0.297925 -0.744651 -1.636761
55  0.000001 0.000000 -0.000001  0.000000 -0.000000 -0.000002
56  0.000031 0.000029 0.000000  -1.571902 -0.044449 -0.106509
57  8.109565 -6.983992 -24.198265  1.570796 -0.000000 0.000000
58  -15.265000 7.133661 -18.583086  1.570796 -0.000000 0.000000
59  -1.523137 -2.740167 -4.071830  1.570796 -0.000000 0.000000
60  -0.004311 0.001230 -0.000371  0.006898 -0.005534 -0.284229
61  2.046263 7.371444 -3.388127  1.570796 -0.000000 0.000000
62  0.000000 0.000000 0.000000  -0.078727 -3.136056 0.284226
63  -3.061034 -2.790865 -0.402753  1.570796 -0.000000 0.000000
64  -3.050663 -14.055124 -3.157622  1.562997 0.006828 0.004456
65  -0.005933 -2.262813 -2.946504  -0.000000 -0.000000 0.000000
66  -0.007405 -0.385017 0.112675  -0.000000 -0.000000 0.000000
67  -0.007403 -0.398124 12.763616  -0.000000 -0.000000 0.000000
68  -0.007405 -3.312297 -1.336580  -0.174533 0.000000 0.000000
69  -0.005934 0.810492 1.247788  -0.000000 -0.000000 0.000000
70  0.000002 0.037559 1.926313  -0.000000 -0.000000 0.000000
71  -3.081166 -14.606466 -6.503743  1.514120 0.048615 0.003734
72  0.184183 1.994350 -0.809970  -0.000000 0.000000 0.000000
73  -0.114187 1.780464 -0.801675  -0.000000 0.000000 0.000000
74  0.076510 1.501416 -0.809970  -0.000000 0.000000 0.000000
time 10
0  0.000006 0.000000 0.000000  -1.570800 -1.391899 -1.570792
1  -3.518106 3.420410 -1.527451  -1.544956 -1.855077 -0.198630
2  6.027518 -0.000321 0.000200  -1.073556 -0.213372 -1.051830
3  11.692106 0.000646 -0.000738  0.967009 -0.000050 -1.917455
4  11.478857 -0.001329 0.000636  2.024444 -0.454312 -0.038397
5  3.859509 -0.142878 -1.192050  -0.453308 0.140266 -0.714757
6  1.312589 0.000012 0.000006  0.000150 -0.005867 -0.333539
7  0.729355 0.000053 0.000045  0.001018 0.000025 -0.105873
8  3.942142 0.046274 -0.431513  -0.214156 0.056727 -0.658929
9  1.539111 0.000086 0.000005  -0.001421 -0.010795 -0.148711
10  1.196332 0.000145 0.000030  0.000839 0.000240 -0.589516
11  3.883504 -0.047268 0.431381  -0.025872 -0.009499 -0.420020
12  1.719574 -0.000027 0.000015  -0.003855 -0.002403 -0.350140
13  1.209181 0.000093 0.000012  0.001438 0.003521 -0.474782
14  3.910162 -0.208423 1.336438  0.216323 -0.101524 -0.217042
15  1.719449 -0.000010 0.000022  -0.008228 -0.014703 -0.564566
16  1.099677 0.000047 0.000006  0.001781 0.004325 -0.471391
17  0.805994 -0.349048 1.321253  -2.049904 -1.030362 0.088196
18  1.789825 -0.000000 -0.000016  -0.021606 0.036793 -0.236747
19  1.207010 -0.000013 -0.000045  -0.009388 -0.000605 0.677765
20  5.740636 0.000410 -0.000704  0.080993 0.000003 0.000071
21  11.480781 -0.000058 -0.000533  0.091399 -0.068165 0.004754
22  6.027525 -0.000330 0.000203  -0.537703 -1.996873 -2.125203
23  0.000002 11.692100 -0.000007  -1.275360 -0.721575 -0.941948
24  0.000003 0.000007 -0.000001  1.836119 -0.000030 1.570739
25  -0.000000 -0.000012 -0.000001  0.868957 0.000002 1.570712
26  -4.645759 -6.650901 2.046262  1.473120 1.855075 -0.198639
27  6.027508 -0.000259 -0.000230  1.494479 0.520535 -0.613006
28  11.691990 0.000243 0.000857  0.245671 0.000077 -1.911432
29  11.478703 -0.001168 0.001142  -1.252612 0.549003 0.756265
30  3.840240 -0.256103 1.127581  0.375755 0.017196 -2.109855
31  1.312558 0.000026 -0.000000  -0.016738 -0.067215 -0.358753
32  0.729344 0.000065 -0.000028  0.010499 -0.002285 -1.003069
33  3.942046 0.050109 0.430998  0.318069 -0.062504 -1.724927
34  1.539097 0.000010 0.000000  0.007072 -0.088740 -0.961961
35  1.196297 0.000076 -0.000003  0.008893 -0.001311 -1.206604
36  3.883411 -0.050501 -0.431086  0.154352 -0.157823 -1.573639
37  1.719563 -0.000080 -0.000004  -0.024403 -0.068048 -1.595299
38  1.209196 0.000035 0.000010  0.007422 -0.002547 -0.459485
39  3.806437 -0.112148 -1.295328  0.071537 -0.199274 -0.144753
40  1.719413 -0.000100 -0.000035  0.120126 0.024136 -0.199374
41  1.099672 0.000025 0.000006  -0.007217 0.004190 0.131746
42  0.805979 -0.359853 -1.318338  1.330199 0.197557 -0.619517
43  1.789780 -0.000008 -0.000042  0.032550 0.123016 0.037179
44  1.206997 -0.000006 0.000005  0.000293 -0.001887 1.285959
45  5.740573 0.000056 0.000725  0.103305 -0.000014 0.000021
46  11.480685 -0.000197 0.000978  0.027276 0.104050 0.118872
47  6.027514 -0.000273 -0.000236  -0.677728 -0.654841 -1.728091
48  -0.000001 11.691972 -0.000006  -1.271676 0.717840 0.940503
49  0.000003 -0.000002 -0.000000  2.518198 -0.000041 1.570856
50  -0.000007 -0.000015 0.000005  2.272644 -0.000030 1.570865
51  -3.637831 -5.771285 -7.703860  -0.197668 -3.000690 1.378458
52  -0.000001 0.000000 -0.000001  0.008153 -0.000259 0.000009
53  0.000000 0.000000 0.000001  1.565115 0.043565 -0.106862
54  0.474215 -13.634259 -12.465708  1.667490 -0.839680 -2.094821
55  0.000000 0.000001 -0.000000  0.000000 -0.000000 -0.000002
56  0.000031 0.000030 0.000001  -1.571901 -0.044449 -0.106509
57  9.615651 -4.710391 -23.392632  1.570796 -0.000000 0.000000
58  -15.265000 7.133661 -18.583086  1.570796 -0.000000 0.000000
59  -1.523137 -2.740167 -4.071830  1.570796 -0.000000 0.000000
60  -0.004311 0.001230 -0.000371  0.006898 -0.005534 -0.284229
61  2.046263 7.371444 -3.388127  1.570796 -0.000000 0.000000
62  0.000000 0.000000 0.000000  -0.078727 -3.136056 0.284226
63  -3.061034 -2.790865 -0.402753  1.570796 -0.000000 0.000000
64  -3.063068 -14.055124 -3.149907  1.553388 0.030906 -0.000332
65  -0.005933 -2.262812 -2.946504  -0.000000 -0.000000 -0.000000
66  -0.007405 -0.385017 0.112676  -0.000000 -0.000000 -0.000000
67  -0.007403 -0.398124 12.763615  -0.000000 -0.000000 -0.000000
68  -0.007406 -3.312296 -1.336578  -0.000000 0.000000 -0.000000
69  -0.005934 0.810493 1.247789  -0.000000 -0.000000 -0.000000
70  0.000002 0.037560 1.926312  -0.000000 -0.000000 -0.000000
71  -3.206622 -14.782265 -7.880116  1.544475 0.114462 -0.002592
72  0.184182 1.994351 -0.809969  0.000000 -0.000000 -0.000000
73  -0.114187 1.780465 -0.801675  0.000000 -0.000000 -0.000000
74  0.076509 1.501417 -0.809970  0.000000 -0.000000 -0.000000
time 11
0  0.000006 0.000000 0.000000  -1.570800 -1.391899 -1.570792
1  -3.518106 3.420410 -1.527451  -1.544956 -1.855077 -0.198630
2  6.027517 -0.000321 0.000200  -1.009930 -0.176262 -0.952365
3  11.692107 0.000645 -0.000739  0.972277 -0.000044 -1.830879
4  11.479632 -0.001085 0.000290  1.932804 -0.524465 0.120397
5  3.859509 -0.142883 -1.192049  -0.375440 0.323218 -0.492086
6  1.312586 0.000011 0.000007  -0.000016 0.000050 -0.225751
7  0.729357 0.000055 0.000045  0.000022 0.000016 -0.001523
8  3.942144 0.046271 -0.431512  -0.109785 0.127977 -0.398668
9  1.539110 0.000085 0.000006  -0.000002 0.000022 -0.033854
10  1.196334 0.000145 0.000029  0.000016 0.000015 -0.172717
11  3.883504 -0.047272 0.431382  0.087437 -0.014492 -0.175595
12  1.719573 -0.000027 0.000015  0.001186 0.005390 -0.152543
13  1.209178 0.000091 0.000012  0.000793 0.002988 0.041618
14  3.859663 -0.138478 1.332410  0.310170 -0.179537 -0.138389
15  1.719449 -0.000014 0.000022  0.000893 0.003971 -0.149032
16  1.099675 0.000050 0.000006  0.000661 0.002492 0.013673
17  0.805995 -0.349052 1.321254  -2.135518 -0.991272 0.196012
18  1.789824 -0.000001 -0.000017  -0.022675 0.035683 -0.271052
19  1.207009 -0.000012 -0.000045  -0.009096 -0.001269 0.584181
20  5.740637 0.000409 -0.000702  0.067737 0.000003 0.000071
21  11.480936 -0.000010 -0.000600  0.078481 -0.077969 0.033182
22  6.027525 -0.000330 0.000203  -0.530873 -1.924303 -2.019737
23  0.000002 11.692101 -0.000007  -1.223936 -0.668549 -0.918984
24  0.000003 0.000008 0.000000  1.841386 -0.000030 1.570739
25  -0.000000 -0.000012 -0.000000  0.868957 0.000002 1.570712
26  -4.645759 -6.650901 2.046262  1.473120 1.855075 -0.198639
27  6.027508 -0.000259 -0.000230  1.493722 0.521029 -0.613385
28  11.691991 0.000243 0.000856  0.245671 0.000077 -1.909374
29  11.478721 -0.001159 0.001139  -1.267791 0.558499 0.750770
30  3.840239 -0.256104 1.127580  0.375755 0.017196 -2.109855
31  1.312558 0.000026 0.000000  -0.016738 -0.067215 -0.358753
32  0.729345 0.000065 -0.000027  0.010499 -0.002285 -1.003070
33  3.942046 0.050109 0.430996  0.318069 -0.062504 -1.724927
34  1.539097 0.000011 -0.000001  0.007072 -0.088740 -0.961961
35  1.196298 0.000076 -0.000003  0.008893 -0.001311 -1.206604
36  3.883411 -0.050502 -0.431088  0.154352 -0.157823 -1.573639
37  1.719563 -0.000078 -0.000004  -0.024403 -0.068048 -1.595299
38  1.209197 0.000036 0.000011  0.007422 -0.002547 -0.459485
39  3.806435 -0.112148 -1.295329  0.071537 -0.199274 -0.144753
40  1.719412 -0.000100 -0.000034  0.120126 0.024136 -0.199374
41  1.099673 0.000025 0.000007  -0.007217 0.004190 0.131746
42  0.805978 -0.359854 -1.318339  1.330199 0.197557 -0.619517
43  1.789779 -0.000009 -0.000042  0.032550 0.123016 0.037179
44  1.206997 -0.000006 0.000005  0.000293 -0.001887 1.285959
45  5.740572 0.000055 0.000724  0.100040 -0.000014 0.000021
46  11.480689 -0.000196 0.000977  0.024032 0.104844 0.118348
47  6.027514 -0.000273 -0.000236  -0.678652 -0.655213 -1.727531
48  -0.000003 11.691973 -0.000005  -1.270446 0.716571 0.939982
49  0.000003 -0.000002 -0.000001  2.518198 -0.000041 1.570856
50  -0.000007 -0.000015 0.000005  2.272644 -0.000030 1.570865
51  -3.635572 -5.788317 -7.717890  -0.209603 -2.993500 1.371927
52  -0.000000 0.000000 -0.000000  0.008153 -0.000259 0.000009
53  -0.000001 -0.000000 -0.000001  1.565115 0.043565 -0.106862
54  0.887531 -13.485558 -14.323197  1.625076 -0.682160 -1.983825
55  -0.000001 0.000000 -0.000000  0.000000 -0.000000 -0.000002
56  0.000030 0.000030 0.000001  -1.571901 -0.044449 -0.106509
57  11.624706 -3.647899 -22.408615  1.570796 -0.000000 0.000000
58  -15.265000 7.133661 -18.583086  1.570796 -0.000000 0.000000
59  -1.523137 -2.740167 -4.071830  1.570796 -0.000000 0.000000
60  -0.004311 0.001230 -0.000371  0.006898 -0.005534 -0.284229
61  2.046263 7.371444 -3.388127  1.570796 -0.000000 0.000000
62  0.000000 0.000000 0.000000  -0.078727 -3.136056 0.284226
63  -3.061034 -2.790865 -0.402753  1.570796 -0.000000 0.000000
64  -3.069747 -14.055124 -3.131979  1.548569 0.043867 -0.008763
65  -0.005933 -2.262812 -2.946503  0.000000 0.000000 0.000000
66  -0.007406 -0.385017 0.112676  0.000000 0.000000 0.000000
67  -0.007403 -0.398124 12.763614  0.000000 0.000000 0.000000
68  -0.007406 -3.312297 -1.336578  0.000000 0.000000 0.000000
69  -0.005934 0.810492 1.247790  0.000000 0.000000 0.000000
70  0.000002 0.037560 1.926311  0.000000 0.000000 0.000000
71  -3.374508 -15.609078 -10.104996  1.762089 0.097920 -0.001692
72  0.184183 1.994350 -0.809970  -0.000000 -0.000000 -0.000000
73  -0.114187 1.780464 -0.801675  -0.000000 -0.000000 -0.000000
74  0.076510 1.501416 -0.809969  -0.000000 -0.000000 -0.000000
time 12
0  0.000006 0.000000 0.000000  -1.570800 -1.391899 -1.570792
1  -3.518106 3.420410 -1.527451  -1.544956 -1.855077 -0.198630
2  6.027517 -0.000323 0.000200  -0.797517 -0.204178 -0.856122
3  11.692109 0.000645 -0.000739  0.728266 -0.000032 -1.648130
4  11.479342 -0.001193 0.000086  1.793998 -0.765275 0.408030
5  3.859509 -0.142881 -1.192050  -0.319535 0.378537 -0.329815
6  1.312587 0.000013 0.000007  -0.000010 0.000051 -0.120405
7  0.729356 0.000053 0.000046  0.000023 0.000013 0.103321
8  3.942142 0.046271 -0.431512  -0.087763 0.143930 -0.236544
9  1.539112 0.000082 0.000005  -0.000000 0.000022 0.072526
10  1.196332 0.000147 0.000029  0.000018 0.000013 -0.034932
11  3.883505 -0.047269 0.431381  0.084072 -0.028080 -0.017834
12  1.719573 -0.000026 0.000015  0.001813 0.005212 -0.034402
13  1.209181 0.000091 0.000012  0.001194 0.002852 0.178838
14  3.859662 -0.138476 1.332409  0.274259 -0.231369 0.037142
15  1.719449 -0.000010 0.000022  0.001432 0.003810 -0.010764
16  1.099674 0.000049 0.000006  0.000996 0.002379 0.150893
17  0.659977 -0.442758 1.112030  -1.857756 -1.066098 -0.154921
18  1.789825 -0.000002 -0.000014  -0.010523 0.022795 -0.091130
19  1.207011 -0.000011 -0.000045  -0.004867 -0.001059 0.377589
20  5.740637 0.000411 -0.000702  0.080767 0.000003 0.000070
21  11.480876 -0.000029 -0.000639  0.068957 -0.122485 0.083639
22  6.027525 -0.000330 0.000203  -1.138374 -1.795920 -1.298355
23  0.000001 11.692101 -0.000007  -1.116660 -0.559964 -0.862770
24  0.000004 0.000009 -0.000001  1.597370 -0.000031 1.570739
25  -0.000001 -0.000011 -0.000001  0.868957 0.000002 1.570712
26  -4.645759 -6.650901 2.046262  1.473120 1.855075 -0.198639
27  6.027508 -0.000259 -0.000230  1.486780 0.526202 -0.616943
28  11.691990 0.000243 0.000855  0.245671 0.000077 -1.909938
29  11.478713 -0.001160 0.001140  -1.248624 0.568778 0.763424
30  3.840239 -0.256104 1.127580  0.375755 0.017196 -2.109855
31  1.312558 0.000025 0.000001  -0.016738 -0.067215 -0.358753
32  0.729345 0.000065 -0.000027  0.010499 -0.002285 -1.003070
33  3.942045 0.050109 0.430997  0.318069 -0.062504 -1.724927
34  1.539097 0.000010 -0.000001  0.007072 -0.088740 -0.961961
35  1.196300 0.000075 -0.000004  0.008893 -0.001311 -1.206604
36  3.883410 -0.050502 -0.431087  0.154352 -0.157823 -1.573639
37  1.719563 -0.000080 -0.000003  -0.024403 -0.068048 -1.595299
38  1.209196 0.000036 0.000011  0.007422 -0.002547 -0.459485
39  3.806437 -0.112148 -1.295329  0.071537 -0.199274 -0.144753
40  1.719411 -0.000100 -0.000034  0.120126 0.024136 -0.199374
41  1.099672 0.000025 0.000007  -0.007217 0.004190 0.131746
42  0.805978 -0.359854 -1.318338  1.330199 0.197557 -0.619517
43  1.789780 -0.000009 -0.000042  0.032550 0.123016 0.037179
44  1.206997 -0.000006 0.000005  0.000293 -0.001886 1.285959
45  5.740571 0.000057 0.000723  0.103931 -0.000014 0.000021
46  11.480686 -0.000196 0.000978  0.026158 0.108081 0.119166
47  6.027514 -0.000273 -0.000236  -0.687880 -0.658295 -1.721984
48  -0.000003 11.691974 -0.000006  -1.270783 0.716918 0.940125
49  0.000004 -0.000002 -0.000001  2.518197 -0.000041 1.570856
50  -0.000007 -0.000014 0.000004  2.272644 -0.000030 1.570865
51  -3.527794 -5.783149 -7.710112  -0.194215 -2.997315 1.365723
52  -0.000000 0.000000 -0.000000  0.008153 -0.000259 0.000009
53  -0.000000 -0.000000 0.000000  1.565115 0.043565 -0.106862
54  0.641237 -12.898926 -17.254452  1.423973 -0.478801 -1.746739
55  0.000001 0.000000 0.000000  0.000000 -0.000000 -0.000002
56  0.000031 0.000030 0.000001  -1.571901 -0.044449 -0.106509
57  14.265925 -3.840940 -21.209223  1.570796 -0.000000 0.000000
58  -15.265000 7.133661 -18.583086  1.570796 -0.000000 0.000000
59  -1.523137 -2.740167 -4.071830  1.570796 -0.000000 0.000000
60  -0.004311 0.001230 -0.000371  0.006898 -0.005534 -0.284229
61  2.046263 7.371444 -3.388127  1.570796 -0.000000 0.000000
62  0.000000 0.000000 0.000000  -0.078727 -3.136056 0.284226
63  -3.061034 -2.790865 -0.402753  1.570796 -0.000000 0.000000
64  -3.066664 -14.055124 -3.121795  1.549420 0.028196 -0.012695
65  -0.005933 -2.262812 -2.946503  -0.000000 -0.000000 0.000000
66  -0.007405 -0.385017 0.112677  -0.000000 -0.000000 0.000000
67  -0.007403 -0.398124 12.763616  -0.000000 -0.000000 0.000000
68  -0.007406 -3.312297 -1.336577  -0.000000 0.000000 0.000000
69  -0.005934 0.810493 1.247791  -0.000000 -0.000000 0.000000
70  0.000001 0.037559 1.926310  -0.000000 -0.000000 0.000000
71  -3.342522 -16.735516 -12.909616  2.088958 0.008499 0.018540
72  0.184183 1.994351 -0.809969  0.000000 0.000000 -0.000000
73  -0.114187 1.780463 -0.801673  0.000000 0.000000 -0.000000
74  0.076509 1.501415 -0.809969  0.000000 0.000000 -0.000000
time 13
0  0.000006 0.000000 0.000000  -1.570800 -1.391899 -1.570792
1  -3.518106 3.420410 -1.527451  -1.544956 -1.855077 -0.198630
2  6.027516 -0.000323 0.000199  -0.590204 -0.245384 -0.749538
3  11.692109 0.000643 -0.000740  0.459379 -0.000026 -1.551227
4  11.480047 -0.000808 -0.000418  1.573524 -0.969772 0.552442
5  3.859509 -0.142881 -1.192050  -0.295403 0.397291 -0.266039
6  1.312588 0.000012 0.000006  -0.000008 0.000051 -0.064367
7  0.729358 0.000052 0.000045  0.000024 0.000012 0.159861
8  3.942144 0.046274 -0.431513  -0.078553 0.149132 -0.173486
9  1.539111 0.000084 0.000005  0.000001 0.000022 0.127530
10  1.196333 0.000146 0.000029  0.000018 0.000013 -0.011332
11  3.883505 -0.047269 0.431381  0.082054 -0.033533 0.047675
12  1.719573 -0.000025 0.000015  0.002037 0.005129 0.008844
13  1.209179 0.000090 0.000012  0.001262 0.002822 0.203003
14  3.859663 -0.138476 1.332409  0.244532 -0.262654 0.158567
15  1.719447 -0.000013 0.000022  0.001519 0.003776 0.012353
16  1.099677 0.000049 0.000006  0.001053 0.002354 0.175058
17  0.513961 -0.536467 0.902807  -1.503465 -1.083320 -0.569735
18  1.789825 -0.000003 -0.000017  -0.000905 0.008367 0.088584
19  1.207009 -0.000012 -0.000047  -0.001008 0.000019 0.236461
20  5.740636 0.000410 -0.000704  0.105663 0.000003 0.000071
21  11.481015 0.000048 -0.000741  0.048104 -0.168789 0.090315
22  6.027525 -0.000330 0.000203  -1.989480 -1.839838 -0.317068
23  0.000003 11.692100 -0.000006  -1.059730 -0.504558 -0.829089
24  0.000005 0.000009 -0.000001  1.328480 -0.000031 1.570738
25  -0.000000 -0.000011 -0.000001  0.868957 0.000002 1.570712
26  -4.645759 -6.650901 2.046262  1.473120 1.855075 -0.198639
27  6.027508 -0.000259 -0.000229  1.477987 0.530862 -0.621389
28  11.691990 0.000243 0.000857  0.245672 0.000077 -1.910252
29  11.478711 -0.001163 0.001141  -1.215110 0.574172 0.776447
30  3.840240 -0.256104 1.127580  0.375755 0.017196 -2.109855
31  1.312558 0.000026 -0.000000  -0.016738 -0.067215 -0.358753
32  0.729344 0.000065 -0.000026  0.010499 -0.002285 -1.003070
33  3.942046 0.050109 0.430996  0.318069 -0.062504 -1.724927
34  1.539097 0.000010 -0.000000  0.007072 -0.088740 -0.961961
35  1.196299 0.000075 -0.000004  0.008893 -0.001311 -1.206604
36  3.883412 -0.050501 -0.431088  0.154352 -0.157823 -1.573639
37  1.719563 -0.000078 -0.000003  -0.024403 -0.068048 -1.595299
38  1.209197 0.000036 0.000011  0.007422 -0.002547 -0.459485
39  3.806436 -0.112147 -1.295330  0.071537 -0.199274 -0.144753
40  1.719411 -0.000100 -0.000034  0.120126 0.024136 -0.199374
41  1.099671 0.000025 0.000007  -0.007217 0.004190 0.131746
42  0.805979 -0.359854 -1.318339  1.330199 0.197557 -0.619517
43  1.789780 -0.000009 -0.000043  0.032550 0.123016 0.037179
44  1.206996 -0.000006 0.000005  0.000293 -0.001887 1.285959
45  5.740572 0.000055 0.000724  0.110338 -0.000014 0.000021
46  11.480686 -0.000197 0.000977  0.031182 0.111294 0.119311
47  6.027514 -0.000273 -0.000236  -0.697502 -0.662948 -1.716091
48  -0.000000 11.691974 -0.000006  -1.270970 0.717112 0.940204
49  0.000005 -0.000001 -0.000000  2.518198 -0.000041 1.570856
50  -0.000006 -0.000015 0.000005  2.272644 -0.000030 1.570865
51  -3.409084 -5.775348 -7.721630  -0.165817 -3.005169 1.364511
52  -0.000001 0.000000 -0.000001  0.008153 -0.000259 0.000009
53  -0.000000 0.000000 -0.000001  1.565115 0.043565 -0.106862
54  1.118778 -11.772325 -19.284660  1.263880 -0.325917 -1.680247
55  0.000000 -0.000002 -0.000000  0.000000 -0.000000 -0.000002
56  0.000032 0.000029 0.000001  -1.571902 -0.044449 -0.106509
57  17.907406 -4.384678 -19.598724  1.570796 -0.000000 0.000000
58  -15.265000 7.133661 -18.583086  1.570796 -0.000000 0.000000
59  -1.523137 -2.740167 -4.071830  1.570796 -0.000000 0.000000
60  -0.004311 0.001230 -0.000371  0.006898 -0.005534 -0.284229
61  2.046263 7.371444 -3.388127  1.570796 -0.000000 0.000000
62  0.000000 0.000000 0.000000  -0.078727 -3.136056 0.284226
63  -3.061034 -2.790865 -0.402753  1.570796 -0.000000 0.000000
64  -3.058711 -14.055124 -3.137594  1.551695 -0.000910 -0.009903
65  -0.005933 -2.262813 -2.946504  -0.000000 0.000000 -0.000000
66  -0.007405 -0.385017 0.112676  -0.000000 0.000000 -0.000000
67  -0.007403 -0.398124 12.763615  -0.000000 0.000000 -0.000000
68  -0.007406 -3.312297 -1.336578  -0.000000 0.000000 -0.000000
69  -0.005934 0.810492 1.247789  -0.000000 0.000000 -0.000000
70  0.000001 0.037560 1.926311  -0.000000 0.000000 -0.000000
71  -3.011498 -17.447182 -16.015013  2.437983 -0.116389 0.052885
72  0.184182 1.994353 -0.809967  0.000000 0.000000 0.000000
73  -0.114187 1.780467 -0.801672  0.000000 0.000000 0.000000
74  0.076509 1.501418 -0.809966  0.000000 0.000000 0.000000
time 14
0  0.000006 0.000000 0.000000  -1.570800 -1.391899 -1.570792
1  -3.518106 3.420410 -1.527451  -1.544956 -1.855077 -0.198630
2  6.027516 -0.000325 0.000199  -0.390125 -0.227702 -0.615953
3  11.692107 0.000643 -0.000740  0.636189 -0.000026 -1.556256
4  11.480010 -0.000886 -0.000257  0.928084 -0.938012 0.844530
5  3.859509 -0.142880 -1.192050  -0.346803 0.348294 -0.390284
6  1.312588 0.000013 0.000008  -0.000842 -0.004201 -0.086325
7  0.729358 0.000055 0.000048  0.000738 -0.000144 0.139758
8  3.942143 0.046274 -0.431513  -0.166467 0.112980 -0.298423
9  1.539109 0.000084 0.000008  -0.003505 -0.007246 0.101762
10  1.196333 0.000144 0.000030  0.000640 -0.000024 -0.210266
11  3.883505 -0.047270 0.431381  -0.006284 -0.025797 -0.065740
12  1.719573 -0.000025 0.000014  -0.002697 0.000480 -0.061595
13  1.209180 0.000090 0.000012  0.002152 0.002847 -0.049712
14  3.888571 -0.178521 1.334715  0.183000 -0.222622 0.105930
15  1.719450 -0.000008 0.000022  -0.008728 -0.007230 -0.185661
16  1.099676 0.000049 0.000007  0.002499 0.003226 -0.071485
17  0.554343 -0.510549 0.960672  -1.464577 -1.079103 -0.575957
18  1.789826 -0.000001 -0.000013  -0.003707 0.009946 0.003564
19  1.207009 -0.000013 -0.000042  -0.001963 -0.000812 0.239640
20  5.740636 0.000409 -0.000703  0.048346 0.000003 0.000071
21  11.481007 0.000034 -0.000710  -0.038954 -0.193025 0.083686
22  6.027525 -0.000330 0.000203  0.646880 -1.187027 -2.797683
23  0.000002 11.692099 -0.000008  -1.062693 -0.507392 -0.830899
24  0.000005 0.000011 -0.000002  1.505291 -0.000030 1.570739
25  -0.000001 -0.000011 -0.000001  0.868957 0.000002 1.570712
26  -4.645759 -6.650901 2.046262  1.473120 1.855075 -0.198639
27  6.027508 -0.000259 -0.000229  1.474149 0.531890 -0.623267
28  11.691991 0.000243 0.000856  0.245671 0.000077 -1.911294
29  11.478703 -0.001167 0.001143  -1.196904 0.572633 0.783379
30  3.840239 -0.256103 1.127581  0.375755 0.017196 -2.109855
31  1.312558 0.000028 0.000000  -0.016738 -0.067215 -0.358753
32  0.729345 0.000065 -0.000028  0.010499 -0.002285 -1.003070
33  3.942045 0.050110 0.430996  0.318069 -0.062504 -1.724927
34  1.539096 0.000011 0.000000  0.007072 -0.088740 -0.961961
35  1.196299 0.000075 -0.000004  0.008893 -0.001311 -1.206604
36  3.883412 -0.050502 -0.431087  0.154352 -0.157823 -1.573639
37  1.719563 -0.000080 -0.000003  -0.024403 -0.068048 -1.595299
38  1.209196 0.000036 0.000011  0.007422 -0.002547 -0.459485
39  3.806435 -0.112147 -1.295329  0.071537 -0.199274 -0.144753
40  1.719410 -0.000099 -0.000035  0.120126 0.024136 -0.199374
41  1.099673 0.000025 0.000006  -0.007217 0.004190 0.131746
42  0.805979 -0.359854 -1.318339  1.330199 0.197557 -0.619517
43  1.789778 -0.000010 -0.000042  0.032550 0.123016 0.037179
44  1.206996 -0.000007 0.000006  0.000293 -0.001887 1.285959
45  5.740572 0.000056 0.000724  0.113823 -0.000014 0.000021
46  11.480684 -0.000197 0.000978  0.034265 0.112231 0.119555
47  6.027514 -0.000273 -0.000236  -0.700594 -0.665413 -1.714118
48  -0.000002 11.691973 -0.000006  -1.271593 0.717755 0.940468
49  0.000005 -0.000001 0.000000  2.518198 -0.000041 1.570856
50  -0.000007 -0.000016 0.000005  2.272644 -0.000030 1.570865
51  -3.362092 -5.762168 -7.730763  -0.150966 -3.011494 1.366843
52  0.000000 -0.000000 0.000000  0.008153 -0.000259 0.000009
53  -0.000000 0.000000 -0.000001  1.565115 0.043565 -0.106862
54  2.458515 -9.613362 -20.672432  1.073998 -0.251993 -1.812362
55  -0.000000 0.000000 0.000001  0.000000 -0.000000 -0.000002
56  0.000030 0.000030 0.000001  -1.571901 -0.044449 -0.106509
57  21.630283 -5.082834 -17.974323  1.570796 -0.000000 0.000000
58  -15.265000 7.133661 -18.583086  1.570796 -0.000000 0.000000
59  -1.523137 -2.740167 -4.071830  1.570796 -0.000000 0.000000
60  -0.004311 0.001230 -0.000371  0.006898 -0.005534 -0.284229
61  2.046263 7.371444 -3.388127  1.570796 -0.000000 0.000000
62  0.000000 0.000000 0.000000  -0.078727 -3.136056 0.284226
63  -3.061034 -2.790865 -0.402753  1.570796 -0.000000 0.000000
64  -3.047836 -14.055124 -3.167983  1.555012 -0.016584 -0.005626
65  -0.005933 -2.262813 -2.946502  -0.000000 -0.000000 -0.000000
66  -0.007405 -0.385017 0.112678  -0.000000 -0.000000 -0.000000
67  -0.007403 -0.398124 12.763617  -0.000000 -0.000000 -0.000000
68  -0.007406 -3.312297 -1.336577  -0.000000 0.000000 -0.000000
69  -0.005934 0.810492 1.247791  -0.000000 -0.000000 -0.000000
70  0.000002 0.037560 1.926312  -0.000000 -0.000000 -0.000000
71  -2.672832 -17.619408 -19.279596  2.751585 -0.227557 0.089656
72  0.184184 1.994349 -0.809967  0.000000 -0.000000 0.000000
73  -0.114186 1.780465 -0.801672  0.000000 -0.000000 0.000000
74  0.076510 1.501414 -0.809965  0.000000 -0.000000 0.000000
time 15
0  0.000006 0.000000 0.000000  -1.570800 -1.391899 -1.570792
1  -3.518106 3.420410 -1.527451  -1.544956 -1.855077 -0.198630
2  6.027515 -0.000325 0.000200  -0.173505 -0.181029 -0.541709
3  11.692108 0.000642 -0.000740  0.980246 -0.000024 -1.527809
4  11.480232 -0.000845 -0.000058  0.181387 -0.917197 1.190866
5  3.859508 -0.142879 -1.192051  -0.428609 0.226404 -0.635710
6  1.312591 0.000012 0.000006  -0.001804 -0.012081 -0.170486
7  0.729357 0.000053 0.000045  0.002063 -0.000333 0.058979
8  3.942142 0.046274 -0.431513  -0.313462 0.004936 -0.546344
9  1.539110 0.000082 0.000005  -0.007767 -0.021325 0.010675
10  1.196332 0.000145 0.000029  0.001786 0.000362 -0.639171
11  3.883504 -0.047268 0.431380  -0.169377 -0.049442 -0.305220
12  1.719572 -0.000025 0.000016  -0.009868 -0.009542 -0.234701
13  1.209179 0.000092 0.000012  0.003590 0.003678 -0.613908
14  3.964192 -0.283265 1.340749  0.068215 -0.155580 -0.010320
15  1.719448 -0.000013 0.000023  -0.019400 -0.034304 -0.612220
16  1.099675 0.000046 0.000006  0.004210 0.006141 -0.607221
17  0.659976 -0.442756 1.112031  -1.458762 -1.068106 -0.555576
18  1.789826 -0.000001 -0.000014  -0.008585 0.012615 -0.092240
19  1.207009 -0.000014 -0.000046  -0.003942 -0.001749 0.261926
20  5.740637 0.000410 -0.000704  -0.033887 0.000003 0.000070
21  11.481050 0.000046 -0.000673  -0.126493 -0.244190 0.066465
22  6.027525 -0.000330 0.000203  0.348164 -1.015131 -2.411553
23  0.000002 11.692099 -0.000007  -1.045915 -0.491424 -0.820569
24  0.000004 0.000009 -0.000003  1.849347 -0.000030 1.570738
25  -0.000000 -0.000011 -0.000001  0.868957 0.000002 1.570712
26  -4.645759 -6.650901 2.046262  1.473120 1.855075 -0.198639
27  6.027508 -0.000259 -0.000229  1.477384 0.529826 -0.621584
28  11.691992 0.000243 0.000856  0.245671 0.000078 -1.913562
29  11.478681 -0.001176 0.001143  -1.203529 0.566098 0.784853
30  3.840240 -0.256103 1.127582  0.375755 0.017196 -2.109855
31  1.312558 0.000025 -0.000000  -0.016738 -0.067215 -0.358753
32  0.729345 0.000065 -0.000026  0.010499 -0.002285 -1.003069
33  3.942046 0.050109 0.430997  0.318069 -0.062504 -1.724927
34  1.539096 0.000009 -0.000000  0.007073 -0.088740 -0.961961
35  1.196299 0.000076 -0.000005  0.008893 -0.001311 -1.206604
36  3.883412 -0.050502 -0.431086  0.154352 -0.157823 -1.573639
37  1.719563 -0.000079 -0.000003  -0.024402 -0.068048 -1.595299
38  1.209198 0.000035 0.000011  0.007422 -0.002547 -0.459485
39  3.806436 -0.112148 -1.295328  0.071537 -0.199274 -0.144753
40  1.719412 -0.000100 -0.000035  0.120126 0.024136 -0.199374
41  1.099672 0.000024 0.000007  -0.007217 0.004190 0.131746
42  0.805979 -0.359854 -1.318337  1.330199 0.197557 -0.619517
43  1.789780 -0.000010 -0.000042  0.032550 0.123016 0.037179
44  1.206996 -0.000007 0.000005  0.000293 -0.001887 1.285959
45  5.740571 0.000056 0.000723  0.112872 -0.000014 0.000021
46  11.480679 -0.000200 0.000978  0.033548 0.110655 0.120572
47  6.027514 -0.000273 -0.000236  -0.696636 -0.663885 -1.716515
48  -0.000002 11.691973 -0.000006  -1.272948 0.719154 0.941040
49  0.000004 -0.000001 0.000000  2.518198 -0.000041 1.570856
50  -0.000007 -0.000015 0.000005  2.272644 -0.000030 1.570865
51  -3.398996 -5.744553 -7.714427  -0.158634 -3.014048 1.369904
52  -0.000001 0.000000 -0.000000  0.008153 -0.000259 0.000009
53  0.000001 -0.000000 0.000001  1.565115 0.043565 -0.106862
54  3.806658 -6.828219 -21.989716  0.809595 -0.313588 -2.007634
55  -0.000001 0.000001 0.000001  0.000000 -0.000000 -0.000002
56  0.000029 0.000030 0.000001  -1.571902 -0.044449 -0.106509
57  24.232826 -5.626573 -16.847406  1.570796 -0.000000 0.000000
58  -15.265000 7.133661 -18.583086  1.570796 -0.000000 0.000000
59  -1.523137 -2.740167 -4.071830  1.570796 -0.000000 0.000000
60  -0.004311 0.001230 -0.000371  0.006898 -0.005534 -0.284229
61  2.046263 7.371444 -3.388127  1.570796 -0.000000 0.000000
62  0.000000 0.000000 0.000000  -0.078727 -3.136056 0.284226
63  -3.061034 -2.790865 -0.402753  1.570796 -0.000000 0.000000
64  -3.035988 -14.055124 -3.187453  1.559010 -0.009630 -0.003603
65  -0.005933 -2.262813 -2.946502  -0.000000 -0.000000 -0.000000
66  -0.007405 -0.385017 0.112677  -0.000000 -0.000000 -0.000000
67  -0.007402 -0.398124 12.763614  -0.000000 -0.000000 -0.000000
68  -0.007405 -3.312297 -1.336578  -0.000000 0.000000 -0.000000
69  -0.005934 0.810492 1.247790  -0.000000 -0.000000 -0.000000
70  0.000002 0.037559 1.926312  -0.000000 -0.000000 -0.000000
71  -2.643118 -17.652981 -22.615925  2.979021 -0.293939 0.116986
72  0.184183 1.994352 -0.809969  0.000000 0.000000 -0.000000
73  -0.114187 1.780464 -0.801674  0.000000 0.000000 -0.000000
74  0.076510 1.501417 -0.809969  0.000000 0.000000 -0.000000
time 16
0  0.000006 0.000000 0.000000  -1.570800 -1.391899 -1.570792
1  -3.518106 3.420410 -1.527451  -1.544956 -1.855077 -0.198630
2  6.027515 -0.000325 0.000200  -0.088188 -0.160305 -0.529830
3  11.692110 0.000641 -0.000739  1.122948 -0.000022 -1.499729
4  11.480460 -0.000784 -0.000063  -0.377200 -0.945973 1.610236
5  3.859510 -0.142880 -1.192048  -0.481054 0.049391 -0.931871
6  1.312590 0.000012 0.000005  0.000125 -0.020147 -0.361986
7  0.729358 0.000052 0.000048  0.003428 -0.000037 -0.129094
8  3.942145 0.046272 -0.431510  -0.417553 -0.172694 -0.847326
9  1.539111 0.000085 0.000005  -0.006727 -0.036770 -0.187810
10  1.196333 0.000144 0.000027  0.002533 0.001491 -1.179661
11  3.883505 -0.047270 0.431383  -0.313193 -0.142880 -0.610528
12  1.719573 -0.000026 0.000016  -0.012843 -0.022288 -0.515946
13  1.209179 0.000090 0.000015  0.003562 0.005836 -1.335974
14  4.039813 -0.388014 1.346785  -0.051752 -0.118293 -0.170225
15  1.719448 -0.000011 0.000022  -0.010696 -0.065430 -1.150926
16  1.099675 0.000049 0.000007  0.003124 0.010005 -1.257270
17  0.765611 -0.374967 1.263391  -1.601096 -1.054773 -0.407020
18  1.789824 -0.000001 -0.000015  -0.012611 0.015728 -0.104615
19  1.207011 -0.000013 -0.000046  -0.006608 -0.001182 0.508177
20  5.740636 0.000409 -0.000702  -0.062964 0.000003 0.000071
21  11.481093 0.000057 -0.000674  -0.148193 -0.305603 0.052315
22  6.027525 -0.000330 0.000203  0.273628 -0.939193 -2.323338
23  0.000003 11.692101 -0.000007  -1.029309 -0.475813 -0.810162
24  0.000002 0.000009 0.000002  1.992047 -0.000030 1.570739
25  -0.000000 -0.000012 -0.000001  0.868957 0.000002 1.570712
26  -4.645759 -6.650901 2.046262  1.473120 1.855075 -0.198639
27  6.027508 -0.000259 -0.000229  1.482955 0.528001 -0.618850
28  11.691989 0.000243 0.000856  0.245671 0.000078 -1.916264
29  11.478659 -0.001186 0.001147  -1.218670 0.559644 0.786907
30  3.840240 -0.256104 1.127581  0.375755 0.017196 -2.109855
31  1.312558 0.000027 0.000001  -0.016738 -0.067215 -0.358753
32  0.729345 0.000066 -0.000027  0.010499 -0.002285 -1.003069
33  3.942046 0.050109 0.430997  0.318069 -0.062504 -1.724927
34  1.539097 0.000009 0.000000  0.007072 -0.088740 -0.961961
35  1.196300 0.000077 -0.000004  0.008893 -0.001311 -1.206604
36  3.883413 -0.050502 -0.431087  0.154352 -0.157823 -1.573639
37  1.719563 -0.000079 -0.000004  -0.024403 -0.068048 -1.595299
38  1.209198 0.000036 0.000011  0.007422 -0.002547 -0.459485
39  3.806437 -0.112148 -1.295330  0.071537 -0.199274 -0.144753
40  1.719414 -0.000100 -0.000035  0.120126 0.024136 -0.199374
41  1.099672 0.000024 0.000007  -0.007217 0.004190 0.131746
42  0.805979 -0.359854 -1.318338  1.330199 0.197557 -0.619517
43  1.789780 -0.000009 -0.000042  0.032550 0.123016 0.037179
44  1.206998 -0.000007 0.000005  0.000293 -0.001887 1.285959
45  5.740571 0.000055 0.000725  0.110563 -0.000014 0.000021
46  11.480675 -0.000202 0.000979  0.031270 0.108583 0.122222
47  6.027514 -0.000273 -0.000236  -0.691799 -0.660434 -1.719566
48  -0.000002 11.691974 -0.000006  -1.274564 0.720822 0.941719
49  0.000004 -0.000001 -0.000001  2.518198 -0.000041 1.570856
50  -0.000007 -0.000015 0.000005  2.272644 -0.000030 1.570865
51  -3.452778 -5.727326 -7.676352  -0.174608 -3.015282 1.371420
52  -0.000001 0.000000 -0.000001  0.008153 -0.000259 0.000009
53  0.000000 -0.000000 0.000000  1.565115 0.043565 -0.106862
54  4.309845 -5.679889 -22.467321  0.608291 -0.508229 -2.017750
55  0.000000 0.000000 -0.000000  0.000000 -0.000000 -0.000002
56  0.000031 0.000029 0.000000  -1.571902 -0.044449 -0.106509
57  25.106377 -5.819613 -16.470789  1.570796 -0.000000 0.000000
58  -15.265000 7.133661 -18.583086  1.570796 -0.000000 0.000000
59  -1.523137 -2.740167 -4.071830  1.570796 -0.000000 0.000000
60  -0.004311 0.001230 -0.000371  0.006898 -0.005534 -0.284229
61  2.046263 7.371444 -3.388127  1.570796 -0.000000 0.000000
62  0.000000 0.000000 0.000000  -0.078727 -3.136056 0.284226
63  -3.061034 -2.790865 -0.402753  1.570796 -0.000000 0.000000
64  -3.025113 -14.057743 -3.191698  1.563311 0.005671 -0.004117
65  -0.005933 -2.262812 -2.946503  -0.000000 -0.000000 -0.000000
66  -0.007405 -0.385017 0.112677  -0.000000 -0.000000 -0.000000
67  -0.007403 -0.398124 12.763615  -0.000000 -0.000000 -0.000000
68  -0.007406 -3.312297 -1.336579  -0.000000 0.000000 0.000000
69  -0.005934 0.810492 1.247789  -0.000000 -0.000000 -0.000000
70  0.000001 0.037560 1.926312  -0.000000 -0.000000 -0.000000
71  -2.818302 -17.604263 -25.882757  3.070561 -0.308337 0.125441
72  0.184182 1.994351 -0.809971  0.000000 -0.000000 0.000000
73  -0.114187 1.780466 -0.801678  0.000000 -0.000000 0.000000
74  0.076509 1.501417 -0.809972  0.000000 -0.000000 0.000000
time 17
0  0.000006 0.000000 0.000000  -1.570800 -1.391899 -1.570792
1  -3.518106 3.420410 -1.527451  -1.544956 -1.855077 -0.198630
2  6.027515 -0.000325 0.000200  -0.098752 -0.150500 -0.530932
3  11.692110 0.000641 -0.000739  1.122884 -0.000023 -1.499386
4  11.480463 -0.000783 -0.000066  -0.370603 -0.956769 1.595770
5  3.859509 -0.142880 -1.192049  -0.485474 -0.070627 -1.100744
6  1.312589 0.000012 0.000007  0.002595 -0.024287 -0.490653
7  0.729357 0.000054 0.000048  0.004134 0.000360 -0.255888
8  3.942144 0.046273 -0.431511  -0.445672 -0.285579 -1.020671
9  1.539111 0.000084 0.000002  -0.004062 -0.045111 -0.320276
10  1.196332 0.000145 0.000029  0.002603 0.002239 -1.480994
11  3.883504 -0.047269 0.431383  -0.373212 -0.216241 -0.785554
12  1.719573 -0.000026 0.000016  -0.012261 -0.029645 -0.692173
13  1.209179 0.000091 0.000012  0.002706 0.006910 -1.723011
14  4.068720 -0.428059 1.349091  -0.118961 -0.114455 -0.267267
15  1.719450 -0.000011 0.000023  0.001631 -0.078371 -1.452022
16  1.099675 0.000048 0.000005  0.001470 0.011490 -1.603515
17  0.805994 -0.349051 1.321255  -1.721079 -1.039627 -0.285868
18  1.789825 -0.000000 -0.000017  -0.014683 0.017530 -0.106404
19  1.207007 -0.000014 -0.000047  -0.008057 -0.000173 0.734835
20  5.740638 0.000410 -0.000703  -0.064831 0.000003 0.000071
21  11.481096 0.000058 -0.000675  -0.147238 -0.304294 0.049300
22  6.027525 -0.000330 0.000203  0.261142 -0.951507 -2.315952
23  0.000002 11.692100 -0.000008  -1.029106 -0.475623 -0.810034
24  0.000002 0.000011 -0.000003  1.991983 -0.000031 1.570739
25  -0.000001 -0.000012 -0.000001  0.868957 0.000002 1.570712
26  -4.645759 -6.650901 2.046262  1.473120 1.855075 -0.198639
27  6.027508 -0.000259 -0.000229  1.488624 0.526633 -0.616124
28  11.691991 0.000244 0.000856  0.245671 0.000078 -1.918531
29  11.478641 -0.001196 0.001149  -1.233734 0.553492 0.789227
30  3.840240 -0.256103 1.127580  0.375755 0.017196 -2.109855
31  1.312558 0.000027 0.000000  -0.016738 -0.067215 -0.358753
32  0.729345 0.000065 -0.000026  0.010499 -0.002285 -1.003069
33  3.942047 0.050109 0.430996  0.318069 -0.062504 -1.724927
34  1.539096 0.000010 0.000001  0.007073 -0.088740 -0.961961
35  1.196298 0.000076 -0.000003  0.008893 -0.001311 -1.206604
36  3.883412 -0.050501 -0.431087  0.154352 -0.157823 -1.573639
37  1.719563 -0.000078 -0.000004  -0.024403 -0.068048 -1.595299
38  1.209196 0.000036 0.000011  0.007422 -0.002547 -0.459485
39  3.806436 -0.112148 -1.295330  0.071537 -0.199274 -0.144753
40  1.719411 -0.000099 -0.000034  0.120126 0.024136 -0.199374
41  1.099673 0.000024 0.000007  -0.007217 0.004190 0.131746
42  0.805980 -0.359854 -1.318339  1.330199 0.197557 -0.619517
43  1.789780 -0.000009 -0.000042  0.032550 0.123016 0.037179
44  1.206998 -0.000007 0.000005  0.000293 -0.001887 1.285959
45  5.740574 0.000055 0.000724  0.108280 -0.000014 0.000021
46  11.480674 -0.000203 0.000979  0.028965 0.106565 0.123886
47  6.027514 -0.000273 -0.000236  -0.687463 -0.656677 -1.722346
48  -0.000001 11.691972 -0.000005  -1.275920 0.722222 0.942286
49  0.000004 -0.000002 -0.000001  2.518198 -0.000041 1.570856
50  -0.000006 -0.000015 0.000005  2.272644 -0.000030 1.570865
51  -3.505211 -5.714470 -7.635690  -0.190565 -3.016477 1.372482
52  -0.000000 -0.000000 -0.000001  0.008153 -0.000259 0.000009
53  0.000001 -0.000000 -0.000000  1.565115 0.043565 -0.106862
54  4.309848 -5.679889 -22.470072  0.608291 -0.508229 -2.017750
55  -0.000001 -0.000000 -0.000000  0.000000 -0.000000 -0.000002
56  0.000029 0.000028 -0.000002  -1.571901 -0.044449 -0.106509
57  24.889713 -5.501520 -16.471035  1.570796 -0.000000 0.000000
58  -15.265000 7.133661 -18.583086  1.570796 -0.000000 0.000000
59  -1.523137 -2.740167 -4.071830  1.570796 -0.000000 0.000000
60  -0.004311 0.001230 -0.000371  0.006898 -0.005534 -0.284229
61  2.046263 7.371444 -3.388127  1.570796 -0.000000 0.000000
62  0.000000 0.000000 0.000000  -0.078727 -3.136056 0.284226
63  -3.061034 -2.790865 -0.402753  1.570796 -0.000000 0.000000
64  -3.017160 -14.064498 -3.193878  1.567539 0.020973 -0.004999
65  -0.005933 -2.262813 -2.946505  -0.000000 -0.000000 -0.000000
66  -0.007405 -0.385017 0.112676  -0.000000 -0.000000 -0.000000
67  -0.007403 -0.398124 12.763613  -0.000000 -0.000000 -0.000000
68  -0.007406 -3.312297 -1.336578  -0.000000 0.000000 -0.000000
69  -0.005934 0.810492 1.247789  -0.000000 -0.000000 -0.000000
70  0.000002 0.037560 1.926310  -0.000000 -0.000000 -0.000000
71  -0.130275 -7.340964 -16.577112  1.830322 -0.284724 -0.204376
72  0.184183 1.994352 -0.809969  -0.000000 -0.000000 -0.000000
73  -0.114187 1.780465 -0.801675  -0.000000 -0.000000 -0.000000
74  0.076509 1.501416 -0.809969  -0.000000 -0.000000 -0.000000
time 18
0  0.000006 0.000000 0.000000  -1.570800 -1.391899 -1.570792
1  -3.518106 3.420410 -1.527451  -1.544956 -1.855077 -0.198630
2  6.027515 -0.000325 0.000200  -0.126817 -0.119917 -0.542360
3  11.692109 0.000643 -0.000739  1.122447 -0.000022 -1.498229
4  11.480474 -0.000778 -0.000071  -0.348451 -0.988279 1.550395
5  3.859509 -0.142881 -1.192050  -0.484431 -0.092771 -1.098122
6  1.312590 0.000012 0.000006  0.002595 -0.024287 -0.490653
7  0.729358 0.000053 0.000043  0.004134 0.000360 -0.255888
8  3.942143 0.046273 -0.431513  -0.445672 -0.285579 -1.020671
9  1.539111 0.000083 0.000002  -0.004062 -0.045111 -0.320276
10  1.196332 0.000146 0.000032  0.002603 0.002239 -1.480994
11  3.883506 -0.047269 0.431380  -0.373212 -0.216241 -0.785554
12  1.719573 -0.000027 0.000015  -0.012261 -0.029645 -0.692173
13  1.209180 0.000090 0.000014  0.002706 0.006910 -1.723011
14  4.068722 -0.428058 1.349089  -0.118961 -0.114455 -0.267267
15  1.719449 -0.000011 0.000022  0.001631 -0.078371 -1.452022
16  1.099675 0.000048 0.000006  0.001470 0.011490 -1.603514
17  0.805994 -0.349050 1.321252  -1.721080 -1.039627 -0.285868
18  1.789823 -0.000001 -0.000016  -0.014683 0.017530 -0.106404
19  1.207010 -0.000013 -0.000044  -0.008057 -0.000173 0.734835
20  5.740635 0.000411 -0.000702  -0.069596 0.000003 0.000070
21  11.481094 0.000060 -0.000676  -0.144447 -0.300310 0.040425
22  6.027525 -0.000330 0.000203  0.217913 -0.984803 -2.295544
23  0.000002 11.692099 -0.000006  -1.028420 -0.474983 -0.809601
24  0.000002 0.000008 -0.000000  1.991546 -0.000031 1.570739
25  -0.000000 -0.000012 -0.000000  0.868957 0.000002 1.570712
26  -4.645759 -6.650901 2.046262  1.473120 1.855075 -0.198639
27  6.027508 -0.000259 -0.000229  1.491727 0.526873 -0.614708
28  11.691990 0.000243 0.000856  0.245671 0.000078 -1.920106
29  11.478626 -0.001203 0.001151  -1.239552 0.550028 0.794077
30  3.840239 -0.256103 1.127581  0.375755 0.017196 -2.109855
31  1.312559 0.000027 0.000000  -0.016738 -0.067215 -0.358753
32  0.729344 0.000066 -0.000027  0.010499 -0.002285 -1.003070
33  3.942046 0.050110 0.430997  0.318069 -0.062504 -1.724927
34  1.539096 0.000009 -0.000000  0.007072 -0.088740 -0.961961
35  1.196299 0.000076 -0.000004  0.008893 -0.001311 -1.206604
36  3.883412 -0.050502 -0.431086  0.154352 -0.157823 -1.573639
37  1.719563 -0.000079 -0.000003  -0.024403 -0.068048 -1.595299
38  1.209197 0.000035 0.000011  0.007422 -0.002547 -0.459485
39  3.806436 -0.112147 -1.295329  0.071537 -0.199274 -0.144753
40  1.719412 -0.000099 -0.000035  0.120126 0.024136 -0.199374
41  1.099672 0.000024 0.000007  -0.007217 0.004190 0.131746
42  0.805979 -0.359854 -1.318338  1.330199 0.197557 -0.619517
43  1.789780 -0.000009 -0.000042  0.032550 0.123016 0.037179
44  1.206997 -0.000006 0.000005  0.000293 -0.001887 1.285959
45  5.740572 0.000054 0.000723  0.107701 -0.000014 0.000021
46  11.480670 -0.000206 0.000979  0.027998 0.105648 0.125336
47  6.027514 -0.000273 -0.000236  -0.686222 -0.654170 -1.723247
48  -0.000002 11.691972 -0.000005  -1.276863 0.723196 0.942680
49  0.000003 -0.000003 -0.000000  2.518198 -0.000041 1.570856
50  -0.000007 -0.000015 0.000005  2.272644 -0.000030 1.570865
51  -3.524188 -5.706285 -7.601093  -0.198175 -3.018856 1.372392
52  0.000000 0.000000 -0.000000  0.008153 -0.000259 0.000009
53  -0.000000 0.000000 0.000000  1.565115 0.043565 -0.106862
54  4.187874 -5.622926 -22.489090  0.599244 -0.507768 -2.014381
55  0.000001 0.000001 0.000000  0.000000 -0.000000 -0.000002
56  0.000030 0.000029 0.000001  -1.571901 -0.044449 -0.106509
57  24.224199 -4.560464 -16.473072  1.570796 -0.000000 0.000000
58  -15.265000 7.133661 -18.583086  1.570796 -0.000000 0.000000
59  -1.523137 -2.740167 -4.071830  1.570796 -0.000000 0.000000
60  -0.004311 0.001230 -0.000371  0.006898 -0.005534 -0.284229
61  2.046263 7.371444 -3.388127  1.570796 -0.000000 0.000000
62  0.000000 0.000000 0.000000  -0.078727 -3.136056 0.284226
63  -3.061034 -2.790865 -0.402753  1.570796 -0.000000 0.000000
64  -3.014077 -14.073733 -3.194682  1.571324 0.027928 -0.005938
65  -0.005933 -2.262813 -2.946503  0.000000 -0.000000 0.000000
66  -0.007405 -0.385017 0.112677  0.000000 -0.000000 0.000000
67  -0.007403 -0.398125 12.763615  0.000000 -0.000000 0.000000
68  -0.007406 -3.312297 -1.336578  0.000000 0.000000 0.000000
69  -0.005934 0.810492 1.247790  0.000000 -0.000000 0.000000
70  0.000002 0.037560 1.926312  0.000000 -0.000000 0.000000
71  -0.213021 -7.302006 -16.571857  1.832745 -0.277157 -0.206079
72  0.184182 1.994352 -0.809970  -0.000000 0.000000 0.000000
73  -0.114187 1.780465 -0.801676  -0.000000 0.000000 0.000000
74  0.076509 1.501417 -0.809970  -0.000000 0.000000 0.000000
time 19
0  0.000006 0.000000 0.000000  -1.570800 -1.391899 -1.570792
1  -3.518106 3.420410 -1.527451  -1.544956 -1.855077 -0.198630
2  6.027515 -0.000325 0.000201  -0.271773 -0.103695 -0.556906
3  11.692107 0.000644 -0.000739  1.121282 -0.000023 -1.515780
4  11.480330 -0.000817 0.000010  -0.220966 -1.064187 1.343037
5  3.859511 -0.142879 -1.192048  -0.483909 -0.113773 -1.094031
6  1.312590 0.000013 0.000007  0.002595 -0.024287 -0.490653
7  0.729358 0.000054 0.000044  0.004134 0.000360 -0.255888
8  3.942144 0.046273 -0.431510  -0.445672 -0.285579 -1.020671
9  1.539111 0.000084 0.000005  -0.004062 -0.045111 -0.320276
10  1.196332 0.000145 0.000030  0.002603 0.002239 -1.480994
11  3.883505 -0.047269 0.431382  -0.373212 -0.216241 -0.785554
12  1.719573 -0.000027 0.000017  -0.012261 -0.029645 -0.692172
13  1.209179 0.000092 0.000012  0.002706 0.006910 -1.723011
14  4.068722 -0.428057 1.349093  -0.118961 -0.114455 -0.267267
15  1.719449 -0.000011 0.000025  0.001631 -0.078371 -1.452023
16  1.099674 0.000048 0.000008  0.001470 0.011490 -1.603515
17  0.805994 -0.349051 1.321254  -1.721079 -1.039627 -0.285868
18  1.789826 -0.000001 -0.000016  -0.014683 0.017530 -0.106404
19  1.207010 -0.000014 -0.000045  -0.008057 -0.000173 0.734835
20  5.740635 0.000410 -0.000700  -0.109934 0.000003 0.000070
21  11.481068 0.000052 -0.000659  -0.139889 -0.283107 0.014842
22  6.027525 -0.000330 0.000203  0.244436 -1.129186 -2.349452
23  0.000001 11.692100 -0.000005  -1.038807 -0.484717 -0.816136
24  0.000002 0.000009 0.000001  1.990382 -0.000030 1.570739
25  -0.000000 -0.000011 -0.000000  0.868957 0.000002 1.570712
26  -4.645759 -6.650901 2.046262  1.473120 1.855075 -0.198639
27  6.027508 -0.000259 -0.000229  1.492429 0.528250 -0.614480
28  11.691990 0.000243 0.000855  0.245671 0.000078 -1.920953
29  11.478617 -0.001208 0.001151  -1.236626 0.548957 0.800358
30  3.840239 -0.256104 1.127580  0.375755 0.017196 -2.109855
31  1.312558 0.000026 -0.000001  -0.016738 -0.067215 -0.358753
32  0.729344 0.000065 -0.000027  0.010499 -0.002285 -1.003069
33  3.942046 0.050109 0.430995  0.318069 -0.062504 -1.724927
34  1.539097 0.000009 0.000000  0.007072 -0.088740 -0.961961
35  1.196299 0.000077 -0.000004  0.008893 -0.001311 -1.206604
36  3.883411 -0.050501 -0.431088  0.154352 -0.157823 -1.573639
37  1.719563 -0.000079 -0.000003  -0.024403 -0.068048 -1.595299
38  1.209196 0.000035 0.000012  0.007422 -0.002547 -0.459485
39  3.806435 -0.112147 -1.295330  0.071537 -0.199274 -0.144753
40  1.719412 -0.000100 -0.000034  0.120126 0.024136 -0.199374
41  1.099674 0.000025 0.000007  -0.007217 0.004190 0.131746
42  0.805979 -0.359853 -1.318340  1.330199 0.197557 -0.619517
43  1.789780 -0.000009 -0.000042  0.032550 0.123016 0.037179
44  1.206997 -0.000006 0.000005  0.000293 -0.001887 1.285959
45  5.740572 0.000055 0.000724  0.108673 -0.000014 0.000021
46  11.480668 -0.000206 0.000979  0.028352 0.105736 0.126416
47  6.027514 -0.000273 -0.000236  -0.687433 -0.653013 -1.722636
48  -0.000003 11.691973 -0.000006  -1.277370 0.723719 0.942891
49  0.000002 -0.000002 -0.000000  2.518198 -0.000041 1.570856
50  -0.000007 -0.000015 0.000005  2.272644 -0.000030 1.570865
51  -3.515404 -5.702670 -7.576564  -0.197596 -3.022047 1.371464
52  0.000000 0.000000 -0.000000  0.008153 -0.000259 0.000009
53  -0.000000 0.000000 -0.000001  1.565115 0.043565 -0.106862
54  3.954962 -7.023594 -22.042578  0.618027 -0.569081 -2.043212
55  0.000003 -0.000000 -0.000000  0.000000 -0.000000 -0.000002
56  0.000033 0.000029 0.000000  -1.571902 -0.044449 -0.106509
57  23.148041 -3.126655 -16.479488  1.570796 -0.000000 0.000000
58  -15.265000 7.133661 -18.583086  1.570796 -0.000000 0.000000
59  -1.523137 -2.740167 -4.071830  1.570796 -0.000000 0.000000
60  -0.004311 0.001230 -0.000371  0.006898 -0.005534 -0.284229
61  2.046263 7.371444 -3.388127  1.570796 -0.000000 0.000000
62  0.000000 0.000000 0.000000  -0.078727 -3.136056 0.284226
63  -3.061034 -2.790865 -0.402753  1.570796 -0.000000 0.000000
64  -3.017722 -14.083796 -3.194796  1.574347 0.026754 -0.006714
65  -0.005933 -2.262812 -2.946504  -0.000000 -0.000000 0.000000
66  -0.007405 -0.385017 0.112676  -0.000000 -0.000000 0.000000
67  -0.007403 -0.398124 12.763615  -0.000000 -0.000000 0.000000
68  -0.007405 -3.312297 -1.336579  -0.000000 0.000000 0.000000
69  -0.005934 0.810493 1.247789  -0.000000 -0.000000 0.000000
70  0.000001 0.037559 1.926312  -0.000000 -0.000000 0.000000
71  -0.398022 -8.246393 -15.979814  1.766829 -0.277529 -0.207221
72  0.184182 1.994350 -0.809970  -0.000000 0.000000 0.000000
73  -0.114188 1.780464 -0.801676  -0.000000 0.000000 0.000000
74  0.076509 1.501415 -0.809970  -0.000000 0.000000 0.000000
time 20
0  0.000006 0.000000 0.000000  -1.570800 -1.391899 -1.570792
1  -3.518106 3.420410 -1.527451  -1.544956 -1.855077 -0.198630
2  6.027516 -0.000324 0.000200  -0.529599 -0.148907 -0.627169
3  11.692109 0.000643 -0.000740  1.119063 -0.000023 -1.514164
4  11.480346 -0.000811 0.000001  0.073847 -1.127443 0.908055
5  3.859509 -0.142880 -1.192050  -0.483778 -0.133726 -1.089073
6  1.312590 0.000013 0.000009  0.002595 -0.024287 -0.490653
7  0.729357 0.000052 0.000045  0.004134 0.000360 -0.255888
8  3.942143 0.046273 -0.431513  -0.445672 -0.285579 -1.020671
9  1.539111 0.000083 0.000005  -0.004062 -0.045111 -0.320276
10  1.196332 0.000144 0.000029  0.002603 0.002239 -1.480994
11  3.883504 -0.047270 0.431380  -0.373212 -0.216241 -0.785554
12  1.719573 -0.000027 0.000013  -0.012261 -0.029645 -0.692173
13  1.209180 0.000090 0.000012  0.002706 0.006910 -1.723011
14  4.068721 -0.428058 1.349089  -0.118961 -0.114455 -0.267267
15  1.719447 -0.000012 0.000022  0.001631 -0.078371 -1.452022
16  1.099675 0.000047 0.000005  0.001470 0.011491 -1.603514
17  0.805994 -0.349050 1.321253  -1.721079 -1.039627 -0.285868
18  1.789827 -0.000002 -0.000017  -0.014683 0.017530 -0.106404
19  1.207011 -0.000014 -0.000045  -0.008057 -0.000174 0.734835
20  5.740637 0.000411 -0.000703  -0.155204 0.000003 0.000071
21  11.481073 0.000054 -0.000660  -0.138003 -0.252638 -0.023527
22  6.027525 -0.000330 0.000203  -2.422867 -1.797942 0.237789
23  0.000002 11.692100 -0.000007  -1.037851 -0.483819 -0.815538
24  0.000003 0.000009 -0.000001  1.988163 -0.000031 1.570739
25  -0.000001 -0.000011 -0.000001  0.868957 0.000002 1.570712
26  -4.645759 -6.650901 2.046262  1.473120 1.855075 -0.198639
27  6.027508 -0.000259 -0.000229  1.492980 0.529343 -0.614301
28  11.691991 0.000243 0.000855  0.245671 0.000078 -1.921329
29  11.478615 -0.001208 0.001151  -1.232421 0.547907 0.805115
30  3.840240 -0.256103 1.127579  0.375755 0.017196 -2.109855
31  1.312559 0.000025 0.000000  -0.016738 -0.067215 -0.358753
32  0.729346 0.000064 -0.000028  0.010499 -0.002285 -1.003069
33  3.942047 0.050109 0.430996  0.318069 -0.062504 -1.724927
34  1.539097 0.000010 -0.000000  0.007072 -0.088740 -0.961961
35  1.196299 0.000077 -0.000004  0.008893 -0.001311 -1.206604
36  3.883412 -0.050501 -0.431088  0.154352 -0.157823 -1.573639
37  1.719563 -0.000079 -0.000003  -0.024403 -0.068048 -1.595299
38  1.209197 0.000036 0.000011  0.007422 -0.002547 -0.459485
39  3.806436 -0.112148 -1.295330  0.071537 -0.199274 -0.144753
40  1.719412 -0.000100 -0.000035  0.120126 0.024136 -0.199374
41  1.099673 0.000024 0.000007  -0.007217 0.004190 0.131746
42  0.805979 -0.359854 -1.318339  1.330199 0.197557 -0.619517
43  1.789779 -0.000009 -0.000042  0.032550 0.123016 0.037179
44  1.206997 -0.000007 0.000005  0.000293 -0.001887 1.285959
45  5.740572 0.000055 0.000724  0.109778 -0.000014 0.000021
46  11.480667 -0.000206 0.000979  0.028997 0.105885 0.127123
47  6.027514 -0.000273 -0.000236  -0.688396 -0.652099 -1.722149
48  -0.000001 11.691973 -0.000006  -1.277595 0.723951 0.942985
49  0.000003 -0.000003 -0.000000  2.518198 -0.000041 1.570856
50  -0.000006 -0.000016 0.000005  2.272644 -0.000030 1.570865
51  -3.509590 -5.702264 -7.559097  -0.195251 -3.024725 1.370815
52  0.000000 -0.000000 -0.000000  0.008153 -0.000259 0.000009
53  0.000000 0.000000 -0.000000  1.565115 0.043565 -0.106862
54  3.336880 -10.246561 -20.826927  0.672918 -0.706988 -2.114140
55  0.000001 0.000000 0.000000  0.000000 -0.000000 -0.000002
56  0.000030 0.000028 0.000002  -1.571902 -0.044449 -0.106509
57  21.808144 -1.500350 -16.493128  1.570796 -0.000000 0.000000
58  -15.265000 7.133661 -18.583086  1.570796 -0.000000 0.000000
59  -1.523137 -2.740167 -4.071830  1.570796 -0.000000 0.000000
60  -0.004311 0.001230 -0.000371  0.006898 -0.005534 -0.284229
61  2.046263 7.371444 -3.388127  1.570796 -0.000000 0.000000
62  0.000000 0.000000 0.000000  -0.078727 -3.136056 0.284226
63  -3.061034 -2.790865 -0.402753  1.570796 -0.000000 0.000000
64  -3.027334 -14.093031 -3.194086  1.576529 0.023955 -0.007030
65  -0.005933 -2.262813 -2.946503  0.000000 -0.000000 0.000000
66  -0.007405 -0.385017 0.112677  0.000000 -0.000000 0.000000
67  -0.007403 -0.398124 12.763618  0.000000 -0.000000 0.000000
68  -0.007406 -3.312297 -1.336578  0.000000 0.000000 0.000000
69  -0.005934 0.810492 1.247789  0.000000 -0.000000 0.000000
70  0.000002 0.037559 1.926312  0.000000 -0.000000 0.000000
71  -0.866655 -10.428230 -14.542174  1.616285 -0.278613 -0.203974
72  0.184182 1.994352 -0.809969  0.000000 0.000000 -0.000000
73  -0.114187 1.780465 -0.801674  0.000000 0.000000 -0.000000
74  0.076509 1.501416 -0.809968  0.000000 0.000000 -0.000000
time 21
0  0.000006 0.000000 0.000000  -1.570800 -1.391899 -1.570792
1  -3.518106 3.420410 -1.527451  -1.544956 -1.855077 -0.198630
2  6.027517 -0.000324 0.000199  -0.748810 -0.270135 -0.731253
3  11.692111 0.000644 -0.000740  1.115486 -0.000020 -1.463671
4  11.478985 -0.001138 0.000659  0.343744 -1.117049 0.513332
5  3.859512 -0.142879 -1.192048  -0.483955 -0.152678 -1.083591
6  1.312590 0.000010 0.000006  0.002595 -0.024287 -0.490653
7  0.729358 0.000052 0.000045  0.004134 0.000360 -0.255888
8  3.942142 0.046272 -0.431512  -0.445672 -0.285579 -1.020671
9  1.539111 0.000083 0.000007  -0.004062 -0.045111 -0.320276
10  1.196332 0.000144 0.000027  0.002603 0.002239 -1.480994
11  3.883506 -0.047269 0.431382  -0.373212 -0.216241 -0.785554
12  1.719573 -0.000026 0.000016  -0.012261 -0.029645 -0.692173
13  1.209179 0.000092 0.000011  0.002706 0.006910 -1.723011
14  4.068723 -0.428058 1.349090  -0.118961 -0.114455 -0.267267
15  1.719448 -0.000012 0.000020  0.001631 -0.078371 -1.452023
16  1.099675 0.000049 0.000006  0.001470 0.011491 -1.603514
17  0.805995 -0.349051 1.321254  -1.721079 -1.039627 -0.285868
18  1.789828 -0.000003 -0.000017  -0.014683 0.017530 -0.106404
19  1.207008 -0.000014 -0.000044  -0.008057 -0.000173 0.734835
20  5.740638 0.000410 -0.000703  -0.163533 0.000003 0.000071
21  11.480804 -0.000012 -0.000528  -0.139915 -0.225111 -0.053283
22  6.027525 -0.000330 0.000203  -1.402776 -1.844803 -0.905657
23  0.000002 11.692101 -0.000007  -1.007909 -0.455995 -0.796496
24  0.000002 0.000009 -0.000001  1.984584 -0.000031 1.570739
25  -0.000001 -0.000012 -0.000001  0.868957 0.000002 1.570712
26  -4.645759 -6.650901 2.046262  1.473120 1.855075 -0.198639
27  6.027508 -0.000259 -0.000229  1.493751 0.529862 -0.613979
28  11.691989 0.000243 0.000856  0.245671 0.000078 -1.921424
29  11.478615 -0.001206 0.001152  -1.228203 0.546345 0.807838
30  3.840240 -0.256103 1.127580  0.375755 0.017196 -2.109855
31  1.312559 0.000025 -0.000001  -0.016738 -0.067215 -0.358753
32  0.729345 0.000066 -0.000027  0.010499 -0.002285 -1.003070
33  3.942047 0.050109 0.430997  0.318069 -0.062504 -1.724927
34  1.539097 0.000009 0.000000  0.007072 -0.088740 -0.961961
35  1.196299 0.000077 -0.000003  0.008893 -0.001311 -1.206604
36  3.883412 -0.050502 -0.431087  0.154352 -0.157823 -1.573639
37  1.719563 -0.000079 -0.000003  -0.024403 -0.068048 -1.595299
38  1.209196 0.000036 0.000012  0.007422 -0.002547 -0.459485
39  3.806437 -0.112148 -1.295329  0.071537 -0.199274 -0.144753
40  1.719411 -0.000099 -0.000034  0.120126 0.024136 -0.199374
41  1.099674 0.000025 0.000007  -0.007217 0.004190 0.131746
42  0.805979 -0.359854 -1.318338  1.330199 0.197557 -0.619517
43  1.789779 -0.000010 -0.000042  0.032550 0.123016 0.037179
44  1.206996 -0.000008 0.000005  0.000293 -0.001887 1.285959
45  5.740572 0.000057 0.000724  0.110788 -0.000014 0.000021
46  11.480667 -0.000204 0.000980  0.029770 0.105908 0.127459
47  6.027514 -0.000273 -0.000236  -0.688608 -0.651272 -1.722089
48  -0.000003 11.691973 -0.000005  -1.277652 0.724010 0.943009
49  0.000004 -0.000000 -0.000001  2.518198 -0.000041 1.570856
50  -0.000007 -0.000016 0.000005  2.272644 -0.000030 1.570865
51  -3.511641 -5.703524 -7.547777  -0.192206 -3.026664 1.370829
52  0.000000 0.000000 0.000000  0.008153 -0.000259 0.000009
53  0.000000 0.000000 0.000000  1.565115 0.043565 -0.106862
54  2.545807 -13.628185 -19.041685  0.750811 -0.844124 -2.199464
55  0.000001 0.000000 0.000001  0.000000 -0.000000 -0.000002
56  0.000031 0.000029 0.000001  -1.571901 -0.044449 -0.106509
57  20.427696 -0.066541 -16.515772  1.570796 -0.000000 0.000000
58  -15.265000 7.133661 -18.583086  1.570796 -0.000000 0.000000
59  -1.523137 -2.740167 -4.071830  1.570796 -0.000000 0.000000
60  -0.004311 0.001230 -0.000371  0.006898 -0.005534 -0.284229
61  2.046263 7.371444 -3.388127  1.570796 -0.000000 0.000000
62  0.000000 0.000000 0.000000  -0.078727 -3.136056 0.284226
63  -3.061034 -2.790865 -0.402753  1.570796 -0.000000 0.000000
64  -3.040923 -14.099786 -3.192083  1.577852 0.020615 -0.006635
65  -0.005933 -2.262813 -2.946504  0.000000 0.000000 0.000000
66  -0.007405 -0.385017 0.112677  0.000000 0.000000 0.000000
67  -0.007403 -0.398124 12.763615  0.000000 0.000000 0.000000
68  -0.007405 -3.312297 -1.336577  0.000000 0.000000 0.000000
69  -0.005934 0.810493 1.247789  0.000000 0.000000 0.000000
70  0.000002 0.037560 1.926312  0.000000 0.000000 0.000000
71  -1.460958 -12.766002 -12.685325  1.462428 -0.278295 -0.192254
72  0.184183 1.994351 -0.809969  0.000000 0.000000 -0.000000
73  -0.114187 1.780464 -0.801674  0.000000 0.000000 -0.000000
74  0.076509 1.501416 -0.809969  0.000000 0.000000 -0.000000
time 22
0  0.000006 0.000000 0.000000  -1.570800 -1.391899 -1.570792
1  -3.518106 3.420410 -1.527451  -1.544956 -1.855077 -0.198630
2  6.027518 -0.000324 0.000198  -0.869175 -0.367574 -0.794150
3  11.692108 0.000643 -0.000739  1.110264 -0.000020 -1.463760
4  11.478977 -0.001143 0.000657  0.489836 -1.036379 0.327125
5  3.859509 -0.142879 -1.192049  -0.484383 -0.170646 -1.077803
6  1.312590 0.000013 0.000008  0.002595 -0.024287 -0.490653
7  0.729359 0.000052 0.000043  0.004134 0.000360 -0.255888
8  3.942143 0.046273 -0.431512  -0.445672 -0.285579 -1.020671
9  1.539111 0.000085 0.000003  -0.004062 -0.045111 -0.320276
10  1.196333 0.000144 0.000029  0.002603 0.002239 -1.480994
11  3.883503 -0.047270 0.431381  -0.373212 -0.216241 -0.785554
12  1.719573 -0.000026 0.000012  -0.012261 -0.029645 -0.692173
13  1.209180 0.000090 0.000013  0.002706 0.006910 -1.723011
14  4.068720 -0.428058 1.349090  -0.118961 -0.114455 -0.267267
15  1.719449 -0.000011 0.000021  0.001631 -0.078371 -1.452023
16  1.099674 0.000050 0.000007  0.001470 0.011490 -1.603514
17  0.805995 -0.349050 1.321253  -1.721079 -1.039627 -0.285868
18  1.789826 -0.000001 -0.000017  -0.014683 0.017530 -0.106404
19  1.207008 -0.000012 -0.000045  -0.008057 -0.000174 0.734835
20  5.740637 0.000408 -0.000703  -0.154021 0.000003 0.000071
21  11.480801 -0.000015 -0.000528  -0.142852 -0.201010 -0.059223
22  6.027525 -0.000330 0.000203  -1.162487 -1.973009 -1.233639
23  0.000002 11.692099 -0.000007  -1.007962 -0.456044 -0.796530
24  0.000003 0.000010 -0.000001  1.979361 -0.000031 1.570739
25  -0.000001 -0.000012 -0.000000  0.868957 0.000002 1.570712
26  -4.645759 -6.650901 2.046262  1.473120 1.855075 -0.198639
27  6.027508 -0.000259 -0.000229  1.494832 0.529646 -0.613463
28  11.691989 0.000243 0.000856  0.245671 0.000078 -1.921425
29  11.478614 -0.001206 0.001151  -1.225145 0.544350 0.808354
30  3.840239 -0.256104 1.127580  0.375755 0.017196 -2.109855
31  1.312559 0.000025 0.000001  -0.016738 -0.067215 -0.358753
32  0.729346 0.000065 -0.000028  0.010499 -0.002285 -1.003070
33  3.942046 0.050110 0.430997  0.318069 -0.062504 -1.724927
34  1.539097 0.000009 0.000001  0.007072 -0.088740 -0.961961
35  1.196299 0.000076 -0.000004  0.008893 -0.001311 -1.206604
36  3.883412 -0.050502 -0.431088  0.154352 -0.157823 -1.573639
37  1.719563 -0.000081 -0.000004  -0.024403 -0.068048 -1.595299
38  1.209197 0.000036 0.000012  0.007422 -0.002547 -0.459485
39  3.806435 -0.112148 -1.295330  0.071537 -0.199274 -0.144753
40  1.719411 -0.000100 -0.000035  0.120126 0.024136 -0.199374
41  1.099674 0.000026 0.000007  -0.007217 0.004190 0.131746
42  0.805979 -0.359854 -1.318338  1.330199 0.197557 -0.619517
43  1.789780 -0.000008 -0.000042  0.032550 0.123016 0.037179
44  1.206997 -0.000006 0.000005  0.000293 -0.001887 1.285959
45  5.740572 0.000057 0.000724  0.111480 -0.000014 0.000021
46  11.480666 -0.000204 0.000980  0.030462 0.105742 0.127460
47  6.027514 -0.000273 -0.000236  -0.687841 -0.650534 -1.722583
48  -0.000002 11.691972 -0.000006  -1.277653 0.724011 0.943009
49  0.000004 -0.000002 -0.000000  2.518198 -0.000041 1.570856
50  -0.000007 -0.000015 0.000005  2.272644 -0.000030 1.570865
51  -3.522970 -5.704724 -7.542392  -0.189527 -3.027639 1.371470
52  -0.000001 0.000000 0.000000  0.008153 -0.000259 0.000009
53  0.000000 0.000000 -0.000000  1.565115 0.043565 -0.106862
54  1.891943 -15.474738 -17.170984  0.796295 -0.911021 -2.231297
55  0.000000 0.000001 -0.000000  0.000000 -0.000000 -0.000002
56  0.000030 0.000029 0.000001  -1.571901 -0.044449 -0.106509
57  19.207939 0.874516 -16.547361  1.570796 -0.000000 0.000000
58  -15.265000 7.133661 -18.583086  1.570796 -0.000000 0.000000
59  -1.523137 -2.740167 -4.071830  1.570796 -0.000000 0.000000
60  -0.004311 0.001230 -0.000371  0.006898 -0.005534 -0.284229
61  2.046263 7.371444 -3.388127  1.570796 -0.000000 0.000000
62  0.000000 0.000000 0.000000  -0.078727 -3.136056 0.284226
63  -3.061034 -2.790865 -0.402753  1.570796 -0.000000 0.000000
64  -3.056500 -14.102405 -3.188977  1.578298 0.017816 -0.005680
65  -0.005933 -2.262813 -2.946502  0.000000 0.000000 0.000000
66  -0.007405 -0.385017 0.112677  0.000000 0.000000 0.000000
67  -0.007403 -0.398125 12.763614  0.000000 0.000000 0.000000
68  -0.007406 -3.312297 -1.336577  0.000000 0.000000 0.000000
69  -0.005934 0.810492 1.247790  0.000000 0.000000 0.000000
70  0.000002 0.037560 1.926314  0.000000 0.000000 0.000000
71  -2.010542 -14.174402 -10.824288  1.386737 -0.274339 -0.168422
72  0.184183 1.994350 -0.809968  0.000000 0.000000 -0.000000
73  -0.114187 1.780463 -0.801674  0.000000 0.000000 -0.000000
74  0.076510 1.501416 -0.809969  0.000000 0.000000 -0.000000
time 23
0  0.000006 0.000000 0.000000  -1.570800 -1.391899 -1.570792
1  -3.518106 3.420410 -1.527451  -1.544956 -1.855077 -0.198630
2  6.027518 -0.000324 0.000198  -0.925966 -0.396470 -0.814671
3  11.692108 0.000643 -0.000739  1.103131 -0.000024 -1.534488
4  11.480183 -0.000861 0.000076  0.557550 -0.929605 0.297721
5  3.859509 -0.142879 -1.192049  -0.485014 -0.187633 -1.071865
6  1.312590 0.000012 0.000006  0.002595 -0.024287 -0.490653
7  0.729358 0.000054 0.000044  0.004134 0.000360 -0.255888
8  3.942144 0.046273 -0.431513  -0.445672 -0.285579 -1.020671
9  1.539111 0.000083 0.000006  -0.004062 -0.045111 -0.320276
10  1.196333 0.000146 0.000028  0.002603 0.002239 -1.480994
11  3.883506 -0.047268 0.431380  -0.373212 -0.216241 -0.785554
12  1.719573 -0.000027 0.000012  -0.012261 -0.029645 -0.692173
13  1.209180 0.000091 0.000013  0.002706 0.006910 -1.723011
14  4.068721 -0.428058 1.349090  -0.118961 -0.114455 -0.267267
15  1.719449 -0.000012 0.000021  0.001631 -0.078371 -1.452023
16  1.099674 0.000049 0.000006  0.001470 0.011490 -1.603515
17  0.805995 -0.349050 1.321252  -1.721079 -1.039627 -0.285868
18  1.789824 -0.000002 -0.000017  -0.014683 0.017530 -0.106404
19  1.207011 -0.000014 -0.000045  -0.008057 -0.000173 0.734835
20  5.740637 0.000408 -0.000705  -0.144010 0.000003 0.000071
21  11.481042 0.000041 -0.000645  -0.143623 -0.180576 -0.046863
22  6.027525 -0.000330 0.000203  -1.082654 -2.023218 -1.348023
23  0.000003 11.692099 -0.000007  -1.049858 -0.495159 -0.823014
24  0.000003 0.000009 -0.000000  1.972231 -0.000031 1.570739
25  -0.000000 -0.000011 -0.000001  0.868957 0.000002 1.570712
26  -4.645759 -6.650901 2.046262  1.473120 1.855075 -0.198639
27  6.027508 -0.000259 -0.000229  1.496071 0.527972 -0.612776
28  11.691991 0.000243 0.000855  0.245671 0.000078 -1.922393
29  11.478608 -0.001210 0.001154  -1.224390 0.542490 0.806681
30  3.840240 -0.256104 1.127580  0.375755 0.017196 -2.109855
31  1.312558 0.000024 -0.000000  -0.016738 -0.067215 -0.358753
32  0.729344 0.000067 -0.000027  0.010499 -0.002285 -1.003070
33  3.942046 0.050109 0.430997  0.318069 -0.062504 -1.724927
34  1.539096 0.000008 -0.000000  0.007072 -0.088740 -0.961961
35  1.196299 0.000076 -0.000003  0.008893 -0.001311 -1.206604
36  3.883413 -0.050501 -0.431087  0.154352 -0.157823 -1.573639
37  1.719563 -0.000079 -0.000004  -0.024403 -0.068048 -1.595299
38  1.209197 0.000036 0.000011  0.007422 -0.002547 -0.459485
39  3.806437 -0.112147 -1.295329  0.071537 -0.199274 -0.144753
40  1.719411 -0.000099 -0.000034  0.120126 0.024136 -0.199374
41  1.099672 0.000025 0.000007  -0.007217 0.004190 0.131746
42  0.805979 -0.359854 -1.318338  1.330199 0.197557 -0.619517
43  1.789779 -0.000009 -0.000042  0.032551 0.123016 0.037179
44  1.206996 -0.000006 0.000005  0.000293 -0.001887 1.285959
45  5.740573 0.000055 0.000723  0.111655 -0.000014 0.000021
46  11.480666 -0.000207 0.000980  0.030819 0.105416 0.127175
47  6.027514 -0.000273 -0.000236  -0.685359 -0.650319 -1.724025
48  -0.000000 11.691973 -0.000005  -1.278232 0.724609 0.943250
49  0.000003 -0.000001 -0.000000  2.518198 -0.000041 1.570856
50  -0.000006 -0.000015 0.000005  2.272644 -0.000030 1.570865
51  -3.543937 -5.695312 -7.544415  -0.188242 -3.027229 1.372572
52  0.000000 0.000000 0.000000  0.008153 -0.000259 0.000009
53  0.000000 0.000000 0.000000  1.565115 0.043565 -0.106862
54  1.488617 -15.835526 -15.757589  0.790422 -0.925750 -2.190392
55  0.000001 -0.000000 -0.000000  0.000000 -0.000000 -0.000002
56  0.000031 0.000029 0.000000  -1.571901 -0.044449 -0.106509
57  18.261639 1.192609 -16.586514  1.570796 -0.000000 0.000000
58  -15.265000 7.133661 -18.583086  1.570796 -0.000000 0.000000
59  -1.523137 -2.740167 -4.071830  1.570796 -0.000000 0.000000
60  -0.004311 0.001230 -0.000371  0.006898 -0.005534 -0.284229
61  2.046263 7.371444 -3.388127  1.570796 -0.000000 0.000000
62  0.000000 0.000000 0.000000  -0.078727 -3.136056 0.284226
63  -3.061034 -2.790865 -0.402753  1.570796 -0.000000 0.000000
64  -3.072078 -14.089556 -3.184959  1.577649 0.016642 -0.004442
65  -0.005933 -2.262812 -2.946502  0.000000 0.000000 0.000000
66  -0.007405 -0.385017 0.112678  0.000000 0.000000 0.000000
67  -0.007402 -0.398124 12.763616  0.000000 0.000000 0.000000
68  -0.007405 -3.312297 -1.336577  0.000000 0.000000 0.000000
69  -0.005934 0.810493 1.247790  0.000000 0.000000 0.000000
70  0.000002 0.037559 1.926310  0.000000 0.000000 0.000000
71  -2.385371 -14.614472 -9.377772  1.375010 -0.264246 -0.129063
72  0.184183 1.994349 -0.809970  0.000000 -0.000000 0.000000
73  -0.114187 1.780463 -0.801676  0.000000 -0.000000 0.000000
74  0.076509 1.501415 -0.809971  0.000000 -0.000000 0.000000
time 24
0  0.000006 0.000000 0.000000  -1.570800 -1.391899 -1.570792
1  -3.518106 3.420410 -1.527451  -1.544956 -1.855077 -0.198630
2  6.027518 -0.000324 0.000198  -0.945832 -0.410726 -0.836947
3  11.692108 0.000644 -0.000738  1.093844 -0.000026 -1.569529
4  11.479913 -0.000935 0.000217  0.595077 -0.885931 0.326632
5  3.859509 -0.142880 -1.192048  -0.485808 -0.203630 -1.065897
6  1.312590 0.000012 0.000008  0.002595 -0.024287 -0.490653
7  0.729357 0.000055 0.000047  0.004134 0.000360 -0.255888
8  3.942144 0.046272 -0.431512  -0.445672 -0.285579 -1.020671
9  1.539111 0.000085 0.000004  -0.004062 -0.045111 -0.320276
10  1.196332 0.000143 0.000029  0.002603 0.002239 -1.480994
11  3.883505 -0.047270 0.431382  -0.373212 -0.216241 -0.785554
12  1.719573 -0.000027 0.000012  -0.012261 -0.029645 -0.692173
13  1.209179 0.000090 0.000012  0.002706 0.006910 -1.723011
14  4.068721 -0.428059 1.349090  -0.118961 -0.114455 -0.267267
15  1.719448 -0.000012 0.000020  0.001631 -0.078371 -1.452022
16  1.099675 0.000049 0.000004  0.001470 0.011490 -1.603515
17  0.805993 -0.349050 1.321254  -1.721080 -1.039627 -0.285868
18  1.789825 0.000001 -0.000018  -0.014683 0.017530 -0.106404
19  1.207010 -0.000014 -0.000045  -0.008057 -0.000174 0.734835
20  5.740637 0.000411 -0.000703  -0.135212 0.000003 0.000071
21  11.480989 0.000029 -0.000616  -0.138668 -0.174120 -0.034218
22  6.027525 -0.000330 0.000203  -1.064252 -2.044885 -1.394565
23  0.000002 11.692100 -0.000008  -1.070508 -0.514895 -0.835646
24  0.000001 0.000009 -0.000001  1.962946 -0.000031 1.570739
25  -0.000001 -0.000011 -0.000001  0.868957 0.000002 1.570712
26  -4.645759 -6.650901 2.046262  1.473120 1.855075 -0.198639
27  6.027508 -0.000259 -0.000229  1.498061 0.524334 -0.611620
28  11.691989 0.000242 0.000856  0.245671 0.000078 -1.924072
29  11.478589 -0.001219 0.001155  -1.229902 0.540620 0.800885
30  3.840238 -0.256103 1.127580  0.375755 0.017196 -2.109855
31  1.312558 0.000026 0.000000  -0.016738 -0.067215 -0.358753
32  0.729345 0.000065 -0.000027  0.010499 -0.002285 -1.003070
33  3.942047 0.050109 0.430996  0.318069 -0.062504 -1.724927
34  1.539096 0.000010 -0.000001  0.007072 -0.088740 -0.961961
35  1.196299 0.000077 -0.000004  0.008893 -0.001311 -1.206604
36  3.883411 -0.050501 -0.431087  0.154352 -0.157823 -1.573639
37  1.719563 -0.000079 -0.000003  -0.024402 -0.068048 -1.595299
38  1.209196 0.000036 0.000011  0.007422 -0.002547 -0.459485
39  3.806437 -0.112148 -1.295329  0.071537 -0.199274 -0.144753
40  1.719411 -0.000100 -0.000035  0.120126 0.024136 -0.199374
41  1.099673 0.000025 0.000007  -0.007217 0.004190 0.131746
42  0.805980 -0.359854 -1.318338  1.330199 0.197557 -0.619517
43  1.789780 -0.000009 -0.000042  0.032550 0.123016 0.037179
44  1.206996 -0.000007 0.000005  0.000293 -0.001887 1.285959
45  5.740572 0.000055 0.000725  0.110471 -0.000014 0.000021
46  11.480663 -0.000209 0.000981  0.030218 0.104623 0.126476
47  6.027514 -0.000273 -0.000236  -0.680303 -0.650382 -1.726929
48  -0.000003 11.691973 -0.000005  -1.279238 0.725647 0.943667
49  0.000003 -0.000000 -0.000001  2.518198 -0.000041 1.570856
50  -0.000007 -0.000015 0.000005  2.272644 -0.000030 1.570865
51  -3.584998 -5.677340 -7.556398  -0.191588 -3.024306 1.374239
52  -0.000000 -0.000000 0.000001  0.008153 -0.000259 0.000009
53  0.000000 -0.000000 -0.000000  1.565115 0.043565 -0.106862
54  1.162452 -15.912801 -15.065776  0.768957 -0.947708 -2.118510
55  0.000001 0.000001 0.000000  0.000000 -0.000000 -0.000002
56  0.000031 0.000029 -0.000000  -1.571901 -0.044449 -0.106509
57  17.505306 1.097437 -16.668266  1.570796 -0.000000 0.000000
58  -15.265000 7.133661 -18.583086  1.570796 -0.000000 0.000000
59  -1.523137 -2.740167 -4.071830  1.570796 -0.000000 0.000000
60  -0.004311 0.001230 -0.000371  0.006898 -0.005534 -0.284229
61  2.046263 7.371444 -3.388127  1.570796 -0.000000 0.000000
62  0.000000 0.000000 0.000000  -0.078727 -3.136056 0.284226
63  -3.061034 -2.790865 -0.402753  1.570796 -0.000000 0.000000
64  -3.085667 -14.061288 -3.180219  1.575419 0.020466 -0.003204
65  -0.005933 -2.262813 -2.946503  -0.000000 -0.000000 -0.000000
66  -0.007406 -0.385017 0.112676  -0.000000 -0.000000 -0.000000
67  -0.007403 -0.398125 12.763616  -0.000000 -0.000000 -0.000000
68  -0.007406 -3.312297 -1.336577  -0.000000 0.000000 -0.000000
69  -0.005934 0.810492 1.247790  -0.000000 -0.000000 -0.000000
70  0.000002 0.037560 1.926311  -0.000000 -0.000000 -0.000000
71  -2.628682 -14.828380 -8.611928  1.361038 -0.242778 -0.070970
72  0.184183 1.994350 -0.809968  0.000000 0.000000 -0.000000
73  -0.114187 1.780464 -0.801674  0.000000 0.000000 -0.000000
74  0.076509 1.501415 -0.809969  0.000000 0.000000 -0.000000
time 25
0  0.000006 0.000000 0.000000  -1.570800 -1.391899 -1.570792
1  -3.518106 3.420410 -1.527451  -1.544956 -1.855077 -0.198630
2  6.027518 -0.000323 0.000198  -0.942257 -0.406244 -0.863222
3  11.692108 0.000644 -0.000738  1.082169 -0.000028 -1.585959
4  11.479786 -0.000974 0.000271  0.623081 -0.885799 0.382595
5  3.859509 -0.142879 -1.192052  -0.486729 -0.218619 -1.059993
6  1.312590 0.000010 0.000007  0.002595 -0.024287 -0.490653
7  0.729357 0.000054 0.000046  0.004134 0.000360 -0.255888
8  3.942142 0.046273 -0.431513  -0.445672 -0.285579 -1.020671
9  1.539111 0.000083 0.000009  -0.004062 -0.045111 -0.320276
10  1.196332 0.000143 0.000030  0.002603 0.002239 -1.480994
11  3.883503 -0.047269 0.431380  -0.373212 -0.216241 -0.785554
12  1.719573 -0.000027 0.000016  -0.012261 -0.029645 -0.692173
13  1.209179 0.000091 0.000011  0.002706 0.006910 -1.723011
14  4.068722 -0.428058 1.349088  -0.118961 -0.114455 -0.267267
15  1.719450 -0.000012 0.000021  0.001631 -0.078371 -1.452022
16  1.099675 0.000048 0.000006  0.001470 0.011490 -1.603514
17  0.805994 -0.349050 1.321251  -1.721079 -1.039627 -0.285868
18  1.789827 -0.000001 -0.000018  -0.014683 0.017530 -0.106404
19  1.207009 -0.000014 -0.000046  -0.008057 -0.000173 0.734835
20  5.740638 0.000409 -0.000703  -0.126240 0.000003 0.000071
21  11.480963 0.000019 -0.000605  -0.129753 -0.176665 -0.021826
22  6.027525 -0.000330 0.000203  -1.065173 -2.039346 -1.418599
23  0.000002 11.692100 -0.000007  -1.080172 -0.524226 -0.841455
24  0.000002 0.000009 -0.000000  1.951271 -0.000030 1.570739
25  -0.000001 -0.000012 -0.000001  0.868957 0.000002 1.570712
26  -4.645759 -6.650901 2.046262  1.473120 1.855075 -0.198639
27  6.027508 -0.000259 -0.000230  1.499886 0.520150 -0.610517
28  11.691991 0.000243 0.000855  0.245671 0.000078 -1.924552
29  11.478588 -0.001220 0.001154  -1.239965 0.539840 0.790541
30  3.840239 -0.256103 1.127581  0.375755 0.017196 -2.109855
31  1.312559 0.000025 0.000000  -0.016738 -0.067215 -0.358753
32  0.729345 0.000065 -0.000027  0.010499 -0.002285 -1.003070
33  3.942047 0.050109 0.430997  0.318069 -0.062504 -1.724927
34  1.539096 0.000010 0.000000  0.007073 -0.088740 -0.961961
35  1.196300 0.000075 -0.000004  0.008893 -0.001311 -1.206604
36  3.883412 -0.050502 -0.431087  0.154352 -0.157823 -1.573639
37  1.719563 -0.000079 -0.000003  -0.024403 -0.068048 -1.595299
38  1.209196 0.000036 0.000012  0.007422 -0.002547 -0.459485
39  3.806436 -0.112147 -1.295329  0.071537 -0.199274 -0.144753
40  1.719412 -0.000099 -0.000035  0.120126 0.024136 -0.199374
41  1.099673 0.000025 0.000007  -0.007217 0.004190 0.131746
42  0.805979 -0.359854 -1.318338  1.330199 0.197557 -0.619517
43  1.789779 -0.000008 -0.000042  0.032550 0.123016 0.037179
44  1.206996 -0.000006 0.000005  0.000293 -0.001886 1.285959
45  5.740572 0.000055 0.000723  0.108109 -0.000014 0.000021
46  11.480661 -0.000208 0.000980  0.028889 0.103675 0.125123
47  6.027514 -0.000273 -0.000236  -0.674706 -0.650793 -1.730126
48  -0.000001 11.691973 -0.000006  -1.279526 0.725944 0.943786
49  0.000005 0.000000 0.000000  2.518198 -0.000041 1.570856
50  -0.000006 -0.000014 0.000005  2.272644 -0.000030 1.570865
51  -3.634099 -5.668124 -7.582787  -0.197789 -3.018782 1.375966
52  0.000000 -0.000000 0.000000  0.008153 -0.000259 0.000009
53  0.000001 0.000000 0.000001  1.565115 0.043565 -0.106862
54  0.849395 -15.782041 -14.901392  0.722736 -0.969803 -2.012638
55  -0.000000 0.000000 -0.000000  0.000000 -0.000000 -0.000002
56  0.000029 0.000029 -0.000000  -1.571902 -0.044449 -0.106509
57  16.825413 0.811009 -16.832802  1.570796 -0.000000 0.000000
58  -15.265000 7.133661 -18.583086  1.570796 -0.000000 0.000000
59  -1.523137 -2.740167 -4.071830  1.570796 -0.000000 0.000000
60  -0.004311 0.001230 -0.000371  0.006898 -0.005534 -0.284229
61  2.046263 7.371444 -3.388127  1.570796 -0.000000 0.000000
62  0.000000 0.000000 0.000000  -0.078727 -3.136056 0.284226
63  -3.061034 -2.790865 -0.402753  1.570796 -0.000000 0.000000
64  -3.095279 -14.033020 -3.174949  1.571177 0.027567 -0.002320
65  -0.005933 -2.262812 -2.946505  -0.000000 0.000000 -0.000000
66  -0.007405 -0.385017 0.112675  -0.000000 0.000000 -0.000000
67  -0.007403 -0.398124 12.763616  -0.000000 0.000000 -0.000000
68  -0.007405 -3.312296 -1.336579  -0.000000 0.000000 -0.000000
69  -0.005934 0.810493 1.247788  -0.000000 0.000000 -0.000000
70  0.000001 0.037560 1.926313  -0.000000 0.000000 -0.000000
71  -2.787771 -14.905890 -8.328401  1.352782 -0.209187 -0.001084
72  0.184183 1.994350 -0.809969  0.000000 -0.000000 0.000000
73  -0.114187 1.780463 -0.801675  0.000000 -0.000000 0.000000
74  0.076510 1.501415 -0.809969  0.000000 -0.000000 0.000000
time 26
0  0.000006 0.000000 0.000000  -1.570800 -1.391899 -1.570792
1  -3.518106 3.420410 -1.527451  -1.544956 -1.855077 -0.198630
2  6.027518 -0.000323 0.000198  -0.925546 -0.398079 -0.891511
3  11.692110 0.000644 -0.000740  1.067882 -0.000028 -1.587726
4  11.479776 -0.000980 0.000264  0.624576 -0.897499 0.432693
5  3.859509 -0.142880 -1.192049  -0.487742 -0.232577 -1.054238
6  1.312589 0.000011 0.000007  0.002595 -0.024287 -0.490653
7  0.729357 0.000054 0.000043  0.004134 0.000360 -0.255888
8  3.942144 0.046272 -0.431513  -0.445672 -0.285579 -1.020671
9  1.539110 0.000083 0.000008  -0.004062 -0.045111 -0.320276
10  1.196332 0.000145 0.000027  0.002603 0.002239 -1.480994
11  3.883506 -0.047270 0.431380  -0.373212 -0.216241 -0.785554
12  1.719573 -0.000027 0.000015  -0.012261 -0.029645 -0.692173
13  1.209179 0.000090 0.000012  0.002706 0.006910 -1.723011
14  4.068722 -0.428058 1.349089  -0.118961 -0.114455 -0.267267
15  1.719448 -0.000012 0.000022  0.001631 -0.078371 -1.452022
16  1.099675 0.000049 0.000005  0.001470 0.011490 -1.603515
17  0.805994 -0.349050 1.321253  -1.721079 -1.039627 -0.285868
18  1.789825 -0.000002 -0.000016  -0.014683 0.017530 -0.106404
19  1.207007 -0.000013 -0.000046  -0.008057 -0.000173 0.734835
20  5.740637 0.000411 -0.000704  -0.122480 0.000003 0.000070
21  11.480961 0.000020 -0.000607  -0.124714 -0.181254 -0.013961
22  6.027525 -0.000330 0.000203  -1.085280 -2.024408 -1.422340
23  0.000002 11.692101 -0.000007  -1.081211 -0.525232 -0.842075
24  0.000002 0.000009 0.000000  1.936985 -0.000031 1.570739
25  0.000000 -0.000011 -0.000001  0.868957 0.000002 1.570712
26  -4.645759 -6.650901 2.046262  1.473120 1.855075 -0.198639
27  6.027508 -0.000259 -0.000230  1.499035 0.517755 -0.610751
28  11.691991 0.000242 0.000855  0.245671 0.000078 -1.921857
29  11.478609 -0.001210 0.001152  -1.247451 0.542793 0.777153
30  3.840240 -0.256104 1.127581  0.375755 0.017196 -2.109855
31  1.312558 0.000025 -0.000001  -0.016738 -0.067215 -0.358753
32  0.729346 0.000064 -0.000027  0.010499 -0.002285 -1.003070
33  3.942046 0.050109 0.430997  0.318069 -0.062504 -1.724927
34  1.539097 0.000009 -0.000000  0.007072 -0.088740 -0.961961
35  1.196298 0.000077 -0.000004  0.008893 -0.001311 -1.206604
36  3.883412 -0.050502 -0.431087  0.154352 -0.157823 -1.573639
37  1.719563 -0.000078 -0.000003  -0.024403 -0.068048 -1.595299
38  1.209197 0.000035 0.000011  0.007422 -0.002547 -0.459485
39  3.806435 -0.112148 -1.295329  0.071537 -0.199274 -0.144753
40  1.719414 -0.000099 -0.000035  0.120126 0.024136 -0.199374
41  1.099673 0.000024 0.000006  -0.007217 0.004190 0.131746
42  0.805979 -0.359854 -1.318339  1.330199 0.197557 -0.619517
43  1.789780 -0.000009 -0.000042  0.032550 0.123016 0.037179
44  1.206996 -0.000007 0.000005  0.000293 -0.001887 1.285959
45  5.740573 0.000055 0.000723  0.105802 -0.000014 0.000021
46  11.480667 -0.000206 0.000980  0.027845 0.103542 0.122861
47  6.027514 -0.000273 -0.000236  -0.672399 -0.652501 -1.731337
48  -0.000002 11.691973 -0.000005  -1.277912 0.724278 0.943116
49  0.000005 -0.000000 -0.000001  2.518198 -0.000041 1.570856
50  -0.000007 -0.000015 0.000005  2.272644 -0.000030 1.570865
51  -3.657902 -5.685074 -7.630791  -0.200285 -3.011492 1.376657
52  -0.000000 0.000000 -0.000000  0.008153 -0.000259 0.000009
53  0.000000 0.000000 -0.000000  1.565115 0.043565 -0.106862
54  0.504048 -15.608969 -14.984410  0.648628 -0.975403 -1.913227
55  -0.000000 -0.000000 -0.000001  0.000000 -0.000000 -0.000002
56  0.000031 0.000029 0.000000  -1.571901 -0.044449 -0.106509
57  16.218113 0.345294 -17.082226  1.570796 -0.000000 0.000000
58  -15.265000 7.133661 -18.583086  1.570796 -0.000000 0.000000
59  -1.523137 -2.740167 -4.071830  1.570796 -0.000000 0.000000
60  -0.004311 0.001230 -0.000371  0.006898 -0.005534 -0.284229
61  2.046263 7.371444 -3.388127  1.570796 -0.000000 0.000000
62  0.000000 0.000000 0.000000  -0.078727 -3.136056 0.284226
63  -3.061034 -2.790865 -0.402753  1.570796 -0.000000 0.000000
64  -3.098924 -14.020171 -3.169339  1.564492 0.031390 -0.002142
65  -0.005933 -2.262813 -2.946503  0.000000 0.000000 0.000000
66  -0.007405 -0.385017 0.112675  0.000000 0.000000 0.000000
67  -0.007403 -0.398124 12.763614  0.000000 0.000000 0.000000
68  -0.007406 -3.312297 -1.336578  0.000000 0.000000 0.000000
69  -0.005934 0.810493 1.247788  0.000000 0.000000 0.000000
70  0.000002 0.037559 1.926310  0.000000 0.000000 0.000000
71  -2.891943 -14.938700 -8.259916  1.364450 -0.168675 0.034887
72  0.184183 1.994352 -0.809969  -0.000000 -0.000000 -0.000000
73  -0.114186 1.780465 -0.801674  -0.000000 -0.000000 -0.000000
74  0.076510 1.501417 -0.809968  -0.000000 -0.000000 -0.000000
time 27
0  0.000006 0.000000 0.000000  -1.570800 -1.391899 -1.570792
1  -3.518106 3.420410 -1.527451  -1.544956 -1.855077 -0.198630
2  6.027518 -0.000322 0.000198  -0.895572 -0.359155 -0.904090
3  11.692110 0.000644 -0.000740  1.050765 -0.000031 -1.635129
4  11.479432 -0.001082 0.000415  0.598011 -0.844018 0.482745
5  3.859509 -0.142881 -1.192049  -0.488813 -0.245473 -1.048704
6  1.312591 0.000012 0.000005  0.002595 -0.024287 -0.490653
7  0.729357 0.000052 0.000046  0.004134 0.000360 -0.255888
8  3.942143 0.046272 -0.431511  -0.445672 -0.285579 -1.020671
9  1.539110 0.000083 0.000005  -0.004062 -0.045111 -0.320276
10  1.196332 0.000148 0.000026  0.002603 0.002239 -1.480994
11  3.883505 -0.047269 0.431384  -0.373212 -0.216241 -0.785554
12  1.719573 -0.000026 0.000015  -0.012261 -0.029645 -0.692173
13  1.209179 0.000093 0.000009  0.002706 0.006910 -1.723011
14  4.068721 -0.428058 1.349093  -0.118961 -0.114455 -0.267267
15  1.719449 -0.000012 0.000023  0.001631 -0.078371 -1.452022
16  1.099675 0.000048 0.000007  0.001470 0.011490 -1.603515
17  0.805995 -0.349050 1.321254  -1.721079 -1.039627 -0.285868
18  1.789825 -0.000002 -0.000017  -0.014683 0.017530 -0.106404
19  1.207009 -0.000013 -0.000047  -0.008057 -0.000173 0.734835
20  5.740636 0.000409 -0.000704  -0.130267 0.000003 0.000071
21  11.480891 -0.000002 -0.000576  -0.130334 -0.175438 -0.002311
22  6.027525 -0.000330 0.000203  -1.096872 -1.976792 -1.413295
23  0.000002 11.692098 -0.000006  -1.109037 -0.552436 -0.858401
24  0.000002 0.000009 0.000000  1.919869 -0.000031 1.570739
25  -0.000000 -0.000011 -0.000000  0.868957 0.000002 1.570712
26  -4.645759 -6.650901 2.046262  1.473120 1.855075 -0.198639
27  6.027508 -0.000259 -0.000230  1.491509 0.520815 -0.614381
28  11.691992 0.000243 0.000857  0.245671 0.000078 -1.914643
29  11.478674 -0.001180 0.001144  -1.238671 0.553346 0.766809
30  3.840240 -0.256104 1.127580  0.375755 0.017196 -2.109855
31  1.312558 0.000026 0.000001  -0.016738 -0.067215 -0.358753
32  0.729345 0.000064 -0.000028  0.010499 -0.002285 -1.003069
33  3.942046 0.050109 0.430997  0.318069 -0.062504 -1.724927
34  1.539097 0.000011 -0.000001  0.007072 -0.088740 -0.961961
35  1.196298 0.000076 -0.000004  0.008893 -0.001311 -1.206604
36  3.883412 -0.050502 -0.431087  0.154352 -0.157823 -1.573639
37  1.719563 -0.000079 -0.000004  -0.024403 -0.068048 -1.595299
38  1.209199 0.000036 0.000011  0.007422 -0.002547 -0.459485
39  3.806436 -0.112147 -1.295329  0.071537 -0.199274 -0.144753
40  1.719412 -0.000100 -0.000035  0.120126 0.024136 -0.199374
41  1.099675 0.000025 0.000007  -0.007217 0.004190 0.131746
42  0.805979 -0.359854 -1.318338  1.330199 0.197557 -0.619517
43  1.789780 -0.000008 -0.000042  0.032550 0.123016 0.037179
44  1.206997 -0.000006 0.000005  0.000293 -0.001887 1.285959
45  5.740572 0.000055 0.000724  0.106229 -0.000014 0.000021
46  11.480680 -0.000200 0.000978  0.029019 0.105860 0.119868
47  6.027514 -0.000273 -0.000236  -0.679480 -0.657030 -1.726920
48  -0.000000 11.691973 -0.000006  -1.273595 0.719822 0.941312
49  0.000006 -0.000001 -0.000001  2.518198 -0.000041 1.570856
50  -0.000005 -0.000015 0.000005  2.272644 -0.000030 1.570865
51  -3.595629 -5.740508 -7.700634  -0.187455 -3.005490 1.374375
52  -0.000000 0.000000 -0.000000  0.008153 -0.000259 0.000009
53  0.000001 0.000000 0.000000  1.565115 0.043565 -0.106862
54  0.180615 -14.917060 -15.093565  0.537053 -0.906465 -1.831373
55  -0.000001 0.000000 -0.000000  0.000000 -0.000000 -0.000002
56  0.000031 0.000029 0.000001  -1.571901 -0.044449 -0.106509
57  15.670324 -0.263840 -17.410694  1.570796 -0.000000 0.000000
58  -15.265000 7.133661 -18.583086  1.570796 -0.000000 0.000000
59  -1.523137 -2.740167 -4.071830  1.570796 -0.000000 0.000000
60  -0.004311 0.001230 -0.000371  0.006898 -0.005534 -0.284229
61  2.046263 7.371444 -3.388127  1.570796 -0.000000 0.000000
62  0.000000 0.000000 0.000000  -0.078727 -3.136056 0.284226
63  -3.061034 -2.790865 -0.402753  1.570796 -0.000000 0.000000
64  -3.092353 -14.038315 -3.163680  1.556162 0.020059 -0.002935
65  -0.005933 -2.262813 -2.946504  -0.000000 0.000000 0.000000
66  -0.007405 -0.385017 0.112677  -0.000000 0.000000 0.000000
67  -0.007403 -0.398124 12.763615  -0.000000 0.000000 0.000000
68  -0.007406 -3.312296 -1.336578  -0.000000 0.000000 0.000000
69  -0.005934 0.810493 1.247788  -0.000000 0.000000 0.000000
70  0.000001 0.037560 1.926310  -0.000000 0.000000 0.000000
71  -2.923754 -14.800512 -8.197904  1.451657 -0.128423 0.013573
72  0.184183 1.994351 -0.809969  0.000000 -0.000000 -0.000000
73  -0.114187 1.780464 -0.801676  0.000000 -0.000000 -0.000000
74  0.076510 1.501416 -0.809969  0.000000 -0.000000 -0.000000
time 28
0  0.000006 0.000000 0.000000  -1.570800 -1.391899 -1.570792
1  -3.518106 3.420410 -1.527451  -1.544956 -1.855077 -0.198630
2  6.027518 -0.000322 0.000199  -0.868808 -0.327597 -0.909628
3  11.692106 0.000644 -0.000739  1.030609 -0.000034 -1.677672
4  11.479140 -0.001168 0.000524  0.582939 -0.797427 0.506870
5  3.859509 -0.142879 -1.192047  -0.489909 -0.257269 -1.043461
6  1.312589 0.000013 0.000007  0.002595 -0.024287 -0.490653
7  0.729358 0.000052 0.000046  0.004134 0.000360 -0.255888
8  3.942142 0.046273 -0.431511  -0.445672 -0.285579 -1.020671
9  1.539111 0.000083 0.000005  -0.004062 -0.045111 -0.320276
10  1.196332 0.000144 0.000031  0.002603 0.002239 -1.480994
11  3.883505 -0.047268 0.431384  -0.373212 -0.216241 -0.785554
12  1.719573 -0.000026 0.000014  -0.012261 -0.029645 -0.692173
13  1.209180 0.000090 0.000013  0.002706 0.006910 -1.723011
14  4.068721 -0.428057 1.349094  -0.118961 -0.114455 -0.267267
15  1.719450 -0.000012 0.000021  0.001631 -0.078371 -1.452023
16  1.099675 0.000050 0.000006  0.001470 0.011491 -1.603515
17  0.805992 -0.349049 1.321257  -1.721079 -1.039627 -0.285868
18  1.789825 -0.000001 -0.000017  -0.014683 0.017530 -0.106404
19  1.207008 -0.000014 -0.000045  -0.008057 -0.000173 0.734835
20  5.740638 0.000408 -0.000704  -0.137289 0.000003 0.000071
21  11.480835 -0.000019 -0.000555  -0.135477 -0.169341 0.005267
22  6.027525 -0.000330 0.000203  -1.115861 -1.937043 -1.392226
23  0.000002 11.692098 -0.000006  -1.133971 -0.577173 -0.872521
24  0.000004 0.000010 -0.000002  1.899715 -0.000031 1.570739
25  -0.000000 -0.000012 -0.000000  0.868957 0.000002 1.570712
26  -4.645759 -6.650901 2.046262  1.473120 1.855075 -0.198639
27  6.027508 -0.000259 -0.000230  1.484777 0.524981 -0.617774
28  11.691990 0.000242 0.000855  0.245671 0.000077 -1.909904
29  11.478716 -0.001162 0.001141  -1.227761 0.562230 0.764744
30  3.840239 -0.256104 1.127581  0.375755 0.017196 -2.109855
31  1.312558 0.000026 0.000000  -0.016738 -0.067215 -0.358753
32  0.729344 0.000064 -0.000028  0.010499 -0.002285 -1.003069
33  3.942047 0.050109 0.430996  0.318069 -0.062504 -1.724927
34  1.539097 0.000009 -0.000001  0.007072 -0.088740 -0.961961
35  1.196300 0.000076 -0.000004  0.008893 -0.001311 -1.206604
36  3.883411 -0.050502 -0.431088  0.154352 -0.157823 -1.573639
37  1.719563 -0.000080 -0.000004  -0.024403 -0.068048 -1.595299
38  1.209196 0.000036 0.000012  0.007422 -0.002547 -0.459485
39  3.806435 -0.112148 -1.295330  0.071537 -0.199274 -0.144753
40  1.719413 -0.000100 -0.000035  0.120126 0.024136 -0.199374
41  1.099674 0.000025 0.000007  -0.007217 0.004190 0.131746
42  0.805978 -0.359854 -1.318339  1.330199 0.197557 -0.619517
43  1.789779 -0.000010 -0.000043  0.032550 0.123016 0.037179
44  1.206996 -0.000007 0.000005  0.000293 -0.001887 1.285959
45  5.740572 0.000054 0.000724  0.107663 -0.000014 0.000021
46  11.480688 -0.000197 0.000978  0.030368 0.108123 0.118400
47  6.027514 -0.000273 -0.000236  -0.687485 -0.660392 -1.722052
48  -0.000001 11.691972 -0.000005  -1.270763 0.716898 0.940116
49  0.000004 -0.000001 -0.000000  2.518198 -0.000041 1.570856
50  -0.000006 -0.000015 0.000005  2.272644 -0.000030 1.570865
51  -3.520365 -5.777932 -7.736980  -0.175395 -3.003452 1.371621
52  0.000000 -0.000000 -0.000001  0.008153 -0.000259 0.000009
53  -0.000000 -0.000000 -0.000001  1.565115 0.043565 -0.106862
54  -0.063180 -14.313066 -15.140073  0.460852 -0.841804 -1.796957
55  0.000001 0.000000 0.000001  0.000000 -0.000000 -0.000002
56  0.000032 0.000029 0.000002  -1.571901 -0.044449 -0.106509
57  15.158462 -0.953889 -17.802006  1.570796 -0.000000 0.000000
58  -15.265000 7.133661 -18.583086  1.570796 -0.000000 0.000000
59  -1.523137 -2.740167 -4.071830  1.570796 -0.000000 0.000000
60  -0.004311 0.001230 -0.000371  0.006898 -0.005534 -0.284229
61  2.046263 7.371444 -3.388127  1.570796 -0.000000 0.000000
62  0.000000 0.000000 0.000000  -0.078727 -3.136056 0.284226
63  -3.061034 -2.790865 -0.402753  1.570796 -0.000000 0.000000
64  -3.077815 -14.056458 -3.158660  1.551856 0.008730 -0.004102
65  -0.005933 -2.262813 -2.946504  -0.000000 -0.000000 0.000000
66  -0.007406 -0.385017 0.112676  -0.000000 -0.000000 0.000000
67  -0.007403 -0.398125 12.763615  -0.000000 -0.000000 0.000000
68  -0.007406 -3.312297 -1.336580  -0.000000 0.000000 0.000000
69  -0.005934 0.810492 1.247789  -0.000000 -0.000000 0.000000
70  0.000002 0.037560 1.926312  -0.000000 -0.000000 0.000000
71  -2.948710 -14.641726 -8.156770  1.526540 -0.096325 -0.018900
72  0.184182 1.994352 -0.809970  -0.000000 -0.000000 -0.000000
73  -0.114187 1.780465 -0.801675  -0.000000 -0.000000 -0.000000
74  0.076509 1.501417 -0.809969  -0.000000 -0.000000 -0.000000
time 29
0  0.000006 0.000000 0.000000  -1.570800 -1.391899 -1.570792
1  -3.518106 3.420410 -1.527451  -1.544956 -1.855077 -0.198630
2  6.027518 -0.000322 0.000198  -0.878851 -0.342827 -0.921387
3  11.692106 0.000645 -0.000740  1.007206 -0.000036 -1.713080
4  11.478689 -0.001327 0.000726  0.619763 -0.763782 0.485343
5  3.859509 -0.142880 -1.192051  -0.490998 -0.267924 -1.038576
6  1.312589 0.000011 0.000007  0.002595 -0.024287 -0.490653
7  0.729358 0.000052 0.000048  0.004134 0.000360 -0.255888
8  3.942143 0.046273 -0.431513  -0.445672 -0.285579 -1.020671
9  1.539111 0.000083 0.000006  -0.004062 -0.045111 -0.320276
10  1.196332 0.000147 0.000031  0.002603 0.002239 -1.480994
11  3.883505 -0.047270 0.431380  -0.373212 -0.216241 -0.785554
12  1.719573 -0.000027 0.000016  -0.012261 -0.029645 -0.692173
13  1.209179 0.000090 0.000012  0.002706 0.006910 -1.723011
14  4.068720 -0.428058 1.349091  -0.118961 -0.114455 -0.267267
15  1.719448 -0.000011 0.000021  0.001631 -0.078371 -1.452023
16  1.099675 0.000049 0.000006  0.001470 0.011491 -1.603515
17  0.805993 -0.349051 1.321253  -1.721079 -1.039627 -0.285868
18  1.789827 -0.000002 -0.000017  -0.014683 0.017530 -0.106404
19  1.207008 -0.000014 -0.000046  -0.008057 -0.000174 0.734835
20  5.740638 0.000410 -0.000703  -0.137084 0.000003 0.000071
21  11.480744 -0.000050 -0.000513  -0.133606 -0.161315 0.007701
22  6.027525 -0.000330 0.000203  -1.112385 -1.954939 -1.410524
23  0.000002 11.692100 -0.000006  -1.154716 -0.597984 -0.883881
24  0.000004 0.000010 -0.000001  1.876312 -0.000030 1.570739
25  -0.000001 -0.000011 -0.000001  0.868957 0.000002 1.570712
26  -4.645759 -6.650901 2.046262  1.473120 1.855075 -0.198639
27  6.027508 -0.000259 -0.000230  1.489062 0.525535 -0.615842
28  11.691990 0.000244 0.000855  0.245671 0.000078 -1.915098
29  11.478671 -0.001181 0.001146  -1.231949 0.556247 0.777536
30  3.840239 -0.256103 1.127581  0.375755 0.017196 -2.109855
31  1.312558 0.000027 0.000000  -0.016738 -0.067215 -0.358753
32  0.729346 0.000066 -0.000027  0.010499 -0.002285 -1.003070
33  3.942045 0.050109 0.430997  0.318069 -0.062504 -1.724927
34  1.539097 0.000010 0.000001  0.007072 -0.088740 -0.961961
35  1.196299 0.000076 -0.000004  0.008893 -0.001311 -1.206604
36  3.883411 -0.050502 -0.431087  0.154352 -0.157823 -1.573639
37  1.719563 -0.000080 -0.000004  -0.024403 -0.068048 -1.595299
38  1.209197 0.000036 0.000011  0.007422 -0.002547 -0.459485
39  3.806435 -0.112147 -1.295329  0.071537 -0.199274 -0.144753
40  1.719412 -0.000099 -0.000035  0.120126 0.024136 -0.199374
41  1.099674 0.000025 0.000007  -0.007217 0.004190 0.131746
42  0.805978 -0.359853 -1.318338  1.330199 0.197557 -0.619517
43  1.789780 -0.000009 -0.000042  0.032550 0.123016 0.037179
44  1.206997 -0.000006 0.000005  0.000293 -0.001887 1.285959
45  5.740573 0.000054 0.000723  0.108045 -0.000014 0.000021
46  11.480679 -0.000200 0.000979  0.029552 0.106984 0.121396
47  6.027514 -0.000273 -0.000236  -0.686009 -0.656830 -1.723171
48  -0.000003 11.691973 -0.000006  -1.273867 0.720102 0.941426
49  0.000004 -0.000002 -0.000000  2.518197 -0.000041 1.570856
50  -0.000008 -0.000015 0.000005  2.272644 -0.000030 1.570865
51  -3.532380 -5.742042 -7.666580  -0.184207 -3.009494 1.371999
52  -0.000001 0.000000 -0.000000  0.008153 -0.000259 0.000009
53  -0.000001 0.000000 0.000000  1.565115 0.043565 -0.106862
54  -0.263323 -14.318339 -14.514844  0.435680 -0.844805 -1.791283
55  -0.000001 0.000000 0.000001  0.000000 -0.000000 -0.000002
56  0.000029 0.000029 0.000003  -1.571901 -0.044449 -0.106509
57  14.651423 -1.643938 -18.230728  1.570796 -0.000000 0.000000
58  -15.265000 7.133661 -18.583086  1.570796 -0.000000 0.000000
59  -1.523137 -2.740167 -4.071830  1.570796 -0.000000 0.000000
60  -0.004311 0.001230 -0.000371  0.006898 -0.005534 -0.284229
61  2.046263 7.371444 -3.388127  1.570796 -0.000000 0.000000
62  0.000000 0.000000 0.000000  -0.078727 -3.136056 0.284226
63  -3.061034 -2.790865 -0.402753  1.570796 -0.000000 0.000000
64  -3.063073 -14.055696 -3.155069  1.559472 0.016129 -0.004817
65  -0.005933 -2.262813 -2.946504  0.000000 -0.000000 0.000000
66  -0.007405 -0.385017 0.112676  0.000000 -0.000000 0.000000
67  -0.007403 -0.398124 12.763616  0.000000 -0.000000 0.000000
68  -0.007406 -3.312296 -1.336579  0.000000 -0.000000 0.000000
69  -0.005934 0.810493 1.247788  0.000000 -0.000000 0.000000
70  0.000002 0.037559 1.926312  0.000000 -0.000000 0.000000
71  -3.033915 -14.615353 -7.483739  1.526889 -0.079323 -0.032057
72  0.184183 1.994351 -0.809969  -0.000000 -0.000000 0.000000
73  -0.114187 1.780464 -0.801674  -0.000000 -0.000000 0.000000
74  0.076510 1.501416 -0.809968  -0.000000 -0.000000 0.000000
time 30
0  0.000006 0.000000 0.000000  -1.570800 -1.391899 -1.570792
1  -3.518106 3.420410 -1.527451  -1.544956 -1.855077 -0.198630
2  6.027518 -0.000322 0.000199  -0.903971 -0.343183 -0.920996
3  11.692108 0.000645 -0.000739  0.980344 -0.000040 -1.763598
4  11.480245 -0.000866 -0.000024  0.683222 -0.716701 0.451287
5  3.859510 -0.142880 -1.192050  -0.492047 -0.277389 -1.034114
6  1.312589 0.000013 0.000006  0.002595 -0.024287 -0.490653
7  0.729357 0.000053 0.000045  0.004134 0.000360 -0.255888
8  3.942145 0.046272 -0.431512  -0.445672 -0.285579 -1.020671
9  1.539111 0.000084 0.000003  -0.004062 -0.045111 -0.320276
10  1.196333 0.000144 0.000029  0.002603 0.002239 -1.480994
11  3.883506 -0.047270 0.431382  -0.373212 -0.216241 -0.785554
12  1.719573 -0.000025 0.000016  -0.012261 -0.029645 -0.692173
13  1.209179 0.000090 0.000013  0.002706 0.006910 -1.723011
14  4.068722 -0.428059 1.349091  -0.118961 -0.114455 -0.267267
15  1.719449 -0.000012 0.000023  0.001631 -0.078371 -1.452023
16  1.099675 0.000049 0.000007  0.001470 0.011491 -1.603515
17  0.805995 -0.349051 1.321254  -1.719372 -1.032914 -0.287852
18  1.789826 -0.000001 -0.000017  -0.014838 0.017392 -0.115862
19  1.207010 -0.000016 -0.000045  -0.008053 -0.000212 0.730389
20  5.740638 0.000409 -0.000700  -0.134408 0.000003 0.000071
21  11.481056 0.000041 -0.000663  -0.128595 -0.149362 0.010765
22  6.027525 -0.000330 0.000203  -1.058807 -1.966969 -1.468136
23  0.000001 11.692101 -0.000006  -1.184340 -0.628005 -0.899453
24  0.000003 0.000008 -0.000001  1.849452 -0.000030 1.570739
25  -0.000001 -0.000011 -0.000001  0.868957 0.000002 1.570712
26  -4.645759 -6.650901 2.046262  1.473120 1.855075 -0.198639
27  6.027508 -0.000259 -0.000229  1.490370 0.529964 -0.615557
28  11.691991 0.000243 0.000856  0.245672 0.000078 -1.923702
29  11.478595 -0.001216 0.001154  -1.205574 0.547325 0.808568
30  3.840239 -0.256103 1.127580  0.375755 0.017196 -2.109855
31  1.312558 0.000026 -0.000000  -0.016738 -0.067215 -0.358753
32  0.729345 0.000066 -0.000027  0.010499 -0.002285 -1.003070
33  3.942046 0.050108 0.430996  0.318069 -0.062504 -1.724927
34  1.539097 0.000009 -0.000000  0.007072 -0.088740 -0.961961
35  1.196300 0.000075 -0.000004  0.008893 -0.001311 -1.206604
36  3.883411 -0.050502 -0.431088  0.154352 -0.157823 -1.573639
37  1.719563 -0.000080 -0.000004  -0.024403 -0.068048 -1.595299
38  1.209196 0.000036 0.000011  0.007422 -0.002547 -0.459485
39  3.806435 -0.112148 -1.295331  0.071537 -0.199274 -0.144753
40  1.719411 -0.000100 -0.000035  0.120126 0.024136 -0.199374
41  1.099673 0.000024 0.000006  -0.007217 0.004190 0.131746
42  0.805979 -0.359854 -1.318339  1.330199 0.197557 -0.619517
43  1.789779 -0.000009 -0.000042  0.032550 0.123016 0.037179
44  1.206996 -0.000006 0.000005  0.000293 -0.001887 1.285959
45  5.740573 0.000057 0.000724  0.115301 -0.000014 0.000021
46  11.480663 -0.000207 0.000979  0.033720 0.107523 0.126156
47  6.027514 -0.000273 -0.000236  -0.690365 -0.653836 -1.720890
48  -0.000001 11.691974 -0.000006  -1.279016 0.725418 0.943575
49  0.000005 -0.000001 0.000000  2.518198 -0.000041 1.570856
50  -0.000005 -0.000015 0.000005  2.272644 -0.000030 1.570865
51  -3.471774 -5.679265 -7.555466  -0.169524 -3.026791 1.373438
52  -0.000000 0.000000 -0.000000  0.008153 -0.000259 0.000009
53  -0.000000 0.000000 -0.000001  1.565115 0.043565 -0.106862
54  -0.203334 -14.230713 -13.876678  0.439953 -0.837655 -1.793563
55  -0.000001 -0.000000 0.000002  0.000000 -0.000000 -0.000002
56  0.000029 0.000029 0.000004  -1.571902 -0.044449 -0.106509
57  14.117619 -2.253071 -18.667660  1.570796 -0.000000 0.000000
58  -15.265000 7.133661 -18.583086  1.570796 -0.000000 0.000000
59  -1.523137 -2.740167 -4.071830  1.570796 -0.000000 0.000000
60  -0.004311 0.001230 -0.000371  0.006898 -0.005534 -0.284229
61  2.046263 7.371444 -3.388127  1.570796 -0.000000 0.000000
62  0.000000 0.000000 0.000000  -0.078727 -3.136056 0.284226
63  -3.061034 -2.790865 -0.402753  1.570796 -0.000000 0.000000
64  -3.054210 -14.054282 -3.153697  1.573619 -0.001517 -0.001466
65  -0.005933 -2.262813 -2.946502  0.000000 -0.000000 0.000000
66  -0.007406 -0.385017 0.112678  0.000000 -0.000000 0.000000
67  -0.007403 -0.398125 12.763618  0.000000 -0.000000 0.000000
68  -0.007406 -3.312297 -1.336577  -0.112802 -0.000000 0.000000
69  -0.005934 0.810492 1.247791  0.000000 -0.000000 0.000000
70  0.000002 0.037560 1.926314  0.000000 -0.000000 0.000000
71  -3.004189 -14.574839 -6.859725  1.533394 -0.083468 -0.031681
72  0.184183 1.994351 -0.809968  0.000000 0.000000 0.000000
73  -0.114187 1.780464 -0.801674  0.000000 0.000000 0.000000
74  0.076510 1.501416 -0.809968  0.000000 0.000000 0.000000
time 31
0  0.000006 0.000000 0.000000  -1.570800 -1.391899 -1.570792
1  -3.518106 3.420410 -1.527451  -1.544956 -1.855077 -0.198630
2  6.027518 -0.000322 0.000199  -0.897066 -0.330447 -0.938851
3  11.692106 0.000646 -0.000740  0.949816 -0.000042 -1.797606
4  11.479935 -0.000983 0.000114  0.714066 -0.703150 0.475172
5  3.859509 -0.142880 -1.192048  -0.493022 -0.285608 -1.030141
6  1.312590 0.000011 0.000006  0.002595 -0.024287 -0.490653
7  0.729357 0.000052 0.000046  0.004134 0.000360 -0.255888
8  3.942143 0.046273 -0.431511  -0.445672 -0.285579 -1.020671
9  1.539111 0.000085 0.000005  -0.004062 -0.045111 -0.320276
10  1.196332 0.000145 0.000030  0.002603 0.002239 -1.480994
11  3.883506 -0.047270 0.431382  -0.373212 -0.216241 -0.785554
12  1.719573 -0.000027 0.000014  -0.012261 -0.029645 -0.692173
13  1.209179 0.000091 0.000016  0.002706 0.006910 -1.723011
14  4.068719 -0.428059 1.349091  -0.119053 -0.119044 -0.278965
15  1.719450 -0.000011 0.000023  0.001929 -0.079734 -1.453457
16  1.099675 0.000049 0.000007  0.001631 0.011491 -1.603643
17  0.805994 -0.349050 1.321255  -1.715867 -1.018543 -0.291951
18  1.789826 -0.000002 -0.000016  -0.015165 0.017091 -0.136102
19  1.207007 -0.000011 -0.000045  -0.008042 -0.000313 0.718538
20  5.740637 0.000409 -0.000704  -0.133385 0.000003 0.000071
21  11.480993 0.000018 -0.000636  -0.122793 -0.147304 0.018631
22  6.027525 -0.000330 0.000203  -1.056008 -1.952702 -1.486299
23  0.000002 11.692101 -0.000007  -1.204327 -0.648421 -0.909502
24  0.000003 0.000009 -0.000002  1.818925 -0.000030 1.570739
25  -0.000000 -0.000011 -0.000000  0.868957 0.000002 1.570712
26  -4.645759 -6.650901 2.046262  1.473120 1.855075 -0.198639
27  6.027508 -0.000259 -0.000229  1.487559 0.531820 -0.617000
28  11.691990 0.000243 0.000855  0.245671 0.000079 -1.927432
29  11.478561 -0.001230 0.001157  -1.183121 0.543931 0.824506
30  3.840239 -0.256104 1.127581  0.375755 0.017196 -2.109855
31  1.312559 0.000026 0.000000  -0.016738 -0.067215 -0.358753
32  0.729344 0.000066 -0.000027  0.010499 -0.002285 -1.003070
33  3.942047 0.050109 0.430996  0.318069 -0.062504 -1.724927
34  1.539096 0.000009 -0.000000  0.007072 -0.088740 -0.961961
35  1.196299 0.000076 -0.000004  0.008893 -0.001311 -1.206604
36  3.883412 -0.050502 -0.431087  0.154352 -0.157823 -1.573639
37  1.719563 -0.000079 -0.000003  -0.024403 -0.068048 -1.595299
38  1.209196 0.000036 0.000011  0.007422 -0.002547 -0.459485
39  3.806436 -0.112148 -1.295330  0.071537 -0.199274 -0.144753
40  1.719410 -0.000099 -0.000034  0.120126 0.024136 -0.199374
41  1.099674 0.000025 0.000007  -0.007217 0.004190 0.131746
42  0.805980 -0.359854 -1.318338  1.330199 0.197557 -0.619517
43  1.789780 -0.000009 -0.000043  0.032550 0.123016 0.037179
44  1.206997 -0.000007 0.000005  0.000293 -0.001887 1.285959
45  5.740572 0.000055 0.000724  0.120324 -0.000014 0.000021
46  11.480657 -0.000210 0.000981  0.037363 0.108638 0.128000
47  6.027514 -0.000273 -0.000236  -0.693830 -0.655163 -1.718801
48  -0.000002 11.691973 -0.000006  -1.281252 0.727725 0.944498
49  0.000004 -0.000002 -0.000000  2.518198 -0.000041 1.570856
50  -0.000007 -0.000014 0.000005  2.272644 -0.000030 1.570865
51  -3.416621 -5.646380 -7.531707  -0.153612 -3.037711 1.374757
52  -0.000001 -0.000000 -0.000001  0.008153 -0.000259 0.000009
53  0.000001 -0.000001 -0.000000  1.565115 0.043565 -0.106862
54  -0.414506 -13.923571 -13.631203  0.387082 -0.816217 -1.734918
55  -0.000000 0.000000 -0.000000  0.000000 -0.000000 -0.000002
56  0.000030 0.000029 0.000000  -1.571902 -0.044449 -0.106509
57  13.532207 -2.718787 -19.086800  1.570796 -0.000000 0.000000
58  -15.265000 7.133661 -18.583086  1.570796 -0.000000 0.000000
59  -1.523137 -2.740167 -4.071830  1.570796 -0.000000 0.000000
60  -0.004311 0.001230 -0.000371  0.006898 -0.005534 -0.284229
61  2.046263 7.371444 -3.388127  1.570796 -0.000000 0.000000
62  0.000000 0.000000 0.000000  -0.078727 -3.136056 0.284226
63  -3.061034 -2.790865 -0.402753  1.570796 -0.000000 0.000000
64  -3.050591 -14.053520 -3.186955  1.581238 -0.019163 0.001510
65  -0.005933 -2.262812 -2.946504  0.000000 0.000000 0.000000
66  -0.007405 -0.385017 0.112677  0.000000 0.000000 0.000000
67  -0.007403 -0.398124 12.763615  0.000000 0.000000 0.000000
68  -0.007406 -3.312297 -1.336579  -0.323530 0.000000 0.000000
69  -0.005934 0.810493 1.247790  0.000000 0.000000 0.000000
70  0.000002 0.037560 1.926312  0.000000 0.000000 0.000000
71  -2.987369 -14.517612 -6.544009  1.560658 -0.051829 -0.013791
72  0.184182 1.994350 -0.809968  -0.000000 -0.000000 0.000000
73  -0.114187 1.780463 -0.801674  -0.000000 -0.000000 0.000000
74  0.076509 1.501415 -0.809967  -0.000000 -0.000000 0.000000
time 32
0  0.000006 0.000000 0.000000  -1.570800 -1.391899 -1.570792
1  -3.518106 3.420410 -1.527451  -1.544956 -1.855077 -0.198630
2  6.027518 -0.000322 0.000199  -0.880618 -0.330817 -0.980267
3  11.692108 0.000646 -0.000741  0.915409 -0.000043 -1.810157
4  11.479822 -0.001030 0.000137  0.740143 -0.711275 0.496772
5  3.859509 -0.142880 -1.192047  -0.493891 -0.292520 -1.026725
6  1.312590 0.000015 0.000006  0.002595 -0.024287 -0.490653
7  0.729358 0.000054 0.000046  0.004134 0.000360 -0.255888
8  3.942142 0.046272 -0.431510  -0.445672 -0.285579 -1.020671
9  1.539111 0.000085 0.000003  -0.004062 -0.045111 -0.320276
10  1.196332 0.000143 0.000028  0.002603 0.002239 -1.480994
11  3.883505 -0.047270 0.431383  -0.373212 -0.216241 -0.785554
12  1.719574 -0.000025 0.000016  -0.012261 -0.029645 -0.692172
13  1.209179 0.000092 0.000012  0.002706 0.006910 -1.723011
14  4.068720 -0.428059 1.349092  -0.119090 -0.123633 -0.290668
15  1.719450 -0.000012 0.000024  0.001848 -0.081326 -1.454876
16  1.099675 0.000048 0.000005  0.001792 0.011491 -1.603772
17  0.805993 -0.349051 1.321256  -1.714295 -1.011825 -0.293801
18  1.789825 -0.000001 -0.000016  -0.015315 0.016948 -0.145560
19  1.207009 -0.000015 -0.000045  -0.008030 -0.000412 0.706886
20  5.740636 0.000410 -0.000703  -0.132916 0.000003 0.000070
21  11.480970 0.000008 -0.000630  -0.116251 -0.149003 0.023884
22  6.027525 -0.000330 0.000203  -1.092919 -1.945187 -1.488071
23  0.000001 11.692101 -0.000005  -1.211716 -0.655996 -0.913120
24  0.000000 0.000008 -0.000000  1.784518 -0.000031 1.570739
25  -0.000001 -0.000011 -0.000000  0.868957 0.000002 1.570712
26  -4.645759 -6.650901 2.046262  1.473120 1.855075 -0.198639
27  6.027508 -0.000259 -0.000229  1.489324 0.527516 -0.615865
28  11.691991 0.000244 0.000856  0.245671 0.000078 -1.925184
29  11.478580 -0.001221 0.001155  -1.205702 0.545109 0.811838
30  3.840240 -0.256103 1.127580  0.375755 0.017196 -2.109855
31  1.312557 0.000025 0.000000  -0.016738 -0.067215 -0.358753
32  0.729345 0.000066 -0.000027  0.010499 -0.002285 -1.003070
33  3.942047 0.050109 0.430997  0.318069 -0.062504 -1.724927
34  1.539097 0.000010 -0.000000  0.007072 -0.088740 -0.961961
35  1.196299 0.000075 -0.000004  0.008893 -0.001311 -1.206604
36  3.883411 -0.050502 -0.431087  0.154352 -0.157823 -1.573639
37  1.719563 -0.000080 -0.000003  -0.024403 -0.068048 -1.595299
38  1.209196 0.000036 0.000011  0.007422 -0.002547 -0.459485
39  3.806437 -0.112148 -1.295330  0.071537 -0.199274 -0.144753
40  1.719411 -0.000099 -0.000034  0.120126 0.024136 -0.199374
41  1.099672 0.000024 0.000007  -0.007217 0.004190 0.131746
42  0.805979 -0.359853 -1.318338  1.330199 0.197557 -0.619517
43  1.789780 -0.000009 -0.000042  0.032551 0.123016 0.037179
44  1.206997 -0.000006 0.000005  0.000293 -0.001887 1.285959
45  5.740571 0.000057 0.000724  0.115009 -0.000014 0.000021
46  11.480660 -0.000207 0.000981  0.033745 0.107170 0.126899
47  6.027514 -0.000273 -0.000236  -0.688117 -0.655741 -1.722040
48  -0.000001 11.691974 -0.000006  -1.279904 0.726335 0.943942
49  0.000004 -0.000001 -0.000000  2.518197 -0.000041 1.570856
50  -0.000006 -0.000015 0.000005  2.272644 -0.000030 1.570865
51  -3.476965 -5.660705 -7.577976  -0.171813 -3.031622 1.374157
52  0.000000 0.000000 0.000000  0.008153 -0.000259 0.000009
53  0.000000 0.000000 -0.000000  1.565115 0.043565 -0.106862
54  -0.876008 -13.744019 -13.383626  0.309558 -0.804486 -1.665481
55  -0.000000 0.000000 -0.000002  0.000000 -0.000000 -0.000002
56  0.000031 0.000029 -0.000000  -1.571902 -0.044449 -0.106509
57  12.880480 -3.005214 -19.469770  1.570796 -0.000000 0.000000
58  -15.265000 7.133661 -18.583086  1.570796 -0.000000 0.000000
59  -1.523137 -2.740167 -4.071830  1.570796 -0.000000 0.000000
60  -0.004311 0.001230 -0.000371  0.006898 -0.005534 -0.284229
61  2.046263 7.371444 -3.388127  1.570796 -0.000000 0.000000
62  0.000000 0.000000 0.000000  -0.078727 -3.136056 0.284226
63  -3.061034 -2.790865 -0.402753  1.570796 -0.000000 0.000000
64  -3.049900 -14.058226 -3.220214  1.578800 -0.000225 -0.001009
65  -0.005933 -2.262813 -2.946503  0.000000 -0.000000 0.000000
66  -0.007405 -0.385017 0.112678  0.000000 -0.000000 0.000000
67  -0.007403 -0.398124 12.763614  0.000000 -0.000000 0.000000
68  -0.007406 -3.312297 -1.336577  -0.436332 0.000000 -0.000000
69  -0.005934 0.810492 1.247790  0.000000 -0.000000 0.000000
70  0.000002 0.037560 1.926314  0.000000 -0.000000 0.000000
71  -3.072220 -14.501972 -6.186197  1.578800 -0.000225 -0.001009
72  0.184183 1.994350 -0.809968  0.000000 -0.000000 0.000000
73  -0.114187 1.780463 -0.801674  0.000000 -0.000000 0.000000
74  0.076510 1.501416 -0.809969  0.000000 -0.000000 0.000000
time 33
0  0.000006 0.000000 0.000000  -1.570800 -1.391899 -1.570792
1  -3.518106 3.420410 -1.527451  -1.544956 -1.855077 -0.198630
2  6.027518 -0.000321 0.000199  -0.885231 -0.322407 -1.016111
3  11.692107 0.000645 -0.000739  0.876910 -0.000042 -1.795986
4  11.479949 -0.000983 0.000034  0.806163 -0.738026 0.431440
5  3.859509 -0.142880 -1.192048  -0.494621 -0.298053 -1.023935
6  1.312590 0.000012 0.000006  0.002595 -0.024287 -0.490653
7  0.729357 0.000052 0.000043  0.004134 0.000360 -0.255888
8  3.942143 0.046273 -0.431510  -0.445672 -0.285579 -1.020671
9  1.539111 0.000086 0.000005  -0.004062 -0.045111 -0.320276
10  1.196333 0.000145 0.000029  0.002603 0.002239 -1.480994
11  3.883505 -0.047269 0.431383  -0.373212 -0.216241 -0.785554
12  1.719572 -0.000028 0.000016  -0.012261 -0.029645 -0.692173
13  1.209179 0.000091 0.000013  0.002706 0.006910 -1.723011
14  4.068721 -0.428058 1.349092  -0.118792 -0.120735 -0.289388
15  1.719448 -0.000012 0.000021  0.000354 -0.081191 -1.443693
16  1.099675 0.000049 0.000005  0.001668 0.011601 -1.603023
17  0.805993 -0.349050 1.321255  -1.715724 -1.015485 -0.292804
18  1.789826 -0.000003 -0.000016  -0.015299 0.016950 -0.144900
19  1.207010 -0.000014 -0.000044  -0.008014 -0.000490 0.700209
20  5.740637 0.000409 -0.000702  -0.124800 0.000003 0.000071
21  11.480997 0.000018 -0.000650  -0.106476 -0.148610 0.014775
22  6.027525 -0.000330 0.000203  -1.070997 -1.940050 -1.545819
23  0.000002 11.692101 -0.000007  -1.203374 -0.647445 -0.909031
24  0.000004 0.000010 -0.000002  1.746018 -0.000030 1.570738
25  -0.000001 -0.000011 -0.000001  0.868957 0.000002 1.570712
26  -4.645759 -6.650901 2.046262  1.473120 1.855075 -0.198639
27  6.027508 -0.000259 -0.000229  1.493018 0.525349 -0.614007
28  11.691990 0.000243 0.000857  0.245671 0.000078 -1.922374
29  11.478606 -0.001212 0.001152  -1.228609 0.545832 0.798942
30  3.840239 -0.256103 1.127582  0.375755 0.017196 -2.109855
31  1.312559 0.000026 0.000000  -0.016738 -0.067215 -0.358753
32  0.729345 0.000064 -0.000027  0.010499 -0.002285 -1.003070
33  3.942046 0.050109 0.430998  0.318069 -0.062504 -1.724927
34  1.539096 0.000010 0.000000  0.007072 -0.088740 -0.961961
35  1.196299 0.000076 -0.000003  0.008893 -0.001311 -1.206604
36  3.883411 -0.050502 -0.431086  0.154352 -0.157823 -1.573639
37  1.719563 -0.000078 -0.000004  -0.024403 -0.068048 -1.595299
38  1.209197 0.000036 0.000012  0.007422 -0.002547 -0.459485
39  3.806435 -0.112147 -1.295329  0.071537 -0.199274 -0.144753
40  1.719412 -0.000100 -0.000034  0.120126 0.024136 -0.199374
41  1.099672 0.000024 0.000006  -0.007217 0.004190 0.131746
42  0.805978 -0.359854 -1.318337  1.330199 0.197557 -0.619517
43  1.789779 -0.000009 -0.000042  0.032550 0.123016 0.037179
44  1.206996 -0.000006 0.000005  0.000293 -0.001887 1.285959
45  5.740571 0.000055 0.000723  0.110104 -0.000014 0.000021
46  11.480664 -0.000207 0.000980  0.030105 0.105633 0.125789
47  6.027514 -0.000273 -0.000236  -0.683876 -0.653848 -1.724620
48  -0.000002 11.691973 -0.000006  -1.278221 0.724598 0.943245
49  0.000004 -0.000001 -0.000000  2.518198 -0.000041 1.570856
50  -0.000007 -0.000015 0.000005  2.272644 -0.000030 1.570865
51  -3.539037 -5.686201 -7.592642  -0.189608 -3.023380 1.373572
52  0.000001 -0.000000 -0.000001  0.008153 -0.000259 0.000009
53  -0.000001 0.000000 0.000001  1.565115 0.043565 -0.106862
54  -1.069342 -13.803001 -13.408887  0.282823 -0.810727 -1.648771
55  0.000000 0.000000 0.000000  0.000000 -0.000000 -0.000002
56  0.000030 0.000030 0.000001  -1.571901 -0.044449 -0.106509
57  12.157010 -3.100387 -19.806389  1.570796 -0.000000 0.000000
58  -15.265000 7.133661 -18.583086  1.570796 -0.000000 0.000000
59  -1.523137 -2.740167 -4.071830  1.570796 -0.000000 0.000000
60  -0.004311 0.001230 -0.000371  0.006898 -0.005534 -0.284229
61  2.046263 7.371444 -3.388127  1.570796 -0.000000 0.000000
62  0.000000 0.000000 0.000000  -0.078727 -3.136056 0.284226
63  -3.061034 -2.790865 -0.402753  1.570796 -0.000000 0.000000
64  -3.051002 -14.064699 -3.204769  1.574133 0.018714 -0.003663
65  -0.005933 -2.262812 -2.946503  0.000000 -0.000000 -0.000000
66  -0.007405 -0.385017 0.112678  0.000000 -0.000000 -0.000000
67  -0.007403 -0.398124 12.763616  0.000000 -0.000000 -0.000000
68  -0.007406 -3.312297 -1.336578  0.000000 -0.000000 -0.000000
69  -0.005934 0.810492 1.247791  0.000000 -0.000000 -0.000000
70  0.000002 0.037560 1.926311  0.000000 -0.000000 -0.000000
71  -3.130675 -14.522020 -6.167703  1.574133 0.018714 -0.003663
72  0.184183 1.994350 -0.809968  0.000000 -0.000000 -0.000000
73  -0.114187 1.780464 -0.801673  0.000000 -0.000000 -0.000000
74  0.076510 1.501416 -0.809968  0.000000 -0.000000 -0.000000
time 34
0  0.000006 0.000000 0.000000  -1.570800 -1.391899 -1.570792
1  -3.518106 3.420410 -1.527451  -1.544956 -1.855077 -0.198630
2  6.027519 -0.000321 0.000199  -0.923883 -0.290401 -1.059483
3  11.692107 0.000644 -0.000740  0.834103 -0.000043 -1.811272
4  11.479811 -0.001042 0.000058  0.940174 -0.705160 0.308714
5  3.859509 -0.142880 -1.192050  -0.495180 -0.302126 -1.021844
6  1.312590 0.000011 0.000005  0.002595 -0.024287 -0.490653
7  0.729358 0.000050 0.000050  0.004134 0.000360 -0.255888
8  3.942143 0.046273 -0.431512  -0.445672 -0.285579 -1.020671
9  1.539111 0.000085 0.000005  -0.004062 -0.045111 -0.320276
10  1.196333 0.000145 0.000030  0.002603 0.002239 -1.480994
11  3.883505 -0.047270 0.431380  -0.373212 -0.216241 -0.785554
12  1.719573 -0.000028 0.000016  -0.012261 -0.029645 -0.692173
13  1.209179 0.000090 0.000014  0.002706 0.006910 -1.723011
14  4.068721 -0.428058 1.349090  -0.117677 -0.113368 -0.280543
15  1.719448 -0.000011 0.000023  -0.004646 -0.078368 -1.381044
16  1.099675 0.000048 0.000005  0.001282 0.011719 -1.596566
17  0.805994 -0.349051 1.321253  -1.719197 -1.025164 -0.290088
18  1.789826 -0.000001 -0.000015  -0.015214 0.017004 -0.140191
19  1.207009 -0.000015 -0.000044  -0.007994 -0.000564 0.696213
20  5.740637 0.000410 -0.000703  -0.112126 0.000003 0.000071
21  11.480969 0.000005 -0.000646  -0.091799 -0.133946 0.004195
22  6.027525 -0.000330 0.000203  -0.935596 -1.934374 -1.727291
23  0.000001 11.692101 -0.000007  -1.212373 -0.656670 -0.913439
24  0.000003 0.000009 -0.000001  1.703212 -0.000031 1.570739
25  -0.000000 -0.000011 -0.000000  0.868957 0.000002 1.570712
26  -4.645759 -6.650901 2.046262  1.473120 1.855075 -0.198639
27  6.027508 -0.000259 -0.000229  1.490444 0.528554 -0.615422
28  11.691990 0.000243 0.000855  0.245671 0.000078 -1.920695
29  11.478619 -0.001203 0.001151  -1.215930 0.548870 0.800031
30  3.840240 -0.256104 1.127580  0.375755 0.017196 -2.109855
31  1.312558 0.000027 0.000001  -0.016738 -0.067215 -0.358753
32  0.729344 0.000066 -0.000027  0.010499 -0.002285 -1.003070
33  3.942047 0.050109 0.430996  0.318069 -0.062504 -1.724927
34  1.539096 0.000009 0.000001  0.007072 -0.088740 -0.961961
35  1.196300 0.000076 -0.000004  0.008893 -0.001311 -1.206604
36  3.883412 -0.050503 -0.431087  0.154352 -0.157823 -1.573639
37  1.719563 -0.000079 -0.000004  -0.024403 -0.068048 -1.595299
38  1.209197 0.000036 0.000011  0.007422 -0.002547 -0.459485
39  3.806437 -0.112148 -1.295330  0.071537 -0.199274 -0.144753
40  1.719412 -0.000100 -0.000034  0.120126 0.024136 -0.199374
41  1.099673 0.000024 0.000006  -0.007217 0.004190 0.131746
42  0.805979 -0.359854 -1.318338  1.330199 0.197557 -0.619517
43  1.789780 -0.000009 -0.000042  0.032550 0.123016 0.037179
44  1.206997 -0.000006 0.000005  0.000293 -0.001887 1.285959
45  5.740571 0.000057 0.000724  0.112593 -0.000014 0.000021
46  11.480667 -0.000204 0.000980  0.032090 0.107001 0.125078
47  6.027514 -0.000273 -0.000236  -0.688741 -0.654411 -1.721780
48  -0.000002 11.691972 -0.000005  -1.277216 0.723560 0.942827
49  0.000005 -0.000001 -0.000001  2.518198 -0.000041 1.570856
50  -0.000007 -0.000015 0.000006  2.272644 -0.000030 1.570865
51  -3.496396 -5.702419 -7.589064  -0.176962 -3.022850 1.373066
52  0.000000 0.000000 -0.000000  0.008153 -0.000259 0.000009
53  0.000001 -0.000000 -0.000000  1.565115 0.043565 -0.106862
54  -1.010971 -13.785638 -13.210459  0.297410 -0.800527 -1.660990
55  -0.000001 0.000000 0.000002  0.000000 -0.000000 -0.000002
56  0.000030 0.000029 0.000003  -1.571901 -0.044449 -0.106509
57  11.163912 -2.702519 -20.186998  1.570796 -0.000000 0.000000
58  -15.265000 7.133661 -18.583086  1.570796 -0.000000 0.000000
59  -1.523137 -2.740167 -4.071830  1.570796 -0.000000 0.000000
60  -0.004311 0.001230 -0.000371  0.006898 -0.005534 -0.284229
61  2.046263 7.371444 -3.388127  1.570796 -0.000000 0.000000
62  0.000000 0.000000 0.000000  -0.078727 -3.136056 0.284226
63  -3.061034 -2.790865 -0.402753  1.570796 -0.000000 0.000000
64  -3.053842 -14.067320 -3.170533  1.571188 0.006496 -0.002711
65  -0.005933 -2.262812 -2.946504  0.000000 0.000000 0.000000
66  -0.007405 -0.385017 0.112677  0.000000 0.000000 0.000000
67  -0.007403 -0.398124 12.763615  0.000000 0.000000 0.000000
68  -0.007406 -3.312297 -1.336578  0.000000 0.000000 0.000000
69  -0.005934 0.810493 1.247790  0.000000 0.000000 0.000000
70  0.000002 0.037560 1.926310  0.000000 0.000000 0.000000
71  -3.096889 -14.533540 -6.132838  1.571188 0.006496 -0.002711
72  0.184183 1.994351 -0.809970  0.000000 0.000000 0.000000
73  -0.114187 1.780464 -0.801676  0.000000 0.000000 0.000000
74  0.076509 1.501416 -0.809970  0.000000 0.000000 0.000000
time 35
0  0.000006 0.000000 0.000000  -1.570800 -1.391899 -1.570792
1  -3.518106 3.420410 -1.527451  -1.544956 -1.855077 -0.198630
2  6.027519 -0.000320 0.000200  -0.978258 -0.244880 -1.117260
3  11.692103 0.000645 -0.000738  0.786779 -0.000045 -1.839563
4  11.479555 -0.001153 0.000117  1.066938 -0.618282 0.176172
5  3.859508 -0.142880 -1.192049  -0.495537 -0.304649 -1.020529
6  1.312590 0.000013 0.000004  0.002595 -0.024287 -0.490653
7  0.729357 0.000052 0.000048  0.004134 0.000360 -0.255888
8  3.942142 0.046273 -0.431511  -0.445672 -0.285579 -1.020671
9  1.539111 0.000086 0.000003  -0.004062 -0.045111 -0.320276
10  1.196332 0.000145 0.000030  0.002603 0.002239 -1.480994
11  3.883504 -0.047269 0.431383  -0.373212 -0.216241 -0.785554
12  1.719572 -0.000028 0.000017  -0.012261 -0.029645 -0.692173
13  1.209179 0.000088 0.000014  0.002706 0.006910 -1.723011
14  4.068720 -0.428058 1.349091  -0.115859 -0.106900 -0.260455
15  1.719449 -0.000012 0.000021  -0.013561 -0.071008 -1.248497
16  1.099675 0.000050 0.000007  0.000778 0.011466 -1.580858
17  0.805994 -0.349050 1.321254  -1.721862 -1.035153 -0.287177
18  1.789827 -0.000001 -0.000016  -0.015008 0.017193 -0.127435
19  1.207006 -0.000013 -0.000044  -0.007980 -0.000644 0.687458
20  5.740638 0.000410 -0.000701  -0.099823 0.000003 0.000071
21  11.480920 -0.000017 -0.000634  -0.079421 -0.110127 -0.007718
22  6.027525 -0.000330 0.000203  -0.741236 -1.937935 -1.981059
23  0.000001 11.692099 -0.000006  -1.229065 -0.673826 -0.921400
24  0.000003 0.000010 -0.000000  1.655889 -0.000031 1.570739
25  -0.000001 -0.000011 -0.000001  0.868957 0.000002 1.570712
26  -4.645759 -6.650901 2.046262  1.473120 1.855075 -0.198639
27  6.027508 -0.000259 -0.000229  1.489006 0.531380 -0.616293
28  11.691988 0.000244 0.000855  0.245671 0.000078 -1.920482
29  11.478620 -0.001204 0.001150  -1.202373 0.549251 0.804301
30  3.840240 -0.256104 1.127579  0.375755 0.017196 -2.109855
31  1.312558 0.000026 -0.000001  -0.016738 -0.067215 -0.358753
32  0.729345 0.000066 -0.000026  0.010499 -0.002285 -1.003070
33  3.942047 0.050108 0.430996  0.318069 -0.062504 -1.724927
34  1.539097 0.000010 0.000000  0.007072 -0.088740 -0.961961
35  1.196300 0.000077 -0.000003  0.008893 -0.001311 -1.206604
36  3.883411 -0.050502 -0.431088  0.154352 -0.157823 -1.573639
37  1.719563 -0.000078 -0.000003  -0.024403 -0.068048 -1.595299
38  1.209196 0.000036 0.000011  0.007422 -0.002547 -0.459485
39  3.806437 -0.112148 -1.295331  0.071537 -0.199274 -0.144753
40  1.719411 -0.000100 -0.000035  0.120126 0.024136 -0.199374
41  1.099673 0.000024 0.000006  -0.007217 0.004190 0.131746
42  0.805980 -0.359854 -1.318339  1.330199 0.197557 -0.619517
43  1.789779 -0.000010 -0.000042  0.032551 0.123016 0.037179
44  1.206997 -0.000007 0.000005  0.000293 -0.001887 1.285959
45  5.740571 0.000054 0.000723  0.115533 -0.000014 0.000021
46  11.480667 -0.000205 0.000979  0.034313 0.107996 0.125044
47  6.027514 -0.000273 -0.000236  -0.692626 -0.654249 -1.719561
48  -0.000001 11.691974 -0.000006  -1.277088 0.723428 0.942774
49  0.000004 -0.000001 0.000000  2.518197 -0.000041 1.570856
50  -0.000006 -0.000015 0.000005  2.272644 -0.000030 1.570865
51  -3.460963 -5.707121 -7.571648  -0.164775 -3.024632 1.373395
52  0.000000 -0.000000 0.000001  0.008153 -0.000259 0.000009
53  0.000000 -0.000000 -0.000001  1.565115 0.043565 -0.106862
54  -0.876097 -13.701224 -12.929844  0.302684 -0.771198 -1.692378
55  0.000000 0.000000 0.000001  0.000000 -0.000000 -0.000002
56  0.000030 0.000029 0.000003  -1.571901 -0.044449 -0.106509
57  10.031963 -1.851133 -20.568756  1.570796 -0.000000 0.000000
58  -15.265000 7.133661 -18.583086  1.570796 -0.000000 0.000000
59  -1.523137 -2.740167 -4.071830  1.570796 -0.000000 0.000000
60  -0.004311 0.001230 -0.000371  0.006898 -0.005534 -0.284229
61  2.046263 7.371444 -3.388127  1.570796 -0.000000 0.000000
62  0.000000 0.000000 0.000000  -0.078727 -3.136056 0.284226
63  -3.061034 -2.790865 -0.402753  1.570796 -0.000000 0.000000
64  -3.057716 -14.068498 -3.142696  1.570582 -0.005722 -0.000949
65  -0.005933 -2.262812 -2.946503  -0.000000 0.000000 0.000000
66  -0.007405 -0.385017 0.112677  -0.000000 0.000000 0.000000
67  -0.007403 -0.398124 12.763616  -0.000000 0.000000 0.000000
68  -0.007406 -3.312297 -1.336577  -0.000000 0.000000 0.000000
69  -0.005934 0.810492 1.247789  -0.000000 0.000000 0.000000
70  0.000002 0.037559 1.926313  -0.000000 0.000000 0.000000
71  -3.063750 -14.536623 -6.105009  1.570582 -0.005722 -0.000949
72  0.184182 1.994351 -0.809970  -0.000000 0.000000 0.000000
73  -0.114187 1.780464 -0.801675  -0.000000 0.000000 0.000000
74  0.076509 1.501416 -0.809969  -0.000000 0.000000 0.000000
time 36
0  0.000006 0.000000 0.000000  -1.570800 -1.391899 -1.570792
1  -3.518106 3.420410 -1.527451  -1.544956 -1.855077 -0.198630
2  6.027519 -0.000320 0.000200  -1.015947 -0.209546 -1.135088
3  11.692108 0.000646 -0.000740  0.734732 -0.000046 -1.857711
4  11.479394 -0.001229 0.000123  1.133904 -0.535890 0.072746
5  3.859509 -0.142880 -1.192048  -0.495662 -0.305515 -1.020072
6  1.312590 0.000012 0.000005  0.002395 -0.023274 -0.476220
7  0.729357 0.000054 0.000048  0.003946 0.000382 -0.268379
8  3.942143 0.046273 -0.431509  -0.429064 -0.243310 -0.953555
9  1.539111 0.000084 0.000006  -0.003675 -0.034333 -0.310475
10  1.196332 0.000148 0.000030  0.002227 0.001482 -1.231957
11  3.883504 -0.047269 0.431383  -0.346965 -0.178388 -0.688430
12  1.719572 -0.000028 0.000016  -0.011077 -0.021039 -0.635033
13  1.209179 0.000090 0.000013  0.002661 0.005720 -1.373054
14  4.064086 -0.421638 1.348724  -0.085093 -0.109537 -0.210665
15  1.719449 -0.000012 0.000020  -0.019203 -0.046624 -0.991608
16  1.099675 0.000049 0.000004  0.001383 0.009208 -1.257244
17  0.805993 -0.349050 1.321254  -1.721079 -1.039627 -0.285868
18  1.789826 -0.000002 -0.000016  -0.014683 0.017530 -0.106404
19  1.207008 -0.000012 -0.000046  -0.007980 -0.000735 0.668733
20  5.740638 0.000412 -0.000702  -0.089239 0.000003 0.000071
21  11.480888 -0.000033 -0.000633  -0.073811 -0.089865 -0.020255
22  6.027525 -0.000330 0.000203  -0.602665 -1.946402 -2.136532
23  0.000001 11.692102 -0.000006  -1.239802 -0.684885 -0.926370
24  0.000002 0.000009 0.000000  1.603842 -0.000031 1.570738
25  -0.000000 -0.000011 -0.000000  0.868957 0.000002 1.570712
26  -4.645759 -6.650901 2.046262  1.473120 1.855075 -0.198639
27  6.027508 -0.000259 -0.000229  1.490421 0.531107 -0.615615
28  11.691990 0.000243 0.000856  0.245671 0.000078 -1.920399
29  11.478621 -0.001203 0.001151  -1.202755 0.547051 0.803004
30  3.840239 -0.256103 1.127581  0.375755 0.017196 -2.109855
31  1.312557 0.000027 0.000001  -0.016738 -0.067215 -0.358753
32  0.729346 0.000066 -0.000027  0.010499 -0.002285 -1.003069
33  3.942046 0.050109 0.430996  0.318069 -0.062504 -1.724927
34  1.539096 0.000011 -0.000000  0.007072 -0.088740 -0.961961
35  1.196299 0.000076 -0.000004  0.008893 -0.001311 -1.206604
36  3.883411 -0.050501 -0.431087  0.154352 -0.157823 -1.573639
37  1.719563 -0.000079 -0.000004  -0.024403 -0.068048 -1.595299
38  1.209197 0.000036 0.000012  0.007422 -0.002547 -0.459485
39  3.806436 -0.112148 -1.295330  0.071537 -0.199274 -0.144753
40  1.719413 -0.000100 -0.000034  0.120126 0.024136 -0.199374
41  1.099672 0.000025 0.000007  -0.007217 0.004190 0.131746
42  0.805979 -0.359854 -1.318339  1.330199 0.197557 -0.619517
43  1.789779 -0.000009 -0.000042  0.032551 0.123016 0.037179
44  1.206997 -0.000006 0.000005  0.000293 -0.001887 1.285959
45  5.740570 0.000056 0.000724  0.115562 -0.000014 0.000021
46  11.480667 -0.000204 0.000980  0.034481 0.107542 0.124921
47  6.027514 -0.000273 -0.000236  -0.691627 -0.653283 -1.720207
48  -0.000002 11.691974 -0.000007  -1.277039 0.723377 0.942753
49  0.000003 -0.000001 -0.000000  2.518198 -0.000041 1.570856
50  -0.000006 -0.000015 0.000004  2.272644 -0.000030 1.570865
51  -3.476055 -5.709479 -7.565094  -0.164716 -3.024295 1.374686
52  -0.000001 -0.000000 -0.000000  0.008153 -0.000259 0.000009
53  0.000000 0.000000 -0.000001  1.565115 0.043565 -0.106862
54  -0.602394 -13.610821 -12.930814  0.316647 -0.741482 -1.762841
55  0.000000 0.000000 -0.000001  0.000000 -0.000000 -0.000002
56  0.000030 0.000029 0.000001  -1.571901 -0.044449 -0.106509
57  9.432002 -1.453266 -20.711029  1.570796 -0.000000 0.000000
58  -15.265000 7.133661 -18.583086  1.570796 -0.000000 0.000000
59  -1.523137 -2.740167 -4.071830  1.570796 -0.000000 0.000000
60  -0.004311 0.001230 -0.000371  0.006898 -0.005534 -0.284229
61  2.046263 7.371444 -3.388127  1.570796 -0.000000 0.000000
62  0.000000 0.000000 0.000000  -0.078727 -3.136056 0.284226
63  -3.061034 -2.790865 -0.402753  1.570796 -0.000000 0.000000
64  -3.061923 -14.068810 -3.133285  1.570240 -0.005715 0.000351
65  -0.005933 -2.262812 -2.946503  0.000000 0.000000 -0.000000
66  -0.007405 -0.385017 0.112678  0.000000 0.000000 -0.000000
67  -0.007403 -0.398124 12.763614  0.000000 0.000000 -0.000000
68  -0.007406 -3.312297 -1.336578  0.000000 0.000000 -0.000000
69  -0.005934 0.810493 1.247791  0.000000 0.000000 -0.000000
70  0.000002 0.037560 1.926310  0.000000 0.000000 -0.000000
71  -3.067372 -14.537954 -6.095436  1.570240 -0.005715 0.000351
72  0.184182 1.994350 -0.809970  0.000000 0.000000 -0.000000
73  -0.114187 1.780464 -0.801676  0.000000 0.000000 -0.000000
74  0.076509 1.501415 -0.809969  0.000000 0.000000 -0.000000
time 37
0  0.000006 0.000000 0.000000  -1.570800 -1.391899 -1.570792
1  -3.518106 3.420410 -1.527451  -1.544956 -1.855077 -0.198630
2  6.027519 -0.000320 0.000200  -1.044572 -0.197988 -1.115096
3  11.692106 0.000645 -0.000739  0.549621 -0.000048 -1.885443
4  11.479143 -0.001351 -0.000035  1.232330 -0.447676 -0.015682
5  3.859509 -0.142880 -1.192050  -0.496236 -0.270947 -0.993764
6  1.312590 0.000015 0.000006  0.001854 -0.020254 -0.433440
7  0.729357 0.000053 0.000045  0.003387 0.000423 -0.305389
8  3.942144 0.046273 -0.431513  -0.372855 -0.137649 -0.789564
9  1.539111 0.000085 0.000007  -0.002104 -0.011142 -0.281698
10  1.196332 0.000144 0.000028  0.000817 0.000275 -0.679809
11  3.883506 -0.047269 0.431382  -0.261567 -0.096405 -0.477863
12  1.719573 -0.000027 0.000015  -0.005963 -0.002779 -0.490834
13  1.209179 0.000091 0.000012  0.001111 0.003529 -0.566391
14  4.050138 -0.402318 1.347607  -0.007931 -0.125982 -0.138372
15  1.719450 -0.000012 0.000021  -0.009279 -0.009860 -0.623340
16  1.099675 0.000049 0.000006  0.001082 0.004399 -0.553202
17  0.800737 -0.415277 1.301775  -1.630105 -1.048945 -0.344222
18  1.789826 -0.000003 -0.000016  -0.014243 0.021907 -0.031050
19  1.207007 -0.000014 -0.000045  -0.008097 -0.000896 0.609744
20  5.740635 0.000410 -0.000704  -0.072522 0.000003 0.000070
21  11.480839 -0.000060 -0.000665  -0.059737 -0.069310 -0.029593
22  6.027525 -0.000330 0.000203  -0.538006 -1.964598 -2.182271
23  0.000001 11.692100 -0.000006  -1.256263 -0.701863 -0.933754
24  0.000003 0.000009 -0.000000  1.418732 -0.000031 1.570739
25  -0.000000 -0.000011 -0.000000  0.868957 0.000002 1.570712
26  -4.645759 -6.650901 2.046262  1.473120 1.855075 -0.198639
27  6.027508 -0.000259 -0.000229  1.491113 0.530433 -0.615244
28  11.691991 0.000243 0.000856  0.245671 0.000078 -1.920250
29  11.478622 -0.001201 0.001150  -1.203187 0.545584 0.801467
30  3.840238 -0.256103 1.127580  0.375755 0.017196 -2.109855
31  1.312558 0.000025 0.000000  -0.016738 -0.067215 -0.358753
32  0.729346 0.000065 -0.000027  0.010499 -0.002285 -1.003069
33  3.942047 0.050109 0.430996  0.318069 -0.062504 -1.724927
34  1.539097 0.000011 0.000000  0.007072 -0.088740 -0.961961
35  1.196300 0.000076 -0.000004  0.008893 -0.001311 -1.206604
36  3.883411 -0.050502 -0.431088  0.154352 -0.157823 -1.573639
37  1.719563 -0.000080 -0.000003  -0.024403 -0.068048 -1.595299
38  1.209197 0.000036 0.000011  0.007422 -0.002547 -0.459485
39  3.806435 -0.112148 -1.295330  0.071537 -0.199274 -0.144753
40  1.719412 -0.000100 -0.000035  0.120126 0.024136 -0.199374
41  1.099674 0.000025 0.000007  -0.007217 0.004190 0.131746
42  0.805979 -0.359854 -1.318339  1.330199 0.197557 -0.619517
43  1.789780 -0.000008 -0.000042  0.032550 0.123016 0.037179
44  1.206996 -0.000006 0.000005  0.000293 -0.001887 1.285959
45  5.740571 0.000057 0.000724  0.115430 -0.000014 0.000021
46  11.480667 -0.000203 0.000980  0.034588 0.107215 0.124720
47  6.027514 -0.000273 -0.000236  -0.690531 -0.653052 -1.720853
48  -0.000002 11.691972 -0.000006  -1.276949 0.723284 0.942716
49  0.000005 -0.000002 -0.000000  2.518198 -0.000041 1.570856
50  -0.000007 -0.000015 0.000004  2.272644 -0.000030 1.570865
51  -3.488404 -5.710596 -7.568118  -0.164738 -3.024133 1.375666
52  -0.000000 0.000000 0.000000  0.008153 -0.000259 0.000009
53  0.000000 0.000000 -0.000001  1.565115 0.043565 -0.106862
54  -0.177897 -13.559953 -12.784955  0.272715 -0.690926 -1.830954
55  0.000001 0.000000 0.000000  0.000000 -0.000000 -0.000002
56  0.000032 0.000029 0.000002  -1.571901 -0.044449 -0.106509
57  9.202846 -1.852977 -20.607288  1.570796 -0.000000 0.000000
58  -15.265000 7.133661 -18.583086  1.570796 -0.000000 0.000000
59  -1.523137 -2.740167 -4.071830  1.570796 -0.000000 0.000000
60  -0.004311 0.001230 -0.000371  0.006898 -0.005534 -0.284229
61  2.046263 7.371444 -3.388127  1.570796 -0.000000 0.000000
62  0.000000 0.000000 0.000000  -0.078727 -3.136056 0.284226
63  -3.061034 -2.790865 -0.402753  1.570796 -0.000000 0.000000
64  -3.065867 -14.068834 -3.135044  1.570086 -0.005661 0.001329
65  -0.005933 -2.262813 -2.946503  0.000000 0.000000 0.000000
66  -0.007405 -0.385017 0.112677  0.000000 0.000000 0.000000
67  -0.007403 -0.398124 12.763616  0.000000 0.000000 0.000000
68  -0.007406 -3.312297 -1.336578  0.000000 0.000000 0.000000
69  -0.005934 0.810493 1.247790  0.000000 0.000000 0.000000
70  0.000002 0.037559 1.926311  0.000000 0.000000 0.000000
71  -3.071014 -14.538443 -6.097123  1.570086 -0.005661 0.001329
72  0.184183 1.994350 -0.809969  0.000000 0.000000 0.000000
73  -0.114187 1.780463 -0.801674  0.000000 0.000000 0.000000
74  0.076509 1.501416 -0.809969  0.000000 0.000000 0.000000
time 38
0  0.000006 0.000000 0.000000  -1.570800 -1.391899 -1.570792
1  -3.518106 3.420410 -1.527451  -1.544956 -1.855077 -0.198630
2  6.027519 -0.000321 0.000199  -1.065245 -0.253335 -1.101276
3  11.692106 0.000646 -0.000739  0.099980 -0.000050 -1.909438
4  11.478929 -0.001311 -0.000607  1.427285 -0.382104 -0.014843
5  3.859510 -0.142879 -1.192050  -0.492583 -0.166460 -0.918856
6  1.312589 0.000010 0.000005  0.001187 -0.015602 -0.368099
7  0.729357 0.000055 0.000046  0.002533 0.000418 -0.361885
8  3.942144 0.046274 -0.431514  -0.308671 -0.047676 -0.664615
9  1.539110 0.000084 0.000004  -0.000007 0.000021 -0.247841
10  1.196332 0.000146 0.000028  0.000012 0.000019 -0.430771
11  3.883505 -0.047269 0.431380  -0.171193 -0.041877 -0.380799
12  1.719574 -0.000027 0.000016  0.000015 0.005519 -0.366533
13  1.209179 0.000091 0.000013  0.000004 0.003092 -0.216437
14  4.027459 -0.370902 1.345796  0.066201 -0.139241 -0.107446
15  1.719447 -0.000012 0.000022  0.000029 0.004070 -0.363021
16  1.099676 0.000047 0.000005  0.000003 0.002579 -0.244381
17  0.785435 -0.608021 1.245084  -1.358356 -1.055506 -0.525046
18  1.789825 -0.000003 -0.000017  -0.012115 0.033971 0.144293
19  1.207009 -0.000015 -0.000045  -0.008406 -0.001213 0.481748
20  5.740636 0.000411 -0.000703  -0.045279 0.000003 0.000071
21  11.480796 -0.000051 -0.000780  -0.022852 -0.055521 -0.019318
22  6.027525 -0.000330 0.000203  2.512243 -1.131096 1.052071
23  0.000001 11.692101 -0.000006  -1.270566 -0.716627 -0.939929
24  0.000002 0.000009 -0.000000  0.969091 -0.000030 1.570739
25  -0.000001 -0.000012 -0.000000  0.868957 0.000002 1.570712
26  -4.645759 -6.650901 2.046262  1.473120 1.855075 -0.198639
27  6.027508 -0.000259 -0.000229  1.491533 0.529722 -0.614999
28  11.691991 0.000243 0.000856  0.245671 0.000078 -1.920078
29  11.478625 -0.001202 0.001151  -1.203663 0.544486 0.800056
30  3.840239 -0.256103 1.127581  0.375755 0.017196 -2.109855
31  1.312558 0.000026 -0.000001  -0.016738 -0.067215 -0.358753
32  0.729345 0.000063 -0.000028  0.010499 -0.002285 -1.003069
33  3.942046 0.050109 0.430997  0.318069 -0.062504 -1.724927
34  1.539097 0.000010 -0.000000  0.007072 -0.088740 -0.961961
35  1.196300 0.000075 -0.000003  0.008893 -0.001311 -1.206604
36  3.883412 -0.050502 -0.431087  0.154352 -0.157823 -1.573639
37  1.719564 -0.000078 -0.000003  -0.024403 -0.068048 -1.595299
38  1.209197 0.000036 0.000012  0.007422 -0.002547 -0.459485
39  3.806437 -0.112148 -1.295329  0.071537 -0.199274 -0.144753
40  1.719411 -0.000100 -0.000035  0.120126 0.024136 -0.199374
41  1.099672 0.000024 0.000007  -0.007217 0.004190 0.131746
42  0.805979 -0.359854 -1.318338  1.330199 0.197557 -0.619517
43  1.789779 -0.000009 -0.000042  0.032550 0.123016 0.037179
44  1.206997 -0.000006 0.000005  0.000293 -0.001887 1.285959
45  5.740571 0.000055 0.000723  0.115250 -0.000014 0.000021
46  11.480669 -0.000204 0.000979  0.034652 0.106956 0.124529
47  6.027514 -0.000273 -0.000236  -0.689526 -0.653047 -1.721430
48  -0.000002 11.691973 -0.000006  -1.276847 0.723178 0.942673
49  0.000004 -0.000002 -0.000000  2.518198 -0.000041 1.570856
50  -0.000007 -0.000015 0.000005  2.272644 -0.000030 1.570865
51  -3.498756 -5.711407 -7.573568  -0.164872 -3.024065 1.376424
52  -0.000000 -0.000000 0.000000  0.008153 -0.000259 0.000009
53  -0.000000 0.000000 0.000000  1.565115 0.043565 -0.106862
54  -0.008635 -13.854858 -11.945990  0.061862 -0.578689 -1.815645
55  -0.000000 0.000000 -0.000000  0.000000 -0.000000 -0.000002
56  0.000030 0.000029 0.000002  -1.571901 -0.044449 -0.106509
57  9.010925 -3.046079 -20.297634  1.570796 -0.000000 0.000000
58  -15.265000 7.133661 -18.583086  1.570796 -0.000000 0.000000
59  -1.523137 -2.740167 -4.071830  1.570796 -0.000000 0.000000
60  -0.004311 0.001230 -0.000371  0.006898 -0.005534 -0.284229
61  2.046263 7.371444 -3.388127  1.570796 -0.000000 0.000000
62  0.000000 0.000000 0.000000  -0.078727 -3.136056 0.284226
63  -3.061034 -2.790865 -0.402753  1.570796 -0.000000 0.000000
64  -3.069379 -14.069147 -3.140212  1.570045 -0.005517 0.002071
65  -0.005933 -2.262812 -2.946503  -0.000000 0.000000 0.000000
66  -0.007405 -0.385017 0.112678  -0.000000 0.000000 0.000000
67  -0.007402 -0.398124 12.763612  -0.000000 0.000000 0.000000
68  -0.007406 -3.312297 -1.336579  -0.000000 0.000000 0.000000
69  -0.005934 0.810493 1.247790  -0.000000 0.000000 0.000000
70  0.000002 0.037560 1.926311  -0.000000 0.000000 0.000000
71  -3.074604 -14.538879 -6.102270  1.570045 -0.005517 0.002071
72  0.184183 1.994351 -0.809968  -0.000000 0.000000 0.000000
73  -0.114187 1.780464 -0.801674  -0.000000 0.000000 0.000000
74  0.076510 1.501417 -0.809969  -0.000000 0.000000 0.000000
time 39
0  0.000006 0.000000 0.000000  -1.570800 -1.391899 -1.570792
1  -3.518106 3.420410 -1.527451  -1.544956 -1.855077 -0.198630
2  6.027520 -0.000321 0.000198  -1.077849 -0.404046 -1.108919
3  11.692104 0.000646 -0.000739  -0.463368 -0.000048 -1.889536
4  11.479109 -0.000701 -0.001169  1.527837 -0.485642 0.126295
5  3.859510 -0.142879 -1.192051  -0.473387 -0.008146 -0.813711
6  1.312590 0.000012 0.000005  0.000625 -0.010266 -0.293903
7  0.729358 0.000057 0.000045  0.001571 0.000304 -0.426024
8  3.942140 0.046274 -0.431513  -0.252563 0.009919 -0.602390
9  1.539110 0.000084 0.000005  0.002022 0.000419 -0.206183
10  1.196334 0.000145 0.000030  0.000014 0.000087 -0.463072
11  3.883504 -0.047268 0.431382  -0.095378 -0.020393 -0.385686
12  1.719574 -0.000029 0.000017  0.004022 0.005275 -0.272521
13  1.209180 0.000092 0.000013  0.000239 0.003163 -0.276754
14  3.997795 -0.329814 1.343432  0.138393 -0.141694 -0.138533
15  1.719446 -0.000011 0.000022  0.000533 0.003403 -0.217611
16  1.099674 0.000047 0.000005  0.000294 0.002647 -0.280584
17  0.763438 -0.885104 1.163589  -0.982134 -1.014828 -0.767545
18  1.789827 -0.000003 -0.000017  -0.005368 0.050453 0.387781
19  1.207008 -0.000015 -0.000045  -0.008790 -0.001697 0.305088
20  5.740637 0.000409 -0.000702  -0.043271 0.000003 0.000070
21  11.480831 0.000070 -0.000890  0.001509 -0.076132 0.012368
22  6.027525 -0.000330 0.000203  2.280490 -1.026079 1.245074
23  0.000002 11.692099 -0.000006  -1.258699 -0.704377 -0.934821
24  0.000005 0.000007 -0.000001  0.405742 -0.000030 1.570739
25  -0.000000 -0.000011 -0.000001  0.868957 0.000002 1.570712
26  -4.645759 -6.650901 2.046262  1.473120 1.855075 -0.198639
27  6.027508 -0.000259 -0.000229  1.491716 0.528996 -0.614863
28  11.691990 0.000242 0.000856  0.245671 0.000078 -1.919787
29  11.478629 -0.001202 0.001151  -1.204278 0.543712 0.798582
30  3.840240 -0.256104 1.127579  0.375755 0.017196 -2.109855
31  1.312558 0.000027 0.000000  -0.016738 -0.067215 -0.358753
32  0.729344 0.000065 -0.000027  0.010499 -0.002285 -1.003070
33  3.942046 0.050109 0.430996  0.318069 -0.062504 -1.724927
34  1.539096 0.000010 -0.000000  0.007072 -0.088740 -0.961961
35  1.196299 0.000076 -0.000004  0.008893 -0.001311 -1.206604
36  3.883411 -0.050502 -0.431088  0.154352 -0.157823 -1.573639
37  1.719563 -0.000078 -0.000003  -0.024403 -0.068048 -1.595299
38  1.209197 0.000036 0.000011  0.007422 -0.002547 -0.459485
39  3.806437 -0.112148 -1.295330  0.071537 -0.199274 -0.144753
40  1.719412 -0.000099 -0.000033  0.120126 0.024136 -0.199374
41  1.099671 0.000025 0.000007  -0.007217 0.004190 0.131746
42  0.805979 -0.359854 -1.318339  1.330199 0.197557 -0.619517
43  1.789780 -0.000009 -0.000042  0.032550 0.123016 0.037179
44  1.206996 -0.000007 0.000005  0.000293 -0.001887 1.285959
45  5.740574 0.000054 0.000724  0.114997 -0.000014 0.000021
46  11.480671 -0.000206 0.000980  0.034666 0.106747 0.124318
47  6.027514 -0.000273 -0.000236  -0.688620 -0.653231 -1.721938
48  -0.000001 11.691973 -0.000005  -1.276672 0.722999 0.942600
49  0.000004 -0.000001 -0.000001  2.518198 -0.000041 1.570856
50  -0.000006 -0.000015 0.000005  2.272644 -0.000030 1.570865
51  -3.507627 -5.712839 -7.581616  -0.165148 -3.024007 1.377008
52  0.000001 -0.000000 -0.000001  0.008153 -0.000259 0.000009
53  -0.000000 -0.000000 -0.000001  1.565115 0.043565 -0.106862
54  -0.258354 -14.728480 -10.343121  -0.296713 -0.350093 -1.771102
55  -0.000002 -0.000000 -0.000000  0.000000 -0.000000 -0.000002
56  0.000029 0.000029 0.000002  -1.571902 -0.044449 -0.106509
57  8.863106 -4.924382 -19.810143  1.570796 -0.000000 0.000000
58  -15.265000 7.133661 -18.583086  1.570796 -0.000000 0.000000
59  -1.523137 -2.740167 -4.071830  1.570796 -0.000000 0.000000
60  -0.004311 0.001230 -0.000371  0.006898 -0.005534 -0.284229
61  2.046263 7.371444 -3.388127  1.570796 -0.000000 0.000000
62  0.000000 0.000000 0.000000  -0.078727 -3.136056 0.284226
63  -3.061034 -2.790865 -0.402753  1.570796 -0.000000 0.000000
64  -3.072395 -14.070325 -3.148350  1.570042 -0.005237 0.002623
65  -0.005933 -2.262813 -2.946502  0.000000 -0.000000 -0.000000
66  -0.007405 -0.385016 0.112677  0.000000 -0.000000 -0.000000
67  -0.007403 -0.398124 12.763617  0.000000 -0.000000 -0.000000
68  -0.007406 -3.312297 -1.336578  0.000000 -0.000000 -0.000000
69  -0.005934 0.810493 1.247791  0.000000 -0.000000 -0.000000
70  0.000002 0.037560 1.926312  0.000000 -0.000000 -0.000000
71  -3.078191 -14.540072 -6.110404  1.570042 -0.005237 0.002623
72  0.184183 1.994350 -0.809970  0.000000 -0.000000 -0.000000
73  -0.114187 1.780464 -0.801675  0.000000 -0.000000 -0.000000
74  0.076510 1.501416 -0.809970  0.000000 -0.000000 -0.000000
time 40
0  0.000006 0.000000 0.000000  -1.570800 -1.391899 -1.570792
1  -3.518106 3.420410 -1.527451  -1.544956 -1.855077 -0.198630
2  6.027520 -0.000322 0.000196  -1.082269 -0.607736 -1.127315
3  11.692105 0.000644 -0.000740  -0.861962 -0.000043 -1.805553
4  11.479864 0.000094 -0.001015  1.314728 -0.699844 0.334829
5  3.859506 -0.142880 -1.192049  -0.437127 0.161363 -0.710870
6  1.312589 0.000011 0.000005  0.000169 -0.005513 -0.228573
7  0.729358 0.000052 0.000046  0.000740 0.000069 -0.482521
8  3.942139 0.046273 -0.431511  -0.194893 0.056846 -0.566919
9  1.539110 0.000085 0.000004  0.004275 0.000516 -0.151910
10  1.196333 0.000148 0.000030  0.000032 0.000291 -0.551713
11  3.883503 -0.047269 0.431381  -0.016879 -0.012769 -0.395749
12  1.719575 -0.000027 0.000018  0.007184 0.004321 -0.179604
13  1.209179 0.000092 0.000013  0.000835 0.003419 -0.435624
14  3.964189 -0.283267 1.340750  0.223050 -0.132177 -0.219509
15  1.719449 -0.000012 0.000023  0.000314 0.001760 -0.131560
16  1.099676 0.000045 0.000002  0.000989 0.002946 -0.393009
17  0.741440 -1.162188 1.082093  -0.676107 -0.922312 -0.932901
18  1.789826 -0.000001 -0.000017  0.005637 0.064670 0.625398
19  1.207009 -0.000014 -0.000046  -0.009082 -0.002253 0.126050
20  5.740637 0.000407 -0.000702  -0.091778 0.000003 0.000071
21  11.480979 0.000228 -0.000861  -0.023218 -0.124509 0.035946
22  6.027525 -0.000330 0.000203  2.061202 -0.866856 1.403252
23  0.000003 11.692101 -0.000007  -1.209004 -0.653215 -0.911799
24  0.000002 0.000010 -0.000002  0.007147 -0.000031 1.570739
25  0.000000 -0.000011 0.000000  0.868957 0.000002 1.570712
26  -4.645759 -6.650901 2.046262  1.473120 1.855075 -0.198639
27  6.027508 -0.000259 -0.000229  1.491708 0.528309 -0.614818
28  11.691990 0.000243 0.000855  0.245671 0.000078 -1.919288
29  11.478630 -0.001198 0.001149  -1.205118 0.543233 0.796913
30  3.840240 -0.256103 1.127580  0.375755 0.017196 -2.109855
31  1.312558 0.000027 -0.000000  -0.016738 -0.067215 -0.358753
32  0.729345 0.000065 -0.000026  0.010499 -0.002285 -1.003070
33  3.942047 0.050109 0.430997  0.318069 -0.062504 -1.724927
34  1.539096 0.000009 0.000000  0.007072 -0.088740 -0.961961
35  1.196300 0.000077 -0.000003  0.008893 -0.001311 -1.206604
36  3.883410 -0.050502 -0.431087  0.154352 -0.157823 -1.573639
37  1.719563 -0.000080 -0.000003  -0.024403 -0.068048 -1.595299
38  1.209198 0.000036 0.000011  0.007422 -0.002547 -0.459485
39  3.806436 -0.112148 -1.295330  0.071537 -0.199274 -0.144753
40  1.719413 -0.000100 -0.000035  0.120126 0.024136 -0.199374
41  1.099673 0.000024 0.000007  -0.007217 0.004190 0.131746
42  0.805978 -0.359854 -1.318338  1.330199 0.197557 -0.619517
43  1.789779 -0.000009 -0.000042  0.032550 0.123016 0.037179
44  1.206996 -0.000007 0.000005  0.000293 -0.001887 1.285959
45  5.740572 0.000055 0.000724  0.114654 -0.000014 0.000021
46  11.480670 -0.000204 0.000979  0.034624 0.106574 0.124070
47  6.027514 -0.000273 -0.000236  -0.687850 -0.653544 -1.722357
48  -0.000003 11.691973 -0.000006  -1.276373 0.722690 0.942476
49  0.000004 -0.000001 -0.000000  2.518198 -0.000041 1.570856
50  -0.000007 -0.000016 0.000005  2.272644 -0.000030 1.570865
51  -3.515353 -5.715816 -7.591966  -0.165597 -3.023877 1.377446
52  0.000001 -0.000000 0.000001  0.008153 -0.000259 0.000009
53  -0.000000 0.000000 -0.000000  1.565115 0.043565 -0.106862
54  -0.730097 -15.968103 -8.413723  -0.674620 -0.071119 -1.794270
55  0.000000 0.000000 -0.000000  0.000000 -0.000000 -0.000002
56  0.000030 0.000030 0.000001  -1.571901 -0.044449 -0.106509
57  8.762057 -7.212455 -19.216303  1.570796 -0.000000 0.000000
58  -15.265000 7.133661 -18.583086  1.570796 -0.000000 0.000000
59  -1.523137 -2.740167 -4.071830  1.570796 -0.000000 0.000000
60  -0.004311 0.001230 -0.000371  0.006898 -0.005534 -0.284229
61  2.046263 7.371444 -3.388127  1.570796 -0.000000 0.000000
62  0.000000 0.000000 0.000000  -0.078727 -3.136056 0.284226
63  -3.061034 -2.790865 -0.402753  1.570796 -0.000000 0.000000
64  -3.074851 -14.072946 -3.158550  1.570001 -0.004775 0.003009
65  -0.005933 -2.262813 -2.946502  -0.000000 -0.000000 0.000000
66  -0.007405 -0.385017 0.112677  -0.000000 -0.000000 0.000000
67  -0.007403 -0.398124 12.763617  -0.000000 -0.000000 0.000000
68  -0.007406 -3.312297 -1.336578  -0.000000 -0.000000 0.000000
69  -0.005934 0.810492 1.247790  -0.000000 -0.000000 0.000000
70  0.000002 0.037560 1.926313  -0.000000 -0.000000 0.000000
71  -3.081835 -14.542820 -6.120582  1.570001 -0.004775 0.003009
72  0.184183 1.994350 -0.809969  -0.000000 -0.000000 0.000000
73  -0.114187 1.780464 -0.801675  -0.000000 -0.000000 0.000000
74  0.076509 1.501416 -0.809969  -0.000000 -0.000000 0.000000
time 41
0  0.000006 0.000000 0.000000  -1.570800 -1.391899 -1.570792
1  -3.518106 3.420410 -1.527451  -1.544956 -1.855077 -0.198630
2  6.027521 -0.000324 0.000194  -1.084060 -0.785260 -1.136424
3  11.692107 0.000645 -0.000740  -1.004205 -0.000034 -1.686002
4  11.479087 0.000041 -0.001300  0.926503 -0.763633 0.584319
5  3.859504 -0.142880 -1.192050  -0.400632 0.298728 -0.645104
6  1.312591 0.000011 0.000004  -0.000417 -0.002331 -0.185806
7  0.729358 0.000053 0.000044  0.000223 -0.000243 -0.519530
8  3.942141 0.046273 -0.431512  -0.152464 0.110100 -0.559377
9  1.539109 0.000085 0.000002  0.005936 0.000397 -0.108072
10  1.196334 0.000146 0.000030  0.000087 0.000570 -0.651084
11  3.883503 -0.047269 0.431381  0.041230 0.016877 -0.411995
12  1.719571 -0.000028 0.000016  0.008812 0.002517 -0.115665
13  1.209180 0.000093 0.000013  0.001383 0.003765 -0.594494
14  3.930587 -0.236720 1.338069  0.286595 -0.110545 -0.297145
15  1.719448 -0.000014 0.000023  -0.000821 0.000248 -0.101359
16  1.099677 0.000044 0.000004  0.001483 0.003511 -0.553596
17  0.726141 -1.354934 1.025403  -0.520180 -0.826283 -0.979579
18  1.789827 -0.000001 -0.000017  0.016027 0.072356 0.785221
19  1.207008 -0.000014 -0.000044  -0.009204 -0.002712 -0.008418
20  5.740635 0.000410 -0.000703  -0.156213 0.000003 0.000070
21  11.480822 0.000221 -0.000918  -0.074097 -0.155324 0.050450
22  6.027525 -0.000330 0.000203  1.927914 -0.715813 1.488135
23  0.000001 11.692101 -0.000007  -1.138851 -0.582052 -0.875226
24  0.000003 0.000009 -0.000001  -0.135099 -0.000031 1.570738
25  -0.000001 -0.000011 -0.000001  0.868957 0.000002 1.570712
26  -4.645759 -6.650901 2.046262  1.473120 1.855075 -0.198639
27  6.027508 -0.000259 -0.000229  1.491821 0.529343 -0.614839
28  11.691991 0.000242 0.000856  0.245671 0.000078 -1.915766
29  11.478662 -0.001182 0.001147  -1.206470 0.542555 0.793801
30  3.840240 -0.256104 1.127580  0.375755 0.017196 -2.109855
31  1.312558 0.000025 -0.000001  -0.016738 -0.067215 -0.358753
32  0.729346 0.000065 -0.000026  0.010499 -0.002285 -1.003070
33  3.942047 0.050109 0.430995  0.318069 -0.062504 -1.724927
34  1.539097 0.000010 0.000001  0.007072 -0.088740 -0.961961
35  1.196298 0.000076 -0.000004  0.008893 -0.001311 -1.206604
36  3.883412 -0.050502 -0.431088  0.154352 -0.157823 -1.573639
37  1.719563 -0.000080 -0.000003  -0.024403 -0.068048 -1.595299
38  1.209198 0.000036 0.000011  0.007422 -0.002547 -0.459485
39  3.806436 -0.112147 -1.295331  0.071537 -0.199274 -0.144753
40  1.719412 -0.000100 -0.000035  0.120126 0.024136 -0.199374
41  1.099672 0.000025 0.000007  -0.007217 0.004190 0.131746
42  0.805979 -0.359854 -1.318338  1.330199 0.197557 -0.619517
43  1.789780 -0.000009 -0.000043  0.032550 0.123016 0.037179
44  1.206996 -0.000006 0.000005  0.000293 -0.001887 1.285959
45  5.740571 0.000056 0.000724  0.114040 -0.000014 0.000021
46  11.480676 -0.000200 0.000979  0.034564 0.106306 0.123584
47  6.027514 -0.000273 -0.000236  -0.688959 -0.652994 -1.721760
48  -0.000002 11.691973 -0.000005  -1.274266 0.720515 0.941594
49  0.000005 -0.000002 -0.000001  2.518198 -0.000041 1.570856
50  -0.000006 -0.000015 0.000005  2.272644 -0.000030 1.570865
51  -3.522119 -5.747688 -7.603808  -0.166248 -3.023592 1.377747
52  0.000000 -0.000000 0.000000  0.008153 -0.000259 0.000009
53  0.000000 -0.000000 -0.000001  1.565115 0.043565 -0.106862
54  -1.089415 -17.189310 -6.839824  -0.941961 0.116313 -1.862094
55  -0.000001 0.000000 -0.000000  0.000000 -0.000000 -0.000002
56  0.000030 0.000029 0.000000  -1.571902 -0.044449 -0.106509
57  8.703348 -9.500525 -18.622463  1.570796 -0.000000 0.000000
58  -15.265000 7.133661 -18.583086  1.570796 -0.000000 0.000000
59  -1.523137 -2.740167 -4.071830  1.570796 -0.000000 0.000000
60  -0.004311 0.001230 -0.000371  0.006898 -0.005534 -0.284229
61  2.046263 7.371444 -3.388127  1.570796 -0.000000 0.000000
62  0.000000 0.000000 0.000000  -0.078727 -3.136056 0.284226
63  -3.061034 -2.790865 -0.402753  1.570796 -0.000000 0.000000
64  -3.076683 -14.104027 -3.169394  1.569847 -0.004085 0.003234
65  -0.005933 -2.262812 -2.946502  -0.000000 0.000000 -0.000000
66  -0.007405 -0.385017 0.112677  -0.000000 0.000000 -0.000000
67  -0.007403 -0.398124 12.763615  -0.000000 0.000000 -0.000000
68  -0.007406 -3.312297 -1.336578  -0.000000 0.000000 -0.000000
69  -0.005934 0.810493 1.247791  -0.000000 0.000000 -0.000000
70  0.000002 0.037560 1.926312  -0.000000 0.000000 -0.000000
71  -3.085603 -14.574366 -6.131348  1.569847 -0.004085 0.003234
72  0.184183 1.994350 -0.809969  -0.000000 0.000000 -0.000000
73  -0.114187 1.780463 -0.801674  -0.000000 0.000000 -0.000000
74  0.076509 1.501416 -0.809969  -0.000000 0.000000 -0.000000
time 42
0  0.000006 0.000000 0.000000  -1.570800 -1.391899 -1.570792
1  -3.518106 3.420410 -1.527451  -1.544956 -1.855077 -0.198630
2  6.027521 -0.000325 0.000194  -1.098947 -0.885840 -1.119600
3  11.692109 0.000644 -0.000739  -1.023477 -0.000028 -1.590735
4  11.479753 0.000254 -0.000992  0.748402 -0.718567 0.685331
5  3.859507 -0.142880 -1.192050  -0.385350 0.385710 -0.639241
6  1.312589 0.000013 0.000002  -0.001358 -0.001148 -0.171378
7  0.729357 0.000054 0.000048  0.000083 -0.000576 -0.532022
8  3.942140 0.046274 -0.431512  -0.133038 0.182159 -0.566888
9  1.539107 0.000085 0.000002  0.006489 0.000319 -0.092703
10  1.196335 0.000147 0.000028  0.000205 0.000828 -0.710356
11  3.883505 -0.047268 0.431381  0.065001 0.093262 -0.430094
12  1.719573 -0.000030 0.000017  0.009002 0.000071 -0.094596
13  1.209179 0.000094 0.000011  0.001576 0.003919 -0.654812
14  3.900923 -0.195630 1.335701  0.308293 -0.089810 -0.322405
15  1.719449 -0.000013 0.000022  -0.002604 -0.000148 -0.097692
16  1.099678 0.000046 0.000003  0.001274 0.004101 -0.712086
17  0.720883 -1.421160 1.005923  -0.498848 -0.758856 -0.943736
18  1.789824 -0.000004 -0.000017  0.021841 0.073914 0.838772
19  1.207008 -0.000014 -0.000046  -0.009187 -0.002972 -0.076730
20  5.740636 0.000410 -0.000704  -0.184566 0.000003 0.000071
21  11.480956 0.000265 -0.000858  -0.102594 -0.159114 0.058412
22  6.027525 -0.000330 0.000203  1.876828 -0.623001 1.525643
23  0.000002 11.692100 -0.000006  -1.082979 -0.526947 -0.843130
24  0.000002 0.000008 -0.000002  -0.154374 -0.000031 1.570739
25  -0.000001 -0.000011 0.000000  0.868957 0.000002 1.570712
26  -4.645759 -6.650901 2.046262  1.473120 1.855075 -0.198639
27  6.027508 -0.000259 -0.000229  1.492067 0.531847 -0.614900
28  11.691990 0.000243 0.000857  0.245671 0.000077 -1.909774
29  11.478716 -0.001159 0.001139  -1.208343 0.541782 0.789493
30  3.840240 -0.256104 1.127581  0.375755 0.017196 -2.109855
31  1.312558 0.000026 -0.000000  -0.016738 -0.067215 -0.358753
32  0.729346 0.000065 -0.000027  0.010499 -0.002285 -1.003069
33  3.942047 0.050109 0.430997  0.318069 -0.062504 -1.724927
34  1.539097 0.000009 0.000000  0.007072 -0.088740 -0.961961
35  1.196299 0.000076 -0.000004  0.008893 -0.001311 -1.206604
36  3.883412 -0.050502 -0.431086  0.154352 -0.157823 -1.573639
37  1.719563 -0.000079 -0.000003  -0.024403 -0.068048 -1.595299
38  1.209198 0.000036 0.000011  0.007422 -0.002547 -0.459485
39  3.806436 -0.112148 -1.295330  0.071537 -0.199274 -0.144753
40  1.719412 -0.000099 -0.000035  0.120126 0.024136 -0.199374
41  1.099672 0.000025 0.000007  -0.007217 0.004190 0.131746
42  0.805979 -0.359854 -1.318337  1.330199 0.197557 -0.619517
43  1.789780 -0.000007 -0.000042  0.032550 0.123016 0.037179
44  1.206997 -0.000005 0.000005  0.000293 -0.001887 1.285959
45  5.740571 0.000056 0.000724  0.113200 -0.000014 0.000021
46  11.480687 -0.000194 0.000977  0.034468 0.105965 0.122903
47  6.027514 -0.000273 -0.000236  -0.691657 -0.651683 -1.720308
48  -0.000002 11.691972 -0.000006  -1.270685 0.716817 0.940083
49  0.000003 -0.000001 -0.000000  2.518198 -0.000041 1.570856
50  -0.000007 -0.000016 0.000005  2.272644 -0.000030 1.570865
51  -3.527922 -5.803258 -7.615975  -0.167132 -3.023068 1.377898
52  0.000000 -0.000000 0.000000  0.008153 -0.000259 0.000009
53  0.000001 -0.000000 0.000000  1.565115 0.043565 -0.106862
54  -1.108563 -18.077673 -6.050372  -1.033351 0.173339 -1.893696
55  0.000000 -0.000001 -0.000000  0.000000 -0.000000 -0.000002
56  0.000030 0.000028 0.000001  -1.571901 -0.044449 -0.106509
57  8.676119 -11.378829 -18.134972  1.570796 -0.000000 0.000000
58  -15.265000 7.133661 -18.583086  1.570796 -0.000000 0.000000
59  -1.523137 -2.740167 -4.071830  1.570796 -0.000000 0.000000
60  -0.004311 0.001230 -0.000371  0.006898 -0.005534 -0.284229
61  2.046263 7.371444 -3.388127  1.570796 -0.000000 0.000000
62  0.000000 0.000000 0.000000  -0.078727 -3.136056 0.284226
63  -3.061034 -2.790865 -0.402753  1.570796 -0.000000 0.000000
64  -3.077829 -14.158045 -3.179106  1.569505 -0.003122 0.003282
65  -0.005933 -2.262813 -2.946503  0.000000 0.000000 -0.000000
66  -0.007405 -0.385017 0.112676  0.000000 0.000000 -0.000000
67  -0.007403 -0.398124 12.763617  0.000000 0.000000 -0.000000
68  -0.007406 -3.312296 -1.336578  0.000000 0.000000 -0.000000
69  -0.005934 0.810493 1.247790  0.000000 0.000000 -0.000000
70  0.000002 0.037559 1.926313  0.000000 0.000000 -0.000000
71  -3.089576 -14.629406 -6.140886  1.569505 -0.003122 0.003282
72  0.184183 1.994350 -0.809969  0.000000 0.000000 -0.000000
73  -0.114187 1.780464 -0.801675  0.000000 0.000000 -0.000000
74  0.076510 1.501416 -0.809969  0.000000 0.000000 -0.000000
time 43
0  0.000006 0.000000 0.000000  -1.570800 -1.391899 -1.570792
1  -3.518106 3.420410 -1.527451  -1.544956 -1.855077 -0.198630
2  6.027521 -0.000325 0.000193  -1.116647 -0.930943 -1.097547
3  11.692108 0.000643 -0.000739  -1.031339 -0.000024 -1.528529
4  11.480231 0.000410 -0.000745  0.894457 -0.680014 0.541832
5  3.859505 -0.142879 -1.192051  -0.510502 0.373920 -0.880390
6  1.312589 0.000010 0.000005  -0.034667 -0.008439 -0.200126
7  0.729357 0.000053 0.000047  0.001243 -0.003556 -0.491132
8  3.942141 0.046274 -0.431512  -0.251714 0.296716 -0.713687
9  1.539108 0.000088 0.000004  -0.005478 -0.017606 -0.179882
10  1.196333 0.000146 0.000029  0.002206 0.001396 -0.736193
11  3.883505 -0.047267 0.431381  -0.010096 0.282618 -0.466658
12  1.719575 -0.000027 0.000018  -0.006768 -0.018802 -0.269047
13  1.209181 0.000096 0.000014  -0.000695 0.002350 -0.653880
14  3.878242 -0.164217 1.333892  0.257399 0.109130 -0.247988
15  1.719448 -0.000012 0.000023  -0.010790 0.008905 -0.173525
16  1.099678 0.000043 0.000002  -0.000361 0.004559 -0.919345
17  0.720887 -1.421160 1.005924  -0.588472 -0.698984 -0.795476
18  1.789824 -0.000003 -0.000017  0.023677 0.062809 0.837776
19  1.207009 -0.000013 -0.000044  -0.007981 -0.003133 -0.104451
20  5.740636 0.000411 -0.000703  -0.162283 0.000003 0.000071
21  11.481052 0.000296 -0.000808  -0.088854 -0.139943 0.046115
22  6.027525 -0.000330 0.000203  1.862243 -0.578190 1.541980
23  0.000001 11.692100 -0.000006  -1.046340 -0.491826 -0.820833
24  0.000003 0.000009 -0.000001  -0.162238 -0.000031 1.570738
25  -0.000001 -0.000011 -0.000001  0.868957 0.000002 1.570712
26  -4.645759 -6.650901 2.046262  1.473120 1.855075 -0.198639
27  6.027508 -0.000259 -0.000229  1.492029 0.533007 -0.614999
28  11.691990 0.000242 0.000856  0.245672 0.000077 -1.906301
29  11.478747 -0.001145 0.001137  -1.210378 0.541864 0.786211
30  3.840240 -0.256104 1.127581  0.375755 0.017196 -2.109855
31  1.312558 0.000025 -0.000000  -0.016738 -0.067215 -0.358753
32  0.729346 0.000065 -0.000027  0.010499 -0.002285 -1.003070
33  3.942046 0.050109 0.430996  0.318069 -0.062504 -1.724927
34  1.539096 0.000010 -0.000000  0.007072 -0.088740 -0.961961
35  1.196298 0.000076 -0.000004  0.008893 -0.001311 -1.206604
36  3.883412 -0.050502 -0.431087  0.154352 -0.157823 -1.573639
37  1.719563 -0.000080 -0.000003  -0.024403 -0.068048 -1.595299
38  1.209196 0.000036 0.000012  0.007422 -0.002547 -0.459485
39  3.806436 -0.112148 -1.295330  0.071537 -0.199274 -0.144753
40  1.719413 -0.000099 -0.000033  0.120126 0.024136 -0.199374
41  1.099673 0.000025 0.000006  -0.007217 0.004190 0.131746
42  0.805979 -0.359854 -1.318338  1.330199 0.197557 -0.619517
43  1.789780 -0.000009 -0.000042  0.032551 0.123016 0.037179
44  1.206996 -0.000006 0.000006  0.000293 -0.001887 1.285959
45  5.740572 0.000056 0.000724  0.112465 -0.000014 0.000021
46  11.480694 -0.000193 0.000977  0.034230 0.105792 0.122390
47  6.027514 -0.000273 -0.000236  -0.692979 -0.651191 -1.719586
48  -0.000002 11.691971 -0.000006  -1.268611 0.714676 0.939202
49  0.000004 -0.000000 0.000000  2.518198 -0.000041 1.570856
50  -0.000006 -0.000015 0.000005  2.272644 -0.000030 1.570865
51  -3.532166 -5.834592 -7.627286  -0.168278 -3.022224 1.377815
52  -0.000000 0.000000 0.000001  0.008153 -0.000259 0.000009
53  0.000000 -0.000000 -0.000000  1.565115 0.043565 -0.106862
54  -0.987538 -18.657352 -5.808207  -0.963611 0.072339 -1.872607
55  -0.000001 0.000000 0.000000  0.000000 -0.000000 -0.000002
56  0.000029 0.000029 0.000001  -1.571901 -0.044449 -0.106509
57  8.667421 -12.571929 -17.825317  1.570796 -0.000000 0.000000
58  -15.265000 7.133661 -18.583086  1.570796 -0.000000 0.000000
59  -1.523137 -2.740167 -4.071830  1.570796 -0.000000 0.000000
60  -0.004311 0.001230 -0.000371  0.006898 -0.005534 -0.284229
61  2.046263 7.371444 -3.388127  1.570796 -0.000000 0.000000
62  0.000000 0.000000 0.000000  -0.078727 -3.136056 0.284226
63  -3.061034 -2.790865 -0.402753  1.570796 -0.000000 0.000000
64  -3.078226 -14.186769 -3.185899  1.568899 -0.001841 0.003064
65  -0.005933 -2.262812 -2.946503  0.000000 -0.000000 -0.000000
66  -0.007405 -0.385017 0.112677  0.000000 -0.000000 -0.000000
67  -0.007403 -0.398124 12.763616  0.000000 -0.000000 -0.000000
68  -0.007406 -3.312297 -1.336579  0.000000 -0.000000 -0.000000
69  -0.005934 0.810493 1.247790  0.000000 -0.000000 -0.000000
70  0.000002 0.037559 1.926312  0.000000 -0.000000 -0.000000
71  -3.093863 -14.659935 -6.147375  1.568899 -0.001841 0.003064
72  0.184183 1.994350 -0.809969  0.000000 -0.000000 -0.000000
73  -0.114187 1.780463 -0.801675  0.000000 -0.000000 -0.000000
74  0.076509 1.501415 -0.809968  0.000000 -0.000000 -0.000000
time 44
0  0.000006 0.000000 0.000000  -1.570800 -1.391899 -1.570792
1  -3.518106 3.420410 -1.527451  -1.544956 -1.855077 -0.198630
2  6.027521 -0.000325 0.000193  -1.117585 -0.943405 -1.090953
3  11.692108 0.000643 -0.000739  -1.032250 -0.000023 -1.508122
4  11.480397 0.000464 -0.000653  1.032763 -0.648793 0.405856
5  3.859507 -0.142879 -1.192051  -0.719177 0.185067 -1.324257
6  1.312589 0.000010 0.000002  -0.103644 -0.027379 -0.260825
7  0.729357 0.000053 0.000046  0.003274 -0.009616 -0.403562
8  3.942141 0.046275 -0.431512  -0.552305 0.365786 -1.047065
9  1.539107 0.000087 0.000000  -0.025683 -0.059227 -0.366863
10  1.196334 0.000146 0.000029  0.006270 0.002324 -0.746916
11  3.883505 -0.047268 0.431381  -0.209841 0.542068 -0.563937
12  1.719573 -0.000030 0.000020  -0.028985 -0.063670 -0.649304
13  1.209181 0.000097 0.000011  -0.005560 -0.001000 -0.651875
14  3.864296 -0.144895 1.332779  0.183303 0.530205 -0.113235
15  1.719446 -0.000011 0.000023  -0.027753 0.026055 -0.336558
16  1.099676 0.000041 0.000002  -0.003039 0.004400 -1.161013
17  0.720888 -1.421159 1.005924  -0.713039 -0.626549 -0.583987
18  1.789826 -0.000000 -0.000016  0.023365 0.040389 0.835509
19  1.207011 -0.000013 -0.000044  -0.005496 -0.003248 -0.116351
20  5.740636 0.000410 -0.000703  -0.141820 0.000003 0.000071
21  11.481086 0.000306 -0.000790  -0.073327 -0.124406 0.032229
22  6.027525 -0.000330 0.000203  1.855706 -0.566992 1.551360
23  0.000002 11.692101 -0.000006  -1.034277 -0.480463 -0.813295
24  0.000004 0.000008 0.000000  -0.163150 -0.000031 1.570739
25  -0.000000 -0.000011 0.000000  0.868957 0.000002 1.570712
26  -4.645759 -6.650901 2.046262  1.473120 1.855075 -0.198639
27  6.027508 -0.000259 -0.000229  1.492001 0.531065 -0.614876
28  11.691990 0.000242 0.000855  0.245671 0.000077 -1.908190
29  11.478730 -0.001154 0.001139  -1.216655 0.543715 0.784622
30  3.840240 -0.256104 1.127581  0.375755 0.017196 -2.109855
31  1.312558 0.000025 0.000000  -0.016738 -0.067215 -0.358753
32  0.729345 0.000066 -0.000028  0.010499 -0.002285 -1.003070
33  3.942047 0.050109 0.430996  0.318069 -0.062504 -1.724927
34  1.539096 0.000010 0.000000  0.007072 -0.088740 -0.961961
35  1.196300 0.000076 -0.000003  0.008893 -0.001311 -1.206604
36  3.883411 -0.050501 -0.431088  0.154352 -0.157823 -1.573639
37  1.719563 -0.000078 -0.000003  -0.024403 -0.068048 -1.595299
38  1.209197 0.000036 0.000012  0.007422 -0.002547 -0.459485
39  3.806437 -0.112148 -1.295330  0.071537 -0.199274 -0.144753
40  1.719413 -0.000100 -0.000035  0.120126 0.024136 -0.199374
41  1.099673 0.000025 0.000007  -0.007217 0.004190 0.131746
42  0.805979 -0.359854 -1.318339  1.330199 0.197557 -0.619517
43  1.789779 -0.000009 -0.000042  0.032550 0.123016 0.037179
44  1.206996 -0.000006 0.000005  0.000293 -0.001887 1.285959
45  5.740573 0.000056 0.000724  0.111196 -0.000014 0.000021
46  11.480690 -0.000195 0.000977  0.033016 0.105720 0.122383
47  6.027514 -0.000273 -0.000236  -0.690809 -0.652084 -1.720765
48  -0.000002 11.691973 -0.000005  -1.269739 0.715840 0.939682
49  0.000004 0.000000 0.000000  2.518198 -0.000041 1.570856
50  -0.000006 -0.000016 0.000005  2.272644 -0.000030 1.570865
51  -3.540495 -5.815042 -7.634963  -0.173653 -3.020229 1.376924
52  -0.000000 0.000000 0.000000  0.008153 -0.000259 0.000009
53  -0.000000 0.000000 -0.000001  1.565115 0.043565 -0.106862
54  -0.985092 -18.829691 -5.785153  -0.900276 -0.031407 -1.859667
55  0.000001 0.000000 -0.000000  0.000000 -0.000000 -0.000002
56  0.000030 0.000030 0.000001  -1.571901 -0.044449 -0.106509
57  8.666351 -12.971641 -17.721577  1.570796 -0.000000 0.000000
58  -15.265000 7.133661 -18.583086  1.570796 -0.000000 0.000000
59  -1.523137 -2.740167 -4.071830  1.570796 -0.000000 0.000000
60  -0.004311 0.001230 -0.000371  0.006898 -0.005534 -0.284229
61  2.046263 7.371444 -3.388127  1.570796 -0.000000 0.000000
62  0.000000 0.000000 0.000000  -0.078727 -3.136056 0.284226
63  -3.061034 -2.790865 -0.402753  1.570796 -0.000000 0.000000
64  -3.074412 -14.163784 -3.188376  1.567980 0.003781 0.001527
65  -0.005933 -2.262813 -2.946504  -0.000000 -0.000000 0.000000
66  -0.007405 -0.385017 0.112677  -0.000000 -0.000000 0.000000
67  -0.007403 -0.398124 12.763617  -0.000000 -0.000000 0.000000
68  -0.007405 -3.312298 -1.336577  -0.000000 -0.000000 0.000000
69  -0.005934 0.810492 1.247790  -0.000000 -0.000000 0.000000
70  0.000002 0.037559 1.926312  -0.000000 -0.000000 0.000000
71  -3.107420 -14.639671 -6.149273  1.567980 0.003781 0.001527
72  0.184183 1.994351 -0.809968  -0.000000 -0.000000 0.000000
73  -0.114187 1.780464 -0.801673  -0.000000 -0.000000 0.000000
74  0.076510 1.501416 -0.809968  -0.000000 -0.000000 0.000000
time 45
0  0.000006 0.000000 0.000000  -1.570800 -1.391899 -1.570792
1  -3.518106 3.420410 -1.527451  -1.544956 -1.855077 -0.198630
2  6.027521 -0.000325 0.000193  -1.114782 -0.941929 -1.091194
3  11.692107 0.000645 -0.000739  -1.032250 -0.000023 -1.512444
4  11.480361 0.000453 -0.000671  1.025005 -0.648793 0.402901
5  3.859505 -0.142880 -1.192051  -0.778167 0.068914 -1.502592
6  1.312589 0.000011 0.000004  -0.135303 -0.037646 -0.288696
7  0.729358 0.000053 0.000047  0.004037 -0.012462 -0.362678
8  3.942137 0.046274 -0.431513  -0.693770 0.356114 -1.201512
9  1.539108 0.000085 0.000002  -0.032365 -0.079699 -0.453688
10  1.196334 0.000147 0.000028  0.008153 0.002732 -0.748207
11  3.883506 -0.047268 0.431381  -0.322019 0.643539 -0.630599
12  1.719575 -0.000028 0.000018  -0.033238 -0.086003 -0.823515
13  1.209180 0.000093 0.000013  -0.007835 -0.002562 -0.650932
14  3.859660 -0.138475 1.332409  0.166016 0.722762 -0.052367
15  1.719448 -0.000012 0.000020  -0.036329 0.033056 -0.412619
16  1.099674 0.000043 0.000001  -0.004181 0.004116 -1.256705
17  0.720888 -1.421158 1.005924  -0.760907 -0.593476 -0.498366
18  1.789826 -0.000001 -0.000017  0.022880 0.030024 0.834449
19  1.207009 -0.000013 -0.000045  -0.004342 -0.003284 -0.117962
20  5.740636 0.000410 -0.000702  -0.144067 0.000003 0.000071
21  11.481079 0.000304 -0.000791  -0.074879 -0.124544 0.031144
22  6.027525 -0.000330 0.000203  1.854825 -0.569075 1.553861
23  0.000003 11.692100 -0.000006  -1.036834 -0.482863 -0.814900
24  0.000003 0.000008 -0.000002  -0.163150 -0.000030 1.570739
25  0.000000 -0.000011 -0.000001  0.868957 0.000002 1.570712
26  -4.645759 -6.650901 2.046262  1.473120 1.855075 -0.198639
27  6.027508 -0.000259 -0.000229  1.491859 0.527719 -0.614707
28  11.691991 0.000243 0.000856  0.245672 0.000077 -1.913512
29  11.478683 -0.001176 0.001144  -1.226000 0.547457 0.784990
30  3.840238 -0.256103 1.127580  0.375755 0.017196 -2.109855
31  1.312558 0.000027 0.000000  -0.016738 -0.067215 -0.358753
32  0.729345 0.000065 -0.000027  0.010499 -0.002285 -1.003070
33  3.942047 0.050109 0.430996  0.318069 -0.062504 -1.724927
34  1.539096 0.000009 0.000000  0.007072 -0.088740 -0.961961
35  1.196299 0.000077 -0.000004  0.008893 -0.001311 -1.206604
36  3.883412 -0.050501 -0.431086  0.154352 -0.157823 -1.573639
37  1.719564 -0.000079 -0.000003  -0.024403 -0.068048 -1.595299
38  1.209196 0.000036 0.000011  0.007422 -0.002547 -0.459485
39  3.806437 -0.112148 -1.295329  0.071537 -0.199274 -0.144753
40  1.719411 -0.000099 -0.000035  0.120126 0.024136 -0.199374
41  1.099673 0.000024 0.000007  -0.007217 0.004190 0.131746
42  0.805979 -0.359854 -1.318338  1.330199 0.197557 -0.619517
43  1.789779 -0.000010 -0.000042  0.032550 0.123016 0.037179
44  1.206996 -0.000007 0.000005  0.000293 -0.001887 1.285959
45  5.740573 0.000055 0.000725  0.109591 -0.000014 0.000021
46  11.480680 -0.000200 0.000978  0.031017 0.105848 0.122860
47  6.027514 -0.000273 -0.000236  -0.687111 -0.653691 -1.722771
48  -0.000002 11.691974 -0.000006  -1.272918 0.719123 0.941027
49  0.000004 -0.000001 -0.000001  2.518198 -0.000041 1.570856
50  -0.000007 -0.000015 0.000005  2.272644 -0.000030 1.570865
51  -3.545386 -5.763763 -7.635056  -0.182247 -3.017402 1.374900
52  0.000000 -0.000000 0.000000  0.008153 -0.000259 0.000009
53  -0.000000 -0.000000 0.000000  1.565115 0.043565 -0.106862
54  -1.013581 -18.784168 -5.793319  -0.908502 -0.035033 -1.862471
55  -0.000001 -0.000000 0.000000  0.000000 -0.000000 -0.000002
56  0.000028 0.000029 0.000001  -1.571902 -0.044449 -0.106509
57  8.666351 -12.971641 -17.721577  1.570796 -0.000000 0.000000
58  -15.265000 7.133661 -18.583086  1.570796 -0.000000 0.000000
59  -1.523137 -2.740167 -4.071830  1.570796 -0.000000 0.000000
60  -0.004311 0.001230 -0.000371  0.006898 -0.005534 -0.284229
61  2.046263 7.371444 -3.388127  1.570796 -0.000000 0.000000
62  0.000000 0.000000 0.000000  -0.078727 -3.136056 0.284226
63  -3.061034 -2.790865 -0.402753  1.570796 -0.000000 0.000000
64  -3.065318 -14.108970 -3.183323  1.566858 0.012697 -0.001559
65  -0.005933 -2.262813 -2.946502  0.000000 -0.000000 0.000000
66  -0.007405 -0.385017 0.112678  0.000000 -0.000000 0.000000
67  -0.007403 -0.398124 12.763617  0.000000 -0.000000 0.000000
68  -0.007406 -3.312297 -1.336577  0.000000 -0.000000 0.000000
69  -0.005934 0.810493 1.247790  0.000000 -0.000000 0.000000
70  0.000002 0.037559 1.926314  0.000000 -0.000000 0.000000
71  -3.126191 -14.588034 -6.143265  1.566858 0.012697 -0.001559
72  0.184183 1.994351 -0.809969  0.000000 -0.000000 0.000000
73  -0.114187 1.780464 -0.801676  0.000000 -0.000000 0.000000
74  0.076510 1.501416 -0.809969  0.000000 -0.000000 0.000000
time 46
0  0.000006 0.000000 0.000000  -1.570800 -1.391899 -1.570792
1  -3.518106 3.420410 -1.527451  -1.544956 -1.855077 -0.198630
2  6.027521 -0.000325 0.000193  -1.113590 -0.940351 -1.090749
3  11.692106 0.000643 -0.000738  -1.032250 -0.000023 -1.518499
4  11.480314 0.000435 -0.000701  1.019826 -0.649612 0.403457
5  3.859504 -0.142880 -1.192050  -0.778167 0.068914 -1.502592
6  1.312590 0.000012 0.000005  -0.135303 -0.037646 -0.288696
7  0.729358 0.000053 0.000044  0.004037 -0.012462 -0.362678
8  3.942137 0.046273 -0.431512  -0.693770 0.356114 -1.201512
9  1.539108 0.000088 0.000004  -0.032365 -0.079699 -0.453688
10  1.196334 0.000148 0.000028  0.008153 0.002732 -0.748207
11  3.883503 -0.047268 0.431381  -0.322019 0.643539 -0.630599
12  1.719573 -0.000028 0.000019  -0.033238 -0.086003 -0.823515
13  1.209181 0.000093 0.000013  -0.007836 -0.002562 -0.650932
14  3.859658 -0.138476 1.332409  0.166016 0.722762 -0.052367
15  1.719448 -0.000012 0.000020  -0.036329 0.033056 -0.412619
16  1.099674 0.000045 0.000002  -0.004181 0.004116 -1.256705
17  0.720886 -1.421159 1.005924  -0.760907 -0.593476 -0.498366
18  1.789824 -0.000001 -0.000017  0.022880 0.030024 0.834449
19  1.207011 -0.000013 -0.000045  -0.004342 -0.003284 -0.117962
20  5.740638 0.000409 -0.000703  -0.145735 0.000003 0.000070
21  11.481071 0.000300 -0.000799  -0.075739 -0.124875 0.030852
22  6.027525 -0.000330 0.000203  1.854984 -0.570797 1.555185
23  0.000003 11.692101 -0.000006  -1.040414 -0.486231 -0.817142
24  0.000004 0.000008 -0.000001  -0.163150 -0.000031 1.570739
25  -0.000000 -0.000011 -0.000000  0.868957 0.000002 1.570712
26  -4.645759 -6.650901 2.046262  1.473120 1.855075 -0.198639
27  6.027508 -0.000259 -0.000230  1.490472 0.525004 -0.615154
28  11.691991 0.000244 0.000856  0.245671 0.000078 -1.919986
29  11.478627 -0.001200 0.001150  -1.230314 0.552626 0.788231
30  3.840240 -0.256104 1.127581  0.375755 0.017196 -2.109855
31  1.312558 0.000026 0.000000  -0.016738 -0.067215 -0.358753
32  0.729344 0.000065 -0.000027  0.010499 -0.002285 -1.003070
33  3.942047 0.050109 0.430997  0.318069 -0.062504 -1.724927
34  1.539097 0.000009 0.000000  0.007072 -0.088740 -0.961961
35  1.196300 0.000077 -0.000003  0.008893 -0.001311 -1.206604
36  3.883413 -0.050502 -0.431087  0.154352 -0.157823 -1.573639
37  1.719563 -0.000079 -0.000003  -0.024403 -0.068048 -1.595299
38  1.209196 0.000036 0.000011  0.007422 -0.002547 -0.459485
39  3.806437 -0.112148 -1.295329  0.068321 -0.200011 -0.157360
40  1.719411 -0.000099 -0.000035  0.113982 0.036126 -0.336326
41  1.099674 0.000024 0.000006  -0.007601 0.003443 0.024735
42  0.805980 -0.359854 -1.318338  1.330199 0.197557 -0.619517
43  1.789780 -0.000009 -0.000042  0.032551 0.123016 0.037179
44  1.206996 -0.000007 0.000005  0.000293 -0.001887 1.285959
45  5.740571 0.000055 0.000724  0.109116 -0.000014 0.000021
46  11.480670 -0.000204 0.000980  0.029691 0.106597 0.123521
47  6.027514 -0.000273 -0.000236  -0.684721 -0.655975 -1.723977
48  -0.000002 11.691972 -0.000005  -1.276791 0.723122 0.942650
49  0.000003 -0.000001 -0.000001  2.518198 -0.000041 1.570856
50  -0.000006 -0.000015 0.000006  2.272644 -0.000030 1.570865
51  -3.529238 -5.701955 -7.629756  -0.186622 -3.015367 1.372326
52  0.000000 -0.000000 0.000001  0.008153 -0.000259 0.000009
53  0.000001 0.000000 0.000001  1.565115 0.043565 -0.106862
54  -1.029489 -18.728098 -5.784814  -0.912630 -0.037475 -1.865442
55  -0.000002 -0.000000 -0.000000  0.000000 -0.000000 -0.000002
56  0.000027 0.000029 0.000000  -1.571901 -0.044449 -0.106509
57  8.666351 -12.971641 -17.721577  1.570796 -0.000000 0.000000
58  -15.265000 7.133661 -18.583086  1.570796 -0.000000 0.000000
59  -1.523137 -2.740167 -4.071830  1.570796 -0.000000 0.000000
60  -0.004311 0.001230 -0.000371  0.006898 -0.005534 -0.284229
61  2.046263 7.371444 -3.388127  1.570796 -0.000000 0.000000
62  0.000000 0.000000 0.000000  -0.078727 -3.136056 0.284226
63  -3.061034 -2.790865 -0.402753  1.570796 -0.000000 0.000000
64  -3.054464 -14.043547 -3.170690  1.565698 0.017348 -0.004697
65  -0.005933 -2.262813 -2.946503  0.000000 0.000000 0.000000
66  -0.007405 -0.385017 0.112678  0.000000 0.000000 0.000000
67  -0.007402 -0.398124 12.763616  0.000000 0.000000 0.000000
68  -0.007405 -3.312297 -1.336578  0.000000 0.000000 0.000000
69  -0.005934 0.810493 1.247791  0.000000 0.000000 0.000000
70  0.000002 0.037560 1.926311  0.000000 0.000000 0.000000
71  -3.130613 -14.525787 -6.129762  1.565698 0.017348 -0.004697
72  0.184183 1.994351 -0.809969  0.000000 0.000000 0.000000
73  -0.114187 1.780464 -0.801674  0.000000 0.000000 0.000000
74  0.076510 1.501416 -0.809969  0.000000 0.000000 0.000000
time 47
0  0.000006 0.000000 0.000000  -1.570800 -1.391899 -1.570792
1  -3.518106 3.420410 -1.527451  -1.544956 -1.855077 -0.198630
2  6.027521 -0.000325 0.000193  -1.116966 -0.939104 -1.088746
3  11.692107 0.000644 -0.000739  -1.032250 -0.000024 -1.525309
4  11.480259 0.000418 -0.000729  1.024316 -0.651636 0.411336
5  3.859504 -0.142880 -1.192051  -0.778167 0.068914 -1.502592
6  1.312591 0.000012 0.000003  -0.135303 -0.037646 -0.288696
7  0.729359 0.000054 0.000045  0.004037 -0.012462 -0.362678
8  3.942138 0.046274 -0.431512  -0.693770 0.356114 -1.201512
9  1.539108 0.000087 0.000003  -0.032365 -0.079699 -0.453688
10  1.196334 0.000147 0.000030  0.008153 0.002732 -0.748207
11  3.883502 -0.047268 0.431380  -0.322019 0.643539 -0.630599
12  1.719574 -0.000028 0.000020  -0.033238 -0.086003 -0.823515
13  1.209180 0.000093 0.000013  -0.007836 -0.002562 -0.650932
14  3.859659 -0.138476 1.332409  0.166016 0.722762 -0.052367
15  1.719448 -0.000013 0.000019  -0.036329 0.033056 -0.412619
16  1.099675 0.000040 0.000001  -0.004181 0.004116 -1.256705
17  0.720886 -1.421159 1.005924  -0.760907 -0.593476 -0.498366
18  1.789824 -0.000000 -0.000016  0.022880 0.030024 0.834449
19  1.207010 -0.000013 -0.000044  -0.004342 -0.003284 -0.117962
20  5.740638 0.000409 -0.000703  -0.144965 0.000003 0.000071
21  11.481062 0.000296 -0.000803  -0.074412 -0.125384 0.032536
22  6.027525 -0.000330 0.000203  1.857772 -0.570941 1.552955
23  0.000003 11.692099 -0.000006  -1.044438 -0.490028 -0.819651
24  0.000004 0.000008 -0.000001  -0.163150 -0.000031 1.570739
25  -0.000000 -0.000011 -0.000000  0.868957 0.000002 1.570712
26  -4.645759 -6.650901 2.046262  1.473120 1.855075 -0.198639
27  6.027508 -0.000259 -0.000230  1.486291 0.524879 -0.617070
28  11.691990 0.000242 0.000855  0.245671 0.000078 -1.925177
29  11.478580 -0.001221 0.001155  -1.220363 0.558845 0.795100
30  3.840238 -0.256103 1.127580  0.375755 0.017196 -2.109855
31  1.312558 0.000026 -0.000000  -0.016738 -0.067215 -0.358753
32  0.729345 0.000065 -0.000027  0.010499 -0.002285 -1.003070
33  3.942047 0.050109 0.430997  0.318069 -0.062504 -1.724927
34  1.539097 0.000009 0.000000  0.007072 -0.088740 -0.961961
35  1.196301 0.000077 -0.000004  0.008893 -0.001311 -1.206604
36  3.883412 -0.050502 -0.431087  0.154352 -0.157823 -1.573639
37  1.719563 -0.000077 -0.000004  -0.024403 -0.068048 -1.595299
38  1.209195 0.000036 0.000011  0.007422 -0.002547 -0.459485
39  3.806435 -0.112147 -1.295329  0.059950 -0.202126 -0.190346
40  1.719413 -0.000099 -0.000034  0.089711 0.063308 -0.709175
41  1.099673 0.000025 0.000006  -0.008215 0.001289 -0.261514
42  0.805979 -0.359854 -1.318338  1.330199 0.197557 -0.619517
43  1.789780 -0.000009 -0.000042  0.032551 0.123016 0.037179
44  1.206997 -0.000005 0.000005  0.000293 -0.001887 1.285959
45  5.740571 0.000055 0.000724  0.111377 -0.000014 0.000021
46  11.480659 -0.000208 0.000980  0.030685 0.108478 0.123944
47  6.027514 -0.000273 -0.000236  -0.686625 -0.659267 -1.722633
48  -0.000003 11.691972 -0.000006  -1.279900 0.726331 0.943941
49  0.000004 -0.000001 -0.000001  2.518198 -0.000041 1.570856
50  -0.000007 -0.000016 0.000005  2.272644 -0.000030 1.570865
51  -3.472213 -5.651347 -7.626025  -0.178256 -3.015949 1.369945
52  0.000001 0.000000 0.000000  0.008153 -0.000259 0.000009
53  -0.000000 0.000000 0.000000  1.565115 0.043565 -0.106862
54  -1.005150 -18.678787 -5.746577  -0.904419 -0.036102 -1.867073
55  -0.000001 0.000001 -0.000000  0.000000 -0.000000 -0.000002
56  0.000028 0.000029 0.000001  -1.571901 -0.044449 -0.106509
57  8.666351 -12.971641 -17.721577  1.570796 -0.000000 0.000000
58  -15.265000 7.133661 -18.583086  1.570796 -0.000000 0.000000
59  -1.523137 -2.740167 -4.071830  1.570796 -0.000000 0.000000
60  -0.004311 0.001230 -0.000371  0.006898 -0.005534 -0.284229
61  2.046263 7.371444 -3.388127  1.570796 -0.000000 0.000000
62  0.000000 0.000000 0.000000  -0.078727 -3.136056 0.284226
63  -3.061034 -2.790865 -0.402753  1.570796 -0.000000 0.000000
64  -3.045370 -13.988733 -3.154266  1.564666 0.009092 -0.006041
65  -0.005933 -2.262813 -2.946504  0.000000 0.000000 0.000000
66  -0.007405 -0.385017 0.112676  0.000000 0.000000 0.000000
67  -0.007403 -0.398124 12.763616  0.000000 0.000000 0.000000
68  -0.007406 -3.312296 -1.336578  0.000000 0.000000 0.000000
69  -0.005934 0.810492 1.247789  0.000000 0.000000 0.000000
70  0.000002 0.037560 1.926311  0.000000 0.000000 0.000000
71  -3.097749 -14.474072 -6.113348  1.564666 0.009092 -0.006041
72  0.184182 1.994351 -0.809969  0.000000 0.000000 0.000000
73  -0.114187 1.780465 -0.801675  0.000000 0.000000 0.000000
74  0.076509 1.501416 -0.809969  0.000000 0.000000 0.000000
time 48
0  0.000006 0.000000 0.000000  -1.570800 -1.391899 -1.570792
1  -3.518106 3.420410 -1.527451  -1.544956 -1.855077 -0.198630
2  6.027521 -0.000325 0.000193  -1.123026 -0.938803 -1.086272
3  11.692107 0.000645 -0.000741  -1.032251 -0.000024 -1.530034
4  11.480219 0.000406 -0.000748  1.035087 -0.654377 0.421863
5  3.859507 -0.142880 -1.192051  -0.778167 0.068914 -1.502592
6  1.312591 0.000012 0.000004  -0.135303 -0.037646 -0.288696
7  0.729357 0.000053 0.000046  0.004037 -0.012462 -0.362678
8  3.942137 0.046273 -0.431513  -0.693770 0.356114 -1.201512
9  1.539108 0.000087 0.000003  -0.032365 -0.079699 -0.453688
10  1.196334 0.000148 0.000031  0.008153 0.002732 -0.748207
11  3.883505 -0.047269 0.431381  -0.322019 0.643539 -0.630599
12  1.719574 -0.000029 0.000019  -0.033238 -0.086003 -0.823515
13  1.209180 0.000095 0.000012  -0.007835 -0.002562 -0.650932
14  3.859660 -0.138476 1.332409  0.166016 0.722762 -0.052367
15  1.719447 -0.000013 0.000022  -0.036329 0.033056 -0.412620
16  1.099675 0.000045 0.000001  -0.004181 0.004116 -1.256705
17  0.720886 -1.421159 1.005924  -0.760907 -0.593476 -0.498366
18  1.789823 -0.000001 -0.000017  0.022880 0.030024 0.834449
19  1.207010 -0.000013 -0.000045  -0.004342 -0.003284 -0.117962
20  5.740636 0.000410 -0.000702  -0.142563 0.000003 0.000071
21  11.481051 0.000294 -0.000807  -0.071773 -0.125910 0.035110
22  6.027525 -0.000330 0.000203  1.861669 -0.569479 1.548434
23  0.000001 11.692098 -0.000006  -1.047229 -0.492667 -0.821385
24  0.000001 0.000009 -0.000002  -0.163150 -0.000031 1.570738
25  -0.000000 -0.000012 -0.000000  0.868957 0.000002 1.570712
26  -4.645759 -6.650901 2.046262  1.473120 1.855075 -0.198639
27  6.027508 -0.000259 -0.000230  1.482093 0.526881 -0.619161
28  11.691991 0.000244 0.000856  0.245671 0.000079 -1.927037
29  11.478564 -0.001228 0.001158  -1.203114 0.562354 0.801362
30  3.840240 -0.256103 1.127581  0.375755 0.017196 -2.109855
31  1.312557 0.000027 0.000000  -0.016738 -0.067215 -0.358753
32  0.729345 0.000065 -0.000027  0.010499 -0.002285 -1.003069
33  3.942045 0.050109 0.430997  0.318069 -0.062504 -1.724927
34  1.539097 0.000009 -0.000000  0.007072 -0.088740 -0.961961
35  1.196300 0.000076 -0.000004  0.008893 -0.001311 -1.206604
36  3.883411 -0.050502 -0.431087  0.154352 -0.157823 -1.573639
37  1.719564 -0.000079 -0.000003  -0.024403 -0.068048 -1.595299
38  1.209197 0.000036 0.000012  0.007422 -0.002547 -0.459485
39  3.806435 -0.112147 -1.295330  0.051651 -0.204510 -0.223328
40  1.719412 -0.000100 -0.000035  0.057143 0.079774 -1.083145
41  1.099673 0.000025 0.000007  -0.008196 -0.000950 -0.547762
42  0.805979 -0.359854 -1.318338  1.330199 0.197557 -0.619517
43  1.789780 -0.000009 -0.000042  0.032550 0.123016 0.037179
44  1.206998 -0.000007 0.000005  0.000293 -0.001887 1.285959
45  5.740571 0.000057 0.000725  0.114922 -0.000014 0.000021
46  11.480657 -0.000209 0.000982  0.033220 0.110304 0.123902
47  6.027514 -0.000273 -0.000236  -0.690960 -0.661606 -1.719958
48  -0.000002 11.691972 -0.000005  -1.281015 0.727481 0.944401
49  0.000005 -0.000001 -0.000001  2.518197 -0.000041 1.570856
50  -0.000007 -0.000015 0.000005  2.272644 -0.000030 1.570865
51  -3.411101 -5.632585 -7.622561  -0.162954 -3.018205 1.369406
52  -0.000000 -0.000000 0.000000  0.008153 -0.000259 0.000009
53  -0.000000 0.000000 -0.000000  1.565115 0.043565 -0.106862
54  -0.955487 -18.655109 -5.694672  -0.889508 -0.032420 -1.866223
55  -0.000002 -0.000001 -0.000000  0.000000 -0.000000 -0.000002
56  0.000027 0.000028 0.000001  -1.571901 -0.044449 -0.106509
57  8.666351 -12.971641 -17.721577  1.570796 -0.000000 0.000000
58  -15.265000 7.133661 -18.583086  1.570796 -0.000000 0.000000
59  -1.523137 -2.740167 -4.071830  1.570796 -0.000000 0.000000
60  -0.004311 0.001230 -0.000371  0.006898 -0.005534 -0.284229
61  2.046263 7.371444 -3.388127  1.570796 -0.000000 0.000000
62  0.000000 0.000000 0.000000  -0.078727 -3.136056 0.284226
63  -3.061034 -2.790865 -0.402753  1.570796 -0.000000 0.000000
64  -3.041556 -13.965747 -3.137842  1.563926 -0.006240 -0.004680
65  -0.005933 -2.262812 -2.946504  0.000000 0.000000 0.000000
66  -0.007405 -0.385017 0.112676  0.000000 0.000000 0.000000
67  -0.007403 -0.398124 12.763615  0.000000 0.000000 0.000000
68  -0.007406 -3.312297 -1.336579  0.000000 0.000000 0.000000
69  -0.005934 0.810493 1.247789  0.000000 0.000000 0.000000
70  0.000002 0.037559 1.926309  0.000000 0.000000 0.000000
71  -3.047914 -14.453560 -6.096975  1.563926 -0.006240 -0.004680
72  0.184183 1.994351 -0.809969  0.000000 0.000000 0.000000
73  -0.114187 1.780465 -0.801676  0.000000 0.000000 0.000000
74  0.076510 1.501416 -0.809969  0.000000 0.000000 0.000000
time 49
0  0.000006 0.000000 0.000000  -1.570800 -1.391899 -1.570792
1  -3.518106 3.420410 -1.527451  -1.544956 -1.855077 -0.198630
2  6.027521 -0.000325 0.000193  -1.126374 -0.940609 -1.086014
3  11.692109 0.000644 -0.000739  -1.032251 -0.000024 -1.527828
4  11.480238 0.000412 -0.000738  1.042568 -0.655215 0.425471
5  3.859503 -0.142881 -1.192051  -0.778167 0.068914 -1.502592
6  1.312590 0.000009 0.000003  -0.135303 -0.037646 -0.288696
7  0.729358 0.000053 0.000046  0.004037 -0.012462 -0.362678
8  3.942139 0.046274 -0.431512  -0.693770 0.356114 -1.201512
9  1.539107 0.000087 0.000003  -0.032365 -0.079699 -0.453688
10  1.196336 0.000147 0.000031  0.008153 0.002732 -0.748207
11  3.883503 -0.047269 0.431380  -0.322019 0.643539 -0.630599
12  1.719574 -0.000027 0.000021  -0.033238 -0.086003 -0.823515
13  1.209181 0.000094 0.000012  -0.007836 -0.002562 -0.650932
14  3.859660 -0.138476 1.332410  0.166016 0.722762 -0.052367
15  1.719449 -0.000011 0.000021  -0.036329 0.033056 -0.412619
16  1.099676 0.000042 0.000003  -0.004181 0.004116 -1.256705
17  0.720886 -1.421159 1.005924  -0.760907 -0.593476 -0.498366
18  1.789824 -0.000001 -0.000016  0.022880 0.030024 0.834449
19  1.207010 -0.000013 -0.000045  -0.004342 -0.003284 -0.117962
20  5.740638 0.000410 -0.000702  -0.140735 0.000003 0.000071
21  11.481056 0.000296 -0.000805  -0.070190 -0.125947 0.036258
22  6.027525 -0.000330 0.000203  1.862673 -0.566940 1.545449
23  0.000002 11.692101 -0.000006  -1.045926 -0.491434 -0.820576
24  0.000003 0.000009 -0.000002  -0.163150 -0.000030 1.570738
25  -0.000000 -0.000011 0.000000  0.868957 0.000002 1.570712
26  -4.645759 -6.650901 2.046262  1.473120 1.855075 -0.198639
27  6.027508 -0.000259 -0.000229  1.482270 0.529736 -0.619304
28  11.691991 0.000244 0.000855  0.245671 0.000078 -1.923496
29  11.478596 -0.001217 0.001155  -1.194643 0.559719 0.800976
30  3.840239 -0.256103 1.127581  0.375755 0.017196 -2.109855
31  1.312558 0.000024 -0.000000  -0.016738 -0.067215 -0.358753
32  0.729346 0.000065 -0.000027  0.010499 -0.002285 -1.003070
33  3.942046 0.050109 0.430997  0.318069 -0.062504 -1.724927
34  1.539097 0.000010 -0.000000  0.007073 -0.088740 -0.961961
35  1.196299 0.000077 -0.000004  0.008893 -0.001311 -1.206604
36  3.883410 -0.050502 -0.431087  0.154352 -0.157823 -1.573639
37  1.719563 -0.000080 -0.000003  -0.024403 -0.068048 -1.595299
38  1.209196 0.000036 0.000011  0.007422 -0.002547 -0.459485
39  3.806436 -0.112147 -1.295329  0.048500 -0.205491 -0.235932
40  1.719413 -0.000100 -0.000034  0.043933 0.082624 -1.220984
41  1.099674 0.000024 0.000006  -0.008025 -0.001772 -0.654771
42  0.805979 -0.359854 -1.318337  1.330199 0.197557 -0.619517
43  1.789779 -0.000009 -0.000042  0.032550 0.123016 0.037179
44  1.206997 -0.000006 0.000005  0.000293 -0.001887 1.285959
45  5.740572 0.000054 0.000723  0.116546 -0.000014 0.000021
46  11.480663 -0.000208 0.000981  0.034972 0.110335 0.123419
47  6.027514 -0.000273 -0.000236  -0.694096 -0.660174 -1.718265
48  -0.000003 11.691973 -0.000005  -1.278893 0.725291 0.943524
49  0.000004 -0.000000 0.000000  2.518198 -0.000041 1.570856
50  -0.000007 -0.000015 0.000005  2.272644 -0.000030 1.570865
51  -3.403100 -5.668095 -7.615513  -0.154741 -3.019544 1.371234
52  -0.000000 -0.000000 0.000001  0.008153 -0.000259 0.000009
53  0.000000 0.000000 0.000000  1.565115 0.043565 -0.106862
54  -0.926611 -18.683029 -5.663219  -0.881513 -0.030324 -1.863640
55  -0.000002 0.000000 0.000000  0.000000 -0.000000 -0.000002
56  0.000027 0.000029 0.000001  -1.571902 -0.044449 -0.106509
57  8.666351 -12.971641 -17.721577  1.570796 -0.000000 0.000000
58  -15.265000 7.133661 -18.583086  1.570796 -0.000000 0.000000
59  -1.523137 -2.740167 -4.071830  1.570796 -0.000000 0.000000
60  -0.004311 0.001230 -0.000371  0.006898 -0.005534 -0.284229
61  2.046263 7.371444 -3.388127  1.570796 -0.000000 0.000000
62  0.000000 0.000000 0.000000  -0.078727 -3.136056 0.284226
63  -3.061034 -2.790865 -0.402753  1.570796 -0.000000 0.000000
64  -3.046989 -13.998833 -3.125209  1.563642 -0.014496 -0.001844
65  -0.005933 -2.262812 -2.946504  0.000000 -0.000000 -0.000000
66  -0.007405 -0.385017 0.112676  0.000000 -0.000000 -0.000000
67  -0.007403 -0.398124 12.763614  0.000000 -0.000000 -0.000000
68  -0.007406 -3.312297 -1.336580  0.000000 -0.000000 -0.000000
69  -0.005934 0.810493 1.247789  0.000000 -0.000000 -0.000000
70  0.000002 0.037560 1.926313  0.000000 -0.000000 -0.000000
71  -3.027536 -14.487547 -6.084135  1.563642 -0.014496 -0.001844
72  0.184183 1.994351 -0.809969  0.000000 -0.000000 -0.000000
73  -0.114187 1.780464 -0.801674  0.000000 -0.000000 -0.000000
74  0.076509 1.501416 -0.809969  0.000000 -0.000000 -0.000000
time 50
0  0.000006 0.000000 0.000000  -1.570800 -1.391899 -1.570792
1  -3.518106 3.420410 -1.527451  -1.544956 -1.855077 -0.198630
2  6.027521 -0.000325 0.000193  -1.125427 -0.943005 -1.087716
3  11.692107 0.000644 -0.000739  -1.032250 -0.000023 -1.521233
4  11.480291 0.000429 -0.000709  1.041930 -0.654427 0.421165
5  3.859506 -0.142881 -1.192051  -0.778167 0.068914 -1.502592
6  1.312589 0.000012 0.000004  -0.135303 -0.037646 -0.288696
7  0.729357 0.000054 0.000043  0.004037 -0.012462 -0.362678
8  3.942141 0.046273 -0.431513  -0.693770 0.356114 -1.201512
9  1.539108 0.000088 0.000002  -0.032365 -0.079699 -0.453688
10  1.196333 0.000147 0.000029  0.008153 0.002732 -0.748207
11  3.883507 -0.047269 0.431381  -0.322019 0.643539 -0.630599
12  1.719574 -0.000029 0.000019  -0.033238 -0.086003 -0.823515
13  1.209181 0.000092 0.000012  -0.007835 -0.002562 -0.650932
14  3.859662 -0.138477 1.332409  0.166016 0.722762 -0.052367
15  1.719447 -0.000013 0.000023  -0.036329 0.033056 -0.412619
16  1.099675 0.000042 0.000003  -0.004181 0.004116 -1.256705
17  0.720887 -1.421159 1.005923  -0.760907 -0.593476 -0.498366
18  1.789826 0.000000 -0.000016  0.022880 0.030024 0.834449
19  1.207005 -0.000013 -0.000045  -0.004342 -0.003284 -0.117962
20  5.740637 0.000411 -0.000703  -0.140717 0.000003 0.000071
21  11.481066 0.000299 -0.000801  -0.070569 -0.125680 0.035443
22  6.027525 -0.000330 0.000203  1.860712 -0.565119 1.545565
23  0.000002 11.692100 -0.000006  -1.042030 -0.487754 -0.818151
24  0.000003 0.000008 -0.000001  -0.163150 -0.000030 1.570739
25  -0.000001 -0.000011 -0.000000  0.868957 0.000002 1.570712
26  -4.645759 -6.650901 2.046262  1.473120 1.855075 -0.198639
27  6.027508 -0.000259 -0.000229  1.486823 0.531559 -0.617324
28  11.691990 0.000242 0.000857  0.245671 0.000078 -1.917758
29  11.478644 -0.001192 0.001149  -1.199275 0.552314 0.795586
30  3.840240 -0.256103 1.127580  0.375755 0.017196 -2.109855
31  1.312559 0.000024 0.000000  -0.016738 -0.067215 -0.358753
32  0.729345 0.000065 -0.000026  0.010499 -0.002285 -1.003070
33  3.942045 0.050109 0.430997  0.318069 -0.062504 -1.724927
34  1.539097 0.000010 -0.000001  0.007072 -0.088740 -0.961961
35  1.196299 0.000077 -0.000004  0.008893 -0.001311 -1.206604
36  3.883411 -0.050502 -0.431087  0.154352 -0.157823 -1.573639
37  1.719563 -0.000079 -0.000004  -0.024403 -0.068048 -1.595299
38  1.209196 0.000036 0.000011  0.007422 -0.002547 -0.459485
39  3.806435 -0.112148 -1.295330  0.048500 -0.205491 -0.235932
40  1.719411 -0.000099 -0.000034  0.043933 0.082624 -1.220984
41  1.099673 0.000025 0.000007  -0.008025 -0.001772 -0.654771
42  0.805979 -0.359854 -1.318338  1.330199 0.197557 -0.619517
43  1.789779 -0.000010 -0.000042  0.032550 0.123016 0.037179
44  1.206997 -0.000006 0.000005  0.000293 -0.001887 1.285959
45  5.740571 0.000054 0.000724  0.115562 -0.000014 0.000021
46  11.480672 -0.000203 0.000979  0.034982 0.108582 0.123026
47  6.027514 -0.000273 -0.000236  -0.693899 -0.655848 -1.718710
48  -0.000003 11.691972 -0.000006  -1.275458 0.721745 0.942093
49  0.000004 -0.000002 -0.000001  2.518198 -0.000041 1.570856
50  -0.000007 -0.000015 0.000005  2.272644 -0.000030 1.570865
51  -3.451223 -5.727228 -7.602983  -0.158212 -3.019614 1.374410
52  0.000000 -0.000000 0.000000  0.008153 -0.000259 0.000009
53  -0.000000 0.000000 0.000000  1.565115 0.043565 -0.106862
54  -0.932375 -18.736736 -5.668800  -0.884952 -0.030576 -1.860782
55  0.000002 -0.000000 0.000000  0.000000 -0.000000 -0.000002
56  0.000031 0.000029 0.000001  -1.571901 -0.044449 -0.106509
57  8.666351 -12.971641 -17.721577  1.570796 -0.000000 0.000000
58  -15.265000 7.133661 -18.583086  1.570796 -0.000000 0.000000
59  -1.523137 -2.740167 -4.071830  1.570796 -0.000000 0.000000
60  -0.004311 0.001230 -0.000371  0.006898 -0.005534 -0.284229
61  2.046263 7.371444 -3.388127  1.570796 -0.000000 0.000000
62  0.000000 0.000000 0.000000  -0.078727 -3.136056 0.284226
63  -3.061034 -2.790865 -0.402753  1.570796 -0.000000 0.000000
64  -3.057079 -14.060280 -3.120156  1.564386 -0.011131 0.000900
65  -0.005933 -2.262812 -2.946503  -0.000000 0.000000 0.000000
66  -0.007405 -0.385017 0.112677  -0.000000 0.000000 0.000000
67  -0.007403 -0.398124 12.763614  -0.000000 0.000000 0.000000
68  -0.007406 -3.312298 -1.336579  -0.000000 0.000000 0.000000
69  -0.005934 0.810492 1.247789  -0.000000 0.000000 0.000000
70  0.000002 0.037560 1.926312  -0.000000 0.000000 0.000000
71  -3.046241 -14.546745 -6.079497  1.564386 -0.011131 0.000900
72  0.184182 1.994350 -0.809969  -0.000000 0.000000 0.000000
73  -0.114187 1.780463 -0.801675  -0.000000 0.000000 0.000000
74  0.076509 1.501415 -0.809969  -0.000000 0.000000 0.000000
time 51
0  0.000006 0.000000 0.000000  -1.570800 -1.391899 -1.570792
1  -3.518106 3.420410 -1.527451  -1.544956 -1.855077 -0.198630
2  6.027521 -0.000325 0.000193  -1.123137 -0.943291 -1.088755
3  11.692107 0.000643 -0.000739  -1.032250 -0.000023 -1.517531
4  11.480321 0.000438 -0.000694  1.037199 -0.654053 0.416608
5  3.859506 -0.142880 -1.192050  -0.778167 0.068914 -1.502592
6  1.312590 0.000010 0.000004  -0.135303 -0.037646 -0.288696
7  0.729358 0.000052 0.000046  0.004037 -0.012462 -0.362678
8  3.942139 0.046274 -0.431512  -0.693770 0.356114 -1.201512
9  1.539107 0.000085 0.000001  -0.032365 -0.079699 -0.453688
10  1.196334 0.000147 0.000029  0.008153 0.002732 -0.748207
11  3.883504 -0.047268 0.431381  -0.322019 0.643539 -0.630599
12  1.719574 -0.000030 0.000019  -0.033238 -0.086003 -0.823515
13  1.209180 0.000096 0.000014  -0.007835 -0.002562 -0.650932
14  3.859662 -0.138476 1.332410  0.166016 0.722762 -0.052367
15  1.719448 -0.000013 0.000024  -0.036329 0.033056 -0.412619
16  1.099675 0.000044 0.000002  -0.004181 0.004116 -1.256705
17  0.720890 -1.421158 1.005924  -0.760907 -0.593476 -0.498366
18  1.789826 -0.000001 -0.000016  0.022880 0.030024 0.834449
19  1.207009 -0.000012 -0.000046  -0.004342 -0.003284 -0.117962
20  5.740638 0.000411 -0.000702  -0.141642 0.000003 0.000071
21  11.481071 0.000301 -0.000797  -0.071674 -0.125612 0.034277
22  6.027525 -0.000330 0.000203  1.859156 -0.565521 1.547213
23  0.000001 11.692101 -0.000006  -1.039842 -0.485692 -0.816784
24  0.000002 0.000008 -0.000002  -0.163150 -0.000030 1.570738
25  -0.000001 -0.000011 -0.000001  0.868957 0.000002 1.570712
26  -4.645759 -6.650901 2.046262  1.473120 1.855075 -0.198639
27  6.027508 -0.000259 -0.000229  1.490623 0.531416 -0.615543
28  11.691991 0.000243 0.000855  0.245671 0.000078 -1.915380
29  11.478666 -0.001184 0.001146  -1.206452 0.546646 0.792681
30  3.840239 -0.256103 1.127579  0.375755 0.017196 -2.109855
31  1.312558 0.000027 0.000000  -0.016738 -0.067215 -0.358753
32  0.729345 0.000064 -0.000027  0.010499 -0.002285 -1.003069
33  3.942046 0.050109 0.430997  0.318069 -0.062504 -1.724927
34  1.539096 0.000010 -0.000000  0.007072 -0.088740 -0.961961
35  1.196299 0.000076 -0.000004  0.008893 -0.001311 -1.206604
36  3.883412 -0.050501 -0.431087  0.154352 -0.157823 -1.573639
37  1.719563 -0.000080 -0.000003  -0.024403 -0.068048 -1.595299
38  1.209197 0.000036 0.000011  0.007422 -0.002547 -0.459485
39  3.806436 -0.112147 -1.295330  0.048500 -0.205491 -0.235932
40  1.719411 -0.000099 -0.000035  0.043933 0.082624 -1.220984
41  1.099674 0.000025 0.000007  -0.008025 -0.001772 -0.654771
42  0.805979 -0.359854 -1.318339  1.330199 0.197557 -0.619517
43  1.789779 -0.000009 -0.000042  0.032550 0.123016 0.037179
44  1.206996 -0.000006 0.000005  0.000293 -0.001887 1.285959
45  5.740572 0.000055 0.000723  0.114174 -0.000014 0.000021
46  11.480678 -0.000200 0.000978  0.034280 0.107039 0.123177
47  6.027514 -0.000273 -0.000236  -0.691876 -0.652988 -1.720085
48  -0.000003 11.691973 -0.000005  -1.274036 0.720277 0.941497
49  0.000004 -0.000001 -0.000001  2.518198 -0.000041 1.570856
50  -0.000008 -0.000015 0.000005  2.272644 -0.000030 1.570865
51  -3.495701 -5.752927 -7.593526  -0.164924 -3.020094 1.376451
52  -0.000001 0.000000 -0.000001  0.008153 -0.000259 0.000009
53  0.000000 0.000000 -0.000000  1.565115 0.043565 -0.106862
54  -0.948568 -18.762705 -5.698620  -0.891633 -0.030723 -1.859352
55  -0.000001 0.000000 0.000000  0.000000 -0.000000 -0.000002
56  0.000028 0.000029 0.000001  -1.571902 -0.044449 -0.106509
57  8.666351 -12.971641 -17.721577  1.570796 -0.000000 0.000000
58  -15.265000 7.133661 -18.583086  1.570796 -0.000000 0.000000
59  -1.523137 -2.740167 -4.071830  1.570796 -0.000000 0.000000
60  -0.004311 0.001230 -0.000371  0.006898 -0.005534 -0.284229
61  2.046263 7.371444 -3.388127  1.570796 -0.000000 0.000000
62  0.000000 0.000000 0.000000  -0.078727 -3.136056 0.284226
63  -3.061034 -2.790865 -0.402753  1.570796 -0.000000 0.000000
64  -3.062512 -14.093367 -3.128077  1.566160 -0.004691 0.002112
65  -0.005933 -2.262813 -2.946503  -0.000000 0.000000 0.000000
66  -0.007405 -0.385017 0.112676  -0.000000 0.000000 0.000000
67  -0.007403 -0.398124 12.763614  -0.000000 0.000000 0.000000
68  -0.007406 -3.312297 -1.336579  -0.000000 0.000000 0.000000
69  -0.005934 0.810492 1.247789  -0.000000 0.000000 0.000000
70  0.000001 0.037560 1.926311  -0.000000 0.000000 0.000000
71  -3.070148 -14.574606 -6.088282  1.566160 -0.004691 0.002112
72  0.184183 1.994350 -0.809971  -0.000000 0.000000 0.000000
73  -0.114187 1.780463 -0.801676  -0.000000 0.000000 0.000000
74  0.076509 1.501415 -0.809970  -0.000000 0.000000 0.000000
time 52
0  0.000006 0.000000 0.000000  -1.570800 -1.391899 -1.570792
1  -3.518106 3.420410 -1.527451  -1.544956 -1.855077 -0.198630
2  6.027521 -0.000325 0.000193  -1.121477 -0.941337 -1.088287
3  11.692108 0.000644 -0.000739  -1.032250 -0.000023 -1.518558
4  11.480313 0.000436 -0.000699  1.032376 -0.654463 0.415369
5  3.859507 -0.142880 -1.192050  -0.778167 0.068914 -1.502592
6  1.312590 0.000010 0.000005  -0.135303 -0.037646 -0.288696
7  0.729358 0.000053 0.000045  0.004037 -0.012462 -0.362678
8  3.942142 0.046274 -0.431512  -0.693770 0.356114 -1.201512
9  1.539108 0.000087 0.000001  -0.032365 -0.079699 -0.453688
10  1.196333 0.000147 0.000030  0.008153 0.002732 -0.748207
11  3.883507 -0.047269 0.431381  -0.322019 0.643539 -0.630599
12  1.719574 -0.000029 0.000017  -0.033238 -0.086003 -0.823515
13  1.209181 0.000094 0.000012  -0.007835 -0.002562 -0.650932
14  3.859663 -0.138476 1.332410  0.166016 0.722762 -0.052367
15  1.719449 -0.000012 0.000021  -0.036329 0.033056 -0.412619
16  1.099675 0.000043 -0.000001  -0.004181 0.004116 -1.256705
17  0.720889 -1.421158 1.005924  -0.760907 -0.593476 -0.498366
18  1.789826 0.000001 -0.000016  0.022880 0.030024 0.834449
19  1.207012 -0.000013 -0.000045  -0.004342 -0.003284 -0.117962
20  5.740637 0.000410 -0.000703  -0.142591 0.000003 0.000071
21  11.481069 0.000301 -0.000799  -0.072583 -0.125799 0.033691
22  6.027525 -0.000330 0.000203  1.859264 -0.567704 1.548966
23  0.000002 11.692099 -0.000005  -1.040449 -0.486264 -0.817163
24  0.000004 0.000008 -0.000000  -0.163150 -0.000031 1.570739
25  -0.000000 -0.000012 -0.000000  0.868957 0.000002 1.570712
26  -4.645759 -6.650901 2.046262  1.473120 1.855075 -0.198639
27  6.027508 -0.000259 -0.000229  1.491344 0.529910 -0.615100
28  11.691990 0.000243 0.000855  0.245671 0.000078 -1.917251
29  11.478651 -0.001189 0.001149  -1.210062 0.545531 0.794480
30  3.840240 -0.256103 1.127580  0.375755 0.017196 -2.109855
31  1.312558 0.000025 0.000001  -0.016738 -0.067215 -0.358753
32  0.729346 0.000065 -0.000027  0.010499 -0.002285 -1.003070
33  3.942047 0.050109 0.430997  0.318069 -0.062504 -1.724927
34  1.539097 0.000011 0.000001  0.007072 -0.088740 -0.961961
35  1.196300 0.000076 -0.000003  0.008893 -0.001311 -1.206604
36  3.883412 -0.050502 -0.431087  0.154352 -0.157823 -1.573639
37  1.719563 -0.000078 -0.000003  -0.024403 -0.068048 -1.595299
38  1.209197 0.000036 0.000012  0.007422 -0.002547 -0.459485
39  3.806436 -0.112147 -1.295330  0.048500 -0.205491 -0.235932
40  1.719412 -0.000099 -0.000035  0.043933 0.082624 -1.220984
41  1.099673 0.000027 0.000007  -0.008025 -0.001772 -0.654771
42  0.805979 -0.359853 -1.318338  1.330199 0.197557 -0.619517
43  1.789780 -0.000009 -0.000042  0.032550 0.123016 0.037179
44  1.206997 -0.000005 0.000005  0.000293 -0.001887 1.285959
45  5.740573 0.000056 0.000724  0.113576 -0.000014 0.000021
46  11.480676 -0.000201 0.000979  0.033648 0.106646 0.123798
47  6.027514 -0.000273 -0.000236  -0.689830 -0.653109 -1.721251
48  -0.000003 11.691972 -0.000005  -1.275155 0.721432 0.941966
49  0.000004 -0.000000 0.000000  2.518198 -0.000041 1.570856
50  -0.000007 -0.000016 0.000005  2.272644 -0.000030 1.570865
51  -3.507055 -5.735437 -7.591568  -0.169320 -3.021386 1.376425
52  -0.000001 0.000000 -0.000001  0.008153 -0.000259 0.000009
53  0.000001 -0.000000 0.000000  1.565115 0.043565 -0.106862
54  -0.959595 -18.750595 -5.734394  -0.896102 -0.029848 -1.859773
55  0.000002 0.000000 0.000000  0.000000 -0.000000 -0.000002
56  0.000031 0.000029 0.000000  -1.571901 -0.044449 -0.106509
57  8.666351 -12.971641 -17.721577  1.570796 -0.000000 0.000000
58  -15.265000 7.133661 -18.583086  1.570796 -0.000000 0.000000
59  -1.523137 -2.740167 -4.071830  1.570796 -0.000000 0.000000
60  -0.004311 0.001230 -0.000371  0.006898 -0.005534 -0.284229
61  2.046263 7.371444 -3.388127  1.570796 -0.000000 0.000000
62  0.000000 0.000000 0.000000  -0.078727 -3.136056 0.284226
63  -3.061034 -2.790865 -0.402753  1.570796 -0.000000 0.000000
64  -3.060541 -14.085526 -3.145503  1.568278 -0.000663 0.001550
65  -0.005933 -2.262812 -2.946505  0.000000 -0.000000 -0.000000
66  -0.007405 -0.385017 0.112674  0.000000 -0.000000 -0.000000
67  -0.007403 -0.398124 12.763614  0.000000 -0.000000 -0.000000
68  -0.007406 -3.312297 -1.336579  0.000000 -0.000000 -0.000000
69  -0.005934 0.810493 1.247787  0.000000 -0.000000 -0.000000
70  0.000002 0.037559 1.926313  0.000000 -0.000000 -0.000000
71  -3.080382 -14.560511 -6.106661  1.568278 -0.000663 0.001550
72  0.184183 1.994351 -0.809969  0.000000 -0.000000 -0.000000
73  -0.114187 1.780464 -0.801676  0.000000 -0.000000 -0.000000
74  0.076510 1.501416 -0.809970  0.000000 -0.000000 -0.000000
time 53
0  0.000006 0.000000 0.000000  -1.570800 -1.391899 -1.570792
1  -3.518106 3.420410 -1.527451  -1.544956 -1.855077 -0.198630
2  6.027521 -0.000325 0.000193  -1.120852 -0.939292 -1.087366
3  11.692107 0.000644 -0.000739  -1.032250 -0.000024 -1.520490
4  11.480296 0.000431 -0.000706  1.029999 -0.654755 0.416297
5  3.859504 -0.142881 -1.192051  -0.778167 0.068914 -1.502592
6  1.312590 0.000010 0.000005  -0.135303 -0.037646 -0.288696
7  0.729359 0.000054 0.000047  0.004037 -0.012462 -0.362678
8  3.942135 0.046273 -0.431513  -0.693770 0.356114 -1.201512
9  1.539108 0.000087 0.000002  -0.032365 -0.079699 -0.453688
10  1.196335 0.000146 0.000028  0.008153 0.002732 -0.748207
11  3.883501 -0.047269 0.431380  -0.322019 0.643539 -0.630599
12  1.719575 -0.000027 0.000021  -0.033238 -0.086003 -0.823515
13  1.209180 0.000093 0.000012  -0.007835 -0.002562 -0.650932
14  3.859660 -0.138476 1.332410  0.166016 0.722762 -0.052367
15  1.719448 -0.000010 0.000022  -0.036329 0.033056 -0.412619
16  1.099675 0.000044 0.000000  -0.004181 0.004116 -1.256705
17  0.720884 -1.421159 1.005924  -0.760907 -0.593476 -0.498366
18  1.789825 0.000001 -0.000016  0.022880 0.030024 0.834449
19  1.207006 -0.000012 -0.000044  -0.004342 -0.003284 -0.117962
20  5.740636 0.000410 -0.000701  -0.142920 0.000003 0.000070
21  11.481066 0.000299 -0.000798  -0.072948 -0.125958 0.033687
22  6.027525 -0.000330 0.000203  1.860053 -0.569672 1.549967
23  0.000002 11.692099 -0.000006  -1.041591 -0.487340 -0.817876
24  0.000003 0.000008 -0.000003  -0.163150 -0.000031 1.570739
25  -0.000001 -0.000011 -0.000000  0.868957 0.000002 1.570712
26  -4.645759 -6.650901 2.046262  1.473120 1.855075 -0.198639
27  6.027508 -0.000259 -0.000229  1.490354 0.528876 -0.615486
28  11.691990 0.000244 0.000856  0.245671 0.000078 -1.919553
29  11.478631 -0.001198 0.001151  -1.209747 0.546595 0.797874
30  3.840239 -0.256104 1.127582  0.375755 0.017196 -2.109855
31  1.312557 0.000027 0.000001  -0.016738 -0.067215 -0.358753
32  0.729346 0.000064 -0.000027  0.010499 -0.002285 -1.003070
33  3.942046 0.050109 0.430997  0.318069 -0.062504 -1.724927
34  1.539097 0.000011 -0.000001  0.007072 -0.088740 -0.961961
35  1.196299 0.000076 -0.000004  0.008893 -0.001311 -1.206604
36  3.883412 -0.050502 -0.431086  0.154352 -0.157823 -1.573639
37  1.719564 -0.000078 -0.000003  -0.024403 -0.068048 -1.595299
38  1.209195 0.000036 0.000011  0.007422 -0.002547 -0.459485
39  3.806436 -0.112148 -1.295329  0.048500 -0.205491 -0.235932
40  1.719413 -0.000100 -0.000034  0.043933 0.082624 -1.220984
41  1.099673 0.000023 0.000007  -0.008025 -0.001772 -0.654771
42  0.805979 -0.359854 -1.318338  1.330199 0.197557 -0.619517
43  1.789780 -0.000008 -0.000043  0.032550 0.123016 0.037179
44  1.206998 -0.000007 0.000005  0.000293 -0.001887 1.285959
45  5.740572 0.000056 0.000724  0.113708 -0.000014 0.000021
46  11.480671 -0.000202 0.000980  0.033476 0.106925 0.124384
47  6.027514 -0.000273 -0.000236  -0.689148 -0.654336 -1.721552
48  -0.000001 11.691973 -0.000005  -1.276532 0.722854 0.942542
49  0.000004 -0.000001 -0.000001  2.518198 -0.000041 1.570856
50  -0.000006 -0.000016 0.000005  2.272644 -0.000030 1.570865
51  -3.497564 -5.712558 -7.593919  -0.170241 -3.023013 1.375527
52  0.000000 -0.000000 0.000000  0.008153 -0.000259 0.000009
53  0.000000 -0.000000 0.000000  1.565115 0.043565 -0.106862
54  -0.962142 -18.733547 -5.761313  -0.897166 -0.028314 -1.860749
55  -0.000002 0.000000 0.000000  0.000000 -0.000000 -0.000002
56  0.000029 0.000029 0.000001  -1.571902 -0.044449 -0.106509
57  8.666351 -12.971641 -17.721577  1.570796 -0.000000 0.000000
58  -15.265000 7.133661 -18.583086  1.570796 -0.000000 0.000000
59  -1.523137 -2.740167 -4.071830  1.570796 -0.000000 0.000000
60  -0.004311 0.001230 -0.000371  0.006898 -0.005534 -0.284229
61  2.046263 7.371444 -3.388127  1.570796 -0.000000 0.000000
62  0.000000 0.000000 0.000000  -0.078727 -3.136056 0.284226
63  -3.061034 -2.790865 -0.402753  1.570796 -0.000000 0.000000
64  -3.056881 -14.070965 -3.162929  1.570052 -0.000083 0.000542
65  -0.005933 -2.262812 -2.946503  -0.000000 -0.000000 0.000000
66  -0.007405 -0.385017 0.112677  -0.000000 -0.000000 0.000000
67  -0.007403 -0.398124 12.763613  -0.000000 -0.000000 0.000000
68  -0.007406 -3.312297 -1.336579  -0.000000 -0.000000 0.000000
69  -0.005934 0.810493 1.247789  -0.000000 -0.000000 0.000000
70  0.000002 0.037560 1.926310  -0.000000 -0.000000 0.000000
71  -3.078921 -14.540676 -6.124914  1.570052 -0.000083 0.000542
72  0.184183 1.994351 -0.809968  -0.000000 -0.000000 0.000000
73  -0.114187 1.780464 -0.801674  -0.000000 -0.000000 0.000000
74  0.076510 1.501416 -0.809969  -0.000000 -0.000000 0.000000
time 54
0  0.000006 0.000000 0.000000  -1.570800 -1.391899 -1.570792
1  -3.518106 3.420410 -1.527451  -1.544956 -1.855077 -0.198630
2  6.027521 -0.000325 0.000193  -1.120621 -0.938343 -1.086914
3  11.692107 0.000644 -0.000738  -1.032250 -0.000024 -1.521486
4  11.480288 0.000428 -0.000713  1.029048 -0.654855 0.416843
5  3.859506 -0.142880 -1.192051  -0.778167 0.068914 -1.502592
6  1.312588 0.000011 0.000003  -0.135303 -0.037646 -0.288696
7  0.729358 0.000053 0.000048  0.004037 -0.012462 -0.362678
8  3.942140 0.046273 -0.431512  -0.693770 0.356114 -1.201512
9  1.539107 0.000085 0.000002  -0.032365 -0.079699 -0.453688
10  1.196335 0.000147 0.000029  0.008153 0.002732 -0.748207
11  3.883507 -0.047268 0.431382  -0.322019 0.643539 -0.630599
12  1.719574 -0.000029 0.000019  -0.033238 -0.086003 -0.823515
13  1.209181 0.000094 0.000012  -0.007835 -0.002562 -0.650932
14  3.859661 -0.138477 1.332410  0.166016 0.722762 -0.052367
15  1.719450 -0.000011 0.000022  -0.036329 0.033056 -0.412619
16  1.099674 0.000039 -0.000000  -0.004181 0.004116 -1.256705
17  0.720887 -1.421158 1.005924  -0.760907 -0.593476 -0.498366
18  1.789825 -0.000001 -0.000016  0.022880 0.030024 0.834449
19  1.207009 -0.000013 -0.000044  -0.004342 -0.003284 -0.117962
20  5.740637 0.000410 -0.000703  -0.143041 0.000003 0.000070
21  11.481064 0.000299 -0.000800  -0.073086 -0.126025 0.033720
22  6.027525 -0.000330 0.000203  1.860456 -0.570569 1.550388
23  0.000001 11.692100 -0.000006  -1.042179 -0.487895 -0.818244
24  0.000003 0.000008 -0.000002  -0.163150 -0.000031 1.570739
25  -0.000001 -0.000012 -0.000000  0.868957 0.000002 1.570712
26  -4.645759 -6.650901 2.046262  1.473120 1.855075 -0.198639
27  6.027508 -0.000259 -0.000229  1.489737 0.528407 -0.615739
28  11.691989 0.000242 0.000856  0.245671 0.000078 -1.920683
29  11.478621 -0.001204 0.001151  -1.209394 0.547341 0.799524
30  3.840238 -0.256103 1.127582  0.375755 0.017196 -2.109855
31  1.312557 0.000026 0.000001  -0.016738 -0.067215 -0.358753
32  0.729345 0.000065 -0.000027  0.010499 -0.002285 -1.003070
33  3.942046 0.050109 0.430997  0.318069 -0.062504 -1.724927
34  1.539097 0.000011 0.000000  0.007072 -0.088740 -0.961961
35  1.196298 0.000075 -0.000004  0.008893 -0.001311 -1.206604
36  3.883411 -0.050502 -0.431086  0.154352 -0.157823 -1.573639
37  1.719563 -0.000079 -0.000003  -0.024403 -0.068048 -1.595299
38  1.209197 0.000036 0.000012  0.007422 -0.002547 -0.459485
39  3.806436 -0.112147 -1.295328  0.048500 -0.205491 -0.235932
40  1.719412 -0.000100 -0.000035  0.043933 0.082624 -1.220984
41  1.099674 0.000024 0.000008  -0.008025 -0.001772 -0.654771
42  0.805978 -0.359853 -1.318338  1.330199 0.197557 -0.619517
43  1.789780 -0.000009 -0.000042  0.032550 0.123016 0.037179
44  1.206997 -0.000006 0.000005  0.000293 -0.001887 1.285959
45  5.740573 0.000055 0.000723  0.113804 -0.000014 0.000021
46  11.480669 -0.000205 0.000980  0.033410 0.107116 0.124647
47  6.027514 -0.000273 -0.000236  -0.688921 -0.655022 -1.721632
48  -0.000003 11.691974 -0.000005  -1.277209 0.723552 0.942824
49  0.000004 -0.000001 -0.000002  2.518198 -0.000041 1.570856
50  -0.000007 -0.000015 0.000005  2.272644 -0.000030 1.570865
51  -3.491430 -5.701185 -7.595583  -0.170469 -3.023727 1.375012
52  -0.000000 -0.000000 -0.000001  0.008153 -0.000259 0.000009
53  -0.000001 0.000000 0.000001  1.565115 0.043565 -0.106862
54  -0.962913 -18.724907 -5.772876  -0.897459 -0.027625 -1.861282
55  -0.000000 0.000001 -0.000000  0.000000 -0.000000 -0.000002
56  0.000031 0.000030 0.000000  -1.571901 -0.044449 -0.106509
57  8.666351 -12.971641 -17.721577  1.570796 -0.000000 0.000000
58  -15.265000 7.133661 -18.583086  1.570796 -0.000000 0.000000
59  -1.523137 -2.740167 -4.071830  1.570796 -0.000000 0.000000
60  -0.004311 0.001230 -0.000371  0.006898 -0.005534 -0.284229
61  2.046263 7.371444 -3.388127  1.570796 -0.000000 0.000000
62  0.000000 0.000000 0.000000  -0.078727 -3.136056 0.284226
63  -3.061034 -2.790865 -0.402753  1.570796 -0.000000 0.000000
64  -3.054910 -14.063125 -3.170850  1.570796 -0.000000 0.000000
65  -0.005933 -2.262812 -2.946504  0.000000 -0.000000 0.000000
66  -0.007405 -0.385017 0.112677  0.000000 -0.000000 0.000000
67  -0.007403 -0.398124 12.763616  0.000000 -0.000000 0.000000
68  -0.007406 -3.312297 -1.336578  0.000000 -0.000000 0.000000
69  -0.005934 0.810493 1.247789  0.000000 -0.000000 0.000000
70  0.000002 0.037560 1.926311  0.000000 -0.000000 0.000000
71  -3.077450 -14.530620 -6.133182  1.570796 -0.000000 0.000000
72  0.184183 1.994350 -0.809969  0.000000 -0.000000 0.000000
73  -0.114187 1.780464 -0.801675  0.000000 -0.000000 0.000000
74  0.076509 1.501416 -0.809969  0.000000 -0.000000 0.000000
end
