version 1
nodes
0 "ValveBiped.Bip01_Spine4" -1
1 "ValveBiped.Bip01_L_Clavicle" 0
2 "ValveBiped.Bip01_L_UpperArm" 1
3 "ValveBiped.Bip01_L_Forearm" 2
4 "ValveBiped.Bip01_L_Hand" 3
5 "ValveBiped.Bip01_L_Finger4" 4
6 "ValveBiped.Bip01_L_Finger41" 5
7 "ValveBiped.Bip01_L_Finger42" 6
8 "ValveBiped.Bip01_L_Finger3" 4
9 "ValveBiped.Bip01_L_Finger31" 8
10 "ValveBiped.Bip01_L_Finger32" 9
11 "ValveBiped.Bip01_L_Finger2" 4
12 "ValveBiped.Bip01_L_Finger21" 11
13 "ValveBiped.Bip01_L_Finger22" 12
14 "ValveBiped.Bip01_L_Finger1" 4
15 "ValveBiped.Bip01_L_Finger11" 14
16 "ValveBiped.Bip01_L_Finger12" 15
17 "ValveBiped.Bip01_L_Finger0" 4
18 "ValveBiped.Bip01_L_Finger01" 17
19 "ValveBiped.Bip01_L_Finger02" 18
20 "ValveBiped.Bip01_L_Ulna" 3
21 "ValveBiped.Bip01_L_Wrist" 3
22 "rig_l_upperarm" 1
23 "rig_l_forearm" 22
24 "rig_d_l_forearm" 23
25 "rig_d_l_upperarm" 22
26 "ValveBiped.Bip01_R_Clavicle" 0
27 "ValveBiped.Bip01_R_UpperArm" 26
28 "ValveBiped.Bip01_R_Forearm" 27
29 "ValveBiped.Bip01_R_Hand" 28
30 "ValveBiped.Bip01_R_Finger4" 29
31 "ValveBiped.Bip01_R_Finger41" 30
32 "ValveBiped.Bip01_R_Finger42" 31
33 "ValveBiped.Bip01_R_Finger3" 29
34 "ValveBiped.Bip01_R_Finger31" 33
35 "ValveBiped.Bip01_R_Finger32" 34
36 "ValveBiped.Bip01_R_Finger2" 29
37 "ValveBiped.Bip01_R_Finger21" 36
38 "ValveBiped.Bip01_R_Finger22" 37
39 "ValveBiped.Bip01_R_Finger1" 29
40 "ValveBiped.Bip01_R_Finger11" 39
41 "ValveBiped.Bip01_R_Finger12" 40
42 "ValveBiped.Bip01_R_Finger0" 29
43 "ValveBiped.Bip01_R_Finger01" 42
44 "ValveBiped.Bip01_R_Finger02" 43
45 "ValveBiped.Bip01_R_Ulna" 28
46 "ValveBiped.Bip01_R_Wrist" 28
47 "rig_r_upperarm" 26
48 "rig_r_forearm" 47
49 "rig_d_r_forearm" 48
50 "rig_d_r_upperarm" 47
51 "rig_r_hand" -1
52 "rig_d_r_hand" 51
53 "rig_d_r_wrist" 52
54 "rig_l_hand" -1
55 "rig_d_l_hand" 54
56 "rig_d_l_wrist" 54
57 "rig_l_pole" -1
58 "rig_r_pole" -1
59 "rig_l_clavicle" -1
60 "rig_d_l_clavicle" 59
61 "rig_r_clavicle" -1
62 "rig_d_r_clavicle" 61
63 "Camera" -1
64 "body" -1
65 "trigger" 64
66 "barrel" 64
67 "magrel" 64
68 "bullet1" 64
69 "bolt" 64
70 "chandle" 64
71 "mag" -1
72 "bullet2" 71
73 "bullet3" 71
end
skeleton
time 0
0  0.031807 0.000000 -0.000718  -1.570800 -1.391899 -1.570792
1  -5.164373 -5.683526 -1.473686  -1.544956 -1.855077 -0.198630
2  6.027520 -0.000327 0.000201  -1.159570 -0.871321 -1.150844
3  11.692105 0.000483 -0.000740  -0.255833 -0.000031 -1.437000
4  11.479668 -0.000465 -0.000881  1.237138 -0.300860 0.203547
5  3.859505 -0.142876 -1.192066  -0.293152 0.063165 -1.666430
6  1.312589 0.000014 0.000005  -0.038960 -0.163792 -0.776953
7  0.729353 0.000053 0.000048  0.027928 -0.011485 -0.645483
8  3.942142 0.046276 -0.431529  -0.456264 0.112870 -1.408134
9  1.539110 0.000081 0.000000  0.094878 -0.019352 -0.829315
10  1.196331 0.000145 0.000024  0.002133 0.002883 -1.120896
11  3.883508 -0.047266 0.431364  -0.423643 0.213424 -1.245194
12  1.719573 -0.000025 0.000011  0.000087 -0.071906 -1.146945
13  1.209180 0.000090 0.000007  -0.009737 -0.000809 -0.595644
14  3.859670 -0.138472 1.332393  -0.398812 0.213193 -1.248335
15  1.719449 -0.000011 0.000021  -0.051974 0.052324 -0.848309
16  1.099676 0.000049 0.000002  -0.007239 0.005996 -0.967516
17  0.781543 -0.803403 1.419827  -1.322386 -0.671925 -0.283371
18  1.789820 -0.000005 -0.000016  0.021100 -0.088726 0.772072
19  1.207013 -0.000014 -0.000042  -0.004723 -0.002684 0.014398
20  5.740637 0.000364 -0.000698  -0.088111 0.000003 0.000060
21  11.480944 0.000046 -0.000828  -0.056874 -0.045689 0.018002
22  6.027524 -0.000330 0.000206  1.926795 -0.615780 1.418700
23  0.000001 11.692098 -0.000008  -0.992009 -0.441500 -0.786168
24  0.000003 0.000007 -0.000000  0.613263 -0.000031 1.570738
25  -0.000001 -0.000007 -0.000002  0.868967 -0.000009 1.570721
26  -6.617934 -9.178503 0.826812  1.473120 1.855074 -0.198639
27  6.027514 -0.000265 -0.000222  1.523441 0.822200 -0.710464
28  11.691998 0.000242 0.000862  0.141447 0.000061 -1.737664
29  11.480246 -0.000313 0.000877  -1.169154 0.495758 0.789099
30  3.859439 -0.132762 1.193064  0.469647 -0.013262 -1.872396
31  1.312559 0.000026 -0.000001  0.024060 -0.138695 -0.550187
32  0.729345 0.000064 -0.000028  -0.166197 -0.081570 -0.714272
33  3.942048 0.050135 0.430999  0.225311 -0.086239 -1.592715
34  1.539097 0.000007 -0.000005  0.035254 -0.050374 -0.994348
35  1.196301 0.000077 -0.000008  -0.021522 0.002174 -0.839739
36  3.883415 -0.050476 -0.431085  0.184827 -0.271742 -1.204033
37  1.719564 -0.000082 -0.000015  0.022857 -0.107188 -1.509106
38  1.209198 0.000035 0.000005  0.000661 0.071070 -0.480462
39  3.859589 -0.149085 -1.331321  -0.098208 -0.090177 -0.345038
40  1.719411 -0.000096 -0.000048  -0.015804 -0.000373 -1.430695
41  1.099673 0.000025 -0.000001  -0.041072 0.066616 -0.536933
42  0.805983 -0.359848 -1.318339  1.134762 0.249907 -0.841728
43  1.789780 -0.000007 -0.000030  0.000332 -0.014982 0.147148
44  1.206997 -0.000004 0.000014  0.000010 -0.117703 1.485327
45  5.740575 0.000118 0.000727  0.159031 -0.000013 0.000032
46  11.480996 0.000074 0.000930  0.045310 0.099897 0.122657
47  6.027517 -0.000278 -0.000232  -0.973476 -0.482038 -1.683140
48  -0.000002 11.691979 -0.000008  -1.169052 0.612523 0.891608
49  0.000002 -0.000002 0.000000  2.413972 -0.000036 1.570861
50  -0.000007 -0.000015 0.000004  2.272646 -0.000031 1.570865
51  -3.184083 -4.685155 -6.601060  -0.056027 -2.889262 1.381348
52  -0.000000 0.000000 0.000000  0.008153 -0.000259 0.000009
53  0.000001 0.000000 -0.000000  1.565115 0.043565 -0.106862
54  -0.212780 -10.314556 -6.991644  -0.213322 -0.437549 -1.798772
55  -0.000000 -0.000000 -0.000001  0.000000 -0.000000 -0.000002
56  0.000031 0.000029 -0.000000  -1.571902 -0.044449 -0.106509
57  7.746025 -4.818353 -19.602560  1.570796 -0.000000 0.000000
58  -15.386185 4.000748 -22.642645  1.570796 -0.000000 0.000000
59  -1.437576 6.511418 -4.072549  1.570796 -0.000000 0.000000
60  -0.004311 0.001230 -0.000371  0.006898 -0.005534 -0.284228
61  0.858610 10.209643 -4.879772  1.570796 -0.000000 0.000000
62  0.000000 0.000000 0.000000  -0.078728 -3.136056 0.284225
63  0.031801 0.000000 -0.000718  1.570796 -0.000000 0.000000
64  -2.323335 -9.975027 -2.155348  1.571103 0.041360 0.006551
65  -0.000000 -1.379689 -0.604537  -0.000000 -0.000000 -0.000000
66  0.000001 -0.131223 7.571680  -0.000000 -0.000000 -0.000000
67  0.496507 -0.902652 1.140568  -0.000000 -0.000000 -0.000000
68  -0.138166 -0.291040 1.514191  -0.000000 -0.000000 -0.000000
69  0.000001 0.037258 2.309323  -0.000000 -0.000000 -0.000000
70  0.000002 0.222708 4.208475  -0.000000 -0.000000 -0.000000
71  -2.381047 -12.603758 -3.966042  1.571103 0.041360 0.006551
72  -0.138166 1.520396 -1.114661  -0.000000 -0.000000 -0.000000
73  0.138167 1.347512 -1.114661  -0.000000 -0.000000 -0.000000
time 1
0  0.031807 0.000000 -0.000718  -1.570800 -1.391899 -1.570792
1  -5.214644 -5.667337 -1.431596  -1.544956 -1.855077 -0.198630
2  6.027519 -0.000326 0.000201  -1.189849 -0.863438 -1.094362
3  11.692104 0.000483 -0.000740  -0.289411 -0.000029 -1.409940
4  11.479815 -0.000359 -0.000873  1.269202 -0.137177 0.022549
5  3.859503 -0.142876 -1.192066  -0.278914 0.146751 -1.531658
6  1.312590 0.000016 0.000004  0.020990 -0.208620 -1.058196
7  0.729355 0.000053 0.000048  0.038025 -0.012847 -0.600836
8  3.942141 0.046276 -0.431529  -0.430281 0.194513 -1.278328
9  1.539110 0.000082 0.000000  0.101612 -0.015757 -1.080734
10  1.196332 0.000144 0.000024  0.004545 0.002889 -1.119926
11  3.883507 -0.047266 0.431364  -0.386878 0.290355 -1.045195
12  1.719573 -0.000027 0.000009  0.014960 -0.090772 -1.310069
13  1.209179 0.000090 0.000008  -0.007669 -0.001999 -0.783817
14  3.859668 -0.138472 1.332392  -0.326270 0.295538 -0.918416
15  1.719449 -0.000012 0.000021  -0.063660 0.049778 -1.065779
16  1.099675 0.000048 0.000002  -0.009238 0.006114 -1.017424
17  0.826486 -0.775281 1.232638  -1.639716 -0.763126 -0.205219
18  1.789820 -0.000005 -0.000015  0.030687 -0.116430 0.456025
19  1.207014 -0.000013 -0.000042  -0.000972 -0.003650 -0.010400
20  5.740635 0.000365 -0.000698  -0.058716 0.000003 0.000060
21  11.480973 0.000067 -0.000827  -0.055847 -0.008295 -0.012654
22  6.027523 -0.000329 0.000206  1.952059 -0.611414 1.437540
23  0.000001 11.692096 -0.000006  -0.975828 -0.426954 -0.775504
24  0.000003 0.000007 0.000001  0.579684 -0.000031 1.570738
25  -0.000001 -0.000007 -0.000002  0.868967 -0.000009 1.570721
26  -6.617934 -9.178503 0.826812  1.473120 1.855074 -0.198639
27  6.027514 -0.000266 -0.000222  1.512961 0.819532 -0.737572
28  11.691998 0.000243 0.000860  0.155800 0.000060 -1.723157
29  11.480379 -0.000212 0.000869  -1.175542 0.514293 0.742897
30  3.859437 -0.132762 1.193065  0.469647 -0.013262 -1.872396
31  1.312559 0.000027 -0.000002  0.024060 -0.138695 -0.550187
32  0.729346 0.000065 -0.000028  -0.166197 -0.081570 -0.714272
33  3.942047 0.050135 0.431000  0.225311 -0.086239 -1.592715
34  1.539097 0.000007 -0.000005  0.035254 -0.050374 -0.994348
35  1.196300 0.000078 -0.000008  -0.021522 0.002174 -0.839739
36  3.883414 -0.050476 -0.431084  0.184827 -0.271742 -1.204033
37  1.719564 -0.000081 -0.000015  0.022857 -0.107188 -1.509106
38  1.209198 0.000035 0.000005  0.000661 0.071070 -0.480462
39  3.796633 -0.173278 -1.328529  -0.130202 -0.067556 -0.222975
40  1.719412 -0.000097 -0.000048  -0.001492 -0.031325 -1.284527
41  1.099673 0.000024 -0.000002  -0.031650 0.047491 -0.675416
42  0.805983 -0.359849 -1.318337  1.134762 0.249907 -0.841728
43  1.789780 -0.000008 -0.000030  0.000332 -0.014982 0.147148
44  1.206997 -0.000004 0.000014  0.000010 -0.117704 1.485327
45  5.740575 0.000118 0.000727  0.153865 -0.000013 0.000032
46  11.481023 0.000095 0.000928  0.044457 0.101879 0.113210
47  6.027517 -0.000278 -0.000232  -0.975567 -0.489435 -1.701603
48  -0.000003 11.691980 -0.000007  -1.160549 0.603918 0.887100
49  0.000004 -0.000002 0.000000  2.428325 -0.000036 1.570861
50  -0.000007 -0.000014 0.000004  2.272646 -0.000031 1.570865
51  -3.179118 -4.812433 -6.754665  -0.018060 -2.875083 1.379713
52  0.000000 -0.000000 -0.000000  0.008153 -0.000259 0.000009
53  -0.000000 0.000000 0.000001  1.565115 0.043565 -0.106862
54  0.277732 -10.610405 -7.488614  -0.117848 -0.541170 -1.998287
55  0.000001 -0.000000 -0.000000  0.000000 -0.000000 -0.000002
56  0.000031 0.000029 0.000000  -1.571901 -0.044449 -0.106509
57  8.305145 -4.571598 -19.187283  1.570796 -0.000000 0.000000
58  -14.912653 4.000671 -22.692425  1.570796 -0.000000 0.000000
59  -1.395487 6.504434 -4.124898  1.570796 -0.000000 0.000000
60  -0.004311 0.001230 -0.000371  0.006898 -0.005534 -0.284228
61  0.858610 10.209643 -4.879772  1.570796 -0.000000 0.000000
62  0.000000 0.000000 0.000000  -0.078728 -3.136056 0.284225
63  0.031801 0.000000 -0.000718  1.570712 0.000378 0.000496
64  -2.426474 -10.001588 -2.172723  1.549893 0.008223 0.014131
65  -0.000000 -1.379689 -0.604539  -0.000000 0.000000 -0.000000
66  0.000001 -0.131223 7.571677  -0.000000 0.000000 -0.000000
67  0.496507 -0.902652 1.140568  -0.000000 0.000000 -0.000000
68  -0.138166 -0.291040 1.514192  -0.000000 0.000000 -0.000000
69  0.000000 0.037258 2.309323  -0.000000 0.000000 -0.000000
70  0.000002 0.222708 4.208476  -0.000000 0.000000 -0.000000
71  -2.403239 -12.667667 -3.928755  1.549893 0.008223 0.014131
72  -0.138166 1.520397 -1.114660  -0.000000 0.000000 -0.000000
73  0.138168 1.347512 -1.114660  -0.000000 0.000000 -0.000000
time 2
0  0.031807 0.000000 -0.000718  -1.570800 -1.391899 -1.570792
1  -5.365938 -5.618617 -1.304925  -1.544956 -1.855077 -0.198630
2  6.027520 -0.000328 0.000201  -1.227071 -0.899691 -0.958605
3  11.692104 0.000483 -0.000739  -0.386144 -0.000025 -1.350179
4  11.480177 -0.000091 -0.000831  1.310936 0.075183 -0.177197
5  3.859504 -0.142875 -1.192065  -0.253069 0.227637 -1.393564
6  1.312590 0.000014 0.000003  0.091826 -0.235177 -1.343931
7  0.729355 0.000053 0.000047  0.048051 -0.014658 -0.556204
8  3.942142 0.046277 -0.431528  -0.393066 0.272065 -1.143892
9  1.539110 0.000081 -0.000000  0.107239 -0.010601 -1.332109
10  1.196332 0.000145 0.000023  0.006957 0.002892 -1.118955
11  3.883507 -0.047265 0.431365  -0.333659 0.358490 -0.837388
12  1.719572 -0.000026 0.000010  0.032742 -0.106976 -1.473741
13  1.209179 0.000091 0.000007  -0.005414 -0.002780 -0.971992
14  3.859669 -0.138471 1.332394  -0.227727 0.350095 -0.575478
15  1.719449 -0.000012 0.000021  -0.074520 0.044775 -1.283166
16  1.099674 0.000047 0.000002  -0.011241 0.006133 -1.067330
17  0.826486 -0.775281 1.232639  -1.646663 -0.667478 -0.228934
18  1.789820 -0.000006 -0.000017  0.045912 -0.071058 0.219235
19  1.207013 -0.000014 -0.000042  -0.005073 -0.004036 -0.141117
20  5.740635 0.000364 -0.000699  -0.019893 0.000003 0.000060
21  11.481048 0.000118 -0.000820  -0.046800 0.038679 -0.046873
22  6.027524 -0.000330 0.000206  1.949721 -0.568166 1.545866
23  0.000002 11.692099 -0.000006  -0.939861 -0.395398 -0.751294
24  0.000004 0.000007 -0.000000  0.482949 -0.000031 1.570738
25  -0.000001 -0.000007 -0.000002  0.868967 -0.000009 1.570721
26  -6.617934 -9.178503 0.826812  1.473120 1.855074 -0.198639
27  6.027515 -0.000265 -0.000222  1.486126 0.815357 -0.818757
28  11.691999 0.000242 0.000862  0.198343 0.000057 -1.682785
29  11.478982 -0.000916 0.001024  -1.212646 0.555446 0.612291
30  3.859438 -0.132762 1.193064  0.469647 -0.013262 -1.872396
31  1.312559 0.000027 -0.000001  0.024060 -0.138695 -0.550187
32  0.729346 0.000064 -0.000028  -0.166197 -0.081570 -0.714272
33  3.942048 0.050135 0.430998  0.225311 -0.086239 -1.592715
34  1.539097 0.000007 -0.000005  0.035254 -0.050374 -0.994348
35  1.196300 0.000077 -0.000008  -0.021522 0.002174 -0.839739
36  3.883414 -0.050477 -0.431086  0.184827 -0.271742 -1.204033
37  1.719564 -0.000081 -0.000014  0.022857 -0.107188 -1.509106
38  1.209198 0.000035 0.000005  0.000661 0.071070 -0.480462
39  3.661917 -0.225048 -1.322556  -0.188421 -0.006653 0.037341
40  1.719412 -0.000096 -0.000048  0.010713 -0.103848 -0.929249
41  1.099675 0.000026 -0.000001  -0.002863 0.011637 -0.975350
42  0.805983 -0.359849 -1.318339  1.134762 0.249907 -0.841728
43  1.789780 -0.000007 -0.000030  0.000332 -0.014982 0.147148
44  1.206996 -0.000004 0.000014  0.000010 -0.117703 1.485327
45  5.740576 0.000118 0.000727  0.138861 -0.000013 0.000032
46  11.480745 -0.000046 0.000959  0.039946 0.104829 0.088348
47  6.027517 -0.000278 -0.000232  -0.983812 -0.506812 -1.759275
48  -0.000001 11.691980 -0.000009  -1.136896 0.580142 0.874234
49  0.000004 -0.000002 -0.000000  2.470868 -0.000036 1.570861
50  -0.000006 -0.000015 0.000004  2.272646 -0.000031 1.570865
51  -3.131197 -5.150587 -7.126825  0.084003 -2.838824 1.372676
52  -0.000000 0.000000 -0.000000  0.008153 -0.000259 0.000009
53  0.000000 -0.000000 -0.000001  1.565115 0.043565 -0.106862
54  0.994524 -11.197195 -7.820965  0.098431 -0.603622 -2.315114
55  -0.000001 -0.000000 0.000000  0.000000 -0.000000 -0.000002
56  0.000030 0.000028 0.000001  -1.571901 -0.044449 -0.106509
57  10.010247 -3.791992 -17.947987  1.570796 -0.000000 0.000000
58  -13.508341 4.000034 -22.842388  1.570796 -0.000000 0.000000
59  -1.268815 6.483412 -4.282447  1.570796 -0.000000 0.000000
60  -0.004311 0.001230 -0.000371  0.006898 -0.005534 -0.284228
61  0.858610 10.209643 -4.879772  1.570796 -0.000000 0.000000
62  0.000000 0.000000 0.000000  -0.078728 -3.136056 0.284225
63  0.031801 0.000000 -0.000718  1.570424 0.001322 0.001737
64  -2.692463 -10.067991 -2.216159  1.493094 -0.079459 0.037806
65  -0.000000 -1.379689 -0.604539  -0.000000 0.000000 0.000000
66  0.000001 -0.131223 7.571678  -0.000000 0.000000 0.000000
67  0.496507 -0.902652 1.140567  -0.000000 0.000000 0.000000
68  -0.138166 -0.291040 1.514190  -0.000000 0.000000 0.000000
69  0.000000 0.037258 2.309322  -0.000000 0.000000 0.000000
70  0.000002 0.222708 4.208475  -0.000000 0.000000 0.000000
71  -2.461022 -12.822743 -3.813014  1.493094 -0.079459 0.037806
72  -0.138166 1.520396 -1.114661  -0.000000 0.000000 0.000000
73  0.138167 1.347512 -1.114662  -0.000000 0.000000 0.000000
time 3
0  0.031807 0.000000 -0.000718  -1.570800 -1.391899 -1.570792
1  -5.611933 -5.539398 -1.098964  -1.544956 -1.855077 -0.198630
2  6.027519 -0.000328 0.000201  -1.269697 -0.991286 -0.743891
3  11.692104 0.000482 -0.000739  -0.521967 -0.000023 -1.301147
4  11.480515 0.000185 -0.000740  1.398314 0.106302 -0.214663
5  3.859504 -0.142875 -1.192065  -0.253069 0.227637 -1.393564
6  1.312590 0.000014 0.000005  0.091826 -0.235177 -1.343931
7  0.729354 0.000053 0.000048  0.048051 -0.014658 -0.556205
8  3.942142 0.046277 -0.431528  -0.393066 0.272065 -1.143892
9  1.539110 0.000081 0.000000  0.107239 -0.010601 -1.332109
10  1.196332 0.000145 0.000024  0.006957 0.002892 -1.118955
11  3.883506 -0.047266 0.431366  -0.333659 0.358490 -0.837388
12  1.719573 -0.000025 0.000011  0.032742 -0.106976 -1.473741
13  1.209179 0.000091 0.000008  -0.005414 -0.002780 -0.971992
14  3.859668 -0.138472 1.332395  -0.227727 0.350095 -0.575478
15  1.719449 -0.000011 0.000021  -0.074520 0.044775 -1.283166
16  1.099675 0.000047 0.000002  -0.011241 0.006133 -1.067330
17  0.826485 -0.775282 1.232641  -1.622202 -0.579443 -0.247757
18  1.789820 -0.000006 -0.000016  0.048827 -0.027591 0.123280
19  1.207013 -0.000015 -0.000043  -0.009190 -0.004793 -0.234679
20  5.740636 0.000363 -0.000698  -0.000736 0.000003 0.000060
21  11.481113 0.000172 -0.000802  -0.028366 0.044799 -0.053325
22  6.027523 -0.000330 0.000207  1.909253 -0.479944 1.746254
23  0.000002 11.692098 -0.000007  -0.910081 -0.370121 -0.730760
24  0.000002 0.000007 -0.000001  0.347124 -0.000031 1.570738
25  -0.000001 -0.000007 -0.000001  0.868967 -0.000009 1.570721
26  -6.617934 -9.178503 0.826812  1.473120 1.855074 -0.198639
27  6.027517 -0.000265 -0.000222  1.452191 0.814706 -0.947693
28  11.691998 0.000242 0.000861  0.263327 0.000053 -1.622772
29  11.479375 -0.000654 0.001029  -1.296677 0.583858 0.416678
30  3.859439 -0.132762 1.193064  0.469647 -0.013262 -1.872396
31  1.312559 0.000026 -0.000001  0.024060 -0.138695 -0.550187
32  0.729345 0.000066 -0.000027  -0.166197 -0.081570 -0.714272
33  3.942048 0.050135 0.430998  0.225311 -0.086239 -1.592715
34  1.539097 0.000006 -0.000004  0.035254 -0.050374 -0.994348
35  1.196299 0.000078 -0.000008  -0.021522 0.002174 -0.839739
36  3.883415 -0.050477 -0.431085  0.184827 -0.271742 -1.204033
37  1.719563 -0.000080 -0.000015  0.022857 -0.107188 -1.509106
38  1.209197 0.000035 0.000005  0.000661 0.071070 -0.480462
39  3.598962 -0.249240 -1.319764  -0.209617 0.026206 0.156676
40  1.719413 -0.000096 -0.000048  -0.001310 -0.138703 -0.656604
41  1.099674 0.000025 -0.000001  0.013777 -0.001683 -1.114288
42  0.805983 -0.359849 -1.318338  1.134762 0.249907 -0.841728
43  1.789779 -0.000008 -0.000030  0.000332 -0.014982 0.147148
44  1.206997 -0.000004 0.000013  0.000010 -0.117704 1.485327
45  5.740574 0.000120 0.000727  0.116465 -0.000013 0.000032
46  11.480822 0.000007 0.000960  0.030904 0.103429 0.054606
47  6.027517 -0.000278 -0.000232  -0.999334 -0.525782 -1.855850
48  -0.000003 11.691981 -0.000008  -1.101722 0.545282 0.854251
49  0.000003 -0.000002 -0.000000  2.535853 -0.000036 1.570861
50  -0.000006 -0.000015 0.000005  2.272646 -0.000031 1.570865
51  -2.989985 -5.627970 -7.563733  0.232098 -2.791082 1.356162
52  0.000000 -0.000000 -0.000001  0.008153 -0.000259 0.000009
53  0.000000 0.000000 0.000000  1.565115 0.043565 -0.106862
54  1.381239 -11.683392 -7.360602  0.277953 -0.550595 -2.442133
55  0.000001 -0.000001 0.000000  0.000000 -0.000000 -0.000002
56  0.000031 0.000028 0.000001  -1.571902 -0.044449 -0.106509
57  12.664938 -2.510605 -16.086220  1.570796 -0.000000 0.000000
58  -11.360088 3.998025 -23.077682  1.570796 -0.000000 0.000000
59  -1.062855 6.449232 -4.538613  1.570796 -0.000000 0.000000
60  -0.004311 0.001230 -0.000371  0.006898 -0.005534 -0.284228
61  0.858610 10.209643 -4.879772  1.570796 -0.000000 0.000000
62  0.000000 0.000000 0.000000  -0.078728 -3.136056 0.284225
63  0.031801 0.000000 -0.000718  1.569883 0.002551 0.003350
64  -3.056163 -10.154316 -2.272627  1.409518 -0.202369 0.080670
65  -0.000000 -1.379689 -0.604538  -0.000000 -0.000000 0.000000
66  0.000001 -0.131223 7.571677  -0.000000 -0.000000 0.000000
67  0.496507 -0.902652 1.140567  -0.000000 -0.000000 0.000000
68  -0.138166 -0.291040 1.514193  -0.000000 -0.000000 0.000000
69  0.000000 0.037259 2.309323  -0.000000 -0.000000 0.000000
70  0.000002 0.222708 4.208476  -0.000000 -0.000000 0.000000
71  -2.550016 -13.008430 -3.610544  1.409518 -0.202369 0.080670
72  -0.138166 1.520396 -1.114659  -0.000000 -0.000000 0.000000
73  0.138167 1.347511 -1.114660  -0.000000 -0.000000 0.000000
time 4
0  0.031807 0.000000 -0.000718  -1.570800 -1.391899 -1.570792
1  -5.933683 -5.435785 -0.829578  -1.544956 -1.855077 -0.198630
2  6.027518 -0.000330 0.000201  -1.383569 -1.079692 -0.442448
3  11.692104 0.000484 -0.000739  -0.653044 -0.000022 -1.268713
4  11.480762 0.000390 -0.000629  1.495100 0.084942 -0.222895
5  3.859504 -0.142876 -1.192065  -0.253069 0.227637 -1.393564
6  1.312589 0.000015 0.000003  0.091826 -0.235177 -1.343931
7  0.729354 0.000053 0.000048  0.048051 -0.014658 -0.556205
8  3.942142 0.046276 -0.431528  -0.393066 0.272065 -1.143892
9  1.539110 0.000083 -0.000001  0.107239 -0.010601 -1.332109
10  1.196331 0.000145 0.000023  0.006957 0.002892 -1.118955
11  3.883508 -0.047265 0.431365  -0.333659 0.358490 -0.837388
12  1.719573 -0.000025 0.000011  0.032742 -0.106976 -1.473741
13  1.209179 0.000090 0.000007  -0.005414 -0.002780 -0.971992
14  3.859669 -0.138472 1.332394  -0.227727 0.350095 -0.575478
15  1.719449 -0.000013 0.000020  -0.074520 0.044775 -1.283166
16  1.099675 0.000048 0.000002  -0.011241 0.006133 -1.067330
17  0.826486 -0.775281 1.232640  -1.622202 -0.579443 -0.247757
18  1.789820 -0.000005 -0.000016  0.048827 -0.027591 0.123280
19  1.207013 -0.000013 -0.000043  -0.009190 -0.004793 -0.234679
20  5.740635 0.000365 -0.000698  0.013221 0.000003 0.000060
21  11.481165 0.000213 -0.000780  -0.009060 0.039525 -0.054806
22  6.027523 -0.000329 0.000207  1.895849 -0.374979 1.955196
23  0.000000 11.692097 -0.000005  -0.890237 -0.353717 -0.716847
24  0.000003 0.000005 0.000001  0.216046 -0.000031 1.570738
25  -0.000002 -0.000007 -0.000002  0.868967 -0.000009 1.570721
26  -6.617934 -9.178503 0.826812  1.473120 1.855074 -0.198639
27  6.027518 -0.000264 -0.000223  1.420021 0.819739 -1.102490
28  11.691998 0.000243 0.000861  0.337122 0.000048 -1.554064
29  11.479864 -0.000314 0.000985  -1.401720 0.568949 0.206276
30  3.859439 -0.132762 1.193065  0.469647 -0.013262 -1.872396
31  1.312559 0.000027 -0.000003  0.024060 -0.138695 -0.550187
32  0.729345 0.000064 -0.000027  -0.166197 -0.081570 -0.714272
33  3.942048 0.050135 0.430999  0.225311 -0.086239 -1.592715
34  1.539097 0.000008 -0.000005  0.035254 -0.050374 -0.994348
35  1.196300 0.000076 -0.000008  -0.021522 0.002174 -0.839739
36  3.883415 -0.050476 -0.431085  0.184827 -0.271742 -1.204033
37  1.719564 -0.000082 -0.000014  0.022857 -0.107188 -1.509106
38  1.209198 0.000035 0.000004  0.000661 0.071070 -0.480462
39  3.635003 -0.235390 -1.321362  -0.198651 0.030892 0.109137
40  1.719414 -0.000095 -0.000049  -0.015760 -0.121209 -0.497986
41  1.099674 0.000024 -0.000001  0.011255 -0.003400 -0.938500
42  0.805983 -0.359849 -1.318338  1.134762 0.249907 -0.841728
43  1.789782 -0.000009 -0.000030  0.000332 -0.014982 0.147148
44  1.206997 -0.000003 0.000014  0.000010 -0.117704 1.485327
45  5.740576 0.000118 0.000726  0.092720 -0.000013 0.000032
46  11.480922 0.000074 0.000950  0.020318 0.095186 0.020443
47  6.027517 -0.000278 -0.000232  -1.019938 -0.539741 -1.976721
48  -0.000001 11.691980 -0.000008  -1.061338 0.506131 0.830153
49  0.000003 -0.000001 0.000000  2.609650 -0.000036 1.570861
50  -0.000006 -0.000014 0.000004  2.272646 -0.000031 1.570865
51  -2.748362 -6.145744 -7.916948  0.404048 -2.744297 1.329096
52  -0.000000 -0.000001 -0.000000  0.008153 -0.000259 0.000009
53  0.000000 0.000000 0.000000  1.565115 0.043565 -0.106862
54  1.726050 -12.006161 -6.606542  0.454461 -0.483530 -2.502024
55  0.000000 0.000001 0.000001  0.000000 -0.000000 -0.000002
56  0.000030 0.000029 0.000001  -1.571902 -0.044449 -0.106509
57  15.714252 -0.917678 -14.068937  1.570796 -0.000000 0.000000
58  -8.906893 3.993757 -23.357641  1.570796 -0.000000 0.000000
59  -0.793468 6.404526 -4.873665  1.570796 -0.000000 0.000000
60  -0.004311 0.001230 -0.000371  0.006898 -0.005534 -0.284228
61  0.858610 10.209643 -4.879772  1.570796 -0.000000 0.000000
62  0.000000 0.000000 0.000000  -0.078728 -3.136056 0.284225
63  0.031801 0.000000 -0.000718  1.569035 0.003781 0.004961
64  -3.452434 -10.240641 -2.329095  1.308520 -0.337794 0.143591
65  0.000000 -1.379688 -0.604538  0.000000 0.000000 0.000000
66  0.000001 -0.131222 7.571678  0.000000 0.000000 0.000000
67  0.496507 -0.902652 1.140569  0.000000 0.000000 0.000000
68  -0.138166 -0.291039 1.514192  0.000000 0.000000 0.000000
69  0.000001 0.037259 2.309323  0.000000 0.000000 0.000000
70  0.000002 0.222709 4.208475  0.000000 0.000000 0.000000
71  -2.671645 -13.167656 -3.336627  1.308520 -0.337794 0.143591
72  -0.138166 1.520397 -1.114663  0.000000 0.000000 0.000000
73  0.138167 1.347512 -1.114662  0.000000 0.000000 0.000000
time 5
0  0.031807 0.000000 -0.000718  -1.570800 -1.391899 -1.570792
1  -6.298174 -5.318408 -0.524406  -1.544956 -1.855077 -0.198630
2  6.027519 -0.000330 0.000199  -1.566588 -1.137855 -0.111762
3  11.692107 0.000482 -0.000739  -0.740982 -0.000021 -1.247321
4  11.479743 0.000083 -0.000923  1.563719 0.068903 -0.206557
5  3.859504 -0.142876 -1.192065  -0.253069 0.227637 -1.393564
6  1.312590 0.000014 0.000006  0.091827 -0.235176 -1.343931
7  0.729355 0.000053 0.000047  0.048051 -0.014658 -0.556204
8  3.942142 0.046276 -0.431529  -0.393066 0.272065 -1.143892
9  1.539111 0.000083 -0.000001  0.107239 -0.010600 -1.332109
10  1.196333 0.000145 0.000025  0.006957 0.002892 -1.118955
11  3.883507 -0.047266 0.431365  -0.333659 0.358490 -0.837388
12  1.719573 -0.000026 0.000010  0.032742 -0.106976 -1.473741
13  1.209177 0.000091 0.000008  -0.005414 -0.002780 -0.971992
14  3.859668 -0.138472 1.332394  -0.227727 0.350095 -0.575478
15  1.719448 -0.000010 0.000021  -0.074520 0.044775 -1.283166
16  1.099675 0.000049 0.000003  -0.011241 0.006133 -1.067330
17  0.826486 -0.775281 1.232640  -1.609937 -0.611384 -0.273039
18  1.789820 -0.000005 -0.000017  0.045793 -0.033841 0.231039
19  1.207014 -0.000014 -0.000042  -0.009105 -0.003999 -0.148367
20  5.740635 0.000364 -0.000698  0.022212 0.000003 0.000060
21  11.480960 0.000151 -0.000838  0.004276 0.035463 -0.051205
22  6.027523 -0.000329 0.000206  1.908979 -0.275760 2.117690
23  0.000003 11.692098 -0.000007  -0.877081 -0.343042 -0.707527
24  0.000002 0.000006 0.000001  0.128107 -0.000031 1.570738
25  0.000000 -0.000008 -0.000002  0.868967 -0.000009 1.570721
26  -6.617934 -9.178503 0.826812  1.473120 1.855074 -0.198639
27  6.027521 -0.000265 -0.000222  1.393734 0.828683 -1.246167
28  11.691998 0.000242 0.000862  0.402105 0.000044 -1.493092
29  11.480337 0.000014 0.000891  -1.474433 0.522302 0.044631
30  3.859439 -0.132762 1.193064  0.469647 -0.013262 -1.872396
31  1.312560 0.000026 -0.000002  0.024060 -0.138695 -0.550187
32  0.729345 0.000066 -0.000028  -0.166197 -0.081570 -0.714272
33  3.942047 0.050135 0.431000  0.225311 -0.086239 -1.592715
34  1.539098 0.000007 -0.000004  0.035254 -0.050374 -0.994348
35  1.196299 0.000078 -0.000007  -0.021522 0.002174 -0.839739
36  3.883414 -0.050476 -0.431085  0.184827 -0.271742 -1.204033
37  1.719565 -0.000080 -0.000014  0.022857 -0.107188 -1.509106
38  1.209196 0.000036 0.000005  0.000661 0.071070 -0.480462
39  3.729275 -0.199163 -1.325543  -0.171003 0.045631 -0.015571
40  1.719414 -0.000096 -0.000050  -0.025593 -0.074288 -0.376358
41  1.099673 0.000025 -0.000000  0.003105 -0.005609 -0.447587
42  0.805983 -0.359848 -1.318338  1.134762 0.249907 -0.841728
43  1.789780 -0.000008 -0.000030  0.000332 -0.014982 0.147148
44  1.206997 -0.000004 0.000014  0.000010 -0.117704 1.485327
45  5.740576 0.000118 0.000726  0.076460 -0.000013 0.000032
46  11.481017 0.000140 0.000932  0.013388 0.083744 -0.006394
47  6.027517 -0.000278 -0.000232  -1.041476 -0.547418 -2.089962
48  -0.000002 11.691980 -0.000008  -1.025315 0.472119 0.807711
49  0.000003 -0.000001 0.000000  2.674634 -0.000036 1.570861
50  -0.000006 -0.000015 0.000005  2.272646 -0.000031 1.570865
51  -2.458641 -6.583987 -8.098268  0.571911 -2.710159 1.297087
52  0.000000 0.000000 -0.000000  0.008153 -0.000259 0.000009
53  0.000000 0.000001 0.000000  1.565115 0.043565 -0.106862
54  1.963546 -12.153399 -5.751371  0.609995 -0.411923 -2.533794
55  -0.000000 -0.000001 -0.000001  0.000000 -0.000000 -0.000002
56  0.000030 0.000028 0.000000  -1.571902 -0.044449 -0.106509
57  18.504023 0.718232 -12.402182  1.570796 -0.000000 0.000000
58  -6.716461 3.986671 -23.626287  1.570796 -0.000000 0.000000
59  -0.488297 6.353882 -5.253226  1.570796 -0.000000 0.000000
60  -0.004311 0.001230 -0.000371  0.006898 -0.005534 -0.284228
61  0.858610 10.209643 -4.879772  1.570796 -0.000000 0.000000
62  0.000000 0.000000 0.000000  -0.078728 -3.136056 0.284225
63  0.031801 0.000000 -0.000718  1.567827 0.004730 0.006198
64  -3.816134 -10.307044 -2.372532  1.204142 -0.462458 0.220078
65  -0.000000 -1.379688 -0.604538  0.000000 0.000000 -0.000000
66  0.000001 -0.131223 7.571677  0.000000 0.000000 -0.000000
67  0.496507 -0.902652 1.140567  0.000000 0.000000 -0.000000
68  -0.138166 -0.291040 1.514189  0.000000 0.000000 -0.000000
69  0.000000 0.037259 2.309322  0.000000 0.000000 -0.000000
70  0.000002 0.222708 4.208474  0.000000 0.000000 -0.000000
71  -2.812687 -13.262785 -3.042501  1.204142 -0.462458 0.220078
72  -0.138166 1.520397 -1.114660  0.000000 0.000000 -0.000000
73  0.138167 1.347512 -1.114662  0.000000 0.000000 -0.000000
time 6
0  0.031807 0.000000 -0.000718  -1.570800 -1.391899 -1.570792
1  -6.662664 -5.201031 -0.219235  -1.544956 -1.855077 -0.198630
2  6.027520 -0.000332 0.000200  -1.759842 -1.161043 0.173536
3  11.692103 0.000482 -0.000740  -0.770537 -0.000018 -1.236712
4  11.480040 0.000226 -0.000809  1.584990 0.063949 -0.167723
5  3.859504 -0.142876 -1.192066  -0.253069 0.227637 -1.393564
6  1.312590 0.000014 0.000005  0.091826 -0.235177 -1.343931
7  0.729356 0.000053 0.000048  0.048051 -0.014658 -0.556205
8  3.942142 0.046276 -0.431528  -0.393066 0.272065 -1.143892
9  1.539111 0.000082 -0.000001  0.107239 -0.010601 -1.332109
10  1.196333 0.000145 0.000025  0.006957 0.002892 -1.118955
11  3.883507 -0.047266 0.431365  -0.333659 0.358490 -0.837388
12  1.719573 -0.000025 0.000010  0.032742 -0.106976 -1.473741
13  1.209176 0.000091 0.000006  -0.005414 -0.002780 -0.971992
14  3.859669 -0.138472 1.332393  -0.227727 0.350095 -0.575479
15  1.719448 -0.000012 0.000021  -0.074520 0.044775 -1.283165
16  1.099674 0.000050 0.000003  -0.011241 0.006133 -1.067330
17  0.826485 -0.775282 1.232639  -1.609937 -0.611385 -0.273039
18  1.789820 -0.000004 -0.000015  0.045793 -0.033841 0.231039
19  1.207013 -0.000014 -0.000042  -0.009105 -0.003999 -0.148367
20  5.740636 0.000365 -0.000699  0.023095 0.000003 0.000060
21  11.481020 0.000180 -0.000816  0.007954 0.034259 -0.043316
22  6.027524 -0.000330 0.000206  1.932606 -0.196786 2.220997
23  0.000002 11.692097 -0.000006  -0.870538 -0.337790 -0.702861
24  0.000002 0.000007 -0.000000  0.098553 -0.000031 1.570738
25  -0.000001 -0.000007 -0.000001  0.868967 -0.000008 1.570721
26  -6.617934 -9.178503 0.826812  1.473120 1.855074 -0.198639
27  6.027521 -0.000266 -0.000222  1.371809 0.837500 -1.346783
28  11.691997 0.000243 0.000862  0.444648 0.000041 -1.455066
29  11.480654 0.000231 0.000804  -1.490914 0.485713 -0.042709
30  3.859437 -0.132762 1.193064  0.469647 -0.013262 -1.872396
31  1.312559 0.000027 -0.000002  0.024060 -0.138695 -0.550187
32  0.729345 0.000065 -0.000027  -0.166197 -0.081570 -0.714272
33  3.942047 0.050135 0.430998  0.225311 -0.086239 -1.592715
34  1.539097 0.000007 -0.000005  0.035254 -0.050374 -0.994348
35  1.196300 0.000077 -0.000009  -0.021522 0.002174 -0.839739
36  3.883413 -0.050476 -0.431086  0.184827 -0.271742 -1.204033
37  1.719564 -0.000081 -0.000014  0.022857 -0.107188 -1.509106
38  1.209196 0.000035 0.000005  0.000661 0.071070 -0.480462
39  3.823548 -0.162936 -1.329725  -0.145380 0.063690 -0.139950
40  1.719412 -0.000096 -0.000049  -0.028292 -0.027699 -0.311027
41  1.099673 0.000023 -0.000001  -0.005125 -0.003714 0.043329
42  0.805983 -0.359849 -1.318339  1.134762 0.249907 -0.841728
43  1.789780 -0.000007 -0.000030  0.000332 -0.014982 0.147148
44  1.206997 -0.000004 0.000014  0.000010 -0.117704 1.485327
45  5.740574 0.000118 0.000727  0.073035 -0.000013 0.000032
46  11.481078 0.000183 0.000915  0.013367 0.075915 -0.022411
47  6.027517 -0.000278 -0.000232  -1.060776 -0.552360 -2.164267
48  -0.000001 11.691980 -0.000008  -1.002730 0.451278 0.793222
49  0.000002 -0.000002 -0.000000  2.717178 -0.000036 1.570861
50  -0.000006 -0.000014 0.000005  2.272646 -0.000031 1.570865
51  -2.183028 -6.841798 -8.107312  0.708800 -2.695163 1.270714
52  -0.000001 0.000001 -0.000000  0.008153 -0.000259 0.000009
53  -0.000001 -0.000000 -0.000001  1.565115 0.043565 -0.106862
54  2.098929 -12.137312 -4.992124  0.723713 -0.345454 -2.544021
55  0.000000 -0.000000 0.000000  0.000000 -0.000000 -0.000002
56  0.000031 0.000029 0.000002  -1.571901 -0.044449 -0.106509
57  20.625908 2.198730 -11.371035  1.570796 -0.000000 0.000000
58  -5.235323 3.976785 -23.836992  1.570796 -0.000000 0.000000
59  -0.183125 6.303237 -5.632786  1.570796 -0.000000 0.000000
60  -0.004311 0.001230 -0.000371  0.006898 -0.005534 -0.284228
61  0.858610 10.209643 -4.879772  1.570796 -0.000000 0.000000
62  0.000000 0.000000 0.000000  -0.078728 -3.136056 0.284225
63  0.031801 0.000000 -0.000718  1.566203 0.005114 0.006690
64  -4.082124 -10.333605 -2.389907  1.115876 -0.560750 0.295241
65  -0.000000 -1.379689 -0.604537  0.000000 -0.000000 -0.000000
66  0.000001 -0.131223 7.571678  0.000000 -0.000000 -0.000000
67  0.496507 -0.902652 1.140567  0.000000 -0.000000 -0.000000
68  -0.138166 -0.291040 1.514191  0.000000 -0.000000 -0.000000
69  0.000000 0.037259 2.309323  0.000000 -0.000000 -0.000000
70  0.000002 0.222709 4.208475  0.000000 -0.000000 -0.000000
71  -2.923193 -13.281350 -2.789719  1.115876 -0.560750 0.295241
72  -0.138165 1.520397 -1.114660  0.000000 -0.000000 -0.000000
73  0.138168 1.347513 -1.114661  0.000000 -0.000000 -0.000000
time 7
0  0.031807 0.000000 -0.000718  -1.570800 -1.391899 -1.570792
1  -6.984414 -5.097419 0.050152  -1.544956 -1.855077 -0.198630
2  6.027521 -0.000331 0.000200  -1.912945 -1.154049 0.390336
3  11.692106 0.000482 -0.000740  -0.768258 -0.000020 -1.244725
4  11.479849 0.000150 -0.000883  1.557192 0.053146 -0.123167
5  3.859503 -0.142876 -1.192066  -0.253069 0.227637 -1.393564
6  1.312590 0.000014 0.000004  0.091826 -0.235177 -1.343931
7  0.729354 0.000053 0.000047  0.048051 -0.014658 -0.556205
8  3.942141 0.046276 -0.431529  -0.393066 0.272065 -1.143892
9  1.539111 0.000081 -0.000001  0.107240 -0.010601 -1.332109
10  1.196333 0.000145 0.000024  0.006957 0.002892 -1.118955
11  3.883506 -0.047266 0.431365  -0.333659 0.358490 -0.837388
12  1.719573 -0.000025 0.000010  0.032742 -0.106976 -1.473741
13  1.209178 0.000092 0.000007  -0.005414 -0.002780 -0.971992
14  3.859668 -0.138472 1.332393  -0.227727 0.350095 -0.575478
15  1.719448 -0.000012 0.000021  -0.074520 0.044775 -1.283166
16  1.099675 0.000048 0.000002  -0.011241 0.006133 -1.067330
17  0.826485 -0.775282 1.232639  -1.609937 -0.611384 -0.273039
18  1.789820 -0.000007 -0.000016  0.045793 -0.033841 0.231039
19  1.207013 -0.000015 -0.000044  -0.009105 -0.003999 -0.148367
20  5.740633 0.000364 -0.000698  0.014050 0.000003 0.000060
21  11.480980 0.000166 -0.000830  0.001722 0.032246 -0.034678
22  6.027523 -0.000328 0.000206  1.963607 -0.143032 2.292292
23  0.000001 11.692098 -0.000007  -0.875481 -0.341754 -0.706387
24  0.000004 0.000007 -0.000000  0.100832 -0.000031 1.570738
25  -0.000002 -0.000006 -0.000002  0.868967 -0.000009 1.570721
26  -6.617934 -9.178503 0.826812  1.473120 1.855074 -0.198639
27  6.027522 -0.000266 -0.000222  1.351347 0.841236 -1.391308
28  11.691997 0.000243 0.000861  0.459001 0.000041 -1.451535
29  11.480682 0.000259 0.000792  -1.459328 0.489079 -0.057416
30  3.859438 -0.132762 1.193065  0.469647 -0.013262 -1.872396
31  1.312560 0.000025 -0.000003  0.024060 -0.138695 -0.550187
32  0.729345 0.000066 -0.000028  -0.166197 -0.081570 -0.714272
33  3.942047 0.050135 0.430999  0.225311 -0.086239 -1.592715
34  1.539096 0.000008 -0.000005  0.035254 -0.050374 -0.994348
35  1.196301 0.000076 -0.000008  -0.021522 0.002174 -0.839739
36  3.883414 -0.050476 -0.431084  0.184827 -0.271742 -1.204033
37  1.719564 -0.000081 -0.000014  0.022857 -0.107188 -1.509106
38  1.209197 0.000034 0.000005  0.000661 0.071070 -0.480462
39  3.859589 -0.149086 -1.331321  -0.136242 0.071376 -0.187198
40  1.719413 -0.000095 -0.000049  -0.028395 -0.010016 -0.293945
41  1.099675 0.000024 -0.000001  -0.007710 -0.002094 0.219117
42  0.805983 -0.359849 -1.318338  1.134762 0.249907 -0.841728
43  1.789780 -0.000008 -0.000030  0.000332 -0.014982 0.147148
44  1.206997 -0.000005 0.000014  0.000010 -0.117703 1.485327
45  5.740573 0.000118 0.000726  0.082029 -0.000013 0.000032
46  11.481082 0.000189 0.000912  0.019830 0.076541 -0.026944
47  6.027517 -0.000278 -0.000232  -1.075090 -0.559635 -2.186008
48  0.000000 11.691980 -0.000007  -1.000627 0.449357 0.791857
49  0.000003 -0.000002 -0.000001  2.731531 -0.000036 1.570861
50  -0.000005 -0.000015 0.000005  2.272646 -0.000031 1.570865
51  -1.947038 -6.840486 -7.984176  -2.346718 -0.440446 -1.881394
52  0.000000 -0.000000 0.000000  0.008153 -0.000259 0.000009
53  0.000000 -0.000000 0.000000  1.565115 0.043565 -0.106862
54  2.220229 -11.965593 -4.455839  0.784298 -0.292804 -2.536607
55  0.000000 0.000000 0.000002  0.000000 -0.000000 -0.000002
56  0.000030 0.000029 0.000003  -1.571902 -0.044449 -0.106509
57  22.467260 3.694757 -10.784976  1.570796 -0.000000 0.000000
58  -4.660651 3.964532 -23.966740  1.570796 -0.000000 0.000000
59  0.086262 6.258532 -5.967838  1.570796 -0.000000 0.000000
60  -0.004311 0.001230 -0.000371  0.006898 -0.005534 -0.284228
61  0.858610 10.209643 -4.879772  1.570796 -0.000000 0.000000
62  0.000000 0.000000 0.000000  -0.078728 -3.136056 0.284225
63  0.031801 0.000000 -0.000718  1.564187 0.001673 0.006380
64  -4.185263 -10.286752 -2.362647  1.066638 -0.627208 0.349251
65  0.000000 -1.379689 -0.604539  0.000000 -0.000000 -0.000000
66  0.000001 -0.131224 7.571677  0.000000 -0.000000 -0.000000
67  0.389261 -0.902653 1.140567  0.000000 -0.000000 -0.000000
68  -0.138166 -0.291040 1.514192  0.000000 -0.000000 -0.000000
69  0.000001 0.037258 2.309323  0.000000 -0.000000 -0.000000
70  0.000002 0.222708 4.208475  0.000000 -0.000000 -0.000000
71  -2.923836 -13.208301 -2.618614  1.066638 -0.627208 0.349251
72  -0.138166 1.520396 -1.114661  0.000000 -0.000000 -0.000000
73  0.138167 1.347512 -1.114662  0.000000 -0.000000 -0.000000
time 8
0  0.031807 0.000000 -0.000718  -1.570800 -1.391899 -1.570792
1  -7.230409 -5.018201 0.256112  -1.544956 -1.855077 -0.198630
2  6.027521 -0.000333 0.000200  -1.996532 -1.133793 0.526118
3  11.692105 0.000483 -0.000741  -0.748118 -0.000021 -1.265049
4  11.480790 0.000462 -0.000581  1.482412 0.025055 -0.095007
5  3.859504 -0.142876 -1.192065  -0.253069 0.227637 -1.393564
6  1.312591 0.000013 0.000004  0.091826 -0.235177 -1.343931
7  0.729353 0.000053 0.000048  0.048051 -0.014658 -0.556205
8  3.942141 0.046276 -0.431528  -0.393066 0.272065 -1.143892
9  1.539110 0.000082 -0.000000  0.107239 -0.010600 -1.332109
10  1.196332 0.000144 0.000025  0.006957 0.002892 -1.118955
11  3.883507 -0.047265 0.431365  -0.333659 0.358490 -0.837388
12  1.719573 -0.000025 0.000009  0.032742 -0.106976 -1.473741
13  1.209180 0.000090 0.000007  -0.005414 -0.002780 -0.971992
14  3.859668 -0.138472 1.332394  -0.227727 0.350095 -0.575478
15  1.719448 -0.000010 0.000021  -0.074520 0.044775 -1.283166
16  1.099675 0.000048 0.000002  -0.011241 0.006133 -1.067330
17  0.826485 -0.775282 1.232640  -1.609937 -0.611384 -0.273039
18  1.789820 -0.000005 -0.000015  0.045793 -0.033841 0.231039
19  1.207013 -0.000013 -0.000042  -0.009105 -0.003999 -0.148367
20  5.740635 0.000365 -0.000699  -0.004184 0.000003 0.000060
21  11.481170 0.000229 -0.000770  -0.013675 0.026716 -0.029921
22  6.027524 -0.000330 0.000206  1.993174 -0.115698 2.348161
23  0.000000 11.692098 -0.000009  -0.887988 -0.351881 -0.715258
24  0.000003 0.000006 -0.000000  0.120972 -0.000031 1.570738
25  -0.000002 -0.000007 -0.000002  0.868967 -0.000008 1.570721
26  -6.617934 -9.178503 0.826812  1.473120 1.855074 -0.198639
27  6.027522 -0.000265 -0.000223  1.341050 0.836846 -1.401523
28  11.691998 0.000244 0.000862  0.459001 0.000042 -1.475396
29  11.480485 0.000146 0.000850  -1.432867 0.508649 -0.024110
30  3.859438 -0.132762 1.193065  0.469647 -0.013262 -1.872396
31  1.312560 0.000027 -0.000002  0.024060 -0.138695 -0.550187
32  0.729347 0.000064 -0.000028  -0.166197 -0.081570 -0.714272
33  3.942047 0.050135 0.430999  0.225311 -0.086238 -1.592715
34  1.539097 0.000007 -0.000006  0.035254 -0.050374 -0.994348
35  1.196301 0.000077 -0.000008  -0.021522 0.002174 -0.839739
36  3.883414 -0.050476 -0.431085  0.184827 -0.271742 -1.204033
37  1.719563 -0.000081 -0.000015  0.022857 -0.107188 -1.509106
38  1.209196 0.000035 0.000005  0.000661 0.071070 -0.480462
39  3.859588 -0.149086 -1.331322  -0.136242 0.071376 -0.187198
40  1.719414 -0.000095 -0.000049  -0.028395 -0.010016 -0.293945
41  1.099675 0.000023 -0.000002  -0.007710 -0.002094 0.219117
42  0.805983 -0.359848 -1.318337  1.134762 0.249907 -0.841728
43  1.789781 -0.000007 -0.000029  0.000332 -0.014982 0.147148
44  1.206997 -0.000005 0.000014  0.000010 -0.117703 1.485327
45  5.740575 0.000118 0.000727  0.089331 -0.000013 0.000032
46  11.481045 0.000167 0.000924  0.023689 0.080771 -0.021964
47  6.027517 -0.000278 -0.000232  -1.077126 -0.567613 -2.187474
48  -0.000000 11.691980 -0.000007  -1.014817 0.462384 0.801015
49  0.000003 -0.000002 0.000001  2.731531 -0.000036 1.570861
50  -0.000005 -0.000014 0.000004  2.272646 -0.000031 1.570865
51  -1.843307 -6.646244 -7.821763  -2.323597 -0.422061 -1.875256
52  0.000000 -0.000000 -0.000001  0.008153 -0.000259 0.000009
53  -0.000000 0.000000 0.000001  1.565115 0.043565 -0.106862
54  2.313838 -11.745247 -4.244008  0.790085 -0.265451 -2.522398
55  0.000001 0.000000 0.000001  0.000000 -0.000000 -0.000002
56  0.000030 0.000029 0.000002  -1.571901 -0.044449 -0.106509
57  24.272779 5.386833 -10.438599  1.570796 -0.000000 0.000000
58  -4.552434 3.949902 -24.052303  1.570796 -0.000000 0.000000
59  0.292222 6.224352 -6.224004  1.570796 -0.000000 0.000000
60  -0.004311 0.001230 -0.000371  0.006898 -0.005534 -0.284228
61  0.858610 10.209643 -4.879772  1.570796 -0.000000 0.000000
62  0.000000 0.000000 0.000000  -0.078728 -3.136056 0.284225
63  0.031801 0.000000 -0.000718  1.562161 -0.005362 0.005629
64  -4.168879 -10.190789 -2.297643  1.068549 -0.655079 0.363910
65  -0.000000 -1.379690 -0.604538  -0.000000 0.000000 0.000000
66  0.000001 -0.131224 7.571677  -0.000000 0.000000 0.000000
67  0.389260 -0.902653 1.140567  -0.000000 0.000000 0.000000
68  -0.138167 -0.291040 1.514191  -0.000000 0.000000 0.000000
69  0.000000 0.037258 2.309323  -0.000000 0.000000 0.000000
70  0.000002 0.222708 4.208474  -0.000000 0.000000 0.000000
71  -2.854923 -13.089135 -2.553153  1.068549 -0.655079 0.363910
72  -0.138166 1.520396 -1.114661  -0.000000 0.000000 0.000000
73  0.138168 1.347512 -1.114662  -0.000000 0.000000 0.000000
time 9
0  0.031807 0.000000 -0.000718  -1.570800 -1.391899 -1.570792
1  -7.381704 -4.969480 0.382784  -1.544956 -1.855077 -0.198630
2  6.027521 -0.000334 0.000202  -1.957255 -1.126774 0.524975
3  11.692106 0.000483 -0.000740  -0.688895 -0.000018 -1.209010
4  11.480168 0.000208 -0.000787  1.429399 0.048935 -0.224704
5  3.859503 -0.142876 -1.192064  -0.253069 0.227637 -1.393564
6  1.312589 0.000015 0.000003  0.091827 -0.235177 -1.343931
7  0.729354 0.000053 0.000047  0.048051 -0.014658 -0.556205
8  3.942140 0.046276 -0.431527  -0.393066 0.272065 -1.143892
9  1.539110 0.000082 0.000000  0.107239 -0.010601 -1.332109
10  1.196332 0.000144 0.000024  0.006957 0.002892 -1.118955
11  3.883506 -0.047266 0.431366  -0.333659 0.358490 -0.837388
12  1.719573 -0.000027 0.000011  0.032742 -0.106976 -1.473741
13  1.209179 0.000090 0.000008  -0.005414 -0.002780 -0.971992
14  3.859667 -0.138472 1.332395  -0.227727 0.350095 -0.575479
15  1.719449 -0.000012 0.000021  -0.074520 0.044775 -1.283166
16  1.099674 0.000050 0.000001  -0.011241 0.006133 -1.067330
17  0.826485 -0.775281 1.232640  -1.609937 -0.611384 -0.273039
18  1.789820 -0.000005 -0.000015  0.045793 -0.033841 0.231039
19  1.207013 -0.000015 -0.000043  -0.009105 -0.003999 -0.148367
20  5.740636 0.000364 -0.000699  -0.009048 0.000003 0.000060
21  11.481047 0.000177 -0.000812  -0.022650 0.033114 -0.056011
22  6.027523 -0.000330 0.000207  1.995509 -0.133707 2.382256
23  0.000000 11.692096 -0.000007  -0.853381 -0.324215 -0.690553
24  0.000004 0.000007 -0.000000  0.180193 -0.000031 1.570738
25  -0.000002 -0.000006 -0.000002  0.868967 -0.000009 1.570721
26  -6.617934 -9.178503 0.826812  1.473120 1.855074 -0.198639
27  6.027522 -0.000265 -0.000223  1.344737 0.829342 -1.404245
28  11.691998 0.000245 0.000862  0.459002 0.000044 -1.501235
29  11.480268 0.000028 0.000907  -1.446029 0.514019 0.012497
30  3.859437 -0.132761 1.193065  0.469647 -0.013262 -1.872396
31  1.312559 0.000027 -0.000001  0.024060 -0.138695 -0.550187
32  0.729345 0.000065 -0.000028  -0.166197 -0.081570 -0.714272
33  3.942048 0.050136 0.431000  0.225311 -0.086239 -1.592715
34  1.539097 0.000009 -0.000004  0.035254 -0.050374 -0.994348
35  1.196300 0.000077 -0.000008  -0.021522 0.002174 -0.839739
36  3.883414 -0.050476 -0.431084  0.184827 -0.271741 -1.204033
37  1.719565 -0.000081 -0.000014  0.022857 -0.107188 -1.509106
38  1.209197 0.000035 0.000005  0.000661 0.071070 -0.480462
39  3.859589 -0.149085 -1.331321  -0.136242 0.071376 -0.187198
40  1.719412 -0.000096 -0.000049  -0.028395 -0.010016 -0.293945
41  1.099674 0.000025 -0.000001  -0.007710 -0.002094 0.219117
42  0.805983 -0.359848 -1.318338  1.134762 0.249907 -0.841728
43  1.789780 -0.000008 -0.000030  0.000332 -0.014982 0.147148
44  1.206997 -0.000004 0.000013  0.000010 -0.117703 1.485327
45  5.740573 0.000119 0.000727  0.085471 -0.000013 0.000032
46  11.481000 0.000143 0.000935  0.019937 0.082085 -0.014144
47  6.027517 -0.000278 -0.000232  -1.068727 -0.571136 -2.197453
48  0.000000 11.691979 -0.000006  -1.030139 0.476620 0.810765
49  0.000002 -0.000003 0.000000  2.731531 -0.000036 1.570860
50  -0.000006 -0.000014 0.000005  2.272646 -0.000031 1.570865
51  -1.895385 -6.457001 -7.708073  -2.345834 -0.407749 -1.865100
52  0.000000 0.000001 0.000000  0.008153 -0.000259 0.000009
53  -0.000000 0.000001 0.000000  1.565115 0.043565 -0.106862
54  2.952338 -12.323447 -4.763395  0.830766 -0.282410 -2.582363
55  0.000001 0.000000 -0.000002  0.000000 -0.000000 -0.000002
56  0.000031 0.000029 -0.000000  -1.571902 -0.044449 -0.106509
57  25.502878 7.045318 -10.318990  1.570796 -0.000000 0.000000
58  -4.448120 3.932506 -24.134781  1.570796 -0.000000 0.000000
59  0.418894 6.203331 -6.381554  1.570796 -0.000000 0.000000
60  -0.004311 0.001230 -0.000371  0.006898 -0.005534 -0.284228
61  0.858610 10.209643 -4.879772  1.570796 -0.000000 0.000000
62  0.000000 0.000000 0.000000  -0.078728 -3.136056 0.284225
63  0.031801 0.000000 -0.000718  1.560605 -0.011830 0.004674
64  -4.132835 -10.112614 -2.220057  1.098407 -0.647653 0.346999
65  0.000000 -1.379689 -0.604536  -0.000000 0.000000 -0.000000
66  0.000001 -0.131223 7.571681  -0.000000 0.000000 -0.000000
67  0.442884 -0.902652 1.140569  -0.000000 0.000000 -0.000000
68  -0.138165 -0.291040 1.514193  -0.000000 0.000000 -0.000000
69  0.000001 0.037258 2.309325  -0.000000 0.000000 -0.000000
70  0.000002 0.222708 4.208477  -0.000000 0.000000 -0.000000
71  -2.287253 -13.341278 -3.062858  1.015699 -0.647653 0.346999
72  -0.138165 1.520398 -1.114661  -0.000000 0.000000 0.000000
73  0.138168 1.347513 -1.114661  -0.000000 0.000000 0.000000
time 10
0  0.031807 0.000000 -0.000718  -1.570800 -1.391899 -1.570792
1  -7.431974 -4.953291 0.424873  -1.544956 -1.855077 -0.198630
2  6.027520 -0.000333 0.000201  -1.914936 -1.112273 0.498788
3  11.692105 0.000484 -0.000739  -0.585805 -0.000016 -1.177434
4  11.480333 0.000196 -0.000760  1.698892 -0.185464 -0.405888
5  3.859504 -0.142875 -1.192066  -0.253069 0.227637 -1.393564
6  1.312590 0.000013 0.000005  0.091826 -0.235176 -1.343931
7  0.729355 0.000053 0.000049  0.048051 -0.014658 -0.556205
8  3.942141 0.046277 -0.431528  -0.393066 0.272065 -1.143892
9  1.539110 0.000082 -0.000002  0.107239 -0.010601 -1.332109
10  1.196332 0.000145 0.000023  0.006957 0.002892 -1.118955
11  3.883506 -0.047266 0.431365  -0.333659 0.358490 -0.837388
12  1.719573 -0.000026 0.000010  0.032742 -0.106976 -1.473741
13  1.209178 0.000090 0.000007  -0.005414 -0.002780 -0.971992
14  3.859668 -0.138472 1.332393  -0.227727 0.350095 -0.575478
15  1.719449 -0.000011 0.000020  -0.074520 0.044775 -1.283166
16  1.099674 0.000050 0.000001  -0.011241 0.006133 -1.067330
17  0.826485 -0.775281 1.232640  -1.609937 -0.611384 -0.273039
18  1.789820 -0.000007 -0.000016  0.045793 -0.033841 0.231039
19  1.207013 -0.000015 -0.000042  -0.009105 -0.003999 -0.148367
20  5.740637 0.000365 -0.000698  0.039369 0.000003 0.000060
21  11.481077 0.000174 -0.000804  0.026881 -0.018867 -0.087636
22  6.027522 -0.000329 0.000206  2.003885 -0.155663 2.392946
23  0.000001 11.692098 -0.000005  -0.833705 -0.308987 -0.676293
24  0.000004 0.000008 -0.000001  0.283281 -0.000031 1.570738
25  -0.000002 -0.000006 -0.000001  0.868967 -0.000009 1.570721
26  -6.617934 -9.178503 0.826812  1.473120 1.855074 -0.198639
27  6.027522 -0.000265 -0.000223  1.352223 0.826256 -1.405963
28  11.691998 0.000243 0.000862  0.459002 0.000045 -1.511059
29  11.480194 -0.000012 0.000928  -1.479786 0.508626 0.025614
30  3.859439 -0.132762 1.193063  0.469647 -0.013263 -1.872396
31  1.312560 0.000026 -0.000003  0.024060 -0.138695 -0.550187
32  0.729345 0.000065 -0.000028  -0.166197 -0.081570 -0.714272
33  3.942048 0.050135 0.430998  0.225311 -0.086239 -1.592715
34  1.539097 0.000007 -0.000006  0.035254 -0.050374 -0.994348
35  1.196300 0.000078 -0.000008  -0.021522 0.002174 -0.839739
36  3.883415 -0.050476 -0.431086  0.184827 -0.271742 -1.204033
37  1.719565 -0.000081 -0.000015  0.022857 -0.107188 -1.509106
38  1.209197 0.000034 0.000005  0.000661 0.071070 -0.480462
39  3.859589 -0.149086 -1.331323  -0.136242 0.071376 -0.187198
40  1.719413 -0.000095 -0.000050  -0.028395 -0.010015 -0.293945
41  1.099673 0.000024 -0.000002  -0.007710 -0.002094 0.219117
42  0.805983 -0.359848 -1.318339  1.134762 0.249907 -0.841728
43  1.789781 -0.000007 -0.000030  0.000332 -0.014982 0.147148
44  1.206998 -0.000005 0.000014  0.000010 -0.117703 1.485327
45  5.740575 0.000118 0.000727  0.076601 -0.000013 0.000032
46  11.480986 0.000135 0.000939  0.013157 0.080876 -0.009726
47  6.027517 -0.000278 -0.000232  -1.061900 -0.569666 -2.208370
48  -0.000001 11.691979 -0.000007  -1.035953 0.482067 0.814426
49  0.000004 -0.000002 0.000000  2.731531 -0.000036 1.570861
50  -0.000006 -0.000015 0.000004  2.272646 -0.000031 1.570865
51  -1.983968 -6.396465 -7.665345  -2.380203 -0.405339 -1.861786
52  -0.000000 -0.000000 0.000000  0.008153 -0.000259 0.000009
53  0.000000 0.000001 -0.000000  1.565115 0.043565 -0.106862
54  3.558043 -12.681629 -5.113867  1.197940 -0.536574 -2.587554
55  -0.000000 0.000000 0.000000  0.000000 -0.000000 -0.000002
56  0.000030 0.000029 0.000000  -1.571902 -0.044449 -0.106509
57  25.891617 8.456544 -10.305393  1.570796 -0.000000 0.000000
58  -4.347980 3.912347 -24.213957  1.570796 -0.000000 0.000000
59  0.460983 6.196345 -6.433903  1.570796 -0.000000 0.000000
60  -0.004311 0.001230 -0.000371  0.006898 -0.005534 -0.284228
61  0.858610 10.209643 -4.879772  1.570796 -0.000000 0.000000
62  0.000000 0.000000 0.000000  -0.078728 -3.136056 0.284225
63  0.031801 0.000000 -0.000718  1.559984 -0.016723 0.003750
64  -4.096791 -10.092498 -2.155053  1.123846 -0.623502 0.321618
65  0.000000 -1.379689 -0.604538  0.000000 -0.000000 0.000000
66  0.000001 -0.131224 7.571680  0.000000 -0.000000 0.000000
67  0.496508 -0.902652 1.140568  0.000000 -0.000000 0.000000
68  -0.138166 -0.291040 1.514191  0.000000 -0.000000 0.000000
69  0.000000 0.037258 2.309323  0.000000 -0.000000 0.000000
70  0.000002 0.222708 4.208476  0.000000 -0.000000 0.000000
71  -1.435951 -13.874418 -3.298864  0.740257 -0.652649 0.446305
72  -0.138166 1.520396 -1.114661  0.000000 -0.000000 -0.000000
73  0.138167 1.347512 -1.114663  0.000000 -0.000000 -0.000000
time 11
0  0.031807 0.000000 -0.000718  -1.570800 -1.391899 -1.570792
1  -7.431974 -4.953291 0.424873  -1.544956 -1.855077 -0.198630
2  6.027520 -0.000333 0.000201  -1.926931 -1.101586 0.509725
3  11.692107 0.000484 -0.000740  -0.374963 -0.000004 -0.888631
4  11.480667 0.000237 -0.000704  1.871104 -0.106476 -0.418828
5  3.859505 -0.142875 -1.192065  -0.332456 0.246267 -0.980641
6  1.312591 0.000014 0.000004  0.007515 -0.132067 -0.715783
7  0.729355 0.000054 -0.000180  0.022835 -0.011254 -0.231510
8  3.942141 0.046277 -0.431528  -0.241895 0.218261 -0.801554
9  1.539110 0.000082 -0.000001  0.051660 -0.025197 -0.621240
10  1.196333 0.000146 0.000025  0.003865 0.000544 -0.606254
11  3.883507 -0.047265 0.431365  -0.091403 0.205675 -0.519608
12  1.719573 -0.000025 0.000011  -0.003951 -0.056712 -0.749998
13  1.209179 0.000091 0.000007  -0.002993 0.000970 -0.425616
14  3.870040 -0.143252 1.332958  0.074485 0.121793 -0.355863
15  1.719448 -0.000011 0.000020  -0.029910 0.036640 -0.653917
16  1.099674 0.000048 0.000004  -0.004631 0.006096 -0.484542
17  0.816244 -0.562165 1.276946  -1.679785 -0.739428 -0.360067
18  1.789820 -0.000005 -0.000016  0.023604 -0.010970 0.070930
19  1.207013 -0.000015 -0.000042  -0.005268 -0.001743 -0.015725
20  5.740635 0.000364 -0.000699  0.078585 0.000003 0.000060
21  11.481143 0.000180 -0.000794  0.063286 -0.008252 -0.087062
22  6.027522 -0.000329 0.000206  2.015855 -0.153896 2.391310
23  0.000002 11.692097 -0.000007  -0.647110 -0.183256 -0.534762
24  0.000002 0.000006 0.000000  0.494107 -0.000031 1.570738
25  0.000000 -0.000007 -0.000002  0.868967 -0.000008 1.570721
26  -6.617934 -9.178503 0.826812  1.473120 1.855074 -0.198639
27  6.027522 -0.000265 -0.000223  1.360350 0.824414 -1.407365
28  11.691998 0.000243 0.000862  0.459002 0.000045 -1.507675
29  11.480218 0.000000 0.000922  -1.525202 0.495382 0.007002
30  3.859438 -0.132762 1.193064  0.469647 -0.013262 -1.872396
31  1.312559 0.000027 -0.000002  0.024060 -0.138695 -0.550187
32  0.729345 0.000066 -0.000028  -0.166197 -0.081570 -0.714272
33  3.942048 0.050135 0.430999  0.225311 -0.086239 -1.592715
34  1.539097 0.000006 -0.000005  0.035254 -0.050374 -0.994348
35  1.196301 0.000077 -0.000008  -0.021522 0.002174 -0.839739
36  3.883414 -0.050476 -0.431085  0.184827 -0.271742 -1.204033
37  1.719564 -0.000081 -0.000014  0.022857 -0.107188 -1.509106
38  1.209197 0.000036 0.000005  0.000661 0.071070 -0.480462
39  3.859588 -0.149086 -1.331322  -0.136241 0.071376 -0.187198
40  1.719413 -0.000095 -0.000049  -0.028395 -0.010016 -0.293945
41  1.099673 0.000024 -0.000002  -0.007710 -0.002095 0.219117
42  0.805983 -0.359849 -1.318338  1.134762 0.249907 -0.841728
43  1.789780 -0.000006 -0.000030  0.000332 -0.014982 0.147148
44  1.206997 -0.000004 0.000014  0.000010 -0.117704 1.485327
45  5.740576 0.000118 0.000727  0.066291 -0.000013 0.000032
46  11.480990 0.000137 0.000939  0.005240 0.077881 -0.010912
47  6.027517 -0.000278 -0.000232  -1.055798 -0.566959 -2.219028
48  -0.000000 11.691980 -0.000008  -1.033951 0.480188 0.813168
49  0.000003 -0.000002 0.000001  2.731531 -0.000036 1.570860
50  -0.000006 -0.000013 0.000004  2.272646 -0.000031 1.570865
51  -2.068589 -6.434945 -7.719654  -2.411953 -0.418770 -1.869603
52  0.000000 -0.000001 -0.000000  0.008153 -0.000259 0.000009
53  -0.000000 0.000000 0.000000  1.565115 0.043565 -0.106862
54  6.480202 -14.516675 -4.952849  1.565887 -0.423990 -2.386626
55  -0.000000 0.000001 0.000000  0.000000 -0.000000 -0.000002
56  0.000030 0.000030 0.000002  -1.571901 -0.044449 -0.106509
57  25.858028 9.762382 -10.492301  1.570796 -0.000000 0.000000
58  -4.252288 3.889460 -24.289618  1.570796 -0.000000 0.000000
59  0.460983 6.196345 -6.433903  1.570796 -0.000000 0.000000
60  -0.004311 0.001230 -0.000371  0.006898 -0.005534 -0.284228
61  0.858610 10.209643 -4.879772  1.570796 -0.000000 0.000000
62  0.000000 0.000000 0.000000  -0.078728 -3.136056 0.284225
63  0.031801 0.000000 -0.000718  1.562871 -0.019825 0.003003
64  -4.080408 -10.064225 -2.127793  1.130520 -0.591931 0.297273
65  -0.000000 -1.379689 -0.604537  0.000000 0.000000 0.000000
66  0.000001 -0.131223 7.571680  0.000000 0.000000 0.000000
67  0.496507 -0.902652 1.140569  0.000000 0.000000 0.000000
68  -0.138166 -0.291040 1.514192  0.000000 0.000000 0.000000
69  0.000000 0.037259 2.309324  0.000000 0.000000 0.000000
70  0.000002 0.222708 4.208477  0.000000 0.000000 0.000000
71  1.947250 -16.677198 -4.214878  0.800670 -0.838953 0.580344
72  -0.138165 1.520397 -1.114659  -0.000000 0.000000 0.000000
73  0.138168 1.347512 -1.114659  -0.000000 0.000000 0.000000
time 12
0  0.031807 0.000000 -0.000718  -1.570800 -1.391899 -1.570792
1  -7.431974 -4.953291 0.424873  -1.544956 -1.855077 -0.198630
2  6.027519 -0.000332 0.000202  -1.732742 -0.950956 0.286338
3  11.692104 0.000483 -0.000741  -0.000105 -0.000014 -1.119313
4  11.480683 -0.000083 -0.000740  2.057483 -0.260742 0.101630
5  3.859505 -0.142876 -1.192067  -0.396594 0.296365 -0.561435
6  1.312593 0.000015 0.000004  -0.000011 0.000052 -0.097127
7  0.729356 0.000053 -0.000866  0.000023 0.000014 0.098289
8  3.942142 0.046277 -0.431529  -0.118615 0.119851 -0.470044
9  1.539109 0.000082 -0.000000  0.000000 0.000022 0.094767
10  1.196334 0.000146 0.000025  0.000016 0.000015 -0.088162
11  3.883507 -0.047266 0.431364  0.088243 -0.008233 -0.246619
12  1.719572 -0.000026 0.000010  0.001867 0.005192 -0.023918
13  1.209177 0.000091 0.000008  0.001041 0.002911 0.126172
14  3.901255 -0.157641 1.334650  0.321700 -0.157373 -0.207127
15  1.719450 -0.000012 0.000022  0.001392 0.003822 -0.020410
16  1.099674 0.000049 0.000001  0.000868 0.002427 0.098229
17  0.806001 -0.349050 1.321249  -1.702068 -0.871869 -0.501534
18  1.789820 -0.000008 -0.000016  -0.001945 0.008066 -0.089640
19  1.207014 -0.000014 -0.000042  -0.000965 0.000011 0.116924
20  5.740635 0.000363 -0.000698  0.097253 0.000003 0.000060
21  11.481147 0.000117 -0.000801  0.101234 -0.024409 0.026554
22  6.027522 -0.000329 0.000206  -1.021479 -2.838296 -0.830667
23  0.000002 11.692097 -0.000008  -0.797138 -0.281672 -0.649409
24  0.000002 0.000006 -0.000001  0.868979 -0.000031 1.570738
25  -0.000000 -0.000006 -0.000002  0.868967 -0.000009 1.570721
26  -6.617934 -9.178503 0.826812  1.473120 1.855074 -0.198639
27  6.027522 -0.000265 -0.000223  1.369981 0.817684 -1.406799
28  11.691997 0.000244 0.000862  0.459002 0.000045 -1.505818
29  11.480231 0.000008 0.000919  -1.574354 0.478825 -0.024971
30  3.859439 -0.132763 1.193064  0.469647 -0.013262 -1.872396
31  1.312559 0.000027 -0.000001  0.024060 -0.138696 -0.550187
32  0.729345 0.000065 -0.000028  -0.166197 -0.081570 -0.714272
33  3.942048 0.050135 0.430999  0.225311 -0.086239 -1.592715
34  1.539097 0.000006 -0.000006  0.035254 -0.050374 -0.994348
35  1.196300 0.000076 -0.000008  -0.021522 0.002174 -0.839739
36  3.883415 -0.050476 -0.431086  0.184827 -0.271742 -1.204033
37  1.719563 -0.000081 -0.000015  0.022857 -0.107188 -1.509106
38  1.209197 0.000036 0.000005  0.000661 0.071070 -0.480462
39  3.859589 -0.149086 -1.331322  -0.136242 0.071376 -0.187198
40  1.719413 -0.000096 -0.000048  -0.028395 -0.010015 -0.293945
41  1.099673 0.000023 -0.000003  -0.007710 -0.002094 0.219117
42  0.805984 -0.359849 -1.318338  1.134762 0.249907 -0.841728
43  1.789780 -0.000007 -0.000030  0.000332 -0.014982 0.147148
44  1.206997 -0.000004 0.000014  0.000010 -0.117704 1.485327
45  5.740574 0.000119 0.000726  0.056002 -0.000013 0.000032
46  11.480994 0.000139 0.000937  -0.003060 0.074344 -0.014643
47  6.027517 -0.000278 -0.000232  -1.044657 -0.566768 -2.231493
48  -0.000000 11.691980 -0.000008  -1.032852 0.479158 0.812476
49  0.000003 -0.000002 -0.000000  2.731531 -0.000036 1.570861
50  -0.000006 -0.000015 0.000004  2.272646 -0.000031 1.570865
51  -2.162003 -6.456458 -7.846621  0.700690 -2.701244 1.258513
52  0.000000 0.000000 0.000001  0.008153 -0.000259 0.000009
53  0.000000 -0.000000 -0.000000  1.565115 0.043565 -0.106862
54  7.500500 -13.371148 -6.554938  1.965536 -0.391869 -1.946107
55  -0.000000 -0.000001 0.000000  0.000000 -0.000000 -0.000002
56  0.000031 0.000028 0.000001  -1.571901 -0.044449 -0.106509
57  25.756935 11.131605 -11.054814  1.570796 -0.000000 0.000000
58  -4.161316 3.863907 -24.361546  1.570796 -0.000000 0.000000
59  0.460983 6.196345 -6.433903  1.570796 -0.000000 0.000000
60  -0.004311 0.001230 -0.000371  0.006898 -0.005534 -0.284228
61  0.858610 10.209643 -4.879772  1.570796 -0.000000 0.000000
62  0.000000 0.000000 0.000000  -0.078728 -3.136056 0.284225
63  0.031801 0.000000 -0.000718  1.569225 -0.020914 0.002415
64  -4.086564 -9.963994 -2.147389  1.126650 -0.558052 0.273843
65  -0.000000 -1.379689 -0.604539  -0.000000 -0.000000 0.000000
66  0.000001 -0.131223 7.571678  -0.000000 -0.000000 0.000000
67  0.496508 -0.902652 1.140568  -0.000000 -0.000000 0.000000
68  -0.138166 -0.291040 1.514191  -0.000000 -0.000000 0.000000
69  0.000001 0.037259 2.309323  -0.000000 -0.000000 0.000000
70  0.000002 0.222708 4.208474  -0.000000 -0.000000 0.000000
71  4.116802 -20.435474 -5.514953  0.187221 -0.791760 0.940257
72  -0.138165 1.520396 -1.114661  0.000000 0.000000 -0.000000
73  0.138168 1.347513 -1.114662  0.000000 0.000000 -0.000000
time 13
0  0.031807 0.000000 -0.000718  -1.570800 -1.391899 -1.570792
1  -7.431974 -4.953291 0.424873  -1.544956 -1.855077 -0.198630
2  6.027518 -0.000331 0.000202  -1.610385 -0.830192 0.120163
3  11.692104 0.000485 -0.000741  0.418875 -0.000022 -1.295703
4  11.480558 -0.000472 -0.000602  2.011706 -0.143282 0.602510
5  3.859502 -0.142878 -1.192066  -0.394325 0.299450 -0.553705
6  1.312589 0.000014 0.000003  -0.000011 0.000052 -0.090292
7  0.729353 0.000052 -0.001979  0.000023 0.000014 0.106486
8  3.942140 0.046274 -0.431529  -0.117653 0.120795 -0.462034
9  1.539112 0.000084 -0.000001  0.000001 0.000022 0.102812
10  1.196333 0.000145 0.000024  0.000016 0.000015 -0.080155
11  3.883506 -0.047268 0.431364  0.088174 -0.008940 -0.238625
12  1.719573 -0.000026 0.000011  0.001908 0.005177 -0.015911
13  1.209178 0.000090 0.000008  0.001065 0.002903 0.134180
14  3.952003 -0.181036 1.337406  0.320478 -0.159912 -0.199395
15  1.719447 -0.000012 0.000022  0.001423 0.003810 -0.012402
16  1.099673 0.000050 -0.000000  0.000868 0.002427 0.098229
17  0.805999 -0.349051 1.321250  -1.620338 -0.861744 -0.597458
18  1.789820 -0.000006 -0.000017  -0.001927 0.008043 -0.089481
19  1.207014 -0.000014 -0.000043  -0.000652 0.000049 0.116792
20  5.740636 0.000363 -0.000699  0.075061 0.000003 0.000060
21  11.481124 0.000041 -0.000775  0.091435 0.015883 0.120377
22  6.027522 -0.000329 0.000206  -0.946135 -2.713716 -0.928497
23  -0.000000 11.692098 -0.000006  -0.906760 -0.367350 -0.728442
24  0.000002 0.000006 -0.000002  1.287966 -0.000031 1.570738
25  -0.000002 -0.000006 -0.000001  0.868967 -0.000008 1.570721
26  -6.617934 -9.178503 0.826812  1.473120 1.855074 -0.198639
27  6.027522 -0.000265 -0.000223  1.381432 0.808607 -1.404784
28  11.691998 0.000243 0.000862  0.459002 0.000044 -1.504691
29  11.480246 0.000014 0.000915  -1.623623 0.458964 -0.059537
30  3.859439 -0.132763 1.193064  0.469647 -0.013262 -1.872396
31  1.312559 0.000026 -0.000003  0.024060 -0.138695 -0.550187
32  0.729345 0.000065 -0.000028  -0.166197 -0.081571 -0.714272
33  3.942049 0.050134 0.430999  0.225311 -0.086239 -1.592715
34  1.539097 0.000007 -0.000005  0.035254 -0.050374 -0.994348
35  1.196301 0.000077 -0.000008  -0.021522 0.002174 -0.839739
36  3.883415 -0.050477 -0.431085  0.184827 -0.271742 -1.204033
37  1.719565 -0.000081 -0.000014  0.022857 -0.107188 -1.509106
38  1.209197 0.000036 0.000005  0.000661 0.071070 -0.480462
39  3.859589 -0.149087 -1.331322  -0.136242 0.071376 -0.187198
40  1.719413 -0.000095 -0.000048  -0.028395 -0.010016 -0.293945
41  1.099675 0.000024 -0.000001  -0.007710 -0.002094 0.219117
42  0.805983 -0.359850 -1.318339  1.134762 0.249907 -0.841728
43  1.789780 -0.000008 -0.000030  0.000332 -0.014982 0.147148
44  1.206997 -0.000005 0.000013  0.000010 -0.117703 1.485327
45  5.740576 0.000119 0.000727  0.045505 -0.000013 0.000032
46  11.480998 0.000139 0.000937  -0.011451 0.070380 -0.019040
47  6.027517 -0.000278 -0.000232  -1.030420 -0.567055 -2.245443
48  -0.000001 11.691980 -0.000009  -1.032185 0.478534 0.812056
49  0.000004 -0.000003 0.000002  2.731531 -0.000036 1.570861
50  -0.000006 -0.000014 0.000003  2.272646 -0.000031 1.570865
51  -2.272684 -6.470240 -8.009951  0.671423 -2.677304 1.244482
52  -0.000000 0.000001 0.000000  0.008153 -0.000259 0.000009
53  0.000000 -0.000000 0.000000  1.565115 0.043565 -0.106862
54  8.000436 -12.230462 -8.087524  2.171027 -0.389811 -1.545126
55  -0.000000 0.000001 0.000001  -0.000000 -0.000000 -0.000002
56  0.000029 0.000030 0.000003  -1.571902 -0.044449 -0.106509
57  25.592567 12.526033 -11.969429  1.570796 -0.000000 0.000000
58  -4.075328 3.835791 -24.429533  1.570796 -0.000000 0.000000
59  0.460983 6.196345 -6.433903  1.570796 -0.000000 0.000000
60  -0.004311 0.001230 -0.000371  0.006898 -0.005534 -0.284228
61  0.858610 10.209643 -4.879772  1.570796 -0.000000 0.000000
62  0.000000 0.000000 0.000000  -0.078728 -3.136056 0.284225
63  0.031801 0.000000 -0.000718  1.575579 -0.020095 0.001997
64  -4.102438 -9.844163 -2.199905  1.120179 -0.522907 0.250350
65  -0.000000 -1.379689 -0.604538  0.000000 -0.000000 0.000000
66  0.000001 -0.131224 7.571679  0.000000 -0.000000 0.000000
67  0.496507 -0.902652 1.140568  0.000000 -0.000000 0.000000
68  -0.138166 -0.291040 1.514191  0.000000 -0.000000 0.000000
69  0.000000 0.037258 2.309323  0.000000 -0.000000 0.000000
70  0.000002 0.222708 4.208475  0.000000 -0.000000 0.000000
71  5.811631 -22.530323 -7.125878  -0.446672 -0.528015 1.194545
72  -0.138166 1.520396 -1.114660  0.000000 0.000000 0.000000
73  0.138168 1.347512 -1.114661  0.000000 0.000000 0.000000
time 14
0  0.031807 0.000000 -0.000718  -1.570800 -1.391899 -1.570792
1  -7.431974 -4.953291 0.424873  -1.544956 -1.855077 -0.198630
2  6.027518 -0.000331 0.000202  -1.564857 -0.814041 0.014134
3  11.692104 0.000482 -0.000738  0.707859 -0.000022 -1.295229
4  11.480559 -0.000620 -0.000446  1.870152 0.202924 0.727150
5  3.859502 -0.142877 -1.192065  -0.392572 0.301796 -0.547786
6  1.312592 0.000014 0.000004  -0.000011 0.000052 -0.087196
7  0.729356 0.000051 -0.003437  0.000023 0.000013 0.112680
8  3.942140 0.046275 -0.431530  -0.116913 0.121511 -0.455910
9  1.539110 0.000082 -0.000002  0.000001 0.000022 0.109034
10  1.196332 0.000144 0.000026  0.000016 0.000015 -0.074033
11  3.883506 -0.047268 0.431364  0.088118 -0.009484 -0.232480
12  1.719572 -0.000026 0.000010  0.001940 0.005165 -0.009789
13  1.209179 0.000089 0.000009  0.001082 0.002896 0.140301
14  4.018384 -0.211634 1.341011  0.319520 -0.161869 -0.193412
15  1.719446 -0.000011 0.000022  0.001446 0.003802 -0.006281
16  1.099674 0.000047 0.000000  0.000868 0.002427 0.098229
17  0.805999 -0.349050 1.321249  -1.519681 -0.830063 -0.684869
18  1.789821 -0.000006 -0.000015  -0.001848 0.007836 -0.088137
19  1.207013 -0.000016 -0.000041  -0.000412 0.000073 0.115677
20  5.740635 0.000364 -0.000700  0.018237 0.000003 0.000060
21  11.481124 0.000014 -0.000747  0.042173 0.078394 0.132083
22  6.027522 -0.000329 0.000206  -0.948416 -2.678833 -1.000187
23  0.000001 11.692096 -0.000006  -0.906470 -0.367108 -0.728240
24  0.000004 0.000006 0.000000  1.576951 -0.000031 1.570738
25  -0.000002 -0.000007 -0.000001  0.868967 -0.000009 1.570721
26  -6.617934 -9.178503 0.826812  1.473120 1.855074 -0.198639
27  6.027522 -0.000265 -0.000223  1.395557 0.801017 -1.401783
28  11.691998 0.000244 0.000862  0.459002 0.000044 -1.500707
29  11.480277 0.000030 0.000907  -1.669543 0.435717 -0.086717
30  3.859438 -0.132763 1.193064  0.469647 -0.013262 -1.872396
31  1.312559 0.000025 -0.000003  0.024060 -0.138695 -0.550187
32  0.729345 0.000065 -0.000028  -0.166197 -0.081570 -0.714272
33  3.942048 0.050135 0.431000  0.225311 -0.086239 -1.592715
34  1.539097 0.000007 -0.000006  0.035254 -0.050374 -0.994348
35  1.196300 0.000078 -0.000008  -0.021522 0.002174 -0.839739
36  3.883414 -0.050477 -0.431085  0.184827 -0.271741 -1.204033
37  1.719564 -0.000081 -0.000015  0.022857 -0.107188 -1.509106
38  1.209198 0.000036 0.000005  0.000661 0.071070 -0.480462
39  3.859589 -0.149087 -1.331321  -0.136242 0.071376 -0.187198
40  1.719413 -0.000096 -0.000049  -0.028395 -0.010016 -0.293945
41  1.099674 0.000024 -0.000001  -0.007710 -0.002094 0.219117
42  0.805984 -0.359849 -1.318338  1.134762 0.249907 -0.841728
43  1.789781 -0.000007 -0.000030  0.000332 -0.014982 0.147148
44  1.206997 -0.000004 0.000013  0.000010 -0.117704 1.485327
45  5.740575 0.000119 0.000727  0.034378 -0.000013 0.000032
46  11.481003 0.000143 0.000935  -0.019581 0.065919 -0.022343
47  6.027517 -0.000278 -0.000232  -1.016007 -0.564712 -2.260350
48  -0.000001 11.691981 -0.000008  -1.029827 0.476327 0.810567
49  0.000003 -0.000003 0.000001  2.731531 -0.000036 1.570860
50  -0.000006 -0.000014 0.000003  2.272646 -0.000031 1.570865
51  -2.414641 -6.508994 -8.177289  0.638249 -2.657468 1.235286
52  -0.000000 0.000000 0.000001  0.008153 -0.000259 0.000009
53  0.000001 -0.000001 0.000001  1.565115 0.043565 -0.106862
54  8.153927 -12.204074 -8.851712  2.132576 -0.211249 -1.344591
55  -0.000000 -0.000002 0.000000  0.000000 -0.000000 -0.000002
56  0.000029 0.000027 0.000001  -1.571901 -0.044449 -0.106509
57  25.377579 13.888269 -13.165701  1.570796 -0.000000 0.000000
58  -3.994573 3.805258 -24.493383  1.570796 -0.000000 0.000000
59  0.460983 6.196345 -6.433903  1.570796 -0.000000 0.000000
60  -0.004311 0.001230 -0.000371  0.006898 -0.005534 -0.284228
61  0.858610 10.209643 -4.879772  1.570796 -0.000000 0.000000
62  0.000000 0.000000 0.000000  -0.078728 -3.136056 0.284225
63  0.031801 0.000000 -0.000718  1.578469 -0.017967 0.001762
64  -4.124145 -9.786131 -2.275936  1.119269 -0.487357 0.226444
65  0.000000 -1.379689 -0.604539  0.000000 0.000000 0.000000
66  0.000001 -0.131224 7.571678  0.000000 0.000000 0.000000
67  0.496508 -0.902653 1.140568  0.000000 0.000000 0.000000
68  -0.138166 -0.291041 1.514191  0.000000 0.000000 0.000000
69  0.000000 0.037258 2.309323  0.000000 0.000000 0.000000
70  0.000002 0.222708 4.208475  0.000000 0.000000 0.000000
71  7.190906 -24.025864 -8.999601  -0.966739 -0.160786 1.189533
72  -0.138168 1.520396 -1.114661  -0.000000 0.000000 -0.000000
73  0.138166 1.347512 -1.114661  -0.000000 0.000000 -0.000000
time 15
0  0.031807 0.000000 -0.000718  -1.570800 -1.391899 -1.570792
1  -7.431974 -4.953291 0.424873  -1.544956 -1.855077 -0.198630
2  6.027518 -0.000331 0.000202  -1.535624 -0.806484 -0.085923
3  11.692102 0.000483 -0.000739  0.804868 -0.000022 -1.294037
4  11.480570 -0.000656 -0.000385  1.802371 0.395413 0.713244
5  3.859501 -0.142876 -1.192064  -0.391431 0.303308 -0.543955
6  1.312589 0.000015 0.000002  -0.000011 0.000052 -0.086578
7  0.729354 0.000051 -0.005090  0.000023 0.000013 0.116598
8  3.942139 0.046276 -0.431528  -0.116432 0.121972 -0.451951
9  1.539113 0.000079 -0.000002  0.000001 0.000022 0.113103
10  1.196333 0.000143 0.000027  0.000016 0.000015 -0.070077
11  3.883506 -0.047266 0.431363  0.088079 -0.009836 -0.228485
12  1.719574 -0.000027 0.000012  0.001960 0.005158 -0.005833
13  1.209179 0.000089 0.000008  0.001094 0.002892 0.144258
14  4.093582 -0.246296 1.345092  0.318886 -0.163146 -0.189497
15  1.719446 -0.000010 0.000022  0.001461 0.003796 -0.002324
16  1.099675 0.000047 -0.000000  0.000868 0.002427 0.098229
17  0.806000 -0.349049 1.321250  -1.417213 -0.777559 -0.748046
18  1.789822 -0.000007 -0.000015  -0.001669 0.007174 -0.083901
19  1.207015 -0.000015 -0.000043  -0.000258 0.000076 0.112163
20  5.740635 0.000365 -0.000699  -0.010424 0.000003 0.000060
21  11.481126 0.000010 -0.000735  0.016867 0.110983 0.123504
22  6.027522 -0.000329 0.000206  -0.953443 -2.657783 -1.076773
23  0.000002 11.692097 -0.000007  -0.905743 -0.366503 -0.727731
24  0.000003 0.000007 -0.000000  1.673959 -0.000031 1.570738
25  -0.000001 -0.000007 -0.000002  0.868967 -0.000009 1.570721
26  -6.617934 -9.178503 0.826812  1.473120 1.855074 -0.198639
27  6.027522 -0.000265 -0.000223  1.420075 0.788835 -1.393713
28  11.691997 0.000245 0.000862  0.459002 0.000045 -1.511562
29  11.480188 -0.000015 0.000931  -1.723346 0.411499 -0.074520
30  3.859438 -0.132763 1.193063  0.469647 -0.013262 -1.872396
31  1.312559 0.000027 -0.000002  0.024060 -0.138696 -0.550187
32  0.729345 0.000065 -0.000029  -0.166197 -0.081571 -0.714272
33  3.942048 0.050134 0.430998  0.225311 -0.086239 -1.592715
34  1.539097 0.000008 -0.000006  0.035254 -0.050374 -0.994348
35  1.196300 0.000078 -0.000008  -0.021522 0.002174 -0.839739
36  3.883414 -0.050477 -0.431087  0.184827 -0.271742 -1.204033
37  1.719565 -0.000080 -0.000014  0.022857 -0.107188 -1.509106
38  1.209199 0.000034 0.000006  0.000661 0.071070 -0.480462
39  3.859589 -0.149087 -1.331322  -0.136242 0.071376 -0.187198
40  1.719413 -0.000095 -0.000049  -0.028395 -0.010016 -0.293945
41  1.099674 0.000025 -0.000001  -0.007710 -0.002094 0.219117
42  0.805983 -0.359850 -1.318339  1.134762 0.249907 -0.841728
43  1.789780 -0.000007 -0.000030  0.000332 -0.014982 0.147148
44  1.206997 -0.000004 0.000014  0.000010 -0.117704 1.485327
45  5.740574 0.000119 0.000727  0.017919 -0.000013 0.000032
46  11.480985 0.000134 0.000940  -0.030357 0.060987 -0.017692
47  6.027517 -0.000278 -0.000232  -0.991943 -0.559367 -2.282606
48  -0.000002 11.691981 -0.000005  -1.036250 0.482346 0.814613
49  0.000002 -0.000003 0.000001  2.731531 -0.000036 1.570860
50  -0.000007 -0.000015 0.000006  2.272646 -0.000031 1.570865
51  -2.685123 -6.448152 -8.297647  0.574804 -2.655694 1.243515
52  0.000000 0.000000 -0.000000  0.008153 -0.000259 0.000009
53  -0.000000 -0.000001 -0.000001  1.565115 0.043565 -0.106862
54  8.108356 -12.186529 -9.409751  2.062036 -0.047792 -1.291592
55  0.000001 0.000001 0.000000  0.000000 -0.000000 -0.000002
56  0.000030 0.000029 0.000001  -1.571902 -0.044449 -0.106509
57  25.134035 15.146606 -14.520883  1.570796 -0.000000 0.000000
58  -3.919271 3.772501 -24.552921  1.570796 -0.000000 0.000000
59  0.460983 6.196345 -6.433903  1.570796 -0.000000 0.000000
60  -0.004311 0.001230 -0.000371  0.006898 -0.005534 -0.284228
61  0.858610 10.209643 -4.879772  1.570796 -0.000000 0.000000
62  0.000000 0.000000 0.000000  -0.078728 -3.136056 0.284225
63  0.031801 0.000000 -0.000718  1.578285 -0.015054 0.001665
64  -4.147796 -9.789566 -2.366075  1.149835 -0.438311 0.191434
65  -0.000000 -1.379689 -0.604538  -0.000000 0.000000 -0.000000
66  0.000001 -0.131225 7.571678  -0.000000 0.000000 -0.000000
67  0.496508 -0.902653 1.140567  -0.000000 0.000000 -0.000000
68  -0.138166 -0.291041 1.514191  -0.000000 0.000000 -0.000000
69  0.000001 0.037258 2.309322  -0.000000 0.000000 -0.000000
70  0.000002 0.222707 4.208474  -0.000000 0.000000 -0.000000
71  8.308714 -25.162907 -11.104853  -1.400558 0.115663 1.009249
72  -0.138165 1.520397 -1.114661  -0.000000 0.000000 0.000000
73  0.138167 1.347513 -1.114663  -0.000000 0.000000 0.000000
time 16
0  0.031807 0.000000 -0.000718  -1.570800 -1.391899 -1.570792
1  -7.472064 -5.174989 0.424873  -1.544956 -1.855077 -0.198630
2  6.027517 -0.000330 0.000202  -1.506564 -0.750061 -0.184383
3  11.692105 0.000481 -0.000739  0.809654 -0.000024 -1.334338
4  11.480284 -0.000766 -0.000261  1.775916 0.369756 0.621704
5  3.859502 -0.142877 -1.192065  -0.390845 0.304079 -0.541996
6  1.312587 0.000015 0.000005  -0.000011 0.000052 -0.085941
7  0.729356 0.000051 -0.006741  0.000023 0.000013 0.118523
8  3.942141 0.046276 -0.431527  -0.116186 0.122206 -0.449927
9  1.539109 0.000082 -0.000000  0.000001 0.000022 0.115173
10  1.196332 0.000144 0.000027  0.000016 0.000015 -0.068054
11  3.883508 -0.047268 0.431362  0.088059 -0.010016 -0.226448
12  1.719574 -0.000028 0.000010  0.001971 0.005154 -0.003810
13  1.209179 0.000090 0.000008  0.001100 0.002889 0.146280
14  4.168780 -0.280960 1.349175  0.318562 -0.163795 -0.187504
15  1.719445 -0.000011 0.000022  0.001469 0.003793 -0.000302
16  1.099674 0.000050 -0.000002  0.000868 0.002427 0.098229
17  0.806000 -0.349050 1.321250  -1.331321 -0.713203 -0.778127
18  1.789821 -0.000008 -0.000014  -0.001368 0.005802 -0.075200
19  1.207013 -0.000016 -0.000043  -0.000180 0.000052 0.104942
20  5.740635 0.000365 -0.000697  -0.007236 0.000003 0.000060
21  11.481069 -0.000014 -0.000708  0.017245 0.103673 0.107255
22  6.027523 -0.000328 0.000206  -0.912427 -2.609539 -1.174779
23  0.000001 11.692099 -0.000008  -0.930269 -0.387170 -0.744726
24  0.000004 0.000007 0.000000  1.678747 -0.000031 1.570738
25  -0.000003 -0.000006 -0.000003  0.868967 -0.000009 1.570721
26  -6.617934 -9.178503 0.826812  1.473120 1.855074 -0.198639
27  6.027522 -0.000265 -0.000223  1.440716 0.776340 -1.387425
28  11.691999 0.000242 0.000862  0.459003 0.000046 -1.527478
29  11.480064 -0.000085 0.000962  -1.760052 0.394216 -0.048027
30  3.859438 -0.132762 1.193063  0.469647 -0.013262 -1.872396
31  1.312560 0.000026 -0.000001  0.024060 -0.138695 -0.550187
32  0.729346 0.000065 -0.000028  -0.166197 -0.081570 -0.714272
33  3.942048 0.050135 0.430999  0.225311 -0.086239 -1.592715
34  1.539097 0.000007 -0.000005  0.035254 -0.050374 -0.994348
35  1.196301 0.000077 -0.000009  -0.021522 0.002174 -0.839739
36  3.883414 -0.050477 -0.431086  0.184827 -0.271742 -1.204033
37  1.719564 -0.000081 -0.000015  0.022857 -0.107188 -1.509106
38  1.209198 0.000035 0.000005  0.000661 0.071070 -0.480462
39  3.859589 -0.149086 -1.331322  -0.136242 0.071376 -0.187198
40  1.719413 -0.000095 -0.000049  -0.028395 -0.010015 -0.293945
41  1.099673 0.000024 -0.000002  -0.007710 -0.002094 0.219117
42  0.805983 -0.359849 -1.318339  1.134762 0.249907 -0.841728
43  1.789780 -0.000008 -0.000030  0.000332 -0.014982 0.147148
44  1.206997 -0.000005 0.000013  0.000010 -0.117703 1.485327
45  5.740575 0.000119 0.000727  0.004811 -0.000013 0.000032
46  11.480961 0.000120 0.000947  -0.038136 0.057137 -0.011047
47  6.027517 -0.000278 -0.000232  -0.969697 -0.555630 -2.302643
48  -0.000001 11.691980 -0.000007  -1.045657 0.491212 0.820488
49  0.000003 -0.000002 0.000000  2.731531 -0.000036 1.570861
50  -0.000007 -0.000014 0.000005  2.272646 -0.000031 1.570865
51  -2.918057 -6.341042 -8.373565  0.522576 -2.663633 1.257679
52  -0.000000 0.000000 -0.000000  0.008153 -0.000259 0.000009
53  -0.000000 -0.000000 -0.000001  1.565115 0.043565 -0.106862
54  8.401971 -11.569477 -10.177614  2.005201 -0.009928 -1.371446
55  0.000001 0.000001 0.000000  0.000000 -0.000000 -0.000002
56  0.000031 0.000030 0.000001  -1.571901 -0.044449 -0.106509
57  24.890491 16.229176 -15.876064  1.570796 -0.000000 0.000000
58  -3.849605 3.737764 -24.608004  1.570796 -0.000000 0.000000
59  0.460983 6.421639 -6.433903  1.570796 -0.000000 0.000000
60  -0.004311 0.001230 -0.000371  0.006898 -0.005534 -0.284228
61  0.858610 10.209643 -4.879772  1.570796 -0.000000 0.000000
62  0.000000 0.000000 0.000000  -0.078728 -3.136056 0.284225
63  0.031801 0.000000 -0.000718  1.577771 -0.011880 0.001639
64  -4.169502 -9.799725 -2.460918  1.181763 -0.401502 0.168367
65  0.000000 -1.379689 -0.604538  0.000000 -0.000000 -0.000000
66  0.000001 -0.131224 7.571678  0.000000 -0.000000 -0.000000
67  0.496507 -0.902653 1.140568  0.000000 -0.000000 -0.000000
68  -0.138166 -0.291040 1.514191  0.000000 -0.000000 -0.000000
69  0.000001 0.037258 2.309323  0.000000 -0.000000 -0.000000
70  0.000002 0.222708 4.208475  0.000000 -0.000000 -0.000000
71  9.174240 -26.033724 -13.424240  -1.725650 0.238273 0.794095
72  -0.138166 1.520397 -1.114660  -0.000000 0.000000 -0.000000
73  0.138167 1.347513 -1.114660  -0.000000 0.000000 -0.000000
time 17
0  0.031807 0.000000 -0.000718  -1.570800 -1.391899 -1.570792
1  -7.584985 -5.799444 0.424874  -1.544956 -1.855077 -0.198630
2  6.027517 -0.000330 0.000202  -1.489321 -0.643554 -0.256902
3  11.692104 0.000483 -0.000739  0.812982 -0.000030 -1.432980
4  11.479689 -0.000990 -0.000027  1.674768 0.230440 0.414474
5  3.859500 -0.142875 -1.192062  -0.390612 0.304384 -0.541219
6  1.312590 0.000015 0.000003  -0.000010 0.000052 -0.082791
7  0.729354 0.000050 -0.008200  0.000023 0.000013 0.119234
8  3.942139 0.046277 -0.431527  -0.116088 0.122299 -0.449125
9  1.539112 0.000083 -0.000001  0.000001 0.000022 0.115897
10  1.196335 0.000141 0.000028  0.000016 0.000015 -0.067253
11  3.883507 -0.047266 0.431363  0.088051 -0.010083 -0.225686
12  1.719573 -0.000026 0.000009  0.001975 0.005152 -0.003009
13  1.209178 0.000089 0.000008  0.001102 0.002889 0.147082
14  4.235160 -0.311556 1.352780  0.318449 -0.164021 -0.186808
15  1.719447 -0.000011 0.000023  0.001472 0.003792 0.000500
16  1.099674 0.000047 -0.000004  0.000868 0.002427 0.098229
17  0.806000 -0.349049 1.321251  -1.271982 -0.649038 -0.779192
18  1.789819 -0.000009 -0.000016  -0.000972 0.003641 -0.061581
19  1.207014 -0.000015 -0.000043  -0.000149 0.000003 0.093639
20  5.740637 0.000364 -0.000700  -0.005301 0.000003 0.000060
21  11.480951 -0.000060 -0.000662  0.011301 0.070428 0.071208
22  6.027523 -0.000329 0.000206  -0.813812 -2.541738 -1.289156
23  0.000001 11.692099 -0.000007  -0.989609 -0.439328 -0.784594
24  0.000003 0.000007 -0.000001  1.682079 -0.000031 1.570738
25  -0.000001 -0.000007 -0.000002  0.868967 -0.000009 1.570721
26  -6.617934 -9.178503 0.826812  1.473120 1.855074 -0.198639
27  6.027522 -0.000265 -0.000223  1.452610 0.768230 -1.385163
28  11.691998 0.000242 0.000862  0.459003 0.000047 -1.534932
29  11.480005 -0.000114 0.000980  -1.765778 0.376891 -0.029130
30  3.859438 -0.132761 1.193064  0.469647 -0.013262 -1.872396
31  1.312559 0.000026 -0.000001  0.024060 -0.138695 -0.550187
32  0.729344 0.000066 -0.000028  -0.166197 -0.081571 -0.714272
33  3.942048 0.050136 0.430999  0.225311 -0.086239 -1.592715
34  1.539097 0.000008 -0.000006  0.035254 -0.050374 -0.994348
35  1.196300 0.000077 -0.000008  -0.021522 0.002174 -0.839739
36  3.883414 -0.050476 -0.431084  0.184827 -0.271742 -1.204033
37  1.719565 -0.000080 -0.000015  0.022857 -0.107188 -1.509106
38  1.209197 0.000035 0.000004  0.000661 0.071070 -0.480462
39  3.859589 -0.149086 -1.331321  -0.136242 0.071376 -0.187198
40  1.719414 -0.000095 -0.000049  -0.028395 -0.010015 -0.293945
41  1.099674 0.000024 -0.000001  -0.007710 -0.002094 0.219117
42  0.805983 -0.359848 -1.318338  1.134762 0.249907 -0.841728
43  1.789781 -0.000008 -0.000030  0.000332 -0.014982 0.147148
44  1.206996 -0.000004 0.000014  0.000010 -0.117704 1.485327
45  5.740572 0.000119 0.000727  -0.001037 -0.000013 0.000032
46  11.480947 0.000114 0.000950  -0.039710 0.053366 -0.007339
47  6.027517 -0.000278 -0.000232  -0.956041 -0.553729 -2.315873
48  -0.000002 11.691980 -0.000008  -1.050057 0.495382 0.823217
49  0.000003 -0.000003 -0.000001  2.731531 -0.000036 1.570860
50  -0.000006 -0.000014 0.000004  2.272646 -0.000031 1.570865
51  -3.049284 -6.287771 -8.445643  0.503051 -2.668951 1.274343
52  -0.000000 0.000000 -0.000000  0.008153 -0.000259 0.000009
53  0.000000 0.000001 0.000000  1.565115 0.043565 -0.106862
54  8.910957 -10.009975 -10.968411  1.912717 -0.075356 -1.594486
55  -0.000000 -0.000000 -0.000000  0.000000 -0.000000 -0.000002
56  0.000030 0.000029 0.000000  -1.571901 -0.044449 -0.106509
57  24.675503 17.081791 -17.072336  1.570796 -0.000000 0.000000
58  -3.785713 3.701343 -24.658520  1.570796 -0.000000 0.000000
59  0.460983 7.056221 -6.433903  1.570796 -0.000000 0.000000
60  -0.004311 0.001230 -0.000371  0.006898 -0.005534 -0.284228
61  0.858610 10.209643 -4.879772  1.570796 -0.000000 0.000000
62  0.000000 0.000000 0.000000  -0.078728 -3.136056 0.284225
63  0.031801 0.000000 -0.000718  1.576998 -0.008966 0.001647
64  -4.185377 -9.816388 -2.551057  1.195480 -0.388487 0.170817
65  -0.000000 -1.379689 -0.604537  0.000000 -0.000000 0.000000
66  0.000001 -0.131223 7.571679  0.000000 -0.000000 0.000000
67  0.496507 -0.902653 1.140567  0.000000 -0.000000 0.000000
68  -0.138166 -0.291040 1.514192  0.000000 -0.000000 0.000000
69  0.000001 0.037258 2.309324  0.000000 -0.000000 0.000000
70  0.000002 0.222708 4.208475  0.000000 -0.000000 0.000000
71  9.761086 -26.664261 -15.958365  -1.906985 0.264999 0.644311
72  -0.138165 1.520394 -1.114658  0.000000 -0.000000 -0.000000
73  0.138168 1.347510 -1.114660  0.000000 -0.000000 -0.000000
time 18
0  0.031807 0.000000 -0.000718  -1.570800 -1.391899 -1.570792
1  -7.729974 -6.601239 0.424874  -1.544956 -1.855077 -0.198630
2  6.027516 -0.000331 0.000203  -1.456347 -0.563299 -0.326419
3  11.692104 0.000484 -0.000738  0.814716 -0.000034 -1.500246
4  11.480469 -0.000727 -0.000300  1.528558 -0.035423 0.192766
5  3.859499 -0.142875 -1.192063  -0.390515 0.304511 -0.540896
6  1.312589 0.000016 0.000002  -0.000010 0.000052 -0.075884
7  0.729355 0.000050 -0.009314  0.000023 0.000013 0.119532
8  3.942139 0.046276 -0.431527  -0.116047 0.122338 -0.448792
9  1.539110 0.000083 -0.000002  0.000001 0.000022 0.116010
10  1.196334 0.000142 0.000029  0.000016 0.000015 -0.066919
11  3.883509 -0.047267 0.431362  0.088049 -0.010104 -0.225458
12  1.719572 -0.000027 0.000010  0.001976 0.005151 -0.002675
13  1.209177 0.000090 0.000009  0.001103 0.002888 0.147415
14  4.285911 -0.334951 1.355535  0.318431 -0.164057 -0.186699
15  1.719447 -0.000011 0.000023  0.001473 0.003791 0.000833
16  1.099674 0.000045 -0.000004  0.000868 0.002427 0.098229
17  0.805999 -0.349049 1.321250  -1.239516 -0.592662 -0.761805
18  1.789820 -0.000009 -0.000015  -0.000535 0.000798 -0.043739
19  1.207015 -0.000017 -0.000044  -0.000137 -0.000065 0.078829
20  5.740635 0.000365 -0.000699  -0.011520 0.000003 0.000060
21  11.481105 -0.000007 -0.000714  -0.006130 0.013344 0.027819
22  6.027522 -0.000330 0.000207  -0.744837 -2.477846 -1.380712
23  0.000001 11.692097 -0.000008  -1.029605 -0.476091 -0.810352
24  0.000004 0.000006 0.000001  1.683815 -0.000031 1.570738
25  -0.000003 -0.000007 -0.000002  0.868967 -0.000008 1.570721
26  -6.617934 -9.178503 0.826812  1.473120 1.855074 -0.198639
27  6.027522 -0.000265 -0.000223  1.464473 0.760614 -1.382838
28  11.691998 0.000242 0.000862  0.459003 0.000047 -1.544770
29  11.479933 -0.000157 0.000998  -1.757061 0.355517 0.001844
30  3.859439 -0.132763 1.193063  0.469647 -0.013262 -1.872396
31  1.312559 0.000027 -0.000002  0.024060 -0.138695 -0.550187
32  0.729346 0.000065 -0.000028  -0.166197 -0.081570 -0.714272
33  3.942048 0.050134 0.430999  0.225311 -0.086239 -1.592715
34  1.539097 0.000007 -0.000006  0.035254 -0.050374 -0.994348
35  1.196301 0.000077 -0.000009  -0.021522 0.002174 -0.839739
36  3.883414 -0.050477 -0.431086  0.184827 -0.271742 -1.204033
37  1.719565 -0.000080 -0.000014  0.022857 -0.107188 -1.509106
38  1.209196 0.000035 0.000004  0.000661 0.071070 -0.480462
39  3.859589 -0.149086 -1.331322  -0.136242 0.071376 -0.187198
40  1.719414 -0.000095 -0.000049  -0.028395 -0.010016 -0.293945
41  1.099674 0.000025 -0.000002  -0.007710 -0.002094 0.219117
42  0.805983 -0.359849 -1.318339  1.134762 0.249907 -0.841728
43  1.789780 -0.000007 -0.000030  0.000332 -0.014982 0.147148
44  1.206997 -0.000003 0.000013  0.000010 -0.117704 1.485327
45  5.740574 0.000118 0.000726  -0.005380 -0.000013 0.000032
46  11.480934 0.000105 0.000953  -0.038668 0.048648 -0.001913
47  6.027517 -0.000278 -0.000232  -0.942878 -0.551326 -2.328667
48  -0.000001 11.691979 -0.000009  -1.055860 0.500900 0.826796
49  0.000003 -0.000002 0.000001  2.731531 -0.000036 1.570861
50  -0.000007 -0.000014 0.000003  2.272646 -0.000031 1.570865
51  -3.183950 -6.217266 -8.488264  0.489972 -2.678003 1.301909
52  -0.000001 -0.000000 -0.000000  0.008153 -0.000259 0.000009
53  0.000000 -0.000000 -0.000001  1.565115 0.043565 -0.106862
54  9.056263 -8.458318 -11.855413  1.774720 -0.256944 -1.871424
55  0.000000 -0.000001 0.000001  0.000000 -0.000000 -0.000002
56  0.000031 0.000028 0.000002  -1.571901 -0.044449 -0.106509
57  24.511135 17.678783 -17.986952  1.570796 -0.000000 0.000000
58  -3.727675 3.663581 -24.704409  1.570796 -0.000000 0.000000
59  0.460983 7.871021 -6.433903  1.570796 -0.000000 0.000000
60  -0.004311 0.001230 -0.000371  0.006898 -0.005534 -0.284228
61  0.858610 10.209643 -4.879772  1.570796 -0.000000 0.000000
62  0.000000 0.000000 0.000000  -0.078728 -3.136056 0.284225
63  0.031801 0.000000 -0.000718  1.576037 -0.006836 0.001798
64  -4.191533 -9.839336 -2.627088  1.209835 -0.382068 0.187087
65  0.000000 -1.379689 -0.604538  -0.000000 0.000000 0.000000
66  0.000001 -0.131222 7.571678  -0.000000 0.000000 0.000000
67  0.496508 -0.902652 1.140568  -0.000000 0.000000 0.000000
68  -0.138166 -0.291039 1.514191  -0.000000 0.000000 0.000000
69  0.000001 0.037259 2.309323  -0.000000 0.000000 0.000000
70  0.000002 0.222709 4.208475  -0.000000 0.000000 0.000000
71  9.990314 -26.973476 -18.809261  -1.948564 0.262609 0.601945
72  -0.138166 1.520398 -1.114660  -0.000000 0.000000 0.000000
73  0.138167 1.347512 -1.114661  -0.000000 0.000000 0.000000
time 19
0  0.031807 0.000000 -0.000718  -1.570800 -1.391899 -1.570792
1  -7.842894 -7.225696 0.424875  -1.544956 -1.855077 -0.198630
2  6.027517 -0.000328 0.000203  -1.387782 -0.566001 -0.415055
3  11.692103 0.000483 -0.000740  0.815278 -0.000032 -1.475384
4  11.480682 -0.000635 -0.000397  1.347762 -0.391332 0.048388
5  3.859501 -0.142875 -1.192064  -0.467386 0.034668 -1.035803
6  1.312588 0.000015 0.000003  -0.000968 0.002217 -0.059064
7  0.729357 0.000051 -0.010000  -0.000032 0.000020 -0.356872
8  3.942141 0.046277 -0.431528  -0.236984 0.008849 -0.855241
9  1.539111 0.000082 -0.000000  -0.001575 -0.003737 -0.094721
10  1.196336 0.000143 0.000028  0.000372 0.000011 -0.800314
11  3.883508 -0.047267 0.431361  -0.056831 0.009388 -0.527471
12  1.719573 -0.000026 0.000012  -0.010471 -0.025677 -0.435176
13  1.209178 0.000089 0.000007  0.002258 0.002510 -0.500670
14  4.317126 -0.349339 1.357230  0.200876 -0.129942 -0.254044
15  1.719445 -0.000010 0.000024  -0.005031 -0.007374 -0.559168
16  1.099675 0.000045 -0.000005  0.000203 0.002423 -0.527119
17  0.806002 -0.349049 1.321249  -1.286674 -0.541692 -0.623803
18  1.789821 -0.000008 -0.000013  0.000329 -0.049210 0.160237
19  1.207014 -0.000016 -0.000041  -0.002746 -0.044328 -0.076178
20  5.740635 0.000365 -0.000699  -0.033047 0.000003 0.000060
21  11.481146 0.000010 -0.000731  -0.036653 -0.058731 -0.010407
22  6.027523 -0.000329 0.000207  -0.786883 -2.429814 -1.405947
23  0.000000 11.692099 -0.000007  -1.014861 -0.462396 -0.800969
24  0.000003 0.000007 0.000001  1.684376 -0.000031 1.570738
25  -0.000002 -0.000006 -0.000001  0.868967 -0.000008 1.570721
26  -6.617934 -9.178503 0.826812  1.473120 1.855074 -0.198639
27  6.027522 -0.000265 -0.000223  1.468704 0.755662 -1.383412
28  11.691998 0.000244 0.000862  0.459004 0.000048 -1.553977
29  11.479865 -0.000195 0.001018  -1.726847 0.342400 0.035895
30  3.859438 -0.132762 1.193064  0.469647 -0.013262 -1.872396
31  1.312560 0.000026 -0.000003  0.024060 -0.138695 -0.550187
32  0.729346 0.000065 -0.000029  -0.166197 -0.081570 -0.714272
33  3.942048 0.050135 0.430999  0.225311 -0.086239 -1.592715
34  1.539098 0.000007 -0.000005  0.035254 -0.050374 -0.994348
35  1.196299 0.000077 -0.000009  -0.021522 0.002174 -0.839739
36  3.883414 -0.050477 -0.431085  0.184827 -0.271742 -1.204033
37  1.719564 -0.000081 -0.000014  0.022857 -0.107188 -1.509106
38  1.209198 0.000035 0.000006  0.000661 0.071070 -0.480462
39  3.859589 -0.149086 -1.331321  -0.136242 0.071376 -0.187198
40  1.719413 -0.000094 -0.000050  -0.028395 -0.010015 -0.293945
41  1.099674 0.000024 -0.000002  -0.007710 -0.002094 0.219117
42  0.805983 -0.359849 -1.318338  1.134762 0.249907 -0.841728
43  1.789780 -0.000007 -0.000030  0.000332 -0.014982 0.147148
44  1.206997 -0.000005 0.000014  0.000010 -0.117704 1.485327
45  5.740576 0.000117 0.000727  -0.004101 -0.000013 0.000032
46  11.480922 0.000097 0.000958  -0.033412 0.045743 0.003421
47  6.027517 -0.000278 -0.000232  -0.936051 -0.551713 -2.335727
48  -0.000001 11.691980 -0.000008  -1.061287 0.506082 0.830122
49  0.000003 -0.000002 0.000000  2.731531 -0.000036 1.570861
50  -0.000006 -0.000015 0.000004  2.272646 -0.000031 1.570865
51  -3.233346 -6.147012 -8.486859  0.499171 -2.692133 1.330047
52  -0.000000 0.000000 -0.000001  0.008153 -0.000259 0.000009
53  -0.000000 -0.000000 0.000000  1.565115 0.043565 -0.106862
54  8.431784 -7.861073 -12.866143  1.582845 -0.535719 -2.099888
55  -0.000000 0.000000 0.000000  0.000000 -0.000000 -0.000002
56  0.000030 0.000029 0.000001  -1.571901 -0.044449 -0.106509
57  24.410044 18.021679 -18.549465  1.570796 -0.000000 0.000000
58  -3.675501 3.624871 -24.745663  1.570796 -0.000000 0.000000
59  0.460983 8.505604 -6.433903  1.570796 -0.000000 0.000000
60  -0.004311 0.001230 -0.000372  0.006898 -0.005534 -0.284228
61  0.858610 10.209643 -4.879772  1.570796 -0.000000 0.000000
62  0.000000 0.000000 0.000000  -0.078728 -3.136056 0.284225
63  0.031801 0.000000 -0.000718  1.574957 -0.006010 0.002175
64  -4.190123 -9.868351 -2.679604  1.219614 -0.395705 0.215572
65  -0.000000 -1.379688 -0.604538  -0.000000 -0.000000 -0.000000
66  0.000001 -0.131222 7.571677  -0.000000 -0.000000 -0.000000
67  0.496507 -0.902652 1.140567  -0.000000 -0.000000 -0.000000
68  -0.138166 -0.291039 1.514191  -0.000000 -0.000000 -0.000000
69  -0.000000 0.037259 2.309323  -0.000000 -0.000000 -0.000000
70  0.000002 0.222708 4.208475  -0.000000 -0.000000 -0.000000
71  3.331132 -11.376473 -11.001941  1.178931 -0.674488 0.790942
72  -0.138166 1.520395 -1.114660  0.000000 -0.000000 0.000000
73  0.138168 1.347511 -1.114662  0.000000 -0.000000 0.000000
time 20
0  0.031807 0.000000 -0.000718  -1.570800 -1.391899 -1.570792
1  -7.882984 -7.447393 0.424875  -1.544956 -1.855077 -0.198630
2  6.027517 -0.000329 0.000202  -1.393739 -0.703738 -0.429585
3  11.692103 0.000483 -0.000738  0.815344 -0.000030 -1.432962
4  11.479689 -0.000988 -0.000025  1.422879 -0.538704 -0.093573
5  3.859499 -0.142876 -1.192062  -0.407010 -0.239018 -1.523751
6  1.312589 0.000015 0.000002  -0.001901 0.004392 -0.047442
7  0.729356 0.000049 -0.010228  -0.000084 0.000000 -0.833222
8  3.942138 0.046275 -0.431526  -0.304074 -0.142606 -1.249222
9  1.539112 0.000081 -0.000002  -0.002330 -0.007743 -0.305450
10  1.196335 0.000143 0.000029  0.000639 0.000246 -1.533524
11  3.883507 -0.047269 0.431362  -0.200910 -0.015139 -0.829136
12  1.719574 -0.000028 0.000010  -0.008846 -0.058868 -0.867841
13  1.209178 0.000090 0.000008  0.003406 0.002906 -1.148616
14  4.327496 -0.354120 1.357794  0.081701 -0.103935 -0.324708
15  1.719446 -0.000010 0.000023  -0.004611 -0.020282 -1.119091
16  1.099675 0.000047 -0.000005  -0.000334 0.002030 -1.152466
17  0.806000 -0.349050 1.321250  -1.341640 -0.514744 -0.502746
18  1.789821 -0.000008 -0.000014  -0.008320 -0.096614 0.353402
19  1.207014 -0.000017 -0.000043  0.001091 -0.088462 -0.221985
20  5.740636 0.000364 -0.000699  -0.012462 0.000003 0.000060
21  11.480946 -0.000061 -0.000657  -0.025103 -0.085988 -0.036776
22  6.027522 -0.000329 0.000206  2.215441 -0.627522 1.804183
23  0.000002 11.692097 -0.000006  -0.989599 -0.439319 -0.784587
24  0.000003 0.000006 0.000001  1.684441 -0.000031 1.570738
25  -0.000001 -0.000006 -0.000001  0.868967 -0.000009 1.570721
26  -6.617934 -9.178503 0.826812  1.473120 1.855074 -0.198639
27  6.027522 -0.000265 -0.000223  1.460955 0.754862 -1.388448
28  11.691997 0.000245 0.000862  0.459004 0.000048 -1.560352
29  11.479815 -0.000217 0.001030  -1.672552 0.344932 0.065334
30  3.859437 -0.132762 1.193063  0.469647 -0.013262 -1.872396
31  1.312559 0.000027 -0.000001  0.024060 -0.138695 -0.550187
32  0.729345 0.000065 -0.000029  -0.166197 -0.081570 -0.714272
33  3.942047 0.050134 0.430998  0.225311 -0.086239 -1.592715
34  1.539097 0.000007 -0.000005  0.035254 -0.050374 -0.994348
35  1.196300 0.000078 -0.000008  -0.021522 0.002174 -0.839739
36  3.883413 -0.050477 -0.431086  0.184827 -0.271742 -1.204033
37  1.719565 -0.000081 -0.000014  0.022857 -0.107188 -1.509106
38  1.209196 0.000036 0.000005  0.000661 0.071070 -0.480462
39  3.859588 -0.149086 -1.331322  -0.136242 0.071376 -0.187198
40  1.719414 -0.000096 -0.000049  -0.028395 -0.010016 -0.293945
41  1.099674 0.000024 -0.000002  -0.007710 -0.002094 0.219117
42  0.805983 -0.359849 -1.318339  1.134762 0.249907 -0.841728
43  1.789780 -0.000008 -0.000030  0.000332 -0.014982 0.147148
44  1.206997 -0.000004 0.000014  0.000010 -0.117704 1.485327
45  5.740574 0.000119 0.000727  0.005110 -0.000013 0.000032
46  11.480909 0.000095 0.000960  -0.023427 0.046417 0.007099
47  6.027517 -0.000278 -0.000232  -0.939152 -0.556765 -2.333820
48  -0.000000 11.691979 -0.000008  -1.065042 0.509678 0.832412
49  0.000003 -0.000002 0.000000  2.731531 -0.000036 1.570861
50  -0.000006 -0.000014 0.000004  2.272646 -0.000031 1.570865
51  -3.146763 -6.091436 -8.433269  0.538916 -2.709886 1.350981
52  0.000000 -0.000001 -0.000000  0.008153 -0.000259 0.000009
53  -0.000000 -0.000000 -0.000001  1.565115 0.043565 -0.106862
54  6.978767 -8.409916 -11.606331  -1.389457 -2.436903 0.750440
55  0.000000 -0.000000 0.000000  0.000000 -0.000000 -0.000002
56  0.000030 0.000029 0.000001  -1.571901 -0.044449 -0.106509
57  24.376453 18.130005 -18.736370  1.570796 -0.000000 0.000000
58  -3.629128 3.585639 -24.782326  1.570796 -0.000000 0.000000
59  0.460983 8.730898 -6.433903  1.570796 -0.000000 0.000000
60  -0.004311 0.001230 -0.000372  0.006898 -0.005534 -0.284228
61  0.858610 10.209643 -4.879772  1.570796 -0.000000 0.000000
62  0.000000 0.000000 0.000000  -0.078728 -3.136056 0.284225
63  0.031801 0.000000 -0.000718  1.573828 -0.006014 0.002705
64  -4.186255 -9.902985 -2.699200  1.219341 -0.435797 0.253569
65  0.000000 -1.379688 -0.604538  0.000000 0.000000 -0.000000
66  0.000001 -0.131223 7.571677  0.000000 0.000000 -0.000000
67  0.496508 -0.902652 1.140568  0.000000 0.000000 -0.000000
68  -0.138167 -0.291039 1.514192  0.000000 0.000000 -0.000000
69  0.000001 0.037259 2.309323  0.000000 0.000000 -0.000000
70  0.000002 0.222709 4.208475  0.000000 0.000000 -0.000000
71  1.953673 -10.864406 -9.251273  0.932290 -0.714909 0.875617
72  -0.138166 1.520396 -1.114660  -0.000000 -0.000000 0.000000
73  0.138168 1.347512 -1.114662  -0.000000 -0.000000 0.000000
time 21
0  0.031807 0.000000 -0.000718  -1.570800 -1.391899 -1.570792
1  -7.797868 -6.945266 0.418188  -1.544956 -1.855077 -0.198630
2  6.027518 -0.000331 0.000200  -1.526708 -0.759123 -0.173002
3  11.692106 0.000484 -0.000738  0.774224 -0.000032 -1.434340
4  11.479683 -0.000993 -0.000064  1.460419 -0.478860 -0.250084
5  3.859500 -0.142877 -1.192064  -0.407010 -0.239018 -1.523751
6  1.312590 0.000015 0.000002  -0.001901 0.004392 -0.047442
7  0.729357 0.000050 -0.010228  -0.000084 0.000000 -0.833222
8  3.942138 0.046276 -0.431528  -0.304074 -0.142606 -1.249222
9  1.539109 0.000081 -0.000001  -0.002330 -0.007743 -0.305450
10  1.196336 0.000142 0.000029  0.000639 0.000246 -1.533524
11  3.883508 -0.047268 0.431361  -0.200910 -0.015139 -0.829136
12  1.719573 -0.000028 0.000011  -0.008846 -0.058868 -0.867840
13  1.209178 0.000090 0.000008  0.003406 0.002906 -1.148616
14  4.327496 -0.354121 1.357793  0.081701 -0.103935 -0.324708
15  1.719447 -0.000011 0.000023  -0.004611 -0.020282 -1.119091
16  1.099676 0.000046 -0.000004  -0.000334 0.002030 -1.152466
17  0.806001 -0.349049 1.321249  -1.341640 -0.514744 -0.502746
18  1.789822 -0.000007 -0.000016  -0.008320 -0.096614 0.353402
19  1.207015 -0.000016 -0.000043  0.001091 -0.088462 -0.221985
20  5.740634 0.000363 -0.000699  -0.003833 0.000003 0.000060
21  11.480944 -0.000062 -0.000665  -0.022799 -0.072725 -0.065019
22  6.027523 -0.000330 0.000205  2.229569 -0.514810 1.964195
23  0.000001 11.692101 -0.000006  -0.990419 -0.440063 -0.785129
24  0.000001 0.000006 0.000000  1.643319 -0.000031 1.570738
25  -0.000001 -0.000006 -0.000002  0.868967 -0.000009 1.570721
26  -6.617934 -9.178503 0.826812  1.473120 1.855074 -0.198639
27  6.027522 -0.000265 -0.000223  1.442903 0.759349 -1.397549
28  11.691998 0.000244 0.000862  0.459004 0.000049 -1.561679
29  11.479807 -0.000223 0.001031  -1.604048 0.360731 0.084076
30  3.859438 -0.132762 1.193065  0.469647 -0.013262 -1.872396
31  1.312560 0.000026 -0.000002  0.024060 -0.138695 -0.550187
32  0.729345 0.000065 -0.000028  -0.166197 -0.081570 -0.714272
33  3.942047 0.050135 0.430999  0.225311 -0.086239 -1.592715
34  1.539097 0.000007 -0.000005  0.035254 -0.050374 -0.994348
35  1.196301 0.000078 -0.000008  -0.021522 0.002174 -0.839739
36  3.883414 -0.050477 -0.431086  0.184827 -0.271742 -1.204033
37  1.719564 -0.000082 -0.000015  0.022857 -0.107188 -1.509106
38  1.209198 0.000035 0.000006  0.000661 0.071070 -0.480462
39  3.859589 -0.149086 -1.331321  -0.136242 0.071376 -0.187198
40  1.719414 -0.000096 -0.000049  -0.028395 -0.010016 -0.293945
41  1.099673 0.000024 -0.000003  -0.007710 -0.002094 0.219117
42  0.805983 -0.359849 -1.318338  1.134762 0.249907 -0.841728
43  1.789780 -0.000008 -0.000029  0.000332 -0.014982 0.147148
44  1.206996 -0.000004 0.000013  0.000010 -0.117703 1.485327
45  5.740574 0.000119 0.000726  0.020447 -0.000013 0.000032
46  11.480909 0.000093 0.000960  -0.010656 0.050205 0.008091
47  6.027517 -0.000278 -0.000232  -0.952610 -0.564664 -2.323365
48  -0.000000 11.691980 -0.000006  -1.065823 0.510428 0.832887
49  0.000003 -0.000002 -0.000001  2.731531 -0.000036 1.570861
50  -0.000006 -0.000015 0.000006  2.272646 -0.000031 1.570865
51  -2.944525 -6.068665 -8.329193  0.601356 -2.725932 1.361676
52  -0.000000 -0.000000 -0.000000  0.008153 -0.000259 0.000009
53  0.000000 -0.000000 -0.000000  1.565115 0.043565 -0.106862
54  7.497965 -9.178587 -9.459702  -1.166053 -2.601088 0.513560
55  -0.000000 0.000000 -0.000001  0.000000 -0.000000 -0.000002
56  0.000030 0.000029 0.000000  -1.571901 -0.044449 -0.106509
57  24.397724 13.708515 -16.063980  1.570796 -0.000000 0.000000
58  -3.588421 3.546343 -24.814514  1.570796 -0.000000 0.000000
59  0.454296 8.221638 -6.439496  1.570796 -0.000000 0.000000
60  -0.004311 0.001230 -0.000372  0.006898 -0.005534 -0.284228
61  0.858610 10.209643 -4.879772  1.570796 -0.000000 0.000000
62  0.000000 0.000000 0.000000  -0.078728 -3.136056 0.284225
63  0.031801 0.000000 -0.000718  1.572723 -0.006050 0.003311
64  -4.180476 -9.941874 -2.675992  1.205250 -0.493576 0.296260
65  -0.000000 -1.379688 -0.604539  0.000000 -0.000000 -0.000000
66  0.000001 -0.131223 7.571677  0.000000 -0.000000 -0.000000
67  0.496507 -0.902652 1.140568  0.000000 -0.000000 -0.000000
68  -0.138166 -0.291040 1.514191  0.000000 -0.000000 -0.000000
69  0.000000 0.037259 2.309323  0.000000 -0.000000 -0.000000
70  0.000002 0.222709 4.208474  0.000000 -0.000000 -0.000000
71  1.822974 -10.977733 -8.284995  0.624178 -0.818763 0.984766
72  -0.138165 1.520397 -1.114659  -0.000000 0.000000 -0.000000
73  0.138169 1.347513 -1.114661  -0.000000 0.000000 -0.000000
time 22
0  0.031807 0.000000 -0.000718  -1.570800 -1.391899 -1.570792
1  -7.550770 -5.483760 0.397989  -1.544956 -1.855077 -0.198630
2  6.027518 -0.000334 0.000203  -1.640308 -0.707664 0.199804
3  11.692102 0.000483 -0.000738  0.650559 -0.000037 -1.562481
4  11.479973 -0.000913 -0.000232  1.295521 -0.396552 -0.121373
5  3.859499 -0.142877 -1.192063  -0.407010 -0.239018 -1.523751
6  1.312589 0.000014 0.000005  -0.001901 0.004392 -0.047442
7  0.729356 0.000050 -0.010228  -0.000084 0.000000 -0.833222
8  3.942138 0.046275 -0.431526  -0.304074 -0.142606 -1.249222
9  1.539110 0.000081 -0.000001  -0.002330 -0.007743 -0.305450
10  1.196336 0.000142 0.000031  0.000639 0.000246 -1.533524
11  3.883507 -0.047268 0.431362  -0.200910 -0.015139 -0.829136
12  1.719572 -0.000027 0.000011  -0.008846 -0.058869 -0.867840
13  1.209179 0.000090 0.000007  0.003406 0.002906 -1.148616
14  4.327496 -0.354122 1.357794  0.081701 -0.103935 -0.324708
15  1.719447 -0.000011 0.000024  -0.004611 -0.020282 -1.119091
16  1.099673 0.000046 -0.000003  -0.000334 0.002030 -1.152466
17  0.806002 -0.349050 1.321249  -1.341640 -0.514744 -0.502746
18  1.789820 -0.000009 -0.000014  -0.008320 -0.096614 0.353402
19  1.207014 -0.000016 -0.000043  0.001091 -0.088462 -0.221985
20  5.740635 0.000364 -0.000697  -0.042876 0.000003 0.000060
21  11.481003 -0.000045 -0.000697  -0.050758 -0.056688 -0.046304
22  6.027523 -0.000330 0.000207  -0.814741 -2.675776 -0.926558
23  0.000002 11.692097 -0.000006  -1.066351 -0.510899 -0.833126
24  0.000004 0.000008 -0.000001  1.519660 -0.000031 1.570738
25  -0.000002 -0.000007 -0.000001  0.868967 -0.000009 1.570721
26  -6.617934 -9.178503 0.826812  1.473120 1.855074 -0.198639
27  6.027522 -0.000265 -0.000223  1.416432 0.768764 -1.410404
28  11.691998 0.000242 0.000861  0.459004 0.000048 -1.558024
29  11.479833 -0.000210 0.001025  -1.530881 0.389578 0.091248
30  3.859439 -0.132762 1.193064  0.469647 -0.013263 -1.872396
31  1.312558 0.000027 -0.000003  0.024060 -0.138695 -0.550187
32  0.729346 0.000065 -0.000028  -0.166197 -0.081570 -0.714272
33  3.942048 0.050135 0.430998  0.225311 -0.086239 -1.592715
34  1.539097 0.000008 -0.000006  0.035254 -0.050374 -0.994348
35  1.196299 0.000077 -0.000007  -0.021522 0.002174 -0.839739
36  3.883414 -0.050476 -0.431085  0.184827 -0.271742 -1.204033
37  1.719564 -0.000081 -0.000015  0.022857 -0.107188 -1.509106
38  1.209198 0.000035 0.000004  0.000661 0.071070 -0.480462
39  3.859589 -0.149086 -1.331323  -0.136242 0.071376 -0.187198
40  1.719414 -0.000095 -0.000049  -0.028395 -0.010016 -0.293945
41  1.099674 0.000023 -0.000002  -0.007710 -0.002094 0.219117
42  0.805983 -0.359848 -1.318339  1.134762 0.249907 -0.841728
43  1.789780 -0.000007 -0.000030  0.000332 -0.014982 0.147148
44  1.206998 -0.000004 0.000013  0.000010 -0.117703 1.485327
45  5.740575 0.000119 0.000726  0.039928 -0.000013 0.000032
46  11.480914 0.000096 0.000958  0.002978 0.056833 0.006362
47  6.027517 -0.000278 -0.000232  -0.975355 -0.573987 -2.305644
48  -0.000001 11.691979 -0.000007  -1.063671 0.508364 0.831577
49  0.000003 -0.000002 0.000002  2.731531 -0.000036 1.570860
50  -0.000006 -0.000015 0.000005  2.272646 -0.000031 1.570865
51  -2.650528 -6.075875 -8.179435  -2.464157 -0.401787 -1.781297
52  0.000000 -0.000000 0.000000  0.008153 -0.000259 0.000009
53  0.000000 0.000000 -0.000001  1.565115 0.043565 -0.106862
54  7.670990 -9.671844 -7.562820  -1.204930 -2.763735 0.535971
55  -0.000001 -0.000000 0.000001  0.000000 -0.000000 -0.000002
56  0.000029 0.000029 0.000003  -1.571901 -0.044449 -0.106509
57  24.443241 4.247079 -10.345394  1.570796 -0.000000 0.000000
58  -3.553157 3.507451 -24.842392  1.570796 -0.000000 0.000000
59  0.434099 6.739487 -6.456409  1.570796 -0.000000 0.000000
60  -0.004311 0.001230 -0.000371  0.006898 -0.005534 -0.284228
61  0.858610 10.209643 -4.879772  1.570796 -0.000000 0.000000
62  0.000000 0.000000 0.000000  -0.078728 -3.136056 0.284225
63  0.031801 0.000000 -0.000718  1.571712 -0.006148 0.003917
64  -4.173333 -9.983427 -2.620650  1.178476 -0.560887 0.338608
65  0.000001 -1.379688 -0.604538  0.000000 -0.000000 0.000000
66  0.000002 -0.131223 7.571679  0.000000 -0.000000 0.000000
67  0.496508 -0.902652 1.140568  0.000000 -0.000000 0.000000
68  -0.138165 -0.291040 1.514192  0.000000 -0.000000 0.000000
69  0.000001 0.037259 2.309323  0.000000 -0.000000 0.000000
70  0.000003 0.222709 4.208475  0.000000 -0.000000 0.000000
71  1.916793 -11.580614 -7.301647  0.550366 -0.978695 1.047843
72  -0.138166 1.520397 -1.114660  0.000000 0.000000 0.000000
73  0.138167 1.347512 -1.114661  0.000000 0.000000 0.000000
time 23
0  0.031807 0.000000 -0.000718  -1.570800 -1.391899 -1.570792
1  -7.199363 -3.382065 0.364172  -1.544956 -1.855077 -0.198630
2  6.027519 -0.000334 0.000204  -1.732411 -0.681698 0.379913
3  11.692103 0.000482 -0.000738  0.463401 -0.000044 -1.646442
4  11.479363 -0.001169 -0.000245  1.237649 -0.391016 -0.087402
5  3.859499 -0.142877 -1.192064  -0.407010 -0.239018 -1.523751
6  1.312591 0.000014 0.000003  -0.001901 0.004392 -0.047442
7  0.729356 0.000051 -0.010228  -0.000084 0.000000 -0.833222
8  3.942138 0.046275 -0.431529  -0.304074 -0.142606 -1.249222
9  1.539111 0.000082 -0.000000  -0.002330 -0.007743 -0.305450
10  1.196335 0.000143 0.000029  0.000639 0.000246 -1.533524
11  3.883507 -0.047269 0.431361  -0.200910 -0.015139 -0.829136
12  1.719573 -0.000026 0.000009  -0.008846 -0.058868 -0.867841
13  1.209179 0.000089 0.000008  0.003406 0.002906 -1.148616
14  4.327496 -0.354121 1.357791  0.081701 -0.103935 -0.324708
15  1.719447 -0.000011 0.000024  -0.004611 -0.020282 -1.119091
16  1.099674 0.000047 -0.000004  -0.000334 0.002030 -1.152466
17  0.806001 -0.349050 1.321249  -1.341640 -0.514744 -0.502746
18  1.789821 -0.000007 -0.000015  -0.008320 -0.096614 0.353402
19  1.207014 -0.000016 -0.000042  0.001091 -0.088462 -0.221985
20  5.740635 0.000365 -0.000698  -0.055540 0.000003 0.000060
21  11.480882 -0.000096 -0.000700  -0.061190 -0.056205 -0.041963
22  6.027524 -0.000330 0.000207  -0.757756 -2.730709 -0.829639
23  0.000003 11.692100 -0.000007  -1.115659 -0.558977 -0.862203
24  0.000003 0.000006 -0.000001  1.332503 -0.000031 1.570738
25  -0.000001 -0.000007 -0.000002  0.868967 -0.000008 1.570721
26  -6.617934 -9.178503 0.826812  1.473120 1.855074 -0.198639
27  6.027522 -0.000265 -0.000223  1.383746 0.781731 -1.426580
28  11.691998 0.000242 0.000862  0.459003 0.000048 -1.551223
29  11.479881 -0.000183 0.001011  -1.461535 0.432505 0.090639
30  3.859438 -0.132763 1.193064  0.469647 -0.013262 -1.872396
31  1.312560 0.000026 -0.000002  0.024060 -0.138695 -0.550187
32  0.729347 0.000065 -0.000029  -0.166197 -0.081570 -0.714272
33  3.942048 0.050135 0.430999  0.225311 -0.086239 -1.592715
34  1.539097 0.000008 -0.000006  0.035254 -0.050374 -0.994348
35  1.196300 0.000077 -0.000008  -0.021522 0.002174 -0.839739
36  3.883414 -0.050477 -0.431086  0.184827 -0.271742 -1.204033
37  1.719565 -0.000081 -0.000014  0.022857 -0.107188 -1.509106
38  1.209199 0.000035 0.000005  0.000661 0.071070 -0.480462
39  3.859588 -0.149086 -1.331322  -0.136242 0.071376 -0.187198
40  1.719413 -0.000095 -0.000049  -0.028395 -0.010016 -0.293945
41  1.099674 0.000023 -0.000002  -0.007710 -0.002094 0.219117
42  0.805983 -0.359849 -1.318339  1.134762 0.249907 -0.841728
43  1.789781 -0.000007 -0.000029  0.000332 -0.014982 0.147148
44  1.206997 -0.000005 0.000014  0.000010 -0.117703 1.485327
45  5.740572 0.000118 0.000726  0.061544 -0.000013 0.000032
46  11.480922 0.000100 0.000956  0.015703 0.066232 0.002794
47  6.027517 -0.000278 -0.000232  -1.005112 -0.583611 -2.282664
48  -0.000001 11.691981 -0.000008  -1.059664 0.504530 0.829129
49  0.000003 -0.000001 -0.000001  2.731531 -0.000036 1.570860
50  -0.000007 -0.000015 0.000005  2.272646 -0.000031 1.570865
51  -2.293421 -6.095845 -7.989419  -2.384031 -0.386554 -1.795192
52  -0.000000 0.000001 0.000000  0.008153 -0.000259 0.000009
53  -0.000000 -0.000000 -0.000000  1.565115 0.043565 -0.106862
54  7.172862 -11.033948 -6.297664  -1.311010 -2.764982 0.506840
55  0.000000 -0.000000 0.000001  0.000000 -0.000000 -0.000002
56  0.000030 0.000028 0.000002  -1.571902 -0.044449 -0.106509
57  24.464512 -0.174413 -7.673001  1.570796 -0.000000 0.000000
58  -3.523055 3.469432 -24.866196  1.570796 -0.000000 0.000000
59  0.400283 4.608803 -6.484594  1.570796 -0.000000 0.000000
60  -0.004311 0.001230 -0.000371  0.006898 -0.005534 -0.284228
61  0.858610 10.209643 -4.879772  1.570796 -0.000000 0.000000
62  0.000000 0.000000 0.000000  -0.078728 -3.136056 0.284225
63  0.031801 0.000000 -0.000718  1.570866 -0.006339 0.004445
64  -4.165370 -10.026052 -2.554597  1.145407 -0.631291 0.374078
65  0.000000 -1.379688 -0.604538  0.000000 -0.000000 -0.000000
66  0.000001 -0.131223 7.571677  0.000000 -0.000000 -0.000000
67  0.496507 -0.902652 1.140566  0.000000 -0.000000 -0.000000
68  -0.138166 -0.291039 1.514191  0.000000 -0.000000 -0.000000
69  0.000000 0.037259 2.309322  0.000000 -0.000000 -0.000000
70  0.000002 0.222709 4.208474  0.000000 -0.000000 -0.000000
71  1.316633 -12.574586 -5.905982  0.715885 -1.020409 0.840243
72  -0.138165 1.520397 -1.114661  0.000000 -0.000000 -0.000000
73  0.138168 1.347513 -1.114662  0.000000 -0.000000 -0.000000
time 24
0  0.031807 0.000000 -0.000718  -1.570800 -1.391899 -1.570792
1  -6.858592 -1.278447 0.316794  -1.544956 -1.855077 -0.198630
2  6.027519 -0.000334 0.000203  -1.798211 -0.731887 0.430041
3  11.692102 0.000482 -0.000738  0.267291 -0.000045 -1.666296
4  11.479223 -0.001168 -0.000449  1.302809 -0.478132 -0.147150
5  3.859499 -0.142877 -1.192064  -0.407010 -0.239018 -1.523751
6  1.312590 0.000015 0.000002  -0.001901 0.004392 -0.047442
7  0.729356 0.000051 -0.010230  -0.000084 0.000000 -0.833222
8  3.942138 0.046275 -0.431528  -0.304074 -0.142606 -1.249222
9  1.539111 0.000082 -0.000003  -0.002330 -0.007743 -0.305450
10  1.196335 0.000143 0.000030  0.000639 0.000246 -1.533524
11  3.883507 -0.047269 0.431361  -0.200910 -0.015139 -0.829136
12  1.719573 -0.000027 0.000010  -0.008846 -0.058868 -0.867840
13  1.209179 0.000090 0.000009  0.003406 0.002906 -1.148616
14  4.327496 -0.354121 1.357793  0.081701 -0.103935 -0.324708
15  1.719446 -0.000009 0.000024  -0.004611 -0.020282 -1.119091
16  1.099674 0.000046 -0.000005  -0.000334 0.002030 -1.152466
17  0.806001 -0.349050 1.321249  -1.341640 -0.514744 -0.502746
18  1.789821 -0.000008 -0.000015  -0.008320 -0.096614 0.353402
19  1.207015 -0.000016 -0.000044  0.001091 -0.088462 -0.221985
20  5.740636 0.000364 -0.000697  -0.041165 0.000003 0.000060
21  11.480855 -0.000096 -0.000740  -0.049859 -0.072503 -0.052674
22  6.027523 -0.000330 0.000207  -0.790288 -2.794799 -0.810226
23  0.000002 11.692095 -0.000007  -1.127296 -0.570522 -0.868793
24  0.000003 0.000008 0.000000  1.136394 -0.000031 1.570738
25  -0.000002 -0.000007 -0.000002  0.868967 -0.000009 1.570721
26  -6.617934 -9.178503 0.826812  1.473120 1.855074 -0.198639
27  6.027523 -0.000265 -0.000223  1.350206 0.796221 -1.444092
28  11.692000 0.000243 0.000862  0.459003 0.000047 -1.541482
29  11.479959 -0.000144 0.000993  -1.400297 0.478860 0.084863
30  3.859438 -0.132762 1.193063  0.469647 -0.013262 -1.872396
31  1.312560 0.000026 -0.000002  0.024060 -0.138695 -0.550187
32  0.729346 0.000065 -0.000028  -0.166197 -0.081570 -0.714272
33  3.942048 0.050135 0.430999  0.225311 -0.086239 -1.592715
34  1.539097 0.000008 -0.000006  0.035254 -0.050374 -0.994348
35  1.196299 0.000078 -0.000009  -0.021522 0.002174 -0.839739
36  3.883414 -0.050476 -0.431085  0.184827 -0.271742 -1.204033
37  1.719564 -0.000081 -0.000015  0.022857 -0.107188 -1.509106
38  1.209198 0.000035 0.000006  0.000661 0.071070 -0.480462
39  3.859588 -0.149086 -1.331322  -0.136242 0.071376 -0.187198
40  1.719413 -0.000096 -0.000048  -0.028395 -0.010016 -0.293945
41  1.099673 0.000023 -0.000002  -0.007710 -0.002094 0.219117
42  0.805983 -0.359849 -1.318338  1.134762 0.249907 -0.841728
43  1.789780 -0.000008 -0.000030  0.000332 -0.014982 0.147148
44  1.206998 -0.000005 0.000014  0.000010 -0.117704 1.485327
45  5.740575 0.000119 0.000727  0.082621 -0.000013 0.000032
46  11.480940 0.000108 0.000953  0.026807 0.076125 -0.001911
47  6.027517 -0.000278 -0.000232  -1.037069 -0.591414 -2.258657
48  -0.000001 11.691982 -0.000008  -1.053921 0.499054 0.825603
49  0.000003 -0.000001 0.000000  2.731531 -0.000036 1.570861
50  -0.000006 -0.000014 0.000004  2.272646 -0.000031 1.570865
51  -1.933437 -6.129860 -7.793875  -2.308482 -0.371576 -1.814698
52  -0.000000 0.000001 0.000000  0.008153 -0.000259 0.000009
53  0.000000 0.000000 0.000000  1.565115 0.043565 -0.106862
54  6.087221 -12.931070 -5.678462  -1.385374 -2.645934 0.377250
55  0.000001 -0.000000 -0.000000  0.000000 -0.000000 -0.000002
56  0.000031 0.000029 0.000001  -1.571901 -0.044449 -0.106509
57  24.051580 -0.018773 -7.898499  1.570796 -0.000000 0.000000
58  -3.497762 3.432738 -24.886192  1.570796 -0.000000 0.000000
59  0.352906 2.478120 -6.523589  1.570796 -0.000000 0.000000
60  -0.004311 0.001230 -0.000371  0.006898 -0.005534 -0.284228
61  0.858610 10.209643 -4.879772  1.570796 -0.000000 0.000000
62  0.000000 0.000000 0.000000  -0.078728 -3.136056 0.284225
63  0.031801 0.000000 -0.000718  1.570208 -0.006656 0.004820
64  -4.157134 -10.068158 -2.499256  1.108786 -0.697011 0.405128
65  0.000000 -1.379689 -0.604539  -0.000000 -0.000000 -0.000000
66  0.000001 -0.131223 7.571677  -0.000000 -0.000000 -0.000000
67  0.496507 -0.902652 1.140567  -0.000000 -0.000000 -0.000000
68  -0.138166 -0.291040 1.514190  -0.000000 -0.000000 -0.000000
69  0.000000 0.037258 2.309323  -0.000000 -0.000000 -0.000000
70  0.000002 0.222708 4.208474  -0.000000 -0.000000 -0.000000
71  0.166624 -13.529178 -4.490529  0.883539 -0.921336 0.540521
72  -0.138166 1.520397 -1.114662  0.000000 0.000000 0.000000
73  0.138168 1.347513 -1.114662  0.000000 0.000000 0.000000
time 25
0  0.031807 0.000000 -0.000718  -1.570800 -1.391899 -1.570792
1  -6.642869 0.188734 0.256110  -1.544956 -1.855077 -0.198630
2  6.027520 -0.000334 0.000203  -1.894606 -0.788375 0.490409
3  11.692102 0.000484 -0.000741  0.126956 -0.000047 -1.678549
4  11.479146 -0.001132 -0.000602  1.421653 -0.481818 -0.236701
5  3.859499 -0.142876 -1.192061  -0.407010 -0.239018 -1.523751
6  1.312590 0.000016 0.000004  -0.001901 0.004392 -0.047442
7  0.729356 0.000050 -0.010227  -0.000084 0.000000 -0.833222
8  3.942138 0.046276 -0.431526  -0.304074 -0.142606 -1.249222
9  1.539110 0.000082 -0.000003  -0.002330 -0.007743 -0.305450
10  1.196335 0.000143 0.000029  0.000639 0.000246 -1.533524
11  3.883507 -0.047268 0.431363  -0.200910 -0.015139 -0.829136
12  1.719574 -0.000027 0.000010  -0.008846 -0.058868 -0.867841
13  1.209179 0.000090 0.000008  0.003406 0.002906 -1.148616
14  4.327496 -0.354121 1.357794  0.081701 -0.103935 -0.324708
15  1.719446 -0.000010 0.000024  -0.004611 -0.020282 -1.119091
16  1.099674 0.000047 -0.000003  -0.000334 0.002030 -1.152466
17  0.806000 -0.349050 1.321249  -1.341640 -0.514744 -0.502746
18  1.789822 -0.000008 -0.000014  -0.008320 -0.096614 0.353402
19  1.207015 -0.000016 -0.000043  0.001092 -0.088462 -0.221985
20  5.740636 0.000365 -0.000699  -0.017072 0.000003 0.000060
21  11.480837 -0.000089 -0.000772  -0.029840 -0.072941 -0.064359
22  6.027523 -0.000330 0.000207  -0.824938 -2.878306 -0.805912
23  -0.000001 11.692098 -0.000007  -1.134473 -0.577678 -0.872806
24  0.000003 0.000006 -0.000000  0.996058 -0.000031 1.570738
25  -0.000002 -0.000007 -0.000002  0.868967 -0.000009 1.570721
26  -6.617934 -9.178503 0.826812  1.473120 1.855074 -0.198639
27  6.027523 -0.000265 -0.000223  1.321982 0.808975 -1.459711
28  11.691998 0.000243 0.000862  0.459003 0.000046 -1.529894
29  11.480047 -0.000093 0.000967  -1.350011 0.515535 0.075629
30  3.859438 -0.132763 1.193064  0.469647 -0.013262 -1.872396
31  1.312560 0.000026 -0.000001  0.024060 -0.138695 -0.550187
32  0.729346 0.000065 -0.000029  -0.166197 -0.081570 -0.714272
33  3.942047 0.050134 0.430999  0.225311 -0.086239 -1.592715
34  1.539097 0.000007 -0.000005  0.035254 -0.050374 -0.994348
35  1.196301 0.000076 -0.000009  -0.021522 0.002174 -0.839739
36  3.883413 -0.050477 -0.431086  0.184827 -0.271742 -1.204033
37  1.719564 -0.000081 -0.000014  0.022857 -0.107188 -1.509106
38  1.209198 0.000036 0.000005  0.000661 0.071070 -0.480462
39  3.859588 -0.149087 -1.331322  -0.136242 0.071376 -0.187198
40  1.719412 -0.000094 -0.000048  -0.028395 -0.010016 -0.293945
41  1.099674 0.000024 -0.000001  -0.007710 -0.002094 0.219117
42  0.805983 -0.359849 -1.318338  1.134762 0.249907 -0.841728
43  1.789781 -0.000008 -0.000030  0.000332 -0.014982 0.147148
44  1.206997 -0.000004 0.000014  0.000010 -0.117704 1.485327
45  5.740576 0.000120 0.000726  0.100227 -0.000013 0.000032
46  11.480958 0.000120 0.000947  0.035996 0.083843 -0.006965
47  6.027517 -0.000278 -0.000232  -1.064616 -0.596522 -2.238560
48  -0.000001 11.691979 -0.000008  -1.047084 0.492563 0.821375
49  0.000003 -0.000002 0.000001  2.731531 -0.000036 1.570861
50  -0.000007 -0.000014 0.000004  2.272646 -0.000031 1.570865
51  -1.633446 -6.177913 -7.644446  -2.245011 -0.360572 -1.831665
52  0.000000 0.000001 0.000000  0.008153 -0.000259 0.000009
53  0.000000 -0.000001 -0.000000  1.565115 0.043565 -0.106862
54  4.926299 -14.090203 -4.846365  -1.351738 -2.602130 0.235639
55  -0.000000 -0.000001 0.000000  0.000000 -0.000000 -0.000002
56  0.000030 0.000029 0.000001  -1.571901 -0.044449 -0.106509
57  22.888481 0.419617 -8.566072  1.570796 -0.000000 0.000000
58  -3.476879 3.397795 -24.902702  1.570796 -0.000000 0.000000
59  0.292222 0.995967 -6.572385  1.570796 -0.000000 0.000000
60  -0.004311 0.001230 -0.000371  0.006898 -0.005534 -0.284228
61  0.858610 10.209643 -4.879772  1.570796 -0.000000 0.000000
62  0.000000 0.000000 0.000000  -0.078728 -3.136056 0.284225
63  0.031801 0.000000 -0.000718  1.569576 -0.007129 0.004963
64  -4.149171 -10.108152 -2.476048  1.070979 -0.750220 0.435930
65  0.000000 -1.379688 -0.604539  0.000000 -0.000000 -0.000000
66  0.000002 -0.131223 7.571676  0.000000 -0.000000 -0.000000
67  0.496507 -0.902653 1.140567  0.000000 -0.000000 -0.000000
68  -0.138166 -0.291040 1.514192  0.000000 -0.000000 -0.000000
69  0.000001 0.037258 2.309321  0.000000 -0.000000 -0.000000
70  0.000001 0.222708 4.208475  0.000000 -0.000000 -0.000000
71  -0.976960 -13.895466 -3.454965  0.850365 -0.872910 0.441492
72  -0.138165 1.520397 -1.114661  0.000000 -0.000000 0.000000
73  0.138168 1.347512 -1.114661  0.000000 -0.000000 0.000000
time 26
0  0.031807 0.000000 -0.000718  -1.570800 -1.391899 -1.570792
1  -6.608305 0.700002 0.182619  -1.544956 -1.855077 -0.198630
2  6.027520 -0.000334 0.000202  -1.974004 -0.806185 0.513236
3  11.692102 0.000483 -0.000739  0.077385 -0.000049 -1.710783
4  11.478809 -0.001293 -0.000644  1.563236 -0.417131 -0.245893
5  3.859499 -0.142876 -1.192064  -0.407010 -0.239018 -1.523751
6  1.312589 0.000015 0.000001  -0.001901 0.004392 -0.047442
7  0.729356 0.000051 -0.010227  -0.000084 0.000000 -0.833222
8  3.942138 0.046276 -0.431527  -0.304074 -0.142606 -1.249222
9  1.539111 0.000082 0.000000  -0.002330 -0.007743 -0.305450
10  1.196335 0.000143 0.000030  0.000639 0.000246 -1.533524
11  3.883507 -0.047267 0.431362  -0.200910 -0.015139 -0.829136
12  1.719572 -0.000027 0.000011  -0.008846 -0.058869 -0.867840
13  1.209178 0.000089 0.000008  0.003406 0.002906 -1.148616
14  4.327495 -0.354121 1.357793  0.081701 -0.103936 -0.324708
15  1.719447 -0.000010 0.000022  -0.004611 -0.020282 -1.119091
16  1.099674 0.000047 -0.000005  -0.000334 0.002030 -1.152466
17  0.806000 -0.349050 1.321249  -1.341640 -0.514744 -0.502746
18  1.789821 -0.000009 -0.000016  -0.008320 -0.096614 0.353402
19  1.207015 -0.000015 -0.000044  0.001091 -0.088462 -0.221985
20  5.740636 0.000363 -0.000698  0.013122 0.000003 0.000060
21  11.480771 -0.000125 -0.000780  -0.002148 -0.061785 -0.059178
22  6.027523 -0.000330 0.000206  -0.828767 -2.936438 -0.839019
23  -0.000000 11.692097 -0.000006  -1.153359 -0.596620 -0.883154
24  0.000003 0.000008 -0.000001  0.946488 -0.000031 1.570738
25  -0.000002 -0.000006 -0.000002  0.868967 -0.000009 1.570721
26  -6.617934 -9.178503 0.826812  1.473120 1.855074 -0.198639
27  6.027523 -0.000265 -0.000223  1.302026 0.817522 -1.471114
28  11.691998 0.000245 0.000862  0.459003 0.000045 -1.517366
29  11.480145 -0.000042 0.000943  -1.316991 0.539160 0.061150
30  3.859438 -0.132762 1.193064  0.469647 -0.013262 -1.872396
31  1.312559 0.000026 -0.000002  0.024060 -0.138695 -0.550187
32  0.729347 0.000065 -0.000028  -0.166197 -0.081571 -0.714272
33  3.942049 0.050135 0.430999  0.225311 -0.086239 -1.592715
34  1.539097 0.000007 -0.000004  0.035254 -0.050374 -0.994348
35  1.196300 0.000077 -0.000008  -0.021522 0.002174 -0.839739
36  3.883414 -0.050477 -0.431086  0.184827 -0.271742 -1.204033
37  1.719565 -0.000081 -0.000015  0.022857 -0.107188 -1.509106
38  1.209198 0.000035 0.000005  0.000661 0.071070 -0.480462
39  3.859589 -0.149086 -1.331322  -0.136242 0.071376 -0.187198
40  1.719413 -0.000095 -0.000049  -0.028395 -0.010016 -0.293945
41  1.099673 0.000023 -0.000001  -0.007710 -0.002094 0.219117
42  0.805984 -0.359849 -1.318339  1.134762 0.249907 -0.841728
43  1.789781 -0.000007 -0.000030  0.000332 -0.014982 0.147148
44  1.206997 -0.000004 0.000014  0.000010 -0.117704 1.485327
45  5.740576 0.000118 0.000726  0.112217 -0.000013 0.000032
46  11.480977 0.000129 0.000942  0.042301 0.088629 -0.012069
47  6.027517 -0.000278 -0.000232  -1.083744 -0.599872 -2.224692
48  0.000000 11.691981 -0.000007  -1.039682 0.485574 0.816763
49  0.000003 -0.000003 0.000001  2.731531 -0.000036 1.570861
50  -0.000006 -0.000014 0.000004  2.272646 -0.000031 1.570865
51  -1.416847 -6.239595 -7.581288  -2.199878 -0.355049 -1.845693
52  0.000000 -0.000001 0.000000  0.008153 -0.000259 0.000009
53  0.000001 -0.000000 -0.000000  1.565115 0.043565 -0.106862
54  4.336692 -14.074280 -4.177131  -1.223360 -2.610244 0.184024
55  -0.000000 0.000000 -0.000000  0.000000 -0.000000 -0.000002
56  0.000030 0.000029 0.000001  -1.571901 -0.044449 -0.106509
57  21.395071 0.982505 -9.510256  1.570796 -0.000000 0.000000
58  -3.459972 3.364985 -24.916073  1.570796 -0.000000 0.000000
59  0.218732 0.486709 -6.629351  1.570796 -0.000000 0.000000
60  -0.004311 0.001230 -0.000371  0.006898 -0.005534 -0.284228
61  0.858610 10.209643 -4.879772  1.570796 -0.000000 0.000000
62  0.000000 0.000000 0.000000  -0.078728 -3.136056 0.284225
63  0.031801 0.000000 -0.000718  1.568760 -0.007790 0.004471
64  -4.142028 -10.144444 -2.500586  1.038191 -0.785740 0.460493
65  0.000000 -1.379689 -0.604537  0.000000 -0.000000 0.000000
66  0.000001 -0.131224 7.571679  0.000000 -0.000000 0.000000
67  0.496508 -0.902652 1.140568  0.000000 -0.000000 0.000000
68  -0.138166 -0.291040 1.514192  0.000000 -0.000000 0.000000
69  0.000001 0.037258 2.309324  0.000000 -0.000000 0.000000
70  0.000003 0.222708 4.208475  0.000000 -0.000000 0.000000
71  -1.609524 -13.825160 -2.992713  0.684932 -0.847801 0.580983
72  -0.138166 1.520396 -1.114660  -0.000000 0.000000 0.000000
73  0.138168 1.347513 -1.114662  -0.000000 0.000000 0.000000
time 27
0  0.031807 0.000000 -0.000718  -1.570800 -1.391899 -1.570792
1  -6.672064 0.700706 0.097096  -1.544956 -1.855077 -0.198630
2  6.027520 -0.000334 0.000202  -1.990560 -0.830481 0.478027
3  11.692101 0.000483 -0.000739  0.076199 -0.000049 -1.694896
4  11.479033 -0.001154 -0.000656  1.577978 -0.358704 -0.278175
5  3.859499 -0.142877 -1.192063  -0.407010 -0.239018 -1.523751
6  1.312590 0.000016 0.000004  -0.001901 0.004392 -0.047442
7  0.729356 0.000051 -0.010229  -0.000084 0.000000 -0.833222
8  3.942138 0.046276 -0.431527  -0.304074 -0.142606 -1.249222
9  1.539110 0.000082 -0.000001  -0.002330 -0.007743 -0.305450
10  1.196335 0.000143 0.000027  0.000639 0.000246 -1.533524
11  3.883507 -0.047268 0.431361  -0.200910 -0.015139 -0.829136
12  1.719573 -0.000027 0.000010  -0.008846 -0.058868 -0.867840
13  1.209178 0.000090 0.000007  0.003406 0.002906 -1.148616
14  4.327496 -0.354121 1.357793  0.081701 -0.103935 -0.324708
15  1.719447 -0.000009 0.000023  -0.004611 -0.020282 -1.119091
16  1.099674 0.000047 -0.000005  -0.000334 0.002030 -1.152466
17  0.806001 -0.349050 1.321250  -1.341640 -0.514744 -0.502746
18  1.789822 -0.000008 -0.000015  -0.008320 -0.096614 0.353402
19  1.207015 -0.000018 -0.000043  0.001092 -0.088462 -0.221985
20  5.740634 0.000363 -0.000698  0.020033 0.000003 0.000060
21  11.480815 -0.000096 -0.000783  0.000886 -0.050282 -0.065111
22  6.027524 -0.000330 0.000206  -0.850516 -2.952669 -0.882057
23  0.000003 11.692098 -0.000007  -1.144049 -0.587264 -0.878093
24  0.000004 0.000006 -0.000001  0.945300 -0.000031 1.570738
25  -0.000001 -0.000007 -0.000002  0.868967 -0.000009 1.570721
26  -6.617934 -9.178503 0.826812  1.473120 1.855074 -0.198639
27  6.027523 -0.000266 -0.000223  1.286138 0.823583 -1.480177
28  11.691998 0.000245 0.000862  0.459002 0.000044 -1.504531
29  11.480245 0.000014 0.000914  -1.300027 0.560719 0.042244
30  3.859437 -0.132762 1.193064  0.469647 -0.013262 -1.872396
31  1.312558 0.000026 -0.000001  0.024060 -0.138695 -0.550187
32  0.729346 0.000065 -0.000029  -0.166197 -0.081570 -0.714272
33  3.942048 0.050135 0.430999  0.225311 -0.086239 -1.592715
34  1.539096 0.000007 -0.000005  0.035254 -0.050374 -0.994348
35  1.196300 0.000077 -0.000008  -0.021522 0.002174 -0.839739
36  3.883414 -0.050477 -0.431085  0.184827 -0.271742 -1.204033
37  1.719563 -0.000082 -0.000013  0.022857 -0.107188 -1.509106
38  1.209198 0.000035 0.000004  0.000661 0.071070 -0.480462
39  3.859589 -0.149086 -1.331322  -0.136242 0.071376 -0.187198
40  1.719414 -0.000095 -0.000049  -0.028395 -0.010016 -0.293945
41  1.099674 0.000023 -0.000001  -0.007710 -0.002094 0.219117
42  0.805983 -0.359849 -1.318339  1.134762 0.249907 -0.841728
43  1.789780 -0.000008 -0.000029  0.000332 -0.014982 0.147148
44  1.206997 -0.000004 0.000014  0.000010 -0.117704 1.485327
45  5.740576 0.000118 0.000726  0.120422 -0.000013 0.000032
46  11.480997 0.000140 0.000936  0.045797 0.092726 -0.017175
47  6.027517 -0.000278 -0.000232  -1.098389 -0.602745 -2.213847
48  -0.000001 11.691980 -0.000008  -1.032090 0.478445 0.811996
49  0.000003 -0.000002 0.000002  2.731531 -0.000036 1.570861
50  -0.000007 -0.000014 0.000005  2.272646 -0.000031 1.570865
51  -1.239296 -6.306284 -7.567080  -2.168960 -0.350310 -1.862673
52  -0.000000 0.000001 0.000001  0.008153 -0.000259 0.000009
53  -0.000000 -0.000000 0.000000  1.565115 0.043565 -0.106862
54  4.177060 -14.143912 -4.046077  -1.223095 -2.623272 0.167139
55  0.000000 0.000000 0.000000  0.000000 -0.000000 -0.000002
56  0.000030 0.000029 0.000002  -1.571902 -0.044449 -0.106509
57  20.231972 1.420894 -10.414984  1.570796 -0.000000 0.000000
58  -3.446585 3.334643 -24.926655  1.570796 -0.000000 0.000000
59  0.133209 0.497362 -6.692217  1.570796 -0.000000 0.000000
60  -0.004311 0.001230 -0.000371  0.006898 -0.005534 -0.284228
61  0.858610 10.209643 -4.879772  1.570796 -0.000000 0.000000
62  0.000000 0.000000 0.000000  -0.078728 -3.136056 0.284225
63  0.031801 0.000000 -0.000718  1.567552 -0.009978 0.003201
64  -4.136249 -10.175443 -2.554568  1.014862 -0.810216 0.470897
65  0.000001 -1.379689 -0.604538  0.000000 0.000000 -0.000000
66  0.000001 -0.131223 7.571678  0.000000 0.000000 -0.000000
67  0.496508 -0.902652 1.140567  0.000000 0.000000 -0.000000
68  -0.138165 -0.291040 1.514192  0.000000 0.000000 -0.000000
69  0.000001 0.037259 2.309324  0.000000 0.000000 -0.000000
70  0.000003 0.222708 4.208475  0.000000 0.000000 -0.000000
71  -1.778921 -13.797451 -2.937633  0.676889 -0.859711 0.570294
72  -0.138165 1.520396 -1.114661  0.000000 -0.000000 0.000000
73  0.138168 1.347512 -1.114662  0.000000 -0.000000 0.000000
time 28
0  0.031807 0.000000 -0.000718  -1.570800 -1.391899 -1.570792
1  -6.743456 0.676630 0.000625  -1.544956 -1.855077 -0.198630
2  6.027519 -0.000334 0.000202  -1.991936 -0.844132 0.442778
3  11.692101 0.000485 -0.000739  0.075568 -0.000046 -1.682586
4  11.479117 -0.001115 -0.000658  1.579117 -0.322477 -0.313410
5  3.859499 -0.142876 -1.192062  -0.407010 -0.239018 -1.523751
6  1.312590 0.000015 0.000002  -0.001901 0.004392 -0.047442
7  0.729356 0.000050 -0.010227  -0.000084 0.000000 -0.833222
8  3.942138 0.046276 -0.431528  -0.304074 -0.142606 -1.249222
9  1.539111 0.000082 -0.000002  -0.002330 -0.007743 -0.305450
10  1.196335 0.000142 0.000028  0.000639 0.000246 -1.533524
11  3.883507 -0.047268 0.431361  -0.200910 -0.015139 -0.829136
12  1.719573 -0.000027 0.000010  -0.008846 -0.058868 -0.867840
13  1.209178 0.000089 0.000006  0.003406 0.002906 -1.148616
14  4.327495 -0.354121 1.357793  0.081701 -0.103935 -0.324708
15  1.719447 -0.000010 0.000025  -0.004611 -0.020282 -1.119091
16  1.099674 0.000046 -0.000004  -0.000334 0.002030 -1.152466
17  0.806000 -0.349050 1.321250  -1.341640 -0.514744 -0.502746
18  1.789821 -0.000010 -0.000015  -0.008320 -0.096614 0.353402
19  1.207015 -0.000016 -0.000043  0.001091 -0.088462 -0.221985
20  5.740637 0.000364 -0.000698  0.024029 0.000003 0.000060
21  11.480834 -0.000088 -0.000784  0.001113 -0.043043 -0.072193
22  6.027523 -0.000330 0.000207  2.277690 -0.185158 2.225754
23  -0.000001 11.692095 -0.000006  -1.136839 -0.580041 -0.874117
24  0.000004 0.000008 0.000001  0.944671 -0.000031 1.570738
25  -0.000003 -0.000007 -0.000002  0.868967 -0.000009 1.570721
26  -6.617934 -9.178503 0.826812  1.473120 1.855074 -0.198639
27  6.027523 -0.000266 -0.000223  1.270826 0.829305 -1.488943
28  11.691998 0.000246 0.000862  0.459002 0.000044 -1.493027
29  11.480337 0.000064 0.000891  -1.288466 0.585224 0.024817
30  3.859439 -0.132762 1.193064  0.469647 -0.013262 -1.872396
31  1.312560 0.000026 -0.000001  0.024060 -0.138695 -0.550187
32  0.729345 0.000065 -0.000028  -0.166197 -0.081570 -0.714272
33  3.942047 0.050135 0.430998  0.225311 -0.086239 -1.592715
34  1.539097 0.000007 -0.000005  0.035254 -0.050374 -0.994348
35  1.196300 0.000077 -0.000009  -0.021522 0.002174 -0.839739
36  3.883415 -0.050477 -0.431085  0.184827 -0.271742 -1.204033
37  1.719564 -0.000081 -0.000014  0.022857 -0.107188 -1.509106
38  1.209199 0.000034 0.000005  0.000661 0.071070 -0.480462
39  3.859588 -0.149086 -1.331322  -0.136242 0.071376 -0.187198
40  1.719413 -0.000096 -0.000049  -0.028395 -0.010016 -0.293945
41  1.099675 0.000024 -0.000001  -0.007710 -0.002094 0.219117
42  0.805982 -0.359849 -1.318338  1.134762 0.249907 -0.841728
43  1.789780 -0.000007 -0.000030  0.000332 -0.014982 0.147148
44  1.206997 -0.000004 0.000014  0.000010 -0.117703 1.485327
45  5.740576 0.000118 0.000727  0.127749 -0.000013 0.000032
46  11.481015 0.000150 0.000932  0.048207 0.097355 -0.021783
47  6.027517 -0.000278 -0.000232  -1.112436 -0.605330 -2.203372
48  -0.000000 11.691982 -0.000007  -1.025277 0.472083 0.807686
49  0.000004 -0.000002 -0.000001  2.731531 -0.000036 1.570861
50  -0.000006 -0.000014 0.000004  2.272646 -0.000031 1.570865
51  -1.070426 -6.362300 -7.546962  -2.143151 -0.343124 -1.881579
52  -0.000000 -0.000001 0.000000  0.008153 -0.000259 0.000009
53  -0.000001 0.000000 -0.000000  1.565115 0.043565 -0.106862
54  4.121763 -14.207291 -4.054717  -1.234446 -2.629569 0.148682
55  -0.000000 0.000000 0.000002  0.000000 -0.000000 -0.000002
56  0.000030 0.000029 0.000004  -1.571902 -0.044449 -0.106509
57  19.819042 1.576534 -11.043981  1.570796 -0.000000 0.000000
58  -3.436252 3.307049 -24.934826  1.570796 -0.000000 0.000000
59  0.036737 0.533758 -6.758185  1.570796 -0.000000 0.000000
60  -0.004311 0.001230 -0.000371  0.006898 -0.005534 -0.284228
61  0.858610 10.209643 -4.879772  1.570796 -0.000000 0.000000
62  0.000000 0.000000 0.000000  -0.078728 -3.136056 0.284225
63  0.031801 0.000000 -0.000718  1.565743 -0.013798 0.001471
64  -4.132381 -10.199554 -2.608550  0.997513 -0.832604 0.473464
65  0.000000 -1.379688 -0.604538  -0.000000 -0.000000 -0.000000
66  0.000001 -0.131223 7.571678  -0.000000 -0.000000 -0.000000
67  0.496508 -0.902652 1.140569  -0.000000 -0.000000 -0.000000
68  -0.138166 -0.291039 1.514192  -0.000000 -0.000000 -0.000000
69  0.000001 0.037259 2.309324  -0.000000 -0.000000 -0.000000
70  0.000002 0.222709 4.208476  -0.000000 -0.000000 -0.000000
71  -1.829421 -13.729424 -2.969619  0.687182 -0.869334 0.538413
72  -0.138166 1.520397 -1.114660  0.000000 0.000000 0.000000
73  0.138168 1.347513 -1.114663  0.000000 0.000000 0.000000
time 29
0  0.031807 0.000000 -0.000718  -1.570800 -1.391899 -1.570792
1  -6.820706 0.620157 -0.105393  -1.544956 -1.855077 -0.198630
2  6.027519 -0.000334 0.000202  -1.991890 -0.828930 0.415374
3  11.692101 0.000483 -0.000739  0.075379 -0.000048 -1.719813
4  11.480659 -0.000230 -0.000727  1.550492 -0.277681 -0.250589
5  3.859499 -0.142876 -1.192062  -0.407010 -0.239018 -1.523751
6  1.312590 0.000014 0.000004  -0.001901 0.004392 -0.047442
7  0.729355 0.000051 -0.010229  -0.000084 0.000000 -0.833222
8  3.942138 0.046277 -0.431526  -0.304074 -0.142606 -1.249222
9  1.539111 0.000082 -0.000002  -0.002330 -0.007743 -0.305450
10  1.196336 0.000143 0.000029  0.000639 0.000246 -1.533524
11  3.883507 -0.047267 0.431362  -0.200910 -0.015139 -0.829136
12  1.719573 -0.000027 0.000010  -0.008846 -0.058868 -0.867840
13  1.209179 0.000089 0.000009  0.003406 0.002906 -1.148616
14  4.327496 -0.354120 1.357794  0.081701 -0.103935 -0.324708
15  1.719446 -0.000011 0.000025  -0.004611 -0.020282 -1.119091
16  1.099674 0.000046 -0.000004  -0.000334 0.002030 -1.152466
17  0.806001 -0.349050 1.321249  -1.341640 -0.514744 -0.502746
18  1.789821 -0.000009 -0.000015  -0.008320 -0.096614 0.353402
19  1.207015 -0.000017 -0.000041  0.001091 -0.088462 -0.221985
20  5.740637 0.000364 -0.000700  0.017818 0.000003 0.000060
21  11.481143 0.000089 -0.000798  -0.002744 -0.033682 -0.060813
22  6.027524 -0.000330 0.000207  2.292812 -0.188369 2.195576
23  0.000001 11.692097 -0.000006  -1.158651 -0.601954 -0.885998
24  0.000002 0.000005 0.000000  0.944483 -0.000031 1.570738
25  -0.000003 -0.000007 -0.000002  0.868967 -0.000009 1.570721
26  -6.617934 -9.178503 0.826812  1.473120 1.855074 -0.198639
27  6.027523 -0.000266 -0.000223  1.259534 0.834351 -1.495739
28  11.691998 0.000242 0.000862  0.459002 0.000043 -1.484813
29  11.480403 0.000103 0.000870  -1.274640 0.600556 0.013999
30  3.859437 -0.132762 1.193064  0.469647 -0.013262 -1.872396
31  1.312559 0.000026 -0.000002  0.024060 -0.138696 -0.550187
32  0.729344 0.000066 -0.000028  -0.166197 -0.081570 -0.714272
33  3.942047 0.050135 0.430999  0.225311 -0.086239 -1.592715
34  1.539098 0.000008 -0.000006  0.035254 -0.050374 -0.994348
35  1.196300 0.000077 -0.000009  -0.021522 0.002174 -0.839739
36  3.883414 -0.050477 -0.431086  0.184827 -0.271742 -1.204033
37  1.719564 -0.000081 -0.000014  0.022857 -0.107188 -1.509106
38  1.209198 0.000035 0.000005  0.000661 0.071070 -0.480462
39  3.859588 -0.149086 -1.331322  -0.136242 0.071376 -0.187198
40  1.719412 -0.000096 -0.000049  -0.028395 -0.010016 -0.293945
41  1.099673 0.000023 -0.000001  -0.007710 -0.002095 0.219117
42  0.805983 -0.359849 -1.318339  1.134762 0.249907 -0.841728
43  1.789780 -0.000007 -0.000030  0.000332 -0.014982 0.147148
44  1.206997 -0.000004 0.000014  0.000010 -0.117704 1.485327
45  5.740574 0.000119 0.000727  0.133887 -0.000013 0.000032
46  11.481028 0.000157 0.000928  0.050964 0.100270 -0.025061
47  6.027517 -0.000278 -0.000232  -1.123458 -0.606435 -2.195545
48  -0.000000 11.691979 -0.000008  -1.020407 0.467556 0.804588
49  0.000003 -0.000001 0.000000  2.731531 -0.000036 1.570861
50  -0.000006 -0.000014 0.000004  2.272646 -0.000031 1.570865
51  -0.950078 -6.402142 -7.514745  -2.120397 -0.339076 -1.892508
52  -0.000000 -0.000000 0.000000  0.008153 -0.000259 0.000009
53  -0.000000 -0.000000 -0.000001  1.565115 0.043565 -0.106862
54  4.118177 -13.805246 -4.102843  -1.278547 -2.634573 0.207157
55  -0.000001 -0.000000 0.000001  0.000000 -0.000000 -0.000002
56  0.000030 0.000028 0.000001  -1.571901 -0.044449 -0.106509
57  19.847366 1.576492 -11.457649  1.570796 -0.000000 0.000000
58  -3.428523 3.282427 -24.940937  1.570796 -0.000000 0.000000
59  -0.069280 0.603075 -6.824153  1.570796 -0.000000 0.000000
60  -0.004311 0.001230 -0.000371  0.006898 -0.005534 -0.284228
61  0.858610 10.209643 -4.879772  1.570796 -0.000000 0.000000
62  0.000000 0.000000 0.000000  -0.078728 -3.136056 0.284225
63  0.031801 0.000000 -0.000718  1.563128 -0.017429 -0.000402
64  -4.130971 -10.215189 -2.633087  0.978793 -0.850510 0.484107
65  0.000000 -1.379689 -0.604540  0.000000 -0.000000 0.000000
66  0.000001 -0.131223 7.571676  0.000000 -0.000000 0.000000
67  0.496508 -0.902652 1.140566  0.000000 -0.000000 0.000000
68  -0.138165 -0.291040 1.514189  0.000000 -0.000000 0.000000
69  0.000001 0.037258 2.309323  0.000000 -0.000000 0.000000
70  0.000002 0.222708 4.208474  0.000000 -0.000000 0.000000
71  -1.843742 -13.590136 -2.993048  0.740915 -0.887525 0.534008
72  -0.138166 1.520397 -1.114659  -0.000000 0.000000 0.000000
73  0.138168 1.347512 -1.114660  -0.000000 0.000000 0.000000
time 30
0  0.031807 0.000000 -0.000718  -1.570800 -1.391899 -1.570792
1  -6.901983 0.523982 -0.219237  -1.544956 -1.855077 -0.198630
2  6.027519 -0.000334 0.000203  -2.000476 -0.800218 0.398324
3  11.692100 0.000482 -0.000739  0.075362 -0.000052 -1.791289
4  11.480000 -0.000677 -0.000690  1.506987 -0.235862 -0.103538
5  3.859499 -0.142876 -1.192064  -0.407010 -0.239018 -1.523751
6  1.312590 0.000015 0.000003  -0.001901 0.004392 -0.047442
7  0.729356 0.000049 -0.010230  -0.000084 0.000000 -0.833222
8  3.942139 0.046276 -0.431529  -0.304074 -0.142606 -1.249222
9  1.539111 0.000081 -0.000000  -0.002330 -0.007743 -0.305450
10  1.196336 0.000143 0.000027  0.000639 0.000246 -1.533524
11  3.883507 -0.047268 0.431361  -0.200910 -0.015139 -0.829136
12  1.719573 -0.000027 0.000010  -0.008846 -0.058869 -0.867840
13  1.209178 0.000090 0.000009  0.003406 0.002906 -1.148616
14  4.327496 -0.354120 1.357792  0.081701 -0.103935 -0.324708
15  1.719446 -0.000010 0.000024  -0.004611 -0.020282 -1.119091
16  1.099676 0.000046 -0.000005  -0.000334 0.002030 -1.152466
17  0.806001 -0.349049 1.321247  -1.341640 -0.514744 -0.502746
18  1.789821 -0.000008 -0.000016  -0.008320 -0.096614 0.353402
19  1.207015 -0.000016 -0.000042  0.001091 -0.088462 -0.221985
20  5.740636 0.000365 -0.000698  0.003201 0.000003 0.000060
21  11.481010 0.000001 -0.000790  -0.009193 -0.025497 -0.032818
22  6.027523 -0.000330 0.000206  2.322649 -0.188401 2.166692
23  0.000002 11.692095 -0.000007  -1.200602 -0.644608 -0.907659
24  0.000003 0.000005 0.000000  0.944468 -0.000031 1.570738
25  -0.000003 -0.000007 -0.000001  0.868967 -0.000009 1.570721
26  -6.617934 -9.178503 0.826812  1.473120 1.855074 -0.198639
27  6.027523 -0.000266 -0.000223  1.251163 0.842693 -1.502296
28  11.691999 0.000242 0.000862  0.459002 0.000043 -1.480454
29  11.480438 0.000125 0.000860  -1.249137 0.601944 0.014498
30  3.859438 -0.132762 1.193064  0.469647 -0.013262 -1.872396
31  1.312560 0.000027 -0.000002  0.024060 -0.138696 -0.550187
32  0.729346 0.000066 -0.000028  -0.166197 -0.081570 -0.714272
33  3.942048 0.050135 0.430999  0.225311 -0.086239 -1.592715
34  1.539098 0.000007 -0.000005  0.035254 -0.050374 -0.994348
35  1.196300 0.000077 -0.000008  -0.021522 0.002174 -0.839739
36  3.883415 -0.050476 -0.431085  0.184827 -0.271742 -1.204033
37  1.719564 -0.000081 -0.000014  0.022857 -0.107188 -1.509106
38  1.209198 0.000034 0.000005  0.000661 0.071070 -0.480462
39  3.859589 -0.149086 -1.331322  -0.136242 0.071376 -0.187198
40  1.719412 -0.000095 -0.000049  -0.028395 -0.010016 -0.293945
41  1.099674 0.000024 -0.000001  -0.007710 -0.002094 0.219117
42  0.805983 -0.359848 -1.318338  1.134762 0.249907 -0.841728
43  1.789780 -0.000008 -0.000029  0.000332 -0.014982 0.147148
44  1.206997 -0.000004 0.000014  0.000010 -0.117703 1.485327
45  5.740574 0.000120 0.000727  0.140491 -0.000013 0.000032
46  11.481034 0.000163 0.000926  0.055682 0.100677 -0.026538
47  6.027517 -0.000278 -0.000232  -1.135173 -0.603596 -2.189214
48  -0.000001 11.691981 -0.000007  -1.017820 0.465159 0.802937
49  0.000003 -0.000002 0.000000  2.731531 -0.000036 1.570861
50  -0.000006 -0.000014 0.000005  2.272646 -0.000031 1.570865
51  -0.881186 -6.427048 -7.395048  -2.093375 -0.342709 -1.890194
52  0.000001 0.000000 -0.000000  0.008153 -0.000259 0.000009
53  0.000000 0.000000 0.000000  1.565115 0.043565 -0.106862
54  4.061581 -13.013636 -4.114392  -1.344156 -2.622888 0.326017
55  -0.000001 0.000000 0.000001  0.000000 -0.000000 -0.000002
56  0.000030 0.000029 0.000003  -1.571902 -0.044449 -0.106509
57  19.931911 1.576152 -11.777584  1.570796 -0.000000 0.000000
58  -3.422956 3.260946 -24.945335  1.570796 -0.000000 0.000000
59  -0.183125 0.712178 -6.887019  1.570796 -0.000000 0.000000
60  -0.004311 0.001230 -0.000371  0.006898 -0.005534 -0.284228
61  0.858610 10.209643 -4.879772  1.570796 -0.000000 0.000000
62  0.000000 0.000000 0.000000  -0.078728 -3.136056 0.284225
63  0.031801 0.000000 -0.000718  1.559756 -0.019052 -0.002112
64  -4.130971 -10.220754 -2.543791  0.946479 -0.865175 0.519901
65  0.000000 -1.379689 -0.604539  -0.000000 0.000000 -0.000000
66  0.000001 -0.131224 7.571678  -0.000000 0.000000 -0.000000
67  0.496507 -0.902653 1.140568  -0.000000 0.000000 -0.000000
68  -0.138166 -0.291040 1.514190  -0.000000 0.000000 -0.000000
69  0.000001 0.037258 2.309322  -0.000000 0.000000 -0.000000
70  0.000002 0.222708 4.208474  -0.000000 0.000000 -0.000000
71  -1.862698 -13.375710 -2.851771  0.833348 -0.891801 0.548839
72  -0.138167 1.520396 -1.114661  -0.000000 0.000000 0.000000
73  0.138167 1.347512 -1.114663  -0.000000 0.000000 0.000000
time 31
0  0.031807 0.000000 -0.000718  -1.570800 -1.391899 -1.570792
1  -6.985366 0.382996 -0.338906  -1.544956 -1.855077 -0.198630
2  6.027519 -0.000334 0.000203  -2.008646 -0.774802 0.386785
3  11.692101 0.000482 -0.000736  0.075174 -0.000057 -1.857122
4  11.479403 -0.001039 -0.000665  1.463392 -0.204915 0.026771
5  3.859499 -0.142877 -1.192064  -0.407010 -0.239018 -1.523751
6  1.312591 0.000016 0.000001  -0.001901 0.004392 -0.047442
7  0.729356 0.000052 -0.010230  -0.000084 0.000000 -0.833222
8  3.942138 0.046276 -0.431527  -0.304074 -0.142606 -1.249222
9  1.539111 0.000082 -0.000003  -0.002330 -0.007743 -0.305450
10  1.196336 0.000144 0.000028  0.000639 0.000246 -1.533524
11  3.883507 -0.047268 0.431361  -0.200910 -0.015139 -0.829136
12  1.719572 -0.000027 0.000009  -0.008846 -0.058868 -0.867841
13  1.209179 0.000090 0.000008  0.003406 0.002906 -1.148616
14  4.327496 -0.354121 1.357793  0.081701 -0.103935 -0.324708
15  1.719446 -0.000010 0.000024  -0.004611 -0.020282 -1.119091
16  1.099675 0.000046 -0.000006  -0.000334 0.002030 -1.152466
17  0.806001 -0.349050 1.321249  -1.341640 -0.514744 -0.502746
18  1.789821 -0.000009 -0.000015  -0.008320 -0.096614 0.353402
19  1.207015 -0.000017 -0.000042  0.001091 -0.088462 -0.221985
20  5.740637 0.000365 -0.000698  -0.012325 0.000003 0.000060
21  11.480891 -0.000071 -0.000785  -0.016693 -0.020325 -0.007901
22  6.027524 -0.000330 0.000206  2.349166 -0.187598 2.144407
23  0.000003 11.692096 -0.000007  -1.239445 -0.684516 -0.926207
24  0.000002 0.000008 0.000000  0.944280 -0.000031 1.570738
25  -0.000002 -0.000007 -0.000002  0.868967 -0.000009 1.570721
26  -6.617934 -9.178503 0.826812  1.473120 1.855074 -0.198639
27  6.027523 -0.000266 -0.000223  1.239952 0.840620 -1.506786
28  11.691998 0.000242 0.000862  0.459002 0.000045 -1.506885
29  11.480225 0.000003 0.000920  -1.209196 0.619003 0.065678
30  3.859438 -0.132762 1.193064  0.469647 -0.013262 -1.872396
31  1.312559 0.000026 -0.000002  0.024060 -0.138695 -0.550187
32  0.729345 0.000065 -0.000028  -0.166197 -0.081570 -0.714272
33  3.942047 0.050135 0.430999  0.225311 -0.086239 -1.592715
34  1.539097 0.000006 -0.000005  0.035254 -0.050374 -0.994348
35  1.196300 0.000076 -0.000008  -0.021522 0.002174 -0.839739
36  3.883413 -0.050477 -0.431086  0.184827 -0.271742 -1.204033
37  1.719564 -0.000080 -0.000014  0.022857 -0.107188 -1.509106
38  1.209198 0.000035 0.000005  0.000661 0.071070 -0.480462
39  3.859588 -0.149086 -1.331322  -0.136242 0.071376 -0.187198
40  1.719412 -0.000095 -0.000050  -0.028395 -0.010016 -0.293945
41  1.099673 0.000025 -0.000001  -0.007710 -0.002094 0.219117
42  0.805983 -0.359849 -1.318338  1.134762 0.249907 -0.841728
43  1.789780 -0.000008 -0.000030  0.000332 -0.014982 0.147148
44  1.206997 -0.000005 0.000013  0.000010 -0.117703 1.485327
45  5.740575 0.000119 0.000727  0.149685 -0.000013 0.000032
46  11.480992 0.000138 0.000937  0.060602 0.105460 -0.019595
47  6.027517 -0.000278 -0.000232  -1.140647 -0.609910 -2.182221
48  -0.000001 11.691980 -0.000008  -1.033483 0.479750 0.812873
49  0.000003 -0.000003 0.000001  2.731531 -0.000036 1.570861
50  -0.000006 -0.000014 0.000004  2.272646 -0.000031 1.570865
51  -0.796969 -6.200605 -7.184225  -2.076702 -0.323181 -1.869744
52  0.000000 -0.000001 -0.000000  0.008153 -0.000259 0.000009
53  -0.000000 0.000000 0.000000  1.565115 0.043565 -0.106862
54  3.971399 -12.216710 -4.152173  -1.411229 -2.611367 0.428286
55  0.000001 0.000000 0.000002  0.000000 -0.000000 -0.000002
56  0.000031 0.000029 0.000003  -1.571901 -0.044449 -0.106509
57  20.065012 1.575087 -12.010044  1.570796 -0.000000 0.000000
58  -3.419145 3.242723 -24.948349  1.570796 -0.000000 0.000000
59  -0.302794 0.865751 -6.943984  1.570796 -0.000000 0.000000
60  -0.004311 0.001230 -0.000371  0.006898 -0.005534 -0.284228
61  0.858610 10.209643 -4.879772  1.570796 -0.000000 0.000000
62  0.000000 0.000000 0.000000  -0.078728 -3.136056 0.284225
63  0.031801 0.000000 -0.000718  1.556721 -0.015045 -0.003390
64  -4.046932 -10.144638 -2.454496  0.948464 -0.890236 0.544274
65  0.000000 -1.379689 -0.604539  0.000000 0.000000 0.000000
66  0.000001 -0.131223 7.571677  0.000000 0.000000 0.000000
67  0.442884 -0.902652 1.140568  0.000000 0.000000 0.000000
68  -0.138166 -0.291040 1.514191  0.000000 0.000000 0.000000
69  0.000001 0.037258 2.309323  0.000000 0.000000 0.000000
70  0.000002 0.222709 4.208474  0.000000 0.000000 0.000000
71  -1.868723 -13.049697 -2.730381  0.927490 -0.890236 0.544274
72  -0.138166 1.520397 -1.114661  -0.000000 -0.000000 -0.000000
73  0.138167 1.347512 -1.114662  -0.000000 -0.000000 -0.000000
time 32
0  0.031807 0.000000 -0.000718  -1.570800 -1.391899 -1.570792
1  -7.068747 0.196123 -0.462169  -1.544956 -1.855077 -0.198630
2  6.027519 -0.000332 0.000203  -2.002329 -0.806526 0.382734
3  11.692099 0.000485 -0.000738  0.074548 -0.000060 -1.871940
4  11.479275 -0.001111 -0.000663  1.425767 -0.228115 0.109244
5  3.859499 -0.142876 -1.192064  -0.407010 -0.239018 -1.523751
6  1.312590 0.000014 0.000002  -0.001901 0.004392 -0.047442
7  0.729357 0.000050 -0.010228  -0.000084 0.000000 -0.833222
8  3.942138 0.046276 -0.431528  -0.304074 -0.142606 -1.249222
9  1.539111 0.000083 -0.000003  -0.002330 -0.007743 -0.305450
10  1.196336 0.000145 0.000029  0.000639 0.000246 -1.533524
11  3.883507 -0.047267 0.431361  -0.200910 -0.015139 -0.829136
12  1.719573 -0.000027 0.000010  -0.008846 -0.058868 -0.867840
13  1.209179 0.000090 0.000008  0.003406 0.002906 -1.148616
14  4.327496 -0.354120 1.357792  0.081701 -0.103935 -0.324708
15  1.719447 -0.000010 0.000024  -0.004611 -0.020282 -1.119091
16  1.099674 0.000047 -0.000005  -0.000334 0.002030 -1.152466
17  0.806001 -0.349049 1.321249  -1.341640 -0.514744 -0.502746
18  1.789821 -0.000008 -0.000015  -0.008320 -0.096614 0.353402
19  1.207015 -0.000016 -0.000042  0.001092 -0.088462 -0.221985
20  5.740636 0.000364 -0.000700  -0.023083 0.000003 0.000060
21  11.480865 -0.000085 -0.000785  -0.023023 -0.026185 0.007179
22  6.027524 -0.000329 0.000207  2.316611 -0.185902 2.150892
23  0.000000 11.692095 -0.000007  -1.248225 -0.693577 -0.930193
24  0.000003 0.000007 0.000001  0.943651 -0.000031 1.570738
25  -0.000003 -0.000007 -0.000002  0.868967 -0.000008 1.570721
26  -6.617934 -9.178503 0.826812  1.473120 1.855074 -0.198639
27  6.027523 -0.000265 -0.000223  1.252711 0.820545 -1.494272
28  11.691998 0.000244 0.000862  0.459003 0.000047 -1.537191
29  11.479988 -0.000125 0.000982  -1.255468 0.618701 0.090058
30  3.859438 -0.132763 1.193064  0.469647 -0.013262 -1.872396
31  1.312560 0.000026 -0.000002  0.024060 -0.138695 -0.550187
32  0.729345 0.000065 -0.000027  -0.166197 -0.081570 -0.714272
33  3.942047 0.050135 0.430999  0.225311 -0.086239 -1.592715
34  1.539096 0.000008 -0.000005  0.035254 -0.050374 -0.994348
35  1.196300 0.000077 -0.000008  -0.021522 0.002174 -0.839739
36  3.883414 -0.050476 -0.431085  0.184827 -0.271742 -1.204033
37  1.719564 -0.000081 -0.000014  0.022857 -0.107188 -1.509106
38  1.209199 0.000035 0.000005  0.000661 0.071070 -0.480462
39  3.859589 -0.149086 -1.331322  -0.136242 0.071376 -0.187198
40  1.719414 -0.000096 -0.000050  -0.028395 -0.010016 -0.293945
41  1.099675 0.000024 -0.000002  -0.007710 -0.002094 0.219117
42  0.805983 -0.359849 -1.318338  1.134762 0.249907 -0.841728
43  1.789781 -0.000008 -0.000030  0.000332 -0.014982 0.147148
44  1.206997 -0.000004 0.000013  0.000010 -0.117703 1.485327
45  5.740574 0.000119 0.000726  0.137539 -0.000013 0.000032
46  11.480945 0.000113 0.000949  0.050967 0.105511 -0.012016
47  6.027517 -0.000278 -0.000232  -1.116915 -0.619974 -2.192820
48  -0.000000 11.691981 -0.000007  -1.051390 0.496647 0.824041
49  0.000004 -0.000001 0.000000  2.731531 -0.000036 1.570861
50  -0.000006 -0.000015 0.000005  2.272646 -0.000031 1.570865
51  -0.916364 -5.976140 -7.288415  -2.135569 -0.314982 -1.861309
52  0.000000 0.000000 -0.000001  0.008153 -0.000259 0.000009
53  0.000000 0.000000 0.000000  1.565115 0.043565 -0.106862
54  3.364036 -11.849104 -4.328362  -1.478377 -2.574923 0.469369
55  0.000000 -0.000000 -0.000001  0.000000 -0.000000 -0.000002
56  0.000030 0.000029 0.000001  -1.571901 -0.044449 -0.106509
57  20.227150 1.572790 -12.179050  1.570796 -0.000000 0.000000
58  -3.416708 3.227828 -24.950279  1.570796 -0.000000 0.000000
59  -0.426057 1.064479 -6.992781  1.570796 -0.000000 0.000000
60  -0.004311 0.001230 -0.000371  0.006898 -0.005534 -0.284228
61  0.858610 10.209643 -4.879772  1.570796 -0.000000 0.000000
62  0.000000 0.000000 0.000000  -0.078728 -3.136056 0.284225
63  0.031801 0.000000 -0.000718  1.555390 -0.006211 -0.003944
64  -3.962893 -10.003280 -2.493750  1.020165 -0.857453 0.479240
65  -0.000000 -1.379689 -0.604539  0.000000 -0.000000 0.000000
66  0.000001 -0.131223 7.571677  0.000000 -0.000000 0.000000
67  0.389261 -0.902652 1.140568  0.000000 -0.000000 0.000000
68  -0.138167 -0.291040 1.514192  0.000000 -0.000000 0.000000
69  0.000000 0.037258 2.309323  0.000000 -0.000000 0.000000
70  0.000002 0.222708 4.208475  0.000000 -0.000000 0.000000
71  -2.379982 -12.773560 -2.603823  1.020165 -0.857453 0.479240
72  0.138167 1.347513 -1.114661  0.000000 -0.000000 0.000000
73  -0.138166 1.174628 -1.114662  0.000000 -0.000000 0.000000
time 33
0  0.031807 0.000000 -0.000718  -1.570800 -1.391899 -1.570792
1  -7.149830 -0.033129 -0.586647  -1.544956 -1.855077 -0.198630
2  6.027519 -0.000334 0.000202  -1.949309 -0.845325 0.342503
3  11.692101 0.000486 -0.000739  0.073358 -0.000055 -1.815636
4  11.479782 -0.000814 -0.000683  1.461910 -0.335445 0.030726
5  3.859499 -0.142877 -1.192063  -0.407010 -0.239018 -1.523751
6  1.312590 0.000016 0.000002  -0.001901 0.004392 -0.047442
7  0.729356 0.000050 -0.010229  -0.000084 0.000000 -0.833222
8  3.942138 0.046275 -0.431527  -0.304074 -0.142606 -1.249222
9  1.539111 0.000082 -0.000003  -0.002330 -0.007743 -0.305450
10  1.196335 0.000143 0.000028  0.000639 0.000246 -1.533524
11  3.883507 -0.047268 0.431362  -0.200910 -0.015139 -0.829136
12  1.719573 -0.000027 0.000009  -0.008846 -0.058868 -0.867840
13  1.209179 0.000090 0.000009  0.003406 0.002906 -1.148616
14  4.327496 -0.354121 1.357793  0.081701 -0.103935 -0.324708
15  1.719447 -0.000011 0.000024  -0.004611 -0.020282 -1.119091
16  1.099675 0.000046 -0.000004  -0.000334 0.002030 -1.152466
17  0.806000 -0.349049 1.321250  -1.341640 -0.514744 -0.502746
18  1.789822 -0.000010 -0.000016  -0.008320 -0.096614 0.353402
19  1.207015 -0.000018 -0.000043  0.001091 -0.088462 -0.221985
20  5.740637 0.000364 -0.000698  -0.009821 0.000003 0.000060
21  11.480967 -0.000025 -0.000788  -0.015622 -0.046431 -0.008376
22  6.027523 -0.000330 0.000207  2.269955 -0.212450 2.158885
23  0.000001 11.692097 -0.000004  -1.214934 -0.659301 -0.914682
24  0.000002 0.000007 0.000001  0.942463 -0.000031 1.570738
25  -0.000002 -0.000006 -0.000002  0.868967 -0.000009 1.570721
26  -6.617934 -9.178503 0.826812  1.473120 1.855074 -0.198639
27  6.027523 -0.000265 -0.000223  1.275535 0.814897 -1.482462
28  11.691998 0.000244 0.000862  0.459002 0.000044 -1.500331
29  11.480277 0.000031 0.000905  -1.364343 0.569314 -0.026742
30  3.859439 -0.132762 1.193064  0.469647 -0.013262 -1.872396
31  1.312558 0.000026 -0.000002  0.024060 -0.138695 -0.550187
32  0.729346 0.000064 -0.000028  -0.166197 -0.081570 -0.714272
33  3.942048 0.050136 0.431000  0.225311 -0.086239 -1.592715
34  1.539097 0.000007 -0.000005  0.035254 -0.050374 -0.994348
35  1.196300 0.000077 -0.000009  -0.021522 0.002174 -0.839739
36  3.883414 -0.050476 -0.431085  0.184827 -0.271742 -1.204033
37  1.719564 -0.000081 -0.000014  0.022857 -0.107188 -1.509106
38  1.209196 0.000035 0.000005  0.000661 0.071070 -0.480462
39  3.859589 -0.149085 -1.331322  -0.136242 0.071376 -0.187198
40  1.719413 -0.000096 -0.000049  -0.028395 -0.010016 -0.293945
41  1.099675 0.000024 -0.000001  -0.007710 -0.002094 0.219117
42  0.805983 -0.359848 -1.318338  1.134762 0.249907 -0.841728
43  1.789780 -0.000008 -0.000030  0.000332 -0.014982 0.147148
44  1.206997 -0.000004 0.000013  0.000010 -0.117703 1.485327
45  5.740573 0.000119 0.000727  0.114172 -0.000013 0.000032
46  11.481002 0.000143 0.000935  0.036190 0.093046 -0.027051
47  6.027517 -0.000278 -0.000232  -1.097905 -0.614045 -2.208662
48  -0.000000 11.691981 -0.000007  -1.029604 0.476119 0.810427
49  0.000003 -0.000002 0.000000  2.731531 -0.000036 1.570861
50  -0.000006 -0.000015 0.000005  2.272646 -0.000031 1.570865
51  -1.086872 -6.294422 -7.737865  -2.188673 -0.379161 -1.898605
52  0.000001 -0.000000 -0.000000  0.008153 -0.000259 0.000009
53  0.000000 0.000001 0.000000  1.565116 0.043565 -0.106862
54  3.063978 -12.265059 -4.788732  -1.462309 -2.494689 0.404827
55  0.000000 0.000000 0.000001  0.000000 -0.000000 -0.000002
56  0.000031 0.000029 0.000001  -1.571902 -0.044449 -0.106509
57  20.389286 1.568836 -12.324925  1.570796 -0.000000 0.000000
58  -3.415298 3.216290 -24.951393  1.570796 -0.000000 0.000000
59  -0.550535 1.304501 -7.031775  1.570796 -0.000000 0.000000
60  -0.004311 0.001230 -0.000371  0.006898 -0.005534 -0.284228
61  0.858610 10.209643 -4.879772  1.570796 -0.000000 0.000000
62  0.000000 0.000000 0.000000  -0.078728 -3.136056 0.284225
63  0.031801 0.000000 -0.000718  1.556222 0.002635 -0.003423
64  -4.010862 -9.927164 -2.566650  1.003295 -0.776964 0.436180
65  0.000000 -1.379689 -0.604538  0.000000 -0.000000 0.000000
66  0.000001 -0.131223 7.571677  0.000000 -0.000000 0.000000
67  0.496508 -0.902653 1.140568  0.000000 -0.000000 0.000000
68  -0.138166 -0.291040 1.514192  0.000000 -0.000000 0.000000
69  0.000000 0.037259 2.309323  0.000000 -0.000000 0.000000
70  0.000002 0.222708 4.208476  0.000000 -0.000000 0.000000
71  -2.590248 -12.785026 -2.648229  1.003295 -0.776964 0.436180
72  0.138167 1.347512 -1.114662  0.000000 -0.000000 0.000000
73  -0.138167 1.174628 -1.114661  0.000000 -0.000000 0.000000
time 34
0  0.031807 0.000000 -0.000718  -1.570800 -1.391899 -1.570792
1  -7.226354 -0.297913 -0.709909  -1.544956 -1.855077 -0.198630
2  6.027520 -0.000333 0.000202  -1.958331 -0.866221 0.345592
3  11.692101 0.000485 -0.000737  0.054118 -0.000052 -1.762303
4  11.480267 -0.000483 -0.000717  1.525431 -0.348428 -0.046661
5  3.859499 -0.142876 -1.192064  -0.407010 -0.239018 -1.523751
6  1.312589 0.000013 0.000004  -0.001901 0.004392 -0.047442
7  0.729356 0.000050 -0.010230  -0.000084 0.000000 -0.833222
8  3.942138 0.046276 -0.431526  -0.304074 -0.142606 -1.249222
9  1.539111 0.000082 -0.000001  -0.002330 -0.007743 -0.305450
10  1.196336 0.000143 0.000029  0.000639 0.000246 -1.533524
11  3.883507 -0.047268 0.431361  -0.200910 -0.015139 -0.829136
12  1.719573 -0.000027 0.000009  -0.008846 -0.058868 -0.867840
13  1.209178 0.000090 0.000007  0.003406 0.002906 -1.148616
14  4.327496 -0.354121 1.357792  0.081701 -0.103935 -0.324708
15  1.719446 -0.000010 0.000023  -0.004611 -0.020282 -1.119091
16  1.099673 0.000046 -0.000004  -0.000334 0.002030 -1.152466
17  0.806002 -0.349049 1.321249  -1.341640 -0.514744 -0.502746
18  1.789821 -0.000010 -0.000015  -0.008320 -0.096614 0.353402
19  1.207015 -0.000015 -0.000042  0.001091 -0.088462 -0.221985
20  5.740635 0.000364 -0.000700  0.005240 0.000003 0.000060
21  11.481061 0.000040 -0.000796  -0.004657 -0.048282 -0.021297
22  6.027523 -0.000329 0.000206  2.250698 -0.201659 2.159121
23  0.000001 11.692095 -0.000006  -1.183568 -0.627222 -0.899063
24  0.000003 0.000005 0.000001  0.923222 -0.000031 1.570738
25  -0.000003 -0.000006 -0.000002  0.868967 -0.000009 1.570721
26  -6.617934 -9.178503 0.826812  1.473120 1.855074 -0.198639
27  6.027523 -0.000266 -0.000223  1.279451 0.823616 -1.483323
28  11.691996 0.000245 0.000863  0.459001 0.000042 -1.464160
29  11.480577 0.000198 0.000821  -1.374117 0.539120 -0.097811
30  3.859438 -0.132763 1.193063  0.469647 -0.013262 -1.872396
31  1.312559 0.000026 -0.000002  0.024060 -0.138695 -0.550187
32  0.729347 0.000064 -0.000028  -0.166197 -0.081570 -0.714272
33  3.942048 0.050135 0.430999  0.225311 -0.086239 -1.592715
34  1.539097 0.000007 -0.000005  0.035254 -0.050374 -0.994348
35  1.196300 0.000077 -0.000007  -0.021522 0.002174 -0.839739
36  3.883414 -0.050476 -0.431086  0.184827 -0.271742 -1.204033
37  1.719565 -0.000080 -0.000014  0.022857 -0.107188 -1.509106
38  1.209197 0.000036 0.000005  0.000661 0.071070 -0.480462
39  3.859588 -0.149086 -1.331322  -0.136242 0.071376 -0.187198
40  1.719413 -0.000096 -0.000049  -0.028395 -0.010016 -0.293945
41  1.099674 0.000025 -0.000002  -0.007710 -0.002094 0.219117
42  0.805983 -0.359848 -1.318339  1.134762 0.249907 -0.841728
43  1.789781 -0.000008 -0.000029  0.000332 -0.014982 0.147148
44  1.206996 -0.000004 0.000014  0.000010 -0.117703 1.485327
45  5.740574 0.000119 0.000725  0.112358 -0.000013 0.000032
46  11.481063 0.000177 0.000917  0.037159 0.086050 -0.039912
47  6.027517 -0.000278 -0.000232  -1.102530 -0.605751 -2.209735
48  -0.000000 11.691980 -0.000006  -1.008141 0.456235 0.796721
49  0.000003 -0.000004 0.000001  2.731531 -0.000036 1.570860
50  -0.000006 -0.000014 0.000005  2.272646 -0.000031 1.570865
51  -1.101620 -6.575810 -7.916183  -2.166888 -0.419284 -1.919920
52  -0.000000 -0.000001 0.000000  0.008153 -0.000259 0.000009
53  -0.000000 -0.000000 -0.000000  1.565115 0.043565 -0.106862
54  2.955719 -12.461488 -4.680100  -1.407687 -2.483309 0.358807
55  -0.000000 -0.000000 -0.000000  0.000000 -0.000000 -0.000002
56  0.000031 0.000029 0.000000  -1.571901 -0.044449 -0.106509
57  20.522388 1.563053 -12.491508  1.570796 -0.000000 0.000000
58  -3.414610 3.208104 -24.951935  1.570796 -0.000000 0.000000
59  -0.673798 1.578676 -7.059961  1.570796 -0.000000 0.000000
60  -0.004311 0.001230 -0.000371  0.006898 -0.005534 -0.284228
61  0.858610 10.209643 -4.879772  1.570796 -0.000000 0.000000
62  0.000000 0.000000 0.000000  -0.078728 -3.136056 0.284225
63  0.031801 0.000000 -0.000718  1.558458 0.006666 -0.002042
64  -4.099947 -9.937204 -2.605904  0.944083 -0.762636 0.464553
65  -0.000001 -1.379689 -0.604537  -0.000000 0.000000 -0.000000
66  0.000001 -0.131223 7.571679  -0.000000 0.000000 -0.000000
67  0.496507 -0.902653 1.140568  -0.000000 0.000000 -0.000000
68  -0.138167 -0.291040 1.514193  -0.000000 0.000000 -0.000000
69  0.000000 0.037258 2.309323  -0.000000 0.000000 -0.000000
70  0.000001 0.222708 4.208476  -0.000000 0.000000 -0.000000
71  -2.716088 -12.813693 -2.551970  0.944083 -0.762636 0.464553
72  0.138168 1.347513 -1.114661  -0.000000 0.000000 -0.000000
73  -0.138166 1.174628 -1.114661  -0.000000 0.000000 -0.000000
time 35
0  0.031807 0.000000 -0.000718  -1.570800 -1.391899 -1.570792
1  -7.296389 -0.590171 -0.829579  -1.544956 -1.855077 -0.198630
2  6.027520 -0.000335 0.000202  -1.971644 -0.863793 0.341693
3  11.692101 0.000484 -0.000738  -0.004076 -0.000049 -1.744677
4  11.480427 -0.000334 -0.000740  1.596860 -0.301067 -0.069200
5  3.859499 -0.142876 -1.192063  -0.407010 -0.239017 -1.523751
6  1.312590 0.000015 0.000002  -0.001901 0.004392 -0.047442
7  0.729357 0.000051 -0.010230  -0.000084 0.000000 -0.833222
8  3.942138 0.046276 -0.431527  -0.304074 -0.142606 -1.249222
9  1.539111 0.000083 -0.000001  -0.002330 -0.007743 -0.305450
10  1.196335 0.000144 0.000029  0.000639 0.000246 -1.533524
11  3.883507 -0.047268 0.431361  -0.200910 -0.015139 -0.829136
12  1.719574 -0.000027 0.000010  -0.008846 -0.058868 -0.867840
13  1.209179 0.000090 0.000009  0.003406 0.002906 -1.148616
14  4.327496 -0.354121 1.357792  0.081701 -0.103935 -0.324708
15  1.719446 -0.000010 0.000023  -0.004611 -0.020282 -1.119091
16  1.099674 0.000047 -0.000006  -0.000334 0.002030 -1.152466
17  0.806001 -0.349050 1.321248  -1.341640 -0.514744 -0.502746
18  1.789821 -0.000009 -0.000016  -0.008320 -0.096614 0.353402
19  1.207015 -0.000015 -0.000043  0.001091 -0.088462 -0.221985
20  5.740636 0.000365 -0.000698  0.018466 0.000003 0.000060
21  11.481095 0.000069 -0.000800  0.008827 -0.038732 -0.022992
22  6.027524 -0.000332 0.000207  2.255173 -0.193836 2.144210
23  0.000002 11.692096 -0.000006  -1.173229 -0.616708 -0.893706
24  0.000003 0.000005 -0.000000  0.865029 -0.000031 1.570738
25  -0.000003 -0.000006 -0.000002  0.868967 -0.000009 1.570721
26  -6.617934 -9.178503 0.826812  1.473120 1.855074 -0.198639
27  6.027523 -0.000266 -0.000223  1.279459 0.824161 -1.483434
28  11.691997 0.000244 0.000862  0.459001 0.000042 -1.473975
29  11.480492 0.000153 0.000847  -1.330988 0.541575 -0.061915
30  3.859438 -0.132762 1.193064  0.469647 -0.013262 -1.872396
31  1.312559 0.000027 -0.000001  0.024060 -0.138695 -0.550187
32  0.729346 0.000064 -0.000029  -0.166197 -0.081571 -0.714272
33  3.942047 0.050134 0.430998  0.225311 -0.086239 -1.592715
34  1.539097 0.000007 -0.000005  0.035254 -0.050374 -0.994348
35  1.196301 0.000077 -0.000008  -0.021522 0.002174 -0.839739
36  3.883414 -0.050476 -0.431086  0.184827 -0.271742 -1.204033
37  1.719564 -0.000082 -0.000015  0.022857 -0.107188 -1.509106
38  1.209195 0.000035 0.000005  0.000661 0.071070 -0.480462
39  3.859589 -0.149086 -1.331322  -0.136242 0.071376 -0.187198
40  1.719413 -0.000095 -0.000049  -0.028395 -0.010016 -0.293945
41  1.099674 0.000023 -0.000002  -0.007710 -0.002094 0.219117
42  0.805983 -0.359848 -1.318338  1.134762 0.249907 -0.841728
43  1.789780 -0.000008 -0.000030  0.000332 -0.014982 0.147148
44  1.206997 -0.000004 0.000014  0.000010 -0.117704 1.485327
45  5.740573 0.000119 0.000727  0.119257 -0.000013 0.000032
46  11.481046 0.000168 0.000923  0.044031 0.087018 -0.035329
47  6.027517 -0.000278 -0.000232  -1.102966 -0.605339 -2.209605
48  -0.000000 11.691980 -0.000009  -1.013973 0.461604 0.800473
49  0.000004 -0.000001 -0.000000  2.731531 -0.000036 1.570861
50  -0.000006 -0.000014 0.000003  2.272646 -0.000031 1.570865
51  -1.118689 -6.508808 -7.818346  -2.144827 -0.404335 -1.900819
52  0.000000 -0.000000 0.000000  0.008153 -0.000259 0.000009
53  0.000000 0.000000 -0.000000  1.565115 0.043565 -0.106862
54  3.023314 -12.303998 -4.526689  -1.405330 -2.508381 0.385320
55  0.000000 0.000000 0.000002  0.000000 -0.000000 -0.000002
56  0.000030 0.000029 0.000003  -1.571902 -0.044449 -0.106509
57  20.606934 1.555544 -12.711351  1.570796 -0.000000 0.000000
58  -3.414368 3.203237 -24.952126  1.570796 -0.000000 0.000000
59  -0.793468 1.878732 -7.076873  1.570796 -0.000000 0.000000
60  -0.004311 0.001230 -0.000371  0.006898 -0.005534 -0.284228
61  0.858610 10.209643 -4.879772  1.570796 -0.000000 0.000000
62  0.000000 0.000000 0.000000  -0.078728 -3.136056 0.284225
63  0.031801 0.000000 -0.000718  1.561628 0.006110 -0.000355
64  -4.147916 -9.993124 -2.605734  0.937657 -0.787356 0.496982
65  -0.000000 -1.379689 -0.604537  0.000000 -0.000000 0.000000
66  0.000001 -0.131223 7.571679  0.000000 -0.000000 0.000000
67  0.496507 -0.902652 1.140567  0.000000 -0.000000 0.000000
68  -0.138166 -0.291040 1.514191  0.000000 -0.000000 0.000000
69  0.000001 0.037258 2.309323  0.000000 -0.000000 0.000000
70  0.000002 0.222708 4.208476  0.000000 -0.000000 0.000000
71  -2.685710 -12.830309 -2.538617  0.937657 -0.787356 0.496982
72  0.138167 1.347513 -1.114661  0.000000 -0.000000 0.000000
73  -0.138167 1.174629 -1.114662  0.000000 -0.000000 0.000000
time 36
0  0.031807 0.000000 -0.000718  -1.570800 -1.391899 -1.570792
1  -7.358532 -0.902385 -0.943423  -1.544956 -1.855077 -0.198630
2  6.027519 -0.000334 0.000202  -1.974785 -0.863024 0.324163
3  11.692101 0.000486 -0.000738  -0.080842 -0.000050 -1.718795
4  11.480669 -0.000109 -0.000751  1.682380 -0.250798 -0.099559
5  3.859499 -0.142876 -1.192062  -0.407010 -0.239018 -1.523751
6  1.312590 0.000015 0.000002  -0.001901 0.004392 -0.047442
7  0.729356 0.000050 -0.010229  -0.000084 0.000000 -0.833222
8  3.942138 0.046276 -0.431527  -0.304074 -0.142606 -1.249222
9  1.539111 0.000082 -0.000003  -0.002330 -0.007743 -0.305450
10  1.196335 0.000143 0.000027  0.000639 0.000246 -1.533524
11  3.883507 -0.047268 0.431362  -0.200910 -0.015139 -0.829136
12  1.719574 -0.000027 0.000011  -0.008846 -0.058868 -0.867840
13  1.209179 0.000090 0.000008  0.003406 0.002906 -1.148616
14  4.327495 -0.354121 1.357794  0.081701 -0.103935 -0.324708
15  1.719446 -0.000010 0.000023  -0.004611 -0.020282 -1.119091
16  1.099674 0.000046 -0.000003  -0.000334 0.002030 -1.152466
17  0.806000 -0.349050 1.321250  -1.341640 -0.514744 -0.502746
18  1.789821 -0.000009 -0.000015  -0.008320 -0.096614 0.353402
19  1.207015 -0.000017 -0.000043  0.001091 -0.088462 -0.221985
20  5.740635 0.000362 -0.000700  0.035444 0.000003 0.000060
21  11.481143 0.000113 -0.000803  0.025321 -0.028951 -0.026335
22  6.027523 -0.000330 0.000206  2.256411 -0.192024 2.124055
23  0.000000 11.692098 -0.000005  -1.158051 -0.601353 -0.885681
24  0.000003 0.000006 0.000000  0.788259 -0.000031 1.570738
25  -0.000002 -0.000007 -0.000002  0.868967 -0.000009 1.570721
26  -6.617934 -9.178503 0.826812  1.473120 1.855074 -0.198639
27  6.027523 -0.000266 -0.000223  1.272777 0.828474 -1.487674
28  11.691998 0.000243 0.000862  0.459001 0.000042 -1.477009
29  11.480467 0.000139 0.000853  -1.297198 0.549985 -0.024919
30  3.859439 -0.132762 1.193064  0.469647 -0.013262 -1.872396
31  1.312560 0.000026 -0.000002  0.024060 -0.138695 -0.550187
32  0.729346 0.000065 -0.000028  -0.166197 -0.081570 -0.714272
33  3.942049 0.050135 0.430999  0.225311 -0.086239 -1.592715
34  1.539097 0.000006 -0.000005  0.035254 -0.050374 -0.994348
35  1.196300 0.000077 -0.000008  -0.021522 0.002174 -0.839739
36  3.883414 -0.050477 -0.431085  0.184827 -0.271742 -1.204033
37  1.719564 -0.000081 -0.000015  0.022857 -0.107188 -1.509106
38  1.209197 0.000035 0.000006  0.000661 0.071070 -0.480462
39  3.859589 -0.149086 -1.331322  -0.136242 0.071376 -0.187198
40  1.719412 -0.000095 -0.000049  -0.028395 -0.010016 -0.293945
41  1.099674 0.000024 -0.000001  -0.007710 -0.002094 0.219117
42  0.805983 -0.359849 -1.318338  1.134762 0.249907 -0.841728
43  1.789780 -0.000007 -0.000030  0.000332 -0.014982 0.147148
44  1.206997 -0.000004 0.000013  0.000010 -0.117703 1.485327
45  5.740574 0.000118 0.000726  0.124563 -0.000013 0.000032
46  11.481040 0.000165 0.000923  0.048990 0.089382 -0.030166
47  6.027517 -0.000278 -0.000232  -1.110564 -0.605092 -2.204607
48  -0.000001 11.691981 -0.000009  -1.015775 0.463268 0.801628
49  0.000003 -0.000002 -0.000001  2.731531 -0.000036 1.570861
50  -0.000007 -0.000014 0.000004  2.272646 -0.000031 1.570865
51  -1.063405 -6.479726 -7.706613  -2.133505 -0.383073 -1.881609
52  0.000000 0.000001 -0.000000  0.008153 -0.000259 0.000009
53  0.000000 -0.000000 0.000000  1.565115 0.043565 -0.106862
54  3.160110 -12.231749 -4.442934  -1.416496 -2.530269 0.415382
55  -0.000000 -0.000000 0.000000  0.000000 -0.000000 -0.000002
56  0.000030 0.000030 0.000002  -1.571901 -0.044449 -0.106509
57  20.635258 1.546579 -13.000420  1.570796 -0.000000 0.000000
58  -3.414334 3.201630 -24.952156  1.570796 -0.000000 0.000000
59  -0.907313 2.197020 -7.082467  1.570796 -0.000000 0.000000
60  -0.004311 0.001230 -0.000371  0.006898 -0.005534 -0.284228
61  0.858610 10.209643 -4.879772  1.570796 -0.000000 0.000000
62  0.000000 0.000000 0.000000  -0.078728 -3.136056 0.284225
63  0.031801 0.000000 -0.000718  1.565259 0.004698 0.001063
64  -4.094422 -10.122513 -2.604551  0.947304 -0.810074 0.513622
65  -0.000000 -1.379689 -0.604537  0.000000 0.000000 0.000000
66  -0.000000 -0.131224 7.571679  0.000000 0.000000 0.000000
67  0.496507 -0.902652 1.140568  0.000000 0.000000 0.000000
68  -0.138167 -0.291040 1.514192  0.000000 0.000000 0.000000
69  0.000000 0.037259 2.309323  0.000000 0.000000 0.000000
70  0.000001 0.222708 4.208476  0.000000 0.000000 0.000000
71  -2.566718 -12.925426 -2.560209  0.947304 -0.810074 0.513622
72  0.138167 1.347513 -1.114661  0.000000 0.000000 0.000000
73  -0.138166 1.174628 -1.114661  0.000000 0.000000 0.000000
time 37
0  0.031807 0.000000 -0.000718  -1.570800 -1.391899 -1.570792
1  -7.347400 -1.304190 -1.049440  -1.544956 -1.855077 -0.198630
2  6.027519 -0.000331 0.000202  -1.932803 -0.876559 0.260532
3  11.692102 0.000484 -0.000738  -0.194166 -0.000044 -1.669601
4  11.479202 -0.000857 -0.000925  1.742690 -0.188564 -0.135980
5  3.859499 -0.142876 -1.192063  -0.394734 -0.185706 -1.477613
6  1.312590 0.000015 0.000004  -0.014894 -0.033316 -0.187992
7  0.729355 0.000051 -0.008808  0.006688 -0.002714 -0.737120
8  3.942139 0.046275 -0.431528  -0.326392 -0.103383 -1.202333
9  1.539110 0.000082 -0.000001  0.004200 -0.023793 -0.410227
10  1.196335 0.000144 0.000030  0.002394 0.000590 -1.379582
11  3.883507 -0.047268 0.431363  -0.223393 0.027308 -0.811573
12  1.719572 -0.000027 0.000010  -0.011764 -0.071141 -0.882437
13  1.209178 0.000090 0.000006  0.003204 0.002334 -1.024396
14  4.262802 -0.324300 1.354281  0.055504 -0.085470 -0.321837
15  1.719447 -0.000011 0.000023  -0.012299 -0.021185 -1.079905
16  1.099674 0.000046 -0.000003  -0.000066 0.002590 -1.045448
17  0.802619 -0.411880 1.334881  -1.338397 -0.534706 -0.467915
18  1.789821 -0.000006 -0.000016  -0.000048 -0.091025 0.353413
19  1.207015 -0.000016 -0.000043  -0.001361 -0.076787 -0.193111
20  5.740636 0.000364 -0.000698  0.048933 0.000003 0.000060
21  11.480850 -0.000036 -0.000838  0.037290 -0.017162 -0.032452
22  6.027524 -0.000328 0.000207  2.236250 -0.214968 2.096584
23  0.000003 11.692098 -0.000006  -1.129233 -0.572449 -0.869878
24  0.000004 0.000008 -0.000000  0.674938 -0.000031 1.570738
25  -0.000001 -0.000007 -0.000002  0.868967 -0.000009 1.570721
26  -6.617934 -9.178503 0.826812  1.473120 1.855074 -0.198639
27  6.027523 -0.000266 -0.000223  1.278292 0.832643 -1.471808
28  11.691998 0.000243 0.000862  0.451989 0.000042 -1.473712
29  11.480497 0.000151 0.000845  -1.302714 0.548307 0.009434
30  3.859437 -0.132762 1.193064  0.469647 -0.013262 -1.872396
31  1.312559 0.000026 -0.000002  0.024060 -0.138695 -0.550187
32  0.729345 0.000065 -0.000028  -0.166197 -0.081570 -0.714272
33  3.942048 0.050135 0.430999  0.225311 -0.086239 -1.592715
34  1.539098 0.000007 -0.000005  0.035254 -0.050374 -0.994348
35  1.196300 0.000078 -0.000008  -0.021522 0.002174 -0.839739
36  3.883414 -0.050476 -0.431086  0.184827 -0.271742 -1.204033
37  1.719563 -0.000081 -0.000015  0.022857 -0.107188 -1.509106
38  1.209199 0.000034 0.000005  0.000661 0.071070 -0.480462
39  3.859588 -0.149086 -1.331322  -0.136242 0.071376 -0.187198
40  1.719413 -0.000095 -0.000050  -0.028395 -0.010016 -0.293945
41  1.099674 0.000024 -0.000001  -0.007710 -0.002094 0.219117
42  0.805983 -0.359848 -1.318338  1.134762 0.249907 -0.841728
43  1.789780 -0.000008 -0.000030  0.000332 -0.014982 0.147148
44  1.206997 -0.000004 0.000014  0.000010 -0.117703 1.485327
45  5.740575 0.000119 0.000726  0.119264 -0.000013 0.000032
46  11.481047 0.000169 0.000923  0.046714 0.089655 -0.023134
47  6.027517 -0.000278 -0.000232  -1.110500 -0.599505 -2.192849
48  -0.000000 11.691981 -0.000007  -1.013817 0.461460 0.800373
49  0.000003 -0.000003 0.000000  2.724519 -0.000036 1.570861
50  -0.000006 -0.000014 0.000005  2.272646 -0.000031 1.570865
51  -1.131628 -6.520911 -7.720209  -2.183057 -0.369193 -1.860876
52  0.000000 -0.000001 0.000000  0.008153 -0.000259 0.000009
53  -0.000000 0.000001 -0.000000  1.565115 0.043565 -0.106862
54  3.301066 -12.402588 -4.687386  -1.532294 -2.557398 0.469963
55  -0.000000 -0.000000 0.000001  0.000000 -0.000000 -0.000002
56  0.000030 0.000029 0.000002  -1.571901 -0.044449 -0.106509
57  20.468754 1.121873 -13.282756  1.570796 -0.000000 0.000000
58  -3.679740 3.219345 -24.900959  1.570796 -0.000000 0.000000
59  -1.013330 2.590433 -7.000014  1.570796 -0.000000 0.000000
60  -0.004311 0.001230 -0.000371  0.006898 -0.005534 -0.284228
61  0.858610 10.209643 -4.879772  1.570796 -0.000000 0.000000
62  0.000000 0.000000 0.000000  -0.078728 -3.136056 0.284225
63  0.031801 0.000000 -0.000718  1.568886 0.002855 0.001663
64  -3.949223 -10.308564 -2.601339  1.008357 -0.787632 0.472394
65  0.000001 -1.379689 -0.604539  -0.000000 0.000000 -0.000000
66  0.000001 -0.131223 7.571680  -0.000000 0.000000 -0.000000
67  0.496507 -0.902652 1.140568  -0.000000 0.000000 -0.000000
68  -0.138166 -0.291040 1.514192  -0.000000 0.000000 -0.000000
69  0.000001 0.037259 2.309323  -0.000000 0.000000 -0.000000
70  0.000002 0.222708 4.208476  -0.000000 0.000000 -0.000000
71  -2.415392 -13.106964 -2.693450  1.008357 -0.787632 0.472394
72  0.138167 1.347513 -1.114662  -0.000000 0.000000 -0.000000
73  -0.138167 1.174628 -1.114662  -0.000000 0.000000 -0.000000
time 38
0  0.031807 0.000000 -0.000718  -1.570800 -1.391899 -1.570792
1  -7.197263 -1.864158 -1.145912  -1.544956 -1.855077 -0.198630
2  6.027519 -0.000334 0.000202  -1.840241 -0.905157 0.132969
3  11.692101 0.000483 -0.000739  -0.328954 -0.000042 -1.593841
4  11.479738 -0.000448 -0.000935  1.738671 -0.097355 -0.164556
5  3.859502 -0.142876 -1.192065  -0.351895 -0.044250 -1.355372
6  1.312590 0.000015 0.000004  -0.022759 -0.141460 -0.572144
7  0.729355 0.000051 -0.005092  0.023142 -0.012963 -0.481265
8  3.942139 0.046276 -0.431527  -0.376618 0.008295 -1.084341
9  1.539110 0.000081 0.000000  0.030861 -0.062157 -0.691313
10  1.196334 0.000143 0.000026  0.007253 0.000127 -0.956843
11  3.883507 -0.047267 0.431363  -0.279387 0.140084 -0.770085
12  1.719573 -0.000026 0.000011  -0.018352 -0.103509 -0.924852
13  1.209178 0.000089 0.000008  0.002099 0.000907 -0.689358
14  4.093582 -0.246296 1.345093  -0.017867 -0.031508 -0.320845
15  1.719447 -0.000011 0.000023  -0.032952 -0.020936 -0.977091
16  1.099674 0.000048 -0.000003  0.000903 0.004005 -0.759173
17  0.793772 -0.576226 1.370538  -1.333700 -0.588146 -0.374898
18  1.789820 -0.000005 -0.000016  0.021482 -0.076428 0.356200
19  1.207014 -0.000017 -0.000042  -0.006027 -0.045864 -0.116518
20  5.740635 0.000364 -0.000698  0.052389 0.000003 0.000060
21  11.480959 0.000045 -0.000840  0.037237 0.000719 -0.039472
22  6.027524 -0.000330 0.000206  2.190144 -0.261822 2.051918
23  0.000002 11.692097 -0.000005  -1.084791 -0.528712 -0.844215
24  0.000003 0.000006 -0.000001  0.540146 -0.000031 1.570738
25  -0.000001 -0.000006 -0.000002  0.868967 -0.000009 1.570721
26  -6.617934 -9.178503 0.826812  1.473120 1.855074 -0.198639
27  6.027522 -0.000265 -0.000223  1.303250 0.836212 -1.417010
28  11.691998 0.000244 0.000861  0.430862 0.000042 -1.469601
29  11.480531 0.000151 0.000838  -1.330841 0.532619 0.050911
30  3.859439 -0.132761 1.193064  0.469647 -0.013262 -1.872396
31  1.312558 0.000027 -0.000003  0.024060 -0.138695 -0.550187
32  0.729346 0.000065 -0.000028  -0.166197 -0.081570 -0.714272
33  3.942049 0.050135 0.430999  0.225311 -0.086239 -1.592715
34  1.539097 0.000006 -0.000006  0.035254 -0.050374 -0.994348
35  1.196300 0.000077 -0.000008  -0.021522 0.002174 -0.839739
36  3.883414 -0.050476 -0.431085  0.184827 -0.271742 -1.204033
37  1.719564 -0.000082 -0.000015  0.022857 -0.107188 -1.509106
38  1.209197 0.000035 0.000005  0.000661 0.071070 -0.480462
39  3.859589 -0.149085 -1.331321  -0.136242 0.071376 -0.187198
40  1.719413 -0.000096 -0.000049  -0.028395 -0.010015 -0.293945
41  1.099674 0.000023 -0.000002  -0.007710 -0.002094 0.219117
42  0.805983 -0.359848 -1.318337  1.134762 0.249907 -0.841728
43  1.789781 -0.000008 -0.000030  0.000332 -0.014982 0.147148
44  1.206997 -0.000005 0.000014  0.000010 -0.117704 1.485327
45  5.740573 0.000120 0.000725  0.106555 -0.000013 0.000032
46  11.481054 0.000168 0.000920  0.040170 0.087047 -0.013165
47  6.027517 -0.000278 -0.000232  -1.098372 -0.585631 -2.163316
48  -0.000001 11.691980 -0.000007  -1.011375 0.459209 0.798804
49  0.000004 -0.000002 0.000001  2.703392 -0.000036 1.570861
50  -0.000006 -0.000014 0.000005  2.272646 -0.000031 1.570865
51  -1.413105 -6.604862 -7.862052  -2.301184 -0.367149 -1.832045
52  -0.000000 0.000000 0.000000  0.008153 -0.000259 0.000009
53  0.000000 0.000001 0.000001  1.565115 0.043565 -0.106862
54  3.391603 -12.745121 -5.255352  1.363007 -0.539803 -2.600694
55  0.000000 0.000000 -0.000000  0.000000 -0.000000 -0.000002
56  0.000031 0.000030 0.000001  -1.571902 -0.044449 -0.106509
57  19.707861 0.026282 -13.619118  1.570796 -0.000000 0.000000
58  -4.478499 3.272662 -24.746868  1.570796 -0.000000 0.000000
59  -1.109802 3.114748 -6.752630  1.570796 -0.000000 0.000000
60  -0.004311 0.001230 -0.000371  0.006898 -0.005534 -0.284228
61  0.858610 10.209643 -4.879772  1.570796 -0.000000 0.000000
62  0.000000 0.000000 0.000000  -0.078728 -3.136056 0.284225
63  0.031801 0.000000 -0.000718  1.572048 0.001011 0.001667
64  -3.735246 -10.523370 -2.595083  1.108000 -0.705108 0.390923
65  -0.000000 -1.379689 -0.604539  0.000000 -0.000000 -0.000000
66  -0.000000 -0.131223 7.571677  0.000000 -0.000000 -0.000000
67  0.496507 -0.902652 1.140567  0.000000 -0.000000 -0.000000
68  -0.138167 -0.291040 1.514190  0.000000 -0.000000 -0.000000
69  0.000000 0.037259 2.309322  0.000000 -0.000000 -0.000000
70  0.000002 0.222709 4.208473  0.000000 -0.000000 -0.000000
71  -2.262769 -13.335484 -2.935667  1.108000 -0.705108 0.390923
72  0.138166 1.347513 -1.114663  0.000000 -0.000000 -0.000000
73  -0.138167 1.174628 -1.114663  0.000000 -0.000000 -0.000000
time 39
0  0.031807 0.000000 -0.000718  -1.570800 -1.391899 -1.570792
1  -6.918784 -2.556418 -1.231434  -1.544956 -1.855077 -0.198630
2  6.027519 -0.000332 0.000201  -1.695429 -0.940945 -0.062196
3  11.692103 0.000482 -0.000740  -0.382431 -0.000035 -1.506190
4  11.480421 -0.000016 -0.000799  1.670827 -0.090289 -0.219284
5  3.859504 -0.142876 -1.192066  -0.294282 0.101220 -1.231112
6  1.312590 0.000016 0.000004  0.010666 -0.244768 -0.963475
7  0.729355 0.000052 -0.001372  0.036470 -0.027042 -0.225548
8  3.942141 0.046277 -0.431530  -0.414826 0.135255 -0.974168
9  1.539110 0.000082 -0.000001  0.070680 -0.090289 -0.974185
10  1.196332 0.000146 0.000022  0.011494 -0.002288 -0.534110
11  3.883507 -0.047266 0.431365  -0.332626 0.254764 -0.734900
12  1.719572 -0.000026 0.000011  -0.022808 -0.136293 -0.978865
13  1.209178 0.000091 0.000006  -0.000039 -0.000121 -0.354318
14  3.924361 -0.168293 1.335905  -0.106283 0.036688 -0.336212
15  1.719449 -0.000011 0.000019  -0.054313 -0.015342 -0.874387
16  1.099674 0.000048 0.000001  0.002204 0.005343 -0.472895
17  0.784925 -0.740573 1.406194  -1.335211 -0.643638 -0.278944
18  1.789820 -0.000007 -0.000016  0.042821 -0.062033 0.366148
19  1.207014 -0.000012 -0.000042  -0.007872 -0.014570 -0.036997
20  5.740635 0.000363 -0.000699  0.042120 0.000003 0.000060
21  11.481094 0.000131 -0.000812  0.023864 0.002287 -0.051905
22  6.027524 -0.000330 0.000207  2.119127 -0.327290 1.992962
23  0.000001 11.692099 -0.000007  -1.033123 -0.479383 -0.812571
24  0.000003 0.000007 0.000001  0.486668 -0.000031 1.570738
25  -0.000002 -0.000006 -0.000001  0.868967 -0.000009 1.570721
26  -6.617934 -9.178503 0.826812  1.473120 1.855074 -0.198639
27  6.027521 -0.000265 -0.000222  1.344749 0.839302 -1.325305
28  11.691998 0.000243 0.000862  0.396452 0.000042 -1.471269
29  11.480514 0.000114 0.000846  -1.369419 0.509536 0.107692
30  3.859439 -0.132763 1.193064  0.469647 -0.013262 -1.872396
31  1.312559 0.000026 -0.000002  0.024060 -0.138696 -0.550187
32  0.729344 0.000065 -0.000029  -0.166197 -0.081570 -0.714272
33  3.942048 0.050134 0.430999  0.225311 -0.086239 -1.592715
34  1.539097 0.000008 -0.000006  0.035254 -0.050374 -0.994348
35  1.196300 0.000078 -0.000007  -0.021522 0.002174 -0.839739
36  3.883414 -0.050477 -0.431085  0.184827 -0.271742 -1.204033
37  1.719564 -0.000079 -0.000015  0.022857 -0.107188 -1.509106
38  1.209198 0.000035 0.000005  0.000661 0.071070 -0.480462
39  3.823548 -0.162936 -1.329723  -0.145380 0.063690 -0.139950
40  1.719413 -0.000096 -0.000048  -0.028149 -0.027787 -0.316958
41  1.099675 0.000024 -0.000001  -0.005125 -0.003714 0.043329
42  0.805983 -0.359849 -1.318338  1.134762 0.249907 -0.841728
43  1.789780 -0.000007 -0.000030  0.000332 -0.014982 0.147148
44  1.206997 -0.000004 0.000014  0.000010 -0.117703 1.485327
45  5.740574 0.000120 0.000726  0.090922 -0.000013 0.000032
46  11.481050 0.000161 0.000922  0.031361 0.082861 0.000456
47  6.027517 -0.000278 -0.000232  -1.077119 -0.564127 -2.114010
48  -0.000002 11.691979 -0.000008  -1.012366 0.460122 0.799441
49  0.000002 -0.000002 -0.000000  2.668982 -0.000036 1.570860
50  -0.000006 -0.000014 0.000005  2.272646 -0.000031 1.570865
51  -1.892805 -6.672852 -8.011519  -2.474776 -0.369040 -1.795795
52  -0.000000 -0.000001 0.000000  0.008153 -0.000259 0.000009
53  0.000000 -0.000001 -0.000000  1.565115 0.043565 -0.106862
54  3.195602 -13.029819 -6.158662  1.097530 -0.580087 -2.537950
55  0.000000 0.000000 0.000000  0.000000 -0.000000 -0.000002
56  0.000030 0.000030 0.000001  -1.571901 -0.044449 -0.106509
57  18.294174 -1.007861 -14.219498  1.570796 -0.000000 0.000000
58  -5.777237 3.359353 -24.496325  1.570796 -0.000000 0.000000
59  -1.195324 3.746405 -6.355412  1.570796 -0.000000 0.000000
60  -0.004311 0.001230 -0.000371  0.006898 -0.005534 -0.284228
61  0.858610 10.209643 -4.879772  1.570796 -0.000000 0.000000
62  0.000000 0.000000 0.000000  -0.078728 -3.136056 0.284225
63  0.031801 0.000000 -0.000718  1.574285 -0.000407 0.001667
64  -3.475416 -10.739021 -2.584770  1.217757 -0.569173 0.299083
65  0.000000 -1.379688 -0.604540  0.000000 -0.000000 -0.000000
66  0.000001 -0.131223 7.571678  0.000000 -0.000000 -0.000000
67  0.496507 -0.902651 1.140566  0.000000 -0.000000 -0.000000
68  -0.138166 -0.291039 1.514191  0.000000 -0.000000 -0.000000
69  0.000001 0.037259 2.309323  0.000000 -0.000000 -0.000000
70  0.000002 0.222709 4.208473  0.000000 -0.000000 -0.000000
71  -2.156809 -13.569167 -3.250890  1.217757 -0.569173 0.299083
72  0.138167 1.347513 -1.114661  0.000000 -0.000000 -0.000000
73  -0.138166 1.174628 -1.114661  0.000000 -0.000000 -0.000000
time 40
0  0.031807 0.000000 -0.000718  -1.570800 -1.391899 -1.570792
1  -6.544407 -3.325824 -1.304925  -1.544956 -1.855077 -0.198630
2  6.027519 -0.000330 0.000202  -1.508003 -0.977366 -0.341064
3  11.692106 0.000483 -0.000737  -0.374687 -0.000030 -1.425899
4  11.479729 -0.000328 -0.000921  1.576109 -0.182467 -0.230032
5  3.859504 -0.142876 -1.192067  -0.272099 0.174895 -1.190105
6  1.312590 0.000015 0.000003  0.031562 -0.278750 -1.109845
7  0.729355 0.000052 0.000048  0.040482 -0.033136 -0.129557
8  3.942142 0.046276 -0.431529  -0.427868 0.204549 -0.939425
9  1.539110 0.000083 -0.000001  0.094092 -0.094799 -1.080580
10  1.196333 0.000143 0.000024  0.012732 -0.003579 -0.380173
11  3.883507 -0.047266 0.431364  -0.354571 0.300035 -0.723925
12  1.719573 -0.000024 0.000011  -0.022352 -0.149177 -1.022856
13  1.209178 0.000091 0.000007  -0.002136 -0.000320 -0.230094
14  3.859668 -0.138472 1.332392  -0.173020 0.090771 -0.370417
15  1.719449 -0.000011 0.000020  -0.063845 -0.006158 -0.835478
16  1.099675 0.000048 0.000002  0.002749 0.006247 -0.365874
17  0.781543 -0.803403 1.419825  -1.338019 -0.668550 -0.241856
18  1.789820 -0.000006 -0.000016  0.050610 -0.056922 0.383717
19  1.207013 -0.000015 -0.000042  -0.007004 -0.002411 -0.000385
20  5.740635 0.000364 -0.000698  0.015699 0.000003 0.000060
21  11.480955 0.000070 -0.000837  0.003809 -0.014994 -0.055951
22  6.027523 -0.000330 0.000207  2.023812 -0.397574 1.901551
23  0.000001 11.692099 -0.000006  -0.985379 -0.435513 -0.781815
24  0.000003 0.000007 0.000000  0.494409 -0.000031 1.570738
25  -0.000003 -0.000007 -0.000001  0.868967 -0.000009 1.570721
26  -6.617934 -9.178503 0.826812  1.473120 1.855074 -0.198639
27  6.027520 -0.000265 -0.000222  1.398689 0.841565 -1.203395
28  11.691997 0.000243 0.000861  0.351362 0.000043 -1.483585
29  11.480413 0.000017 0.000872  -1.408304 0.482579 0.184781
30  3.859438 -0.132762 1.193062  0.469647 -0.013263 -1.872396
31  1.312559 0.000026 -0.000003  0.024060 -0.138695 -0.550187
32  0.729346 0.000065 -0.000028  -0.166197 -0.081570 -0.714272
33  3.942048 0.050135 0.430998  0.225311 -0.086239 -1.592715
34  1.539097 0.000007 -0.000005  0.035254 -0.050374 -0.994348
35  1.196300 0.000077 -0.000008  -0.021522 0.002174 -0.839739
36  3.883415 -0.050476 -0.431086  0.184827 -0.271742 -1.204033
37  1.719564 -0.000081 -0.000015  0.022857 -0.107188 -1.509106
38  1.209196 0.000035 0.000005  0.000661 0.071070 -0.480462
39  3.729275 -0.199163 -1.325544  -0.171003 0.045631 -0.015571
40  1.719413 -0.000096 -0.000050  -0.024739 -0.074502 -0.394135
41  1.099674 0.000025 -0.000001  0.003105 -0.005609 -0.447587
42  0.805983 -0.359849 -1.318339  1.134762 0.249907 -0.841728
43  1.789780 -0.000008 -0.000029  0.000332 -0.014982 0.147148
44  1.206997 -0.000004 0.000013  0.000010 -0.117704 1.485327
45  5.740574 0.000120 0.000726  0.076381 -0.000013 0.000032
46  11.481030 0.000142 0.000928  0.022120 0.077754 0.018057
47  6.027517 -0.000278 -0.000232  -1.050125 -0.536368 -2.046404
48  -0.000001 11.691980 -0.000008  -1.019678 0.466881 0.804124
49  0.000004 -0.000002 -0.000000  2.623892 -0.000036 1.570861
50  -0.000006 -0.000014 0.000005  2.272646 -0.000031 1.570865
51  -2.515209 -6.673161 -8.040098  0.455676 -2.774338 1.386660
52  -0.000001 -0.000001 -0.000000  0.008153 -0.000259 0.000009
53  -0.000000 0.000000 -0.000001  1.565115 0.043565 -0.106862
54  2.400762 -12.990229 -7.074788  0.760496 -0.679376 -2.363342
55  -0.000000 -0.000000 -0.000000  0.000000 -0.000000 -0.000002
56  0.000030 0.000028 0.000001  -1.571901 -0.044449 -0.106509
57  16.021179 -1.925006 -15.229609  1.570796 -0.000000 0.000000
58  -7.475924 3.472740 -24.168629  1.570796 -0.000000 0.000000
59  -1.268816 4.436914 -5.850098  1.570796 -0.000000 0.000000
60  -0.004311 0.001230 -0.000371  0.006898 -0.005534 -0.284228
61  0.858610 10.209643 -4.879772  1.570796 -0.000000 0.000000
62  0.000000 0.000000 0.000000  -0.078728 -3.136056 0.284225
63  0.031801 0.000000 -0.000718  1.575134 -0.000975 0.001665
64  -3.192661 -10.927611 -2.569386  1.318577 -0.393548 0.216822
65  0.000000 -1.379689 -0.604537  -0.000000 -0.000000 -0.000000
66  0.000001 -0.131223 7.571680  -0.000000 -0.000000 -0.000000
67  0.496508 -0.902652 1.140568  -0.000000 -0.000000 -0.000000
68  -0.138166 -0.291040 1.514192  -0.000000 -0.000000 -0.000000
69  0.000001 0.037259 2.309323  -0.000000 -0.000000 -0.000000
70  0.000002 0.222708 4.208477  -0.000000 -0.000000 -0.000000
71  -2.136545 -13.764566 -3.583526  1.318577 -0.393548 0.216822
72  0.138167 1.347513 -1.114660  -0.000000 -0.000000 -0.000000
73  -0.138167 1.174628 -1.114660  -0.000000 -0.000000 -0.000000
time 41
0  0.031807 0.000000 -0.000718  -1.570800 -1.391899 -1.570792
1  -6.128751 -4.090994 -1.365608  -1.544956 -1.855077 -0.198630
2  6.027520 -0.000329 0.000201  -1.310391 -0.988709 -0.707728
3  11.692103 0.000483 -0.000739  -0.352090 -0.000028 -1.375024
4  11.480021 -0.000201 -0.000860  1.471920 -0.294078 -0.113190
5  3.859504 -0.142875 -1.192065  -0.283392 0.180179 -1.264816
6  1.312590 0.000014 0.000003  0.017848 -0.264854 -1.062694
7  0.729354 0.000053 0.000048  0.039446 -0.029820 -0.200408
8  3.942142 0.046277 -0.431529  -0.437148 0.212293 -1.010769
9  1.539110 0.000082 0.000000  0.099585 -0.081653 -1.045953
10  1.196331 0.000144 0.000025  0.011613 -0.002259 -0.481135
11  3.883507 -0.047265 0.431365  -0.369237 0.291441 -0.797941
12  1.719573 -0.000026 0.000010  -0.017141 -0.138877 -1.062721
13  1.209178 0.000091 0.000008  -0.004384 -0.000260 -0.280466
14  3.859668 -0.138472 1.332394  -0.230955 0.143181 -0.515335
15  1.719449 -0.000011 0.000020  -0.063674 0.008183 -0.837497
16  1.099675 0.000048 0.000003  0.001348 0.007060 -0.448287
17  0.781543 -0.803403 1.419826  -1.336276 -0.672762 -0.248157
18  1.789820 -0.000006 -0.000016  0.046885 -0.062232 0.450346
19  1.207013 -0.000014 -0.000042  -0.005801 -0.002266 0.007745
20  5.740635 0.000365 -0.000699  -0.023445 0.000003 0.000060
21  11.481012 0.000096 -0.000825  -0.016296 -0.036979 -0.036273
22  6.027524 -0.000330 0.000207  1.930676 -0.468034 1.738616
23  0.000000 11.692097 -0.000006  -0.954855 -0.408421 -0.761470
24  0.000002 0.000006 -0.000000  0.517003 -0.000031 1.570738
25  -0.000002 -0.000007 -0.000002  0.868967 -0.000009 1.570721
26  -6.617934 -9.178503 0.826812  1.473120 1.855074 -0.198639
27  6.027519 -0.000265 -0.000222  1.457938 0.842707 -1.065287
28  11.691997 0.000243 0.000861  0.300222 0.000044 -1.507810
29  11.480218 -0.000144 0.000908  -1.438610 0.453610 0.281011
30  3.859438 -0.132762 1.193064  0.469647 -0.013262 -1.872396
31  1.312559 0.000024 -0.000002  0.024060 -0.138695 -0.550187
32  0.729346 0.000065 -0.000028  -0.166197 -0.081570 -0.714272
33  3.942048 0.050136 0.430998  0.225311 -0.086239 -1.592715
34  1.539097 0.000007 -0.000005  0.035254 -0.050374 -0.994348
35  1.196300 0.000077 -0.000008  -0.021522 0.002174 -0.839739
36  3.883414 -0.050476 -0.431085  0.184827 -0.271742 -1.204033
37  1.719564 -0.000081 -0.000015  0.022857 -0.107188 -1.509106
38  1.209198 0.000035 0.000005  0.000661 0.071070 -0.480462
39  3.635003 -0.235390 -1.321362  -0.198651 0.030892 0.109137
40  1.719413 -0.000096 -0.000050  -0.014355 -0.121255 -0.517533
41  1.099674 0.000024 -0.000002  0.011255 -0.003400 -0.938501
42  0.805983 -0.359848 -1.318339  1.134762 0.249907 -0.841728
43  1.789780 -0.000007 -0.000029  0.000332 -0.014982 0.147148
44  1.206996 -0.000005 0.000014  0.000010 -0.117704 1.485327
45  5.740574 0.000120 0.000727  0.066798 -0.000013 0.000032
46  11.480990 0.000110 0.000935  0.014310 0.072129 0.038947
47  6.027517 -0.000278 -0.000232  -1.021881 -0.505425 -1.966563
48  -0.000003 11.691979 -0.000008  -1.034031 0.480263 0.813218
49  0.000003 -0.000002 0.000001  2.572751 -0.000036 1.570861
50  -0.000006 -0.000014 0.000004  2.272646 -0.000031 1.570865
51  -3.154850 -6.573834 -7.866868  0.234001 -2.785144 1.425325
52  -0.000001 -0.000000 0.000000  0.008153 -0.000259 0.000009
53  -0.000000 0.000000 0.000000  1.565115 0.043565 -0.106862
54  1.112258 -12.504650 -7.470438  0.300586 -0.681927 -2.037182
55  -0.000000 0.000000 0.000002  0.000000 -0.000000 -0.000002
56  0.000030 0.000029 0.000003  -1.571901 -0.044449 -0.106509
57  12.697773 -2.985704 -16.675402  1.570796 -0.000000 0.000000
58  -9.400259 3.601189 -23.797401  1.570796 -0.000000 0.000000
59  -1.329498 5.115908 -5.304918  1.570796 -0.000000 0.000000
60  -0.004311 0.001230 -0.000371  0.006898 -0.005534 -0.284228
61  0.858610 10.209643 -4.879772  1.570796 -0.000000 0.000000
62  0.000000 0.000000 0.000000  -0.078728 -3.136056 0.284225
63  0.031801 0.000000 -0.000718  1.573462 -0.000599 0.001565
64  -2.909905 -11.061231 -2.547915  1.403189 -0.202343 0.151763
65  -0.000000 -1.379688 -0.604538  0.000000 0.000000 -0.000000
66  0.000001 -0.131223 7.571679  0.000000 0.000000 -0.000000
67  0.496507 -0.902652 1.140568  0.000000 0.000000 -0.000000
68  -0.138166 -0.291039 1.514192  0.000000 0.000000 -0.000000
69  0.000000 0.037259 2.309324  0.000000 0.000000 -0.000000
70  0.000002 0.222709 4.208476  0.000000 0.000000 -0.000000
71  -2.204668 -13.881230 -3.867920  1.403189 -0.202343 0.151763
72  0.138166 1.347513 -1.114659  0.000000 0.000000 -0.000000
73  -0.138167 1.174628 -1.114659  0.000000 0.000000 -0.000000
time 42
0  0.031807 0.000000 -0.000718  -1.570800 -1.391899 -1.570792
1  -5.736838 -4.763421 -1.412986  -1.544956 -1.855077 -0.198630
2  6.027519 -0.000326 0.000202  -1.170911 -0.956676 -1.049861
3  11.692104 0.000484 -0.000738  -0.319450 -0.000025 -1.343562
4  11.480220 -0.000124 -0.000817  1.383425 -0.357293 0.025375
5  3.859504 -0.142876 -1.192065  -0.295552 0.137963 -1.437332
6  1.312589 0.000014 0.000004  -0.010295 -0.224496 -0.941109
7  0.729352 0.000053 0.000048  0.035609 -0.021497 -0.387516
8  3.942140 0.046276 -0.431528  -0.451566 0.177828 -1.180913
9  1.539110 0.000082 -0.000001  0.098153 -0.054814 -0.954883
10  1.196332 0.000145 0.000024  0.008038 0.000645 -0.750526
11  3.883506 -0.047266 0.431366  -0.397563 0.261703 -0.988887
12  1.719573 -0.000026 0.000010  -0.008805 -0.110970 -1.105720
13  1.209178 0.000091 0.000007  -0.007047 -0.000324 -0.412867
14  3.859667 -0.138472 1.332394  -0.308346 0.193482 -0.833187
15  1.719449 -0.000014 0.000021  -0.059213 0.028767 -0.842166
16  1.099675 0.000048 0.000002  -0.002359 0.007320 -0.666696
17  0.781542 -0.803403 1.419827  -1.330558 -0.673686 -0.263146
18  1.789820 -0.000005 -0.000016  0.036939 -0.074419 0.589680
19  1.207014 -0.000014 -0.000042  -0.005055 -0.002383 0.012549
20  5.740636 0.000364 -0.000699  -0.057385 0.000003 0.000060
21  11.481052 0.000113 -0.000815  -0.030730 -0.051314 -0.012862
22  6.027523 -0.000328 0.000207  1.879359 -0.539909 1.536626
23  0.000003 11.692100 -0.000006  -0.935857 -0.391954 -0.748558
24  0.000004 0.000007 0.000000  0.549643 -0.000031 1.570738
25  -0.000001 -0.000007 -0.000003  0.868967 -0.000008 1.570721
26  -6.617934 -9.178503 0.826812  1.473120 1.855074 -0.198639
27  6.027517 -0.000265 -0.000222  1.512439 0.842610 -0.930693
28  11.691996 0.000242 0.000862  0.249083 0.000047 -1.541889
29  11.479954 -0.000347 0.000938  -1.452006 0.426115 0.388926
30  3.859438 -0.132762 1.193063  0.469647 -0.013262 -1.872396
31  1.312560 0.000025 -0.000002  0.024060 -0.138695 -0.550187
32  0.729346 0.000066 -0.000028  -0.166197 -0.081570 -0.714272
33  3.942048 0.050135 0.430998  0.225311 -0.086239 -1.592715
34  1.539098 0.000006 -0.000006  0.035254 -0.050374 -0.994348
35  1.196301 0.000076 -0.000008  -0.021522 0.002174 -0.839739
36  3.883414 -0.050476 -0.431086  0.184827 -0.271742 -1.204033
37  1.719564 -0.000082 -0.000014  0.022857 -0.107188 -1.509106
38  1.209198 0.000036 0.000006  0.000661 0.071070 -0.480462
39  3.598962 -0.249240 -1.319765  -0.209617 0.026206 0.156676
40  1.719414 -0.000096 -0.000049  -0.001310 -0.138702 -0.656604
41  1.099674 0.000024 -0.000001  0.013777 -0.001683 -1.114288
42  0.805983 -0.359849 -1.318339  1.134762 0.249907 -0.841728
43  1.789780 -0.000008 -0.000030  0.000332 -0.014982 0.147148
44  1.206997 -0.000005 0.000013  0.000010 -0.117704 1.485327
45  5.740573 0.000119 0.000726  0.065475 -0.000013 0.000032
46  11.480938 0.000068 0.000941  0.009761 0.066978 0.061274
47  6.027517 -0.000278 -0.000232  -0.997125 -0.476464 -1.884327
48  -0.000002 11.691980 -0.000008  -1.054161 0.499282 0.825751
49  0.000003 -0.000002 -0.000001  2.521611 -0.000036 1.570861
50  -0.000006 -0.000014 0.000004  2.272646 -0.000031 1.570865
51  -3.653409 -6.368227 -7.517161  0.035561 -2.805574 1.452757
52  0.000000 0.000000 0.000001  0.008153 -0.000259 0.000009
53  0.000000 0.000000 -0.000001  1.565115 0.043565 -0.106862
54  -0.002117 -11.894891 -7.412964  -0.072169 -0.571919 -1.790704
55  -0.000000 -0.000000 -0.000000  0.000000 -0.000000 -0.000002
56  0.000030 0.000029 0.000001  -1.571901 -0.044449 -0.106509
57  9.202909 -3.965673 -18.180746  1.570796 -0.000000 0.000000
58  -11.324594 3.729638 -23.426174  1.570796 -0.000000 0.000000
59  -1.376876 5.707864 -4.799604  1.570796 -0.000000 0.000000
60  -0.004311 0.001230 -0.000371  0.006898 -0.005534 -0.284228
61  0.858610 10.209643 -4.879772  1.570796 -0.000000 0.000000
62  0.000000 0.000000 0.000000  -0.078728 -3.136056 0.284225
63  0.031801 0.000000 -0.000718  1.569783 0.000296 0.001296
64  -2.650075 -11.111973 -2.519343  1.471126 -0.027120 0.103844
65  0.000000 -1.379688 -0.604537  0.000000 0.000000 -0.000000
66  0.000001 -0.131223 7.571677  0.000000 0.000000 -0.000000
67  0.496508 -0.902651 1.140567  0.000000 0.000000 -0.000000
68  -0.138166 -0.291039 1.514193  0.000000 0.000000 -0.000000
69  0.000001 0.037259 2.309324  0.000000 0.000000 -0.000000
70  0.000002 0.222709 4.208475  0.000000 0.000000 -0.000000
71  -2.318686 -13.888633 -4.059638  1.471126 -0.027120 0.103844
72  0.138167 1.347513 -1.114662  0.000000 0.000000 -0.000000
73  -0.138167 1.174628 -1.114661  0.000000 0.000000 -0.000000
time 43
0  0.031807 0.000000 -0.000718  -1.570800 -1.391899 -1.570792
1  -5.425327 -5.273016 -1.446801  -1.544956 -1.855077 -0.198630
2  6.027520 -0.000327 0.000201  -1.118298 -0.910012 -1.246189
3  11.692104 0.000480 -0.000740  -0.286637 -0.000024 -1.319291
4  11.480384 -0.000064 -0.000782  1.328432 -0.355058 0.069910
5  3.859503 -0.142876 -1.192066  -0.295958 0.084647 -1.604005
6  1.312590 0.000013 0.000005  -0.032191 -0.180994 -0.821841
7  0.729354 0.000052 0.000048  0.030291 -0.014033 -0.574629
8  3.942142 0.046277 -0.431529  -0.456772 0.131814 -1.346193
9  1.539110 0.000082 -0.000000  0.095693 -0.029066 -0.863958
10  1.196332 0.000144 0.000024  0.003819 0.002493 -1.019926
11  3.883507 -0.047266 0.431365  -0.417952 0.227277 -1.175600
12  1.719573 -0.000026 0.000010  -0.002160 -0.082744 -1.136781
13  1.209178 0.000093 0.000008  -0.009068 -0.000637 -0.545269
14  3.859669 -0.138472 1.332393  -0.375825 0.212062 -1.137317
15  1.719449 -0.000013 0.000021  -0.054044 0.046136 -0.846637
16  1.099675 0.000048 0.000002  -0.005954 0.006529 -0.885104
17  0.781542 -0.803403 1.419826  -1.324657 -0.672622 -0.277817
18  1.789819 -0.000006 -0.000016  0.025695 -0.085076 0.722439
19  1.207014 -0.000013 -0.000042  -0.004768 -0.002592 0.014209
20  5.740635 0.000365 -0.000698  -0.071375 0.000003 0.000060
21  11.481085 0.000125 -0.000808  -0.040499 -0.052074 -0.006249
22  6.027523 -0.000330 0.000207  1.875480 -0.595998 1.384680
23  0.000002 11.692098 -0.000008  -0.921131 -0.379408 -0.738429
24  0.000002 0.000006 0.000000  0.582455 -0.000031 1.570738
25  -0.000002 -0.000007 -0.000002  0.868967 -0.000009 1.570721
26  -6.617934 -9.178503 0.826812  1.473120 1.855074 -0.198639
27  6.027515 -0.000265 -0.000222  1.550747 0.838411 -0.819284
28  11.691999 0.000243 0.000862  0.203994 0.000050 -1.588140
29  11.479617 -0.000584 0.000962  -1.437379 0.409007 0.502281
30  3.859439 -0.132762 1.193064  0.469647 -0.013262 -1.872396
31  1.312560 0.000027 -0.000002  0.024060 -0.138695 -0.550187
32  0.729345 0.000066 -0.000028  -0.166197 -0.081571 -0.714272
33  3.942048 0.050135 0.430999  0.225311 -0.086239 -1.592715
34  1.539097 0.000007 -0.000005  0.035254 -0.050374 -0.994348
35  1.196301 0.000076 -0.000007  -0.021522 0.002174 -0.839739
36  3.883414 -0.050477 -0.431085  0.184827 -0.271742 -1.204033
37  1.719565 -0.000080 -0.000014  0.022857 -0.107188 -1.509106
38  1.209198 0.000035 0.000005  0.000661 0.071070 -0.480462
39  3.635003 -0.235391 -1.321363  -0.197994 0.007133 0.088621
40  1.719413 -0.000095 -0.000048  0.009521 -0.118691 -0.850998
41  1.099674 0.000024 -0.000001  0.004055 0.005635 -1.034986
42  0.805982 -0.359849 -1.318339  1.134762 0.249907 -0.841728
43  1.789780 -0.000009 -0.000030  0.000332 -0.014982 0.147148
44  1.206997 -0.000005 0.000013  0.000010 -0.117703 1.485327
45  5.740574 0.000119 0.000727  0.075242 -0.000013 0.000032
46  11.480870 0.000021 0.000947  0.010327 0.064872 0.083240
47  6.027517 -0.000278 -0.000232  -0.977118 -0.457715 -1.810468
48  -0.000001 11.691980 -0.000007  -1.081388 0.525442 0.842265
49  0.000004 -0.000001 0.000000  2.476521 -0.000036 1.570861
50  -0.000006 -0.000014 0.000004  2.272646 -0.000031 1.570865
51  -3.893994 -6.023906 -7.117244  -0.106154 -2.832074 1.461784
52  -0.000001 0.000000 -0.000000  0.008153 -0.000259 0.000009
53  0.000000 -0.000000 -0.000000  1.565115 0.043565 -0.106862
54  -0.573663 -11.460853 -7.411097  -0.265063 -0.496335 -1.708936
55  -0.000000 -0.000000 0.000000  0.000000 -0.000000 -0.000002
56  0.000031 0.000029 0.000001  -1.571902 -0.044449 -0.106509
57  6.721735 -4.609860 -19.243744  1.570796 -0.000000 0.000000
58  -13.023283 3.843025 -23.098476  1.570796 -0.000000 0.000000
59  -1.410692 6.153896 -4.402386  1.570796 -0.000000 0.000000
60  -0.004311 0.001230 -0.000371  0.006898 -0.005534 -0.284228
61  0.858610 10.209643 -4.879772  1.570796 -0.000000 0.000000
62  0.000000 0.000000 0.000000  -0.078728 -3.136056 0.284225
63  0.031801 0.000000 -0.000718  1.566104 0.001362 0.000913
64  -2.436098 -11.012205 -2.482656  1.523791 0.099348 0.069753
65  -0.000000 -1.379689 -0.604539  0.000000 0.000000 -0.000000
66  0.000001 -0.131223 7.571678  0.000000 0.000000 -0.000000
67  0.496507 -0.902652 1.140566  0.000000 0.000000 -0.000000
68  -0.138166 -0.291040 1.514191  0.000000 0.000000 -0.000000
69  0.000000 0.037258 2.309323  0.000000 0.000000 -0.000000
70  0.000002 0.222708 4.208474  0.000000 0.000000 -0.000000
71  -2.413955 -13.728331 -4.160254  1.523791 0.099348 0.069753
72  0.138167 1.347513 -1.114661  0.000000 0.000000 -0.000000
73  -0.138166 1.174628 -1.114662  0.000000 0.000000 -0.000000
time 44
0  0.031807 0.000000 -0.000718  -1.570800 -1.391899 -1.570792
1  -5.229853 -5.582267 -1.466999  -1.544956 -1.855077 -0.198630
2  6.027520 -0.000326 0.000201  -1.115008 -0.877361 -1.291945
3  11.692106 0.000482 -0.000740  -0.263720 -0.000025 -1.326249
4  11.480334 -0.000104 -0.000790  1.284070 -0.333913 0.086686
5  3.859504 -0.142876 -1.192065  -0.293152 0.063165 -1.666430
6  1.312590 0.000015 0.000005  -0.038960 -0.163792 -0.776953
7  0.729355 0.000052 0.000048  0.027928 -0.011485 -0.645483
8  3.942142 0.046277 -0.431528  -0.456264 0.112870 -1.408134
9  1.539110 0.000082 -0.000001  0.094878 -0.019352 -0.829315
10  1.196332 0.000144 0.000025  0.002133 0.002883 -1.120896
11  3.883507 -0.047266 0.431365  -0.423643 0.213424 -1.245194
12  1.719573 -0.000025 0.000010  0.000087 -0.071906 -1.146945
13  1.209180 0.000089 0.000006  -0.009737 -0.000809 -0.595644
14  3.859668 -0.138472 1.332394  -0.398812 0.213193 -1.248335
15  1.719448 -0.000012 0.000022  -0.051974 0.052324 -0.848309
16  1.099674 0.000048 0.000001  -0.007239 0.005996 -0.967516
17  0.781543 -0.803403 1.419828  -1.322386 -0.671925 -0.283371
18  1.789820 -0.000006 -0.000016  0.021100 -0.088726 0.772072
19  1.207013 -0.000013 -0.000042  -0.004723 -0.002684 0.014398
20  5.740635 0.000365 -0.000699  -0.078246 0.000003 0.000060
21  11.481076 0.000118 -0.000810  -0.049152 -0.048710 -0.004228
22  6.027523 -0.000328 0.000206  1.892900 -0.625439 1.331498
23  0.000001 11.692097 -0.000008  -0.925359 -0.382991 -0.741348
24  0.000004 0.000007 -0.000000  0.605372 -0.000031 1.570738
25  -0.000001 -0.000007 -0.000002  0.868967 -0.000009 1.570721
26  -6.617934 -9.178503 0.826812  1.473120 1.855074 -0.198639
27  6.027514 -0.000266 -0.000222  1.562109 0.831311 -0.745535
28  11.691998 0.000242 0.000862  0.169584 0.000054 -1.642174
29  11.479245 -0.000816 0.000974  -1.376965 0.414175 0.616182
30  3.859438 -0.132762 1.193064  0.469647 -0.013262 -1.872396
31  1.312559 0.000026 -0.000001  0.024060 -0.138695 -0.550187
32  0.729345 0.000064 -0.000027  -0.166197 -0.081570 -0.714272
33  3.942049 0.050135 0.430999  0.225311 -0.086239 -1.592715
34  1.539097 0.000007 -0.000005  0.035254 -0.050374 -0.994348
35  1.196300 0.000077 -0.000008  -0.021522 0.002174 -0.839739
36  3.883415 -0.050476 -0.431085  0.184827 -0.271742 -1.204033
37  1.719565 -0.000081 -0.000015  0.022857 -0.107188 -1.509106
38  1.209197 0.000035 0.000005  0.000661 0.071070 -0.480462
39  3.729276 -0.199162 -1.325543  -0.161314 -0.039000 -0.092298
40  1.719412 -0.000097 -0.000048  0.008594 -0.066782 -1.123300
41  1.099674 0.000024 -0.000001  -0.018600 0.028483 -0.825293
42  0.805983 -0.359849 -1.318338  1.134762 0.249907 -0.841728
43  1.789780 -0.000009 -0.000030  0.000332 -0.014982 0.147148
44  1.206997 -0.000004 0.000014  0.000010 -0.117704 1.485327
45  5.740574 0.000118 0.000727  0.098043 -0.000013 0.000032
46  11.480796 -0.000027 0.000948  0.018400 0.069693 0.102745
47  6.027517 -0.000278 -0.000232  -0.965866 -0.455155 -1.750099
48  -0.000000 11.691979 -0.000008  -1.113100 0.556486 0.860822
49  0.000004 -0.000003 -0.000001  2.442111 -0.000036 1.570861
50  -0.000005 -0.000014 0.000004  2.272646 -0.000031 1.570865
51  -3.826122 -5.572922 -6.818211  -0.162257 -2.861133 1.449007
52  -0.000000 -0.000000 -0.000000  0.008153 -0.000259 0.000009
53  0.000000 0.000000 0.000000  1.565115 0.043565 -0.106862
54  -0.688633 -11.087319 -7.465448  -0.326399 -0.468520 -1.709564
55  -0.000001 0.000000 -0.000001  0.000000 -0.000000 -0.000002
56  0.000030 0.000029 0.000000  -1.571901 -0.044449 -0.106509
57  5.881726 -4.818353 -19.602560  1.570796 -0.000000 0.000000
58  -14.322021 3.929715 -22.847935  1.570796 -0.000000 0.000000
59  -1.430889 6.423428 -4.155002  1.570796 -0.000000 0.000000
60  -0.004311 0.001230 -0.000371  0.006898 -0.005534 -0.284228
61  0.858610 10.209643 -4.879772  1.570796 -0.000000 0.000000
62  0.000000 0.000000 0.000000  -0.078728 -3.136056 0.284225
63  0.031801 0.000000 -0.000718  1.564432 0.002254 0.000474
64  -2.290900 -10.762784 -2.436840  1.561933 0.147234 0.045353
65  -0.000000 -1.379689 -0.604538  -0.000000 0.000000 -0.000000
66  0.000001 -0.131223 7.571679  -0.000000 0.000000 -0.000000
67  0.496507 -0.902652 1.140568  -0.000000 0.000000 -0.000000
68  -0.138166 -0.291040 1.514192  -0.000000 0.000000 -0.000000
69  0.000000 0.037259 2.309323  -0.000000 0.000000 -0.000000
70  0.000002 0.222708 4.208475  -0.000000 0.000000 -0.000000
71  -2.433034 -13.416760 -4.205560  1.561933 0.147234 0.045353
72  0.138167 1.347512 -1.114661  -0.000000 0.000000 -0.000000
73  -0.138166 1.174628 -1.114662  -0.000000 0.000000 -0.000000
time 45
0  0.031807 0.000000 -0.000718  -1.570800 -1.391899 -1.570792
1  -5.164373 -5.683526 -1.473686  -1.544956 -1.855077 -0.198630
2  6.027521 -0.000327 0.000201  -1.126853 -0.858969 -1.259751
3  11.692106 0.000481 -0.000739  -0.255831 -0.000027 -1.373205
4  11.480027 -0.000278 -0.000832  1.249747 -0.323787 0.140133
5  3.859503 -0.142876 -1.192064  -0.293152 0.063165 -1.666430
6  1.312590 0.000015 0.000005  -0.038960 -0.163792 -0.776953
7  0.729355 0.000053 0.000047  0.027928 -0.011485 -0.645483
8  3.942141 0.046277 -0.431527  -0.456264 0.112870 -1.408134
9  1.539110 0.000083 -0.000000  0.094878 -0.019352 -0.829315
10  1.196332 0.000145 0.000025  0.002133 0.002883 -1.120896
11  3.883507 -0.047265 0.431365  -0.423643 0.213424 -1.245194
12  1.719573 -0.000026 0.000011  0.000087 -0.071906 -1.146945
13  1.209179 0.000089 0.000007  -0.009737 -0.000809 -0.595644
14  3.859668 -0.138472 1.332394  -0.398812 0.213193 -1.248335
15  1.719448 -0.000012 0.000021  -0.051974 0.052324 -0.848309
16  1.099673 0.000048 0.000001  -0.007239 0.005996 -0.967517
17  0.781541 -0.803403 1.419828  -1.322386 -0.671925 -0.283371
18  1.789819 -0.000006 -0.000016  0.021100 -0.088726 0.772072
19  1.207015 -0.000014 -0.000042  -0.004723 -0.002684 0.014398
20  5.740635 0.000364 -0.000698  -0.085117 0.000003 0.000060
21  11.481014 0.000082 -0.000818  -0.054996 -0.048414 0.005278
22  6.027524 -0.000330 0.000206  1.912579 -0.637462 1.343035
23  0.000001 11.692097 -0.000008  -0.953759 -0.407462 -0.760730
24  0.000002 0.000007 0.000001  0.613263 -0.000031 1.570738
25  -0.000002 -0.000006 -0.000001  0.868967 -0.000009 1.570721
26  -6.617934 -9.178503 0.826812  1.473120 1.855074 -0.198639
27  6.027514 -0.000266 -0.000222  1.554923 0.823954 -0.708532
28  11.691998 0.000241 0.000862  0.148459 0.000058 -1.693959
29  11.480648 -0.000031 0.000838  -1.292794 0.433763 0.716747
30  3.859438 -0.132762 1.193063  0.469647 -0.013262 -1.872396
31  1.312559 0.000027 -0.000003  0.024060 -0.138696 -0.550187
32  0.729345 0.000065 -0.000028  -0.166197 -0.081570 -0.714272
33  3.942048 0.050135 0.430999  0.225311 -0.086239 -1.592715
34  1.539097 0.000007 -0.000005  0.035254 -0.050374 -0.994348
35  1.196300 0.000078 -0.000008  -0.021522 0.002174 -0.839739
36  3.883414 -0.050477 -0.431086  0.184827 -0.271742 -1.204033
37  1.719564 -0.000082 -0.000015  0.022857 -0.107188 -1.509106
38  1.209198 0.000035 0.000006  0.000661 0.071070 -0.480462
39  3.823546 -0.162935 -1.329723  -0.116824 -0.077737 -0.275228
40  1.719410 -0.000096 -0.000049  -0.007000 -0.017763 -1.350621
41  1.099673 0.000024 -0.000001  -0.036019 0.055543 -0.615945
42  0.805983 -0.359849 -1.318339  1.134762 0.249907 -0.841728
43  1.789780 -0.000008 -0.000030  0.000332 -0.014982 0.147148
44  1.206997 -0.000005 0.000013  0.000010 -0.117704 1.485327
45  5.740572 0.000119 0.000726  0.125475 -0.000013 0.000032
46  11.481075 0.000131 0.000921  0.029879 0.079399 0.117790
47  6.027517 -0.000278 -0.000232  -0.961865 -0.463211 -1.709579
48  -0.000002 11.691980 -0.000008  -1.143442 0.586697 0.877842
49  0.000003 -0.000003 0.000001  2.420985 -0.000036 1.570861
50  -0.000006 -0.000013 0.000005  2.272646 -0.000031 1.570865
51  -3.604068 -5.113191 -6.649907  -0.152426 -2.886720 1.424893
52  0.000000 0.000000 0.000000  0.008153 -0.000259 0.000009
53  -0.000000 0.000000 -0.000001  1.565115 0.043565 -0.106862
54  -0.576858 -10.677177 -7.391119  -0.316352 -0.442767 -1.735499
55  -0.000001 0.000000 0.000000  0.000000 -0.000000 -0.000002
56  0.000029 0.000029 0.000001  -1.571901 -0.044449 -0.106509
57  6.139530 -4.818353 -19.602560  1.570796 -0.000000 0.000000
58  -15.120779 3.983032 -22.693844  1.570796 -0.000000 0.000000
59  -1.437576 6.511418 -4.072549  1.570796 -0.000000 0.000000
60  -0.004311 0.001230 -0.000371  0.006898 -0.005534 -0.284228
61  0.858610 10.209643 -4.879772  1.570796 -0.000000 0.000000
62  0.000000 0.000000 0.000000  -0.078728 -3.136056 0.284225
63  0.031801 0.000000 -0.000718  1.564557 0.002627 0.000037
64  -2.237405 -10.438538 -2.376628  1.585780 0.133557 0.027176
65  0.000000 -1.379689 -0.604538  0.000000 -0.000000 0.000000
66  0.000001 -0.131223 7.571678  0.000000 -0.000000 0.000000
67  0.496508 -0.902652 1.140567  0.000000 -0.000000 0.000000
68  -0.138166 -0.291040 1.514192  0.000000 -0.000000 0.000000
69  0.000001 0.037258 2.309323  0.000000 -0.000000 0.000000
70  0.000002 0.222708 4.208475  0.000000 -0.000000 0.000000
71  -2.413054 -13.045691 -4.210768  1.585780 0.133557 0.027176
72  0.138167 1.347513 -1.114662  0.000000 -0.000000 0.000000
73  -0.138166 1.174628 -1.114661  0.000000 -0.000000 0.000000
time 46
0  0.031807 0.000000 -0.000718  -1.570800 -1.391899 -1.570792
1  -5.164373 -5.683526 -1.473686  -1.544956 -1.855077 -0.198630
2  6.027520 -0.000327 0.000201  -1.139215 -0.851973 -1.206863
3  11.692103 0.000482 -0.000740  -0.255832 -0.000030 -1.423864
4  11.479734 -0.000429 -0.000872  1.226854 -0.320751 0.189527
5  3.859504 -0.142875 -1.192066  -0.293152 0.063165 -1.666430
6  1.312589 0.000013 0.000005  -0.038960 -0.163792 -0.776953
7  0.729354 0.000053 0.000049  0.027928 -0.011485 -0.645483
8  3.942141 0.046277 -0.431528  -0.456264 0.112870 -1.408134
9  1.539110 0.000083 -0.000000  0.094878 -0.019352 -0.829315
10  1.196332 0.000144 0.000024  0.002133 0.002883 -1.120896
11  3.883505 -0.047265 0.431365  -0.423643 0.213424 -1.245194
12  1.719573 -0.000026 0.000010  0.000087 -0.071906 -1.146945
13  1.209177 0.000091 0.000008  -0.009737 -0.000809 -0.595644
14  3.859667 -0.138471 1.332394  -0.398812 0.213193 -1.248335
15  1.719449 -0.000012 0.000021  -0.051974 0.052324 -0.848309
16  1.099675 0.000049 0.000002  -0.007239 0.005996 -0.967517
17  0.781542 -0.803402 1.419827  -1.322386 -0.671925 -0.283371
18  1.789820 -0.000005 -0.000016  0.021100 -0.088726 0.772072
19  1.207014 -0.000014 -0.000042  -0.004723 -0.002684 0.014398
20  5.740635 0.000364 -0.000699  -0.091115 0.000003 0.000060
21  11.480955 0.000053 -0.000826  -0.058557 -0.049463 0.014251
22  6.027524 -0.000330 0.000206  1.925733 -0.639216 1.378753
23  0.000002 11.692098 -0.000008  -0.984162 -0.434419 -0.781015
24  0.000004 0.000006 0.000000  0.613263 -0.000031 1.570738
25  -0.000001 -0.000006 -0.000002  0.868967 -0.000009 1.570721
26  -6.617934 -9.178503 0.826812  1.473120 1.855074 -0.198639
27  6.027514 -0.000265 -0.000222  1.542311 0.817138 -0.701297
28  11.691998 0.000242 0.000861  0.141447 0.000061 -1.734884
29  11.480269 -0.000296 0.000876  -1.232283 0.458338 0.782157
30  3.859438 -0.132762 1.193064  0.469647 -0.013262 -1.872396
31  1.312559 0.000026 -0.000003  0.024060 -0.138695 -0.550187
32  0.729346 0.000065 -0.000028  -0.166197 -0.081571 -0.714272
33  3.942047 0.050135 0.430999  0.225311 -0.086239 -1.592715
34  1.539097 0.000007 -0.000005  0.035254 -0.050374 -0.994348
35  1.196301 0.000077 -0.000007  -0.021522 0.002174 -0.839739
36  3.883415 -0.050476 -0.431085  0.184827 -0.271742 -1.204033
37  1.719565 -0.000081 -0.000015  0.022857 -0.107188 -1.509106
38  1.209198 0.000035 0.000005  0.000661 0.071070 -0.480462
39  3.859587 -0.149085 -1.331321  -0.098208 -0.090177 -0.345038
40  1.719411 -0.000096 -0.000048  -0.015804 -0.000373 -1.430695
41  1.099673 0.000025 -0.000002  -0.041072 0.066616 -0.536933
42  0.805983 -0.359849 -1.318338  1.134762 0.249907 -0.841728
43  1.789780 -0.000008 -0.000030  0.000332 -0.014982 0.147148
44  1.206997 -0.000005 0.000014  0.000010 -0.117704 1.485327
45  5.740573 0.000118 0.000726  0.145483 -0.000013 0.000032
46  11.481000 0.000077 0.000929  0.037063 0.088855 0.126496
47  6.027517 -0.000278 -0.000232  -0.960684 -0.474133 -1.693651
48  -0.000002 11.691982 -0.000008  -1.167422 0.610871 0.890748
49  0.000003 -0.000002 0.000000  2.413972 -0.000036 1.570860
50  -0.000007 -0.000014 0.000004  2.272646 -0.000031 1.570865
51  -3.399001 -4.733561 -6.571303  -0.121559 -2.900187 1.402570
52  -0.000000 0.000000 -0.000000  0.008153 -0.000259 0.000009
53  0.000000 -0.000000 0.000000  1.565115 0.043565 -0.106862
54  -0.431364 -10.335545 -7.265741  -0.283681 -0.428647 -1.764031
55  -0.000001 -0.000000 -0.000000  0.000000 -0.000000 -0.000002
56  0.000030 0.000029 0.000001  -1.571901 -0.044449 -0.106509
57  6.813875 -4.818353 -19.602560  1.570796 -0.000000 0.000000
58  -15.386185 4.000748 -22.642645  1.570796 -0.000000 0.000000
59  -1.437576 6.511418 -4.072549  1.570796 -0.000000 0.000000
60  -0.004311 0.001230 -0.000371  0.006898 -0.005534 -0.284228
61  0.858610 10.209643 -4.879772  1.570796 -0.000000 0.000000
62  0.000000 0.000000 0.000000  -0.078728 -3.136056 0.284225
63  0.031801 0.000000 -0.000718  1.564902 0.002182 -0.000341
64  -2.246455 -10.114290 -2.304292  1.593812 0.101729 0.013378
65  -0.000000 -1.379689 -0.604538  -0.000000 -0.000000 0.000000
66  0.000001 -0.131223 7.571676  -0.000000 -0.000000 0.000000
67  0.496508 -0.902652 1.140567  -0.000000 -0.000000 0.000000
68  -0.138166 -0.291040 1.514190  -0.000000 -0.000000 0.000000
69  0.000001 0.037259 2.309323  -0.000000 -0.000000 0.000000
70  0.000002 0.222709 4.208475  -0.000000 -0.000000 0.000000
71  -2.401890 -12.703072 -4.166072  1.593812 0.101729 0.013378
72  0.138167 1.347513 -1.114662  -0.000000 -0.000000 0.000000
73  -0.138166 1.174628 -1.114662  -0.000000 -0.000000 0.000000
time 47
0  0.031807 0.000000 -0.000718  -1.570800 -1.391899 -1.570792
1  -5.164373 -5.683526 -1.473686  -1.544956 -1.855077 -0.198630
2  6.027520 -0.000327 0.000201  -1.154103 -0.852564 -1.158938
3  11.692102 0.000483 -0.000740  -0.255833 -0.000032 -1.458083
4  11.479237 -0.000716 -0.000946  1.219526 -0.311599 0.220336
5  3.859504 -0.142876 -1.192067  -0.293152 0.063165 -1.666430
6  1.312589 0.000014 0.000004  -0.038960 -0.163792 -0.776953
7  0.729354 0.000053 0.000048  0.027928 -0.011485 -0.645483
8  3.942141 0.046276 -0.431529  -0.456264 0.112870 -1.408134
9  1.539110 0.000080 -0.000000  0.094878 -0.019352 -0.829315
10  1.196334 0.000145 0.000024  0.002134 0.002883 -1.120896
11  3.883507 -0.047266 0.431364  -0.423643 0.213424 -1.245194
12  1.719573 -0.000026 0.000011  0.000087 -0.071906 -1.146945
13  1.209179 0.000091 0.000007  -0.009737 -0.000809 -0.595644
14  3.859668 -0.138472 1.332392  -0.398812 0.213193 -1.248335
15  1.719449 -0.000013 0.000021  -0.051974 0.052324 -0.848309
16  1.099674 0.000050 0.000002  -0.007239 0.005996 -0.967517
17  0.781542 -0.803404 1.419826  -1.322386 -0.671925 -0.283371
18  1.789821 -0.000005 -0.000016  0.021100 -0.088726 0.772072
19  1.207012 -0.000015 -0.000042  -0.004723 -0.002684 0.014398
20  5.740634 0.000365 -0.000698  -0.093267 0.000003 0.000060
21  11.480855 -0.000004 -0.000841  -0.059656 -0.048621 0.020339
22  6.027524 -0.000330 0.000206  1.935635 -0.633474 1.409586
23  0.000002 11.692099 -0.000008  -1.004573 -0.452940 -0.794345
24  0.000003 0.000006 -0.000000  0.613263 -0.000031 1.570738
25  -0.000001 -0.000007 -0.000002  0.868967 -0.000009 1.570721
26  -6.617934 -9.178503 0.826812  1.473120 1.855074 -0.198639
27  6.027514 -0.000265 -0.000222  1.526395 0.813890 -0.708697
28  11.691998 0.000242 0.000862  0.141447 0.000063 -1.759882
29  11.480044 -0.000445 0.000897  -1.187354 0.486775 0.816965
30  3.859438 -0.132762 1.193063  0.469647 -0.013262 -1.872396
31  1.312559 0.000028 -0.000002  0.024060 -0.138695 -0.550187
32  0.729346 0.000065 -0.000028  -0.166197 -0.081570 -0.714272
33  3.942047 0.050135 0.430999  0.225311 -0.086239 -1.592715
34  1.539097 0.000007 -0.000006  0.035254 -0.050374 -0.994348
35  1.196299 0.000078 -0.000008  -0.021522 0.002174 -0.839739
36  3.883414 -0.050476 -0.431086  0.184827 -0.271742 -1.204033
37  1.719564 -0.000081 -0.000014  0.022857 -0.107188 -1.509106
38  1.209197 0.000035 0.000005  0.000661 0.071070 -0.480462
39  3.859588 -0.149085 -1.331322  -0.098208 -0.090177 -0.345038
40  1.719410 -0.000097 -0.000048  -0.015804 -0.000373 -1.430695
41  1.099673 0.000024 -0.000003  -0.041072 0.066616 -0.536933
42  0.805983 -0.359848 -1.318339  1.134762 0.249907 -0.841728
43  1.789781 -0.000008 -0.000030  0.000332 -0.014982 0.147148
44  1.206996 -0.000004 0.000013  0.000010 -0.117703 1.485327
45  5.740574 0.000120 0.000727  0.159167 -0.000013 0.000032
46  11.480955 0.000049 0.000933  0.041704 0.097713 0.129530
47  6.027517 -0.000278 -0.000232  -0.964425 -0.485023 -1.687737
48  -0.000002 11.691982 -0.000009  -1.182084 0.625760 0.898389
49  0.000003 -0.000003 0.000000  2.413972 -0.000036 1.570861
50  -0.000007 -0.000014 0.000004  2.272646 -0.000031 1.570865
51  -3.207992 -4.488946 -6.555150  -0.082406 -2.903567 1.383935
52  0.000001 0.000000 -0.000001  0.008153 -0.000259 0.000009
53  -0.000000 -0.000000 -0.000000  1.565115 0.043565 -0.106862
54  -0.268889 -10.120641 -7.118196  -0.242031 -0.424167 -1.790597
55  0.000001 -0.000000 -0.000000  0.000000 -0.000000 -0.000002
56  0.000031 0.000029 0.000000  -1.571902 -0.044449 -0.106509
57  7.488221 -4.818353 -19.602560  1.570796 -0.000000 0.000000
58  -15.386185 4.000748 -22.642645  1.570796 -0.000000 0.000000
59  -1.437576 6.511418 -4.072549  1.570796 -0.000000 0.000000
60  -0.004311 0.001230 -0.000371  0.006898 -0.005534 -0.284228
61  0.858610 10.209643 -4.879772  1.570796 -0.000000 0.000000
62  0.000000 0.000000 0.000000  -0.078728 -3.136056 0.284225
63  0.031801 0.000000 -0.000718  1.565426 0.001072 -0.000607
64  -2.269079 -9.864870 -2.230120  1.590083 0.063727 0.003732
65  0.000000 -1.379689 -0.604538  -0.000000 -0.000000 0.000000
66  0.000001 -0.131223 7.571680  -0.000000 -0.000000 0.000000
67  0.496508 -0.902652 1.140569  -0.000000 -0.000000 0.000000
68  -0.138166 -0.291040 1.514193  -0.000000 -0.000000 0.000000
69  0.000001 0.037258 2.309324  -0.000000 -0.000000 0.000000
70  0.000002 0.222708 4.208476  -0.000000 -0.000000 0.000000
71  -2.377965 -12.458725 -4.088138  1.590083 0.063727 0.003732
72  0.138167 1.347513 -1.114662  -0.000000 -0.000000 0.000000
73  -0.138167 1.174629 -1.114662  -0.000000 -0.000000 0.000000
time 48
0  0.031807 0.000000 -0.000718  -1.570800 -1.391899 -1.570792
1  -5.164373 -5.683526 -1.473686  -1.544956 -1.855077 -0.198630
2  6.027520 -0.000327 0.000201  -1.167117 -0.855841 -1.140633
3  11.692104 0.000483 -0.000740  -0.255834 -0.000033 -1.470036
4  11.480726 0.000069 -0.000740  1.235055 -0.292693 0.231383
5  3.859504 -0.142876 -1.192066  -0.293152 0.063165 -1.666430
6  1.312589 0.000015 0.000004  -0.038960 -0.163792 -0.776953
7  0.729353 0.000053 0.000048  0.027928 -0.011486 -0.645483
8  3.942141 0.046277 -0.431529  -0.456264 0.112870 -1.408134
9  1.539110 0.000083 -0.000001  0.094878 -0.019352 -0.829315
10  1.196331 0.000144 0.000023  0.002133 0.002883 -1.120896
11  3.883506 -0.047265 0.431364  -0.423643 0.213424 -1.245194
12  1.719573 -0.000025 0.000010  0.000087 -0.071906 -1.146945
13  1.209177 0.000092 0.000007  -0.009737 -0.000809 -0.595644
14  3.859667 -0.138471 1.332392  -0.398812 0.213193 -1.248335
15  1.719449 -0.000012 0.000021  -0.051974 0.052324 -0.848309
16  1.099675 0.000050 0.000002  -0.007239 0.005996 -0.967517
17  0.781542 -0.803403 1.419826  -1.322386 -0.671925 -0.283371
18  1.789820 -0.000006 -0.000016  0.021100 -0.088726 0.772072
19  1.207013 -0.000014 -0.000042  -0.004723 -0.002684 0.014398
20  5.740634 0.000364 -0.000699  -0.089386 0.000003 0.000060
21  11.481153 0.000152 -0.000800  -0.057032 -0.044829 0.023676
22  6.027524 -0.000330 0.000206  1.942260 -0.626048 1.414176
23  0.000002 11.692099 -0.000008  -1.011682 -0.459467 -0.798930
24  0.000004 0.000005 -0.000000  0.613263 -0.000031 1.570738
25  -0.000000 -0.000007 -0.000002  0.868967 -0.000009 1.570721
26  -6.617934 -9.178503 0.826812  1.473120 1.855074 -0.198639
27  6.027514 -0.000265 -0.000222  1.514625 0.816217 -0.714364
28  11.691999 0.000243 0.000862  0.141448 0.000064 -1.765720
29  11.479992 -0.000482 0.000900  -1.151829 0.508226 0.830282
30  3.859438 -0.132762 1.193064  0.469647 -0.013262 -1.872396
31  1.312559 0.000027 -0.000003  0.024060 -0.138695 -0.550187
32  0.729346 0.000064 -0.000029  -0.166197 -0.081570 -0.714272
33  3.942048 0.050135 0.430999  0.225311 -0.086239 -1.592715
34  1.539097 0.000007 -0.000005  0.035254 -0.050374 -0.994348
35  1.196301 0.000077 -0.000008  -0.021522 0.002174 -0.839739
36  3.883414 -0.050476 -0.431085  0.184827 -0.271742 -1.204033
37  1.719565 -0.000081 -0.000015  0.022857 -0.107188 -1.509106
38  1.209197 0.000035 0.000005  0.000661 0.071070 -0.480462
39  3.859588 -0.149085 -1.331321  -0.098208 -0.090177 -0.345038
40  1.719411 -0.000097 -0.000048  -0.015804 -0.000373 -1.430695
41  1.099673 0.000026 -0.000001  -0.041072 0.066616 -0.536933
42  0.805983 -0.359848 -1.318338  1.134762 0.249907 -0.841728
43  1.789781 -0.000007 -0.000030  0.000332 -0.014982 0.147148
44  1.206996 -0.000005 0.000014  0.000010 -0.117703 1.485327
45  5.740574 0.000119 0.000727  0.167632 -0.000013 0.000032
46  11.480945 0.000041 0.000934  0.045794 0.104257 0.128997
47  6.027517 -0.000278 -0.000232  -0.971744 -0.490385 -1.681408
48  -0.000002 11.691981 -0.000009  -1.185511 0.629251 0.900146
49  0.000003 -0.000004 0.000000  2.413972 -0.000036 1.570860
50  -0.000006 -0.000014 0.000004  2.272646 -0.000031 1.570865
51  -3.070103 -4.419462 -6.559484  -0.048621 -2.901868 1.370669
52  0.000000 0.000000 0.000000  0.008153 -0.000259 0.000009
53  -0.000000 0.000000 -0.000000  1.565115 0.043565 -0.106862
54  -0.144994 -10.070553 -6.984010  -0.205965 -0.424671 -1.810722
55  -0.000000 -0.000000 -0.000001  0.000000 -0.000000 -0.000002
56  0.000031 0.000029 0.000000  -1.571901 -0.044449 -0.106509
57  7.746025 -4.818353 -19.602560  1.570796 -0.000000 0.000000
58  -15.386185 4.000748 -22.642645  1.570796 -0.000000 0.000000
59  -1.437576 6.511418 -4.072549  1.570796 -0.000000 0.000000
60  -0.004311 0.001230 -0.000371  0.006898 -0.005534 -0.284228
61  0.858610 10.209643 -4.879772  1.570796 -0.000000 0.000000
62  0.000000 0.000000 0.000000  -0.078728 -3.136056 0.284225
63  0.031801 0.000000 -0.000718  1.566082 -0.000371 -0.000705
64  -2.298491 -9.765101 -2.164402  1.582066 0.031847 -0.001923
65  -0.000000 -1.379689 -0.604538  -0.000000 -0.000000 -0.000000
66  0.000001 -0.131223 7.571677  -0.000000 -0.000000 -0.000000
67  0.496507 -0.902652 1.140568  -0.000000 -0.000000 -0.000000
68  -0.138166 -0.291040 1.514192  -0.000000 -0.000000 -0.000000
69  0.000000 0.037258 2.309324  -0.000000 -0.000000 -0.000000
70  0.000002 0.222708 4.208476  -0.000000 -0.000000 -0.000000
71  -2.362126 -12.373256 -4.004414  1.582066 0.031847 -0.001923
72  0.138167 1.347512 -1.114663  -0.000000 -0.000000 -0.000000
73  -0.138166 1.174628 -1.114663  -0.000000 -0.000000 -0.000000
time 49
0  0.031807 0.000000 -0.000718  -1.570800 -1.391899 -1.570792
1  -5.164373 -5.683526 -1.473686  -1.544956 -1.855077 -0.198630
2  6.027520 -0.000327 0.000201  -1.171055 -0.864464 -1.144046
3  11.692105 0.000483 -0.000740  -0.255833 -0.000032 -1.458296
4  11.479231 -0.000723 -0.000948  1.251471 -0.278031 0.221865
5  3.859504 -0.142875 -1.192065  -0.293152 0.063165 -1.666430
6  1.312590 0.000014 0.000004  -0.038960 -0.163792 -0.776953
7  0.729354 0.000053 0.000048  0.027928 -0.011485 -0.645483
8  3.942141 0.046277 -0.431528  -0.456264 0.112870 -1.408134
9  1.539110 0.000083 -0.000001  0.094878 -0.019352 -0.829315
10  1.196331 0.000145 0.000025  0.002133 0.002883 -1.120896
11  3.883506 -0.047265 0.431365  -0.423643 0.213424 -1.245194
12  1.719573 -0.000025 0.000010  0.000087 -0.071906 -1.146945
13  1.209178 0.000091 0.000007  -0.009737 -0.000809 -0.595644
14  3.859668 -0.138471 1.332394  -0.398812 0.213193 -1.248335
15  1.719449 -0.000011 0.000021  -0.051974 0.052324 -0.848309
16  1.099675 0.000050 0.000002  -0.007239 0.005996 -0.967517
17  0.781542 -0.803403 1.419827  -1.322386 -0.671925 -0.283371
18  1.789821 -0.000006 -0.000016  0.021100 -0.088726 0.772072
19  1.207013 -0.000013 -0.000043  -0.004723 -0.002684 0.014398
20  5.740635 0.000365 -0.000698  -0.084491 0.000003 0.000060
21  11.480855 -0.000006 -0.000842  -0.054451 -0.041325 0.022802
22  6.027524 -0.000330 0.000206  1.939012 -0.617447 1.409669
23  0.000002 11.692100 -0.000007  -1.004700 -0.453056 -0.794427
24  0.000003 0.000007 0.000000  0.613263 -0.000031 1.570738
25  -0.000001 -0.000006 -0.000001  0.868967 -0.000009 1.570721
26  -6.617934 -9.178503 0.826812  1.473120 1.855074 -0.198639
27  6.027514 -0.000265 -0.000222  1.511028 0.821857 -0.716389
28  11.691999 0.000244 0.000862  0.141447 0.000063 -1.754366
29  11.480095 -0.000414 0.000892  -1.140134 0.518503 0.819753
30  3.859438 -0.132762 1.193065  0.469647 -0.013262 -1.872396
31  1.312560 0.000028 -0.000003  0.024060 -0.138695 -0.550187
32  0.729345 0.000065 -0.000027  -0.166197 -0.081571 -0.714272
33  3.942047 0.050135 0.430999  0.225311 -0.086239 -1.592715
34  1.539097 0.000008 -0.000005  0.035254 -0.050374 -0.994348
35  1.196301 0.000076 -0.000007  -0.021522 0.002174 -0.839739
36  3.883414 -0.050476 -0.431085  0.184827 -0.271742 -1.204033
37  1.719563 -0.000083 -0.000014  0.022857 -0.107188 -1.509106
38  1.209198 0.000035 0.000005  0.000661 0.071070 -0.480462
39  3.859588 -0.149085 -1.331321  -0.098208 -0.090177 -0.345038
40  1.719411 -0.000097 -0.000049  -0.015804 -0.000373 -1.430695
41  1.099673 0.000026 -0.000001  -0.041072 0.066616 -0.536933
42  0.805983 -0.359849 -1.318338  1.134762 0.249907 -0.841728
43  1.789780 -0.000008 -0.000030  0.000332 -0.014982 0.147148
44  1.206997 -0.000004 0.000013  0.000010 -0.117703 1.485327
45  5.740575 0.000119 0.000726  0.168278 -0.000013 0.000032
46  11.480967 0.000055 0.000933  0.047441 0.106632 0.125739
47  6.027517 -0.000278 -0.000232  -0.978582 -0.489188 -1.677589
48  -0.000003 11.691980 -0.000008  -1.178848 0.622467 0.896719
49  0.000004 -0.000002 0.000000  2.413972 -0.000036 1.570861
50  -0.000006 -0.000015 0.000005  2.272646 -0.000031 1.570865
51  -3.028179 -4.516413 -6.576820  -0.033008 -2.894541 1.364619
52  0.000000 0.000000 0.000000  0.008153 -0.000259 0.000009
53  0.000000 -0.000000 0.000000  1.565115 0.043565 -0.106862
54  -0.110981 -10.178035 -6.904431  -0.188991 -0.431364 -1.820054
55  0.000000 -0.000000 -0.000000  0.000000 -0.000000 -0.000002
56  0.000031 0.000029 0.000001  -1.571901 -0.044449 -0.106509
57  7.746025 -4.818353 -19.602560  1.570796 -0.000000 0.000000
58  -15.386185 4.000748 -22.642645  1.570796 -0.000000 0.000000
59  -1.437576 6.511418 -4.072549  1.570796 -0.000000 0.000000
60  -0.004311 0.001230 -0.000371  0.006898 -0.005534 -0.284228
61  0.858610 10.209643 -4.879772  1.570796 -0.000000 0.000000
62  0.000000 0.000000 0.000000  -0.078728 -3.136056 0.284225
63  0.031801 0.000000 -0.000718  1.566826 -0.001813 -0.000672
64  -2.327903 -9.818432 -2.117425  1.571873 0.018452 -0.004466
65  0.000000 -1.379689 -0.604537  -0.000000 0.000000 -0.000000
66  0.000001 -0.131223 7.571678  -0.000000 0.000000 -0.000000
67  0.496507 -0.902652 1.140567  -0.000000 0.000000 -0.000000
68  -0.138166 -0.291040 1.514191  -0.000000 0.000000 -0.000000
69  0.000001 0.037258 2.309323  -0.000000 0.000000 -0.000000
70  0.000002 0.222708 4.208476  -0.000000 0.000000 -0.000000
71  -2.373111 -12.445158 -3.931381  1.571873 0.018452 -0.004466
72  0.138167 1.347513 -1.114661  -0.000000 0.000000 -0.000000
73  -0.138166 1.174629 -1.114661  -0.000000 0.000000 -0.000000
time 50
0  0.031807 0.000000 -0.000718  -1.570800 -1.391899 -1.570792
1  -5.164373 -5.683526 -1.473686  -1.544956 -1.855077 -0.198630
2  6.027520 -0.000327 0.000201  -1.164068 -0.875960 -1.151991
3  11.692103 0.000483 -0.000740  -0.255833 -0.000031 -1.435179
4  11.479675 -0.000459 -0.000878  1.249376 -0.280096 0.199197
5  3.859504 -0.142876 -1.192066  -0.293152 0.063165 -1.666430
6  1.312590 0.000013 0.000004  -0.038960 -0.163792 -0.776953
7  0.729353 0.000053 0.000048  0.027928 -0.011485 -0.645483
8  3.942141 0.046276 -0.431529  -0.456264 0.112870 -1.408134
9  1.539111 0.000081 -0.000000  0.094878 -0.019352 -0.829315
10  1.196331 0.000145 0.000024  0.002133 0.002883 -1.120896
11  3.883507 -0.047266 0.431365  -0.423643 0.213424 -1.245194
12  1.719573 -0.000025 0.000010  0.000087 -0.071906 -1.146945
13  1.209179 0.000090 0.000008  -0.009737 -0.000809 -0.595644
14  3.859668 -0.138473 1.332393  -0.398812 0.213193 -1.248335
15  1.719448 -0.000011 0.000021  -0.051974 0.052324 -0.848309
16  1.099675 0.000050 0.000002  -0.007239 0.005996 -0.967517
17  0.781542 -0.803404 1.419826  -1.322386 -0.671925 -0.283371
18  1.789819 -0.000004 -0.000016  0.021100 -0.088726 0.772072
19  1.207013 -0.000013 -0.000043  -0.004723 -0.002684 0.014398
20  5.740634 0.000364 -0.000698  -0.083951 0.000003 0.000060
21  11.480944 0.000049 -0.000827  -0.055164 -0.041228 0.018176
22  6.027524 -0.000330 0.000206  1.926681 -0.610316 1.414170
23  0.000001 11.692098 -0.000007  -0.990922 -0.440516 -0.785456
24  0.000003 0.000007 -0.000001  0.613263 -0.000031 1.570738
25  -0.000001 -0.000006 -0.000001  0.868967 -0.000008 1.570721
26  -6.617934 -9.178503 0.826812  1.473120 1.855074 -0.198639
27  6.027514 -0.000265 -0.000222  1.515556 0.825706 -0.714425
28  11.691998 0.000242 0.000860  0.141447 0.000061 -1.737096
29  11.480251 -0.000310 0.000876  -1.155388 0.517790 0.792874
30  3.859437 -0.132762 1.193064  0.469647 -0.013262 -1.872396
31  1.312560 0.000026 -0.000002  0.024060 -0.138695 -0.550187
32  0.729345 0.000066 -0.000028  -0.166197 -0.081570 -0.714272
33  3.942047 0.050135 0.430999  0.225311 -0.086239 -1.592715
34  1.539098 0.000008 -0.000005  0.035254 -0.050374 -0.994348
35  1.196299 0.000077 -0.000008  -0.021522 0.002174 -0.839739
36  3.883413 -0.050476 -0.431085  0.184827 -0.271742 -1.204033
37  1.719564 -0.000081 -0.000014  0.022857 -0.107188 -1.509106
38  1.209198 0.000035 0.000005  0.000661 0.071070 -0.480462
39  3.859587 -0.149085 -1.331321  -0.098208 -0.090177 -0.345038
40  1.719411 -0.000097 -0.000049  -0.015804 -0.000373 -1.430695
41  1.099673 0.000023 -0.000001  -0.041072 0.066616 -0.536933
42  0.805982 -0.359848 -1.318338  1.134762 0.249907 -0.841728
43  1.789781 -0.000008 -0.000030  0.000332 -0.014982 0.147148
44  1.206997 -0.000004 0.000014  0.000010 -0.117704 1.485327
45  5.740575 0.000118 0.000727  0.162138 -0.000013 0.000032
46  11.480997 0.000074 0.000929  0.045841 0.104894 0.121506
47  6.027517 -0.000278 -0.000232  -0.980166 -0.484464 -1.678205
48  -0.000002 11.691980 -0.000008  -1.168719 0.612185 0.891432
49  0.000003 -0.000002 -0.000000  2.413972 -0.000036 1.570860
50  -0.000007 -0.000015 0.000004  2.272646 -0.000031 1.570865
51  -3.089009 -4.678756 -6.605763  -0.040037 -2.882790 1.365922
52  -0.000000 -0.000000 -0.000000  0.008153 -0.000259 0.000009
53  -0.000000 -0.000000 0.000000  1.565115 0.043565 -0.106862
54  -0.177225 -10.344868 -6.902485  -0.195945 -0.443394 -1.817565
55  -0.000000 -0.000000 -0.000001  0.000000 -0.000000 -0.000002
56  0.000029 0.000029 0.000001  -1.571901 -0.044449 -0.106509
57  7.746025 -4.818353 -19.602560  1.570796 -0.000000 0.000000
58  -15.386185 4.000748 -22.642645  1.570796 -0.000000 0.000000
59  -1.437576 6.511418 -4.072549  1.570796 -0.000000 0.000000
60  -0.004311 0.001230 -0.000371  0.006898 -0.005534 -0.284228
61  0.858610 10.209643 -4.879772  1.570796 -0.000000 0.000000
62  0.000000 0.000000 0.000000  -0.078728 -3.136056 0.284225
63  0.031801 0.000000 -0.000718  1.567615 -0.002922 -0.000591
64  -2.350528 -9.935757 -2.099480  1.561711 0.027464 -0.005156
65  0.000000 -1.379688 -0.604537  -0.000000 -0.000000 0.000000
66  0.000001 -0.131223 7.571677  -0.000000 -0.000000 0.000000
67  0.496507 -0.902652 1.140569  -0.000000 -0.000000 0.000000
68  -0.138166 -0.291040 1.514192  -0.000000 -0.000000 0.000000
69  0.000001 0.037259 2.309324  -0.000000 -0.000000 0.000000
70  0.000002 0.222708 4.208475  -0.000000 -0.000000 0.000000
71  -2.413250 -12.580670 -3.886283  1.561711 0.027464 -0.005156
72  0.138167 1.347513 -1.114660  -0.000000 -0.000000 0.000000
73  -0.138166 1.174628 -1.114660  -0.000000 -0.000000 0.000000
time 51
0  0.031807 0.000000 -0.000718  -1.570800 -1.391899 -1.570792
1  -5.164373 -5.683526 -1.473686  -1.544956 -1.855077 -0.198630
2  6.027520 -0.000327 0.000200  -1.152579 -0.885926 -1.160702
3  11.692104 0.000481 -0.000739  -0.255832 -0.000030 -1.411812
4  11.479800 -0.000397 -0.000864  1.237363 -0.291625 0.174740
5  3.859502 -0.142875 -1.192066  -0.293152 0.063165 -1.666430
6  1.312590 0.000013 0.000005  -0.038960 -0.163792 -0.776953
7  0.729354 0.000053 0.000048  0.027928 -0.011485 -0.645483
8  3.942140 0.046277 -0.431529  -0.456264 0.112870 -1.408134
9  1.539110 0.000082 -0.000001  0.094878 -0.019352 -0.829315
10  1.196332 0.000145 0.000024  0.002133 0.002883 -1.120896
11  3.883505 -0.047265 0.431365  -0.423643 0.213424 -1.245194
12  1.719573 -0.000026 0.000010  0.000087 -0.071906 -1.146945
13  1.209178 0.000090 0.000007  -0.009737 -0.000809 -0.595644
14  3.859667 -0.138472 1.332393  -0.398812 0.213193 -1.248335
15  1.719449 -0.000011 0.000021  -0.051974 0.052324 -0.848309
16  1.099674 0.000050 0.000002  -0.007239 0.005996 -0.967517
17  0.781542 -0.803402 1.419826  -1.322386 -0.671925 -0.283371
18  1.789819 -0.000007 -0.000016  0.021100 -0.088726 0.772072
19  1.207013 -0.000013 -0.000042  -0.004723 -0.002684 0.014398
20  5.740635 0.000364 -0.000699  -0.086109 0.000003 0.000060
21  11.480968 0.000060 -0.000825  -0.057591 -0.043137 0.012572
22  6.027524 -0.000330 0.000206  1.912645 -0.605837 1.422339
23  0.000002 11.692098 -0.000007  -0.976949 -0.427955 -0.776248
24  0.000003 0.000006 0.000000  0.613263 -0.000031 1.570738
25  -0.000001 -0.000006 -0.000001  0.868967 -0.000009 1.570721
26  -6.617934 -9.178503 0.826812  1.473120 1.855074 -0.198639
27  6.027514 -0.000265 -0.000222  1.523369 0.827437 -0.710736
28  11.691998 0.000244 0.000863  0.141447 0.000060 -1.721294
29  11.480396 -0.000211 0.000861  -1.182245 0.510673 0.763530
30  3.859439 -0.132762 1.193064  0.469647 -0.013262 -1.872396
31  1.312559 0.000027 -0.000002  0.024060 -0.138695 -0.550187
32  0.729346 0.000064 -0.000028  -0.166197 -0.081570 -0.714272
33  3.942048 0.050135 0.430999  0.225311 -0.086239 -1.592715
34  1.539098 0.000009 -0.000006  0.035254 -0.050374 -0.994348
35  1.196301 0.000077 -0.000007  -0.021522 0.002174 -0.839739
36  3.883414 -0.050476 -0.431085  0.184827 -0.271742 -1.204033
37  1.719564 -0.000080 -0.000014  0.022857 -0.107188 -1.509106
38  1.209198 0.000035 0.000004  0.000661 0.071070 -0.480462
39  3.859588 -0.149085 -1.331321  -0.098208 -0.090177 -0.345038
40  1.719409 -0.000097 -0.000048  -0.015804 -0.000373 -1.430695
41  1.099673 0.000023 -0.000002  -0.041072 0.066616 -0.536933
42  0.805983 -0.359848 -1.318338  1.134762 0.249907 -0.841728
43  1.789780 -0.000008 -0.000030  0.000332 -0.014982 0.147148
44  1.206997 -0.000005 0.000014  0.000010 -0.117703 1.485327
45  5.740574 0.000120 0.000726  0.153741 -0.000013 0.000032
46  11.481026 0.000096 0.000926  0.042723 0.101270 0.117768
47  6.027517 -0.000278 -0.000232  -0.978384 -0.479124 -1.681090
48  -0.000002 11.691981 -0.000007  -1.159457 0.602815 0.886517
49  0.000001 -0.000001 0.000000  2.413972 -0.000036 1.570860
50  -0.000007 -0.000015 0.000005  2.272646 -0.000031 1.570865
51  -3.192548 -4.831492 -6.634527  -0.058615 -2.871276 1.371671
52  0.000000 -0.000000 0.000000  0.008153 -0.000259 0.000009
53  0.000000 0.000000 0.000000  1.565115 0.043565 -0.106862
54  -0.281756 -10.497341 -6.945599  -0.215327 -0.455617 -1.808252
55  0.000000 -0.000000 -0.000001  0.000000 -0.000000 -0.000002
56  0.000030 0.000029 -0.000000  -1.571902 -0.044449 -0.106509
57  7.746025 -4.818353 -19.602560  1.570796 -0.000000 0.000000
58  -15.386185 4.000748 -22.642645  1.570796 -0.000000 0.000000
59  -1.437576 6.511418 -4.072549  1.570796 -0.000000 0.000000
60  -0.004311 0.001230 -0.000371  0.006898 -0.005534 -0.284228
61  0.858610 10.209643 -4.879772  1.570796 -0.000000 0.000000
62  0.000000 0.000000 0.000000  -0.078728 -3.136056 0.284225
63  0.031801 0.000000 -0.000718  1.568403 -0.003365 -0.000478
64  -2.359577 -10.053083 -2.103618  1.553928 0.047304 -0.004556
65  0.000000 -1.379689 -0.604538  0.000000 0.000000 0.000000
66  0.000001 -0.131223 7.571681  0.000000 0.000000 0.000000
67  0.496508 -0.902652 1.140568  0.000000 0.000000 0.000000
68  -0.138166 -0.291040 1.514191  0.000000 0.000000 0.000000
69  0.000001 0.037258 2.309323  0.000000 0.000000 0.000000
70  0.000002 0.222708 4.208474  0.000000 0.000000 0.000000
71  -2.455237 -12.711708 -3.868479  1.553928 0.047304 -0.004556
72  0.138167 1.347513 -1.114661  0.000000 0.000000 0.000000
73  -0.138166 1.174628 -1.114661  0.000000 0.000000 0.000000
time 52
0  0.031807 0.000000 -0.000718  -1.570800 -1.391899 -1.570792
1  -5.164373 -5.683526 -1.473686  -1.544956 -1.855077 -0.198630
2  6.027520 -0.000327 0.000200  -1.142665 -0.890239 -1.166123
3  11.692105 0.000484 -0.000740  -0.255831 -0.000029 -1.399987
4  11.479870 -0.000362 -0.000853  1.223263 -0.306514 0.160559
5  3.859504 -0.142876 -1.192066  -0.293152 0.063165 -1.666430
6  1.312590 0.000014 0.000005  -0.038960 -0.163792 -0.776953
7  0.729355 0.000053 0.000049  0.027928 -0.011485 -0.645483
8  3.942142 0.046276 -0.431529  -0.456264 0.112870 -1.408134
9  1.539110 0.000082 -0.000001  0.094878 -0.019352 -0.829315
10  1.196332 0.000145 0.000024  0.002133 0.002883 -1.120896
11  3.883507 -0.047266 0.431365  -0.423643 0.213424 -1.245194
12  1.719573 -0.000025 0.000011  0.000087 -0.071906 -1.146945
13  1.209177 0.000091 0.000008  -0.009737 -0.000809 -0.595644
14  3.859669 -0.138472 1.332393  -0.398812 0.213193 -1.248335
15  1.719449 -0.000012 0.000021  -0.051974 0.052324 -0.848309
16  1.099674 0.000049 0.000002  -0.007239 0.005996 -0.967517
17  0.781543 -0.803403 1.419827  -1.322386 -0.671925 -0.283371
18  1.789820 -0.000005 -0.000016  0.021100 -0.088726 0.772072
19  1.207013 -0.000014 -0.000042  -0.004723 -0.002684 0.014398
20  5.740635 0.000365 -0.000698  -0.089496 0.000003 0.000060
21  11.480983 0.000066 -0.000823  -0.060191 -0.045971 0.008810
22  6.027524 -0.000330 0.000206  1.903416 -0.605445 1.429864
23  0.000001 11.692099 -0.000008  -0.969861 -0.421644 -0.771536
24  0.000003 0.000007 0.000001  0.613263 -0.000031 1.570738
25  -0.000001 -0.000007 -0.000002  0.868967 -0.000008 1.570721
26  -6.617934 -9.178503 0.826812  1.473120 1.855074 -0.198639
27  6.027514 -0.000265 -0.000222  1.531033 0.826419 -0.706990
28  11.691998 0.000243 0.000862  0.141447 0.000060 -1.714756
29  11.480456 -0.000171 0.000858  -1.206519 0.500915 0.745360
30  3.859438 -0.132762 1.193066  0.469647 -0.013262 -1.872396
31  1.312559 0.000026 -0.000001  0.024060 -0.138695 -0.550187
32  0.729345 0.000064 -0.000028  -0.166197 -0.081570 -0.714272
33  3.942048 0.050136 0.431000  0.225311 -0.086239 -1.592715
34  1.539097 0.000007 -0.000005  0.035254 -0.050374 -0.994348
35  1.196300 0.000077 -0.000008  -0.021522 0.002174 -0.839739
36  3.883414 -0.050476 -0.431084  0.184827 -0.271742 -1.204033
37  1.719565 -0.000082 -0.000014  0.022857 -0.107188 -1.509106
38  1.209198 0.000034 0.000005  0.000661 0.071070 -0.480462
39  3.859588 -0.149085 -1.331320  -0.098208 -0.090177 -0.345038
40  1.719410 -0.000097 -0.000048  -0.015804 -0.000373 -1.430695
41  1.099673 0.000025 -0.000001  -0.041072 0.066616 -0.536933
42  0.805983 -0.359848 -1.318338  1.134762 0.249907 -0.841728
43  1.789780 -0.000008 -0.000030  0.000332 -0.014982 0.147148
44  1.206996 -0.000005 0.000014  0.000010 -0.117703 1.485327
45  5.740574 0.000118 0.000726  0.147373 -0.000013 0.000032
46  11.481039 0.000102 0.000925  0.039771 0.097622 0.116097
47  6.027517 -0.000278 -0.000232  -0.974153 -0.475403 -1.684928
48  -0.000003 11.691981 -0.000008  -1.155626 0.598950 0.884462
49  0.000003 -0.000002 -0.000000  2.413972 -0.000036 1.570861
50  -0.000008 -0.000015 0.000004  2.272646 -0.000031 1.570865
51  -3.289074 -4.900057 -6.642857  -0.078158 -2.864532 1.379015
52  -0.000000 0.000000 -0.000000  0.008153 -0.000259 0.000009
53  0.000000 0.000000 0.000001  1.565115 0.043565 -0.106862
54  -0.373158 -10.560883 -6.994746  -0.236030 -0.463041 -1.797011
55  0.000001 -0.000000 -0.000001  0.000000 -0.000000 -0.000002
56  0.000031 0.000028 0.000000  -1.571901 -0.044449 -0.106509
57  7.746025 -4.818353 -19.602560  1.570796 -0.000000 0.000000
58  -15.386185 4.000748 -22.642645  1.570796 -0.000000 0.000000
59  -1.437576 6.511418 -4.072549  1.570796 -0.000000 0.000000
60  -0.004311 0.001230 -0.000371  0.006898 -0.005534 -0.284228
61  0.858610 10.209643 -4.879772  1.570796 -0.000000 0.000000
62  0.000000 0.000000 0.000000  -0.078728 -3.136056 0.284225
63  0.031801 0.000000 -0.000718  1.569147 -0.003015 -0.000350
64  -2.355808 -10.106413 -2.113964  1.550891 0.067060 -0.002668
65  0.000000 -1.379689 -0.604539  0.000000 0.000000 -0.000000
66  0.000001 -0.131223 7.571677  0.000000 0.000000 -0.000000
67  0.496508 -0.902652 1.140567  0.000000 0.000000 -0.000000
68  -0.138166 -0.291040 1.514191  0.000000 0.000000 -0.000000
69  0.000001 0.037258 2.309322  0.000000 0.000000 -0.000000
70  0.000002 0.222708 4.208475  0.000000 0.000000 -0.000000
71  -2.480768 -12.770477 -3.868762  1.550891 0.067060 -0.002668
72  0.138167 1.347513 -1.114661  0.000000 0.000000 -0.000000
73  -0.138167 1.174628 -1.114661  0.000000 0.000000 -0.000000
time 53
0  0.031807 0.000000 -0.000718  -1.570800 -1.391899 -1.570792
1  -5.164373 -5.683526 -1.473686  -1.544956 -1.855077 -0.198630
2  6.027520 -0.000327 0.000200  -1.139320 -0.887511 -1.165670
3  11.692104 0.000483 -0.000740  -0.255832 -0.000029 -1.403834
4  11.479848 -0.000372 -0.000857  1.214986 -0.316811 0.162966
5  3.859504 -0.142876 -1.192067  -0.293152 0.063165 -1.666430
6  1.312590 0.000013 0.000005  -0.038960 -0.163792 -0.776953
7  0.729353 0.000053 0.000048  0.027928 -0.011485 -0.645483
8  3.942142 0.046276 -0.431529  -0.456264 0.112870 -1.408134
9  1.539110 0.000083 -0.000001  0.094878 -0.019352 -0.829315
10  1.196335 0.000145 0.000024  0.002133 0.002883 -1.120896
11  3.883507 -0.047266 0.431365  -0.423643 0.213424 -1.245194
12  1.719573 -0.000025 0.000010  0.000087 -0.071906 -1.146945
13  1.209180 0.000090 0.000007  -0.009737 -0.000809 -0.595644
14  3.859669 -0.138472 1.332393  -0.398812 0.213193 -1.248335
15  1.719449 -0.000013 0.000021  -0.051974 0.052324 -0.848309
16  1.099674 0.000048 0.000002  -0.007239 0.005996 -0.967516
17  0.781543 -0.803403 1.419826  -1.322386 -0.671925 -0.283371
18  1.789820 -0.000007 -0.000016  0.021100 -0.088726 0.772072
19  1.207012 -0.000014 -0.000043  -0.004723 -0.002684 0.014398
20  5.740636 0.000365 -0.000698  -0.092094 0.000003 0.000060
21  11.480980 0.000065 -0.000823  -0.061482 -0.048215 0.008662
22  6.027524 -0.000330 0.000206  1.902939 -0.608870 1.433186
23  0.000000 11.692097 -0.000007  -0.972168 -0.423693 -0.773073
24  0.000003 0.000007 0.000001  0.613263 -0.000031 1.570738
25  -0.000001 -0.000007 -0.000001  0.868967 -0.000009 1.570721
26  -6.617934 -9.178503 0.826812  1.473120 1.855074 -0.198639
27  6.027514 -0.000265 -0.000222  1.534957 0.823503 -0.704997
28  11.691998 0.000245 0.000862  0.141447 0.000060 -1.719015
29  11.480413 -0.000198 0.000861  -1.215438 0.493122 0.746007
30  3.859437 -0.132762 1.193063  0.469647 -0.013262 -1.872396
31  1.312560 0.000025 -0.000002  0.024060 -0.138695 -0.550187
32  0.729346 0.000066 -0.000028  -0.166197 -0.081570 -0.714272
33  3.942047 0.050134 0.430999  0.225311 -0.086239 -1.592715
34  1.539097 0.000007 -0.000005  0.035254 -0.050374 -0.994348
35  1.196300 0.000077 -0.000008  -0.021522 0.002174 -0.839739
36  3.883413 -0.050476 -0.431086  0.184827 -0.271742 -1.204033
37  1.719565 -0.000080 -0.000014  0.022857 -0.107188 -1.509106
38  1.209197 0.000035 0.000005  0.000661 0.071070 -0.480462
39  3.859587 -0.149085 -1.331321  -0.098208 -0.090177 -0.345038
40  1.719411 -0.000097 -0.000048  -0.015804 -0.000373 -1.430695
41  1.099673 0.000024 -0.000001  -0.041072 0.066616 -0.536933
42  0.805983 -0.359849 -1.318339  1.134762 0.249907 -0.841728
43  1.789781 -0.000008 -0.000030  0.000332 -0.014982 0.147148
44  1.206996 -0.000004 0.000013  0.000010 -0.117703 1.485327
45  5.740573 0.000119 0.000726  0.146010 -0.000013 0.000032
46  11.481030 0.000098 0.000926  0.038721 0.095654 0.117070
47  6.027517 -0.000278 -0.000232  -0.969762 -0.474815 -1.687826
48  -0.000001 11.691980 -0.000008  -1.158121 0.601467 0.885802
49  0.000004 -0.000001 0.000001  2.413972 -0.000036 1.570861
50  -0.000006 -0.000015 0.000005  2.272646 -0.000031 1.570865
51  -3.333658 -4.867290 -6.630794  -0.087853 -2.866066 1.384250
52  0.000000 -0.000000 -0.000001  0.008153 -0.000259 0.000009
53  0.000000 -0.000000 -0.000001  1.565115 0.043565 -0.106862
54  -0.406407 -10.519329 -7.027048  -0.246503 -0.461820 -1.789748
55  0.000000 -0.000000 -0.000000  0.000000 -0.000000 -0.000002
56  0.000030 0.000029 0.000001  -1.571902 -0.044449 -0.106509
57  7.746025 -4.818353 -19.602560  1.570796 -0.000000 0.000000
58  -15.386185 4.000748 -22.642645  1.570796 -0.000000 0.000000
59  -1.437576 6.511418 -4.072549  1.570796 -0.000000 0.000000
60  -0.004311 0.001230 -0.000371  0.006898 -0.005534 -0.284228
61  0.858610 10.209643 -4.879772  1.570796 -0.000000 0.000000
62  0.000000 0.000000 0.000000  -0.078728 -3.136056 0.284225
63  0.031801 0.000000 -0.000718  1.569802 -0.002180 -0.000222
64  -2.346820 -10.085884 -2.127414  1.554148 0.075936 0.000156
65  0.000000 -1.379689 -0.604539  0.000000 0.000000 -0.000000
66  0.000001 -0.131223 7.571676  0.000000 0.000000 -0.000000
67  0.496508 -0.902652 1.140566  0.000000 0.000000 -0.000000
68  -0.138166 -0.291040 1.514191  0.000000 0.000000 -0.000000
69  0.000001 0.037259 2.309323  0.000000 0.000000 -0.000000
70  0.000002 0.222708 4.208475  0.000000 0.000000 -0.000000
71  -2.480488 -12.744550 -3.889743  1.554148 0.075936 0.000156
72  0.138167 1.347513 -1.114663  0.000000 0.000000 -0.000000
73  -0.138166 1.174628 -1.114662  0.000000 0.000000 -0.000000
time 54
0  0.031807 0.000000 -0.000718  -1.570800 -1.391899 -1.570792
1  -5.164373 -5.683526 -1.473686  -1.544956 -1.855077 -0.198630
2  6.027520 -0.000327 0.000200  -1.145284 -0.881008 -1.160261
3  11.692105 0.000482 -0.000740  -0.255832 -0.000030 -1.416625
4  11.479774 -0.000411 -0.000866  1.219791 -0.314546 0.177786
5  3.859504 -0.142876 -1.192066  -0.293152 0.063165 -1.666430
6  1.312590 0.000014 0.000005  -0.038960 -0.163792 -0.776953
7  0.729354 0.000053 0.000049  0.027928 -0.011486 -0.645483
8  3.942141 0.046277 -0.431530  -0.456264 0.112870 -1.408134
9  1.539110 0.000082 -0.000001  0.094878 -0.019352 -0.829315
10  1.196332 0.000145 0.000025  0.002133 0.002883 -1.120896
11  3.883507 -0.047266 0.431364  -0.423643 0.213424 -1.245194
12  1.719573 -0.000025 0.000011  0.000087 -0.071906 -1.146945
13  1.209178 0.000091 0.000007  -0.009737 -0.000809 -0.595644
14  3.859668 -0.138472 1.332392  -0.398812 0.213193 -1.248335
15  1.719449 -0.000011 0.000021  -0.051974 0.052324 -0.848309
16  1.099675 0.000049 0.000002  -0.007239 0.005996 -0.967517
17  0.781543 -0.803403 1.419826  -1.322386 -0.671925 -0.283371
18  1.789820 -0.000004 -0.000016  0.021100 -0.088726 0.772072
19  1.207013 -0.000014 -0.000042  -0.004723 -0.002684 0.014398
20  5.740635 0.000364 -0.000699  -0.091580 0.000003 0.000060
21  11.480963 0.000055 -0.000825  -0.060328 -0.048073 0.011845
22  6.027524 -0.000330 0.000206  1.911011 -0.612455 1.429354
23  0.000001 11.692098 -0.000007  -0.979831 -0.430533 -0.778156
24  0.000003 0.000006 0.000000  0.613263 -0.000031 1.570738
25  -0.000001 -0.000007 -0.000001  0.868967 -0.000009 1.570721
26  -6.617934 -9.178503 0.826812  1.473120 1.855074 -0.198639
27  6.027514 -0.000265 -0.000222  1.532239 0.822075 -0.706249
28  11.691999 0.000243 0.000861  0.141447 0.000061 -1.726918
29  11.480343 -0.000247 0.000866  -1.202402 0.491741 0.761234
30  3.859438 -0.132762 1.193064  0.469647 -0.013262 -1.872396
31  1.312559 0.000024 -0.000002  0.024060 -0.138695 -0.550187
32  0.729344 0.000066 -0.000027  -0.166197 -0.081570 -0.714272
33  3.942047 0.050135 0.430999  0.225311 -0.086239 -1.592715
34  1.539097 0.000006 -0.000006  0.035254 -0.050374 -0.994348
35  1.196300 0.000077 -0.000007  -0.021522 0.002174 -0.839739
36  3.883414 -0.050477 -0.431085  0.184827 -0.271742 -1.204033
37  1.719564 -0.000081 -0.000015  0.022857 -0.107188 -1.509106
38  1.209198 0.000034 0.000005  0.000661 0.071070 -0.480462
39  3.859587 -0.149085 -1.331321  -0.098208 -0.090177 -0.345038
40  1.719410 -0.000097 -0.000048  -0.015804 -0.000373 -1.430695
41  1.099673 0.000024 -0.000001  -0.041072 0.066616 -0.536933
42  0.805983 -0.359849 -1.318338  1.134762 0.249907 -0.841728
43  1.789780 -0.000007 -0.000030  0.000332 -0.014982 0.147148
44  1.206997 -0.000005 0.000014  0.000010 -0.117704 1.485327
45  5.740573 0.000119 0.000726  0.150061 -0.000013 0.000032
46  11.481015 0.000087 0.000927  0.040640 0.096493 0.119346
47  6.027517 -0.000278 -0.000232  -0.969581 -0.477145 -1.687167
48  -0.000002 11.691980 -0.000007  -1.162753 0.606146 0.888275
49  0.000003 -0.000002 0.000000  2.413972 -0.000036 1.570861
50  -0.000007 -0.000015 0.000004  2.272646 -0.000031 1.570865
51  -3.295967 -4.793336 -6.616531  -0.079991 -2.874590 1.384731
52  -0.000000 -0.000000 0.000000  0.008153 -0.000259 0.000009
53  0.000000 -0.000000 -0.000000  1.565115 0.043565 -0.106862
54  -0.350471 -10.434966 -7.025673  -0.238381 -0.453049 -1.790748
55  -0.000000 -0.000000 0.000000  0.000000 -0.000000 -0.000002
56  0.000031 0.000029 0.000001  -1.571901 -0.044449 -0.106509
57  7.746025 -4.818353 -19.602560  1.570796 -0.000000 0.000000
58  -15.386185 4.000748 -22.642645  1.570796 -0.000000 0.000000
59  -1.437576 6.511418 -4.072549  1.570796 -0.000000 0.000000
60  -0.004311 0.001230 -0.000371  0.006898 -0.005534 -0.284228
61  0.858610 10.209643 -4.879772  1.570796 -0.000000 0.000000
62  0.000000 0.000000 0.000000  -0.078728 -3.136056 0.284225
63  0.031801 0.000000 -0.000718  1.570325 -0.001184 -0.000110
64  -2.336092 -10.040720 -2.140864  1.561124 0.066902 0.003241
65  -0.000000 -1.379689 -0.604538  -0.000000 -0.000000 -0.000000
66  0.000001 -0.131223 7.571678  -0.000000 -0.000000 -0.000000
67  0.496508 -0.902653 1.140568  -0.000000 -0.000000 -0.000000
68  -0.138166 -0.291040 1.514192  -0.000000 -0.000000 -0.000000
69  0.000001 0.037258 2.309324  -0.000000 -0.000000 -0.000000
70  0.000002 0.222708 4.208475  -0.000000 -0.000000 -0.000000
71  -2.446908 -12.687343 -3.922794  1.561124 0.066902 0.003241
72  0.138167 1.347513 -1.114662  -0.000000 -0.000000 -0.000000
73  -0.138166 1.174628 -1.114661  -0.000000 -0.000000 -0.000000
time 55
0  0.031807 0.000000 -0.000718  -1.570800 -1.391899 -1.570792
1  -5.164373 -5.683526 -1.473686  -1.544956 -1.855077 -0.198630
2  6.027520 -0.000327 0.000201  -1.154701 -0.874344 -1.153860
3  11.692106 0.000483 -0.000741  -0.255832 -0.000031 -1.430522
4  11.479702 -0.000449 -0.000877  1.230906 -0.305920 0.195157
5  3.859503 -0.142876 -1.192067  -0.293152 0.063165 -1.666430
6  1.312589 0.000014 0.000005  -0.038960 -0.163792 -0.776953
7  0.729355 0.000052 0.000047  0.027928 -0.011485 -0.645483
8  3.942142 0.046277 -0.431530  -0.456264 0.112870 -1.408134
9  1.539110 0.000082 -0.000000  0.094878 -0.019352 -0.829315
10  1.196334 0.000144 0.000024  0.002133 0.002883 -1.120896
11  3.883506 -0.047266 0.431364  -0.423643 0.213424 -1.245194
12  1.719573 -0.000025 0.000011  0.000087 -0.071906 -1.146945
13  1.209179 0.000091 0.000008  -0.009737 -0.000809 -0.595644
14  3.859668 -0.138472 1.332392  -0.398812 0.213193 -1.248335
15  1.719449 -0.000012 0.000020  -0.051974 0.052324 -0.848309
16  1.099676 0.000048 0.000002  -0.007239 0.005996 -0.967517
17  0.781542 -0.803403 1.419826  -1.322386 -0.671925 -0.283371
18  1.789820 -0.000005 -0.000016  0.021100 -0.088726 0.772072
19  1.207013 -0.000014 -0.000042  -0.004723 -0.002684 0.014398
20  5.740637 0.000363 -0.000699  -0.089406 0.000003 0.000060
21  11.480951 0.000049 -0.000828  -0.058089 -0.046603 0.015960
22  6.027524 -0.000330 0.000206  1.921572 -0.614917 1.422428
23  0.000001 11.692101 -0.000008  -0.988141 -0.438003 -0.783632
24  0.000005 0.000006 -0.000001  0.613263 -0.000031 1.570738
25  -0.000001 -0.000006 -0.000002  0.868967 -0.000009 1.570721
26  -6.617934 -9.178503 0.826812  1.473120 1.855074 -0.198639
27  6.027514 -0.000265 -0.000222  1.526551 0.821973 -0.708966
28  11.691998 0.000242 0.000863  0.141447 0.000061 -1.734373
29  11.480276 -0.000295 0.000874  -1.180652 0.494091 0.779935
30  3.859439 -0.132762 1.193064  0.469647 -0.013262 -1.872396
31  1.312559 0.000025 -0.000003  0.024060 -0.138695 -0.550187
32  0.729346 0.000065 -0.000028  -0.166197 -0.081570 -0.714272
33  3.942048 0.050135 0.430999  0.225311 -0.086239 -1.592715
34  1.539097 0.000007 -0.000005  0.035254 -0.050374 -0.994348
35  1.196299 0.000077 -0.000008  -0.021522 0.002174 -0.839739
36  3.883414 -0.050476 -0.431085  0.184827 -0.271742 -1.204033
37  1.719564 -0.000082 -0.000014  0.022857 -0.107188 -1.509106
38  1.209198 0.000034 0.000005  0.000661 0.071070 -0.480462
39  3.859588 -0.149085 -1.331321  -0.098208 -0.090177 -0.345038
40  1.719411 -0.000097 -0.000048  -0.015804 -0.000373 -1.430695
41  1.099674 0.000024 -0.000002  -0.041072 0.066616 -0.536933
42  0.805983 -0.359849 -1.318338  1.134762 0.249907 -0.841728
43  1.789780 -0.000009 -0.000030  0.000332 -0.014982 0.147148
44  1.206997 -0.000005 0.000014  0.000010 -0.117704 1.485327
45  5.740575 0.000118 0.000727  0.155988 -0.000013 0.000032
46  11.481003 0.000078 0.000928  0.043708 0.098666 0.121623
47  6.027517 -0.000278 -0.000232  -0.971923 -0.480414 -1.684639
48  -0.000002 11.691981 -0.000009  -1.167122 0.610568 0.890590
49  0.000003 -0.000002 -0.000001  2.413972 -0.000036 1.570861
50  -0.000005 -0.000015 0.000004  2.272646 -0.000031 1.570865
51  -3.223347 -4.719018 -6.605745  -0.064458 -2.884495 1.382687
52  0.000001 0.000000 0.000000  0.008153 -0.000259 0.000009
53  0.000000 0.000000 0.000000  1.565115 0.043565 -0.106862
54  -0.259985 -10.351992 -7.005018  -0.222135 -0.442620 -1.795802
55  0.000000 -0.000000 -0.000000  0.000000 -0.000000 -0.000002
56  0.000030 0.000029 0.000001  -1.571902 -0.044449 -0.106509
57  7.746025 -4.818353 -19.602560  1.570796 -0.000000 0.000000
58  -15.386185 4.000748 -22.642645  1.570796 -0.000000 0.000000
59  -1.437576 6.511418 -4.072549  1.570796 -0.000000 0.000000
60  -0.004311 0.001230 -0.000371  0.006898 -0.005534 -0.284228
61  0.858610 10.209643 -4.879772  1.570796 -0.000000 0.000000
62  0.000000 0.000000 0.000000  -0.078728 -3.136056 0.284225
63  0.031801 0.000000 -0.000718  1.570671 -0.000350 -0.000030
64  -2.327104 -9.995556 -2.151210  1.568003 0.050288 0.005624
65  0.000000 -1.379689 -0.604539  0.000000 -0.000000 0.000000
66  0.000001 -0.131223 7.571677  0.000000 -0.000000 0.000000
67  0.496508 -0.902652 1.140567  0.000000 -0.000000 0.000000
68  -0.138166 -0.291040 1.514189  0.000000 -0.000000 0.000000
69  0.000001 0.037259 2.309322  0.000000 -0.000000 0.000000
70  0.000002 0.222708 4.208475  0.000000 -0.000000 0.000000
71  -2.402974 -12.629926 -3.953016  1.568003 0.050288 0.005624
72  0.138167 1.347513 -1.114663  0.000000 -0.000000 0.000000
73  -0.138167 1.174628 -1.114662  0.000000 -0.000000 0.000000
time 56
0  0.031807 0.000000 -0.000718  -1.570800 -1.391899 -1.570792
1  -5.164373 -5.683526 -1.473686  -1.544956 -1.855077 -0.198630
2  6.027520 -0.000327 0.000201  -1.159570 -0.871321 -1.150844
3  11.692105 0.000483 -0.000740  -0.255833 -0.000031 -1.437000
4  11.479668 -0.000466 -0.000881  1.237138 -0.300860 0.203547
5  3.859505 -0.142875 -1.192065  -0.293152 0.063165 -1.666430
6  1.312589 0.000015 0.000004  -0.038960 -0.163792 -0.776953
7  0.729353 0.000053 0.000048  0.027928 -0.011485 -0.645483
8  3.942142 0.046277 -0.431528  -0.456264 0.112870 -1.408134
9  1.539110 0.000081 -0.000001  0.094878 -0.019352 -0.829315
10  1.196331 0.000145 0.000024  0.002133 0.002883 -1.120896
11  3.883508 -0.047265 0.431365  -0.423643 0.213424 -1.245194
12  1.719573 -0.000025 0.000011  0.000087 -0.071906 -1.146945
13  1.209180 0.000090 0.000007  -0.009737 -0.000809 -0.595644
14  3.859670 -0.138471 1.332393  -0.398812 0.213193 -1.248335
15  1.719449 -0.000011 0.000021  -0.051974 0.052324 -0.848309
16  1.099676 0.000049 0.000002  -0.007239 0.005996 -0.967516
17  0.781543 -0.803403 1.419827  -1.322386 -0.671925 -0.283371
18  1.789820 -0.000005 -0.000016  0.021100 -0.088726 0.772072
19  1.207013 -0.000014 -0.000042  -0.004723 -0.002684 0.014398
20  5.740637 0.000364 -0.000698  -0.088111 0.000003 0.000060
21  11.480944 0.000046 -0.000828  -0.056874 -0.045689 0.018002
22  6.027524 -0.000330 0.000206  1.926795 -0.615780 1.418700
23  0.000001 11.692098 -0.000008  -0.992009 -0.441500 -0.786168
24  0.000003 0.000007 -0.000000  0.613263 -0.000031 1.570738
25  -0.000001 -0.000007 -0.000002  0.868967 -0.000009 1.570721
26  -6.617934 -9.178503 0.826812  1.473120 1.855074 -0.198639
27  6.027514 -0.000265 -0.000222  1.523441 0.822200 -0.710464
28  11.691998 0.000242 0.000862  0.141447 0.000061 -1.737664
29  11.480246 -0.000313 0.000877  -1.169154 0.495758 0.789099
30  3.859438 -0.132762 1.193064  0.469647 -0.013262 -1.872396
31  1.312559 0.000026 -0.000001  0.024060 -0.138695 -0.550187
32  0.729345 0.000064 -0.000028  -0.166197 -0.081570 -0.714272
33  3.942048 0.050135 0.430999  0.225311 -0.086239 -1.592715
34  1.539097 0.000007 -0.000005  0.035254 -0.050374 -0.994348
35  1.196300 0.000077 -0.000008  -0.021522 0.002174 -0.839739
36  3.883415 -0.050476 -0.431085  0.184827 -0.271742 -1.204033
37  1.719564 -0.000082 -0.000015  0.022857 -0.107188 -1.509106
38  1.209197 0.000036 0.000005  0.000661 0.071070 -0.480462
39  3.859589 -0.149085 -1.331321  -0.098208 -0.090177 -0.345038
40  1.719411 -0.000096 -0.000048  -0.015804 -0.000373 -1.430695
41  1.099673 0.000025 -0.000001  -0.041072 0.066616 -0.536933
42  0.805983 -0.359848 -1.318339  1.134762 0.249907 -0.841728
43  1.789780 -0.000007 -0.000030  0.000332 -0.014982 0.147148
44  1.206997 -0.000004 0.000014  0.000010 -0.117703 1.485327
45  5.740575 0.000118 0.000727  0.159031 -0.000013 0.000032
46  11.480996 0.000074 0.000930  0.045310 0.099897 0.122657
47  6.027517 -0.000278 -0.000232  -0.973476 -0.482038 -1.683140
48  -0.000002 11.691979 -0.000008  -1.169052 0.612523 0.891608
49  0.000002 -0.000002 0.000000  2.413972 -0.000036 1.570861
50  -0.000007 -0.000015 0.000004  2.272646 -0.000031 1.570865
51  -3.184083 -4.685155 -6.601060  -0.056027 -2.889262 1.381348
52  -0.000000 0.000000 0.000000  0.008153 -0.000259 0.000009
53  0.000000 0.000000 -0.000000  1.565115 0.043565 -0.106862
54  -0.212780 -10.314556 -6.991643  -0.213322 -0.437549 -1.798772
55  0.000000 -0.000000 -0.000001  0.000000 -0.000000 -0.000002
56  0.000031 0.000029 -0.000000  -1.571902 -0.044449 -0.106509
57  7.746025 -4.818353 -19.602560  1.570796 -0.000000 0.000000
58  -15.386185 4.000748 -22.642645  1.570796 -0.000000 0.000000
59  -1.437576 6.511418 -4.072549  1.570796 -0.000000 0.000000
60  -0.004311 0.001230 -0.000371  0.006898 -0.005534 -0.284228
61  0.858610 10.209643 -4.879772  1.570796 -0.000000 0.000000
62  0.000000 0.000000 0.000000  -0.078728 -3.136056 0.284225
63  0.031801 0.000000 -0.000718  1.570796 -0.000000 0.000000
64  -2.323335 -9.975027 -2.155348  1.571103 0.041360 0.006551
65  -0.000000 -1.379689 -0.604537  -0.000000 -0.000000 -0.000000
66  0.000001 -0.131223 7.571680  -0.000000 -0.000000 -0.000000
67  0.496507 -0.902652 1.140568  -0.000000 -0.000000 -0.000000
68  -0.138166 -0.291040 1.514191  -0.000000 -0.000000 -0.000000
69  0.000001 0.037258 2.309323  -0.000000 -0.000000 -0.000000
70  0.000002 0.222708 4.208475  -0.000000 -0.000000 -0.000000
71  -2.381047 -12.603758 -3.966042  1.571103 0.041360 0.006551
72  0.138167 1.347513 -1.114661  -0.000000 -0.000000 -0.000000
73  -0.138166 1.174628 -1.114662  -0.000000 -0.000000 -0.000000
end
